ISO-10303-21;
HEADER;
/* Generated by software containing ST-Developer
 * from STEP Tools, Inc. (www.steptools.com) 
 */

FILE_DESCRIPTION(
/* description */ (''),
/* implementation_level */ '2;1');

FILE_NAME(
/* name */ 'C:/Users/linhel/Desktop/tmp/VMCG-50-MPBK-K v27.step',
/* time_stamp */ '2019-01-15T09:03:57+01:00',
/* author */ ('matide'),
/* organization */ (''),
/* preprocessor_version */ 'ST-DEVELOPER v17.2',
/* originating_system */ 'Autodesk Translation Framework v7.6.0.251',
/* authorisation */ '');

FILE_SCHEMA (('AUTOMOTIVE_DESIGN { 1 0 10303 214 3 1 1 }'));
ENDSEC;

DATA;
#10=MECHANICAL_DESIGN_GEOMETRIC_PRESENTATION_REPRESENTATION('',(#19,#20,
#21),#3071);
#11=SHAPE_REPRESENTATION_RELATIONSHIP('SRR','None',#3078,#12);
#12=ADVANCED_BREP_SHAPE_REPRESENTATION('',(#22,#23,#24),#3070);
#13=CONICAL_SURFACE('',#1872,0.0339745962155621,1.0471975511966);
#14=CONICAL_SURFACE('',#1877,0.0339745962155621,1.0471975511966);
#15=CONICAL_SURFACE('',#1888,0.675,0.785398163397454);
#16=CONICAL_SURFACE('',#1893,0.424999999999998,0.785398163397454);
#17=CONICAL_SURFACE('',#1920,0.700000000000001,0.785398163397455);
#18=CONICAL_SURFACE('',#1930,3.746,0.785398163397447);
#19=STYLED_ITEM('',(#3088),#22);
#20=STYLED_ITEM('',(#3089),#23);
#21=STYLED_ITEM('',(#3090),#24);
#22=MANIFOLD_SOLID_BREP('Body1',#1749);
#23=MANIFOLD_SOLID_BREP('Body2',#1750);
#24=MANIFOLD_SOLID_BREP('Body3',#1751);
#25=(
BOUNDED_SURFACE()
B_SPLINE_SURFACE(3,2,((#2858,#2859,#2860),(#2861,#2862,#2863),(#2864,#2865,
#2866),(#2867,#2868,#2869),(#2870,#2871,#2872),(#2873,#2874,#2875)),
 .UNSPECIFIED.,.F.,.F.,.F.)
B_SPLINE_SURFACE_WITH_KNOTS((4,2,4),(3,3),(0.00269939998062625,0.00311606365180063,
0.00353272732297501),(-6.12508799793063E-9,1.),.UNSPECIFIED.)
GEOMETRIC_REPRESENTATION_ITEM()
RATIONAL_B_SPLINE_SURFACE(((1.00000000358799,0.707106779392551,1.),(1.00000000347677,
0.716186057510277,1.),(1.00000000341645,0.721110195143508,1.),(1.00000000341645,
0.721110311624584,1.),(1.00000000347677,0.716186431843292,1.),(1.00000000358799,
0.707106779392551,1.)))
REPRESENTATION_ITEM('')
SURFACE()
);
#26=(
BOUNDED_SURFACE()
B_SPLINE_SURFACE(3,2,((#2880,#2881,#2882),(#2883,#2884,#2885),(#2886,#2887,
#2888),(#2889,#2890,#2891),(#2892,#2893,#2894),(#2895,#2896,#2897)),
 .UNSPECIFIED.,.F.,.F.,.F.)
B_SPLINE_SURFACE_WITH_KNOTS((4,2,4),(3,3),(0.00269939998062625,0.00311606365180063,
0.00353272732297501),(0.,1.00000000612509),.UNSPECIFIED.)
GEOMETRIC_REPRESENTATION_ITEM()
RATIONAL_B_SPLINE_SURFACE(((1.,0.707106779392552,1.00000000358799),(1.,
0.716186057510277,1.00000000347677),(1.,0.721110195143509,1.00000000341645),
(1.,0.721110311624584,1.00000000341645),(1.,0.716186431843292,1.00000000347677),
(1.,0.707106779392552,1.00000000358799)))
REPRESENTATION_ITEM('')
SURFACE()
);
#27=FACE_BOUND('',#199,.T.);
#28=FACE_BOUND('',#203,.T.);
#29=FACE_BOUND('',#207,.T.);
#30=FACE_BOUND('',#237,.T.);
#31=FACE_BOUND('',#260,.T.);
#32=FACE_BOUND('',#261,.T.);
#33=FACE_BOUND('',#262,.T.);
#34=FACE_BOUND('',#283,.T.);
#35=FACE_BOUND('',#285,.T.);
#36=FACE_BOUND('',#287,.T.);
#37=PLANE('',#1780);
#38=PLANE('',#1781);
#39=PLANE('',#1783);
#40=PLANE('',#1784);
#41=PLANE('',#1786);
#42=PLANE('',#1787);
#43=PLANE('',#1788);
#44=PLANE('',#1790);
#45=PLANE('',#1793);
#46=PLANE('',#1798);
#47=PLANE('',#1801);
#48=PLANE('',#1802);
#49=PLANE('',#1807);
#50=PLANE('',#1808);
#51=PLANE('',#1811);
#52=PLANE('',#1812);
#53=PLANE('',#1813);
#54=PLANE('',#1815);
#55=PLANE('',#1818);
#56=PLANE('',#1819);
#57=PLANE('',#1820);
#58=PLANE('',#1825);
#59=PLANE('',#1828);
#60=PLANE('',#1829);
#61=PLANE('',#1830);
#62=PLANE('',#1833);
#63=PLANE('',#1838);
#64=PLANE('',#1839);
#65=PLANE('',#1844);
#66=PLANE('',#1845);
#67=PLANE('',#1846);
#68=PLANE('',#1848);
#69=PLANE('',#1850);
#70=PLANE('',#1852);
#71=PLANE('',#1854);
#72=PLANE('',#1855);
#73=PLANE('',#1856);
#74=PLANE('',#1857);
#75=PLANE('',#1858);
#76=PLANE('',#1859);
#77=PLANE('',#1899);
#78=PLANE('',#1906);
#79=PLANE('',#1909);
#80=PLANE('',#1912);
#81=PLANE('',#1915);
#82=PLANE('',#1916);
#83=PLANE('',#1917);
#84=PLANE('',#1918);
#85=PLANE('',#1919);
#86=PLANE('',#1946);
#87=PLANE('',#1947);
#88=PLANE('',#1948);
#89=PLANE('',#1949);
#90=PLANE('',#1950);
#91=B_SPLINE_CURVE_WITH_KNOTS('',3,(#2501,#2502,#2503,#2504,#2505,#2506,
#2507,#2508,#2509,#2510),.UNSPECIFIED.,.F.,.F.,(4,2,2,2,4),(-0.0838916168986943,
-0.0632202651821425,-0.0419458084295131,-0.0206715915368487,0.),
 .UNSPECIFIED.);
#92=B_SPLINE_CURVE_WITH_KNOTS('',3,(#2522,#2523,#2524,#2525,#2526,#2527,
#2528,#2529,#2530,#2531),.UNSPECIFIED.,.F.,.F.,(4,2,2,2,4),(-0.0838916168479203,
-0.0632200253234529,-0.0419458084437869,-0.0206713517041607,0.),
 .UNSPECIFIED.);
#93=B_SPLINE_CURVE_WITH_KNOTS('',3,(#2539,#2540,#2541,#2542,#2543,#2544,
#2545,#2546,#2547,#2548),.UNSPECIFIED.,.F.,.F.,(4,3,3,4),(0.,0.000415332397966731,
0.00078588131310209,0.00083066503831756),.UNSPECIFIED.);
#94=B_SPLINE_CURVE_WITH_KNOTS('',3,(#2701,#2702,#2703,#2704,#2705,#2706,
#2707,#2708,#2709,#2710),.UNSPECIFIED.,.F.,.F.,(4,3,3,4),(0.,4.47837072520454E-5,
0.000415327386087414,0.0008306633791394),.UNSPECIFIED.);
#95=FACE_OUTER_BOUND('',#187,.T.);
#96=FACE_OUTER_BOUND('',#188,.T.);
#97=FACE_OUTER_BOUND('',#189,.T.);
#98=FACE_OUTER_BOUND('',#190,.T.);
#99=FACE_OUTER_BOUND('',#191,.T.);
#100=FACE_OUTER_BOUND('',#192,.T.);
#101=FACE_OUTER_BOUND('',#193,.T.);
#102=FACE_OUTER_BOUND('',#194,.T.);
#103=FACE_OUTER_BOUND('',#195,.T.);
#104=FACE_OUTER_BOUND('',#196,.T.);
#105=FACE_OUTER_BOUND('',#197,.T.);
#106=FACE_OUTER_BOUND('',#198,.T.);
#107=FACE_OUTER_BOUND('',#200,.T.);
#108=FACE_OUTER_BOUND('',#201,.T.);
#109=FACE_OUTER_BOUND('',#202,.T.);
#110=FACE_OUTER_BOUND('',#204,.T.);
#111=FACE_OUTER_BOUND('',#205,.T.);
#112=FACE_OUTER_BOUND('',#206,.T.);
#113=FACE_OUTER_BOUND('',#208,.T.);
#114=FACE_OUTER_BOUND('',#209,.T.);
#115=FACE_OUTER_BOUND('',#210,.T.);
#116=FACE_OUTER_BOUND('',#211,.T.);
#117=FACE_OUTER_BOUND('',#212,.T.);
#118=FACE_OUTER_BOUND('',#213,.T.);
#119=FACE_OUTER_BOUND('',#214,.T.);
#120=FACE_OUTER_BOUND('',#215,.T.);
#121=FACE_OUTER_BOUND('',#216,.T.);
#122=FACE_OUTER_BOUND('',#217,.T.);
#123=FACE_OUTER_BOUND('',#218,.T.);
#124=FACE_OUTER_BOUND('',#219,.T.);
#125=FACE_OUTER_BOUND('',#220,.T.);
#126=FACE_OUTER_BOUND('',#221,.T.);
#127=FACE_OUTER_BOUND('',#222,.T.);
#128=FACE_OUTER_BOUND('',#223,.T.);
#129=FACE_OUTER_BOUND('',#224,.T.);
#130=FACE_OUTER_BOUND('',#225,.T.);
#131=FACE_OUTER_BOUND('',#226,.T.);
#132=FACE_OUTER_BOUND('',#227,.T.);
#133=FACE_OUTER_BOUND('',#228,.T.);
#134=FACE_OUTER_BOUND('',#229,.T.);
#135=FACE_OUTER_BOUND('',#230,.T.);
#136=FACE_OUTER_BOUND('',#231,.T.);
#137=FACE_OUTER_BOUND('',#232,.T.);
#138=FACE_OUTER_BOUND('',#233,.T.);
#139=FACE_OUTER_BOUND('',#234,.T.);
#140=FACE_OUTER_BOUND('',#235,.T.);
#141=FACE_OUTER_BOUND('',#236,.T.);
#142=FACE_OUTER_BOUND('',#238,.T.);
#143=FACE_OUTER_BOUND('',#239,.T.);
#144=FACE_OUTER_BOUND('',#240,.T.);
#145=FACE_OUTER_BOUND('',#241,.T.);
#146=FACE_OUTER_BOUND('',#242,.T.);
#147=FACE_OUTER_BOUND('',#243,.T.);
#148=FACE_OUTER_BOUND('',#244,.T.);
#149=FACE_OUTER_BOUND('',#245,.T.);
#150=FACE_OUTER_BOUND('',#246,.T.);
#151=FACE_OUTER_BOUND('',#247,.T.);
#152=FACE_OUTER_BOUND('',#248,.T.);
#153=FACE_OUTER_BOUND('',#249,.T.);
#154=FACE_OUTER_BOUND('',#250,.T.);
#155=FACE_OUTER_BOUND('',#251,.T.);
#156=FACE_OUTER_BOUND('',#252,.T.);
#157=FACE_OUTER_BOUND('',#253,.T.);
#158=FACE_OUTER_BOUND('',#254,.T.);
#159=FACE_OUTER_BOUND('',#255,.T.);
#160=FACE_OUTER_BOUND('',#256,.T.);
#161=FACE_OUTER_BOUND('',#257,.T.);
#162=FACE_OUTER_BOUND('',#258,.T.);
#163=FACE_OUTER_BOUND('',#259,.T.);
#164=FACE_OUTER_BOUND('',#263,.T.);
#165=FACE_OUTER_BOUND('',#264,.T.);
#166=FACE_OUTER_BOUND('',#265,.T.);
#167=FACE_OUTER_BOUND('',#266,.T.);
#168=FACE_OUTER_BOUND('',#267,.T.);
#169=FACE_OUTER_BOUND('',#268,.T.);
#170=FACE_OUTER_BOUND('',#269,.T.);
#171=FACE_OUTER_BOUND('',#270,.T.);
#172=FACE_OUTER_BOUND('',#271,.T.);
#173=FACE_OUTER_BOUND('',#272,.T.);
#174=FACE_OUTER_BOUND('',#273,.T.);
#175=FACE_OUTER_BOUND('',#274,.T.);
#176=FACE_OUTER_BOUND('',#275,.T.);
#177=FACE_OUTER_BOUND('',#276,.T.);
#178=FACE_OUTER_BOUND('',#277,.T.);
#179=FACE_OUTER_BOUND('',#278,.T.);
#180=FACE_OUTER_BOUND('',#279,.T.);
#181=FACE_OUTER_BOUND('',#280,.T.);
#182=FACE_OUTER_BOUND('',#281,.T.);
#183=FACE_OUTER_BOUND('',#282,.T.);
#184=FACE_OUTER_BOUND('',#284,.T.);
#185=FACE_OUTER_BOUND('',#286,.T.);
#186=FACE_OUTER_BOUND('',#288,.T.);
#187=EDGE_LOOP('',(#1119,#1120,#1121,#1122,#1123,#1124));
#188=EDGE_LOOP('',(#1125,#1126,#1127,#1128,#1129,#1130,#1131));
#189=EDGE_LOOP('',(#1132,#1133,#1134,#1135,#1136,#1137,#1138));
#190=EDGE_LOOP('',(#1139,#1140,#1141,#1142,#1143,#1144,#1145,#1146,#1147,
#1148));
#191=EDGE_LOOP('',(#1149,#1150,#1151,#1152,#1153));
#192=EDGE_LOOP('',(#1154,#1155,#1156,#1157));
#193=EDGE_LOOP('',(#1158,#1159,#1160,#1161,#1162));
#194=EDGE_LOOP('',(#1163,#1164,#1165,#1166));
#195=EDGE_LOOP('',(#1167,#1168,#1169,#1170));
#196=EDGE_LOOP('',(#1171,#1172,#1173,#1174,#1175,#1176,#1177,#1178,#1179));
#197=EDGE_LOOP('',(#1180,#1181,#1182,#1183,#1184,#1185,#1186,#1187,#1188,
#1189,#1190));
#198=EDGE_LOOP('',(#1191,#1192,#1193,#1194,#1195,#1196,#1197,#1198));
#199=EDGE_LOOP('',(#1199,#1200));
#200=EDGE_LOOP('',(#1201,#1202,#1203,#1204,#1205,#1206,#1207,#1208,#1209));
#201=EDGE_LOOP('',(#1210,#1211,#1212,#1213));
#202=EDGE_LOOP('',(#1214,#1215,#1216,#1217,#1218,#1219,#1220,#1221));
#203=EDGE_LOOP('',(#1222,#1223));
#204=EDGE_LOOP('',(#1224,#1225,#1226,#1227));
#205=EDGE_LOOP('',(#1228,#1229,#1230,#1231,#1232,#1233,#1234,#1235,#1236));
#206=EDGE_LOOP('',(#1237,#1238,#1239,#1240,#1241,#1242));
#207=EDGE_LOOP('',(#1243,#1244));
#208=EDGE_LOOP('',(#1245,#1246,#1247,#1248,#1249,#1250,#1251,#1252,#1253,
#1254,#1255,#1256));
#209=EDGE_LOOP('',(#1257,#1258,#1259,#1260,#1261,#1262,#1263,#1264,#1265));
#210=EDGE_LOOP('',(#1266,#1267,#1268,#1269,#1270,#1271,#1272,#1273,#1274,
#1275,#1276));
#211=EDGE_LOOP('',(#1277,#1278,#1279,#1280));
#212=EDGE_LOOP('',(#1281,#1282,#1283,#1284));
#213=EDGE_LOOP('',(#1285,#1286,#1287,#1288,#1289,#1290,#1291,#1292));
#214=EDGE_LOOP('',(#1293,#1294,#1295,#1296,#1297,#1298,#1299,#1300,#1301,
#1302,#1303,#1304));
#215=EDGE_LOOP('',(#1305,#1306,#1307,#1308));
#216=EDGE_LOOP('',(#1309,#1310,#1311,#1312));
#217=EDGE_LOOP('',(#1313,#1314,#1315,#1316,#1317,#1318,#1319,#1320,#1321,
#1322,#1323,#1324));
#218=EDGE_LOOP('',(#1325,#1326,#1327));
#219=EDGE_LOOP('',(#1328,#1329,#1330,#1331,#1332,#1333));
#220=EDGE_LOOP('',(#1334,#1335,#1336,#1337,#1338,#1339));
#221=EDGE_LOOP('',(#1340,#1341,#1342));
#222=EDGE_LOOP('',(#1343,#1344,#1345));
#223=EDGE_LOOP('',(#1346,#1347,#1348,#1349,#1350,#1351));
#224=EDGE_LOOP('',(#1352,#1353,#1354,#1355,#1356,#1357));
#225=EDGE_LOOP('',(#1358,#1359,#1360));
#226=EDGE_LOOP('',(#1361,#1362,#1363,#1364,#1365,#1366,#1367,#1368,#1369,
#1370));
#227=EDGE_LOOP('',(#1371,#1372,#1373,#1374,#1375,#1376,#1377,#1378));
#228=EDGE_LOOP('',(#1379,#1380,#1381,#1382));
#229=EDGE_LOOP('',(#1383,#1384,#1385,#1386));
#230=EDGE_LOOP('',(#1387,#1388,#1389,#1390));
#231=EDGE_LOOP('',(#1391,#1392,#1393,#1394));
#232=EDGE_LOOP('',(#1395,#1396,#1397,#1398));
#233=EDGE_LOOP('',(#1399,#1400,#1401,#1402));
#234=EDGE_LOOP('',(#1403,#1404,#1405,#1406));
#235=EDGE_LOOP('',(#1407,#1408,#1409,#1410));
#236=EDGE_LOOP('',(#1411,#1412,#1413,#1414));
#237=EDGE_LOOP('',(#1415,#1416));
#238=EDGE_LOOP('',(#1417,#1418,#1419,#1420));
#239=EDGE_LOOP('',(#1421,#1422,#1423,#1424));
#240=EDGE_LOOP('',(#1425,#1426,#1427,#1428));
#241=EDGE_LOOP('',(#1429,#1430,#1431,#1432));
#242=EDGE_LOOP('',(#1433,#1434,#1435,#1436));
#243=EDGE_LOOP('',(#1437,#1438,#1439,#1440));
#244=EDGE_LOOP('',(#1441,#1442,#1443,#1444));
#245=EDGE_LOOP('',(#1445,#1446,#1447,#1448));
#246=EDGE_LOOP('',(#1449,#1450,#1451,#1452));
#247=EDGE_LOOP('',(#1453,#1454,#1455,#1456));
#248=EDGE_LOOP('',(#1457,#1458,#1459,#1460));
#249=EDGE_LOOP('',(#1461,#1462,#1463,#1464));
#250=EDGE_LOOP('',(#1465,#1466,#1467,#1468));
#251=EDGE_LOOP('',(#1469,#1470,#1471,#1472));
#252=EDGE_LOOP('',(#1473,#1474,#1475,#1476,#1477,#1478));
#253=EDGE_LOOP('',(#1479,#1480,#1481,#1482,#1483,#1484));
#254=EDGE_LOOP('',(#1485,#1486,#1487,#1488,#1489,#1490));
#255=EDGE_LOOP('',(#1491,#1492,#1493,#1494,#1495,#1496));
#256=EDGE_LOOP('',(#1497,#1498,#1499,#1500,#1501,#1502));
#257=EDGE_LOOP('',(#1503,#1504,#1505,#1506,#1507,#1508));
#258=EDGE_LOOP('',(#1509,#1510,#1511,#1512,#1513,#1514));
#259=EDGE_LOOP('',(#1515,#1516,#1517,#1518,#1519,#1520,#1521,#1522));
#260=EDGE_LOOP('',(#1523,#1524));
#261=EDGE_LOOP('',(#1525,#1526));
#262=EDGE_LOOP('',(#1527,#1528));
#263=EDGE_LOOP('',(#1529,#1530,#1531,#1532));
#264=EDGE_LOOP('',(#1533,#1534,#1535,#1536));
#265=EDGE_LOOP('',(#1537,#1538,#1539,#1540));
#266=EDGE_LOOP('',(#1541,#1542,#1543,#1544));
#267=EDGE_LOOP('',(#1545,#1546,#1547,#1548));
#268=EDGE_LOOP('',(#1549,#1550,#1551,#1552));
#269=EDGE_LOOP('',(#1553,#1554,#1555,#1556));
#270=EDGE_LOOP('',(#1557,#1558,#1559,#1560));
#271=EDGE_LOOP('',(#1561,#1562,#1563,#1564,#1565,#1566,#1567,#1568));
#272=EDGE_LOOP('',(#1569,#1570));
#273=EDGE_LOOP('',(#1571,#1572));
#274=EDGE_LOOP('',(#1573,#1574));
#275=EDGE_LOOP('',(#1575,#1576,#1577,#1578,#1579,#1580));
#276=EDGE_LOOP('',(#1581,#1582,#1583,#1584,#1585,#1586));
#277=EDGE_LOOP('',(#1587,#1588,#1589,#1590,#1591,#1592));
#278=EDGE_LOOP('',(#1593,#1594,#1595,#1596,#1597,#1598));
#279=EDGE_LOOP('',(#1599,#1600,#1601,#1602,#1603,#1604));
#280=EDGE_LOOP('',(#1605,#1606,#1607,#1608,#1609,#1610));
#281=EDGE_LOOP('',(#1611,#1612));
#282=EDGE_LOOP('',(#1613,#1614));
#283=EDGE_LOOP('',(#1615,#1616));
#284=EDGE_LOOP('',(#1617,#1618));
#285=EDGE_LOOP('',(#1619,#1620));
#286=EDGE_LOOP('',(#1621,#1622));
#287=EDGE_LOOP('',(#1623,#1624));
#288=EDGE_LOOP('',(#1625,#1626));
#289=LINE('',#2485,#443);
#290=LINE('',#2495,#444);
#291=LINE('',#2516,#445);
#292=LINE('',#2535,#446);
#293=LINE('',#2537,#447);
#294=LINE('',#2550,#448);
#295=LINE('',#2552,#449);
#296=LINE('',#2554,#450);
#297=LINE('',#2556,#451);
#298=LINE('',#2558,#452);
#299=LINE('',#2560,#453);
#300=LINE('',#2561,#454);
#301=LINE('',#2565,#455);
#302=LINE('',#2567,#456);
#303=LINE('',#2569,#457);
#304=LINE('',#2571,#458);
#305=LINE('',#2575,#459);
#306=LINE('',#2577,#460);
#307=LINE('',#2578,#461);
#308=LINE('',#2582,#462);
#309=LINE('',#2583,#463);
#310=LINE('',#2585,#464);
#311=LINE('',#2590,#465);
#312=LINE('',#2592,#466);
#313=LINE('',#2594,#467);
#314=LINE('',#2595,#468);
#315=LINE('',#2599,#469);
#316=LINE('',#2601,#470);
#317=LINE('',#2603,#471);
#318=LINE('',#2604,#472);
#319=LINE('',#2608,#473);
#320=LINE('',#2610,#474);
#321=LINE('',#2612,#475);
#322=LINE('',#2614,#476);
#323=LINE('',#2616,#477);
#324=LINE('',#2617,#478);
#325=LINE('',#2621,#479);
#326=LINE('',#2623,#480);
#327=LINE('',#2625,#481);
#328=LINE('',#2629,#482);
#329=LINE('',#2631,#483);
#330=LINE('',#2633,#484);
#331=LINE('',#2637,#485);
#332=LINE('',#2639,#486);
#333=LINE('',#2640,#487);
#334=LINE('',#2644,#488);
#335=LINE('',#2649,#489);
#336=LINE('',#2653,#490);
#337=LINE('',#2659,#491);
#338=LINE('',#2663,#492);
#339=LINE('',#2664,#493);
#340=LINE('',#2665,#494);
#341=LINE('',#2668,#495);
#342=LINE('',#2670,#496);
#343=LINE('',#2671,#497);
#344=LINE('',#2677,#498);
#345=LINE('',#2681,#499);
#346=LINE('',#2686,#500);
#347=LINE('',#2687,#501);
#348=LINE('',#2688,#502);
#349=LINE('',#2694,#503);
#350=LINE('',#2695,#504);
#351=LINE('',#2696,#505);
#352=LINE('',#2699,#506);
#353=LINE('',#2712,#507);
#354=LINE('',#2714,#508);
#355=LINE('',#2715,#509);
#356=LINE('',#2719,#510);
#357=LINE('',#2720,#511);
#358=LINE('',#2722,#512);
#359=LINE('',#2724,#513);
#360=LINE('',#2725,#514);
#361=LINE('',#2727,#515);
#362=LINE('',#2728,#516);
#363=LINE('',#2730,#517);
#364=LINE('',#2732,#518);
#365=LINE('',#2734,#519);
#366=LINE('',#2736,#520);
#367=LINE('',#2737,#521);
#368=LINE('',#2740,#522);
#369=LINE('',#2742,#523);
#370=LINE('',#2743,#524);
#371=LINE('',#2746,#525);
#372=LINE('',#2751,#526);
#373=LINE('',#2752,#527);
#374=LINE('',#2753,#528);
#375=LINE('',#2756,#529);
#376=LINE('',#2758,#530);
#377=LINE('',#2759,#531);
#378=LINE('',#2764,#532);
#379=LINE('',#2769,#533);
#380=LINE('',#2776,#534);
#381=LINE('',#2778,#535);
#382=LINE('',#2780,#536);
#383=LINE('',#2781,#537);
#384=LINE('',#2783,#538);
#385=LINE('',#2785,#539);
#386=LINE('',#2788,#540);
#387=LINE('',#2789,#541);
#388=LINE('',#2791,#542);
#389=LINE('',#2792,#543);
#390=LINE('',#2794,#544);
#391=LINE('',#2795,#545);
#392=LINE('',#2798,#546);
#393=LINE('',#2800,#547);
#394=LINE('',#2803,#548);
#395=LINE('',#2805,#549);
#396=LINE('',#2807,#550);
#397=LINE('',#2808,#551);
#398=LINE('',#2822,#552);
#399=LINE('',#2824,#553);
#400=LINE('',#2826,#554);
#401=LINE('',#2827,#555);
#402=LINE('',#2829,#556);
#403=LINE('',#2830,#557);
#404=LINE('',#2831,#558);
#405=LINE('',#2833,#559);
#406=LINE('',#2836,#560);
#407=LINE('',#2839,#561);
#408=LINE('',#2842,#562);
#409=LINE('',#2847,#563);
#410=LINE('',#2848,#564);
#411=LINE('',#2851,#565);
#412=LINE('',#2852,#566);
#413=LINE('',#2854,#567);
#414=LINE('',#2910,#568);
#415=LINE('',#2920,#569);
#416=LINE('',#2926,#570);
#417=LINE('',#2932,#571);
#418=LINE('',#2942,#572);
#419=LINE('',#2952,#573);
#420=LINE('',#2957,#574);
#421=LINE('',#2963,#575);
#422=LINE('',#2967,#576);
#423=LINE('',#2971,#577);
#424=LINE('',#2974,#578);
#425=LINE('',#2977,#579);
#426=LINE('',#2980,#580);
#427=LINE('',#2983,#581);
#428=LINE('',#2984,#582);
#429=LINE('',#2987,#583);
#430=LINE('',#2991,#584);
#431=LINE('',#2992,#585);
#432=LINE('',#2995,#586);
#433=LINE('',#2999,#587);
#434=LINE('',#3000,#588);
#435=LINE('',#3003,#589);
#436=LINE('',#3006,#590);
#437=LINE('',#3017,#591);
#438=LINE('',#3026,#592);
#439=LINE('',#3033,#593);
#440=LINE('',#3042,#594);
#441=LINE('',#3052,#595);
#442=LINE('',#3059,#596);
#443=VECTOR('',#1957,0.750000000000001);
#444=VECTOR('',#1968,1.75);
#445=VECTOR('',#1979,1.75);
#446=VECTOR('',#1988,1000.);
#447=VECTOR('',#1989,1000.);
#448=VECTOR('',#1990,1000.);
#449=VECTOR('',#1991,1000.);
#450=VECTOR('',#1992,1000.);
#451=VECTOR('',#1993,1000.);
#452=VECTOR('',#1994,1000.);
#453=VECTOR('',#1995,1000.);
#454=VECTOR('',#1996,1000.);
#455=VECTOR('',#1999,1000.);
#456=VECTOR('',#2000,1000.);
#457=VECTOR('',#2001,1000.);
#458=VECTOR('',#2002,1000.);
#459=VECTOR('',#2007,1000.);
#460=VECTOR('',#2008,1000.);
#461=VECTOR('',#2009,1000.);
#462=VECTOR('',#2012,1000.);
#463=VECTOR('',#2013,1000.);
#464=VECTOR('',#2014,1000.);
#465=VECTOR('',#2019,1000.);
#466=VECTOR('',#2020,1000.);
#467=VECTOR('',#2021,1000.);
#468=VECTOR('',#2022,1000.);
#469=VECTOR('',#2025,1000.);
#470=VECTOR('',#2026,1000.);
#471=VECTOR('',#2027,1000.);
#472=VECTOR('',#2028,1000.);
#473=VECTOR('',#2031,1000.);
#474=VECTOR('',#2032,1000.);
#475=VECTOR('',#2033,1000.);
#476=VECTOR('',#2036,1000.);
#477=VECTOR('',#2037,1000.);
#478=VECTOR('',#2038,1000.);
#479=VECTOR('',#2041,1000.);
#480=VECTOR('',#2042,1000.);
#481=VECTOR('',#2043,1000.);
#482=VECTOR('',#2046,1000.);
#483=VECTOR('',#2047,1000.);
#484=VECTOR('',#2048,1000.);
#485=VECTOR('',#2051,1000.);
#486=VECTOR('',#2052,1000.);
#487=VECTOR('',#2053,1000.);
#488=VECTOR('',#2056,1000.);
#489=VECTOR('',#2061,1000.);
#490=VECTOR('',#2064,1000.);
#491=VECTOR('',#2071,1000.);
#492=VECTOR('',#2074,1000.);
#493=VECTOR('',#2075,1000.);
#494=VECTOR('',#2076,1000.);
#495=VECTOR('',#2079,1000.);
#496=VECTOR('',#2080,1000.);
#497=VECTOR('',#2081,1000.);
#498=VECTOR('',#2088,1000.);
#499=VECTOR('',#2091,1000.);
#500=VECTOR('',#2096,1000.);
#501=VECTOR('',#2097,1000.);
#502=VECTOR('',#2098,1000.);
#503=VECTOR('',#2105,1000.);
#504=VECTOR('',#2106,1000.);
#505=VECTOR('',#2107,1000.);
#506=VECTOR('',#2110,1000.);
#507=VECTOR('',#2111,1000.);
#508=VECTOR('',#2112,1000.);
#509=VECTOR('',#2113,1000.);
#510=VECTOR('',#2116,1000.);
#511=VECTOR('',#2117,1000.);
#512=VECTOR('',#2118,1000.);
#513=VECTOR('',#2119,1000.);
#514=VECTOR('',#2120,1000.);
#515=VECTOR('',#2121,1000.);
#516=VECTOR('',#2122,1000.);
#517=VECTOR('',#2125,1000.);
#518=VECTOR('',#2126,1000.);
#519=VECTOR('',#2127,1000.);
#520=VECTOR('',#2128,1000.);
#521=VECTOR('',#2129,1000.);
#522=VECTOR('',#2134,1000.);
#523=VECTOR('',#2135,1000.);
#524=VECTOR('',#2136,1000.);
#525=VECTOR('',#2139,1000.);
#526=VECTOR('',#2144,1000.);
#527=VECTOR('',#2145,1000.);
#528=VECTOR('',#2146,1000.);
#529=VECTOR('',#2149,1000.);
#530=VECTOR('',#2150,1000.);
#531=VECTOR('',#2151,1000.);
#532=VECTOR('',#2156,1000.);
#533=VECTOR('',#2161,1000.);
#534=VECTOR('',#2168,1000.);
#535=VECTOR('',#2169,1000.);
#536=VECTOR('',#2170,1000.);
#537=VECTOR('',#2171,1000.);
#538=VECTOR('',#2172,1000.);
#539=VECTOR('',#2173,1000.);
#540=VECTOR('',#2176,1000.);
#541=VECTOR('',#2177,1000.);
#542=VECTOR('',#2180,1000.);
#543=VECTOR('',#2181,1000.);
#544=VECTOR('',#2184,1000.);
#545=VECTOR('',#2185,1000.);
#546=VECTOR('',#2188,1000.);
#547=VECTOR('',#2189,1000.);
#548=VECTOR('',#2192,1000.);
#549=VECTOR('',#2193,1000.);
#550=VECTOR('',#2196,1000.);
#551=VECTOR('',#2197,1000.);
#552=VECTOR('',#2224,1000.);
#553=VECTOR('',#2225,1000.);
#554=VECTOR('',#2226,1000.);
#555=VECTOR('',#2227,1000.);
#556=VECTOR('',#2230,1000.);
#557=VECTOR('',#2231,1000.);
#558=VECTOR('',#2232,1000.);
#559=VECTOR('',#2235,1000.);
#560=VECTOR('',#2240,1000.);
#561=VECTOR('',#2245,1000.);
#562=VECTOR('',#2250,1000.);
#563=VECTOR('',#2257,1000.);
#564=VECTOR('',#2258,1000.);
#565=VECTOR('',#2261,1000.);
#566=VECTOR('',#2262,1000.);
#567=VECTOR('',#2265,1000.);
#568=VECTOR('',#2298,0.0339745962155621);
#569=VECTOR('',#2309,0.0339745962155621);
#570=VECTOR('',#2316,0.9);
#571=VECTOR('',#2323,0.9);
#572=VECTOR('',#2334,0.675);
#573=VECTOR('',#2345,0.424999999999998);
#574=VECTOR('',#2352,0.675);
#575=VECTOR('',#2357,1000.);
#576=VECTOR('',#2360,1000.);
#577=VECTOR('',#2363,1000.);
#578=VECTOR('',#2366,1000.);
#579=VECTOR('',#2369,1000.);
#580=VECTOR('',#2372,1000.);
#581=VECTOR('',#2375,1000.);
#582=VECTOR('',#2376,1000.);
#583=VECTOR('',#2379,1000.);
#584=VECTOR('',#2384,1000.);
#585=VECTOR('',#2385,1000.);
#586=VECTOR('',#2388,1000.);
#587=VECTOR('',#2393,1000.);
#588=VECTOR('',#2394,1000.);
#589=VECTOR('',#2397,1000.);
#590=VECTOR('',#2402,1000.);
#591=VECTOR('',#2417,0.700000000000001);
#592=VECTOR('',#2426,4.);
#593=VECTOR('',#2435,3.746);
#594=VECTOR('',#2444,0.7);
#595=VECTOR('',#2455,0.381);
#596=VECTOR('',#2464,0.700000000000001);
#597=CIRCLE('',#1766,0.750000000000001);
#598=CIRCLE('',#1767,0.750000000000001);
#599=CIRCLE('',#1768,0.750000000000001);
#600=CIRCLE('',#1769,0.750000000000001);
#601=CIRCLE('',#1771,1.75);
#602=CIRCLE('',#1772,1.75);
#603=CIRCLE('',#1773,1.75);
#604=CIRCLE('',#1774,1.75);
#605=CIRCLE('',#1776,1.75);
#606=CIRCLE('',#1777,1.75);
#607=CIRCLE('',#1778,1.75);
#608=CIRCLE('',#1779,1.75);
#609=CIRCLE('',#1782,1.49999999999999);
#610=CIRCLE('',#1785,1.49999999999999);
#611=CIRCLE('',#1789,1.25);
#612=CIRCLE('',#1791,1.25);
#613=CIRCLE('',#1792,1.5);
#614=CIRCLE('',#1794,1.75);
#615=CIRCLE('',#1795,3.00010504201681);
#616=CIRCLE('',#1796,3.00010504201681);
#617=CIRCLE('',#1797,1.75);
#618=CIRCLE('',#1799,1.75);
#619=CIRCLE('',#1800,1.75);
#620=CIRCLE('',#1803,1.75);
#621=CIRCLE('',#1804,3.00010504201681);
#622=CIRCLE('',#1805,3.00010504201681);
#623=CIRCLE('',#1806,1.75);
#624=CIRCLE('',#1809,1.75);
#625=CIRCLE('',#1810,1.75);
#626=CIRCLE('',#1814,1.25);
#627=CIRCLE('',#1816,1.5);
#628=CIRCLE('',#1817,1.25);
#629=CIRCLE('',#1821,3.00010504201681);
#630=CIRCLE('',#1822,3.00010504201681);
#631=CIRCLE('',#1823,3.00010504201681);
#632=CIRCLE('',#1824,3.00010504201681);
#633=CIRCLE('',#1826,1.49999999999999);
#634=CIRCLE('',#1827,1.5);
#635=CIRCLE('',#1831,1.49999999999999);
#636=CIRCLE('',#1832,1.5);
#637=CIRCLE('',#1834,3.00010504201681);
#638=CIRCLE('',#1837,3.00010504201681);
#639=CIRCLE('',#1840,3.00010504201681);
#640=CIRCLE('',#1843,3.00010504201681);
#641=CIRCLE('',#1861,1.25);
#642=CIRCLE('',#1862,1.25);
#643=CIRCLE('',#1865,1.25);
#644=CIRCLE('',#1866,1.25);
#645=CIRCLE('',#1873,0.9);
#646=CIRCLE('',#1874,0.9);
#647=CIRCLE('',#1875,0.0339745962155621);
#648=CIRCLE('',#1876,0.0339745962155621);
#649=CIRCLE('',#1878,0.9);
#650=CIRCLE('',#1879,0.9);
#651=CIRCLE('',#1880,0.0339745962155621);
#652=CIRCLE('',#1881,0.0339745962155621);
#653=CIRCLE('',#1883,0.9);
#654=CIRCLE('',#1884,0.9);
#655=CIRCLE('',#1886,0.9);
#656=CIRCLE('',#1887,0.9);
#657=CIRCLE('',#1889,0.675);
#658=CIRCLE('',#1890,0.675);
#659=CIRCLE('',#1891,0.774999999999999);
#660=CIRCLE('',#1892,0.774999999999999);
#661=CIRCLE('',#1894,0.424999999999998);
#662=CIRCLE('',#1895,0.424999999999998);
#663=CIRCLE('',#1896,0.675);
#664=CIRCLE('',#1897,0.675);
#665=CIRCLE('',#1900,1.);
#666=CIRCLE('',#1901,1.);
#667=CIRCLE('',#1902,1.);
#668=CIRCLE('',#1903,1.);
#669=CIRCLE('',#1905,1.);
#670=CIRCLE('',#1908,1.);
#671=CIRCLE('',#1911,1.);
#672=CIRCLE('',#1914,1.);
#673=CIRCLE('',#1921,0.700000000000001);
#674=CIRCLE('',#1922,0.700000000000001);
#675=CIRCLE('',#1923,0.449999999999999);
#676=CIRCLE('',#1924,0.449999999999999);
#677=CIRCLE('',#1926,4.);
#678=CIRCLE('',#1927,4.);
#679=CIRCLE('',#1928,4.);
#680=CIRCLE('',#1929,4.);
#681=CIRCLE('',#1931,3.746);
#682=CIRCLE('',#1932,3.746);
#683=CIRCLE('',#1934,0.700000000000001);
#684=CIRCLE('',#1935,0.7);
#685=CIRCLE('',#1936,0.7);
#686=CIRCLE('',#1937,0.700000000000001);
#687=CIRCLE('',#1939,0.381);
#688=CIRCLE('',#1940,0.381);
#689=CIRCLE('',#1941,0.381);
#690=CIRCLE('',#1942,0.381);
#691=CIRCLE('',#1944,0.700000000000001);
#692=CIRCLE('',#1945,0.700000000000001);
#693=VERTEX_POINT('',#2481);
#694=VERTEX_POINT('',#2482);
#695=VERTEX_POINT('',#2484);
#696=VERTEX_POINT('',#2486);
#697=VERTEX_POINT('',#2491);
#698=VERTEX_POINT('',#2492);
#699=VERTEX_POINT('',#2494);
#700=VERTEX_POINT('',#2496);
#701=VERTEX_POINT('',#2499);
#702=VERTEX_POINT('',#2512);
#703=VERTEX_POINT('',#2513);
#704=VERTEX_POINT('',#2515);
#705=VERTEX_POINT('',#2517);
#706=VERTEX_POINT('',#2520);
#707=VERTEX_POINT('',#2533);
#708=VERTEX_POINT('',#2534);
#709=VERTEX_POINT('',#2536);
#710=VERTEX_POINT('',#2538);
#711=VERTEX_POINT('',#2549);
#712=VERTEX_POINT('',#2551);
#713=VERTEX_POINT('',#2553);
#714=VERTEX_POINT('',#2555);
#715=VERTEX_POINT('',#2557);
#716=VERTEX_POINT('',#2559);
#717=VERTEX_POINT('',#2563);
#718=VERTEX_POINT('',#2564);
#719=VERTEX_POINT('',#2566);
#720=VERTEX_POINT('',#2568);
#721=VERTEX_POINT('',#2570);
#722=VERTEX_POINT('',#2574);
#723=VERTEX_POINT('',#2576);
#724=VERTEX_POINT('',#2580);
#725=VERTEX_POINT('',#2581);
#726=VERTEX_POINT('',#2584);
#727=VERTEX_POINT('',#2588);
#728=VERTEX_POINT('',#2589);
#729=VERTEX_POINT('',#2591);
#730=VERTEX_POINT('',#2593);
#731=VERTEX_POINT('',#2597);
#732=VERTEX_POINT('',#2598);
#733=VERTEX_POINT('',#2600);
#734=VERTEX_POINT('',#2602);
#735=VERTEX_POINT('',#2606);
#736=VERTEX_POINT('',#2607);
#737=VERTEX_POINT('',#2609);
#738=VERTEX_POINT('',#2611);
#739=VERTEX_POINT('',#2615);
#740=VERTEX_POINT('',#2619);
#741=VERTEX_POINT('',#2620);
#742=VERTEX_POINT('',#2622);
#743=VERTEX_POINT('',#2624);
#744=VERTEX_POINT('',#2626);
#745=VERTEX_POINT('',#2628);
#746=VERTEX_POINT('',#2630);
#747=VERTEX_POINT('',#2632);
#748=VERTEX_POINT('',#2634);
#749=VERTEX_POINT('',#2636);
#750=VERTEX_POINT('',#2638);
#751=VERTEX_POINT('',#2642);
#752=VERTEX_POINT('',#2643);
#753=VERTEX_POINT('',#2646);
#754=VERTEX_POINT('',#2648);
#755=VERTEX_POINT('',#2650);
#756=VERTEX_POINT('',#2652);
#757=VERTEX_POINT('',#2656);
#758=VERTEX_POINT('',#2658);
#759=VERTEX_POINT('',#2660);
#760=VERTEX_POINT('',#2662);
#761=VERTEX_POINT('',#2667);
#762=VERTEX_POINT('',#2669);
#763=VERTEX_POINT('',#2674);
#764=VERTEX_POINT('',#2676);
#765=VERTEX_POINT('',#2678);
#766=VERTEX_POINT('',#2680);
#767=VERTEX_POINT('',#2684);
#768=VERTEX_POINT('',#2685);
#769=VERTEX_POINT('',#2691);
#770=VERTEX_POINT('',#2693);
#771=VERTEX_POINT('',#2698);
#772=VERTEX_POINT('',#2700);
#773=VERTEX_POINT('',#2711);
#774=VERTEX_POINT('',#2713);
#775=VERTEX_POINT('',#2717);
#776=VERTEX_POINT('',#2718);
#777=VERTEX_POINT('',#2721);
#778=VERTEX_POINT('',#2723);
#779=VERTEX_POINT('',#2726);
#780=VERTEX_POINT('',#2731);
#781=VERTEX_POINT('',#2733);
#782=VERTEX_POINT('',#2735);
#783=VERTEX_POINT('',#2741);
#784=VERTEX_POINT('',#2744);
#785=VERTEX_POINT('',#2749);
#786=VERTEX_POINT('',#2750);
#787=VERTEX_POINT('',#2755);
#788=VERTEX_POINT('',#2757);
#789=VERTEX_POINT('',#2761);
#790=VERTEX_POINT('',#2763);
#791=VERTEX_POINT('',#2766);
#792=VERTEX_POINT('',#2768);
#793=VERTEX_POINT('',#2772);
#794=VERTEX_POINT('',#2773);
#795=VERTEX_POINT('',#2775);
#796=VERTEX_POINT('',#2777);
#797=VERTEX_POINT('',#2779);
#798=VERTEX_POINT('',#2782);
#799=VERTEX_POINT('',#2784);
#800=VERTEX_POINT('',#2786);
#801=VERTEX_POINT('',#2797);
#802=VERTEX_POINT('',#2799);
#803=VERTEX_POINT('',#2801);
#804=VERTEX_POINT('',#2804);
#805=VERTEX_POINT('',#2823);
#806=VERTEX_POINT('',#2825);
#807=VERTEX_POINT('',#2846);
#808=VERTEX_POINT('',#2850);
#809=VERTEX_POINT('',#2905);
#810=VERTEX_POINT('',#2906);
#811=VERTEX_POINT('',#2909);
#812=VERTEX_POINT('',#2911);
#813=VERTEX_POINT('',#2915);
#814=VERTEX_POINT('',#2916);
#815=VERTEX_POINT('',#2919);
#816=VERTEX_POINT('',#2921);
#817=VERTEX_POINT('',#2925);
#818=VERTEX_POINT('',#2927);
#819=VERTEX_POINT('',#2931);
#820=VERTEX_POINT('',#2933);
#821=VERTEX_POINT('',#2937);
#822=VERTEX_POINT('',#2938);
#823=VERTEX_POINT('',#2941);
#824=VERTEX_POINT('',#2943);
#825=VERTEX_POINT('',#2947);
#826=VERTEX_POINT('',#2948);
#827=VERTEX_POINT('',#2951);
#828=VERTEX_POINT('',#2953);
#829=VERTEX_POINT('',#2959);
#830=VERTEX_POINT('',#2960);
#831=VERTEX_POINT('',#2962);
#832=VERTEX_POINT('',#2964);
#833=VERTEX_POINT('',#2966);
#834=VERTEX_POINT('',#2968);
#835=VERTEX_POINT('',#2970);
#836=VERTEX_POINT('',#2972);
#837=VERTEX_POINT('',#2976);
#838=VERTEX_POINT('',#2978);
#839=VERTEX_POINT('',#2982);
#840=VERTEX_POINT('',#2986);
#841=VERTEX_POINT('',#2990);
#842=VERTEX_POINT('',#2994);
#843=VERTEX_POINT('',#2998);
#844=VERTEX_POINT('',#3002);
#845=VERTEX_POINT('',#3012);
#846=VERTEX_POINT('',#3013);
#847=VERTEX_POINT('',#3016);
#848=VERTEX_POINT('',#3018);
#849=VERTEX_POINT('',#3022);
#850=VERTEX_POINT('',#3023);
#851=VERTEX_POINT('',#3025);
#852=VERTEX_POINT('',#3027);
#853=VERTEX_POINT('',#3032);
#854=VERTEX_POINT('',#3034);
#855=VERTEX_POINT('',#3038);
#856=VERTEX_POINT('',#3039);
#857=VERTEX_POINT('',#3041);
#858=VERTEX_POINT('',#3043);
#859=VERTEX_POINT('',#3048);
#860=VERTEX_POINT('',#3049);
#861=VERTEX_POINT('',#3051);
#862=VERTEX_POINT('',#3053);
#863=VERTEX_POINT('',#3058);
#864=VERTEX_POINT('',#3060);
#865=EDGE_CURVE('',#693,#694,#597,.T.);
#866=EDGE_CURVE('',#694,#695,#289,.T.);
#867=EDGE_CURVE('',#696,#695,#598,.T.);
#868=EDGE_CURVE('',#695,#696,#599,.T.);
#869=EDGE_CURVE('',#694,#693,#600,.T.);
#870=EDGE_CURVE('',#697,#698,#601,.T.);
#871=EDGE_CURVE('',#698,#699,#290,.T.);
#872=EDGE_CURVE('',#700,#699,#602,.T.);
#873=EDGE_CURVE('',#699,#700,#603,.T.);
#874=EDGE_CURVE('',#698,#701,#604,.T.);
#875=EDGE_CURVE('',#701,#697,#91,.T.);
#876=EDGE_CURVE('',#702,#703,#605,.T.);
#877=EDGE_CURVE('',#703,#704,#291,.T.);
#878=EDGE_CURVE('',#705,#704,#606,.T.);
#879=EDGE_CURVE('',#704,#705,#607,.T.);
#880=EDGE_CURVE('',#703,#706,#608,.T.);
#881=EDGE_CURVE('',#706,#702,#92,.T.);
#882=EDGE_CURVE('',#707,#708,#292,.T.);
#883=EDGE_CURVE('',#708,#709,#293,.T.);
#884=EDGE_CURVE('',#709,#710,#93,.T.);
#885=EDGE_CURVE('',#710,#711,#294,.T.);
#886=EDGE_CURVE('',#712,#711,#295,.T.);
#887=EDGE_CURVE('',#712,#713,#296,.T.);
#888=EDGE_CURVE('',#714,#713,#297,.T.);
#889=EDGE_CURVE('',#715,#714,#298,.T.);
#890=EDGE_CURVE('',#716,#715,#299,.T.);
#891=EDGE_CURVE('',#716,#707,#300,.T.);
#892=EDGE_CURVE('',#717,#718,#301,.T.);
#893=EDGE_CURVE('',#719,#718,#302,.T.);
#894=EDGE_CURVE('',#720,#719,#303,.T.);
#895=EDGE_CURVE('',#720,#721,#304,.T.);
#896=EDGE_CURVE('',#721,#717,#609,.T.);
#897=EDGE_CURVE('',#718,#722,#305,.T.);
#898=EDGE_CURVE('',#723,#722,#306,.T.);
#899=EDGE_CURVE('',#723,#719,#307,.T.);
#900=EDGE_CURVE('',#724,#725,#308,.T.);
#901=EDGE_CURVE('',#724,#723,#309,.T.);
#902=EDGE_CURVE('',#726,#722,#310,.T.);
#903=EDGE_CURVE('',#725,#726,#610,.T.);
#904=EDGE_CURVE('',#727,#728,#311,.T.);
#905=EDGE_CURVE('',#727,#729,#312,.T.);
#906=EDGE_CURVE('',#729,#730,#313,.T.);
#907=EDGE_CURVE('',#728,#730,#314,.T.);
#908=EDGE_CURVE('',#731,#732,#315,.T.);
#909=EDGE_CURVE('',#733,#731,#316,.T.);
#910=EDGE_CURVE('',#733,#734,#317,.T.);
#911=EDGE_CURVE('',#732,#734,#318,.T.);
#912=EDGE_CURVE('',#735,#736,#319,.T.);
#913=EDGE_CURVE('',#735,#737,#320,.T.);
#914=EDGE_CURVE('',#738,#737,#321,.T.);
#915=EDGE_CURVE('',#738,#708,#611,.T.);
#916=EDGE_CURVE('',#727,#707,#322,.T.);
#917=EDGE_CURVE('',#739,#728,#323,.T.);
#918=EDGE_CURVE('',#739,#736,#324,.T.);
#919=EDGE_CURVE('',#740,#741,#325,.T.);
#920=EDGE_CURVE('',#741,#742,#326,.T.);
#921=EDGE_CURVE('',#742,#743,#327,.T.);
#922=EDGE_CURVE('',#743,#744,#612,.T.);
#923=EDGE_CURVE('',#744,#745,#328,.T.);
#924=EDGE_CURVE('',#745,#746,#329,.T.);
#925=EDGE_CURVE('',#747,#746,#330,.T.);
#926=EDGE_CURVE('',#748,#747,#613,.T.);
#927=EDGE_CURVE('',#749,#748,#331,.T.);
#928=EDGE_CURVE('',#750,#749,#332,.T.);
#929=EDGE_CURVE('',#750,#740,#333,.T.);
#930=EDGE_CURVE('',#751,#752,#334,.T.);
#931=EDGE_CURVE('',#751,#741,#614,.T.);
#932=EDGE_CURVE('',#753,#740,#615,.T.);
#933=EDGE_CURVE('',#753,#754,#335,.T.);
#934=EDGE_CURVE('',#755,#754,#616,.T.);
#935=EDGE_CURVE('',#755,#756,#336,.T.);
#936=EDGE_CURVE('',#756,#752,#617,.T.);
#937=EDGE_CURVE('',#737,#757,#618,.T.);
#938=EDGE_CURVE('',#758,#757,#337,.T.);
#939=EDGE_CURVE('',#758,#759,#619,.T.);
#940=EDGE_CURVE('',#760,#759,#338,.T.);
#941=EDGE_CURVE('',#760,#701,#339,.T.);
#942=EDGE_CURVE('',#697,#738,#340,.T.);
#943=EDGE_CURVE('',#757,#761,#341,.T.);
#944=EDGE_CURVE('',#762,#761,#342,.T.);
#945=EDGE_CURVE('',#762,#758,#343,.T.);
#946=EDGE_CURVE('',#761,#735,#620,.T.);
#947=EDGE_CURVE('',#763,#736,#621,.T.);
#948=EDGE_CURVE('',#763,#764,#344,.T.);
#949=EDGE_CURVE('',#765,#764,#622,.T.);
#950=EDGE_CURVE('',#766,#765,#345,.T.);
#951=EDGE_CURVE('',#766,#762,#623,.T.);
#952=EDGE_CURVE('',#767,#768,#346,.T.);
#953=EDGE_CURVE('',#767,#751,#347,.T.);
#954=EDGE_CURVE('',#752,#768,#348,.T.);
#955=EDGE_CURVE('',#742,#767,#624,.T.);
#956=EDGE_CURVE('',#768,#769,#625,.T.);
#957=EDGE_CURVE('',#769,#770,#349,.T.);
#958=EDGE_CURVE('',#770,#706,#350,.T.);
#959=EDGE_CURVE('',#702,#743,#351,.T.);
#960=EDGE_CURVE('',#744,#771,#352,.T.);
#961=EDGE_CURVE('',#771,#772,#94,.T.);
#962=EDGE_CURVE('',#772,#773,#353,.T.);
#963=EDGE_CURVE('',#773,#774,#354,.T.);
#964=EDGE_CURVE('',#745,#774,#355,.T.);
#965=EDGE_CURVE('',#775,#776,#356,.T.);
#966=EDGE_CURVE('',#776,#720,#357,.T.);
#967=EDGE_CURVE('',#777,#724,#358,.T.);
#968=EDGE_CURVE('',#777,#778,#359,.T.);
#969=EDGE_CURVE('',#778,#746,#360,.T.);
#970=EDGE_CURVE('',#774,#779,#361,.T.);
#971=EDGE_CURVE('',#775,#779,#362,.T.);
#972=EDGE_CURVE('',#759,#766,#363,.T.);
#973=EDGE_CURVE('',#780,#765,#364,.T.);
#974=EDGE_CURVE('',#781,#780,#365,.T.);
#975=EDGE_CURVE('',#782,#781,#366,.T.);
#976=EDGE_CURVE('',#712,#782,#367,.T.);
#977=EDGE_CURVE('',#711,#760,#626,.T.);
#978=EDGE_CURVE('',#769,#756,#368,.T.);
#979=EDGE_CURVE('',#783,#755,#369,.T.);
#980=EDGE_CURVE('',#732,#783,#370,.T.);
#981=EDGE_CURVE('',#734,#784,#627,.T.);
#982=EDGE_CURVE('',#779,#784,#371,.T.);
#983=EDGE_CURVE('',#773,#770,#628,.T.);
#984=EDGE_CURVE('',#785,#786,#372,.T.);
#985=EDGE_CURVE('',#785,#754,#373,.T.);
#986=EDGE_CURVE('',#753,#786,#374,.T.);
#987=EDGE_CURVE('',#763,#787,#375,.T.);
#988=EDGE_CURVE('',#787,#788,#376,.T.);
#989=EDGE_CURVE('',#788,#764,#377,.T.);
#990=EDGE_CURVE('',#787,#789,#629,.T.);
#991=EDGE_CURVE('',#789,#790,#378,.T.);
#992=EDGE_CURVE('',#790,#785,#630,.T.);
#993=EDGE_CURVE('',#786,#791,#631,.T.);
#994=EDGE_CURVE('',#791,#792,#379,.T.);
#995=EDGE_CURVE('',#792,#788,#632,.T.);
#996=EDGE_CURVE('',#793,#794,#633,.T.);
#997=EDGE_CURVE('',#795,#794,#380,.T.);
#998=EDGE_CURVE('',#795,#796,#381,.T.);
#999=EDGE_CURVE('',#796,#797,#382,.T.);
#1000=EDGE_CURVE('',#797,#792,#383,.T.);
#1001=EDGE_CURVE('',#798,#791,#384,.T.);
#1002=EDGE_CURVE('',#799,#798,#385,.T.);
#1003=EDGE_CURVE('',#799,#800,#634,.T.);
#1004=EDGE_CURVE('',#800,#778,#386,.T.);
#1005=EDGE_CURVE('',#777,#793,#387,.T.);
#1006=EDGE_CURVE('',#799,#748,#388,.T.);
#1007=EDGE_CURVE('',#798,#749,#389,.T.);
#1008=EDGE_CURVE('',#796,#782,#390,.T.);
#1009=EDGE_CURVE('',#781,#797,#391,.T.);
#1010=EDGE_CURVE('',#729,#801,#392,.T.);
#1011=EDGE_CURVE('',#801,#802,#393,.T.);
#1012=EDGE_CURVE('',#803,#802,#635,.T.);
#1013=EDGE_CURVE('',#776,#803,#394,.T.);
#1014=EDGE_CURVE('',#775,#804,#395,.T.);
#1015=EDGE_CURVE('',#733,#804,#636,.T.);
#1016=EDGE_CURVE('',#731,#790,#396,.T.);
#1017=EDGE_CURVE('',#730,#789,#397,.T.);
#1018=EDGE_CURVE('',#780,#797,#637,.T.);
#1019=EDGE_CURVE('',#798,#750,#638,.T.);
#1020=EDGE_CURVE('',#783,#731,#639,.T.);
#1021=EDGE_CURVE('',#730,#739,#640,.T.);
#1022=EDGE_CURVE('',#796,#729,#398,.T.);
#1023=EDGE_CURVE('',#805,#716,#399,.T.);
#1024=EDGE_CURVE('',#806,#805,#400,.T.);
#1025=EDGE_CURVE('',#806,#713,#401,.T.);
#1026=EDGE_CURVE('',#802,#717,#402,.T.);
#1027=EDGE_CURVE('',#801,#795,#403,.T.);
#1028=EDGE_CURVE('',#794,#726,#404,.T.);
#1029=EDGE_CURVE('',#793,#725,#405,.T.);
#1030=EDGE_CURVE('',#800,#747,#406,.T.);
#1031=EDGE_CURVE('',#804,#784,#407,.T.);
#1032=EDGE_CURVE('',#803,#721,#408,.T.);
#1033=EDGE_CURVE('',#807,#806,#409,.T.);
#1034=EDGE_CURVE('',#807,#714,#410,.T.);
#1035=EDGE_CURVE('',#808,#715,#411,.T.);
#1036=EDGE_CURVE('',#805,#808,#412,.T.);
#1037=EDGE_CURVE('',#808,#807,#413,.T.);
#1038=EDGE_CURVE('',#709,#697,#641,.T.);
#1039=EDGE_CURVE('',#710,#701,#642,.T.);
#1040=EDGE_CURVE('',#706,#772,#643,.T.);
#1041=EDGE_CURVE('',#702,#771,#644,.T.);
#1042=EDGE_CURVE('',#809,#810,#645,.T.);
#1043=EDGE_CURVE('',#810,#809,#646,.T.);
#1044=EDGE_CURVE('',#810,#811,#414,.T.);
#1045=EDGE_CURVE('',#812,#811,#647,.T.);
#1046=EDGE_CURVE('',#811,#812,#648,.T.);
#1047=EDGE_CURVE('',#813,#814,#649,.T.);
#1048=EDGE_CURVE('',#814,#813,#650,.T.);
#1049=EDGE_CURVE('',#814,#815,#415,.T.);
#1050=EDGE_CURVE('',#816,#815,#651,.T.);
#1051=EDGE_CURVE('',#815,#816,#652,.T.);
#1052=EDGE_CURVE('',#814,#817,#416,.T.);
#1053=EDGE_CURVE('',#817,#818,#653,.T.);
#1054=EDGE_CURVE('',#818,#817,#654,.T.);
#1055=EDGE_CURVE('',#810,#819,#417,.T.);
#1056=EDGE_CURVE('',#819,#820,#655,.T.);
#1057=EDGE_CURVE('',#820,#819,#656,.T.);
#1058=EDGE_CURVE('',#821,#822,#657,.T.);
#1059=EDGE_CURVE('',#822,#821,#658,.T.);
#1060=EDGE_CURVE('',#822,#823,#418,.T.);
#1061=EDGE_CURVE('',#824,#823,#659,.T.);
#1062=EDGE_CURVE('',#823,#824,#660,.T.);
#1063=EDGE_CURVE('',#825,#826,#661,.T.);
#1064=EDGE_CURVE('',#826,#825,#662,.T.);
#1065=EDGE_CURVE('',#826,#827,#419,.T.);
#1066=EDGE_CURVE('',#828,#827,#663,.T.);
#1067=EDGE_CURVE('',#827,#828,#664,.T.);
#1068=EDGE_CURVE('',#822,#827,#420,.T.);
#1069=EDGE_CURVE('',#829,#830,#665,.T.);
#1070=EDGE_CURVE('',#830,#831,#421,.T.);
#1071=EDGE_CURVE('',#831,#832,#666,.T.);
#1072=EDGE_CURVE('',#832,#833,#422,.T.);
#1073=EDGE_CURVE('',#833,#834,#667,.T.);
#1074=EDGE_CURVE('',#834,#835,#423,.T.);
#1075=EDGE_CURVE('',#835,#836,#668,.T.);
#1076=EDGE_CURVE('',#836,#829,#424,.T.);
#1077=EDGE_CURVE('',#837,#829,#425,.T.);
#1078=EDGE_CURVE('',#837,#838,#669,.T.);
#1079=EDGE_CURVE('',#838,#830,#426,.T.);
#1080=EDGE_CURVE('',#839,#836,#427,.T.);
#1081=EDGE_CURVE('',#839,#837,#428,.T.);
#1082=EDGE_CURVE('',#840,#835,#429,.T.);
#1083=EDGE_CURVE('',#840,#839,#670,.T.);
#1084=EDGE_CURVE('',#841,#834,#430,.T.);
#1085=EDGE_CURVE('',#841,#840,#431,.T.);
#1086=EDGE_CURVE('',#842,#833,#432,.T.);
#1087=EDGE_CURVE('',#842,#841,#671,.T.);
#1088=EDGE_CURVE('',#843,#832,#433,.T.);
#1089=EDGE_CURVE('',#843,#842,#434,.T.);
#1090=EDGE_CURVE('',#844,#831,#435,.T.);
#1091=EDGE_CURVE('',#844,#843,#672,.T.);
#1092=EDGE_CURVE('',#838,#844,#436,.T.);
#1093=EDGE_CURVE('',#845,#846,#673,.T.);
#1094=EDGE_CURVE('',#846,#845,#674,.T.);
#1095=EDGE_CURVE('',#846,#847,#437,.T.);
#1096=EDGE_CURVE('',#848,#847,#675,.T.);
#1097=EDGE_CURVE('',#847,#848,#676,.T.);
#1098=EDGE_CURVE('',#849,#850,#677,.T.);
#1099=EDGE_CURVE('',#850,#851,#438,.T.);
#1100=EDGE_CURVE('',#852,#851,#678,.T.);
#1101=EDGE_CURVE('',#851,#852,#679,.T.);
#1102=EDGE_CURVE('',#850,#849,#680,.T.);
#1103=EDGE_CURVE('',#850,#853,#439,.T.);
#1104=EDGE_CURVE('',#853,#854,#681,.T.);
#1105=EDGE_CURVE('',#854,#853,#682,.T.);
#1106=EDGE_CURVE('',#855,#856,#683,.T.);
#1107=EDGE_CURVE('',#856,#857,#440,.T.);
#1108=EDGE_CURVE('',#858,#857,#684,.T.);
#1109=EDGE_CURVE('',#857,#858,#685,.T.);
#1110=EDGE_CURVE('',#856,#855,#686,.T.);
#1111=EDGE_CURVE('',#859,#860,#687,.T.);
#1112=EDGE_CURVE('',#860,#861,#441,.T.);
#1113=EDGE_CURVE('',#862,#861,#688,.T.);
#1114=EDGE_CURVE('',#861,#862,#689,.T.);
#1115=EDGE_CURVE('',#860,#859,#690,.T.);
#1116=EDGE_CURVE('',#846,#863,#442,.T.);
#1117=EDGE_CURVE('',#864,#863,#691,.T.);
#1118=EDGE_CURVE('',#863,#864,#692,.T.);
#1119=ORIENTED_EDGE('',*,*,#865,.T.);
#1120=ORIENTED_EDGE('',*,*,#866,.T.);
#1121=ORIENTED_EDGE('',*,*,#867,.F.);
#1122=ORIENTED_EDGE('',*,*,#868,.F.);
#1123=ORIENTED_EDGE('',*,*,#866,.F.);
#1124=ORIENTED_EDGE('',*,*,#869,.T.);
#1125=ORIENTED_EDGE('',*,*,#870,.T.);
#1126=ORIENTED_EDGE('',*,*,#871,.T.);
#1127=ORIENTED_EDGE('',*,*,#872,.F.);
#1128=ORIENTED_EDGE('',*,*,#873,.F.);
#1129=ORIENTED_EDGE('',*,*,#871,.F.);
#1130=ORIENTED_EDGE('',*,*,#874,.T.);
#1131=ORIENTED_EDGE('',*,*,#875,.T.);
#1132=ORIENTED_EDGE('',*,*,#876,.T.);
#1133=ORIENTED_EDGE('',*,*,#877,.T.);
#1134=ORIENTED_EDGE('',*,*,#878,.F.);
#1135=ORIENTED_EDGE('',*,*,#879,.F.);
#1136=ORIENTED_EDGE('',*,*,#877,.F.);
#1137=ORIENTED_EDGE('',*,*,#880,.T.);
#1138=ORIENTED_EDGE('',*,*,#881,.T.);
#1139=ORIENTED_EDGE('',*,*,#882,.T.);
#1140=ORIENTED_EDGE('',*,*,#883,.T.);
#1141=ORIENTED_EDGE('',*,*,#884,.T.);
#1142=ORIENTED_EDGE('',*,*,#885,.T.);
#1143=ORIENTED_EDGE('',*,*,#886,.F.);
#1144=ORIENTED_EDGE('',*,*,#887,.T.);
#1145=ORIENTED_EDGE('',*,*,#888,.F.);
#1146=ORIENTED_EDGE('',*,*,#889,.F.);
#1147=ORIENTED_EDGE('',*,*,#890,.F.);
#1148=ORIENTED_EDGE('',*,*,#891,.T.);
#1149=ORIENTED_EDGE('',*,*,#892,.T.);
#1150=ORIENTED_EDGE('',*,*,#893,.F.);
#1151=ORIENTED_EDGE('',*,*,#894,.F.);
#1152=ORIENTED_EDGE('',*,*,#895,.T.);
#1153=ORIENTED_EDGE('',*,*,#896,.T.);
#1154=ORIENTED_EDGE('',*,*,#893,.T.);
#1155=ORIENTED_EDGE('',*,*,#897,.T.);
#1156=ORIENTED_EDGE('',*,*,#898,.F.);
#1157=ORIENTED_EDGE('',*,*,#899,.T.);
#1158=ORIENTED_EDGE('',*,*,#900,.F.);
#1159=ORIENTED_EDGE('',*,*,#901,.T.);
#1160=ORIENTED_EDGE('',*,*,#898,.T.);
#1161=ORIENTED_EDGE('',*,*,#902,.F.);
#1162=ORIENTED_EDGE('',*,*,#903,.F.);
#1163=ORIENTED_EDGE('',*,*,#904,.F.);
#1164=ORIENTED_EDGE('',*,*,#905,.T.);
#1165=ORIENTED_EDGE('',*,*,#906,.T.);
#1166=ORIENTED_EDGE('',*,*,#907,.F.);
#1167=ORIENTED_EDGE('',*,*,#908,.F.);
#1168=ORIENTED_EDGE('',*,*,#909,.F.);
#1169=ORIENTED_EDGE('',*,*,#910,.T.);
#1170=ORIENTED_EDGE('',*,*,#911,.F.);
#1171=ORIENTED_EDGE('',*,*,#912,.F.);
#1172=ORIENTED_EDGE('',*,*,#913,.T.);
#1173=ORIENTED_EDGE('',*,*,#914,.F.);
#1174=ORIENTED_EDGE('',*,*,#915,.T.);
#1175=ORIENTED_EDGE('',*,*,#882,.F.);
#1176=ORIENTED_EDGE('',*,*,#916,.F.);
#1177=ORIENTED_EDGE('',*,*,#904,.T.);
#1178=ORIENTED_EDGE('',*,*,#917,.F.);
#1179=ORIENTED_EDGE('',*,*,#918,.T.);
#1180=ORIENTED_EDGE('',*,*,#919,.T.);
#1181=ORIENTED_EDGE('',*,*,#920,.T.);
#1182=ORIENTED_EDGE('',*,*,#921,.T.);
#1183=ORIENTED_EDGE('',*,*,#922,.T.);
#1184=ORIENTED_EDGE('',*,*,#923,.T.);
#1185=ORIENTED_EDGE('',*,*,#924,.T.);
#1186=ORIENTED_EDGE('',*,*,#925,.F.);
#1187=ORIENTED_EDGE('',*,*,#926,.F.);
#1188=ORIENTED_EDGE('',*,*,#927,.F.);
#1189=ORIENTED_EDGE('',*,*,#928,.F.);
#1190=ORIENTED_EDGE('',*,*,#929,.T.);
#1191=ORIENTED_EDGE('',*,*,#930,.F.);
#1192=ORIENTED_EDGE('',*,*,#931,.T.);
#1193=ORIENTED_EDGE('',*,*,#919,.F.);
#1194=ORIENTED_EDGE('',*,*,#932,.F.);
#1195=ORIENTED_EDGE('',*,*,#933,.T.);
#1196=ORIENTED_EDGE('',*,*,#934,.F.);
#1197=ORIENTED_EDGE('',*,*,#935,.T.);
#1198=ORIENTED_EDGE('',*,*,#936,.T.);
#1199=ORIENTED_EDGE('',*,*,#878,.T.);
#1200=ORIENTED_EDGE('',*,*,#879,.T.);
#1201=ORIENTED_EDGE('',*,*,#914,.T.);
#1202=ORIENTED_EDGE('',*,*,#937,.T.);
#1203=ORIENTED_EDGE('',*,*,#938,.F.);
#1204=ORIENTED_EDGE('',*,*,#939,.T.);
#1205=ORIENTED_EDGE('',*,*,#940,.F.);
#1206=ORIENTED_EDGE('',*,*,#941,.T.);
#1207=ORIENTED_EDGE('',*,*,#874,.F.);
#1208=ORIENTED_EDGE('',*,*,#870,.F.);
#1209=ORIENTED_EDGE('',*,*,#942,.T.);
#1210=ORIENTED_EDGE('',*,*,#938,.T.);
#1211=ORIENTED_EDGE('',*,*,#943,.T.);
#1212=ORIENTED_EDGE('',*,*,#944,.F.);
#1213=ORIENTED_EDGE('',*,*,#945,.T.);
#1214=ORIENTED_EDGE('',*,*,#944,.T.);
#1215=ORIENTED_EDGE('',*,*,#946,.T.);
#1216=ORIENTED_EDGE('',*,*,#912,.T.);
#1217=ORIENTED_EDGE('',*,*,#947,.F.);
#1218=ORIENTED_EDGE('',*,*,#948,.T.);
#1219=ORIENTED_EDGE('',*,*,#949,.F.);
#1220=ORIENTED_EDGE('',*,*,#950,.F.);
#1221=ORIENTED_EDGE('',*,*,#951,.T.);
#1222=ORIENTED_EDGE('',*,*,#872,.T.);
#1223=ORIENTED_EDGE('',*,*,#873,.T.);
#1224=ORIENTED_EDGE('',*,*,#952,.F.);
#1225=ORIENTED_EDGE('',*,*,#953,.T.);
#1226=ORIENTED_EDGE('',*,*,#930,.T.);
#1227=ORIENTED_EDGE('',*,*,#954,.T.);
#1228=ORIENTED_EDGE('',*,*,#921,.F.);
#1229=ORIENTED_EDGE('',*,*,#955,.T.);
#1230=ORIENTED_EDGE('',*,*,#952,.T.);
#1231=ORIENTED_EDGE('',*,*,#956,.T.);
#1232=ORIENTED_EDGE('',*,*,#957,.T.);
#1233=ORIENTED_EDGE('',*,*,#958,.T.);
#1234=ORIENTED_EDGE('',*,*,#880,.F.);
#1235=ORIENTED_EDGE('',*,*,#876,.F.);
#1236=ORIENTED_EDGE('',*,*,#959,.T.);
#1237=ORIENTED_EDGE('',*,*,#923,.F.);
#1238=ORIENTED_EDGE('',*,*,#960,.T.);
#1239=ORIENTED_EDGE('',*,*,#961,.T.);
#1240=ORIENTED_EDGE('',*,*,#962,.T.);
#1241=ORIENTED_EDGE('',*,*,#963,.T.);
#1242=ORIENTED_EDGE('',*,*,#964,.F.);
#1243=ORIENTED_EDGE('',*,*,#867,.T.);
#1244=ORIENTED_EDGE('',*,*,#868,.T.);
#1245=ORIENTED_EDGE('',*,*,#965,.T.);
#1246=ORIENTED_EDGE('',*,*,#966,.T.);
#1247=ORIENTED_EDGE('',*,*,#894,.T.);
#1248=ORIENTED_EDGE('',*,*,#899,.F.);
#1249=ORIENTED_EDGE('',*,*,#901,.F.);
#1250=ORIENTED_EDGE('',*,*,#967,.F.);
#1251=ORIENTED_EDGE('',*,*,#968,.T.);
#1252=ORIENTED_EDGE('',*,*,#969,.T.);
#1253=ORIENTED_EDGE('',*,*,#924,.F.);
#1254=ORIENTED_EDGE('',*,*,#964,.T.);
#1255=ORIENTED_EDGE('',*,*,#970,.T.);
#1256=ORIENTED_EDGE('',*,*,#971,.F.);
#1257=ORIENTED_EDGE('',*,*,#940,.T.);
#1258=ORIENTED_EDGE('',*,*,#972,.T.);
#1259=ORIENTED_EDGE('',*,*,#950,.T.);
#1260=ORIENTED_EDGE('',*,*,#973,.F.);
#1261=ORIENTED_EDGE('',*,*,#974,.F.);
#1262=ORIENTED_EDGE('',*,*,#975,.F.);
#1263=ORIENTED_EDGE('',*,*,#976,.F.);
#1264=ORIENTED_EDGE('',*,*,#886,.T.);
#1265=ORIENTED_EDGE('',*,*,#977,.T.);
#1266=ORIENTED_EDGE('',*,*,#957,.F.);
#1267=ORIENTED_EDGE('',*,*,#978,.T.);
#1268=ORIENTED_EDGE('',*,*,#935,.F.);
#1269=ORIENTED_EDGE('',*,*,#979,.F.);
#1270=ORIENTED_EDGE('',*,*,#980,.F.);
#1271=ORIENTED_EDGE('',*,*,#911,.T.);
#1272=ORIENTED_EDGE('',*,*,#981,.T.);
#1273=ORIENTED_EDGE('',*,*,#982,.F.);
#1274=ORIENTED_EDGE('',*,*,#970,.F.);
#1275=ORIENTED_EDGE('',*,*,#963,.F.);
#1276=ORIENTED_EDGE('',*,*,#983,.T.);
#1277=ORIENTED_EDGE('',*,*,#984,.F.);
#1278=ORIENTED_EDGE('',*,*,#985,.T.);
#1279=ORIENTED_EDGE('',*,*,#933,.F.);
#1280=ORIENTED_EDGE('',*,*,#986,.T.);
#1281=ORIENTED_EDGE('',*,*,#948,.F.);
#1282=ORIENTED_EDGE('',*,*,#987,.T.);
#1283=ORIENTED_EDGE('',*,*,#988,.T.);
#1284=ORIENTED_EDGE('',*,*,#989,.T.);
#1285=ORIENTED_EDGE('',*,*,#988,.F.);
#1286=ORIENTED_EDGE('',*,*,#990,.T.);
#1287=ORIENTED_EDGE('',*,*,#991,.T.);
#1288=ORIENTED_EDGE('',*,*,#992,.T.);
#1289=ORIENTED_EDGE('',*,*,#984,.T.);
#1290=ORIENTED_EDGE('',*,*,#993,.T.);
#1291=ORIENTED_EDGE('',*,*,#994,.T.);
#1292=ORIENTED_EDGE('',*,*,#995,.T.);
#1293=ORIENTED_EDGE('',*,*,#996,.T.);
#1294=ORIENTED_EDGE('',*,*,#997,.F.);
#1295=ORIENTED_EDGE('',*,*,#998,.T.);
#1296=ORIENTED_EDGE('',*,*,#999,.T.);
#1297=ORIENTED_EDGE('',*,*,#1000,.T.);
#1298=ORIENTED_EDGE('',*,*,#994,.F.);
#1299=ORIENTED_EDGE('',*,*,#1001,.F.);
#1300=ORIENTED_EDGE('',*,*,#1002,.F.);
#1301=ORIENTED_EDGE('',*,*,#1003,.T.);
#1302=ORIENTED_EDGE('',*,*,#1004,.T.);
#1303=ORIENTED_EDGE('',*,*,#968,.F.);
#1304=ORIENTED_EDGE('',*,*,#1005,.T.);
#1305=ORIENTED_EDGE('',*,*,#927,.T.);
#1306=ORIENTED_EDGE('',*,*,#1006,.F.);
#1307=ORIENTED_EDGE('',*,*,#1002,.T.);
#1308=ORIENTED_EDGE('',*,*,#1007,.T.);
#1309=ORIENTED_EDGE('',*,*,#999,.F.);
#1310=ORIENTED_EDGE('',*,*,#1008,.T.);
#1311=ORIENTED_EDGE('',*,*,#975,.T.);
#1312=ORIENTED_EDGE('',*,*,#1009,.T.);
#1313=ORIENTED_EDGE('',*,*,#1010,.T.);
#1314=ORIENTED_EDGE('',*,*,#1011,.T.);
#1315=ORIENTED_EDGE('',*,*,#1012,.F.);
#1316=ORIENTED_EDGE('',*,*,#1013,.F.);
#1317=ORIENTED_EDGE('',*,*,#965,.F.);
#1318=ORIENTED_EDGE('',*,*,#1014,.T.);
#1319=ORIENTED_EDGE('',*,*,#1015,.F.);
#1320=ORIENTED_EDGE('',*,*,#909,.T.);
#1321=ORIENTED_EDGE('',*,*,#1016,.T.);
#1322=ORIENTED_EDGE('',*,*,#991,.F.);
#1323=ORIENTED_EDGE('',*,*,#1017,.F.);
#1324=ORIENTED_EDGE('',*,*,#906,.F.);
#1325=ORIENTED_EDGE('',*,*,#974,.T.);
#1326=ORIENTED_EDGE('',*,*,#1018,.T.);
#1327=ORIENTED_EDGE('',*,*,#1009,.F.);
#1328=ORIENTED_EDGE('',*,*,#995,.F.);
#1329=ORIENTED_EDGE('',*,*,#1000,.F.);
#1330=ORIENTED_EDGE('',*,*,#1018,.F.);
#1331=ORIENTED_EDGE('',*,*,#973,.T.);
#1332=ORIENTED_EDGE('',*,*,#949,.T.);
#1333=ORIENTED_EDGE('',*,*,#989,.F.);
#1334=ORIENTED_EDGE('',*,*,#932,.T.);
#1335=ORIENTED_EDGE('',*,*,#929,.F.);
#1336=ORIENTED_EDGE('',*,*,#1019,.F.);
#1337=ORIENTED_EDGE('',*,*,#1001,.T.);
#1338=ORIENTED_EDGE('',*,*,#993,.F.);
#1339=ORIENTED_EDGE('',*,*,#986,.F.);
#1340=ORIENTED_EDGE('',*,*,#928,.T.);
#1341=ORIENTED_EDGE('',*,*,#1007,.F.);
#1342=ORIENTED_EDGE('',*,*,#1019,.T.);
#1343=ORIENTED_EDGE('',*,*,#980,.T.);
#1344=ORIENTED_EDGE('',*,*,#1020,.T.);
#1345=ORIENTED_EDGE('',*,*,#908,.T.);
#1346=ORIENTED_EDGE('',*,*,#992,.F.);
#1347=ORIENTED_EDGE('',*,*,#1016,.F.);
#1348=ORIENTED_EDGE('',*,*,#1020,.F.);
#1349=ORIENTED_EDGE('',*,*,#979,.T.);
#1350=ORIENTED_EDGE('',*,*,#934,.T.);
#1351=ORIENTED_EDGE('',*,*,#985,.F.);
#1352=ORIENTED_EDGE('',*,*,#947,.T.);
#1353=ORIENTED_EDGE('',*,*,#918,.F.);
#1354=ORIENTED_EDGE('',*,*,#1021,.F.);
#1355=ORIENTED_EDGE('',*,*,#1017,.T.);
#1356=ORIENTED_EDGE('',*,*,#990,.F.);
#1357=ORIENTED_EDGE('',*,*,#987,.F.);
#1358=ORIENTED_EDGE('',*,*,#917,.T.);
#1359=ORIENTED_EDGE('',*,*,#907,.T.);
#1360=ORIENTED_EDGE('',*,*,#1021,.T.);
#1361=ORIENTED_EDGE('',*,*,#976,.T.);
#1362=ORIENTED_EDGE('',*,*,#1008,.F.);
#1363=ORIENTED_EDGE('',*,*,#1022,.T.);
#1364=ORIENTED_EDGE('',*,*,#905,.F.);
#1365=ORIENTED_EDGE('',*,*,#916,.T.);
#1366=ORIENTED_EDGE('',*,*,#891,.F.);
#1367=ORIENTED_EDGE('',*,*,#1023,.F.);
#1368=ORIENTED_EDGE('',*,*,#1024,.F.);
#1369=ORIENTED_EDGE('',*,*,#1025,.T.);
#1370=ORIENTED_EDGE('',*,*,#887,.F.);
#1371=ORIENTED_EDGE('',*,*,#897,.F.);
#1372=ORIENTED_EDGE('',*,*,#892,.F.);
#1373=ORIENTED_EDGE('',*,*,#1026,.F.);
#1374=ORIENTED_EDGE('',*,*,#1011,.F.);
#1375=ORIENTED_EDGE('',*,*,#1027,.T.);
#1376=ORIENTED_EDGE('',*,*,#997,.T.);
#1377=ORIENTED_EDGE('',*,*,#1028,.T.);
#1378=ORIENTED_EDGE('',*,*,#902,.T.);
#1379=ORIENTED_EDGE('',*,*,#1029,.T.);
#1380=ORIENTED_EDGE('',*,*,#903,.T.);
#1381=ORIENTED_EDGE('',*,*,#1028,.F.);
#1382=ORIENTED_EDGE('',*,*,#996,.F.);
#1383=ORIENTED_EDGE('',*,*,#967,.T.);
#1384=ORIENTED_EDGE('',*,*,#900,.T.);
#1385=ORIENTED_EDGE('',*,*,#1029,.F.);
#1386=ORIENTED_EDGE('',*,*,#1005,.F.);
#1387=ORIENTED_EDGE('',*,*,#1006,.T.);
#1388=ORIENTED_EDGE('',*,*,#926,.T.);
#1389=ORIENTED_EDGE('',*,*,#1030,.F.);
#1390=ORIENTED_EDGE('',*,*,#1003,.F.);
#1391=ORIENTED_EDGE('',*,*,#1030,.T.);
#1392=ORIENTED_EDGE('',*,*,#925,.T.);
#1393=ORIENTED_EDGE('',*,*,#969,.F.);
#1394=ORIENTED_EDGE('',*,*,#1004,.F.);
#1395=ORIENTED_EDGE('',*,*,#1015,.T.);
#1396=ORIENTED_EDGE('',*,*,#1031,.T.);
#1397=ORIENTED_EDGE('',*,*,#981,.F.);
#1398=ORIENTED_EDGE('',*,*,#910,.F.);
#1399=ORIENTED_EDGE('',*,*,#971,.T.);
#1400=ORIENTED_EDGE('',*,*,#982,.T.);
#1401=ORIENTED_EDGE('',*,*,#1031,.F.);
#1402=ORIENTED_EDGE('',*,*,#1014,.F.);
#1403=ORIENTED_EDGE('',*,*,#1012,.T.);
#1404=ORIENTED_EDGE('',*,*,#1026,.T.);
#1405=ORIENTED_EDGE('',*,*,#896,.F.);
#1406=ORIENTED_EDGE('',*,*,#1032,.F.);
#1407=ORIENTED_EDGE('',*,*,#1013,.T.);
#1408=ORIENTED_EDGE('',*,*,#1032,.T.);
#1409=ORIENTED_EDGE('',*,*,#895,.F.);
#1410=ORIENTED_EDGE('',*,*,#966,.F.);
#1411=ORIENTED_EDGE('',*,*,#1022,.F.);
#1412=ORIENTED_EDGE('',*,*,#998,.F.);
#1413=ORIENTED_EDGE('',*,*,#1027,.F.);
#1414=ORIENTED_EDGE('',*,*,#1010,.F.);
#1415=ORIENTED_EDGE('',*,*,#865,.F.);
#1416=ORIENTED_EDGE('',*,*,#869,.F.);
#1417=ORIENTED_EDGE('',*,*,#888,.T.);
#1418=ORIENTED_EDGE('',*,*,#1025,.F.);
#1419=ORIENTED_EDGE('',*,*,#1033,.F.);
#1420=ORIENTED_EDGE('',*,*,#1034,.T.);
#1421=ORIENTED_EDGE('',*,*,#890,.T.);
#1422=ORIENTED_EDGE('',*,*,#1035,.F.);
#1423=ORIENTED_EDGE('',*,*,#1036,.F.);
#1424=ORIENTED_EDGE('',*,*,#1023,.T.);
#1425=ORIENTED_EDGE('',*,*,#889,.T.);
#1426=ORIENTED_EDGE('',*,*,#1034,.F.);
#1427=ORIENTED_EDGE('',*,*,#1037,.F.);
#1428=ORIENTED_EDGE('',*,*,#1035,.T.);
#1429=ORIENTED_EDGE('',*,*,#1033,.T.);
#1430=ORIENTED_EDGE('',*,*,#1024,.T.);
#1431=ORIENTED_EDGE('',*,*,#1036,.T.);
#1432=ORIENTED_EDGE('',*,*,#1037,.T.);
#1433=ORIENTED_EDGE('',*,*,#915,.F.);
#1434=ORIENTED_EDGE('',*,*,#942,.F.);
#1435=ORIENTED_EDGE('',*,*,#1038,.F.);
#1436=ORIENTED_EDGE('',*,*,#883,.F.);
#1437=ORIENTED_EDGE('',*,*,#1038,.T.);
#1438=ORIENTED_EDGE('',*,*,#875,.F.);
#1439=ORIENTED_EDGE('',*,*,#1039,.F.);
#1440=ORIENTED_EDGE('',*,*,#884,.F.);
#1441=ORIENTED_EDGE('',*,*,#977,.F.);
#1442=ORIENTED_EDGE('',*,*,#885,.F.);
#1443=ORIENTED_EDGE('',*,*,#1039,.T.);
#1444=ORIENTED_EDGE('',*,*,#941,.F.);
#1445=ORIENTED_EDGE('',*,*,#983,.F.);
#1446=ORIENTED_EDGE('',*,*,#962,.F.);
#1447=ORIENTED_EDGE('',*,*,#1040,.F.);
#1448=ORIENTED_EDGE('',*,*,#958,.F.);
#1449=ORIENTED_EDGE('',*,*,#1040,.T.);
#1450=ORIENTED_EDGE('',*,*,#961,.F.);
#1451=ORIENTED_EDGE('',*,*,#1041,.F.);
#1452=ORIENTED_EDGE('',*,*,#881,.F.);
#1453=ORIENTED_EDGE('',*,*,#922,.F.);
#1454=ORIENTED_EDGE('',*,*,#959,.F.);
#1455=ORIENTED_EDGE('',*,*,#1041,.T.);
#1456=ORIENTED_EDGE('',*,*,#960,.F.);
#1457=ORIENTED_EDGE('',*,*,#937,.F.);
#1458=ORIENTED_EDGE('',*,*,#913,.F.);
#1459=ORIENTED_EDGE('',*,*,#946,.F.);
#1460=ORIENTED_EDGE('',*,*,#943,.F.);
#1461=ORIENTED_EDGE('',*,*,#931,.F.);
#1462=ORIENTED_EDGE('',*,*,#953,.F.);
#1463=ORIENTED_EDGE('',*,*,#955,.F.);
#1464=ORIENTED_EDGE('',*,*,#920,.F.);
#1465=ORIENTED_EDGE('',*,*,#936,.F.);
#1466=ORIENTED_EDGE('',*,*,#978,.F.);
#1467=ORIENTED_EDGE('',*,*,#956,.F.);
#1468=ORIENTED_EDGE('',*,*,#954,.F.);
#1469=ORIENTED_EDGE('',*,*,#939,.F.);
#1470=ORIENTED_EDGE('',*,*,#945,.F.);
#1471=ORIENTED_EDGE('',*,*,#951,.F.);
#1472=ORIENTED_EDGE('',*,*,#972,.F.);
#1473=ORIENTED_EDGE('',*,*,#1042,.F.);
#1474=ORIENTED_EDGE('',*,*,#1043,.F.);
#1475=ORIENTED_EDGE('',*,*,#1044,.T.);
#1476=ORIENTED_EDGE('',*,*,#1045,.F.);
#1477=ORIENTED_EDGE('',*,*,#1046,.F.);
#1478=ORIENTED_EDGE('',*,*,#1044,.F.);
#1479=ORIENTED_EDGE('',*,*,#1047,.F.);
#1480=ORIENTED_EDGE('',*,*,#1048,.F.);
#1481=ORIENTED_EDGE('',*,*,#1049,.T.);
#1482=ORIENTED_EDGE('',*,*,#1050,.F.);
#1483=ORIENTED_EDGE('',*,*,#1051,.F.);
#1484=ORIENTED_EDGE('',*,*,#1049,.F.);
#1485=ORIENTED_EDGE('',*,*,#1047,.T.);
#1486=ORIENTED_EDGE('',*,*,#1052,.T.);
#1487=ORIENTED_EDGE('',*,*,#1053,.T.);
#1488=ORIENTED_EDGE('',*,*,#1054,.T.);
#1489=ORIENTED_EDGE('',*,*,#1052,.F.);
#1490=ORIENTED_EDGE('',*,*,#1048,.T.);
#1491=ORIENTED_EDGE('',*,*,#1042,.T.);
#1492=ORIENTED_EDGE('',*,*,#1055,.T.);
#1493=ORIENTED_EDGE('',*,*,#1056,.T.);
#1494=ORIENTED_EDGE('',*,*,#1057,.T.);
#1495=ORIENTED_EDGE('',*,*,#1055,.F.);
#1496=ORIENTED_EDGE('',*,*,#1043,.T.);
#1497=ORIENTED_EDGE('',*,*,#1058,.F.);
#1498=ORIENTED_EDGE('',*,*,#1059,.F.);
#1499=ORIENTED_EDGE('',*,*,#1060,.T.);
#1500=ORIENTED_EDGE('',*,*,#1061,.F.);
#1501=ORIENTED_EDGE('',*,*,#1062,.F.);
#1502=ORIENTED_EDGE('',*,*,#1060,.F.);
#1503=ORIENTED_EDGE('',*,*,#1063,.F.);
#1504=ORIENTED_EDGE('',*,*,#1064,.F.);
#1505=ORIENTED_EDGE('',*,*,#1065,.T.);
#1506=ORIENTED_EDGE('',*,*,#1066,.F.);
#1507=ORIENTED_EDGE('',*,*,#1067,.F.);
#1508=ORIENTED_EDGE('',*,*,#1065,.F.);
#1509=ORIENTED_EDGE('',*,*,#1058,.T.);
#1510=ORIENTED_EDGE('',*,*,#1068,.T.);
#1511=ORIENTED_EDGE('',*,*,#1067,.T.);
#1512=ORIENTED_EDGE('',*,*,#1066,.T.);
#1513=ORIENTED_EDGE('',*,*,#1068,.F.);
#1514=ORIENTED_EDGE('',*,*,#1059,.T.);
#1515=ORIENTED_EDGE('',*,*,#1069,.T.);
#1516=ORIENTED_EDGE('',*,*,#1070,.T.);
#1517=ORIENTED_EDGE('',*,*,#1071,.T.);
#1518=ORIENTED_EDGE('',*,*,#1072,.T.);
#1519=ORIENTED_EDGE('',*,*,#1073,.T.);
#1520=ORIENTED_EDGE('',*,*,#1074,.T.);
#1521=ORIENTED_EDGE('',*,*,#1075,.T.);
#1522=ORIENTED_EDGE('',*,*,#1076,.T.);
#1523=ORIENTED_EDGE('',*,*,#1057,.F.);
#1524=ORIENTED_EDGE('',*,*,#1056,.F.);
#1525=ORIENTED_EDGE('',*,*,#1061,.T.);
#1526=ORIENTED_EDGE('',*,*,#1062,.T.);
#1527=ORIENTED_EDGE('',*,*,#1054,.F.);
#1528=ORIENTED_EDGE('',*,*,#1053,.F.);
#1529=ORIENTED_EDGE('',*,*,#1069,.F.);
#1530=ORIENTED_EDGE('',*,*,#1077,.F.);
#1531=ORIENTED_EDGE('',*,*,#1078,.T.);
#1532=ORIENTED_EDGE('',*,*,#1079,.T.);
#1533=ORIENTED_EDGE('',*,*,#1076,.F.);
#1534=ORIENTED_EDGE('',*,*,#1080,.F.);
#1535=ORIENTED_EDGE('',*,*,#1081,.T.);
#1536=ORIENTED_EDGE('',*,*,#1077,.T.);
#1537=ORIENTED_EDGE('',*,*,#1075,.F.);
#1538=ORIENTED_EDGE('',*,*,#1082,.F.);
#1539=ORIENTED_EDGE('',*,*,#1083,.T.);
#1540=ORIENTED_EDGE('',*,*,#1080,.T.);
#1541=ORIENTED_EDGE('',*,*,#1074,.F.);
#1542=ORIENTED_EDGE('',*,*,#1084,.F.);
#1543=ORIENTED_EDGE('',*,*,#1085,.T.);
#1544=ORIENTED_EDGE('',*,*,#1082,.T.);
#1545=ORIENTED_EDGE('',*,*,#1073,.F.);
#1546=ORIENTED_EDGE('',*,*,#1086,.F.);
#1547=ORIENTED_EDGE('',*,*,#1087,.T.);
#1548=ORIENTED_EDGE('',*,*,#1084,.T.);
#1549=ORIENTED_EDGE('',*,*,#1072,.F.);
#1550=ORIENTED_EDGE('',*,*,#1088,.F.);
#1551=ORIENTED_EDGE('',*,*,#1089,.T.);
#1552=ORIENTED_EDGE('',*,*,#1086,.T.);
#1553=ORIENTED_EDGE('',*,*,#1071,.F.);
#1554=ORIENTED_EDGE('',*,*,#1090,.F.);
#1555=ORIENTED_EDGE('',*,*,#1091,.T.);
#1556=ORIENTED_EDGE('',*,*,#1088,.T.);
#1557=ORIENTED_EDGE('',*,*,#1070,.F.);
#1558=ORIENTED_EDGE('',*,*,#1079,.F.);
#1559=ORIENTED_EDGE('',*,*,#1092,.T.);
#1560=ORIENTED_EDGE('',*,*,#1090,.T.);
#1561=ORIENTED_EDGE('',*,*,#1078,.F.);
#1562=ORIENTED_EDGE('',*,*,#1081,.F.);
#1563=ORIENTED_EDGE('',*,*,#1083,.F.);
#1564=ORIENTED_EDGE('',*,*,#1085,.F.);
#1565=ORIENTED_EDGE('',*,*,#1087,.F.);
#1566=ORIENTED_EDGE('',*,*,#1089,.F.);
#1567=ORIENTED_EDGE('',*,*,#1091,.F.);
#1568=ORIENTED_EDGE('',*,*,#1092,.F.);
#1569=ORIENTED_EDGE('',*,*,#1063,.T.);
#1570=ORIENTED_EDGE('',*,*,#1064,.T.);
#1571=ORIENTED_EDGE('',*,*,#1045,.T.);
#1572=ORIENTED_EDGE('',*,*,#1046,.T.);
#1573=ORIENTED_EDGE('',*,*,#1050,.T.);
#1574=ORIENTED_EDGE('',*,*,#1051,.T.);
#1575=ORIENTED_EDGE('',*,*,#1093,.F.);
#1576=ORIENTED_EDGE('',*,*,#1094,.F.);
#1577=ORIENTED_EDGE('',*,*,#1095,.T.);
#1578=ORIENTED_EDGE('',*,*,#1096,.F.);
#1579=ORIENTED_EDGE('',*,*,#1097,.F.);
#1580=ORIENTED_EDGE('',*,*,#1095,.F.);
#1581=ORIENTED_EDGE('',*,*,#1098,.T.);
#1582=ORIENTED_EDGE('',*,*,#1099,.T.);
#1583=ORIENTED_EDGE('',*,*,#1100,.F.);
#1584=ORIENTED_EDGE('',*,*,#1101,.F.);
#1585=ORIENTED_EDGE('',*,*,#1099,.F.);
#1586=ORIENTED_EDGE('',*,*,#1102,.T.);
#1587=ORIENTED_EDGE('',*,*,#1098,.F.);
#1588=ORIENTED_EDGE('',*,*,#1102,.F.);
#1589=ORIENTED_EDGE('',*,*,#1103,.T.);
#1590=ORIENTED_EDGE('',*,*,#1104,.T.);
#1591=ORIENTED_EDGE('',*,*,#1105,.T.);
#1592=ORIENTED_EDGE('',*,*,#1103,.F.);
#1593=ORIENTED_EDGE('',*,*,#1106,.T.);
#1594=ORIENTED_EDGE('',*,*,#1107,.T.);
#1595=ORIENTED_EDGE('',*,*,#1108,.F.);
#1596=ORIENTED_EDGE('',*,*,#1109,.F.);
#1597=ORIENTED_EDGE('',*,*,#1107,.F.);
#1598=ORIENTED_EDGE('',*,*,#1110,.T.);
#1599=ORIENTED_EDGE('',*,*,#1111,.T.);
#1600=ORIENTED_EDGE('',*,*,#1112,.T.);
#1601=ORIENTED_EDGE('',*,*,#1113,.F.);
#1602=ORIENTED_EDGE('',*,*,#1114,.F.);
#1603=ORIENTED_EDGE('',*,*,#1112,.F.);
#1604=ORIENTED_EDGE('',*,*,#1115,.T.);
#1605=ORIENTED_EDGE('',*,*,#1093,.T.);
#1606=ORIENTED_EDGE('',*,*,#1116,.T.);
#1607=ORIENTED_EDGE('',*,*,#1117,.F.);
#1608=ORIENTED_EDGE('',*,*,#1118,.F.);
#1609=ORIENTED_EDGE('',*,*,#1116,.F.);
#1610=ORIENTED_EDGE('',*,*,#1094,.T.);
#1611=ORIENTED_EDGE('',*,*,#1096,.T.);
#1612=ORIENTED_EDGE('',*,*,#1097,.T.);
#1613=ORIENTED_EDGE('',*,*,#1117,.T.);
#1614=ORIENTED_EDGE('',*,*,#1118,.T.);
#1615=ORIENTED_EDGE('',*,*,#1111,.F.);
#1616=ORIENTED_EDGE('',*,*,#1115,.F.);
#1617=ORIENTED_EDGE('',*,*,#1106,.F.);
#1618=ORIENTED_EDGE('',*,*,#1110,.F.);
#1619=ORIENTED_EDGE('',*,*,#1113,.T.);
#1620=ORIENTED_EDGE('',*,*,#1114,.T.);
#1621=ORIENTED_EDGE('',*,*,#1105,.F.);
#1622=ORIENTED_EDGE('',*,*,#1104,.F.);
#1623=ORIENTED_EDGE('',*,*,#1108,.T.);
#1624=ORIENTED_EDGE('',*,*,#1109,.T.);
#1625=ORIENTED_EDGE('',*,*,#1100,.T.);
#1626=ORIENTED_EDGE('',*,*,#1101,.T.);
#1627=CYLINDRICAL_SURFACE('',#1765,0.750000000000001);
#1628=CYLINDRICAL_SURFACE('',#1770,1.75);
#1629=CYLINDRICAL_SURFACE('',#1775,1.75);
#1630=CYLINDRICAL_SURFACE('',#1835,3.00010504201681);
#1631=CYLINDRICAL_SURFACE('',#1836,3.00010504201681);
#1632=CYLINDRICAL_SURFACE('',#1841,3.00010504201681);
#1633=CYLINDRICAL_SURFACE('',#1842,3.00010504201681);
#1634=CYLINDRICAL_SURFACE('',#1847,1.49999999999999);
#1635=CYLINDRICAL_SURFACE('',#1849,1.5);
#1636=CYLINDRICAL_SURFACE('',#1851,1.5);
#1637=CYLINDRICAL_SURFACE('',#1853,1.49999999999999);
#1638=CYLINDRICAL_SURFACE('',#1860,1.25);
#1639=CYLINDRICAL_SURFACE('',#1863,1.25);
#1640=CYLINDRICAL_SURFACE('',#1864,1.25);
#1641=CYLINDRICAL_SURFACE('',#1867,1.25);
#1642=CYLINDRICAL_SURFACE('',#1868,1.75);
#1643=CYLINDRICAL_SURFACE('',#1869,1.75);
#1644=CYLINDRICAL_SURFACE('',#1870,1.75);
#1645=CYLINDRICAL_SURFACE('',#1871,1.75);
#1646=CYLINDRICAL_SURFACE('',#1882,0.9);
#1647=CYLINDRICAL_SURFACE('',#1885,0.9);
#1648=CYLINDRICAL_SURFACE('',#1898,0.675);
#1649=CYLINDRICAL_SURFACE('',#1904,1.);
#1650=CYLINDRICAL_SURFACE('',#1907,1.);
#1651=CYLINDRICAL_SURFACE('',#1910,1.);
#1652=CYLINDRICAL_SURFACE('',#1913,1.);
#1653=CYLINDRICAL_SURFACE('',#1925,4.);
#1654=CYLINDRICAL_SURFACE('',#1933,0.7);
#1655=CYLINDRICAL_SURFACE('',#1938,0.381);
#1656=CYLINDRICAL_SURFACE('',#1943,0.700000000000001);
#1657=ADVANCED_FACE('',(#95),#1627,.F.);
#1658=ADVANCED_FACE('',(#96),#1628,.F.);
#1659=ADVANCED_FACE('',(#97),#1629,.F.);
#1660=ADVANCED_FACE('',(#98),#37,.F.);
#1661=ADVANCED_FACE('',(#99),#38,.F.);
#1662=ADVANCED_FACE('',(#100),#39,.F.);
#1663=ADVANCED_FACE('',(#101),#40,.T.);
#1664=ADVANCED_FACE('',(#102),#41,.F.);
#1665=ADVANCED_FACE('',(#103),#42,.F.);
#1666=ADVANCED_FACE('',(#104),#43,.F.);
#1667=ADVANCED_FACE('',(#105),#44,.T.);
#1668=ADVANCED_FACE('',(#106,#27),#45,.F.);
#1669=ADVANCED_FACE('',(#107),#46,.F.);
#1670=ADVANCED_FACE('',(#108),#47,.F.);
#1671=ADVANCED_FACE('',(#109,#28),#48,.F.);
#1672=ADVANCED_FACE('',(#110),#49,.F.);
#1673=ADVANCED_FACE('',(#111),#50,.F.);
#1674=ADVANCED_FACE('',(#112,#29),#51,.F.);
#1675=ADVANCED_FACE('',(#113),#52,.F.);
#1676=ADVANCED_FACE('',(#114),#53,.T.);
#1677=ADVANCED_FACE('',(#115),#54,.F.);
#1678=ADVANCED_FACE('',(#116),#55,.F.);
#1679=ADVANCED_FACE('',(#117),#56,.F.);
#1680=ADVANCED_FACE('',(#118),#57,.F.);
#1681=ADVANCED_FACE('',(#119),#58,.F.);
#1682=ADVANCED_FACE('',(#120),#59,.F.);
#1683=ADVANCED_FACE('',(#121),#60,.F.);
#1684=ADVANCED_FACE('',(#122),#61,.F.);
#1685=ADVANCED_FACE('',(#123),#62,.F.);
#1686=ADVANCED_FACE('',(#124),#1630,.F.);
#1687=ADVANCED_FACE('',(#125),#1631,.F.);
#1688=ADVANCED_FACE('',(#126),#63,.F.);
#1689=ADVANCED_FACE('',(#127),#64,.T.);
#1690=ADVANCED_FACE('',(#128),#1632,.F.);
#1691=ADVANCED_FACE('',(#129),#1633,.F.);
#1692=ADVANCED_FACE('',(#130),#65,.T.);
#1693=ADVANCED_FACE('',(#131),#66,.F.);
#1694=ADVANCED_FACE('',(#132),#67,.F.);
#1695=ADVANCED_FACE('',(#133),#1634,.T.);
#1696=ADVANCED_FACE('',(#134),#68,.F.);
#1697=ADVANCED_FACE('',(#135),#1635,.T.);
#1698=ADVANCED_FACE('',(#136),#69,.F.);
#1699=ADVANCED_FACE('',(#137),#1636,.T.);
#1700=ADVANCED_FACE('',(#138),#70,.F.);
#1701=ADVANCED_FACE('',(#139),#1637,.T.);
#1702=ADVANCED_FACE('',(#140),#71,.T.);
#1703=ADVANCED_FACE('',(#141,#30),#72,.T.);
#1704=ADVANCED_FACE('',(#142),#73,.F.);
#1705=ADVANCED_FACE('',(#143),#74,.F.);
#1706=ADVANCED_FACE('',(#144),#75,.F.);
#1707=ADVANCED_FACE('',(#145),#76,.F.);
#1708=ADVANCED_FACE('',(#146),#1638,.F.);
#1709=ADVANCED_FACE('',(#147),#25,.F.);
#1710=ADVANCED_FACE('',(#148),#1639,.F.);
#1711=ADVANCED_FACE('',(#149),#1640,.F.);
#1712=ADVANCED_FACE('',(#150),#26,.F.);
#1713=ADVANCED_FACE('',(#151),#1641,.F.);
#1714=ADVANCED_FACE('',(#152),#1642,.T.);
#1715=ADVANCED_FACE('',(#153),#1643,.T.);
#1716=ADVANCED_FACE('',(#154),#1644,.T.);
#1717=ADVANCED_FACE('',(#155),#1645,.T.);
#1718=ADVANCED_FACE('',(#156),#13,.T.);
#1719=ADVANCED_FACE('',(#157),#14,.T.);
#1720=ADVANCED_FACE('',(#158),#1646,.T.);
#1721=ADVANCED_FACE('',(#159),#1647,.T.);
#1722=ADVANCED_FACE('',(#160),#15,.F.);
#1723=ADVANCED_FACE('',(#161),#16,.F.);
#1724=ADVANCED_FACE('',(#162),#1648,.F.);
#1725=ADVANCED_FACE('',(#163,#31,#32,#33),#77,.T.);
#1726=ADVANCED_FACE('',(#164),#1649,.T.);
#1727=ADVANCED_FACE('',(#165),#78,.T.);
#1728=ADVANCED_FACE('',(#166),#1650,.T.);
#1729=ADVANCED_FACE('',(#167),#79,.T.);
#1730=ADVANCED_FACE('',(#168),#1651,.T.);
#1731=ADVANCED_FACE('',(#169),#80,.T.);
#1732=ADVANCED_FACE('',(#170),#1652,.T.);
#1733=ADVANCED_FACE('',(#171),#81,.T.);
#1734=ADVANCED_FACE('',(#172),#82,.F.);
#1735=ADVANCED_FACE('',(#173),#83,.T.);
#1736=ADVANCED_FACE('',(#174),#84,.T.);
#1737=ADVANCED_FACE('',(#175),#85,.F.);
#1738=ADVANCED_FACE('',(#176),#17,.T.);
#1739=ADVANCED_FACE('',(#177),#1653,.T.);
#1740=ADVANCED_FACE('',(#178),#18,.T.);
#1741=ADVANCED_FACE('',(#179),#1654,.T.);
#1742=ADVANCED_FACE('',(#180),#1655,.T.);
#1743=ADVANCED_FACE('',(#181),#1656,.T.);
#1744=ADVANCED_FACE('',(#182),#86,.F.);
#1745=ADVANCED_FACE('',(#183,#34),#87,.F.);
#1746=ADVANCED_FACE('',(#184,#35),#88,.F.);
#1747=ADVANCED_FACE('',(#185,#36),#89,.F.);
#1748=ADVANCED_FACE('',(#186),#90,.F.);
#1749=CLOSED_SHELL('',(#1657,#1658,#1659,#1660,#1661,#1662,#1663,#1664,
#1665,#1666,#1667,#1668,#1669,#1670,#1671,#1672,#1673,#1674,#1675,#1676,
#1677,#1678,#1679,#1680,#1681,#1682,#1683,#1684,#1685,#1686,#1687,#1688,
#1689,#1690,#1691,#1692,#1693,#1694,#1695,#1696,#1697,#1698,#1699,#1700,
#1701,#1702,#1703,#1704,#1705,#1706,#1707,#1708,#1709,#1710,#1711,#1712,
#1713,#1714,#1715,#1716,#1717));
#1750=CLOSED_SHELL('',(#1718,#1719,#1720,#1721,#1722,#1723,#1724,#1725,
#1726,#1727,#1728,#1729,#1730,#1731,#1732,#1733,#1734,#1735,#1736,#1737));
#1751=CLOSED_SHELL('',(#1738,#1739,#1740,#1741,#1742,#1743,#1744,#1745,
#1746,#1747,#1748));
#1752=DERIVED_UNIT_ELEMENT(#1754,1.);
#1753=DERIVED_UNIT_ELEMENT(#3073,3.);
#1754=(
MASS_UNIT()
NAMED_UNIT(*)
SI_UNIT(.KILO.,.GRAM.)
);
#1755=DERIVED_UNIT((#1752,#1753));
#1756=MEASURE_REPRESENTATION_ITEM('density measure',
POSITIVE_RATIO_MEASURE(7850.),#1755);
#1757=PROPERTY_DEFINITION_REPRESENTATION(#1762,#1759);
#1758=PROPERTY_DEFINITION_REPRESENTATION(#1763,#1760);
#1759=REPRESENTATION('material name',(#1761),#3070);
#1760=REPRESENTATION('density',(#1756),#3070);
#1761=DESCRIPTIVE_REPRESENTATION_ITEM('Steel','Steel');
#1762=PROPERTY_DEFINITION('material property','material name',#3080);
#1763=PROPERTY_DEFINITION('material property','density of part',#3080);
#1764=AXIS2_PLACEMENT_3D('placement',#2479,#1951,#1952);
#1765=AXIS2_PLACEMENT_3D('',#2480,#1953,#1954);
#1766=AXIS2_PLACEMENT_3D('',#2483,#1955,#1956);
#1767=AXIS2_PLACEMENT_3D('',#2487,#1958,#1959);
#1768=AXIS2_PLACEMENT_3D('',#2488,#1960,#1961);
#1769=AXIS2_PLACEMENT_3D('',#2489,#1962,#1963);
#1770=AXIS2_PLACEMENT_3D('',#2490,#1964,#1965);
#1771=AXIS2_PLACEMENT_3D('',#2493,#1966,#1967);
#1772=AXIS2_PLACEMENT_3D('',#2497,#1969,#1970);
#1773=AXIS2_PLACEMENT_3D('',#2498,#1971,#1972);
#1774=AXIS2_PLACEMENT_3D('',#2500,#1973,#1974);
#1775=AXIS2_PLACEMENT_3D('',#2511,#1975,#1976);
#1776=AXIS2_PLACEMENT_3D('',#2514,#1977,#1978);
#1777=AXIS2_PLACEMENT_3D('',#2518,#1980,#1981);
#1778=AXIS2_PLACEMENT_3D('',#2519,#1982,#1983);
#1779=AXIS2_PLACEMENT_3D('',#2521,#1984,#1985);
#1780=AXIS2_PLACEMENT_3D('',#2532,#1986,#1987);
#1781=AXIS2_PLACEMENT_3D('',#2562,#1997,#1998);
#1782=AXIS2_PLACEMENT_3D('',#2572,#2003,#2004);
#1783=AXIS2_PLACEMENT_3D('',#2573,#2005,#2006);
#1784=AXIS2_PLACEMENT_3D('',#2579,#2010,#2011);
#1785=AXIS2_PLACEMENT_3D('',#2586,#2015,#2016);
#1786=AXIS2_PLACEMENT_3D('',#2587,#2017,#2018);
#1787=AXIS2_PLACEMENT_3D('',#2596,#2023,#2024);
#1788=AXIS2_PLACEMENT_3D('',#2605,#2029,#2030);
#1789=AXIS2_PLACEMENT_3D('',#2613,#2034,#2035);
#1790=AXIS2_PLACEMENT_3D('',#2618,#2039,#2040);
#1791=AXIS2_PLACEMENT_3D('',#2627,#2044,#2045);
#1792=AXIS2_PLACEMENT_3D('',#2635,#2049,#2050);
#1793=AXIS2_PLACEMENT_3D('',#2641,#2054,#2055);
#1794=AXIS2_PLACEMENT_3D('',#2645,#2057,#2058);
#1795=AXIS2_PLACEMENT_3D('',#2647,#2059,#2060);
#1796=AXIS2_PLACEMENT_3D('',#2651,#2062,#2063);
#1797=AXIS2_PLACEMENT_3D('',#2654,#2065,#2066);
#1798=AXIS2_PLACEMENT_3D('',#2655,#2067,#2068);
#1799=AXIS2_PLACEMENT_3D('',#2657,#2069,#2070);
#1800=AXIS2_PLACEMENT_3D('',#2661,#2072,#2073);
#1801=AXIS2_PLACEMENT_3D('',#2666,#2077,#2078);
#1802=AXIS2_PLACEMENT_3D('',#2672,#2082,#2083);
#1803=AXIS2_PLACEMENT_3D('',#2673,#2084,#2085);
#1804=AXIS2_PLACEMENT_3D('',#2675,#2086,#2087);
#1805=AXIS2_PLACEMENT_3D('',#2679,#2089,#2090);
#1806=AXIS2_PLACEMENT_3D('',#2682,#2092,#2093);
#1807=AXIS2_PLACEMENT_3D('',#2683,#2094,#2095);
#1808=AXIS2_PLACEMENT_3D('',#2689,#2099,#2100);
#1809=AXIS2_PLACEMENT_3D('',#2690,#2101,#2102);
#1810=AXIS2_PLACEMENT_3D('',#2692,#2103,#2104);
#1811=AXIS2_PLACEMENT_3D('',#2697,#2108,#2109);
#1812=AXIS2_PLACEMENT_3D('',#2716,#2114,#2115);
#1813=AXIS2_PLACEMENT_3D('',#2729,#2123,#2124);
#1814=AXIS2_PLACEMENT_3D('',#2738,#2130,#2131);
#1815=AXIS2_PLACEMENT_3D('',#2739,#2132,#2133);
#1816=AXIS2_PLACEMENT_3D('',#2745,#2137,#2138);
#1817=AXIS2_PLACEMENT_3D('',#2747,#2140,#2141);
#1818=AXIS2_PLACEMENT_3D('',#2748,#2142,#2143);
#1819=AXIS2_PLACEMENT_3D('',#2754,#2147,#2148);
#1820=AXIS2_PLACEMENT_3D('',#2760,#2152,#2153);
#1821=AXIS2_PLACEMENT_3D('',#2762,#2154,#2155);
#1822=AXIS2_PLACEMENT_3D('',#2765,#2157,#2158);
#1823=AXIS2_PLACEMENT_3D('',#2767,#2159,#2160);
#1824=AXIS2_PLACEMENT_3D('',#2770,#2162,#2163);
#1825=AXIS2_PLACEMENT_3D('',#2771,#2164,#2165);
#1826=AXIS2_PLACEMENT_3D('',#2774,#2166,#2167);
#1827=AXIS2_PLACEMENT_3D('',#2787,#2174,#2175);
#1828=AXIS2_PLACEMENT_3D('',#2790,#2178,#2179);
#1829=AXIS2_PLACEMENT_3D('',#2793,#2182,#2183);
#1830=AXIS2_PLACEMENT_3D('',#2796,#2186,#2187);
#1831=AXIS2_PLACEMENT_3D('',#2802,#2190,#2191);
#1832=AXIS2_PLACEMENT_3D('',#2806,#2194,#2195);
#1833=AXIS2_PLACEMENT_3D('',#2809,#2198,#2199);
#1834=AXIS2_PLACEMENT_3D('',#2810,#2200,#2201);
#1835=AXIS2_PLACEMENT_3D('',#2811,#2202,#2203);
#1836=AXIS2_PLACEMENT_3D('',#2812,#2204,#2205);
#1837=AXIS2_PLACEMENT_3D('',#2813,#2206,#2207);
#1838=AXIS2_PLACEMENT_3D('',#2814,#2208,#2209);
#1839=AXIS2_PLACEMENT_3D('',#2815,#2210,#2211);
#1840=AXIS2_PLACEMENT_3D('',#2816,#2212,#2213);
#1841=AXIS2_PLACEMENT_3D('',#2817,#2214,#2215);
#1842=AXIS2_PLACEMENT_3D('',#2818,#2216,#2217);
#1843=AXIS2_PLACEMENT_3D('',#2819,#2218,#2219);
#1844=AXIS2_PLACEMENT_3D('',#2820,#2220,#2221);
#1845=AXIS2_PLACEMENT_3D('',#2821,#2222,#2223);
#1846=AXIS2_PLACEMENT_3D('',#2828,#2228,#2229);
#1847=AXIS2_PLACEMENT_3D('',#2832,#2233,#2234);
#1848=AXIS2_PLACEMENT_3D('',#2834,#2236,#2237);
#1849=AXIS2_PLACEMENT_3D('',#2835,#2238,#2239);
#1850=AXIS2_PLACEMENT_3D('',#2837,#2241,#2242);
#1851=AXIS2_PLACEMENT_3D('',#2838,#2243,#2244);
#1852=AXIS2_PLACEMENT_3D('',#2840,#2246,#2247);
#1853=AXIS2_PLACEMENT_3D('',#2841,#2248,#2249);
#1854=AXIS2_PLACEMENT_3D('',#2843,#2251,#2252);
#1855=AXIS2_PLACEMENT_3D('',#2844,#2253,#2254);
#1856=AXIS2_PLACEMENT_3D('',#2845,#2255,#2256);
#1857=AXIS2_PLACEMENT_3D('',#2849,#2259,#2260);
#1858=AXIS2_PLACEMENT_3D('',#2853,#2263,#2264);
#1859=AXIS2_PLACEMENT_3D('',#2855,#2266,#2267);
#1860=AXIS2_PLACEMENT_3D('',#2856,#2268,#2269);
#1861=AXIS2_PLACEMENT_3D('',#2857,#2270,#2271);
#1862=AXIS2_PLACEMENT_3D('',#2876,#2272,#2273);
#1863=AXIS2_PLACEMENT_3D('',#2877,#2274,#2275);
#1864=AXIS2_PLACEMENT_3D('',#2878,#2276,#2277);
#1865=AXIS2_PLACEMENT_3D('',#2879,#2278,#2279);
#1866=AXIS2_PLACEMENT_3D('',#2898,#2280,#2281);
#1867=AXIS2_PLACEMENT_3D('',#2899,#2282,#2283);
#1868=AXIS2_PLACEMENT_3D('',#2900,#2284,#2285);
#1869=AXIS2_PLACEMENT_3D('',#2901,#2286,#2287);
#1870=AXIS2_PLACEMENT_3D('',#2902,#2288,#2289);
#1871=AXIS2_PLACEMENT_3D('',#2903,#2290,#2291);
#1872=AXIS2_PLACEMENT_3D('',#2904,#2292,#2293);
#1873=AXIS2_PLACEMENT_3D('',#2907,#2294,#2295);
#1874=AXIS2_PLACEMENT_3D('',#2908,#2296,#2297);
#1875=AXIS2_PLACEMENT_3D('',#2912,#2299,#2300);
#1876=AXIS2_PLACEMENT_3D('',#2913,#2301,#2302);
#1877=AXIS2_PLACEMENT_3D('',#2914,#2303,#2304);
#1878=AXIS2_PLACEMENT_3D('',#2917,#2305,#2306);
#1879=AXIS2_PLACEMENT_3D('',#2918,#2307,#2308);
#1880=AXIS2_PLACEMENT_3D('',#2922,#2310,#2311);
#1881=AXIS2_PLACEMENT_3D('',#2923,#2312,#2313);
#1882=AXIS2_PLACEMENT_3D('',#2924,#2314,#2315);
#1883=AXIS2_PLACEMENT_3D('',#2928,#2317,#2318);
#1884=AXIS2_PLACEMENT_3D('',#2929,#2319,#2320);
#1885=AXIS2_PLACEMENT_3D('',#2930,#2321,#2322);
#1886=AXIS2_PLACEMENT_3D('',#2934,#2324,#2325);
#1887=AXIS2_PLACEMENT_3D('',#2935,#2326,#2327);
#1888=AXIS2_PLACEMENT_3D('',#2936,#2328,#2329);
#1889=AXIS2_PLACEMENT_3D('',#2939,#2330,#2331);
#1890=AXIS2_PLACEMENT_3D('',#2940,#2332,#2333);
#1891=AXIS2_PLACEMENT_3D('',#2944,#2335,#2336);
#1892=AXIS2_PLACEMENT_3D('',#2945,#2337,#2338);
#1893=AXIS2_PLACEMENT_3D('',#2946,#2339,#2340);
#1894=AXIS2_PLACEMENT_3D('',#2949,#2341,#2342);
#1895=AXIS2_PLACEMENT_3D('',#2950,#2343,#2344);
#1896=AXIS2_PLACEMENT_3D('',#2954,#2346,#2347);
#1897=AXIS2_PLACEMENT_3D('',#2955,#2348,#2349);
#1898=AXIS2_PLACEMENT_3D('',#2956,#2350,#2351);
#1899=AXIS2_PLACEMENT_3D('',#2958,#2353,#2354);
#1900=AXIS2_PLACEMENT_3D('',#2961,#2355,#2356);
#1901=AXIS2_PLACEMENT_3D('',#2965,#2358,#2359);
#1902=AXIS2_PLACEMENT_3D('',#2969,#2361,#2362);
#1903=AXIS2_PLACEMENT_3D('',#2973,#2364,#2365);
#1904=AXIS2_PLACEMENT_3D('',#2975,#2367,#2368);
#1905=AXIS2_PLACEMENT_3D('',#2979,#2370,#2371);
#1906=AXIS2_PLACEMENT_3D('',#2981,#2373,#2374);
#1907=AXIS2_PLACEMENT_3D('',#2985,#2377,#2378);
#1908=AXIS2_PLACEMENT_3D('',#2988,#2380,#2381);
#1909=AXIS2_PLACEMENT_3D('',#2989,#2382,#2383);
#1910=AXIS2_PLACEMENT_3D('',#2993,#2386,#2387);
#1911=AXIS2_PLACEMENT_3D('',#2996,#2389,#2390);
#1912=AXIS2_PLACEMENT_3D('',#2997,#2391,#2392);
#1913=AXIS2_PLACEMENT_3D('',#3001,#2395,#2396);
#1914=AXIS2_PLACEMENT_3D('',#3004,#2398,#2399);
#1915=AXIS2_PLACEMENT_3D('',#3005,#2400,#2401);
#1916=AXIS2_PLACEMENT_3D('',#3007,#2403,#2404);
#1917=AXIS2_PLACEMENT_3D('',#3008,#2405,#2406);
#1918=AXIS2_PLACEMENT_3D('',#3009,#2407,#2408);
#1919=AXIS2_PLACEMENT_3D('',#3010,#2409,#2410);
#1920=AXIS2_PLACEMENT_3D('',#3011,#2411,#2412);
#1921=AXIS2_PLACEMENT_3D('',#3014,#2413,#2414);
#1922=AXIS2_PLACEMENT_3D('',#3015,#2415,#2416);
#1923=AXIS2_PLACEMENT_3D('',#3019,#2418,#2419);
#1924=AXIS2_PLACEMENT_3D('',#3020,#2420,#2421);
#1925=AXIS2_PLACEMENT_3D('',#3021,#2422,#2423);
#1926=AXIS2_PLACEMENT_3D('',#3024,#2424,#2425);
#1927=AXIS2_PLACEMENT_3D('',#3028,#2427,#2428);
#1928=AXIS2_PLACEMENT_3D('',#3029,#2429,#2430);
#1929=AXIS2_PLACEMENT_3D('',#3030,#2431,#2432);
#1930=AXIS2_PLACEMENT_3D('',#3031,#2433,#2434);
#1931=AXIS2_PLACEMENT_3D('',#3035,#2436,#2437);
#1932=AXIS2_PLACEMENT_3D('',#3036,#2438,#2439);
#1933=AXIS2_PLACEMENT_3D('',#3037,#2440,#2441);
#1934=AXIS2_PLACEMENT_3D('',#3040,#2442,#2443);
#1935=AXIS2_PLACEMENT_3D('',#3044,#2445,#2446);
#1936=AXIS2_PLACEMENT_3D('',#3045,#2447,#2448);
#1937=AXIS2_PLACEMENT_3D('',#3046,#2449,#2450);
#1938=AXIS2_PLACEMENT_3D('',#3047,#2451,#2452);
#1939=AXIS2_PLACEMENT_3D('',#3050,#2453,#2454);
#1940=AXIS2_PLACEMENT_3D('',#3054,#2456,#2457);
#1941=AXIS2_PLACEMENT_3D('',#3055,#2458,#2459);
#1942=AXIS2_PLACEMENT_3D('',#3056,#2460,#2461);
#1943=AXIS2_PLACEMENT_3D('',#3057,#2462,#2463);
#1944=AXIS2_PLACEMENT_3D('',#3061,#2465,#2466);
#1945=AXIS2_PLACEMENT_3D('',#3062,#2467,#2468);
#1946=AXIS2_PLACEMENT_3D('',#3063,#2469,#2470);
#1947=AXIS2_PLACEMENT_3D('',#3064,#2471,#2472);
#1948=AXIS2_PLACEMENT_3D('',#3065,#2473,#2474);
#1949=AXIS2_PLACEMENT_3D('',#3066,#2475,#2476);
#1950=AXIS2_PLACEMENT_3D('',#3067,#2477,#2478);
#1951=DIRECTION('axis',(0.,0.,1.));
#1952=DIRECTION('refdir',(1.,0.,0.));
#1953=DIRECTION('center_axis',(1.,0.,0.));
#1954=DIRECTION('ref_axis',(0.,0.,1.));
#1955=DIRECTION('center_axis',(-1.,0.,-1.44560289664734E-16));
#1956=DIRECTION('ref_axis',(-1.44560289664734E-16,0.,1.));
#1957=DIRECTION('',(1.,0.,0.));
#1958=DIRECTION('center_axis',(-1.,0.,0.));
#1959=DIRECTION('ref_axis',(0.,0.,1.));
#1960=DIRECTION('center_axis',(-1.,0.,0.));
#1961=DIRECTION('ref_axis',(0.,0.,1.));
#1962=DIRECTION('center_axis',(-1.,0.,-1.44560289664734E-16));
#1963=DIRECTION('ref_axis',(-1.44560289664734E-16,0.,1.));
#1964=DIRECTION('center_axis',(0.,-1.,0.));
#1965=DIRECTION('ref_axis',(0.,0.,1.));
#1966=DIRECTION('center_axis',(0.,1.,0.));
#1967=DIRECTION('ref_axis',(0.,0.,1.));
#1968=DIRECTION('',(0.,-1.,0.));
#1969=DIRECTION('center_axis',(0.,1.,0.));
#1970=DIRECTION('ref_axis',(0.,0.,1.));
#1971=DIRECTION('center_axis',(0.,1.,0.));
#1972=DIRECTION('ref_axis',(0.,0.,1.));
#1973=DIRECTION('center_axis',(0.,1.,0.));
#1974=DIRECTION('ref_axis',(0.,0.,1.));
#1975=DIRECTION('center_axis',(0.,-1.,0.));
#1976=DIRECTION('ref_axis',(0.,0.,1.));
#1977=DIRECTION('center_axis',(0.,1.,0.));
#1978=DIRECTION('ref_axis',(0.,0.,-1.));
#1979=DIRECTION('',(0.,-1.,0.));
#1980=DIRECTION('center_axis',(0.,1.,0.));
#1981=DIRECTION('ref_axis',(0.,0.,-1.));
#1982=DIRECTION('center_axis',(0.,1.,0.));
#1983=DIRECTION('ref_axis',(0.,0.,-1.));
#1984=DIRECTION('center_axis',(0.,1.,0.));
#1985=DIRECTION('ref_axis',(0.,0.,-1.));
#1986=DIRECTION('center_axis',(1.,0.,0.));
#1987=DIRECTION('ref_axis',(0.,1.,0.));
#1988=DIRECTION('',(0.,-1.,0.));
#1989=DIRECTION('',(0.,0.,1.));
#1990=DIRECTION('',(0.,0.,1.));
#1991=DIRECTION('',(0.,-1.,0.));
#1992=DIRECTION('',(0.,0.,-1.));
#1993=DIRECTION('',(0.,1.,0.));
#1994=DIRECTION('',(0.,0.,1.));
#1995=DIRECTION('',(0.,-1.,4.56506177888634E-16));
#1996=DIRECTION('',(0.,0.,-1.));
#1997=DIRECTION('center_axis',(0.,0.,1.));
#1998=DIRECTION('ref_axis',(1.,0.,0.));
#1999=DIRECTION('',(-1.,0.,0.));
#2000=DIRECTION('',(0.,-1.,0.));
#2001=DIRECTION('',(-1.,0.,0.));
#2002=DIRECTION('',(0.70710678118655,-0.707106781186545,0.));
#2003=DIRECTION('center_axis',(0.,0.,-1.));
#2004=DIRECTION('ref_axis',(-1.,0.,0.));
#2005=DIRECTION('center_axis',(1.,0.,0.));
#2006=DIRECTION('ref_axis',(0.,1.,0.));
#2007=DIRECTION('',(0.,0.,1.));
#2008=DIRECTION('',(0.,-1.,0.));
#2009=DIRECTION('',(0.,0.,-1.));
#2010=DIRECTION('center_axis',(0.,0.,1.));
#2011=DIRECTION('ref_axis',(1.,0.,0.));
#2012=DIRECTION('',(0.707106781186549,-0.707106781186546,0.));
#2013=DIRECTION('',(-1.,0.,0.));
#2014=DIRECTION('',(-1.,0.,0.));
#2015=DIRECTION('center_axis',(0.,0.,-1.));
#2016=DIRECTION('ref_axis',(-1.,0.,0.));
#2017=DIRECTION('center_axis',(-1.,0.,-1.57948287354808E-16));
#2018=DIRECTION('ref_axis',(-1.57948287354808E-16,0.,1.));
#2019=DIRECTION('',(0.,-1.,0.));
#2020=DIRECTION('',(-1.57948287354808E-16,0.,1.));
#2021=DIRECTION('',(0.,-1.,0.));
#2022=DIRECTION('',(-1.57948287354808E-16,0.,1.));
#2023=DIRECTION('center_axis',(1.,7.33155765893399E-32,1.98515481577997E-47));
#2024=DIRECTION('ref_axis',(-2.18777880862306E-62,-2.70768492608242E-16,
1.));
#2025=DIRECTION('',(2.70768492608242E-16,0.,-1.));
#2026=DIRECTION('',(0.,-1.,0.));
#2027=DIRECTION('',(0.,0.,-1.));
#2028=DIRECTION('',(0.,1.,0.));
#2029=DIRECTION('center_axis',(0.,0.,1.));
#2030=DIRECTION('ref_axis',(1.,0.,0.));
#2031=DIRECTION('',(1.,0.,0.));
#2032=DIRECTION('',(0.,1.,0.));
#2033=DIRECTION('',(-1.,0.,0.));
#2034=DIRECTION('center_axis',(0.,0.,1.));
#2035=DIRECTION('ref_axis',(1.,0.,0.));
#2036=DIRECTION('',(-1.,0.,0.));
#2037=DIRECTION('',(1.,0.,0.));
#2038=DIRECTION('',(0.,-1.,0.));
#2039=DIRECTION('center_axis',(0.,0.,1.));
#2040=DIRECTION('ref_axis',(1.,0.,0.));
#2041=DIRECTION('',(1.,0.,0.));
#2042=DIRECTION('',(0.,1.,0.));
#2043=DIRECTION('',(-1.,0.,0.));
#2044=DIRECTION('center_axis',(0.,0.,-1.));
#2045=DIRECTION('ref_axis',(1.,0.,0.));
#2046=DIRECTION('',(0.,1.,0.));
#2047=DIRECTION('',(-1.,0.,0.));
#2048=DIRECTION('',(0.707106781186549,0.707106781186546,0.));
#2049=DIRECTION('center_axis',(0.,0.,-1.));
#2050=DIRECTION('ref_axis',(1.,0.,0.));
#2051=DIRECTION('',(0.,1.,0.));
#2052=DIRECTION('',(-1.,0.,0.));
#2053=DIRECTION('',(0.,-1.,0.));
#2054=DIRECTION('center_axis',(0.,1.,0.));
#2055=DIRECTION('ref_axis',(1.,0.,0.));
#2056=DIRECTION('',(0.,0.,-1.));
#2057=DIRECTION('center_axis',(0.,-1.,0.));
#2058=DIRECTION('ref_axis',(1.98254111540207E-15,0.,1.));
#2059=DIRECTION('center_axis',(0.,-1.,0.));
#2060=DIRECTION('ref_axis',(0.,0.,-1.));
#2061=DIRECTION('',(0.,0.,-1.));
#2062=DIRECTION('center_axis',(0.,-1.,0.));
#2063=DIRECTION('ref_axis',(0.,0.,1.));
#2064=DIRECTION('',(1.,0.,0.));
#2065=DIRECTION('center_axis',(0.,-1.,0.));
#2066=DIRECTION('ref_axis',(0.,0.,1.));
#2067=DIRECTION('center_axis',(0.,-1.,0.));
#2068=DIRECTION('ref_axis',(0.,0.,-1.));
#2069=DIRECTION('center_axis',(0.,1.,0.));
#2070=DIRECTION('ref_axis',(0.,0.,-1.));
#2071=DIRECTION('',(0.,0.,-1.));
#2072=DIRECTION('center_axis',(0.,1.,0.));
#2073=DIRECTION('ref_axis',(0.,0.,-1.));
#2074=DIRECTION('',(-1.,0.,0.));
#2075=DIRECTION('',(0.,0.,-1.));
#2076=DIRECTION('',(0.,0.,-1.));
#2077=DIRECTION('center_axis',(1.,0.,0.));
#2078=DIRECTION('ref_axis',(0.,1.,0.));
#2079=DIRECTION('',(0.,-1.,0.));
#2080=DIRECTION('',(0.,0.,-1.));
#2081=DIRECTION('',(0.,1.,0.));
#2082=DIRECTION('center_axis',(0.,1.,0.));
#2083=DIRECTION('ref_axis',(1.,0.,0.));
#2084=DIRECTION('center_axis',(0.,-1.,0.));
#2085=DIRECTION('ref_axis',(0.,0.,1.));
#2086=DIRECTION('center_axis',(0.,-1.,0.));
#2087=DIRECTION('ref_axis',(0.,0.,-1.));
#2088=DIRECTION('',(0.,0.,1.));
#2089=DIRECTION('center_axis',(0.,-1.,0.));
#2090=DIRECTION('ref_axis',(0.,0.,1.));
#2091=DIRECTION('',(1.,0.,0.));
#2092=DIRECTION('center_axis',(0.,-1.,0.));
#2093=DIRECTION('ref_axis',(0.,0.,1.));
#2094=DIRECTION('center_axis',(-1.,0.,0.));
#2095=DIRECTION('ref_axis',(0.,0.,1.));
#2096=DIRECTION('',(0.,0.,-1.));
#2097=DIRECTION('',(0.,-1.,0.));
#2098=DIRECTION('',(0.,1.,0.));
#2099=DIRECTION('center_axis',(0.,-1.,0.));
#2100=DIRECTION('ref_axis',(0.,0.,-1.));
#2101=DIRECTION('center_axis',(0.,1.,0.));
#2102=DIRECTION('ref_axis',(0.,0.,-1.));
#2103=DIRECTION('center_axis',(0.,1.,0.));
#2104=DIRECTION('ref_axis',(0.,0.,-1.));
#2105=DIRECTION('',(-1.,0.,0.));
#2106=DIRECTION('',(0.,0.,1.));
#2107=DIRECTION('',(0.,0.,1.));
#2108=DIRECTION('center_axis',(-1.,0.,0.));
#2109=DIRECTION('ref_axis',(0.,0.,1.));
#2110=DIRECTION('',(0.,0.,-1.));
#2111=DIRECTION('',(0.,0.,-1.));
#2112=DIRECTION('',(0.,1.,0.));
#2113=DIRECTION('',(0.,0.,-1.));
#2114=DIRECTION('center_axis',(0.,-1.,0.));
#2115=DIRECTION('ref_axis',(0.,0.,-1.));
#2116=DIRECTION('',(-1.,0.,0.));
#2117=DIRECTION('',(0.,0.,-1.));
#2118=DIRECTION('',(0.,0.,1.));
#2119=DIRECTION('',(1.,0.,0.));
#2120=DIRECTION('',(0.,0.,1.));
#2121=DIRECTION('',(-1.,0.,0.));
#2122=DIRECTION('',(0.,0.,-1.));
#2123=DIRECTION('center_axis',(0.,0.,1.));
#2124=DIRECTION('ref_axis',(1.,0.,0.));
#2125=DIRECTION('',(0.,-1.,0.));
#2126=DIRECTION('',(0.,-1.,0.));
#2127=DIRECTION('',(-1.,0.,0.));
#2128=DIRECTION('',(0.,-1.,0.));
#2129=DIRECTION('',(1.,0.,0.));
#2130=DIRECTION('center_axis',(0.,0.,-1.));
#2131=DIRECTION('ref_axis',(1.,0.,0.));
#2132=DIRECTION('center_axis',(0.,0.,1.));
#2133=DIRECTION('ref_axis',(1.,0.,0.));
#2134=DIRECTION('',(0.,-1.,0.));
#2135=DIRECTION('',(0.,-1.,0.));
#2136=DIRECTION('',(1.,0.,0.));
#2137=DIRECTION('center_axis',(0.,0.,-1.));
#2138=DIRECTION('ref_axis',(-1.,0.,0.));
#2139=DIRECTION('',(-0.70710678118655,-0.707106781186545,0.));
#2140=DIRECTION('center_axis',(0.,0.,1.));
#2141=DIRECTION('ref_axis',(1.,0.,0.));
#2142=DIRECTION('center_axis',(1.,-4.33680868994202E-16,0.));
#2143=DIRECTION('ref_axis',(0.,0.,1.));
#2144=DIRECTION('',(0.,0.,1.));
#2145=DIRECTION('',(0.,-1.,0.));
#2146=DIRECTION('',(0.,1.,0.));
#2147=DIRECTION('center_axis',(-1.,-1.44560289664734E-16,0.));
#2148=DIRECTION('ref_axis',(-1.44560289664734E-16,1.,0.));
#2149=DIRECTION('',(0.,1.,0.));
#2150=DIRECTION('',(0.,0.,1.));
#2151=DIRECTION('',(0.,-1.,0.));
#2152=DIRECTION('center_axis',(0.,1.,0.));
#2153=DIRECTION('ref_axis',(1.,0.,0.));
#2154=DIRECTION('center_axis',(0.,1.,0.));
#2155=DIRECTION('ref_axis',(0.,0.,1.));
#2156=DIRECTION('',(1.,0.,0.));
#2157=DIRECTION('center_axis',(0.,1.,0.));
#2158=DIRECTION('ref_axis',(0.,0.,1.));
#2159=DIRECTION('center_axis',(0.,1.,0.));
#2160=DIRECTION('ref_axis',(0.,0.,1.));
#2161=DIRECTION('',(-1.,0.,0.));
#2162=DIRECTION('center_axis',(0.,1.,0.));
#2163=DIRECTION('ref_axis',(0.,0.,1.));
#2164=DIRECTION('center_axis',(0.,0.,-1.));
#2165=DIRECTION('ref_axis',(0.,-1.,0.));
#2166=DIRECTION('center_axis',(0.,0.,-1.));
#2167=DIRECTION('ref_axis',(-1.,0.,0.));
#2168=DIRECTION('',(-1.,0.,0.));
#2169=DIRECTION('',(0.,-1.,0.));
#2170=DIRECTION('',(0.,-1.,0.));
#2171=DIRECTION('',(0.,-1.,0.));
#2172=DIRECTION('',(0.,-1.,0.));
#2173=DIRECTION('',(0.,-1.,0.));
#2174=DIRECTION('center_axis',(0.,0.,-1.));
#2175=DIRECTION('ref_axis',(-1.,0.,0.));
#2176=DIRECTION('',(0.707106781186549,0.707106781186546,0.));
#2177=DIRECTION('',(0.707106781186549,-0.707106781186546,0.));
#2178=DIRECTION('center_axis',(1.,2.03446968178363E-33,9.17649502295868E-50));
#2179=DIRECTION('ref_axis',(-1.51929083932157E-64,-4.51050959624701E-17,
1.));
#2180=DIRECTION('',(0.,0.,1.));
#2181=DIRECTION('',(-4.51050959624701E-17,0.,1.));
#2182=DIRECTION('center_axis',(-1.,0.,-1.3531528788741E-16));
#2183=DIRECTION('ref_axis',(-1.3531528788741E-16,0.,1.));
#2184=DIRECTION('',(-1.3531528788741E-16,0.,1.));
#2185=DIRECTION('',(1.3531528788741E-16,0.,-1.));
#2186=DIRECTION('center_axis',(0.,0.,1.));
#2187=DIRECTION('ref_axis',(1.,0.,0.));
#2188=DIRECTION('',(0.,1.,0.));
#2189=DIRECTION('',(-1.,0.,0.));
#2190=DIRECTION('center_axis',(0.,0.,-1.));
#2191=DIRECTION('ref_axis',(1.,-2.31296463463575E-14,0.));
#2192=DIRECTION('',(0.70710678118655,-0.707106781186545,0.));
#2193=DIRECTION('',(-0.70710678118655,-0.707106781186545,0.));
#2194=DIRECTION('center_axis',(0.,0.,-1.));
#2195=DIRECTION('ref_axis',(1.,4.6259292692715E-15,0.));
#2196=DIRECTION('',(0.,-1.,0.));
#2197=DIRECTION('',(0.,-1.,0.));
#2198=DIRECTION('center_axis',(0.,1.,0.));
#2199=DIRECTION('ref_axis',(1.,0.,0.));
#2200=DIRECTION('center_axis',(0.,-1.,0.));
#2201=DIRECTION('ref_axis',(0.,0.,1.));
#2202=DIRECTION('center_axis',(0.,1.,0.));
#2203=DIRECTION('ref_axis',(0.,0.,-1.));
#2204=DIRECTION('center_axis',(0.,1.,0.));
#2205=DIRECTION('ref_axis',(0.,0.,-1.));
#2206=DIRECTION('center_axis',(0.,-1.,0.));
#2207=DIRECTION('ref_axis',(0.,0.,-1.));
#2208=DIRECTION('center_axis',(0.,1.,0.));
#2209=DIRECTION('ref_axis',(1.,0.,0.));
#2210=DIRECTION('center_axis',(0.,-1.,0.));
#2211=DIRECTION('ref_axis',(0.,0.,-1.));
#2212=DIRECTION('center_axis',(0.,-1.,0.));
#2213=DIRECTION('ref_axis',(0.,0.,1.));
#2214=DIRECTION('center_axis',(0.,1.,0.));
#2215=DIRECTION('ref_axis',(0.,0.,-1.));
#2216=DIRECTION('center_axis',(0.,1.,0.));
#2217=DIRECTION('ref_axis',(0.,0.,-1.));
#2218=DIRECTION('center_axis',(0.,-1.,0.));
#2219=DIRECTION('ref_axis',(0.,0.,-1.));
#2220=DIRECTION('center_axis',(0.,-1.,0.));
#2221=DIRECTION('ref_axis',(0.,0.,-1.));
#2222=DIRECTION('center_axis',(0.,-1.,0.));
#2223=DIRECTION('ref_axis',(0.,0.,-1.));
#2224=DIRECTION('',(1.3531528788741E-16,0.,-1.));
#2225=DIRECTION('',(1.,0.,0.));
#2226=DIRECTION('',(0.,0.,-1.));
#2227=DIRECTION('',(1.,0.,0.));
#2228=DIRECTION('center_axis',(0.,1.,0.));
#2229=DIRECTION('ref_axis',(1.,0.,0.));
#2230=DIRECTION('',(0.,0.,-1.));
#2231=DIRECTION('',(-1.3531528788741E-16,0.,1.));
#2232=DIRECTION('',(0.,0.,1.));
#2233=DIRECTION('center_axis',(0.,0.,-1.));
#2234=DIRECTION('ref_axis',(1.,0.,0.));
#2235=DIRECTION('',(0.,0.,1.));
#2236=DIRECTION('center_axis',(-0.707106781186546,-0.707106781186549,0.));
#2237=DIRECTION('ref_axis',(-0.707106781186549,0.707106781186546,0.));
#2238=DIRECTION('center_axis',(0.,0.,-1.));
#2239=DIRECTION('ref_axis',(1.,0.,0.));
#2240=DIRECTION('',(0.,0.,1.));
#2241=DIRECTION('center_axis',(0.707106781186546,-0.707106781186549,0.));
#2242=DIRECTION('ref_axis',(0.,0.,-1.));
#2243=DIRECTION('center_axis',(0.,0.,1.));
#2244=DIRECTION('ref_axis',(-1.,0.,0.));
#2245=DIRECTION('',(0.,0.,-1.));
#2246=DIRECTION('center_axis',(0.707106781186545,-0.70710678118655,0.));
#2247=DIRECTION('ref_axis',(0.,0.,-1.));
#2248=DIRECTION('center_axis',(0.,0.,1.));
#2249=DIRECTION('ref_axis',(-1.,0.,0.));
#2250=DIRECTION('',(0.,0.,-1.));
#2251=DIRECTION('center_axis',(0.707106781186545,0.70710678118655,0.));
#2252=DIRECTION('ref_axis',(0.,0.,-1.));
#2253=DIRECTION('center_axis',(-1.,0.,-1.3531528788741E-16));
#2254=DIRECTION('ref_axis',(-1.3531528788741E-16,0.,1.));
#2255=DIRECTION('center_axis',(0.,0.,-1.));
#2256=DIRECTION('ref_axis',(0.,-1.,0.));
#2257=DIRECTION('',(0.,1.,0.));
#2258=DIRECTION('',(1.,0.,0.));
#2259=DIRECTION('center_axis',(0.,4.56506177888634E-16,1.));
#2260=DIRECTION('ref_axis',(1.,0.,0.));
#2261=DIRECTION('',(1.,0.,0.));
#2262=DIRECTION('',(0.,-1.,4.56506177888634E-16));
#2263=DIRECTION('center_axis',(0.,1.,0.));
#2264=DIRECTION('ref_axis',(1.,0.,0.));
#2265=DIRECTION('',(0.,0.,1.));
#2266=DIRECTION('center_axis',(1.,0.,0.));
#2267=DIRECTION('ref_axis',(0.,1.,0.));
#2268=DIRECTION('center_axis',(0.,0.,-1.));
#2269=DIRECTION('ref_axis',(1.,0.,0.));
#2270=DIRECTION('center_axis',(0.,8.67361737988404E-17,-1.));
#2271=DIRECTION('ref_axis',(0.,1.,8.67361737988404E-17));
#2272=DIRECTION('center_axis',(0.,0.,-1.));
#2273=DIRECTION('ref_axis',(1.,0.,0.));
#2274=DIRECTION('center_axis',(0.,0.,-1.));
#2275=DIRECTION('ref_axis',(1.,0.,0.));
#2276=DIRECTION('center_axis',(0.,0.,-1.));
#2277=DIRECTION('ref_axis',(1.,0.,0.));
#2278=DIRECTION('center_axis',(-8.67361737988403E-17,0.,-1.));
#2279=DIRECTION('ref_axis',(-1.,0.,8.67361737988403E-17));
#2280=DIRECTION('center_axis',(0.,-7.97972798949331E-15,-1.));
#2281=DIRECTION('ref_axis',(0.,-1.,7.97972798949331E-15));
#2282=DIRECTION('center_axis',(0.,0.,-1.));
#2283=DIRECTION('ref_axis',(1.,0.,0.));
#2284=DIRECTION('center_axis',(0.,1.,0.));
#2285=DIRECTION('ref_axis',(0.,0.,-1.));
#2286=DIRECTION('center_axis',(0.,1.,0.));
#2287=DIRECTION('ref_axis',(0.,0.,-1.));
#2288=DIRECTION('center_axis',(0.,-1.,0.));
#2289=DIRECTION('ref_axis',(0.,0.,1.));
#2290=DIRECTION('center_axis',(0.,-1.,0.));
#2291=DIRECTION('ref_axis',(0.,0.,1.));
#2292=DIRECTION('center_axis',(-1.,-3.15689412453205E-32,-2.57779967802146E-16));
#2293=DIRECTION('ref_axis',(0.,1.,-1.22464679914735E-16));
#2294=DIRECTION('center_axis',(-1.,-3.15689412453205E-32,-2.57779967802146E-16));
#2295=DIRECTION('ref_axis',(0.,-1.,1.22464679914735E-16));
#2296=DIRECTION('center_axis',(-1.,-3.15689412453205E-32,-2.57779967802146E-16));
#2297=DIRECTION('ref_axis',(0.,-1.,1.22464679914735E-16));
#2298=DIRECTION('',(0.499999999999998,0.86602540378444,-8.32250638439089E-17));
#2299=DIRECTION('center_axis',(1.,3.15689412453205E-32,2.57779967802146E-16));
#2300=DIRECTION('ref_axis',(0.,-1.,1.22464679914735E-16));
#2301=DIRECTION('center_axis',(1.,3.15689412453205E-32,2.57779967802146E-16));
#2302=DIRECTION('ref_axis',(0.,-1.,1.22464679914735E-16));
#2303=DIRECTION('center_axis',(-1.,-3.15689412453205E-32,-2.57779967802146E-16));
#2304=DIRECTION('ref_axis',(0.,1.,-1.22464679914735E-16));
#2305=DIRECTION('center_axis',(-1.,-3.15689412453205E-32,-2.57779967802146E-16));
#2306=DIRECTION('ref_axis',(0.,1.,-1.22464679914735E-16));
#2307=DIRECTION('center_axis',(-1.,-3.15689412453205E-32,-2.57779967802146E-16));
#2308=DIRECTION('ref_axis',(0.,1.,-1.22464679914735E-16));
#2309=DIRECTION('',(0.499999999999998,0.86602540378444,-8.32250638439089E-17));
#2310=DIRECTION('center_axis',(1.,3.15689412453205E-32,2.57779967802146E-16));
#2311=DIRECTION('ref_axis',(0.,1.,-1.22464679914735E-16));
#2312=DIRECTION('center_axis',(1.,3.15689412453205E-32,2.57779967802146E-16));
#2313=DIRECTION('ref_axis',(0.,1.,-1.22464679914735E-16));
#2314=DIRECTION('center_axis',(1.,3.15689412453205E-32,2.57779967802146E-16));
#2315=DIRECTION('ref_axis',(0.,1.,-1.22464679914735E-16));
#2316=DIRECTION('',(-1.,-3.15689412453205E-32,-2.57779967802146E-16));
#2317=DIRECTION('center_axis',(1.,3.15689412453205E-32,2.57779967802146E-16));
#2318=DIRECTION('ref_axis',(0.,1.,-1.22464679914735E-16));
#2319=DIRECTION('center_axis',(1.,3.15689412453205E-32,2.57779967802146E-16));
#2320=DIRECTION('ref_axis',(0.,1.,-1.22464679914735E-16));
#2321=DIRECTION('center_axis',(1.,3.15689412453205E-32,2.57779967802146E-16));
#2322=DIRECTION('ref_axis',(0.,1.,-1.22464679914735E-16));
#2323=DIRECTION('',(-1.,-3.15689412453205E-32,-2.57779967802146E-16));
#2324=DIRECTION('center_axis',(1.,3.15689412453205E-32,2.57779967802146E-16));
#2325=DIRECTION('ref_axis',(0.,-1.,1.22464679914735E-16));
#2326=DIRECTION('center_axis',(1.,3.15689412453205E-32,2.57779967802146E-16));
#2327=DIRECTION('ref_axis',(0.,-1.,1.22464679914735E-16));
#2328=DIRECTION('center_axis',(1.,3.15689412453205E-32,2.57779967802146E-16));
#2329=DIRECTION('ref_axis',(0.,-1.,1.22464679914735E-16));
#2330=DIRECTION('center_axis',(1.,3.15689412453205E-32,2.57779967802146E-16));
#2331=DIRECTION('ref_axis',(0.,-1.,1.22464679914735E-16));
#2332=DIRECTION('center_axis',(1.,3.15689412453205E-32,2.57779967802146E-16));
#2333=DIRECTION('ref_axis',(0.,-1.,1.22464679914735E-16));
#2334=DIRECTION('',(0.707106781186544,0.707106781186552,1.82277963286946E-16));
#2335=DIRECTION('center_axis',(-1.,-3.15689412453205E-32,-2.57779967802146E-16));
#2336=DIRECTION('ref_axis',(0.,-1.,1.22464679914735E-16));
#2337=DIRECTION('center_axis',(-1.,-3.15689412453205E-32,-2.57779967802146E-16));
#2338=DIRECTION('ref_axis',(0.,-1.,1.22464679914735E-16));
#2339=DIRECTION('center_axis',(1.,3.15689412453205E-32,2.57779967802146E-16));
#2340=DIRECTION('ref_axis',(0.,-1.,1.22464679914735E-16));
#2341=DIRECTION('center_axis',(1.,3.15689412453205E-32,2.57779967802146E-16));
#2342=DIRECTION('ref_axis',(0.,-1.,1.22464679914735E-16));
#2343=DIRECTION('center_axis',(1.,3.15689412453205E-32,2.57779967802146E-16));
#2344=DIRECTION('ref_axis',(0.,-1.,1.22464679914735E-16));
#2345=DIRECTION('',(0.707106781186544,0.707106781186552,1.82277963286946E-16));
#2346=DIRECTION('center_axis',(-1.,-3.15689412453205E-32,-2.57779967802146E-16));
#2347=DIRECTION('ref_axis',(0.,-1.,1.22464679914735E-16));
#2348=DIRECTION('center_axis',(-1.,-3.15689412453205E-32,-2.57779967802146E-16));
#2349=DIRECTION('ref_axis',(0.,-1.,1.22464679914735E-16));
#2350=DIRECTION('center_axis',(-1.,-3.15689412453205E-32,-2.57779967802146E-16));
#2351=DIRECTION('ref_axis',(0.,-1.,1.22464679914735E-16));
#2352=DIRECTION('',(-1.,-3.15689412453205E-32,-2.57779967802146E-16));
#2353=DIRECTION('center_axis',(1.,3.15689412453205E-32,2.57779967802146E-16));
#2354=DIRECTION('ref_axis',(2.57779967802146E-16,-1.22464679914735E-16,
-1.));
#2355=DIRECTION('center_axis',(1.,3.15689412453205E-32,2.57779967802146E-16));
#2356=DIRECTION('ref_axis',(0.,-1.,1.22464679914735E-16));
#2357=DIRECTION('',(-8.28105484783203E-32,1.,1.9878040822912E-16));
#2358=DIRECTION('center_axis',(1.,3.15689412453205E-32,2.57779967802146E-16));
#2359=DIRECTION('ref_axis',(0.,-1.,1.22464679914735E-16));
#2360=DIRECTION('',(-2.57779967802146E-16,5.01845350823682E-17,1.));
#2361=DIRECTION('center_axis',(1.,3.15689412453205E-32,2.57779967802146E-16));
#2362=DIRECTION('ref_axis',(0.,1.,-1.22464679914735E-16));
#2363=DIRECTION('',(-8.28105484783204E-32,-1.,4.4370976805859E-16));
#2364=DIRECTION('center_axis',(1.,3.15689412453205E-32,2.57779967802146E-16));
#2365=DIRECTION('ref_axis',(0.,1.,-1.22464679914735E-16));
#2366=DIRECTION('',(2.57779967802146E-16,-1.22464679914735E-16,-1.));
#2367=DIRECTION('center_axis',(-1.,-3.15689412453205E-32,-2.57779967802146E-16));
#2368=DIRECTION('ref_axis',(0.,-1.,1.22464679914735E-16));
#2369=DIRECTION('',(1.,3.15689412453205E-32,2.57779967802146E-16));
#2370=DIRECTION('center_axis',(1.,3.15689412453205E-32,2.57779967802146E-16));
#2371=DIRECTION('ref_axis',(0.,-1.,1.22464679914735E-16));
#2372=DIRECTION('',(1.,3.15689412453205E-32,2.57779967802146E-16));
#2373=DIRECTION('center_axis',(0.,-1.,1.22464679914735E-16));
#2374=DIRECTION('ref_axis',(2.57779967802146E-16,-1.22464679914735E-16,
-1.));
#2375=DIRECTION('',(1.,3.15689412453205E-32,2.57779967802146E-16));
#2376=DIRECTION('',(2.57779967802146E-16,-1.22464679914735E-16,-1.));
#2377=DIRECTION('center_axis',(-1.,-3.15689412453205E-32,-2.57779967802146E-16));
#2378=DIRECTION('ref_axis',(0.,-1.,1.22464679914735E-16));
#2379=DIRECTION('',(1.,3.15689412453205E-32,2.57779967802146E-16));
#2380=DIRECTION('center_axis',(1.,3.15689412453205E-32,2.57779967802146E-16));
#2381=DIRECTION('ref_axis',(0.,1.,-1.22464679914735E-16));
#2382=DIRECTION('center_axis',(-2.57779967802146E-16,4.4370976805859E-16,
1.));
#2383=DIRECTION('ref_axis',(-8.28105484783203E-32,-1.,4.4370976805859E-16));
#2384=DIRECTION('',(1.,3.15689412453205E-32,2.57779967802146E-16));
#2385=DIRECTION('',(-8.28105484783204E-32,-1.,4.4370976805859E-16));
#2386=DIRECTION('center_axis',(-1.,-3.15689412453205E-32,-2.57779967802146E-16));
#2387=DIRECTION('ref_axis',(0.,-1.,1.22464679914735E-16));
#2388=DIRECTION('',(1.,3.15689412453205E-32,2.57779967802146E-16));
#2389=DIRECTION('center_axis',(1.,3.15689412453205E-32,2.57779967802146E-16));
#2390=DIRECTION('ref_axis',(0.,1.,-1.22464679914735E-16));
#2391=DIRECTION('center_axis',(-1.8632373407622E-32,1.,-5.01845350823682E-17));
#2392=DIRECTION('ref_axis',(-2.57779967802146E-16,5.01845350823682E-17,
1.));
#2393=DIRECTION('',(1.,3.15689412453205E-32,2.57779967802146E-16));
#2394=DIRECTION('',(-2.57779967802146E-16,5.01845350823682E-17,1.));
#2395=DIRECTION('center_axis',(-1.,-3.15689412453205E-32,-2.57779967802146E-16));
#2396=DIRECTION('ref_axis',(0.,-1.,1.22464679914735E-16));
#2397=DIRECTION('',(1.,3.15689412453205E-32,2.57779967802146E-16));
#2398=DIRECTION('center_axis',(1.,3.15689412453205E-32,2.57779967802146E-16));
#2399=DIRECTION('ref_axis',(0.,-1.,1.22464679914735E-16));
#2400=DIRECTION('center_axis',(2.57779967802146E-16,1.9878040822912E-16,
-1.));
#2401=DIRECTION('ref_axis',(1.,3.15689412453205E-32,2.57779967802146E-16));
#2402=DIRECTION('',(-8.28105484783203E-32,1.,1.9878040822912E-16));
#2403=DIRECTION('center_axis',(1.,3.15689412453205E-32,2.57779967802146E-16));
#2404=DIRECTION('ref_axis',(2.57779967802146E-16,-1.22464679914735E-16,
-1.));
#2405=DIRECTION('center_axis',(1.,3.15689412453205E-32,2.57779967802146E-16));
#2406=DIRECTION('ref_axis',(2.57779967802146E-16,-1.22464679914735E-16,
-1.));
#2407=DIRECTION('center_axis',(1.,3.15689412453205E-32,2.57779967802146E-16));
#2408=DIRECTION('ref_axis',(2.57779967802146E-16,-1.22464679914735E-16,
-1.));
#2409=DIRECTION('center_axis',(-1.,-3.15689412453205E-32,-2.57779967802146E-16));
#2410=DIRECTION('ref_axis',(0.,1.,-1.22464679914735E-16));
#2411=DIRECTION('center_axis',(1.,-2.19957626396873E-48,1.3531528788741E-16));
#2412=DIRECTION('ref_axis',(-1.3531528788741E-16,-1.3531528788741E-16,1.));
#2413=DIRECTION('center_axis',(1.,-2.19957626396873E-48,1.3531528788741E-16));
#2414=DIRECTION('ref_axis',(-1.3531528788741E-16,-1.3531528788741E-16,1.));
#2415=DIRECTION('center_axis',(1.,-2.19957626396873E-48,1.3531528788741E-16));
#2416=DIRECTION('ref_axis',(-1.3531528788741E-16,-1.3531528788741E-16,1.));
#2417=DIRECTION('',(-0.707106781186543,-1.82277963286948E-16,0.707106781186552));
#2418=DIRECTION('center_axis',(-1.,2.61172008399751E-48,-1.3531528788741E-16));
#2419=DIRECTION('ref_axis',(-1.3531528788741E-16,-1.3531528788741E-16,1.));
#2420=DIRECTION('center_axis',(-1.,2.61172008399751E-48,-1.3531528788741E-16));
#2421=DIRECTION('ref_axis',(-1.3531528788741E-16,-1.3531528788741E-16,1.));
#2422=DIRECTION('center_axis',(-1.,3.34630141703543E-48,-1.3531528788741E-16));
#2423=DIRECTION('ref_axis',(-1.3531528788741E-16,-1.3531528788741E-16,1.));
#2424=DIRECTION('center_axis',(1.,-3.34630141703543E-48,1.3531528788741E-16));
#2425=DIRECTION('ref_axis',(-1.3531528788741E-16,-1.3531528788741E-16,1.));
#2426=DIRECTION('',(1.,-3.34630141703543E-48,1.3531528788741E-16));
#2427=DIRECTION('center_axis',(1.,-3.34630141703543E-48,1.3531528788741E-16));
#2428=DIRECTION('ref_axis',(-1.3531528788741E-16,-1.3531528788741E-16,1.));
#2429=DIRECTION('center_axis',(1.,-3.34630141703543E-48,1.3531528788741E-16));
#2430=DIRECTION('ref_axis',(-1.3531528788741E-16,-1.3531528788741E-16,1.));
#2431=DIRECTION('center_axis',(1.,-3.34630141703543E-48,1.3531528788741E-16));
#2432=DIRECTION('ref_axis',(-1.3531528788741E-16,-1.3531528788741E-16,1.));
#2433=DIRECTION('center_axis',(1.,-3.79262641905099E-48,1.3531528788741E-16));
#2434=DIRECTION('ref_axis',(-1.3531528788741E-16,-1.3531528788741E-16,1.));
#2435=DIRECTION('',(-0.707106781186549,-1.82277963286947E-16,0.707106781186546));
#2436=DIRECTION('center_axis',(1.,-3.79262641905099E-48,1.3531528788741E-16));
#2437=DIRECTION('ref_axis',(-1.3531528788741E-16,-1.3531528788741E-16,1.));
#2438=DIRECTION('center_axis',(1.,-3.79262641905099E-48,1.3531528788741E-16));
#2439=DIRECTION('ref_axis',(-1.3531528788741E-16,-1.3531528788741E-16,1.));
#2440=DIRECTION('center_axis',(-1.,4.65961072162501E-48,-1.3531528788741E-16));
#2441=DIRECTION('ref_axis',(-1.3531528788741E-16,-1.3531528788741E-16,1.));
#2442=DIRECTION('center_axis',(1.,-2.19957626396873E-48,1.3531528788741E-16));
#2443=DIRECTION('ref_axis',(-1.3531528788741E-16,-1.3531528788741E-16,1.));
#2444=DIRECTION('',(1.,-4.65961072162501E-48,1.3531528788741E-16));
#2445=DIRECTION('center_axis',(1.,-2.35503298690266E-48,1.3531528788741E-16));
#2446=DIRECTION('ref_axis',(-1.3531528788741E-16,-1.3531528788741E-16,1.));
#2447=DIRECTION('center_axis',(1.,-2.35503298690266E-48,1.3531528788741E-16));
#2448=DIRECTION('ref_axis',(-1.3531528788741E-16,-1.3531528788741E-16,1.));
#2449=DIRECTION('center_axis',(1.,-2.19957626396873E-48,1.3531528788741E-16));
#2450=DIRECTION('ref_axis',(-1.3531528788741E-16,-1.3531528788741E-16,1.));
#2451=DIRECTION('center_axis',(-1.,2.28198880041507E-48,-1.3531528788741E-16));
#2452=DIRECTION('ref_axis',(-1.3531528788741E-16,-1.3531528788741E-16,1.));
#2453=DIRECTION('center_axis',(1.,-2.28198880041507E-48,1.3531528788741E-16));
#2454=DIRECTION('ref_axis',(-1.3531528788741E-16,-1.3531528788741E-16,1.));
#2455=DIRECTION('',(1.,-2.28198880041507E-48,1.3531528788741E-16));
#2456=DIRECTION('center_axis',(1.,-4.97480463146462E-48,1.3531528788741E-16));
#2457=DIRECTION('ref_axis',(-1.3531528788741E-16,-1.3531528788741E-16,1.));
#2458=DIRECTION('center_axis',(1.,-4.97480463146462E-48,1.3531528788741E-16));
#2459=DIRECTION('ref_axis',(-1.3531528788741E-16,-1.3531528788741E-16,1.));
#2460=DIRECTION('center_axis',(1.,-2.28198880041507E-48,1.3531528788741E-16));
#2461=DIRECTION('ref_axis',(-1.3531528788741E-16,-1.3531528788741E-16,1.));
#2462=DIRECTION('center_axis',(-1.,2.19957626396873E-48,-1.3531528788741E-16));
#2463=DIRECTION('ref_axis',(-1.3531528788741E-16,-1.3531528788741E-16,1.));
#2464=DIRECTION('',(1.,-2.19957626396873E-48,1.3531528788741E-16));
#2465=DIRECTION('center_axis',(1.,-2.19957626396873E-48,1.3531528788741E-16));
#2466=DIRECTION('ref_axis',(-1.3531528788741E-16,-1.3531528788741E-16,1.));
#2467=DIRECTION('center_axis',(1.,-2.19957626396873E-48,1.3531528788741E-16));
#2468=DIRECTION('ref_axis',(-1.3531528788741E-16,-1.3531528788741E-16,1.));
#2469=DIRECTION('center_axis',(1.,-2.73691106313441E-48,1.3531528788741E-16));
#2470=DIRECTION('ref_axis',(1.83102271360526E-32,-1.,-1.3531528788741E-16));
#2471=DIRECTION('center_axis',(-1.,3.34630141703543E-48,-1.3531528788741E-16));
#2472=DIRECTION('ref_axis',(1.3531528788741E-16,1.3531528788741E-16,-1.));
#2473=DIRECTION('center_axis',(1.,-2.73691106313441E-48,1.3531528788741E-16));
#2474=DIRECTION('ref_axis',(1.83102271360526E-32,-1.,-1.3531528788741E-16));
#2475=DIRECTION('center_axis',(1.,-2.73691106313441E-48,1.3531528788741E-16));
#2476=DIRECTION('ref_axis',(1.83102271360526E-32,-1.,-1.3531528788741E-16));
#2477=DIRECTION('center_axis',(-1.,3.34630141703543E-48,-1.3531528788741E-16));
#2478=DIRECTION('ref_axis',(1.3531528788741E-16,1.3531528788741E-16,-1.));
#2479=CARTESIAN_POINT('',(0.,0.,0.));
#2480=CARTESIAN_POINT('Origin',(18.2507898121426,24.9576992018276,6.90058751899869));
#2481=CARTESIAN_POINT('',(8.35078981214256,24.9576992018276,7.65058751899869));
#2482=CARTESIAN_POINT('',(8.35078981214256,24.9576992018276,6.15058751899869));
#2483=CARTESIAN_POINT('Origin',(8.35078981214256,24.9576992018276,6.90058751899869));
#2484=CARTESIAN_POINT('',(12.3007898121426,24.9576992018276,6.15058751899869));
#2485=CARTESIAN_POINT('',(18.2507898121426,24.9576992018276,6.15058751899869));
#2486=CARTESIAN_POINT('',(12.3007898121426,24.9576992018276,7.65058751899869));
#2487=CARTESIAN_POINT('Origin',(12.3007898121426,24.9576992018276,6.90058751899869));
#2488=CARTESIAN_POINT('Origin',(12.3007898121426,24.9576992018276,6.90058751899869));
#2489=CARTESIAN_POINT('Origin',(8.35078981214256,24.9576992018276,6.90058751899869));
#2490=CARTESIAN_POINT('Origin',(3.25078981214255,-17.3423007981723,6.90058751899869));
#2491=CARTESIAN_POINT('',(4.95078981214256,-9.94230079817235,6.48525632585279));
#2492=CARTESIAN_POINT('',(3.25078981214255,-9.94229597687176,5.15058751899869));
#2493=CARTESIAN_POINT('Origin',(3.25078981214255,-9.94230079817235,6.90058751899869));
#2494=CARTESIAN_POINT('',(3.25078981214255,-17.3423007981723,5.15058751899869));
#2495=CARTESIAN_POINT('',(3.25078981214255,-17.3423007981723,5.15058751899869));
#2496=CARTESIAN_POINT('',(3.25078981214255,-17.3423007981723,8.65058751899869));
#2497=CARTESIAN_POINT('Origin',(3.25078981214255,-17.3423007981723,6.90058751899869));
#2498=CARTESIAN_POINT('Origin',(3.25078981214255,-17.3423007981723,6.90058751899869));
#2499=CARTESIAN_POINT('',(4.95078981214256,-9.94230079817235,7.31591871214459));
#2500=CARTESIAN_POINT('Origin',(3.25078981214255,-9.94230079817235,6.90058751899869));
#2501=CARTESIAN_POINT('Ctrl Pts',(4.95078981214255,-9.94230079817235,7.31591871214459));
#2502=CARTESIAN_POINT('Ctrl Pts',(4.96714306388969,-9.94230079817235,7.24898290662618));
#2503=CARTESIAN_POINT('Ctrl Pts',(4.9795287549435,-9.94229773609417,7.18113964897622));
#2504=CARTESIAN_POINT('Ctrl Pts',(4.99647932260918,-9.94229597686064,7.0423515795096));
#2505=CARTESIAN_POINT('Ctrl Pts',(5.00078981214247,-9.94230079833971,6.97150230333456));
#2506=CARTESIAN_POINT('Ctrl Pts',(5.00078981214247,-9.94230079800498,6.8296735341953));
#2507=CARTESIAN_POINT('Ctrl Pts',(4.99647941980266,-9.9422959813931,6.75882505526341));
#2508=CARTESIAN_POINT('Ctrl Pts',(4.97952904218088,-9.94229773901442,6.6200369626087));
#2509=CARTESIAN_POINT('Ctrl Pts',(4.96714325362298,-9.94230079817235,6.55219290797211));
#2510=CARTESIAN_POINT('Ctrl Pts',(4.95078981214255,-9.94230079817235,6.48525632585279));
#2511=CARTESIAN_POINT('Origin',(15.2507898121426,-17.3423007981723,6.90058751899869));
#2512=CARTESIAN_POINT('',(13.5507898121426,-9.94230079817235,7.31591871214458));
#2513=CARTESIAN_POINT('',(15.2507898121426,-9.94229597686095,5.15058751899869));
#2514=CARTESIAN_POINT('Origin',(15.2507898121426,-9.94230079817235,6.90058751899869));
#2515=CARTESIAN_POINT('',(15.2507898121426,-17.3423007981723,5.15058751899869));
#2516=CARTESIAN_POINT('',(15.2507898121426,-17.3423007981723,5.15058751899869));
#2517=CARTESIAN_POINT('',(15.2507898121426,-17.3423007981723,8.65058751899869));
#2518=CARTESIAN_POINT('Origin',(15.2507898121426,-17.3423007981723,6.90058751899869));
#2519=CARTESIAN_POINT('Origin',(15.2507898121426,-17.3423007981723,6.90058751899869));
#2520=CARTESIAN_POINT('',(13.5507898121426,-9.94230079817235,6.48525632585279));
#2521=CARTESIAN_POINT('Origin',(15.2507898121426,-9.94230079817235,6.90058751899869));
#2522=CARTESIAN_POINT('Ctrl Pts',(13.5507898121426,-9.94230079817235,6.48525632585279));
#2523=CARTESIAN_POINT('Ctrl Pts',(13.5344363706622,-9.94230079817235,6.55219290797199));
#2524=CARTESIAN_POINT('Ctrl Pts',(13.5220505821043,-9.94229773901442,6.62003696260864));
#2525=CARTESIAN_POINT('Ctrl Pts',(13.5051002044826,-9.9422959813931,6.75882505526264));
#2526=CARTESIAN_POINT('Ctrl Pts',(13.5007898121426,-9.94230079800498,6.82967353419491));
#2527=CARTESIAN_POINT('Ctrl Pts',(13.5007898121426,-9.94230079833971,6.97150230333492));
#2528=CARTESIAN_POINT('Ctrl Pts',(13.5051003016761,-9.94229597686064,7.04235157951032));
#2529=CARTESIAN_POINT('Ctrl Pts',(13.5220508693417,-9.94229773609417,7.18113964897629));
#2530=CARTESIAN_POINT('Ctrl Pts',(13.5344365603955,-9.94230079817235,7.24898290662635));
#2531=CARTESIAN_POINT('Ctrl Pts',(13.5507898121426,-9.94230079817235,7.31591871214458));
#2532=CARTESIAN_POINT('Origin',(6.20078981214256,-9.94230079817235,10.9005875189987));
#2533=CARTESIAN_POINT('',(6.20078981214256,22.7076992018277,2.90058751899869));
#2534=CARTESIAN_POINT('',(6.20078981214256,-8.69230079817235,2.90058751899869));
#2535=CARTESIAN_POINT('',(6.20078981214256,-9.94230079817235,2.90058751899869));
#2536=CARTESIAN_POINT('',(6.20078981214256,-8.69230079817235,6.48525632585279));
#2537=CARTESIAN_POINT('',(6.20078981214256,-8.69230079817235,10.9005875189987));
#2538=CARTESIAN_POINT('',(6.20078981214256,-8.69230079817235,7.31591871214459));
#2539=CARTESIAN_POINT('Ctrl Pts',(6.20078981214256,-8.69230079817235,6.48525632585279));
#2540=CARTESIAN_POINT('Ctrl Pts',(6.20078981214256,-8.69230081232799,6.62370045850837));
#2541=CARTESIAN_POINT('Ctrl Pts',(6.20078981214256,-8.69330119835016,6.76214338633702));
#2542=CARTESIAN_POINT('Ctrl Pts',(6.20078981214256,-8.6933012003318,6.90058748941583));
#2543=CARTESIAN_POINT('Ctrl Pts',(6.20078981214256,-8.69330120209978,7.02410376807333));
#2544=CARTESIAN_POINT('Ctrl Pts',(6.20078981184657,-8.69255370739568,7.14761895662836));
#2545=CARTESIAN_POINT('Ctrl Pts',(6.20078981211507,-8.69234147883485,7.27113502406281));
#2546=CARTESIAN_POINT('Ctrl Pts',(6.20078981214752,-8.69231582935872,7.28606290375087));
#2547=CARTESIAN_POINT('Ctrl Pts',(6.20078981214256,-8.69230079969585,7.30099080972724));
#2548=CARTESIAN_POINT('Ctrl Pts',(6.20078981214256,-8.69230079817235,7.31591871214459));
#2549=CARTESIAN_POINT('',(6.20078981214256,-8.69230079817235,10.9005875189987));
#2550=CARTESIAN_POINT('',(6.20078981214256,-8.69230079817235,10.9005875189987));
#2551=CARTESIAN_POINT('',(6.20078981214256,22.7076992018277,10.9005875189987));
#2552=CARTESIAN_POINT('',(6.20078981214256,-9.94230079817235,10.9005875189987));
#2553=CARTESIAN_POINT('',(6.20078981214256,22.7076992018277,9.30058751899869));
#2554=CARTESIAN_POINT('',(6.20078981214256,22.7076992018277,10.9005875189987));
#2555=CARTESIAN_POINT('',(6.20078981214256,21.7576992018277,9.30058751899869));
#2556=CARTESIAN_POINT('',(6.20078981214256,22.7076992018277,9.30058751899869));
#2557=CARTESIAN_POINT('',(6.20078981214256,21.7576992018277,4.50058751899869));
#2558=CARTESIAN_POINT('',(6.20078981214256,21.7576992018277,9.30058751899869));
#2559=CARTESIAN_POINT('',(6.20078981214256,22.7076992018277,4.50058751899869));
#2560=CARTESIAN_POINT('',(6.20078981214256,22.7076992018277,4.50058751899869));
#2561=CARTESIAN_POINT('',(6.20078981214256,22.7076992018277,10.9005875189987));
#2562=CARTESIAN_POINT('Origin',(6.20078981214256,-9.94230079817235,2.90058751899869));
#2563=CARTESIAN_POINT('',(8.25728371521887,27.2076992018277,2.90058751899869));
#2564=CARTESIAN_POINT('',(6.20078981214256,27.2076992018277,2.90058751899869));
#2565=CARTESIAN_POINT('',(-36.8437080408905,27.2076992018277,2.90058751899869));
#2566=CARTESIAN_POINT('',(6.20078981214256,29.1576992018277,2.90058751899869));
#2567=CARTESIAN_POINT('',(6.20078981214256,-9.94230079817235,2.90058751899869));
#2568=CARTESIAN_POINT('',(6.50078981214255,29.1576992018277,2.90058751899869));
#2569=CARTESIAN_POINT('',(6.20078981214256,29.1576992018277,2.90058751899869));
#2570=CARTESIAN_POINT('',(7.91144998392236,27.7470390300478,2.90058751899869));
#2571=CARTESIAN_POINT('',(-5.13822656652311,40.7967155804932,2.90058751899869));
#2572=CARTESIAN_POINT('Origin',(6.85078981214255,26.686378858268,2.90058751899869));
#2573=CARTESIAN_POINT('Origin',(6.20078981214256,-9.94230079817235,10.9005875189987));
#2574=CARTESIAN_POINT('',(6.20078981214256,27.2076992018277,10.9005875189987));
#2575=CARTESIAN_POINT('',(6.20078981214256,27.2076992018277,10.9005875189987));
#2576=CARTESIAN_POINT('',(6.20078981214256,29.1576992018277,10.9005875189987));
#2577=CARTESIAN_POINT('',(6.20078981214256,-9.94230079817235,10.9005875189987));
#2578=CARTESIAN_POINT('',(6.20078981214256,29.1576992018277,10.9005875189987));
#2579=CARTESIAN_POINT('Origin',(6.20078981214256,-9.94230079817235,10.9005875189987));
#2580=CARTESIAN_POINT('',(6.50078981214256,29.1576992018277,10.9005875189987));
#2581=CARTESIAN_POINT('',(7.91144998392237,27.7470390300478,10.9005875189987));
#2582=CARTESIAN_POINT('',(6.50078981214256,29.1576992018277,10.9005875189987));
#2583=CARTESIAN_POINT('',(6.20078981214256,29.1576992018277,10.9005875189987));
#2584=CARTESIAN_POINT('',(8.25728371521888,27.2076992018277,10.9005875189987));
#2585=CARTESIAN_POINT('',(8.25728371521888,27.2076992018277,10.9005875189987));
#2586=CARTESIAN_POINT('Origin',(6.85078981214255,26.686378858268,10.9005875189987));
#2587=CARTESIAN_POINT('Origin',(8.35078981214256,29.1576992018277,5.87558751899869));
#2588=CARTESIAN_POINT('',(8.35078981214256,22.7076992018277,2.90058751899869));
#2589=CARTESIAN_POINT('',(8.35078981214256,-14.5423007981723,2.90058751899869));
#2590=CARTESIAN_POINT('',(8.35078981214256,-9.94230079817235,2.90058751899869));
#2591=CARTESIAN_POINT('',(8.35078981214256,22.7076992018277,5.87558751899869));
#2592=CARTESIAN_POINT('',(8.35078981214256,22.7076992018277,5.87558751899869));
#2593=CARTESIAN_POINT('',(8.35078981214256,-14.5423007981723,5.87558751899869));
#2594=CARTESIAN_POINT('',(8.35078981214256,29.1576992018277,5.87558751899869));
#2595=CARTESIAN_POINT('',(8.35078981214256,-14.5423007981723,5.87558751899869));
#2596=CARTESIAN_POINT('Origin',(10.1507898121426,29.1576992018277,5.87558751899869));
#2597=CARTESIAN_POINT('',(10.1507898121426,-14.5423007981723,5.87558751899869));
#2598=CARTESIAN_POINT('',(10.1507898121426,-14.5423007981723,2.90058751899869));
#2599=CARTESIAN_POINT('',(10.1507898121426,-14.5423007981723,5.87558751899869));
#2600=CARTESIAN_POINT('',(10.1507898121426,26.686378858268,5.87558751899869));
#2601=CARTESIAN_POINT('',(10.1507898121426,29.1576992018277,5.87558751899869));
#2602=CARTESIAN_POINT('',(10.1507898121426,26.686378858268,2.90058751899869));
#2603=CARTESIAN_POINT('',(10.1507898121426,26.686378858268,17.5920853478337));
#2604=CARTESIAN_POINT('',(10.1507898121426,-9.94230079817235,2.90058751899869));
#2605=CARTESIAN_POINT('Origin',(6.20078981214256,-9.94230079817235,2.90058751899869));
#2606=CARTESIAN_POINT('',(2.00078981214256,-17.3423007981723,2.90058751899869));
#2607=CARTESIAN_POINT('',(5.35078981214255,-17.3423007981723,2.90058751899869));
#2608=CARTESIAN_POINT('',(0.250789812142555,-17.3423007981723,2.90058751899869));
#2609=CARTESIAN_POINT('',(2.00078981214256,-9.94230079817235,2.90058751899869));
#2610=CARTESIAN_POINT('',(2.00078981214256,-9.94230079817235,2.90058751899869));
#2611=CARTESIAN_POINT('',(4.95078981214255,-9.94230079817235,2.90058751899869));
#2612=CARTESIAN_POINT('',(0.250789812142555,-9.94230079817235,2.90058751899869));
#2613=CARTESIAN_POINT('Origin',(4.95078981214256,-8.69230079817235,2.90058751899869));
#2614=CARTESIAN_POINT('',(-36.8437080408905,22.7076992018277,2.90058751899869));
#2615=CARTESIAN_POINT('',(5.35078981214255,-14.5423007981723,2.90058751899869));
#2616=CARTESIAN_POINT('',(6.20078981214256,-14.5423007981723,2.90058751899869));
#2617=CARTESIAN_POINT('',(5.35078981214255,-14.5423007981723,2.90058751899869));
#2618=CARTESIAN_POINT('Origin',(6.20078981214256,-9.94230079817235,10.9005875189987));
#2619=CARTESIAN_POINT('',(13.1507898121426,-17.3423007981723,10.9005875189987));
#2620=CARTESIAN_POINT('',(16.5007898121426,-17.3423007981723,10.9005875189987));
#2621=CARTESIAN_POINT('',(0.250789812142555,-17.3423007981723,10.9005875189987));
#2622=CARTESIAN_POINT('',(16.5007898121426,-9.94230079817235,10.9005875189987));
#2623=CARTESIAN_POINT('',(16.5007898121426,-9.94230079817235,10.9005875189987));
#2624=CARTESIAN_POINT('',(13.5507898121426,-9.94230079817235,10.9005875189987));
#2625=CARTESIAN_POINT('',(12.3007898121426,-9.94230079817235,10.9005875189987));
#2626=CARTESIAN_POINT('',(12.3007898121426,-8.69230079817235,10.9005875189987));
#2627=CARTESIAN_POINT('Origin',(13.5507898121426,-8.69230079817235,10.9005875189987));
#2628=CARTESIAN_POINT('',(12.3007898121426,29.1576992018277,10.9005875189987));
#2629=CARTESIAN_POINT('',(12.3007898121426,-9.94230079817235,10.9005875189987));
#2630=CARTESIAN_POINT('',(12.0007898121426,29.1576992018277,10.9005875189987));
#2631=CARTESIAN_POINT('',(6.20078981214256,29.1576992018277,10.9005875189987));
#2632=CARTESIAN_POINT('',(10.5901296403628,27.7470390300478,10.9005875189987));
#2633=CARTESIAN_POINT('',(12.0007898121426,29.1576992018277,10.9005875189987));
#2634=CARTESIAN_POINT('',(10.1507898121426,26.686378858268,10.9005875189987));
#2635=CARTESIAN_POINT('Origin',(11.6507898121426,26.686378858268,10.9005875189987));
#2636=CARTESIAN_POINT('',(10.1507898121426,-14.5423007981723,10.9005875189987));
#2637=CARTESIAN_POINT('',(10.1507898121426,-9.94230079817235,10.9005875189987));
#2638=CARTESIAN_POINT('',(13.1507898121426,-14.5423007981723,10.9005875189987));
#2639=CARTESIAN_POINT('',(6.20078981214256,-14.5423007981723,10.9005875189987));
#2640=CARTESIAN_POINT('',(13.1507898121426,-14.5423007981723,10.9005875189987));
#2641=CARTESIAN_POINT('Origin',(0.250789812142555,-17.3423007981723,10.9005875189987));
#2642=CARTESIAN_POINT('',(18.2507898121426,-17.3423007981723,9.15058751899869));
#2643=CARTESIAN_POINT('',(18.2507898121426,-17.3423007981723,4.65058751899869));
#2644=CARTESIAN_POINT('',(18.2507898121426,-17.3423007981723,10.9005875189987));
#2645=CARTESIAN_POINT('Origin',(16.5007898121426,-17.3423007981723,9.15058751899869));
#2646=CARTESIAN_POINT('',(10.9257898121426,-17.3423007981723,8.02741630380076));
#2647=CARTESIAN_POINT('Origin',(10.1507898121426,-17.3423007981723,10.9256925610155));
#2648=CARTESIAN_POINT('',(10.9257898121426,-17.3423007981723,5.77375873419662));
#2649=CARTESIAN_POINT('',(10.9257898121426,-17.3423007981723,10.9005875189987));
#2650=CARTESIAN_POINT('',(13.1507898121426,-17.3423007981723,2.90058751899869));
#2651=CARTESIAN_POINT('Origin',(10.1507898121426,-17.3423007981723,2.87548247698188));
#2652=CARTESIAN_POINT('',(16.5007898121426,-17.3423007981723,2.90058751899869));
#2653=CARTESIAN_POINT('',(0.250789812142555,-17.3423007981723,2.90058751899869));
#2654=CARTESIAN_POINT('Origin',(16.5007898121426,-17.3423007981723,4.65058751899869));
#2655=CARTESIAN_POINT('Origin',(0.250789812142555,-9.94230079817235,10.9005875189987));
#2656=CARTESIAN_POINT('',(0.250789812142555,-9.94230079817235,4.65058751899869));
#2657=CARTESIAN_POINT('Origin',(2.00078981214256,-9.94230079817235,4.65058751899869));
#2658=CARTESIAN_POINT('',(0.250789812142555,-9.94230079817235,9.15058751899869));
#2659=CARTESIAN_POINT('',(0.250789812142555,-9.94230079817235,10.9005875189987));
#2660=CARTESIAN_POINT('',(2.00078981214256,-9.94230079817235,10.9005875189987));
#2661=CARTESIAN_POINT('Origin',(2.00078981214256,-9.94230079817235,9.15058751899869));
#2662=CARTESIAN_POINT('',(4.95078981214255,-9.94230079817235,10.9005875189987));
#2663=CARTESIAN_POINT('',(0.250789812142555,-9.94230079817235,10.9005875189987));
#2664=CARTESIAN_POINT('',(4.95078981214256,-9.94230079817235,2.90058751899869));
#2665=CARTESIAN_POINT('',(4.95078981214256,-9.94230079817235,2.90058751899869));
#2666=CARTESIAN_POINT('Origin',(0.250789812142555,-17.3423007981723,10.9005875189987));
#2667=CARTESIAN_POINT('',(0.250789812142555,-17.3423007981723,4.65058751899869));
#2668=CARTESIAN_POINT('',(0.250789812142555,-17.3423007981723,4.65058751899869));
#2669=CARTESIAN_POINT('',(0.250789812142555,-17.3423007981723,9.15058751899869));
#2670=CARTESIAN_POINT('',(0.250789812142555,-17.3423007981723,10.9005875189987));
#2671=CARTESIAN_POINT('',(0.250789812142555,-9.94230079817235,9.15058751899869));
#2672=CARTESIAN_POINT('Origin',(0.250789812142555,-17.3423007981723,10.9005875189987));
#2673=CARTESIAN_POINT('Origin',(2.00078981214256,-17.3423007981723,4.65058751899869));
#2674=CARTESIAN_POINT('',(7.57578981214255,-17.3423007981723,5.77375873419662));
#2675=CARTESIAN_POINT('Origin',(8.35078981214255,-17.3423007981723,2.87548247698188));
#2676=CARTESIAN_POINT('',(7.57578981214255,-17.3423007981723,8.02741630380076));
#2677=CARTESIAN_POINT('',(7.57578981214255,-17.3423007981723,10.9005875189987));
#2678=CARTESIAN_POINT('',(5.35078981214255,-17.3423007981723,10.9005875189987));
#2679=CARTESIAN_POINT('Origin',(8.35078981214255,-17.3423007981723,10.9256925610155));
#2680=CARTESIAN_POINT('',(2.00078981214256,-17.3423007981723,10.9005875189987));
#2681=CARTESIAN_POINT('',(0.250789812142555,-17.3423007981723,10.9005875189987));
#2682=CARTESIAN_POINT('Origin',(2.00078981214256,-17.3423007981723,9.15058751899869));
#2683=CARTESIAN_POINT('Origin',(18.2507898121426,-17.3423007981723,10.9005875189987));
#2684=CARTESIAN_POINT('',(18.2507898121426,-9.94230079817235,9.15058751899869));
#2685=CARTESIAN_POINT('',(18.2507898121426,-9.94230079817235,4.65058751899869));
#2686=CARTESIAN_POINT('',(18.2507898121426,-9.94230079817235,10.9005875189987));
#2687=CARTESIAN_POINT('',(18.2507898121426,-17.3423007981723,9.15058751899869));
#2688=CARTESIAN_POINT('',(18.2507898121426,-17.3423007981723,4.65058751899869));
#2689=CARTESIAN_POINT('Origin',(12.3007898121426,-9.94230079817235,10.9005875189987));
#2690=CARTESIAN_POINT('Origin',(16.5007898121426,-9.94230079817235,9.15058751899869));
#2691=CARTESIAN_POINT('',(16.5007898121426,-9.94230079817235,2.90058751899869));
#2692=CARTESIAN_POINT('Origin',(16.5007898121426,-9.94230079817235,4.65058751899869));
#2693=CARTESIAN_POINT('',(13.5507898121426,-9.94230079817235,2.90058751899869));
#2694=CARTESIAN_POINT('',(12.3007898121426,-9.94230079817235,2.90058751899869));
#2695=CARTESIAN_POINT('',(13.5507898121426,-9.94230079817235,10.9005875189987));
#2696=CARTESIAN_POINT('',(13.5507898121426,-9.94230079817235,10.9005875189987));
#2697=CARTESIAN_POINT('Origin',(12.3007898121426,-9.94230079817235,10.9005875189987));
#2698=CARTESIAN_POINT('',(12.3007898121426,-8.69230079817235,7.31591871214458));
#2699=CARTESIAN_POINT('',(12.3007898121426,-8.69230079817235,2.90058751899869));
#2700=CARTESIAN_POINT('',(12.3007898121426,-8.69230079817235,6.48525632585279));
#2701=CARTESIAN_POINT('Ctrl Pts',(12.3007898121426,-8.69230079817235,7.31591871214458));
#2702=CARTESIAN_POINT('Ctrl Pts',(12.3007898121426,-8.69230079969585,7.30099080972723));
#2703=CARTESIAN_POINT('Ctrl Pts',(12.3007898121376,-8.69231582936555,7.28606290375081));
#2704=CARTESIAN_POINT('Ctrl Pts',(12.3007898121701,-8.69234147880598,7.27113504086084));
#2705=CARTESIAN_POINT('Ctrl Pts',(12.3007898124386,-8.69255370415757,7.14762080830149));
#2706=CARTESIAN_POINT('Ctrl Pts',(12.3007898130391,-8.69334971817367,7.02410407556693));
#2707=CARTESIAN_POINT('Ctrl Pts',(12.3007898127162,-8.69333906621267,6.90059002386105));
#2708=CARTESIAN_POINT('Ctrl Pts',(12.3007898123542,-8.69332712661405,6.76214526214666));
#2709=CARTESIAN_POINT('Ctrl Pts',(12.3007898121426,-8.6923008123281,6.62370148540453));
#2710=CARTESIAN_POINT('Ctrl Pts',(12.3007898121426,-8.69230079817235,6.48525632585279));
#2711=CARTESIAN_POINT('',(12.3007898121426,-8.69230079817235,2.90058751899869));
#2712=CARTESIAN_POINT('',(12.3007898121426,-8.69230079817235,2.90058751899869));
#2713=CARTESIAN_POINT('',(12.3007898121426,29.1576992018277,2.90058751899869));
#2714=CARTESIAN_POINT('',(12.3007898121426,-9.94230079817235,2.90058751899869));
#2715=CARTESIAN_POINT('',(12.3007898121426,29.1576992018277,10.9005875189987));
#2716=CARTESIAN_POINT('Origin',(6.20078981214256,29.1576992018277,10.9005875189987));
#2717=CARTESIAN_POINT('',(12.0007898121426,29.1576992018276,5.87558751899869));
#2718=CARTESIAN_POINT('',(6.50078981214255,29.1576992018276,5.87558751899869));
#2719=CARTESIAN_POINT('',(10.1507898121426,29.1576992018277,5.87558751899869));
#2720=CARTESIAN_POINT('',(6.50078981214255,29.1576992018277,17.5920853478337));
#2721=CARTESIAN_POINT('',(6.50078981214256,29.1576992018277,7.92558751899869));
#2722=CARTESIAN_POINT('',(6.50078981214256,29.1576992018277,-3.96655733090151));
#2723=CARTESIAN_POINT('',(12.0007898121426,29.1576992018277,7.92558751899869));
#2724=CARTESIAN_POINT('',(10.1507898121426,29.1576992018277,7.92558751899869));
#2725=CARTESIAN_POINT('',(12.0007898121426,29.1576992018277,-3.96655733090151));
#2726=CARTESIAN_POINT('',(12.0007898121426,29.1576992018276,2.90058751899869));
#2727=CARTESIAN_POINT('',(6.20078981214256,29.1576992018277,2.90058751899869));
#2728=CARTESIAN_POINT('',(12.0007898121426,29.1576992018276,17.5920853478337));
#2729=CARTESIAN_POINT('Origin',(6.20078981214256,-9.94230079817235,10.9005875189987));
#2730=CARTESIAN_POINT('',(2.00078981214256,-17.3423007981723,10.9005875189987));
#2731=CARTESIAN_POINT('',(5.35078981214255,-14.5423007981723,10.9005875189987));
#2732=CARTESIAN_POINT('',(5.35078981214255,-14.5423007981723,10.9005875189987));
#2733=CARTESIAN_POINT('',(8.35078981214255,-14.5423007981723,10.9005875189987));
#2734=CARTESIAN_POINT('',(6.20078981214256,-14.5423007981723,10.9005875189987));
#2735=CARTESIAN_POINT('',(8.35078981214256,22.7076992018277,10.9005875189987));
#2736=CARTESIAN_POINT('',(8.35078981214256,-9.94230079817235,10.9005875189987));
#2737=CARTESIAN_POINT('',(10.1507898121426,22.7076992018277,10.9005875189987));
#2738=CARTESIAN_POINT('Origin',(4.95078981214256,-8.69230079817235,10.9005875189987));
#2739=CARTESIAN_POINT('Origin',(6.20078981214256,-9.94230079817235,2.90058751899869));
#2740=CARTESIAN_POINT('',(16.5007898121426,-9.94230079817235,2.90058751899869));
#2741=CARTESIAN_POINT('',(13.1507898121426,-14.5423007981723,2.90058751899869));
#2742=CARTESIAN_POINT('',(13.1507898121426,-14.5423007981723,2.90058751899869));
#2743=CARTESIAN_POINT('',(6.20078981214256,-14.5423007981723,2.90058751899869));
#2744=CARTESIAN_POINT('',(10.5901296403628,27.7470390300478,2.90058751899869));
#2745=CARTESIAN_POINT('Origin',(11.6507898121426,26.686378858268,2.90058751899869));
#2746=CARTESIAN_POINT('',(-22.4546916622252,-5.29778227253985,2.90058751899869));
#2747=CARTESIAN_POINT('Origin',(13.5507898121426,-8.69230079817235,2.90058751899869));
#2748=CARTESIAN_POINT('Origin',(10.9257898121426,-17.8423007981723,2.90058751899869));
#2749=CARTESIAN_POINT('',(10.9257898121426,-16.3423007981723,5.77375873419662));
#2750=CARTESIAN_POINT('',(10.9257898121426,-16.3423007981723,8.02741630380076));
#2751=CARTESIAN_POINT('',(10.9257898121426,-16.3423007981723,2.90058751899869));
#2752=CARTESIAN_POINT('',(10.9257898121426,-14.5423007981723,5.77375873419662));
#2753=CARTESIAN_POINT('',(10.9257898121426,-14.5423007981723,8.02741630380076));
#2754=CARTESIAN_POINT('Origin',(7.57578981214255,-17.8423007981723,2.90058751899869));
#2755=CARTESIAN_POINT('',(7.57578981214255,-16.3423007981723,5.77375873419662));
#2756=CARTESIAN_POINT('',(7.57578981214255,-14.5423007981723,5.77375873419662));
#2757=CARTESIAN_POINT('',(7.57578981214255,-16.3423007981723,8.02741630380076));
#2758=CARTESIAN_POINT('',(7.57578981214255,-16.3423007981723,2.90058751899869));
#2759=CARTESIAN_POINT('',(7.57578981214255,-14.5423007981723,8.02741630380076));
#2760=CARTESIAN_POINT('Origin',(7.57578981214255,-16.3423007981723,2.90058751899869));
#2761=CARTESIAN_POINT('',(8.35078981214256,-16.3423007981723,5.87558751899869));
#2762=CARTESIAN_POINT('Origin',(8.35078981214255,-16.3423007981723,2.87548247698188));
#2763=CARTESIAN_POINT('',(10.1507898121426,-16.3423007981723,5.87558751899869));
#2764=CARTESIAN_POINT('',(7.57578981214255,-16.3423007981723,5.87558751899869));
#2765=CARTESIAN_POINT('Origin',(10.1507898121426,-16.3423007981723,2.87548247698188));
#2766=CARTESIAN_POINT('',(10.1507898121426,-16.3423007981723,7.92558751899869));
#2767=CARTESIAN_POINT('Origin',(10.1507898121426,-16.3423007981723,10.9256925610155));
#2768=CARTESIAN_POINT('',(8.35078981214256,-16.3423007981723,7.92558751899869));
#2769=CARTESIAN_POINT('',(7.57578981214255,-16.3423007981723,7.92558751899869));
#2770=CARTESIAN_POINT('Origin',(8.35078981214255,-16.3423007981723,10.9256925610155));
#2771=CARTESIAN_POINT('Origin',(10.1507898121426,29.1576992018277,7.92558751899869));
#2772=CARTESIAN_POINT('',(7.91144998392237,27.7470390300478,7.92558751899869));
#2773=CARTESIAN_POINT('',(8.25728371521887,27.2076992018277,7.92558751899869));
#2774=CARTESIAN_POINT('Origin',(6.85078981214255,26.686378858268,7.92558751899869));
#2775=CARTESIAN_POINT('',(8.35078981214256,27.2076992018277,7.92558751899869));
#2776=CARTESIAN_POINT('',(13.2957367279345,27.2076992018277,7.92558751899869));
#2777=CARTESIAN_POINT('',(8.35078981214256,22.7076992018277,7.92558751899869));
#2778=CARTESIAN_POINT('',(8.35078981214256,27.2076992018277,7.92558751899869));
#2779=CARTESIAN_POINT('',(8.35078981214256,-14.5423007981723,7.92558751899869));
#2780=CARTESIAN_POINT('',(8.35078981214256,29.1576992018277,7.92558751899869));
#2781=CARTESIAN_POINT('',(8.35078981214256,-14.5423007981723,7.92558751899869));
#2782=CARTESIAN_POINT('',(10.1507898121426,-14.5423007981723,7.92558751899869));
#2783=CARTESIAN_POINT('',(10.1507898121426,-14.5423007981723,7.92558751899869));
#2784=CARTESIAN_POINT('',(10.1507898121426,26.686378858268,7.92558751899869));
#2785=CARTESIAN_POINT('',(10.1507898121426,29.1576992018277,7.92558751899869));
#2786=CARTESIAN_POINT('',(10.5901296403628,27.7470390300478,7.92558751899869));
#2787=CARTESIAN_POINT('Origin',(11.6507898121426,26.686378858268,7.92558751899869));
#2788=CARTESIAN_POINT('',(12.0007898121426,29.1576992018277,7.92558751899869));
#2789=CARTESIAN_POINT('',(6.50078981214256,29.1576992018277,7.92558751899869));
#2790=CARTESIAN_POINT('Origin',(10.1507898121426,29.1576992018277,12.7330362089987));
#2791=CARTESIAN_POINT('',(10.1507898121426,26.686378858268,-3.96655733090151));
#2792=CARTESIAN_POINT('',(10.1507898121426,-14.5423007981723,12.7330362089987));
#2793=CARTESIAN_POINT('Origin',(8.35078981214255,29.1576992018277,12.7330362089987));
#2794=CARTESIAN_POINT('',(8.35078981214255,22.7076992018277,12.7330362089987));
#2795=CARTESIAN_POINT('',(8.35078981214255,-14.5423007981723,12.7330362089987));
#2796=CARTESIAN_POINT('Origin',(10.1507898121426,29.1576992018277,5.87558751899869));
#2797=CARTESIAN_POINT('',(8.35078981214256,27.2076992018277,5.87558751899869));
#2798=CARTESIAN_POINT('',(8.35078981214256,27.2076992018277,5.87558751899869));
#2799=CARTESIAN_POINT('',(8.25728371521887,27.2076992018277,5.87558751899869));
#2800=CARTESIAN_POINT('',(13.2957367279345,27.2076992018277,5.87558751899869));
#2801=CARTESIAN_POINT('',(7.91144998392237,27.7470390300479,5.87558751899869));
#2802=CARTESIAN_POINT('Origin',(6.85078981214255,26.686378858268,5.87558751899869));
#2803=CARTESIAN_POINT('',(-5.13822656652311,40.7967155804932,5.87558751899869));
#2804=CARTESIAN_POINT('',(10.5901296403628,27.7470390300478,5.87558751899869));
#2805=CARTESIAN_POINT('',(-22.4546916622252,-5.29778227253985,5.87558751899869));
#2806=CARTESIAN_POINT('Origin',(11.6507898121426,26.686378858268,5.87558751899869));
#2807=CARTESIAN_POINT('',(10.1507898121426,-14.5423007981723,5.87558751899869));
#2808=CARTESIAN_POINT('',(8.35078981214256,-14.5423007981723,5.87558751899869));
#2809=CARTESIAN_POINT('Origin',(8.35078981214255,-14.5423007981723,10.9256925610155));
#2810=CARTESIAN_POINT('Origin',(8.35078981214255,-14.5423007981723,10.9256925610155));
#2811=CARTESIAN_POINT('Origin',(8.35078981214255,-14.5423007981723,10.9256925610155));
#2812=CARTESIAN_POINT('Origin',(10.1507898121426,-14.5423007981723,10.9256925610155));
#2813=CARTESIAN_POINT('Origin',(10.1507898121426,-14.5423007981723,10.9256925610155));
#2814=CARTESIAN_POINT('Origin',(8.35078981214255,-14.5423007981723,10.9256925610155));
#2815=CARTESIAN_POINT('Origin',(8.35078981214255,-14.5423007981723,2.87548247698188));
#2816=CARTESIAN_POINT('Origin',(10.1507898121426,-14.5423007981723,2.87548247698188));
#2817=CARTESIAN_POINT('Origin',(10.1507898121426,-14.5423007981723,2.87548247698188));
#2818=CARTESIAN_POINT('Origin',(8.35078981214255,-14.5423007981723,2.87548247698188));
#2819=CARTESIAN_POINT('Origin',(8.35078981214255,-14.5423007981723,2.87548247698188));
#2820=CARTESIAN_POINT('Origin',(8.35078981214255,-14.5423007981723,2.87548247698188));
#2821=CARTESIAN_POINT('Origin',(10.1507898121426,22.7076992018277,-3.96655733090151));
#2822=CARTESIAN_POINT('',(8.35078981214256,22.7076992018277,7.92558751899869));
#2823=CARTESIAN_POINT('',(5.25078981214256,22.7076992018277,4.50058751899869));
#2824=CARTESIAN_POINT('',(5.25078981214256,22.7076992018277,4.50058751899869));
#2825=CARTESIAN_POINT('',(5.25078981214256,22.7076992018277,9.30058751899869));
#2826=CARTESIAN_POINT('',(5.25078981214256,22.7076992018277,9.30058751899869));
#2827=CARTESIAN_POINT('',(5.25078981214256,22.7076992018277,9.30058751899869));
#2828=CARTESIAN_POINT('Origin',(8.25728371521888,27.2076992018277,-3.96655733090151));
#2829=CARTESIAN_POINT('',(8.25728371521887,27.2076992018277,17.5920853478337));
#2830=CARTESIAN_POINT('',(8.35078981214256,27.2076992018277,5.87558751899869));
#2831=CARTESIAN_POINT('',(8.25728371521888,27.2076992018277,-3.96655733090151));
#2832=CARTESIAN_POINT('Origin',(6.85078981214255,26.686378858268,-3.96655733090151));
#2833=CARTESIAN_POINT('',(7.91144998392237,27.7470390300478,-3.96655733090151));
#2834=CARTESIAN_POINT('Origin',(6.50078981214256,29.1576992018277,-3.96655733090151));
#2835=CARTESIAN_POINT('Origin',(11.6507898121426,26.686378858268,-3.96655733090151));
#2836=CARTESIAN_POINT('',(10.5901296403628,27.7470390300478,-3.96655733090151));
#2837=CARTESIAN_POINT('Origin',(12.0007898121426,29.1576992018277,-3.96655733090151));
#2838=CARTESIAN_POINT('Origin',(11.6507898121426,26.686378858268,17.5920853478337));
#2839=CARTESIAN_POINT('',(10.5901296403628,27.7470390300478,17.5920853478337));
#2840=CARTESIAN_POINT('Origin',(-22.4546916622252,-5.29778227253985,17.5920853478337));
#2841=CARTESIAN_POINT('Origin',(6.85078981214255,26.686378858268,17.5920853478337));
#2842=CARTESIAN_POINT('',(7.91144998392236,27.7470390300478,17.5920853478337));
#2843=CARTESIAN_POINT('Origin',(-5.13822656652311,40.7967155804932,17.5920853478337));
#2844=CARTESIAN_POINT('Origin',(8.35078981214255,29.1576992018277,12.7330362089987));
#2845=CARTESIAN_POINT('Origin',(5.25078981214256,22.7076992018277,9.30058751899869));
#2846=CARTESIAN_POINT('',(5.25078981214256,21.7576992018277,9.30058751899869));
#2847=CARTESIAN_POINT('',(5.25078981214256,22.7076992018277,9.30058751899869));
#2848=CARTESIAN_POINT('',(5.25078981214256,21.7576992018277,9.30058751899869));
#2849=CARTESIAN_POINT('Origin',(5.25078981214256,22.7076992018277,4.50058751899869));
#2850=CARTESIAN_POINT('',(5.25078981214256,21.7576992018277,4.50058751899869));
#2851=CARTESIAN_POINT('',(5.25078981214256,21.7576992018277,4.50058751899869));
#2852=CARTESIAN_POINT('',(5.25078981214256,22.7076992018277,4.50058751899869));
#2853=CARTESIAN_POINT('Origin',(5.25078981214256,21.7576992018277,9.30058751899869));
#2854=CARTESIAN_POINT('',(5.25078981214256,21.7576992018277,9.30058751899869));
#2855=CARTESIAN_POINT('Origin',(5.25078981214256,21.7576992018277,9.30058751899869));
#2856=CARTESIAN_POINT('Origin',(4.95078981214256,-8.69230079817235,10.9005875189987));
#2857=CARTESIAN_POINT('Origin',(4.95078981214256,-8.69230079817235,6.48525632585279));
#2858=CARTESIAN_POINT('Ctrl Pts',(4.95078980131483,-9.94230079817235,7.31591871214459));
#2859=CARTESIAN_POINT('Ctrl Pts',(6.20078981214256,-9.94230080900008,7.31591871214459));
#2860=CARTESIAN_POINT('Ctrl Pts',(6.20078981214256,-8.69230079817235,7.31591871214459));
#2861=CARTESIAN_POINT('Ctrl Pts',(4.98268280705841,-9.94230079844881,7.18537693120776));
#2862=CARTESIAN_POINT('Ctrl Pts',(6.20078981214256,-9.91079026466596,7.18694227937183));
#2863=CARTESIAN_POINT('Ctrl Pts',(6.20078981214256,-8.69230081230094,7.1774807464297));
#2864=CARTESIAN_POINT('Ctrl Pts',(5.00078959155094,-9.94230079859667,7.04310627874994));
#2865=CARTESIAN_POINT('Ctrl Pts',(6.20078981214253,-9.89426255591091,7.04294967809095));
#2866=CARTESIAN_POINT('Ctrl Pts',(6.20078981214256,-8.69330119032646,7.03903433813703));
#2867=CARTESIAN_POINT('Ctrl Pts',(5.00079001152941,-9.94230079859674,6.75807391631241));
#2868=CARTESIAN_POINT('Ctrl Pts',(6.20078981214259,-9.89426216855612,6.75823053429969));
#2869=CARTESIAN_POINT('Ctrl Pts',(6.20078981214256,-8.69330120665872,6.76214570958062));
#2870=CARTESIAN_POINT('Ctrl Pts',(4.98268431965863,-9.94230079844882,6.61580429937527));
#2871=CARTESIAN_POINT('Ctrl Pts',(6.20078981214247,-9.91078878808865,6.61423880396749));
#2872=CARTESIAN_POINT('Ctrl Pts',(6.20078981214256,-8.69230081232802,6.62370072782004));
#2873=CARTESIAN_POINT('Ctrl Pts',(4.95078980131483,-9.94230079817235,6.48525632585279));
#2874=CARTESIAN_POINT('Ctrl Pts',(6.20078981214256,-9.94230080900008,6.48525632585279));
#2875=CARTESIAN_POINT('Ctrl Pts',(6.20078981214256,-8.69230079817235,6.48525632585279));
#2876=CARTESIAN_POINT('Origin',(4.95078981214256,-8.69230079817235,7.31591871214459));
#2877=CARTESIAN_POINT('Origin',(4.95078981214256,-8.69230079817235,10.9005875189987));
#2878=CARTESIAN_POINT('Origin',(13.5507898121426,-8.69230079817235,10.9005875189987));
#2879=CARTESIAN_POINT('Origin',(13.5507898121426,-8.69230079817235,6.48525632585279));
#2880=CARTESIAN_POINT('Ctrl Pts',(12.3007898121426,-8.69230079817235,7.31591871214458));
#2881=CARTESIAN_POINT('Ctrl Pts',(12.3007898121426,-9.94230080900008,7.31591871214458));
#2882=CARTESIAN_POINT('Ctrl Pts',(13.5507898229703,-9.94230079817235,7.31591871214458));
#2883=CARTESIAN_POINT('Ctrl Pts',(12.3007898121426,-8.69230081230094,7.1774807464297));
#2884=CARTESIAN_POINT('Ctrl Pts',(12.3007898121425,-9.91079026466601,7.18694227937184));
#2885=CARTESIAN_POINT('Ctrl Pts',(13.5188968172267,-9.94230079844881,7.18537693120778));
#2886=CARTESIAN_POINT('Ctrl Pts',(12.3007898121426,-8.69330119032646,7.03903433813702));
#2887=CARTESIAN_POINT('Ctrl Pts',(12.3007898121426,-9.89426255591091,7.04294967809091));
#2888=CARTESIAN_POINT('Ctrl Pts',(13.5007900327342,-9.94230079859667,7.04310627874991));
#2889=CARTESIAN_POINT('Ctrl Pts',(12.3007898121426,-8.69330120665872,6.76214570958061));
#2890=CARTESIAN_POINT('Ctrl Pts',(12.3007898121426,-9.89426216855612,6.75823053429971));
#2891=CARTESIAN_POINT('Ctrl Pts',(13.5007896127557,-9.94230079859674,6.75807391631244));
#2892=CARTESIAN_POINT('Ctrl Pts',(12.3007898121426,-8.69230081232802,6.62370072782004));
#2893=CARTESIAN_POINT('Ctrl Pts',(12.3007898121426,-9.91078878808875,6.61423880396749));
#2894=CARTESIAN_POINT('Ctrl Pts',(13.5188953046265,-9.94230079844882,6.61580429937526));
#2895=CARTESIAN_POINT('Ctrl Pts',(12.3007898121426,-8.69230079817235,6.48525632585279));
#2896=CARTESIAN_POINT('Ctrl Pts',(12.3007898121426,-9.94230080900008,6.48525632585279));
#2897=CARTESIAN_POINT('Ctrl Pts',(13.5507898229703,-9.94230079817235,6.48525632585279));
#2898=CARTESIAN_POINT('Origin',(13.5507898121426,-8.69230079817233,7.3159187121444));
#2899=CARTESIAN_POINT('Origin',(13.5507898121426,-8.69230079817235,10.9005875189987));
#2900=CARTESIAN_POINT('Origin',(2.00078981214256,-17.3423007981723,4.65058751899869));
#2901=CARTESIAN_POINT('Origin',(16.5007898121426,-9.94230079817235,9.15058751899869));
#2902=CARTESIAN_POINT('Origin',(16.5007898121426,-17.3423007981723,4.65058751899869));
#2903=CARTESIAN_POINT('Origin',(2.00078981214256,-9.94230079817235,9.15058751899869));
#2904=CARTESIAN_POINT('Origin',(10.0507898121426,25.0576992018277,4.00058751899869));
#2905=CARTESIAN_POINT('',(9.55078981214256,25.9576992018277,4.00058751899869));
#2906=CARTESIAN_POINT('',(9.55078981214259,24.1576992018277,4.00058751899869));
#2907=CARTESIAN_POINT('Origin',(9.55078981214256,25.0576992018277,4.00058751899869));
#2908=CARTESIAN_POINT('Origin',(9.55078981214256,25.0576992018277,4.00058751899869));
#2909=CARTESIAN_POINT('',(10.0507898121426,25.0237246056121,4.00058751899869));
#2910=CARTESIAN_POINT('',(10.0507898121426,25.0237246056121,4.00058751899869));
#2911=CARTESIAN_POINT('',(10.0507898121426,25.0916737980432,4.00058751899869));
#2912=CARTESIAN_POINT('Origin',(10.0507898121426,25.0576992018277,4.00058751899869));
#2913=CARTESIAN_POINT('Origin',(10.0507898121426,25.0576992018277,4.00058751899869));
#2914=CARTESIAN_POINT('Origin',(10.0507898121426,25.0576992018277,9.80058751899869));
#2915=CARTESIAN_POINT('',(9.55078981214256,25.9576992018277,9.80058751899869));
#2916=CARTESIAN_POINT('',(9.55078981214259,24.1576992018277,9.80058751899869));
#2917=CARTESIAN_POINT('Origin',(9.55078981214256,25.0576992018277,9.80058751899869));
#2918=CARTESIAN_POINT('Origin',(9.55078981214256,25.0576992018277,9.80058751899869));
#2919=CARTESIAN_POINT('',(10.0507898121426,25.0237246056121,9.80058751899869));
#2920=CARTESIAN_POINT('',(10.0507898121426,25.0237246056121,9.80058751899869));
#2921=CARTESIAN_POINT('',(10.0507898121426,25.0916737980432,9.80058751899869));
#2922=CARTESIAN_POINT('Origin',(10.0507898121426,25.0576992018277,9.80058751899869));
#2923=CARTESIAN_POINT('Origin',(10.0507898121426,25.0576992018277,9.80058751899869));
#2924=CARTESIAN_POINT('Origin',(10.0507898121426,25.0576992018277,9.80058751899869));
#2925=CARTESIAN_POINT('',(7.85078981214256,24.1576992018277,9.80058751899869));
#2926=CARTESIAN_POINT('',(10.0507898121426,24.1576992018277,9.80058751899869));
#2927=CARTESIAN_POINT('',(7.85078981214256,25.9576992018277,9.80058751899869));
#2928=CARTESIAN_POINT('Origin',(7.85078981214256,25.0576992018277,9.80058751899869));
#2929=CARTESIAN_POINT('Origin',(7.85078981214256,25.0576992018277,9.80058751899869));
#2930=CARTESIAN_POINT('Origin',(10.0507898121426,25.0576992018277,4.00058751899869));
#2931=CARTESIAN_POINT('',(7.85078981214256,24.1576992018277,4.00058751899869));
#2932=CARTESIAN_POINT('',(10.0507898121426,24.1576992018277,4.00058751899869));
#2933=CARTESIAN_POINT('',(7.85078981214256,25.9576992018277,4.00058751899869));
#2934=CARTESIAN_POINT('Origin',(7.85078981214256,25.0576992018277,4.00058751899869));
#2935=CARTESIAN_POINT('Origin',(7.85078981214256,25.0576992018277,4.00058751899869));
#2936=CARTESIAN_POINT('Origin',(7.75078981214256,25.0576992018277,6.90058751899869));
#2937=CARTESIAN_POINT('',(7.75078981214256,24.3826992018277,6.90058751899869));
#2938=CARTESIAN_POINT('',(7.75078981214256,25.7326992018277,6.90058751899869));
#2939=CARTESIAN_POINT('Origin',(7.75078981214256,25.0576992018277,6.90058751899869));
#2940=CARTESIAN_POINT('Origin',(7.75078981214256,25.0576992018277,6.90058751899869));
#2941=CARTESIAN_POINT('',(7.85078981214256,25.8326992018277,6.90058751899869));
#2942=CARTESIAN_POINT('',(7.75078981214256,25.7326992018277,6.90058751899869));
#2943=CARTESIAN_POINT('',(7.85078981214256,24.2826992018277,6.90058751899869));
#2944=CARTESIAN_POINT('Origin',(7.85078981214256,25.0576992018277,6.90058751899869));
#2945=CARTESIAN_POINT('Origin',(7.85078981214256,25.0576992018277,6.90058751899869));
#2946=CARTESIAN_POINT('Origin',(6.35078981214256,25.0576992018277,6.90058751899869));
#2947=CARTESIAN_POINT('',(6.35078981214256,24.6326992018277,6.90058751899869));
#2948=CARTESIAN_POINT('',(6.35078981214256,25.4826992018277,6.90058751899869));
#2949=CARTESIAN_POINT('Origin',(6.35078981214256,25.0576992018277,6.90058751899869));
#2950=CARTESIAN_POINT('Origin',(6.35078981214256,25.0576992018277,6.90058751899869));
#2951=CARTESIAN_POINT('',(6.60078981214256,25.7326992018277,6.90058751899869));
#2952=CARTESIAN_POINT('',(6.35078981214256,25.4826992018277,6.90058751899869));
#2953=CARTESIAN_POINT('',(6.60078981214256,24.3826992018277,6.90058751899869));
#2954=CARTESIAN_POINT('Origin',(6.60078981214256,25.0576992018277,6.90058751899869));
#2955=CARTESIAN_POINT('Origin',(6.60078981214256,25.0576992018277,6.90058751899869));
#2956=CARTESIAN_POINT('Origin',(6.35078981214256,25.0576992018277,6.90058751899869));
#2957=CARTESIAN_POINT('',(6.35078981214256,25.7326992018277,6.90058751899869));
#2958=CARTESIAN_POINT('Origin',(7.85078981214256,23.7076992018277,3.90058751899869));
#2959=CARTESIAN_POINT('',(7.85078981214256,22.7076992018277,3.90058751899869));
#2960=CARTESIAN_POINT('',(7.85078981214256,23.7076992018277,2.90058751899869));
#2961=CARTESIAN_POINT('Origin',(7.85078981214256,23.7076992018277,3.90058751899869));
#2962=CARTESIAN_POINT('',(7.85078981214256,26.4076992018276,2.90058751899869));
#2963=CARTESIAN_POINT('',(7.85078981214256,26.4076992018276,2.90058751899869));
#2964=CARTESIAN_POINT('',(7.85078981214256,27.4076992018277,3.90058751899869));
#2965=CARTESIAN_POINT('Origin',(7.85078981214256,26.4076992018277,3.90058751899869));
#2966=CARTESIAN_POINT('',(7.85078981214256,27.4076992018277,9.90058751899868));
#2967=CARTESIAN_POINT('',(7.85078981214256,27.4076992018277,9.90058751899868));
#2968=CARTESIAN_POINT('',(7.85078981214256,26.4076992018276,10.9005875189987));
#2969=CARTESIAN_POINT('Origin',(7.85078981214256,26.4076992018277,9.90058751899869));
#2970=CARTESIAN_POINT('',(7.85078981214256,23.7076992018277,10.9005875189987));
#2971=CARTESIAN_POINT('',(7.85078981214256,26.4076992018276,10.9005875189987));
#2972=CARTESIAN_POINT('',(7.85078981214256,22.7076992018277,9.90058751899868));
#2973=CARTESIAN_POINT('Origin',(7.85078981214256,23.7076992018277,9.90058751899869));
#2974=CARTESIAN_POINT('',(7.85078981214256,22.7076992018277,9.90058751899868));
#2975=CARTESIAN_POINT('Origin',(5.35078981214256,23.7076992018277,3.90058751899869));
#2976=CARTESIAN_POINT('',(5.35078981214256,22.7076992018277,3.90058751899869));
#2977=CARTESIAN_POINT('',(5.35078981214256,22.7076992018277,3.90058751899869));
#2978=CARTESIAN_POINT('',(5.35078981214256,23.7076992018277,2.90058751899869));
#2979=CARTESIAN_POINT('Origin',(5.35078981214256,23.7076992018277,3.90058751899869));
#2980=CARTESIAN_POINT('',(5.35078981214256,23.7076992018277,2.90058751899869));
#2981=CARTESIAN_POINT('Origin',(5.35078981214256,22.7076992018277,9.90058751899868));
#2982=CARTESIAN_POINT('',(5.35078981214256,22.7076992018277,9.90058751899868));
#2983=CARTESIAN_POINT('',(5.35078981214256,22.7076992018277,9.90058751899868));
#2984=CARTESIAN_POINT('',(5.35078981214256,22.7076992018277,9.90058751899868));
#2985=CARTESIAN_POINT('Origin',(5.35078981214256,23.7076992018277,9.90058751899869));
#2986=CARTESIAN_POINT('',(5.35078981214256,23.7076992018277,10.9005875189987));
#2987=CARTESIAN_POINT('',(5.35078981214256,23.7076992018277,10.9005875189987));
#2988=CARTESIAN_POINT('Origin',(5.35078981214256,23.7076992018277,9.90058751899869));
#2989=CARTESIAN_POINT('Origin',(5.35078981214256,26.4076992018276,10.9005875189987));
#2990=CARTESIAN_POINT('',(5.35078981214256,26.4076992018276,10.9005875189987));
#2991=CARTESIAN_POINT('',(5.35078981214256,26.4076992018276,10.9005875189987));
#2992=CARTESIAN_POINT('',(5.35078981214256,26.4076992018276,10.9005875189987));
#2993=CARTESIAN_POINT('Origin',(5.35078981214256,26.4076992018277,9.90058751899869));
#2994=CARTESIAN_POINT('',(5.35078981214256,27.4076992018277,9.90058751899868));
#2995=CARTESIAN_POINT('',(5.35078981214256,27.4076992018277,9.90058751899868));
#2996=CARTESIAN_POINT('Origin',(5.35078981214256,26.4076992018277,9.90058751899869));
#2997=CARTESIAN_POINT('Origin',(5.35078981214256,27.4076992018277,9.90058751899868));
#2998=CARTESIAN_POINT('',(5.35078981214256,27.4076992018277,3.90058751899869));
#2999=CARTESIAN_POINT('',(5.35078981214256,27.4076992018277,3.90058751899869));
#3000=CARTESIAN_POINT('',(5.35078981214256,27.4076992018277,9.90058751899868));
#3001=CARTESIAN_POINT('Origin',(5.35078981214256,26.4076992018277,3.90058751899869));
#3002=CARTESIAN_POINT('',(5.35078981214256,26.4076992018276,2.90058751899869));
#3003=CARTESIAN_POINT('',(5.35078981214256,26.4076992018276,2.90058751899869));
#3004=CARTESIAN_POINT('Origin',(5.35078981214256,26.4076992018277,3.90058751899869));
#3005=CARTESIAN_POINT('Origin',(5.35078981214256,26.4076992018276,2.90058751899869));
#3006=CARTESIAN_POINT('',(5.35078981214256,26.4076992018276,2.90058751899869));
#3007=CARTESIAN_POINT('Origin',(5.35078981214256,23.7076992018277,3.90058751899869));
#3008=CARTESIAN_POINT('Origin',(6.35078981214256,25.0576992018277,6.90058751899869));
#3009=CARTESIAN_POINT('Origin',(10.0507898121426,25.0576992018277,4.00058751899869));
#3010=CARTESIAN_POINT('Origin',(10.0507898121426,25.0576992018277,9.80058751899869));
#3011=CARTESIAN_POINT('Origin',(5.55078981214256,24.9576992018276,6.90058751899869));
#3012=CARTESIAN_POINT('',(5.55078981214256,24.9576992018276,7.60058751899869));
#3013=CARTESIAN_POINT('',(5.55078981214256,24.9576992018276,6.20058751899869));
#3014=CARTESIAN_POINT('Origin',(5.55078981214256,24.9576992018276,6.90058751899869));
#3015=CARTESIAN_POINT('Origin',(5.55078981214256,24.9576992018276,6.90058751899869));
#3016=CARTESIAN_POINT('',(5.30078981214256,24.9576992018276,6.45058751899869));
#3017=CARTESIAN_POINT('',(5.55078981214256,24.9576992018276,6.20058751899869));
#3018=CARTESIAN_POINT('',(5.30078981214256,24.9576992018276,7.35058751899869));
#3019=CARTESIAN_POINT('Origin',(5.30078981214256,24.9576992018276,6.90058751899869));
#3020=CARTESIAN_POINT('Origin',(5.30078981214256,24.9576992018276,6.90058751899869));
#3021=CARTESIAN_POINT('Origin',(13.8007898121426,24.9576992018276,6.90058751899869));
#3022=CARTESIAN_POINT('',(13.0547898121426,24.9576992018276,10.9005875189987));
#3023=CARTESIAN_POINT('',(13.0547898121426,24.9576992018276,2.90058751899869));
#3024=CARTESIAN_POINT('Origin',(13.0547898121426,24.9576992018276,6.90058751899869));
#3025=CARTESIAN_POINT('',(13.8007898121426,24.9576992018276,2.90058751899869));
#3026=CARTESIAN_POINT('',(13.8007898121426,24.9576992018276,2.90058751899869));
#3027=CARTESIAN_POINT('',(13.8007898121426,24.9576992018276,10.9005875189987));
#3028=CARTESIAN_POINT('Origin',(13.8007898121426,24.9576992018276,6.90058751899869));
#3029=CARTESIAN_POINT('Origin',(13.8007898121426,24.9576992018276,6.90058751899869));
#3030=CARTESIAN_POINT('Origin',(13.0547898121426,24.9576992018276,6.90058751899869));
#3031=CARTESIAN_POINT('Origin',(12.8007898121426,24.9576992018276,6.90058751899869));
#3032=CARTESIAN_POINT('',(12.8007898121426,24.9576992018276,3.15458751899869));
#3033=CARTESIAN_POINT('',(12.8007898121426,24.9576992018276,3.15458751899869));
#3034=CARTESIAN_POINT('',(12.8007898121426,24.9576992018276,10.6465875189987));
#3035=CARTESIAN_POINT('Origin',(12.8007898121426,24.9576992018276,6.90058751899869));
#3036=CARTESIAN_POINT('Origin',(12.8007898121426,24.9576992018276,6.90058751899869));
#3037=CARTESIAN_POINT('Origin',(13.8007898121426,24.9576992018276,6.90058751899869));
#3038=CARTESIAN_POINT('',(6.30078981214256,24.9576992018276,7.60058751899869));
#3039=CARTESIAN_POINT('',(6.30078981214256,24.9576992018276,6.20058751899869));
#3040=CARTESIAN_POINT('Origin',(6.30078981214256,24.9576992018276,6.90058751899869));
#3041=CARTESIAN_POINT('',(12.8007898121426,24.9576992018276,6.20058751899869));
#3042=CARTESIAN_POINT('',(13.8007898121426,24.9576992018276,6.20058751899869));
#3043=CARTESIAN_POINT('',(12.8007898121426,24.9576992018276,7.60058751899869));
#3044=CARTESIAN_POINT('Origin',(12.8007898121426,24.9576992018276,6.90058751899869));
#3045=CARTESIAN_POINT('Origin',(12.8007898121426,24.9576992018276,6.90058751899869));
#3046=CARTESIAN_POINT('Origin',(6.30078981214256,24.9576992018276,6.90058751899869));
#3047=CARTESIAN_POINT('Origin',(13.8007898121426,24.9576992018276,6.90058751899869));
#3048=CARTESIAN_POINT('',(5.80078981214256,24.9576992018276,7.28158751899869));
#3049=CARTESIAN_POINT('',(5.80078981214256,24.9576992018276,6.51958751899869));
#3050=CARTESIAN_POINT('Origin',(5.80078981214256,24.9576992018276,6.90058751899869));
#3051=CARTESIAN_POINT('',(6.30078981214256,24.9576992018276,6.51958751899869));
#3052=CARTESIAN_POINT('',(13.8007898121426,24.9576992018276,6.51958751899869));
#3053=CARTESIAN_POINT('',(6.30078981214256,24.9576992018276,7.28158751899869));
#3054=CARTESIAN_POINT('Origin',(6.30078981214256,24.9576992018276,6.90058751899869));
#3055=CARTESIAN_POINT('Origin',(6.30078981214256,24.9576992018276,6.90058751899869));
#3056=CARTESIAN_POINT('Origin',(5.80078981214256,24.9576992018276,6.90058751899869));
#3057=CARTESIAN_POINT('Origin',(13.8007898121426,24.9576992018276,6.90058751899869));
#3058=CARTESIAN_POINT('',(5.80078981214256,24.9576992018276,6.20058751899869));
#3059=CARTESIAN_POINT('',(13.8007898121426,24.9576992018276,6.20058751899869));
#3060=CARTESIAN_POINT('',(5.80078981214256,24.9576992018276,7.60058751899869));
#3061=CARTESIAN_POINT('Origin',(5.80078981214256,24.9576992018276,6.90058751899869));
#3062=CARTESIAN_POINT('Origin',(5.80078981214256,24.9576992018276,6.90058751899869));
#3063=CARTESIAN_POINT('Origin',(5.30078981214256,24.2576992018276,6.90058751899869));
#3064=CARTESIAN_POINT('Origin',(5.80078981214256,24.5766992018276,6.90058751899869));
#3065=CARTESIAN_POINT('Origin',(6.30078981214256,24.2576992018276,6.90058751899869));
#3066=CARTESIAN_POINT('Origin',(12.8007898121426,21.2116992018276,6.90058751899869));
#3067=CARTESIAN_POINT('Origin',(13.8007898121426,24.9576992018276,6.90058751899869));
#3068=UNCERTAINTY_MEASURE_WITH_UNIT(LENGTH_MEASURE(0.01),#3072,
'DISTANCE_ACCURACY_VALUE',
'Maximum model space distance between geometric entities at asserted c
onnectivities');
#3069=UNCERTAINTY_MEASURE_WITH_UNIT(LENGTH_MEASURE(0.01),#3072,
'DISTANCE_ACCURACY_VALUE',
'Maximum model space distance between geometric entities at asserted c
onnectivities');
#3070=(
GEOMETRIC_REPRESENTATION_CONTEXT(3)
GLOBAL_UNCERTAINTY_ASSIGNED_CONTEXT((#3068))
GLOBAL_UNIT_ASSIGNED_CONTEXT((#3072,#3074,#3075))
REPRESENTATION_CONTEXT('','3D')
);
#3071=(
GEOMETRIC_REPRESENTATION_CONTEXT(3)
GLOBAL_UNCERTAINTY_ASSIGNED_CONTEXT((#3069))
GLOBAL_UNIT_ASSIGNED_CONTEXT((#3072,#3074,#3075))
REPRESENTATION_CONTEXT('','3D')
);
#3072=(
LENGTH_UNIT()
NAMED_UNIT(*)
SI_UNIT(.MILLI.,.METRE.)
);
#3073=(
LENGTH_UNIT()
NAMED_UNIT(*)
SI_UNIT($,.METRE.)
);
#3074=(
NAMED_UNIT(*)
PLANE_ANGLE_UNIT()
SI_UNIT($,.RADIAN.)
);
#3075=(
NAMED_UNIT(*)
SI_UNIT($,.STERADIAN.)
SOLID_ANGLE_UNIT()
);
#3076=SHAPE_DEFINITION_REPRESENTATION(#3077,#3078);
#3077=PRODUCT_DEFINITION_SHAPE('',$,#3080);
#3078=SHAPE_REPRESENTATION('',(#1764),#3070);
#3079=PRODUCT_DEFINITION_CONTEXT('part definition',#3084,'design');
#3080=PRODUCT_DEFINITION('VMCG-50-MPBK-K v27','VMCG-50-MPBK-K v27',#3081,
#3079);
#3081=PRODUCT_DEFINITION_FORMATION('',$,#3086);
#3082=PRODUCT_RELATED_PRODUCT_CATEGORY('VMCG-50-MPBK-K v27',
'VMCG-50-MPBK-K v27',(#3086));
#3083=APPLICATION_PROTOCOL_DEFINITION('international standard',
'automotive_design',2009,#3084);
#3084=APPLICATION_CONTEXT(
'Core Data for Automotive Mechanical Design Process');
#3085=PRODUCT_CONTEXT('part definition',#3084,'mechanical');
#3086=PRODUCT('VMCG-50-MPBK-K v27','VMCG-50-MPBK-K v27',$,(#3085));
#3087=PRESENTATION_STYLE_ASSIGNMENT((#3091));
#3088=PRESENTATION_STYLE_ASSIGNMENT((#3092));
#3089=PRESENTATION_STYLE_ASSIGNMENT((#3093));
#3090=PRESENTATION_STYLE_ASSIGNMENT((#3094));
#3091=SURFACE_STYLE_USAGE(.BOTH.,#3095);
#3092=SURFACE_STYLE_USAGE(.BOTH.,#3096);
#3093=SURFACE_STYLE_USAGE(.BOTH.,#3097);
#3094=SURFACE_STYLE_USAGE(.BOTH.,#3098);
#3095=SURFACE_SIDE_STYLE('',(#3099));
#3096=SURFACE_SIDE_STYLE('',(#3100));
#3097=SURFACE_SIDE_STYLE('',(#3101));
#3098=SURFACE_SIDE_STYLE('',(#3102));
#3099=SURFACE_STYLE_FILL_AREA(#3103);
#3100=SURFACE_STYLE_FILL_AREA(#3104);
#3101=SURFACE_STYLE_FILL_AREA(#3105);
#3102=SURFACE_STYLE_FILL_AREA(#3106);
#3103=FILL_AREA_STYLE('Steel - Satin',(#3107));
#3104=FILL_AREA_STYLE('Plastic - Matte (Gray)',(#3108));
#3105=FILL_AREA_STYLE('Plastic - Matte (Black)',(#3109));
#3106=FILL_AREA_STYLE('Nickel - Polished',(#3110));
#3107=FILL_AREA_STYLE_COLOUR('Steel - Satin',#3111);
#3108=FILL_AREA_STYLE_COLOUR('Plastic - Matte (Gray)',#3112);
#3109=FILL_AREA_STYLE_COLOUR('Plastic - Matte (Black)',#3113);
#3110=FILL_AREA_STYLE_COLOUR('Nickel - Polished',#3114);
#3111=COLOUR_RGB('Steel - Satin',0.627450980392157,0.627450980392157,0.627450980392157);
#3112=COLOUR_RGB('Plastic - Matte (Gray)',0.701960784313725,0.701960784313725,
0.701960784313725);
#3113=COLOUR_RGB('Plastic - Matte (Black)',0.0980392156862745,0.0980392156862745,
0.0980392156862745);
#3114=COLOUR_RGB('Nickel - Polished',0.819607843137255,0.8,0.752941176470588);
ENDSEC;
END-ISO-10303-21;
