ISO-10303-21;
HEADER;
/* Generated by software containing ST-Developer
 * from STEP Tools, Inc. (www.steptools.com) 
 */

FILE_DESCRIPTION(
/* description */ (''),
/* implementation_level */ '2;1');

FILE_NAME(
/* name */ 'JXT-SH1.0-5PWB-P43.step',
/* time_stamp */ '2026-09-09T18:22:14+02:00',
/* author */ (''),
/* organization */ (''),
/* preprocessor_version */ 'ST-DEVELOPER v20.2',
/* originating_system */ 'Autodesk Translation Framework v15.15.0.0',
/* authorisation */ '');

FILE_SCHEMA (('AUTOMOTIVE_DESIGN { 1 0 10303 214 3 1 1 }'));
ENDSEC;

DATA;
#10=MECHANICAL_DESIGN_GEOMETRIC_PRESENTATION_REPRESENTATION('',(#4884,#4885,
#4886,#4887,#4888,#4889,#4890,#4891,#4892,#4893,#4894,#4895,#4896,#4897,
#4898,#4899,#4900,#4901,#4902,#4903,#4904,#4905,#4906,#4907,#4908,#4909,
#4910,#4911,#4912,#4913,#4914,#4915,#4916,#4917,#4918,#4919,#4920,#4921,
#4922,#4923,#4924,#4925,#4926,#4927,#4928,#4929,#4930),#8440);
#11=ITEM_DEFINED_TRANSFORMATION($,$,#5220,#5588);
#12=(
REPRESENTATION_RELATIONSHIP($,$,#8451,#8450)
REPRESENTATION_RELATIONSHIP_WITH_TRANSFORMATION(#11)
SHAPE_REPRESENTATION_RELATIONSHIP()
);
#13=CONTEXT_DEPENDENT_SHAPE_REPRESENTATION(#12,#8449);
#14=NEXT_ASSEMBLY_USAGE_OCCURRENCE(
'CONN-SMD_JXT-SH1.0-5PWB-P43~CONN-SMD_JXT-SH1.0-5PWB-P43~DQgQ:1',
'CONN-SMD_JXT-SH1.0-5PWB-P43~CONN-SMD_JXT-SH1.0-5PWB-P43~DQgQ:1',
'CONN-SMD_JXT-SH1.0-5PWB-P43~CONN-SMD_JXT-SH1.0-5PWB-P43~DQgQ:1',#8453,
#8454,'CONN-SMD_JXT-SH1.0-5PWB-P43~CONN-SMD_JXT-SH1.0-5PWB-P43~DQgQ:1');
#15=SHAPE_REPRESENTATION_RELATIONSHIP('SRR','None',#8451,#16);
#16=ADVANCED_BREP_SHAPE_REPRESENTATION('',(#37,#38,#39),#8439);
#17=FACE_BOUND('',#701,.T.);
#18=FACE_BOUND('',#702,.T.);
#19=FACE_BOUND('',#703,.T.);
#20=FACE_BOUND('',#704,.T.);
#21=FACE_BOUND('',#705,.T.);
#22=FACE_BOUND('',#706,.T.);
#23=FACE_BOUND('',#707,.T.);
#24=FACE_BOUND('',#708,.T.);
#25=FACE_BOUND('',#709,.T.);
#26=FACE_BOUND('',#717,.T.);
#27=FACE_BOUND('',#734,.T.);
#28=FACE_BOUND('',#735,.T.);
#29=FACE_BOUND('',#736,.T.);
#30=FACE_BOUND('',#737,.T.);
#31=FACE_BOUND('',#738,.T.);
#32=FACE_BOUND('',#739,.T.);
#33=FACE_BOUND('',#740,.T.);
#34=FACE_BOUND('',#741,.T.);
#35=FACE_BOUND('',#742,.T.);
#36=FACE_BOUND('',#743,.T.);
#37=MANIFOLD_SOLID_BREP('Body1',#5204);
#38=MANIFOLD_SOLID_BREP('Body2',#5205);
#39=MANIFOLD_SOLID_BREP('Body3',#5206);
#40=CYLINDRICAL_SURFACE('',#5249,0.1);
#41=CYLINDRICAL_SURFACE('',#5250,0.1);
#42=CYLINDRICAL_SURFACE('',#5251,0.1);
#43=CYLINDRICAL_SURFACE('',#5252,0.099999999999);
#44=CYLINDRICAL_SURFACE('',#5253,0.099999999999);
#45=CYLINDRICAL_SURFACE('',#5254,0.099999999999);
#46=CYLINDRICAL_SURFACE('',#5283,0.1);
#47=CYLINDRICAL_SURFACE('',#5284,0.1);
#48=CYLINDRICAL_SURFACE('',#5285,0.1);
#49=CYLINDRICAL_SURFACE('',#5286,0.099999999999);
#50=CYLINDRICAL_SURFACE('',#5287,0.099999999999);
#51=CYLINDRICAL_SURFACE('',#5288,0.099999999999);
#52=CYLINDRICAL_SURFACE('',#5351,0.099999999999);
#53=CYLINDRICAL_SURFACE('',#5355,0.099999999999);
#54=CYLINDRICAL_SURFACE('',#5359,0.1);
#55=CYLINDRICAL_SURFACE('',#5367,0.1);
#56=CYLINDRICAL_SURFACE('',#5375,0.182519543892);
#57=CYLINDRICAL_SURFACE('',#5377,0.182519543892);
#58=CYLINDRICAL_SURFACE('',#5379,0.182519543892);
#59=CYLINDRICAL_SURFACE('',#5381,0.099999999999);
#60=CYLINDRICAL_SURFACE('',#5385,0.099999999999);
#61=CYLINDRICAL_SURFACE('',#5389,0.1);
#62=CYLINDRICAL_SURFACE('',#5397,0.1);
#63=CYLINDRICAL_SURFACE('',#5405,0.182519543892);
#64=CYLINDRICAL_SURFACE('',#5407,0.182519543892);
#65=CYLINDRICAL_SURFACE('',#5409,0.182519543892);
#66=CYLINDRICAL_SURFACE('',#5411,0.099999999999);
#67=CYLINDRICAL_SURFACE('',#5415,0.099999999999);
#68=CYLINDRICAL_SURFACE('',#5419,0.1);
#69=CYLINDRICAL_SURFACE('',#5427,0.1);
#70=CYLINDRICAL_SURFACE('',#5435,0.182519543892);
#71=CYLINDRICAL_SURFACE('',#5437,0.182519543892);
#72=CYLINDRICAL_SURFACE('',#5439,0.182519543892);
#73=CYLINDRICAL_SURFACE('',#5441,0.099999999999);
#74=CYLINDRICAL_SURFACE('',#5445,0.099999999999);
#75=CYLINDRICAL_SURFACE('',#5449,0.1);
#76=CYLINDRICAL_SURFACE('',#5457,0.1);
#77=CYLINDRICAL_SURFACE('',#5465,0.182519543892);
#78=CYLINDRICAL_SURFACE('',#5467,0.182519543892);
#79=CYLINDRICAL_SURFACE('',#5469,0.182519543892);
#80=CYLINDRICAL_SURFACE('',#5475,0.099999999999);
#81=CYLINDRICAL_SURFACE('',#5478,0.099999999999);
#82=CYLINDRICAL_SURFACE('',#5481,0.1);
#83=CYLINDRICAL_SURFACE('',#5484,0.1);
#84=CYLINDRICAL_SURFACE('',#5491,0.182519543892);
#85=CYLINDRICAL_SURFACE('',#5495,0.182519543892);
#86=CYLINDRICAL_SURFACE('',#5504,0.182519543892);
#87=CIRCLE('',#5236,0.1);
#88=CIRCLE('',#5237,0.1);
#89=CIRCLE('',#5238,0.1);
#90=CIRCLE('',#5239,0.099999999999);
#91=CIRCLE('',#5240,0.099999999999);
#92=CIRCLE('',#5241,0.099999999999);
#93=CIRCLE('',#5243,0.1);
#94=CIRCLE('',#5244,0.099999999999);
#95=CIRCLE('',#5245,0.099999999999);
#96=CIRCLE('',#5246,0.099999999999);
#97=CIRCLE('',#5247,0.1);
#98=CIRCLE('',#5248,0.1);
#99=CIRCLE('',#5270,0.099999999999);
#100=CIRCLE('',#5271,0.099999999999);
#101=CIRCLE('',#5272,0.099999999999);
#102=CIRCLE('',#5273,0.1);
#103=CIRCLE('',#5274,0.1);
#104=CIRCLE('',#5275,0.1);
#105=CIRCLE('',#5277,0.1);
#106=CIRCLE('',#5278,0.1);
#107=CIRCLE('',#5279,0.099999999999);
#108=CIRCLE('',#5280,0.099999999999);
#109=CIRCLE('',#5281,0.099999999999);
#110=CIRCLE('',#5282,0.1);
#111=CIRCLE('',#5352,0.099999999999);
#112=CIRCLE('',#5353,0.099999999999);
#113=CIRCLE('',#5356,0.099999999999);
#114=CIRCLE('',#5357,0.099999999999);
#115=CIRCLE('',#5360,0.1);
#116=CIRCLE('',#5361,0.1);
#117=CIRCLE('',#5363,0.1);
#118=CIRCLE('',#5364,0.182519543892);
#119=CIRCLE('',#5365,0.182519543892);
#120=CIRCLE('',#5366,0.182519543892);
#121=CIRCLE('',#5368,0.1);
#122=CIRCLE('',#5371,0.182519543892);
#123=CIRCLE('',#5372,0.182519543892);
#124=CIRCLE('',#5373,0.182519543892);
#125=CIRCLE('',#5382,0.099999999999);
#126=CIRCLE('',#5383,0.099999999999);
#127=CIRCLE('',#5386,0.099999999999);
#128=CIRCLE('',#5387,0.099999999999);
#129=CIRCLE('',#5390,0.1);
#130=CIRCLE('',#5391,0.1);
#131=CIRCLE('',#5393,0.1);
#132=CIRCLE('',#5394,0.182519543892);
#133=CIRCLE('',#5395,0.182519543892);
#134=CIRCLE('',#5396,0.182519543892);
#135=CIRCLE('',#5398,0.1);
#136=CIRCLE('',#5401,0.182519543892);
#137=CIRCLE('',#5402,0.182519543892);
#138=CIRCLE('',#5403,0.182519543892);
#139=CIRCLE('',#5412,0.099999999999);
#140=CIRCLE('',#5413,0.099999999999);
#141=CIRCLE('',#5416,0.099999999999);
#142=CIRCLE('',#5417,0.099999999999);
#143=CIRCLE('',#5420,0.1);
#144=CIRCLE('',#5421,0.1);
#145=CIRCLE('',#5423,0.1);
#146=CIRCLE('',#5424,0.182519543892);
#147=CIRCLE('',#5425,0.182519543892);
#148=CIRCLE('',#5426,0.182519543892);
#149=CIRCLE('',#5428,0.1);
#150=CIRCLE('',#5431,0.182519543892);
#151=CIRCLE('',#5432,0.182519543892);
#152=CIRCLE('',#5433,0.182519543892);
#153=CIRCLE('',#5442,0.099999999999);
#154=CIRCLE('',#5443,0.099999999999);
#155=CIRCLE('',#5446,0.099999999999);
#156=CIRCLE('',#5447,0.099999999999);
#157=CIRCLE('',#5450,0.1);
#158=CIRCLE('',#5451,0.1);
#159=CIRCLE('',#5453,0.1);
#160=CIRCLE('',#5454,0.182519543892);
#161=CIRCLE('',#5455,0.182519543892);
#162=CIRCLE('',#5456,0.182519543892);
#163=CIRCLE('',#5458,0.1);
#164=CIRCLE('',#5461,0.182519543892);
#165=CIRCLE('',#5462,0.182519543892);
#166=CIRCLE('',#5463,0.182519543892);
#167=CIRCLE('',#5476,0.099999999999);
#168=CIRCLE('',#5477,0.099999999999);
#169=CIRCLE('',#5479,0.099999999999);
#170=CIRCLE('',#5480,0.099999999999);
#171=CIRCLE('',#5482,0.1);
#172=CIRCLE('',#5483,0.1);
#173=CIRCLE('',#5485,0.1);
#174=CIRCLE('',#5486,0.1);
#175=CIRCLE('',#5492,0.182519543892);
#176=CIRCLE('',#5493,0.182519543892);
#177=CIRCLE('',#5496,0.182519543892);
#178=CIRCLE('',#5497,0.182519543892);
#179=CIRCLE('',#5500,0.182519543892);
#180=CIRCLE('',#5502,0.182519543892);
#181=FACE_OUTER_BOUND('',#454,.T.);
#182=FACE_OUTER_BOUND('',#455,.T.);
#183=FACE_OUTER_BOUND('',#456,.T.);
#184=FACE_OUTER_BOUND('',#457,.T.);
#185=FACE_OUTER_BOUND('',#458,.T.);
#186=FACE_OUTER_BOUND('',#459,.T.);
#187=FACE_OUTER_BOUND('',#460,.T.);
#188=FACE_OUTER_BOUND('',#461,.T.);
#189=FACE_OUTER_BOUND('',#462,.T.);
#190=FACE_OUTER_BOUND('',#463,.T.);
#191=FACE_OUTER_BOUND('',#464,.T.);
#192=FACE_OUTER_BOUND('',#465,.T.);
#193=FACE_OUTER_BOUND('',#466,.T.);
#194=FACE_OUTER_BOUND('',#467,.T.);
#195=FACE_OUTER_BOUND('',#468,.T.);
#196=FACE_OUTER_BOUND('',#469,.T.);
#197=FACE_OUTER_BOUND('',#470,.T.);
#198=FACE_OUTER_BOUND('',#471,.T.);
#199=FACE_OUTER_BOUND('',#472,.T.);
#200=FACE_OUTER_BOUND('',#473,.T.);
#201=FACE_OUTER_BOUND('',#474,.T.);
#202=FACE_OUTER_BOUND('',#475,.T.);
#203=FACE_OUTER_BOUND('',#476,.T.);
#204=FACE_OUTER_BOUND('',#477,.T.);
#205=FACE_OUTER_BOUND('',#478,.T.);
#206=FACE_OUTER_BOUND('',#479,.T.);
#207=FACE_OUTER_BOUND('',#480,.T.);
#208=FACE_OUTER_BOUND('',#481,.T.);
#209=FACE_OUTER_BOUND('',#482,.T.);
#210=FACE_OUTER_BOUND('',#483,.T.);
#211=FACE_OUTER_BOUND('',#484,.T.);
#212=FACE_OUTER_BOUND('',#485,.T.);
#213=FACE_OUTER_BOUND('',#486,.T.);
#214=FACE_OUTER_BOUND('',#487,.T.);
#215=FACE_OUTER_BOUND('',#488,.T.);
#216=FACE_OUTER_BOUND('',#489,.T.);
#217=FACE_OUTER_BOUND('',#490,.T.);
#218=FACE_OUTER_BOUND('',#491,.T.);
#219=FACE_OUTER_BOUND('',#492,.T.);
#220=FACE_OUTER_BOUND('',#493,.T.);
#221=FACE_OUTER_BOUND('',#494,.T.);
#222=FACE_OUTER_BOUND('',#495,.T.);
#223=FACE_OUTER_BOUND('',#496,.T.);
#224=FACE_OUTER_BOUND('',#497,.T.);
#225=FACE_OUTER_BOUND('',#498,.T.);
#226=FACE_OUTER_BOUND('',#499,.T.);
#227=FACE_OUTER_BOUND('',#500,.T.);
#228=FACE_OUTER_BOUND('',#501,.T.);
#229=FACE_OUTER_BOUND('',#502,.T.);
#230=FACE_OUTER_BOUND('',#503,.T.);
#231=FACE_OUTER_BOUND('',#504,.T.);
#232=FACE_OUTER_BOUND('',#505,.T.);
#233=FACE_OUTER_BOUND('',#506,.T.);
#234=FACE_OUTER_BOUND('',#507,.T.);
#235=FACE_OUTER_BOUND('',#508,.T.);
#236=FACE_OUTER_BOUND('',#509,.T.);
#237=FACE_OUTER_BOUND('',#510,.T.);
#238=FACE_OUTER_BOUND('',#511,.T.);
#239=FACE_OUTER_BOUND('',#512,.T.);
#240=FACE_OUTER_BOUND('',#513,.T.);
#241=FACE_OUTER_BOUND('',#514,.T.);
#242=FACE_OUTER_BOUND('',#515,.T.);
#243=FACE_OUTER_BOUND('',#516,.T.);
#244=FACE_OUTER_BOUND('',#517,.T.);
#245=FACE_OUTER_BOUND('',#518,.T.);
#246=FACE_OUTER_BOUND('',#519,.T.);
#247=FACE_OUTER_BOUND('',#520,.T.);
#248=FACE_OUTER_BOUND('',#521,.T.);
#249=FACE_OUTER_BOUND('',#522,.T.);
#250=FACE_OUTER_BOUND('',#523,.T.);
#251=FACE_OUTER_BOUND('',#524,.T.);
#252=FACE_OUTER_BOUND('',#525,.T.);
#253=FACE_OUTER_BOUND('',#526,.T.);
#254=FACE_OUTER_BOUND('',#527,.T.);
#255=FACE_OUTER_BOUND('',#528,.T.);
#256=FACE_OUTER_BOUND('',#529,.T.);
#257=FACE_OUTER_BOUND('',#530,.T.);
#258=FACE_OUTER_BOUND('',#531,.T.);
#259=FACE_OUTER_BOUND('',#532,.T.);
#260=FACE_OUTER_BOUND('',#533,.T.);
#261=FACE_OUTER_BOUND('',#534,.T.);
#262=FACE_OUTER_BOUND('',#535,.T.);
#263=FACE_OUTER_BOUND('',#536,.T.);
#264=FACE_OUTER_BOUND('',#537,.T.);
#265=FACE_OUTER_BOUND('',#538,.T.);
#266=FACE_OUTER_BOUND('',#539,.T.);
#267=FACE_OUTER_BOUND('',#540,.T.);
#268=FACE_OUTER_BOUND('',#541,.T.);
#269=FACE_OUTER_BOUND('',#542,.T.);
#270=FACE_OUTER_BOUND('',#543,.T.);
#271=FACE_OUTER_BOUND('',#544,.T.);
#272=FACE_OUTER_BOUND('',#545,.T.);
#273=FACE_OUTER_BOUND('',#546,.T.);
#274=FACE_OUTER_BOUND('',#547,.T.);
#275=FACE_OUTER_BOUND('',#548,.T.);
#276=FACE_OUTER_BOUND('',#549,.T.);
#277=FACE_OUTER_BOUND('',#550,.T.);
#278=FACE_OUTER_BOUND('',#551,.T.);
#279=FACE_OUTER_BOUND('',#552,.T.);
#280=FACE_OUTER_BOUND('',#553,.T.);
#281=FACE_OUTER_BOUND('',#554,.T.);
#282=FACE_OUTER_BOUND('',#555,.T.);
#283=FACE_OUTER_BOUND('',#556,.T.);
#284=FACE_OUTER_BOUND('',#557,.T.);
#285=FACE_OUTER_BOUND('',#558,.T.);
#286=FACE_OUTER_BOUND('',#559,.T.);
#287=FACE_OUTER_BOUND('',#560,.T.);
#288=FACE_OUTER_BOUND('',#561,.T.);
#289=FACE_OUTER_BOUND('',#562,.T.);
#290=FACE_OUTER_BOUND('',#563,.T.);
#291=FACE_OUTER_BOUND('',#564,.T.);
#292=FACE_OUTER_BOUND('',#565,.T.);
#293=FACE_OUTER_BOUND('',#566,.T.);
#294=FACE_OUTER_BOUND('',#567,.T.);
#295=FACE_OUTER_BOUND('',#568,.T.);
#296=FACE_OUTER_BOUND('',#569,.T.);
#297=FACE_OUTER_BOUND('',#570,.T.);
#298=FACE_OUTER_BOUND('',#571,.T.);
#299=FACE_OUTER_BOUND('',#572,.T.);
#300=FACE_OUTER_BOUND('',#573,.T.);
#301=FACE_OUTER_BOUND('',#574,.T.);
#302=FACE_OUTER_BOUND('',#575,.T.);
#303=FACE_OUTER_BOUND('',#576,.T.);
#304=FACE_OUTER_BOUND('',#577,.T.);
#305=FACE_OUTER_BOUND('',#578,.T.);
#306=FACE_OUTER_BOUND('',#579,.T.);
#307=FACE_OUTER_BOUND('',#580,.T.);
#308=FACE_OUTER_BOUND('',#581,.T.);
#309=FACE_OUTER_BOUND('',#582,.T.);
#310=FACE_OUTER_BOUND('',#583,.T.);
#311=FACE_OUTER_BOUND('',#584,.T.);
#312=FACE_OUTER_BOUND('',#585,.T.);
#313=FACE_OUTER_BOUND('',#586,.T.);
#314=FACE_OUTER_BOUND('',#587,.T.);
#315=FACE_OUTER_BOUND('',#588,.T.);
#316=FACE_OUTER_BOUND('',#589,.T.);
#317=FACE_OUTER_BOUND('',#590,.T.);
#318=FACE_OUTER_BOUND('',#591,.T.);
#319=FACE_OUTER_BOUND('',#592,.T.);
#320=FACE_OUTER_BOUND('',#593,.T.);
#321=FACE_OUTER_BOUND('',#594,.T.);
#322=FACE_OUTER_BOUND('',#595,.T.);
#323=FACE_OUTER_BOUND('',#596,.T.);
#324=FACE_OUTER_BOUND('',#597,.T.);
#325=FACE_OUTER_BOUND('',#598,.T.);
#326=FACE_OUTER_BOUND('',#599,.T.);
#327=FACE_OUTER_BOUND('',#600,.T.);
#328=FACE_OUTER_BOUND('',#601,.T.);
#329=FACE_OUTER_BOUND('',#602,.T.);
#330=FACE_OUTER_BOUND('',#603,.T.);
#331=FACE_OUTER_BOUND('',#604,.T.);
#332=FACE_OUTER_BOUND('',#605,.T.);
#333=FACE_OUTER_BOUND('',#606,.T.);
#334=FACE_OUTER_BOUND('',#607,.T.);
#335=FACE_OUTER_BOUND('',#608,.T.);
#336=FACE_OUTER_BOUND('',#609,.T.);
#337=FACE_OUTER_BOUND('',#610,.T.);
#338=FACE_OUTER_BOUND('',#611,.T.);
#339=FACE_OUTER_BOUND('',#612,.T.);
#340=FACE_OUTER_BOUND('',#613,.T.);
#341=FACE_OUTER_BOUND('',#614,.T.);
#342=FACE_OUTER_BOUND('',#615,.T.);
#343=FACE_OUTER_BOUND('',#616,.T.);
#344=FACE_OUTER_BOUND('',#617,.T.);
#345=FACE_OUTER_BOUND('',#618,.T.);
#346=FACE_OUTER_BOUND('',#619,.T.);
#347=FACE_OUTER_BOUND('',#620,.T.);
#348=FACE_OUTER_BOUND('',#621,.T.);
#349=FACE_OUTER_BOUND('',#622,.T.);
#350=FACE_OUTER_BOUND('',#623,.T.);
#351=FACE_OUTER_BOUND('',#624,.T.);
#352=FACE_OUTER_BOUND('',#625,.T.);
#353=FACE_OUTER_BOUND('',#626,.T.);
#354=FACE_OUTER_BOUND('',#627,.T.);
#355=FACE_OUTER_BOUND('',#628,.T.);
#356=FACE_OUTER_BOUND('',#629,.T.);
#357=FACE_OUTER_BOUND('',#630,.T.);
#358=FACE_OUTER_BOUND('',#631,.T.);
#359=FACE_OUTER_BOUND('',#632,.T.);
#360=FACE_OUTER_BOUND('',#633,.T.);
#361=FACE_OUTER_BOUND('',#634,.T.);
#362=FACE_OUTER_BOUND('',#635,.T.);
#363=FACE_OUTER_BOUND('',#636,.T.);
#364=FACE_OUTER_BOUND('',#637,.T.);
#365=FACE_OUTER_BOUND('',#638,.T.);
#366=FACE_OUTER_BOUND('',#639,.T.);
#367=FACE_OUTER_BOUND('',#640,.T.);
#368=FACE_OUTER_BOUND('',#641,.T.);
#369=FACE_OUTER_BOUND('',#642,.T.);
#370=FACE_OUTER_BOUND('',#643,.T.);
#371=FACE_OUTER_BOUND('',#644,.T.);
#372=FACE_OUTER_BOUND('',#645,.T.);
#373=FACE_OUTER_BOUND('',#646,.T.);
#374=FACE_OUTER_BOUND('',#647,.T.);
#375=FACE_OUTER_BOUND('',#648,.T.);
#376=FACE_OUTER_BOUND('',#649,.T.);
#377=FACE_OUTER_BOUND('',#650,.T.);
#378=FACE_OUTER_BOUND('',#651,.T.);
#379=FACE_OUTER_BOUND('',#652,.T.);
#380=FACE_OUTER_BOUND('',#653,.T.);
#381=FACE_OUTER_BOUND('',#654,.T.);
#382=FACE_OUTER_BOUND('',#655,.T.);
#383=FACE_OUTER_BOUND('',#656,.T.);
#384=FACE_OUTER_BOUND('',#657,.T.);
#385=FACE_OUTER_BOUND('',#658,.T.);
#386=FACE_OUTER_BOUND('',#659,.T.);
#387=FACE_OUTER_BOUND('',#660,.T.);
#388=FACE_OUTER_BOUND('',#661,.T.);
#389=FACE_OUTER_BOUND('',#662,.T.);
#390=FACE_OUTER_BOUND('',#663,.T.);
#391=FACE_OUTER_BOUND('',#664,.T.);
#392=FACE_OUTER_BOUND('',#665,.T.);
#393=FACE_OUTER_BOUND('',#666,.T.);
#394=FACE_OUTER_BOUND('',#667,.T.);
#395=FACE_OUTER_BOUND('',#668,.T.);
#396=FACE_OUTER_BOUND('',#669,.T.);
#397=FACE_OUTER_BOUND('',#670,.T.);
#398=FACE_OUTER_BOUND('',#671,.T.);
#399=FACE_OUTER_BOUND('',#672,.T.);
#400=FACE_OUTER_BOUND('',#673,.T.);
#401=FACE_OUTER_BOUND('',#674,.T.);
#402=FACE_OUTER_BOUND('',#675,.T.);
#403=FACE_OUTER_BOUND('',#676,.T.);
#404=FACE_OUTER_BOUND('',#677,.T.);
#405=FACE_OUTER_BOUND('',#678,.T.);
#406=FACE_OUTER_BOUND('',#679,.T.);
#407=FACE_OUTER_BOUND('',#680,.T.);
#408=FACE_OUTER_BOUND('',#681,.T.);
#409=FACE_OUTER_BOUND('',#682,.T.);
#410=FACE_OUTER_BOUND('',#683,.T.);
#411=FACE_OUTER_BOUND('',#684,.T.);
#412=FACE_OUTER_BOUND('',#685,.T.);
#413=FACE_OUTER_BOUND('',#686,.T.);
#414=FACE_OUTER_BOUND('',#687,.T.);
#415=FACE_OUTER_BOUND('',#688,.T.);
#416=FACE_OUTER_BOUND('',#689,.T.);
#417=FACE_OUTER_BOUND('',#690,.T.);
#418=FACE_OUTER_BOUND('',#691,.T.);
#419=FACE_OUTER_BOUND('',#692,.T.);
#420=FACE_OUTER_BOUND('',#693,.T.);
#421=FACE_OUTER_BOUND('',#694,.T.);
#422=FACE_OUTER_BOUND('',#695,.T.);
#423=FACE_OUTER_BOUND('',#696,.T.);
#424=FACE_OUTER_BOUND('',#697,.T.);
#425=FACE_OUTER_BOUND('',#698,.T.);
#426=FACE_OUTER_BOUND('',#699,.T.);
#427=FACE_OUTER_BOUND('',#700,.T.);
#428=FACE_OUTER_BOUND('',#710,.T.);
#429=FACE_OUTER_BOUND('',#711,.T.);
#430=FACE_OUTER_BOUND('',#712,.T.);
#431=FACE_OUTER_BOUND('',#713,.T.);
#432=FACE_OUTER_BOUND('',#714,.T.);
#433=FACE_OUTER_BOUND('',#715,.T.);
#434=FACE_OUTER_BOUND('',#716,.T.);
#435=FACE_OUTER_BOUND('',#718,.T.);
#436=FACE_OUTER_BOUND('',#719,.T.);
#437=FACE_OUTER_BOUND('',#720,.T.);
#438=FACE_OUTER_BOUND('',#721,.T.);
#439=FACE_OUTER_BOUND('',#722,.T.);
#440=FACE_OUTER_BOUND('',#723,.T.);
#441=FACE_OUTER_BOUND('',#724,.T.);
#442=FACE_OUTER_BOUND('',#725,.T.);
#443=FACE_OUTER_BOUND('',#726,.T.);
#444=FACE_OUTER_BOUND('',#727,.T.);
#445=FACE_OUTER_BOUND('',#728,.T.);
#446=FACE_OUTER_BOUND('',#729,.T.);
#447=FACE_OUTER_BOUND('',#730,.T.);
#448=FACE_OUTER_BOUND('',#731,.T.);
#449=FACE_OUTER_BOUND('',#732,.T.);
#450=FACE_OUTER_BOUND('',#733,.T.);
#451=FACE_OUTER_BOUND('',#744,.T.);
#452=FACE_OUTER_BOUND('',#745,.T.);
#453=FACE_OUTER_BOUND('',#746,.T.);
#454=EDGE_LOOP('',(#3208,#3209,#3210,#3211));
#455=EDGE_LOOP('',(#3212,#3213,#3214,#3215));
#456=EDGE_LOOP('',(#3216,#3217,#3218,#3219));
#457=EDGE_LOOP('',(#3220,#3221,#3222,#3223));
#458=EDGE_LOOP('',(#3224,#3225,#3226,#3227));
#459=EDGE_LOOP('',(#3228,#3229,#3230,#3231));
#460=EDGE_LOOP('',(#3232,#3233,#3234,#3235));
#461=EDGE_LOOP('',(#3236,#3237,#3238,#3239));
#462=EDGE_LOOP('',(#3240,#3241,#3242,#3243));
#463=EDGE_LOOP('',(#3244,#3245,#3246,#3247));
#464=EDGE_LOOP('',(#3248,#3249,#3250,#3251));
#465=EDGE_LOOP('',(#3252,#3253,#3254,#3255));
#466=EDGE_LOOP('',(#3256,#3257,#3258,#3259));
#467=EDGE_LOOP('',(#3260,#3261,#3262,#3263));
#468=EDGE_LOOP('',(#3264,#3265,#3266,#3267,#3268,#3269,#3270,#3271,#3272,
#3273,#3274,#3275,#3276,#3277,#3278,#3279,#3280,#3281,#3282,#3283));
#469=EDGE_LOOP('',(#3284,#3285,#3286,#3287,#3288,#3289,#3290,#3291,#3292,
#3293,#3294,#3295,#3296,#3297,#3298,#3299,#3300,#3301,#3302,#3303));
#470=EDGE_LOOP('',(#3304,#3305,#3306,#3307));
#471=EDGE_LOOP('',(#3308,#3309,#3310,#3311));
#472=EDGE_LOOP('',(#3312,#3313,#3314,#3315));
#473=EDGE_LOOP('',(#3316,#3317,#3318,#3319));
#474=EDGE_LOOP('',(#3320,#3321,#3322,#3323));
#475=EDGE_LOOP('',(#3324,#3325,#3326,#3327));
#476=EDGE_LOOP('',(#3328,#3329,#3330,#3331));
#477=EDGE_LOOP('',(#3332,#3333,#3334,#3335));
#478=EDGE_LOOP('',(#3336,#3337,#3338,#3339));
#479=EDGE_LOOP('',(#3340,#3341,#3342,#3343));
#480=EDGE_LOOP('',(#3344,#3345,#3346,#3347));
#481=EDGE_LOOP('',(#3348,#3349,#3350,#3351));
#482=EDGE_LOOP('',(#3352,#3353,#3354,#3355));
#483=EDGE_LOOP('',(#3356,#3357,#3358,#3359));
#484=EDGE_LOOP('',(#3360,#3361,#3362,#3363));
#485=EDGE_LOOP('',(#3364,#3365,#3366,#3367));
#486=EDGE_LOOP('',(#3368,#3369,#3370,#3371));
#487=EDGE_LOOP('',(#3372,#3373,#3374,#3375));
#488=EDGE_LOOP('',(#3376,#3377,#3378,#3379));
#489=EDGE_LOOP('',(#3380,#3381,#3382,#3383));
#490=EDGE_LOOP('',(#3384,#3385,#3386,#3387,#3388,#3389,#3390,#3391,#3392,
#3393,#3394,#3395,#3396,#3397,#3398,#3399,#3400,#3401,#3402,#3403));
#491=EDGE_LOOP('',(#3404,#3405,#3406,#3407,#3408,#3409,#3410,#3411,#3412,
#3413,#3414,#3415,#3416,#3417,#3418,#3419,#3420,#3421,#3422,#3423));
#492=EDGE_LOOP('',(#3424,#3425,#3426,#3427));
#493=EDGE_LOOP('',(#3428,#3429,#3430,#3431));
#494=EDGE_LOOP('',(#3432,#3433,#3434,#3435));
#495=EDGE_LOOP('',(#3436,#3437,#3438,#3439));
#496=EDGE_LOOP('',(#3440,#3441,#3442,#3443));
#497=EDGE_LOOP('',(#3444,#3445,#3446,#3447));
#498=EDGE_LOOP('',(#3448,#3449,#3450,#3451,#3452));
#499=EDGE_LOOP('',(#3453,#3454,#3455,#3456,#3457,#3458));
#500=EDGE_LOOP('',(#3459,#3460,#3461,#3462,#3463,#3464));
#501=EDGE_LOOP('',(#3465,#3466,#3467,#3468,#3469,#3470));
#502=EDGE_LOOP('',(#3471,#3472,#3473,#3474,#3475,#3476));
#503=EDGE_LOOP('',(#3477,#3478,#3479,#3480,#3481));
#504=EDGE_LOOP('',(#3482,#3483,#3484,#3485));
#505=EDGE_LOOP('',(#3486,#3487,#3488,#3489));
#506=EDGE_LOOP('',(#3490,#3491,#3492,#3493));
#507=EDGE_LOOP('',(#3494,#3495,#3496,#3497));
#508=EDGE_LOOP('',(#3498,#3499,#3500,#3501));
#509=EDGE_LOOP('',(#3502,#3503,#3504,#3505));
#510=EDGE_LOOP('',(#3506,#3507,#3508,#3509));
#511=EDGE_LOOP('',(#3510,#3511,#3512,#3513));
#512=EDGE_LOOP('',(#3514,#3515,#3516,#3517));
#513=EDGE_LOOP('',(#3518,#3519,#3520,#3521));
#514=EDGE_LOOP('',(#3522,#3523,#3524,#3525));
#515=EDGE_LOOP('',(#3526,#3527,#3528,#3529));
#516=EDGE_LOOP('',(#3530,#3531,#3532,#3533));
#517=EDGE_LOOP('',(#3534,#3535,#3536,#3537));
#518=EDGE_LOOP('',(#3538,#3539,#3540,#3541));
#519=EDGE_LOOP('',(#3542,#3543,#3544,#3545));
#520=EDGE_LOOP('',(#3546,#3547,#3548,#3549));
#521=EDGE_LOOP('',(#3550,#3551,#3552,#3553));
#522=EDGE_LOOP('',(#3554,#3555,#3556,#3557));
#523=EDGE_LOOP('',(#3558,#3559,#3560,#3561));
#524=EDGE_LOOP('',(#3562,#3563,#3564,#3565));
#525=EDGE_LOOP('',(#3566,#3567,#3568,#3569));
#526=EDGE_LOOP('',(#3570,#3571,#3572,#3573));
#527=EDGE_LOOP('',(#3574,#3575,#3576,#3577));
#528=EDGE_LOOP('',(#3578,#3579,#3580,#3581));
#529=EDGE_LOOP('',(#3582,#3583,#3584,#3585));
#530=EDGE_LOOP('',(#3586,#3587,#3588,#3589));
#531=EDGE_LOOP('',(#3590,#3591,#3592,#3593));
#532=EDGE_LOOP('',(#3594,#3595,#3596,#3597));
#533=EDGE_LOOP('',(#3598,#3599,#3600,#3601));
#534=EDGE_LOOP('',(#3602,#3603,#3604,#3605));
#535=EDGE_LOOP('',(#3606,#3607,#3608,#3609));
#536=EDGE_LOOP('',(#3610,#3611,#3612,#3613));
#537=EDGE_LOOP('',(#3614,#3615,#3616,#3617));
#538=EDGE_LOOP('',(#3618,#3619,#3620,#3621));
#539=EDGE_LOOP('',(#3622,#3623,#3624,#3625));
#540=EDGE_LOOP('',(#3626,#3627,#3628,#3629));
#541=EDGE_LOOP('',(#3630,#3631,#3632,#3633));
#542=EDGE_LOOP('',(#3634,#3635,#3636,#3637));
#543=EDGE_LOOP('',(#3638,#3639,#3640,#3641));
#544=EDGE_LOOP('',(#3642,#3643,#3644,#3645));
#545=EDGE_LOOP('',(#3646,#3647,#3648,#3649));
#546=EDGE_LOOP('',(#3650,#3651,#3652,#3653));
#547=EDGE_LOOP('',(#3654,#3655,#3656,#3657));
#548=EDGE_LOOP('',(#3658,#3659,#3660,#3661));
#549=EDGE_LOOP('',(#3662,#3663,#3664,#3665));
#550=EDGE_LOOP('',(#3666,#3667,#3668,#3669));
#551=EDGE_LOOP('',(#3670,#3671,#3672,#3673));
#552=EDGE_LOOP('',(#3674,#3675,#3676,#3677));
#553=EDGE_LOOP('',(#3678,#3679,#3680,#3681));
#554=EDGE_LOOP('',(#3682,#3683,#3684,#3685));
#555=EDGE_LOOP('',(#3686,#3687,#3688,#3689));
#556=EDGE_LOOP('',(#3690,#3691,#3692,#3693));
#557=EDGE_LOOP('',(#3694,#3695,#3696,#3697));
#558=EDGE_LOOP('',(#3698,#3699,#3700,#3701));
#559=EDGE_LOOP('',(#3702,#3703,#3704,#3705));
#560=EDGE_LOOP('',(#3706,#3707,#3708,#3709));
#561=EDGE_LOOP('',(#3710,#3711,#3712,#3713));
#562=EDGE_LOOP('',(#3714,#3715,#3716,#3717));
#563=EDGE_LOOP('',(#3718,#3719,#3720,#3721));
#564=EDGE_LOOP('',(#3722,#3723,#3724,#3725));
#565=EDGE_LOOP('',(#3726,#3727,#3728,#3729,#3730,#3731,#3732,#3733,#3734,
#3735,#3736,#3737,#3738,#3739,#3740));
#566=EDGE_LOOP('',(#3741,#3742,#3743,#3744));
#567=EDGE_LOOP('',(#3745,#3746,#3747,#3748));
#568=EDGE_LOOP('',(#3749,#3750,#3751,#3752,#3753,#3754,#3755,#3756,#3757,
#3758,#3759,#3760,#3761,#3762,#3763));
#569=EDGE_LOOP('',(#3764,#3765,#3766,#3767));
#570=EDGE_LOOP('',(#3768,#3769,#3770,#3771));
#571=EDGE_LOOP('',(#3772,#3773,#3774,#3775));
#572=EDGE_LOOP('',(#3776,#3777,#3778,#3779));
#573=EDGE_LOOP('',(#3780,#3781,#3782,#3783));
#574=EDGE_LOOP('',(#3784,#3785,#3786,#3787));
#575=EDGE_LOOP('',(#3788,#3789,#3790,#3791));
#576=EDGE_LOOP('',(#3792,#3793,#3794,#3795));
#577=EDGE_LOOP('',(#3796,#3797,#3798,#3799));
#578=EDGE_LOOP('',(#3800,#3801,#3802,#3803));
#579=EDGE_LOOP('',(#3804,#3805,#3806,#3807));
#580=EDGE_LOOP('',(#3808,#3809,#3810,#3811));
#581=EDGE_LOOP('',(#3812,#3813,#3814,#3815,#3816,#3817,#3818,#3819,#3820,
#3821,#3822,#3823,#3824,#3825,#3826));
#582=EDGE_LOOP('',(#3827,#3828,#3829,#3830));
#583=EDGE_LOOP('',(#3831,#3832,#3833,#3834));
#584=EDGE_LOOP('',(#3835,#3836,#3837,#3838,#3839,#3840,#3841,#3842,#3843,
#3844,#3845,#3846,#3847,#3848,#3849));
#585=EDGE_LOOP('',(#3850,#3851,#3852,#3853));
#586=EDGE_LOOP('',(#3854,#3855,#3856,#3857));
#587=EDGE_LOOP('',(#3858,#3859,#3860,#3861));
#588=EDGE_LOOP('',(#3862,#3863,#3864,#3865));
#589=EDGE_LOOP('',(#3866,#3867,#3868,#3869));
#590=EDGE_LOOP('',(#3870,#3871,#3872,#3873));
#591=EDGE_LOOP('',(#3874,#3875,#3876,#3877));
#592=EDGE_LOOP('',(#3878,#3879,#3880,#3881));
#593=EDGE_LOOP('',(#3882,#3883,#3884,#3885));
#594=EDGE_LOOP('',(#3886,#3887,#3888,#3889));
#595=EDGE_LOOP('',(#3890,#3891,#3892,#3893));
#596=EDGE_LOOP('',(#3894,#3895,#3896,#3897));
#597=EDGE_LOOP('',(#3898,#3899,#3900,#3901,#3902,#3903,#3904,#3905,#3906,
#3907,#3908,#3909,#3910,#3911,#3912));
#598=EDGE_LOOP('',(#3913,#3914,#3915,#3916));
#599=EDGE_LOOP('',(#3917,#3918,#3919,#3920));
#600=EDGE_LOOP('',(#3921,#3922,#3923,#3924,#3925,#3926,#3927,#3928,#3929,
#3930,#3931,#3932,#3933,#3934,#3935));
#601=EDGE_LOOP('',(#3936,#3937,#3938,#3939));
#602=EDGE_LOOP('',(#3940,#3941,#3942,#3943));
#603=EDGE_LOOP('',(#3944,#3945,#3946,#3947));
#604=EDGE_LOOP('',(#3948,#3949,#3950,#3951));
#605=EDGE_LOOP('',(#3952,#3953,#3954,#3955));
#606=EDGE_LOOP('',(#3956,#3957,#3958,#3959));
#607=EDGE_LOOP('',(#3960,#3961,#3962,#3963));
#608=EDGE_LOOP('',(#3964,#3965,#3966,#3967));
#609=EDGE_LOOP('',(#3968,#3969,#3970,#3971));
#610=EDGE_LOOP('',(#3972,#3973,#3974,#3975));
#611=EDGE_LOOP('',(#3976,#3977,#3978,#3979));
#612=EDGE_LOOP('',(#3980,#3981,#3982,#3983));
#613=EDGE_LOOP('',(#3984,#3985,#3986,#3987,#3988,#3989,#3990,#3991,#3992,
#3993,#3994,#3995,#3996,#3997,#3998));
#614=EDGE_LOOP('',(#3999,#4000,#4001,#4002));
#615=EDGE_LOOP('',(#4003,#4004,#4005,#4006));
#616=EDGE_LOOP('',(#4007,#4008,#4009,#4010,#4011,#4012,#4013,#4014,#4015,
#4016,#4017,#4018,#4019,#4020,#4021));
#617=EDGE_LOOP('',(#4022,#4023,#4024,#4025));
#618=EDGE_LOOP('',(#4026,#4027,#4028,#4029));
#619=EDGE_LOOP('',(#4030,#4031,#4032,#4033));
#620=EDGE_LOOP('',(#4034,#4035,#4036,#4037));
#621=EDGE_LOOP('',(#4038,#4039,#4040,#4041));
#622=EDGE_LOOP('',(#4042,#4043,#4044,#4045));
#623=EDGE_LOOP('',(#4046,#4047,#4048,#4049));
#624=EDGE_LOOP('',(#4050,#4051,#4052,#4053));
#625=EDGE_LOOP('',(#4054,#4055,#4056,#4057));
#626=EDGE_LOOP('',(#4058,#4059,#4060,#4061));
#627=EDGE_LOOP('',(#4062,#4063,#4064,#4065));
#628=EDGE_LOOP('',(#4066,#4067,#4068,#4069));
#629=EDGE_LOOP('',(#4070,#4071,#4072,#4073));
#630=EDGE_LOOP('',(#4074,#4075,#4076,#4077));
#631=EDGE_LOOP('',(#4078,#4079,#4080,#4081));
#632=EDGE_LOOP('',(#4082,#4083,#4084,#4085));
#633=EDGE_LOOP('',(#4086,#4087,#4088,#4089));
#634=EDGE_LOOP('',(#4090,#4091,#4092,#4093));
#635=EDGE_LOOP('',(#4094,#4095,#4096,#4097));
#636=EDGE_LOOP('',(#4098,#4099,#4100,#4101));
#637=EDGE_LOOP('',(#4102,#4103,#4104,#4105));
#638=EDGE_LOOP('',(#4106,#4107,#4108,#4109));
#639=EDGE_LOOP('',(#4110,#4111,#4112,#4113));
#640=EDGE_LOOP('',(#4114,#4115,#4116,#4117,#4118,#4119,#4120,#4121,#4122,
#4123,#4124,#4125,#4126,#4127,#4128));
#641=EDGE_LOOP('',(#4129,#4130,#4131,#4132,#4133,#4134,#4135,#4136,#4137,
#4138,#4139,#4140,#4141,#4142,#4143));
#642=EDGE_LOOP('',(#4144,#4145,#4146,#4147));
#643=EDGE_LOOP('',(#4148,#4149,#4150,#4151));
#644=EDGE_LOOP('',(#4152,#4153,#4154,#4155));
#645=EDGE_LOOP('',(#4156,#4157,#4158,#4159));
#646=EDGE_LOOP('',(#4160,#4161,#4162,#4163));
#647=EDGE_LOOP('',(#4164,#4165,#4166,#4167));
#648=EDGE_LOOP('',(#4168,#4169,#4170,#4171));
#649=EDGE_LOOP('',(#4172,#4173,#4174,#4175));
#650=EDGE_LOOP('',(#4176,#4177,#4178,#4179));
#651=EDGE_LOOP('',(#4180,#4181,#4182,#4183));
#652=EDGE_LOOP('',(#4184,#4185,#4186,#4187));
#653=EDGE_LOOP('',(#4188,#4189,#4190,#4191));
#654=EDGE_LOOP('',(#4192,#4193,#4194,#4195));
#655=EDGE_LOOP('',(#4196,#4197,#4198,#4199,#4200,#4201));
#656=EDGE_LOOP('',(#4202,#4203,#4204,#4205,#4206,#4207));
#657=EDGE_LOOP('',(#4208,#4209,#4210,#4211));
#658=EDGE_LOOP('',(#4212,#4213,#4214,#4215));
#659=EDGE_LOOP('',(#4216,#4217,#4218,#4219));
#660=EDGE_LOOP('',(#4220,#4221,#4222,#4223));
#661=EDGE_LOOP('',(#4224,#4225,#4226,#4227));
#662=EDGE_LOOP('',(#4228,#4229,#4230,#4231));
#663=EDGE_LOOP('',(#4232,#4233,#4234,#4235,#4236,#4237));
#664=EDGE_LOOP('',(#4238,#4239,#4240,#4241,#4242,#4243));
#665=EDGE_LOOP('',(#4244,#4245,#4246,#4247));
#666=EDGE_LOOP('',(#4248,#4249,#4250,#4251));
#667=EDGE_LOOP('',(#4252,#4253,#4254,#4255));
#668=EDGE_LOOP('',(#4256,#4257,#4258,#4259));
#669=EDGE_LOOP('',(#4260,#4261,#4262,#4263));
#670=EDGE_LOOP('',(#4264,#4265,#4266,#4267));
#671=EDGE_LOOP('',(#4268,#4269,#4270,#4271));
#672=EDGE_LOOP('',(#4272,#4273,#4274,#4275));
#673=EDGE_LOOP('',(#4276,#4277,#4278,#4279));
#674=EDGE_LOOP('',(#4280,#4281,#4282,#4283));
#675=EDGE_LOOP('',(#4284,#4285,#4286,#4287));
#676=EDGE_LOOP('',(#4288,#4289,#4290,#4291,#4292,#4293,#4294,#4295));
#677=EDGE_LOOP('',(#4296,#4297,#4298,#4299));
#678=EDGE_LOOP('',(#4300,#4301,#4302,#4303,#4304,#4305,#4306,#4307));
#679=EDGE_LOOP('',(#4308,#4309,#4310,#4311));
#680=EDGE_LOOP('',(#4312,#4313,#4314,#4315));
#681=EDGE_LOOP('',(#4316,#4317,#4318,#4319));
#682=EDGE_LOOP('',(#4320,#4321,#4322,#4323));
#683=EDGE_LOOP('',(#4324,#4325,#4326,#4327));
#684=EDGE_LOOP('',(#4328,#4329,#4330,#4331));
#685=EDGE_LOOP('',(#4332,#4333,#4334,#4335));
#686=EDGE_LOOP('',(#4336,#4337,#4338,#4339));
#687=EDGE_LOOP('',(#4340,#4341,#4342,#4343));
#688=EDGE_LOOP('',(#4344,#4345,#4346,#4347));
#689=EDGE_LOOP('',(#4348,#4349,#4350,#4351));
#690=EDGE_LOOP('',(#4352,#4353,#4354,#4355));
#691=EDGE_LOOP('',(#4356,#4357,#4358,#4359));
#692=EDGE_LOOP('',(#4360,#4361,#4362,#4363));
#693=EDGE_LOOP('',(#4364,#4365,#4366,#4367));
#694=EDGE_LOOP('',(#4368,#4369,#4370,#4371));
#695=EDGE_LOOP('',(#4372,#4373,#4374,#4375));
#696=EDGE_LOOP('',(#4376,#4377,#4378,#4379));
#697=EDGE_LOOP('',(#4380,#4381,#4382,#4383));
#698=EDGE_LOOP('',(#4384,#4385,#4386,#4387));
#699=EDGE_LOOP('',(#4388,#4389,#4390,#4391));
#700=EDGE_LOOP('',(#4392,#4393,#4394,#4395,#4396,#4397,#4398,#4399,#4400,
#4401,#4402,#4403));
#701=EDGE_LOOP('',(#4404,#4405,#4406,#4407));
#702=EDGE_LOOP('',(#4408,#4409,#4410,#4411));
#703=EDGE_LOOP('',(#4412,#4413,#4414,#4415));
#704=EDGE_LOOP('',(#4416,#4417,#4418,#4419));
#705=EDGE_LOOP('',(#4420,#4421,#4422,#4423));
#706=EDGE_LOOP('',(#4424,#4425,#4426,#4427));
#707=EDGE_LOOP('',(#4428,#4429,#4430,#4431));
#708=EDGE_LOOP('',(#4432,#4433,#4434,#4435));
#709=EDGE_LOOP('',(#4436,#4437,#4438,#4439));
#710=EDGE_LOOP('',(#4440,#4441,#4442,#4443,#4444));
#711=EDGE_LOOP('',(#4445,#4446,#4447,#4448,#4449,#4450,#4451,#4452,#4453,
#4454,#4455,#4456,#4457,#4458,#4459,#4460,#4461,#4462));
#712=EDGE_LOOP('',(#4463,#4464,#4465,#4466,#4467,#4468,#4469,#4470,#4471,
#4472,#4473,#4474,#4475,#4476,#4477,#4478,#4479,#4480));
#713=EDGE_LOOP('',(#4481,#4482,#4483,#4484,#4485,#4486));
#714=EDGE_LOOP('',(#4487,#4488,#4489,#4490,#4491,#4492));
#715=EDGE_LOOP('',(#4493,#4494,#4495,#4496));
#716=EDGE_LOOP('',(#4497,#4498,#4499,#4500,#4501,#4502,#4503,#4504));
#717=EDGE_LOOP('',(#4505,#4506,#4507,#4508,#4509,#4510,#4511,#4512,#4513,
#4514,#4515,#4516));
#718=EDGE_LOOP('',(#4517,#4518,#4519,#4520,#4521,#4522,#4523,#4524));
#719=EDGE_LOOP('',(#4525,#4526,#4527,#4528));
#720=EDGE_LOOP('',(#4529,#4530,#4531,#4532));
#721=EDGE_LOOP('',(#4533,#4534,#4535,#4536,#4537,#4538));
#722=EDGE_LOOP('',(#4539,#4540,#4541,#4542));
#723=EDGE_LOOP('',(#4543,#4544,#4545,#4546,#4547,#4548));
#724=EDGE_LOOP('',(#4549,#4550,#4551,#4552,#4553,#4554));
#725=EDGE_LOOP('',(#4555,#4556,#4557,#4558,#4559,#4560));
#726=EDGE_LOOP('',(#4561,#4562,#4563,#4564));
#727=EDGE_LOOP('',(#4565,#4566,#4567,#4568));
#728=EDGE_LOOP('',(#4569,#4570,#4571,#4572));
#729=EDGE_LOOP('',(#4573,#4574,#4575,#4576,#4577));
#730=EDGE_LOOP('',(#4578,#4579,#4580,#4581));
#731=EDGE_LOOP('',(#4582,#4583,#4584,#4585));
#732=EDGE_LOOP('',(#4586,#4587,#4588,#4589));
#733=EDGE_LOOP('',(#4590,#4591,#4592,#4593,#4594,#4595,#4596,#4597,#4598,
#4599,#4600,#4601));
#734=EDGE_LOOP('',(#4602,#4603,#4604,#4605));
#735=EDGE_LOOP('',(#4606,#4607,#4608,#4609));
#736=EDGE_LOOP('',(#4610,#4611,#4612,#4613));
#737=EDGE_LOOP('',(#4614,#4615,#4616,#4617));
#738=EDGE_LOOP('',(#4618,#4619,#4620,#4621));
#739=EDGE_LOOP('',(#4622,#4623,#4624,#4625));
#740=EDGE_LOOP('',(#4626,#4627,#4628,#4629));
#741=EDGE_LOOP('',(#4630,#4631,#4632,#4633));
#742=EDGE_LOOP('',(#4634,#4635,#4636,#4637));
#743=EDGE_LOOP('',(#4638,#4639,#4640,#4641));
#744=EDGE_LOOP('',(#4642,#4643,#4644,#4645,#4646,#4647));
#745=EDGE_LOOP('',(#4648,#4649,#4650,#4651,#4652,#4653));
#746=EDGE_LOOP('',(#4654,#4655,#4656,#4657));
#747=LINE('',#6965,#1378);
#748=LINE('',#6967,#1379);
#749=LINE('',#6969,#1380);
#750=LINE('',#6970,#1381);
#751=LINE('',#6973,#1382);
#752=LINE('',#6975,#1383);
#753=LINE('',#6976,#1384);
#754=LINE('',#6979,#1385);
#755=LINE('',#6981,#1386);
#756=LINE('',#6982,#1387);
#757=LINE('',#6985,#1388);
#758=LINE('',#6987,#1389);
#759=LINE('',#6988,#1390);
#760=LINE('',#6991,#1391);
#761=LINE('',#6993,#1392);
#762=LINE('',#6994,#1393);
#763=LINE('',#6997,#1394);
#764=LINE('',#6999,#1395);
#765=LINE('',#7000,#1396);
#766=LINE('',#7004,#1397);
#767=LINE('',#7006,#1398);
#768=LINE('',#7008,#1399);
#769=LINE('',#7009,#1400);
#770=LINE('',#7013,#1401);
#771=LINE('',#7015,#1402);
#772=LINE('',#7017,#1403);
#773=LINE('',#7018,#1404);
#774=LINE('',#7022,#1405);
#775=LINE('',#7024,#1406);
#776=LINE('',#7026,#1407);
#777=LINE('',#7027,#1408);
#778=LINE('',#7030,#1409);
#779=LINE('',#7032,#1410);
#780=LINE('',#7033,#1411);
#781=LINE('',#7036,#1412);
#782=LINE('',#7038,#1413);
#783=LINE('',#7039,#1414);
#784=LINE('',#7042,#1415);
#785=LINE('',#7044,#1416);
#786=LINE('',#7045,#1417);
#787=LINE('',#7048,#1418);
#788=LINE('',#7050,#1419);
#789=LINE('',#7051,#1420);
#790=LINE('',#7055,#1421);
#791=LINE('',#7057,#1422);
#792=LINE('',#7059,#1423);
#793=LINE('',#7060,#1424);
#794=LINE('',#7082,#1425);
#795=LINE('',#7087,#1426);
#796=LINE('',#7089,#1427);
#797=LINE('',#7091,#1428);
#798=LINE('',#7092,#1429);
#799=LINE('',#7095,#1430);
#800=LINE('',#7097,#1431);
#801=LINE('',#7098,#1432);
#802=LINE('',#7101,#1433);
#803=LINE('',#7103,#1434);
#804=LINE('',#7104,#1435);
#805=LINE('',#7107,#1436);
#806=LINE('',#7109,#1437);
#807=LINE('',#7110,#1438);
#808=LINE('',#7113,#1439);
#809=LINE('',#7115,#1440);
#810=LINE('',#7116,#1441);
#811=LINE('',#7119,#1442);
#812=LINE('',#7121,#1443);
#813=LINE('',#7122,#1444);
#814=LINE('',#7126,#1445);
#815=LINE('',#7128,#1446);
#816=LINE('',#7130,#1447);
#817=LINE('',#7131,#1448);
#818=LINE('',#7135,#1449);
#819=LINE('',#7137,#1450);
#820=LINE('',#7139,#1451);
#821=LINE('',#7140,#1452);
#822=LINE('',#7144,#1453);
#823=LINE('',#7146,#1454);
#824=LINE('',#7148,#1455);
#825=LINE('',#7149,#1456);
#826=LINE('',#7152,#1457);
#827=LINE('',#7154,#1458);
#828=LINE('',#7155,#1459);
#829=LINE('',#7158,#1460);
#830=LINE('',#7160,#1461);
#831=LINE('',#7161,#1462);
#832=LINE('',#7164,#1463);
#833=LINE('',#7166,#1464);
#834=LINE('',#7167,#1465);
#835=LINE('',#7170,#1466);
#836=LINE('',#7172,#1467);
#837=LINE('',#7173,#1468);
#838=LINE('',#7177,#1469);
#839=LINE('',#7179,#1470);
#840=LINE('',#7181,#1471);
#841=LINE('',#7182,#1472);
#842=LINE('',#7204,#1473);
#843=LINE('',#7209,#1474);
#844=LINE('',#7211,#1475);
#845=LINE('',#7213,#1476);
#846=LINE('',#7215,#1477);
#847=LINE('',#7216,#1478);
#848=LINE('',#7220,#1479);
#849=LINE('',#7222,#1480);
#850=LINE('',#7224,#1481);
#851=LINE('',#7226,#1482);
#852=LINE('',#7228,#1483);
#853=LINE('',#7229,#1484);
#854=LINE('',#7233,#1485);
#855=LINE('',#7235,#1486);
#856=LINE('',#7237,#1487);
#857=LINE('',#7239,#1488);
#858=LINE('',#7241,#1489);
#859=LINE('',#7242,#1490);
#860=LINE('',#7246,#1491);
#861=LINE('',#7248,#1492);
#862=LINE('',#7250,#1493);
#863=LINE('',#7252,#1494);
#864=LINE('',#7254,#1495);
#865=LINE('',#7255,#1496);
#866=LINE('',#7259,#1497);
#867=LINE('',#7261,#1498);
#868=LINE('',#7263,#1499);
#869=LINE('',#7265,#1500);
#870=LINE('',#7267,#1501);
#871=LINE('',#7268,#1502);
#872=LINE('',#7272,#1503);
#873=LINE('',#7274,#1504);
#874=LINE('',#7276,#1505);
#875=LINE('',#7278,#1506);
#876=LINE('',#7279,#1507);
#877=LINE('',#7283,#1508);
#878=LINE('',#7285,#1509);
#879=LINE('',#7287,#1510);
#880=LINE('',#7288,#1511);
#881=LINE('',#7292,#1512);
#882=LINE('',#7293,#1513);
#883=LINE('',#7294,#1514);
#884=LINE('',#7297,#1515);
#885=LINE('',#7299,#1516);
#886=LINE('',#7300,#1517);
#887=LINE('',#7302,#1518);
#888=LINE('',#7303,#1519);
#889=LINE('',#7306,#1520);
#890=LINE('',#7308,#1521);
#891=LINE('',#7309,#1522);
#892=LINE('',#7312,#1523);
#893=LINE('',#7313,#1524);
#894=LINE('',#7316,#1525);
#895=LINE('',#7317,#1526);
#896=LINE('',#7319,#1527);
#897=LINE('',#7324,#1528);
#898=LINE('',#7326,#1529);
#899=LINE('',#7328,#1530);
#900=LINE('',#7329,#1531);
#901=LINE('',#7333,#1532);
#902=LINE('',#7334,#1533);
#903=LINE('',#7335,#1534);
#904=LINE('',#7338,#1535);
#905=LINE('',#7340,#1536);
#906=LINE('',#7341,#1537);
#907=LINE('',#7343,#1538);
#908=LINE('',#7344,#1539);
#909=LINE('',#7347,#1540);
#910=LINE('',#7349,#1541);
#911=LINE('',#7350,#1542);
#912=LINE('',#7353,#1543);
#913=LINE('',#7354,#1544);
#914=LINE('',#7357,#1545);
#915=LINE('',#7358,#1546);
#916=LINE('',#7360,#1547);
#917=LINE('',#7365,#1548);
#918=LINE('',#7367,#1549);
#919=LINE('',#7369,#1550);
#920=LINE('',#7370,#1551);
#921=LINE('',#7374,#1552);
#922=LINE('',#7375,#1553);
#923=LINE('',#7376,#1554);
#924=LINE('',#7379,#1555);
#925=LINE('',#7381,#1556);
#926=LINE('',#7382,#1557);
#927=LINE('',#7384,#1558);
#928=LINE('',#7385,#1559);
#929=LINE('',#7388,#1560);
#930=LINE('',#7390,#1561);
#931=LINE('',#7391,#1562);
#932=LINE('',#7394,#1563);
#933=LINE('',#7395,#1564);
#934=LINE('',#7398,#1565);
#935=LINE('',#7399,#1566);
#936=LINE('',#7401,#1567);
#937=LINE('',#7406,#1568);
#938=LINE('',#7408,#1569);
#939=LINE('',#7410,#1570);
#940=LINE('',#7411,#1571);
#941=LINE('',#7415,#1572);
#942=LINE('',#7416,#1573);
#943=LINE('',#7417,#1574);
#944=LINE('',#7420,#1575);
#945=LINE('',#7422,#1576);
#946=LINE('',#7423,#1577);
#947=LINE('',#7425,#1578);
#948=LINE('',#7426,#1579);
#949=LINE('',#7429,#1580);
#950=LINE('',#7431,#1581);
#951=LINE('',#7432,#1582);
#952=LINE('',#7435,#1583);
#953=LINE('',#7436,#1584);
#954=LINE('',#7439,#1585);
#955=LINE('',#7440,#1586);
#956=LINE('',#7442,#1587);
#957=LINE('',#7447,#1588);
#958=LINE('',#7449,#1589);
#959=LINE('',#7451,#1590);
#960=LINE('',#7452,#1591);
#961=LINE('',#7455,#1592);
#962=LINE('',#7457,#1593);
#963=LINE('',#7458,#1594);
#964=LINE('',#7461,#1595);
#965=LINE('',#7463,#1596);
#966=LINE('',#7464,#1597);
#967=LINE('',#7466,#1598);
#968=LINE('',#7467,#1599);
#969=LINE('',#7472,#1600);
#970=LINE('',#7474,#1601);
#971=LINE('',#7476,#1602);
#972=LINE('',#7477,#1603);
#973=LINE('',#7480,#1604);
#974=LINE('',#7482,#1605);
#975=LINE('',#7483,#1606);
#976=LINE('',#7486,#1607);
#977=LINE('',#7488,#1608);
#978=LINE('',#7489,#1609);
#979=LINE('',#7491,#1610);
#980=LINE('',#7492,#1611);
#981=LINE('',#7497,#1612);
#982=LINE('',#7499,#1613);
#983=LINE('',#7501,#1614);
#984=LINE('',#7502,#1615);
#985=LINE('',#7505,#1616);
#986=LINE('',#7507,#1617);
#987=LINE('',#7508,#1618);
#988=LINE('',#7511,#1619);
#989=LINE('',#7513,#1620);
#990=LINE('',#7514,#1621);
#991=LINE('',#7516,#1622);
#992=LINE('',#7517,#1623);
#993=LINE('',#7522,#1624);
#994=LINE('',#7524,#1625);
#995=LINE('',#7526,#1626);
#996=LINE('',#7527,#1627);
#997=LINE('',#7530,#1628);
#998=LINE('',#7532,#1629);
#999=LINE('',#7533,#1630);
#1000=LINE('',#7536,#1631);
#1001=LINE('',#7538,#1632);
#1002=LINE('',#7539,#1633);
#1003=LINE('',#7541,#1634);
#1004=LINE('',#7542,#1635);
#1005=LINE('',#7549,#1636);
#1006=LINE('',#7552,#1637);
#1007=LINE('',#7555,#1638);
#1008=LINE('',#7557,#1639);
#1009=LINE('',#7558,#1640);
#1010=LINE('',#7564,#1641);
#1011=LINE('',#7567,#1642);
#1012=LINE('',#7569,#1643);
#1013=LINE('',#7570,#1644);
#1014=LINE('',#7576,#1645);
#1015=LINE('',#7579,#1646);
#1016=LINE('',#7581,#1647);
#1017=LINE('',#7585,#1648);
#1018=LINE('',#7589,#1649);
#1019=LINE('',#7593,#1650);
#1020=LINE('',#7596,#1651);
#1021=LINE('',#7601,#1652);
#1022=LINE('',#7602,#1653);
#1023=LINE('',#7604,#1654);
#1024=LINE('',#7607,#1655);
#1025=LINE('',#7609,#1656);
#1026=LINE('',#7613,#1657);
#1027=LINE('',#7617,#1658);
#1028=LINE('',#7620,#1659);
#1029=LINE('',#7622,#1660);
#1030=LINE('',#7624,#1661);
#1031=LINE('',#7626,#1662);
#1032=LINE('',#7628,#1663);
#1033=LINE('',#7630,#1664);
#1034=LINE('',#7632,#1665);
#1035=LINE('',#7634,#1666);
#1036=LINE('',#7640,#1667);
#1037=LINE('',#7643,#1668);
#1038=LINE('',#7646,#1669);
#1039=LINE('',#7648,#1670);
#1040=LINE('',#7649,#1671);
#1041=LINE('',#7655,#1672);
#1042=LINE('',#7658,#1673);
#1043=LINE('',#7660,#1674);
#1044=LINE('',#7661,#1675);
#1045=LINE('',#7667,#1676);
#1046=LINE('',#7670,#1677);
#1047=LINE('',#7672,#1678);
#1048=LINE('',#7676,#1679);
#1049=LINE('',#7680,#1680);
#1050=LINE('',#7684,#1681);
#1051=LINE('',#7687,#1682);
#1052=LINE('',#7692,#1683);
#1053=LINE('',#7693,#1684);
#1054=LINE('',#7695,#1685);
#1055=LINE('',#7698,#1686);
#1056=LINE('',#7700,#1687);
#1057=LINE('',#7704,#1688);
#1058=LINE('',#7708,#1689);
#1059=LINE('',#7711,#1690);
#1060=LINE('',#7713,#1691);
#1061=LINE('',#7715,#1692);
#1062=LINE('',#7717,#1693);
#1063=LINE('',#7719,#1694);
#1064=LINE('',#7721,#1695);
#1065=LINE('',#7723,#1696);
#1066=LINE('',#7725,#1697);
#1067=LINE('',#7731,#1698);
#1068=LINE('',#7734,#1699);
#1069=LINE('',#7737,#1700);
#1070=LINE('',#7739,#1701);
#1071=LINE('',#7740,#1702);
#1072=LINE('',#7746,#1703);
#1073=LINE('',#7749,#1704);
#1074=LINE('',#7751,#1705);
#1075=LINE('',#7752,#1706);
#1076=LINE('',#7758,#1707);
#1077=LINE('',#7761,#1708);
#1078=LINE('',#7763,#1709);
#1079=LINE('',#7767,#1710);
#1080=LINE('',#7771,#1711);
#1081=LINE('',#7775,#1712);
#1082=LINE('',#7778,#1713);
#1083=LINE('',#7783,#1714);
#1084=LINE('',#7784,#1715);
#1085=LINE('',#7786,#1716);
#1086=LINE('',#7789,#1717);
#1087=LINE('',#7791,#1718);
#1088=LINE('',#7795,#1719);
#1089=LINE('',#7799,#1720);
#1090=LINE('',#7802,#1721);
#1091=LINE('',#7804,#1722);
#1092=LINE('',#7806,#1723);
#1093=LINE('',#7808,#1724);
#1094=LINE('',#7810,#1725);
#1095=LINE('',#7812,#1726);
#1096=LINE('',#7814,#1727);
#1097=LINE('',#7816,#1728);
#1098=LINE('',#7822,#1729);
#1099=LINE('',#7825,#1730);
#1100=LINE('',#7828,#1731);
#1101=LINE('',#7830,#1732);
#1102=LINE('',#7831,#1733);
#1103=LINE('',#7837,#1734);
#1104=LINE('',#7840,#1735);
#1105=LINE('',#7842,#1736);
#1106=LINE('',#7843,#1737);
#1107=LINE('',#7849,#1738);
#1108=LINE('',#7852,#1739);
#1109=LINE('',#7854,#1740);
#1110=LINE('',#7858,#1741);
#1111=LINE('',#7862,#1742);
#1112=LINE('',#7866,#1743);
#1113=LINE('',#7869,#1744);
#1114=LINE('',#7874,#1745);
#1115=LINE('',#7875,#1746);
#1116=LINE('',#7877,#1747);
#1117=LINE('',#7880,#1748);
#1118=LINE('',#7882,#1749);
#1119=LINE('',#7886,#1750);
#1120=LINE('',#7890,#1751);
#1121=LINE('',#7893,#1752);
#1122=LINE('',#7895,#1753);
#1123=LINE('',#7897,#1754);
#1124=LINE('',#7899,#1755);
#1125=LINE('',#7901,#1756);
#1126=LINE('',#7903,#1757);
#1127=LINE('',#7905,#1758);
#1128=LINE('',#7907,#1759);
#1129=LINE('',#7911,#1760);
#1130=LINE('',#7913,#1761);
#1131=LINE('',#7915,#1762);
#1132=LINE('',#7916,#1763);
#1133=LINE('',#7920,#1764);
#1134=LINE('',#7921,#1765);
#1135=LINE('',#7922,#1766);
#1136=LINE('',#7926,#1767);
#1137=LINE('',#7927,#1768);
#1138=LINE('',#7928,#1769);
#1139=LINE('',#7930,#1770);
#1140=LINE('',#7931,#1771);
#1141=LINE('',#7937,#1772);
#1142=LINE('',#7940,#1773);
#1143=LINE('',#7946,#1774);
#1144=LINE('',#7949,#1775);
#1145=LINE('',#7955,#1776);
#1146=LINE('',#7958,#1777);
#1147=LINE('',#7964,#1778);
#1148=LINE('',#7967,#1779);
#1149=LINE('',#7969,#1780);
#1150=LINE('',#7970,#1781);
#1151=LINE('',#7972,#1782);
#1152=LINE('',#7973,#1783);
#1153=LINE('',#7975,#1784);
#1154=LINE('',#7976,#1785);
#1155=LINE('',#7979,#1786);
#1156=LINE('',#7981,#1787);
#1157=LINE('',#7982,#1788);
#1158=LINE('',#7988,#1789);
#1159=LINE('',#7991,#1790);
#1160=LINE('',#7993,#1791);
#1161=LINE('',#7994,#1792);
#1162=LINE('',#8000,#1793);
#1163=LINE('',#8003,#1794);
#1164=LINE('',#8005,#1795);
#1165=LINE('',#8006,#1796);
#1166=LINE('',#8009,#1797);
#1167=LINE('',#8012,#1798);
#1168=LINE('',#8015,#1799);
#1169=LINE('',#8017,#1800);
#1170=LINE('',#8020,#1801);
#1171=LINE('',#8022,#1802);
#1172=LINE('',#8026,#1803);
#1173=LINE('',#8028,#1804);
#1174=LINE('',#8030,#1805);
#1175=LINE('',#8031,#1806);
#1176=LINE('',#8035,#1807);
#1177=LINE('',#8037,#1808);
#1178=LINE('',#8039,#1809);
#1179=LINE('',#8040,#1810);
#1180=LINE('',#8042,#1811);
#1181=LINE('',#8043,#1812);
#1182=LINE('',#8045,#1813);
#1183=LINE('',#8046,#1814);
#1184=LINE('',#8050,#1815);
#1185=LINE('',#8052,#1816);
#1186=LINE('',#8053,#1817);
#1187=LINE('',#8056,#1818);
#1188=LINE('',#8058,#1819);
#1189=LINE('',#8059,#1820);
#1190=LINE('',#8061,#1821);
#1191=LINE('',#8063,#1822);
#1192=LINE('',#8068,#1823);
#1193=LINE('',#8070,#1824);
#1194=LINE('',#8072,#1825);
#1195=LINE('',#8073,#1826);
#1196=LINE('',#8077,#1827);
#1197=LINE('',#8078,#1828);
#1198=LINE('',#8080,#1829);
#1199=LINE('',#8082,#1830);
#1200=LINE('',#8083,#1831);
#1201=LINE('',#8087,#1832);
#1202=LINE('',#8088,#1833);
#1203=LINE('',#8090,#1834);
#1204=LINE('',#8092,#1835);
#1205=LINE('',#8093,#1836);
#1206=LINE('',#8097,#1837);
#1207=LINE('',#8098,#1838);
#1208=LINE('',#8099,#1839);
#1209=LINE('',#8103,#1840);
#1210=LINE('',#8104,#1841);
#1211=LINE('',#8105,#1842);
#1212=LINE('',#8109,#1843);
#1213=LINE('',#8110,#1844);
#1214=LINE('',#8111,#1845);
#1215=LINE('',#8115,#1846);
#1216=LINE('',#8116,#1847);
#1217=LINE('',#8117,#1848);
#1218=LINE('',#8121,#1849);
#1219=LINE('',#8122,#1850);
#1220=LINE('',#8123,#1851);
#1221=LINE('',#8127,#1852);
#1222=LINE('',#8128,#1853);
#1223=LINE('',#8129,#1854);
#1224=LINE('',#8133,#1855);
#1225=LINE('',#8134,#1856);
#1226=LINE('',#8136,#1857);
#1227=LINE('',#8138,#1858);
#1228=LINE('',#8139,#1859);
#1229=LINE('',#8143,#1860);
#1230=LINE('',#8144,#1861);
#1231=LINE('',#8146,#1862);
#1232=LINE('',#8148,#1863);
#1233=LINE('',#8149,#1864);
#1234=LINE('',#8151,#1865);
#1235=LINE('',#8152,#1866);
#1236=LINE('',#8155,#1867);
#1237=LINE('',#8157,#1868);
#1238=LINE('',#8158,#1869);
#1239=LINE('',#8161,#1870);
#1240=LINE('',#8163,#1871);
#1241=LINE('',#8164,#1872);
#1242=LINE('',#8167,#1873);
#1243=LINE('',#8169,#1874);
#1244=LINE('',#8170,#1875);
#1245=LINE('',#8173,#1876);
#1246=LINE('',#8175,#1877);
#1247=LINE('',#8176,#1878);
#1248=LINE('',#8179,#1879);
#1249=LINE('',#8181,#1880);
#1250=LINE('',#8182,#1881);
#1251=LINE('',#8185,#1882);
#1252=LINE('',#8186,#1883);
#1253=LINE('',#8189,#1884);
#1254=LINE('',#8190,#1885);
#1255=LINE('',#8192,#1886);
#1256=LINE('',#8196,#1887);
#1257=LINE('',#8198,#1888);
#1258=LINE('',#8200,#1889);
#1259=LINE('',#8201,#1890);
#1260=LINE('',#8205,#1891);
#1261=LINE('',#8206,#1892);
#1262=LINE('',#8207,#1893);
#1263=LINE('',#8210,#1894);
#1264=LINE('',#8211,#1895);
#1265=LINE('',#8212,#1896);
#1266=LINE('',#8216,#1897);
#1267=LINE('',#8218,#1898);
#1268=LINE('',#8220,#1899);
#1269=LINE('',#8221,#1900);
#1270=LINE('',#8224,#1901);
#1271=LINE('',#8226,#1902);
#1272=LINE('',#8227,#1903);
#1273=LINE('',#8228,#1904);
#1274=LINE('',#8231,#1905);
#1275=LINE('',#8232,#1906);
#1276=LINE('',#8235,#1907);
#1277=LINE('',#8237,#1908);
#1278=LINE('',#8238,#1909);
#1279=LINE('',#8241,#1910);
#1280=LINE('',#8243,#1911);
#1281=LINE('',#8244,#1912);
#1282=LINE('',#8247,#1913);
#1283=LINE('',#8249,#1914);
#1284=LINE('',#8250,#1915);
#1285=LINE('',#8253,#1916);
#1286=LINE('',#8255,#1917);
#1287=LINE('',#8256,#1918);
#1288=LINE('',#8259,#1919);
#1289=LINE('',#8261,#1920);
#1290=LINE('',#8262,#1921);
#1291=LINE('',#8265,#1922);
#1292=LINE('',#8267,#1923);
#1293=LINE('',#8268,#1924);
#1294=LINE('',#8271,#1925);
#1295=LINE('',#8273,#1926);
#1296=LINE('',#8274,#1927);
#1297=LINE('',#8277,#1928);
#1298=LINE('',#8279,#1929);
#1299=LINE('',#8280,#1930);
#1300=LINE('',#8283,#1931);
#1301=LINE('',#8284,#1932);
#1302=LINE('',#8287,#1933);
#1303=LINE('',#8288,#1934);
#1304=LINE('',#8291,#1935);
#1305=LINE('',#8292,#1936);
#1306=LINE('',#8295,#1937);
#1307=LINE('',#8296,#1938);
#1308=LINE('',#8299,#1939);
#1309=LINE('',#8300,#1940);
#1310=LINE('',#8303,#1941);
#1311=LINE('',#8304,#1942);
#1312=LINE('',#8307,#1943);
#1313=LINE('',#8308,#1944);
#1314=LINE('',#8311,#1945);
#1315=LINE('',#8312,#1946);
#1316=LINE('',#8315,#1947);
#1317=LINE('',#8317,#1948);
#1318=LINE('',#8318,#1949);
#1319=LINE('',#8321,#1950);
#1320=LINE('',#8323,#1951);
#1321=LINE('',#8324,#1952);
#1322=LINE('',#8327,#1953);
#1323=LINE('',#8328,#1954);
#1324=LINE('',#8331,#1955);
#1325=LINE('',#8332,#1956);
#1326=LINE('',#8335,#1957);
#1327=LINE('',#8337,#1958);
#1328=LINE('',#8338,#1959);
#1329=LINE('',#8340,#1960);
#1330=LINE('',#8342,#1961);
#1331=LINE('',#8344,#1962);
#1332=LINE('',#8346,#1963);
#1333=LINE('',#8347,#1964);
#1334=LINE('',#8348,#1965);
#1335=LINE('',#8349,#1966);
#1336=LINE('',#8350,#1967);
#1337=LINE('',#8351,#1968);
#1338=LINE('',#8354,#1969);
#1339=LINE('',#8355,#1970);
#1340=LINE('',#8358,#1971);
#1341=LINE('',#8359,#1972);
#1342=LINE('',#8360,#1973);
#1343=LINE('',#8362,#1974);
#1344=LINE('',#8364,#1975);
#1345=LINE('',#8365,#1976);
#1346=LINE('',#8367,#1977);
#1347=LINE('',#8368,#1978);
#1348=LINE('',#8370,#1979);
#1349=LINE('',#8372,#1980);
#1350=LINE('',#8374,#1981);
#1351=LINE('',#8375,#1982);
#1352=LINE('',#8376,#1983);
#1353=LINE('',#8378,#1984);
#1354=LINE('',#8379,#1985);
#1355=LINE('',#8382,#1986);
#1356=LINE('',#8384,#1987);
#1357=LINE('',#8385,#1988);
#1358=LINE('',#8388,#1989);
#1359=LINE('',#8389,#1990);
#1360=LINE('',#8392,#1991);
#1361=LINE('',#8393,#1992);
#1362=LINE('',#8397,#1993);
#1363=LINE('',#8398,#1994);
#1364=LINE('',#8399,#1995);
#1365=LINE('',#8400,#1996);
#1366=LINE('',#8403,#1997);
#1367=LINE('',#8404,#1998);
#1368=LINE('',#8408,#1999);
#1369=LINE('',#8411,#2000);
#1370=LINE('',#8413,#2001);
#1371=LINE('',#8415,#2002);
#1372=LINE('',#8420,#2003);
#1373=LINE('',#8423,#2004);
#1374=LINE('',#8425,#2005);
#1375=LINE('',#8429,#2006);
#1376=LINE('',#8430,#2007);
#1377=LINE('',#8432,#2008);
#1378=VECTOR('',#5595,999.999999999226);
#1379=VECTOR('',#5596,1000.);
#1380=VECTOR('',#5597,999.999999999226);
#1381=VECTOR('',#5598,1000.);
#1382=VECTOR('',#5601,1000.);
#1383=VECTOR('',#5602,1000.);
#1384=VECTOR('',#5603,1000.);
#1385=VECTOR('',#5606,1000.);
#1386=VECTOR('',#5607,1000.);
#1387=VECTOR('',#5608,1000.);
#1388=VECTOR('',#5611,1000.);
#1389=VECTOR('',#5612,1000.);
#1390=VECTOR('',#5613,1000.);
#1391=VECTOR('',#5616,999.999999999226);
#1392=VECTOR('',#5617,1000.);
#1393=VECTOR('',#5618,999.999999999226);
#1394=VECTOR('',#5621,1000.);
#1395=VECTOR('',#5622,1000.);
#1396=VECTOR('',#5623,1000.);
#1397=VECTOR('',#5626,999.999999999876);
#1398=VECTOR('',#5627,1000.);
#1399=VECTOR('',#5628,999.999999999876);
#1400=VECTOR('',#5629,1000.);
#1401=VECTOR('',#5632,1000.);
#1402=VECTOR('',#5633,1000.);
#1403=VECTOR('',#5634,1000.);
#1404=VECTOR('',#5635,1000.);
#1405=VECTOR('',#5638,999.999999998905);
#1406=VECTOR('',#5639,1000.);
#1407=VECTOR('',#5640,999.999999998905);
#1408=VECTOR('',#5641,1000.);
#1409=VECTOR('',#5644,1000.);
#1410=VECTOR('',#5645,1000.);
#1411=VECTOR('',#5646,1000.);
#1412=VECTOR('',#5649,1000.);
#1413=VECTOR('',#5650,1000.);
#1414=VECTOR('',#5651,1000.);
#1415=VECTOR('',#5654,999.999999998918);
#1416=VECTOR('',#5655,1000.);
#1417=VECTOR('',#5656,999.999999998918);
#1418=VECTOR('',#5659,1000.);
#1419=VECTOR('',#5660,1000.);
#1420=VECTOR('',#5661,1000.);
#1421=VECTOR('',#5664,1000.);
#1422=VECTOR('',#5665,1000.);
#1423=VECTOR('',#5666,1000.);
#1424=VECTOR('',#5667,1000.);
#1425=VECTOR('',#5706,1000.);
#1426=VECTOR('',#5711,999.999999999226);
#1427=VECTOR('',#5712,1000.);
#1428=VECTOR('',#5713,999.999999999226);
#1429=VECTOR('',#5714,1000.);
#1430=VECTOR('',#5717,1000.);
#1431=VECTOR('',#5718,1000.);
#1432=VECTOR('',#5719,1000.);
#1433=VECTOR('',#5722,1000.);
#1434=VECTOR('',#5723,1000.);
#1435=VECTOR('',#5724,1000.);
#1436=VECTOR('',#5727,1000.);
#1437=VECTOR('',#5728,1000.);
#1438=VECTOR('',#5729,1000.);
#1439=VECTOR('',#5732,999.999999999226);
#1440=VECTOR('',#5733,999.999999999226);
#1441=VECTOR('',#5734,1000.);
#1442=VECTOR('',#5737,1000.);
#1443=VECTOR('',#5738,1000.);
#1444=VECTOR('',#5739,1000.);
#1445=VECTOR('',#5742,999.999999999876);
#1446=VECTOR('',#5743,1000.);
#1447=VECTOR('',#5744,999.999999999876);
#1448=VECTOR('',#5745,1000.);
#1449=VECTOR('',#5748,1000.);
#1450=VECTOR('',#5749,1000.);
#1451=VECTOR('',#5750,1000.);
#1452=VECTOR('',#5751,1000.);
#1453=VECTOR('',#5754,999.999999998905);
#1454=VECTOR('',#5755,1000.);
#1455=VECTOR('',#5756,999.999999998905);
#1456=VECTOR('',#5757,1000.);
#1457=VECTOR('',#5760,1000.);
#1458=VECTOR('',#5761,1000.);
#1459=VECTOR('',#5762,1000.);
#1460=VECTOR('',#5765,1000.);
#1461=VECTOR('',#5766,1000.);
#1462=VECTOR('',#5767,1000.);
#1463=VECTOR('',#5770,999.999999998918);
#1464=VECTOR('',#5771,999.999999998918);
#1465=VECTOR('',#5772,1000.);
#1466=VECTOR('',#5775,1000.);
#1467=VECTOR('',#5776,1000.);
#1468=VECTOR('',#5777,1000.);
#1469=VECTOR('',#5780,1000.);
#1470=VECTOR('',#5781,1000.);
#1471=VECTOR('',#5782,1000.);
#1472=VECTOR('',#5783,1000.);
#1473=VECTOR('',#5822,1000.);
#1474=VECTOR('',#5827,1000.);
#1475=VECTOR('',#5828,1000.);
#1476=VECTOR('',#5829,999.99999999912);
#1477=VECTOR('',#5830,1000.);
#1478=VECTOR('',#5831,1000.);
#1479=VECTOR('',#5834,1000.);
#1480=VECTOR('',#5835,1000.);
#1481=VECTOR('',#5836,999.99999999962);
#1482=VECTOR('',#5837,1000.);
#1483=VECTOR('',#5838,999.99999999962);
#1484=VECTOR('',#5839,1000.);
#1485=VECTOR('',#5842,999.99999999962);
#1486=VECTOR('',#5843,1000.);
#1487=VECTOR('',#5844,999.99999999912);
#1488=VECTOR('',#5845,1000.);
#1489=VECTOR('',#5846,1000.);
#1490=VECTOR('',#5847,1000.);
#1491=VECTOR('',#5850,999.99999999912);
#1492=VECTOR('',#5851,1000.);
#1493=VECTOR('',#5852,999.99999999962);
#1494=VECTOR('',#5853,1000.);
#1495=VECTOR('',#5854,1000.);
#1496=VECTOR('',#5855,1000.);
#1497=VECTOR('',#5858,999.99999999962);
#1498=VECTOR('',#5859,1000.);
#1499=VECTOR('',#5860,999.99999999962);
#1500=VECTOR('',#5861,1000.);
#1501=VECTOR('',#5862,1000.);
#1502=VECTOR('',#5863,1000.);
#1503=VECTOR('',#5866,1000.);
#1504=VECTOR('',#5867,1000.);
#1505=VECTOR('',#5868,1000.);
#1506=VECTOR('',#5869,999.99999999912);
#1507=VECTOR('',#5870,1000.);
#1508=VECTOR('',#5873,999.999999999002);
#1509=VECTOR('',#5874,1000.);
#1510=VECTOR('',#5875,999.999999999002);
#1511=VECTOR('',#5876,1000.);
#1512=VECTOR('',#5879,999.999999999002);
#1513=VECTOR('',#5880,1000.);
#1514=VECTOR('',#5881,1000.);
#1515=VECTOR('',#5884,1000.);
#1516=VECTOR('',#5885,999.999999999002);
#1517=VECTOR('',#5886,1000.);
#1518=VECTOR('',#5889,1000.);
#1519=VECTOR('',#5890,1000.);
#1520=VECTOR('',#5893,1000.);
#1521=VECTOR('',#5894,1000.);
#1522=VECTOR('',#5895,1000.);
#1523=VECTOR('',#5898,1000.);
#1524=VECTOR('',#5899,1000.);
#1525=VECTOR('',#5902,1000.);
#1526=VECTOR('',#5903,1000.);
#1527=VECTOR('',#5906,1000.);
#1528=VECTOR('',#5911,999.999999999002);
#1529=VECTOR('',#5912,1000.);
#1530=VECTOR('',#5913,999.999999999002);
#1531=VECTOR('',#5914,1000.);
#1532=VECTOR('',#5917,999.999999999002);
#1533=VECTOR('',#5918,1000.);
#1534=VECTOR('',#5919,1000.);
#1535=VECTOR('',#5922,1000.);
#1536=VECTOR('',#5923,999.999999999002);
#1537=VECTOR('',#5924,1000.);
#1538=VECTOR('',#5927,1000.);
#1539=VECTOR('',#5928,1000.);
#1540=VECTOR('',#5931,1000.);
#1541=VECTOR('',#5932,1000.);
#1542=VECTOR('',#5933,1000.);
#1543=VECTOR('',#5936,1000.);
#1544=VECTOR('',#5937,1000.);
#1545=VECTOR('',#5940,1000.);
#1546=VECTOR('',#5941,1000.);
#1547=VECTOR('',#5944,1000.);
#1548=VECTOR('',#5949,999.999999999002);
#1549=VECTOR('',#5950,1000.);
#1550=VECTOR('',#5951,999.999999999002);
#1551=VECTOR('',#5952,1000.);
#1552=VECTOR('',#5955,999.999999999002);
#1553=VECTOR('',#5956,1000.);
#1554=VECTOR('',#5957,1000.);
#1555=VECTOR('',#5960,1000.);
#1556=VECTOR('',#5961,999.999999999002);
#1557=VECTOR('',#5962,1000.);
#1558=VECTOR('',#5965,1000.);
#1559=VECTOR('',#5966,1000.);
#1560=VECTOR('',#5969,1000.);
#1561=VECTOR('',#5970,1000.);
#1562=VECTOR('',#5971,1000.);
#1563=VECTOR('',#5974,1000.);
#1564=VECTOR('',#5975,1000.);
#1565=VECTOR('',#5978,1000.);
#1566=VECTOR('',#5979,1000.);
#1567=VECTOR('',#5982,1000.);
#1568=VECTOR('',#5987,999.999999999002);
#1569=VECTOR('',#5988,1000.);
#1570=VECTOR('',#5989,999.999999999002);
#1571=VECTOR('',#5990,1000.);
#1572=VECTOR('',#5993,999.999999999002);
#1573=VECTOR('',#5994,1000.);
#1574=VECTOR('',#5995,1000.);
#1575=VECTOR('',#5998,1000.);
#1576=VECTOR('',#5999,999.999999999002);
#1577=VECTOR('',#6000,1000.);
#1578=VECTOR('',#6003,1000.);
#1579=VECTOR('',#6004,1000.);
#1580=VECTOR('',#6007,1000.);
#1581=VECTOR('',#6008,1000.);
#1582=VECTOR('',#6009,1000.);
#1583=VECTOR('',#6012,1000.);
#1584=VECTOR('',#6013,1000.);
#1585=VECTOR('',#6016,1000.);
#1586=VECTOR('',#6017,1000.);
#1587=VECTOR('',#6020,1000.);
#1588=VECTOR('',#6025,1000.);
#1589=VECTOR('',#6026,1000.);
#1590=VECTOR('',#6027,1000.);
#1591=VECTOR('',#6028,1000.);
#1592=VECTOR('',#6031,1000.);
#1593=VECTOR('',#6032,1000.);
#1594=VECTOR('',#6033,1000.);
#1595=VECTOR('',#6036,1000.);
#1596=VECTOR('',#6037,1000.);
#1597=VECTOR('',#6038,1000.);
#1598=VECTOR('',#6041,1000.);
#1599=VECTOR('',#6042,1000.);
#1600=VECTOR('',#6047,1000.);
#1601=VECTOR('',#6048,1000.);
#1602=VECTOR('',#6049,1000.);
#1603=VECTOR('',#6050,1000.);
#1604=VECTOR('',#6053,1000.);
#1605=VECTOR('',#6054,1000.);
#1606=VECTOR('',#6055,1000.);
#1607=VECTOR('',#6058,1000.);
#1608=VECTOR('',#6059,1000.);
#1609=VECTOR('',#6060,1000.);
#1610=VECTOR('',#6063,1000.);
#1611=VECTOR('',#6064,1000.);
#1612=VECTOR('',#6069,1000.);
#1613=VECTOR('',#6070,1000.);
#1614=VECTOR('',#6071,1000.);
#1615=VECTOR('',#6072,1000.);
#1616=VECTOR('',#6075,1000.);
#1617=VECTOR('',#6076,1000.);
#1618=VECTOR('',#6077,1000.);
#1619=VECTOR('',#6080,1000.);
#1620=VECTOR('',#6081,1000.);
#1621=VECTOR('',#6082,1000.);
#1622=VECTOR('',#6085,1000.);
#1623=VECTOR('',#6086,1000.);
#1624=VECTOR('',#6091,1000.);
#1625=VECTOR('',#6092,1000.);
#1626=VECTOR('',#6093,1000.);
#1627=VECTOR('',#6094,1000.);
#1628=VECTOR('',#6097,1000.);
#1629=VECTOR('',#6098,1000.);
#1630=VECTOR('',#6099,1000.);
#1631=VECTOR('',#6102,1000.);
#1632=VECTOR('',#6103,1000.);
#1633=VECTOR('',#6104,1000.);
#1634=VECTOR('',#6107,1000.);
#1635=VECTOR('',#6108,1000.);
#1636=VECTOR('',#6115,1000.);
#1637=VECTOR('',#6118,1000.);
#1638=VECTOR('',#6121,1000.);
#1639=VECTOR('',#6122,1000.);
#1640=VECTOR('',#6123,1000.);
#1641=VECTOR('',#6130,1000.);
#1642=VECTOR('',#6133,1000.);
#1643=VECTOR('',#6134,1000.);
#1644=VECTOR('',#6135,1000.);
#1645=VECTOR('',#6142,1000.);
#1646=VECTOR('',#6145,999.999999998809);
#1647=VECTOR('',#6146,1000.);
#1648=VECTOR('',#6149,999.999999998809);
#1649=VECTOR('',#6152,1000.);
#1650=VECTOR('',#6155,1000.);
#1651=VECTOR('',#6158,1000.);
#1652=VECTOR('',#6163,1000.);
#1653=VECTOR('',#6164,1000.);
#1654=VECTOR('',#6167,1000.);
#1655=VECTOR('',#6170,999.999999998809);
#1656=VECTOR('',#6171,1000.);
#1657=VECTOR('',#6174,1000.);
#1658=VECTOR('',#6177,1000.);
#1659=VECTOR('',#6180,999.999999998809);
#1660=VECTOR('',#6183,1000.);
#1661=VECTOR('',#6186,1000.);
#1662=VECTOR('',#6189,1000.);
#1663=VECTOR('',#6192,1000.);
#1664=VECTOR('',#6195,1000.);
#1665=VECTOR('',#6198,1000.);
#1666=VECTOR('',#6201,1000.);
#1667=VECTOR('',#6206,1000.);
#1668=VECTOR('',#6209,1000.);
#1669=VECTOR('',#6212,1000.);
#1670=VECTOR('',#6213,1000.);
#1671=VECTOR('',#6214,1000.);
#1672=VECTOR('',#6221,1000.);
#1673=VECTOR('',#6224,1000.);
#1674=VECTOR('',#6225,1000.);
#1675=VECTOR('',#6226,1000.);
#1676=VECTOR('',#6233,1000.);
#1677=VECTOR('',#6236,999.999999998809);
#1678=VECTOR('',#6237,1000.);
#1679=VECTOR('',#6240,999.999999998809);
#1680=VECTOR('',#6243,1000.);
#1681=VECTOR('',#6246,1000.);
#1682=VECTOR('',#6249,1000.);
#1683=VECTOR('',#6254,1000.);
#1684=VECTOR('',#6255,1000.);
#1685=VECTOR('',#6258,1000.);
#1686=VECTOR('',#6261,999.999999998809);
#1687=VECTOR('',#6262,1000.);
#1688=VECTOR('',#6265,1000.);
#1689=VECTOR('',#6268,1000.);
#1690=VECTOR('',#6271,999.999999998809);
#1691=VECTOR('',#6274,1000.);
#1692=VECTOR('',#6277,1000.);
#1693=VECTOR('',#6280,1000.);
#1694=VECTOR('',#6283,1000.);
#1695=VECTOR('',#6286,1000.);
#1696=VECTOR('',#6289,1000.);
#1697=VECTOR('',#6292,1000.);
#1698=VECTOR('',#6297,1000.);
#1699=VECTOR('',#6300,1000.);
#1700=VECTOR('',#6303,1000.);
#1701=VECTOR('',#6304,1000.);
#1702=VECTOR('',#6305,1000.);
#1703=VECTOR('',#6312,1000.);
#1704=VECTOR('',#6315,1000.);
#1705=VECTOR('',#6316,1000.);
#1706=VECTOR('',#6317,1000.);
#1707=VECTOR('',#6324,1000.);
#1708=VECTOR('',#6327,999.999999998809);
#1709=VECTOR('',#6328,1000.);
#1710=VECTOR('',#6331,999.999999998809);
#1711=VECTOR('',#6334,1000.);
#1712=VECTOR('',#6337,1000.);
#1713=VECTOR('',#6340,1000.);
#1714=VECTOR('',#6345,1000.);
#1715=VECTOR('',#6346,1000.);
#1716=VECTOR('',#6349,1000.);
#1717=VECTOR('',#6352,999.999999998809);
#1718=VECTOR('',#6353,1000.);
#1719=VECTOR('',#6356,1000.);
#1720=VECTOR('',#6359,1000.);
#1721=VECTOR('',#6362,999.999999998809);
#1722=VECTOR('',#6365,1000.);
#1723=VECTOR('',#6368,1000.);
#1724=VECTOR('',#6371,1000.);
#1725=VECTOR('',#6374,1000.);
#1726=VECTOR('',#6377,1000.);
#1727=VECTOR('',#6380,1000.);
#1728=VECTOR('',#6383,1000.);
#1729=VECTOR('',#6388,1000.);
#1730=VECTOR('',#6391,1000.);
#1731=VECTOR('',#6394,1000.);
#1732=VECTOR('',#6395,1000.);
#1733=VECTOR('',#6396,1000.);
#1734=VECTOR('',#6403,1000.);
#1735=VECTOR('',#6406,1000.);
#1736=VECTOR('',#6407,1000.);
#1737=VECTOR('',#6408,1000.);
#1738=VECTOR('',#6415,1000.);
#1739=VECTOR('',#6418,999.999999998809);
#1740=VECTOR('',#6419,1000.);
#1741=VECTOR('',#6422,999.999999998809);
#1742=VECTOR('',#6425,1000.);
#1743=VECTOR('',#6428,1000.);
#1744=VECTOR('',#6431,1000.);
#1745=VECTOR('',#6436,1000.);
#1746=VECTOR('',#6437,1000.);
#1747=VECTOR('',#6440,1000.);
#1748=VECTOR('',#6443,999.999999998809);
#1749=VECTOR('',#6444,1000.);
#1750=VECTOR('',#6447,1000.);
#1751=VECTOR('',#6450,1000.);
#1752=VECTOR('',#6453,999.999999998809);
#1753=VECTOR('',#6456,1000.);
#1754=VECTOR('',#6459,1000.);
#1755=VECTOR('',#6462,1000.);
#1756=VECTOR('',#6465,1000.);
#1757=VECTOR('',#6468,1000.);
#1758=VECTOR('',#6471,1000.);
#1759=VECTOR('',#6474,1000.);
#1760=VECTOR('',#6477,999.999999999002);
#1761=VECTOR('',#6478,1000.);
#1762=VECTOR('',#6479,999.999999999002);
#1763=VECTOR('',#6480,1000.);
#1764=VECTOR('',#6483,999.999999999002);
#1765=VECTOR('',#6484,1000.);
#1766=VECTOR('',#6485,1000.);
#1767=VECTOR('',#6488,999.999999999002);
#1768=VECTOR('',#6489,1000.);
#1769=VECTOR('',#6490,1000.);
#1770=VECTOR('',#6493,1000.);
#1771=VECTOR('',#6494,1000.);
#1772=VECTOR('',#6499,1000.);
#1773=VECTOR('',#6502,1000.);
#1774=VECTOR('',#6507,1000.);
#1775=VECTOR('',#6510,1000.);
#1776=VECTOR('',#6515,1000.);
#1777=VECTOR('',#6518,1000.);
#1778=VECTOR('',#6523,1000.);
#1779=VECTOR('',#6526,1000.);
#1780=VECTOR('',#6529,1000.);
#1781=VECTOR('',#6530,1000.);
#1782=VECTOR('',#6533,1000.);
#1783=VECTOR('',#6534,1000.);
#1784=VECTOR('',#6537,1000.);
#1785=VECTOR('',#6538,1000.);
#1786=VECTOR('',#6541,999.999999998809);
#1787=VECTOR('',#6542,999.999999998809);
#1788=VECTOR('',#6543,1000.);
#1789=VECTOR('',#6550,1000.);
#1790=VECTOR('',#6553,1000.);
#1791=VECTOR('',#6554,1000.);
#1792=VECTOR('',#6555,1000.);
#1793=VECTOR('',#6562,1000.);
#1794=VECTOR('',#6565,1000.);
#1795=VECTOR('',#6566,1000.);
#1796=VECTOR('',#6567,1000.);
#1797=VECTOR('',#6570,999.999999998809);
#1798=VECTOR('',#6573,1000.);
#1799=VECTOR('',#6576,999.999999998809);
#1800=VECTOR('',#6577,1000.);
#1801=VECTOR('',#6582,1000.);
#1802=VECTOR('',#6585,1000.);
#1803=VECTOR('',#6588,1000.);
#1804=VECTOR('',#6589,1000.);
#1805=VECTOR('',#6590,1000.);
#1806=VECTOR('',#6591,1000.);
#1807=VECTOR('',#6594,1000.);
#1808=VECTOR('',#6595,1000.);
#1809=VECTOR('',#6596,1000.);
#1810=VECTOR('',#6597,1000.);
#1811=VECTOR('',#6600,1000.);
#1812=VECTOR('',#6601,1000.);
#1813=VECTOR('',#6604,1000.);
#1814=VECTOR('',#6605,1000.);
#1815=VECTOR('',#6610,1000.);
#1816=VECTOR('',#6611,1000.);
#1817=VECTOR('',#6612,1000.);
#1818=VECTOR('',#6615,1000.);
#1819=VECTOR('',#6616,1000.);
#1820=VECTOR('',#6617,1000.);
#1821=VECTOR('',#6620,1000.);
#1822=VECTOR('',#6623,1000.);
#1823=VECTOR('',#6628,999.999999998916);
#1824=VECTOR('',#6629,1000.);
#1825=VECTOR('',#6630,999.999999998916);
#1826=VECTOR('',#6631,1000.);
#1827=VECTOR('',#6634,999.999999999226);
#1828=VECTOR('',#6635,1000.);
#1829=VECTOR('',#6636,1000.);
#1830=VECTOR('',#6637,999.999999998916);
#1831=VECTOR('',#6638,1000.);
#1832=VECTOR('',#6641,999.999999998916);
#1833=VECTOR('',#6642,1000.);
#1834=VECTOR('',#6643,1000.);
#1835=VECTOR('',#6644,999.999999999226);
#1836=VECTOR('',#6645,1000.);
#1837=VECTOR('',#6648,999.999999998915);
#1838=VECTOR('',#6649,1000.);
#1839=VECTOR('',#6650,1000.);
#1840=VECTOR('',#6653,999.999999998916);
#1841=VECTOR('',#6654,1000.);
#1842=VECTOR('',#6655,1000.);
#1843=VECTOR('',#6658,999.999999998916);
#1844=VECTOR('',#6659,1000.);
#1845=VECTOR('',#6660,1000.);
#1846=VECTOR('',#6663,999.999999998916);
#1847=VECTOR('',#6664,1000.);
#1848=VECTOR('',#6665,1000.);
#1849=VECTOR('',#6668,999.999999998916);
#1850=VECTOR('',#6669,1000.);
#1851=VECTOR('',#6670,1000.);
#1852=VECTOR('',#6673,999.999999998916);
#1853=VECTOR('',#6674,1000.);
#1854=VECTOR('',#6675,1000.);
#1855=VECTOR('',#6678,999.999999999226);
#1856=VECTOR('',#6679,1000.);
#1857=VECTOR('',#6680,1000.);
#1858=VECTOR('',#6681,999.999999998916);
#1859=VECTOR('',#6682,1000.);
#1860=VECTOR('',#6685,999.999999998916);
#1861=VECTOR('',#6686,1000.);
#1862=VECTOR('',#6687,1000.);
#1863=VECTOR('',#6688,999.999999999226);
#1864=VECTOR('',#6689,1000.);
#1865=VECTOR('',#6692,1000.);
#1866=VECTOR('',#6693,1000.);
#1867=VECTOR('',#6696,1000.);
#1868=VECTOR('',#6697,1000.);
#1869=VECTOR('',#6698,1000.);
#1870=VECTOR('',#6701,1000.);
#1871=VECTOR('',#6702,1000.);
#1872=VECTOR('',#6703,1000.);
#1873=VECTOR('',#6706,1000.);
#1874=VECTOR('',#6707,1000.);
#1875=VECTOR('',#6708,1000.);
#1876=VECTOR('',#6711,1000.);
#1877=VECTOR('',#6712,1000.);
#1878=VECTOR('',#6713,1000.);
#1879=VECTOR('',#6716,1000.);
#1880=VECTOR('',#6717,1000.);
#1881=VECTOR('',#6718,1000.);
#1882=VECTOR('',#6721,1000.);
#1883=VECTOR('',#6722,1000.);
#1884=VECTOR('',#6725,1000.);
#1885=VECTOR('',#6726,1000.);
#1886=VECTOR('',#6729,1000.);
#1887=VECTOR('',#6732,1000.);
#1888=VECTOR('',#6733,1000.);
#1889=VECTOR('',#6734,1000.);
#1890=VECTOR('',#6735,1000.);
#1891=VECTOR('',#6738,1000.);
#1892=VECTOR('',#6739,1000.);
#1893=VECTOR('',#6740,1000.);
#1894=VECTOR('',#6743,1000.);
#1895=VECTOR('',#6744,1000.);
#1896=VECTOR('',#6745,1000.);
#1897=VECTOR('',#6748,1000.);
#1898=VECTOR('',#6749,1000.);
#1899=VECTOR('',#6750,1000.);
#1900=VECTOR('',#6751,1000.);
#1901=VECTOR('',#6754,1000.);
#1902=VECTOR('',#6755,1000.);
#1903=VECTOR('',#6756,1000.);
#1904=VECTOR('',#6757,1000.);
#1905=VECTOR('',#6760,1000.);
#1906=VECTOR('',#6761,1000.);
#1907=VECTOR('',#6764,1000.);
#1908=VECTOR('',#6765,999.99999999912);
#1909=VECTOR('',#6766,1000.);
#1910=VECTOR('',#6769,1000.);
#1911=VECTOR('',#6770,999.99999999962);
#1912=VECTOR('',#6771,1000.);
#1913=VECTOR('',#6774,1000.);
#1914=VECTOR('',#6775,999.99999999962);
#1915=VECTOR('',#6776,1000.);
#1916=VECTOR('',#6779,1000.);
#1917=VECTOR('',#6780,999.99999999962);
#1918=VECTOR('',#6781,1000.);
#1919=VECTOR('',#6784,1000.);
#1920=VECTOR('',#6785,999.99999999912);
#1921=VECTOR('',#6786,1000.);
#1922=VECTOR('',#6789,1000.);
#1923=VECTOR('',#6790,999.99999999912);
#1924=VECTOR('',#6791,1000.);
#1925=VECTOR('',#6794,1000.);
#1926=VECTOR('',#6795,999.99999999962);
#1927=VECTOR('',#6796,1000.);
#1928=VECTOR('',#6799,1000.);
#1929=VECTOR('',#6800,999.99999999912);
#1930=VECTOR('',#6801,1000.);
#1931=VECTOR('',#6804,1000.);
#1932=VECTOR('',#6805,1000.);
#1933=VECTOR('',#6808,1000.);
#1934=VECTOR('',#6809,1000.);
#1935=VECTOR('',#6812,1000.);
#1936=VECTOR('',#6813,1000.);
#1937=VECTOR('',#6816,1000.);
#1938=VECTOR('',#6817,1000.);
#1939=VECTOR('',#6820,1000.);
#1940=VECTOR('',#6821,1000.);
#1941=VECTOR('',#6824,1000.);
#1942=VECTOR('',#6825,1000.);
#1943=VECTOR('',#6828,1000.);
#1944=VECTOR('',#6829,1000.);
#1945=VECTOR('',#6832,1000.);
#1946=VECTOR('',#6833,1000.);
#1947=VECTOR('',#6836,1000.);
#1948=VECTOR('',#6837,999.99999999962);
#1949=VECTOR('',#6838,1000.);
#1950=VECTOR('',#6841,1000.);
#1951=VECTOR('',#6842,999.99999999962);
#1952=VECTOR('',#6843,1000.);
#1953=VECTOR('',#6846,1000.);
#1954=VECTOR('',#6847,1000.);
#1955=VECTOR('',#6850,1000.);
#1956=VECTOR('',#6851,1000.);
#1957=VECTOR('',#6854,1000.);
#1958=VECTOR('',#6855,1000.);
#1959=VECTOR('',#6856,1000.);
#1960=VECTOR('',#6857,1000.);
#1961=VECTOR('',#6858,1000.);
#1962=VECTOR('',#6859,1000.);
#1963=VECTOR('',#6860,1000.);
#1964=VECTOR('',#6861,1000.);
#1965=VECTOR('',#6862,1000.);
#1966=VECTOR('',#6863,1000.);
#1967=VECTOR('',#6864,1000.);
#1968=VECTOR('',#6865,1000.);
#1969=VECTOR('',#6868,1000.);
#1970=VECTOR('',#6869,1000.);
#1971=VECTOR('',#6872,1000.);
#1972=VECTOR('',#6873,1000.);
#1973=VECTOR('',#6874,1000.);
#1974=VECTOR('',#6875,1000.);
#1975=VECTOR('',#6876,1000.);
#1976=VECTOR('',#6877,1000.);
#1977=VECTOR('',#6878,1000.);
#1978=VECTOR('',#6879,1000.);
#1979=VECTOR('',#6882,1000.);
#1980=VECTOR('',#6883,1000.);
#1981=VECTOR('',#6884,1000.);
#1982=VECTOR('',#6885,1000.);
#1983=VECTOR('',#6886,1000.);
#1984=VECTOR('',#6887,1000.);
#1985=VECTOR('',#6888,1000.);
#1986=VECTOR('',#6891,1000.);
#1987=VECTOR('',#6892,1000.);
#1988=VECTOR('',#6893,1000.);
#1989=VECTOR('',#6896,1000.);
#1990=VECTOR('',#6897,1000.);
#1991=VECTOR('',#6900,1000.);
#1992=VECTOR('',#6901,1000.);
#1993=VECTOR('',#6904,10.);
#1994=VECTOR('',#6905,1000.);
#1995=VECTOR('',#6906,1000.);
#1996=VECTOR('',#6907,1000.);
#1997=VECTOR('',#6910,10.);
#1998=VECTOR('',#6911,1000.);
#1999=VECTOR('',#6918,1000.);
#2000=VECTOR('',#6923,1000.);
#2001=VECTOR('',#6926,1000.);
#2002=VECTOR('',#6929,1000.);
#2003=VECTOR('',#6938,1000.);
#2004=VECTOR('',#6943,1000.);
#2005=VECTOR('',#6946,1000.);
#2006=VECTOR('',#6951,10.);
#2007=VECTOR('',#6952,1000.);
#2008=VECTOR('',#6955,10.);
#2009=VERTEX_POINT('',#6963);
#2010=VERTEX_POINT('',#6964);
#2011=VERTEX_POINT('',#6966);
#2012=VERTEX_POINT('',#6968);
#2013=VERTEX_POINT('',#6972);
#2014=VERTEX_POINT('',#6974);
#2015=VERTEX_POINT('',#6978);
#2016=VERTEX_POINT('',#6980);
#2017=VERTEX_POINT('',#6984);
#2018=VERTEX_POINT('',#6986);
#2019=VERTEX_POINT('',#6990);
#2020=VERTEX_POINT('',#6992);
#2021=VERTEX_POINT('',#6996);
#2022=VERTEX_POINT('',#6998);
#2023=VERTEX_POINT('',#7002);
#2024=VERTEX_POINT('',#7003);
#2025=VERTEX_POINT('',#7005);
#2026=VERTEX_POINT('',#7007);
#2027=VERTEX_POINT('',#7011);
#2028=VERTEX_POINT('',#7012);
#2029=VERTEX_POINT('',#7014);
#2030=VERTEX_POINT('',#7016);
#2031=VERTEX_POINT('',#7020);
#2032=VERTEX_POINT('',#7021);
#2033=VERTEX_POINT('',#7023);
#2034=VERTEX_POINT('',#7025);
#2035=VERTEX_POINT('',#7029);
#2036=VERTEX_POINT('',#7031);
#2037=VERTEX_POINT('',#7035);
#2038=VERTEX_POINT('',#7037);
#2039=VERTEX_POINT('',#7041);
#2040=VERTEX_POINT('',#7043);
#2041=VERTEX_POINT('',#7047);
#2042=VERTEX_POINT('',#7049);
#2043=VERTEX_POINT('',#7053);
#2044=VERTEX_POINT('',#7054);
#2045=VERTEX_POINT('',#7056);
#2046=VERTEX_POINT('',#7058);
#2047=VERTEX_POINT('',#7065);
#2048=VERTEX_POINT('',#7072);
#2049=VERTEX_POINT('',#7085);
#2050=VERTEX_POINT('',#7086);
#2051=VERTEX_POINT('',#7088);
#2052=VERTEX_POINT('',#7090);
#2053=VERTEX_POINT('',#7094);
#2054=VERTEX_POINT('',#7096);
#2055=VERTEX_POINT('',#7100);
#2056=VERTEX_POINT('',#7102);
#2057=VERTEX_POINT('',#7106);
#2058=VERTEX_POINT('',#7108);
#2059=VERTEX_POINT('',#7112);
#2060=VERTEX_POINT('',#7114);
#2061=VERTEX_POINT('',#7118);
#2062=VERTEX_POINT('',#7120);
#2063=VERTEX_POINT('',#7124);
#2064=VERTEX_POINT('',#7125);
#2065=VERTEX_POINT('',#7127);
#2066=VERTEX_POINT('',#7129);
#2067=VERTEX_POINT('',#7133);
#2068=VERTEX_POINT('',#7134);
#2069=VERTEX_POINT('',#7136);
#2070=VERTEX_POINT('',#7138);
#2071=VERTEX_POINT('',#7142);
#2072=VERTEX_POINT('',#7143);
#2073=VERTEX_POINT('',#7145);
#2074=VERTEX_POINT('',#7147);
#2075=VERTEX_POINT('',#7151);
#2076=VERTEX_POINT('',#7153);
#2077=VERTEX_POINT('',#7157);
#2078=VERTEX_POINT('',#7159);
#2079=VERTEX_POINT('',#7163);
#2080=VERTEX_POINT('',#7165);
#2081=VERTEX_POINT('',#7169);
#2082=VERTEX_POINT('',#7171);
#2083=VERTEX_POINT('',#7175);
#2084=VERTEX_POINT('',#7176);
#2085=VERTEX_POINT('',#7178);
#2086=VERTEX_POINT('',#7180);
#2087=VERTEX_POINT('',#7185);
#2088=VERTEX_POINT('',#7194);
#2089=VERTEX_POINT('',#7207);
#2090=VERTEX_POINT('',#7208);
#2091=VERTEX_POINT('',#7210);
#2092=VERTEX_POINT('',#7212);
#2093=VERTEX_POINT('',#7214);
#2094=VERTEX_POINT('',#7218);
#2095=VERTEX_POINT('',#7219);
#2096=VERTEX_POINT('',#7221);
#2097=VERTEX_POINT('',#7223);
#2098=VERTEX_POINT('',#7225);
#2099=VERTEX_POINT('',#7227);
#2100=VERTEX_POINT('',#7231);
#2101=VERTEX_POINT('',#7232);
#2102=VERTEX_POINT('',#7234);
#2103=VERTEX_POINT('',#7236);
#2104=VERTEX_POINT('',#7238);
#2105=VERTEX_POINT('',#7240);
#2106=VERTEX_POINT('',#7244);
#2107=VERTEX_POINT('',#7245);
#2108=VERTEX_POINT('',#7247);
#2109=VERTEX_POINT('',#7249);
#2110=VERTEX_POINT('',#7251);
#2111=VERTEX_POINT('',#7253);
#2112=VERTEX_POINT('',#7257);
#2113=VERTEX_POINT('',#7258);
#2114=VERTEX_POINT('',#7260);
#2115=VERTEX_POINT('',#7262);
#2116=VERTEX_POINT('',#7264);
#2117=VERTEX_POINT('',#7266);
#2118=VERTEX_POINT('',#7270);
#2119=VERTEX_POINT('',#7271);
#2120=VERTEX_POINT('',#7273);
#2121=VERTEX_POINT('',#7275);
#2122=VERTEX_POINT('',#7277);
#2123=VERTEX_POINT('',#7281);
#2124=VERTEX_POINT('',#7282);
#2125=VERTEX_POINT('',#7284);
#2126=VERTEX_POINT('',#7286);
#2127=VERTEX_POINT('',#7290);
#2128=VERTEX_POINT('',#7291);
#2129=VERTEX_POINT('',#7296);
#2130=VERTEX_POINT('',#7298);
#2131=VERTEX_POINT('',#7305);
#2132=VERTEX_POINT('',#7307);
#2133=VERTEX_POINT('',#7311);
#2134=VERTEX_POINT('',#7315);
#2135=VERTEX_POINT('',#7322);
#2136=VERTEX_POINT('',#7323);
#2137=VERTEX_POINT('',#7325);
#2138=VERTEX_POINT('',#7327);
#2139=VERTEX_POINT('',#7331);
#2140=VERTEX_POINT('',#7332);
#2141=VERTEX_POINT('',#7337);
#2142=VERTEX_POINT('',#7339);
#2143=VERTEX_POINT('',#7346);
#2144=VERTEX_POINT('',#7348);
#2145=VERTEX_POINT('',#7352);
#2146=VERTEX_POINT('',#7356);
#2147=VERTEX_POINT('',#7363);
#2148=VERTEX_POINT('',#7364);
#2149=VERTEX_POINT('',#7366);
#2150=VERTEX_POINT('',#7368);
#2151=VERTEX_POINT('',#7372);
#2152=VERTEX_POINT('',#7373);
#2153=VERTEX_POINT('',#7378);
#2154=VERTEX_POINT('',#7380);
#2155=VERTEX_POINT('',#7387);
#2156=VERTEX_POINT('',#7389);
#2157=VERTEX_POINT('',#7393);
#2158=VERTEX_POINT('',#7397);
#2159=VERTEX_POINT('',#7404);
#2160=VERTEX_POINT('',#7405);
#2161=VERTEX_POINT('',#7407);
#2162=VERTEX_POINT('',#7409);
#2163=VERTEX_POINT('',#7413);
#2164=VERTEX_POINT('',#7414);
#2165=VERTEX_POINT('',#7419);
#2166=VERTEX_POINT('',#7421);
#2167=VERTEX_POINT('',#7428);
#2168=VERTEX_POINT('',#7430);
#2169=VERTEX_POINT('',#7434);
#2170=VERTEX_POINT('',#7438);
#2171=VERTEX_POINT('',#7445);
#2172=VERTEX_POINT('',#7446);
#2173=VERTEX_POINT('',#7448);
#2174=VERTEX_POINT('',#7450);
#2175=VERTEX_POINT('',#7454);
#2176=VERTEX_POINT('',#7456);
#2177=VERTEX_POINT('',#7460);
#2178=VERTEX_POINT('',#7462);
#2179=VERTEX_POINT('',#7470);
#2180=VERTEX_POINT('',#7471);
#2181=VERTEX_POINT('',#7473);
#2182=VERTEX_POINT('',#7475);
#2183=VERTEX_POINT('',#7479);
#2184=VERTEX_POINT('',#7481);
#2185=VERTEX_POINT('',#7485);
#2186=VERTEX_POINT('',#7487);
#2187=VERTEX_POINT('',#7495);
#2188=VERTEX_POINT('',#7496);
#2189=VERTEX_POINT('',#7498);
#2190=VERTEX_POINT('',#7500);
#2191=VERTEX_POINT('',#7504);
#2192=VERTEX_POINT('',#7506);
#2193=VERTEX_POINT('',#7510);
#2194=VERTEX_POINT('',#7512);
#2195=VERTEX_POINT('',#7520);
#2196=VERTEX_POINT('',#7521);
#2197=VERTEX_POINT('',#7523);
#2198=VERTEX_POINT('',#7525);
#2199=VERTEX_POINT('',#7529);
#2200=VERTEX_POINT('',#7531);
#2201=VERTEX_POINT('',#7535);
#2202=VERTEX_POINT('',#7537);
#2203=VERTEX_POINT('',#7545);
#2204=VERTEX_POINT('',#7546);
#2205=VERTEX_POINT('',#7548);
#2206=VERTEX_POINT('',#7550);
#2207=VERTEX_POINT('',#7554);
#2208=VERTEX_POINT('',#7556);
#2209=VERTEX_POINT('',#7560);
#2210=VERTEX_POINT('',#7562);
#2211=VERTEX_POINT('',#7566);
#2212=VERTEX_POINT('',#7568);
#2213=VERTEX_POINT('',#7572);
#2214=VERTEX_POINT('',#7574);
#2215=VERTEX_POINT('',#7578);
#2216=VERTEX_POINT('',#7580);
#2217=VERTEX_POINT('',#7582);
#2218=VERTEX_POINT('',#7584);
#2219=VERTEX_POINT('',#7586);
#2220=VERTEX_POINT('',#7588);
#2221=VERTEX_POINT('',#7590);
#2222=VERTEX_POINT('',#7592);
#2223=VERTEX_POINT('',#7594);
#2224=VERTEX_POINT('',#7598);
#2225=VERTEX_POINT('',#7599);
#2226=VERTEX_POINT('',#7606);
#2227=VERTEX_POINT('',#7608);
#2228=VERTEX_POINT('',#7610);
#2229=VERTEX_POINT('',#7612);
#2230=VERTEX_POINT('',#7614);
#2231=VERTEX_POINT('',#7616);
#2232=VERTEX_POINT('',#7618);
#2233=VERTEX_POINT('',#7636);
#2234=VERTEX_POINT('',#7637);
#2235=VERTEX_POINT('',#7639);
#2236=VERTEX_POINT('',#7641);
#2237=VERTEX_POINT('',#7645);
#2238=VERTEX_POINT('',#7647);
#2239=VERTEX_POINT('',#7651);
#2240=VERTEX_POINT('',#7653);
#2241=VERTEX_POINT('',#7657);
#2242=VERTEX_POINT('',#7659);
#2243=VERTEX_POINT('',#7663);
#2244=VERTEX_POINT('',#7665);
#2245=VERTEX_POINT('',#7669);
#2246=VERTEX_POINT('',#7671);
#2247=VERTEX_POINT('',#7673);
#2248=VERTEX_POINT('',#7675);
#2249=VERTEX_POINT('',#7677);
#2250=VERTEX_POINT('',#7679);
#2251=VERTEX_POINT('',#7681);
#2252=VERTEX_POINT('',#7683);
#2253=VERTEX_POINT('',#7685);
#2254=VERTEX_POINT('',#7689);
#2255=VERTEX_POINT('',#7690);
#2256=VERTEX_POINT('',#7697);
#2257=VERTEX_POINT('',#7699);
#2258=VERTEX_POINT('',#7701);
#2259=VERTEX_POINT('',#7703);
#2260=VERTEX_POINT('',#7705);
#2261=VERTEX_POINT('',#7707);
#2262=VERTEX_POINT('',#7709);
#2263=VERTEX_POINT('',#7727);
#2264=VERTEX_POINT('',#7728);
#2265=VERTEX_POINT('',#7730);
#2266=VERTEX_POINT('',#7732);
#2267=VERTEX_POINT('',#7736);
#2268=VERTEX_POINT('',#7738);
#2269=VERTEX_POINT('',#7742);
#2270=VERTEX_POINT('',#7744);
#2271=VERTEX_POINT('',#7748);
#2272=VERTEX_POINT('',#7750);
#2273=VERTEX_POINT('',#7754);
#2274=VERTEX_POINT('',#7756);
#2275=VERTEX_POINT('',#7760);
#2276=VERTEX_POINT('',#7762);
#2277=VERTEX_POINT('',#7764);
#2278=VERTEX_POINT('',#7766);
#2279=VERTEX_POINT('',#7768);
#2280=VERTEX_POINT('',#7770);
#2281=VERTEX_POINT('',#7772);
#2282=VERTEX_POINT('',#7774);
#2283=VERTEX_POINT('',#7776);
#2284=VERTEX_POINT('',#7780);
#2285=VERTEX_POINT('',#7781);
#2286=VERTEX_POINT('',#7788);
#2287=VERTEX_POINT('',#7790);
#2288=VERTEX_POINT('',#7792);
#2289=VERTEX_POINT('',#7794);
#2290=VERTEX_POINT('',#7796);
#2291=VERTEX_POINT('',#7798);
#2292=VERTEX_POINT('',#7800);
#2293=VERTEX_POINT('',#7818);
#2294=VERTEX_POINT('',#7819);
#2295=VERTEX_POINT('',#7821);
#2296=VERTEX_POINT('',#7823);
#2297=VERTEX_POINT('',#7827);
#2298=VERTEX_POINT('',#7829);
#2299=VERTEX_POINT('',#7833);
#2300=VERTEX_POINT('',#7835);
#2301=VERTEX_POINT('',#7839);
#2302=VERTEX_POINT('',#7841);
#2303=VERTEX_POINT('',#7845);
#2304=VERTEX_POINT('',#7847);
#2305=VERTEX_POINT('',#7851);
#2306=VERTEX_POINT('',#7853);
#2307=VERTEX_POINT('',#7855);
#2308=VERTEX_POINT('',#7857);
#2309=VERTEX_POINT('',#7859);
#2310=VERTEX_POINT('',#7861);
#2311=VERTEX_POINT('',#7863);
#2312=VERTEX_POINT('',#7865);
#2313=VERTEX_POINT('',#7867);
#2314=VERTEX_POINT('',#7871);
#2315=VERTEX_POINT('',#7872);
#2316=VERTEX_POINT('',#7879);
#2317=VERTEX_POINT('',#7881);
#2318=VERTEX_POINT('',#7883);
#2319=VERTEX_POINT('',#7885);
#2320=VERTEX_POINT('',#7887);
#2321=VERTEX_POINT('',#7889);
#2322=VERTEX_POINT('',#7891);
#2323=VERTEX_POINT('',#7909);
#2324=VERTEX_POINT('',#7910);
#2325=VERTEX_POINT('',#7912);
#2326=VERTEX_POINT('',#7914);
#2327=VERTEX_POINT('',#7918);
#2328=VERTEX_POINT('',#7919);
#2329=VERTEX_POINT('',#7924);
#2330=VERTEX_POINT('',#7925);
#2331=VERTEX_POINT('',#7933);
#2332=VERTEX_POINT('',#7934);
#2333=VERTEX_POINT('',#7936);
#2334=VERTEX_POINT('',#7938);
#2335=VERTEX_POINT('',#7942);
#2336=VERTEX_POINT('',#7943);
#2337=VERTEX_POINT('',#7945);
#2338=VERTEX_POINT('',#7947);
#2339=VERTEX_POINT('',#7951);
#2340=VERTEX_POINT('',#7952);
#2341=VERTEX_POINT('',#7954);
#2342=VERTEX_POINT('',#7956);
#2343=VERTEX_POINT('',#7960);
#2344=VERTEX_POINT('',#7961);
#2345=VERTEX_POINT('',#7963);
#2346=VERTEX_POINT('',#7965);
#2347=VERTEX_POINT('',#7978);
#2348=VERTEX_POINT('',#7980);
#2349=VERTEX_POINT('',#7984);
#2350=VERTEX_POINT('',#7986);
#2351=VERTEX_POINT('',#7990);
#2352=VERTEX_POINT('',#7992);
#2353=VERTEX_POINT('',#7996);
#2354=VERTEX_POINT('',#7998);
#2355=VERTEX_POINT('',#8002);
#2356=VERTEX_POINT('',#8004);
#2357=VERTEX_POINT('',#8008);
#2358=VERTEX_POINT('',#8010);
#2359=VERTEX_POINT('',#8014);
#2360=VERTEX_POINT('',#8016);
#2361=VERTEX_POINT('',#8024);
#2362=VERTEX_POINT('',#8025);
#2363=VERTEX_POINT('',#8027);
#2364=VERTEX_POINT('',#8029);
#2365=VERTEX_POINT('',#8033);
#2366=VERTEX_POINT('',#8034);
#2367=VERTEX_POINT('',#8036);
#2368=VERTEX_POINT('',#8038);
#2369=VERTEX_POINT('',#8049);
#2370=VERTEX_POINT('',#8051);
#2371=VERTEX_POINT('',#8055);
#2372=VERTEX_POINT('',#8057);
#2373=VERTEX_POINT('',#8066);
#2374=VERTEX_POINT('',#8067);
#2375=VERTEX_POINT('',#8069);
#2376=VERTEX_POINT('',#8071);
#2377=VERTEX_POINT('',#8075);
#2378=VERTEX_POINT('',#8076);
#2379=VERTEX_POINT('',#8079);
#2380=VERTEX_POINT('',#8081);
#2381=VERTEX_POINT('',#8085);
#2382=VERTEX_POINT('',#8086);
#2383=VERTEX_POINT('',#8089);
#2384=VERTEX_POINT('',#8091);
#2385=VERTEX_POINT('',#8095);
#2386=VERTEX_POINT('',#8096);
#2387=VERTEX_POINT('',#8101);
#2388=VERTEX_POINT('',#8102);
#2389=VERTEX_POINT('',#8107);
#2390=VERTEX_POINT('',#8108);
#2391=VERTEX_POINT('',#8113);
#2392=VERTEX_POINT('',#8114);
#2393=VERTEX_POINT('',#8119);
#2394=VERTEX_POINT('',#8120);
#2395=VERTEX_POINT('',#8125);
#2396=VERTEX_POINT('',#8126);
#2397=VERTEX_POINT('',#8131);
#2398=VERTEX_POINT('',#8132);
#2399=VERTEX_POINT('',#8135);
#2400=VERTEX_POINT('',#8137);
#2401=VERTEX_POINT('',#8141);
#2402=VERTEX_POINT('',#8142);
#2403=VERTEX_POINT('',#8145);
#2404=VERTEX_POINT('',#8147);
#2405=VERTEX_POINT('',#8154);
#2406=VERTEX_POINT('',#8156);
#2407=VERTEX_POINT('',#8160);
#2408=VERTEX_POINT('',#8162);
#2409=VERTEX_POINT('',#8166);
#2410=VERTEX_POINT('',#8168);
#2411=VERTEX_POINT('',#8172);
#2412=VERTEX_POINT('',#8174);
#2413=VERTEX_POINT('',#8178);
#2414=VERTEX_POINT('',#8180);
#2415=VERTEX_POINT('',#8184);
#2416=VERTEX_POINT('',#8188);
#2417=VERTEX_POINT('',#8194);
#2418=VERTEX_POINT('',#8195);
#2419=VERTEX_POINT('',#8197);
#2420=VERTEX_POINT('',#8199);
#2421=VERTEX_POINT('',#8203);
#2422=VERTEX_POINT('',#8204);
#2423=VERTEX_POINT('',#8209);
#2424=VERTEX_POINT('',#8214);
#2425=VERTEX_POINT('',#8215);
#2426=VERTEX_POINT('',#8217);
#2427=VERTEX_POINT('',#8219);
#2428=VERTEX_POINT('',#8223);
#2429=VERTEX_POINT('',#8225);
#2430=VERTEX_POINT('',#8230);
#2431=VERTEX_POINT('',#8234);
#2432=VERTEX_POINT('',#8236);
#2433=VERTEX_POINT('',#8240);
#2434=VERTEX_POINT('',#8242);
#2435=VERTEX_POINT('',#8246);
#2436=VERTEX_POINT('',#8248);
#2437=VERTEX_POINT('',#8252);
#2438=VERTEX_POINT('',#8254);
#2439=VERTEX_POINT('',#8258);
#2440=VERTEX_POINT('',#8260);
#2441=VERTEX_POINT('',#8264);
#2442=VERTEX_POINT('',#8266);
#2443=VERTEX_POINT('',#8270);
#2444=VERTEX_POINT('',#8272);
#2445=VERTEX_POINT('',#8276);
#2446=VERTEX_POINT('',#8278);
#2447=VERTEX_POINT('',#8282);
#2448=VERTEX_POINT('',#8286);
#2449=VERTEX_POINT('',#8290);
#2450=VERTEX_POINT('',#8294);
#2451=VERTEX_POINT('',#8298);
#2452=VERTEX_POINT('',#8302);
#2453=VERTEX_POINT('',#8306);
#2454=VERTEX_POINT('',#8310);
#2455=VERTEX_POINT('',#8314);
#2456=VERTEX_POINT('',#8316);
#2457=VERTEX_POINT('',#8320);
#2458=VERTEX_POINT('',#8322);
#2459=VERTEX_POINT('',#8326);
#2460=VERTEX_POINT('',#8330);
#2461=VERTEX_POINT('',#8334);
#2462=VERTEX_POINT('',#8336);
#2463=VERTEX_POINT('',#8339);
#2464=VERTEX_POINT('',#8341);
#2465=VERTEX_POINT('',#8343);
#2466=VERTEX_POINT('',#8345);
#2467=VERTEX_POINT('',#8353);
#2468=VERTEX_POINT('',#8357);
#2469=VERTEX_POINT('',#8361);
#2470=VERTEX_POINT('',#8363);
#2471=VERTEX_POINT('',#8366);
#2472=VERTEX_POINT('',#8371);
#2473=VERTEX_POINT('',#8373);
#2474=VERTEX_POINT('',#8377);
#2475=VERTEX_POINT('',#8381);
#2476=VERTEX_POINT('',#8383);
#2477=VERTEX_POINT('',#8387);
#2478=VERTEX_POINT('',#8391);
#2479=VERTEX_POINT('',#8395);
#2480=VERTEX_POINT('',#8396);
#2481=VERTEX_POINT('',#8402);
#2482=VERTEX_POINT('',#8428);
#2483=EDGE_CURVE('',#2009,#2010,#747,.T.);
#2484=EDGE_CURVE('',#2009,#2011,#748,.T.);
#2485=EDGE_CURVE('',#2011,#2012,#749,.T.);
#2486=EDGE_CURVE('',#2010,#2012,#750,.T.);
#2487=EDGE_CURVE('',#2012,#2013,#751,.T.);
#2488=EDGE_CURVE('',#2014,#2013,#752,.T.);
#2489=EDGE_CURVE('',#2010,#2014,#753,.T.);
#2490=EDGE_CURVE('',#2013,#2015,#754,.T.);
#2491=EDGE_CURVE('',#2016,#2015,#755,.T.);
#2492=EDGE_CURVE('',#2014,#2016,#756,.T.);
#2493=EDGE_CURVE('',#2015,#2017,#757,.T.);
#2494=EDGE_CURVE('',#2018,#2017,#758,.T.);
#2495=EDGE_CURVE('',#2016,#2018,#759,.T.);
#2496=EDGE_CURVE('',#2017,#2019,#760,.T.);
#2497=EDGE_CURVE('',#2020,#2019,#761,.T.);
#2498=EDGE_CURVE('',#2018,#2020,#762,.T.);
#2499=EDGE_CURVE('',#2019,#2021,#763,.T.);
#2500=EDGE_CURVE('',#2021,#2022,#764,.T.);
#2501=EDGE_CURVE('',#2020,#2022,#765,.T.);
#2502=EDGE_CURVE('',#2023,#2024,#766,.T.);
#2503=EDGE_CURVE('',#2023,#2025,#767,.T.);
#2504=EDGE_CURVE('',#2025,#2026,#768,.T.);
#2505=EDGE_CURVE('',#2026,#2024,#769,.T.);
#2506=EDGE_CURVE('',#2027,#2028,#770,.T.);
#2507=EDGE_CURVE('',#2027,#2029,#771,.T.);
#2508=EDGE_CURVE('',#2029,#2030,#772,.T.);
#2509=EDGE_CURVE('',#2030,#2028,#773,.T.);
#2510=EDGE_CURVE('',#2031,#2032,#774,.T.);
#2511=EDGE_CURVE('',#2031,#2033,#775,.T.);
#2512=EDGE_CURVE('',#2033,#2034,#776,.T.);
#2513=EDGE_CURVE('',#2032,#2034,#777,.T.);
#2514=EDGE_CURVE('',#2034,#2035,#778,.T.);
#2515=EDGE_CURVE('',#2036,#2035,#779,.T.);
#2516=EDGE_CURVE('',#2032,#2036,#780,.T.);
#2517=EDGE_CURVE('',#2035,#2037,#781,.T.);
#2518=EDGE_CURVE('',#2038,#2037,#782,.T.);
#2519=EDGE_CURVE('',#2036,#2038,#783,.T.);
#2520=EDGE_CURVE('',#2037,#2039,#784,.T.);
#2521=EDGE_CURVE('',#2040,#2039,#785,.T.);
#2522=EDGE_CURVE('',#2038,#2040,#786,.T.);
#2523=EDGE_CURVE('',#2039,#2041,#787,.T.);
#2524=EDGE_CURVE('',#2041,#2042,#788,.T.);
#2525=EDGE_CURVE('',#2040,#2042,#789,.T.);
#2526=EDGE_CURVE('',#2043,#2044,#790,.T.);
#2527=EDGE_CURVE('',#2044,#2045,#791,.T.);
#2528=EDGE_CURVE('',#2046,#2045,#792,.T.);
#2529=EDGE_CURVE('',#2046,#2043,#793,.T.);
#2530=EDGE_CURVE('',#2022,#2023,#87,.T.);
#2531=EDGE_CURVE('',#2024,#2027,#88,.T.);
#2532=EDGE_CURVE('',#2028,#2031,#89,.T.);
#2533=EDGE_CURVE('',#2042,#2047,#90,.T.);
#2534=EDGE_CURVE('',#2047,#2046,#91,.T.);
#2535=EDGE_CURVE('',#2045,#2009,#92,.T.);
#2536=EDGE_CURVE('',#2025,#2021,#93,.T.);
#2537=EDGE_CURVE('',#2011,#2044,#94,.T.);
#2538=EDGE_CURVE('',#2043,#2048,#95,.T.);
#2539=EDGE_CURVE('',#2048,#2041,#96,.T.);
#2540=EDGE_CURVE('',#2033,#2030,#97,.T.);
#2541=EDGE_CURVE('',#2029,#2026,#98,.T.);
#2542=EDGE_CURVE('',#2047,#2048,#794,.T.);
#2543=EDGE_CURVE('',#2049,#2050,#795,.T.);
#2544=EDGE_CURVE('',#2050,#2051,#796,.T.);
#2545=EDGE_CURVE('',#2052,#2051,#797,.T.);
#2546=EDGE_CURVE('',#2049,#2052,#798,.T.);
#2547=EDGE_CURVE('',#2051,#2053,#799,.T.);
#2548=EDGE_CURVE('',#2050,#2054,#800,.T.);
#2549=EDGE_CURVE('',#2054,#2053,#801,.T.);
#2550=EDGE_CURVE('',#2053,#2055,#802,.T.);
#2551=EDGE_CURVE('',#2054,#2056,#803,.T.);
#2552=EDGE_CURVE('',#2056,#2055,#804,.T.);
#2553=EDGE_CURVE('',#2055,#2057,#805,.T.);
#2554=EDGE_CURVE('',#2056,#2058,#806,.T.);
#2555=EDGE_CURVE('',#2058,#2057,#807,.T.);
#2556=EDGE_CURVE('',#2057,#2059,#808,.T.);
#2557=EDGE_CURVE('',#2058,#2060,#809,.T.);
#2558=EDGE_CURVE('',#2060,#2059,#810,.T.);
#2559=EDGE_CURVE('',#2060,#2061,#811,.T.);
#2560=EDGE_CURVE('',#2062,#2061,#812,.T.);
#2561=EDGE_CURVE('',#2059,#2062,#813,.T.);
#2562=EDGE_CURVE('',#2063,#2064,#814,.T.);
#2563=EDGE_CURVE('',#2065,#2064,#815,.T.);
#2564=EDGE_CURVE('',#2066,#2065,#816,.T.);
#2565=EDGE_CURVE('',#2063,#2066,#817,.T.);
#2566=EDGE_CURVE('',#2067,#2068,#818,.T.);
#2567=EDGE_CURVE('',#2069,#2068,#819,.T.);
#2568=EDGE_CURVE('',#2070,#2069,#820,.T.);
#2569=EDGE_CURVE('',#2067,#2070,#821,.T.);
#2570=EDGE_CURVE('',#2071,#2072,#822,.T.);
#2571=EDGE_CURVE('',#2072,#2073,#823,.T.);
#2572=EDGE_CURVE('',#2074,#2073,#824,.T.);
#2573=EDGE_CURVE('',#2071,#2074,#825,.T.);
#2574=EDGE_CURVE('',#2073,#2075,#826,.T.);
#2575=EDGE_CURVE('',#2072,#2076,#827,.T.);
#2576=EDGE_CURVE('',#2076,#2075,#828,.T.);
#2577=EDGE_CURVE('',#2075,#2077,#829,.T.);
#2578=EDGE_CURVE('',#2076,#2078,#830,.T.);
#2579=EDGE_CURVE('',#2078,#2077,#831,.T.);
#2580=EDGE_CURVE('',#2077,#2079,#832,.T.);
#2581=EDGE_CURVE('',#2078,#2080,#833,.T.);
#2582=EDGE_CURVE('',#2080,#2079,#834,.T.);
#2583=EDGE_CURVE('',#2079,#2081,#835,.T.);
#2584=EDGE_CURVE('',#2080,#2082,#836,.T.);
#2585=EDGE_CURVE('',#2081,#2082,#837,.T.);
#2586=EDGE_CURVE('',#2083,#2084,#838,.T.);
#2587=EDGE_CURVE('',#2085,#2083,#839,.T.);
#2588=EDGE_CURVE('',#2085,#2086,#840,.T.);
#2589=EDGE_CURVE('',#2084,#2086,#841,.T.);
#2590=EDGE_CURVE('',#2086,#2049,#99,.T.);
#2591=EDGE_CURVE('',#2087,#2085,#100,.T.);
#2592=EDGE_CURVE('',#2082,#2087,#101,.T.);
#2593=EDGE_CURVE('',#2068,#2071,#102,.T.);
#2594=EDGE_CURVE('',#2064,#2067,#103,.T.);
#2595=EDGE_CURVE('',#2061,#2063,#104,.T.);
#2596=EDGE_CURVE('',#2070,#2065,#105,.T.);
#2597=EDGE_CURVE('',#2074,#2069,#106,.T.);
#2598=EDGE_CURVE('',#2088,#2081,#107,.T.);
#2599=EDGE_CURVE('',#2083,#2088,#108,.T.);
#2600=EDGE_CURVE('',#2052,#2084,#109,.T.);
#2601=EDGE_CURVE('',#2066,#2062,#110,.T.);
#2602=EDGE_CURVE('',#2087,#2088,#842,.T.);
#2603=EDGE_CURVE('',#2089,#2090,#843,.T.);
#2604=EDGE_CURVE('',#2090,#2091,#844,.T.);
#2605=EDGE_CURVE('',#2091,#2092,#845,.T.);
#2606=EDGE_CURVE('',#2093,#2092,#846,.T.);
#2607=EDGE_CURVE('',#2093,#2089,#847,.T.);
#2608=EDGE_CURVE('',#2094,#2095,#848,.T.);
#2609=EDGE_CURVE('',#2096,#2095,#849,.T.);
#2610=EDGE_CURVE('',#2096,#2097,#850,.T.);
#2611=EDGE_CURVE('',#2097,#2098,#851,.T.);
#2612=EDGE_CURVE('',#2098,#2099,#852,.T.);
#2613=EDGE_CURVE('',#2094,#2099,#853,.T.);
#2614=EDGE_CURVE('',#2100,#2101,#854,.T.);
#2615=EDGE_CURVE('',#2101,#2102,#855,.T.);
#2616=EDGE_CURVE('',#2102,#2103,#856,.T.);
#2617=EDGE_CURVE('',#2104,#2103,#857,.T.);
#2618=EDGE_CURVE('',#2104,#2105,#858,.T.);
#2619=EDGE_CURVE('',#2100,#2105,#859,.T.);
#2620=EDGE_CURVE('',#2106,#2107,#860,.T.);
#2621=EDGE_CURVE('',#2107,#2108,#861,.T.);
#2622=EDGE_CURVE('',#2108,#2109,#862,.T.);
#2623=EDGE_CURVE('',#2110,#2109,#863,.T.);
#2624=EDGE_CURVE('',#2110,#2111,#864,.T.);
#2625=EDGE_CURVE('',#2106,#2111,#865,.T.);
#2626=EDGE_CURVE('',#2112,#2113,#866,.T.);
#2627=EDGE_CURVE('',#2113,#2114,#867,.T.);
#2628=EDGE_CURVE('',#2114,#2115,#868,.T.);
#2629=EDGE_CURVE('',#2116,#2115,#869,.T.);
#2630=EDGE_CURVE('',#2116,#2117,#870,.T.);
#2631=EDGE_CURVE('',#2112,#2117,#871,.T.);
#2632=EDGE_CURVE('',#2118,#2119,#872,.T.);
#2633=EDGE_CURVE('',#2119,#2120,#873,.T.);
#2634=EDGE_CURVE('',#2121,#2120,#874,.T.);
#2635=EDGE_CURVE('',#2121,#2122,#875,.T.);
#2636=EDGE_CURVE('',#2122,#2118,#876,.T.);
#2637=EDGE_CURVE('',#2123,#2124,#877,.T.);
#2638=EDGE_CURVE('',#2125,#2124,#878,.T.);
#2639=EDGE_CURVE('',#2125,#2126,#879,.T.);
#2640=EDGE_CURVE('',#2123,#2126,#880,.T.);
#2641=EDGE_CURVE('',#2127,#2128,#881,.T.);
#2642=EDGE_CURVE('',#2126,#2128,#882,.T.);
#2643=EDGE_CURVE('',#2127,#2125,#883,.T.);
#2644=EDGE_CURVE('',#2129,#2127,#884,.T.);
#2645=EDGE_CURVE('',#2130,#2129,#885,.T.);
#2646=EDGE_CURVE('',#2128,#2130,#886,.T.);
#2647=EDGE_CURVE('',#2124,#2129,#887,.T.);
#2648=EDGE_CURVE('',#2130,#2123,#888,.T.);
#2649=EDGE_CURVE('',#2129,#2131,#889,.T.);
#2650=EDGE_CURVE('',#2127,#2132,#890,.T.);
#2651=EDGE_CURVE('',#2132,#2131,#891,.T.);
#2652=EDGE_CURVE('',#2133,#2124,#892,.T.);
#2653=EDGE_CURVE('',#2133,#2131,#893,.T.);
#2654=EDGE_CURVE('',#2134,#2125,#894,.T.);
#2655=EDGE_CURVE('',#2133,#2134,#895,.T.);
#2656=EDGE_CURVE('',#2134,#2132,#896,.T.);
#2657=EDGE_CURVE('',#2135,#2136,#897,.T.);
#2658=EDGE_CURVE('',#2137,#2136,#898,.T.);
#2659=EDGE_CURVE('',#2137,#2138,#899,.T.);
#2660=EDGE_CURVE('',#2135,#2138,#900,.T.);
#2661=EDGE_CURVE('',#2139,#2140,#901,.T.);
#2662=EDGE_CURVE('',#2138,#2140,#902,.T.);
#2663=EDGE_CURVE('',#2139,#2137,#903,.T.);
#2664=EDGE_CURVE('',#2141,#2139,#904,.T.);
#2665=EDGE_CURVE('',#2142,#2141,#905,.T.);
#2666=EDGE_CURVE('',#2140,#2142,#906,.T.);
#2667=EDGE_CURVE('',#2136,#2141,#907,.T.);
#2668=EDGE_CURVE('',#2142,#2135,#908,.T.);
#2669=EDGE_CURVE('',#2141,#2143,#909,.T.);
#2670=EDGE_CURVE('',#2139,#2144,#910,.T.);
#2671=EDGE_CURVE('',#2144,#2143,#911,.T.);
#2672=EDGE_CURVE('',#2145,#2136,#912,.T.);
#2673=EDGE_CURVE('',#2145,#2143,#913,.T.);
#2674=EDGE_CURVE('',#2146,#2137,#914,.T.);
#2675=EDGE_CURVE('',#2145,#2146,#915,.T.);
#2676=EDGE_CURVE('',#2146,#2144,#916,.T.);
#2677=EDGE_CURVE('',#2147,#2148,#917,.T.);
#2678=EDGE_CURVE('',#2149,#2148,#918,.T.);
#2679=EDGE_CURVE('',#2149,#2150,#919,.T.);
#2680=EDGE_CURVE('',#2147,#2150,#920,.T.);
#2681=EDGE_CURVE('',#2151,#2152,#921,.T.);
#2682=EDGE_CURVE('',#2150,#2152,#922,.T.);
#2683=EDGE_CURVE('',#2151,#2149,#923,.T.);
#2684=EDGE_CURVE('',#2153,#2151,#924,.T.);
#2685=EDGE_CURVE('',#2154,#2153,#925,.T.);
#2686=EDGE_CURVE('',#2152,#2154,#926,.T.);
#2687=EDGE_CURVE('',#2148,#2153,#927,.T.);
#2688=EDGE_CURVE('',#2154,#2147,#928,.T.);
#2689=EDGE_CURVE('',#2153,#2155,#929,.T.);
#2690=EDGE_CURVE('',#2151,#2156,#930,.T.);
#2691=EDGE_CURVE('',#2156,#2155,#931,.T.);
#2692=EDGE_CURVE('',#2157,#2148,#932,.T.);
#2693=EDGE_CURVE('',#2157,#2155,#933,.T.);
#2694=EDGE_CURVE('',#2158,#2149,#934,.T.);
#2695=EDGE_CURVE('',#2157,#2158,#935,.T.);
#2696=EDGE_CURVE('',#2158,#2156,#936,.T.);
#2697=EDGE_CURVE('',#2159,#2160,#937,.T.);
#2698=EDGE_CURVE('',#2161,#2160,#938,.T.);
#2699=EDGE_CURVE('',#2161,#2162,#939,.T.);
#2700=EDGE_CURVE('',#2159,#2162,#940,.T.);
#2701=EDGE_CURVE('',#2163,#2164,#941,.T.);
#2702=EDGE_CURVE('',#2162,#2164,#942,.T.);
#2703=EDGE_CURVE('',#2163,#2161,#943,.T.);
#2704=EDGE_CURVE('',#2165,#2163,#944,.T.);
#2705=EDGE_CURVE('',#2166,#2165,#945,.T.);
#2706=EDGE_CURVE('',#2164,#2166,#946,.T.);
#2707=EDGE_CURVE('',#2160,#2165,#947,.T.);
#2708=EDGE_CURVE('',#2166,#2159,#948,.T.);
#2709=EDGE_CURVE('',#2165,#2167,#949,.T.);
#2710=EDGE_CURVE('',#2163,#2168,#950,.T.);
#2711=EDGE_CURVE('',#2168,#2167,#951,.T.);
#2712=EDGE_CURVE('',#2169,#2160,#952,.T.);
#2713=EDGE_CURVE('',#2169,#2167,#953,.T.);
#2714=EDGE_CURVE('',#2170,#2161,#954,.T.);
#2715=EDGE_CURVE('',#2169,#2170,#955,.T.);
#2716=EDGE_CURVE('',#2170,#2168,#956,.T.);
#2717=EDGE_CURVE('',#2171,#2172,#957,.T.);
#2718=EDGE_CURVE('',#2171,#2173,#958,.T.);
#2719=EDGE_CURVE('',#2173,#2174,#959,.T.);
#2720=EDGE_CURVE('',#2172,#2174,#960,.T.);
#2721=EDGE_CURVE('',#2173,#2175,#961,.T.);
#2722=EDGE_CURVE('',#2176,#2175,#962,.T.);
#2723=EDGE_CURVE('',#2174,#2176,#963,.T.);
#2724=EDGE_CURVE('',#2175,#2177,#964,.T.);
#2725=EDGE_CURVE('',#2178,#2177,#965,.T.);
#2726=EDGE_CURVE('',#2178,#2176,#966,.T.);
#2727=EDGE_CURVE('',#2171,#2177,#967,.T.);
#2728=EDGE_CURVE('',#2172,#2178,#968,.T.);
#2729=EDGE_CURVE('',#2179,#2180,#969,.T.);
#2730=EDGE_CURVE('',#2179,#2181,#970,.T.);
#2731=EDGE_CURVE('',#2181,#2182,#971,.T.);
#2732=EDGE_CURVE('',#2180,#2182,#972,.T.);
#2733=EDGE_CURVE('',#2181,#2183,#973,.T.);
#2734=EDGE_CURVE('',#2184,#2183,#974,.T.);
#2735=EDGE_CURVE('',#2182,#2184,#975,.T.);
#2736=EDGE_CURVE('',#2183,#2185,#976,.T.);
#2737=EDGE_CURVE('',#2186,#2185,#977,.T.);
#2738=EDGE_CURVE('',#2186,#2184,#978,.T.);
#2739=EDGE_CURVE('',#2179,#2185,#979,.T.);
#2740=EDGE_CURVE('',#2180,#2186,#980,.T.);
#2741=EDGE_CURVE('',#2187,#2188,#981,.T.);
#2742=EDGE_CURVE('',#2187,#2189,#982,.T.);
#2743=EDGE_CURVE('',#2189,#2190,#983,.T.);
#2744=EDGE_CURVE('',#2188,#2190,#984,.T.);
#2745=EDGE_CURVE('',#2189,#2191,#985,.T.);
#2746=EDGE_CURVE('',#2192,#2191,#986,.T.);
#2747=EDGE_CURVE('',#2190,#2192,#987,.T.);
#2748=EDGE_CURVE('',#2191,#2193,#988,.T.);
#2749=EDGE_CURVE('',#2194,#2193,#989,.T.);
#2750=EDGE_CURVE('',#2194,#2192,#990,.T.);
#2751=EDGE_CURVE('',#2187,#2193,#991,.T.);
#2752=EDGE_CURVE('',#2188,#2194,#992,.T.);
#2753=EDGE_CURVE('',#2195,#2196,#993,.T.);
#2754=EDGE_CURVE('',#2195,#2197,#994,.T.);
#2755=EDGE_CURVE('',#2197,#2198,#995,.T.);
#2756=EDGE_CURVE('',#2196,#2198,#996,.T.);
#2757=EDGE_CURVE('',#2197,#2199,#997,.T.);
#2758=EDGE_CURVE('',#2200,#2199,#998,.T.);
#2759=EDGE_CURVE('',#2198,#2200,#999,.T.);
#2760=EDGE_CURVE('',#2199,#2201,#1000,.T.);
#2761=EDGE_CURVE('',#2202,#2201,#1001,.T.);
#2762=EDGE_CURVE('',#2202,#2200,#1002,.T.);
#2763=EDGE_CURVE('',#2195,#2201,#1003,.T.);
#2764=EDGE_CURVE('',#2196,#2202,#1004,.T.);
#2765=EDGE_CURVE('',#2203,#2204,#111,.T.);
#2766=EDGE_CURVE('',#2205,#2203,#1005,.T.);
#2767=EDGE_CURVE('',#2206,#2205,#112,.T.);
#2768=EDGE_CURVE('',#2204,#2206,#1006,.T.);
#2769=EDGE_CURVE('',#2206,#2207,#1007,.T.);
#2770=EDGE_CURVE('',#2207,#2208,#1008,.T.);
#2771=EDGE_CURVE('',#2204,#2208,#1009,.T.);
#2772=EDGE_CURVE('',#2208,#2209,#113,.T.);
#2773=EDGE_CURVE('',#2210,#2207,#114,.T.);
#2774=EDGE_CURVE('',#2209,#2210,#1010,.T.);
#2775=EDGE_CURVE('',#2210,#2211,#1011,.T.);
#2776=EDGE_CURVE('',#2211,#2212,#1012,.T.);
#2777=EDGE_CURVE('',#2209,#2212,#1013,.T.);
#2778=EDGE_CURVE('',#2212,#2213,#115,.T.);
#2779=EDGE_CURVE('',#2214,#2211,#116,.T.);
#2780=EDGE_CURVE('',#2213,#2214,#1014,.T.);
#2781=EDGE_CURVE('',#2214,#2215,#1015,.T.);
#2782=EDGE_CURVE('',#2216,#2205,#1016,.T.);
#2783=EDGE_CURVE('',#2216,#2217,#117,.T.);
#2784=EDGE_CURVE('',#2218,#2217,#1017,.T.);
#2785=EDGE_CURVE('',#2219,#2218,#118,.T.);
#2786=EDGE_CURVE('',#2220,#2219,#1018,.T.);
#2787=EDGE_CURVE('',#2221,#2220,#119,.T.);
#2788=EDGE_CURVE('',#2222,#2221,#1019,.T.);
#2789=EDGE_CURVE('',#2223,#2222,#120,.T.);
#2790=EDGE_CURVE('',#2223,#2215,#1020,.T.);
#2791=EDGE_CURVE('',#2224,#2225,#121,.T.);
#2792=EDGE_CURVE('',#2217,#2224,#1021,.T.);
#2793=EDGE_CURVE('',#2225,#2216,#1022,.T.);
#2794=EDGE_CURVE('',#2225,#2203,#1023,.T.);
#2795=EDGE_CURVE('',#2213,#2226,#1024,.T.);
#2796=EDGE_CURVE('',#2227,#2226,#1025,.T.);
#2797=EDGE_CURVE('',#2227,#2228,#122,.T.);
#2798=EDGE_CURVE('',#2228,#2229,#1026,.T.);
#2799=EDGE_CURVE('',#2229,#2230,#123,.T.);
#2800=EDGE_CURVE('',#2230,#2231,#1027,.T.);
#2801=EDGE_CURVE('',#2231,#2232,#124,.T.);
#2802=EDGE_CURVE('',#2232,#2224,#1028,.T.);
#2803=EDGE_CURVE('',#2232,#2218,#1029,.T.);
#2804=EDGE_CURVE('',#2231,#2219,#1030,.T.);
#2805=EDGE_CURVE('',#2230,#2220,#1031,.T.);
#2806=EDGE_CURVE('',#2229,#2221,#1032,.T.);
#2807=EDGE_CURVE('',#2228,#2222,#1033,.T.);
#2808=EDGE_CURVE('',#2227,#2223,#1034,.T.);
#2809=EDGE_CURVE('',#2215,#2226,#1035,.T.);
#2810=EDGE_CURVE('',#2233,#2234,#125,.T.);
#2811=EDGE_CURVE('',#2235,#2233,#1036,.T.);
#2812=EDGE_CURVE('',#2236,#2235,#126,.T.);
#2813=EDGE_CURVE('',#2234,#2236,#1037,.T.);
#2814=EDGE_CURVE('',#2236,#2237,#1038,.T.);
#2815=EDGE_CURVE('',#2237,#2238,#1039,.T.);
#2816=EDGE_CURVE('',#2234,#2238,#1040,.T.);
#2817=EDGE_CURVE('',#2238,#2239,#127,.T.);
#2818=EDGE_CURVE('',#2240,#2237,#128,.T.);
#2819=EDGE_CURVE('',#2239,#2240,#1041,.T.);
#2820=EDGE_CURVE('',#2240,#2241,#1042,.T.);
#2821=EDGE_CURVE('',#2241,#2242,#1043,.T.);
#2822=EDGE_CURVE('',#2239,#2242,#1044,.T.);
#2823=EDGE_CURVE('',#2242,#2243,#129,.T.);
#2824=EDGE_CURVE('',#2244,#2241,#130,.T.);
#2825=EDGE_CURVE('',#2243,#2244,#1045,.T.);
#2826=EDGE_CURVE('',#2244,#2245,#1046,.T.);
#2827=EDGE_CURVE('',#2246,#2235,#1047,.T.);
#2828=EDGE_CURVE('',#2246,#2247,#131,.T.);
#2829=EDGE_CURVE('',#2248,#2247,#1048,.T.);
#2830=EDGE_CURVE('',#2249,#2248,#132,.T.);
#2831=EDGE_CURVE('',#2250,#2249,#1049,.T.);
#2832=EDGE_CURVE('',#2251,#2250,#133,.T.);
#2833=EDGE_CURVE('',#2252,#2251,#1050,.T.);
#2834=EDGE_CURVE('',#2253,#2252,#134,.T.);
#2835=EDGE_CURVE('',#2253,#2245,#1051,.T.);
#2836=EDGE_CURVE('',#2254,#2255,#135,.T.);
#2837=EDGE_CURVE('',#2247,#2254,#1052,.T.);
#2838=EDGE_CURVE('',#2255,#2246,#1053,.T.);
#2839=EDGE_CURVE('',#2255,#2233,#1054,.T.);
#2840=EDGE_CURVE('',#2243,#2256,#1055,.T.);
#2841=EDGE_CURVE('',#2257,#2256,#1056,.T.);
#2842=EDGE_CURVE('',#2257,#2258,#136,.T.);
#2843=EDGE_CURVE('',#2258,#2259,#1057,.T.);
#2844=EDGE_CURVE('',#2259,#2260,#137,.T.);
#2845=EDGE_CURVE('',#2260,#2261,#1058,.T.);
#2846=EDGE_CURVE('',#2261,#2262,#138,.T.);
#2847=EDGE_CURVE('',#2262,#2254,#1059,.T.);
#2848=EDGE_CURVE('',#2262,#2248,#1060,.T.);
#2849=EDGE_CURVE('',#2261,#2249,#1061,.T.);
#2850=EDGE_CURVE('',#2260,#2250,#1062,.T.);
#2851=EDGE_CURVE('',#2259,#2251,#1063,.T.);
#2852=EDGE_CURVE('',#2258,#2252,#1064,.T.);
#2853=EDGE_CURVE('',#2257,#2253,#1065,.T.);
#2854=EDGE_CURVE('',#2245,#2256,#1066,.T.);
#2855=EDGE_CURVE('',#2263,#2264,#139,.T.);
#2856=EDGE_CURVE('',#2265,#2263,#1067,.T.);
#2857=EDGE_CURVE('',#2266,#2265,#140,.T.);
#2858=EDGE_CURVE('',#2264,#2266,#1068,.T.);
#2859=EDGE_CURVE('',#2266,#2267,#1069,.T.);
#2860=EDGE_CURVE('',#2267,#2268,#1070,.T.);
#2861=EDGE_CURVE('',#2264,#2268,#1071,.T.);
#2862=EDGE_CURVE('',#2268,#2269,#141,.T.);
#2863=EDGE_CURVE('',#2270,#2267,#142,.T.);
#2864=EDGE_CURVE('',#2269,#2270,#1072,.T.);
#2865=EDGE_CURVE('',#2270,#2271,#1073,.T.);
#2866=EDGE_CURVE('',#2271,#2272,#1074,.T.);
#2867=EDGE_CURVE('',#2269,#2272,#1075,.T.);
#2868=EDGE_CURVE('',#2272,#2273,#143,.T.);
#2869=EDGE_CURVE('',#2274,#2271,#144,.T.);
#2870=EDGE_CURVE('',#2273,#2274,#1076,.T.);
#2871=EDGE_CURVE('',#2274,#2275,#1077,.T.);
#2872=EDGE_CURVE('',#2276,#2265,#1078,.T.);
#2873=EDGE_CURVE('',#2276,#2277,#145,.T.);
#2874=EDGE_CURVE('',#2278,#2277,#1079,.T.);
#2875=EDGE_CURVE('',#2279,#2278,#146,.T.);
#2876=EDGE_CURVE('',#2280,#2279,#1080,.T.);
#2877=EDGE_CURVE('',#2281,#2280,#147,.T.);
#2878=EDGE_CURVE('',#2282,#2281,#1081,.T.);
#2879=EDGE_CURVE('',#2283,#2282,#148,.T.);
#2880=EDGE_CURVE('',#2283,#2275,#1082,.T.);
#2881=EDGE_CURVE('',#2284,#2285,#149,.T.);
#2882=EDGE_CURVE('',#2277,#2284,#1083,.T.);
#2883=EDGE_CURVE('',#2285,#2276,#1084,.T.);
#2884=EDGE_CURVE('',#2285,#2263,#1085,.T.);
#2885=EDGE_CURVE('',#2273,#2286,#1086,.T.);
#2886=EDGE_CURVE('',#2287,#2286,#1087,.T.);
#2887=EDGE_CURVE('',#2287,#2288,#150,.T.);
#2888=EDGE_CURVE('',#2288,#2289,#1088,.T.);
#2889=EDGE_CURVE('',#2289,#2290,#151,.T.);
#2890=EDGE_CURVE('',#2290,#2291,#1089,.T.);
#2891=EDGE_CURVE('',#2291,#2292,#152,.T.);
#2892=EDGE_CURVE('',#2292,#2284,#1090,.T.);
#2893=EDGE_CURVE('',#2292,#2278,#1091,.T.);
#2894=EDGE_CURVE('',#2291,#2279,#1092,.T.);
#2895=EDGE_CURVE('',#2290,#2280,#1093,.T.);
#2896=EDGE_CURVE('',#2289,#2281,#1094,.T.);
#2897=EDGE_CURVE('',#2288,#2282,#1095,.T.);
#2898=EDGE_CURVE('',#2287,#2283,#1096,.T.);
#2899=EDGE_CURVE('',#2275,#2286,#1097,.T.);
#2900=EDGE_CURVE('',#2293,#2294,#153,.T.);
#2901=EDGE_CURVE('',#2295,#2293,#1098,.T.);
#2902=EDGE_CURVE('',#2296,#2295,#154,.T.);
#2903=EDGE_CURVE('',#2294,#2296,#1099,.T.);
#2904=EDGE_CURVE('',#2296,#2297,#1100,.T.);
#2905=EDGE_CURVE('',#2297,#2298,#1101,.T.);
#2906=EDGE_CURVE('',#2294,#2298,#1102,.T.);
#2907=EDGE_CURVE('',#2298,#2299,#155,.T.);
#2908=EDGE_CURVE('',#2300,#2297,#156,.T.);
#2909=EDGE_CURVE('',#2299,#2300,#1103,.T.);
#2910=EDGE_CURVE('',#2300,#2301,#1104,.T.);
#2911=EDGE_CURVE('',#2301,#2302,#1105,.T.);
#2912=EDGE_CURVE('',#2299,#2302,#1106,.T.);
#2913=EDGE_CURVE('',#2302,#2303,#157,.T.);
#2914=EDGE_CURVE('',#2304,#2301,#158,.T.);
#2915=EDGE_CURVE('',#2303,#2304,#1107,.T.);
#2916=EDGE_CURVE('',#2304,#2305,#1108,.T.);
#2917=EDGE_CURVE('',#2306,#2295,#1109,.T.);
#2918=EDGE_CURVE('',#2306,#2307,#159,.T.);
#2919=EDGE_CURVE('',#2308,#2307,#1110,.T.);
#2920=EDGE_CURVE('',#2309,#2308,#160,.T.);
#2921=EDGE_CURVE('',#2310,#2309,#1111,.T.);
#2922=EDGE_CURVE('',#2311,#2310,#161,.T.);
#2923=EDGE_CURVE('',#2312,#2311,#1112,.T.);
#2924=EDGE_CURVE('',#2313,#2312,#162,.T.);
#2925=EDGE_CURVE('',#2313,#2305,#1113,.T.);
#2926=EDGE_CURVE('',#2314,#2315,#163,.T.);
#2927=EDGE_CURVE('',#2307,#2314,#1114,.T.);
#2928=EDGE_CURVE('',#2315,#2306,#1115,.T.);
#2929=EDGE_CURVE('',#2315,#2293,#1116,.T.);
#2930=EDGE_CURVE('',#2303,#2316,#1117,.T.);
#2931=EDGE_CURVE('',#2317,#2316,#1118,.T.);
#2932=EDGE_CURVE('',#2317,#2318,#164,.T.);
#2933=EDGE_CURVE('',#2318,#2319,#1119,.T.);
#2934=EDGE_CURVE('',#2319,#2320,#165,.T.);
#2935=EDGE_CURVE('',#2320,#2321,#1120,.T.);
#2936=EDGE_CURVE('',#2321,#2322,#166,.T.);
#2937=EDGE_CURVE('',#2322,#2314,#1121,.T.);
#2938=EDGE_CURVE('',#2322,#2308,#1122,.T.);
#2939=EDGE_CURVE('',#2321,#2309,#1123,.T.);
#2940=EDGE_CURVE('',#2320,#2310,#1124,.T.);
#2941=EDGE_CURVE('',#2319,#2311,#1125,.T.);
#2942=EDGE_CURVE('',#2318,#2312,#1126,.T.);
#2943=EDGE_CURVE('',#2317,#2313,#1127,.T.);
#2944=EDGE_CURVE('',#2305,#2316,#1128,.T.);
#2945=EDGE_CURVE('',#2323,#2324,#1129,.T.);
#2946=EDGE_CURVE('',#2325,#2324,#1130,.T.);
#2947=EDGE_CURVE('',#2325,#2326,#1131,.T.);
#2948=EDGE_CURVE('',#2323,#2326,#1132,.T.);
#2949=EDGE_CURVE('',#2327,#2328,#1133,.T.);
#2950=EDGE_CURVE('',#2326,#2328,#1134,.T.);
#2951=EDGE_CURVE('',#2327,#2325,#1135,.T.);
#2952=EDGE_CURVE('',#2329,#2330,#1136,.T.);
#2953=EDGE_CURVE('',#2324,#2330,#1137,.T.);
#2954=EDGE_CURVE('',#2329,#2323,#1138,.T.);
#2955=EDGE_CURVE('',#2330,#2327,#1139,.T.);
#2956=EDGE_CURVE('',#2328,#2329,#1140,.T.);
#2957=EDGE_CURVE('',#2331,#2332,#167,.T.);
#2958=EDGE_CURVE('',#2333,#2331,#1141,.T.);
#2959=EDGE_CURVE('',#2334,#2333,#168,.T.);
#2960=EDGE_CURVE('',#2332,#2334,#1142,.T.);
#2961=EDGE_CURVE('',#2335,#2336,#169,.T.);
#2962=EDGE_CURVE('',#2337,#2335,#1143,.T.);
#2963=EDGE_CURVE('',#2338,#2337,#170,.T.);
#2964=EDGE_CURVE('',#2336,#2338,#1144,.T.);
#2965=EDGE_CURVE('',#2339,#2340,#171,.T.);
#2966=EDGE_CURVE('',#2341,#2339,#1145,.T.);
#2967=EDGE_CURVE('',#2342,#2341,#172,.T.);
#2968=EDGE_CURVE('',#2340,#2342,#1146,.T.);
#2969=EDGE_CURVE('',#2343,#2344,#173,.T.);
#2970=EDGE_CURVE('',#2345,#2343,#1147,.T.);
#2971=EDGE_CURVE('',#2346,#2345,#174,.T.);
#2972=EDGE_CURVE('',#2344,#2346,#1148,.T.);
#2973=EDGE_CURVE('',#2338,#2341,#1149,.T.);
#2974=EDGE_CURVE('',#2336,#2339,#1150,.T.);
#2975=EDGE_CURVE('',#2334,#2337,#1151,.T.);
#2976=EDGE_CURVE('',#2332,#2335,#1152,.T.);
#2977=EDGE_CURVE('',#2344,#2331,#1153,.T.);
#2978=EDGE_CURVE('',#2346,#2333,#1154,.T.);
#2979=EDGE_CURVE('',#2347,#2345,#1155,.T.);
#2980=EDGE_CURVE('',#2348,#2343,#1156,.T.);
#2981=EDGE_CURVE('',#2348,#2347,#1157,.T.);
#2982=EDGE_CURVE('',#2349,#2347,#175,.T.);
#2983=EDGE_CURVE('',#2350,#2348,#176,.T.);
#2984=EDGE_CURVE('',#2350,#2349,#1158,.T.);
#2985=EDGE_CURVE('',#2351,#2349,#1159,.T.);
#2986=EDGE_CURVE('',#2352,#2350,#1160,.T.);
#2987=EDGE_CURVE('',#2352,#2351,#1161,.T.);
#2988=EDGE_CURVE('',#2353,#2351,#177,.T.);
#2989=EDGE_CURVE('',#2354,#2352,#178,.T.);
#2990=EDGE_CURVE('',#2354,#2353,#1162,.T.);
#2991=EDGE_CURVE('',#2355,#2353,#1163,.T.);
#2992=EDGE_CURVE('',#2356,#2354,#1164,.T.);
#2993=EDGE_CURVE('',#2356,#2355,#1165,.T.);
#2994=EDGE_CURVE('',#2342,#2357,#1166,.T.);
#2995=EDGE_CURVE('',#2358,#2355,#179,.T.);
#2996=EDGE_CURVE('',#2358,#2357,#1167,.T.);
#2997=EDGE_CURVE('',#2340,#2359,#1168,.T.);
#2998=EDGE_CURVE('',#2360,#2359,#1169,.T.);
#2999=EDGE_CURVE('',#2360,#2356,#180,.T.);
#3000=EDGE_CURVE('',#2357,#2359,#1170,.T.);
#3001=EDGE_CURVE('',#2360,#2358,#1171,.T.);
#3002=EDGE_CURVE('',#2361,#2362,#1172,.T.);
#3003=EDGE_CURVE('',#2361,#2363,#1173,.T.);
#3004=EDGE_CURVE('',#2363,#2364,#1174,.T.);
#3005=EDGE_CURVE('',#2362,#2364,#1175,.T.);
#3006=EDGE_CURVE('',#2365,#2366,#1176,.T.);
#3007=EDGE_CURVE('',#2366,#2367,#1177,.T.);
#3008=EDGE_CURVE('',#2368,#2367,#1178,.T.);
#3009=EDGE_CURVE('',#2368,#2365,#1179,.T.);
#3010=EDGE_CURVE('',#2363,#2366,#1180,.T.);
#3011=EDGE_CURVE('',#2364,#2365,#1181,.T.);
#3012=EDGE_CURVE('',#2361,#2367,#1182,.T.);
#3013=EDGE_CURVE('',#2362,#2368,#1183,.T.);
#3014=EDGE_CURVE('',#2330,#2369,#1184,.T.);
#3015=EDGE_CURVE('',#2327,#2370,#1185,.T.);
#3016=EDGE_CURVE('',#2370,#2369,#1186,.T.);
#3017=EDGE_CURVE('',#2371,#2325,#1187,.T.);
#3018=EDGE_CURVE('',#2372,#2324,#1188,.T.);
#3019=EDGE_CURVE('',#2372,#2371,#1189,.T.);
#3020=EDGE_CURVE('',#2372,#2369,#1190,.T.);
#3021=EDGE_CURVE('',#2371,#2370,#1191,.T.);
#3022=EDGE_CURVE('',#2373,#2374,#1192,.T.);
#3023=EDGE_CURVE('',#2375,#2374,#1193,.T.);
#3024=EDGE_CURVE('',#2375,#2376,#1194,.T.);
#3025=EDGE_CURVE('',#2373,#2376,#1195,.T.);
#3026=EDGE_CURVE('',#2377,#2378,#1196,.T.);
#3027=EDGE_CURVE('',#2376,#2377,#1197,.T.);
#3028=EDGE_CURVE('',#2379,#2375,#1198,.T.);
#3029=EDGE_CURVE('',#2379,#2380,#1199,.T.);
#3030=EDGE_CURVE('',#2378,#2380,#1200,.T.);
#3031=EDGE_CURVE('',#2381,#2382,#1201,.T.);
#3032=EDGE_CURVE('',#2374,#2382,#1202,.T.);
#3033=EDGE_CURVE('',#2383,#2373,#1203,.T.);
#3034=EDGE_CURVE('',#2384,#2383,#1204,.T.);
#3035=EDGE_CURVE('',#2381,#2384,#1205,.T.);
#3036=EDGE_CURVE('',#2385,#2386,#1206,.T.);
#3037=EDGE_CURVE('',#2380,#2386,#1207,.T.);
#3038=EDGE_CURVE('',#2385,#2379,#1208,.T.);
#3039=EDGE_CURVE('',#2387,#2388,#1209,.T.);
#3040=EDGE_CURVE('',#2382,#2388,#1210,.T.);
#3041=EDGE_CURVE('',#2387,#2381,#1211,.T.);
#3042=EDGE_CURVE('',#2389,#2390,#1212,.T.);
#3043=EDGE_CURVE('',#2386,#2390,#1213,.T.);
#3044=EDGE_CURVE('',#2389,#2385,#1214,.T.);
#3045=EDGE_CURVE('',#2391,#2392,#1215,.T.);
#3046=EDGE_CURVE('',#2388,#2392,#1216,.T.);
#3047=EDGE_CURVE('',#2391,#2387,#1217,.T.);
#3048=EDGE_CURVE('',#2393,#2394,#1218,.T.);
#3049=EDGE_CURVE('',#2390,#2394,#1219,.T.);
#3050=EDGE_CURVE('',#2393,#2389,#1220,.T.);
#3051=EDGE_CURVE('',#2395,#2396,#1221,.T.);
#3052=EDGE_CURVE('',#2392,#2396,#1222,.T.);
#3053=EDGE_CURVE('',#2395,#2391,#1223,.T.);
#3054=EDGE_CURVE('',#2397,#2398,#1224,.T.);
#3055=EDGE_CURVE('',#2394,#2397,#1225,.T.);
#3056=EDGE_CURVE('',#2399,#2393,#1226,.T.);
#3057=EDGE_CURVE('',#2399,#2400,#1227,.T.);
#3058=EDGE_CURVE('',#2398,#2400,#1228,.T.);
#3059=EDGE_CURVE('',#2401,#2402,#1229,.T.);
#3060=EDGE_CURVE('',#2396,#2402,#1230,.T.);
#3061=EDGE_CURVE('',#2403,#2395,#1231,.T.);
#3062=EDGE_CURVE('',#2404,#2403,#1232,.T.);
#3063=EDGE_CURVE('',#2401,#2404,#1233,.T.);
#3064=EDGE_CURVE('',#2402,#2399,#1234,.T.);
#3065=EDGE_CURVE('',#2400,#2401,#1235,.T.);
#3066=EDGE_CURVE('',#2405,#2378,#1236,.T.);
#3067=EDGE_CURVE('',#2406,#2380,#1237,.T.);
#3068=EDGE_CURVE('',#2405,#2406,#1238,.T.);
#3069=EDGE_CURVE('',#2407,#2381,#1239,.T.);
#3070=EDGE_CURVE('',#2384,#2408,#1240,.T.);
#3071=EDGE_CURVE('',#2407,#2408,#1241,.T.);
#3072=EDGE_CURVE('',#2409,#2403,#1242,.T.);
#3073=EDGE_CURVE('',#2410,#2395,#1243,.T.);
#3074=EDGE_CURVE('',#2409,#2410,#1244,.T.);
#3075=EDGE_CURVE('',#2411,#2394,#1245,.T.);
#3076=EDGE_CURVE('',#2397,#2412,#1246,.T.);
#3077=EDGE_CURVE('',#2411,#2412,#1247,.T.);
#3078=EDGE_CURVE('',#2413,#2386,#1248,.T.);
#3079=EDGE_CURVE('',#2414,#2390,#1249,.T.);
#3080=EDGE_CURVE('',#2413,#2414,#1250,.T.);
#3081=EDGE_CURVE('',#2415,#2391,#1251,.T.);
#3082=EDGE_CURVE('',#2410,#2415,#1252,.T.);
#3083=EDGE_CURVE('',#2416,#2387,#1253,.T.);
#3084=EDGE_CURVE('',#2415,#2416,#1254,.T.);
#3085=EDGE_CURVE('',#2406,#2413,#1255,.T.);
#3086=EDGE_CURVE('',#2417,#2418,#1256,.T.);
#3087=EDGE_CURVE('',#2419,#2417,#1257,.T.);
#3088=EDGE_CURVE('',#2420,#2419,#1258,.T.);
#3089=EDGE_CURVE('',#2418,#2420,#1259,.T.);
#3090=EDGE_CURVE('',#2421,#2422,#1260,.T.);
#3091=EDGE_CURVE('',#2420,#2421,#1261,.T.);
#3092=EDGE_CURVE('',#2419,#2422,#1262,.T.);
#3093=EDGE_CURVE('',#2398,#2423,#1263,.T.);
#3094=EDGE_CURVE('',#2418,#2404,#1264,.T.);
#3095=EDGE_CURVE('',#2423,#2421,#1265,.T.);
#3096=EDGE_CURVE('',#2424,#2425,#1266,.T.);
#3097=EDGE_CURVE('',#2425,#2426,#1267,.T.);
#3098=EDGE_CURVE('',#2426,#2427,#1268,.T.);
#3099=EDGE_CURVE('',#2427,#2424,#1269,.T.);
#3100=EDGE_CURVE('',#2377,#2428,#1270,.T.);
#3101=EDGE_CURVE('',#2428,#2429,#1271,.T.);
#3102=EDGE_CURVE('',#2426,#2429,#1272,.T.);
#3103=EDGE_CURVE('',#2425,#2383,#1273,.T.);
#3104=EDGE_CURVE('',#2429,#2430,#1274,.T.);
#3105=EDGE_CURVE('',#2427,#2430,#1275,.T.);
#3106=EDGE_CURVE('',#2431,#2121,#1276,.T.);
#3107=EDGE_CURVE('',#2432,#2431,#1277,.T.);
#3108=EDGE_CURVE('',#2122,#2432,#1278,.T.);
#3109=EDGE_CURVE('',#2433,#2114,#1279,.T.);
#3110=EDGE_CURVE('',#2434,#2433,#1280,.T.);
#3111=EDGE_CURVE('',#2115,#2434,#1281,.T.);
#3112=EDGE_CURVE('',#2435,#2112,#1282,.T.);
#3113=EDGE_CURVE('',#2436,#2435,#1283,.T.);
#3114=EDGE_CURVE('',#2113,#2436,#1284,.T.);
#3115=EDGE_CURVE('',#2437,#2108,#1285,.T.);
#3116=EDGE_CURVE('',#2438,#2437,#1286,.T.);
#3117=EDGE_CURVE('',#2109,#2438,#1287,.T.);
#3118=EDGE_CURVE('',#2439,#2106,#1288,.T.);
#3119=EDGE_CURVE('',#2440,#2439,#1289,.T.);
#3120=EDGE_CURVE('',#2107,#2440,#1290,.T.);
#3121=EDGE_CURVE('',#2441,#2102,#1291,.T.);
#3122=EDGE_CURVE('',#2442,#2441,#1292,.T.);
#3123=EDGE_CURVE('',#2103,#2442,#1293,.T.);
#3124=EDGE_CURVE('',#2443,#2096,#1294,.T.);
#3125=EDGE_CURVE('',#2444,#2443,#1295,.T.);
#3126=EDGE_CURVE('',#2097,#2444,#1296,.T.);
#3127=EDGE_CURVE('',#2445,#2091,#1297,.T.);
#3128=EDGE_CURVE('',#2446,#2445,#1298,.T.);
#3129=EDGE_CURVE('',#2092,#2446,#1299,.T.);
#3130=EDGE_CURVE('',#2447,#2095,#1300,.T.);
#3131=EDGE_CURVE('',#2447,#2443,#1301,.T.);
#3132=EDGE_CURVE('',#2093,#2448,#1302,.T.);
#3133=EDGE_CURVE('',#2448,#2446,#1303,.T.);
#3134=EDGE_CURVE('',#2449,#2111,#1304,.T.);
#3135=EDGE_CURVE('',#2449,#2439,#1305,.T.);
#3136=EDGE_CURVE('',#2104,#2450,#1306,.T.);
#3137=EDGE_CURVE('',#2450,#2442,#1307,.T.);
#3138=EDGE_CURVE('',#2451,#2117,#1308,.T.);
#3139=EDGE_CURVE('',#2451,#2435,#1309,.T.);
#3140=EDGE_CURVE('',#2110,#2452,#1310,.T.);
#3141=EDGE_CURVE('',#2452,#2438,#1311,.T.);
#3142=EDGE_CURVE('',#2453,#2120,#1312,.T.);
#3143=EDGE_CURVE('',#2453,#2431,#1313,.T.);
#3144=EDGE_CURVE('',#2116,#2454,#1314,.T.);
#3145=EDGE_CURVE('',#2454,#2434,#1315,.T.);
#3146=EDGE_CURVE('',#2455,#2100,#1316,.T.);
#3147=EDGE_CURVE('',#2456,#2455,#1317,.T.);
#3148=EDGE_CURVE('',#2101,#2456,#1318,.T.);
#3149=EDGE_CURVE('',#2457,#2098,#1319,.T.);
#3150=EDGE_CURVE('',#2458,#2457,#1320,.T.);
#3151=EDGE_CURVE('',#2099,#2458,#1321,.T.);
#3152=EDGE_CURVE('',#2459,#2105,#1322,.T.);
#3153=EDGE_CURVE('',#2459,#2455,#1323,.T.);
#3154=EDGE_CURVE('',#2094,#2460,#1324,.T.);
#3155=EDGE_CURVE('',#2460,#2458,#1325,.T.);
#3156=EDGE_CURVE('',#2119,#2461,#1326,.T.);
#3157=EDGE_CURVE('',#2461,#2462,#1327,.T.);
#3158=EDGE_CURVE('',#2462,#2089,#1328,.T.);
#3159=EDGE_CURVE('',#2463,#2448,#1329,.T.);
#3160=EDGE_CURVE('',#2463,#2464,#1330,.T.);
#3161=EDGE_CURVE('',#2464,#2465,#1331,.T.);
#3162=EDGE_CURVE('',#2465,#2466,#1332,.T.);
#3163=EDGE_CURVE('',#2453,#2466,#1333,.T.);
#3164=EDGE_CURVE('',#2451,#2454,#1334,.T.);
#3165=EDGE_CURVE('',#2449,#2452,#1335,.T.);
#3166=EDGE_CURVE('',#2459,#2450,#1336,.T.);
#3167=EDGE_CURVE('',#2447,#2460,#1337,.T.);
#3168=EDGE_CURVE('',#2432,#2467,#1338,.T.);
#3169=EDGE_CURVE('',#2466,#2467,#1339,.T.);
#3170=EDGE_CURVE('',#2468,#2462,#1340,.T.);
#3171=EDGE_CURVE('',#2417,#2468,#1341,.T.);
#3172=EDGE_CURVE('',#2412,#2409,#1342,.T.);
#3173=EDGE_CURVE('',#2469,#2423,#1343,.T.);
#3174=EDGE_CURVE('',#2470,#2469,#1344,.T.);
#3175=EDGE_CURVE('',#2464,#2470,#1345,.T.);
#3176=EDGE_CURVE('',#2471,#2463,#1346,.T.);
#3177=EDGE_CURVE('',#2090,#2471,#1347,.T.);
#3178=EDGE_CURVE('',#2118,#2467,#1348,.T.);
#3179=EDGE_CURVE('',#2465,#2472,#1349,.T.);
#3180=EDGE_CURVE('',#2472,#2473,#1350,.T.);
#3181=EDGE_CURVE('',#2473,#2428,#1351,.T.);
#3182=EDGE_CURVE('',#2408,#2405,#1352,.T.);
#3183=EDGE_CURVE('',#2424,#2474,#1353,.T.);
#3184=EDGE_CURVE('',#2474,#2461,#1354,.T.);
#3185=EDGE_CURVE('',#2430,#2475,#1355,.T.);
#3186=EDGE_CURVE('',#2473,#2476,#1356,.T.);
#3187=EDGE_CURVE('',#2476,#2475,#1357,.T.);
#3188=EDGE_CURVE('',#2475,#2477,#1358,.T.);
#3189=EDGE_CURVE('',#2474,#2477,#1359,.T.);
#3190=EDGE_CURVE('',#2478,#2477,#1360,.T.);
#3191=EDGE_CURVE('',#2478,#2476,#1361,.T.);
#3192=EDGE_CURVE('',#2479,#2480,#1362,.T.);
#3193=EDGE_CURVE('',#2479,#2478,#1363,.T.);
#3194=EDGE_CURVE('',#2472,#2470,#1364,.T.);
#3195=EDGE_CURVE('',#2469,#2480,#1365,.T.);
#3196=EDGE_CURVE('',#2481,#2479,#1366,.F.);
#3197=EDGE_CURVE('',#2468,#2481,#1367,.T.);
#3198=EDGE_CURVE('',#2444,#2457,#1368,.T.);
#3199=EDGE_CURVE('',#2436,#2433,#1369,.T.);
#3200=EDGE_CURVE('',#2440,#2437,#1370,.T.);
#3201=EDGE_CURVE('',#2456,#2441,#1371,.T.);
#3202=EDGE_CURVE('',#2471,#2445,#1372,.T.);
#3203=EDGE_CURVE('',#2414,#2411,#1373,.T.);
#3204=EDGE_CURVE('',#2416,#2407,#1374,.T.);
#3205=EDGE_CURVE('',#2480,#2482,#1375,.T.);
#3206=EDGE_CURVE('',#2422,#2482,#1376,.T.);
#3207=EDGE_CURVE('',#2482,#2481,#1377,.T.);
#3208=ORIENTED_EDGE('',*,*,#2483,.F.);
#3209=ORIENTED_EDGE('',*,*,#2484,.T.);
#3210=ORIENTED_EDGE('',*,*,#2485,.T.);
#3211=ORIENTED_EDGE('',*,*,#2486,.F.);
#3212=ORIENTED_EDGE('',*,*,#2487,.T.);
#3213=ORIENTED_EDGE('',*,*,#2488,.F.);
#3214=ORIENTED_EDGE('',*,*,#2489,.F.);
#3215=ORIENTED_EDGE('',*,*,#2486,.T.);
#3216=ORIENTED_EDGE('',*,*,#2490,.T.);
#3217=ORIENTED_EDGE('',*,*,#2491,.F.);
#3218=ORIENTED_EDGE('',*,*,#2492,.F.);
#3219=ORIENTED_EDGE('',*,*,#2488,.T.);
#3220=ORIENTED_EDGE('',*,*,#2493,.T.);
#3221=ORIENTED_EDGE('',*,*,#2494,.F.);
#3222=ORIENTED_EDGE('',*,*,#2495,.F.);
#3223=ORIENTED_EDGE('',*,*,#2491,.T.);
#3224=ORIENTED_EDGE('',*,*,#2496,.T.);
#3225=ORIENTED_EDGE('',*,*,#2497,.F.);
#3226=ORIENTED_EDGE('',*,*,#2498,.F.);
#3227=ORIENTED_EDGE('',*,*,#2494,.T.);
#3228=ORIENTED_EDGE('',*,*,#2499,.T.);
#3229=ORIENTED_EDGE('',*,*,#2500,.T.);
#3230=ORIENTED_EDGE('',*,*,#2501,.F.);
#3231=ORIENTED_EDGE('',*,*,#2497,.T.);
#3232=ORIENTED_EDGE('',*,*,#2502,.F.);
#3233=ORIENTED_EDGE('',*,*,#2503,.T.);
#3234=ORIENTED_EDGE('',*,*,#2504,.T.);
#3235=ORIENTED_EDGE('',*,*,#2505,.T.);
#3236=ORIENTED_EDGE('',*,*,#2506,.F.);
#3237=ORIENTED_EDGE('',*,*,#2507,.T.);
#3238=ORIENTED_EDGE('',*,*,#2508,.T.);
#3239=ORIENTED_EDGE('',*,*,#2509,.T.);
#3240=ORIENTED_EDGE('',*,*,#2510,.F.);
#3241=ORIENTED_EDGE('',*,*,#2511,.T.);
#3242=ORIENTED_EDGE('',*,*,#2512,.T.);
#3243=ORIENTED_EDGE('',*,*,#2513,.F.);
#3244=ORIENTED_EDGE('',*,*,#2514,.T.);
#3245=ORIENTED_EDGE('',*,*,#2515,.F.);
#3246=ORIENTED_EDGE('',*,*,#2516,.F.);
#3247=ORIENTED_EDGE('',*,*,#2513,.T.);
#3248=ORIENTED_EDGE('',*,*,#2517,.T.);
#3249=ORIENTED_EDGE('',*,*,#2518,.F.);
#3250=ORIENTED_EDGE('',*,*,#2519,.F.);
#3251=ORIENTED_EDGE('',*,*,#2515,.T.);
#3252=ORIENTED_EDGE('',*,*,#2520,.T.);
#3253=ORIENTED_EDGE('',*,*,#2521,.F.);
#3254=ORIENTED_EDGE('',*,*,#2522,.F.);
#3255=ORIENTED_EDGE('',*,*,#2518,.T.);
#3256=ORIENTED_EDGE('',*,*,#2523,.T.);
#3257=ORIENTED_EDGE('',*,*,#2524,.T.);
#3258=ORIENTED_EDGE('',*,*,#2525,.F.);
#3259=ORIENTED_EDGE('',*,*,#2521,.T.);
#3260=ORIENTED_EDGE('',*,*,#2526,.T.);
#3261=ORIENTED_EDGE('',*,*,#2527,.T.);
#3262=ORIENTED_EDGE('',*,*,#2528,.F.);
#3263=ORIENTED_EDGE('',*,*,#2529,.T.);
#3264=ORIENTED_EDGE('',*,*,#2501,.T.);
#3265=ORIENTED_EDGE('',*,*,#2530,.T.);
#3266=ORIENTED_EDGE('',*,*,#2502,.T.);
#3267=ORIENTED_EDGE('',*,*,#2531,.T.);
#3268=ORIENTED_EDGE('',*,*,#2506,.T.);
#3269=ORIENTED_EDGE('',*,*,#2532,.T.);
#3270=ORIENTED_EDGE('',*,*,#2510,.T.);
#3271=ORIENTED_EDGE('',*,*,#2516,.T.);
#3272=ORIENTED_EDGE('',*,*,#2519,.T.);
#3273=ORIENTED_EDGE('',*,*,#2522,.T.);
#3274=ORIENTED_EDGE('',*,*,#2525,.T.);
#3275=ORIENTED_EDGE('',*,*,#2533,.T.);
#3276=ORIENTED_EDGE('',*,*,#2534,.T.);
#3277=ORIENTED_EDGE('',*,*,#2528,.T.);
#3278=ORIENTED_EDGE('',*,*,#2535,.T.);
#3279=ORIENTED_EDGE('',*,*,#2483,.T.);
#3280=ORIENTED_EDGE('',*,*,#2489,.T.);
#3281=ORIENTED_EDGE('',*,*,#2492,.T.);
#3282=ORIENTED_EDGE('',*,*,#2495,.T.);
#3283=ORIENTED_EDGE('',*,*,#2498,.T.);
#3284=ORIENTED_EDGE('',*,*,#2504,.F.);
#3285=ORIENTED_EDGE('',*,*,#2536,.T.);
#3286=ORIENTED_EDGE('',*,*,#2499,.F.);
#3287=ORIENTED_EDGE('',*,*,#2496,.F.);
#3288=ORIENTED_EDGE('',*,*,#2493,.F.);
#3289=ORIENTED_EDGE('',*,*,#2490,.F.);
#3290=ORIENTED_EDGE('',*,*,#2487,.F.);
#3291=ORIENTED_EDGE('',*,*,#2485,.F.);
#3292=ORIENTED_EDGE('',*,*,#2537,.T.);
#3293=ORIENTED_EDGE('',*,*,#2526,.F.);
#3294=ORIENTED_EDGE('',*,*,#2538,.T.);
#3295=ORIENTED_EDGE('',*,*,#2539,.T.);
#3296=ORIENTED_EDGE('',*,*,#2523,.F.);
#3297=ORIENTED_EDGE('',*,*,#2520,.F.);
#3298=ORIENTED_EDGE('',*,*,#2517,.F.);
#3299=ORIENTED_EDGE('',*,*,#2514,.F.);
#3300=ORIENTED_EDGE('',*,*,#2512,.F.);
#3301=ORIENTED_EDGE('',*,*,#2540,.T.);
#3302=ORIENTED_EDGE('',*,*,#2508,.F.);
#3303=ORIENTED_EDGE('',*,*,#2541,.T.);
#3304=ORIENTED_EDGE('',*,*,#2530,.F.);
#3305=ORIENTED_EDGE('',*,*,#2500,.F.);
#3306=ORIENTED_EDGE('',*,*,#2536,.F.);
#3307=ORIENTED_EDGE('',*,*,#2503,.F.);
#3308=ORIENTED_EDGE('',*,*,#2531,.F.);
#3309=ORIENTED_EDGE('',*,*,#2505,.F.);
#3310=ORIENTED_EDGE('',*,*,#2541,.F.);
#3311=ORIENTED_EDGE('',*,*,#2507,.F.);
#3312=ORIENTED_EDGE('',*,*,#2532,.F.);
#3313=ORIENTED_EDGE('',*,*,#2509,.F.);
#3314=ORIENTED_EDGE('',*,*,#2540,.F.);
#3315=ORIENTED_EDGE('',*,*,#2511,.F.);
#3316=ORIENTED_EDGE('',*,*,#2535,.F.);
#3317=ORIENTED_EDGE('',*,*,#2527,.F.);
#3318=ORIENTED_EDGE('',*,*,#2537,.F.);
#3319=ORIENTED_EDGE('',*,*,#2484,.F.);
#3320=ORIENTED_EDGE('',*,*,#2542,.F.);
#3321=ORIENTED_EDGE('',*,*,#2533,.F.);
#3322=ORIENTED_EDGE('',*,*,#2524,.F.);
#3323=ORIENTED_EDGE('',*,*,#2539,.F.);
#3324=ORIENTED_EDGE('',*,*,#2534,.F.);
#3325=ORIENTED_EDGE('',*,*,#2542,.T.);
#3326=ORIENTED_EDGE('',*,*,#2538,.F.);
#3327=ORIENTED_EDGE('',*,*,#2529,.F.);
#3328=ORIENTED_EDGE('',*,*,#2543,.T.);
#3329=ORIENTED_EDGE('',*,*,#2544,.T.);
#3330=ORIENTED_EDGE('',*,*,#2545,.F.);
#3331=ORIENTED_EDGE('',*,*,#2546,.F.);
#3332=ORIENTED_EDGE('',*,*,#2547,.F.);
#3333=ORIENTED_EDGE('',*,*,#2544,.F.);
#3334=ORIENTED_EDGE('',*,*,#2548,.T.);
#3335=ORIENTED_EDGE('',*,*,#2549,.T.);
#3336=ORIENTED_EDGE('',*,*,#2550,.F.);
#3337=ORIENTED_EDGE('',*,*,#2549,.F.);
#3338=ORIENTED_EDGE('',*,*,#2551,.T.);
#3339=ORIENTED_EDGE('',*,*,#2552,.T.);
#3340=ORIENTED_EDGE('',*,*,#2553,.F.);
#3341=ORIENTED_EDGE('',*,*,#2552,.F.);
#3342=ORIENTED_EDGE('',*,*,#2554,.T.);
#3343=ORIENTED_EDGE('',*,*,#2555,.T.);
#3344=ORIENTED_EDGE('',*,*,#2556,.F.);
#3345=ORIENTED_EDGE('',*,*,#2555,.F.);
#3346=ORIENTED_EDGE('',*,*,#2557,.T.);
#3347=ORIENTED_EDGE('',*,*,#2558,.T.);
#3348=ORIENTED_EDGE('',*,*,#2559,.T.);
#3349=ORIENTED_EDGE('',*,*,#2560,.F.);
#3350=ORIENTED_EDGE('',*,*,#2561,.F.);
#3351=ORIENTED_EDGE('',*,*,#2558,.F.);
#3352=ORIENTED_EDGE('',*,*,#2562,.T.);
#3353=ORIENTED_EDGE('',*,*,#2563,.F.);
#3354=ORIENTED_EDGE('',*,*,#2564,.F.);
#3355=ORIENTED_EDGE('',*,*,#2565,.F.);
#3356=ORIENTED_EDGE('',*,*,#2566,.T.);
#3357=ORIENTED_EDGE('',*,*,#2567,.F.);
#3358=ORIENTED_EDGE('',*,*,#2568,.F.);
#3359=ORIENTED_EDGE('',*,*,#2569,.F.);
#3360=ORIENTED_EDGE('',*,*,#2570,.T.);
#3361=ORIENTED_EDGE('',*,*,#2571,.T.);
#3362=ORIENTED_EDGE('',*,*,#2572,.F.);
#3363=ORIENTED_EDGE('',*,*,#2573,.F.);
#3364=ORIENTED_EDGE('',*,*,#2574,.F.);
#3365=ORIENTED_EDGE('',*,*,#2571,.F.);
#3366=ORIENTED_EDGE('',*,*,#2575,.T.);
#3367=ORIENTED_EDGE('',*,*,#2576,.T.);
#3368=ORIENTED_EDGE('',*,*,#2577,.F.);
#3369=ORIENTED_EDGE('',*,*,#2576,.F.);
#3370=ORIENTED_EDGE('',*,*,#2578,.T.);
#3371=ORIENTED_EDGE('',*,*,#2579,.T.);
#3372=ORIENTED_EDGE('',*,*,#2580,.F.);
#3373=ORIENTED_EDGE('',*,*,#2579,.F.);
#3374=ORIENTED_EDGE('',*,*,#2581,.T.);
#3375=ORIENTED_EDGE('',*,*,#2582,.T.);
#3376=ORIENTED_EDGE('',*,*,#2583,.F.);
#3377=ORIENTED_EDGE('',*,*,#2582,.F.);
#3378=ORIENTED_EDGE('',*,*,#2584,.T.);
#3379=ORIENTED_EDGE('',*,*,#2585,.F.);
#3380=ORIENTED_EDGE('',*,*,#2586,.F.);
#3381=ORIENTED_EDGE('',*,*,#2587,.F.);
#3382=ORIENTED_EDGE('',*,*,#2588,.T.);
#3383=ORIENTED_EDGE('',*,*,#2589,.F.);
#3384=ORIENTED_EDGE('',*,*,#2559,.F.);
#3385=ORIENTED_EDGE('',*,*,#2557,.F.);
#3386=ORIENTED_EDGE('',*,*,#2554,.F.);
#3387=ORIENTED_EDGE('',*,*,#2551,.F.);
#3388=ORIENTED_EDGE('',*,*,#2548,.F.);
#3389=ORIENTED_EDGE('',*,*,#2543,.F.);
#3390=ORIENTED_EDGE('',*,*,#2590,.F.);
#3391=ORIENTED_EDGE('',*,*,#2588,.F.);
#3392=ORIENTED_EDGE('',*,*,#2591,.F.);
#3393=ORIENTED_EDGE('',*,*,#2592,.F.);
#3394=ORIENTED_EDGE('',*,*,#2584,.F.);
#3395=ORIENTED_EDGE('',*,*,#2581,.F.);
#3396=ORIENTED_EDGE('',*,*,#2578,.F.);
#3397=ORIENTED_EDGE('',*,*,#2575,.F.);
#3398=ORIENTED_EDGE('',*,*,#2570,.F.);
#3399=ORIENTED_EDGE('',*,*,#2593,.F.);
#3400=ORIENTED_EDGE('',*,*,#2566,.F.);
#3401=ORIENTED_EDGE('',*,*,#2594,.F.);
#3402=ORIENTED_EDGE('',*,*,#2562,.F.);
#3403=ORIENTED_EDGE('',*,*,#2595,.F.);
#3404=ORIENTED_EDGE('',*,*,#2564,.T.);
#3405=ORIENTED_EDGE('',*,*,#2596,.F.);
#3406=ORIENTED_EDGE('',*,*,#2568,.T.);
#3407=ORIENTED_EDGE('',*,*,#2597,.F.);
#3408=ORIENTED_EDGE('',*,*,#2572,.T.);
#3409=ORIENTED_EDGE('',*,*,#2574,.T.);
#3410=ORIENTED_EDGE('',*,*,#2577,.T.);
#3411=ORIENTED_EDGE('',*,*,#2580,.T.);
#3412=ORIENTED_EDGE('',*,*,#2583,.T.);
#3413=ORIENTED_EDGE('',*,*,#2598,.F.);
#3414=ORIENTED_EDGE('',*,*,#2599,.F.);
#3415=ORIENTED_EDGE('',*,*,#2586,.T.);
#3416=ORIENTED_EDGE('',*,*,#2600,.F.);
#3417=ORIENTED_EDGE('',*,*,#2545,.T.);
#3418=ORIENTED_EDGE('',*,*,#2547,.T.);
#3419=ORIENTED_EDGE('',*,*,#2550,.T.);
#3420=ORIENTED_EDGE('',*,*,#2553,.T.);
#3421=ORIENTED_EDGE('',*,*,#2556,.T.);
#3422=ORIENTED_EDGE('',*,*,#2561,.T.);
#3423=ORIENTED_EDGE('',*,*,#2601,.F.);
#3424=ORIENTED_EDGE('',*,*,#2595,.T.);
#3425=ORIENTED_EDGE('',*,*,#2565,.T.);
#3426=ORIENTED_EDGE('',*,*,#2601,.T.);
#3427=ORIENTED_EDGE('',*,*,#2560,.T.);
#3428=ORIENTED_EDGE('',*,*,#2594,.T.);
#3429=ORIENTED_EDGE('',*,*,#2569,.T.);
#3430=ORIENTED_EDGE('',*,*,#2596,.T.);
#3431=ORIENTED_EDGE('',*,*,#2563,.T.);
#3432=ORIENTED_EDGE('',*,*,#2593,.T.);
#3433=ORIENTED_EDGE('',*,*,#2573,.T.);
#3434=ORIENTED_EDGE('',*,*,#2597,.T.);
#3435=ORIENTED_EDGE('',*,*,#2567,.T.);
#3436=ORIENTED_EDGE('',*,*,#2590,.T.);
#3437=ORIENTED_EDGE('',*,*,#2546,.T.);
#3438=ORIENTED_EDGE('',*,*,#2600,.T.);
#3439=ORIENTED_EDGE('',*,*,#2589,.T.);
#3440=ORIENTED_EDGE('',*,*,#2602,.T.);
#3441=ORIENTED_EDGE('',*,*,#2598,.T.);
#3442=ORIENTED_EDGE('',*,*,#2585,.T.);
#3443=ORIENTED_EDGE('',*,*,#2592,.T.);
#3444=ORIENTED_EDGE('',*,*,#2591,.T.);
#3445=ORIENTED_EDGE('',*,*,#2587,.T.);
#3446=ORIENTED_EDGE('',*,*,#2599,.T.);
#3447=ORIENTED_EDGE('',*,*,#2602,.F.);
#3448=ORIENTED_EDGE('',*,*,#2603,.T.);
#3449=ORIENTED_EDGE('',*,*,#2604,.T.);
#3450=ORIENTED_EDGE('',*,*,#2605,.T.);
#3451=ORIENTED_EDGE('',*,*,#2606,.F.);
#3452=ORIENTED_EDGE('',*,*,#2607,.T.);
#3453=ORIENTED_EDGE('',*,*,#2608,.T.);
#3454=ORIENTED_EDGE('',*,*,#2609,.F.);
#3455=ORIENTED_EDGE('',*,*,#2610,.T.);
#3456=ORIENTED_EDGE('',*,*,#2611,.T.);
#3457=ORIENTED_EDGE('',*,*,#2612,.T.);
#3458=ORIENTED_EDGE('',*,*,#2613,.F.);
#3459=ORIENTED_EDGE('',*,*,#2614,.T.);
#3460=ORIENTED_EDGE('',*,*,#2615,.T.);
#3461=ORIENTED_EDGE('',*,*,#2616,.T.);
#3462=ORIENTED_EDGE('',*,*,#2617,.F.);
#3463=ORIENTED_EDGE('',*,*,#2618,.T.);
#3464=ORIENTED_EDGE('',*,*,#2619,.F.);
#3465=ORIENTED_EDGE('',*,*,#2620,.T.);
#3466=ORIENTED_EDGE('',*,*,#2621,.T.);
#3467=ORIENTED_EDGE('',*,*,#2622,.T.);
#3468=ORIENTED_EDGE('',*,*,#2623,.F.);
#3469=ORIENTED_EDGE('',*,*,#2624,.T.);
#3470=ORIENTED_EDGE('',*,*,#2625,.F.);
#3471=ORIENTED_EDGE('',*,*,#2626,.T.);
#3472=ORIENTED_EDGE('',*,*,#2627,.T.);
#3473=ORIENTED_EDGE('',*,*,#2628,.T.);
#3474=ORIENTED_EDGE('',*,*,#2629,.F.);
#3475=ORIENTED_EDGE('',*,*,#2630,.T.);
#3476=ORIENTED_EDGE('',*,*,#2631,.F.);
#3477=ORIENTED_EDGE('',*,*,#2632,.T.);
#3478=ORIENTED_EDGE('',*,*,#2633,.T.);
#3479=ORIENTED_EDGE('',*,*,#2634,.F.);
#3480=ORIENTED_EDGE('',*,*,#2635,.T.);
#3481=ORIENTED_EDGE('',*,*,#2636,.T.);
#3482=ORIENTED_EDGE('',*,*,#2637,.T.);
#3483=ORIENTED_EDGE('',*,*,#2638,.F.);
#3484=ORIENTED_EDGE('',*,*,#2639,.T.);
#3485=ORIENTED_EDGE('',*,*,#2640,.F.);
#3486=ORIENTED_EDGE('',*,*,#2641,.T.);
#3487=ORIENTED_EDGE('',*,*,#2642,.F.);
#3488=ORIENTED_EDGE('',*,*,#2639,.F.);
#3489=ORIENTED_EDGE('',*,*,#2643,.F.);
#3490=ORIENTED_EDGE('',*,*,#2641,.F.);
#3491=ORIENTED_EDGE('',*,*,#2644,.F.);
#3492=ORIENTED_EDGE('',*,*,#2645,.F.);
#3493=ORIENTED_EDGE('',*,*,#2646,.F.);
#3494=ORIENTED_EDGE('',*,*,#2645,.T.);
#3495=ORIENTED_EDGE('',*,*,#2647,.F.);
#3496=ORIENTED_EDGE('',*,*,#2637,.F.);
#3497=ORIENTED_EDGE('',*,*,#2648,.F.);
#3498=ORIENTED_EDGE('',*,*,#2649,.F.);
#3499=ORIENTED_EDGE('',*,*,#2644,.T.);
#3500=ORIENTED_EDGE('',*,*,#2650,.T.);
#3501=ORIENTED_EDGE('',*,*,#2651,.T.);
#3502=ORIENTED_EDGE('',*,*,#2652,.T.);
#3503=ORIENTED_EDGE('',*,*,#2647,.T.);
#3504=ORIENTED_EDGE('',*,*,#2649,.T.);
#3505=ORIENTED_EDGE('',*,*,#2653,.F.);
#3506=ORIENTED_EDGE('',*,*,#2654,.T.);
#3507=ORIENTED_EDGE('',*,*,#2638,.T.);
#3508=ORIENTED_EDGE('',*,*,#2652,.F.);
#3509=ORIENTED_EDGE('',*,*,#2655,.T.);
#3510=ORIENTED_EDGE('',*,*,#2650,.F.);
#3511=ORIENTED_EDGE('',*,*,#2643,.T.);
#3512=ORIENTED_EDGE('',*,*,#2654,.F.);
#3513=ORIENTED_EDGE('',*,*,#2656,.T.);
#3514=ORIENTED_EDGE('',*,*,#2648,.T.);
#3515=ORIENTED_EDGE('',*,*,#2640,.T.);
#3516=ORIENTED_EDGE('',*,*,#2642,.T.);
#3517=ORIENTED_EDGE('',*,*,#2646,.T.);
#3518=ORIENTED_EDGE('',*,*,#2657,.T.);
#3519=ORIENTED_EDGE('',*,*,#2658,.F.);
#3520=ORIENTED_EDGE('',*,*,#2659,.T.);
#3521=ORIENTED_EDGE('',*,*,#2660,.F.);
#3522=ORIENTED_EDGE('',*,*,#2661,.T.);
#3523=ORIENTED_EDGE('',*,*,#2662,.F.);
#3524=ORIENTED_EDGE('',*,*,#2659,.F.);
#3525=ORIENTED_EDGE('',*,*,#2663,.F.);
#3526=ORIENTED_EDGE('',*,*,#2661,.F.);
#3527=ORIENTED_EDGE('',*,*,#2664,.F.);
#3528=ORIENTED_EDGE('',*,*,#2665,.F.);
#3529=ORIENTED_EDGE('',*,*,#2666,.F.);
#3530=ORIENTED_EDGE('',*,*,#2665,.T.);
#3531=ORIENTED_EDGE('',*,*,#2667,.F.);
#3532=ORIENTED_EDGE('',*,*,#2657,.F.);
#3533=ORIENTED_EDGE('',*,*,#2668,.F.);
#3534=ORIENTED_EDGE('',*,*,#2669,.F.);
#3535=ORIENTED_EDGE('',*,*,#2664,.T.);
#3536=ORIENTED_EDGE('',*,*,#2670,.T.);
#3537=ORIENTED_EDGE('',*,*,#2671,.T.);
#3538=ORIENTED_EDGE('',*,*,#2672,.T.);
#3539=ORIENTED_EDGE('',*,*,#2667,.T.);
#3540=ORIENTED_EDGE('',*,*,#2669,.T.);
#3541=ORIENTED_EDGE('',*,*,#2673,.F.);
#3542=ORIENTED_EDGE('',*,*,#2674,.T.);
#3543=ORIENTED_EDGE('',*,*,#2658,.T.);
#3544=ORIENTED_EDGE('',*,*,#2672,.F.);
#3545=ORIENTED_EDGE('',*,*,#2675,.T.);
#3546=ORIENTED_EDGE('',*,*,#2670,.F.);
#3547=ORIENTED_EDGE('',*,*,#2663,.T.);
#3548=ORIENTED_EDGE('',*,*,#2674,.F.);
#3549=ORIENTED_EDGE('',*,*,#2676,.T.);
#3550=ORIENTED_EDGE('',*,*,#2668,.T.);
#3551=ORIENTED_EDGE('',*,*,#2660,.T.);
#3552=ORIENTED_EDGE('',*,*,#2662,.T.);
#3553=ORIENTED_EDGE('',*,*,#2666,.T.);
#3554=ORIENTED_EDGE('',*,*,#2677,.T.);
#3555=ORIENTED_EDGE('',*,*,#2678,.F.);
#3556=ORIENTED_EDGE('',*,*,#2679,.T.);
#3557=ORIENTED_EDGE('',*,*,#2680,.F.);
#3558=ORIENTED_EDGE('',*,*,#2681,.T.);
#3559=ORIENTED_EDGE('',*,*,#2682,.F.);
#3560=ORIENTED_EDGE('',*,*,#2679,.F.);
#3561=ORIENTED_EDGE('',*,*,#2683,.F.);
#3562=ORIENTED_EDGE('',*,*,#2681,.F.);
#3563=ORIENTED_EDGE('',*,*,#2684,.F.);
#3564=ORIENTED_EDGE('',*,*,#2685,.F.);
#3565=ORIENTED_EDGE('',*,*,#2686,.F.);
#3566=ORIENTED_EDGE('',*,*,#2685,.T.);
#3567=ORIENTED_EDGE('',*,*,#2687,.F.);
#3568=ORIENTED_EDGE('',*,*,#2677,.F.);
#3569=ORIENTED_EDGE('',*,*,#2688,.F.);
#3570=ORIENTED_EDGE('',*,*,#2689,.F.);
#3571=ORIENTED_EDGE('',*,*,#2684,.T.);
#3572=ORIENTED_EDGE('',*,*,#2690,.T.);
#3573=ORIENTED_EDGE('',*,*,#2691,.T.);
#3574=ORIENTED_EDGE('',*,*,#2692,.T.);
#3575=ORIENTED_EDGE('',*,*,#2687,.T.);
#3576=ORIENTED_EDGE('',*,*,#2689,.T.);
#3577=ORIENTED_EDGE('',*,*,#2693,.F.);
#3578=ORIENTED_EDGE('',*,*,#2694,.T.);
#3579=ORIENTED_EDGE('',*,*,#2678,.T.);
#3580=ORIENTED_EDGE('',*,*,#2692,.F.);
#3581=ORIENTED_EDGE('',*,*,#2695,.T.);
#3582=ORIENTED_EDGE('',*,*,#2690,.F.);
#3583=ORIENTED_EDGE('',*,*,#2683,.T.);
#3584=ORIENTED_EDGE('',*,*,#2694,.F.);
#3585=ORIENTED_EDGE('',*,*,#2696,.T.);
#3586=ORIENTED_EDGE('',*,*,#2688,.T.);
#3587=ORIENTED_EDGE('',*,*,#2680,.T.);
#3588=ORIENTED_EDGE('',*,*,#2682,.T.);
#3589=ORIENTED_EDGE('',*,*,#2686,.T.);
#3590=ORIENTED_EDGE('',*,*,#2697,.T.);
#3591=ORIENTED_EDGE('',*,*,#2698,.F.);
#3592=ORIENTED_EDGE('',*,*,#2699,.T.);
#3593=ORIENTED_EDGE('',*,*,#2700,.F.);
#3594=ORIENTED_EDGE('',*,*,#2701,.T.);
#3595=ORIENTED_EDGE('',*,*,#2702,.F.);
#3596=ORIENTED_EDGE('',*,*,#2699,.F.);
#3597=ORIENTED_EDGE('',*,*,#2703,.F.);
#3598=ORIENTED_EDGE('',*,*,#2701,.F.);
#3599=ORIENTED_EDGE('',*,*,#2704,.F.);
#3600=ORIENTED_EDGE('',*,*,#2705,.F.);
#3601=ORIENTED_EDGE('',*,*,#2706,.F.);
#3602=ORIENTED_EDGE('',*,*,#2705,.T.);
#3603=ORIENTED_EDGE('',*,*,#2707,.F.);
#3604=ORIENTED_EDGE('',*,*,#2697,.F.);
#3605=ORIENTED_EDGE('',*,*,#2708,.F.);
#3606=ORIENTED_EDGE('',*,*,#2709,.F.);
#3607=ORIENTED_EDGE('',*,*,#2704,.T.);
#3608=ORIENTED_EDGE('',*,*,#2710,.T.);
#3609=ORIENTED_EDGE('',*,*,#2711,.T.);
#3610=ORIENTED_EDGE('',*,*,#2712,.T.);
#3611=ORIENTED_EDGE('',*,*,#2707,.T.);
#3612=ORIENTED_EDGE('',*,*,#2709,.T.);
#3613=ORIENTED_EDGE('',*,*,#2713,.F.);
#3614=ORIENTED_EDGE('',*,*,#2714,.T.);
#3615=ORIENTED_EDGE('',*,*,#2698,.T.);
#3616=ORIENTED_EDGE('',*,*,#2712,.F.);
#3617=ORIENTED_EDGE('',*,*,#2715,.T.);
#3618=ORIENTED_EDGE('',*,*,#2710,.F.);
#3619=ORIENTED_EDGE('',*,*,#2703,.T.);
#3620=ORIENTED_EDGE('',*,*,#2714,.F.);
#3621=ORIENTED_EDGE('',*,*,#2716,.T.);
#3622=ORIENTED_EDGE('',*,*,#2708,.T.);
#3623=ORIENTED_EDGE('',*,*,#2700,.T.);
#3624=ORIENTED_EDGE('',*,*,#2702,.T.);
#3625=ORIENTED_EDGE('',*,*,#2706,.T.);
#3626=ORIENTED_EDGE('',*,*,#2717,.F.);
#3627=ORIENTED_EDGE('',*,*,#2718,.T.);
#3628=ORIENTED_EDGE('',*,*,#2719,.T.);
#3629=ORIENTED_EDGE('',*,*,#2720,.F.);
#3630=ORIENTED_EDGE('',*,*,#2719,.F.);
#3631=ORIENTED_EDGE('',*,*,#2721,.T.);
#3632=ORIENTED_EDGE('',*,*,#2722,.F.);
#3633=ORIENTED_EDGE('',*,*,#2723,.F.);
#3634=ORIENTED_EDGE('',*,*,#2722,.T.);
#3635=ORIENTED_EDGE('',*,*,#2724,.T.);
#3636=ORIENTED_EDGE('',*,*,#2725,.F.);
#3637=ORIENTED_EDGE('',*,*,#2726,.T.);
#3638=ORIENTED_EDGE('',*,*,#2727,.F.);
#3639=ORIENTED_EDGE('',*,*,#2717,.T.);
#3640=ORIENTED_EDGE('',*,*,#2728,.T.);
#3641=ORIENTED_EDGE('',*,*,#2725,.T.);
#3642=ORIENTED_EDGE('',*,*,#2723,.T.);
#3643=ORIENTED_EDGE('',*,*,#2726,.F.);
#3644=ORIENTED_EDGE('',*,*,#2728,.F.);
#3645=ORIENTED_EDGE('',*,*,#2720,.T.);
#3646=ORIENTED_EDGE('',*,*,#2729,.F.);
#3647=ORIENTED_EDGE('',*,*,#2730,.T.);
#3648=ORIENTED_EDGE('',*,*,#2731,.T.);
#3649=ORIENTED_EDGE('',*,*,#2732,.F.);
#3650=ORIENTED_EDGE('',*,*,#2731,.F.);
#3651=ORIENTED_EDGE('',*,*,#2733,.T.);
#3652=ORIENTED_EDGE('',*,*,#2734,.F.);
#3653=ORIENTED_EDGE('',*,*,#2735,.F.);
#3654=ORIENTED_EDGE('',*,*,#2734,.T.);
#3655=ORIENTED_EDGE('',*,*,#2736,.T.);
#3656=ORIENTED_EDGE('',*,*,#2737,.F.);
#3657=ORIENTED_EDGE('',*,*,#2738,.T.);
#3658=ORIENTED_EDGE('',*,*,#2739,.F.);
#3659=ORIENTED_EDGE('',*,*,#2729,.T.);
#3660=ORIENTED_EDGE('',*,*,#2740,.T.);
#3661=ORIENTED_EDGE('',*,*,#2737,.T.);
#3662=ORIENTED_EDGE('',*,*,#2735,.T.);
#3663=ORIENTED_EDGE('',*,*,#2738,.F.);
#3664=ORIENTED_EDGE('',*,*,#2740,.F.);
#3665=ORIENTED_EDGE('',*,*,#2732,.T.);
#3666=ORIENTED_EDGE('',*,*,#2741,.F.);
#3667=ORIENTED_EDGE('',*,*,#2742,.T.);
#3668=ORIENTED_EDGE('',*,*,#2743,.T.);
#3669=ORIENTED_EDGE('',*,*,#2744,.F.);
#3670=ORIENTED_EDGE('',*,*,#2743,.F.);
#3671=ORIENTED_EDGE('',*,*,#2745,.T.);
#3672=ORIENTED_EDGE('',*,*,#2746,.F.);
#3673=ORIENTED_EDGE('',*,*,#2747,.F.);
#3674=ORIENTED_EDGE('',*,*,#2746,.T.);
#3675=ORIENTED_EDGE('',*,*,#2748,.T.);
#3676=ORIENTED_EDGE('',*,*,#2749,.F.);
#3677=ORIENTED_EDGE('',*,*,#2750,.T.);
#3678=ORIENTED_EDGE('',*,*,#2751,.F.);
#3679=ORIENTED_EDGE('',*,*,#2741,.T.);
#3680=ORIENTED_EDGE('',*,*,#2752,.T.);
#3681=ORIENTED_EDGE('',*,*,#2749,.T.);
#3682=ORIENTED_EDGE('',*,*,#2747,.T.);
#3683=ORIENTED_EDGE('',*,*,#2750,.F.);
#3684=ORIENTED_EDGE('',*,*,#2752,.F.);
#3685=ORIENTED_EDGE('',*,*,#2744,.T.);
#3686=ORIENTED_EDGE('',*,*,#2753,.F.);
#3687=ORIENTED_EDGE('',*,*,#2754,.T.);
#3688=ORIENTED_EDGE('',*,*,#2755,.T.);
#3689=ORIENTED_EDGE('',*,*,#2756,.F.);
#3690=ORIENTED_EDGE('',*,*,#2755,.F.);
#3691=ORIENTED_EDGE('',*,*,#2757,.T.);
#3692=ORIENTED_EDGE('',*,*,#2758,.F.);
#3693=ORIENTED_EDGE('',*,*,#2759,.F.);
#3694=ORIENTED_EDGE('',*,*,#2758,.T.);
#3695=ORIENTED_EDGE('',*,*,#2760,.T.);
#3696=ORIENTED_EDGE('',*,*,#2761,.F.);
#3697=ORIENTED_EDGE('',*,*,#2762,.T.);
#3698=ORIENTED_EDGE('',*,*,#2763,.F.);
#3699=ORIENTED_EDGE('',*,*,#2753,.T.);
#3700=ORIENTED_EDGE('',*,*,#2764,.T.);
#3701=ORIENTED_EDGE('',*,*,#2761,.T.);
#3702=ORIENTED_EDGE('',*,*,#2759,.T.);
#3703=ORIENTED_EDGE('',*,*,#2762,.F.);
#3704=ORIENTED_EDGE('',*,*,#2764,.F.);
#3705=ORIENTED_EDGE('',*,*,#2756,.T.);
#3706=ORIENTED_EDGE('',*,*,#2765,.F.);
#3707=ORIENTED_EDGE('',*,*,#2766,.F.);
#3708=ORIENTED_EDGE('',*,*,#2767,.F.);
#3709=ORIENTED_EDGE('',*,*,#2768,.F.);
#3710=ORIENTED_EDGE('',*,*,#2769,.T.);
#3711=ORIENTED_EDGE('',*,*,#2770,.T.);
#3712=ORIENTED_EDGE('',*,*,#2771,.F.);
#3713=ORIENTED_EDGE('',*,*,#2768,.T.);
#3714=ORIENTED_EDGE('',*,*,#2772,.F.);
#3715=ORIENTED_EDGE('',*,*,#2770,.F.);
#3716=ORIENTED_EDGE('',*,*,#2773,.F.);
#3717=ORIENTED_EDGE('',*,*,#2774,.F.);
#3718=ORIENTED_EDGE('',*,*,#2775,.T.);
#3719=ORIENTED_EDGE('',*,*,#2776,.T.);
#3720=ORIENTED_EDGE('',*,*,#2777,.F.);
#3721=ORIENTED_EDGE('',*,*,#2774,.T.);
#3722=ORIENTED_EDGE('',*,*,#2778,.F.);
#3723=ORIENTED_EDGE('',*,*,#2776,.F.);
#3724=ORIENTED_EDGE('',*,*,#2779,.F.);
#3725=ORIENTED_EDGE('',*,*,#2780,.F.);
#3726=ORIENTED_EDGE('',*,*,#2781,.F.);
#3727=ORIENTED_EDGE('',*,*,#2779,.T.);
#3728=ORIENTED_EDGE('',*,*,#2775,.F.);
#3729=ORIENTED_EDGE('',*,*,#2773,.T.);
#3730=ORIENTED_EDGE('',*,*,#2769,.F.);
#3731=ORIENTED_EDGE('',*,*,#2767,.T.);
#3732=ORIENTED_EDGE('',*,*,#2782,.F.);
#3733=ORIENTED_EDGE('',*,*,#2783,.T.);
#3734=ORIENTED_EDGE('',*,*,#2784,.F.);
#3735=ORIENTED_EDGE('',*,*,#2785,.F.);
#3736=ORIENTED_EDGE('',*,*,#2786,.F.);
#3737=ORIENTED_EDGE('',*,*,#2787,.F.);
#3738=ORIENTED_EDGE('',*,*,#2788,.F.);
#3739=ORIENTED_EDGE('',*,*,#2789,.F.);
#3740=ORIENTED_EDGE('',*,*,#2790,.T.);
#3741=ORIENTED_EDGE('',*,*,#2791,.F.);
#3742=ORIENTED_EDGE('',*,*,#2792,.F.);
#3743=ORIENTED_EDGE('',*,*,#2783,.F.);
#3744=ORIENTED_EDGE('',*,*,#2793,.F.);
#3745=ORIENTED_EDGE('',*,*,#2794,.F.);
#3746=ORIENTED_EDGE('',*,*,#2793,.T.);
#3747=ORIENTED_EDGE('',*,*,#2782,.T.);
#3748=ORIENTED_EDGE('',*,*,#2766,.T.);
#3749=ORIENTED_EDGE('',*,*,#2777,.T.);
#3750=ORIENTED_EDGE('',*,*,#2778,.T.);
#3751=ORIENTED_EDGE('',*,*,#2795,.T.);
#3752=ORIENTED_EDGE('',*,*,#2796,.F.);
#3753=ORIENTED_EDGE('',*,*,#2797,.T.);
#3754=ORIENTED_EDGE('',*,*,#2798,.T.);
#3755=ORIENTED_EDGE('',*,*,#2799,.T.);
#3756=ORIENTED_EDGE('',*,*,#2800,.T.);
#3757=ORIENTED_EDGE('',*,*,#2801,.T.);
#3758=ORIENTED_EDGE('',*,*,#2802,.T.);
#3759=ORIENTED_EDGE('',*,*,#2791,.T.);
#3760=ORIENTED_EDGE('',*,*,#2794,.T.);
#3761=ORIENTED_EDGE('',*,*,#2765,.T.);
#3762=ORIENTED_EDGE('',*,*,#2771,.T.);
#3763=ORIENTED_EDGE('',*,*,#2772,.T.);
#3764=ORIENTED_EDGE('',*,*,#2784,.T.);
#3765=ORIENTED_EDGE('',*,*,#2792,.T.);
#3766=ORIENTED_EDGE('',*,*,#2802,.F.);
#3767=ORIENTED_EDGE('',*,*,#2803,.T.);
#3768=ORIENTED_EDGE('',*,*,#2785,.T.);
#3769=ORIENTED_EDGE('',*,*,#2803,.F.);
#3770=ORIENTED_EDGE('',*,*,#2801,.F.);
#3771=ORIENTED_EDGE('',*,*,#2804,.T.);
#3772=ORIENTED_EDGE('',*,*,#2786,.T.);
#3773=ORIENTED_EDGE('',*,*,#2804,.F.);
#3774=ORIENTED_EDGE('',*,*,#2800,.F.);
#3775=ORIENTED_EDGE('',*,*,#2805,.T.);
#3776=ORIENTED_EDGE('',*,*,#2787,.T.);
#3777=ORIENTED_EDGE('',*,*,#2805,.F.);
#3778=ORIENTED_EDGE('',*,*,#2799,.F.);
#3779=ORIENTED_EDGE('',*,*,#2806,.T.);
#3780=ORIENTED_EDGE('',*,*,#2788,.T.);
#3781=ORIENTED_EDGE('',*,*,#2806,.F.);
#3782=ORIENTED_EDGE('',*,*,#2798,.F.);
#3783=ORIENTED_EDGE('',*,*,#2807,.T.);
#3784=ORIENTED_EDGE('',*,*,#2797,.F.);
#3785=ORIENTED_EDGE('',*,*,#2808,.T.);
#3786=ORIENTED_EDGE('',*,*,#2789,.T.);
#3787=ORIENTED_EDGE('',*,*,#2807,.F.);
#3788=ORIENTED_EDGE('',*,*,#2795,.F.);
#3789=ORIENTED_EDGE('',*,*,#2780,.T.);
#3790=ORIENTED_EDGE('',*,*,#2781,.T.);
#3791=ORIENTED_EDGE('',*,*,#2809,.T.);
#3792=ORIENTED_EDGE('',*,*,#2810,.F.);
#3793=ORIENTED_EDGE('',*,*,#2811,.F.);
#3794=ORIENTED_EDGE('',*,*,#2812,.F.);
#3795=ORIENTED_EDGE('',*,*,#2813,.F.);
#3796=ORIENTED_EDGE('',*,*,#2814,.T.);
#3797=ORIENTED_EDGE('',*,*,#2815,.T.);
#3798=ORIENTED_EDGE('',*,*,#2816,.F.);
#3799=ORIENTED_EDGE('',*,*,#2813,.T.);
#3800=ORIENTED_EDGE('',*,*,#2817,.F.);
#3801=ORIENTED_EDGE('',*,*,#2815,.F.);
#3802=ORIENTED_EDGE('',*,*,#2818,.F.);
#3803=ORIENTED_EDGE('',*,*,#2819,.F.);
#3804=ORIENTED_EDGE('',*,*,#2820,.T.);
#3805=ORIENTED_EDGE('',*,*,#2821,.T.);
#3806=ORIENTED_EDGE('',*,*,#2822,.F.);
#3807=ORIENTED_EDGE('',*,*,#2819,.T.);
#3808=ORIENTED_EDGE('',*,*,#2823,.F.);
#3809=ORIENTED_EDGE('',*,*,#2821,.F.);
#3810=ORIENTED_EDGE('',*,*,#2824,.F.);
#3811=ORIENTED_EDGE('',*,*,#2825,.F.);
#3812=ORIENTED_EDGE('',*,*,#2826,.F.);
#3813=ORIENTED_EDGE('',*,*,#2824,.T.);
#3814=ORIENTED_EDGE('',*,*,#2820,.F.);
#3815=ORIENTED_EDGE('',*,*,#2818,.T.);
#3816=ORIENTED_EDGE('',*,*,#2814,.F.);
#3817=ORIENTED_EDGE('',*,*,#2812,.T.);
#3818=ORIENTED_EDGE('',*,*,#2827,.F.);
#3819=ORIENTED_EDGE('',*,*,#2828,.T.);
#3820=ORIENTED_EDGE('',*,*,#2829,.F.);
#3821=ORIENTED_EDGE('',*,*,#2830,.F.);
#3822=ORIENTED_EDGE('',*,*,#2831,.F.);
#3823=ORIENTED_EDGE('',*,*,#2832,.F.);
#3824=ORIENTED_EDGE('',*,*,#2833,.F.);
#3825=ORIENTED_EDGE('',*,*,#2834,.F.);
#3826=ORIENTED_EDGE('',*,*,#2835,.T.);
#3827=ORIENTED_EDGE('',*,*,#2836,.F.);
#3828=ORIENTED_EDGE('',*,*,#2837,.F.);
#3829=ORIENTED_EDGE('',*,*,#2828,.F.);
#3830=ORIENTED_EDGE('',*,*,#2838,.F.);
#3831=ORIENTED_EDGE('',*,*,#2839,.F.);
#3832=ORIENTED_EDGE('',*,*,#2838,.T.);
#3833=ORIENTED_EDGE('',*,*,#2827,.T.);
#3834=ORIENTED_EDGE('',*,*,#2811,.T.);
#3835=ORIENTED_EDGE('',*,*,#2822,.T.);
#3836=ORIENTED_EDGE('',*,*,#2823,.T.);
#3837=ORIENTED_EDGE('',*,*,#2840,.T.);
#3838=ORIENTED_EDGE('',*,*,#2841,.F.);
#3839=ORIENTED_EDGE('',*,*,#2842,.T.);
#3840=ORIENTED_EDGE('',*,*,#2843,.T.);
#3841=ORIENTED_EDGE('',*,*,#2844,.T.);
#3842=ORIENTED_EDGE('',*,*,#2845,.T.);
#3843=ORIENTED_EDGE('',*,*,#2846,.T.);
#3844=ORIENTED_EDGE('',*,*,#2847,.T.);
#3845=ORIENTED_EDGE('',*,*,#2836,.T.);
#3846=ORIENTED_EDGE('',*,*,#2839,.T.);
#3847=ORIENTED_EDGE('',*,*,#2810,.T.);
#3848=ORIENTED_EDGE('',*,*,#2816,.T.);
#3849=ORIENTED_EDGE('',*,*,#2817,.T.);
#3850=ORIENTED_EDGE('',*,*,#2829,.T.);
#3851=ORIENTED_EDGE('',*,*,#2837,.T.);
#3852=ORIENTED_EDGE('',*,*,#2847,.F.);
#3853=ORIENTED_EDGE('',*,*,#2848,.T.);
#3854=ORIENTED_EDGE('',*,*,#2830,.T.);
#3855=ORIENTED_EDGE('',*,*,#2848,.F.);
#3856=ORIENTED_EDGE('',*,*,#2846,.F.);
#3857=ORIENTED_EDGE('',*,*,#2849,.T.);
#3858=ORIENTED_EDGE('',*,*,#2831,.T.);
#3859=ORIENTED_EDGE('',*,*,#2849,.F.);
#3860=ORIENTED_EDGE('',*,*,#2845,.F.);
#3861=ORIENTED_EDGE('',*,*,#2850,.T.);
#3862=ORIENTED_EDGE('',*,*,#2832,.T.);
#3863=ORIENTED_EDGE('',*,*,#2850,.F.);
#3864=ORIENTED_EDGE('',*,*,#2844,.F.);
#3865=ORIENTED_EDGE('',*,*,#2851,.T.);
#3866=ORIENTED_EDGE('',*,*,#2833,.T.);
#3867=ORIENTED_EDGE('',*,*,#2851,.F.);
#3868=ORIENTED_EDGE('',*,*,#2843,.F.);
#3869=ORIENTED_EDGE('',*,*,#2852,.T.);
#3870=ORIENTED_EDGE('',*,*,#2842,.F.);
#3871=ORIENTED_EDGE('',*,*,#2853,.T.);
#3872=ORIENTED_EDGE('',*,*,#2834,.T.);
#3873=ORIENTED_EDGE('',*,*,#2852,.F.);
#3874=ORIENTED_EDGE('',*,*,#2840,.F.);
#3875=ORIENTED_EDGE('',*,*,#2825,.T.);
#3876=ORIENTED_EDGE('',*,*,#2826,.T.);
#3877=ORIENTED_EDGE('',*,*,#2854,.T.);
#3878=ORIENTED_EDGE('',*,*,#2855,.F.);
#3879=ORIENTED_EDGE('',*,*,#2856,.F.);
#3880=ORIENTED_EDGE('',*,*,#2857,.F.);
#3881=ORIENTED_EDGE('',*,*,#2858,.F.);
#3882=ORIENTED_EDGE('',*,*,#2859,.T.);
#3883=ORIENTED_EDGE('',*,*,#2860,.T.);
#3884=ORIENTED_EDGE('',*,*,#2861,.F.);
#3885=ORIENTED_EDGE('',*,*,#2858,.T.);
#3886=ORIENTED_EDGE('',*,*,#2862,.F.);
#3887=ORIENTED_EDGE('',*,*,#2860,.F.);
#3888=ORIENTED_EDGE('',*,*,#2863,.F.);
#3889=ORIENTED_EDGE('',*,*,#2864,.F.);
#3890=ORIENTED_EDGE('',*,*,#2865,.T.);
#3891=ORIENTED_EDGE('',*,*,#2866,.T.);
#3892=ORIENTED_EDGE('',*,*,#2867,.F.);
#3893=ORIENTED_EDGE('',*,*,#2864,.T.);
#3894=ORIENTED_EDGE('',*,*,#2868,.F.);
#3895=ORIENTED_EDGE('',*,*,#2866,.F.);
#3896=ORIENTED_EDGE('',*,*,#2869,.F.);
#3897=ORIENTED_EDGE('',*,*,#2870,.F.);
#3898=ORIENTED_EDGE('',*,*,#2871,.F.);
#3899=ORIENTED_EDGE('',*,*,#2869,.T.);
#3900=ORIENTED_EDGE('',*,*,#2865,.F.);
#3901=ORIENTED_EDGE('',*,*,#2863,.T.);
#3902=ORIENTED_EDGE('',*,*,#2859,.F.);
#3903=ORIENTED_EDGE('',*,*,#2857,.T.);
#3904=ORIENTED_EDGE('',*,*,#2872,.F.);
#3905=ORIENTED_EDGE('',*,*,#2873,.T.);
#3906=ORIENTED_EDGE('',*,*,#2874,.F.);
#3907=ORIENTED_EDGE('',*,*,#2875,.F.);
#3908=ORIENTED_EDGE('',*,*,#2876,.F.);
#3909=ORIENTED_EDGE('',*,*,#2877,.F.);
#3910=ORIENTED_EDGE('',*,*,#2878,.F.);
#3911=ORIENTED_EDGE('',*,*,#2879,.F.);
#3912=ORIENTED_EDGE('',*,*,#2880,.T.);
#3913=ORIENTED_EDGE('',*,*,#2881,.F.);
#3914=ORIENTED_EDGE('',*,*,#2882,.F.);
#3915=ORIENTED_EDGE('',*,*,#2873,.F.);
#3916=ORIENTED_EDGE('',*,*,#2883,.F.);
#3917=ORIENTED_EDGE('',*,*,#2884,.F.);
#3918=ORIENTED_EDGE('',*,*,#2883,.T.);
#3919=ORIENTED_EDGE('',*,*,#2872,.T.);
#3920=ORIENTED_EDGE('',*,*,#2856,.T.);
#3921=ORIENTED_EDGE('',*,*,#2867,.T.);
#3922=ORIENTED_EDGE('',*,*,#2868,.T.);
#3923=ORIENTED_EDGE('',*,*,#2885,.T.);
#3924=ORIENTED_EDGE('',*,*,#2886,.F.);
#3925=ORIENTED_EDGE('',*,*,#2887,.T.);
#3926=ORIENTED_EDGE('',*,*,#2888,.T.);
#3927=ORIENTED_EDGE('',*,*,#2889,.T.);
#3928=ORIENTED_EDGE('',*,*,#2890,.T.);
#3929=ORIENTED_EDGE('',*,*,#2891,.T.);
#3930=ORIENTED_EDGE('',*,*,#2892,.T.);
#3931=ORIENTED_EDGE('',*,*,#2881,.T.);
#3932=ORIENTED_EDGE('',*,*,#2884,.T.);
#3933=ORIENTED_EDGE('',*,*,#2855,.T.);
#3934=ORIENTED_EDGE('',*,*,#2861,.T.);
#3935=ORIENTED_EDGE('',*,*,#2862,.T.);
#3936=ORIENTED_EDGE('',*,*,#2874,.T.);
#3937=ORIENTED_EDGE('',*,*,#2882,.T.);
#3938=ORIENTED_EDGE('',*,*,#2892,.F.);
#3939=ORIENTED_EDGE('',*,*,#2893,.T.);
#3940=ORIENTED_EDGE('',*,*,#2875,.T.);
#3941=ORIENTED_EDGE('',*,*,#2893,.F.);
#3942=ORIENTED_EDGE('',*,*,#2891,.F.);
#3943=ORIENTED_EDGE('',*,*,#2894,.T.);
#3944=ORIENTED_EDGE('',*,*,#2876,.T.);
#3945=ORIENTED_EDGE('',*,*,#2894,.F.);
#3946=ORIENTED_EDGE('',*,*,#2890,.F.);
#3947=ORIENTED_EDGE('',*,*,#2895,.T.);
#3948=ORIENTED_EDGE('',*,*,#2877,.T.);
#3949=ORIENTED_EDGE('',*,*,#2895,.F.);
#3950=ORIENTED_EDGE('',*,*,#2889,.F.);
#3951=ORIENTED_EDGE('',*,*,#2896,.T.);
#3952=ORIENTED_EDGE('',*,*,#2878,.T.);
#3953=ORIENTED_EDGE('',*,*,#2896,.F.);
#3954=ORIENTED_EDGE('',*,*,#2888,.F.);
#3955=ORIENTED_EDGE('',*,*,#2897,.T.);
#3956=ORIENTED_EDGE('',*,*,#2887,.F.);
#3957=ORIENTED_EDGE('',*,*,#2898,.T.);
#3958=ORIENTED_EDGE('',*,*,#2879,.T.);
#3959=ORIENTED_EDGE('',*,*,#2897,.F.);
#3960=ORIENTED_EDGE('',*,*,#2885,.F.);
#3961=ORIENTED_EDGE('',*,*,#2870,.T.);
#3962=ORIENTED_EDGE('',*,*,#2871,.T.);
#3963=ORIENTED_EDGE('',*,*,#2899,.T.);
#3964=ORIENTED_EDGE('',*,*,#2900,.F.);
#3965=ORIENTED_EDGE('',*,*,#2901,.F.);
#3966=ORIENTED_EDGE('',*,*,#2902,.F.);
#3967=ORIENTED_EDGE('',*,*,#2903,.F.);
#3968=ORIENTED_EDGE('',*,*,#2904,.T.);
#3969=ORIENTED_EDGE('',*,*,#2905,.T.);
#3970=ORIENTED_EDGE('',*,*,#2906,.F.);
#3971=ORIENTED_EDGE('',*,*,#2903,.T.);
#3972=ORIENTED_EDGE('',*,*,#2907,.F.);
#3973=ORIENTED_EDGE('',*,*,#2905,.F.);
#3974=ORIENTED_EDGE('',*,*,#2908,.F.);
#3975=ORIENTED_EDGE('',*,*,#2909,.F.);
#3976=ORIENTED_EDGE('',*,*,#2910,.T.);
#3977=ORIENTED_EDGE('',*,*,#2911,.T.);
#3978=ORIENTED_EDGE('',*,*,#2912,.F.);
#3979=ORIENTED_EDGE('',*,*,#2909,.T.);
#3980=ORIENTED_EDGE('',*,*,#2913,.F.);
#3981=ORIENTED_EDGE('',*,*,#2911,.F.);
#3982=ORIENTED_EDGE('',*,*,#2914,.F.);
#3983=ORIENTED_EDGE('',*,*,#2915,.F.);
#3984=ORIENTED_EDGE('',*,*,#2916,.F.);
#3985=ORIENTED_EDGE('',*,*,#2914,.T.);
#3986=ORIENTED_EDGE('',*,*,#2910,.F.);
#3987=ORIENTED_EDGE('',*,*,#2908,.T.);
#3988=ORIENTED_EDGE('',*,*,#2904,.F.);
#3989=ORIENTED_EDGE('',*,*,#2902,.T.);
#3990=ORIENTED_EDGE('',*,*,#2917,.F.);
#3991=ORIENTED_EDGE('',*,*,#2918,.T.);
#3992=ORIENTED_EDGE('',*,*,#2919,.F.);
#3993=ORIENTED_EDGE('',*,*,#2920,.F.);
#3994=ORIENTED_EDGE('',*,*,#2921,.F.);
#3995=ORIENTED_EDGE('',*,*,#2922,.F.);
#3996=ORIENTED_EDGE('',*,*,#2923,.F.);
#3997=ORIENTED_EDGE('',*,*,#2924,.F.);
#3998=ORIENTED_EDGE('',*,*,#2925,.T.);
#3999=ORIENTED_EDGE('',*,*,#2926,.F.);
#4000=ORIENTED_EDGE('',*,*,#2927,.F.);
#4001=ORIENTED_EDGE('',*,*,#2918,.F.);
#4002=ORIENTED_EDGE('',*,*,#2928,.F.);
#4003=ORIENTED_EDGE('',*,*,#2929,.F.);
#4004=ORIENTED_EDGE('',*,*,#2928,.T.);
#4005=ORIENTED_EDGE('',*,*,#2917,.T.);
#4006=ORIENTED_EDGE('',*,*,#2901,.T.);
#4007=ORIENTED_EDGE('',*,*,#2912,.T.);
#4008=ORIENTED_EDGE('',*,*,#2913,.T.);
#4009=ORIENTED_EDGE('',*,*,#2930,.T.);
#4010=ORIENTED_EDGE('',*,*,#2931,.F.);
#4011=ORIENTED_EDGE('',*,*,#2932,.T.);
#4012=ORIENTED_EDGE('',*,*,#2933,.T.);
#4013=ORIENTED_EDGE('',*,*,#2934,.T.);
#4014=ORIENTED_EDGE('',*,*,#2935,.T.);
#4015=ORIENTED_EDGE('',*,*,#2936,.T.);
#4016=ORIENTED_EDGE('',*,*,#2937,.T.);
#4017=ORIENTED_EDGE('',*,*,#2926,.T.);
#4018=ORIENTED_EDGE('',*,*,#2929,.T.);
#4019=ORIENTED_EDGE('',*,*,#2900,.T.);
#4020=ORIENTED_EDGE('',*,*,#2906,.T.);
#4021=ORIENTED_EDGE('',*,*,#2907,.T.);
#4022=ORIENTED_EDGE('',*,*,#2919,.T.);
#4023=ORIENTED_EDGE('',*,*,#2927,.T.);
#4024=ORIENTED_EDGE('',*,*,#2937,.F.);
#4025=ORIENTED_EDGE('',*,*,#2938,.T.);
#4026=ORIENTED_EDGE('',*,*,#2920,.T.);
#4027=ORIENTED_EDGE('',*,*,#2938,.F.);
#4028=ORIENTED_EDGE('',*,*,#2936,.F.);
#4029=ORIENTED_EDGE('',*,*,#2939,.T.);
#4030=ORIENTED_EDGE('',*,*,#2921,.T.);
#4031=ORIENTED_EDGE('',*,*,#2939,.F.);
#4032=ORIENTED_EDGE('',*,*,#2935,.F.);
#4033=ORIENTED_EDGE('',*,*,#2940,.T.);
#4034=ORIENTED_EDGE('',*,*,#2922,.T.);
#4035=ORIENTED_EDGE('',*,*,#2940,.F.);
#4036=ORIENTED_EDGE('',*,*,#2934,.F.);
#4037=ORIENTED_EDGE('',*,*,#2941,.T.);
#4038=ORIENTED_EDGE('',*,*,#2923,.T.);
#4039=ORIENTED_EDGE('',*,*,#2941,.F.);
#4040=ORIENTED_EDGE('',*,*,#2933,.F.);
#4041=ORIENTED_EDGE('',*,*,#2942,.T.);
#4042=ORIENTED_EDGE('',*,*,#2932,.F.);
#4043=ORIENTED_EDGE('',*,*,#2943,.T.);
#4044=ORIENTED_EDGE('',*,*,#2924,.T.);
#4045=ORIENTED_EDGE('',*,*,#2942,.F.);
#4046=ORIENTED_EDGE('',*,*,#2930,.F.);
#4047=ORIENTED_EDGE('',*,*,#2915,.T.);
#4048=ORIENTED_EDGE('',*,*,#2916,.T.);
#4049=ORIENTED_EDGE('',*,*,#2944,.T.);
#4050=ORIENTED_EDGE('',*,*,#2945,.T.);
#4051=ORIENTED_EDGE('',*,*,#2946,.F.);
#4052=ORIENTED_EDGE('',*,*,#2947,.T.);
#4053=ORIENTED_EDGE('',*,*,#2948,.F.);
#4054=ORIENTED_EDGE('',*,*,#2949,.T.);
#4055=ORIENTED_EDGE('',*,*,#2950,.F.);
#4056=ORIENTED_EDGE('',*,*,#2947,.F.);
#4057=ORIENTED_EDGE('',*,*,#2951,.F.);
#4058=ORIENTED_EDGE('',*,*,#2952,.T.);
#4059=ORIENTED_EDGE('',*,*,#2953,.F.);
#4060=ORIENTED_EDGE('',*,*,#2945,.F.);
#4061=ORIENTED_EDGE('',*,*,#2954,.F.);
#4062=ORIENTED_EDGE('',*,*,#2949,.F.);
#4063=ORIENTED_EDGE('',*,*,#2955,.F.);
#4064=ORIENTED_EDGE('',*,*,#2952,.F.);
#4065=ORIENTED_EDGE('',*,*,#2956,.F.);
#4066=ORIENTED_EDGE('',*,*,#2957,.F.);
#4067=ORIENTED_EDGE('',*,*,#2958,.F.);
#4068=ORIENTED_EDGE('',*,*,#2959,.F.);
#4069=ORIENTED_EDGE('',*,*,#2960,.F.);
#4070=ORIENTED_EDGE('',*,*,#2961,.F.);
#4071=ORIENTED_EDGE('',*,*,#2962,.F.);
#4072=ORIENTED_EDGE('',*,*,#2963,.F.);
#4073=ORIENTED_EDGE('',*,*,#2964,.F.);
#4074=ORIENTED_EDGE('',*,*,#2965,.F.);
#4075=ORIENTED_EDGE('',*,*,#2966,.F.);
#4076=ORIENTED_EDGE('',*,*,#2967,.F.);
#4077=ORIENTED_EDGE('',*,*,#2968,.F.);
#4078=ORIENTED_EDGE('',*,*,#2969,.F.);
#4079=ORIENTED_EDGE('',*,*,#2970,.F.);
#4080=ORIENTED_EDGE('',*,*,#2971,.F.);
#4081=ORIENTED_EDGE('',*,*,#2972,.F.);
#4082=ORIENTED_EDGE('',*,*,#2973,.T.);
#4083=ORIENTED_EDGE('',*,*,#2966,.T.);
#4084=ORIENTED_EDGE('',*,*,#2974,.F.);
#4085=ORIENTED_EDGE('',*,*,#2964,.T.);
#4086=ORIENTED_EDGE('',*,*,#2975,.T.);
#4087=ORIENTED_EDGE('',*,*,#2962,.T.);
#4088=ORIENTED_EDGE('',*,*,#2976,.F.);
#4089=ORIENTED_EDGE('',*,*,#2960,.T.);
#4090=ORIENTED_EDGE('',*,*,#2977,.F.);
#4091=ORIENTED_EDGE('',*,*,#2972,.T.);
#4092=ORIENTED_EDGE('',*,*,#2978,.T.);
#4093=ORIENTED_EDGE('',*,*,#2958,.T.);
#4094=ORIENTED_EDGE('',*,*,#2979,.T.);
#4095=ORIENTED_EDGE('',*,*,#2970,.T.);
#4096=ORIENTED_EDGE('',*,*,#2980,.F.);
#4097=ORIENTED_EDGE('',*,*,#2981,.T.);
#4098=ORIENTED_EDGE('',*,*,#2982,.T.);
#4099=ORIENTED_EDGE('',*,*,#2981,.F.);
#4100=ORIENTED_EDGE('',*,*,#2983,.F.);
#4101=ORIENTED_EDGE('',*,*,#2984,.T.);
#4102=ORIENTED_EDGE('',*,*,#2985,.T.);
#4103=ORIENTED_EDGE('',*,*,#2984,.F.);
#4104=ORIENTED_EDGE('',*,*,#2986,.F.);
#4105=ORIENTED_EDGE('',*,*,#2987,.T.);
#4106=ORIENTED_EDGE('',*,*,#2988,.T.);
#4107=ORIENTED_EDGE('',*,*,#2987,.F.);
#4108=ORIENTED_EDGE('',*,*,#2989,.F.);
#4109=ORIENTED_EDGE('',*,*,#2990,.T.);
#4110=ORIENTED_EDGE('',*,*,#2991,.T.);
#4111=ORIENTED_EDGE('',*,*,#2990,.F.);
#4112=ORIENTED_EDGE('',*,*,#2992,.F.);
#4113=ORIENTED_EDGE('',*,*,#2993,.T.);
#4114=ORIENTED_EDGE('',*,*,#2994,.F.);
#4115=ORIENTED_EDGE('',*,*,#2967,.T.);
#4116=ORIENTED_EDGE('',*,*,#2973,.F.);
#4117=ORIENTED_EDGE('',*,*,#2963,.T.);
#4118=ORIENTED_EDGE('',*,*,#2975,.F.);
#4119=ORIENTED_EDGE('',*,*,#2959,.T.);
#4120=ORIENTED_EDGE('',*,*,#2978,.F.);
#4121=ORIENTED_EDGE('',*,*,#2971,.T.);
#4122=ORIENTED_EDGE('',*,*,#2979,.F.);
#4123=ORIENTED_EDGE('',*,*,#2982,.F.);
#4124=ORIENTED_EDGE('',*,*,#2985,.F.);
#4125=ORIENTED_EDGE('',*,*,#2988,.F.);
#4126=ORIENTED_EDGE('',*,*,#2991,.F.);
#4127=ORIENTED_EDGE('',*,*,#2995,.F.);
#4128=ORIENTED_EDGE('',*,*,#2996,.T.);
#4129=ORIENTED_EDGE('',*,*,#2974,.T.);
#4130=ORIENTED_EDGE('',*,*,#2965,.T.);
#4131=ORIENTED_EDGE('',*,*,#2997,.T.);
#4132=ORIENTED_EDGE('',*,*,#2998,.F.);
#4133=ORIENTED_EDGE('',*,*,#2999,.T.);
#4134=ORIENTED_EDGE('',*,*,#2992,.T.);
#4135=ORIENTED_EDGE('',*,*,#2989,.T.);
#4136=ORIENTED_EDGE('',*,*,#2986,.T.);
#4137=ORIENTED_EDGE('',*,*,#2983,.T.);
#4138=ORIENTED_EDGE('',*,*,#2980,.T.);
#4139=ORIENTED_EDGE('',*,*,#2969,.T.);
#4140=ORIENTED_EDGE('',*,*,#2977,.T.);
#4141=ORIENTED_EDGE('',*,*,#2957,.T.);
#4142=ORIENTED_EDGE('',*,*,#2976,.T.);
#4143=ORIENTED_EDGE('',*,*,#2961,.T.);
#4144=ORIENTED_EDGE('',*,*,#2997,.F.);
#4145=ORIENTED_EDGE('',*,*,#2968,.T.);
#4146=ORIENTED_EDGE('',*,*,#2994,.T.);
#4147=ORIENTED_EDGE('',*,*,#3000,.T.);
#4148=ORIENTED_EDGE('',*,*,#2999,.F.);
#4149=ORIENTED_EDGE('',*,*,#3001,.T.);
#4150=ORIENTED_EDGE('',*,*,#2995,.T.);
#4151=ORIENTED_EDGE('',*,*,#2993,.F.);
#4152=ORIENTED_EDGE('',*,*,#3002,.F.);
#4153=ORIENTED_EDGE('',*,*,#3003,.T.);
#4154=ORIENTED_EDGE('',*,*,#3004,.T.);
#4155=ORIENTED_EDGE('',*,*,#3005,.F.);
#4156=ORIENTED_EDGE('',*,*,#3006,.T.);
#4157=ORIENTED_EDGE('',*,*,#3007,.T.);
#4158=ORIENTED_EDGE('',*,*,#3008,.F.);
#4159=ORIENTED_EDGE('',*,*,#3009,.T.);
#4160=ORIENTED_EDGE('',*,*,#3004,.F.);
#4161=ORIENTED_EDGE('',*,*,#3010,.T.);
#4162=ORIENTED_EDGE('',*,*,#3006,.F.);
#4163=ORIENTED_EDGE('',*,*,#3011,.F.);
#4164=ORIENTED_EDGE('',*,*,#3012,.F.);
#4165=ORIENTED_EDGE('',*,*,#3002,.T.);
#4166=ORIENTED_EDGE('',*,*,#3013,.T.);
#4167=ORIENTED_EDGE('',*,*,#3008,.T.);
#4168=ORIENTED_EDGE('',*,*,#3011,.T.);
#4169=ORIENTED_EDGE('',*,*,#3009,.F.);
#4170=ORIENTED_EDGE('',*,*,#3013,.F.);
#4171=ORIENTED_EDGE('',*,*,#3005,.T.);
#4172=ORIENTED_EDGE('',*,*,#3014,.F.);
#4173=ORIENTED_EDGE('',*,*,#2955,.T.);
#4174=ORIENTED_EDGE('',*,*,#3015,.T.);
#4175=ORIENTED_EDGE('',*,*,#3016,.T.);
#4176=ORIENTED_EDGE('',*,*,#3017,.T.);
#4177=ORIENTED_EDGE('',*,*,#2946,.T.);
#4178=ORIENTED_EDGE('',*,*,#3018,.F.);
#4179=ORIENTED_EDGE('',*,*,#3019,.T.);
#4180=ORIENTED_EDGE('',*,*,#3018,.T.);
#4181=ORIENTED_EDGE('',*,*,#2953,.T.);
#4182=ORIENTED_EDGE('',*,*,#3014,.T.);
#4183=ORIENTED_EDGE('',*,*,#3020,.F.);
#4184=ORIENTED_EDGE('',*,*,#3015,.F.);
#4185=ORIENTED_EDGE('',*,*,#2951,.T.);
#4186=ORIENTED_EDGE('',*,*,#3017,.F.);
#4187=ORIENTED_EDGE('',*,*,#3021,.T.);
#4188=ORIENTED_EDGE('',*,*,#2954,.T.);
#4189=ORIENTED_EDGE('',*,*,#2948,.T.);
#4190=ORIENTED_EDGE('',*,*,#2950,.T.);
#4191=ORIENTED_EDGE('',*,*,#2956,.T.);
#4192=ORIENTED_EDGE('',*,*,#3022,.T.);
#4193=ORIENTED_EDGE('',*,*,#3023,.F.);
#4194=ORIENTED_EDGE('',*,*,#3024,.T.);
#4195=ORIENTED_EDGE('',*,*,#3025,.F.);
#4196=ORIENTED_EDGE('',*,*,#3026,.F.);
#4197=ORIENTED_EDGE('',*,*,#3027,.F.);
#4198=ORIENTED_EDGE('',*,*,#3024,.F.);
#4199=ORIENTED_EDGE('',*,*,#3028,.F.);
#4200=ORIENTED_EDGE('',*,*,#3029,.T.);
#4201=ORIENTED_EDGE('',*,*,#3030,.F.);
#4202=ORIENTED_EDGE('',*,*,#3031,.T.);
#4203=ORIENTED_EDGE('',*,*,#3032,.F.);
#4204=ORIENTED_EDGE('',*,*,#3022,.F.);
#4205=ORIENTED_EDGE('',*,*,#3033,.F.);
#4206=ORIENTED_EDGE('',*,*,#3034,.F.);
#4207=ORIENTED_EDGE('',*,*,#3035,.F.);
#4208=ORIENTED_EDGE('',*,*,#3036,.T.);
#4209=ORIENTED_EDGE('',*,*,#3037,.F.);
#4210=ORIENTED_EDGE('',*,*,#3029,.F.);
#4211=ORIENTED_EDGE('',*,*,#3038,.F.);
#4212=ORIENTED_EDGE('',*,*,#3039,.T.);
#4213=ORIENTED_EDGE('',*,*,#3040,.F.);
#4214=ORIENTED_EDGE('',*,*,#3031,.F.);
#4215=ORIENTED_EDGE('',*,*,#3041,.F.);
#4216=ORIENTED_EDGE('',*,*,#3042,.T.);
#4217=ORIENTED_EDGE('',*,*,#3043,.F.);
#4218=ORIENTED_EDGE('',*,*,#3036,.F.);
#4219=ORIENTED_EDGE('',*,*,#3044,.F.);
#4220=ORIENTED_EDGE('',*,*,#3045,.T.);
#4221=ORIENTED_EDGE('',*,*,#3046,.F.);
#4222=ORIENTED_EDGE('',*,*,#3039,.F.);
#4223=ORIENTED_EDGE('',*,*,#3047,.F.);
#4224=ORIENTED_EDGE('',*,*,#3048,.T.);
#4225=ORIENTED_EDGE('',*,*,#3049,.F.);
#4226=ORIENTED_EDGE('',*,*,#3042,.F.);
#4227=ORIENTED_EDGE('',*,*,#3050,.F.);
#4228=ORIENTED_EDGE('',*,*,#3051,.T.);
#4229=ORIENTED_EDGE('',*,*,#3052,.F.);
#4230=ORIENTED_EDGE('',*,*,#3045,.F.);
#4231=ORIENTED_EDGE('',*,*,#3053,.F.);
#4232=ORIENTED_EDGE('',*,*,#3054,.F.);
#4233=ORIENTED_EDGE('',*,*,#3055,.F.);
#4234=ORIENTED_EDGE('',*,*,#3048,.F.);
#4235=ORIENTED_EDGE('',*,*,#3056,.F.);
#4236=ORIENTED_EDGE('',*,*,#3057,.T.);
#4237=ORIENTED_EDGE('',*,*,#3058,.F.);
#4238=ORIENTED_EDGE('',*,*,#3059,.T.);
#4239=ORIENTED_EDGE('',*,*,#3060,.F.);
#4240=ORIENTED_EDGE('',*,*,#3051,.F.);
#4241=ORIENTED_EDGE('',*,*,#3061,.F.);
#4242=ORIENTED_EDGE('',*,*,#3062,.F.);
#4243=ORIENTED_EDGE('',*,*,#3063,.F.);
#4244=ORIENTED_EDGE('',*,*,#3057,.F.);
#4245=ORIENTED_EDGE('',*,*,#3064,.F.);
#4246=ORIENTED_EDGE('',*,*,#3059,.F.);
#4247=ORIENTED_EDGE('',*,*,#3065,.F.);
#4248=ORIENTED_EDGE('',*,*,#3066,.T.);
#4249=ORIENTED_EDGE('',*,*,#3030,.T.);
#4250=ORIENTED_EDGE('',*,*,#3067,.F.);
#4251=ORIENTED_EDGE('',*,*,#3068,.F.);
#4252=ORIENTED_EDGE('',*,*,#3069,.T.);
#4253=ORIENTED_EDGE('',*,*,#3035,.T.);
#4254=ORIENTED_EDGE('',*,*,#3070,.T.);
#4255=ORIENTED_EDGE('',*,*,#3071,.F.);
#4256=ORIENTED_EDGE('',*,*,#3072,.T.);
#4257=ORIENTED_EDGE('',*,*,#3061,.T.);
#4258=ORIENTED_EDGE('',*,*,#3073,.F.);
#4259=ORIENTED_EDGE('',*,*,#3074,.F.);
#4260=ORIENTED_EDGE('',*,*,#3075,.T.);
#4261=ORIENTED_EDGE('',*,*,#3055,.T.);
#4262=ORIENTED_EDGE('',*,*,#3076,.T.);
#4263=ORIENTED_EDGE('',*,*,#3077,.F.);
#4264=ORIENTED_EDGE('',*,*,#3078,.T.);
#4265=ORIENTED_EDGE('',*,*,#3043,.T.);
#4266=ORIENTED_EDGE('',*,*,#3079,.F.);
#4267=ORIENTED_EDGE('',*,*,#3080,.F.);
#4268=ORIENTED_EDGE('',*,*,#3073,.T.);
#4269=ORIENTED_EDGE('',*,*,#3053,.T.);
#4270=ORIENTED_EDGE('',*,*,#3081,.F.);
#4271=ORIENTED_EDGE('',*,*,#3082,.F.);
#4272=ORIENTED_EDGE('',*,*,#3081,.T.);
#4273=ORIENTED_EDGE('',*,*,#3047,.T.);
#4274=ORIENTED_EDGE('',*,*,#3083,.F.);
#4275=ORIENTED_EDGE('',*,*,#3084,.F.);
#4276=ORIENTED_EDGE('',*,*,#3067,.T.);
#4277=ORIENTED_EDGE('',*,*,#3037,.T.);
#4278=ORIENTED_EDGE('',*,*,#3078,.F.);
#4279=ORIENTED_EDGE('',*,*,#3085,.F.);
#4280=ORIENTED_EDGE('',*,*,#3086,.F.);
#4281=ORIENTED_EDGE('',*,*,#3087,.F.);
#4282=ORIENTED_EDGE('',*,*,#3088,.F.);
#4283=ORIENTED_EDGE('',*,*,#3089,.F.);
#4284=ORIENTED_EDGE('',*,*,#3090,.F.);
#4285=ORIENTED_EDGE('',*,*,#3091,.F.);
#4286=ORIENTED_EDGE('',*,*,#3088,.T.);
#4287=ORIENTED_EDGE('',*,*,#3092,.T.);
#4288=ORIENTED_EDGE('',*,*,#3093,.F.);
#4289=ORIENTED_EDGE('',*,*,#3058,.T.);
#4290=ORIENTED_EDGE('',*,*,#3065,.T.);
#4291=ORIENTED_EDGE('',*,*,#3063,.T.);
#4292=ORIENTED_EDGE('',*,*,#3094,.F.);
#4293=ORIENTED_EDGE('',*,*,#3089,.T.);
#4294=ORIENTED_EDGE('',*,*,#3091,.T.);
#4295=ORIENTED_EDGE('',*,*,#3095,.F.);
#4296=ORIENTED_EDGE('',*,*,#3096,.T.);
#4297=ORIENTED_EDGE('',*,*,#3097,.T.);
#4298=ORIENTED_EDGE('',*,*,#3098,.T.);
#4299=ORIENTED_EDGE('',*,*,#3099,.T.);
#4300=ORIENTED_EDGE('',*,*,#3025,.T.);
#4301=ORIENTED_EDGE('',*,*,#3027,.T.);
#4302=ORIENTED_EDGE('',*,*,#3100,.T.);
#4303=ORIENTED_EDGE('',*,*,#3101,.T.);
#4304=ORIENTED_EDGE('',*,*,#3102,.F.);
#4305=ORIENTED_EDGE('',*,*,#3097,.F.);
#4306=ORIENTED_EDGE('',*,*,#3103,.T.);
#4307=ORIENTED_EDGE('',*,*,#3033,.T.);
#4308=ORIENTED_EDGE('',*,*,#3104,.T.);
#4309=ORIENTED_EDGE('',*,*,#3105,.F.);
#4310=ORIENTED_EDGE('',*,*,#3098,.F.);
#4311=ORIENTED_EDGE('',*,*,#3102,.T.);
#4312=ORIENTED_EDGE('',*,*,#2635,.F.);
#4313=ORIENTED_EDGE('',*,*,#3106,.F.);
#4314=ORIENTED_EDGE('',*,*,#3107,.F.);
#4315=ORIENTED_EDGE('',*,*,#3108,.F.);
#4316=ORIENTED_EDGE('',*,*,#2628,.F.);
#4317=ORIENTED_EDGE('',*,*,#3109,.F.);
#4318=ORIENTED_EDGE('',*,*,#3110,.F.);
#4319=ORIENTED_EDGE('',*,*,#3111,.F.);
#4320=ORIENTED_EDGE('',*,*,#2626,.F.);
#4321=ORIENTED_EDGE('',*,*,#3112,.F.);
#4322=ORIENTED_EDGE('',*,*,#3113,.F.);
#4323=ORIENTED_EDGE('',*,*,#3114,.F.);
#4324=ORIENTED_EDGE('',*,*,#2622,.F.);
#4325=ORIENTED_EDGE('',*,*,#3115,.F.);
#4326=ORIENTED_EDGE('',*,*,#3116,.F.);
#4327=ORIENTED_EDGE('',*,*,#3117,.F.);
#4328=ORIENTED_EDGE('',*,*,#2620,.F.);
#4329=ORIENTED_EDGE('',*,*,#3118,.F.);
#4330=ORIENTED_EDGE('',*,*,#3119,.F.);
#4331=ORIENTED_EDGE('',*,*,#3120,.F.);
#4332=ORIENTED_EDGE('',*,*,#2616,.F.);
#4333=ORIENTED_EDGE('',*,*,#3121,.F.);
#4334=ORIENTED_EDGE('',*,*,#3122,.F.);
#4335=ORIENTED_EDGE('',*,*,#3123,.F.);
#4336=ORIENTED_EDGE('',*,*,#2610,.F.);
#4337=ORIENTED_EDGE('',*,*,#3124,.F.);
#4338=ORIENTED_EDGE('',*,*,#3125,.F.);
#4339=ORIENTED_EDGE('',*,*,#3126,.F.);
#4340=ORIENTED_EDGE('',*,*,#2605,.F.);
#4341=ORIENTED_EDGE('',*,*,#3127,.F.);
#4342=ORIENTED_EDGE('',*,*,#3128,.F.);
#4343=ORIENTED_EDGE('',*,*,#3129,.F.);
#4344=ORIENTED_EDGE('',*,*,#3124,.T.);
#4345=ORIENTED_EDGE('',*,*,#2609,.T.);
#4346=ORIENTED_EDGE('',*,*,#3130,.F.);
#4347=ORIENTED_EDGE('',*,*,#3131,.T.);
#4348=ORIENTED_EDGE('',*,*,#3132,.F.);
#4349=ORIENTED_EDGE('',*,*,#2606,.T.);
#4350=ORIENTED_EDGE('',*,*,#3129,.T.);
#4351=ORIENTED_EDGE('',*,*,#3133,.F.);
#4352=ORIENTED_EDGE('',*,*,#3118,.T.);
#4353=ORIENTED_EDGE('',*,*,#2625,.T.);
#4354=ORIENTED_EDGE('',*,*,#3134,.F.);
#4355=ORIENTED_EDGE('',*,*,#3135,.T.);
#4356=ORIENTED_EDGE('',*,*,#3136,.F.);
#4357=ORIENTED_EDGE('',*,*,#2617,.T.);
#4358=ORIENTED_EDGE('',*,*,#3123,.T.);
#4359=ORIENTED_EDGE('',*,*,#3137,.F.);
#4360=ORIENTED_EDGE('',*,*,#3112,.T.);
#4361=ORIENTED_EDGE('',*,*,#2631,.T.);
#4362=ORIENTED_EDGE('',*,*,#3138,.F.);
#4363=ORIENTED_EDGE('',*,*,#3139,.T.);
#4364=ORIENTED_EDGE('',*,*,#3140,.F.);
#4365=ORIENTED_EDGE('',*,*,#2623,.T.);
#4366=ORIENTED_EDGE('',*,*,#3117,.T.);
#4367=ORIENTED_EDGE('',*,*,#3141,.F.);
#4368=ORIENTED_EDGE('',*,*,#3106,.T.);
#4369=ORIENTED_EDGE('',*,*,#2634,.T.);
#4370=ORIENTED_EDGE('',*,*,#3142,.F.);
#4371=ORIENTED_EDGE('',*,*,#3143,.T.);
#4372=ORIENTED_EDGE('',*,*,#3144,.F.);
#4373=ORIENTED_EDGE('',*,*,#2629,.T.);
#4374=ORIENTED_EDGE('',*,*,#3111,.T.);
#4375=ORIENTED_EDGE('',*,*,#3145,.F.);
#4376=ORIENTED_EDGE('',*,*,#2614,.F.);
#4377=ORIENTED_EDGE('',*,*,#3146,.F.);
#4378=ORIENTED_EDGE('',*,*,#3147,.F.);
#4379=ORIENTED_EDGE('',*,*,#3148,.F.);
#4380=ORIENTED_EDGE('',*,*,#2612,.F.);
#4381=ORIENTED_EDGE('',*,*,#3149,.F.);
#4382=ORIENTED_EDGE('',*,*,#3150,.F.);
#4383=ORIENTED_EDGE('',*,*,#3151,.F.);
#4384=ORIENTED_EDGE('',*,*,#3146,.T.);
#4385=ORIENTED_EDGE('',*,*,#2619,.T.);
#4386=ORIENTED_EDGE('',*,*,#3152,.F.);
#4387=ORIENTED_EDGE('',*,*,#3153,.T.);
#4388=ORIENTED_EDGE('',*,*,#3154,.F.);
#4389=ORIENTED_EDGE('',*,*,#2613,.T.);
#4390=ORIENTED_EDGE('',*,*,#3151,.T.);
#4391=ORIENTED_EDGE('',*,*,#3155,.F.);
#4392=ORIENTED_EDGE('',*,*,#3142,.T.);
#4393=ORIENTED_EDGE('',*,*,#2633,.F.);
#4394=ORIENTED_EDGE('',*,*,#3156,.T.);
#4395=ORIENTED_EDGE('',*,*,#3157,.T.);
#4396=ORIENTED_EDGE('',*,*,#3158,.T.);
#4397=ORIENTED_EDGE('',*,*,#2607,.F.);
#4398=ORIENTED_EDGE('',*,*,#3132,.T.);
#4399=ORIENTED_EDGE('',*,*,#3159,.F.);
#4400=ORIENTED_EDGE('',*,*,#3160,.T.);
#4401=ORIENTED_EDGE('',*,*,#3161,.T.);
#4402=ORIENTED_EDGE('',*,*,#3162,.T.);
#4403=ORIENTED_EDGE('',*,*,#3163,.F.);
#4404=ORIENTED_EDGE('',*,*,#2630,.F.);
#4405=ORIENTED_EDGE('',*,*,#3144,.T.);
#4406=ORIENTED_EDGE('',*,*,#3164,.F.);
#4407=ORIENTED_EDGE('',*,*,#3138,.T.);
#4408=ORIENTED_EDGE('',*,*,#2624,.F.);
#4409=ORIENTED_EDGE('',*,*,#3140,.T.);
#4410=ORIENTED_EDGE('',*,*,#3165,.F.);
#4411=ORIENTED_EDGE('',*,*,#3134,.T.);
#4412=ORIENTED_EDGE('',*,*,#2618,.F.);
#4413=ORIENTED_EDGE('',*,*,#3136,.T.);
#4414=ORIENTED_EDGE('',*,*,#3166,.F.);
#4415=ORIENTED_EDGE('',*,*,#3152,.T.);
#4416=ORIENTED_EDGE('',*,*,#2608,.F.);
#4417=ORIENTED_EDGE('',*,*,#3154,.T.);
#4418=ORIENTED_EDGE('',*,*,#3167,.F.);
#4419=ORIENTED_EDGE('',*,*,#3130,.T.);
#4420=ORIENTED_EDGE('',*,*,#2808,.F.);
#4421=ORIENTED_EDGE('',*,*,#2796,.T.);
#4422=ORIENTED_EDGE('',*,*,#2809,.F.);
#4423=ORIENTED_EDGE('',*,*,#2790,.F.);
#4424=ORIENTED_EDGE('',*,*,#2853,.F.);
#4425=ORIENTED_EDGE('',*,*,#2841,.T.);
#4426=ORIENTED_EDGE('',*,*,#2854,.F.);
#4427=ORIENTED_EDGE('',*,*,#2835,.F.);
#4428=ORIENTED_EDGE('',*,*,#2898,.F.);
#4429=ORIENTED_EDGE('',*,*,#2886,.T.);
#4430=ORIENTED_EDGE('',*,*,#2899,.F.);
#4431=ORIENTED_EDGE('',*,*,#2880,.F.);
#4432=ORIENTED_EDGE('',*,*,#2943,.F.);
#4433=ORIENTED_EDGE('',*,*,#2931,.T.);
#4434=ORIENTED_EDGE('',*,*,#2944,.F.);
#4435=ORIENTED_EDGE('',*,*,#2925,.F.);
#4436=ORIENTED_EDGE('',*,*,#3001,.F.);
#4437=ORIENTED_EDGE('',*,*,#2998,.T.);
#4438=ORIENTED_EDGE('',*,*,#3000,.F.);
#4439=ORIENTED_EDGE('',*,*,#2996,.F.);
#4440=ORIENTED_EDGE('',*,*,#3168,.F.);
#4441=ORIENTED_EDGE('',*,*,#3107,.T.);
#4442=ORIENTED_EDGE('',*,*,#3143,.F.);
#4443=ORIENTED_EDGE('',*,*,#3163,.T.);
#4444=ORIENTED_EDGE('',*,*,#3169,.T.);
#4445=ORIENTED_EDGE('',*,*,#3158,.F.);
#4446=ORIENTED_EDGE('',*,*,#3170,.F.);
#4447=ORIENTED_EDGE('',*,*,#3171,.F.);
#4448=ORIENTED_EDGE('',*,*,#3086,.T.);
#4449=ORIENTED_EDGE('',*,*,#3094,.T.);
#4450=ORIENTED_EDGE('',*,*,#3062,.T.);
#4451=ORIENTED_EDGE('',*,*,#3072,.F.);
#4452=ORIENTED_EDGE('',*,*,#3172,.F.);
#4453=ORIENTED_EDGE('',*,*,#3076,.F.);
#4454=ORIENTED_EDGE('',*,*,#3054,.T.);
#4455=ORIENTED_EDGE('',*,*,#3093,.T.);
#4456=ORIENTED_EDGE('',*,*,#3173,.F.);
#4457=ORIENTED_EDGE('',*,*,#3174,.F.);
#4458=ORIENTED_EDGE('',*,*,#3175,.F.);
#4459=ORIENTED_EDGE('',*,*,#3160,.F.);
#4460=ORIENTED_EDGE('',*,*,#3176,.F.);
#4461=ORIENTED_EDGE('',*,*,#3177,.F.);
#4462=ORIENTED_EDGE('',*,*,#2603,.F.);
#4463=ORIENTED_EDGE('',*,*,#3156,.F.);
#4464=ORIENTED_EDGE('',*,*,#2632,.F.);
#4465=ORIENTED_EDGE('',*,*,#3178,.T.);
#4466=ORIENTED_EDGE('',*,*,#3169,.F.);
#4467=ORIENTED_EDGE('',*,*,#3162,.F.);
#4468=ORIENTED_EDGE('',*,*,#3179,.T.);
#4469=ORIENTED_EDGE('',*,*,#3180,.T.);
#4470=ORIENTED_EDGE('',*,*,#3181,.T.);
#4471=ORIENTED_EDGE('',*,*,#3100,.F.);
#4472=ORIENTED_EDGE('',*,*,#3026,.T.);
#4473=ORIENTED_EDGE('',*,*,#3066,.F.);
#4474=ORIENTED_EDGE('',*,*,#3182,.F.);
#4475=ORIENTED_EDGE('',*,*,#3070,.F.);
#4476=ORIENTED_EDGE('',*,*,#3034,.T.);
#4477=ORIENTED_EDGE('',*,*,#3103,.F.);
#4478=ORIENTED_EDGE('',*,*,#3096,.F.);
#4479=ORIENTED_EDGE('',*,*,#3183,.T.);
#4480=ORIENTED_EDGE('',*,*,#3184,.T.);
#4481=ORIENTED_EDGE('',*,*,#3185,.F.);
#4482=ORIENTED_EDGE('',*,*,#3104,.F.);
#4483=ORIENTED_EDGE('',*,*,#3101,.F.);
#4484=ORIENTED_EDGE('',*,*,#3181,.F.);
#4485=ORIENTED_EDGE('',*,*,#3186,.T.);
#4486=ORIENTED_EDGE('',*,*,#3187,.T.);
#4487=ORIENTED_EDGE('',*,*,#3099,.F.);
#4488=ORIENTED_EDGE('',*,*,#3105,.T.);
#4489=ORIENTED_EDGE('',*,*,#3185,.T.);
#4490=ORIENTED_EDGE('',*,*,#3188,.T.);
#4491=ORIENTED_EDGE('',*,*,#3189,.F.);
#4492=ORIENTED_EDGE('',*,*,#3183,.F.);
#4493=ORIENTED_EDGE('',*,*,#3190,.T.);
#4494=ORIENTED_EDGE('',*,*,#3188,.F.);
#4495=ORIENTED_EDGE('',*,*,#3187,.F.);
#4496=ORIENTED_EDGE('',*,*,#3191,.F.);
#4497=ORIENTED_EDGE('',*,*,#3192,.F.);
#4498=ORIENTED_EDGE('',*,*,#3193,.T.);
#4499=ORIENTED_EDGE('',*,*,#3191,.T.);
#4500=ORIENTED_EDGE('',*,*,#3186,.F.);
#4501=ORIENTED_EDGE('',*,*,#3180,.F.);
#4502=ORIENTED_EDGE('',*,*,#3194,.T.);
#4503=ORIENTED_EDGE('',*,*,#3174,.T.);
#4504=ORIENTED_EDGE('',*,*,#3195,.T.);
#4505=ORIENTED_EDGE('',*,*,#3028,.T.);
#4506=ORIENTED_EDGE('',*,*,#3023,.T.);
#4507=ORIENTED_EDGE('',*,*,#3032,.T.);
#4508=ORIENTED_EDGE('',*,*,#3040,.T.);
#4509=ORIENTED_EDGE('',*,*,#3046,.T.);
#4510=ORIENTED_EDGE('',*,*,#3052,.T.);
#4511=ORIENTED_EDGE('',*,*,#3060,.T.);
#4512=ORIENTED_EDGE('',*,*,#3064,.T.);
#4513=ORIENTED_EDGE('',*,*,#3056,.T.);
#4514=ORIENTED_EDGE('',*,*,#3050,.T.);
#4515=ORIENTED_EDGE('',*,*,#3044,.T.);
#4516=ORIENTED_EDGE('',*,*,#3038,.T.);
#4517=ORIENTED_EDGE('',*,*,#3196,.F.);
#4518=ORIENTED_EDGE('',*,*,#3197,.F.);
#4519=ORIENTED_EDGE('',*,*,#3170,.T.);
#4520=ORIENTED_EDGE('',*,*,#3157,.F.);
#4521=ORIENTED_EDGE('',*,*,#3184,.F.);
#4522=ORIENTED_EDGE('',*,*,#3189,.T.);
#4523=ORIENTED_EDGE('',*,*,#3190,.F.);
#4524=ORIENTED_EDGE('',*,*,#3193,.F.);
#4525=ORIENTED_EDGE('',*,*,#3178,.F.);
#4526=ORIENTED_EDGE('',*,*,#2636,.F.);
#4527=ORIENTED_EDGE('',*,*,#3108,.T.);
#4528=ORIENTED_EDGE('',*,*,#3168,.T.);
#4529=ORIENTED_EDGE('',*,*,#3179,.F.);
#4530=ORIENTED_EDGE('',*,*,#3161,.F.);
#4531=ORIENTED_EDGE('',*,*,#3175,.T.);
#4532=ORIENTED_EDGE('',*,*,#3194,.F.);
#4533=ORIENTED_EDGE('',*,*,#3198,.F.);
#4534=ORIENTED_EDGE('',*,*,#3125,.T.);
#4535=ORIENTED_EDGE('',*,*,#3131,.F.);
#4536=ORIENTED_EDGE('',*,*,#3167,.T.);
#4537=ORIENTED_EDGE('',*,*,#3155,.T.);
#4538=ORIENTED_EDGE('',*,*,#3150,.T.);
#4539=ORIENTED_EDGE('',*,*,#3149,.T.);
#4540=ORIENTED_EDGE('',*,*,#2611,.F.);
#4541=ORIENTED_EDGE('',*,*,#3126,.T.);
#4542=ORIENTED_EDGE('',*,*,#3198,.T.);
#4543=ORIENTED_EDGE('',*,*,#3145,.T.);
#4544=ORIENTED_EDGE('',*,*,#3110,.T.);
#4545=ORIENTED_EDGE('',*,*,#3199,.F.);
#4546=ORIENTED_EDGE('',*,*,#3113,.T.);
#4547=ORIENTED_EDGE('',*,*,#3139,.F.);
#4548=ORIENTED_EDGE('',*,*,#3164,.T.);
#4549=ORIENTED_EDGE('',*,*,#3141,.T.);
#4550=ORIENTED_EDGE('',*,*,#3116,.T.);
#4551=ORIENTED_EDGE('',*,*,#3200,.F.);
#4552=ORIENTED_EDGE('',*,*,#3119,.T.);
#4553=ORIENTED_EDGE('',*,*,#3135,.F.);
#4554=ORIENTED_EDGE('',*,*,#3165,.T.);
#4555=ORIENTED_EDGE('',*,*,#3137,.T.);
#4556=ORIENTED_EDGE('',*,*,#3122,.T.);
#4557=ORIENTED_EDGE('',*,*,#3201,.F.);
#4558=ORIENTED_EDGE('',*,*,#3147,.T.);
#4559=ORIENTED_EDGE('',*,*,#3153,.F.);
#4560=ORIENTED_EDGE('',*,*,#3166,.T.);
#4561=ORIENTED_EDGE('',*,*,#3109,.T.);
#4562=ORIENTED_EDGE('',*,*,#2627,.F.);
#4563=ORIENTED_EDGE('',*,*,#3114,.T.);
#4564=ORIENTED_EDGE('',*,*,#3199,.T.);
#4565=ORIENTED_EDGE('',*,*,#3115,.T.);
#4566=ORIENTED_EDGE('',*,*,#2621,.F.);
#4567=ORIENTED_EDGE('',*,*,#3120,.T.);
#4568=ORIENTED_EDGE('',*,*,#3200,.T.);
#4569=ORIENTED_EDGE('',*,*,#3121,.T.);
#4570=ORIENTED_EDGE('',*,*,#2615,.F.);
#4571=ORIENTED_EDGE('',*,*,#3148,.T.);
#4572=ORIENTED_EDGE('',*,*,#3201,.T.);
#4573=ORIENTED_EDGE('',*,*,#3133,.T.);
#4574=ORIENTED_EDGE('',*,*,#3128,.T.);
#4575=ORIENTED_EDGE('',*,*,#3202,.F.);
#4576=ORIENTED_EDGE('',*,*,#3176,.T.);
#4577=ORIENTED_EDGE('',*,*,#3159,.T.);
#4578=ORIENTED_EDGE('',*,*,#3127,.T.);
#4579=ORIENTED_EDGE('',*,*,#2604,.F.);
#4580=ORIENTED_EDGE('',*,*,#3177,.T.);
#4581=ORIENTED_EDGE('',*,*,#3202,.T.);
#4582=ORIENTED_EDGE('',*,*,#3079,.T.);
#4583=ORIENTED_EDGE('',*,*,#3049,.T.);
#4584=ORIENTED_EDGE('',*,*,#3075,.F.);
#4585=ORIENTED_EDGE('',*,*,#3203,.F.);
#4586=ORIENTED_EDGE('',*,*,#3083,.T.);
#4587=ORIENTED_EDGE('',*,*,#3041,.T.);
#4588=ORIENTED_EDGE('',*,*,#3069,.F.);
#4589=ORIENTED_EDGE('',*,*,#3204,.F.);
#4590=ORIENTED_EDGE('',*,*,#3204,.T.);
#4591=ORIENTED_EDGE('',*,*,#3071,.T.);
#4592=ORIENTED_EDGE('',*,*,#3182,.T.);
#4593=ORIENTED_EDGE('',*,*,#3068,.T.);
#4594=ORIENTED_EDGE('',*,*,#3085,.T.);
#4595=ORIENTED_EDGE('',*,*,#3080,.T.);
#4596=ORIENTED_EDGE('',*,*,#3203,.T.);
#4597=ORIENTED_EDGE('',*,*,#3077,.T.);
#4598=ORIENTED_EDGE('',*,*,#3172,.T.);
#4599=ORIENTED_EDGE('',*,*,#3074,.T.);
#4600=ORIENTED_EDGE('',*,*,#3082,.T.);
#4601=ORIENTED_EDGE('',*,*,#3084,.T.);
#4602=ORIENTED_EDGE('',*,*,#2696,.F.);
#4603=ORIENTED_EDGE('',*,*,#2695,.F.);
#4604=ORIENTED_EDGE('',*,*,#2693,.T.);
#4605=ORIENTED_EDGE('',*,*,#2691,.F.);
#4606=ORIENTED_EDGE('',*,*,#2656,.F.);
#4607=ORIENTED_EDGE('',*,*,#2655,.F.);
#4608=ORIENTED_EDGE('',*,*,#2653,.T.);
#4609=ORIENTED_EDGE('',*,*,#2651,.F.);
#4610=ORIENTED_EDGE('',*,*,#2676,.F.);
#4611=ORIENTED_EDGE('',*,*,#2675,.F.);
#4612=ORIENTED_EDGE('',*,*,#2673,.T.);
#4613=ORIENTED_EDGE('',*,*,#2671,.F.);
#4614=ORIENTED_EDGE('',*,*,#2716,.F.);
#4615=ORIENTED_EDGE('',*,*,#2715,.F.);
#4616=ORIENTED_EDGE('',*,*,#2713,.T.);
#4617=ORIENTED_EDGE('',*,*,#2711,.F.);
#4618=ORIENTED_EDGE('',*,*,#2718,.F.);
#4619=ORIENTED_EDGE('',*,*,#2727,.T.);
#4620=ORIENTED_EDGE('',*,*,#2724,.F.);
#4621=ORIENTED_EDGE('',*,*,#2721,.F.);
#4622=ORIENTED_EDGE('',*,*,#2730,.F.);
#4623=ORIENTED_EDGE('',*,*,#2739,.T.);
#4624=ORIENTED_EDGE('',*,*,#2736,.F.);
#4625=ORIENTED_EDGE('',*,*,#2733,.F.);
#4626=ORIENTED_EDGE('',*,*,#2742,.F.);
#4627=ORIENTED_EDGE('',*,*,#2751,.T.);
#4628=ORIENTED_EDGE('',*,*,#2748,.F.);
#4629=ORIENTED_EDGE('',*,*,#2745,.F.);
#4630=ORIENTED_EDGE('',*,*,#2754,.F.);
#4631=ORIENTED_EDGE('',*,*,#2763,.T.);
#4632=ORIENTED_EDGE('',*,*,#2760,.F.);
#4633=ORIENTED_EDGE('',*,*,#2757,.F.);
#4634=ORIENTED_EDGE('',*,*,#3003,.F.);
#4635=ORIENTED_EDGE('',*,*,#3012,.T.);
#4636=ORIENTED_EDGE('',*,*,#3007,.F.);
#4637=ORIENTED_EDGE('',*,*,#3010,.F.);
#4638=ORIENTED_EDGE('',*,*,#3019,.F.);
#4639=ORIENTED_EDGE('',*,*,#3020,.T.);
#4640=ORIENTED_EDGE('',*,*,#3016,.F.);
#4641=ORIENTED_EDGE('',*,*,#3021,.F.);
#4642=ORIENTED_EDGE('',*,*,#3205,.F.);
#4643=ORIENTED_EDGE('',*,*,#3195,.F.);
#4644=ORIENTED_EDGE('',*,*,#3173,.T.);
#4645=ORIENTED_EDGE('',*,*,#3095,.T.);
#4646=ORIENTED_EDGE('',*,*,#3090,.T.);
#4647=ORIENTED_EDGE('',*,*,#3206,.T.);
#4648=ORIENTED_EDGE('',*,*,#3207,.F.);
#4649=ORIENTED_EDGE('',*,*,#3206,.F.);
#4650=ORIENTED_EDGE('',*,*,#3092,.F.);
#4651=ORIENTED_EDGE('',*,*,#3087,.T.);
#4652=ORIENTED_EDGE('',*,*,#3171,.T.);
#4653=ORIENTED_EDGE('',*,*,#3197,.T.);
#4654=ORIENTED_EDGE('',*,*,#3205,.T.);
#4655=ORIENTED_EDGE('',*,*,#3207,.T.);
#4656=ORIENTED_EDGE('',*,*,#3196,.T.);
#4657=ORIENTED_EDGE('',*,*,#3192,.T.);
#4658=PLANE('',#5221);
#4659=PLANE('',#5222);
#4660=PLANE('',#5223);
#4661=PLANE('',#5224);
#4662=PLANE('',#5225);
#4663=PLANE('',#5226);
#4664=PLANE('',#5227);
#4665=PLANE('',#5228);
#4666=PLANE('',#5229);
#4667=PLANE('',#5230);
#4668=PLANE('',#5231);
#4669=PLANE('',#5232);
#4670=PLANE('',#5233);
#4671=PLANE('',#5234);
#4672=PLANE('',#5235);
#4673=PLANE('',#5242);
#4674=PLANE('',#5255);
#4675=PLANE('',#5256);
#4676=PLANE('',#5257);
#4677=PLANE('',#5258);
#4678=PLANE('',#5259);
#4679=PLANE('',#5260);
#4680=PLANE('',#5261);
#4681=PLANE('',#5262);
#4682=PLANE('',#5263);
#4683=PLANE('',#5264);
#4684=PLANE('',#5265);
#4685=PLANE('',#5266);
#4686=PLANE('',#5267);
#4687=PLANE('',#5268);
#4688=PLANE('',#5269);
#4689=PLANE('',#5276);
#4690=PLANE('',#5289);
#4691=PLANE('',#5290);
#4692=PLANE('',#5291);
#4693=PLANE('',#5292);
#4694=PLANE('',#5293);
#4695=PLANE('',#5294);
#4696=PLANE('',#5295);
#4697=PLANE('',#5296);
#4698=PLANE('',#5297);
#4699=PLANE('',#5298);
#4700=PLANE('',#5299);
#4701=PLANE('',#5300);
#4702=PLANE('',#5301);
#4703=PLANE('',#5302);
#4704=PLANE('',#5303);
#4705=PLANE('',#5304);
#4706=PLANE('',#5305);
#4707=PLANE('',#5306);
#4708=PLANE('',#5307);
#4709=PLANE('',#5308);
#4710=PLANE('',#5309);
#4711=PLANE('',#5310);
#4712=PLANE('',#5311);
#4713=PLANE('',#5312);
#4714=PLANE('',#5313);
#4715=PLANE('',#5314);
#4716=PLANE('',#5315);
#4717=PLANE('',#5316);
#4718=PLANE('',#5317);
#4719=PLANE('',#5318);
#4720=PLANE('',#5319);
#4721=PLANE('',#5320);
#4722=PLANE('',#5321);
#4723=PLANE('',#5322);
#4724=PLANE('',#5323);
#4725=PLANE('',#5324);
#4726=PLANE('',#5325);
#4727=PLANE('',#5326);
#4728=PLANE('',#5327);
#4729=PLANE('',#5328);
#4730=PLANE('',#5329);
#4731=PLANE('',#5330);
#4732=PLANE('',#5331);
#4733=PLANE('',#5332);
#4734=PLANE('',#5333);
#4735=PLANE('',#5334);
#4736=PLANE('',#5335);
#4737=PLANE('',#5336);
#4738=PLANE('',#5337);
#4739=PLANE('',#5338);
#4740=PLANE('',#5339);
#4741=PLANE('',#5340);
#4742=PLANE('',#5341);
#4743=PLANE('',#5342);
#4744=PLANE('',#5343);
#4745=PLANE('',#5344);
#4746=PLANE('',#5345);
#4747=PLANE('',#5346);
#4748=PLANE('',#5347);
#4749=PLANE('',#5348);
#4750=PLANE('',#5349);
#4751=PLANE('',#5350);
#4752=PLANE('',#5354);
#4753=PLANE('',#5358);
#4754=PLANE('',#5362);
#4755=PLANE('',#5369);
#4756=PLANE('',#5370);
#4757=PLANE('',#5374);
#4758=PLANE('',#5376);
#4759=PLANE('',#5378);
#4760=PLANE('',#5380);
#4761=PLANE('',#5384);
#4762=PLANE('',#5388);
#4763=PLANE('',#5392);
#4764=PLANE('',#5399);
#4765=PLANE('',#5400);
#4766=PLANE('',#5404);
#4767=PLANE('',#5406);
#4768=PLANE('',#5408);
#4769=PLANE('',#5410);
#4770=PLANE('',#5414);
#4771=PLANE('',#5418);
#4772=PLANE('',#5422);
#4773=PLANE('',#5429);
#4774=PLANE('',#5430);
#4775=PLANE('',#5434);
#4776=PLANE('',#5436);
#4777=PLANE('',#5438);
#4778=PLANE('',#5440);
#4779=PLANE('',#5444);
#4780=PLANE('',#5448);
#4781=PLANE('',#5452);
#4782=PLANE('',#5459);
#4783=PLANE('',#5460);
#4784=PLANE('',#5464);
#4785=PLANE('',#5466);
#4786=PLANE('',#5468);
#4787=PLANE('',#5470);
#4788=PLANE('',#5471);
#4789=PLANE('',#5472);
#4790=PLANE('',#5473);
#4791=PLANE('',#5474);
#4792=PLANE('',#5487);
#4793=PLANE('',#5488);
#4794=PLANE('',#5489);
#4795=PLANE('',#5490);
#4796=PLANE('',#5494);
#4797=PLANE('',#5498);
#4798=PLANE('',#5499);
#4799=PLANE('',#5501);
#4800=PLANE('',#5503);
#4801=PLANE('',#5505);
#4802=PLANE('',#5506);
#4803=PLANE('',#5507);
#4804=PLANE('',#5508);
#4805=PLANE('',#5509);
#4806=PLANE('',#5510);
#4807=PLANE('',#5511);
#4808=PLANE('',#5512);
#4809=PLANE('',#5513);
#4810=PLANE('',#5514);
#4811=PLANE('',#5515);
#4812=PLANE('',#5516);
#4813=PLANE('',#5517);
#4814=PLANE('',#5518);
#4815=PLANE('',#5519);
#4816=PLANE('',#5520);
#4817=PLANE('',#5521);
#4818=PLANE('',#5522);
#4819=PLANE('',#5523);
#4820=PLANE('',#5524);
#4821=PLANE('',#5525);
#4822=PLANE('',#5526);
#4823=PLANE('',#5527);
#4824=PLANE('',#5528);
#4825=PLANE('',#5529);
#4826=PLANE('',#5530);
#4827=PLANE('',#5531);
#4828=PLANE('',#5532);
#4829=PLANE('',#5533);
#4830=PLANE('',#5534);
#4831=PLANE('',#5535);
#4832=PLANE('',#5536);
#4833=PLANE('',#5537);
#4834=PLANE('',#5538);
#4835=PLANE('',#5539);
#4836=PLANE('',#5540);
#4837=PLANE('',#5541);
#4838=PLANE('',#5542);
#4839=PLANE('',#5543);
#4840=PLANE('',#5544);
#4841=PLANE('',#5545);
#4842=PLANE('',#5546);
#4843=PLANE('',#5547);
#4844=PLANE('',#5548);
#4845=PLANE('',#5549);
#4846=PLANE('',#5550);
#4847=PLANE('',#5551);
#4848=PLANE('',#5552);
#4849=PLANE('',#5553);
#4850=PLANE('',#5554);
#4851=PLANE('',#5555);
#4852=PLANE('',#5556);
#4853=PLANE('',#5557);
#4854=PLANE('',#5558);
#4855=PLANE('',#5559);
#4856=PLANE('',#5560);
#4857=PLANE('',#5561);
#4858=PLANE('',#5562);
#4859=PLANE('',#5563);
#4860=PLANE('',#5564);
#4861=PLANE('',#5565);
#4862=PLANE('',#5566);
#4863=PLANE('',#5567);
#4864=PLANE('',#5568);
#4865=PLANE('',#5569);
#4866=PLANE('',#5570);
#4867=PLANE('',#5571);
#4868=PLANE('',#5572);
#4869=PLANE('',#5573);
#4870=PLANE('',#5574);
#4871=PLANE('',#5575);
#4872=PLANE('',#5576);
#4873=PLANE('',#5577);
#4874=PLANE('',#5578);
#4875=PLANE('',#5579);
#4876=PLANE('',#5580);
#4877=PLANE('',#5581);
#4878=PLANE('',#5582);
#4879=PLANE('',#5583);
#4880=PLANE('',#5584);
#4881=PLANE('',#5585);
#4882=PLANE('',#5586);
#4883=PLANE('',#5587);
#4884=STYLED_ITEM('',(#8466),#4931);
#4885=STYLED_ITEM('',(#8466),#4932);
#4886=STYLED_ITEM('',(#8466),#4933);
#4887=STYLED_ITEM('',(#8466),#4934);
#4888=STYLED_ITEM('',(#8466),#4935);
#4889=STYLED_ITEM('',(#8466),#4936);
#4890=STYLED_ITEM('',(#8466),#4937);
#4891=STYLED_ITEM('',(#8466),#4938);
#4892=STYLED_ITEM('',(#8466),#4939);
#4893=STYLED_ITEM('',(#8466),#4940);
#4894=STYLED_ITEM('',(#8466),#4941);
#4895=STYLED_ITEM('',(#8466),#4942);
#4896=STYLED_ITEM('',(#8466),#4943);
#4897=STYLED_ITEM('',(#8466),#4944);
#4898=STYLED_ITEM('',(#8466),#4945);
#4899=STYLED_ITEM('',(#8466),#4946);
#4900=STYLED_ITEM('',(#8466),#4947);
#4901=STYLED_ITEM('',(#8466),#4948);
#4902=STYLED_ITEM('',(#8466),#4949);
#4903=STYLED_ITEM('',(#8466),#4950);
#4904=STYLED_ITEM('',(#8466),#4951);
#4905=STYLED_ITEM('',(#8466),#4952);
#4906=STYLED_ITEM('',(#8465),#37);
#4907=STYLED_ITEM('',(#8466),#4953);
#4908=STYLED_ITEM('',(#8466),#4954);
#4909=STYLED_ITEM('',(#8466),#4955);
#4910=STYLED_ITEM('',(#8466),#4956);
#4911=STYLED_ITEM('',(#8466),#4957);
#4912=STYLED_ITEM('',(#8466),#4958);
#4913=STYLED_ITEM('',(#8466),#4959);
#4914=STYLED_ITEM('',(#8466),#4960);
#4915=STYLED_ITEM('',(#8466),#4961);
#4916=STYLED_ITEM('',(#8466),#4962);
#4917=STYLED_ITEM('',(#8466),#4963);
#4918=STYLED_ITEM('',(#8466),#4964);
#4919=STYLED_ITEM('',(#8466),#4965);
#4920=STYLED_ITEM('',(#8466),#4966);
#4921=STYLED_ITEM('',(#8466),#4967);
#4922=STYLED_ITEM('',(#8466),#4968);
#4923=STYLED_ITEM('',(#8466),#4969);
#4924=STYLED_ITEM('',(#8466),#4970);
#4925=STYLED_ITEM('',(#8466),#4971);
#4926=STYLED_ITEM('',(#8466),#4972);
#4927=STYLED_ITEM('',(#8466),#4973);
#4928=STYLED_ITEM('',(#8466),#4974);
#4929=STYLED_ITEM('',(#8465),#38);
#4930=STYLED_ITEM('',(#8467),#39);
#4931=ADVANCED_FACE('',(#181),#4658,.F.);
#4932=ADVANCED_FACE('',(#182),#4659,.F.);
#4933=ADVANCED_FACE('',(#183),#4660,.F.);
#4934=ADVANCED_FACE('',(#184),#4661,.F.);
#4935=ADVANCED_FACE('',(#185),#4662,.F.);
#4936=ADVANCED_FACE('',(#186),#4663,.F.);
#4937=ADVANCED_FACE('',(#187),#4664,.F.);
#4938=ADVANCED_FACE('',(#188),#4665,.F.);
#4939=ADVANCED_FACE('',(#189),#4666,.F.);
#4940=ADVANCED_FACE('',(#190),#4667,.F.);
#4941=ADVANCED_FACE('',(#191),#4668,.F.);
#4942=ADVANCED_FACE('',(#192),#4669,.F.);
#4943=ADVANCED_FACE('',(#193),#4670,.F.);
#4944=ADVANCED_FACE('',(#194),#4671,.F.);
#4945=ADVANCED_FACE('',(#195),#4672,.F.);
#4946=ADVANCED_FACE('',(#196),#4673,.T.);
#4947=ADVANCED_FACE('',(#197),#40,.T.);
#4948=ADVANCED_FACE('',(#198),#41,.T.);
#4949=ADVANCED_FACE('',(#199),#42,.T.);
#4950=ADVANCED_FACE('',(#200),#43,.T.);
#4951=ADVANCED_FACE('',(#201),#44,.T.);
#4952=ADVANCED_FACE('',(#202),#45,.T.);
#4953=ADVANCED_FACE('',(#203),#4674,.F.);
#4954=ADVANCED_FACE('',(#204),#4675,.F.);
#4955=ADVANCED_FACE('',(#205),#4676,.F.);
#4956=ADVANCED_FACE('',(#206),#4677,.F.);
#4957=ADVANCED_FACE('',(#207),#4678,.F.);
#4958=ADVANCED_FACE('',(#208),#4679,.F.);
#4959=ADVANCED_FACE('',(#209),#4680,.F.);
#4960=ADVANCED_FACE('',(#210),#4681,.F.);
#4961=ADVANCED_FACE('',(#211),#4682,.F.);
#4962=ADVANCED_FACE('',(#212),#4683,.F.);
#4963=ADVANCED_FACE('',(#213),#4684,.F.);
#4964=ADVANCED_FACE('',(#214),#4685,.F.);
#4965=ADVANCED_FACE('',(#215),#4686,.F.);
#4966=ADVANCED_FACE('',(#216),#4687,.F.);
#4967=ADVANCED_FACE('',(#217),#4688,.F.);
#4968=ADVANCED_FACE('',(#218),#4689,.T.);
#4969=ADVANCED_FACE('',(#219),#46,.T.);
#4970=ADVANCED_FACE('',(#220),#47,.T.);
#4971=ADVANCED_FACE('',(#221),#48,.T.);
#4972=ADVANCED_FACE('',(#222),#49,.T.);
#4973=ADVANCED_FACE('',(#223),#50,.T.);
#4974=ADVANCED_FACE('',(#224),#51,.T.);
#4975=ADVANCED_FACE('',(#225),#4690,.F.);
#4976=ADVANCED_FACE('',(#226),#4691,.F.);
#4977=ADVANCED_FACE('',(#227),#4692,.F.);
#4978=ADVANCED_FACE('',(#228),#4693,.F.);
#4979=ADVANCED_FACE('',(#229),#4694,.F.);
#4980=ADVANCED_FACE('',(#230),#4695,.F.);
#4981=ADVANCED_FACE('',(#231),#4696,.F.);
#4982=ADVANCED_FACE('',(#232),#4697,.F.);
#4983=ADVANCED_FACE('',(#233),#4698,.F.);
#4984=ADVANCED_FACE('',(#234),#4699,.T.);
#4985=ADVANCED_FACE('',(#235),#4700,.F.);
#4986=ADVANCED_FACE('',(#236),#4701,.T.);
#4987=ADVANCED_FACE('',(#237),#4702,.F.);
#4988=ADVANCED_FACE('',(#238),#4703,.F.);
#4989=ADVANCED_FACE('',(#239),#4704,.F.);
#4990=ADVANCED_FACE('',(#240),#4705,.F.);
#4991=ADVANCED_FACE('',(#241),#4706,.F.);
#4992=ADVANCED_FACE('',(#242),#4707,.F.);
#4993=ADVANCED_FACE('',(#243),#4708,.T.);
#4994=ADVANCED_FACE('',(#244),#4709,.F.);
#4995=ADVANCED_FACE('',(#245),#4710,.T.);
#4996=ADVANCED_FACE('',(#246),#4711,.F.);
#4997=ADVANCED_FACE('',(#247),#4712,.F.);
#4998=ADVANCED_FACE('',(#248),#4713,.F.);
#4999=ADVANCED_FACE('',(#249),#4714,.F.);
#5000=ADVANCED_FACE('',(#250),#4715,.F.);
#5001=ADVANCED_FACE('',(#251),#4716,.F.);
#5002=ADVANCED_FACE('',(#252),#4717,.T.);
#5003=ADVANCED_FACE('',(#253),#4718,.F.);
#5004=ADVANCED_FACE('',(#254),#4719,.T.);
#5005=ADVANCED_FACE('',(#255),#4720,.F.);
#5006=ADVANCED_FACE('',(#256),#4721,.F.);
#5007=ADVANCED_FACE('',(#257),#4722,.F.);
#5008=ADVANCED_FACE('',(#258),#4723,.F.);
#5009=ADVANCED_FACE('',(#259),#4724,.F.);
#5010=ADVANCED_FACE('',(#260),#4725,.F.);
#5011=ADVANCED_FACE('',(#261),#4726,.T.);
#5012=ADVANCED_FACE('',(#262),#4727,.F.);
#5013=ADVANCED_FACE('',(#263),#4728,.T.);
#5014=ADVANCED_FACE('',(#264),#4729,.F.);
#5015=ADVANCED_FACE('',(#265),#4730,.F.);
#5016=ADVANCED_FACE('',(#266),#4731,.F.);
#5017=ADVANCED_FACE('',(#267),#4732,.F.);
#5018=ADVANCED_FACE('',(#268),#4733,.F.);
#5019=ADVANCED_FACE('',(#269),#4734,.F.);
#5020=ADVANCED_FACE('',(#270),#4735,.T.);
#5021=ADVANCED_FACE('',(#271),#4736,.F.);
#5022=ADVANCED_FACE('',(#272),#4737,.F.);
#5023=ADVANCED_FACE('',(#273),#4738,.F.);
#5024=ADVANCED_FACE('',(#274),#4739,.F.);
#5025=ADVANCED_FACE('',(#275),#4740,.T.);
#5026=ADVANCED_FACE('',(#276),#4741,.F.);
#5027=ADVANCED_FACE('',(#277),#4742,.F.);
#5028=ADVANCED_FACE('',(#278),#4743,.F.);
#5029=ADVANCED_FACE('',(#279),#4744,.F.);
#5030=ADVANCED_FACE('',(#280),#4745,.T.);
#5031=ADVANCED_FACE('',(#281),#4746,.F.);
#5032=ADVANCED_FACE('',(#282),#4747,.F.);
#5033=ADVANCED_FACE('',(#283),#4748,.F.);
#5034=ADVANCED_FACE('',(#284),#4749,.F.);
#5035=ADVANCED_FACE('',(#285),#4750,.T.);
#5036=ADVANCED_FACE('',(#286),#4751,.F.);
#5037=ADVANCED_FACE('',(#287),#52,.T.);
#5038=ADVANCED_FACE('',(#288),#4752,.F.);
#5039=ADVANCED_FACE('',(#289),#53,.T.);
#5040=ADVANCED_FACE('',(#290),#4753,.F.);
#5041=ADVANCED_FACE('',(#291),#54,.T.);
#5042=ADVANCED_FACE('',(#292),#4754,.F.);
#5043=ADVANCED_FACE('',(#293),#55,.F.);
#5044=ADVANCED_FACE('',(#294),#4755,.F.);
#5045=ADVANCED_FACE('',(#295),#4756,.T.);
#5046=ADVANCED_FACE('',(#296),#4757,.F.);
#5047=ADVANCED_FACE('',(#297),#56,.F.);
#5048=ADVANCED_FACE('',(#298),#4758,.F.);
#5049=ADVANCED_FACE('',(#299),#57,.T.);
#5050=ADVANCED_FACE('',(#300),#4759,.F.);
#5051=ADVANCED_FACE('',(#301),#58,.T.);
#5052=ADVANCED_FACE('',(#302),#4760,.F.);
#5053=ADVANCED_FACE('',(#303),#59,.T.);
#5054=ADVANCED_FACE('',(#304),#4761,.F.);
#5055=ADVANCED_FACE('',(#305),#60,.T.);
#5056=ADVANCED_FACE('',(#306),#4762,.F.);
#5057=ADVANCED_FACE('',(#307),#61,.T.);
#5058=ADVANCED_FACE('',(#308),#4763,.F.);
#5059=ADVANCED_FACE('',(#309),#62,.F.);
#5060=ADVANCED_FACE('',(#310),#4764,.F.);
#5061=ADVANCED_FACE('',(#311),#4765,.T.);
#5062=ADVANCED_FACE('',(#312),#4766,.F.);
#5063=ADVANCED_FACE('',(#313),#63,.F.);
#5064=ADVANCED_FACE('',(#314),#4767,.F.);
#5065=ADVANCED_FACE('',(#315),#64,.T.);
#5066=ADVANCED_FACE('',(#316),#4768,.F.);
#5067=ADVANCED_FACE('',(#317),#65,.T.);
#5068=ADVANCED_FACE('',(#318),#4769,.F.);
#5069=ADVANCED_FACE('',(#319),#66,.T.);
#5070=ADVANCED_FACE('',(#320),#4770,.F.);
#5071=ADVANCED_FACE('',(#321),#67,.T.);
#5072=ADVANCED_FACE('',(#322),#4771,.F.);
#5073=ADVANCED_FACE('',(#323),#68,.T.);
#5074=ADVANCED_FACE('',(#324),#4772,.F.);
#5075=ADVANCED_FACE('',(#325),#69,.F.);
#5076=ADVANCED_FACE('',(#326),#4773,.F.);
#5077=ADVANCED_FACE('',(#327),#4774,.T.);
#5078=ADVANCED_FACE('',(#328),#4775,.F.);
#5079=ADVANCED_FACE('',(#329),#70,.F.);
#5080=ADVANCED_FACE('',(#330),#4776,.F.);
#5081=ADVANCED_FACE('',(#331),#71,.T.);
#5082=ADVANCED_FACE('',(#332),#4777,.F.);
#5083=ADVANCED_FACE('',(#333),#72,.T.);
#5084=ADVANCED_FACE('',(#334),#4778,.F.);
#5085=ADVANCED_FACE('',(#335),#73,.T.);
#5086=ADVANCED_FACE('',(#336),#4779,.F.);
#5087=ADVANCED_FACE('',(#337),#74,.T.);
#5088=ADVANCED_FACE('',(#338),#4780,.F.);
#5089=ADVANCED_FACE('',(#339),#75,.T.);
#5090=ADVANCED_FACE('',(#340),#4781,.F.);
#5091=ADVANCED_FACE('',(#341),#76,.F.);
#5092=ADVANCED_FACE('',(#342),#4782,.F.);
#5093=ADVANCED_FACE('',(#343),#4783,.T.);
#5094=ADVANCED_FACE('',(#344),#4784,.F.);
#5095=ADVANCED_FACE('',(#345),#77,.F.);
#5096=ADVANCED_FACE('',(#346),#4785,.F.);
#5097=ADVANCED_FACE('',(#347),#78,.T.);
#5098=ADVANCED_FACE('',(#348),#4786,.F.);
#5099=ADVANCED_FACE('',(#349),#79,.T.);
#5100=ADVANCED_FACE('',(#350),#4787,.F.);
#5101=ADVANCED_FACE('',(#351),#4788,.F.);
#5102=ADVANCED_FACE('',(#352),#4789,.F.);
#5103=ADVANCED_FACE('',(#353),#4790,.T.);
#5104=ADVANCED_FACE('',(#354),#4791,.F.);
#5105=ADVANCED_FACE('',(#355),#80,.T.);
#5106=ADVANCED_FACE('',(#356),#81,.T.);
#5107=ADVANCED_FACE('',(#357),#82,.T.);
#5108=ADVANCED_FACE('',(#358),#83,.F.);
#5109=ADVANCED_FACE('',(#359),#4792,.F.);
#5110=ADVANCED_FACE('',(#360),#4793,.F.);
#5111=ADVANCED_FACE('',(#361),#4794,.F.);
#5112=ADVANCED_FACE('',(#362),#4795,.F.);
#5113=ADVANCED_FACE('',(#363),#84,.F.);
#5114=ADVANCED_FACE('',(#364),#4796,.F.);
#5115=ADVANCED_FACE('',(#365),#85,.T.);
#5116=ADVANCED_FACE('',(#366),#4797,.F.);
#5117=ADVANCED_FACE('',(#367),#4798,.F.);
#5118=ADVANCED_FACE('',(#368),#4799,.T.);
#5119=ADVANCED_FACE('',(#369),#4800,.F.);
#5120=ADVANCED_FACE('',(#370),#86,.T.);
#5121=ADVANCED_FACE('',(#371),#4801,.F.);
#5122=ADVANCED_FACE('',(#372),#4802,.F.);
#5123=ADVANCED_FACE('',(#373),#4803,.F.);
#5124=ADVANCED_FACE('',(#374),#4804,.T.);
#5125=ADVANCED_FACE('',(#375),#4805,.F.);
#5126=ADVANCED_FACE('',(#376),#4806,.F.);
#5127=ADVANCED_FACE('',(#377),#4807,.F.);
#5128=ADVANCED_FACE('',(#378),#4808,.T.);
#5129=ADVANCED_FACE('',(#379),#4809,.F.);
#5130=ADVANCED_FACE('',(#380),#4810,.F.);
#5131=ADVANCED_FACE('',(#381),#4811,.T.);
#5132=ADVANCED_FACE('',(#382),#4812,.T.);
#5133=ADVANCED_FACE('',(#383),#4813,.T.);
#5134=ADVANCED_FACE('',(#384),#4814,.T.);
#5135=ADVANCED_FACE('',(#385),#4815,.T.);
#5136=ADVANCED_FACE('',(#386),#4816,.T.);
#5137=ADVANCED_FACE('',(#387),#4817,.T.);
#5138=ADVANCED_FACE('',(#388),#4818,.T.);
#5139=ADVANCED_FACE('',(#389),#4819,.T.);
#5140=ADVANCED_FACE('',(#390),#4820,.T.);
#5141=ADVANCED_FACE('',(#391),#4821,.T.);
#5142=ADVANCED_FACE('',(#392),#4822,.T.);
#5143=ADVANCED_FACE('',(#393),#4823,.F.);
#5144=ADVANCED_FACE('',(#394),#4824,.F.);
#5145=ADVANCED_FACE('',(#395),#4825,.F.);
#5146=ADVANCED_FACE('',(#396),#4826,.F.);
#5147=ADVANCED_FACE('',(#397),#4827,.F.);
#5148=ADVANCED_FACE('',(#398),#4828,.F.);
#5149=ADVANCED_FACE('',(#399),#4829,.F.);
#5150=ADVANCED_FACE('',(#400),#4830,.F.);
#5151=ADVANCED_FACE('',(#401),#4831,.T.);
#5152=ADVANCED_FACE('',(#402),#4832,.T.);
#5153=ADVANCED_FACE('',(#403),#4833,.T.);
#5154=ADVANCED_FACE('',(#404),#4834,.T.);
#5155=ADVANCED_FACE('',(#405),#4835,.F.);
#5156=ADVANCED_FACE('',(#406),#4836,.F.);
#5157=ADVANCED_FACE('',(#407),#4837,.F.);
#5158=ADVANCED_FACE('',(#408),#4838,.F.);
#5159=ADVANCED_FACE('',(#409),#4839,.F.);
#5160=ADVANCED_FACE('',(#410),#4840,.F.);
#5161=ADVANCED_FACE('',(#411),#4841,.F.);
#5162=ADVANCED_FACE('',(#412),#4842,.F.);
#5163=ADVANCED_FACE('',(#413),#4843,.F.);
#5164=ADVANCED_FACE('',(#414),#4844,.F.);
#5165=ADVANCED_FACE('',(#415),#4845,.F.);
#5166=ADVANCED_FACE('',(#416),#4846,.F.);
#5167=ADVANCED_FACE('',(#417),#4847,.F.);
#5168=ADVANCED_FACE('',(#418),#4848,.F.);
#5169=ADVANCED_FACE('',(#419),#4849,.F.);
#5170=ADVANCED_FACE('',(#420),#4850,.F.);
#5171=ADVANCED_FACE('',(#421),#4851,.F.);
#5172=ADVANCED_FACE('',(#422),#4852,.F.);
#5173=ADVANCED_FACE('',(#423),#4853,.F.);
#5174=ADVANCED_FACE('',(#424),#4854,.F.);
#5175=ADVANCED_FACE('',(#425),#4855,.F.);
#5176=ADVANCED_FACE('',(#426),#4856,.F.);
#5177=ADVANCED_FACE('',(#427,#17,#18,#19,#20,#21,#22,#23,#24,#25),#4857,
 .F.);
#5178=ADVANCED_FACE('',(#428),#4858,.F.);
#5179=ADVANCED_FACE('',(#429),#4859,.T.);
#5180=ADVANCED_FACE('',(#430),#4860,.T.);
#5181=ADVANCED_FACE('',(#431),#4861,.F.);
#5182=ADVANCED_FACE('',(#432),#4862,.F.);
#5183=ADVANCED_FACE('',(#433),#4863,.F.);
#5184=ADVANCED_FACE('',(#434,#26),#4864,.T.);
#5185=ADVANCED_FACE('',(#435),#4865,.F.);
#5186=ADVANCED_FACE('',(#436),#4866,.F.);
#5187=ADVANCED_FACE('',(#437),#4867,.F.);
#5188=ADVANCED_FACE('',(#438),#4868,.F.);
#5189=ADVANCED_FACE('',(#439),#4869,.F.);
#5190=ADVANCED_FACE('',(#440),#4870,.F.);
#5191=ADVANCED_FACE('',(#441),#4871,.F.);
#5192=ADVANCED_FACE('',(#442),#4872,.F.);
#5193=ADVANCED_FACE('',(#443),#4873,.F.);
#5194=ADVANCED_FACE('',(#444),#4874,.F.);
#5195=ADVANCED_FACE('',(#445),#4875,.F.);
#5196=ADVANCED_FACE('',(#446),#4876,.F.);
#5197=ADVANCED_FACE('',(#447),#4877,.F.);
#5198=ADVANCED_FACE('',(#448),#4878,.F.);
#5199=ADVANCED_FACE('',(#449),#4879,.F.);
#5200=ADVANCED_FACE('',(#450,#27,#28,#29,#30,#31,#32,#33,#34,#35,#36),#4880,
 .F.);
#5201=ADVANCED_FACE('',(#451),#4881,.T.);
#5202=ADVANCED_FACE('',(#452),#4882,.T.);
#5203=ADVANCED_FACE('',(#453),#4883,.T.);
#5204=CLOSED_SHELL('',(#4931,#4932,#4933,#4934,#4935,#4936,#4937,#4938,
#4939,#4940,#4941,#4942,#4943,#4944,#4945,#4946,#4947,#4948,#4949,#4950,
#4951,#4952));
#5205=CLOSED_SHELL('',(#4953,#4954,#4955,#4956,#4957,#4958,#4959,#4960,
#4961,#4962,#4963,#4964,#4965,#4966,#4967,#4968,#4969,#4970,#4971,#4972,
#4973,#4974));
#5206=CLOSED_SHELL('',(#4975,#4976,#4977,#4978,#4979,#4980,#4981,#4982,
#4983,#4984,#4985,#4986,#4987,#4988,#4989,#4990,#4991,#4992,#4993,#4994,
#4995,#4996,#4997,#4998,#4999,#5000,#5001,#5002,#5003,#5004,#5005,#5006,
#5007,#5008,#5009,#5010,#5011,#5012,#5013,#5014,#5015,#5016,#5017,#5018,
#5019,#5020,#5021,#5022,#5023,#5024,#5025,#5026,#5027,#5028,#5029,#5030,
#5031,#5032,#5033,#5034,#5035,#5036,#5037,#5038,#5039,#5040,#5041,#5042,
#5043,#5044,#5045,#5046,#5047,#5048,#5049,#5050,#5051,#5052,#5053,#5054,
#5055,#5056,#5057,#5058,#5059,#5060,#5061,#5062,#5063,#5064,#5065,#5066,
#5067,#5068,#5069,#5070,#5071,#5072,#5073,#5074,#5075,#5076,#5077,#5078,
#5079,#5080,#5081,#5082,#5083,#5084,#5085,#5086,#5087,#5088,#5089,#5090,
#5091,#5092,#5093,#5094,#5095,#5096,#5097,#5098,#5099,#5100,#5101,#5102,
#5103,#5104,#5105,#5106,#5107,#5108,#5109,#5110,#5111,#5112,#5113,#5114,
#5115,#5116,#5117,#5118,#5119,#5120,#5121,#5122,#5123,#5124,#5125,#5126,
#5127,#5128,#5129,#5130,#5131,#5132,#5133,#5134,#5135,#5136,#5137,#5138,
#5139,#5140,#5141,#5142,#5143,#5144,#5145,#5146,#5147,#5148,#5149,#5150,
#5151,#5152,#5153,#5154,#5155,#5156,#5157,#5158,#5159,#5160,#5161,#5162,
#5163,#5164,#5165,#5166,#5167,#5168,#5169,#5170,#5171,#5172,#5173,#5174,
#5175,#5176,#5177,#5178,#5179,#5180,#5181,#5182,#5183,#5184,#5185,#5186,
#5187,#5188,#5189,#5190,#5191,#5192,#5193,#5194,#5195,#5196,#5197,#5198,
#5199,#5200,#5201,#5202,#5203));
#5207=DERIVED_UNIT_ELEMENT(#5209,1.);
#5208=DERIVED_UNIT_ELEMENT(#8442,-3.);
#5209=(
MASS_UNIT()
NAMED_UNIT(*)
SI_UNIT(.KILO.,.GRAM.)
);
#5210=DERIVED_UNIT((#5207,#5208));
#5211=MEASURE_REPRESENTATION_ITEM('density measure',
POSITIVE_RATIO_MEASURE(7850.),#5210);
#5212=PROPERTY_DEFINITION_REPRESENTATION(#5217,#5214);
#5213=PROPERTY_DEFINITION_REPRESENTATION(#5218,#5215);
#5214=REPRESENTATION('material name',(#5216),#8439);
#5215=REPRESENTATION('density',(#5211),#8439);
#5216=DESCRIPTIVE_REPRESENTATION_ITEM('Steel','Steel');
#5217=PROPERTY_DEFINITION('material property','material name',#8454);
#5218=PROPERTY_DEFINITION('material property','density of part',#8454);
#5219=AXIS2_PLACEMENT_3D('',#6960,#5589,#5590);
#5220=AXIS2_PLACEMENT_3D('',#6961,#5591,#5592);
#5221=AXIS2_PLACEMENT_3D('',#6962,#5593,#5594);
#5222=AXIS2_PLACEMENT_3D('',#6971,#5599,#5600);
#5223=AXIS2_PLACEMENT_3D('',#6977,#5604,#5605);
#5224=AXIS2_PLACEMENT_3D('',#6983,#5609,#5610);
#5225=AXIS2_PLACEMENT_3D('',#6989,#5614,#5615);
#5226=AXIS2_PLACEMENT_3D('',#6995,#5619,#5620);
#5227=AXIS2_PLACEMENT_3D('',#7001,#5624,#5625);
#5228=AXIS2_PLACEMENT_3D('',#7010,#5630,#5631);
#5229=AXIS2_PLACEMENT_3D('',#7019,#5636,#5637);
#5230=AXIS2_PLACEMENT_3D('',#7028,#5642,#5643);
#5231=AXIS2_PLACEMENT_3D('',#7034,#5647,#5648);
#5232=AXIS2_PLACEMENT_3D('',#7040,#5652,#5653);
#5233=AXIS2_PLACEMENT_3D('',#7046,#5657,#5658);
#5234=AXIS2_PLACEMENT_3D('',#7052,#5662,#5663);
#5235=AXIS2_PLACEMENT_3D('',#7061,#5668,#5669);
#5236=AXIS2_PLACEMENT_3D('',#7062,#5670,#5671);
#5237=AXIS2_PLACEMENT_3D('',#7063,#5672,#5673);
#5238=AXIS2_PLACEMENT_3D('',#7064,#5674,#5675);
#5239=AXIS2_PLACEMENT_3D('',#7066,#5676,#5677);
#5240=AXIS2_PLACEMENT_3D('',#7067,#5678,#5679);
#5241=AXIS2_PLACEMENT_3D('',#7068,#5680,#5681);
#5242=AXIS2_PLACEMENT_3D('',#7069,#5682,#5683);
#5243=AXIS2_PLACEMENT_3D('',#7070,#5684,#5685);
#5244=AXIS2_PLACEMENT_3D('',#7071,#5686,#5687);
#5245=AXIS2_PLACEMENT_3D('',#7073,#5688,#5689);
#5246=AXIS2_PLACEMENT_3D('',#7074,#5690,#5691);
#5247=AXIS2_PLACEMENT_3D('',#7075,#5692,#5693);
#5248=AXIS2_PLACEMENT_3D('',#7076,#5694,#5695);
#5249=AXIS2_PLACEMENT_3D('',#7077,#5696,#5697);
#5250=AXIS2_PLACEMENT_3D('',#7078,#5698,#5699);
#5251=AXIS2_PLACEMENT_3D('',#7079,#5700,#5701);
#5252=AXIS2_PLACEMENT_3D('',#7080,#5702,#5703);
#5253=AXIS2_PLACEMENT_3D('',#7081,#5704,#5705);
#5254=AXIS2_PLACEMENT_3D('',#7083,#5707,#5708);
#5255=AXIS2_PLACEMENT_3D('',#7084,#5709,#5710);
#5256=AXIS2_PLACEMENT_3D('',#7093,#5715,#5716);
#5257=AXIS2_PLACEMENT_3D('',#7099,#5720,#5721);
#5258=AXIS2_PLACEMENT_3D('',#7105,#5725,#5726);
#5259=AXIS2_PLACEMENT_3D('',#7111,#5730,#5731);
#5260=AXIS2_PLACEMENT_3D('',#7117,#5735,#5736);
#5261=AXIS2_PLACEMENT_3D('',#7123,#5740,#5741);
#5262=AXIS2_PLACEMENT_3D('',#7132,#5746,#5747);
#5263=AXIS2_PLACEMENT_3D('',#7141,#5752,#5753);
#5264=AXIS2_PLACEMENT_3D('',#7150,#5758,#5759);
#5265=AXIS2_PLACEMENT_3D('',#7156,#5763,#5764);
#5266=AXIS2_PLACEMENT_3D('',#7162,#5768,#5769);
#5267=AXIS2_PLACEMENT_3D('',#7168,#5773,#5774);
#5268=AXIS2_PLACEMENT_3D('',#7174,#5778,#5779);
#5269=AXIS2_PLACEMENT_3D('',#7183,#5784,#5785);
#5270=AXIS2_PLACEMENT_3D('',#7184,#5786,#5787);
#5271=AXIS2_PLACEMENT_3D('',#7186,#5788,#5789);
#5272=AXIS2_PLACEMENT_3D('',#7187,#5790,#5791);
#5273=AXIS2_PLACEMENT_3D('',#7188,#5792,#5793);
#5274=AXIS2_PLACEMENT_3D('',#7189,#5794,#5795);
#5275=AXIS2_PLACEMENT_3D('',#7190,#5796,#5797);
#5276=AXIS2_PLACEMENT_3D('',#7191,#5798,#5799);
#5277=AXIS2_PLACEMENT_3D('',#7192,#5800,#5801);
#5278=AXIS2_PLACEMENT_3D('',#7193,#5802,#5803);
#5279=AXIS2_PLACEMENT_3D('',#7195,#5804,#5805);
#5280=AXIS2_PLACEMENT_3D('',#7196,#5806,#5807);
#5281=AXIS2_PLACEMENT_3D('',#7197,#5808,#5809);
#5282=AXIS2_PLACEMENT_3D('',#7198,#5810,#5811);
#5283=AXIS2_PLACEMENT_3D('',#7199,#5812,#5813);
#5284=AXIS2_PLACEMENT_3D('',#7200,#5814,#5815);
#5285=AXIS2_PLACEMENT_3D('',#7201,#5816,#5817);
#5286=AXIS2_PLACEMENT_3D('',#7202,#5818,#5819);
#5287=AXIS2_PLACEMENT_3D('',#7203,#5820,#5821);
#5288=AXIS2_PLACEMENT_3D('',#7205,#5823,#5824);
#5289=AXIS2_PLACEMENT_3D('',#7206,#5825,#5826);
#5290=AXIS2_PLACEMENT_3D('',#7217,#5832,#5833);
#5291=AXIS2_PLACEMENT_3D('',#7230,#5840,#5841);
#5292=AXIS2_PLACEMENT_3D('',#7243,#5848,#5849);
#5293=AXIS2_PLACEMENT_3D('',#7256,#5856,#5857);
#5294=AXIS2_PLACEMENT_3D('',#7269,#5864,#5865);
#5295=AXIS2_PLACEMENT_3D('',#7280,#5871,#5872);
#5296=AXIS2_PLACEMENT_3D('',#7289,#5877,#5878);
#5297=AXIS2_PLACEMENT_3D('',#7295,#5882,#5883);
#5298=AXIS2_PLACEMENT_3D('',#7301,#5887,#5888);
#5299=AXIS2_PLACEMENT_3D('',#7304,#5891,#5892);
#5300=AXIS2_PLACEMENT_3D('',#7310,#5896,#5897);
#5301=AXIS2_PLACEMENT_3D('',#7314,#5900,#5901);
#5302=AXIS2_PLACEMENT_3D('',#7318,#5904,#5905);
#5303=AXIS2_PLACEMENT_3D('',#7320,#5907,#5908);
#5304=AXIS2_PLACEMENT_3D('',#7321,#5909,#5910);
#5305=AXIS2_PLACEMENT_3D('',#7330,#5915,#5916);
#5306=AXIS2_PLACEMENT_3D('',#7336,#5920,#5921);
#5307=AXIS2_PLACEMENT_3D('',#7342,#5925,#5926);
#5308=AXIS2_PLACEMENT_3D('',#7345,#5929,#5930);
#5309=AXIS2_PLACEMENT_3D('',#7351,#5934,#5935);
#5310=AXIS2_PLACEMENT_3D('',#7355,#5938,#5939);
#5311=AXIS2_PLACEMENT_3D('',#7359,#5942,#5943);
#5312=AXIS2_PLACEMENT_3D('',#7361,#5945,#5946);
#5313=AXIS2_PLACEMENT_3D('',#7362,#5947,#5948);
#5314=AXIS2_PLACEMENT_3D('',#7371,#5953,#5954);
#5315=AXIS2_PLACEMENT_3D('',#7377,#5958,#5959);
#5316=AXIS2_PLACEMENT_3D('',#7383,#5963,#5964);
#5317=AXIS2_PLACEMENT_3D('',#7386,#5967,#5968);
#5318=AXIS2_PLACEMENT_3D('',#7392,#5972,#5973);
#5319=AXIS2_PLACEMENT_3D('',#7396,#5976,#5977);
#5320=AXIS2_PLACEMENT_3D('',#7400,#5980,#5981);
#5321=AXIS2_PLACEMENT_3D('',#7402,#5983,#5984);
#5322=AXIS2_PLACEMENT_3D('',#7403,#5985,#5986);
#5323=AXIS2_PLACEMENT_3D('',#7412,#5991,#5992);
#5324=AXIS2_PLACEMENT_3D('',#7418,#5996,#5997);
#5325=AXIS2_PLACEMENT_3D('',#7424,#6001,#6002);
#5326=AXIS2_PLACEMENT_3D('',#7427,#6005,#6006);
#5327=AXIS2_PLACEMENT_3D('',#7433,#6010,#6011);
#5328=AXIS2_PLACEMENT_3D('',#7437,#6014,#6015);
#5329=AXIS2_PLACEMENT_3D('',#7441,#6018,#6019);
#5330=AXIS2_PLACEMENT_3D('',#7443,#6021,#6022);
#5331=AXIS2_PLACEMENT_3D('',#7444,#6023,#6024);
#5332=AXIS2_PLACEMENT_3D('',#7453,#6029,#6030);
#5333=AXIS2_PLACEMENT_3D('',#7459,#6034,#6035);
#5334=AXIS2_PLACEMENT_3D('',#7465,#6039,#6040);
#5335=AXIS2_PLACEMENT_3D('',#7468,#6043,#6044);
#5336=AXIS2_PLACEMENT_3D('',#7469,#6045,#6046);
#5337=AXIS2_PLACEMENT_3D('',#7478,#6051,#6052);
#5338=AXIS2_PLACEMENT_3D('',#7484,#6056,#6057);
#5339=AXIS2_PLACEMENT_3D('',#7490,#6061,#6062);
#5340=AXIS2_PLACEMENT_3D('',#7493,#6065,#6066);
#5341=AXIS2_PLACEMENT_3D('',#7494,#6067,#6068);
#5342=AXIS2_PLACEMENT_3D('',#7503,#6073,#6074);
#5343=AXIS2_PLACEMENT_3D('',#7509,#6078,#6079);
#5344=AXIS2_PLACEMENT_3D('',#7515,#6083,#6084);
#5345=AXIS2_PLACEMENT_3D('',#7518,#6087,#6088);
#5346=AXIS2_PLACEMENT_3D('',#7519,#6089,#6090);
#5347=AXIS2_PLACEMENT_3D('',#7528,#6095,#6096);
#5348=AXIS2_PLACEMENT_3D('',#7534,#6100,#6101);
#5349=AXIS2_PLACEMENT_3D('',#7540,#6105,#6106);
#5350=AXIS2_PLACEMENT_3D('',#7543,#6109,#6110);
#5351=AXIS2_PLACEMENT_3D('',#7544,#6111,#6112);
#5352=AXIS2_PLACEMENT_3D('',#7547,#6113,#6114);
#5353=AXIS2_PLACEMENT_3D('',#7551,#6116,#6117);
#5354=AXIS2_PLACEMENT_3D('',#7553,#6119,#6120);
#5355=AXIS2_PLACEMENT_3D('',#7559,#6124,#6125);
#5356=AXIS2_PLACEMENT_3D('',#7561,#6126,#6127);
#5357=AXIS2_PLACEMENT_3D('',#7563,#6128,#6129);
#5358=AXIS2_PLACEMENT_3D('',#7565,#6131,#6132);
#5359=AXIS2_PLACEMENT_3D('',#7571,#6136,#6137);
#5360=AXIS2_PLACEMENT_3D('',#7573,#6138,#6139);
#5361=AXIS2_PLACEMENT_3D('',#7575,#6140,#6141);
#5362=AXIS2_PLACEMENT_3D('',#7577,#6143,#6144);
#5363=AXIS2_PLACEMENT_3D('',#7583,#6147,#6148);
#5364=AXIS2_PLACEMENT_3D('',#7587,#6150,#6151);
#5365=AXIS2_PLACEMENT_3D('',#7591,#6153,#6154);
#5366=AXIS2_PLACEMENT_3D('',#7595,#6156,#6157);
#5367=AXIS2_PLACEMENT_3D('',#7597,#6159,#6160);
#5368=AXIS2_PLACEMENT_3D('',#7600,#6161,#6162);
#5369=AXIS2_PLACEMENT_3D('',#7603,#6165,#6166);
#5370=AXIS2_PLACEMENT_3D('',#7605,#6168,#6169);
#5371=AXIS2_PLACEMENT_3D('',#7611,#6172,#6173);
#5372=AXIS2_PLACEMENT_3D('',#7615,#6175,#6176);
#5373=AXIS2_PLACEMENT_3D('',#7619,#6178,#6179);
#5374=AXIS2_PLACEMENT_3D('',#7621,#6181,#6182);
#5375=AXIS2_PLACEMENT_3D('',#7623,#6184,#6185);
#5376=AXIS2_PLACEMENT_3D('',#7625,#6187,#6188);
#5377=AXIS2_PLACEMENT_3D('',#7627,#6190,#6191);
#5378=AXIS2_PLACEMENT_3D('',#7629,#6193,#6194);
#5379=AXIS2_PLACEMENT_3D('',#7631,#6196,#6197);
#5380=AXIS2_PLACEMENT_3D('',#7633,#6199,#6200);
#5381=AXIS2_PLACEMENT_3D('',#7635,#6202,#6203);
#5382=AXIS2_PLACEMENT_3D('',#7638,#6204,#6205);
#5383=AXIS2_PLACEMENT_3D('',#7642,#6207,#6208);
#5384=AXIS2_PLACEMENT_3D('',#7644,#6210,#6211);
#5385=AXIS2_PLACEMENT_3D('',#7650,#6215,#6216);
#5386=AXIS2_PLACEMENT_3D('',#7652,#6217,#6218);
#5387=AXIS2_PLACEMENT_3D('',#7654,#6219,#6220);
#5388=AXIS2_PLACEMENT_3D('',#7656,#6222,#6223);
#5389=AXIS2_PLACEMENT_3D('',#7662,#6227,#6228);
#5390=AXIS2_PLACEMENT_3D('',#7664,#6229,#6230);
#5391=AXIS2_PLACEMENT_3D('',#7666,#6231,#6232);
#5392=AXIS2_PLACEMENT_3D('',#7668,#6234,#6235);
#5393=AXIS2_PLACEMENT_3D('',#7674,#6238,#6239);
#5394=AXIS2_PLACEMENT_3D('',#7678,#6241,#6242);
#5395=AXIS2_PLACEMENT_3D('',#7682,#6244,#6245);
#5396=AXIS2_PLACEMENT_3D('',#7686,#6247,#6248);
#5397=AXIS2_PLACEMENT_3D('',#7688,#6250,#6251);
#5398=AXIS2_PLACEMENT_3D('',#7691,#6252,#6253);
#5399=AXIS2_PLACEMENT_3D('',#7694,#6256,#6257);
#5400=AXIS2_PLACEMENT_3D('',#7696,#6259,#6260);
#5401=AXIS2_PLACEMENT_3D('',#7702,#6263,#6264);
#5402=AXIS2_PLACEMENT_3D('',#7706,#6266,#6267);
#5403=AXIS2_PLACEMENT_3D('',#7710,#6269,#6270);
#5404=AXIS2_PLACEMENT_3D('',#7712,#6272,#6273);
#5405=AXIS2_PLACEMENT_3D('',#7714,#6275,#6276);
#5406=AXIS2_PLACEMENT_3D('',#7716,#6278,#6279);
#5407=AXIS2_PLACEMENT_3D('',#7718,#6281,#6282);
#5408=AXIS2_PLACEMENT_3D('',#7720,#6284,#6285);
#5409=AXIS2_PLACEMENT_3D('',#7722,#6287,#6288);
#5410=AXIS2_PLACEMENT_3D('',#7724,#6290,#6291);
#5411=AXIS2_PLACEMENT_3D('',#7726,#6293,#6294);
#5412=AXIS2_PLACEMENT_3D('',#7729,#6295,#6296);
#5413=AXIS2_PLACEMENT_3D('',#7733,#6298,#6299);
#5414=AXIS2_PLACEMENT_3D('',#7735,#6301,#6302);
#5415=AXIS2_PLACEMENT_3D('',#7741,#6306,#6307);
#5416=AXIS2_PLACEMENT_3D('',#7743,#6308,#6309);
#5417=AXIS2_PLACEMENT_3D('',#7745,#6310,#6311);
#5418=AXIS2_PLACEMENT_3D('',#7747,#6313,#6314);
#5419=AXIS2_PLACEMENT_3D('',#7753,#6318,#6319);
#5420=AXIS2_PLACEMENT_3D('',#7755,#6320,#6321);
#5421=AXIS2_PLACEMENT_3D('',#7757,#6322,#6323);
#5422=AXIS2_PLACEMENT_3D('',#7759,#6325,#6326);
#5423=AXIS2_PLACEMENT_3D('',#7765,#6329,#6330);
#5424=AXIS2_PLACEMENT_3D('',#7769,#6332,#6333);
#5425=AXIS2_PLACEMENT_3D('',#7773,#6335,#6336);
#5426=AXIS2_PLACEMENT_3D('',#7777,#6338,#6339);
#5427=AXIS2_PLACEMENT_3D('',#7779,#6341,#6342);
#5428=AXIS2_PLACEMENT_3D('',#7782,#6343,#6344);
#5429=AXIS2_PLACEMENT_3D('',#7785,#6347,#6348);
#5430=AXIS2_PLACEMENT_3D('',#7787,#6350,#6351);
#5431=AXIS2_PLACEMENT_3D('',#7793,#6354,#6355);
#5432=AXIS2_PLACEMENT_3D('',#7797,#6357,#6358);
#5433=AXIS2_PLACEMENT_3D('',#7801,#6360,#6361);
#5434=AXIS2_PLACEMENT_3D('',#7803,#6363,#6364);
#5435=AXIS2_PLACEMENT_3D('',#7805,#6366,#6367);
#5436=AXIS2_PLACEMENT_3D('',#7807,#6369,#6370);
#5437=AXIS2_PLACEMENT_3D('',#7809,#6372,#6373);
#5438=AXIS2_PLACEMENT_3D('',#7811,#6375,#6376);
#5439=AXIS2_PLACEMENT_3D('',#7813,#6378,#6379);
#5440=AXIS2_PLACEMENT_3D('',#7815,#6381,#6382);
#5441=AXIS2_PLACEMENT_3D('',#7817,#6384,#6385);
#5442=AXIS2_PLACEMENT_3D('',#7820,#6386,#6387);
#5443=AXIS2_PLACEMENT_3D('',#7824,#6389,#6390);
#5444=AXIS2_PLACEMENT_3D('',#7826,#6392,#6393);
#5445=AXIS2_PLACEMENT_3D('',#7832,#6397,#6398);
#5446=AXIS2_PLACEMENT_3D('',#7834,#6399,#6400);
#5447=AXIS2_PLACEMENT_3D('',#7836,#6401,#6402);
#5448=AXIS2_PLACEMENT_3D('',#7838,#6404,#6405);
#5449=AXIS2_PLACEMENT_3D('',#7844,#6409,#6410);
#5450=AXIS2_PLACEMENT_3D('',#7846,#6411,#6412);
#5451=AXIS2_PLACEMENT_3D('',#7848,#6413,#6414);
#5452=AXIS2_PLACEMENT_3D('',#7850,#6416,#6417);
#5453=AXIS2_PLACEMENT_3D('',#7856,#6420,#6421);
#5454=AXIS2_PLACEMENT_3D('',#7860,#6423,#6424);
#5455=AXIS2_PLACEMENT_3D('',#7864,#6426,#6427);
#5456=AXIS2_PLACEMENT_3D('',#7868,#6429,#6430);
#5457=AXIS2_PLACEMENT_3D('',#7870,#6432,#6433);
#5458=AXIS2_PLACEMENT_3D('',#7873,#6434,#6435);
#5459=AXIS2_PLACEMENT_3D('',#7876,#6438,#6439);
#5460=AXIS2_PLACEMENT_3D('',#7878,#6441,#6442);
#5461=AXIS2_PLACEMENT_3D('',#7884,#6445,#6446);
#5462=AXIS2_PLACEMENT_3D('',#7888,#6448,#6449);
#5463=AXIS2_PLACEMENT_3D('',#7892,#6451,#6452);
#5464=AXIS2_PLACEMENT_3D('',#7894,#6454,#6455);
#5465=AXIS2_PLACEMENT_3D('',#7896,#6457,#6458);
#5466=AXIS2_PLACEMENT_3D('',#7898,#6460,#6461);
#5467=AXIS2_PLACEMENT_3D('',#7900,#6463,#6464);
#5468=AXIS2_PLACEMENT_3D('',#7902,#6466,#6467);
#5469=AXIS2_PLACEMENT_3D('',#7904,#6469,#6470);
#5470=AXIS2_PLACEMENT_3D('',#7906,#6472,#6473);
#5471=AXIS2_PLACEMENT_3D('',#7908,#6475,#6476);
#5472=AXIS2_PLACEMENT_3D('',#7917,#6481,#6482);
#5473=AXIS2_PLACEMENT_3D('',#7923,#6486,#6487);
#5474=AXIS2_PLACEMENT_3D('',#7929,#6491,#6492);
#5475=AXIS2_PLACEMENT_3D('',#7932,#6495,#6496);
#5476=AXIS2_PLACEMENT_3D('',#7935,#6497,#6498);
#5477=AXIS2_PLACEMENT_3D('',#7939,#6500,#6501);
#5478=AXIS2_PLACEMENT_3D('',#7941,#6503,#6504);
#5479=AXIS2_PLACEMENT_3D('',#7944,#6505,#6506);
#5480=AXIS2_PLACEMENT_3D('',#7948,#6508,#6509);
#5481=AXIS2_PLACEMENT_3D('',#7950,#6511,#6512);
#5482=AXIS2_PLACEMENT_3D('',#7953,#6513,#6514);
#5483=AXIS2_PLACEMENT_3D('',#7957,#6516,#6517);
#5484=AXIS2_PLACEMENT_3D('',#7959,#6519,#6520);
#5485=AXIS2_PLACEMENT_3D('',#7962,#6521,#6522);
#5486=AXIS2_PLACEMENT_3D('',#7966,#6524,#6525);
#5487=AXIS2_PLACEMENT_3D('',#7968,#6527,#6528);
#5488=AXIS2_PLACEMENT_3D('',#7971,#6531,#6532);
#5489=AXIS2_PLACEMENT_3D('',#7974,#6535,#6536);
#5490=AXIS2_PLACEMENT_3D('',#7977,#6539,#6540);
#5491=AXIS2_PLACEMENT_3D('',#7983,#6544,#6545);
#5492=AXIS2_PLACEMENT_3D('',#7985,#6546,#6547);
#5493=AXIS2_PLACEMENT_3D('',#7987,#6548,#6549);
#5494=AXIS2_PLACEMENT_3D('',#7989,#6551,#6552);
#5495=AXIS2_PLACEMENT_3D('',#7995,#6556,#6557);
#5496=AXIS2_PLACEMENT_3D('',#7997,#6558,#6559);
#5497=AXIS2_PLACEMENT_3D('',#7999,#6560,#6561);
#5498=AXIS2_PLACEMENT_3D('',#8001,#6563,#6564);
#5499=AXIS2_PLACEMENT_3D('',#8007,#6568,#6569);
#5500=AXIS2_PLACEMENT_3D('',#8011,#6571,#6572);
#5501=AXIS2_PLACEMENT_3D('',#8013,#6574,#6575);
#5502=AXIS2_PLACEMENT_3D('',#8018,#6578,#6579);
#5503=AXIS2_PLACEMENT_3D('',#8019,#6580,#6581);
#5504=AXIS2_PLACEMENT_3D('',#8021,#6583,#6584);
#5505=AXIS2_PLACEMENT_3D('',#8023,#6586,#6587);
#5506=AXIS2_PLACEMENT_3D('',#8032,#6592,#6593);
#5507=AXIS2_PLACEMENT_3D('',#8041,#6598,#6599);
#5508=AXIS2_PLACEMENT_3D('',#8044,#6602,#6603);
#5509=AXIS2_PLACEMENT_3D('',#8047,#6606,#6607);
#5510=AXIS2_PLACEMENT_3D('',#8048,#6608,#6609);
#5511=AXIS2_PLACEMENT_3D('',#8054,#6613,#6614);
#5512=AXIS2_PLACEMENT_3D('',#8060,#6618,#6619);
#5513=AXIS2_PLACEMENT_3D('',#8062,#6621,#6622);
#5514=AXIS2_PLACEMENT_3D('',#8064,#6624,#6625);
#5515=AXIS2_PLACEMENT_3D('',#8065,#6626,#6627);
#5516=AXIS2_PLACEMENT_3D('',#8074,#6632,#6633);
#5517=AXIS2_PLACEMENT_3D('',#8084,#6639,#6640);
#5518=AXIS2_PLACEMENT_3D('',#8094,#6646,#6647);
#5519=AXIS2_PLACEMENT_3D('',#8100,#6651,#6652);
#5520=AXIS2_PLACEMENT_3D('',#8106,#6656,#6657);
#5521=AXIS2_PLACEMENT_3D('',#8112,#6661,#6662);
#5522=AXIS2_PLACEMENT_3D('',#8118,#6666,#6667);
#5523=AXIS2_PLACEMENT_3D('',#8124,#6671,#6672);
#5524=AXIS2_PLACEMENT_3D('',#8130,#6676,#6677);
#5525=AXIS2_PLACEMENT_3D('',#8140,#6683,#6684);
#5526=AXIS2_PLACEMENT_3D('',#8150,#6690,#6691);
#5527=AXIS2_PLACEMENT_3D('',#8153,#6694,#6695);
#5528=AXIS2_PLACEMENT_3D('',#8159,#6699,#6700);
#5529=AXIS2_PLACEMENT_3D('',#8165,#6704,#6705);
#5530=AXIS2_PLACEMENT_3D('',#8171,#6709,#6710);
#5531=AXIS2_PLACEMENT_3D('',#8177,#6714,#6715);
#5532=AXIS2_PLACEMENT_3D('',#8183,#6719,#6720);
#5533=AXIS2_PLACEMENT_3D('',#8187,#6723,#6724);
#5534=AXIS2_PLACEMENT_3D('',#8191,#6727,#6728);
#5535=AXIS2_PLACEMENT_3D('',#8193,#6730,#6731);
#5536=AXIS2_PLACEMENT_3D('',#8202,#6736,#6737);
#5537=AXIS2_PLACEMENT_3D('',#8208,#6741,#6742);
#5538=AXIS2_PLACEMENT_3D('',#8213,#6746,#6747);
#5539=AXIS2_PLACEMENT_3D('',#8222,#6752,#6753);
#5540=AXIS2_PLACEMENT_3D('',#8229,#6758,#6759);
#5541=AXIS2_PLACEMENT_3D('',#8233,#6762,#6763);
#5542=AXIS2_PLACEMENT_3D('',#8239,#6767,#6768);
#5543=AXIS2_PLACEMENT_3D('',#8245,#6772,#6773);
#5544=AXIS2_PLACEMENT_3D('',#8251,#6777,#6778);
#5545=AXIS2_PLACEMENT_3D('',#8257,#6782,#6783);
#5546=AXIS2_PLACEMENT_3D('',#8263,#6787,#6788);
#5547=AXIS2_PLACEMENT_3D('',#8269,#6792,#6793);
#5548=AXIS2_PLACEMENT_3D('',#8275,#6797,#6798);
#5549=AXIS2_PLACEMENT_3D('',#8281,#6802,#6803);
#5550=AXIS2_PLACEMENT_3D('',#8285,#6806,#6807);
#5551=AXIS2_PLACEMENT_3D('',#8289,#6810,#6811);
#5552=AXIS2_PLACEMENT_3D('',#8293,#6814,#6815);
#5553=AXIS2_PLACEMENT_3D('',#8297,#6818,#6819);
#5554=AXIS2_PLACEMENT_3D('',#8301,#6822,#6823);
#5555=AXIS2_PLACEMENT_3D('',#8305,#6826,#6827);
#5556=AXIS2_PLACEMENT_3D('',#8309,#6830,#6831);
#5557=AXIS2_PLACEMENT_3D('',#8313,#6834,#6835);
#5558=AXIS2_PLACEMENT_3D('',#8319,#6839,#6840);
#5559=AXIS2_PLACEMENT_3D('',#8325,#6844,#6845);
#5560=AXIS2_PLACEMENT_3D('',#8329,#6848,#6849);
#5561=AXIS2_PLACEMENT_3D('',#8333,#6852,#6853);
#5562=AXIS2_PLACEMENT_3D('',#8352,#6866,#6867);
#5563=AXIS2_PLACEMENT_3D('',#8356,#6870,#6871);
#5564=AXIS2_PLACEMENT_3D('',#8369,#6880,#6881);
#5565=AXIS2_PLACEMENT_3D('',#8380,#6889,#6890);
#5566=AXIS2_PLACEMENT_3D('',#8386,#6894,#6895);
#5567=AXIS2_PLACEMENT_3D('',#8390,#6898,#6899);
#5568=AXIS2_PLACEMENT_3D('',#8394,#6902,#6903);
#5569=AXIS2_PLACEMENT_3D('',#8401,#6908,#6909);
#5570=AXIS2_PLACEMENT_3D('',#8405,#6912,#6913);
#5571=AXIS2_PLACEMENT_3D('',#8406,#6914,#6915);
#5572=AXIS2_PLACEMENT_3D('',#8407,#6916,#6917);
#5573=AXIS2_PLACEMENT_3D('',#8409,#6919,#6920);
#5574=AXIS2_PLACEMENT_3D('',#8410,#6921,#6922);
#5575=AXIS2_PLACEMENT_3D('',#8412,#6924,#6925);
#5576=AXIS2_PLACEMENT_3D('',#8414,#6927,#6928);
#5577=AXIS2_PLACEMENT_3D('',#8416,#6930,#6931);
#5578=AXIS2_PLACEMENT_3D('',#8417,#6932,#6933);
#5579=AXIS2_PLACEMENT_3D('',#8418,#6934,#6935);
#5580=AXIS2_PLACEMENT_3D('',#8419,#6936,#6937);
#5581=AXIS2_PLACEMENT_3D('',#8421,#6939,#6940);
#5582=AXIS2_PLACEMENT_3D('',#8422,#6941,#6942);
#5583=AXIS2_PLACEMENT_3D('',#8424,#6944,#6945);
#5584=AXIS2_PLACEMENT_3D('',#8426,#6947,#6948);
#5585=AXIS2_PLACEMENT_3D('',#8427,#6949,#6950);
#5586=AXIS2_PLACEMENT_3D('',#8431,#6953,#6954);
#5587=AXIS2_PLACEMENT_3D('',#8433,#6956,#6957);
#5588=AXIS2_PLACEMENT_3D('',#8434,#6958,#6959);
#5589=DIRECTION('axis',(0.,0.,1.));
#5590=DIRECTION('refdir',(1.,0.,0.));
#5591=DIRECTION('axis',(0.,0.,1.));
#5592=DIRECTION('refdir',(1.,0.,0.));
#5593=DIRECTION('center_axis',(0.,0.707106781186548,-0.707106781186548));
#5594=DIRECTION('ref_axis',(0.,0.707106781186548,0.707106781186548));
#5595=DIRECTION('',(0.,0.707106781186548,0.707106781186548));
#5596=DIRECTION('',(1.,0.,0.));
#5597=DIRECTION('',(0.,0.707106781186548,0.707106781186548));
#5598=DIRECTION('',(1.,0.,0.));
#5599=DIRECTION('center_axis',(0.,1.,3.491481338843E-15));
#5600=DIRECTION('ref_axis',(-1.,0.,0.));
#5601=DIRECTION('',(0.,-3.491481338843E-15,1.));
#5602=DIRECTION('',(1.,0.,0.));
#5603=DIRECTION('',(0.,-3.491481338843E-15,1.));
#5604=DIRECTION('center_axis',(0.,3.491481338843E-15,-1.));
#5605=DIRECTION('ref_axis',(0.,1.,3.491481338843E-15));
#5606=DIRECTION('',(0.,1.,3.491481338843E-15));
#5607=DIRECTION('',(1.,0.,0.));
#5608=DIRECTION('',(0.,1.,3.491481338843E-15));
#5609=DIRECTION('center_axis',(0.,1.,3.998358427147E-15));
#5610=DIRECTION('ref_axis',(0.,-3.998358427147E-15,1.));
#5611=DIRECTION('',(0.,-3.998358427147E-15,1.));
#5612=DIRECTION('',(1.,0.,0.));
#5613=DIRECTION('',(0.,-3.998358427147E-15,1.));
#5614=DIRECTION('center_axis',(0.,0.707106781186548,-0.707106781186548));
#5615=DIRECTION('ref_axis',(0.,0.707106781186548,0.707106781186548));
#5616=DIRECTION('',(0.,0.707106781186548,0.707106781186548));
#5617=DIRECTION('',(1.,0.,0.));
#5618=DIRECTION('',(0.,0.707106781186548,0.707106781186548));
#5619=DIRECTION('center_axis',(0.,3.491481338843E-15,-1.));
#5620=DIRECTION('ref_axis',(0.,1.,3.491481338843E-15));
#5621=DIRECTION('',(0.,1.,3.491481338843E-15));
#5622=DIRECTION('',(-1.,0.,0.));
#5623=DIRECTION('',(0.,1.,3.491481338843E-15));
#5624=DIRECTION('center_axis',(0.,-0.969790286816121,-0.24394015577003));
#5625=DIRECTION('ref_axis',(0.,0.24394015577003,-0.969790286816121));
#5626=DIRECTION('',(0.,0.24394015577003,-0.969790286816121));
#5627=DIRECTION('',(1.,0.,0.));
#5628=DIRECTION('',(0.,0.24394015577003,-0.969790286816121));
#5629=DIRECTION('',(-1.,0.,0.));
#5630=DIRECTION('center_axis',(0.,-1.,-3.250542146693E-15));
#5631=DIRECTION('ref_axis',(0.,3.250542146693E-15,-1.));
#5632=DIRECTION('',(0.,3.250542146693E-15,-1.));
#5633=DIRECTION('',(1.,0.,0.));
#5634=DIRECTION('',(0.,3.250542146693E-15,-1.));
#5635=DIRECTION('',(-1.,0.,0.));
#5636=DIRECTION('center_axis',(0.,-0.469521036053514,0.882921285677967));
#5637=DIRECTION('ref_axis',(0.,-0.882921285677967,-0.469521036053514));
#5638=DIRECTION('',(0.,-0.882921285677967,-0.469521036053514));
#5639=DIRECTION('',(1.,0.,0.));
#5640=DIRECTION('',(0.,-0.882921285677967,-0.469521036053514));
#5641=DIRECTION('',(1.,0.,0.));
#5642=DIRECTION('center_axis',(0.,-1.,-3.368785786173E-15));
#5643=DIRECTION('ref_axis',(0.,3.368785786173E-15,-1.));
#5644=DIRECTION('',(0.,3.368785786173E-15,-1.));
#5645=DIRECTION('',(1.,0.,0.));
#5646=DIRECTION('',(0.,3.368785786173E-15,-1.));
#5647=DIRECTION('center_axis',(0.,-3.39586755473E-15,1.));
#5648=DIRECTION('ref_axis',(0.,-1.,-3.39586755473E-15));
#5649=DIRECTION('',(0.,-1.,-3.39586755473E-15));
#5650=DIRECTION('',(1.,0.,0.));
#5651=DIRECTION('',(0.,-1.,-3.39586755473E-15));
#5652=DIRECTION('center_axis',(0.,-0.34202014332537,0.939692620786017));
#5653=DIRECTION('ref_axis',(0.,-0.939692620786017,-0.34202014332537));
#5654=DIRECTION('',(0.,-0.939692620786017,-0.34202014332537));
#5655=DIRECTION('',(1.,0.,0.));
#5656=DIRECTION('',(0.,-0.939692620786017,-0.34202014332537));
#5657=DIRECTION('center_axis',(0.,-3.339844671362E-15,1.));
#5658=DIRECTION('ref_axis',(0.,-1.,-3.339844671362E-15));
#5659=DIRECTION('',(0.,-1.,-3.339844671362E-15));
#5660=DIRECTION('',(-1.,0.,0.));
#5661=DIRECTION('',(0.,-1.,-3.339844671362E-15));
#5662=DIRECTION('center_axis',(0.,1.,3.491481338843E-15));
#5663=DIRECTION('ref_axis',(-1.,0.,0.));
#5664=DIRECTION('',(0.,-3.491481338843E-15,1.));
#5665=DIRECTION('',(-1.,0.,0.));
#5666=DIRECTION('',(0.,-3.491481338843E-15,1.));
#5667=DIRECTION('',(1.,0.,0.));
#5668=DIRECTION('center_axis',(1.,0.,0.));
#5669=DIRECTION('ref_axis',(0.,1.,3.491481338843E-15));
#5670=DIRECTION('center_axis',(-1.,0.,0.));
#5671=DIRECTION('ref_axis',(0.,1.,2.168404344971E-15));
#5672=DIRECTION('center_axis',(-1.,0.,0.));
#5673=DIRECTION('ref_axis',(0.,1.,3.903127820947E-14));
#5674=DIRECTION('center_axis',(-1.,0.,0.));
#5675=DIRECTION('ref_axis',(0.,1.,3.523657060577E-15));
#5676=DIRECTION('center_axis',(-1.,0.,0.));
#5677=DIRECTION('ref_axis',(0.,1.,0.));
#5678=DIRECTION('center_axis',(-1.,0.,0.));
#5679=DIRECTION('ref_axis',(0.,1.,1.084202172485E-14));
#5680=DIRECTION('center_axis',(-1.,0.,0.));
#5681=DIRECTION('ref_axis',(0.,1.,-2.168404344971E-15));
#5682=DIRECTION('center_axis',(1.,0.,0.));
#5683=DIRECTION('ref_axis',(0.,1.,3.491481338843E-15));
#5684=DIRECTION('center_axis',(1.,0.,0.));
#5685=DIRECTION('ref_axis',(0.,1.,4.336808689942E-15));
#5686=DIRECTION('center_axis',(1.,0.,0.));
#5687=DIRECTION('ref_axis',(0.,1.,4.336808689942E-15));
#5688=DIRECTION('center_axis',(1.,0.,0.));
#5689=DIRECTION('ref_axis',(0.,1.,4.336808689942E-15));
#5690=DIRECTION('center_axis',(1.,0.,0.));
#5691=DIRECTION('ref_axis',(0.,1.,4.336808689942E-15));
#5692=DIRECTION('center_axis',(1.,0.,0.));
#5693=DIRECTION('ref_axis',(0.,1.,3.523657060577E-15));
#5694=DIRECTION('center_axis',(1.,0.,0.));
#5695=DIRECTION('ref_axis',(0.,1.,4.336808689942E-15));
#5696=DIRECTION('center_axis',(1.,0.,0.));
#5697=DIRECTION('ref_axis',(0.,1.,4.336808689942E-15));
#5698=DIRECTION('center_axis',(1.,0.,0.));
#5699=DIRECTION('ref_axis',(0.,1.,4.336808689942E-15));
#5700=DIRECTION('center_axis',(1.,0.,0.));
#5701=DIRECTION('ref_axis',(0.,1.,3.523657060577E-15));
#5702=DIRECTION('center_axis',(1.,0.,0.));
#5703=DIRECTION('ref_axis',(0.,1.,4.336808689942E-15));
#5704=DIRECTION('center_axis',(1.,0.,0.));
#5705=DIRECTION('ref_axis',(0.,1.,4.336808689942E-15));
#5706=DIRECTION('',(1.,0.,0.));
#5707=DIRECTION('center_axis',(1.,0.,0.));
#5708=DIRECTION('ref_axis',(0.,1.,4.336808689942E-15));
#5709=DIRECTION('center_axis',(0.,0.707106781186548,-0.707106781186548));
#5710=DIRECTION('ref_axis',(0.,0.707106781186548,0.707106781186548));
#5711=DIRECTION('',(0.,0.707106781186548,0.707106781186548));
#5712=DIRECTION('',(-1.,0.,0.));
#5713=DIRECTION('',(0.,0.707106781186548,0.707106781186548));
#5714=DIRECTION('',(-1.,0.,0.));
#5715=DIRECTION('center_axis',(0.,1.,3.491481338843E-15));
#5716=DIRECTION('ref_axis',(1.,0.,0.));
#5717=DIRECTION('',(0.,-3.491481338843E-15,1.));
#5718=DIRECTION('',(0.,-3.491481338843E-15,1.));
#5719=DIRECTION('',(-1.,0.,0.));
#5720=DIRECTION('center_axis',(0.,3.491481338843E-15,-1.));
#5721=DIRECTION('ref_axis',(0.,1.,3.491481338843E-15));
#5722=DIRECTION('',(0.,1.,3.491481338843E-15));
#5723=DIRECTION('',(0.,1.,3.491481338843E-15));
#5724=DIRECTION('',(-1.,0.,0.));
#5725=DIRECTION('center_axis',(0.,1.,3.998358427147E-15));
#5726=DIRECTION('ref_axis',(0.,-3.998358427147E-15,1.));
#5727=DIRECTION('',(0.,-3.998358427147E-15,1.));
#5728=DIRECTION('',(0.,-3.998358427147E-15,1.));
#5729=DIRECTION('',(-1.,0.,0.));
#5730=DIRECTION('center_axis',(0.,0.707106781186548,-0.707106781186548));
#5731=DIRECTION('ref_axis',(0.,0.707106781186548,0.707106781186548));
#5732=DIRECTION('',(0.,0.707106781186548,0.707106781186548));
#5733=DIRECTION('',(0.,0.707106781186548,0.707106781186548));
#5734=DIRECTION('',(-1.,0.,0.));
#5735=DIRECTION('center_axis',(0.,3.491481338843E-15,-1.));
#5736=DIRECTION('ref_axis',(0.,1.,3.491481338843E-15));
#5737=DIRECTION('',(0.,1.,3.491481338843E-15));
#5738=DIRECTION('',(1.,0.,0.));
#5739=DIRECTION('',(0.,1.,3.491481338843E-15));
#5740=DIRECTION('center_axis',(0.,-0.969790286816121,-0.24394015577003));
#5741=DIRECTION('ref_axis',(0.,0.24394015577003,-0.969790286816121));
#5742=DIRECTION('',(0.,0.24394015577003,-0.969790286816121));
#5743=DIRECTION('',(1.,0.,0.));
#5744=DIRECTION('',(0.,0.24394015577003,-0.969790286816121));
#5745=DIRECTION('',(-1.,0.,0.));
#5746=DIRECTION('center_axis',(0.,-1.,-3.250542146693E-15));
#5747=DIRECTION('ref_axis',(0.,3.250542146693E-15,-1.));
#5748=DIRECTION('',(0.,3.250542146693E-15,-1.));
#5749=DIRECTION('',(1.,0.,0.));
#5750=DIRECTION('',(0.,3.250542146693E-15,-1.));
#5751=DIRECTION('',(-1.,0.,0.));
#5752=DIRECTION('center_axis',(0.,-0.469521036053514,0.882921285677967));
#5753=DIRECTION('ref_axis',(0.,-0.882921285677967,-0.469521036053514));
#5754=DIRECTION('',(0.,-0.882921285677967,-0.469521036053514));
#5755=DIRECTION('',(-1.,0.,0.));
#5756=DIRECTION('',(0.,-0.882921285677967,-0.469521036053514));
#5757=DIRECTION('',(-1.,0.,0.));
#5758=DIRECTION('center_axis',(0.,-1.,-3.368785786173E-15));
#5759=DIRECTION('ref_axis',(0.,3.368785786173E-15,-1.));
#5760=DIRECTION('',(0.,3.368785786173E-15,-1.));
#5761=DIRECTION('',(0.,3.368785786173E-15,-1.));
#5762=DIRECTION('',(-1.,0.,0.));
#5763=DIRECTION('center_axis',(0.,-3.39586755473E-15,1.));
#5764=DIRECTION('ref_axis',(0.,-1.,-3.39586755473E-15));
#5765=DIRECTION('',(0.,-1.,-3.39586755473E-15));
#5766=DIRECTION('',(0.,-1.,-3.39586755473E-15));
#5767=DIRECTION('',(-1.,0.,0.));
#5768=DIRECTION('center_axis',(0.,-0.34202014332537,0.939692620786017));
#5769=DIRECTION('ref_axis',(0.,-0.939692620786017,-0.34202014332537));
#5770=DIRECTION('',(0.,-0.939692620786017,-0.34202014332537));
#5771=DIRECTION('',(0.,-0.939692620786017,-0.34202014332537));
#5772=DIRECTION('',(-1.,0.,0.));
#5773=DIRECTION('center_axis',(0.,-3.339844671362E-15,1.));
#5774=DIRECTION('ref_axis',(0.,-1.,-3.339844671362E-15));
#5775=DIRECTION('',(0.,-1.,-3.339844671362E-15));
#5776=DIRECTION('',(0.,-1.,-3.339844671362E-15));
#5777=DIRECTION('',(1.,0.,0.));
#5778=DIRECTION('center_axis',(0.,1.,3.491481338843E-15));
#5779=DIRECTION('ref_axis',(1.,0.,0.));
#5780=DIRECTION('',(0.,-3.491481338843E-15,1.));
#5781=DIRECTION('',(-1.,0.,0.));
#5782=DIRECTION('',(0.,-3.491481338843E-15,1.));
#5783=DIRECTION('',(1.,0.,0.));
#5784=DIRECTION('center_axis',(-1.,0.,0.));
#5785=DIRECTION('ref_axis',(0.,1.,3.491481338843E-15));
#5786=DIRECTION('center_axis',(-1.,0.,0.));
#5787=DIRECTION('ref_axis',(0.,1.,-2.168404344971E-15));
#5788=DIRECTION('center_axis',(-1.,0.,0.));
#5789=DIRECTION('ref_axis',(0.,1.,1.084202172485E-14));
#5790=DIRECTION('center_axis',(-1.,0.,0.));
#5791=DIRECTION('ref_axis',(0.,1.,0.));
#5792=DIRECTION('center_axis',(-1.,0.,0.));
#5793=DIRECTION('ref_axis',(0.,1.,3.523657060577E-15));
#5794=DIRECTION('center_axis',(-1.,0.,0.));
#5795=DIRECTION('ref_axis',(0.,1.,3.903127820947E-14));
#5796=DIRECTION('center_axis',(-1.,0.,0.));
#5797=DIRECTION('ref_axis',(0.,1.,2.168404344971E-15));
#5798=DIRECTION('center_axis',(-1.,0.,0.));
#5799=DIRECTION('ref_axis',(0.,1.,3.491481338843E-15));
#5800=DIRECTION('center_axis',(1.,0.,0.));
#5801=DIRECTION('ref_axis',(0.,1.,4.336808689942E-15));
#5802=DIRECTION('center_axis',(1.,0.,0.));
#5803=DIRECTION('ref_axis',(0.,1.,3.523657060577E-15));
#5804=DIRECTION('center_axis',(1.,0.,0.));
#5805=DIRECTION('ref_axis',(0.,1.,4.336808689942E-15));
#5806=DIRECTION('center_axis',(1.,0.,0.));
#5807=DIRECTION('ref_axis',(0.,1.,4.336808689942E-15));
#5808=DIRECTION('center_axis',(1.,0.,0.));
#5809=DIRECTION('ref_axis',(0.,1.,4.336808689942E-15));
#5810=DIRECTION('center_axis',(1.,0.,0.));
#5811=DIRECTION('ref_axis',(0.,1.,4.336808689942E-15));
#5812=DIRECTION('center_axis',(-1.,0.,0.));
#5813=DIRECTION('ref_axis',(0.,1.,4.336808689942E-15));
#5814=DIRECTION('center_axis',(-1.,0.,0.));
#5815=DIRECTION('ref_axis',(0.,1.,4.336808689942E-15));
#5816=DIRECTION('center_axis',(-1.,0.,0.));
#5817=DIRECTION('ref_axis',(0.,1.,3.523657060577E-15));
#5818=DIRECTION('center_axis',(-1.,0.,0.));
#5819=DIRECTION('ref_axis',(0.,1.,4.336808689942E-15));
#5820=DIRECTION('center_axis',(-1.,0.,0.));
#5821=DIRECTION('ref_axis',(0.,1.,4.336808689942E-15));
#5822=DIRECTION('',(-1.,0.,0.));
#5823=DIRECTION('center_axis',(-1.,0.,0.));
#5824=DIRECTION('ref_axis',(0.,1.,4.336808689942E-15));
#5825=DIRECTION('center_axis',(0.,0.,-1.));
#5826=DIRECTION('ref_axis',(-1.,0.,0.));
#5827=DIRECTION('',(0.,1.,0.));
#5828=DIRECTION('',(-1.,-1.224646799147E-16,0.));
#5829=DIRECTION('',(-0.49999999999944,-0.866025403784762,0.));
#5830=DIRECTION('',(0.,1.,0.));
#5831=DIRECTION('',(1.,1.327594496921E-16,0.));
#5832=DIRECTION('center_axis',(0.,0.,-1.));
#5833=DIRECTION('ref_axis',(-1.,0.,0.));
#5834=DIRECTION('',(1.,1.327594496921E-16,0.));
#5835=DIRECTION('',(-1.261823884255E-31,-1.,0.));
#5836=DIRECTION('',(-0.50000000000019,0.866025403784329,0.));
#5837=DIRECTION('',(-1.,-1.224646799147E-16,0.));
#5838=DIRECTION('',(-0.50000000000019,-0.866025403784329,0.));
#5839=DIRECTION('',(0.,1.,0.));
#5840=DIRECTION('center_axis',(0.,0.,-1.));
#5841=DIRECTION('ref_axis',(-1.,0.,0.));
#5842=DIRECTION('',(-0.50000000000019,0.866025403784329,0.));
#5843=DIRECTION('',(-1.,-1.224646799147E-16,0.));
#5844=DIRECTION('',(-0.49999999999944,-0.866025403784762,0.));
#5845=DIRECTION('',(0.,1.,0.));
#5846=DIRECTION('',(1.,1.327594496921E-16,0.));
#5847=DIRECTION('',(-1.261823884255E-31,-1.,0.));
#5848=DIRECTION('center_axis',(0.,0.,-1.));
#5849=DIRECTION('ref_axis',(-1.,0.,0.));
#5850=DIRECTION('',(-0.49999999999944,0.866025403784762,0.));
#5851=DIRECTION('',(-1.,-1.224646799147E-16,0.));
#5852=DIRECTION('',(-0.50000000000019,-0.866025403784329,0.));
#5853=DIRECTION('',(0.,1.,0.));
#5854=DIRECTION('',(1.,1.327594496921E-16,0.));
#5855=DIRECTION('',(-1.261823884255E-31,-1.,0.));
#5856=DIRECTION('center_axis',(0.,0.,-1.));
#5857=DIRECTION('ref_axis',(-1.,0.,0.));
#5858=DIRECTION('',(-0.50000000000019,0.866025403784329,0.));
#5859=DIRECTION('',(-1.,-1.224646799147E-16,0.));
#5860=DIRECTION('',(-0.50000000000019,-0.866025403784329,0.));
#5861=DIRECTION('',(0.,1.,0.));
#5862=DIRECTION('',(1.,1.327594496921E-16,0.));
#5863=DIRECTION('',(-1.261823884255E-31,-1.,0.));
#5864=DIRECTION('center_axis',(0.,0.,-1.));
#5865=DIRECTION('ref_axis',(-1.,0.,0.));
#5866=DIRECTION('',(0.,-1.,0.));
#5867=DIRECTION('',(1.,1.327594496921E-16,0.));
#5868=DIRECTION('',(-1.261823884255E-31,-1.,0.));
#5869=DIRECTION('',(-0.49999999999944,0.866025403784762,0.));
#5870=DIRECTION('',(-1.,-1.224646799147E-16,0.));
#5871=DIRECTION('center_axis',(0.,0.34202014332537,0.939692620786017));
#5872=DIRECTION('ref_axis',(1.,0.,0.));
#5873=DIRECTION('',(-0.323615577118323,0.889126490715888,-0.323615577118323));
#5874=DIRECTION('',(-1.,0.,0.));
#5875=DIRECTION('',(-0.323615577118323,-0.889126490715888,0.323615577118323));
#5876=DIRECTION('',(1.,0.,0.));
#5877=DIRECTION('center_axis',(-0.939692620786017,0.34202014332537,1.19415694793129E-15));
#5878=DIRECTION('ref_axis',(2.21216319346602E-27,-3.4914813388438E-15,1.));
#5879=DIRECTION('',(-0.323615577118323,-0.889126490715888,-0.323615577118323));
#5880=DIRECTION('',(0.,-3.491481338843E-15,1.));
#5881=DIRECTION('',(0.,3.491481338843E-15,-1.));
#5882=DIRECTION('center_axis',(0.,0.34202014332537,-0.939692620786017));
#5883=DIRECTION('ref_axis',(1.,0.,0.));
#5884=DIRECTION('',(1.,0.,0.));
#5885=DIRECTION('',(-0.323615577118323,0.889126490715888,0.323615577118323));
#5886=DIRECTION('',(-1.,0.,0.));
#5887=DIRECTION('center_axis',(-0.939692620786017,-0.34202014332537,-1.19415694793129E-15));
#5888=DIRECTION('ref_axis',(2.21216319346602E-27,3.4914813388438E-15,-1.));
#5889=DIRECTION('',(0.,-3.491481338843E-15,1.));
#5890=DIRECTION('',(0.,3.491481338843E-15,-1.));
#5891=DIRECTION('center_axis',(0.,3.449781255285E-15,-1.));
#5892=DIRECTION('ref_axis',(0.,1.,3.449781255285E-15));
#5893=DIRECTION('',(0.,1.,3.449781255285E-15));
#5894=DIRECTION('',(0.,1.,3.449781255285E-15));
#5895=DIRECTION('',(-1.,0.,0.));
#5896=DIRECTION('center_axis',(-1.,0.,0.));
#5897=DIRECTION('ref_axis',(0.,-1.,-3.491481338843E-15));
#5898=DIRECTION('',(0.,-1.,-3.376806109061E-15));
#5899=DIRECTION('',(0.,-3.491481338843E-15,1.));
#5900=DIRECTION('center_axis',(0.,-3.376806109061E-15,1.));
#5901=DIRECTION('ref_axis',(0.,-1.,-3.376806109061E-15));
#5902=DIRECTION('',(0.,-1.,-3.376806109061E-15));
#5903=DIRECTION('',(1.,0.,0.));
#5904=DIRECTION('center_axis',(-1.,0.,0.));
#5905=DIRECTION('ref_axis',(0.,-1.,-3.491481338843E-15));
#5906=DIRECTION('',(0.,-3.491481338843E-15,1.));
#5907=DIRECTION('center_axis',(0.,1.,3.491481338843E-15));
#5908=DIRECTION('ref_axis',(-1.,0.,0.));
#5909=DIRECTION('center_axis',(0.,0.34202014332537,0.939692620786017));
#5910=DIRECTION('ref_axis',(1.,0.,0.));
#5911=DIRECTION('',(-0.323615577118323,0.889126490715888,-0.323615577118323));
#5912=DIRECTION('',(-1.,0.,0.));
#5913=DIRECTION('',(-0.323615577118323,-0.889126490715888,0.323615577118323));
#5914=DIRECTION('',(1.,0.,0.));
#5915=DIRECTION('center_axis',(-0.939692620786017,0.34202014332537,1.19415694793129E-15));
#5916=DIRECTION('ref_axis',(2.21216319346602E-27,-3.4914813388438E-15,1.));
#5917=DIRECTION('',(-0.323615577118323,-0.889126490715888,-0.323615577118323));
#5918=DIRECTION('',(0.,-3.491481338843E-15,1.));
#5919=DIRECTION('',(0.,3.491481338843E-15,-1.));
#5920=DIRECTION('center_axis',(0.,0.34202014332537,-0.939692620786017));
#5921=DIRECTION('ref_axis',(1.,0.,0.));
#5922=DIRECTION('',(1.,0.,0.));
#5923=DIRECTION('',(-0.323615577118323,0.889126490715888,0.323615577118323));
#5924=DIRECTION('',(-1.,0.,0.));
#5925=DIRECTION('center_axis',(-0.939692620786017,-0.34202014332537,-1.19415694793129E-15));
#5926=DIRECTION('ref_axis',(2.21216319346602E-27,3.4914813388438E-15,-1.));
#5927=DIRECTION('',(0.,-3.491481338843E-15,1.));
#5928=DIRECTION('',(0.,3.491481338843E-15,-1.));
#5929=DIRECTION('center_axis',(0.,3.449781255285E-15,-1.));
#5930=DIRECTION('ref_axis',(0.,1.,3.449781255285E-15));
#5931=DIRECTION('',(0.,1.,3.449781255285E-15));
#5932=DIRECTION('',(0.,1.,3.449781255285E-15));
#5933=DIRECTION('',(-1.,0.,0.));
#5934=DIRECTION('center_axis',(-1.,0.,0.));
#5935=DIRECTION('ref_axis',(0.,-1.,-3.491481338843E-15));
#5936=DIRECTION('',(0.,-1.,-3.376806109061E-15));
#5937=DIRECTION('',(0.,-3.491481338843E-15,1.));
#5938=DIRECTION('center_axis',(0.,-3.376806109061E-15,1.));
#5939=DIRECTION('ref_axis',(0.,-1.,-3.376806109061E-15));
#5940=DIRECTION('',(0.,-1.,-3.376806109061E-15));
#5941=DIRECTION('',(1.,0.,0.));
#5942=DIRECTION('center_axis',(-1.,0.,0.));
#5943=DIRECTION('ref_axis',(0.,-1.,-3.491481338843E-15));
#5944=DIRECTION('',(0.,-3.491481338843E-15,1.));
#5945=DIRECTION('center_axis',(0.,1.,3.491481338843E-15));
#5946=DIRECTION('ref_axis',(-1.,0.,0.));
#5947=DIRECTION('center_axis',(0.,0.34202014332537,0.939692620786017));
#5948=DIRECTION('ref_axis',(1.,0.,0.));
#5949=DIRECTION('',(-0.323615577118323,0.889126490715888,-0.323615577118323));
#5950=DIRECTION('',(-1.,0.,0.));
#5951=DIRECTION('',(-0.323615577118323,-0.889126490715888,0.323615577118323));
#5952=DIRECTION('',(1.,0.,0.));
#5953=DIRECTION('center_axis',(-0.939692620786017,0.34202014332537,1.19415694793129E-15));
#5954=DIRECTION('ref_axis',(2.21216319346602E-27,-3.4914813388438E-15,1.));
#5955=DIRECTION('',(-0.323615577118323,-0.889126490715888,-0.323615577118323));
#5956=DIRECTION('',(0.,-3.491481338843E-15,1.));
#5957=DIRECTION('',(0.,3.491481338843E-15,-1.));
#5958=DIRECTION('center_axis',(0.,0.34202014332537,-0.939692620786017));
#5959=DIRECTION('ref_axis',(1.,0.,0.));
#5960=DIRECTION('',(1.,0.,0.));
#5961=DIRECTION('',(-0.323615577118323,0.889126490715888,0.323615577118323));
#5962=DIRECTION('',(-1.,0.,0.));
#5963=DIRECTION('center_axis',(-0.939692620786017,-0.34202014332537,-1.19415694793129E-15));
#5964=DIRECTION('ref_axis',(2.21216319346602E-27,3.4914813388438E-15,-1.));
#5965=DIRECTION('',(0.,-3.491481338843E-15,1.));
#5966=DIRECTION('',(0.,3.491481338843E-15,-1.));
#5967=DIRECTION('center_axis',(0.,3.449781255285E-15,-1.));
#5968=DIRECTION('ref_axis',(0.,1.,3.449781255285E-15));
#5969=DIRECTION('',(0.,1.,3.449781255285E-15));
#5970=DIRECTION('',(0.,1.,3.449781255285E-15));
#5971=DIRECTION('',(-1.,0.,0.));
#5972=DIRECTION('center_axis',(-1.,0.,0.));
#5973=DIRECTION('ref_axis',(0.,-1.,-3.491481338843E-15));
#5974=DIRECTION('',(0.,-1.,-3.376806109061E-15));
#5975=DIRECTION('',(0.,-3.491481338843E-15,1.));
#5976=DIRECTION('center_axis',(0.,-3.376806109061E-15,1.));
#5977=DIRECTION('ref_axis',(0.,-1.,-3.376806109061E-15));
#5978=DIRECTION('',(0.,-1.,-3.376806109061E-15));
#5979=DIRECTION('',(1.,0.,0.));
#5980=DIRECTION('center_axis',(-1.,0.,0.));
#5981=DIRECTION('ref_axis',(0.,-1.,-3.491481338843E-15));
#5982=DIRECTION('',(0.,-3.491481338843E-15,1.));
#5983=DIRECTION('center_axis',(0.,1.,3.491481338843E-15));
#5984=DIRECTION('ref_axis',(-1.,0.,0.));
#5985=DIRECTION('center_axis',(0.,0.34202014332537,0.939692620786017));
#5986=DIRECTION('ref_axis',(1.,0.,0.));
#5987=DIRECTION('',(-0.323615577118323,0.889126490715888,-0.323615577118323));
#5988=DIRECTION('',(-1.,0.,0.));
#5989=DIRECTION('',(-0.323615577118323,-0.889126490715888,0.323615577118323));
#5990=DIRECTION('',(1.,0.,0.));
#5991=DIRECTION('center_axis',(-0.939692620786017,0.34202014332537,1.19415694793129E-15));
#5992=DIRECTION('ref_axis',(2.21216319346602E-27,-3.4914813388438E-15,1.));
#5993=DIRECTION('',(-0.323615577118323,-0.889126490715888,-0.323615577118323));
#5994=DIRECTION('',(0.,-3.491481338843E-15,1.));
#5995=DIRECTION('',(0.,3.491481338843E-15,-1.));
#5996=DIRECTION('center_axis',(0.,0.34202014332537,-0.939692620786017));
#5997=DIRECTION('ref_axis',(1.,0.,0.));
#5998=DIRECTION('',(1.,0.,0.));
#5999=DIRECTION('',(-0.323615577118323,0.889126490715888,0.323615577118323));
#6000=DIRECTION('',(-1.,0.,0.));
#6001=DIRECTION('center_axis',(-0.939692620786017,-0.34202014332537,-1.19415694793129E-15));
#6002=DIRECTION('ref_axis',(2.21216319346602E-27,3.4914813388438E-15,-1.));
#6003=DIRECTION('',(0.,-3.491481338843E-15,1.));
#6004=DIRECTION('',(0.,3.491481338843E-15,-1.));
#6005=DIRECTION('center_axis',(0.,3.449781255285E-15,-1.));
#6006=DIRECTION('ref_axis',(0.,1.,3.449781255285E-15));
#6007=DIRECTION('',(0.,1.,3.449781255285E-15));
#6008=DIRECTION('',(0.,1.,3.449781255285E-15));
#6009=DIRECTION('',(-1.,0.,0.));
#6010=DIRECTION('center_axis',(-1.,0.,0.));
#6011=DIRECTION('ref_axis',(0.,-1.,-3.491481338843E-15));
#6012=DIRECTION('',(0.,-1.,-3.376806109061E-15));
#6013=DIRECTION('',(0.,-3.491481338843E-15,1.));
#6014=DIRECTION('center_axis',(0.,-3.376806109061E-15,1.));
#6015=DIRECTION('ref_axis',(0.,-1.,-3.376806109061E-15));
#6016=DIRECTION('',(0.,-1.,-3.376806109061E-15));
#6017=DIRECTION('',(1.,0.,0.));
#6018=DIRECTION('center_axis',(-1.,0.,0.));
#6019=DIRECTION('ref_axis',(0.,-1.,-3.491481338843E-15));
#6020=DIRECTION('',(0.,-3.491481338843E-15,1.));
#6021=DIRECTION('center_axis',(0.,1.,3.491481338843E-15));
#6022=DIRECTION('ref_axis',(-1.,0.,0.));
#6023=DIRECTION('center_axis',(0.,-3.350847224526E-15,1.));
#6024=DIRECTION('ref_axis',(0.,-1.,-3.350847224526E-15));
#6025=DIRECTION('',(0.,-1.,-3.350847224526E-15));
#6026=DIRECTION('',(1.,0.,0.));
#6027=DIRECTION('',(0.,-1.,-3.350847224526E-15));
#6028=DIRECTION('',(1.,0.,0.));
#6029=DIRECTION('center_axis',(-1.,0.,0.));
#6030=DIRECTION('ref_axis',(0.,-1.,-3.491481338843E-15));
#6031=DIRECTION('',(0.,-3.491481338843E-15,1.));
#6032=DIRECTION('',(0.,1.,3.491481338843E-15));
#6033=DIRECTION('',(0.,-3.491481338843E-15,1.));
#6034=DIRECTION('center_axis',(0.,3.491481338843E-15,-1.));
#6035=DIRECTION('ref_axis',(0.,1.,3.491481338843E-15));
#6036=DIRECTION('',(-1.,0.,0.));
#6037=DIRECTION('',(0.,1.,3.491481338843E-15));
#6038=DIRECTION('',(1.,0.,0.));
#6039=DIRECTION('center_axis',(-1.,0.,0.));
#6040=DIRECTION('ref_axis',(0.,-1.,-3.491481338843E-15));
#6041=DIRECTION('',(0.,-3.491481338843E-15,1.));
#6042=DIRECTION('',(0.,-3.491481338843E-15,1.));
#6043=DIRECTION('center_axis',(0.,1.,3.491481338843E-15));
#6044=DIRECTION('ref_axis',(-1.,0.,0.));
#6045=DIRECTION('center_axis',(0.,-3.350847224526E-15,1.));
#6046=DIRECTION('ref_axis',(0.,-1.,-3.350847224526E-15));
#6047=DIRECTION('',(0.,-1.,-3.350847224526E-15));
#6048=DIRECTION('',(1.,0.,0.));
#6049=DIRECTION('',(0.,-1.,-3.350847224526E-15));
#6050=DIRECTION('',(1.,0.,0.));
#6051=DIRECTION('center_axis',(-1.,0.,0.));
#6052=DIRECTION('ref_axis',(0.,-1.,-3.491481338843E-15));
#6053=DIRECTION('',(0.,-3.491481338843E-15,1.));
#6054=DIRECTION('',(0.,1.,3.491481338843E-15));
#6055=DIRECTION('',(0.,-3.491481338843E-15,1.));
#6056=DIRECTION('center_axis',(0.,3.491481338843E-15,-1.));
#6057=DIRECTION('ref_axis',(0.,1.,3.491481338843E-15));
#6058=DIRECTION('',(-1.,0.,0.));
#6059=DIRECTION('',(0.,1.,3.491481338843E-15));
#6060=DIRECTION('',(1.,0.,0.));
#6061=DIRECTION('center_axis',(-1.,0.,0.));
#6062=DIRECTION('ref_axis',(0.,-1.,-3.491481338843E-15));
#6063=DIRECTION('',(0.,-3.491481338843E-15,1.));
#6064=DIRECTION('',(0.,-3.491481338843E-15,1.));
#6065=DIRECTION('center_axis',(0.,1.,3.491481338843E-15));
#6066=DIRECTION('ref_axis',(-1.,0.,0.));
#6067=DIRECTION('center_axis',(0.,-3.350847224526E-15,1.));
#6068=DIRECTION('ref_axis',(0.,-1.,-3.350847224526E-15));
#6069=DIRECTION('',(0.,-1.,-3.350847224526E-15));
#6070=DIRECTION('',(1.,0.,0.));
#6071=DIRECTION('',(0.,-1.,-3.350847224526E-15));
#6072=DIRECTION('',(1.,0.,0.));
#6073=DIRECTION('center_axis',(-1.,0.,0.));
#6074=DIRECTION('ref_axis',(0.,-1.,-3.491481338843E-15));
#6075=DIRECTION('',(0.,-3.491481338843E-15,1.));
#6076=DIRECTION('',(0.,1.,3.491481338843E-15));
#6077=DIRECTION('',(0.,-3.491481338843E-15,1.));
#6078=DIRECTION('center_axis',(0.,3.491481338843E-15,-1.));
#6079=DIRECTION('ref_axis',(0.,1.,3.491481338843E-15));
#6080=DIRECTION('',(-1.,0.,0.));
#6081=DIRECTION('',(0.,1.,3.491481338843E-15));
#6082=DIRECTION('',(1.,0.,0.));
#6083=DIRECTION('center_axis',(-1.,0.,0.));
#6084=DIRECTION('ref_axis',(0.,-1.,-3.491481338843E-15));
#6085=DIRECTION('',(0.,-3.491481338843E-15,1.));
#6086=DIRECTION('',(0.,-3.491481338843E-15,1.));
#6087=DIRECTION('center_axis',(0.,1.,3.491481338843E-15));
#6088=DIRECTION('ref_axis',(-1.,0.,0.));
#6089=DIRECTION('center_axis',(0.,-3.350847224526E-15,1.));
#6090=DIRECTION('ref_axis',(0.,-1.,-3.350847224526E-15));
#6091=DIRECTION('',(0.,-1.,-3.350847224526E-15));
#6092=DIRECTION('',(1.,0.,0.));
#6093=DIRECTION('',(0.,-1.,-3.350847224526E-15));
#6094=DIRECTION('',(1.,0.,0.));
#6095=DIRECTION('center_axis',(-1.,0.,0.));
#6096=DIRECTION('ref_axis',(0.,-1.,-3.491481338843E-15));
#6097=DIRECTION('',(0.,-3.491481338843E-15,1.));
#6098=DIRECTION('',(0.,1.,3.491481338843E-15));
#6099=DIRECTION('',(0.,-3.491481338843E-15,1.));
#6100=DIRECTION('center_axis',(0.,3.491481338843E-15,-1.));
#6101=DIRECTION('ref_axis',(0.,1.,3.491481338843E-15));
#6102=DIRECTION('',(-1.,0.,0.));
#6103=DIRECTION('',(0.,1.,3.491481338843E-15));
#6104=DIRECTION('',(1.,0.,0.));
#6105=DIRECTION('center_axis',(-1.,0.,0.));
#6106=DIRECTION('ref_axis',(0.,-1.,-3.491481338843E-15));
#6107=DIRECTION('',(0.,-3.491481338843E-15,1.));
#6108=DIRECTION('',(0.,-3.491481338843E-15,1.));
#6109=DIRECTION('center_axis',(0.,1.,3.491481338843E-15));
#6110=DIRECTION('ref_axis',(-1.,0.,0.));
#6111=DIRECTION('center_axis',(1.,0.,0.));
#6112=DIRECTION('ref_axis',(0.,1.,4.336808689942E-15));
#6113=DIRECTION('center_axis',(-1.,0.,0.));
#6114=DIRECTION('ref_axis',(0.,-1.,-4.336808689942E-15));
#6115=DIRECTION('',(-1.,0.,0.));
#6116=DIRECTION('center_axis',(1.,0.,0.));
#6117=DIRECTION('ref_axis',(0.,-1.,-4.336808689942E-15));
#6118=DIRECTION('',(1.,0.,0.));
#6119=DIRECTION('center_axis',(0.,-1.,-3.057800469848E-15));
#6120=DIRECTION('ref_axis',(0.,3.057800469848E-15,-1.));
#6121=DIRECTION('',(0.,3.057800469848E-15,-1.));
#6122=DIRECTION('',(-1.,0.,0.));
#6123=DIRECTION('',(0.,3.057800469848E-15,-1.));
#6124=DIRECTION('center_axis',(1.,0.,0.));
#6125=DIRECTION('ref_axis',(0.,1.,4.336808689942E-15));
#6126=DIRECTION('center_axis',(-1.,0.,0.));
#6127=DIRECTION('ref_axis',(0.,-1.,-4.336808689942E-15));
#6128=DIRECTION('center_axis',(1.,0.,0.));
#6129=DIRECTION('ref_axis',(0.,-1.,-4.336808689942E-15));
#6130=DIRECTION('',(1.,0.,0.));
#6131=DIRECTION('center_axis',(0.,-3.198453724657E-15,1.));
#6132=DIRECTION('ref_axis',(0.,-1.,-3.198453724657E-15));
#6133=DIRECTION('',(0.,-1.,-3.198453724657E-15));
#6134=DIRECTION('',(-1.,0.,0.));
#6135=DIRECTION('',(0.,-1.,-3.198453724657E-15));
#6136=DIRECTION('center_axis',(1.,0.,0.));
#6137=DIRECTION('ref_axis',(0.,1.,4.336808689942E-15));
#6138=DIRECTION('center_axis',(-1.,0.,0.));
#6139=DIRECTION('ref_axis',(0.,-1.,-4.336808689942E-15));
#6140=DIRECTION('center_axis',(1.,0.,0.));
#6141=DIRECTION('ref_axis',(0.,-1.,-4.336808689942E-15));
#6142=DIRECTION('',(1.,0.,0.));
#6143=DIRECTION('center_axis',(-1.,0.,0.));
#6144=DIRECTION('ref_axis',(0.,-1.,-3.491481338843E-15));
#6145=DIRECTION('',(0.,-0.508872615859606,0.860841832643025));
#6146=DIRECTION('',(0.,1.,3.157880670386E-15));
#6147=DIRECTION('center_axis',(-1.,0.,0.));
#6148=DIRECTION('ref_axis',(0.,-1.,-4.336808689942E-15));
#6149=DIRECTION('',(0.,0.508872615859606,-0.860841832643025));
#6150=DIRECTION('center_axis',(1.,0.,0.));
#6151=DIRECTION('ref_axis',(0.,-1.,-3.564118612282E-15));
#6152=DIRECTION('',(0.,3.491481338843E-15,-1.));
#6153=DIRECTION('center_axis',(-1.,0.,0.));
#6154=DIRECTION('ref_axis',(0.,-1.,-3.564118612282E-15));
#6155=DIRECTION('',(0.,1.,3.491481338843E-15));
#6156=DIRECTION('center_axis',(-1.,0.,0.));
#6157=DIRECTION('ref_axis',(0.,-1.,-3.564118612282E-15));
#6158=DIRECTION('',(0.,3.491481338843E-15,-1.));
#6159=DIRECTION('center_axis',(-1.,0.,0.));
#6160=DIRECTION('ref_axis',(0.,-1.,-4.336808689942E-15));
#6161=DIRECTION('center_axis',(1.,0.,0.));
#6162=DIRECTION('ref_axis',(0.,-1.,-4.336808689942E-15));
#6163=DIRECTION('',(-1.,0.,0.));
#6164=DIRECTION('',(1.,0.,0.));
#6165=DIRECTION('center_axis',(0.,3.157880670386E-15,-1.));
#6166=DIRECTION('ref_axis',(0.,1.,3.157880670386E-15));
#6167=DIRECTION('',(0.,1.,3.157880670386E-15));
#6168=DIRECTION('center_axis',(-1.,0.,0.));
#6169=DIRECTION('ref_axis',(0.,-1.,-3.491481338843E-15));
#6170=DIRECTION('',(0.,-0.508872615859606,0.860841832643025));
#6171=DIRECTION('',(0.,3.491481338843E-15,-1.));
#6172=DIRECTION('center_axis',(-1.,0.,0.));
#6173=DIRECTION('ref_axis',(0.,-1.,-3.564118612282E-15));
#6174=DIRECTION('',(0.,1.,3.491481338843E-15));
#6175=DIRECTION('center_axis',(-1.,0.,0.));
#6176=DIRECTION('ref_axis',(0.,-1.,-3.564118612282E-15));
#6177=DIRECTION('',(0.,3.491481338843E-15,-1.));
#6178=DIRECTION('center_axis',(1.,0.,0.));
#6179=DIRECTION('ref_axis',(0.,-1.,-3.564118612282E-15));
#6180=DIRECTION('',(0.,0.508872615859606,-0.860841832643025));
#6181=DIRECTION('center_axis',(0.,-0.860841832643025,-0.508872615859606));
#6182=DIRECTION('ref_axis',(0.,0.508872615859606,-0.860841832643025));
#6183=DIRECTION('',(1.,0.,0.));
#6184=DIRECTION('center_axis',(1.,0.,0.));
#6185=DIRECTION('ref_axis',(0.,1.,3.564118612282E-15));
#6186=DIRECTION('',(1.,0.,0.));
#6187=DIRECTION('center_axis',(0.,-1.,-3.491481338843E-15));
#6188=DIRECTION('ref_axis',(1.,0.,0.));
#6189=DIRECTION('',(1.,0.,0.));
#6190=DIRECTION('center_axis',(1.,0.,0.));
#6191=DIRECTION('ref_axis',(0.,1.,3.564118612282E-15));
#6192=DIRECTION('',(1.,0.,0.));
#6193=DIRECTION('center_axis',(0.,3.491481338843E-15,-1.));
#6194=DIRECTION('ref_axis',(0.,1.,3.491481338843E-15));
#6195=DIRECTION('',(1.,0.,0.));
#6196=DIRECTION('center_axis',(1.,0.,0.));
#6197=DIRECTION('ref_axis',(0.,1.,3.564118612282E-15));
#6198=DIRECTION('',(1.,0.,0.));
#6199=DIRECTION('center_axis',(0.,0.860841832643025,0.508872615859606));
#6200=DIRECTION('ref_axis',(0.,-0.508872615859606,0.860841832643025));
#6201=DIRECTION('',(-1.,0.,0.));
#6202=DIRECTION('center_axis',(1.,0.,0.));
#6203=DIRECTION('ref_axis',(0.,1.,4.336808689942E-15));
#6204=DIRECTION('center_axis',(-1.,0.,0.));
#6205=DIRECTION('ref_axis',(0.,-1.,-4.336808689942E-15));
#6206=DIRECTION('',(-1.,0.,0.));
#6207=DIRECTION('center_axis',(1.,0.,0.));
#6208=DIRECTION('ref_axis',(0.,-1.,-4.336808689942E-15));
#6209=DIRECTION('',(1.,0.,0.));
#6210=DIRECTION('center_axis',(0.,-1.,-3.057800469848E-15));
#6211=DIRECTION('ref_axis',(0.,3.057800469848E-15,-1.));
#6212=DIRECTION('',(0.,3.057800469848E-15,-1.));
#6213=DIRECTION('',(-1.,0.,0.));
#6214=DIRECTION('',(0.,3.057800469848E-15,-1.));
#6215=DIRECTION('center_axis',(1.,0.,0.));
#6216=DIRECTION('ref_axis',(0.,1.,4.336808689942E-15));
#6217=DIRECTION('center_axis',(-1.,0.,0.));
#6218=DIRECTION('ref_axis',(0.,-1.,-4.336808689942E-15));
#6219=DIRECTION('center_axis',(1.,0.,0.));
#6220=DIRECTION('ref_axis',(0.,-1.,-4.336808689942E-15));
#6221=DIRECTION('',(1.,0.,0.));
#6222=DIRECTION('center_axis',(0.,-3.198453724657E-15,1.));
#6223=DIRECTION('ref_axis',(0.,-1.,-3.198453724657E-15));
#6224=DIRECTION('',(0.,-1.,-3.198453724657E-15));
#6225=DIRECTION('',(-1.,0.,0.));
#6226=DIRECTION('',(0.,-1.,-3.198453724657E-15));
#6227=DIRECTION('center_axis',(1.,0.,0.));
#6228=DIRECTION('ref_axis',(0.,1.,4.336808689942E-15));
#6229=DIRECTION('center_axis',(-1.,0.,0.));
#6230=DIRECTION('ref_axis',(0.,-1.,-4.336808689942E-15));
#6231=DIRECTION('center_axis',(1.,0.,0.));
#6232=DIRECTION('ref_axis',(0.,-1.,-4.336808689942E-15));
#6233=DIRECTION('',(1.,0.,0.));
#6234=DIRECTION('center_axis',(-1.,0.,0.));
#6235=DIRECTION('ref_axis',(0.,-1.,-3.491481338843E-15));
#6236=DIRECTION('',(0.,-0.508872615859606,0.860841832643025));
#6237=DIRECTION('',(0.,1.,3.157880670386E-15));
#6238=DIRECTION('center_axis',(-1.,0.,0.));
#6239=DIRECTION('ref_axis',(0.,-1.,-4.336808689942E-15));
#6240=DIRECTION('',(0.,0.508872615859606,-0.860841832643025));
#6241=DIRECTION('center_axis',(1.,0.,0.));
#6242=DIRECTION('ref_axis',(0.,-1.,-3.564118612282E-15));
#6243=DIRECTION('',(0.,3.491481338843E-15,-1.));
#6244=DIRECTION('center_axis',(-1.,0.,0.));
#6245=DIRECTION('ref_axis',(0.,-1.,-3.564118612282E-15));
#6246=DIRECTION('',(0.,1.,3.491481338843E-15));
#6247=DIRECTION('center_axis',(-1.,0.,0.));
#6248=DIRECTION('ref_axis',(0.,-1.,-3.564118612282E-15));
#6249=DIRECTION('',(0.,3.491481338843E-15,-1.));
#6250=DIRECTION('center_axis',(-1.,0.,0.));
#6251=DIRECTION('ref_axis',(0.,-1.,-4.336808689942E-15));
#6252=DIRECTION('center_axis',(1.,0.,0.));
#6253=DIRECTION('ref_axis',(0.,-1.,-4.336808689942E-15));
#6254=DIRECTION('',(-1.,0.,0.));
#6255=DIRECTION('',(1.,0.,0.));
#6256=DIRECTION('center_axis',(0.,3.157880670386E-15,-1.));
#6257=DIRECTION('ref_axis',(0.,1.,3.157880670386E-15));
#6258=DIRECTION('',(0.,1.,3.157880670386E-15));
#6259=DIRECTION('center_axis',(-1.,0.,0.));
#6260=DIRECTION('ref_axis',(0.,-1.,-3.491481338843E-15));
#6261=DIRECTION('',(0.,-0.508872615859606,0.860841832643025));
#6262=DIRECTION('',(0.,3.491481338843E-15,-1.));
#6263=DIRECTION('center_axis',(-1.,0.,0.));
#6264=DIRECTION('ref_axis',(0.,-1.,-3.564118612282E-15));
#6265=DIRECTION('',(0.,1.,3.491481338843E-15));
#6266=DIRECTION('center_axis',(-1.,0.,0.));
#6267=DIRECTION('ref_axis',(0.,-1.,-3.564118612282E-15));
#6268=DIRECTION('',(0.,3.491481338843E-15,-1.));
#6269=DIRECTION('center_axis',(1.,0.,0.));
#6270=DIRECTION('ref_axis',(0.,-1.,-3.564118612282E-15));
#6271=DIRECTION('',(0.,0.508872615859606,-0.860841832643025));
#6272=DIRECTION('center_axis',(0.,-0.860841832643025,-0.508872615859606));
#6273=DIRECTION('ref_axis',(0.,0.508872615859606,-0.860841832643025));
#6274=DIRECTION('',(1.,0.,0.));
#6275=DIRECTION('center_axis',(1.,0.,0.));
#6276=DIRECTION('ref_axis',(0.,1.,3.564118612282E-15));
#6277=DIRECTION('',(1.,0.,0.));
#6278=DIRECTION('center_axis',(0.,-1.,-3.491481338843E-15));
#6279=DIRECTION('ref_axis',(1.,0.,0.));
#6280=DIRECTION('',(1.,0.,0.));
#6281=DIRECTION('center_axis',(1.,0.,0.));
#6282=DIRECTION('ref_axis',(0.,1.,3.564118612282E-15));
#6283=DIRECTION('',(1.,0.,0.));
#6284=DIRECTION('center_axis',(0.,3.491481338843E-15,-1.));
#6285=DIRECTION('ref_axis',(0.,1.,3.491481338843E-15));
#6286=DIRECTION('',(1.,0.,0.));
#6287=DIRECTION('center_axis',(1.,0.,0.));
#6288=DIRECTION('ref_axis',(0.,1.,3.564118612282E-15));
#6289=DIRECTION('',(1.,0.,0.));
#6290=DIRECTION('center_axis',(0.,0.860841832643025,0.508872615859606));
#6291=DIRECTION('ref_axis',(0.,-0.508872615859606,0.860841832643025));
#6292=DIRECTION('',(-1.,0.,0.));
#6293=DIRECTION('center_axis',(1.,0.,0.));
#6294=DIRECTION('ref_axis',(0.,1.,4.336808689942E-15));
#6295=DIRECTION('center_axis',(-1.,0.,0.));
#6296=DIRECTION('ref_axis',(0.,-1.,-4.336808689942E-15));
#6297=DIRECTION('',(-1.,0.,0.));
#6298=DIRECTION('center_axis',(1.,0.,0.));
#6299=DIRECTION('ref_axis',(0.,-1.,-4.336808689942E-15));
#6300=DIRECTION('',(1.,0.,0.));
#6301=DIRECTION('center_axis',(0.,-1.,-3.057800469848E-15));
#6302=DIRECTION('ref_axis',(0.,3.057800469848E-15,-1.));
#6303=DIRECTION('',(0.,3.057800469848E-15,-1.));
#6304=DIRECTION('',(-1.,0.,0.));
#6305=DIRECTION('',(0.,3.057800469848E-15,-1.));
#6306=DIRECTION('center_axis',(1.,0.,0.));
#6307=DIRECTION('ref_axis',(0.,1.,4.336808689942E-15));
#6308=DIRECTION('center_axis',(-1.,0.,0.));
#6309=DIRECTION('ref_axis',(0.,-1.,-4.336808689942E-15));
#6310=DIRECTION('center_axis',(1.,0.,0.));
#6311=DIRECTION('ref_axis',(0.,-1.,-4.336808689942E-15));
#6312=DIRECTION('',(1.,0.,0.));
#6313=DIRECTION('center_axis',(0.,-3.198453724657E-15,1.));
#6314=DIRECTION('ref_axis',(0.,-1.,-3.198453724657E-15));
#6315=DIRECTION('',(0.,-1.,-3.198453724657E-15));
#6316=DIRECTION('',(-1.,0.,0.));
#6317=DIRECTION('',(0.,-1.,-3.198453724657E-15));
#6318=DIRECTION('center_axis',(1.,0.,0.));
#6319=DIRECTION('ref_axis',(0.,1.,4.336808689942E-15));
#6320=DIRECTION('center_axis',(-1.,0.,0.));
#6321=DIRECTION('ref_axis',(0.,-1.,-4.336808689942E-15));
#6322=DIRECTION('center_axis',(1.,0.,0.));
#6323=DIRECTION('ref_axis',(0.,-1.,-4.336808689942E-15));
#6324=DIRECTION('',(1.,0.,0.));
#6325=DIRECTION('center_axis',(-1.,0.,0.));
#6326=DIRECTION('ref_axis',(0.,-1.,-3.491481338843E-15));
#6327=DIRECTION('',(0.,-0.508872615859606,0.860841832643025));
#6328=DIRECTION('',(0.,1.,3.157880670386E-15));
#6329=DIRECTION('center_axis',(-1.,0.,0.));
#6330=DIRECTION('ref_axis',(0.,-1.,-4.336808689942E-15));
#6331=DIRECTION('',(0.,0.508872615859606,-0.860841832643025));
#6332=DIRECTION('center_axis',(1.,0.,0.));
#6333=DIRECTION('ref_axis',(0.,-1.,-3.564118612282E-15));
#6334=DIRECTION('',(0.,3.491481338843E-15,-1.));
#6335=DIRECTION('center_axis',(-1.,0.,0.));
#6336=DIRECTION('ref_axis',(0.,-1.,-3.564118612282E-15));
#6337=DIRECTION('',(0.,1.,3.491481338843E-15));
#6338=DIRECTION('center_axis',(-1.,0.,0.));
#6339=DIRECTION('ref_axis',(0.,-1.,-3.564118612282E-15));
#6340=DIRECTION('',(0.,3.491481338843E-15,-1.));
#6341=DIRECTION('center_axis',(-1.,0.,0.));
#6342=DIRECTION('ref_axis',(0.,-1.,-4.336808689942E-15));
#6343=DIRECTION('center_axis',(1.,0.,0.));
#6344=DIRECTION('ref_axis',(0.,-1.,-4.336808689942E-15));
#6345=DIRECTION('',(-1.,0.,0.));
#6346=DIRECTION('',(1.,0.,0.));
#6347=DIRECTION('center_axis',(0.,3.157880670386E-15,-1.));
#6348=DIRECTION('ref_axis',(0.,1.,3.157880670386E-15));
#6349=DIRECTION('',(0.,1.,3.157880670386E-15));
#6350=DIRECTION('center_axis',(-1.,0.,0.));
#6351=DIRECTION('ref_axis',(0.,-1.,-3.491481338843E-15));
#6352=DIRECTION('',(0.,-0.508872615859606,0.860841832643025));
#6353=DIRECTION('',(0.,3.491481338843E-15,-1.));
#6354=DIRECTION('center_axis',(-1.,0.,0.));
#6355=DIRECTION('ref_axis',(0.,-1.,-3.564118612282E-15));
#6356=DIRECTION('',(0.,1.,3.491481338843E-15));
#6357=DIRECTION('center_axis',(-1.,0.,0.));
#6358=DIRECTION('ref_axis',(0.,-1.,-3.564118612282E-15));
#6359=DIRECTION('',(0.,3.491481338843E-15,-1.));
#6360=DIRECTION('center_axis',(1.,0.,0.));
#6361=DIRECTION('ref_axis',(0.,-1.,-3.564118612282E-15));
#6362=DIRECTION('',(0.,0.508872615859606,-0.860841832643025));
#6363=DIRECTION('center_axis',(0.,-0.860841832643025,-0.508872615859606));
#6364=DIRECTION('ref_axis',(0.,0.508872615859606,-0.860841832643025));
#6365=DIRECTION('',(1.,0.,0.));
#6366=DIRECTION('center_axis',(1.,0.,0.));
#6367=DIRECTION('ref_axis',(0.,1.,3.564118612282E-15));
#6368=DIRECTION('',(1.,0.,0.));
#6369=DIRECTION('center_axis',(0.,-1.,-3.491481338843E-15));
#6370=DIRECTION('ref_axis',(1.,0.,0.));
#6371=DIRECTION('',(1.,0.,0.));
#6372=DIRECTION('center_axis',(1.,0.,0.));
#6373=DIRECTION('ref_axis',(0.,1.,3.564118612282E-15));
#6374=DIRECTION('',(1.,0.,0.));
#6375=DIRECTION('center_axis',(0.,3.491481338843E-15,-1.));
#6376=DIRECTION('ref_axis',(0.,1.,3.491481338843E-15));
#6377=DIRECTION('',(1.,0.,0.));
#6378=DIRECTION('center_axis',(1.,0.,0.));
#6379=DIRECTION('ref_axis',(0.,1.,3.564118612282E-15));
#6380=DIRECTION('',(1.,0.,0.));
#6381=DIRECTION('center_axis',(0.,0.860841832643025,0.508872615859606));
#6382=DIRECTION('ref_axis',(0.,-0.508872615859606,0.860841832643025));
#6383=DIRECTION('',(-1.,0.,0.));
#6384=DIRECTION('center_axis',(1.,0.,0.));
#6385=DIRECTION('ref_axis',(0.,1.,4.336808689942E-15));
#6386=DIRECTION('center_axis',(-1.,0.,0.));
#6387=DIRECTION('ref_axis',(0.,-1.,-4.336808689942E-15));
#6388=DIRECTION('',(-1.,0.,0.));
#6389=DIRECTION('center_axis',(1.,0.,0.));
#6390=DIRECTION('ref_axis',(0.,-1.,-4.336808689942E-15));
#6391=DIRECTION('',(1.,0.,0.));
#6392=DIRECTION('center_axis',(0.,-1.,-3.057800469848E-15));
#6393=DIRECTION('ref_axis',(0.,3.057800469848E-15,-1.));
#6394=DIRECTION('',(0.,3.057800469848E-15,-1.));
#6395=DIRECTION('',(-1.,0.,0.));
#6396=DIRECTION('',(0.,3.057800469848E-15,-1.));
#6397=DIRECTION('center_axis',(1.,0.,0.));
#6398=DIRECTION('ref_axis',(0.,1.,4.336808689942E-15));
#6399=DIRECTION('center_axis',(-1.,0.,0.));
#6400=DIRECTION('ref_axis',(0.,-1.,-4.336808689942E-15));
#6401=DIRECTION('center_axis',(1.,0.,0.));
#6402=DIRECTION('ref_axis',(0.,-1.,-4.336808689942E-15));
#6403=DIRECTION('',(1.,0.,0.));
#6404=DIRECTION('center_axis',(0.,-3.198453724657E-15,1.));
#6405=DIRECTION('ref_axis',(0.,-1.,-3.198453724657E-15));
#6406=DIRECTION('',(0.,-1.,-3.198453724657E-15));
#6407=DIRECTION('',(-1.,0.,0.));
#6408=DIRECTION('',(0.,-1.,-3.198453724657E-15));
#6409=DIRECTION('center_axis',(1.,0.,0.));
#6410=DIRECTION('ref_axis',(0.,1.,4.336808689942E-15));
#6411=DIRECTION('center_axis',(-1.,0.,0.));
#6412=DIRECTION('ref_axis',(0.,-1.,-4.336808689942E-15));
#6413=DIRECTION('center_axis',(1.,0.,0.));
#6414=DIRECTION('ref_axis',(0.,-1.,-4.336808689942E-15));
#6415=DIRECTION('',(1.,0.,0.));
#6416=DIRECTION('center_axis',(-1.,0.,0.));
#6417=DIRECTION('ref_axis',(0.,-1.,-3.491481338843E-15));
#6418=DIRECTION('',(0.,-0.508872615859606,0.860841832643025));
#6419=DIRECTION('',(0.,1.,3.157880670386E-15));
#6420=DIRECTION('center_axis',(-1.,0.,0.));
#6421=DIRECTION('ref_axis',(0.,-1.,-4.336808689942E-15));
#6422=DIRECTION('',(0.,0.508872615859606,-0.860841832643025));
#6423=DIRECTION('center_axis',(1.,0.,0.));
#6424=DIRECTION('ref_axis',(0.,-1.,-3.564118612282E-15));
#6425=DIRECTION('',(0.,3.491481338843E-15,-1.));
#6426=DIRECTION('center_axis',(-1.,0.,0.));
#6427=DIRECTION('ref_axis',(0.,-1.,-3.564118612282E-15));
#6428=DIRECTION('',(0.,1.,3.491481338843E-15));
#6429=DIRECTION('center_axis',(-1.,0.,0.));
#6430=DIRECTION('ref_axis',(0.,-1.,-3.564118612282E-15));
#6431=DIRECTION('',(0.,3.491481338843E-15,-1.));
#6432=DIRECTION('center_axis',(-1.,0.,0.));
#6433=DIRECTION('ref_axis',(0.,-1.,-4.336808689942E-15));
#6434=DIRECTION('center_axis',(1.,0.,0.));
#6435=DIRECTION('ref_axis',(0.,-1.,-4.336808689942E-15));
#6436=DIRECTION('',(-1.,0.,0.));
#6437=DIRECTION('',(1.,0.,0.));
#6438=DIRECTION('center_axis',(0.,3.157880670386E-15,-1.));
#6439=DIRECTION('ref_axis',(0.,1.,3.157880670386E-15));
#6440=DIRECTION('',(0.,1.,3.157880670386E-15));
#6441=DIRECTION('center_axis',(-1.,0.,0.));
#6442=DIRECTION('ref_axis',(0.,-1.,-3.491481338843E-15));
#6443=DIRECTION('',(0.,-0.508872615859606,0.860841832643025));
#6444=DIRECTION('',(0.,3.491481338843E-15,-1.));
#6445=DIRECTION('center_axis',(-1.,0.,0.));
#6446=DIRECTION('ref_axis',(0.,-1.,-3.564118612282E-15));
#6447=DIRECTION('',(0.,1.,3.491481338843E-15));
#6448=DIRECTION('center_axis',(-1.,0.,0.));
#6449=DIRECTION('ref_axis',(0.,-1.,-3.564118612282E-15));
#6450=DIRECTION('',(0.,3.491481338843E-15,-1.));
#6451=DIRECTION('center_axis',(1.,0.,0.));
#6452=DIRECTION('ref_axis',(0.,-1.,-3.564118612282E-15));
#6453=DIRECTION('',(0.,0.508872615859606,-0.860841832643025));
#6454=DIRECTION('center_axis',(0.,-0.860841832643025,-0.508872615859606));
#6455=DIRECTION('ref_axis',(0.,0.508872615859606,-0.860841832643025));
#6456=DIRECTION('',(1.,0.,0.));
#6457=DIRECTION('center_axis',(1.,0.,0.));
#6458=DIRECTION('ref_axis',(0.,1.,3.564118612282E-15));
#6459=DIRECTION('',(1.,0.,0.));
#6460=DIRECTION('center_axis',(0.,-1.,-3.491481338843E-15));
#6461=DIRECTION('ref_axis',(1.,0.,0.));
#6462=DIRECTION('',(1.,0.,0.));
#6463=DIRECTION('center_axis',(1.,0.,0.));
#6464=DIRECTION('ref_axis',(0.,1.,3.564118612282E-15));
#6465=DIRECTION('',(1.,0.,0.));
#6466=DIRECTION('center_axis',(0.,3.491481338843E-15,-1.));
#6467=DIRECTION('ref_axis',(0.,1.,3.491481338843E-15));
#6468=DIRECTION('',(1.,0.,0.));
#6469=DIRECTION('center_axis',(1.,0.,0.));
#6470=DIRECTION('ref_axis',(0.,1.,3.564118612282E-15));
#6471=DIRECTION('',(1.,0.,0.));
#6472=DIRECTION('center_axis',(0.,0.860841832643025,0.508872615859606));
#6473=DIRECTION('ref_axis',(0.,-0.508872615859606,0.860841832643025));
#6474=DIRECTION('',(-1.,0.,0.));
#6475=DIRECTION('center_axis',(0.,0.34202014332537,0.939692620786017));
#6476=DIRECTION('ref_axis',(1.,0.,0.));
#6477=DIRECTION('',(-0.323615577118323,0.889126490715888,-0.323615577118323));
#6478=DIRECTION('',(-1.,0.,0.));
#6479=DIRECTION('',(-0.323615577118323,-0.889126490715888,0.323615577118323));
#6480=DIRECTION('',(1.,0.,0.));
#6481=DIRECTION('center_axis',(-0.939692620786017,0.34202014332537,1.19415694793129E-15));
#6482=DIRECTION('ref_axis',(2.21216319346602E-27,-3.4914813388438E-15,1.));
#6483=DIRECTION('',(-0.323615577118323,-0.889126490715888,-0.323615577118323));
#6484=DIRECTION('',(0.,-3.491481338843E-15,1.));
#6485=DIRECTION('',(0.,3.491481338843E-15,-1.));
#6486=DIRECTION('center_axis',(-0.939692620786017,-0.34202014332537,-1.19415694793129E-15));
#6487=DIRECTION('ref_axis',(2.21216319346602E-27,3.4914813388438E-15,-1.));
#6488=DIRECTION('',(-0.323615577118323,0.889126490715888,0.323615577118323));
#6489=DIRECTION('',(0.,-3.491481338843E-15,1.));
#6490=DIRECTION('',(0.,3.491481338843E-15,-1.));
#6491=DIRECTION('center_axis',(0.,0.34202014332537,-0.939692620786017));
#6492=DIRECTION('ref_axis',(1.,0.,0.));
#6493=DIRECTION('',(1.,0.,0.));
#6494=DIRECTION('',(-1.,0.,0.));
#6495=DIRECTION('center_axis',(1.,0.,0.));
#6496=DIRECTION('ref_axis',(0.,1.,4.336808689942E-15));
#6497=DIRECTION('center_axis',(-1.,0.,0.));
#6498=DIRECTION('ref_axis',(0.,-1.,-4.336808689942E-15));
#6499=DIRECTION('',(-1.,0.,0.));
#6500=DIRECTION('center_axis',(1.,0.,0.));
#6501=DIRECTION('ref_axis',(0.,-1.,-4.336808689942E-15));
#6502=DIRECTION('',(1.,0.,0.));
#6503=DIRECTION('center_axis',(1.,0.,0.));
#6504=DIRECTION('ref_axis',(0.,1.,4.336808689942E-15));
#6505=DIRECTION('center_axis',(-1.,0.,0.));
#6506=DIRECTION('ref_axis',(0.,-1.,-4.336808689942E-15));
#6507=DIRECTION('',(-1.,0.,0.));
#6508=DIRECTION('center_axis',(1.,0.,0.));
#6509=DIRECTION('ref_axis',(0.,-1.,-4.336808689942E-15));
#6510=DIRECTION('',(1.,0.,0.));
#6511=DIRECTION('center_axis',(1.,0.,0.));
#6512=DIRECTION('ref_axis',(0.,1.,4.336808689942E-15));
#6513=DIRECTION('center_axis',(-1.,0.,0.));
#6514=DIRECTION('ref_axis',(0.,-1.,-4.336808689942E-15));
#6515=DIRECTION('',(-1.,0.,0.));
#6516=DIRECTION('center_axis',(1.,0.,0.));
#6517=DIRECTION('ref_axis',(0.,-1.,-4.336808689942E-15));
#6518=DIRECTION('',(1.,0.,0.));
#6519=DIRECTION('center_axis',(-1.,0.,0.));
#6520=DIRECTION('ref_axis',(0.,-1.,-4.336808689942E-15));
#6521=DIRECTION('center_axis',(1.,0.,0.));
#6522=DIRECTION('ref_axis',(0.,-1.,-4.336808689942E-15));
#6523=DIRECTION('',(-1.,0.,0.));
#6524=DIRECTION('center_axis',(-1.,0.,0.));
#6525=DIRECTION('ref_axis',(0.,-1.,-4.336808689942E-15));
#6526=DIRECTION('',(1.,0.,0.));
#6527=DIRECTION('center_axis',(0.,-3.198453724657E-15,1.));
#6528=DIRECTION('ref_axis',(0.,-1.,-3.198453724657E-15));
#6529=DIRECTION('',(0.,-1.,-3.198453724657E-15));
#6530=DIRECTION('',(0.,-1.,-3.198453724657E-15));
#6531=DIRECTION('center_axis',(0.,-1.,-3.057800469848E-15));
#6532=DIRECTION('ref_axis',(0.,3.057800469848E-15,-1.));
#6533=DIRECTION('',(0.,3.057800469848E-15,-1.));
#6534=DIRECTION('',(0.,3.057800469848E-15,-1.));
#6535=DIRECTION('center_axis',(0.,3.157880670386E-15,-1.));
#6536=DIRECTION('ref_axis',(0.,1.,3.157880670386E-15));
#6537=DIRECTION('',(0.,1.,3.157880670386E-15));
#6538=DIRECTION('',(0.,1.,3.157880670386E-15));
#6539=DIRECTION('center_axis',(0.,-0.860841832643025,-0.508872615859606));
#6540=DIRECTION('ref_axis',(0.,0.508872615859606,-0.860841832643025));
#6541=DIRECTION('',(0.,0.508872615859606,-0.860841832643025));
#6542=DIRECTION('',(0.,0.508872615859606,-0.860841832643025));
#6543=DIRECTION('',(1.,0.,0.));
#6544=DIRECTION('center_axis',(1.,0.,0.));
#6545=DIRECTION('ref_axis',(0.,1.,3.564118612282E-15));
#6546=DIRECTION('center_axis',(1.,0.,0.));
#6547=DIRECTION('ref_axis',(0.,-1.,-3.564118612282E-15));
#6548=DIRECTION('center_axis',(1.,0.,0.));
#6549=DIRECTION('ref_axis',(0.,-1.,-3.564118612282E-15));
#6550=DIRECTION('',(1.,0.,0.));
#6551=DIRECTION('center_axis',(0.,-1.,-3.491481338843E-15));
#6552=DIRECTION('ref_axis',(1.,0.,0.));
#6553=DIRECTION('',(0.,3.491481338843E-15,-1.));
#6554=DIRECTION('',(0.,3.491481338843E-15,-1.));
#6555=DIRECTION('',(1.,0.,0.));
#6556=DIRECTION('center_axis',(1.,0.,0.));
#6557=DIRECTION('ref_axis',(0.,1.,3.564118612282E-15));
#6558=DIRECTION('center_axis',(-1.,0.,0.));
#6559=DIRECTION('ref_axis',(0.,-1.,-3.564118612282E-15));
#6560=DIRECTION('center_axis',(-1.,0.,0.));
#6561=DIRECTION('ref_axis',(0.,-1.,-3.564118612282E-15));
#6562=DIRECTION('',(1.,0.,0.));
#6563=DIRECTION('center_axis',(0.,3.491481338843E-15,-1.));
#6564=DIRECTION('ref_axis',(0.,1.,3.491481338843E-15));
#6565=DIRECTION('',(0.,1.,3.491481338843E-15));
#6566=DIRECTION('',(0.,1.,3.491481338843E-15));
#6567=DIRECTION('',(1.,0.,0.));
#6568=DIRECTION('center_axis',(-1.,0.,0.));
#6569=DIRECTION('ref_axis',(0.,-1.,-3.491481338843E-15));
#6570=DIRECTION('',(0.,-0.508872615859606,0.860841832643025));
#6571=DIRECTION('center_axis',(-1.,0.,0.));
#6572=DIRECTION('ref_axis',(0.,-1.,-3.564118612282E-15));
#6573=DIRECTION('',(0.,3.491481338843E-15,-1.));
#6574=DIRECTION('center_axis',(-1.,0.,0.));
#6575=DIRECTION('ref_axis',(0.,-1.,-3.491481338843E-15));
#6576=DIRECTION('',(0.,-0.508872615859606,0.860841832643025));
#6577=DIRECTION('',(0.,3.491481338843E-15,-1.));
#6578=DIRECTION('center_axis',(-1.,0.,0.));
#6579=DIRECTION('ref_axis',(0.,-1.,-3.564118612282E-15));
#6580=DIRECTION('center_axis',(0.,0.860841832643025,0.508872615859606));
#6581=DIRECTION('ref_axis',(0.,-0.508872615859606,0.860841832643025));
#6582=DIRECTION('',(-1.,0.,0.));
#6583=DIRECTION('center_axis',(1.,0.,0.));
#6584=DIRECTION('ref_axis',(0.,1.,3.564118612282E-15));
#6585=DIRECTION('',(1.,0.,0.));
#6586=DIRECTION('center_axis',(0.,-3.350847224526E-15,1.));
#6587=DIRECTION('ref_axis',(0.,-1.,-3.350847224526E-15));
#6588=DIRECTION('',(0.,-1.,-3.350847224526E-15));
#6589=DIRECTION('',(1.,0.,0.));
#6590=DIRECTION('',(0.,-1.,-3.350847224526E-15));
#6591=DIRECTION('',(1.,0.,0.));
#6592=DIRECTION('center_axis',(0.,3.491481338843E-15,-1.));
#6593=DIRECTION('ref_axis',(0.,1.,3.491481338843E-15));
#6594=DIRECTION('',(0.,1.,3.491481338843E-15));
#6595=DIRECTION('',(-1.,0.,0.));
#6596=DIRECTION('',(0.,1.,3.491481338843E-15));
#6597=DIRECTION('',(1.,0.,0.));
#6598=DIRECTION('center_axis',(-1.,0.,0.));
#6599=DIRECTION('ref_axis',(0.,-1.,-3.491481338843E-15));
#6600=DIRECTION('',(0.,-3.491481338843E-15,1.));
#6601=DIRECTION('',(0.,-3.491481338843E-15,1.));
#6602=DIRECTION('center_axis',(-1.,0.,0.));
#6603=DIRECTION('ref_axis',(0.,-1.,-3.491481338843E-15));
#6604=DIRECTION('',(0.,-3.491481338843E-15,1.));
#6605=DIRECTION('',(0.,-3.491481338843E-15,1.));
#6606=DIRECTION('center_axis',(0.,1.,3.491481338843E-15));
#6607=DIRECTION('ref_axis',(-1.,0.,0.));
#6608=DIRECTION('center_axis',(0.,3.449781255285E-15,-1.));
#6609=DIRECTION('ref_axis',(0.,1.,3.449781255285E-15));
#6610=DIRECTION('',(0.,1.,3.449781255285E-15));
#6611=DIRECTION('',(0.,1.,3.449781255285E-15));
#6612=DIRECTION('',(-1.,0.,0.));
#6613=DIRECTION('center_axis',(0.,-3.376806109061E-15,1.));
#6614=DIRECTION('ref_axis',(0.,-1.,-3.376806109061E-15));
#6615=DIRECTION('',(0.,-1.,-3.376806109061E-15));
#6616=DIRECTION('',(0.,-1.,-3.376806109061E-15));
#6617=DIRECTION('',(1.,0.,0.));
#6618=DIRECTION('center_axis',(-1.,0.,0.));
#6619=DIRECTION('ref_axis',(0.,-1.,-3.491481338843E-15));
#6620=DIRECTION('',(0.,-3.491481338843E-15,1.));
#6621=DIRECTION('center_axis',(-1.,0.,0.));
#6622=DIRECTION('ref_axis',(0.,-1.,-3.491481338843E-15));
#6623=DIRECTION('',(0.,-3.491481338843E-15,1.));
#6624=DIRECTION('center_axis',(0.,1.,3.491481338843E-15));
#6625=DIRECTION('ref_axis',(-1.,0.,0.));
#6626=DIRECTION('center_axis',(0.707106781186548,-0.707106781186548,-2.46885013108391E-15));
#6627=DIRECTION('ref_axis',(1.23062301214478E-27,-3.49148133884423E-15,
1.));
#6628=DIRECTION('',(-0.577350269189626,-0.577350269189626,0.577350269189626));
#6629=DIRECTION('',(0.,-3.491481338843E-15,1.));
#6630=DIRECTION('',(0.577350269189626,0.577350269189626,0.577350269189626));
#6631=DIRECTION('',(-1.156482317317E-16,3.375833107111E-15,-1.));
#6632=DIRECTION('center_axis',(0.,-0.707106781186548,0.707106781186548));
#6633=DIRECTION('ref_axis',(-1.,0.,0.));
#6634=DIRECTION('',(0.,0.707106781186548,0.707106781186548));
#6635=DIRECTION('',(1.,0.,0.));
#6636=DIRECTION('',(-1.,0.,0.));
#6637=DIRECTION('',(0.577350269189626,0.577350269189626,0.577350269189626));
#6638=DIRECTION('',(1.,0.,0.));
#6639=DIRECTION('center_axis',(-5.11097805561496E-16,-0.707106781186548,
-0.707106781186548));
#6640=DIRECTION('ref_axis',(1.,-2.95921447071032E-28,-7.22801448323898E-16));
#6641=DIRECTION('',(-0.577350269189626,-0.577350269189626,0.577350269189626));
#6642=DIRECTION('',(1.,2.52364776851E-30,-7.228014483236E-16));
#6643=DIRECTION('',(-1.,-2.440057059119E-30,7.228014483236E-16));
#6644=DIRECTION('',(0.,-0.707106781186548,0.707106781186548));
#6645=DIRECTION('',(-1.,-2.52364776851E-30,7.228014483236E-16));
#6646=DIRECTION('center_axis',(0.707106781186548,-0.707106781186548,-2.46885013108391E-15));
#6647=DIRECTION('ref_axis',(1.23062301214478E-27,-3.49148133884423E-15,
1.));
#6648=DIRECTION('',(0.577350269189626,0.577350269189626,0.577350269189626));
#6649=DIRECTION('',(0.,3.491481338843E-15,-1.));
#6650=DIRECTION('',(0.,-3.491481338843E-15,1.));
#6651=DIRECTION('center_axis',(0.707106781186548,-0.707106781186548,-2.46885013108391E-15));
#6652=DIRECTION('ref_axis',(1.23062301214478E-27,-3.49148133884423E-15,
1.));
#6653=DIRECTION('',(-0.577350269189626,-0.577350269189626,0.577350269189626));
#6654=DIRECTION('',(0.,-3.491481338843E-15,1.));
#6655=DIRECTION('',(0.,3.491481338843E-15,-1.));
#6656=DIRECTION('center_axis',(-1.09520958334585E-16,-0.707106781186548,
0.707106781186548));
#6657=DIRECTION('ref_axis',(-1.,8.45190504234449E-29,-1.54886024640784E-16));
#6658=DIRECTION('',(-0.577350269189626,0.577350269189626,0.577350269189626));
#6659=DIRECTION('',(1.,-5.407816646809E-31,1.548860246407E-16));
#6660=DIRECTION('',(-1.,5.407816646809E-31,-1.548860246407E-16));
#6661=DIRECTION('center_axis',(1.09520958334585E-16,-0.707106781186548,
-0.707106781186548));
#6662=DIRECTION('ref_axis',(1.,8.39767085511055E-29,1.54886024640785E-16));
#6663=DIRECTION('',(0.577350269189626,-0.577350269189626,0.577350269189626));
#6664=DIRECTION('',(1.,-5.407816646809E-31,1.548860246407E-16));
#6665=DIRECTION('',(-1.,5.407816646809E-31,-1.548860246407E-16));
#6666=DIRECTION('center_axis',(-0.707106781186548,-0.707106781186548,-2.77550881442015E-15));
#6667=DIRECTION('ref_axis',(4.33680868995123E-16,3.49148133884392E-15,-1.));
#6668=DIRECTION('',(-0.577350269189626,0.577350269189626,0.577350269189626));
#6669=DIRECTION('',(-4.336808689942E-16,-3.491481338843E-15,1.));
#6670=DIRECTION('',(4.336808689942E-16,3.491481338843E-15,-1.));
#6671=DIRECTION('center_axis',(-0.707106781186548,-0.707106781186548,-2.77550881442015E-15));
#6672=DIRECTION('ref_axis',(4.33680868995123E-16,3.49148133884392E-15,-1.));
#6673=DIRECTION('',(0.577350269189626,-0.577350269189626,0.577350269189626));
#6674=DIRECTION('',(4.336808689942E-16,3.491481338843E-15,-1.));
#6675=DIRECTION('',(-4.336808689942E-16,-3.491481338843E-15,1.));
#6676=DIRECTION('center_axis',(0.,-0.707106781186548,0.707106781186548));
#6677=DIRECTION('ref_axis',(-1.,0.,0.));
#6678=DIRECTION('',(0.,-0.707106781186548,-0.707106781186548));
#6679=DIRECTION('',(1.,0.,0.));
#6680=DIRECTION('',(-1.,0.,0.));
#6681=DIRECTION('',(-0.577350269189626,0.577350269189626,0.577350269189626));
#6682=DIRECTION('',(1.,0.,0.));
#6683=DIRECTION('center_axis',(5.11097805561496E-16,-0.707106781186548,
-0.707106781186548));
#6684=DIRECTION('ref_axis',(1.,2.95921447071032E-28,7.22801448323898E-16));
#6685=DIRECTION('',(0.577350269189626,-0.577350269189626,0.577350269189626));
#6686=DIRECTION('',(1.,-2.52364776851E-30,7.228014483236E-16));
#6687=DIRECTION('',(-1.,2.52364776851E-30,-7.228014483236E-16));
#6688=DIRECTION('',(0.,0.707106781186548,-0.707106781186548));
#6689=DIRECTION('',(-1.,2.383244800662E-30,-7.228014483236E-16));
#6690=DIRECTION('center_axis',(-0.707106781186548,-0.707106781186548,-2.46885013108391E-15));
#6691=DIRECTION('ref_axis',(1.23062301214478E-27,3.49148133884423E-15,-1.));
#6692=DIRECTION('',(0.,3.491481338843E-15,-1.));
#6693=DIRECTION('',(-1.156482317317E-16,-3.375833107111E-15,1.));
#6694=DIRECTION('center_axis',(0.,3.491481338843E-15,-1.));
#6695=DIRECTION('ref_axis',(0.,1.,3.491481338843E-15));
#6696=DIRECTION('',(0.,-1.,-3.491481338843E-15));
#6697=DIRECTION('',(0.,-1.,-3.491481338843E-15));
#6698=DIRECTION('',(1.,0.,0.));
#6699=DIRECTION('center_axis',(7.228014483236E-16,-3.491481338843E-15,1.));
#6700=DIRECTION('ref_axis',(-1.,-2.52364776851E-30,7.228014483236E-16));
#6701=DIRECTION('',(0.,-1.,-3.491481338843E-15));
#6702=DIRECTION('',(0.,1.,3.491481338843E-15));
#6703=DIRECTION('',(-1.,-2.52364776851E-30,7.228014483236E-16));
#6704=DIRECTION('center_axis',(-7.228014483236E-16,-3.491481338843E-15,
1.));
#6705=DIRECTION('ref_axis',(-1.,2.52364776851E-30,-7.228014483236E-16));
#6706=DIRECTION('',(0.,-1.,-3.491481338843E-15));
#6707=DIRECTION('',(0.,-1.,-3.491481338843E-15));
#6708=DIRECTION('',(-1.,2.52364776851E-30,-7.228014483236E-16));
#6709=DIRECTION('center_axis',(0.,3.491481338843E-15,-1.));
#6710=DIRECTION('ref_axis',(0.,1.,3.491481338843E-15));
#6711=DIRECTION('',(0.,-1.,-3.491481338843E-15));
#6712=DIRECTION('',(0.,1.,3.491481338843E-15));
#6713=DIRECTION('',(1.,0.,0.));
#6714=DIRECTION('center_axis',(1.548860246407E-16,3.491481338843E-15,-1.));
#6715=DIRECTION('ref_axis',(1.,-5.407816646809E-31,1.548860246407E-16));
#6716=DIRECTION('',(0.,-1.,-3.491481338843E-15));
#6717=DIRECTION('',(0.,-1.,-3.491481338843E-15));
#6718=DIRECTION('',(1.,-5.407816646809E-31,1.548860246407E-16));
#6719=DIRECTION('center_axis',(1.,-1.514188661106E-30,4.336808689942E-16));
#6720=DIRECTION('ref_axis',(-4.336808689942E-16,-3.491481338843E-15,1.));
#6721=DIRECTION('',(0.,-1.,-3.491481338843E-15));
#6722=DIRECTION('',(-4.336808689942E-16,-3.491481338843E-15,1.));
#6723=DIRECTION('center_axis',(-1.548860246407E-16,-3.491481338843E-15,
1.));
#6724=DIRECTION('ref_axis',(-1.,5.407816646809E-31,-1.548860246407E-16));
#6725=DIRECTION('',(0.,-1.,-3.491481338843E-15));
#6726=DIRECTION('',(-1.,5.407816646809E-31,-1.548860246407E-16));
#6727=DIRECTION('center_axis',(-1.,0.,0.));
#6728=DIRECTION('ref_axis',(0.,-1.,-3.491481338843E-15));
#6729=DIRECTION('',(0.,3.491481338843E-15,-1.));
#6730=DIRECTION('center_axis',(0.,3.374270293169E-15,-1.));
#6731=DIRECTION('ref_axis',(0.,1.,3.374270293169E-15));
#6732=DIRECTION('',(0.,-1.,-3.374270293169E-15));
#6733=DIRECTION('',(-1.,-5.421010862427E-16,-1.892735826383E-30));
#6734=DIRECTION('',(0.,1.,3.374270293169E-15));
#6735=DIRECTION('',(1.,0.,0.));
#6736=DIRECTION('center_axis',(-1.,0.,0.));
#6737=DIRECTION('ref_axis',(0.,-1.,-3.491481338843E-15));
#6738=DIRECTION('',(0.,1.,3.374270293169E-15));
#6739=DIRECTION('',(0.,3.375833107111E-15,-1.));
#6740=DIRECTION('',(0.,3.375833107111E-15,-1.));
#6741=DIRECTION('center_axis',(0.,1.,3.375833107111E-15));
#6742=DIRECTION('ref_axis',(0.,-3.375833107111E-15,1.));
#6743=DIRECTION('',(0.,3.375833107111E-15,-1.));
#6744=DIRECTION('',(0.,3.375833107111E-15,-1.));
#6745=DIRECTION('',(1.,0.,0.));
#6746=DIRECTION('center_axis',(0.,3.374270293169E-15,-1.));
#6747=DIRECTION('ref_axis',(0.,1.,3.374270293169E-15));
#6748=DIRECTION('',(0.,-1.,-3.374270293169E-15));
#6749=DIRECTION('',(-1.,0.,0.));
#6750=DIRECTION('',(0.,1.,3.374270293169E-15));
#6751=DIRECTION('',(1.,-5.421010862427E-16,-1.892735826383E-30));
#6752=DIRECTION('center_axis',(0.,-1.,-3.375833107111E-15));
#6753=DIRECTION('ref_axis',(0.,3.375833107111E-15,-1.));
#6754=DIRECTION('',(0.,3.375833107111E-15,-1.));
#6755=DIRECTION('',(-1.,0.,0.));
#6756=DIRECTION('',(0.,3.375833107111E-15,-1.));
#6757=DIRECTION('',(0.,3.375833107111E-15,-1.));
#6758=DIRECTION('center_axis',(-1.,0.,0.));
#6759=DIRECTION('ref_axis',(0.,-1.,-3.491481338843E-15));
#6760=DIRECTION('',(0.,1.,3.374270293169E-15));
#6761=DIRECTION('',(0.,3.375833107111E-15,-1.));
#6762=DIRECTION('center_axis',(-0.866025403784762,-0.49999999999944,-1.77703889022956E-15));
#6763=DIRECTION('ref_axis',(-3.61400724187663E-17,-3.49148133884449E-15,
1.));
#6764=DIRECTION('',(-3.614007241618E-17,-3.491481338843E-15,1.));
#6765=DIRECTION('',(0.49999999999944,-0.866025403784762,-3.02371153627966E-15));
#6766=DIRECTION('',(3.614007241618E-17,3.491481338843E-15,-1.));
#6767=DIRECTION('center_axis',(0.866025403784329,-0.50000000000019,-1.74574066942166E-15));
#6768=DIRECTION('ref_axis',(4.3288742174003E-28,3.49148133884275E-15,-1.));
#6769=DIRECTION('',(0.,-3.491481338843E-15,1.));
#6770=DIRECTION('',(0.50000000000019,0.866025403784329,3.02371153627815E-15));
#6771=DIRECTION('',(0.,3.491481338843E-15,-1.));
#6772=DIRECTION('center_axis',(-0.866025403784329,-0.50000000000019,-1.77703889022868E-15));
#6773=DIRECTION('ref_axis',(-3.61400724157426E-17,-3.49148133884275E-15,
1.));
#6774=DIRECTION('',(-3.614007241618E-17,-3.491481338843E-15,1.));
#6775=DIRECTION('',(0.50000000000019,-0.866025403784329,-3.02371153627815E-15));
#6776=DIRECTION('',(3.614007241618E-17,3.491481338843E-15,-1.));
#6777=DIRECTION('center_axis',(0.866025403784329,-0.50000000000019,-1.74574066942166E-15));
#6778=DIRECTION('ref_axis',(4.3288742174003E-28,3.49148133884275E-15,-1.));
#6779=DIRECTION('',(0.,-3.491481338843E-15,1.));
#6780=DIRECTION('',(0.50000000000019,0.866025403784329,3.02371153627815E-15));
#6781=DIRECTION('',(0.,3.491481338843E-15,-1.));
#6782=DIRECTION('center_axis',(-0.866025403784762,-0.49999999999944,-1.77703889022956E-15));
#6783=DIRECTION('ref_axis',(-3.61400724187663E-17,-3.49148133884449E-15,
1.));
#6784=DIRECTION('',(-3.614007241618E-17,-3.491481338843E-15,1.));
#6785=DIRECTION('',(0.49999999999944,-0.866025403784762,-3.02371153627966E-15));
#6786=DIRECTION('',(3.614007241618E-17,3.491481338843E-15,-1.));
#6787=DIRECTION('center_axis',(0.866025403784762,-0.49999999999944,-1.74574066942254E-15));
#6788=DIRECTION('ref_axis',(-2.5906192127458E-27,3.4914813388445E-15,-1.));
#6789=DIRECTION('',(0.,-3.491481338843E-15,1.));
#6790=DIRECTION('',(0.49999999999944,0.866025403784762,3.02371153627966E-15));
#6791=DIRECTION('',(0.,3.491481338843E-15,-1.));
#6792=DIRECTION('center_axis',(-0.866025403784329,-0.50000000000019,-1.77703889022868E-15));
#6793=DIRECTION('ref_axis',(-3.61400724157426E-17,-3.49148133884275E-15,
1.));
#6794=DIRECTION('',(-3.614007241618E-17,-3.491481338843E-15,1.));
#6795=DIRECTION('',(0.50000000000019,-0.866025403784329,-3.02371153627815E-15));
#6796=DIRECTION('',(3.614007241618E-17,3.491481338843E-15,-1.));
#6797=DIRECTION('center_axis',(0.866025403784762,-0.49999999999944,-1.74574066942254E-15));
#6798=DIRECTION('ref_axis',(-2.5906192127458E-27,3.4914813388445E-15,-1.));
#6799=DIRECTION('',(0.,-3.491481338843E-15,1.));
#6800=DIRECTION('',(0.49999999999944,0.866025403784762,3.02371153627966E-15));
#6801=DIRECTION('',(0.,3.491481338843E-15,-1.));
#6802=DIRECTION('center_axis',(-1.,1.261823884255E-31,-3.614007241618E-17));
#6803=DIRECTION('ref_axis',(3.614007241618E-17,3.491481338843E-15,-1.));
#6804=DIRECTION('',(-3.614007241618E-17,-3.491481338843E-15,1.));
#6805=DIRECTION('',(0.,1.,3.491481338843E-15));
#6806=DIRECTION('center_axis',(1.,0.,0.));
#6807=DIRECTION('ref_axis',(0.,1.,3.491481338843E-15));
#6808=DIRECTION('',(0.,3.491481338843E-15,-1.));
#6809=DIRECTION('',(0.,1.,3.491481338843E-15));
#6810=DIRECTION('center_axis',(-1.,1.261823884255E-31,-3.614007241618E-17));
#6811=DIRECTION('ref_axis',(3.614007241618E-17,3.491481338843E-15,-1.));
#6812=DIRECTION('',(-3.614007241618E-17,-3.491481338843E-15,1.));
#6813=DIRECTION('',(0.,1.,3.491481338843E-15));
#6814=DIRECTION('center_axis',(1.,0.,0.));
#6815=DIRECTION('ref_axis',(0.,1.,3.491481338843E-15));
#6816=DIRECTION('',(0.,3.491481338843E-15,-1.));
#6817=DIRECTION('',(0.,1.,3.491481338843E-15));
#6818=DIRECTION('center_axis',(-1.,1.261823884255E-31,-3.614007241618E-17));
#6819=DIRECTION('ref_axis',(3.614007241618E-17,3.491481338843E-15,-1.));
#6820=DIRECTION('',(-3.614007241618E-17,-3.491481338843E-15,1.));
#6821=DIRECTION('',(0.,1.,3.491481338843E-15));
#6822=DIRECTION('center_axis',(1.,0.,0.));
#6823=DIRECTION('ref_axis',(0.,1.,3.491481338843E-15));
#6824=DIRECTION('',(0.,3.491481338843E-15,-1.));
#6825=DIRECTION('',(0.,1.,3.491481338843E-15));
#6826=DIRECTION('center_axis',(-1.,1.261823884255E-31,-3.614007241618E-17));
#6827=DIRECTION('ref_axis',(3.614007241618E-17,3.491481338843E-15,-1.));
#6828=DIRECTION('',(-3.614007241618E-17,-3.491481338843E-15,1.));
#6829=DIRECTION('',(0.,1.,3.491481338843E-15));
#6830=DIRECTION('center_axis',(1.,0.,0.));
#6831=DIRECTION('ref_axis',(0.,1.,3.491481338843E-15));
#6832=DIRECTION('',(0.,3.491481338843E-15,-1.));
#6833=DIRECTION('',(0.,1.,3.491481338843E-15));
#6834=DIRECTION('center_axis',(-0.866025403784329,-0.50000000000019,-1.77703889022868E-15));
#6835=DIRECTION('ref_axis',(-3.61400724157426E-17,-3.49148133884275E-15,
1.));
#6836=DIRECTION('',(-3.614007241618E-17,-3.491481338843E-15,1.));
#6837=DIRECTION('',(0.50000000000019,-0.866025403784329,-3.02371153627815E-15));
#6838=DIRECTION('',(3.614007241618E-17,3.491481338843E-15,-1.));
#6839=DIRECTION('center_axis',(0.866025403784329,-0.50000000000019,-1.74574066942166E-15));
#6840=DIRECTION('ref_axis',(4.3288742174003E-28,3.49148133884275E-15,-1.));
#6841=DIRECTION('',(0.,-3.491481338843E-15,1.));
#6842=DIRECTION('',(0.50000000000019,0.866025403784329,3.02371153627815E-15));
#6843=DIRECTION('',(0.,3.491481338843E-15,-1.));
#6844=DIRECTION('center_axis',(-1.,1.261823884255E-31,-3.614007241618E-17));
#6845=DIRECTION('ref_axis',(3.614007241618E-17,3.491481338843E-15,-1.));
#6846=DIRECTION('',(-3.614007241618E-17,-3.491481338843E-15,1.));
#6847=DIRECTION('',(0.,1.,3.491481338843E-15));
#6848=DIRECTION('center_axis',(1.,0.,0.));
#6849=DIRECTION('ref_axis',(0.,1.,3.491481338843E-15));
#6850=DIRECTION('',(0.,3.491481338843E-15,-1.));
#6851=DIRECTION('',(0.,1.,3.491481338843E-15));
#6852=DIRECTION('center_axis',(0.,-1.,-3.491481338843E-15));
#6853=DIRECTION('ref_axis',(1.,0.,0.));
#6854=DIRECTION('',(0.,0.,1.));
#6855=DIRECTION('',(1.,0.,0.));
#6856=DIRECTION('',(0.,0.,-1.));
#6857=DIRECTION('',(-1.,0.,0.));
#6858=DIRECTION('',(0.,3.491481338843E-15,-1.));
#6859=DIRECTION('',(-1.,0.,0.));
#6860=DIRECTION('',(0.,-3.491481338843E-15,1.));
#6861=DIRECTION('',(-1.,0.,0.));
#6862=DIRECTION('',(-1.,0.,0.));
#6863=DIRECTION('',(-1.,0.,0.));
#6864=DIRECTION('',(-1.,0.,0.));
#6865=DIRECTION('',(-1.,0.,0.));
#6866=DIRECTION('center_axis',(0.,-3.491481338843E-15,1.));
#6867=DIRECTION('ref_axis',(0.,-1.,-3.491481338843E-15));
#6868=DIRECTION('',(-1.,0.,0.));
#6869=DIRECTION('',(0.,1.,3.491481338843E-15));
#6870=DIRECTION('center_axis',(1.,0.,0.));
#6871=DIRECTION('ref_axis',(0.,-1.,-3.491481338843E-15));
#6872=DIRECTION('',(0.,1.,3.491481338843E-15));
#6873=DIRECTION('',(0.,-3.491481338843E-15,1.));
#6874=DIRECTION('',(0.,-3.491481338843E-15,1.));
#6875=DIRECTION('',(0.,1.,3.375833107111E-15));
#6876=DIRECTION('',(0.,-3.491481338843E-15,1.));
#6877=DIRECTION('',(0.,-1.,-3.491481338843E-15));
#6878=DIRECTION('',(0.,-1.,-3.491481338843E-15));
#6879=DIRECTION('',(0.,3.491481338843E-15,-1.));
#6880=DIRECTION('center_axis',(-1.,0.,0.));
#6881=DIRECTION('ref_axis',(0.,-1.,-3.491481338843E-15));
#6882=DIRECTION('',(0.,3.491481338843E-15,-1.));
#6883=DIRECTION('',(0.,-1.,-3.491481338843E-15));
#6884=DIRECTION('',(0.,-3.491481338843E-15,1.));
#6885=DIRECTION('',(0.,1.,3.375833107111E-15));
#6886=DIRECTION('',(0.,3.491481338843E-15,-1.));
#6887=DIRECTION('',(0.,-3.491481338843E-15,1.));
#6888=DIRECTION('',(0.,1.,3.491481338843E-15));
#6889=DIRECTION('center_axis',(0.,-3.375833107111E-15,1.));
#6890=DIRECTION('ref_axis',(0.,-1.,-3.375833107111E-15));
#6891=DIRECTION('',(-1.,0.,0.));
#6892=DIRECTION('',(-1.,0.,0.));
#6893=DIRECTION('',(0.,1.,3.375833107111E-15));
#6894=DIRECTION('center_axis',(0.,-1.,-3.491481338843E-15));
#6895=DIRECTION('ref_axis',(1.,0.,0.));
#6896=DIRECTION('',(0.,-3.491481338843E-15,1.));
#6897=DIRECTION('',(-1.,0.,0.));
#6898=DIRECTION('center_axis',(1.,0.,0.));
#6899=DIRECTION('ref_axis',(0.,1.,3.491481338843E-15));
#6900=DIRECTION('',(0.,1.,3.491481338843E-15));
#6901=DIRECTION('',(0.,3.491481338843E-15,-1.));
#6902=DIRECTION('center_axis',(0.,-1.,-3.491481338843E-15));
#6903=DIRECTION('ref_axis',(1.,0.,0.));
#6904=DIRECTION('',(0.,3.491481338843E-15,-1.));
#6905=DIRECTION('',(-1.,0.,0.));
#6906=DIRECTION('',(1.,0.,0.));
#6907=DIRECTION('',(1.,0.,0.));
#6908=DIRECTION('center_axis',(0.,3.491481338843E-15,-1.));
#6909=DIRECTION('ref_axis',(0.,1.,3.491481338843E-15));
#6910=DIRECTION('',(0.,1.,3.491481338843E-15));
#6911=DIRECTION('',(1.,0.,0.));
#6912=DIRECTION('center_axis',(0.,-1.,-3.491481338843E-15));
#6913=DIRECTION('ref_axis',(1.,0.,0.));
#6914=DIRECTION('center_axis',(0.,-3.491481338843E-15,1.));
#6915=DIRECTION('ref_axis',(0.,-1.,-3.491481338843E-15));
#6916=DIRECTION('center_axis',(0.,-3.491481338843E-15,1.));
#6917=DIRECTION('ref_axis',(0.,-1.,-3.491481338843E-15));
#6918=DIRECTION('',(-1.,0.,0.));
#6919=DIRECTION('center_axis',(0.,-1.,-3.491481338843E-15));
#6920=DIRECTION('ref_axis',(1.,0.,0.));
#6921=DIRECTION('center_axis',(0.,-3.491481338843E-15,1.));
#6922=DIRECTION('ref_axis',(0.,-1.,-3.491481338843E-15));
#6923=DIRECTION('',(-1.,0.,0.));
#6924=DIRECTION('center_axis',(0.,-3.491481338843E-15,1.));
#6925=DIRECTION('ref_axis',(0.,-1.,-3.491481338843E-15));
#6926=DIRECTION('',(-1.,0.,0.));
#6927=DIRECTION('center_axis',(0.,-3.491481338843E-15,1.));
#6928=DIRECTION('ref_axis',(0.,-1.,-3.491481338843E-15));
#6929=DIRECTION('',(-1.,0.,0.));
#6930=DIRECTION('center_axis',(0.,-1.,-3.491481338843E-15));
#6931=DIRECTION('ref_axis',(1.,0.,0.));
#6932=DIRECTION('center_axis',(0.,-1.,-3.491481338843E-15));
#6933=DIRECTION('ref_axis',(1.,0.,0.));
#6934=DIRECTION('center_axis',(0.,-1.,-3.491481338843E-15));
#6935=DIRECTION('ref_axis',(1.,0.,0.));
#6936=DIRECTION('center_axis',(0.,-3.491481338843E-15,1.));
#6937=DIRECTION('ref_axis',(0.,-1.,-3.491481338843E-15));
#6938=DIRECTION('',(-1.,0.,0.));
#6939=DIRECTION('center_axis',(0.,-1.,-3.491481338843E-15));
#6940=DIRECTION('ref_axis',(1.,0.,0.));
#6941=DIRECTION('center_axis',(1.,-1.514188661106E-30,4.336808689942E-16));
#6942=DIRECTION('ref_axis',(-4.336808689942E-16,-3.491481338843E-15,1.));
#6943=DIRECTION('',(-4.336808689942E-16,-3.491481338843E-15,1.));
#6944=DIRECTION('center_axis',(-1.,0.,0.));
#6945=DIRECTION('ref_axis',(0.,-1.,-3.491481338843E-15));
#6946=DIRECTION('',(0.,3.491481338843E-15,-1.));
#6947=DIRECTION('center_axis',(0.,1.,3.491481338843E-15));
#6948=DIRECTION('ref_axis',(-1.,0.,0.));
#6949=DIRECTION('center_axis',(0.,3.375833107111E-15,-1.));
#6950=DIRECTION('ref_axis',(0.,1.,3.375833107111E-15));
#6951=DIRECTION('',(0.,1.,3.375833107111E-15));
#6952=DIRECTION('',(1.,0.,0.));
#6953=DIRECTION('center_axis',(0.,1.,3.491481338843E-15));
#6954=DIRECTION('ref_axis',(-1.,0.,0.));
#6955=DIRECTION('',(0.,-3.491481338843E-15,1.));
#6956=DIRECTION('center_axis',(1.,0.,0.));
#6957=DIRECTION('ref_axis',(0.,0.,-1.));
#6958=DIRECTION('',(2.16831204448811E-17,4.00038274094042E-20,1.));
#6959=DIRECTION('',(1.,-6.93889390390722E-18,2.42861286636753E-17));
#6960=CARTESIAN_POINT('',(0.,0.,0.));
#6961=CARTESIAN_POINT('',(0.,0.,0.));
#6962=CARTESIAN_POINT('Origin',(-3.294999999999,-2.16389843761,-0.96389843761));
#6963=CARTESIAN_POINT('',(-3.294999999999,-2.420710678118,-1.220710678118));
#6964=CARTESIAN_POINT('',(-3.294999999999,-2.16389843761,-0.96389843761));
#6965=CARTESIAN_POINT('',(-3.294999999999,-2.16389843761,-0.96389843761));
#6966=CARTESIAN_POINT('',(-3.094999999999,-2.420710678118,-1.220710678118));
#6967=CARTESIAN_POINT('',(-3.294999999999,-2.420710678118,-1.220710678118));
#6968=CARTESIAN_POINT('',(-3.094999999999,-2.16389843761,-0.96389843761));
#6969=CARTESIAN_POINT('',(-3.094999999999,-2.16389843761,-0.96389843761));
#6970=CARTESIAN_POINT('',(-3.294999999999,-2.16389843761,-0.96389843761));
#6971=CARTESIAN_POINT('Origin',(-3.294999999999,-2.16389843761,0.836101562389));
#6972=CARTESIAN_POINT('',(-3.094999999999,-2.16389843761,0.836101562389));
#6973=CARTESIAN_POINT('',(-3.094999999999,-2.16389843761,0.836101562389));
#6974=CARTESIAN_POINT('',(-3.294999999999,-2.16389843761,0.836101562389));
#6975=CARTESIAN_POINT('',(-3.294999999999,-2.16389843761,0.836101562389));
#6976=CARTESIAN_POINT('',(-3.294999999999,-2.16389843761,0.836101562389));
#6977=CARTESIAN_POINT('Origin',(-3.294999999999,1.016420689135,0.836101562389));
#6978=CARTESIAN_POINT('',(-3.094999999999,1.016420689135,0.836101562389));
#6979=CARTESIAN_POINT('',(-3.094999999999,1.016420689135,0.836101562389));
#6980=CARTESIAN_POINT('',(-3.294999999999,1.016420689135,0.836101562389));
#6981=CARTESIAN_POINT('',(-3.294999999999,1.016420689135,0.836101562389));
#6982=CARTESIAN_POINT('',(-3.294999999999,1.016420689135,0.836101562389));
#6983=CARTESIAN_POINT('Origin',(-3.294999999999,1.016420689135,1.049999999999));
#6984=CARTESIAN_POINT('',(-3.094999999999,1.016420689135,1.049999999999));
#6985=CARTESIAN_POINT('',(-3.094999999999,1.016420689135,1.049999999999));
#6986=CARTESIAN_POINT('',(-3.294999999999,1.016420689135,1.049999999999));
#6987=CARTESIAN_POINT('',(-3.294999999999,1.016420689135,1.049999999999));
#6988=CARTESIAN_POINT('',(-3.294999999999,1.016420689135,1.049999999999));
#6989=CARTESIAN_POINT('Origin',(-3.294999999999,1.216420689135,1.249999999999));
#6990=CARTESIAN_POINT('',(-3.094999999999,1.216420689135,1.249999999999));
#6991=CARTESIAN_POINT('',(-3.094999999999,1.216420689135,1.249999999999));
#6992=CARTESIAN_POINT('',(-3.294999999999,1.216420689135,1.249999999999));
#6993=CARTESIAN_POINT('',(-3.294999999999,1.216420689135,1.249999999999));
#6994=CARTESIAN_POINT('',(-3.294999999999,1.216420689135,1.249999999999));
#6995=CARTESIAN_POINT('Origin',(-3.294999999999,1.762887644946,1.25));
#6996=CARTESIAN_POINT('',(-3.094999999999,1.684926475969,1.249999999999));
#6997=CARTESIAN_POINT('',(-3.094999999999,1.762887644946,1.25));
#6998=CARTESIAN_POINT('',(-3.294999999999,1.684926475969,1.249999999999));
#6999=CARTESIAN_POINT('',(-3.294999999999,1.684926475969,1.249999999999));
#7000=CARTESIAN_POINT('',(-3.294999999999,1.762887644946,1.25));
#7001=CARTESIAN_POINT('Origin',(-3.294999999999,1.809999999999,1.062703635546));
#7002=CARTESIAN_POINT('',(-3.294999999999,1.78190550465,1.174394015577));
#7003=CARTESIAN_POINT('',(-3.294999999999,1.806979028681,1.074713583773));
#7004=CARTESIAN_POINT('',(-3.294999999999,1.809999999999,1.062703635546));
#7005=CARTESIAN_POINT('',(-3.094999999999,1.78190550465,1.174394015577));
#7006=CARTESIAN_POINT('',(-3.294999999999,1.78190550465,1.174394015577));
#7007=CARTESIAN_POINT('',(-3.094999999999,1.806979028681,1.074713583773));
#7008=CARTESIAN_POINT('',(-3.094999999999,1.809999999999,1.062703635546));
#7009=CARTESIAN_POINT('',(-3.294999999999,1.806979028681,1.074713583773));
#7010=CARTESIAN_POINT('Origin',(-3.294999999999,1.81,-0.181799845403));
#7011=CARTESIAN_POINT('',(-3.294999999999,1.809999999999,1.050319568196));
#7012=CARTESIAN_POINT('',(-3.294999999999,1.81,-0.12171759656));
#7013=CARTESIAN_POINT('',(-3.294999999999,1.81,-0.181799845403));
#7014=CARTESIAN_POINT('',(-3.094999999999,1.809999999999,1.050319568196));
#7015=CARTESIAN_POINT('',(-3.294999999999,1.809999999999,1.050319568196));
#7016=CARTESIAN_POINT('',(-3.094999999999,1.81,-0.12171759656));
#7017=CARTESIAN_POINT('',(-3.094999999999,1.81,-0.181799845403));
#7018=CARTESIAN_POINT('',(-3.294999999999,1.81,-0.12171759656));
#7019=CARTESIAN_POINT('Origin',(-3.294999999999,1.81,-0.181799845403));
#7020=CARTESIAN_POINT('',(-3.294999999999,1.756952103605,-0.210009725128));
#7021=CARTESIAN_POINT('',(-3.294999999999,1.71,-0.234977976191));
#7022=CARTESIAN_POINT('',(-3.294999999999,1.81,-0.181799845403));
#7023=CARTESIAN_POINT('',(-3.094999999999,1.756952103605,-0.210009725128));
#7024=CARTESIAN_POINT('',(-3.294999999999,1.756952103605,-0.210009725128));
#7025=CARTESIAN_POINT('',(-3.094999999999,1.71,-0.234977976191));
#7026=CARTESIAN_POINT('',(-3.094999999999,1.81,-0.181799845403));
#7027=CARTESIAN_POINT('',(-3.294999999999,1.71,-0.234977976191));
#7028=CARTESIAN_POINT('Origin',(-3.294999999999,1.71,-0.234977976191));
#7029=CARTESIAN_POINT('',(-3.094999999999,1.71,-1.45));
#7030=CARTESIAN_POINT('',(-3.094999999999,1.71,-0.234977976191));
#7031=CARTESIAN_POINT('',(-3.294999999999,1.71,-1.45));
#7032=CARTESIAN_POINT('',(-3.294999999999,1.71,-1.45));
#7033=CARTESIAN_POINT('',(-3.294999999999,1.71,-0.234977976191));
#7034=CARTESIAN_POINT('Origin',(-3.294999999999,-0.557878387081,-1.45));
#7035=CARTESIAN_POINT('',(-3.094999999999,-0.557878387081,-1.45));
#7036=CARTESIAN_POINT('',(-3.094999999999,-0.557878387081,-1.45));
#7037=CARTESIAN_POINT('',(-3.294999999999,-0.557878387081,-1.45));
#7038=CARTESIAN_POINT('',(-3.294999999999,-0.557878387081,-1.45));
#7039=CARTESIAN_POINT('',(-3.294999999999,-0.557878387081,-1.45));
#7040=CARTESIAN_POINT('Origin',(-3.294999999999,-0.969999999999,-1.6));
#7041=CARTESIAN_POINT('',(-3.094999999999,-0.969999999999,-1.6));
#7042=CARTESIAN_POINT('',(-3.094999999999,-0.969999999999,-1.6));
#7043=CARTESIAN_POINT('',(-3.294999999999,-0.969999999999,-1.6));
#7044=CARTESIAN_POINT('',(-3.294999999999,-0.969999999999,-1.6));
#7045=CARTESIAN_POINT('',(-3.294999999999,-0.969999999999,-1.6));
#7046=CARTESIAN_POINT('Origin',(-3.294999999999,-2.399999999999,-1.6));
#7047=CARTESIAN_POINT('',(-3.094999999999,-2.358578643762,-1.6));
#7048=CARTESIAN_POINT('',(-3.094999999999,-2.399999999999,-1.6));
#7049=CARTESIAN_POINT('',(-3.294999999999,-2.358578643762,-1.6));
#7050=CARTESIAN_POINT('',(-3.294999999999,-2.358578643762,-1.6));
#7051=CARTESIAN_POINT('',(-3.294999999999,-2.399999999999,-1.6));
#7052=CARTESIAN_POINT('Origin',(-3.294999999999,-2.449999999999,-1.25));
#7053=CARTESIAN_POINT('',(-3.094999999999,-2.449999999999,-1.508578643762));
#7054=CARTESIAN_POINT('',(-3.094999999999,-2.449999999999,-1.291421356237));
#7055=CARTESIAN_POINT('',(-3.094999999999,-2.449999999999,-1.25));
#7056=CARTESIAN_POINT('',(-3.294999999999,-2.449999999999,-1.291421356237));
#7057=CARTESIAN_POINT('',(-3.294999999999,-2.449999999999,-1.291421356237));
#7058=CARTESIAN_POINT('',(-3.294999999999,-2.449999999999,-1.508578643762));
#7059=CARTESIAN_POINT('',(-3.294999999999,-2.449999999999,-1.25));
#7060=CARTESIAN_POINT('',(-3.294999999999,-2.449999999999,-1.508578643762));
#7061=CARTESIAN_POINT('Origin',(-3.294999999999,1.8,0.));
#7062=CARTESIAN_POINT('Origin',(-3.294999999999,1.684926475969,1.149999999999));
#7063=CARTESIAN_POINT('Origin',(-3.294999999999,1.709999999999,1.050319568196));
#7064=CARTESIAN_POINT('Origin',(-3.294999999999,1.709999999999,-0.12171759656));
#7065=CARTESIAN_POINT('',(-3.294999999999,-2.424869784601,-1.574869784601));
#7066=CARTESIAN_POINT('Origin',(-3.294999999999,-2.358578643762,-1.5));
#7067=CARTESIAN_POINT('Origin',(-3.294999999999,-2.349999999999,-1.508578643762));
#7068=CARTESIAN_POINT('Origin',(-3.294999999999,-2.349999999999,-1.291421356237));
#7069=CARTESIAN_POINT('Origin',(-3.094999999999,1.8,0.));
#7070=CARTESIAN_POINT('Origin',(-3.094999999999,1.684926475969,1.149999999999));
#7071=CARTESIAN_POINT('Origin',(-3.094999999999,-2.349999999999,-1.291421356237));
#7072=CARTESIAN_POINT('',(-3.094999999999,-2.424869784601,-1.574869784601));
#7073=CARTESIAN_POINT('Origin',(-3.094999999999,-2.349999999999,-1.508578643762));
#7074=CARTESIAN_POINT('Origin',(-3.094999999999,-2.358578643762,-1.5));
#7075=CARTESIAN_POINT('Origin',(-3.094999999999,1.709999999999,-0.12171759656));
#7076=CARTESIAN_POINT('Origin',(-3.094999999999,1.709999999999,1.050319568196));
#7077=CARTESIAN_POINT('Origin',(-3.294999999999,1.684926475969,1.149999999999));
#7078=CARTESIAN_POINT('Origin',(-3.294999999999,1.709999999999,1.050319568196));
#7079=CARTESIAN_POINT('Origin',(-3.294999999999,1.709999999999,-0.12171759656));
#7080=CARTESIAN_POINT('Origin',(-3.294999999999,-2.349999999999,-1.291421356237));
#7081=CARTESIAN_POINT('Origin',(-3.294999999999,-2.358578643762,-1.5));
#7082=CARTESIAN_POINT('',(-3.194999999999,-2.424869784601,-1.574869784601));
#7083=CARTESIAN_POINT('Origin',(-3.294999999999,-2.349999999999,-1.508578643762));
#7084=CARTESIAN_POINT('Origin',(3.294999999999,-2.16389843761,-0.96389843761));
#7085=CARTESIAN_POINT('',(3.294999999999,-2.420710678118,-1.220710678118));
#7086=CARTESIAN_POINT('',(3.294999999999,-2.16389843761,-0.96389843761));
#7087=CARTESIAN_POINT('',(3.294999999999,-2.16389843761,-0.96389843761));
#7088=CARTESIAN_POINT('',(3.094999999999,-2.16389843761,-0.96389843761));
#7089=CARTESIAN_POINT('',(3.294999999999,-2.16389843761,-0.96389843761));
#7090=CARTESIAN_POINT('',(3.094999999999,-2.420710678118,-1.220710678118));
#7091=CARTESIAN_POINT('',(3.094999999999,-2.16389843761,-0.96389843761));
#7092=CARTESIAN_POINT('',(3.294999999999,-2.420710678118,-1.220710678118));
#7093=CARTESIAN_POINT('Origin',(3.294999999999,-2.16389843761,0.836101562389));
#7094=CARTESIAN_POINT('',(3.094999999999,-2.16389843761,0.836101562389));
#7095=CARTESIAN_POINT('',(3.094999999999,-2.16389843761,0.836101562389));
#7096=CARTESIAN_POINT('',(3.294999999999,-2.16389843761,0.836101562389));
#7097=CARTESIAN_POINT('',(3.294999999999,-2.16389843761,0.836101562389));
#7098=CARTESIAN_POINT('',(3.294999999999,-2.16389843761,0.836101562389));
#7099=CARTESIAN_POINT('Origin',(3.294999999999,1.016420689135,0.836101562389));
#7100=CARTESIAN_POINT('',(3.094999999999,1.016420689135,0.836101562389));
#7101=CARTESIAN_POINT('',(3.094999999999,1.016420689135,0.836101562389));
#7102=CARTESIAN_POINT('',(3.294999999999,1.016420689135,0.836101562389));
#7103=CARTESIAN_POINT('',(3.294999999999,1.016420689135,0.836101562389));
#7104=CARTESIAN_POINT('',(3.294999999999,1.016420689135,0.836101562389));
#7105=CARTESIAN_POINT('Origin',(3.294999999999,1.016420689135,1.049999999999));
#7106=CARTESIAN_POINT('',(3.094999999999,1.016420689135,1.049999999999));
#7107=CARTESIAN_POINT('',(3.094999999999,1.016420689135,1.049999999999));
#7108=CARTESIAN_POINT('',(3.294999999999,1.016420689135,1.049999999999));
#7109=CARTESIAN_POINT('',(3.294999999999,1.016420689135,1.049999999999));
#7110=CARTESIAN_POINT('',(3.294999999999,1.016420689135,1.049999999999));
#7111=CARTESIAN_POINT('Origin',(3.294999999999,1.216420689135,1.249999999999));
#7112=CARTESIAN_POINT('',(3.094999999999,1.216420689135,1.249999999999));
#7113=CARTESIAN_POINT('',(3.094999999999,1.216420689135,1.249999999999));
#7114=CARTESIAN_POINT('',(3.294999999999,1.216420689135,1.249999999999));
#7115=CARTESIAN_POINT('',(3.294999999999,1.216420689135,1.249999999999));
#7116=CARTESIAN_POINT('',(3.294999999999,1.216420689135,1.249999999999));
#7117=CARTESIAN_POINT('Origin',(3.294999999999,1.762887644946,1.25));
#7118=CARTESIAN_POINT('',(3.294999999999,1.684926475969,1.249999999999));
#7119=CARTESIAN_POINT('',(3.294999999999,1.762887644946,1.25));
#7120=CARTESIAN_POINT('',(3.094999999999,1.684926475969,1.249999999999));
#7121=CARTESIAN_POINT('',(3.294999999999,1.684926475969,1.249999999999));
#7122=CARTESIAN_POINT('',(3.094999999999,1.762887644946,1.25));
#7123=CARTESIAN_POINT('Origin',(3.294999999999,1.809999999999,1.062703635546));
#7124=CARTESIAN_POINT('',(3.294999999999,1.78190550465,1.174394015577));
#7125=CARTESIAN_POINT('',(3.294999999999,1.806979028681,1.074713583773));
#7126=CARTESIAN_POINT('',(3.294999999999,1.809999999999,1.062703635546));
#7127=CARTESIAN_POINT('',(3.094999999999,1.806979028681,1.074713583773));
#7128=CARTESIAN_POINT('',(3.294999999999,1.806979028681,1.074713583773));
#7129=CARTESIAN_POINT('',(3.094999999999,1.78190550465,1.174394015577));
#7130=CARTESIAN_POINT('',(3.094999999999,1.809999999999,1.062703635546));
#7131=CARTESIAN_POINT('',(3.294999999999,1.78190550465,1.174394015577));
#7132=CARTESIAN_POINT('Origin',(3.294999999999,1.81,-0.181799845403));
#7133=CARTESIAN_POINT('',(3.294999999999,1.809999999999,1.050319568196));
#7134=CARTESIAN_POINT('',(3.294999999999,1.81,-0.12171759656));
#7135=CARTESIAN_POINT('',(3.294999999999,1.81,-0.181799845403));
#7136=CARTESIAN_POINT('',(3.094999999999,1.81,-0.12171759656));
#7137=CARTESIAN_POINT('',(3.294999999999,1.81,-0.12171759656));
#7138=CARTESIAN_POINT('',(3.094999999999,1.809999999999,1.050319568196));
#7139=CARTESIAN_POINT('',(3.094999999999,1.81,-0.181799845403));
#7140=CARTESIAN_POINT('',(3.294999999999,1.809999999999,1.050319568196));
#7141=CARTESIAN_POINT('Origin',(3.294999999999,1.81,-0.181799845403));
#7142=CARTESIAN_POINT('',(3.294999999999,1.756952103605,-0.210009725128));
#7143=CARTESIAN_POINT('',(3.294999999999,1.71,-0.234977976191));
#7144=CARTESIAN_POINT('',(3.294999999999,1.81,-0.181799845403));
#7145=CARTESIAN_POINT('',(3.094999999999,1.71,-0.234977976191));
#7146=CARTESIAN_POINT('',(3.294999999999,1.71,-0.234977976191));
#7147=CARTESIAN_POINT('',(3.094999999999,1.756952103605,-0.210009725128));
#7148=CARTESIAN_POINT('',(3.094999999999,1.81,-0.181799845403));
#7149=CARTESIAN_POINT('',(3.294999999999,1.756952103605,-0.210009725128));
#7150=CARTESIAN_POINT('Origin',(3.294999999999,1.71,-0.234977976191));
#7151=CARTESIAN_POINT('',(3.094999999999,1.71,-1.45));
#7152=CARTESIAN_POINT('',(3.094999999999,1.71,-0.234977976191));
#7153=CARTESIAN_POINT('',(3.294999999999,1.71,-1.45));
#7154=CARTESIAN_POINT('',(3.294999999999,1.71,-0.234977976191));
#7155=CARTESIAN_POINT('',(3.294999999999,1.71,-1.45));
#7156=CARTESIAN_POINT('Origin',(3.294999999999,-0.557878387081,-1.45));
#7157=CARTESIAN_POINT('',(3.094999999999,-0.557878387081,-1.45));
#7158=CARTESIAN_POINT('',(3.094999999999,-0.557878387081,-1.45));
#7159=CARTESIAN_POINT('',(3.294999999999,-0.557878387081,-1.45));
#7160=CARTESIAN_POINT('',(3.294999999999,-0.557878387081,-1.45));
#7161=CARTESIAN_POINT('',(3.294999999999,-0.557878387081,-1.45));
#7162=CARTESIAN_POINT('Origin',(3.294999999999,-0.969999999999,-1.6));
#7163=CARTESIAN_POINT('',(3.094999999999,-0.969999999999,-1.6));
#7164=CARTESIAN_POINT('',(3.094999999999,-0.969999999999,-1.6));
#7165=CARTESIAN_POINT('',(3.294999999999,-0.969999999999,-1.6));
#7166=CARTESIAN_POINT('',(3.294999999999,-0.969999999999,-1.6));
#7167=CARTESIAN_POINT('',(3.294999999999,-0.969999999999,-1.6));
#7168=CARTESIAN_POINT('Origin',(3.294999999999,-2.399999999999,-1.6));
#7169=CARTESIAN_POINT('',(3.094999999999,-2.358578643762,-1.6));
#7170=CARTESIAN_POINT('',(3.094999999999,-2.399999999999,-1.6));
#7171=CARTESIAN_POINT('',(3.294999999999,-2.358578643762,-1.6));
#7172=CARTESIAN_POINT('',(3.294999999999,-2.399999999999,-1.6));
#7173=CARTESIAN_POINT('',(3.294999999999,-2.358578643762,-1.6));
#7174=CARTESIAN_POINT('Origin',(3.294999999999,-2.449999999999,-1.25));
#7175=CARTESIAN_POINT('',(3.094999999999,-2.449999999999,-1.508578643762));
#7176=CARTESIAN_POINT('',(3.094999999999,-2.449999999999,-1.291421356237));
#7177=CARTESIAN_POINT('',(3.094999999999,-2.449999999999,-1.25));
#7178=CARTESIAN_POINT('',(3.294999999999,-2.449999999999,-1.508578643762));
#7179=CARTESIAN_POINT('',(3.294999999999,-2.449999999999,-1.508578643762));
#7180=CARTESIAN_POINT('',(3.294999999999,-2.449999999999,-1.291421356237));
#7181=CARTESIAN_POINT('',(3.294999999999,-2.449999999999,-1.25));
#7182=CARTESIAN_POINT('',(3.294999999999,-2.449999999999,-1.291421356237));
#7183=CARTESIAN_POINT('Origin',(3.294999999999,1.8,0.));
#7184=CARTESIAN_POINT('Origin',(3.294999999999,-2.349999999999,-1.291421356237));
#7185=CARTESIAN_POINT('',(3.294999999999,-2.424869784601,-1.574869784601));
#7186=CARTESIAN_POINT('Origin',(3.294999999999,-2.349999999999,-1.508578643762));
#7187=CARTESIAN_POINT('Origin',(3.294999999999,-2.358578643762,-1.5));
#7188=CARTESIAN_POINT('Origin',(3.294999999999,1.709999999999,-0.12171759656));
#7189=CARTESIAN_POINT('Origin',(3.294999999999,1.709999999999,1.050319568196));
#7190=CARTESIAN_POINT('Origin',(3.294999999999,1.684926475969,1.149999999999));
#7191=CARTESIAN_POINT('Origin',(3.094999999999,1.8,0.));
#7192=CARTESIAN_POINT('Origin',(3.094999999999,1.709999999999,1.050319568196));
#7193=CARTESIAN_POINT('Origin',(3.094999999999,1.709999999999,-0.12171759656));
#7194=CARTESIAN_POINT('',(3.094999999999,-2.424869784601,-1.574869784601));
#7195=CARTESIAN_POINT('Origin',(3.094999999999,-2.358578643762,-1.5));
#7196=CARTESIAN_POINT('Origin',(3.094999999999,-2.349999999999,-1.508578643762));
#7197=CARTESIAN_POINT('Origin',(3.094999999999,-2.349999999999,-1.291421356237));
#7198=CARTESIAN_POINT('Origin',(3.094999999999,1.684926475969,1.149999999999));
#7199=CARTESIAN_POINT('Origin',(3.294999999999,1.684926475969,1.149999999999));
#7200=CARTESIAN_POINT('Origin',(3.294999999999,1.709999999999,1.050319568196));
#7201=CARTESIAN_POINT('Origin',(3.294999999999,1.709999999999,-0.12171759656));
#7202=CARTESIAN_POINT('Origin',(3.294999999999,-2.349999999999,-1.291421356237));
#7203=CARTESIAN_POINT('Origin',(3.294999999999,-2.358578643762,-1.5));
#7204=CARTESIAN_POINT('',(3.194999999999,-2.424869784601,-1.574869784601));
#7205=CARTESIAN_POINT('Origin',(3.294999999999,-2.349999999999,-1.508578643762));
#7206=CARTESIAN_POINT('Origin',(0.,1.8,1.25));
#7207=CARTESIAN_POINT('',(3.094999999999,1.299999999999,1.25));
#7208=CARTESIAN_POINT('',(3.094999999999,1.8,1.25));
#7209=CARTESIAN_POINT('',(3.094999999999,1.8,1.25));
#7210=CARTESIAN_POINT('',(2.225,1.799999999999,1.25));
#7211=CARTESIAN_POINT('',(3.674999999999,1.8,1.25));
#7212=CARTESIAN_POINT('',(2.124999999999,1.626794919243,1.25));
#7213=CARTESIAN_POINT('',(2.125,1.626794919243,1.25));
#7214=CARTESIAN_POINT('',(2.125,1.299999999999,1.25));
#7215=CARTESIAN_POINT('',(2.125,1.3,1.25));
#7216=CARTESIAN_POINT('',(3.674999999999,1.299999999999,1.25));
#7217=CARTESIAN_POINT('Origin',(0.,1.8,1.25));
#7218=CARTESIAN_POINT('',(1.125,1.299999999999,1.25));
#7219=CARTESIAN_POINT('',(1.875,1.299999999999,1.25));
#7220=CARTESIAN_POINT('',(3.674999999999,1.299999999999,1.25));
#7221=CARTESIAN_POINT('',(1.875,1.626794919243,1.25));
#7222=CARTESIAN_POINT('',(1.875,1.3,1.25));
#7223=CARTESIAN_POINT('',(1.774999999999,1.8,1.25));
#7224=CARTESIAN_POINT('',(1.874999999999,1.626794919243,1.25));
#7225=CARTESIAN_POINT('',(1.225,1.8,1.25));
#7226=CARTESIAN_POINT('',(3.674999999999,1.8,1.25));
#7227=CARTESIAN_POINT('',(1.124999999999,1.626794919243,1.25));
#7228=CARTESIAN_POINT('',(1.125,1.626794919243,1.25));
#7229=CARTESIAN_POINT('',(1.125,1.3,1.25));
#7230=CARTESIAN_POINT('Origin',(0.,1.8,1.25));
#7231=CARTESIAN_POINT('',(0.875,1.626794919243,1.25));
#7232=CARTESIAN_POINT('',(0.774999999999,1.8,1.25));
#7233=CARTESIAN_POINT('',(0.874999999999,1.626794919243,1.25));
#7234=CARTESIAN_POINT('',(0.225,1.799999999999,1.25));
#7235=CARTESIAN_POINT('',(3.674999999999,1.8,1.25));
#7236=CARTESIAN_POINT('',(0.124999999999,1.626794919243,1.25));
#7237=CARTESIAN_POINT('',(0.125,1.626794919243,1.25));
#7238=CARTESIAN_POINT('',(0.125,1.299999999999,1.25));
#7239=CARTESIAN_POINT('',(0.125,1.3,1.25));
#7240=CARTESIAN_POINT('',(0.875,1.299999999999,1.25));
#7241=CARTESIAN_POINT('',(3.674999999999,1.299999999999,1.25));
#7242=CARTESIAN_POINT('',(0.875,1.3,1.25));
#7243=CARTESIAN_POINT('Origin',(0.,1.8,1.25));
#7244=CARTESIAN_POINT('',(-0.124999999999,1.626794919243,1.25));
#7245=CARTESIAN_POINT('',(-0.225,1.8,1.25));
#7246=CARTESIAN_POINT('',(-0.125,1.626794919243,1.25));
#7247=CARTESIAN_POINT('',(-0.774999999999,1.799999999999,1.25));
#7248=CARTESIAN_POINT('',(3.674999999999,1.8,1.25));
#7249=CARTESIAN_POINT('',(-0.875,1.626794919243,1.25));
#7250=CARTESIAN_POINT('',(-0.874999999999,1.626794919243,1.25));
#7251=CARTESIAN_POINT('',(-0.874999999999,1.299999999999,1.25));
#7252=CARTESIAN_POINT('',(-0.874999999999,1.3,1.25));
#7253=CARTESIAN_POINT('',(-0.124999999999,1.299999999999,1.25));
#7254=CARTESIAN_POINT('',(3.674999999999,1.299999999999,1.25));
#7255=CARTESIAN_POINT('',(-0.125,1.3,1.25));
#7256=CARTESIAN_POINT('Origin',(0.,1.8,1.25));
#7257=CARTESIAN_POINT('',(-1.124999999999,1.626794919243,1.25));
#7258=CARTESIAN_POINT('',(-1.225,1.8,1.25));
#7259=CARTESIAN_POINT('',(-1.125,1.626794919243,1.25));
#7260=CARTESIAN_POINT('',(-1.774999999999,1.799999999999,1.25));
#7261=CARTESIAN_POINT('',(3.674999999999,1.8,1.25));
#7262=CARTESIAN_POINT('',(-1.875,1.626794919243,1.25));
#7263=CARTESIAN_POINT('',(-1.874999999999,1.626794919243,1.25));
#7264=CARTESIAN_POINT('',(-1.874999999999,1.299999999999,1.25));
#7265=CARTESIAN_POINT('',(-1.875,1.3,1.25));
#7266=CARTESIAN_POINT('',(-1.124999999999,1.299999999999,1.25));
#7267=CARTESIAN_POINT('',(3.674999999999,1.299999999999,1.25));
#7268=CARTESIAN_POINT('',(-1.125,1.3,1.25));
#7269=CARTESIAN_POINT('Origin',(0.,1.8,1.25));
#7270=CARTESIAN_POINT('',(-3.094999999999,1.8,1.25));
#7271=CARTESIAN_POINT('',(-3.094999999999,1.299999999999,1.25));
#7272=CARTESIAN_POINT('',(-3.094999999999,1.8,1.25));
#7273=CARTESIAN_POINT('',(-2.124999999999,1.299999999999,1.25));
#7274=CARTESIAN_POINT('',(3.674999999999,1.299999999999,1.25));
#7275=CARTESIAN_POINT('',(-2.125,1.626794919243,1.25));
#7276=CARTESIAN_POINT('',(-2.125,1.3,1.25));
#7277=CARTESIAN_POINT('',(-2.225,1.8,1.25));
#7278=CARTESIAN_POINT('',(-2.125,1.626794919243,1.25));
#7279=CARTESIAN_POINT('',(3.674999999999,1.8,1.25));
#7280=CARTESIAN_POINT('Origin',(-2.1,-1.43,0.287297507833));
#7281=CARTESIAN_POINT('',(-2.027205953146,-1.43,0.287297507833));
#7282=CARTESIAN_POINT('',(-2.1,-1.23,0.21450346098));
#7283=CARTESIAN_POINT('',(-2.110472704175,-1.201226481757,0.204030756804));
#7284=CARTESIAN_POINT('',(-1.899999999999,-1.23,0.21450346098));
#7285=CARTESIAN_POINT('',(-2.1,-1.23,0.21450346098));
#7286=CARTESIAN_POINT('',(-1.972794046853,-1.43,0.287297507833));
#7287=CARTESIAN_POINT('',(-2.00706135837,-1.524148664618,0.32156481935));
#7288=CARTESIAN_POINT('',(-2.1,-1.43,0.287297507833));
#7289=CARTESIAN_POINT('Origin',(-1.972794046853,-1.43,0.61450346098));
#7290=CARTESIAN_POINT('',(-1.899999999999,-1.23,0.61450346098));
#7291=CARTESIAN_POINT('',(-1.972794046853,-1.43,0.541709414126));
#7292=CARTESIAN_POINT('',(-1.965170541669,-1.409054591649,0.549332919311));
#7293=CARTESIAN_POINT('',(-1.972794046853,-1.43,0.61450346098));
#7294=CARTESIAN_POINT('',(-1.899999999999,-1.23,0.11450346098));
#7295=CARTESIAN_POINT('Origin',(-2.1,-1.23,0.61450346098));
#7296=CARTESIAN_POINT('',(-2.1,-1.23,0.61450346098));
#7297=CARTESIAN_POINT('',(-2.1,-1.23,0.61450346098));
#7298=CARTESIAN_POINT('',(-2.027205953146,-1.43,0.541709414126));
#7299=CARTESIAN_POINT('',(-2.1,-1.23,0.61450346098));
#7300=CARTESIAN_POINT('',(-2.1,-1.43,0.541709414126));
#7301=CARTESIAN_POINT('Origin',(-2.1,-1.23,0.11450346098));
#7302=CARTESIAN_POINT('',(-2.1,-1.23,0.61450346098));
#7303=CARTESIAN_POINT('',(-2.027205953146,-1.43,0.21450346098));
#7304=CARTESIAN_POINT('Origin',(-2.1,1.169999999999,0.61450346098));
#7305=CARTESIAN_POINT('',(-2.1,0.399999999999,0.61450346098));
#7306=CARTESIAN_POINT('',(-2.1,1.169999999999,0.61450346098));
#7307=CARTESIAN_POINT('',(-1.899999999999,0.399999999999,0.61450346098));
#7308=CARTESIAN_POINT('',(-1.899999999999,1.169999999999,0.61450346098));
#7309=CARTESIAN_POINT('',(-2.,0.399999999999,0.61450346098));
#7310=CARTESIAN_POINT('Origin',(-2.1,1.169999999999,0.11450346098));
#7311=CARTESIAN_POINT('',(-2.1,0.399999999999,0.21450346098));
#7312=CARTESIAN_POINT('',(-2.1,-1.43,0.21450346098));
#7313=CARTESIAN_POINT('',(-2.1,0.399999999999,-4.88807387438E-15));
#7314=CARTESIAN_POINT('Origin',(-2.1,-1.43,0.21450346098));
#7315=CARTESIAN_POINT('',(-1.899999999999,0.399999999999,0.21450346098));
#7316=CARTESIAN_POINT('',(-1.899999999999,-1.43,0.21450346098));
#7317=CARTESIAN_POINT('',(-2.,0.399999999999,0.21450346098));
#7318=CARTESIAN_POINT('Origin',(-1.899999999999,1.169999999999,0.11450346098));
#7319=CARTESIAN_POINT('',(-1.899999999999,0.399999999999,-4.88807387438E-15));
#7320=CARTESIAN_POINT('Origin',(-2.1,-1.43,0.61450346098));
#7321=CARTESIAN_POINT('Origin',(-1.1,-1.43,0.287297507833));
#7322=CARTESIAN_POINT('',(-1.027205953146,-1.43,0.287297507833));
#7323=CARTESIAN_POINT('',(-1.1,-1.23,0.21450346098));
#7324=CARTESIAN_POINT('',(-1.110472704175,-1.201226481757,0.204030756804));
#7325=CARTESIAN_POINT('',(-0.9,-1.23,0.21450346098));
#7326=CARTESIAN_POINT('',(-1.1,-1.23,0.21450346098));
#7327=CARTESIAN_POINT('',(-0.972794046853,-1.43,0.287297507833));
#7328=CARTESIAN_POINT('',(-1.00706135837,-1.524148664618,0.32156481935));
#7329=CARTESIAN_POINT('',(-1.1,-1.43,0.287297507833));
#7330=CARTESIAN_POINT('Origin',(-0.972794046853,-1.43,0.61450346098));
#7331=CARTESIAN_POINT('',(-0.9,-1.23,0.61450346098));
#7332=CARTESIAN_POINT('',(-0.972794046853,-1.43,0.541709414126));
#7333=CARTESIAN_POINT('',(-0.965170541669,-1.409054591649,0.549332919311));
#7334=CARTESIAN_POINT('',(-0.972794046853,-1.43,0.61450346098));
#7335=CARTESIAN_POINT('',(-0.9,-1.23,0.11450346098));
#7336=CARTESIAN_POINT('Origin',(-1.1,-1.23,0.61450346098));
#7337=CARTESIAN_POINT('',(-1.1,-1.23,0.61450346098));
#7338=CARTESIAN_POINT('',(-1.1,-1.23,0.61450346098));
#7339=CARTESIAN_POINT('',(-1.027205953146,-1.43,0.541709414126));
#7340=CARTESIAN_POINT('',(-1.1,-1.23,0.61450346098));
#7341=CARTESIAN_POINT('',(-1.1,-1.43,0.541709414126));
#7342=CARTESIAN_POINT('Origin',(-1.1,-1.23,0.11450346098));
#7343=CARTESIAN_POINT('',(-1.1,-1.23,0.61450346098));
#7344=CARTESIAN_POINT('',(-1.027205953146,-1.43,0.21450346098));
#7345=CARTESIAN_POINT('Origin',(-1.1,1.169999999999,0.61450346098));
#7346=CARTESIAN_POINT('',(-1.1,0.399999999999,0.61450346098));
#7347=CARTESIAN_POINT('',(-1.1,1.169999999999,0.61450346098));
#7348=CARTESIAN_POINT('',(-0.9,0.399999999999,0.61450346098));
#7349=CARTESIAN_POINT('',(-0.9,1.169999999999,0.61450346098));
#7350=CARTESIAN_POINT('',(-1.,0.399999999999,0.61450346098));
#7351=CARTESIAN_POINT('Origin',(-1.1,1.169999999999,0.11450346098));
#7352=CARTESIAN_POINT('',(-1.1,0.399999999999,0.21450346098));
#7353=CARTESIAN_POINT('',(-1.1,-1.43,0.21450346098));
#7354=CARTESIAN_POINT('',(-1.1,0.399999999999,-4.88807387438E-15));
#7355=CARTESIAN_POINT('Origin',(-1.1,-1.43,0.21450346098));
#7356=CARTESIAN_POINT('',(-0.9,0.399999999999,0.21450346098));
#7357=CARTESIAN_POINT('',(-0.9,-1.43,0.21450346098));
#7358=CARTESIAN_POINT('',(-1.,0.399999999999,0.21450346098));
#7359=CARTESIAN_POINT('Origin',(-0.9,1.169999999999,0.11450346098));
#7360=CARTESIAN_POINT('',(-0.9,0.399999999999,-4.88807387438E-15));
#7361=CARTESIAN_POINT('Origin',(-1.1,-1.43,0.61450346098));
#7362=CARTESIAN_POINT('Origin',(1.899999999999,-1.43,0.287297507833));
#7363=CARTESIAN_POINT('',(1.972794046853,-1.43,0.287297507833));
#7364=CARTESIAN_POINT('',(1.899999999999,-1.23,0.21450346098));
#7365=CARTESIAN_POINT('',(1.889527295824,-1.201226481757,0.204030756804));
#7366=CARTESIAN_POINT('',(2.1,-1.23,0.21450346098));
#7367=CARTESIAN_POINT('',(1.899999999999,-1.23,0.21450346098));
#7368=CARTESIAN_POINT('',(2.027205953146,-1.43,0.287297507833));
#7369=CARTESIAN_POINT('',(1.992938641629,-1.524148664618,0.32156481935));
#7370=CARTESIAN_POINT('',(1.899999999999,-1.43,0.287297507833));
#7371=CARTESIAN_POINT('Origin',(2.027205953146,-1.43,0.61450346098));
#7372=CARTESIAN_POINT('',(2.1,-1.23,0.61450346098));
#7373=CARTESIAN_POINT('',(2.027205953146,-1.43,0.541709414126));
#7374=CARTESIAN_POINT('',(2.03482945833,-1.409054591649,0.549332919311));
#7375=CARTESIAN_POINT('',(2.027205953146,-1.43,0.61450346098));
#7376=CARTESIAN_POINT('',(2.1,-1.23,0.11450346098));
#7377=CARTESIAN_POINT('Origin',(1.899999999999,-1.23,0.61450346098));
#7378=CARTESIAN_POINT('',(1.899999999999,-1.23,0.61450346098));
#7379=CARTESIAN_POINT('',(1.899999999999,-1.23,0.61450346098));
#7380=CARTESIAN_POINT('',(1.972794046853,-1.43,0.541709414126));
#7381=CARTESIAN_POINT('',(1.899999999999,-1.23,0.61450346098));
#7382=CARTESIAN_POINT('',(1.899999999999,-1.43,0.541709414126));
#7383=CARTESIAN_POINT('Origin',(1.899999999999,-1.23,0.11450346098));
#7384=CARTESIAN_POINT('',(1.899999999999,-1.23,0.61450346098));
#7385=CARTESIAN_POINT('',(1.972794046853,-1.43,0.21450346098));
#7386=CARTESIAN_POINT('Origin',(1.899999999999,1.169999999999,0.61450346098));
#7387=CARTESIAN_POINT('',(1.899999999999,0.399999999999,0.61450346098));
#7388=CARTESIAN_POINT('',(1.899999999999,1.169999999999,0.61450346098));
#7389=CARTESIAN_POINT('',(2.1,0.399999999999,0.61450346098));
#7390=CARTESIAN_POINT('',(2.1,1.169999999999,0.61450346098));
#7391=CARTESIAN_POINT('',(2.,0.399999999999,0.61450346098));
#7392=CARTESIAN_POINT('Origin',(1.899999999999,1.169999999999,0.11450346098));
#7393=CARTESIAN_POINT('',(1.899999999999,0.399999999999,0.21450346098));
#7394=CARTESIAN_POINT('',(1.899999999999,-1.43,0.21450346098));
#7395=CARTESIAN_POINT('',(1.899999999999,0.399999999999,-4.88807387438E-15));
#7396=CARTESIAN_POINT('Origin',(1.899999999999,-1.43,0.21450346098));
#7397=CARTESIAN_POINT('',(2.1,0.399999999999,0.21450346098));
#7398=CARTESIAN_POINT('',(2.1,-1.43,0.21450346098));
#7399=CARTESIAN_POINT('',(2.,0.399999999999,0.21450346098));
#7400=CARTESIAN_POINT('Origin',(2.1,1.169999999999,0.11450346098));
#7401=CARTESIAN_POINT('',(2.1,0.399999999999,-4.88807387438E-15));
#7402=CARTESIAN_POINT('Origin',(1.899999999999,-1.43,0.61450346098));
#7403=CARTESIAN_POINT('Origin',(0.9,-1.43,0.287297507833));
#7404=CARTESIAN_POINT('',(0.972794046853,-1.43,0.287297507833));
#7405=CARTESIAN_POINT('',(0.9,-1.23,0.21450346098));
#7406=CARTESIAN_POINT('',(0.889527295824,-1.201226481757,0.204030756804));
#7407=CARTESIAN_POINT('',(1.1,-1.23,0.21450346098));
#7408=CARTESIAN_POINT('',(0.9,-1.23,0.21450346098));
#7409=CARTESIAN_POINT('',(1.027205953146,-1.43,0.287297507833));
#7410=CARTESIAN_POINT('',(0.992938641629,-1.524148664618,0.32156481935));
#7411=CARTESIAN_POINT('',(0.9,-1.43,0.287297507833));
#7412=CARTESIAN_POINT('Origin',(1.027205953146,-1.43,0.61450346098));
#7413=CARTESIAN_POINT('',(1.1,-1.23,0.61450346098));
#7414=CARTESIAN_POINT('',(1.027205953146,-1.43,0.541709414126));
#7415=CARTESIAN_POINT('',(1.03482945833,-1.409054591649,0.549332919311));
#7416=CARTESIAN_POINT('',(1.027205953146,-1.43,0.61450346098));
#7417=CARTESIAN_POINT('',(1.1,-1.23,0.11450346098));
#7418=CARTESIAN_POINT('Origin',(0.9,-1.23,0.61450346098));
#7419=CARTESIAN_POINT('',(0.9,-1.23,0.61450346098));
#7420=CARTESIAN_POINT('',(0.9,-1.23,0.61450346098));
#7421=CARTESIAN_POINT('',(0.972794046853,-1.43,0.541709414126));
#7422=CARTESIAN_POINT('',(0.9,-1.23,0.61450346098));
#7423=CARTESIAN_POINT('',(0.9,-1.43,0.541709414126));
#7424=CARTESIAN_POINT('Origin',(0.9,-1.23,0.11450346098));
#7425=CARTESIAN_POINT('',(0.9,-1.23,0.61450346098));
#7426=CARTESIAN_POINT('',(0.972794046853,-1.43,0.21450346098));
#7427=CARTESIAN_POINT('Origin',(0.9,1.169999999999,0.61450346098));
#7428=CARTESIAN_POINT('',(0.9,0.399999999999,0.61450346098));
#7429=CARTESIAN_POINT('',(0.9,1.169999999999,0.61450346098));
#7430=CARTESIAN_POINT('',(1.1,0.399999999999,0.61450346098));
#7431=CARTESIAN_POINT('',(1.1,1.169999999999,0.61450346098));
#7432=CARTESIAN_POINT('',(1.,0.399999999999,0.61450346098));
#7433=CARTESIAN_POINT('Origin',(0.9,1.169999999999,0.11450346098));
#7434=CARTESIAN_POINT('',(0.9,0.399999999999,0.21450346098));
#7435=CARTESIAN_POINT('',(0.9,-1.43,0.21450346098));
#7436=CARTESIAN_POINT('',(0.9,0.399999999999,-4.88807387438E-15));
#7437=CARTESIAN_POINT('Origin',(0.9,-1.43,0.21450346098));
#7438=CARTESIAN_POINT('',(1.1,0.399999999999,0.21450346098));
#7439=CARTESIAN_POINT('',(1.1,-1.43,0.21450346098));
#7440=CARTESIAN_POINT('',(1.,0.399999999999,0.21450346098));
#7441=CARTESIAN_POINT('Origin',(1.1,1.169999999999,0.11450346098));
#7442=CARTESIAN_POINT('',(1.1,0.399999999999,-4.88807387438E-15));
#7443=CARTESIAN_POINT('Origin',(0.9,-1.43,0.61450346098));
#7444=CARTESIAN_POINT('Origin',(-2.1,0.399061755214,-0.738763636981));
#7445=CARTESIAN_POINT('',(-2.1,0.4,-0.738763636981));
#7446=CARTESIAN_POINT('',(-2.1,0.399061755214,-0.738763636981));
#7447=CARTESIAN_POINT('',(-2.1,0.399061755214,-0.738763636981));
#7448=CARTESIAN_POINT('',(-1.899999999999,0.4,-0.738763636981));
#7449=CARTESIAN_POINT('',(-2.,0.4,-0.738763636981));
#7450=CARTESIAN_POINT('',(-1.899999999999,0.399061755214,-0.738763636981));
#7451=CARTESIAN_POINT('',(-1.899999999999,0.399061755214,-0.738763636981));
#7452=CARTESIAN_POINT('',(-2.1,0.399061755214,-0.738763636981));
#7453=CARTESIAN_POINT('Origin',(-1.899999999999,1.169999999999,0.11450346098));
#7454=CARTESIAN_POINT('',(-1.899999999999,0.4,-0.285324952862));
#7455=CARTESIAN_POINT('',(-1.899999999999,0.399999999999,-4.88807387438E-15));
#7456=CARTESIAN_POINT('',(-1.899999999999,0.399061755214,-0.285324952862));
#7457=CARTESIAN_POINT('',(-1.899999999999,1.17,-0.285324952862));
#7458=CARTESIAN_POINT('',(-1.899999999999,0.399061755214,-0.285324952862));
#7459=CARTESIAN_POINT('Origin',(-2.1,1.17,-0.285324952862));
#7460=CARTESIAN_POINT('',(-2.1,0.4,-0.285324952862));
#7461=CARTESIAN_POINT('',(-2.,0.4,-0.285324952862));
#7462=CARTESIAN_POINT('',(-2.1,0.399061755214,-0.285324952862));
#7463=CARTESIAN_POINT('',(-2.1,1.17,-0.285324952862));
#7464=CARTESIAN_POINT('',(-2.1,0.399061755214,-0.285324952862));
#7465=CARTESIAN_POINT('Origin',(-2.1,1.169999999999,0.11450346098));
#7466=CARTESIAN_POINT('',(-2.1,0.399999999999,-4.88807387438E-15));
#7467=CARTESIAN_POINT('',(-2.1,0.399061755214,-0.285324952862));
#7468=CARTESIAN_POINT('Origin',(-2.1,0.399061755214,-0.285324952862));
#7469=CARTESIAN_POINT('Origin',(-1.1,0.399061755214,-0.738763636981));
#7470=CARTESIAN_POINT('',(-1.1,0.4,-0.738763636981));
#7471=CARTESIAN_POINT('',(-1.1,0.399061755214,-0.738763636981));
#7472=CARTESIAN_POINT('',(-1.1,0.399061755214,-0.738763636981));
#7473=CARTESIAN_POINT('',(-0.9,0.4,-0.738763636981));
#7474=CARTESIAN_POINT('',(-1.,0.4,-0.738763636981));
#7475=CARTESIAN_POINT('',(-0.9,0.399061755214,-0.738763636981));
#7476=CARTESIAN_POINT('',(-0.9,0.399061755214,-0.738763636981));
#7477=CARTESIAN_POINT('',(-1.1,0.399061755214,-0.738763636981));
#7478=CARTESIAN_POINT('Origin',(-0.9,1.169999999999,0.11450346098));
#7479=CARTESIAN_POINT('',(-0.9,0.4,-0.285324952862));
#7480=CARTESIAN_POINT('',(-0.9,0.399999999999,-4.88807387438E-15));
#7481=CARTESIAN_POINT('',(-0.9,0.399061755214,-0.285324952862));
#7482=CARTESIAN_POINT('',(-0.9,1.17,-0.285324952862));
#7483=CARTESIAN_POINT('',(-0.9,0.399061755214,-0.285324952862));
#7484=CARTESIAN_POINT('Origin',(-1.1,1.17,-0.285324952862));
#7485=CARTESIAN_POINT('',(-1.1,0.4,-0.285324952862));
#7486=CARTESIAN_POINT('',(-1.,0.4,-0.285324952862));
#7487=CARTESIAN_POINT('',(-1.1,0.399061755214,-0.285324952862));
#7488=CARTESIAN_POINT('',(-1.1,1.17,-0.285324952862));
#7489=CARTESIAN_POINT('',(-1.1,0.399061755214,-0.285324952862));
#7490=CARTESIAN_POINT('Origin',(-1.1,1.169999999999,0.11450346098));
#7491=CARTESIAN_POINT('',(-1.1,0.399999999999,-4.88807387438E-15));
#7492=CARTESIAN_POINT('',(-1.1,0.399061755214,-0.285324952862));
#7493=CARTESIAN_POINT('Origin',(-1.1,0.399061755214,-0.285324952862));
#7494=CARTESIAN_POINT('Origin',(1.899999999999,0.399061755214,-0.738763636981));
#7495=CARTESIAN_POINT('',(1.899999999999,0.4,-0.738763636981));
#7496=CARTESIAN_POINT('',(1.899999999999,0.399061755214,-0.738763636981));
#7497=CARTESIAN_POINT('',(1.899999999999,0.399061755214,-0.738763636981));
#7498=CARTESIAN_POINT('',(2.1,0.4,-0.738763636981));
#7499=CARTESIAN_POINT('',(2.,0.4,-0.738763636981));
#7500=CARTESIAN_POINT('',(2.1,0.399061755214,-0.738763636981));
#7501=CARTESIAN_POINT('',(2.1,0.399061755214,-0.738763636981));
#7502=CARTESIAN_POINT('',(1.899999999999,0.399061755214,-0.738763636981));
#7503=CARTESIAN_POINT('Origin',(2.1,1.169999999999,0.11450346098));
#7504=CARTESIAN_POINT('',(2.1,0.4,-0.285324952862));
#7505=CARTESIAN_POINT('',(2.1,0.399999999999,-4.88807387438E-15));
#7506=CARTESIAN_POINT('',(2.1,0.399061755214,-0.285324952862));
#7507=CARTESIAN_POINT('',(2.1,1.17,-0.285324952862));
#7508=CARTESIAN_POINT('',(2.1,0.399061755214,-0.285324952862));
#7509=CARTESIAN_POINT('Origin',(1.899999999999,1.17,-0.285324952862));
#7510=CARTESIAN_POINT('',(1.899999999999,0.4,-0.285324952862));
#7511=CARTESIAN_POINT('',(2.,0.4,-0.285324952862));
#7512=CARTESIAN_POINT('',(1.899999999999,0.399061755214,-0.285324952862));
#7513=CARTESIAN_POINT('',(1.899999999999,1.17,-0.285324952862));
#7514=CARTESIAN_POINT('',(1.899999999999,0.399061755214,-0.285324952862));
#7515=CARTESIAN_POINT('Origin',(1.899999999999,1.169999999999,0.11450346098));
#7516=CARTESIAN_POINT('',(1.899999999999,0.399999999999,-4.88807387438E-15));
#7517=CARTESIAN_POINT('',(1.899999999999,0.399061755214,-0.285324952862));
#7518=CARTESIAN_POINT('Origin',(1.899999999999,0.399061755214,-0.285324952862));
#7519=CARTESIAN_POINT('Origin',(0.9,0.399061755214,-0.738763636981));
#7520=CARTESIAN_POINT('',(0.9,0.4,-0.738763636981));
#7521=CARTESIAN_POINT('',(0.9,0.399061755214,-0.738763636981));
#7522=CARTESIAN_POINT('',(0.9,0.399061755214,-0.738763636981));
#7523=CARTESIAN_POINT('',(1.1,0.4,-0.738763636981));
#7524=CARTESIAN_POINT('',(1.,0.4,-0.738763636981));
#7525=CARTESIAN_POINT('',(1.1,0.399061755214,-0.738763636981));
#7526=CARTESIAN_POINT('',(1.1,0.399061755214,-0.738763636981));
#7527=CARTESIAN_POINT('',(0.9,0.399061755214,-0.738763636981));
#7528=CARTESIAN_POINT('Origin',(1.1,1.169999999999,0.11450346098));
#7529=CARTESIAN_POINT('',(1.1,0.4,-0.285324952862));
#7530=CARTESIAN_POINT('',(1.1,0.399999999999,-4.88807387438E-15));
#7531=CARTESIAN_POINT('',(1.1,0.399061755214,-0.285324952862));
#7532=CARTESIAN_POINT('',(1.1,1.17,-0.285324952862));
#7533=CARTESIAN_POINT('',(1.1,0.399061755214,-0.285324952862));
#7534=CARTESIAN_POINT('Origin',(0.9,1.17,-0.285324952862));
#7535=CARTESIAN_POINT('',(0.9,0.4,-0.285324952862));
#7536=CARTESIAN_POINT('',(1.,0.4,-0.285324952862));
#7537=CARTESIAN_POINT('',(0.9,0.399061755214,-0.285324952862));
#7538=CARTESIAN_POINT('',(0.9,1.17,-0.285324952862));
#7539=CARTESIAN_POINT('',(0.9,0.399061755214,-0.285324952862));
#7540=CARTESIAN_POINT('Origin',(0.9,1.169999999999,0.11450346098));
#7541=CARTESIAN_POINT('',(0.9,0.399999999999,-4.88807387438E-15));
#7542=CARTESIAN_POINT('',(0.9,0.399061755214,-0.285324952862));
#7543=CARTESIAN_POINT('Origin',(0.9,0.399061755214,-0.285324952862));
#7544=CARTESIAN_POINT('Origin',(-2.1,2.45,-1.449999999999));
#7545=CARTESIAN_POINT('',(-2.1,2.45,-1.349999999999));
#7546=CARTESIAN_POINT('',(-2.1,2.55,-1.449999999999));
#7547=CARTESIAN_POINT('Origin',(-2.1,2.45,-1.449999999999));
#7548=CARTESIAN_POINT('',(-1.899999999999,2.45,-1.349999999999));
#7549=CARTESIAN_POINT('',(-2.1,2.45,-1.349999999999));
#7550=CARTESIAN_POINT('',(-1.899999999999,2.55,-1.449999999999));
#7551=CARTESIAN_POINT('Origin',(-1.899999999999,2.45,-1.449999999999));
#7552=CARTESIAN_POINT('',(-2.1,2.55,-1.449999999999));
#7553=CARTESIAN_POINT('Origin',(-2.1,2.55,-1.349999999999));
#7554=CARTESIAN_POINT('',(-1.899999999999,2.55,-1.499999999999));
#7555=CARTESIAN_POINT('',(-1.899999999999,2.55,-1.349999999999));
#7556=CARTESIAN_POINT('',(-2.1,2.55,-1.499999999999));
#7557=CARTESIAN_POINT('',(-2.1,2.55,-1.499999999999));
#7558=CARTESIAN_POINT('',(-2.1,2.55,-1.349999999999));
#7559=CARTESIAN_POINT('Origin',(-2.1,2.45,-1.499999999999));
#7560=CARTESIAN_POINT('',(-2.1,2.45,-1.599999999999));
#7561=CARTESIAN_POINT('Origin',(-2.1,2.45,-1.499999999999));
#7562=CARTESIAN_POINT('',(-1.899999999999,2.45,-1.599999999999));
#7563=CARTESIAN_POINT('Origin',(-1.899999999999,2.45,-1.499999999999));
#7564=CARTESIAN_POINT('',(-2.1,2.45,-1.599999999999));
#7565=CARTESIAN_POINT('Origin',(-2.1,1.81,-1.599999999999));
#7566=CARTESIAN_POINT('',(-1.899999999999,1.86705198859,-1.599999999999));
#7567=CARTESIAN_POINT('',(-1.899999999999,1.81,-1.599999999999));
#7568=CARTESIAN_POINT('',(-2.1,1.86705198859,-1.599999999999));
#7569=CARTESIAN_POINT('',(-2.1,1.86705198859,-1.599999999999));
#7570=CARTESIAN_POINT('',(-2.1,1.81,-1.599999999999));
#7571=CARTESIAN_POINT('Origin',(-2.1,1.86705198859,-1.499999999999));
#7572=CARTESIAN_POINT('',(-2.1,1.780967805326,-1.550887261585));
#7573=CARTESIAN_POINT('Origin',(-2.1,1.86705198859,-1.499999999999));
#7574=CARTESIAN_POINT('',(-1.899999999999,1.780967805326,-1.550887261585));
#7575=CARTESIAN_POINT('Origin',(-1.899999999999,1.86705198859,-1.499999999999));
#7576=CARTESIAN_POINT('',(-2.1,1.780967805326,-1.550887261585));
#7577=CARTESIAN_POINT('Origin',(-1.899999999999,1.169999999999,0.11450346098));
#7578=CARTESIAN_POINT('',(-1.9,1.3,-0.737251011422));
#7579=CARTESIAN_POINT('',(-1.899999999999,1.295399085234,-0.729467806402));
#7580=CARTESIAN_POINT('',(-1.899999999999,1.95705198859,-1.349999999999));
#7581=CARTESIAN_POINT('',(-1.899999999999,1.9,-1.349999999999));
#7582=CARTESIAN_POINT('',(-1.899999999999,1.870967805326,-1.300887261585));
#7583=CARTESIAN_POINT('Origin',(-1.899999999999,1.95705198859,-1.249999999999));
#7584=CARTESIAN_POINT('',(-1.899999999999,1.695399085234,-1.003883858282));
#7585=CARTESIAN_POINT('',(-1.899999999999,1.9,-1.349999999999));
#7586=CARTESIAN_POINT('',(-1.899999999999,1.67,-0.911004660537));
#7587=CARTESIAN_POINT('Origin',(-1.899999999999,1.852519543892,-0.911004660537));
#7588=CARTESIAN_POINT('',(-1.899999999999,1.669999999999,0.867480456107));
#7589=CARTESIAN_POINT('',(-1.899999999999,1.67,-0.911004660537));
#7590=CARTESIAN_POINT('',(-1.899999999999,1.487480456107,1.049999999999));
#7591=CARTESIAN_POINT('Origin',(-1.899999999999,1.487480456107,0.867480456107));
#7592=CARTESIAN_POINT('',(-1.899999999999,1.452519543892,1.049999999999));
#7593=CARTESIAN_POINT('',(-1.899999999999,1.452519543892,1.049999999999));
#7594=CARTESIAN_POINT('',(-1.899999999999,1.299999999999,0.96773599278));
#7595=CARTESIAN_POINT('Origin',(-1.899999999999,1.452519543892,0.867480456107));
#7596=CARTESIAN_POINT('',(-1.9,1.3,-1.55));
#7597=CARTESIAN_POINT('Origin',(-2.1,1.95705198859,-1.249999999999));
#7598=CARTESIAN_POINT('',(-2.1,1.870967805326,-1.300887261585));
#7599=CARTESIAN_POINT('',(-2.1,1.95705198859,-1.349999999999));
#7600=CARTESIAN_POINT('Origin',(-2.1,1.95705198859,-1.249999999999));
#7601=CARTESIAN_POINT('',(-2.1,1.870967805326,-1.300887261585));
#7602=CARTESIAN_POINT('',(-1.899999999999,1.95705198859,-1.349999999999));
#7603=CARTESIAN_POINT('Origin',(-2.1,1.9,-1.349999999999));
#7604=CARTESIAN_POINT('',(-2.1,1.9,-1.349999999999));
#7605=CARTESIAN_POINT('Origin',(-2.1,1.169999999999,0.11450346098));
#7606=CARTESIAN_POINT('',(-2.1,1.3,-0.737251011422));
#7607=CARTESIAN_POINT('',(-2.1,1.295399085234,-0.729467806402));
#7608=CARTESIAN_POINT('',(-2.1,1.299999999999,0.96773599278));
#7609=CARTESIAN_POINT('',(-2.1,1.3,-1.55));
#7610=CARTESIAN_POINT('',(-2.1,1.452519543892,1.049999999999));
#7611=CARTESIAN_POINT('Origin',(-2.1,1.452519543892,0.867480456107));
#7612=CARTESIAN_POINT('',(-2.1,1.487480456107,1.049999999999));
#7613=CARTESIAN_POINT('',(-2.1,1.452519543892,1.049999999999));
#7614=CARTESIAN_POINT('',(-2.1,1.669999999999,0.867480456107));
#7615=CARTESIAN_POINT('Origin',(-2.1,1.487480456107,0.867480456107));
#7616=CARTESIAN_POINT('',(-2.1,1.67,-0.911004660537));
#7617=CARTESIAN_POINT('',(-2.1,1.67,-0.911004660537));
#7618=CARTESIAN_POINT('',(-2.1,1.695399085234,-1.003883858282));
#7619=CARTESIAN_POINT('Origin',(-2.1,1.852519543892,-0.911004660537));
#7620=CARTESIAN_POINT('',(-2.1,1.9,-1.349999999999));
#7621=CARTESIAN_POINT('Origin',(-2.1,1.9,-1.349999999999));
#7622=CARTESIAN_POINT('',(-2.1,1.695399085234,-1.003883858282));
#7623=CARTESIAN_POINT('Origin',(-2.1,1.852519543892,-0.911004660537));
#7624=CARTESIAN_POINT('',(-2.1,1.67,-0.911004660537));
#7625=CARTESIAN_POINT('Origin',(-2.1,1.67,-0.911004660537));
#7626=CARTESIAN_POINT('',(-2.1,1.669999999999,0.867480456107));
#7627=CARTESIAN_POINT('Origin',(-2.1,1.487480456107,0.867480456107));
#7628=CARTESIAN_POINT('',(-2.1,1.487480456107,1.049999999999));
#7629=CARTESIAN_POINT('Origin',(-2.1,1.452519543892,1.049999999999));
#7630=CARTESIAN_POINT('',(-2.1,1.452519543892,1.049999999999));
#7631=CARTESIAN_POINT('Origin',(-2.1,1.452519543892,0.867480456107));
#7632=CARTESIAN_POINT('',(-2.1,1.299999999999,0.96773599278));
#7633=CARTESIAN_POINT('Origin',(-2.1,1.295399085234,-0.729467806402));
#7634=CARTESIAN_POINT('',(1.675,1.3,-0.737251011422));
#7635=CARTESIAN_POINT('Origin',(-1.1,2.45,-1.449999999999));
#7636=CARTESIAN_POINT('',(-1.1,2.45,-1.349999999999));
#7637=CARTESIAN_POINT('',(-1.1,2.55,-1.449999999999));
#7638=CARTESIAN_POINT('Origin',(-1.1,2.45,-1.449999999999));
#7639=CARTESIAN_POINT('',(-0.9,2.45,-1.349999999999));
#7640=CARTESIAN_POINT('',(-1.1,2.45,-1.349999999999));
#7641=CARTESIAN_POINT('',(-0.9,2.55,-1.449999999999));
#7642=CARTESIAN_POINT('Origin',(-0.9,2.45,-1.449999999999));
#7643=CARTESIAN_POINT('',(-1.1,2.55,-1.449999999999));
#7644=CARTESIAN_POINT('Origin',(-1.1,2.55,-1.349999999999));
#7645=CARTESIAN_POINT('',(-0.9,2.55,-1.499999999999));
#7646=CARTESIAN_POINT('',(-0.9,2.55,-1.349999999999));
#7647=CARTESIAN_POINT('',(-1.1,2.55,-1.499999999999));
#7648=CARTESIAN_POINT('',(-1.1,2.55,-1.499999999999));
#7649=CARTESIAN_POINT('',(-1.1,2.55,-1.349999999999));
#7650=CARTESIAN_POINT('Origin',(-1.1,2.45,-1.499999999999));
#7651=CARTESIAN_POINT('',(-1.1,2.45,-1.599999999999));
#7652=CARTESIAN_POINT('Origin',(-1.1,2.45,-1.499999999999));
#7653=CARTESIAN_POINT('',(-0.9,2.45,-1.599999999999));
#7654=CARTESIAN_POINT('Origin',(-0.9,2.45,-1.499999999999));
#7655=CARTESIAN_POINT('',(-1.1,2.45,-1.599999999999));
#7656=CARTESIAN_POINT('Origin',(-1.1,1.81,-1.599999999999));
#7657=CARTESIAN_POINT('',(-0.9,1.86705198859,-1.599999999999));
#7658=CARTESIAN_POINT('',(-0.9,1.81,-1.599999999999));
#7659=CARTESIAN_POINT('',(-1.1,1.86705198859,-1.599999999999));
#7660=CARTESIAN_POINT('',(-1.1,1.86705198859,-1.599999999999));
#7661=CARTESIAN_POINT('',(-1.1,1.81,-1.599999999999));
#7662=CARTESIAN_POINT('Origin',(-1.1,1.86705198859,-1.499999999999));
#7663=CARTESIAN_POINT('',(-1.1,1.780967805326,-1.550887261585));
#7664=CARTESIAN_POINT('Origin',(-1.1,1.86705198859,-1.499999999999));
#7665=CARTESIAN_POINT('',(-0.9,1.780967805326,-1.550887261585));
#7666=CARTESIAN_POINT('Origin',(-0.9,1.86705198859,-1.499999999999));
#7667=CARTESIAN_POINT('',(-1.1,1.780967805326,-1.550887261585));
#7668=CARTESIAN_POINT('Origin',(-0.9,1.169999999999,0.11450346098));
#7669=CARTESIAN_POINT('',(-0.9,1.3,-0.737251011422));
#7670=CARTESIAN_POINT('',(-0.9,1.295399085234,-0.729467806402));
#7671=CARTESIAN_POINT('',(-0.9,1.95705198859,-1.349999999999));
#7672=CARTESIAN_POINT('',(-0.9,1.9,-1.349999999999));
#7673=CARTESIAN_POINT('',(-0.9,1.870967805326,-1.300887261585));
#7674=CARTESIAN_POINT('Origin',(-0.9,1.95705198859,-1.249999999999));
#7675=CARTESIAN_POINT('',(-0.9,1.695399085234,-1.003883858282));
#7676=CARTESIAN_POINT('',(-0.9,1.9,-1.349999999999));
#7677=CARTESIAN_POINT('',(-0.9,1.67,-0.911004660537));
#7678=CARTESIAN_POINT('Origin',(-0.9,1.852519543892,-0.911004660537));
#7679=CARTESIAN_POINT('',(-0.9,1.669999999999,0.867480456107));
#7680=CARTESIAN_POINT('',(-0.9,1.67,-0.911004660537));
#7681=CARTESIAN_POINT('',(-0.9,1.487480456107,1.049999999999));
#7682=CARTESIAN_POINT('Origin',(-0.9,1.487480456107,0.867480456107));
#7683=CARTESIAN_POINT('',(-0.9,1.452519543892,1.049999999999));
#7684=CARTESIAN_POINT('',(-0.9,1.452519543892,1.049999999999));
#7685=CARTESIAN_POINT('',(-0.9,1.299999999999,0.96773599278));
#7686=CARTESIAN_POINT('Origin',(-0.9,1.452519543892,0.867480456107));
#7687=CARTESIAN_POINT('',(-0.9,1.3,-1.55));
#7688=CARTESIAN_POINT('Origin',(-1.1,1.95705198859,-1.249999999999));
#7689=CARTESIAN_POINT('',(-1.1,1.870967805326,-1.300887261585));
#7690=CARTESIAN_POINT('',(-1.1,1.95705198859,-1.349999999999));
#7691=CARTESIAN_POINT('Origin',(-1.1,1.95705198859,-1.249999999999));
#7692=CARTESIAN_POINT('',(-1.1,1.870967805326,-1.300887261585));
#7693=CARTESIAN_POINT('',(-0.9,1.95705198859,-1.349999999999));
#7694=CARTESIAN_POINT('Origin',(-1.1,1.9,-1.349999999999));
#7695=CARTESIAN_POINT('',(-1.1,1.9,-1.349999999999));
#7696=CARTESIAN_POINT('Origin',(-1.1,1.169999999999,0.11450346098));
#7697=CARTESIAN_POINT('',(-1.1,1.3,-0.737251011422));
#7698=CARTESIAN_POINT('',(-1.1,1.295399085234,-0.729467806402));
#7699=CARTESIAN_POINT('',(-1.1,1.299999999999,0.96773599278));
#7700=CARTESIAN_POINT('',(-1.099999999999,1.3,-1.55));
#7701=CARTESIAN_POINT('',(-1.1,1.452519543892,1.049999999999));
#7702=CARTESIAN_POINT('Origin',(-1.1,1.452519543892,0.867480456107));
#7703=CARTESIAN_POINT('',(-1.1,1.487480456107,1.049999999999));
#7704=CARTESIAN_POINT('',(-1.1,1.452519543892,1.049999999999));
#7705=CARTESIAN_POINT('',(-1.1,1.669999999999,0.867480456107));
#7706=CARTESIAN_POINT('Origin',(-1.1,1.487480456107,0.867480456107));
#7707=CARTESIAN_POINT('',(-1.1,1.67,-0.911004660537));
#7708=CARTESIAN_POINT('',(-1.1,1.67,-0.911004660537));
#7709=CARTESIAN_POINT('',(-1.1,1.695399085234,-1.003883858282));
#7710=CARTESIAN_POINT('Origin',(-1.1,1.852519543892,-0.911004660537));
#7711=CARTESIAN_POINT('',(-1.1,1.9,-1.349999999999));
#7712=CARTESIAN_POINT('Origin',(-1.1,1.9,-1.349999999999));
#7713=CARTESIAN_POINT('',(-1.1,1.695399085234,-1.003883858282));
#7714=CARTESIAN_POINT('Origin',(-1.1,1.852519543892,-0.911004660537));
#7715=CARTESIAN_POINT('',(-1.1,1.67,-0.911004660537));
#7716=CARTESIAN_POINT('Origin',(-1.1,1.67,-0.911004660537));
#7717=CARTESIAN_POINT('',(-1.1,1.669999999999,0.867480456107));
#7718=CARTESIAN_POINT('Origin',(-1.1,1.487480456107,0.867480456107));
#7719=CARTESIAN_POINT('',(-1.1,1.487480456107,1.049999999999));
#7720=CARTESIAN_POINT('Origin',(-1.1,1.452519543892,1.049999999999));
#7721=CARTESIAN_POINT('',(-1.1,1.452519543892,1.049999999999));
#7722=CARTESIAN_POINT('Origin',(-1.1,1.452519543892,0.867480456107));
#7723=CARTESIAN_POINT('',(-1.1,1.299999999999,0.96773599278));
#7724=CARTESIAN_POINT('Origin',(-1.1,1.295399085234,-0.729467806402));
#7725=CARTESIAN_POINT('',(2.675,1.3,-0.737251011422));
#7726=CARTESIAN_POINT('Origin',(1.899999999999,2.45,-1.449999999999));
#7727=CARTESIAN_POINT('',(1.899999999999,2.45,-1.349999999999));
#7728=CARTESIAN_POINT('',(1.899999999999,2.55,-1.449999999999));
#7729=CARTESIAN_POINT('Origin',(1.899999999999,2.45,-1.449999999999));
#7730=CARTESIAN_POINT('',(2.1,2.45,-1.349999999999));
#7731=CARTESIAN_POINT('',(1.899999999999,2.45,-1.349999999999));
#7732=CARTESIAN_POINT('',(2.1,2.55,-1.449999999999));
#7733=CARTESIAN_POINT('Origin',(2.1,2.45,-1.449999999999));
#7734=CARTESIAN_POINT('',(1.899999999999,2.55,-1.449999999999));
#7735=CARTESIAN_POINT('Origin',(1.899999999999,2.55,-1.349999999999));
#7736=CARTESIAN_POINT('',(2.1,2.55,-1.499999999999));
#7737=CARTESIAN_POINT('',(2.1,2.55,-1.349999999999));
#7738=CARTESIAN_POINT('',(1.899999999999,2.55,-1.499999999999));
#7739=CARTESIAN_POINT('',(1.899999999999,2.55,-1.499999999999));
#7740=CARTESIAN_POINT('',(1.899999999999,2.55,-1.349999999999));
#7741=CARTESIAN_POINT('Origin',(1.899999999999,2.45,-1.499999999999));
#7742=CARTESIAN_POINT('',(1.899999999999,2.45,-1.599999999999));
#7743=CARTESIAN_POINT('Origin',(1.899999999999,2.45,-1.499999999999));
#7744=CARTESIAN_POINT('',(2.1,2.45,-1.599999999999));
#7745=CARTESIAN_POINT('Origin',(2.1,2.45,-1.499999999999));
#7746=CARTESIAN_POINT('',(1.899999999999,2.45,-1.599999999999));
#7747=CARTESIAN_POINT('Origin',(1.899999999999,1.81,-1.599999999999));
#7748=CARTESIAN_POINT('',(2.1,1.86705198859,-1.599999999999));
#7749=CARTESIAN_POINT('',(2.1,1.81,-1.599999999999));
#7750=CARTESIAN_POINT('',(1.899999999999,1.86705198859,-1.599999999999));
#7751=CARTESIAN_POINT('',(1.899999999999,1.86705198859,-1.599999999999));
#7752=CARTESIAN_POINT('',(1.899999999999,1.81,-1.599999999999));
#7753=CARTESIAN_POINT('Origin',(1.899999999999,1.86705198859,-1.499999999999));
#7754=CARTESIAN_POINT('',(1.899999999999,1.780967805326,-1.550887261585));
#7755=CARTESIAN_POINT('Origin',(1.899999999999,1.86705198859,-1.499999999999));
#7756=CARTESIAN_POINT('',(2.1,1.780967805326,-1.550887261585));
#7757=CARTESIAN_POINT('Origin',(2.1,1.86705198859,-1.499999999999));
#7758=CARTESIAN_POINT('',(1.899999999999,1.780967805326,-1.550887261585));
#7759=CARTESIAN_POINT('Origin',(2.1,1.169999999999,0.11450346098));
#7760=CARTESIAN_POINT('',(2.1,1.3,-0.737251011422));
#7761=CARTESIAN_POINT('',(2.1,1.295399085234,-0.729467806402));
#7762=CARTESIAN_POINT('',(2.1,1.95705198859,-1.349999999999));
#7763=CARTESIAN_POINT('',(2.1,1.9,-1.349999999999));
#7764=CARTESIAN_POINT('',(2.1,1.870967805326,-1.300887261585));
#7765=CARTESIAN_POINT('Origin',(2.1,1.95705198859,-1.249999999999));
#7766=CARTESIAN_POINT('',(2.1,1.695399085234,-1.003883858282));
#7767=CARTESIAN_POINT('',(2.1,1.9,-1.349999999999));
#7768=CARTESIAN_POINT('',(2.1,1.67,-0.911004660537));
#7769=CARTESIAN_POINT('Origin',(2.1,1.852519543892,-0.911004660537));
#7770=CARTESIAN_POINT('',(2.1,1.669999999999,0.867480456107));
#7771=CARTESIAN_POINT('',(2.1,1.67,-0.911004660537));
#7772=CARTESIAN_POINT('',(2.1,1.487480456107,1.049999999999));
#7773=CARTESIAN_POINT('Origin',(2.1,1.487480456107,0.867480456107));
#7774=CARTESIAN_POINT('',(2.1,1.452519543892,1.049999999999));
#7775=CARTESIAN_POINT('',(2.1,1.452519543892,1.049999999999));
#7776=CARTESIAN_POINT('',(2.1,1.299999999999,0.96773599278));
#7777=CARTESIAN_POINT('Origin',(2.1,1.452519543892,0.867480456107));
#7778=CARTESIAN_POINT('',(2.1,1.3,-1.55));
#7779=CARTESIAN_POINT('Origin',(1.899999999999,1.95705198859,-1.249999999999));
#7780=CARTESIAN_POINT('',(1.899999999999,1.870967805326,-1.300887261585));
#7781=CARTESIAN_POINT('',(1.899999999999,1.95705198859,-1.349999999999));
#7782=CARTESIAN_POINT('Origin',(1.899999999999,1.95705198859,-1.249999999999));
#7783=CARTESIAN_POINT('',(1.899999999999,1.870967805326,-1.300887261585));
#7784=CARTESIAN_POINT('',(2.1,1.95705198859,-1.349999999999));
#7785=CARTESIAN_POINT('Origin',(1.899999999999,1.9,-1.349999999999));
#7786=CARTESIAN_POINT('',(1.899999999999,1.9,-1.349999999999));
#7787=CARTESIAN_POINT('Origin',(1.899999999999,1.169999999999,0.11450346098));
#7788=CARTESIAN_POINT('',(1.899999999999,1.3,-0.737251011422));
#7789=CARTESIAN_POINT('',(1.899999999999,1.295399085234,-0.729467806402));
#7790=CARTESIAN_POINT('',(1.899999999999,1.299999999999,0.96773599278));
#7791=CARTESIAN_POINT('',(1.9,1.3,-1.55));
#7792=CARTESIAN_POINT('',(1.899999999999,1.452519543892,1.049999999999));
#7793=CARTESIAN_POINT('Origin',(1.899999999999,1.452519543892,0.867480456107));
#7794=CARTESIAN_POINT('',(1.899999999999,1.487480456107,1.049999999999));
#7795=CARTESIAN_POINT('',(1.899999999999,1.452519543892,1.049999999999));
#7796=CARTESIAN_POINT('',(1.899999999999,1.669999999999,0.867480456107));
#7797=CARTESIAN_POINT('Origin',(1.899999999999,1.487480456107,0.867480456107));
#7798=CARTESIAN_POINT('',(1.899999999999,1.67,-0.911004660537));
#7799=CARTESIAN_POINT('',(1.899999999999,1.67,-0.911004660537));
#7800=CARTESIAN_POINT('',(1.899999999999,1.695399085234,-1.003883858282));
#7801=CARTESIAN_POINT('Origin',(1.899999999999,1.852519543892,-0.911004660537));
#7802=CARTESIAN_POINT('',(1.899999999999,1.9,-1.349999999999));
#7803=CARTESIAN_POINT('Origin',(1.899999999999,1.9,-1.349999999999));
#7804=CARTESIAN_POINT('',(1.899999999999,1.695399085234,-1.003883858282));
#7805=CARTESIAN_POINT('Origin',(1.899999999999,1.852519543892,-0.911004660537));
#7806=CARTESIAN_POINT('',(1.899999999999,1.67,-0.911004660537));
#7807=CARTESIAN_POINT('Origin',(1.899999999999,1.67,-0.911004660537));
#7808=CARTESIAN_POINT('',(1.899999999999,1.669999999999,0.867480456107));
#7809=CARTESIAN_POINT('Origin',(1.899999999999,1.487480456107,0.867480456107));
#7810=CARTESIAN_POINT('',(1.899999999999,1.487480456107,1.049999999999));
#7811=CARTESIAN_POINT('Origin',(1.899999999999,1.452519543892,1.049999999999));
#7812=CARTESIAN_POINT('',(1.899999999999,1.452519543892,1.049999999999));
#7813=CARTESIAN_POINT('Origin',(1.899999999999,1.452519543892,0.867480456107));
#7814=CARTESIAN_POINT('',(1.899999999999,1.299999999999,0.96773599278));
#7815=CARTESIAN_POINT('Origin',(1.899999999999,1.295399085234,-0.729467806402));
#7816=CARTESIAN_POINT('',(5.675,1.3,-0.737251011422));
#7817=CARTESIAN_POINT('Origin',(0.9,2.45,-1.449999999999));
#7818=CARTESIAN_POINT('',(0.9,2.45,-1.349999999999));
#7819=CARTESIAN_POINT('',(0.9,2.55,-1.449999999999));
#7820=CARTESIAN_POINT('Origin',(0.9,2.45,-1.449999999999));
#7821=CARTESIAN_POINT('',(1.1,2.45,-1.349999999999));
#7822=CARTESIAN_POINT('',(0.9,2.45,-1.349999999999));
#7823=CARTESIAN_POINT('',(1.1,2.55,-1.449999999999));
#7824=CARTESIAN_POINT('Origin',(1.1,2.45,-1.449999999999));
#7825=CARTESIAN_POINT('',(0.9,2.55,-1.449999999999));
#7826=CARTESIAN_POINT('Origin',(0.9,2.55,-1.349999999999));
#7827=CARTESIAN_POINT('',(1.1,2.55,-1.499999999999));
#7828=CARTESIAN_POINT('',(1.1,2.55,-1.349999999999));
#7829=CARTESIAN_POINT('',(0.9,2.55,-1.499999999999));
#7830=CARTESIAN_POINT('',(0.9,2.55,-1.499999999999));
#7831=CARTESIAN_POINT('',(0.9,2.55,-1.349999999999));
#7832=CARTESIAN_POINT('Origin',(0.9,2.45,-1.499999999999));
#7833=CARTESIAN_POINT('',(0.9,2.45,-1.599999999999));
#7834=CARTESIAN_POINT('Origin',(0.9,2.45,-1.499999999999));
#7835=CARTESIAN_POINT('',(1.1,2.45,-1.599999999999));
#7836=CARTESIAN_POINT('Origin',(1.1,2.45,-1.499999999999));
#7837=CARTESIAN_POINT('',(0.9,2.45,-1.599999999999));
#7838=CARTESIAN_POINT('Origin',(0.9,1.81,-1.599999999999));
#7839=CARTESIAN_POINT('',(1.1,1.86705198859,-1.599999999999));
#7840=CARTESIAN_POINT('',(1.1,1.81,-1.599999999999));
#7841=CARTESIAN_POINT('',(0.9,1.86705198859,-1.599999999999));
#7842=CARTESIAN_POINT('',(0.9,1.86705198859,-1.599999999999));
#7843=CARTESIAN_POINT('',(0.9,1.81,-1.599999999999));
#7844=CARTESIAN_POINT('Origin',(0.9,1.86705198859,-1.499999999999));
#7845=CARTESIAN_POINT('',(0.9,1.780967805326,-1.550887261585));
#7846=CARTESIAN_POINT('Origin',(0.9,1.86705198859,-1.499999999999));
#7847=CARTESIAN_POINT('',(1.1,1.780967805326,-1.550887261585));
#7848=CARTESIAN_POINT('Origin',(1.1,1.86705198859,-1.499999999999));
#7849=CARTESIAN_POINT('',(0.9,1.780967805326,-1.550887261585));
#7850=CARTESIAN_POINT('Origin',(1.1,1.169999999999,0.11450346098));
#7851=CARTESIAN_POINT('',(1.099999999999,1.3,-0.737251011422));
#7852=CARTESIAN_POINT('',(1.1,1.295399085234,-0.729467806402));
#7853=CARTESIAN_POINT('',(1.1,1.95705198859,-1.349999999999));
#7854=CARTESIAN_POINT('',(1.1,1.9,-1.349999999999));
#7855=CARTESIAN_POINT('',(1.1,1.870967805326,-1.300887261585));
#7856=CARTESIAN_POINT('Origin',(1.1,1.95705198859,-1.249999999999));
#7857=CARTESIAN_POINT('',(1.1,1.695399085234,-1.003883858282));
#7858=CARTESIAN_POINT('',(1.1,1.9,-1.349999999999));
#7859=CARTESIAN_POINT('',(1.1,1.67,-0.911004660537));
#7860=CARTESIAN_POINT('Origin',(1.1,1.852519543892,-0.911004660537));
#7861=CARTESIAN_POINT('',(1.1,1.669999999999,0.867480456107));
#7862=CARTESIAN_POINT('',(1.1,1.67,-0.911004660537));
#7863=CARTESIAN_POINT('',(1.1,1.487480456107,1.049999999999));
#7864=CARTESIAN_POINT('Origin',(1.1,1.487480456107,0.867480456107));
#7865=CARTESIAN_POINT('',(1.1,1.452519543892,1.049999999999));
#7866=CARTESIAN_POINT('',(1.1,1.452519543892,1.049999999999));
#7867=CARTESIAN_POINT('',(1.1,1.299999999999,0.96773599278));
#7868=CARTESIAN_POINT('Origin',(1.1,1.452519543892,0.867480456107));
#7869=CARTESIAN_POINT('',(1.099999999999,1.3,-1.55));
#7870=CARTESIAN_POINT('Origin',(0.9,1.95705198859,-1.249999999999));
#7871=CARTESIAN_POINT('',(0.9,1.870967805326,-1.300887261585));
#7872=CARTESIAN_POINT('',(0.9,1.95705198859,-1.349999999999));
#7873=CARTESIAN_POINT('Origin',(0.9,1.95705198859,-1.249999999999));
#7874=CARTESIAN_POINT('',(0.9,1.870967805326,-1.300887261585));
#7875=CARTESIAN_POINT('',(1.1,1.95705198859,-1.349999999999));
#7876=CARTESIAN_POINT('Origin',(0.9,1.9,-1.349999999999));
#7877=CARTESIAN_POINT('',(0.9,1.9,-1.349999999999));
#7878=CARTESIAN_POINT('Origin',(0.9,1.169999999999,0.11450346098));
#7879=CARTESIAN_POINT('',(0.9,1.3,-0.737251011422));
#7880=CARTESIAN_POINT('',(0.9,1.295399085234,-0.729467806402));
#7881=CARTESIAN_POINT('',(0.9,1.299999999999,0.96773599278));
#7882=CARTESIAN_POINT('',(0.9,1.3,-1.55));
#7883=CARTESIAN_POINT('',(0.9,1.452519543892,1.049999999999));
#7884=CARTESIAN_POINT('Origin',(0.9,1.452519543892,0.867480456107));
#7885=CARTESIAN_POINT('',(0.9,1.487480456107,1.049999999999));
#7886=CARTESIAN_POINT('',(0.9,1.452519543892,1.049999999999));
#7887=CARTESIAN_POINT('',(0.9,1.669999999999,0.867480456107));
#7888=CARTESIAN_POINT('Origin',(0.9,1.487480456107,0.867480456107));
#7889=CARTESIAN_POINT('',(0.9,1.67,-0.911004660537));
#7890=CARTESIAN_POINT('',(0.9,1.67,-0.911004660537));
#7891=CARTESIAN_POINT('',(0.9,1.695399085234,-1.003883858282));
#7892=CARTESIAN_POINT('Origin',(0.9,1.852519543892,-0.911004660537));
#7893=CARTESIAN_POINT('',(0.9,1.9,-1.349999999999));
#7894=CARTESIAN_POINT('Origin',(0.9,1.9,-1.349999999999));
#7895=CARTESIAN_POINT('',(0.9,1.695399085234,-1.003883858282));
#7896=CARTESIAN_POINT('Origin',(0.9,1.852519543892,-0.911004660537));
#7897=CARTESIAN_POINT('',(0.9,1.67,-0.911004660537));
#7898=CARTESIAN_POINT('Origin',(0.9,1.67,-0.911004660537));
#7899=CARTESIAN_POINT('',(0.9,1.669999999999,0.867480456107));
#7900=CARTESIAN_POINT('Origin',(0.9,1.487480456107,0.867480456107));
#7901=CARTESIAN_POINT('',(0.9,1.487480456107,1.049999999999));
#7902=CARTESIAN_POINT('Origin',(0.9,1.452519543892,1.049999999999));
#7903=CARTESIAN_POINT('',(0.9,1.452519543892,1.049999999999));
#7904=CARTESIAN_POINT('Origin',(0.9,1.452519543892,0.867480456107));
#7905=CARTESIAN_POINT('',(0.9,1.299999999999,0.96773599278));
#7906=CARTESIAN_POINT('Origin',(0.9,1.295399085234,-0.729467806402));
#7907=CARTESIAN_POINT('',(4.675,1.3,-0.737251011422));
#7908=CARTESIAN_POINT('Origin',(-0.1,-1.43,0.287297507833));
#7909=CARTESIAN_POINT('',(-0.027205953146,-1.43,0.287297507833));
#7910=CARTESIAN_POINT('',(-0.1,-1.23,0.21450346098));
#7911=CARTESIAN_POINT('',(-0.110472704175,-1.201226481757,0.204030756804));
#7912=CARTESIAN_POINT('',(0.1,-1.23,0.21450346098));
#7913=CARTESIAN_POINT('',(-0.1,-1.23,0.21450346098));
#7914=CARTESIAN_POINT('',(0.027205953146,-1.43,0.287297507833));
#7915=CARTESIAN_POINT('',(-0.00706135837,-1.524148664618,0.32156481935));
#7916=CARTESIAN_POINT('',(-0.1,-1.43,0.287297507833));
#7917=CARTESIAN_POINT('Origin',(0.027205953146,-1.43,0.61450346098));
#7918=CARTESIAN_POINT('',(0.1,-1.23,0.61450346098));
#7919=CARTESIAN_POINT('',(0.027205953146,-1.43,0.541709414126));
#7920=CARTESIAN_POINT('',(0.03482945833,-1.409054591649,0.549332919311));
#7921=CARTESIAN_POINT('',(0.027205953146,-1.43,0.61450346098));
#7922=CARTESIAN_POINT('',(0.1,-1.23,0.11450346098));
#7923=CARTESIAN_POINT('Origin',(-0.1,-1.23,0.11450346098));
#7924=CARTESIAN_POINT('',(-0.027205953146,-1.43,0.541709414126));
#7925=CARTESIAN_POINT('',(-0.1,-1.23,0.61450346098));
#7926=CARTESIAN_POINT('',(-0.1,-1.23,0.61450346098));
#7927=CARTESIAN_POINT('',(-0.1,-1.23,0.61450346098));
#7928=CARTESIAN_POINT('',(-0.027205953146,-1.43,0.21450346098));
#7929=CARTESIAN_POINT('Origin',(-0.1,-1.23,0.61450346098));
#7930=CARTESIAN_POINT('',(-0.1,-1.23,0.61450346098));
#7931=CARTESIAN_POINT('',(-0.1,-1.43,0.541709414126));
#7932=CARTESIAN_POINT('Origin',(-0.1,2.45,-1.449999999999));
#7933=CARTESIAN_POINT('',(-0.1,2.45,-1.349999999999));
#7934=CARTESIAN_POINT('',(-0.1,2.55,-1.449999999999));
#7935=CARTESIAN_POINT('Origin',(-0.1,2.45,-1.449999999999));
#7936=CARTESIAN_POINT('',(0.1,2.45,-1.349999999999));
#7937=CARTESIAN_POINT('',(-0.1,2.45,-1.349999999999));
#7938=CARTESIAN_POINT('',(0.1,2.55,-1.449999999999));
#7939=CARTESIAN_POINT('Origin',(0.1,2.45,-1.449999999999));
#7940=CARTESIAN_POINT('',(-0.1,2.55,-1.449999999999));
#7941=CARTESIAN_POINT('Origin',(-0.1,2.45,-1.499999999999));
#7942=CARTESIAN_POINT('',(-0.1,2.55,-1.499999999999));
#7943=CARTESIAN_POINT('',(-0.1,2.45,-1.599999999999));
#7944=CARTESIAN_POINT('Origin',(-0.1,2.45,-1.499999999999));
#7945=CARTESIAN_POINT('',(0.1,2.55,-1.499999999999));
#7946=CARTESIAN_POINT('',(-0.1,2.55,-1.499999999999));
#7947=CARTESIAN_POINT('',(0.1,2.45,-1.599999999999));
#7948=CARTESIAN_POINT('Origin',(0.1,2.45,-1.499999999999));
#7949=CARTESIAN_POINT('',(-0.1,2.45,-1.599999999999));
#7950=CARTESIAN_POINT('Origin',(-0.1,1.86705198859,-1.499999999999));
#7951=CARTESIAN_POINT('',(-0.1,1.86705198859,-1.599999999999));
#7952=CARTESIAN_POINT('',(-0.1,1.780967805326,-1.550887261585));
#7953=CARTESIAN_POINT('Origin',(-0.1,1.86705198859,-1.499999999999));
#7954=CARTESIAN_POINT('',(0.1,1.86705198859,-1.599999999999));
#7955=CARTESIAN_POINT('',(-0.1,1.86705198859,-1.599999999999));
#7956=CARTESIAN_POINT('',(0.1,1.780967805326,-1.550887261585));
#7957=CARTESIAN_POINT('Origin',(0.1,1.86705198859,-1.499999999999));
#7958=CARTESIAN_POINT('',(-0.1,1.780967805326,-1.550887261585));
#7959=CARTESIAN_POINT('Origin',(-0.1,1.95705198859,-1.249999999999));
#7960=CARTESIAN_POINT('',(-0.1,1.870967805326,-1.300887261585));
#7961=CARTESIAN_POINT('',(-0.1,1.95705198859,-1.349999999999));
#7962=CARTESIAN_POINT('Origin',(-0.1,1.95705198859,-1.249999999999));
#7963=CARTESIAN_POINT('',(0.1,1.870967805326,-1.300887261585));
#7964=CARTESIAN_POINT('',(-0.1,1.870967805326,-1.300887261585));
#7965=CARTESIAN_POINT('',(0.1,1.95705198859,-1.349999999999));
#7966=CARTESIAN_POINT('Origin',(0.1,1.95705198859,-1.249999999999));
#7967=CARTESIAN_POINT('',(0.1,1.95705198859,-1.349999999999));
#7968=CARTESIAN_POINT('Origin',(-0.1,1.81,-1.599999999999));
#7969=CARTESIAN_POINT('',(0.1,1.81,-1.599999999999));
#7970=CARTESIAN_POINT('',(-0.1,1.81,-1.599999999999));
#7971=CARTESIAN_POINT('Origin',(-0.1,2.55,-1.349999999999));
#7972=CARTESIAN_POINT('',(0.1,2.55,-1.349999999999));
#7973=CARTESIAN_POINT('',(-0.1,2.55,-1.349999999999));
#7974=CARTESIAN_POINT('Origin',(-0.1,1.9,-1.349999999999));
#7975=CARTESIAN_POINT('',(-0.1,1.9,-1.349999999999));
#7976=CARTESIAN_POINT('',(0.1,1.9,-1.349999999999));
#7977=CARTESIAN_POINT('Origin',(-0.1,1.9,-1.349999999999));
#7978=CARTESIAN_POINT('',(0.1,1.695399085234,-1.003883858282));
#7979=CARTESIAN_POINT('',(0.1,1.9,-1.349999999999));
#7980=CARTESIAN_POINT('',(-0.1,1.695399085234,-1.003883858282));
#7981=CARTESIAN_POINT('',(-0.1,1.9,-1.349999999999));
#7982=CARTESIAN_POINT('',(-0.1,1.695399085234,-1.003883858282));
#7983=CARTESIAN_POINT('Origin',(-0.1,1.852519543892,-0.911004660537));
#7984=CARTESIAN_POINT('',(0.1,1.67,-0.911004660537));
#7985=CARTESIAN_POINT('Origin',(0.1,1.852519543892,-0.911004660537));
#7986=CARTESIAN_POINT('',(-0.1,1.67,-0.911004660537));
#7987=CARTESIAN_POINT('Origin',(-0.1,1.852519543892,-0.911004660537));
#7988=CARTESIAN_POINT('',(-0.1,1.67,-0.911004660537));
#7989=CARTESIAN_POINT('Origin',(-0.1,1.67,-0.911004660537));
#7990=CARTESIAN_POINT('',(0.1,1.669999999999,0.867480456107));
#7991=CARTESIAN_POINT('',(0.1,1.67,-0.911004660537));
#7992=CARTESIAN_POINT('',(-0.1,1.669999999999,0.867480456107));
#7993=CARTESIAN_POINT('',(-0.1,1.67,-0.911004660537));
#7994=CARTESIAN_POINT('',(-0.1,1.669999999999,0.867480456107));
#7995=CARTESIAN_POINT('Origin',(-0.1,1.487480456107,0.867480456107));
#7996=CARTESIAN_POINT('',(0.1,1.487480456107,1.049999999999));
#7997=CARTESIAN_POINT('Origin',(0.1,1.487480456107,0.867480456107));
#7998=CARTESIAN_POINT('',(-0.1,1.487480456107,1.049999999999));
#7999=CARTESIAN_POINT('Origin',(-0.1,1.487480456107,0.867480456107));
#8000=CARTESIAN_POINT('',(-0.1,1.487480456107,1.049999999999));
#8001=CARTESIAN_POINT('Origin',(-0.1,1.452519543892,1.049999999999));
#8002=CARTESIAN_POINT('',(0.1,1.452519543892,1.049999999999));
#8003=CARTESIAN_POINT('',(0.1,1.452519543892,1.049999999999));
#8004=CARTESIAN_POINT('',(-0.1,1.452519543892,1.049999999999));
#8005=CARTESIAN_POINT('',(-0.1,1.452519543892,1.049999999999));
#8006=CARTESIAN_POINT('',(-0.1,1.452519543892,1.049999999999));
#8007=CARTESIAN_POINT('Origin',(0.1,1.169999999999,0.11450346098));
#8008=CARTESIAN_POINT('',(0.099999999999,1.3,-0.737251011422));
#8009=CARTESIAN_POINT('',(0.1,1.295399085234,-0.729467806402));
#8010=CARTESIAN_POINT('',(0.1,1.299999999999,0.96773599278));
#8011=CARTESIAN_POINT('Origin',(0.1,1.452519543892,0.867480456107));
#8012=CARTESIAN_POINT('',(0.099999999999,1.3,-1.55));
#8013=CARTESIAN_POINT('Origin',(-0.1,1.169999999999,0.11450346098));
#8014=CARTESIAN_POINT('',(-0.099999999999,1.3,-0.737251011422));
#8015=CARTESIAN_POINT('',(-0.1,1.295399085234,-0.729467806402));
#8016=CARTESIAN_POINT('',(-0.1,1.299999999999,0.96773599278));
#8017=CARTESIAN_POINT('',(-0.099999999999,1.3,-1.55));
#8018=CARTESIAN_POINT('Origin',(-0.1,1.452519543892,0.867480456107));
#8019=CARTESIAN_POINT('Origin',(-0.1,1.295399085234,-0.729467806402));
#8020=CARTESIAN_POINT('',(3.675,1.3,-0.737251011422));
#8021=CARTESIAN_POINT('Origin',(-0.1,1.452519543892,0.867480456107));
#8022=CARTESIAN_POINT('',(-0.1,1.299999999999,0.96773599278));
#8023=CARTESIAN_POINT('Origin',(-0.1,0.399061755214,-0.738763636981));
#8024=CARTESIAN_POINT('',(-0.1,0.4,-0.738763636981));
#8025=CARTESIAN_POINT('',(-0.1,0.399061755214,-0.738763636981));
#8026=CARTESIAN_POINT('',(-0.1,0.399061755214,-0.738763636981));
#8027=CARTESIAN_POINT('',(0.1,0.4,-0.738763636981));
#8028=CARTESIAN_POINT('',(0.,0.4,-0.738763636981));
#8029=CARTESIAN_POINT('',(0.1,0.399061755214,-0.738763636981));
#8030=CARTESIAN_POINT('',(0.1,0.399061755214,-0.738763636981));
#8031=CARTESIAN_POINT('',(-0.1,0.399061755214,-0.738763636981));
#8032=CARTESIAN_POINT('Origin',(-0.1,1.17,-0.285324952862));
#8033=CARTESIAN_POINT('',(0.1,0.399061755214,-0.285324952862));
#8034=CARTESIAN_POINT('',(0.1,0.4,-0.285324952862));
#8035=CARTESIAN_POINT('',(0.1,1.17,-0.285324952862));
#8036=CARTESIAN_POINT('',(-0.1,0.4,-0.285324952862));
#8037=CARTESIAN_POINT('',(0.,0.4,-0.285324952862));
#8038=CARTESIAN_POINT('',(-0.1,0.399061755214,-0.285324952862));
#8039=CARTESIAN_POINT('',(-0.1,1.17,-0.285324952862));
#8040=CARTESIAN_POINT('',(-0.1,0.399061755214,-0.285324952862));
#8041=CARTESIAN_POINT('Origin',(0.1,1.169999999999,0.11450346098));
#8042=CARTESIAN_POINT('',(0.1,0.399999999999,-4.88807387438E-15));
#8043=CARTESIAN_POINT('',(0.1,0.399061755214,-0.285324952862));
#8044=CARTESIAN_POINT('Origin',(-0.1,1.169999999999,0.11450346098));
#8045=CARTESIAN_POINT('',(-0.1,0.399999999999,-4.88807387438E-15));
#8046=CARTESIAN_POINT('',(-0.1,0.399061755214,-0.285324952862));
#8047=CARTESIAN_POINT('Origin',(-0.1,0.399061755214,-0.285324952862));
#8048=CARTESIAN_POINT('Origin',(-0.1,1.169999999999,0.61450346098));
#8049=CARTESIAN_POINT('',(-0.1,0.399999999999,0.61450346098));
#8050=CARTESIAN_POINT('',(-0.1,1.169999999999,0.61450346098));
#8051=CARTESIAN_POINT('',(0.1,0.399999999999,0.61450346098));
#8052=CARTESIAN_POINT('',(0.1,1.169999999999,0.61450346098));
#8053=CARTESIAN_POINT('',(0.,0.399999999999,0.61450346098));
#8054=CARTESIAN_POINT('Origin',(-0.1,-1.43,0.21450346098));
#8055=CARTESIAN_POINT('',(0.1,0.399999999999,0.21450346098));
#8056=CARTESIAN_POINT('',(0.1,-1.43,0.21450346098));
#8057=CARTESIAN_POINT('',(-0.1,0.399999999999,0.21450346098));
#8058=CARTESIAN_POINT('',(-0.1,-1.43,0.21450346098));
#8059=CARTESIAN_POINT('',(0.,0.399999999999,0.21450346098));
#8060=CARTESIAN_POINT('Origin',(-0.1,1.169999999999,0.11450346098));
#8061=CARTESIAN_POINT('',(-0.1,0.399999999999,-4.88807387438E-15));
#8062=CARTESIAN_POINT('Origin',(0.1,1.169999999999,0.11450346098));
#8063=CARTESIAN_POINT('',(0.1,0.399999999999,-4.88807387438E-15));
#8064=CARTESIAN_POINT('Origin',(-0.1,-1.43,0.61450346098));
#8065=CARTESIAN_POINT('Origin',(-3.099999999999,-2.35,0.699999999999));
#8066=CARTESIAN_POINT('',(-3.2,-2.45,0.799999999999));
#8067=CARTESIAN_POINT('',(-3.25,-2.5,0.849999999999));
#8068=CARTESIAN_POINT('',(-2.999999999999,-2.25,0.599999999999));
#8069=CARTESIAN_POINT('',(-3.25,-2.499999999999,-0.15));
#8070=CARTESIAN_POINT('',(-3.25,-2.5,0.699999999999));
#8071=CARTESIAN_POINT('',(-3.2,-2.45,-0.1));
#8072=CARTESIAN_POINT('',(-2.999999999999,-2.25,0.099999999999));
#8073=CARTESIAN_POINT('',(-3.2,-2.45,0.699999999999));
#8074=CARTESIAN_POINT('Origin',(-2.799999999999,-2.35,-1.242966342847E-14));
#8075=CARTESIAN_POINT('',(-3.094999999999,-2.45,-0.1));
#8076=CARTESIAN_POINT('',(-3.094999999999,-2.35,-1.448964755619E-14));
#8077=CARTESIAN_POINT('',(-3.094999999999,-0.275,2.074999999999));
#8078=CARTESIAN_POINT('',(-2.799999999999,-2.45,-0.1));
#8079=CARTESIAN_POINT('',(-2.95,-2.499999999999,-0.15));
#8080=CARTESIAN_POINT('',(-3.099999999999,-2.499999999999,-0.15));
#8081=CARTESIAN_POINT('',(-2.799999999999,-2.35,-1.242966342847E-14));
#8082=CARTESIAN_POINT('',(-2.466666666666,-2.016666666666,0.333333333333));
#8083=CARTESIAN_POINT('',(-2.799999999999,-2.35,-1.242966342847E-14));
#8084=CARTESIAN_POINT('Origin',(-2.799999999999,-2.35,0.699999999999));
#8085=CARTESIAN_POINT('',(-2.799999999999,-2.35,0.699999999999));
#8086=CARTESIAN_POINT('',(-2.95,-2.5,0.849999999999));
#8087=CARTESIAN_POINT('',(-2.799999999999,-2.35,0.699999999999));
#8088=CARTESIAN_POINT('',(-2.799999999999,-2.5,0.849999999999));
#8089=CARTESIAN_POINT('',(-3.094999999999,-2.45,0.799999999999));
#8090=CARTESIAN_POINT('',(-2.799999999999,-2.45,0.799999999999));
#8091=CARTESIAN_POINT('',(-3.094999999999,-2.35,0.699999999999));
#8092=CARTESIAN_POINT('',(-3.094999999999,0.074999999999,-1.725));
#8093=CARTESIAN_POINT('',(-3.099999999999,-2.35,0.699999999999));
#8094=CARTESIAN_POINT('Origin',(-2.799999999999,-2.35,0.999999999999));
#8095=CARTESIAN_POINT('',(-2.95,-2.499999999999,-1.15));
#8096=CARTESIAN_POINT('',(-2.799999999999,-2.349999999999,-1.));
#8097=CARTESIAN_POINT('',(-2.133333333333,-1.683333333333,-0.333333333333));
#8098=CARTESIAN_POINT('',(-2.799999999999,-2.349999999999,-1.));
#8099=CARTESIAN_POINT('',(-2.95,-2.5,-1.29533856293E-14));
#8100=CARTESIAN_POINT('Origin',(-2.799999999999,-2.35,0.999999999999));
#8101=CARTESIAN_POINT('',(-2.799999999999,-2.35,0.999999999999));
#8102=CARTESIAN_POINT('',(-2.95,-2.5,1.149999999999));
#8103=CARTESIAN_POINT('',(-0.933333333333,-0.483333333333,-0.866666666666));
#8104=CARTESIAN_POINT('',(-2.95,-2.5,0.999999999999));
#8105=CARTESIAN_POINT('',(-2.799999999999,-2.35,0.699999999999));
#8106=CARTESIAN_POINT('Origin',(2.8,-2.349999999999,-1.));
#8107=CARTESIAN_POINT('',(2.95,-2.499999999999,-1.15));
#8108=CARTESIAN_POINT('',(2.8,-2.349999999999,-1.));
#8109=CARTESIAN_POINT('',(2.8,-2.349999999999,-1.));
#8110=CARTESIAN_POINT('',(2.8,-2.349999999999,-1.));
#8111=CARTESIAN_POINT('',(-2.799999999999,-2.499999999999,-1.15));
#8112=CARTESIAN_POINT('Origin',(2.8,-2.35,0.999999999999));
#8113=CARTESIAN_POINT('',(2.8,-2.35,0.999999999999));
#8114=CARTESIAN_POINT('',(2.95,-2.5,1.149999999999));
#8115=CARTESIAN_POINT('',(2.8,-2.35,0.999999999999));
#8116=CARTESIAN_POINT('',(2.8,-2.5,1.149999999999));
#8117=CARTESIAN_POINT('',(-2.799999999999,-2.35,0.999999999999));
#8118=CARTESIAN_POINT('Origin',(2.8,-2.35,0.999999999999));
#8119=CARTESIAN_POINT('',(2.95,-2.499999999999,-0.15));
#8120=CARTESIAN_POINT('',(2.799999999999,-2.35,-1.242966342847E-14));
#8121=CARTESIAN_POINT('',(2.799999999999,-2.35,-1.242966342847E-14));
#8122=CARTESIAN_POINT('',(2.8,-2.35,-1.242966342847E-14));
#8123=CARTESIAN_POINT('',(2.95,-2.499999999999,-1.));
#8124=CARTESIAN_POINT('Origin',(2.8,-2.35,0.999999999999));
#8125=CARTESIAN_POINT('',(2.799999999999,-2.35,0.699999999999));
#8126=CARTESIAN_POINT('',(2.95,-2.5,0.849999999999));
#8127=CARTESIAN_POINT('',(2.9,-2.45,0.799999999999));
#8128=CARTESIAN_POINT('',(2.95,-2.5,0.699999999999));
#8129=CARTESIAN_POINT('',(2.8,-2.35,0.999999999999));
#8130=CARTESIAN_POINT('Origin',(2.799999999999,-2.35,-1.242966342847E-14));
#8131=CARTESIAN_POINT('',(3.094999999999,-2.35,-1.448964755619E-14));
#8132=CARTESIAN_POINT('',(3.094999999999,-2.45,-0.1));
#8133=CARTESIAN_POINT('',(3.094999999999,-0.275,2.074999999999));
#8134=CARTESIAN_POINT('',(3.099999999999,-2.35,-1.242966342847E-14));
#8135=CARTESIAN_POINT('',(3.25,-2.499999999999,-0.15));
#8136=CARTESIAN_POINT('',(2.799999999999,-2.499999999999,-0.15));
#8137=CARTESIAN_POINT('',(3.2,-2.45,-0.1));
#8138=CARTESIAN_POINT('',(2.866666666666,-2.116666666666,0.233333333333));
#8139=CARTESIAN_POINT('',(3.094999999999,-2.45,-0.1));
#8140=CARTESIAN_POINT('Origin',(2.799999999999,-2.35,0.699999999999));
#8141=CARTESIAN_POINT('',(3.2,-2.45,0.799999999999));
#8142=CARTESIAN_POINT('',(3.25,-2.5,0.849999999999));
#8143=CARTESIAN_POINT('',(2.999999999999,-2.25,0.599999999999));
#8144=CARTESIAN_POINT('',(3.099999999999,-2.5,0.849999999999));
#8145=CARTESIAN_POINT('',(3.094999999999,-2.35,0.699999999999));
#8146=CARTESIAN_POINT('',(2.799999999999,-2.35,0.699999999999));
#8147=CARTESIAN_POINT('',(3.094999999999,-2.45,0.799999999999));
#8148=CARTESIAN_POINT('',(3.094999999999,0.074999999999,-1.725));
#8149=CARTESIAN_POINT('',(3.094999999999,-2.45,0.799999999999));
#8150=CARTESIAN_POINT('Origin',(3.099999999999,-2.35,0.699999999999));
#8151=CARTESIAN_POINT('',(3.25,-2.5,-1.29533856293E-14));
#8152=CARTESIAN_POINT('',(3.2,-2.45,1.379999999999));
#8153=CARTESIAN_POINT('Origin',(-2.799999999999,1.161577310586,-1.690567786592E-16));
#8154=CARTESIAN_POINT('',(-3.094999999999,0.399999999999,-2.828089746657E-15));
#8155=CARTESIAN_POINT('',(-3.094999999999,1.8,0.));
#8156=CARTESIAN_POINT('',(-2.799999999999,0.399999999999,-2.936509963906E-15));
#8157=CARTESIAN_POINT('',(-2.799999999999,1.161577310586,-1.690567786592E-16));
#8158=CARTESIAN_POINT('',(-2.799999999999,0.399999999999,-2.828089746657E-15));
#8159=CARTESIAN_POINT('Origin',(-2.799999999999,1.161577310586,0.699999999999));
#8160=CARTESIAN_POINT('',(-2.799999999999,0.399999999999,0.699999999999));
#8161=CARTESIAN_POINT('',(-2.799999999999,1.161577310586,0.699999999999));
#8162=CARTESIAN_POINT('',(-3.094999999999,0.399999999999,0.699999999999));
#8163=CARTESIAN_POINT('',(-3.094999999999,1.799999999999,0.7));
#8164=CARTESIAN_POINT('',(-2.799999999999,0.399999999999,0.699999999999));
#8165=CARTESIAN_POINT('Origin',(2.799999999999,1.161577310586,0.699999999999));
#8166=CARTESIAN_POINT('',(3.094999999999,0.399999999999,0.699999999999));
#8167=CARTESIAN_POINT('',(3.094999999999,1.799999999999,0.7));
#8168=CARTESIAN_POINT('',(2.8,0.399999999999,0.699999999999));
#8169=CARTESIAN_POINT('',(2.799999999999,1.161577310586,0.699999999999));
#8170=CARTESIAN_POINT('',(2.799999999999,0.399999999999,0.699999999999));
#8171=CARTESIAN_POINT('Origin',(2.799999999999,1.161577310586,-1.690567786592E-16));
#8172=CARTESIAN_POINT('',(2.799999999999,0.399999999999,-2.828089746657E-15));
#8173=CARTESIAN_POINT('',(2.799999999999,1.161577310586,-1.690567786592E-16));
#8174=CARTESIAN_POINT('',(3.094999999999,0.399999999999,-2.828089746657E-15));
#8175=CARTESIAN_POINT('',(3.094999999999,1.8,0.));
#8176=CARTESIAN_POINT('',(2.799999999999,0.399999999999,-2.828089746657E-15));
#8177=CARTESIAN_POINT('Origin',(2.8,0.4,-1.));
#8178=CARTESIAN_POINT('',(-2.799999999999,0.4,-1.));
#8179=CARTESIAN_POINT('',(-2.799999999999,0.4,-1.));
#8180=CARTESIAN_POINT('',(2.8,0.4,-1.));
#8181=CARTESIAN_POINT('',(2.8,0.4,-1.));
#8182=CARTESIAN_POINT('',(2.8,0.4,-1.));
#8183=CARTESIAN_POINT('Origin',(2.8,0.399999999999,0.999999999999));
#8184=CARTESIAN_POINT('',(2.8,0.399999999999,0.999999999999));
#8185=CARTESIAN_POINT('',(2.8,0.399999999999,0.999999999999));
#8186=CARTESIAN_POINT('',(2.8,0.399999999999,0.999999999999));
#8187=CARTESIAN_POINT('Origin',(2.8,0.399999999999,0.999999999999));
#8188=CARTESIAN_POINT('',(-2.799999999999,0.399999999999,0.999999999999));
#8189=CARTESIAN_POINT('',(-2.799999999999,0.399999999999,0.999999999999));
#8190=CARTESIAN_POINT('',(2.8,0.399999999999,0.999999999999));
#8191=CARTESIAN_POINT('Origin',(-2.799999999999,0.399999999999,0.999999999999));
#8192=CARTESIAN_POINT('',(-2.799999999999,0.399999999999,0.999999999999));
#8193=CARTESIAN_POINT('Origin',(0.,1.799999999999,1.379999999999));
#8194=CARTESIAN_POINT('',(3.094999999999,1.249999999999,1.379999999999));
#8195=CARTESIAN_POINT('',(3.094999999999,-2.45,1.379999999999));
#8196=CARTESIAN_POINT('',(3.094999999999,1.249999999999,1.379999999999));
#8197=CARTESIAN_POINT('',(3.294999999999,1.249999999999,1.379999999999));
#8198=CARTESIAN_POINT('',(3.094999999999,1.249999999999,1.379999999999));
#8199=CARTESIAN_POINT('',(3.294999999999,-2.45,1.379999999999));
#8200=CARTESIAN_POINT('',(3.294999999999,1.249999999999,1.379999999999));
#8201=CARTESIAN_POINT('',(3.094999999999,-2.45,1.379999999999));
#8202=CARTESIAN_POINT('Origin',(3.294999999999,1.249999999999,1.379999999999));
#8203=CARTESIAN_POINT('',(3.294999999999,-2.449999999999,-1.22));
#8204=CARTESIAN_POINT('',(3.294999999999,1.25,-1.22));
#8205=CARTESIAN_POINT('',(3.294999999999,1.25,-1.22));
#8206=CARTESIAN_POINT('',(3.294999999999,-2.45,1.379999999999));
#8207=CARTESIAN_POINT('',(3.294999999999,1.249999999999,1.379999999999));
#8208=CARTESIAN_POINT('Origin',(3.094999999999,-2.45,1.379999999999));
#8209=CARTESIAN_POINT('',(3.094999999999,-2.449999999999,-1.22));
#8210=CARTESIAN_POINT('',(3.094999999999,-2.45,1.379999999999));
#8211=CARTESIAN_POINT('',(3.094999999999,-2.45,1.379999999999));
#8212=CARTESIAN_POINT('',(3.094999999999,-2.449999999999,-1.22));
#8213=CARTESIAN_POINT('Origin',(0.,1.799999999999,1.379999999999));
#8214=CARTESIAN_POINT('',(-3.094999999999,1.249999999999,1.379999999999));
#8215=CARTESIAN_POINT('',(-3.094999999999,-2.45,1.379999999999));
#8216=CARTESIAN_POINT('',(-3.094999999999,1.249999999999,1.379999999999));
#8217=CARTESIAN_POINT('',(-3.294999999999,-2.45,1.379999999999));
#8218=CARTESIAN_POINT('',(-3.094999999999,-2.45,1.379999999999));
#8219=CARTESIAN_POINT('',(-3.294999999999,1.249999999999,1.379999999999));
#8220=CARTESIAN_POINT('',(-3.294999999999,1.249999999999,1.379999999999));
#8221=CARTESIAN_POINT('',(-3.094999999999,1.249999999999,1.379999999999));
#8222=CARTESIAN_POINT('Origin',(-3.094999999999,-2.45,1.379999999999));
#8223=CARTESIAN_POINT('',(-3.094999999999,-2.449999999999,-1.22));
#8224=CARTESIAN_POINT('',(-3.094999999999,-2.45,1.379999999999));
#8225=CARTESIAN_POINT('',(-3.294999999999,-2.449999999999,-1.22));
#8226=CARTESIAN_POINT('',(-3.094999999999,-2.449999999999,-1.22));
#8227=CARTESIAN_POINT('',(-3.294999999999,-2.45,1.379999999999));
#8228=CARTESIAN_POINT('',(-3.094999999999,-2.45,1.379999999999));
#8229=CARTESIAN_POINT('Origin',(-3.294999999999,1.249999999999,1.379999999999));
#8230=CARTESIAN_POINT('',(-3.294999999999,1.25,-1.22));
#8231=CARTESIAN_POINT('',(-3.294999999999,1.25,-1.22));
#8232=CARTESIAN_POINT('',(-3.294999999999,1.249999999999,1.379999999999));
#8233=CARTESIAN_POINT('Origin',(-2.125,1.626794919243,-1.45));
#8234=CARTESIAN_POINT('',(-2.125,1.626794919243,-1.45));
#8235=CARTESIAN_POINT('',(-2.125,1.626794919243,-1.45));
#8236=CARTESIAN_POINT('',(-2.225,1.8,-1.449999999999));
#8237=CARTESIAN_POINT('',(-2.125,1.626794919243,-1.45));
#8238=CARTESIAN_POINT('',(-2.225,1.8,-8.0411661126E-17));
#8239=CARTESIAN_POINT('Origin',(-1.875,1.626794919243,-1.45));
#8240=CARTESIAN_POINT('',(-1.774999999999,1.8,-1.449999999999));
#8241=CARTESIAN_POINT('',(-1.774999999999,1.8,0.));
#8242=CARTESIAN_POINT('',(-1.875,1.626794919243,-1.45));
#8243=CARTESIAN_POINT('',(-1.875,1.626794919243,-1.45));
#8244=CARTESIAN_POINT('',(-1.875,1.626794919243,-1.45));
#8245=CARTESIAN_POINT('Origin',(-1.125,1.626794919243,-1.45));
#8246=CARTESIAN_POINT('',(-1.125,1.626794919243,-1.45));
#8247=CARTESIAN_POINT('',(-1.125,1.626794919243,-1.45));
#8248=CARTESIAN_POINT('',(-1.224999999999,1.8,-1.449999999999));
#8249=CARTESIAN_POINT('',(-1.125,1.626794919243,-1.45));
#8250=CARTESIAN_POINT('',(-1.224999999999,1.8,-4.427158870982E-17));
#8251=CARTESIAN_POINT('Origin',(-0.874999999999,1.626794919243,-1.45));
#8252=CARTESIAN_POINT('',(-0.774999999999,1.8,-1.449999999999));
#8253=CARTESIAN_POINT('',(-0.774999999999,1.8,0.));
#8254=CARTESIAN_POINT('',(-0.874999999999,1.626794919243,-1.45));
#8255=CARTESIAN_POINT('',(-0.874999999999,1.626794919243,-1.45));
#8256=CARTESIAN_POINT('',(-0.874999999999,1.626794919243,-1.45));
#8257=CARTESIAN_POINT('Origin',(-0.124999999999,1.626794919243,-1.45));
#8258=CARTESIAN_POINT('',(-0.124999999999,1.626794919243,-1.45));
#8259=CARTESIAN_POINT('',(-0.124999999999,1.626794919243,-1.45));
#8260=CARTESIAN_POINT('',(-0.225,1.8,-1.449999999999));
#8261=CARTESIAN_POINT('',(-0.124999999999,1.626794919243,-1.45));
#8262=CARTESIAN_POINT('',(-0.225,1.8,-8.131516293641E-18));
#8263=CARTESIAN_POINT('Origin',(0.125,1.626794919243,-1.45));
#8264=CARTESIAN_POINT('',(0.225,1.8,-1.449999999999));
#8265=CARTESIAN_POINT('',(0.225,1.8,0.));
#8266=CARTESIAN_POINT('',(0.125,1.626794919243,-1.45));
#8267=CARTESIAN_POINT('',(0.125,1.626794919243,-1.45));
#8268=CARTESIAN_POINT('',(0.125,1.626794919243,-1.45));
#8269=CARTESIAN_POINT('Origin',(1.875,1.626794919243,-1.45));
#8270=CARTESIAN_POINT('',(1.875,1.626794919243,-1.45));
#8271=CARTESIAN_POINT('',(1.875,1.626794919243,-1.45));
#8272=CARTESIAN_POINT('',(1.774999999999,1.8,-1.449999999999));
#8273=CARTESIAN_POINT('',(1.875,1.626794919243,-1.45));
#8274=CARTESIAN_POINT('',(1.774999999999,1.8,6.414862853872E-17));
#8275=CARTESIAN_POINT('Origin',(2.125,1.626794919243,-1.45));
#8276=CARTESIAN_POINT('',(2.225,1.8,-1.449999999999));
#8277=CARTESIAN_POINT('',(2.225,1.8,0.));
#8278=CARTESIAN_POINT('',(2.125,1.626794919243,-1.45));
#8279=CARTESIAN_POINT('',(2.125,1.626794919243,-1.45));
#8280=CARTESIAN_POINT('',(2.125,1.626794919243,-1.45));
#8281=CARTESIAN_POINT('Origin',(1.875,1.3,-1.45));
#8282=CARTESIAN_POINT('',(1.875,1.3,-1.45));
#8283=CARTESIAN_POINT('',(1.875,1.3,-1.45));
#8284=CARTESIAN_POINT('',(1.875,1.3,-1.45));
#8285=CARTESIAN_POINT('Origin',(2.125,1.3,-1.45));
#8286=CARTESIAN_POINT('',(2.125,1.3,-1.45));
#8287=CARTESIAN_POINT('',(2.125,1.3,-1.45));
#8288=CARTESIAN_POINT('',(2.125,1.3,-1.45));
#8289=CARTESIAN_POINT('Origin',(-0.124999999999,1.3,-1.45));
#8290=CARTESIAN_POINT('',(-0.124999999999,1.3,-1.45));
#8291=CARTESIAN_POINT('',(-0.124999999999,1.3,-1.45));
#8292=CARTESIAN_POINT('',(-0.124999999999,1.3,-1.45));
#8293=CARTESIAN_POINT('Origin',(0.125,1.3,-1.45));
#8294=CARTESIAN_POINT('',(0.125,1.3,-1.45));
#8295=CARTESIAN_POINT('',(0.125,1.3,-1.45));
#8296=CARTESIAN_POINT('',(0.125,1.3,-1.45));
#8297=CARTESIAN_POINT('Origin',(-1.125,1.3,-1.45));
#8298=CARTESIAN_POINT('',(-1.125,1.3,-1.45));
#8299=CARTESIAN_POINT('',(-1.125,1.3,-1.45));
#8300=CARTESIAN_POINT('',(-1.125,1.3,-1.45));
#8301=CARTESIAN_POINT('Origin',(-0.874999999999,1.3,-1.45));
#8302=CARTESIAN_POINT('',(-0.874999999999,1.3,-1.45));
#8303=CARTESIAN_POINT('',(-0.874999999999,1.3,-1.45));
#8304=CARTESIAN_POINT('',(-0.874999999999,1.3,-1.45));
#8305=CARTESIAN_POINT('Origin',(-2.125,1.3,-1.45));
#8306=CARTESIAN_POINT('',(-2.125,1.3,-1.45));
#8307=CARTESIAN_POINT('',(-2.125,1.3,-1.45));
#8308=CARTESIAN_POINT('',(-2.125,1.3,-1.45));
#8309=CARTESIAN_POINT('Origin',(-1.875,1.3,-1.45));
#8310=CARTESIAN_POINT('',(-1.875,1.3,-1.45));
#8311=CARTESIAN_POINT('',(-1.875,1.3,-1.45));
#8312=CARTESIAN_POINT('',(-1.875,1.3,-1.45));
#8313=CARTESIAN_POINT('Origin',(0.875,1.626794919243,-1.45));
#8314=CARTESIAN_POINT('',(0.875,1.626794919243,-1.45));
#8315=CARTESIAN_POINT('',(0.875,1.626794919243,-1.45));
#8316=CARTESIAN_POINT('',(0.775,1.8,-1.449999999999));
#8317=CARTESIAN_POINT('',(0.875,1.626794919243,-1.45));
#8318=CARTESIAN_POINT('',(0.775,1.8,2.800855612254E-17));
#8319=CARTESIAN_POINT('Origin',(1.125,1.626794919243,-1.45));
#8320=CARTESIAN_POINT('',(1.225,1.8,-1.449999999999));
#8321=CARTESIAN_POINT('',(1.225,1.8,0.));
#8322=CARTESIAN_POINT('',(1.125,1.626794919243,-1.45));
#8323=CARTESIAN_POINT('',(1.125,1.626794919243,-1.45));
#8324=CARTESIAN_POINT('',(1.125,1.626794919243,-1.45));
#8325=CARTESIAN_POINT('Origin',(0.875,1.3,-1.45));
#8326=CARTESIAN_POINT('',(0.875,1.3,-1.45));
#8327=CARTESIAN_POINT('',(0.875,1.3,-1.45));
#8328=CARTESIAN_POINT('',(0.875,1.3,-1.45));
#8329=CARTESIAN_POINT('Origin',(1.125,1.3,-1.45));
#8330=CARTESIAN_POINT('',(1.124999999999,1.3,-1.45));
#8331=CARTESIAN_POINT('',(1.125,1.3,-1.45));
#8332=CARTESIAN_POINT('',(1.125,1.3,-1.45));
#8333=CARTESIAN_POINT('Origin',(3.675,1.3,-1.55));
#8334=CARTESIAN_POINT('',(-3.094999999999,1.299999999999,1.55));
#8335=CARTESIAN_POINT('',(-3.094999999999,1.299999999999,0.));
#8336=CARTESIAN_POINT('',(3.094999999999,1.299999999999,1.55));
#8337=CARTESIAN_POINT('',(0.875,1.299999999999,1.549999999999));
#8338=CARTESIAN_POINT('',(3.094999999999,1.299999999999,0.));
#8339=CARTESIAN_POINT('',(3.094999999999,1.3,-1.45));
#8340=CARTESIAN_POINT('',(3.675,1.3,-1.45));
#8341=CARTESIAN_POINT('',(3.094999999999,1.3,-1.55));
#8342=CARTESIAN_POINT('',(3.094999999999,1.3,-1.745740669421E-15));
#8343=CARTESIAN_POINT('',(-3.094999999999,1.3,-1.55));
#8344=CARTESIAN_POINT('',(3.675,1.3,-1.55));
#8345=CARTESIAN_POINT('',(-3.094999999999,1.3,-1.45));
#8346=CARTESIAN_POINT('',(-3.094999999999,1.3,-1.55));
#8347=CARTESIAN_POINT('',(3.675,1.3,-1.45));
#8348=CARTESIAN_POINT('',(3.675,1.3,-1.45));
#8349=CARTESIAN_POINT('',(3.675,1.3,-1.45));
#8350=CARTESIAN_POINT('',(3.675,1.3,-1.45));
#8351=CARTESIAN_POINT('',(3.675,1.3,-1.45));
#8352=CARTESIAN_POINT('Origin',(3.675,1.8,-1.449999999999));
#8353=CARTESIAN_POINT('',(-3.094999999999,1.8,-1.449999999999));
#8354=CARTESIAN_POINT('',(3.675,1.8,-1.449999999999));
#8355=CARTESIAN_POINT('',(-3.094999999999,1.8,-1.449999999999));
#8356=CARTESIAN_POINT('Origin',(3.094999999999,1.8,0.));
#8357=CARTESIAN_POINT('',(3.094999999999,1.249999999999,1.549999999999));
#8358=CARTESIAN_POINT('',(3.094999999999,1.249999999999,1.549999999999));
#8359=CARTESIAN_POINT('',(3.094999999999,1.25,-1.22));
#8360=CARTESIAN_POINT('',(3.094999999999,0.399999999999,-4.88807387438E-15));
#8361=CARTESIAN_POINT('',(3.094999999999,-2.499999999999,-1.22));
#8362=CARTESIAN_POINT('',(3.094999999999,-2.499999999999,-1.22));
#8363=CARTESIAN_POINT('',(3.094999999999,-2.499999999999,-1.55));
#8364=CARTESIAN_POINT('',(3.094999999999,-2.499999999999,-1.55));
#8365=CARTESIAN_POINT('',(3.094999999999,1.8,-1.549999999999));
#8366=CARTESIAN_POINT('',(3.094999999999,1.8,-1.449999999999));
#8367=CARTESIAN_POINT('',(3.094999999999,1.8,-1.449999999999));
#8368=CARTESIAN_POINT('',(3.094999999999,1.799999999999,1.55));
#8369=CARTESIAN_POINT('Origin',(-3.094999999999,1.8,0.));
#8370=CARTESIAN_POINT('',(-3.094999999999,1.799999999999,1.55));
#8371=CARTESIAN_POINT('',(-3.094999999999,-2.499999999999,-1.55));
#8372=CARTESIAN_POINT('',(-3.094999999999,1.8,-1.549999999999));
#8373=CARTESIAN_POINT('',(-3.094999999999,-2.499999999999,-1.22));
#8374=CARTESIAN_POINT('',(-3.094999999999,-2.499999999999,-1.55));
#8375=CARTESIAN_POINT('',(-3.094999999999,-2.499999999999,-1.22));
#8376=CARTESIAN_POINT('',(-3.094999999999,0.399999999999,-4.88807387438E-15));
#8377=CARTESIAN_POINT('',(-3.094999999999,1.249999999999,1.549999999999));
#8378=CARTESIAN_POINT('',(-3.094999999999,1.25,-1.22));
#8379=CARTESIAN_POINT('',(-3.094999999999,1.249999999999,1.549999999999));
#8380=CARTESIAN_POINT('Origin',(-3.094999999999,-2.499999999999,-1.22));
#8381=CARTESIAN_POINT('',(-3.674999999999,1.25,-1.22));
#8382=CARTESIAN_POINT('',(-3.094999999999,1.25,-1.22));
#8383=CARTESIAN_POINT('',(-3.674999999999,-2.499999999999,-1.22));
#8384=CARTESIAN_POINT('',(-3.094999999999,-2.499999999999,-1.22));
#8385=CARTESIAN_POINT('',(-3.674999999999,-2.499999999999,-1.22));
#8386=CARTESIAN_POINT('Origin',(-3.094999999999,1.25,-1.22));
#8387=CARTESIAN_POINT('',(-3.674999999999,1.249999999999,1.549999999999));
#8388=CARTESIAN_POINT('',(-3.674999999999,1.25,-1.22));
#8389=CARTESIAN_POINT('',(-3.094999999999,1.249999999999,1.549999999999));
#8390=CARTESIAN_POINT('Origin',(-3.674999999999,-2.5,1.549999999999));
#8391=CARTESIAN_POINT('',(-3.674999999999,-2.5,1.549999999999));
#8392=CARTESIAN_POINT('',(-3.674999999999,-2.5,1.549999999999));
#8393=CARTESIAN_POINT('',(-3.674999999999,-2.5,1.549999999999));
#8394=CARTESIAN_POINT('Origin',(0.,-2.5,-1.501336975702E-14));
#8395=CARTESIAN_POINT('',(3.675,-2.5,1.549999999999));
#8396=CARTESIAN_POINT('',(3.675,-2.499999999999,-1.22));
#8397=CARTESIAN_POINT('',(3.675,-2.5,-0.0124999999997618));
#8398=CARTESIAN_POINT('',(-3.674999999999,-2.5,1.549999999999));
#8399=CARTESIAN_POINT('',(-3.674999999999,-2.499999999999,-1.55));
#8400=CARTESIAN_POINT('',(3.094999999999,-2.499999999999,-1.22));
#8401=CARTESIAN_POINT('Origin',(-3.674999999999,-2.5,1.549999999999));
#8402=CARTESIAN_POINT('',(3.675,1.249999999999,1.549999999999));
#8403=CARTESIAN_POINT('',(3.675,-1.23750000000009,1.549999999999));
#8404=CARTESIAN_POINT('',(3.094999999999,1.249999999999,1.549999999999));
#8405=CARTESIAN_POINT('Origin',(0.,1.8,0.));
#8406=CARTESIAN_POINT('Origin',(-3.674999999999,-2.499999999999,-1.55));
#8407=CARTESIAN_POINT('Origin',(3.675,1.8,-1.449999999999));
#8408=CARTESIAN_POINT('',(3.675,1.8,-1.449999999999));
#8409=CARTESIAN_POINT('Origin',(0.,1.8,0.));
#8410=CARTESIAN_POINT('Origin',(3.675,1.8,-1.449999999999));
#8411=CARTESIAN_POINT('',(3.675,1.8,-1.449999999999));
#8412=CARTESIAN_POINT('Origin',(3.675,1.8,-1.449999999999));
#8413=CARTESIAN_POINT('',(3.675,1.8,-1.449999999999));
#8414=CARTESIAN_POINT('Origin',(3.675,1.8,-1.449999999999));
#8415=CARTESIAN_POINT('',(3.675,1.8,-1.449999999999));
#8416=CARTESIAN_POINT('Origin',(0.,1.8,0.));
#8417=CARTESIAN_POINT('Origin',(0.,1.8,0.));
#8418=CARTESIAN_POINT('Origin',(0.,1.8,0.));
#8419=CARTESIAN_POINT('Origin',(3.675,1.8,-1.449999999999));
#8420=CARTESIAN_POINT('',(3.675,1.8,-1.449999999999));
#8421=CARTESIAN_POINT('Origin',(0.,1.8,0.));
#8422=CARTESIAN_POINT('Origin',(2.8,0.399999999999,0.999999999999));
#8423=CARTESIAN_POINT('',(2.8,0.399999999999,0.999999999999));
#8424=CARTESIAN_POINT('Origin',(-2.799999999999,0.399999999999,0.999999999999));
#8425=CARTESIAN_POINT('',(-2.799999999999,0.399999999999,0.999999999999));
#8426=CARTESIAN_POINT('Origin',(0.,0.399999999999,-4.88807387438E-15));
#8427=CARTESIAN_POINT('Origin',(3.094999999999,-2.499999999999,-1.22));
#8428=CARTESIAN_POINT('',(3.675,1.25,-1.22));
#8429=CARTESIAN_POINT('',(3.675,-1.23749999999958,-1.22));
#8430=CARTESIAN_POINT('',(3.094999999999,1.25,-1.22));
#8431=CARTESIAN_POINT('Origin',(3.094999999999,1.25,-1.22));
#8432=CARTESIAN_POINT('',(3.675,1.25,-0.622499999999748));
#8433=CARTESIAN_POINT('Origin',(3.675,0.0249999999998335,-0.0249999999994999));
#8434=CARTESIAN_POINT('',(3.294999999999,2.358578643762,1.6));
#8435=UNCERTAINTY_MEASURE_WITH_UNIT(LENGTH_MEASURE(0.01),#8441,
'DISTANCE_ACCURACY_VALUE',
'Maximum model space distance between geometric entities at asserted c
onnectivities');
#8436=UNCERTAINTY_MEASURE_WITH_UNIT(LENGTH_MEASURE(0.01),#8441,
'DISTANCE_ACCURACY_VALUE',
'Maximum model space distance between geometric entities at asserted c
onnectivities');
#8437=UNCERTAINTY_MEASURE_WITH_UNIT(LENGTH_MEASURE(0.01),#8441,
'DISTANCE_ACCURACY_VALUE',
'Maximum model space distance between geometric entities at asserted c
onnectivities');
#8438=(
GEOMETRIC_REPRESENTATION_CONTEXT(3)
GLOBAL_UNCERTAINTY_ASSIGNED_CONTEXT((#8435))
GLOBAL_UNIT_ASSIGNED_CONTEXT((#8441,#8443,#8444))
REPRESENTATION_CONTEXT('','3D')
);
#8439=(
GEOMETRIC_REPRESENTATION_CONTEXT(3)
GLOBAL_UNCERTAINTY_ASSIGNED_CONTEXT((#8436))
GLOBAL_UNIT_ASSIGNED_CONTEXT((#8441,#8443,#8444))
REPRESENTATION_CONTEXT('','3D')
);
#8440=(
GEOMETRIC_REPRESENTATION_CONTEXT(3)
GLOBAL_UNCERTAINTY_ASSIGNED_CONTEXT((#8437))
GLOBAL_UNIT_ASSIGNED_CONTEXT((#8441,#8443,#8444))
REPRESENTATION_CONTEXT('','3D')
);
#8441=(
LENGTH_UNIT()
NAMED_UNIT(*)
SI_UNIT(.MILLI.,.METRE.)
);
#8442=(
LENGTH_UNIT()
NAMED_UNIT(*)
SI_UNIT($,.METRE.)
);
#8443=(
NAMED_UNIT(*)
PLANE_ANGLE_UNIT()
SI_UNIT($,.RADIAN.)
);
#8444=(
NAMED_UNIT(*)
SI_UNIT($,.STERADIAN.)
SOLID_ANGLE_UNIT()
);
#8445=SHAPE_DEFINITION_REPRESENTATION(#8447,#8450);
#8446=SHAPE_DEFINITION_REPRESENTATION(#8448,#8451);
#8447=PRODUCT_DEFINITION_SHAPE('',$,#8453);
#8448=PRODUCT_DEFINITION_SHAPE('',$,#8454);
#8449=PRODUCT_DEFINITION_SHAPE($,$,#14);
#8450=SHAPE_REPRESENTATION('',(#5219,#5588),#8438);
#8451=SHAPE_REPRESENTATION('',(#5220),#8439);
#8452=PRODUCT_DEFINITION_CONTEXT('part definition',#8460,'design');
#8453=PRODUCT_DEFINITION('JXT-SH1.0-5PWB-P43','JXT-SH1.0-5PWB-P43',#8455,
#8452);
#8454=PRODUCT_DEFINITION(
'CONN-SMD_JXT-SH1.0-5PWB-P43~CONN-SMD_JXT-SH1.0-5PWB-P43~DQgQ',
'CONN-SMD_JXT-SH1.0-5PWB-P43~CONN-SMD_JXT-SH1.0-5PWB-P43~DQgQ',#8456,#8452);
#8455=PRODUCT_DEFINITION_FORMATION('',$,#8462);
#8456=PRODUCT_DEFINITION_FORMATION('',$,#8463);
#8457=PRODUCT_RELATED_PRODUCT_CATEGORY('JXT-SH1.0-5PWB-P43',
'JXT-SH1.0-5PWB-P43',(#8462));
#8458=PRODUCT_RELATED_PRODUCT_CATEGORY(
'CONN-SMD_JXT-SH1.0-5PWB-P43~CONN-SMD_JXT-SH1.0-5PWB-P43~DQgQ',
'CONN-SMD_JXT-SH1.0-5PWB-P43~CONN-SMD_JXT-SH1.0-5PWB-P43~DQgQ',(#8463));
#8459=APPLICATION_PROTOCOL_DEFINITION('international standard',
'automotive_design',2009,#8460);
#8460=APPLICATION_CONTEXT(
'Core Data for Automotive Mechanical Design Process');
#8461=PRODUCT_CONTEXT('part definition',#8460,'mechanical');
#8462=PRODUCT('JXT-SH1.0-5PWB-P43','JXT-SH1.0-5PWB-P43',$,(#8461));
#8463=PRODUCT(
'CONN-SMD_JXT-SH1.0-5PWB-P43~CONN-SMD_JXT-SH1.0-5PWB-P43~DQgQ',
'CONN-SMD_JXT-SH1.0-5PWB-P43~CONN-SMD_JXT-SH1.0-5PWB-P43~DQgQ',$,(#8461));
#8464=PRESENTATION_STYLE_ASSIGNMENT((#8468));
#8465=PRESENTATION_STYLE_ASSIGNMENT((#8469));
#8466=PRESENTATION_STYLE_ASSIGNMENT((#8470));
#8467=PRESENTATION_STYLE_ASSIGNMENT((#8471));
#8468=SURFACE_STYLE_USAGE(.BOTH.,#8472);
#8469=SURFACE_STYLE_USAGE(.BOTH.,#8473);
#8470=SURFACE_STYLE_USAGE(.BOTH.,#8474);
#8471=SURFACE_STYLE_USAGE(.BOTH.,#8475);
#8472=SURFACE_SIDE_STYLE('',(#8476));
#8473=SURFACE_SIDE_STYLE('',(#8477));
#8474=SURFACE_SIDE_STYLE('',(#8478));
#8475=SURFACE_SIDE_STYLE('',(#8479));
#8476=SURFACE_STYLE_FILL_AREA(#8480);
#8477=SURFACE_STYLE_FILL_AREA(#8481);
#8478=SURFACE_STYLE_FILL_AREA(#8482);
#8479=SURFACE_STYLE_FILL_AREA(#8483);
#8480=FILL_AREA_STYLE('Steel - Satin',(#8484));
#8481=FILL_AREA_STYLE('Opaque(255,128,0)',(#8485));
#8482=FILL_AREA_STYLE('Opaque(192,192,192)',(#8486));
#8483=FILL_AREA_STYLE('Opaque(255,249,231)',(#8487));
#8484=FILL_AREA_STYLE_COLOUR('Steel - Satin',#8488);
#8485=FILL_AREA_STYLE_COLOUR('Opaque(255,128,0)',#8489);
#8486=FILL_AREA_STYLE_COLOUR('Opaque(192,192,192)',#8490);
#8487=FILL_AREA_STYLE_COLOUR('Opaque(255,249,231)',#8491);
#8488=COLOUR_RGB('Steel - Satin',0.627450980392157,0.627450980392157,0.627450980392157);
#8489=COLOUR_RGB('Opaque(255,128,0)',1.,0.501960784313725,0.);
#8490=COLOUR_RGB('Opaque(192,192,192)',0.752941176470588,0.752941176470588,
0.752941176470588);
#8491=COLOUR_RGB('Opaque(255,249,231)',1.,0.976470588235294,0.905882352941176);
ENDSEC;
END-ISO-10303-21;
