ISO-10303-21;
HEADER;
FILE_DESCRIPTION (( 'STEP AP214' ),
    '1' );
FILE_NAME ('B2B-XH-AM(LF)(SN).STEP',
    '2022-03-18T10:40:36',
    ( '' ),
    ( '' ),
    'SwSTEP 2.0',
    'SolidWorks 2019',
    '' );
FILE_SCHEMA (( 'AUTOMOTIVE_DESIGN' ));
ENDSEC;

DATA;
#1 =( NAMED_UNIT ( * ) PLANE_ANGLE_UNIT ( ) SI_UNIT ( $, .RADIAN. ) );
#2 =( LENGTH_UNIT ( ) NAMED_UNIT ( * ) SI_UNIT ( .MILLI., .METRE. ) );
#3 = PLANE ( 'NONE',  #10300 ) ;
#4 = DIRECTION ( 'NONE',  ( -0.000000000000000000, -0.000000000000000000, 1.000000000000000000 ) ) ;
#5 =( GEOMETRIC_REPRESENTATION_CONTEXT ( 3 ) GLOBAL_UNCERTAINTY_ASSIGNED_CONTEXT ( ( #3334 ) ) GLOBAL_UNIT_ASSIGNED_CONTEXT ( ( #5717, #1630, #8356 ) ) REPRESENTATION_CONTEXT ( 'NONE', 'WORKASPACE' ) );
#6 = EDGE_CURVE ( 'NONE', #8294, #6125, #3576, .T. ) ;
#7 = LINE ( 'NONE', #1500, #6915 ) ;
#8 = PLANE ( 'NONE',  #7007 ) ;
#9 = DIRECTION ( 'NONE',  ( -1.000000000000000000, 0.000000000000000000, -0.000000000000000000 ) ) ;
#10 = VERTEX_POINT ( 'NONE', #1013 ) ;
#11 = CARTESIAN_POINT ( 'NONE',  ( -0.1431541107656014999, -0.9879212647139713477, 2.875000000000000000 ) ) ;
#12 = VECTOR ( 'NONE', #9949, 1000.000000000000114 ) ;
#13 = VECTOR ( 'NONE', #1171, 1000.000000000000000 ) ;
#14 =( NAMED_UNIT ( * ) SI_UNIT ( $, .STERADIAN. ) SOLID_ANGLE_UNIT ( ) );
#15 = DIRECTION ( 'NONE',  ( -0.2786338180388007735, 0.9603974153677843351, 0.000000000000000000 ) ) ;
#16 = DIRECTION ( 'NONE',  ( -0.000000000000000000, -0.000000000000000000, 1.000000000000000000 ) ) ;
#17 = DIRECTION ( 'NONE',  ( -1.000000000000000000, 0.000000000000000000, -0.000000000000000000 ) ) ;
#18 = EDGE_CURVE ( 'NONE', #7109, #7810, #3523, .T. ) ;
#19 = PRESENTATION_STYLE_ASSIGNMENT (( #4889 ) ) ;
#20 = EDGE_LOOP ( 'NONE', ( #8548, #6416, #4300, #2471 ) ) ;
#21 = ORIENTED_EDGE ( 'NONE', *, *, #1529, .T. ) ;
#22 = ORIENTED_EDGE ( 'NONE', *, *, #6404, .F. ) ;
#23 = EDGE_CURVE ( 'NONE', #2817, #5282, #9382, .T. ) ;
#24 = COLOUR_RGB ( '',0.7529411764705882248, 0.7529411764705882248, 0.7529411764705882248 ) ;
#25 = COLOUR_RGB ( '',0.7529411764705882248, 0.7529411764705882248, 0.7529411764705882248 ) ;
#26 = CARTESIAN_POINT ( 'NONE',  ( -2.072938061382885611, -1.127774659775699684, 2.774999999999999911 ) ) ;
#27 = ADVANCED_FACE ( 'NONE', ( #7574 ), #2773, .T. ) ;
#28 = FILL_AREA_STYLE_COLOUR ( '', #6141 ) ;
#29 = FILL_AREA_STYLE_COLOUR ( '', #1902 ) ;
#30 = LINE ( 'NONE', #4899, #5948 ) ;
#31 = SURFACE_STYLE_FILL_AREA ( #85 ) ;
#32 = COLOUR_RGB ( '',0.7529411764705882248, 0.7529411764705882248, 0.7529411764705882248 ) ;
#33 = ADVANCED_FACE ( 'NONE', ( #1963 ), #8529, .T. ) ;
#34 =( LENGTH_UNIT ( ) NAMED_UNIT ( * ) SI_UNIT ( .MILLI., .METRE. ) );
#35 = VERTEX_POINT ( 'NONE', #8432 ) ;
#36 = SURFACE_STYLE_USAGE ( .BOTH. , #3191 ) ;
#37 = ORIENTED_EDGE ( 'NONE', *, *, #7243, .F. ) ;
#38 = ADVANCED_FACE ( 'NONE', ( #2724 ), #1908, .T. ) ;
#39 =( GEOMETRIC_REPRESENTATION_CONTEXT ( 3 ) GLOBAL_UNCERTAINTY_ASSIGNED_CONTEXT ( ( #1827 ) ) GLOBAL_UNIT_ASSIGNED_CONTEXT ( ( #8973, #3113, #6401 ) ) REPRESENTATION_CONTEXT ( 'NONE', 'WORKASPACE' ) );
#40 = MECHANICAL_DESIGN_GEOMETRIC_PRESENTATION_REPRESENTATION (  '', ( #8603 ), #2259 ) ;
#41 = EDGE_CURVE ( 'NONE', #9660, #8586, #7141, .T. ) ;
#42 = LINE ( 'NONE', #8908, #7019 ) ;
#43 = LINE ( 'NONE', #2512, #8429 ) ;
#44 = ORIENTED_EDGE ( 'NONE', *, *, #9852, .T. ) ;
#45 = FACE_OUTER_BOUND ( 'NONE', #655, .T. ) ;
#46 = STYLED_ITEM ( 'NONE', ( #3676 ), #6903 ) ;
#47 = VECTOR ( 'NONE', #1462, 1000.000000000000000 ) ;
#48 = DIRECTION ( 'NONE',  ( 0.4049691506251120732, -0.9143303489669230011, 0.000000000000000000 ) ) ;
#49 = ORIENTED_EDGE ( 'NONE', *, *, #7578, .T. ) ;
#50 = CARTESIAN_POINT ( 'NONE',  ( 1.582154531209707837, -0.3239552153312553195, 2.774999999999999911 ) ) ;
#51 =( NAMED_UNIT ( * ) SI_UNIT ( $, .STERADIAN. ) SOLID_ANGLE_UNIT ( ) );
#52 =( GEOMETRIC_REPRESENTATION_CONTEXT ( 3 ) GLOBAL_UNCERTAINTY_ASSIGNED_CONTEXT ( ( #1078 ) ) GLOBAL_UNIT_ASSIGNED_CONTEXT ( ( #3262, #7480, #9123 ) ) REPRESENTATION_CONTEXT ( 'NONE', 'WORKASPACE' ) );
#53 = VECTOR ( 'NONE', #2476, 1000.000000000000000 ) ;
#54 = ORIENTED_EDGE ( 'NONE', *, *, #1332, .F. ) ;
#55 = SURFACE_SIDE_STYLE ('',( #868 ) ) ;
#56 =( LENGTH_UNIT ( ) NAMED_UNIT ( * ) SI_UNIT ( .MILLI., .METRE. ) );
#57 = LINE ( 'NONE', #8975, #1355 ) ;
#58 = CARTESIAN_POINT ( 'NONE',  ( -2.072938061382885611, -1.106362622738662704, 2.875000000000000000 ) ) ;
#59 = VECTOR ( 'NONE', #5844, 1000.000000000000000 ) ;
#60 = MECHANICAL_DESIGN_GEOMETRIC_PRESENTATION_REPRESENTATION (  '', ( #3641 ), #1247 ) ;
#61 = CARTESIAN_POINT ( 'NONE',  ( -3.700000000000000622, 3.500000000000000000, -2.524999999999999467 ) ) ;
#62 =( LENGTH_UNIT ( ) NAMED_UNIT ( * ) SI_UNIT ( .MILLI., .METRE. ) );
#63 = LINE ( 'NONE', #5045, #309 ) ;
#64 = PLANE ( 'NONE',  #2973 ) ;
#65 = VERTEX_POINT ( 'NONE', #1273 ) ;
#66 = LINE ( 'NONE', #9896, #110 ) ;
#67 = STYLED_ITEM ( 'NONE', ( #9263 ), #7721 ) ;
#68 =( GEOMETRIC_REPRESENTATION_CONTEXT ( 3 ) GLOBAL_UNCERTAINTY_ASSIGNED_CONTEXT ( ( #4172 ) ) GLOBAL_UNIT_ASSIGNED_CONTEXT ( ( #9749, #4041, #2441 ) ) REPRESENTATION_CONTEXT ( 'NONE', 'WORKASPACE' ) );
#69 =( BOUNDED_CURVE ( )  B_SPLINE_CURVE ( 3, ( #4757, #7949, #5632, #7359 ),
 .UNSPECIFIED., .F., .T. ) 
 B_SPLINE_CURVE_WITH_KNOTS ( ( 4, 4 ),
 ( 4.712388980384689674, 6.283185307179586232 ),
 .UNSPECIFIED. ) 
 CURVE ( )  GEOMETRIC_REPRESENTATION_ITEM ( )  RATIONAL_B_SPLINE_CURVE ( ( 1.000000000000000000, 0.8047378541243649375, 0.8047378541243649375, 1.000000000000000000 ) ) 
 REPRESENTATION_ITEM ( '' )  );
#70 = SURFACE_SIDE_STYLE ('',( #4190 ) ) ;
#71 = LINE ( 'NONE', #9899, #8495 ) ;
#72 = LINE ( 'NONE', #162, #4116 ) ;
#73 = EDGE_CURVE ( 'NONE', #3096, #722, #8737, .T. ) ;
#74 = EDGE_LOOP ( 'NONE', ( #3272, #1678, #1316, #6980 ) ) ;
#75 = ORIENTED_EDGE ( 'NONE', *, *, #151, .F. ) ;
#76 = VERTEX_POINT ( 'NONE', #5464 ) ;
#77 = VECTOR ( 'NONE', #1683, 1000.000000000000000 ) ;
#78 = EDGE_CURVE ( 'NONE', #10488, #4469, #7197, .T. ) ;
#79 = LINE ( 'NONE', #9044, #9649 ) ;
#80 = SURFACE_SIDE_STYLE ('',( #893 ) ) ;
#81 = EDGE_CURVE ( 'NONE', #394, #10416, #5524, .T. ) ;
#82 = ADVANCED_FACE ( 'NONE', ( #6166 ), #4537, .T. ) ;
#83 = CARTESIAN_POINT ( 'NONE',  ( 1.920117494172670414, -0.1277746597756997671, 2.774999999999999911 ) ) ;
#84 =( NAMED_UNIT ( * ) PLANE_ANGLE_UNIT ( ) SI_UNIT ( $, .RADIAN. ) );
#85 = FILL_AREA_STYLE ('',( #9206 ) ) ;
#86 = MECHANICAL_DESIGN_GEOMETRIC_PRESENTATION_REPRESENTATION (  '', ( #9332 ), #2133 ) ;
#87 = COLOUR_RGB ( '',0.7529411764705882248, 0.7529411764705882248, 0.7529411764705882248 ) ;
#88 = ORIENTED_EDGE ( 'NONE', *, *, #8031, .T. ) ;
#89 =( NAMED_UNIT ( * ) PLANE_ANGLE_UNIT ( ) SI_UNIT ( $, .RADIAN. ) );
#90 = ORIENTED_EDGE ( 'NONE', *, *, #10361, .F. ) ;
#91 = EDGE_CURVE ( 'NONE', #8155, #2256, #9543, .T. ) ;
#92 = FILL_AREA_STYLE_COLOUR ( '', #4552 ) ;
#93 = LINE ( 'NONE', #6701, #8528 ) ;
#94 = CARTESIAN_POINT ( 'NONE',  ( -3.700000000000000622, 3.500000000000000000, 2.875000000000000000 ) ) ;
#95 = FILL_AREA_STYLE ('',( #1700 ) ) ;
#96 = ORIENTED_EDGE ( 'NONE', *, *, #9729, .F. ) ;
#98 = SURFACE_STYLE_USAGE ( .BOTH. , #8913 ) ;
#97 = AXIS2_PLACEMENT_3D ( 'NONE', #7610, #5070, #1947 ) ;
#99 =( GEOMETRIC_REPRESENTATION_CONTEXT ( 3 ) GLOBAL_UNCERTAINTY_ASSIGNED_CONTEXT ( ( #7739 ) ) GLOBAL_UNIT_ASSIGNED_CONTEXT ( ( #3606, #2650, #1097 ) ) REPRESENTATION_CONTEXT ( 'NONE', 'WORKASPACE' ) );
#100 = LINE ( 'NONE', #749, #8489 ) ;
#101 = EDGE_CURVE ( 'NONE', #1044, #6840, #6222, .T. ) ;
#102 = VERTEX_POINT ( 'NONE', #8262 ) ;
#103 = VERTEX_POINT ( 'NONE', #4012 ) ;
#104 = LINE ( 'NONE', #9934, #3985 ) ;
#105 = PLANE ( 'NONE',  #6478 ) ;
#106 = DIRECTION ( 'NONE',  ( -1.000000000000000000, 0.000000000000000000, 0.000000000000000000 ) ) ;
#107 = CARTESIAN_POINT ( 'NONE',  ( -1.770000000000001128, -4.489853386497013155, 0.6450000000000000178 ) ) ;
#108 = PLANE ( 'NONE',  #7568 ) ;
#109 = STYLED_ITEM ( 'NONE', ( #2789 ), #2323 ) ;
#110 = VECTOR ( 'NONE', #884, 1000.000000000000114 ) ;
#111 = CARTESIAN_POINT ( 'NONE',  ( 2.849999999999999645, -5.000000000000000000, -1.834005571755054076 ) ) ;
#112 = SURFACE_SIDE_STYLE ('',( #5960 ) ) ;
#113 = DIRECTION ( 'NONE',  ( -0.000000000000000000, -0.000000000000000000, 1.000000000000000000 ) ) ;
#114 = CARTESIAN_POINT ( 'NONE',  ( 2.617262555901065380, -0.4177052153312553195, 2.875000000000000000 ) ) ;
#115 = STYLED_ITEM ( 'NONE', ( #5557 ), #1648 ) ;
#116 = ORIENTED_EDGE ( 'NONE', *, *, #3087, .T. ) ;
#117 = CARTESIAN_POINT ( 'NONE',  ( 0.000000000000000000, -6.899999999999999467, 0.000000000000000000 ) ) ;
#118 = EDGE_CURVE ( 'NONE', #2451, #6845, #5633, .T. ) ;
#119 = UNCERTAINTY_MEASURE_WITH_UNIT (LENGTH_MEASURE( 1.000000000000000082E-05 ), #3516, 'distance_accuracy_value', 'NONE');
#120 = CARTESIAN_POINT ( 'NONE',  ( -1.050000000000000933, -6.899999999999999467, 0.7250000000000000888 ) ) ;
#121 = MECHANICAL_DESIGN_GEOMETRIC_PRESENTATION_REPRESENTATION (  '', ( #6647 ), #5245 ) ;
#122 = ORIENTED_EDGE ( 'NONE', *, *, #943, .F. ) ;
#123 = VERTEX_POINT ( 'NONE', #696 ) ;
#124 = ADVANCED_FACE ( 'NONE', ( #2346 ), #9763, .T. ) ;
#125 = CARTESIAN_POINT ( 'NONE',  ( 0.6498628645430406525, -0.1277746597756997671, 2.774999999999999911 ) ) ;
#126 = STYLED_ITEM ( 'NONE', ( #9205 ), #1242 ) ;
#127 = VECTOR ( 'NONE', #6575, 1000.000000000000114 ) ;
#128 =( LENGTH_UNIT ( ) NAMED_UNIT ( * ) SI_UNIT ( .MILLI., .METRE. ) );
#129 = ORIENTED_EDGE ( 'NONE', *, *, #1198, .F. ) ;
#130 = CARTESIAN_POINT ( 'NONE',  ( -1.561363987308811208, -0.1493795980473046625, 2.774999999999999911 ) ) ;
#131 = VERTEX_POINT ( 'NONE', #4908 ) ;
#132 = LINE ( 'NONE', #5017, #454 ) ;
#133 = CARTESIAN_POINT ( 'NONE',  ( 2.487054222567732342, -0.1491866968127367743, 2.875000000000000000 ) ) ;
#134 = ADVANCED_FACE ( 'NONE', ( #6605 ), #4056, .T. ) ;
#135 = LINE ( 'NONE', #3400, #10072 ) ;
#136 = DIRECTION ( 'NONE',  ( -0.000000000000000000, -0.000000000000000000, 1.000000000000000000 ) ) ;
#137 = VECTOR ( 'NONE', #4298, 1000.000000000000227 ) ;
#138 = DIRECTION ( 'NONE',  ( 0.4487738670375939209, -0.8936453526226855182, 0.000000000000000000 ) ) ;
#139 = VERTEX_POINT ( 'NONE', #10628 ) ;
#140 =( NAMED_UNIT ( * ) SI_UNIT ( $, .STERADIAN. ) SOLID_ANGLE_UNIT ( ) );
#141 = ORIENTED_EDGE ( 'NONE', *, *, #10458, .T. ) ;
#142 = EDGE_CURVE ( 'NONE', #123, #7564, #2460, .T. ) ;
#143 = COLOUR_RGB ( '',0.7529411764705882248, 0.7529411764705882248, 0.7529411764705882248 ) ;
#144 = VECTOR ( 'NONE', #3416, 1000.000000000000227 ) ;
#145 =( NAMED_UNIT ( * ) PLANE_ANGLE_UNIT ( ) SI_UNIT ( $, .RADIAN. ) );
#146 = DIRECTION ( 'NONE',  ( 0.7071067811865412445, 0.7071067811865537900, -0.000000000000000000 ) ) ;
#147 = EDGE_CURVE ( 'NONE', #993, #9169, #8208, .T. ) ;
#148 = CARTESIAN_POINT ( 'NONE',  ( 0.6049168768887196457, -0.1491866968127367743, 2.774999999999999911 ) ) ;
#149 = LINE ( 'NONE', #3420, #1753 ) ;
#150 = DIRECTION ( 'NONE',  ( -0.000000000000000000, 0.000000000000000000, 1.000000000000000000 ) ) ;
#151 = EDGE_CURVE ( 'NONE', #6860, #6797, #42, .T. ) ;
#152 = SURFACE_SIDE_STYLE ('',( #9181 ) ) ;
#153 = CARTESIAN_POINT ( 'NONE',  ( -1.886209666321156941, -1.127774659775699684, 2.774999999999999911 ) ) ;
#154 = VECTOR ( 'NONE', #6839, 1000.000000000000000 ) ;
#155 = EDGE_CURVE ( 'NONE', #5317, #10, #4806, .T. ) ;
#156 =( NAMED_UNIT ( * ) PLANE_ANGLE_UNIT ( ) SI_UNIT ( $, .RADIAN. ) );
#157 = LINE ( 'NONE', #4993, #1095 ) ;
#158 = EDGE_LOOP ( 'NONE', ( #2052, #5650, #6597, #6025, #9079, #9953, #574, #792, #8423, #2536, #9037, #10460, #6553, #4959, #7891, #3293, #9042, #2212, #4833, #3459, #4409, #5532, #7119, #298, #6090, #4038, #7340, #4353, #8798, #689, #3410, #6955, #1478, #2272, #1146, #1213, #1191, #3013, #1607, #5746, #2188, #3512, #3763, #640, #9567 ) ) ;
#159 = DIRECTION ( 'NONE',  ( 0.000000000000000000, -1.000000000000000000, 0.000000000000000000 ) ) ;
#160 = CARTESIAN_POINT ( 'NONE',  ( 0.8934971238023000639, -1.088037005454712158, 2.774999999999999911 ) ) ;
#161 = LINE ( 'NONE', #4884, #5930 ) ;
#162 = CARTESIAN_POINT ( 'NONE',  ( -0.2004457774322679076, -0.8800894745905145644, 2.875000000000000000 ) ) ;
#163 = VECTOR ( 'NONE', #8781, 1000.000000000000114 ) ;
#164 = MECHANICAL_DESIGN_GEOMETRIC_PRESENTATION_REPRESENTATION (  '', ( #1711 ), #4287 ) ;
#165 = DIRECTION ( 'NONE',  ( -0.8954623993001694648, 0.4451371602546613238, 0.000000000000000000 ) ) ;
#166 = ORIENTED_EDGE ( 'NONE', *, *, #2640, .T. ) ;
#167 = VERTEX_POINT ( 'NONE', #1160 ) ;
#168 = FILL_AREA_STYLE_COLOUR ( '', #1255 ) ;
#169 = VECTOR ( 'NONE', #8346, 999.9999999999998863 ) ;
#170 = VECTOR ( 'NONE', #9428, 1000.000000000000000 ) ;
#171 = ORIENTED_EDGE ( 'NONE', *, *, #5304, .F. ) ;
#172 = SURFACE_SIDE_STYLE ('',( #6591 ) ) ;
#173 = EDGE_CURVE ( 'NONE', #3546, #3109, #7066, .T. ) ;
#174 =( LENGTH_UNIT ( ) NAMED_UNIT ( * ) SI_UNIT ( .MILLI., .METRE. ) );
#175 = FILL_AREA_STYLE ('',( #2648 ) ) ;
#176 = ORIENTED_EDGE ( 'NONE', *, *, #1249, .F. ) ;
#177 = CARTESIAN_POINT ( 'NONE',  ( 0.000000000000000000, 3.299999999999999822, 0.000000000000000000 ) ) ;
#178 = STYLED_ITEM ( 'NONE', ( #1668 ), #2996 ) ;
#179 = ORIENTED_EDGE ( 'NONE', *, *, #8765, .T. ) ;
#180 = STYLED_ITEM ( 'NONE', ( #10381 ), #688 ) ;
#181 = DIRECTION ( 'NONE',  ( 0.000000000000000000, 0.000000000000000000, -1.000000000000000000 ) ) ;
#182 = PLANE ( 'NONE',  #725 ) ;
#183 = ADVANCED_FACE ( 'NONE', ( #1800 ), #6319, .T. ) ;
#184 = LINE ( 'NONE', #1049, #5437 ) ;
#185 = DIRECTION ( 'NONE',  ( 0.000000000000000000, 1.000000000000000000, 0.000000000000000000 ) ) ;
#186 = PRESENTATION_LAYER_ASSIGNMENT (  '', '', ( #6727 ) ) ;
#187 = PRESENTATION_LAYER_ASSIGNMENT (  '', '', ( #541 ) ) ;
#188 =( NAMED_UNIT ( * ) PLANE_ANGLE_UNIT ( ) SI_UNIT ( $, .RADIAN. ) );
#189 = FACE_OUTER_BOUND ( 'NONE', #5144, .T. ) ;
#190 = EDGE_LOOP ( 'NONE', ( #5461, #2394, #8404, #6190 ) ) ;
#191 = SURFACE_SIDE_STYLE ('',( #9324 ) ) ;
#192 = LINE ( 'NONE', #10134, #2821 ) ;
#193 = ORIENTED_EDGE ( 'NONE', *, *, #4523, .T. ) ;
#194 = AXIS2_PLACEMENT_3D ( 'NONE', #9499, #2088, #2142 ) ;
#195 = COLOUR_RGB ( '',0.7529411764705882248, 0.7529411764705882248, 0.7529411764705882248 ) ;
#196 = ADVANCED_FACE ( 'NONE', ( #4375 ), #1105, .T. ) ;
#197 = SURFACE_SIDE_STYLE ('',( #3309 ) ) ;
#198 =( NAMED_UNIT ( * ) SI_UNIT ( $, .STERADIAN. ) SOLID_ANGLE_UNIT ( ) );
#199 = PLANE ( 'NONE',  #8581 ) ;
#200 = UNCERTAINTY_MEASURE_WITH_UNIT (LENGTH_MEASURE( 1.000000000000000082E-05 ), #1114, 'distance_accuracy_value', 'NONE');
#201 = EDGE_CURVE ( 'NONE', #9025, #3096, #7129, .T. ) ;
#202 = FILL_AREA_STYLE_COLOUR ( '', #6340 ) ;
#203 =( LENGTH_UNIT ( ) NAMED_UNIT ( * ) SI_UNIT ( .MILLI., .METRE. ) );
#204 =( GEOMETRIC_REPRESENTATION_CONTEXT ( 3 ) GLOBAL_UNCERTAINTY_ASSIGNED_CONTEXT ( ( #5364 ) ) GLOBAL_UNIT_ASSIGNED_CONTEXT ( ( #8998, #216, #9851 ) ) REPRESENTATION_CONTEXT ( 'NONE', 'WORKASPACE' ) );
#205 = VECTOR ( 'NONE', #6481, 1000.000000000000227 ) ;
#206 = DIRECTION ( 'NONE',  ( 0.7019456228085669824, -0.7122305403588735651, 0.000000000000000000 ) ) ;
#207 = CARTESIAN_POINT ( 'NONE',  ( -2.296896394716218648, -1.046563240022613472, 2.875000000000000000 ) ) ;
#208 = ADVANCED_FACE ( 'NONE', ( #4526 ), #8569, .T. ) ;
#209 = VECTOR ( 'NONE', #4235, 1000.000000000000114 ) ;
#210 = PRESENTATION_LAYER_ASSIGNMENT (  '', '', ( #5019 ) ) ;
#211 = CARTESIAN_POINT ( 'NONE',  ( -3.700000000000000622, 3.500000000000000000, 2.875000000000000000 ) ) ;
#212 = LINE ( 'NONE', #9078, #137 ) ;
#213 = DIRECTION ( 'NONE',  ( -0.000000000000000000, -1.000000000000000000, -0.000000000000000000 ) ) ;
#214 = VERTEX_POINT ( 'NONE', #7992 ) ;
#215 = EDGE_CURVE ( 'NONE', #8885, #76, #620, .T. ) ;
#216 =( NAMED_UNIT ( * ) PLANE_ANGLE_UNIT ( ) SI_UNIT ( $, .RADIAN. ) );
#217 = CARTESIAN_POINT ( 'NONE',  ( 1.493612864543040430, -0.1900817585411318511, 2.875000000000000000 ) ) ;
#218 = DIRECTION ( 'NONE',  ( -3.061276722312012491E-16, 0.000000000000000000, -1.000000000000000000 ) ) ;
#219 = UNCERTAINTY_MEASURE_WITH_UNIT (LENGTH_MEASURE( 1.000000000000000082E-05 ), #7101, 'distance_accuracy_value', 'NONE');
#220 = DIRECTION ( 'NONE',  ( 0.000000000000000000, -0.5517613854158063269, 0.8340020225179493041 ) ) ;
#221 = SURFACE_STYLE_FILL_AREA ( #375 ) ;
#222 = VECTOR ( 'NONE', #1119, 1000.000000000000000 ) ;
#223 =( NAMED_UNIT ( * ) PLANE_ANGLE_UNIT ( ) SI_UNIT ( $, .RADIAN. ) );
#224 = ORIENTED_EDGE ( 'NONE', *, *, #6658, .F. ) ;
#225 = ORIENTED_EDGE ( 'NONE', *, *, #10251, .T. ) ;
#226 = ORIENTED_EDGE ( 'NONE', *, *, #3501, .F. ) ;
#227 = DIRECTION ( 'NONE',  ( -0.8926525754894950593, 0.4507453599006553402, 0.000000000000000000 ) ) ;
#228 =( GEOMETRIC_REPRESENTATION_CONTEXT ( 3 ) GLOBAL_UNCERTAINTY_ASSIGNED_CONTEXT ( ( #2683 ) ) GLOBAL_UNIT_ASSIGNED_CONTEXT ( ( #5635, #8211, #2348 ) ) REPRESENTATION_CONTEXT ( 'NONE', 'WORKASPACE' ) );
#229 = VECTOR ( 'NONE', #5180, 1000.000000000000000 ) ;
#230 = PLANE ( 'NONE',  #1373 ) ;
#231 = ORIENTED_EDGE ( 'NONE', *, *, #1314, .F. ) ;
#232 = SURFACE_STYLE_USAGE ( .BOTH. , #172 ) ;
#233 = UNCERTAINTY_MEASURE_WITH_UNIT (LENGTH_MEASURE( 1.000000000000000082E-05 ), #1576, 'distance_accuracy_value', 'NONE');
#234 = SURFACE_STYLE_USAGE ( .BOTH. , #1992 ) ;
#235 = LINE ( 'NONE', #9911, #6698 ) ;
#236 = FILL_AREA_STYLE_COLOUR ( '', #7103 ) ;
#237 = ORIENTED_EDGE ( 'NONE', *, *, #9863, .F. ) ;
#238 = VECTOR ( 'NONE', #2263, 1000.000000000000000 ) ;
#239 = SURFACE_SIDE_STYLE ('',( #8415 ) ) ;
#240 = EDGE_LOOP ( 'NONE', ( #10435, #7495, #9647, #1737 ) ) ;
#241 = LINE ( 'NONE', #5939, #1964 ) ;
#242 = CARTESIAN_POINT ( 'NONE',  ( 0.7358968151603249019, -1.189503054837428131, 2.774999999999999911 ) ) ;
#243 = CARTESIAN_POINT ( 'NONE',  ( -3.700000000000001510, 3.499999999999999112, 1.156639881571555284 ) ) ;
#244 = DIRECTION ( 'NONE',  ( -1.000000000000000000, -0.000000000000000000, -0.000000000000000000 ) ) ;
#245 = VECTOR ( 'NONE', #7961, 1000.000000000000000 ) ;
#246 = CARTESIAN_POINT ( 'NONE',  ( 2.849999999999999645, -5.000000000000000000, -1.834005571755054076 ) ) ;
#247 =( LENGTH_UNIT ( ) NAMED_UNIT ( * ) SI_UNIT ( .MILLI., .METRE. ) );
#248 = ORIENTED_EDGE ( 'NONE', *, *, #1371, .F. ) ;
#249 = DIRECTION ( 'NONE',  ( 0.7013465219287905450, -0.7128204936576869599, 0.000000000000000000 ) ) ;
#250 = EDGE_LOOP ( 'NONE', ( #7381, #3487, #3054, #8351 ) ) ;
#251 = CARTESIAN_POINT ( 'NONE',  ( -0.1470121354569592087, -0.8266558326152059211, 2.875000000000000000 ) ) ;
#252 = SURFACE_STYLE_FILL_AREA ( #7737 ) ;
#253 = LINE ( 'NONE', #10088, #3460 ) ;
#254 =( GEOMETRIC_REPRESENTATION_CONTEXT ( 3 ) GLOBAL_UNCERTAINTY_ASSIGNED_CONTEXT ( ( #6114 ) ) GLOBAL_UNIT_ASSIGNED_CONTEXT ( ( #6601, #4962, #1154 ) ) REPRESENTATION_CONTEXT ( 'NONE', 'WORKASPACE' ) );
#255 = DIRECTION ( 'NONE',  ( 1.000000000000000000, 0.000000000000000000, 0.000000000000000000 ) ) ;
#256 = EDGE_CURVE ( 'NONE', #7448, #4546, #8779, .T. ) ;
#257 = LINE ( 'NONE', #9179, #5589 ) ;
#258 =( LENGTH_UNIT ( ) NAMED_UNIT ( * ) SI_UNIT ( .MILLI., .METRE. ) );
#259 = EDGE_CURVE ( 'NONE', #2644, #8099, #7881, .T. ) ;
#260 = LINE ( 'NONE', #2674, #1144 ) ;
#261 = DIRECTION ( 'NONE',  ( 0.000000000000000000, -0.5517613854158066600, 0.8340020225179491931 ) ) ;
#262 = DIRECTION ( 'NONE',  ( 0.9615416023890746011, -0.2746593287602860367, 0.000000000000000000 ) ) ;
#263 = AXIS2_PLACEMENT_3D ( 'NONE', #3578, #6820, #6718 ) ;
#264 = ORIENTED_EDGE ( 'NONE', *, *, #3936, .F. ) ;
#265 =( NAMED_UNIT ( * ) PLANE_ANGLE_UNIT ( ) SI_UNIT ( $, .RADIAN. ) );
#266 =( GEOMETRIC_REPRESENTATION_CONTEXT ( 3 ) GLOBAL_UNCERTAINTY_ASSIGNED_CONTEXT ( ( #9686 ) ) GLOBAL_UNIT_ASSIGNED_CONTEXT ( ( #360, #5573, #4858 ) ) REPRESENTATION_CONTEXT ( 'NONE', 'WORKASPACE' ) );
#267 = CARTESIAN_POINT ( 'NONE',  ( 2.552254839851682444, -0.1700200301460701169, 2.774999999999999911 ) ) ;
#268 = PRESENTATION_LAYER_ASSIGNMENT (  '', '', ( #10051 ) ) ;
#269 = DIRECTION ( 'NONE',  ( -0.6960970839327459414, 0.7179476650427435436, 0.000000000000000000 ) ) ;
#270 = STYLED_ITEM ( 'NONE', ( #9346 ), #9138 ) ;
#271 = CARTESIAN_POINT ( 'NONE',  ( -3.700000000000001066, 1.578285606387554107, 1.898270704789492003 ) ) ;
#272 = ORIENTED_EDGE ( 'NONE', *, *, #5229, .T. ) ;
#273 = EDGE_LOOP ( 'NONE', ( #7300, #8991, #6216, #6997 ) ) ;
#274 = ORIENTED_EDGE ( 'NONE', *, *, #1521, .T. ) ;
#275 = VECTOR ( 'NONE', #6938, 1000.000000000000114 ) ;
#276 = EDGE_CURVE ( 'NONE', #3787, #4141, #5340, .T. ) ;
#277 = DIRECTION ( 'NONE',  ( 0.000000000000000000, 0.8574929257125440962, -0.5144957554275265688 ) ) ;
#278 =( GEOMETRIC_REPRESENTATION_CONTEXT ( 3 ) GLOBAL_UNCERTAINTY_ASSIGNED_CONTEXT ( ( #4058 ) ) GLOBAL_UNIT_ASSIGNED_CONTEXT ( ( #4989, #8393, #5043 ) ) REPRESENTATION_CONTEXT ( 'NONE', 'WORKASPACE' ) );
#279 = LINE ( 'NONE', #5320, #5506 ) ;
#280 = VERTEX_POINT ( 'NONE', #7775 ) ;
#281 = SURFACE_SIDE_STYLE ('',( #1149 ) ) ;
#282 = DIRECTION ( 'NONE',  ( -1.000000000000000000, 0.000000000000000000, 0.000000000000000000 ) ) ;
#283 = ORIENTED_EDGE ( 'NONE', *, *, #7695, .T. ) ;
#284 = CARTESIAN_POINT ( 'NONE',  ( 2.162980148493658383, -1.106362622738662704, 2.774999999999999911 ) ) ;
#285 = EDGE_LOOP ( 'NONE', ( #6157, #10108, #5878, #9807 ) ) ;
#286 = CARTESIAN_POINT ( 'NONE',  ( 1.570000000000001172, -5.622383267283204589, 0.2050000000000000155 ) ) ;
#287 = VECTOR ( 'NONE', #7989, 1000.000000000000000 ) ;
#288 = DIRECTION ( 'NONE',  ( 1.000000000000000000, 0.000000000000000000, -0.000000000000000000 ) ) ;
#289 =( GEOMETRIC_REPRESENTATION_CONTEXT ( 3 ) GLOBAL_UNCERTAINTY_ASSIGNED_CONTEXT ( ( #5378 ) ) GLOBAL_UNIT_ASSIGNED_CONTEXT ( ( #8556, #8610, #1942 ) ) REPRESENTATION_CONTEXT ( 'NONE', 'WORKASPACE' ) );
#290 = FILL_AREA_STYLE_COLOUR ( '', #6959 ) ;
#291 = SURFACE_STYLE_USAGE ( .BOTH. , #7668 ) ;
#292 = CARTESIAN_POINT ( 'NONE',  ( 3.549336364399683141, -4.800000000000000711, -0.6026877569194434292 ) ) ;
#293 = SURFACE_STYLE_FILL_AREA ( #4478 ) ;
#294 = CARTESIAN_POINT ( 'NONE',  ( 0.9299999999999992717, -7.605096679918781355, 0.2049999999999998768 ) ) ;
#295 = VERTEX_POINT ( 'NONE', #6094 ) ;
#296 = DIRECTION ( 'NONE',  ( 0.000000000000000000, 0.8574929257125437632, 0.5144957554275271239 ) ) ;
#297 = CARTESIAN_POINT ( 'NONE',  ( 1.002872123802300175, -0.2768873140966874313, 2.875000000000000000 ) ) ;
#298 = ORIENTED_EDGE ( 'NONE', *, *, #8622, .F. ) ;
#299 = CARTESIAN_POINT ( 'NONE',  ( -0.04747509841992233331, -1.106362622738662704, 2.875000000000000000 ) ) ;
#300 =( GEOMETRIC_REPRESENTATION_CONTEXT ( 3 ) GLOBAL_UNCERTAINTY_ASSIGNED_CONTEXT ( ( #1731 ) ) GLOBAL_UNIT_ASSIGNED_CONTEXT ( ( #1271, #3724, #6493 ) ) REPRESENTATION_CONTEXT ( 'NONE', 'WORKASPACE' ) );
#301 = CARTESIAN_POINT ( 'NONE',  ( 2.131988856489892115, -5.000000000000000000, -1.834005571755054076 ) ) ;
#302 = COLOUR_RGB ( '',0.7529411764705882248, 0.7529411764705882248, 0.7529411764705882248 ) ;
#303 = DIRECTION ( 'NONE',  ( 0.000000000000000000, -0.000000000000000000, 1.000000000000000000 ) ) ;
#304 =( NAMED_UNIT ( * ) SI_UNIT ( $, .STERADIAN. ) SOLID_ANGLE_UNIT ( ) );
#305 = CARTESIAN_POINT ( 'NONE',  ( -1.341263678666835935, -0.1675123140966873203, 2.774999999999999911 ) ) ;
#306 = LINE ( 'NONE', #7479, #8001 ) ;
#307 = LINE ( 'NONE', #7577, #2276 ) ;
#308 = DIRECTION ( 'NONE',  ( 0.7037948599121398585, 0.7104032623526242984, 0.000000000000000000 ) ) ;
#309 = VECTOR ( 'NONE', #7487, 1000.000000000000000 ) ;
#310 = FILL_AREA_STYLE ('',( #9338 ) ) ;
#311 = PRESENTATION_STYLE_ASSIGNMENT (( #9496 ) ) ;
#312 = CARTESIAN_POINT ( 'NONE',  ( -0.09222818483967543113, -0.8266558326152059211, 2.774999999999999911 ) ) ;
#313 = MECHANICAL_DESIGN_GEOMETRIC_PRESENTATION_REPRESENTATION (  '', ( #4943 ), #9065 ) ;
#314 = ORIENTED_EDGE ( 'NONE', *, *, #407, .T. ) ;
#315 = PLANE ( 'NONE',  #7766 ) ;
#316 = MECHANICAL_DESIGN_GEOMETRIC_PRESENTATION_REPRESENTATION (  '', ( #683 ), #4274 ) ;
#317 = CARTESIAN_POINT ( 'NONE',  ( 0.2397548398516825552, -0.9827129313806381994, 2.774999999999999911 ) ) ;
#318 = FILL_AREA_STYLE ('',( #1079 ) ) ;
#319 = EDGE_CURVE ( 'NONE', #10567, #10315, #2114, .T. ) ;
#320 = ORIENTED_EDGE ( 'NONE', *, *, #8940, .T. ) ;
#321 = ORIENTED_EDGE ( 'NONE', *, *, #3178, .T. ) ;
#322 = ORIENTED_EDGE ( 'NONE', *, *, #7121, .T. ) ;
#323 =( GEOMETRIC_REPRESENTATION_CONTEXT ( 3 ) GLOBAL_UNCERTAINTY_ASSIGNED_CONTEXT ( ( #2772 ) ) GLOBAL_UNIT_ASSIGNED_CONTEXT ( ( #6040, #5893, #8518 ) ) REPRESENTATION_CONTEXT ( 'NONE', 'WORKASPACE' ) );
#324 = DIRECTION ( 'NONE',  ( -0.4486544748950654915, 0.8937052993893642716, 0.000000000000000000 ) ) ;
#325 = DIRECTION ( 'NONE',  ( 1.000000000000000000, 0.000000000000000000, -0.000000000000000000 ) ) ;
#326 = CARTESIAN_POINT ( 'NONE',  ( -1.561363987308811208, -0.1493795980473046625, 2.774999999999999911 ) ) ;
#327 = VERTEX_POINT ( 'NONE', #7070 ) ;
#328 = SURFACE_STYLE_USAGE ( .BOTH. , #9048 ) ;
#329 = VECTOR ( 'NONE', #6747, 1000.000000000000000 ) ;
#330 =( NAMED_UNIT ( * ) PLANE_ANGLE_UNIT ( ) SI_UNIT ( $, .RADIAN. ) );
#331 = CARTESIAN_POINT ( 'NONE',  ( -1.513138678666836157, -1.106362622738662704, 2.774999999999999911 ) ) ;
#332 = PLANE ( 'NONE',  #9322 ) ;
#333 = ORIENTED_EDGE ( 'NONE', *, *, #7520, .F. ) ;
#334 = EDGE_CURVE ( 'NONE', #8560, #7861, #1415, .T. ) ;
#335 = DIRECTION ( 'NONE',  ( -1.000000000000000000, -0.000000000000000000, -0.000000000000000000 ) ) ;
#336 = ORIENTED_EDGE ( 'NONE', *, *, #8466, .F. ) ;
#337 = FACE_OUTER_BOUND ( 'NONE', #8462, .T. ) ;
#338 = COLOUR_RGB ( '',0.7529411764705882248, 0.7529411764705882248, 0.7529411764705882248 ) ;
#339 = EDGE_CURVE ( 'NONE', #3489, #5675, #3824, .T. ) ;
#340 =( NAMED_UNIT ( * ) PLANE_ANGLE_UNIT ( ) SI_UNIT ( $, .RADIAN. ) );
#341 = DIRECTION ( 'NONE',  ( 0.4600408413544743169, 0.8878977555360004770, 0.000000000000000000 ) ) ;
#342 = CARTESIAN_POINT ( 'NONE',  ( 1.824438481826991865, -0.4138471906398972777, 2.774999999999999911 ) ) ;
#343 = ADVANCED_FACE ( 'NONE', ( #8725 ), #6213, .T. ) ;
#344 = VECTOR ( 'NONE', #3421, 1000.000000000000000 ) ;
#345 = VECTOR ( 'NONE', #8961, 1000.000000000000000 ) ;
#346 =( NAMED_UNIT ( * ) PLANE_ANGLE_UNIT ( ) SI_UNIT ( $, .RADIAN. ) );
#347 = ORIENTED_EDGE ( 'NONE', *, *, #7607, .T. ) ;
#348 = SURFACE_SIDE_STYLE ('',( #2764 ) ) ;
#349 = VECTOR ( 'NONE', #6140, 1000.000000000000000 ) ;
#350 = DIRECTION ( 'NONE',  ( -0.000000000000000000, -0.000000000000000000, 1.000000000000000000 ) ) ;
#351 = VERTEX_POINT ( 'NONE', #1689 ) ;
#352 = EDGE_CURVE ( 'NONE', #10106, #8876, #10615, .T. ) ;
#353 = EDGE_CURVE ( 'NONE', #8251, #10456, #8893, .T. ) ;
#354 = COLOUR_RGB ( '',0.7529411764705882248, 0.7529411764705882248, 0.7529411764705882248 ) ;
#355 = SURFACE_SIDE_STYLE ('',( #10137 ) ) ;
#356 =( NAMED_UNIT ( * ) PLANE_ANGLE_UNIT ( ) SI_UNIT ( $, .RADIAN. ) );
#357 = CARTESIAN_POINT ( 'NONE',  ( -1.886902865494877402, 3.500000000000000000, 2.875000000000000000 ) ) ;
#358 = LINE ( 'NONE', #2183, #6005 ) ;
#359 = LINE ( 'NONE', #7896, #7946 ) ;
#360 =( LENGTH_UNIT ( ) NAMED_UNIT ( * ) SI_UNIT ( .MILLI., .METRE. ) );
#361 = DIRECTION ( 'NONE',  ( -1.000000000000000000, 0.000000000000000000, 0.000000000000000000 ) ) ;
#362 = SURFACE_SIDE_STYLE ('',( #1176 ) ) ;
#363 = MECHANICAL_DESIGN_GEOMETRIC_PRESENTATION_REPRESENTATION (  '', ( #6727 ), #9445 ) ;
#364 = VECTOR ( 'NONE', #2167, 1000.000000000000000 ) ;
#365 = FACE_OUTER_BOUND ( 'NONE', #2106, .T. ) ;
#366 = SURFACE_STYLE_USAGE ( .BOTH. , #2786 ) ;
#367 = MECHANICAL_DESIGN_GEOMETRIC_PRESENTATION_REPRESENTATION (  '', ( #6896 ), #5870 ) ;
#368 = VECTOR ( 'NONE', #3396, 1000.000000000000000 ) ;
#369 = EDGE_LOOP ( 'NONE', ( #193, #1744, #6135, #1424 ) ) ;
#370 =( NAMED_UNIT ( * ) PLANE_ANGLE_UNIT ( ) SI_UNIT ( $, .RADIAN. ) );
#371 = CARTESIAN_POINT ( 'NONE',  ( 0.8608968151603245689, -1.022836388170761390, 2.875000000000000000 ) ) ;
#372 = EDGE_CURVE ( 'NONE', #2644, #9323, #6593, .T. ) ;
#373 = CARTESIAN_POINT ( 'NONE',  ( 2.949999999999999289, -2.250000000000000000, -2.125000000000000000 ) ) ;
#374 = SURFACE_SIDE_STYLE ('',( #9248 ) ) ;
#375 = FILL_AREA_STYLE ('',( #6884 ) ) ;
#376 =( GEOMETRIC_REPRESENTATION_CONTEXT ( 3 ) GLOBAL_UNCERTAINTY_ASSIGNED_CONTEXT ( ( #1185 ) ) GLOBAL_UNIT_ASSIGNED_CONTEXT ( ( #6111, #4439, #5294 ) ) REPRESENTATION_CONTEXT ( 'NONE', 'WORKASPACE' ) );
#377 = VECTOR ( 'NONE', #7110, 1000.000000000000000 ) ;
#378 =( NAMED_UNIT ( * ) SI_UNIT ( $, .STERADIAN. ) SOLID_ANGLE_UNIT ( ) );
#379 = ORIENTED_EDGE ( 'NONE', *, *, #914, .T. ) ;
#380 = ORIENTED_EDGE ( 'NONE', *, *, #3801, .F. ) ;
#381 = EDGE_LOOP ( 'NONE', ( #2152, #3048, #5805, #7606 ) ) ;
#382 = DIRECTION ( 'NONE',  ( -0.000000000000000000, -0.000000000000000000, 1.000000000000000000 ) ) ;
#383 =( NAMED_UNIT ( * ) PLANE_ANGLE_UNIT ( ) SI_UNIT ( $, .RADIAN. ) );
#384 = CYLINDRICAL_SURFACE ( 'NONE', #3408, 0.2000000000000000111 ) ;
#385 = VERTEX_POINT ( 'NONE', #4149 ) ;
#386 = STYLED_ITEM ( 'NONE', ( #1968 ), #7201 ) ;
#387 = AXIS2_PLACEMENT_3D ( 'NONE', #972, #4244, #1022 ) ;
#388 = DIRECTION ( 'NONE',  ( 0.8956050898214434897, -0.4448500006585636712, 0.000000000000000000 ) ) ;
#389 = ADVANCED_FACE ( 'NONE', ( #4846 ), #4745, .T. ) ;
#390 = CARTESIAN_POINT ( 'NONE',  ( 2.240333543555386164, -0.1491866968127367743, 2.774999999999999911 ) ) ;
#391 = ORIENTED_EDGE ( 'NONE', *, *, #495, .F. ) ;
#392 = EDGE_CURVE ( 'NONE', #385, #10482, #3290, .T. ) ;
#393 = DIRECTION ( 'NONE',  ( 1.000000000000000000, 0.000000000000000000, 0.000000000000000000 ) ) ;
#394 = VERTEX_POINT ( 'NONE', #896 ) ;
#395 =( GEOMETRIC_REPRESENTATION_CONTEXT ( 3 ) GLOBAL_UNCERTAINTY_ASSIGNED_CONTEXT ( ( #4403 ) ) GLOBAL_UNIT_ASSIGNED_CONTEXT ( ( #9972, #1054, #10179 ) ) REPRESENTATION_CONTEXT ( 'NONE', 'WORKASPACE' ) );
#396 = STYLED_ITEM ( 'NONE', ( #4434 ), #5269 ) ;
#397 = EDGE_CURVE ( 'NONE', #3687, #5356, #2499, .T. ) ;
#398 = ADVANCED_FACE ( 'NONE', ( #9050 ), #7453, .T. ) ;
#399 = PLANE ( 'NONE',  #4909 ) ;
#400 = CARTESIAN_POINT ( 'NONE',  ( 1.039909160839336932, -1.111185153602860298, 2.875000000000000000 ) ) ;
#401 = DIRECTION ( 'NONE',  ( -0.000000000000000000, -0.000000000000000000, 1.000000000000000000 ) ) ;
#402 = PRESENTATION_LAYER_ASSIGNMENT (  '', '', ( #3649 ) ) ;
#403 = PRESENTATION_LAYER_ASSIGNMENT (  '', '', ( #6929 ) ) ;
#404 = DIRECTION ( 'NONE',  ( -0.000000000000000000, -0.000000000000000000, -1.000000000000000000 ) ) ;
#405 = ORIENTED_EDGE ( 'NONE', *, *, #3267, .T. ) ;
#406 = FILL_AREA_STYLE_COLOUR ( '', #7429 ) ;
#407 = EDGE_CURVE ( 'NONE', #9960, #167, #5011, .T. ) ;
#408 = LINE ( 'NONE', #5228, #1636 ) ;
#409 = ORIENTED_EDGE ( 'NONE', *, *, #5861, .F. ) ;
#410 = VECTOR ( 'NONE', #4735, 1000.000000000000000 ) ;
#411 = VECTOR ( 'NONE', #2318, 1000.000000000000114 ) ;
#413 = ORIENTED_EDGE ( 'NONE', *, *, #334, .T. ) ;
#412 = PRESENTATION_STYLE_ASSIGNMENT (( #5460 ) ) ;
#414 = DIRECTION ( 'NONE',  ( -0.000000000000000000, 1.000000000000000000, -0.000000000000000000 ) ) ;
#415 = UNCERTAINTY_MEASURE_WITH_UNIT (LENGTH_MEASURE( 1.000000000000000082E-05 ), #9431, 'distance_accuracy_value', 'NONE');
#416 =( LENGTH_UNIT ( ) NAMED_UNIT ( * ) SI_UNIT ( .MILLI., .METRE. ) );
#417 = CARTESIAN_POINT ( 'NONE',  ( 0.000000000000000000, 0.000000000000000000, 2.774999999999999911 ) ) ;
#418 = UNCERTAINTY_MEASURE_WITH_UNIT (LENGTH_MEASURE( 1.000000000000000082E-05 ), #10073, 'distance_accuracy_value', 'NONE');
#419 = EDGE_CURVE ( 'NONE', #1558, #103, #3332, .T. ) ;
#420 = SURFACE_STYLE_USAGE ( .BOTH. , #3579 ) ;
#421 = VECTOR ( 'NONE', #2515, 1000.000000000000000 ) ;
#422 = CARTESIAN_POINT ( 'NONE',  ( -1.606309974963132214, -0.1493795980473046625, 2.875000000000000000 ) ) ;
#423 = VERTEX_POINT ( 'NONE', #6741 ) ;
#424 = FILL_AREA_STYLE_COLOUR ( '', #10061 ) ;
#425 = PLANE ( 'NONE',  #1763 ) ;
#426 = CARTESIAN_POINT ( 'NONE',  ( 0.9826174941726705248, -0.5197499684176750678, 2.774999999999999911 ) ) ;
#427 = AXIS2_PLACEMENT_3D ( 'NONE', #7943, #6215, #2925 ) ;
#428 = UNCERTAINTY_MEASURE_WITH_UNIT (LENGTH_MEASURE( 1.000000000000000082E-05 ), #62, 'distance_accuracy_value', 'NONE');
#429 = ORIENTED_EDGE ( 'NONE', *, *, #3024, .F. ) ;
#430 = PLANE ( 'NONE',  #5345 ) ;
#431 = DIRECTION ( 'NONE',  ( -0.000000000000000000, -0.000000000000000000, 1.000000000000000000 ) ) ;
#432 = UNCERTAINTY_MEASURE_WITH_UNIT (LENGTH_MEASURE( 1.000000000000000082E-05 ), #6119, 'distance_accuracy_value', 'NONE');
#433 = DIRECTION ( 'NONE',  ( 0.7179476650427436546, 0.6960970839327460524, 0.000000000000000000 ) ) ;
#434 = DIRECTION ( 'NONE',  ( 0.000000000000000000, -0.000000000000000000, 1.000000000000000000 ) ) ;
#435 =( GEOMETRIC_REPRESENTATION_CONTEXT ( 3 ) GLOBAL_UNCERTAINTY_ASSIGNED_CONTEXT ( ( #3731 ) ) GLOBAL_UNIT_ASSIGNED_CONTEXT ( ( #9948, #9083, #4087 ) ) REPRESENTATION_CONTEXT ( 'NONE', 'WORKASPACE' ) );
#436 = VECTOR ( 'NONE', #4195, 1000.000000000000000 ) ;
#437 = CARTESIAN_POINT ( 'NONE',  ( -0.05268343175325553018, -1.127774659775699684, 2.774999999999999911 ) ) ;
#438 = ORIENTED_EDGE ( 'NONE', *, *, #118, .T. ) ;
#439 = ORIENTED_EDGE ( 'NONE', *, *, #826, .F. ) ;
#440 = EDGE_LOOP ( 'NONE', ( #1324, #9133, #6643, #9693 ) ) ;
#441 = CARTESIAN_POINT ( 'NONE',  ( 1.401213173185015926, -0.9784691042201443256, 2.875000000000000000 ) ) ;
#442 = FILL_AREA_STYLE_COLOUR ( '', #7459 ) ;
#443 = DIRECTION ( 'NONE',  ( -0.9420644119633660996, 0.3354320254718045069, 0.000000000000000000 ) ) ;
#444 = EDGE_CURVE ( 'NONE', #1923, #9560, #7395, .T. ) ;
#445 = ORIENTED_EDGE ( 'NONE', *, *, #1675, .F. ) ;
#446 = LINE ( 'NONE', #7925, #2867 ) ;
#447 = FILL_AREA_STYLE_COLOUR ( '', #8573 ) ;
#448 = CARTESIAN_POINT ( 'NONE',  ( 1.401213173185015926, -0.9784691042201443256, 2.774999999999999911 ) ) ;
#449 = ORIENTED_EDGE ( 'NONE', *, *, #6234, .F. ) ;
#450 = STYLED_ITEM ( 'NONE', ( #10152 ), #2302 ) ;
#451 =( NAMED_UNIT ( * ) PLANE_ANGLE_UNIT ( ) SI_UNIT ( $, .RADIAN. ) );
#452 = VECTOR ( 'NONE', #6522, 1000.000000000000227 ) ;
#453 = EDGE_LOOP ( 'NONE', ( #490, #7365, #5800, #9375 ) ) ;
#454 = VECTOR ( 'NONE', #6697, 1000.000000000000000 ) ;
#455 = SURFACE_SIDE_STYLE ('',( #1256 ) ) ;
#456 = EDGE_CURVE ( 'NONE', #3976, #10159, #3387, .T. ) ;
#457 = CARTESIAN_POINT ( 'NONE',  ( 1.770000000000001128, -5.422383267283204411, 0.6449999999999997957 ) ) ;
#458 = MECHANICAL_DESIGN_GEOMETRIC_PRESENTATION_REPRESENTATION (  '', ( #7670 ), #784 ) ;
#459 = CARTESIAN_POINT ( 'NONE',  ( 1.037401444789954219, -1.127774659775699684, 2.875000000000000000 ) ) ;
#460 =( NAMED_UNIT ( * ) PLANE_ANGLE_UNIT ( ) SI_UNIT ( $, .RADIAN. ) );
#461 = LINE ( 'NONE', #3664, #1770 ) ;
#462 = VERTEX_POINT ( 'NONE', #6637 ) ;
#463 = CARTESIAN_POINT ( 'NONE',  ( -2.121163370024860662, -0.1491866968127367743, 2.774999999999999911 ) ) ;
#464 = ORIENTED_EDGE ( 'NONE', *, *, #1188, .T. ) ;
#465 = ADVANCED_FACE ( 'NONE', ( #2593 ), #10008, .T. ) ;
#466 = ORIENTED_EDGE ( 'NONE', *, *, #2711, .T. ) ;
#467 = CARTESIAN_POINT ( 'NONE',  ( -1.569999999999999840, 3.183097134505116887, 2.875000000000000000 ) ) ;
#468 = CARTESIAN_POINT ( 'NONE',  ( 1.049999999999999378, 3.299999999999999822, 0.3249999999999999001 ) ) ;
#469 = CARTESIAN_POINT ( 'NONE',  ( 0.8466221238022999529, -1.034603363479403626, 2.774999999999999911 ) ) ;
#470 = ORIENTED_EDGE ( 'NONE', *, *, #4151, .T. ) ;
#471 = LINE ( 'NONE', #5410, #3614 ) ;
#472 = EDGE_CURVE ( 'NONE', #10107, #6555, #6589, .T. ) ;
#473 = LINE ( 'NONE', #3154, #8828 ) ;
#474 = ORIENTED_EDGE ( 'NONE', *, *, #10189, .F. ) ;
#475 = VECTOR ( 'NONE', #853, 1000.000000000000000 ) ;
#476 = PLANE ( 'NONE',  #8859 ) ;
#477 = STYLED_ITEM ( 'NONE', ( #3552 ), #2056 ) ;
#478 = EDGE_CURVE ( 'NONE', #9325, #4198, #5772, .T. ) ;
#479 = ADVANCED_FACE ( 'NONE', ( #4952 ), #230, .T. ) ;
#480 = LINE ( 'NONE', #8638, #5103 ) ;
#481 = VERTEX_POINT ( 'NONE', #5208 ) ;
#482 = SURFACE_SIDE_STYLE ('',( #7856 ) ) ;
#483 = PRESENTATION_STYLE_ASSIGNMENT (( #4550 ) ) ;
#484 = VECTOR ( 'NONE', #9318, 1000.000000000000227 ) ;
#485 = ADVANCED_FACE ( 'NONE', ( #9456 ), #384, .T. ) ;
#486 = VECTOR ( 'NONE', #8582, 1000.000000000000114 ) ;
#487 = DIRECTION ( 'NONE',  ( 0.000000000000000000, 1.000000000000000000, 0.000000000000000000 ) ) ;
#488 = VERTEX_POINT ( 'NONE', #3598 ) ;
#489 = VERTEX_POINT ( 'NONE', #3755 ) ;
#490 = ORIENTED_EDGE ( 'NONE', *, *, #550, .F. ) ;
#491 = EDGE_CURVE ( 'NONE', #4002, #462, #496, .T. ) ;
#492 = PRESENTATION_LAYER_ASSIGNMENT (  '', '', ( #8903 ) ) ;
#493 = CARTESIAN_POINT ( 'NONE',  ( -0.1352451601483173338, -1.062766943726316970, 2.774999999999999911 ) ) ;
#494 = FILL_AREA_STYLE ('',( #4461 ) ) ;
#495 = EDGE_CURVE ( 'NONE', #6840, #1541, #8503, .T. ) ;
#496 = LINE ( 'NONE', #9406, #6187 ) ;
#497 = VERTEX_POINT ( 'NONE', #9257 ) ;
#498 = CARTESIAN_POINT ( 'NONE',  ( 1.569999999999999840, 3.183097134505116887, 2.875000000000000000 ) ) ;
#499 = SURFACE_STYLE_FILL_AREA ( #1299 ) ;
#500 = PRESENTATION_LAYER_ASSIGNMENT (  '', '', ( #1348 ) ) ;
#501 = EDGE_LOOP ( 'NONE', ( #1279, #9427, #3361, #4724 ) ) ;
#502 = MECHANICAL_DESIGN_GEOMETRIC_PRESENTATION_REPRESENTATION (  '', ( #9769 ), #8068 ) ;
#503 = SURFACE_STYLE_USAGE ( .BOTH. , #7822 ) ;
#504 = ORIENTED_EDGE ( 'NONE', *, *, #3164, .T. ) ;
#505 = EDGE_CURVE ( 'NONE', #4141, #2600, #1938, .T. ) ;
#506 = VECTOR ( 'NONE', #7801, 1000.000000000000000 ) ;
#507 = MECHANICAL_DESIGN_GEOMETRIC_PRESENTATION_REPRESENTATION (  '', ( #7900 ), #1350 ) ;
#508 =( NAMED_UNIT ( * ) PLANE_ANGLE_UNIT ( ) SI_UNIT ( $, .RADIAN. ) );
#509 = FACE_OUTER_BOUND ( 'NONE', #381, .T. ) ;
#510 = DIRECTION ( 'NONE',  ( -0.000000000000000000, -0.000000000000000000, 1.000000000000000000 ) ) ;
#511 = CARTESIAN_POINT ( 'NONE',  ( 1.462941568246744595, -0.9325586103929838222, 2.774999999999999911 ) ) ;
#512 = ORIENTED_EDGE ( 'NONE', *, *, #1448, .T. ) ;
#513 = MECHANICAL_DESIGN_GEOMETRIC_PRESENTATION_REPRESENTATION (  '', ( #4446 ), #8928 ) ;
#514 = SURFACE_STYLE_USAGE ( .BOTH. , #6379 ) ;
#515 = EDGE_LOOP ( 'NONE', ( #981, #54, #8633, #8741 ) ) ;
#516 = EDGE_CURVE ( 'NONE', #5305, #2756, #6194, .T. ) ;
#517 = MECHANICAL_DESIGN_GEOMETRIC_PRESENTATION_REPRESENTATION (  '', ( #2566 ), #4611 ) ;
#518 = ORIENTED_EDGE ( 'NONE', *, *, #692, .F. ) ;
#520 = ORIENTED_EDGE ( 'NONE', *, *, #7237, .F. ) ;
#519 = DIRECTION ( 'NONE',  ( 0.000000000000000000, -1.000000000000000000, 0.000000000000000000 ) ) ;
#521 = LINE ( 'NONE', #4756, #1179 ) ;
#522 = PRESENTATION_STYLE_ASSIGNMENT (( #3674 ) ) ;
#523 = STYLED_ITEM ( 'NONE', ( #2805 ), #3449 ) ;
#524 = VECTOR ( 'NONE', #9328, 1000.000000000000000 ) ;
#525 = SURFACE_STYLE_FILL_AREA ( #7950 ) ;
#526 = PLANE ( 'NONE',  #6571 ) ;
#527 =( LENGTH_UNIT ( ) NAMED_UNIT ( * ) SI_UNIT ( .MILLI., .METRE. ) );
#528 = UNCERTAINTY_MEASURE_WITH_UNIT (LENGTH_MEASURE( 1.000000000000000082E-05 ), #6825, 'distance_accuracy_value', 'NONE');
#529 = DIRECTION ( 'NONE',  ( 0.4574957109978138314, 0.7624928516630236075, 0.4574957109978138314 ) ) ;
#530 = EDGE_LOOP ( 'NONE', ( #8060, #405, #7651, #5112 ) ) ;
#531 = EDGE_CURVE ( 'NONE', #948, #3451, #7760, .T. ) ;
#532 = ORIENTED_EDGE ( 'NONE', *, *, #2072, .F. ) ;
#533 = MECHANICAL_DESIGN_GEOMETRIC_PRESENTATION_REPRESENTATION (  '', ( #7055 ), #3264 ) ;
#534 = DIRECTION ( 'NONE',  ( 0.000000000000000000, 0.000000000000000000, -1.000000000000000000 ) ) ;
#535 = EDGE_CURVE ( 'NONE', #3382, #5356, #5158, .T. ) ;
#536 = SURFACE_STYLE_FILL_AREA ( #1544 ) ;
#537 = UNCERTAINTY_MEASURE_WITH_UNIT (LENGTH_MEASURE( 1.000000000000000082E-05 ), #5277, 'distance_accuracy_value', 'NONE');
#538 = ORIENTED_EDGE ( 'NONE', *, *, #9020, .T. ) ;
#539 =( LENGTH_UNIT ( ) NAMED_UNIT ( * ) SI_UNIT ( .MILLI., .METRE. ) );
#540 = COLOUR_RGB ( '',0.7529411764705882248, 0.7529411764705882248, 0.7529411764705882248 ) ;
#541 = STYLED_ITEM ( 'NONE', ( #8585 ), #4026 ) ;
#542 = PRESENTATION_STYLE_ASSIGNMENT (( #6183 ) ) ;
#543 = UNCERTAINTY_MEASURE_WITH_UNIT (LENGTH_MEASURE( 1.000000000000000082E-05 ), #2, 'distance_accuracy_value', 'NONE');
#544 = DIRECTION ( 'NONE',  ( 0.000000000000000000, -1.000000000000000000, 0.000000000000000000 ) ) ;
#545 = CARTESIAN_POINT ( 'NONE',  ( 0.9299999999999999378, 3.100000000000001865, 0.8449999999999991962 ) ) ;
#546 = ORIENTED_EDGE ( 'NONE', *, *, #118, .F. ) ;
#547 = ORIENTED_EDGE ( 'NONE', *, *, #9668, .F. ) ;
#548 = ORIENTED_EDGE ( 'NONE', *, *, #3383, .F. ) ;
#549 = CARTESIAN_POINT ( 'NONE',  ( 1.570000000000001172, -5.422383267283204411, 0.2050000000000000155 ) ) ;
#550 = EDGE_CURVE ( 'NONE', #5356, #2691, #6893, .T. ) ;
#551 = DIRECTION ( 'NONE',  ( 0.000000000000000000, -0.000000000000000000, 1.000000000000000000 ) ) ;
#552 = ORIENTED_EDGE ( 'NONE', *, *, #91, .F. ) ;
#553 = SURFACE_SIDE_STYLE ('',( #4617 ) ) ;
#554 = FACE_OUTER_BOUND ( 'NONE', #6434, .T. ) ;
#555 = LINE ( 'NONE', #10491, #6867 ) ;
#556 = VECTOR ( 'NONE', #6947, 1000.000000000000000 ) ;
#557 = EDGE_CURVE ( 'NONE', #1291, #1580, #4413, .T. ) ;
#558 = EDGE_LOOP ( 'NONE', ( #3956, #226, #8342, #6265 ) ) ;
#559 = CARTESIAN_POINT ( 'NONE',  ( 0.9345850867652628624, -0.4225277461954527469, 2.875000000000000000 ) ) ;
#560 = ORIENTED_EDGE ( 'NONE', *, *, #1718, .T. ) ;
#561 = FILL_AREA_STYLE ('',( #4624 ) ) ;
#562 = VECTOR ( 'NONE', #4443, 1000.000000000000114 ) ;
#563 = AXIS2_PLACEMENT_3D ( 'NONE', #8537, #4498, #534 ) ;
#564 = CARTESIAN_POINT ( 'NONE',  ( -3.700000000000000622, 3.500000000000000000, 2.875000000000000000 ) ) ;
#565 = SURFACE_SIDE_STYLE ('',( #7935 ) ) ;
#566 = CARTESIAN_POINT ( 'NONE',  ( 1.770000000000001128, -5.422383267283204411, 0.6449999999999997957 ) ) ;
#567 =( LENGTH_UNIT ( ) NAMED_UNIT ( * ) SI_UNIT ( .MILLI., .METRE. ) );
#568 =( LENGTH_UNIT ( ) NAMED_UNIT ( * ) SI_UNIT ( .MILLI., .METRE. ) );
#569 = DIRECTION ( 'NONE',  ( 0.000000000000000000, 0.5144957554275271239, 0.8574929257125438742 ) ) ;
#570 = VERTEX_POINT ( 'NONE', #326 ) ;
#571 = MECHANICAL_DESIGN_GEOMETRIC_PRESENTATION_REPRESENTATION (  '', ( #1420 ), #3640 ) ;
#572 = PRESENTATION_LAYER_ASSIGNMENT (  '', '', ( #9476 ) ) ;
#573 = CARTESIAN_POINT ( 'NONE',  ( 2.617262555901065380, -0.4177052153312553195, 2.774999999999999911 ) ) ;
#574 = ORIENTED_EDGE ( 'NONE', *, *, #5566, .F. ) ;
#575 = ORIENTED_EDGE ( 'NONE', *, *, #5270, .F. ) ;
#577 = EDGE_LOOP ( 'NONE', ( #3169, #6043, #903, #1345 ) ) ;
#576 = CARTESIAN_POINT ( 'NONE',  ( 1.419538790468966916, -0.6889243511337244108, 2.774999999999999911 ) ) ;
#578 = CARTESIAN_POINT ( 'NONE',  ( 2.164957836983784745, -3.500000000000000000, -2.875000000000000000 ) ) ;
#579 = DIRECTION ( 'NONE',  ( -1.000000000000000000, 0.000000000000000000, 0.000000000000000000 ) ) ;
#580 = MECHANICAL_DESIGN_GEOMETRIC_PRESENTATION_REPRESENTATION (  '', ( #67 ), #3307 ) ;
#581 = VECTOR ( 'NONE', #5007, 1000.000000000000000 ) ;
#582 = CARTESIAN_POINT ( 'NONE',  ( -1.569999999999999840, 3.183097134505116887, -2.875999999999999890 ) ) ;
#583 = SURFACE_SIDE_STYLE ('',( #7142 ) ) ;
#584 = ORIENTED_EDGE ( 'NONE', *, *, #2251, .F. ) ;
#585 = FACE_BOUND ( 'NONE', #9540, .T. ) ;
#586 = ORIENTED_EDGE ( 'NONE', *, *, #8147, .T. ) ;
#587 = VECTOR ( 'NONE', #4265, 1000.000000000000000 ) ;
#588 = AXIS2_PLACEMENT_3D ( 'NONE', #5912, #262, #5962 ) ;
#589 = SURFACE_STYLE_FILL_AREA ( #4065 ) ;
#590 = FILL_AREA_STYLE_COLOUR ( '', #143 ) ;
#591 = CARTESIAN_POINT ( 'NONE',  ( -2.118655653975478170, -1.106362622738662704, 2.774999999999999911 ) ) ;
#592 = ADVANCED_FACE ( 'NONE', ( #2745 ), #10162, .F. ) ;
#593 = ORIENTED_EDGE ( 'NONE', *, *, #8367, .T. ) ;
#594 = SURFACE_STYLE_USAGE ( .BOTH. , #482 ) ;
#595 = AXIS2_PLACEMENT_3D ( 'NONE', #10304, #6236, #9497 ) ;
#596 = SURFACE_SIDE_STYLE ('',( #8596 ) ) ;
#597 = CARTESIAN_POINT ( 'NONE',  ( -0.03956614780263817410, -0.9346805239732307591, 2.774999999999999911 ) ) ;
#598 = DIRECTION ( 'NONE',  ( 0.7071067811865537900, -0.7071067811865413555, 0.000000000000000000 ) ) ;
#599 = VERTEX_POINT ( 'NONE', #2693 ) ;
#600 = EDGE_LOOP ( 'NONE', ( #3112, #7222, #9521, #3949 ) ) ;
#601 = ORIENTED_EDGE ( 'NONE', *, *, #9280, .T. ) ;
#602 = VECTOR ( 'NONE', #1581, 1000.000000000000114 ) ;
#603 = LINE ( 'NONE', #8651, #556 ) ;
#604 =( NAMED_UNIT ( * ) PLANE_ANGLE_UNIT ( ) SI_UNIT ( $, .RADIAN. ) );
#605 =( LENGTH_UNIT ( ) NAMED_UNIT ( * ) SI_UNIT ( .MILLI., .METRE. ) );
#606 = VECTOR ( 'NONE', #2933, 1000.000000000000000 ) ;
#607 = VERTEX_POINT ( 'NONE', #3549 ) ;
#608 = LINE ( 'NONE', #4834, #807 ) ;
#609 = STYLED_ITEM ( 'NONE', ( #2757 ), #9576 ) ;
#610 = AXIS2_PLACEMENT_3D ( 'NONE', #5610, #5766, #7337 ) ;
#611 = CARTESIAN_POINT ( 'NONE',  ( 4.110294117647058876, -2.466176470588237191, 0.000000000000000000 ) ) ;
#612 = ORIENTED_EDGE ( 'NONE', *, *, #478, .T. ) ;
#613 = EDGE_CURVE ( 'NONE', #7998, #10640, #10112, .T. ) ;
#614 = PRESENTATION_LAYER_ASSIGNMENT (  '', '', ( #4544 ) ) ;
#615 = ORIENTED_EDGE ( 'NONE', *, *, #372, .F. ) ;
#616 = FACE_OUTER_BOUND ( 'NONE', #6078, .T. ) ;
#617 = PRESENTATION_LAYER_ASSIGNMENT (  '', '', ( #3009 ) ) ;
#618 = EDGE_CURVE ( 'NONE', #6574, #1685, #279, .T. ) ;
#619 = SURFACE_SIDE_STYLE ('',( #8947 ) ) ;
#620 = LINE ( 'NONE', #2057, #10109 ) ;
#621 = CARTESIAN_POINT ( 'NONE',  ( 3.699999999999999734, 3.500000000000000000, 2.875000000000000000 ) ) ;
#622 = FILL_AREA_STYLE_COLOUR ( '', #5668 ) ;
#623 = PRESENTATION_LAYER_ASSIGNMENT (  '', '', ( #7148 ) ) ;
#624 = ORIENTED_EDGE ( 'NONE', *, *, #2716, .F. ) ;
#625 = COLOUR_RGB ( '',0.7529411764705882248, 0.7529411764705882248, 0.7529411764705882248 ) ;
#626 = FACE_OUTER_BOUND ( 'NONE', #9266, .T. ) ;
#627 = VERTEX_POINT ( 'NONE', #8606 ) ;
#628 = PRESENTATION_LAYER_ASSIGNMENT (  '', '', ( #450 ) ) ;
#629 = COLOUR_RGB ( '',0.7529411764705882248, 0.7529411764705882248, 0.7529411764705882248 ) ;
#630 = ORIENTED_EDGE ( 'NONE', *, *, #5934, .T. ) ;
#631 = DIRECTION ( 'NONE',  ( -1.000000000000000000, 0.000000000000000000, 0.000000000000000000 ) ) ;
#632 = DIRECTION ( 'NONE',  ( 0.000000000000000000, 0.000000000000000000, 1.000000000000000000 ) ) ;
#633 = STYLED_ITEM ( 'NONE', ( #7903 ), #9404 ) ;
#634 = SURFACE_SIDE_STYLE ('',( #525 ) ) ;
#635 = PLANE ( 'NONE',  #9259 ) ;
#636 = CARTESIAN_POINT ( 'NONE',  ( 1.983967802814646131, -1.046563240022613472, 2.774999999999999911 ) ) ;
#637 = ORIENTED_EDGE ( 'NONE', *, *, #2624, .F. ) ;
#638 = CARTESIAN_POINT ( 'NONE',  ( -1.886902865494877402, 3.500000000000000000, 2.125000000000000000 ) ) ;
#639 = SURFACE_STYLE_USAGE ( .BOTH. , #2992 ) ;
#640 = ORIENTED_EDGE ( 'NONE', *, *, #7817, .F. ) ;
#641 = FILL_AREA_STYLE ('',( #1382 ) ) ;
#642 = MECHANICAL_DESIGN_GEOMETRIC_PRESENTATION_REPRESENTATION (  '', ( #6310 ), #9556 ) ;
#643 = CARTESIAN_POINT ( 'NONE',  ( -2.121163370024860662, -0.1491866968127367743, 2.875000000000000000 ) ) ;
#644 = CARTESIAN_POINT ( 'NONE',  ( 1.462941568246744595, -0.9325586103929838222, 2.774999999999999911 ) ) ;
#645 = EDGE_CURVE ( 'NONE', #7448, #9774, #1244, .T. ) ;
#646 = UNCERTAINTY_MEASURE_WITH_UNIT (LENGTH_MEASURE( 1.000000000000000082E-05 ), #3596, 'distance_accuracy_value', 'NONE');
#647 = EDGE_LOOP ( 'NONE', ( #10099, #1083, #7920, #7620 ) ) ;
#648 = DIRECTION ( 'NONE',  ( -1.000000000000000000, -0.000000000000000000, -0.000000000000000000 ) ) ;
#649 = DIRECTION ( 'NONE',  ( -0.4451371602546612127, -0.8954623993001693538, 0.000000000000000000 ) ) ;
#650 = SURFACE_STYLE_FILL_AREA ( #8020 ) ;
#651 = SURFACE_STYLE_FILL_AREA ( #10533 ) ;
#652 = LINE ( 'NONE', #10477, #4633 ) ;
#653 = AXIS2_PLACEMENT_3D ( 'NONE', #7652, #6841, #6199 ) ;
#654 = DIRECTION ( 'NONE',  ( 1.000000000000000000, 0.000000000000000000, 0.000000000000000000 ) ) ;
#655 = EDGE_LOOP ( 'NONE', ( #6163, #8505, #9362, #8154 ) ) ;
#656 = ORIENTED_EDGE ( 'NONE', *, *, #10341, .T. ) ;
#657 = ORIENTED_EDGE ( 'NONE', *, *, #256, .F. ) ;
#658 = EDGE_CURVE ( 'NONE', #5864, #1558, #1293, .T. ) ;
#659 = CARTESIAN_POINT ( 'NONE',  ( -0.2004457774322679076, -0.9802052153312552640, 2.774999999999999911 ) ) ;
#660 = PLANE ( 'NONE',  #7026 ) ;
#661 = PLANE ( 'NONE',  #7466 ) ;
#662 = SURFACE_STYLE_USAGE ( .BOTH. , #1662 ) ;
#663 = AXIS2_PLACEMENT_3D ( 'NONE', #3172, #6467, #9569 ) ;
#664 = VECTOR ( 'NONE', #5520, 1000.000000000000000 ) ;
#665 = ORIENTED_EDGE ( 'NONE', *, *, #4323, .F. ) ;
#666 = SURFACE_SIDE_STYLE ('',( #2374 ) ) ;
#667 = UNCERTAINTY_MEASURE_WITH_UNIT (LENGTH_MEASURE( 1.000000000000000082E-05 ), #9883, 'distance_accuracy_value', 'NONE');
#668 = CARTESIAN_POINT ( 'NONE',  ( -1.793038370024860662, -0.1277746597756997671, 2.774999999999999911 ) ) ;
#669 =( NAMED_UNIT ( * ) PLANE_ANGLE_UNIT ( ) SI_UNIT ( $, .RADIAN. ) );
#670 = SURFACE_STYLE_USAGE ( .BOTH. , #8037 ) ;
#671 =( GEOMETRIC_REPRESENTATION_CONTEXT ( 3 ) GLOBAL_UNCERTAINTY_ASSIGNED_CONTEXT ( ( #4809 ) ) GLOBAL_UNIT_ASSIGNED_CONTEXT ( ( #5247, #7747, #9389 ) ) REPRESENTATION_CONTEXT ( 'NONE', 'WORKASPACE' ) );
#672 = PLANE ( 'NONE',  #610 ) ;
#673 = EDGE_LOOP ( 'NONE', ( #601, #7303, #1445, #6096, #7506, #10465, #6543, #8915 ) ) ;
#674 = SURFACE_STYLE_USAGE ( .BOTH. , #2326 ) ;
#675 = CARTESIAN_POINT ( 'NONE',  ( 0.3724708892343985278, -0.1675123140966873203, 2.875000000000000000 ) ) ;
#676 = CARTESIAN_POINT ( 'NONE',  ( 2.487054222567732342, -0.1491866968127367743, 2.774999999999999911 ) ) ;
#677 = EDGE_CURVE ( 'NONE', #4577, #123, #8653, .T. ) ;
#678 = CARTESIAN_POINT ( 'NONE',  ( 0.1739755188640284000, -0.9267715733559466207, 2.875000000000000000 ) ) ;
#679 = MECHANICAL_DESIGN_GEOMETRIC_PRESENTATION_REPRESENTATION (  '', ( #1702 ), #8229 ) ;
#680 =( LENGTH_UNIT ( ) NAMED_UNIT ( * ) SI_UNIT ( .MILLI., .METRE. ) );
#681 = SURFACE_STYLE_USAGE ( .BOTH. , #10503 ) ;
#682 = EDGE_CURVE ( 'NONE', #1290, #570, #4560, .T. ) ;
#683 = STYLED_ITEM ( 'NONE', ( #9866 ), #134 ) ;
#684 =( NAMED_UNIT ( * ) SI_UNIT ( $, .STERADIAN. ) SOLID_ANGLE_UNIT ( ) );
#685 = SURFACE_STYLE_FILL_AREA ( #10505 ) ;
#686 = EDGE_LOOP ( 'NONE', ( #6833, #7091, #8539, #6784 ) ) ;
#687 = DIRECTION ( 'NONE',  ( -0.000000000000000000, -0.000000000000000000, 1.000000000000000000 ) ) ;
#688 = ADVANCED_FACE ( 'NONE', ( #7000 ), #1087, .F. ) ;
#689 = ORIENTED_EDGE ( 'NONE', *, *, #5869, .F. ) ;
#690 = CARTESIAN_POINT ( 'NONE',  ( -1.607467382370539655, -0.5945956474300208017, 2.774999999999999911 ) ) ;
#691 = VECTOR ( 'NONE', #2099, 1000.000000000000114 ) ;
#692 = EDGE_CURVE ( 'NONE', #2284, #7008, #3865, .T. ) ;
#694 = ORIENTED_EDGE ( 'NONE', *, *, #8799, .T. ) ;
#693 = CARTESIAN_POINT ( 'NONE',  ( 1.569999999999999840, 1.204553182355148522, -2.875999999999999890 ) ) ;
#695 = DIRECTION ( 'NONE',  ( -0.7071067811865412445, -0.7071067811865536790, 0.000000000000000000 ) ) ;
#696 = CARTESIAN_POINT ( 'NONE',  ( 1.462941568246744595, -0.9325586103929838222, 2.875000000000000000 ) ) ;
#697 = MECHANICAL_DESIGN_GEOMETRIC_PRESENTATION_REPRESENTATION (  '', ( #10138 ), #2404 ) ;
#698 = EDGE_LOOP ( 'NONE', ( #5594, #8104, #6491, #4554 ) ) ;
#699 = PRESENTATION_LAYER_ASSIGNMENT (  '', '', ( #1711 ) ) ;
#700 = EDGE_CURVE ( 'NONE', #5316, #2598, #3017, .T. ) ;
#701 = DIRECTION ( 'NONE',  ( -0.1633393937002454444, -0.9865699379494776711, 0.000000000000000000 ) ) ;
#702 = ORIENTED_EDGE ( 'NONE', *, *, #7455, .T. ) ;
#703 = VECTOR ( 'NONE', #6146, 1000.000000000000000 ) ;
#704 = STYLED_ITEM ( 'NONE', ( #5803 ), #5918 ) ;
#705 = PLANE ( 'NONE',  #2547 ) ;
#706 = ORIENTED_EDGE ( 'NONE', *, *, #3267, .F. ) ;
#707 = SURFACE_STYLE_USAGE ( .BOTH. , #4869 ) ;
#708 = DIRECTION ( 'NONE',  ( -1.000000000000000000, 0.000000000000000000, 0.000000000000000000 ) ) ;
#709 = FACE_OUTER_BOUND ( 'NONE', #9279, .T. ) ;
#710 = FILL_AREA_STYLE_COLOUR ( '', #10045 ) ;
#711 = FACE_OUTER_BOUND ( 'NONE', #7107, .T. ) ;
#712 = PRESENTATION_LAYER_ASSIGNMENT (  '', '', ( #9099 ) ) ;
#713 = VECTOR ( 'NONE', #2568, 1000.000000000000000 ) ;
#714 =( NAMED_UNIT ( * ) PLANE_ANGLE_UNIT ( ) SI_UNIT ( $, .RADIAN. ) );
#715 = ORIENTED_EDGE ( 'NONE', *, *, #3525, .T. ) ;
#716 = VERTEX_POINT ( 'NONE', #9877 ) ;
#717 = DIRECTION ( 'NONE',  ( -0.8945509700046446744, 0.4469659517947079941, 0.000000000000000000 ) ) ;
#718 = LINE ( 'NONE', #2262, #8895 ) ;
#719 = LINE ( 'NONE', #3220, #4182 ) ;
#720 = ADVANCED_FACE ( 'NONE', ( #6307 ), #9514, .T. ) ;
#721 = COLOUR_RGB ( '',0.7529411764705882248, 0.7529411764705882248, 0.7529411764705882248 ) ;
#722 = VERTEX_POINT ( 'NONE', #5435 ) ;
#723 =( NAMED_UNIT ( * ) SI_UNIT ( $, .STERADIAN. ) SOLID_ANGLE_UNIT ( ) );
#724 = LINE ( 'NONE', #931, #9719 ) ;
#725 = AXIS2_PLACEMENT_3D ( 'NONE', #6800, #6699, #288 ) ;
#726 = DIRECTION ( 'NONE',  ( -0.7071067811865491270, 0.7071067811865459074, -0.000000000000000000 ) ) ;
#727 = VERTEX_POINT ( 'NONE', #9623 ) ;
#728 = CARTESIAN_POINT ( 'NONE',  ( 0.4131687630347662399, -2.601766864349279285, -2.875000000000000000 ) ) ;
#729 = CARTESIAN_POINT ( 'NONE',  ( 1.046467802814645687, -0.1900817585411318511, 2.875000000000000000 ) ) ;
#730 = FILL_AREA_STYLE ('',( #4043 ) ) ;
#731 = PRESENTATION_STYLE_ASSIGNMENT (( #4096 ) ) ;
#732 = CARTESIAN_POINT ( 'NONE',  ( 0.8120928028146459088, -1.034603363479403626, 2.774999999999999911 ) ) ;
#733 = STYLED_ITEM ( 'NONE', ( #2215 ), #4479 ) ;
#734 = ADVANCED_FACE ( 'NONE', ( #7053 ), #7420, .T. ) ;
#735 =( LENGTH_UNIT ( ) NAMED_UNIT ( * ) SI_UNIT ( .MILLI., .METRE. ) );
#736 = SURFACE_SIDE_STYLE ('',( #4795 ) ) ;
#737 = ORIENTED_EDGE ( 'NONE', *, *, #3911, .F. ) ;
#738 = EDGE_CURVE ( 'NONE', #7354, #1082, #10033, .T. ) ;
#739 = ORIENTED_EDGE ( 'NONE', *, *, #8568, .F. ) ;
#740 = MECHANICAL_DESIGN_GEOMETRIC_PRESENTATION_REPRESENTATION (  '', ( #1574 ), #6744 ) ;
#741 = VECTOR ( 'NONE', #5541, 1000.000000000000227 ) ;
#743 = EDGE_LOOP ( 'NONE', ( #1232, #7645, #409, #6584 ) ) ;
#742 =( NAMED_UNIT ( * ) PLANE_ANGLE_UNIT ( ) SI_UNIT ( $, .RADIAN. ) );
#744 = DIRECTION ( 'NONE',  ( -0.5748904813304210881, 0.8182303676078496180, 0.000000000000000000 ) ) ;
#745 = SURFACE_STYLE_USAGE ( .BOTH. , #5790 ) ;
#746 = VECTOR ( 'NONE', #8584, 1000.000000000000000 ) ;
#747 = CARTESIAN_POINT ( 'NONE',  ( -0.9300000000000011591, -2.250000000000000000, 0.8450000000000000844 ) ) ;
#748 = VERTEX_POINT ( 'NONE', #5086 ) ;
#749 = CARTESIAN_POINT ( 'NONE',  ( 1.226830457135633434, -1.127774659775699684, 2.774999999999999911 ) ) ;
#750 = ORIENTED_EDGE ( 'NONE', *, *, #618, .T. ) ;
#751 = ADVANCED_FACE ( 'NONE', ( #10084 ), #3573, .F. ) ;
#752 = COLOUR_RGB ( '',0.7529411764705882248, 0.7529411764705882248, 0.7529411764705882248 ) ;
#753 = CARTESIAN_POINT ( 'NONE',  ( -1.570000000000001172, -4.289853386497013865, 0.8450000000000000844 ) ) ;
#754 = SURFACE_STYLE_FILL_AREA ( #5530 ) ;
#755 = VERTEX_POINT ( 'NONE', #7680 ) ;
#756 = CARTESIAN_POINT ( 'NONE',  ( -1.570000000000001172, -6.700000000000000178, 0.8450000000000000844 ) ) ;
#757 = SURFACE_SIDE_STYLE ('',( #1667 ) ) ;
#758 = CARTESIAN_POINT ( 'NONE',  ( -0.1796124440989347038, -0.9360308326152059211, 2.774999999999999911 ) ) ;
#759 = PLANE ( 'NONE',  #5065 ) ;
#760 = FILL_AREA_STYLE_COLOUR ( '', #7084 ) ;
#761 =( NAMED_UNIT ( * ) SI_UNIT ( $, .STERADIAN. ) SOLID_ANGLE_UNIT ( ) );
#762 = VECTOR ( 'NONE', #1579, 1000.000000000000227 ) ;
#763 = MECHANICAL_DESIGN_GEOMETRIC_PRESENTATION_REPRESENTATION (  '', ( #9847 ), #9682 ) ;
#764 = CARTESIAN_POINT ( 'NONE',  ( 2.164957836983784745, -3.500000000000000000, 2.875000000000000000 ) ) ;
#765 = DIRECTION ( 'NONE',  ( -0.000000000000000000, -0.000000000000000000, 1.000000000000000000 ) ) ;
#766 = CARTESIAN_POINT ( 'NONE',  ( -1.737097012000169416, -1.046370338788045418, 2.774999999999999911 ) ) ;
#767 = PRESENTATION_STYLE_ASSIGNMENT (( #1560 ) ) ;
#768 = VECTOR ( 'NONE', #8509, 1000.000000000000000 ) ;
#769 = AXIS2_PLACEMENT_3D ( 'NONE', #6453, #2355, #5642 ) ;
#770 = EDGE_LOOP ( 'NONE', ( #10132, #4752, #129, #2214, #3503, #6664, #7519, #5443 ) ) ;
#771 = DIRECTION ( 'NONE',  ( -0.9596009732027614980, -0.2813644828835243361, 0.000000000000000000 ) ) ;
#772 = SURFACE_STYLE_FILL_AREA ( #2430 ) ;
#773 = FACE_OUTER_BOUND ( 'NONE', #1983, .T. ) ;
#774 = CARTESIAN_POINT ( 'NONE',  ( 1.504608234913410891, -0.1759999684176750678, 2.875000000000000000 ) ) ;
#775 = DIRECTION ( 'NONE',  ( 1.000000000000000000, 1.239088197126290817E-16, 0.000000000000000000 ) ) ;
#776 = ORIENTED_EDGE ( 'NONE', *, *, #4700, .T. ) ;
#777 = EDGE_LOOP ( 'NONE', ( #2352, #6965, #1239, #7261 ) ) ;
#778 = VERTEX_POINT ( 'NONE', #7522 ) ;
#779 = VECTOR ( 'NONE', #7952, 1000.000000000000000 ) ;
#780 = ADVANCED_FACE ( 'NONE', ( #6052 ), #6660, .T. ) ;
#781 = CARTESIAN_POINT ( 'NONE',  ( 2.849999999999999645, -2.085786437626904632, -1.475000000000000089 ) ) ;
#782 = CARTESIAN_POINT ( 'NONE',  ( 1.462941568246744595, -0.7869181782942182846, 2.774999999999999911 ) ) ;
#783 = DIRECTION ( 'NONE',  ( 0.3397323398897472702, 0.9405221620105702618, 0.000000000000000000 ) ) ;
#784 =( GEOMETRIC_REPRESENTATION_CONTEXT ( 3 ) GLOBAL_UNCERTAINTY_ASSIGNED_CONTEXT ( ( #4618 ) ) GLOBAL_UNIT_ASSIGNED_CONTEXT ( ( #7939, #4792, #8095 ) ) REPRESENTATION_CONTEXT ( 'NONE', 'WORKASPACE' ) );
#785 = LINE ( 'NONE', #6373, #7168 ) ;
#786 =( NAMED_UNIT ( * ) PLANE_ANGLE_UNIT ( ) SI_UNIT ( $, .RADIAN. ) );
#787 = UNCERTAINTY_MEASURE_WITH_UNIT (LENGTH_MEASURE( 1.000000000000000082E-05 ), #9377, 'distance_accuracy_value', 'NONE');
#788 =( GEOMETRIC_REPRESENTATION_CONTEXT ( 3 ) GLOBAL_UNCERTAINTY_ASSIGNED_CONTEXT ( ( #3106 ) ) GLOBAL_UNIT_ASSIGNED_CONTEXT ( ( #3340, #89, #5676 ) ) REPRESENTATION_CONTEXT ( 'NONE', 'WORKASPACE' ) );
#789 = FILL_AREA_STYLE_COLOUR ( '', #5134 ) ;
#790 =( NAMED_UNIT ( * ) PLANE_ANGLE_UNIT ( ) SI_UNIT ( $, .RADIAN. ) );
#791 = PRESENTATION_STYLE_ASSIGNMENT (( #1471 ) ) ;
#792 = ORIENTED_EDGE ( 'NONE', *, *, #1318, .F. ) ;
#793 = CARTESIAN_POINT ( 'NONE',  ( -2.054805345333502675, -0.1979907091584157952, 2.774999999999999911 ) ) ;
#794 = ORIENTED_EDGE ( 'NONE', *, *, #6862, .F. ) ;
#795 = EDGE_CURVE ( 'NONE', #9770, #4891, #10464, .T. ) ;
#796 = VECTOR ( 'NONE', #7528, 1000.000000000000000 ) ;
#798 = VERTEX_POINT ( 'NONE', #1218 ) ;
#797 = CARTESIAN_POINT ( 'NONE',  ( -0.9300000000000011591, -6.700000000000000178, 0.8450000000000000844 ) ) ;
#799 =( NAMED_UNIT ( * ) SI_UNIT ( $, .STERADIAN. ) SOLID_ANGLE_UNIT ( ) );
#800 = CARTESIAN_POINT ( 'NONE',  ( 2.849999999999999645, -5.000000000000000000, -1.475000000000000089 ) ) ;
#801 =( NAMED_UNIT ( * ) SI_UNIT ( $, .STERADIAN. ) SOLID_ANGLE_UNIT ( ) );
#802 = COLOUR_RGB ( '',0.7529411764705882248, 0.7529411764705882248, 0.7529411764705882248 ) ;
#803 = LINE ( 'NONE', #1536, #8352 ) ;
#804 = ORIENTED_EDGE ( 'NONE', *, *, #73, .T. ) ;
#805 = EDGE_CURVE ( 'NONE', #5333, #6969, #6219, .T. ) ;
#806 = VERTEX_POINT ( 'NONE', #1319 ) ;
#807 = VECTOR ( 'NONE', #771, 1000.000000000000114 ) ;
#808 = AXIS2_PLACEMENT_3D ( 'NONE', #9126, #9986, #6004 ) ;
#809 =( LENGTH_UNIT ( ) NAMED_UNIT ( * ) SI_UNIT ( .MILLI., .METRE. ) );
#810 = DIRECTION ( 'NONE',  ( -0.4076508403738874908, -0.9131378824375118164, 0.000000000000000000 ) ) ;
#811 = VERTEX_POINT ( 'NONE', #2227 ) ;
#812 = PLANE ( 'NONE',  #4828 ) ;
#813 = STYLED_ITEM ( 'NONE', ( #2390 ), #2053 ) ;
#814 =( NAMED_UNIT ( * ) SI_UNIT ( $, .STERADIAN. ) SOLID_ANGLE_UNIT ( ) );
#815 = ADVANCED_FACE ( 'NONE', ( #9480 ), #8733, .T. ) ;
#816 = SURFACE_STYLE_FILL_AREA ( #2528 ) ;
#817 = VECTOR ( 'NONE', #4237, 1000.000000000000000 ) ;
#818 = DIRECTION ( 'NONE',  ( -0.000000000000000000, -0.000000000000000000, 1.000000000000000000 ) ) ;
#819 = LINE ( 'NONE', #9778, #10136 ) ;
#820 = VECTOR ( 'NONE', #1893, 1000.000000000000114 ) ;
#821 = DIRECTION ( 'NONE',  ( -0.000000000000000000, -0.000000000000000000, 1.000000000000000000 ) ) ;
#822 = EDGE_CURVE ( 'NONE', #2316, #4496, #7137, .T. ) ;
#823 = DIRECTION ( 'NONE',  ( 1.000000000000000000, 0.000000000000000000, 0.000000000000000000 ) ) ;
#824 = DIRECTION ( 'NONE',  ( 0.4386881966140460110, 0.8986393415333628898, 0.000000000000000000 ) ) ;
#825 = VERTEX_POINT ( 'NONE', #9595 ) ;
#826 = EDGE_CURVE ( 'NONE', #5282, #946, #5289, .T. ) ;
#827 = SURFACE_SIDE_STYLE ('',( #8186 ) ) ;
#828 =( GEOMETRIC_REPRESENTATION_CONTEXT ( 3 ) GLOBAL_UNCERTAINTY_ASSIGNED_CONTEXT ( ( #5931 ) ) GLOBAL_UNIT_ASSIGNED_CONTEXT ( ( #3445, #10064, #6743 ) ) REPRESENTATION_CONTEXT ( 'NONE', 'WORKASPACE' ) );
#829 = LINE ( 'NONE', #3225, #12 ) ;
#830 = DIRECTION ( 'NONE',  ( 0.000000000000000000, -0.5517613854158066600, 0.8340020225179491931 ) ) ;
#831 = ADVANCED_FACE ( 'NONE', ( #4486 ), #7020, .T. ) ;
#832 = LINE ( 'NONE', #9791, #4206 ) ;
#833 = ORIENTED_EDGE ( 'NONE', *, *, #41, .F. ) ;
#834 = ORIENTED_EDGE ( 'NONE', *, *, #8626, .T. ) ;
#835 = ORIENTED_EDGE ( 'NONE', *, *, #8897, .F. ) ;
#836 = ADVANCED_FACE ( 'NONE', ( #1531, #2341, #9009 ), #10624, .T. ) ;
#837 = COLOUR_RGB ( '',0.7529411764705882248, 0.7529411764705882248, 0.7529411764705882248 ) ;
#838 = PRESENTATION_LAYER_ASSIGNMENT (  '', '', ( #477 ) ) ;
#839 = PLANE ( 'NONE',  #3477 ) ;
#840 = DIRECTION ( 'NONE',  ( 0.000000000000000000, -1.000000000000000000, 0.000000000000000000 ) ) ;
#841 = CARTESIAN_POINT ( 'NONE',  ( 1.926676136147978724, -0.2572113881707613903, 2.774999999999999911 ) ) ;
#842 = CARTESIAN_POINT ( 'NONE',  ( -1.570000000000001172, 3.100000000000000089, 0.8450000000000000844 ) ) ;
#843 =( NAMED_UNIT ( * ) SI_UNIT ( $, .STERADIAN. ) SOLID_ANGLE_UNIT ( ) );
#844 = LINE ( 'NONE', #3496, #1027 ) ;
#845 = VECTOR ( 'NONE', #2137, 999.9999999999998863 ) ;
#846 = DIRECTION ( 'NONE',  ( -0.8945509700046446744, 0.4469659517947079941, 0.000000000000000000 ) ) ;
#847 = ORIENTED_EDGE ( 'NONE', *, *, #10341, .F. ) ;
#848 = COLOUR_RGB ( '',0.7529411764705882248, 0.7529411764705882248, 0.7529411764705882248 ) ;
#849 =( NAMED_UNIT ( * ) PLANE_ANGLE_UNIT ( ) SI_UNIT ( $, .RADIAN. ) );
#850 = EDGE_LOOP ( 'NONE', ( #1562, #1890, #5154, #88 ) ) ;
#851 = EDGE_CURVE ( 'NONE', #7074, #5565, #8054, .T. ) ;
#852 = PRESENTATION_STYLE_ASSIGNMENT (( #2454 ) ) ;
#853 = DIRECTION ( 'NONE',  ( -0.000000000000000000, -0.000000000000000000, 1.000000000000000000 ) ) ;
#854 = CARTESIAN_POINT ( 'NONE',  ( -2.950000000000000178, 3.500000000000000000, -2.125000000000000000 ) ) ;
#855 = CARTESIAN_POINT ( 'NONE',  ( 0.9299999999999993827, -7.605096679918781355, 0.8449999999999998623 ) ) ;
#856 = CARTESIAN_POINT ( 'NONE',  ( 1.602987864543040653, -0.4159691042201442146, 2.774999999999999911 ) ) ;
#857 = EDGE_CURVE ( 'NONE', #2926, #778, #1586, .T. ) ;
#858 = ORIENTED_EDGE ( 'NONE', *, *, #8374, .F. ) ;
#859 = CARTESIAN_POINT ( 'NONE',  ( -1.770000000000001128, 0.000000000000000000, 0.000000000000000000 ) ) ;
#860 = CARTESIAN_POINT ( 'NONE',  ( 1.586012555901065157, -0.2209459560719960469, 2.774999999999999911 ) ) ;
#861 = VECTOR ( 'NONE', #5621, 1000.000000000000000 ) ;
#862 = ORIENTED_EDGE ( 'NONE', *, *, #2552, .F. ) ;
#863 =( NAMED_UNIT ( * ) PLANE_ANGLE_UNIT ( ) SI_UNIT ( $, .RADIAN. ) );
#864 = CYLINDRICAL_SURFACE ( 'NONE', #10024, 0.4672919842648142752 ) ;
#865 = AXIS2_PLACEMENT_3D ( 'NONE', #9958, #4208, #4900 ) ;
#866 = UNCERTAINTY_MEASURE_WITH_UNIT (LENGTH_MEASURE( 1.000000000000000082E-05 ), #8746, 'distance_accuracy_value', 'NONE');
#867 = ORIENTED_EDGE ( 'NONE', *, *, #2518, .T. ) ;
#868 = SURFACE_STYLE_FILL_AREA ( #6510 ) ;
#869 = LINE ( 'NONE', #966, #3194 ) ;
#870 = DIRECTION ( 'NONE',  ( -0.8933147296482437660, -0.4494316341708550211, 0.000000000000000000 ) ) ;
#871 = EDGE_CURVE ( 'NONE', #5565, #3844, #4105, .T. ) ;
#872 =( NAMED_UNIT ( * ) SI_UNIT ( $, .STERADIAN. ) SOLID_ANGLE_UNIT ( ) );
#873 =( NAMED_UNIT ( * ) PLANE_ANGLE_UNIT ( ) SI_UNIT ( $, .RADIAN. ) );
#874 = LINE ( 'NONE', #1552, #4124 ) ;
#875 = EDGE_CURVE ( 'NONE', #2481, #4414, #8904, .T. ) ;
#876 = MECHANICAL_DESIGN_GEOMETRIC_PRESENTATION_REPRESENTATION (  '', ( #6362 ), #5311 ) ;
#877 = EDGE_CURVE ( 'NONE', #1923, #1499, #8103, .T. ) ;
#878 = CARTESIAN_POINT ( 'NONE',  ( 2.356267185530695585, -0.1491866968127367743, 2.774999999999999911 ) ) ;
#879 = ADVANCED_FACE ( 'NONE', ( #4697 ), #8002, .T. ) ;
#880 = DIRECTION ( 'NONE',  ( -0.2747765339150585184, -0.9615081156233818982, 0.000000000000000000 ) ) ;
#881 = CARTESIAN_POINT ( 'NONE',  ( 1.325210086765263195, -0.5930524375534775849, 2.875000000000000000 ) ) ;
#882 = DIRECTION ( 'NONE',  ( -0.000000000000000000, 0.000000000000000000, 1.000000000000000000 ) ) ;
#883 = VERTEX_POINT ( 'NONE', #8315 ) ;
#884 = DIRECTION ( 'NONE',  ( 0.9473054703399017562, 0.3203316185831451279, 0.000000000000000000 ) ) ;
#885 = VECTOR ( 'NONE', #10439, 999.9999999999998863 ) ;
#886 = VECTOR ( 'NONE', #2014, 1000.000000000000000 ) ;
#887 = CARTESIAN_POINT ( 'NONE',  ( 0.9039137904689669156, -1.073762314096687431, 2.774999999999999911 ) ) ;
#888 = CARTESIAN_POINT ( 'NONE',  ( 2.950000000000000622, 1.578285606387554330, 1.898270704789492003 ) ) ;
#889 = DIRECTION ( 'NONE',  ( 1.000000000000000000, 0.000000000000000000, 0.000000000000000000 ) ) ;
#890 = VERTEX_POINT ( 'NONE', #10021 ) ;
#891 = EDGE_LOOP ( 'NONE', ( #5604, #4814, #5595, #5738 ) ) ;
#892 = VECTOR ( 'NONE', #8447, 1000.000000000000000 ) ;
#893 = SURFACE_STYLE_FILL_AREA ( #3993 ) ;
#894 = FILL_AREA_STYLE ('',( #8359 ) ) ;
#895 = DIRECTION ( 'NONE',  ( -0.000000000000000000, 0.000000000000000000, 1.000000000000000000 ) ) ;
#896 = CARTESIAN_POINT ( 'NONE',  ( -1.569999999999999840, 3.183097134505116887, 2.124999999999998224 ) ) ;
#897 = FILL_AREA_STYLE ('',( #5776 ) ) ;
#898 = EDGE_CURVE ( 'NONE', #4800, #8294, #2606, .T. ) ;
#899 =( LENGTH_UNIT ( ) NAMED_UNIT ( * ) SI_UNIT ( .MILLI., .METRE. ) );
#900 = MECHANICAL_DESIGN_GEOMETRIC_PRESENTATION_REPRESENTATION (  '', ( #7062 ), #204 ) ;
#901 =( GEOMETRIC_REPRESENTATION_CONTEXT ( 3 ) GLOBAL_UNCERTAINTY_ASSIGNED_CONTEXT ( ( #6561 ) ) GLOBAL_UNIT_ASSIGNED_CONTEXT ( ( #2132, #2991, #8690 ) ) REPRESENTATION_CONTEXT ( 'NONE', 'WORKASPACE' ) );
#902 = EDGE_LOOP ( 'NONE', ( #4569, #637, #9115, #2982 ) ) ;
#903 = ORIENTED_EDGE ( 'NONE', *, *, #9884, .T. ) ;
#904 = VECTOR ( 'NONE', #6158, 1000.000000000000000 ) ;
#905 = DIRECTION ( 'NONE',  ( 0.000000000000000000, 1.000000000000000000, 0.000000000000000000 ) ) ;
#906 = DIRECTION ( 'NONE',  ( 0.000000000000000000, -0.000000000000000000, -1.000000000000000000 ) ) ;
#907 = DIRECTION ( 'NONE',  ( 0.2813644828835243361, -0.9596009732027614980, 0.000000000000000000 ) ) ;
#908 = ORIENTED_EDGE ( 'NONE', *, *, #805, .F. ) ;
#909 = CARTESIAN_POINT ( 'NONE',  ( 1.046467802814645687, -0.1900817585411318511, 2.774999999999999911 ) ) ;
#910 = VECTOR ( 'NONE', #3589, 1000.000000000000000 ) ;
#911 = VECTOR ( 'NONE', #9747, 1000.000000000000000 ) ;
#912 = DIRECTION ( 'NONE',  ( -1.000000000000000000, 0.000000000000000000, 0.000000000000000000 ) ) ;
#913 = ORIENTED_EDGE ( 'NONE', *, *, #8314, .F. ) ;
#914 = EDGE_CURVE ( 'NONE', #6633, #9424, #1698, .T. ) ;
#915 = DIRECTION ( 'NONE',  ( -0.000000000000000000, 0.000000000000000000, 1.000000000000000000 ) ) ;
#916 =( NAMED_UNIT ( * ) SI_UNIT ( $, .STERADIAN. ) SOLID_ANGLE_UNIT ( ) );
#917 = AXIS2_PLACEMENT_3D ( 'NONE', #1017, #1862, #4493 ) ;
#918 = COLOUR_RGB ( '',0.7529411764705882248, 0.7529411764705882248, 0.7529411764705882248 ) ;
#919 = ORIENTED_EDGE ( 'NONE', *, *, #259, .F. ) ;
#920 = LINE ( 'NONE', #10142, #9648 ) ;
#921 = DIRECTION ( 'NONE',  ( 0.3171868387577281845, 0.9483630683018392515, 0.000000000000000000 ) ) ;
#922 = PLANE ( 'NONE',  #8767 ) ;
#923 = CARTESIAN_POINT ( 'NONE',  ( 1.920117494172670636, -0.1277746597756997671, 2.875000000000000000 ) ) ;
#924 = DIRECTION ( 'NONE',  ( 0.000000000000000000, -0.8574929257125443183, -0.5144957554275262357 ) ) ;
#925 =( GEOMETRIC_REPRESENTATION_CONTEXT ( 3 ) GLOBAL_UNCERTAINTY_ASSIGNED_CONTEXT ( ( #978 ) ) GLOBAL_UNIT_ASSIGNED_CONTEXT ( ( #10415, #5467, #3732 ) ) REPRESENTATION_CONTEXT ( 'NONE', 'WORKASPACE' ) );
#926 = STYLED_ITEM ( 'NONE', ( #1661 ), #5256 ) ;
#927 = DIRECTION ( 'NONE',  ( 0.7024701641224853077, 0.7117131925977827622, 0.000000000000000000 ) ) ;
#928 = ORIENTED_EDGE ( 'NONE', *, *, #1957, .F. ) ;
#929 = PLANE ( 'NONE',  #2163 ) ;
#930 =( GEOMETRIC_REPRESENTATION_CONTEXT ( 3 ) GLOBAL_UNCERTAINTY_ASSIGNED_CONTEXT ( ( #5804 ) ) GLOBAL_UNIT_ASSIGNED_CONTEXT ( ( #7498, #3386, #8355 ) ) REPRESENTATION_CONTEXT ( 'NONE', 'WORKASPACE' ) );
#931 = CARTESIAN_POINT ( 'NONE',  ( 0.7358968151603249019, -1.189503054837428131, 2.774999999999999911 ) ) ;
#932 = DIRECTION ( 'NONE',  ( -0.000000000000000000, -0.000000000000000000, -1.000000000000000000 ) ) ;
#933 = LINE ( 'NONE', #8238, #169 ) ;
#934 = DIRECTION ( 'NONE',  ( 0.9438171324979072185, -0.3304681836477270651, 0.000000000000000000 ) ) ;
#935 = ORIENTED_EDGE ( 'NONE', *, *, #9288, .T. ) ;
#936 = EDGE_LOOP ( 'NONE', ( #5847, #6017, #3208, #8547 ) ) ;
#937 = ORIENTED_EDGE ( 'NONE', *, *, #7050, .F. ) ;
#938 = AXIS2_PLACEMENT_3D ( 'NONE', #611, #3025, #5328 ) ;
#939 = SURFACE_STYLE_USAGE ( .BOTH. , #8995 ) ;
#940 =( NAMED_UNIT ( * ) PLANE_ANGLE_UNIT ( ) SI_UNIT ( $, .RADIAN. ) );
#941 = CARTESIAN_POINT ( 'NONE',  ( 1.049999999999999378, 3.299999999999999822, 0.7249999999999997558 ) ) ;
#942 = SURFACE_STYLE_USAGE ( .BOTH. , #8305 ) ;
#943 = EDGE_CURVE ( 'NONE', #9187, #6125, #5787, .T. ) ;
#944 = PRESENTATION_LAYER_ASSIGNMENT (  '', '', ( #5568 ) ) ;
#945 = CARTESIAN_POINT ( 'NONE',  ( -2.051526024345848409, -0.5945956474300208017, 2.774999999999999911 ) ) ;
#946 = VERTEX_POINT ( 'NONE', #1741 ) ;
#947 = SURFACE_STYLE_FILL_AREA ( #2338 ) ;
#948 = VERTEX_POINT ( 'NONE', #7559 ) ;
#949 =( NAMED_UNIT ( * ) SI_UNIT ( $, .STERADIAN. ) SOLID_ANGLE_UNIT ( ) );
#950 = EDGE_CURVE ( 'NONE', #4198, #798, #4963, .T. ) ;
#951 = VECTOR ( 'NONE', #1266, 1000.000000000000000 ) ;
#952 = LINE ( 'NONE', #9163, #980 ) ;
#953 = DIRECTION ( 'NONE',  ( 1.000000000000000000, 0.000000000000000000, 0.000000000000000000 ) ) ;
#954 = EDGE_CURVE ( 'NONE', #5970, #6160, #6752, .T. ) ;
#955 = LINE ( 'NONE', #5175, #3144 ) ;
#956 = ORIENTED_EDGE ( 'NONE', *, *, #4196, .T. ) ;
#957 =( GEOMETRIC_REPRESENTATION_CONTEXT ( 3 ) GLOBAL_UNCERTAINTY_ASSIGNED_CONTEXT ( ( #8164 ) ) GLOBAL_UNIT_ASSIGNED_CONTEXT ( ( #7554, #9267, #996 ) ) REPRESENTATION_CONTEXT ( 'NONE', 'WORKASPACE' ) );
#958 = PRESENTATION_LAYER_ASSIGNMENT (  '', '', ( #5406 ) ) ;
#959 = ORIENTED_EDGE ( 'NONE', *, *, #7246, .T. ) ;
#960 = EDGE_CURVE ( 'NONE', #5712, #1098, #8257, .T. ) ;
#961 = VECTOR ( 'NONE', #5090, 1000.000000000000000 ) ;
#962 = DIRECTION ( 'NONE',  ( 1.000000000000000000, 0.000000000000000000, 0.000000000000000000 ) ) ;
#963 = FILL_AREA_STYLE_COLOUR ( '', #10130 ) ;
#964 = STYLED_ITEM ( 'NONE', ( #2035 ), #9087 ) ;
#965 = ORIENTED_EDGE ( 'NONE', *, *, #9862, .T. ) ;
#966 = CARTESIAN_POINT ( 'NONE',  ( 2.162980148493658383, -1.106362622738662704, 2.774999999999999911 ) ) ;
#967 = LINE ( 'NONE', #1861, #6624 ) ;
#968 = DIRECTION ( 'NONE',  ( 0.000000000000000000, -0.5517613854158063269, 0.8340020225179493041 ) ) ;
#969 = VECTOR ( 'NONE', #8543, 1000.000000000000114 ) ;
#970 = SURFACE_STYLE_FILL_AREA ( #9291 ) ;
#971 = EDGE_CURVE ( 'NONE', #8900, #993, #952, .T. ) ;
#972 = CARTESIAN_POINT ( 'NONE',  ( 1.661629839851682444, -0.06604626471397138932, 2.774999999999999911 ) ) ;
#973 = CARTESIAN_POINT ( 'NONE',  ( 0.3875171855306949742, -0.1979907091584157952, 2.774999999999999911 ) ) ;
#974 = LINE ( 'NONE', #2734, #9492 ) ;
#975 = AXIS2_PLACEMENT_3D ( 'NONE', #8124, #4716, #5645 ) ;
#976 = VERTEX_POINT ( 'NONE', #8372 ) ;
#977 = CARTESIAN_POINT ( 'NONE',  ( 1.370734778123287700, -1.079549351133724411, 2.774999999999999911 ) ) ;
#978 = UNCERTAINTY_MEASURE_WITH_UNIT (LENGTH_MEASURE( 1.000000000000000082E-05 ), #10415, 'distance_accuracy_value', 'NONE');
#979 = PRESENTATION_STYLE_ASSIGNMENT (( #3433 ) ) ;
#980 = VECTOR ( 'NONE', #5890, 1000.000000000000000 ) ;
#981 = ORIENTED_EDGE ( 'NONE', *, *, #6558, .F. ) ;
#982 = ORIENTED_EDGE ( 'NONE', *, *, #9867, .F. ) ;
#983 = ORIENTED_EDGE ( 'NONE', *, *, #7031, .F. ) ;
#984 = CARTESIAN_POINT ( 'NONE',  ( 0.4993999015800777430, -0.2116866968127367465, 2.774999999999999911 ) ) ;
#985 = PLANE ( 'NONE',  #4003 ) ;
#986 = FILL_AREA_STYLE_COLOUR ( '', #6859 ) ;
#987 = VERTEX_POINT ( 'NONE', #10075 ) ;
#988 =( LENGTH_UNIT ( ) NAMED_UNIT ( * ) SI_UNIT ( .MILLI., .METRE. ) );
#989 = UNCERTAINTY_MEASURE_WITH_UNIT (LENGTH_MEASURE( 1.000000000000000082E-05 ), #6534, 'distance_accuracy_value', 'NONE');
#990 = PLANE ( 'NONE',  #2168 ) ;
#991 = LINE ( 'NONE', #7818, #5998 ) ;
#992 = CARTESIAN_POINT ( 'NONE',  ( 0.2767918768887198122, -0.1277746597756997671, 2.774999999999999911 ) ) ;
#993 = VERTEX_POINT ( 'NONE', #2655 ) ;
#994 = PLANE ( 'NONE',  #4035 ) ;
#995 = ORIENTED_EDGE ( 'NONE', *, *, #6851, .F. ) ;
#996 =( NAMED_UNIT ( * ) SI_UNIT ( $, .STERADIAN. ) SOLID_ANGLE_UNIT ( ) );
#997 = EDGE_CURVE ( 'NONE', #1499, #4904, #135, .T. ) ;
#998 = EDGE_CURVE ( 'NONE', #4188, #6449, #5986, .T. ) ;
#999 = LINE ( 'NONE', #4275, #3370 ) ;
#1000 = FACE_OUTER_BOUND ( 'NONE', #8640, .T. ) ;
#1001 = VECTOR ( 'NONE', #113, 1000.000000000000000 ) ;
#1002 = VECTOR ( 'NONE', #6331, 1000.000000000000000 ) ;
#1003 = DIRECTION ( 'NONE',  ( 0.000000000000000000, 0.000000000000000000, -1.000000000000000000 ) ) ;
#1004 = VERTEX_POINT ( 'NONE', #7614 ) ;
#1005 = DIRECTION ( 'NONE',  ( -0.2004956380116349468, 0.9796945948295864293, 0.000000000000000000 ) ) ;
#1006 = DIRECTION ( 'NONE',  ( 1.000000000000000000, -0.000000000000000000, -0.000000000000000000 ) ) ;
#1007 = EDGE_LOOP ( 'NONE', ( #2875, #8396, #6106, #1754 ) ) ;
#1008 = VECTOR ( 'NONE', #7960, 1000.000000000000000 ) ;
#1009 = EDGE_CURVE ( 'NONE', #6509, #6683, #93, .T. ) ;
#1010 = CARTESIAN_POINT ( 'NONE',  ( 0.7358968151603249019, -1.189503054837428131, 2.875000000000000000 ) ) ;
#1011 = DIRECTION ( 'NONE',  ( -0.9596009732027614980, -0.2813644828835243361, 0.000000000000000000 ) ) ;
#1012 = SURFACE_STYLE_USAGE ( .BOTH. , #1809 ) ;
#1013 = CARTESIAN_POINT ( 'NONE',  ( 0.1271005188640283445, -1.017242252368292244, 2.875000000000000000 ) ) ;
#1014 = DIRECTION ( 'NONE',  ( -0.000000000000000000, -0.000000000000000000, 1.000000000000000000 ) ) ;
#1015 =( GEOMETRIC_REPRESENTATION_CONTEXT ( 3 ) GLOBAL_UNCERTAINTY_ASSIGNED_CONTEXT ( ( #6871 ) ) GLOBAL_UNIT_ASSIGNED_CONTEXT ( ( #6440, #3779, #5522 ) ) REPRESENTATION_CONTEXT ( 'NONE', 'WORKASPACE' ) );
#1016 = LINE ( 'NONE', #9122, #9029 ) ;
#1017 = CARTESIAN_POINT ( 'NONE',  ( -1.382351641629798955, -0.2089860795287860895, 2.774999999999999911 ) ) ;
#1018 = DIRECTION ( 'NONE',  ( 0.000000000000000000, 1.000000000000000000, 0.000000000000000000 ) ) ;
#1019 =( GEOMETRIC_REPRESENTATION_CONTEXT ( 3 ) GLOBAL_UNCERTAINTY_ASSIGNED_CONTEXT ( ( #9979 ) ) GLOBAL_UNIT_ASSIGNED_CONTEXT ( ( #3896, #5572, #2985 ) ) REPRESENTATION_CONTEXT ( 'NONE', 'WORKASPACE' ) );
#1020 = LINE ( 'NONE', #5550, #410 ) ;
#1021 = DIRECTION ( 'NONE',  ( -1.239088197126290817E-16, 1.000000000000000000, -0.000000000000000000 ) ) ;
#1022 = DIRECTION ( 'NONE',  ( -0.1652805747729427233, -0.9862465876253897479, 0.000000000000000000 ) ) ;
#1023 = DIRECTION ( 'NONE',  ( 0.000000000000000000, 1.000000000000000000, 0.000000000000000000 ) ) ;
#1024 = SURFACE_STYLE_FILL_AREA ( #8284 ) ;
#1025 = ORIENTED_EDGE ( 'NONE', *, *, #2716, .T. ) ;
#1026 = SURFACE_STYLE_FILL_AREA ( #3637 ) ;
#1027 = VECTOR ( 'NONE', #1691, 1000.000000000000114 ) ;
#1028 = VECTOR ( 'NONE', #4202, 1000.000000000000000 ) ;
#1029 =( LENGTH_UNIT ( ) NAMED_UNIT ( * ) SI_UNIT ( .MILLI., .METRE. ) );
#1030 = ORIENTED_EDGE ( 'NONE', *, *, #8501, .T. ) ;
#1031 = ORIENTED_EDGE ( 'NONE', *, *, #1188, .F. ) ;
#1032 = ORIENTED_EDGE ( 'NONE', *, *, #5773, .F. ) ;
#1033 = DIRECTION ( 'NONE',  ( -0.8937052993893641606, -0.4486544748950654360, 0.000000000000000000 ) ) ;
#1034 = CARTESIAN_POINT ( 'NONE',  ( 0.000000000000000000, 3.100000000000000533, 0.8449999999999989742 ) ) ;
#1035 = MECHANICAL_DESIGN_GEOMETRIC_PRESENTATION_REPRESENTATION (  '', ( #523 ), #5140 ) ;
#1036 = EDGE_LOOP ( 'NONE', ( #6706, #908, #3594, #8785 ) ) ;
#1037 = CARTESIAN_POINT ( 'NONE',  ( -0.1431541107656014999, -0.9879212647139713477, 2.774999999999999911 ) ) ;
#1038 = CARTESIAN_POINT ( 'NONE',  ( -0.09222818483967543113, -0.9879212647139713477, 2.774999999999999911 ) ) ;
#1039 = DIRECTION ( 'NONE',  ( -1.000000000000000000, 0.000000000000000000, -0.000000000000000000 ) ) ;
#1040 = ORIENTED_EDGE ( 'NONE', *, *, #531, .F. ) ;
#1041 = AXIS2_PLACEMENT_3D ( 'NONE', #7914, #3747, #150 ) ;
#1042 = CARTESIAN_POINT ( 'NONE',  ( -0.4930200591917125452, -2.601766864349279285, 2.875000000000000000 ) ) ;
#1043 = VECTOR ( 'NONE', #9776, 1000.000000000000227 ) ;
#1044 = VERTEX_POINT ( 'NONE', #1796 ) ;
#1045 = PLANE ( 'NONE',  #97 ) ;
#1046 =( NAMED_UNIT ( * ) SI_UNIT ( $, .STERADIAN. ) SOLID_ANGLE_UNIT ( ) );
#1047 = CARTESIAN_POINT ( 'NONE',  ( 1.834855148493658161, -1.127774659775699684, 2.875000000000000000 ) ) ;
#1048 = EDGE_CURVE ( 'NONE', #8943, #2490, #999, .T. ) ;
#1049 = CARTESIAN_POINT ( 'NONE',  ( -1.841263678666835935, -1.106362622738662704, 2.774999999999999911 ) ) ;
#1050 =( LENGTH_UNIT ( ) NAMED_UNIT ( * ) SI_UNIT ( .MILLI., .METRE. ) );
#1051 = COLOUR_RGB ( '',0.7529411764705882248, 0.7529411764705882248, 0.7529411764705882248 ) ;
#1052 = VECTOR ( 'NONE', #6389, 1000.000000000000114 ) ;
#1053 = EDGE_CURVE ( 'NONE', #6583, #5864, #184, .T. ) ;
#1054 =( NAMED_UNIT ( * ) PLANE_ANGLE_UNIT ( ) SI_UNIT ( $, .RADIAN. ) );
#1055 = ORIENTED_EDGE ( 'NONE', *, *, #871, .F. ) ;
#1056 = CARTESIAN_POINT ( 'NONE',  ( 1.449999999999999512, 3.299999999999999822, 0.3249999999999999001 ) ) ;
#1057 = DIRECTION ( 'NONE',  ( 0.000000000000000000, 0.000000000000000000, -1.000000000000000000 ) ) ;
#1058 = ORIENTED_EDGE ( 'NONE', *, *, #3559, .F. ) ;
#1059 = AXIS2_PLACEMENT_3D ( 'NONE', #5896, #1005, #5226 ) ;
#1060 = DIRECTION ( 'NONE',  ( -1.000000000000000000, 0.000000000000000000, 0.000000000000000000 ) ) ;
#1061 =( NAMED_UNIT ( * ) SI_UNIT ( $, .STERADIAN. ) SOLID_ANGLE_UNIT ( ) );
#1062 = DIRECTION ( 'NONE',  ( -0.9796945948295863182, -0.2004956380116348913, 0.000000000000000000 ) ) ;
#1063 = PRESENTATION_STYLE_ASSIGNMENT (( #1752 ) ) ;
#1064 = UNCERTAINTY_MEASURE_WITH_UNIT (LENGTH_MEASURE( 1.000000000000000082E-05 ), #5236, 'distance_accuracy_value', 'NONE');
#1065 = DIRECTION ( 'NONE',  ( -0.4574957109978134984, 0.7624928516630237185, 0.4574957109978138869 ) ) ;
#1066 = DIRECTION ( 'NONE',  ( -0.9602954812008606122, -0.2789849257311359798, 0.000000000000000000 ) ) ;
#1067 = CARTESIAN_POINT ( 'NONE',  ( 1.364176136147979168, -0.1451357708868107887, 2.875000000000000000 ) ) ;
#1068 = DIRECTION ( 'NONE',  ( 0.7104032623526242984, -0.7037948599121398585, 0.000000000000000000 ) ) ;
#1069 = EDGE_CURVE ( 'NONE', #3915, #3733, #2708, .T. ) ;
#1070 = SURFACE_STYLE_FILL_AREA ( #6979 ) ;
#1071 =( GEOMETRIC_REPRESENTATION_CONTEXT ( 3 ) GLOBAL_UNCERTAINTY_ASSIGNED_CONTEXT ( ( #428 ) ) GLOBAL_UNIT_ASSIGNED_CONTEXT ( ( #62, #4345, #6824 ) ) REPRESENTATION_CONTEXT ( 'NONE', 'WORKASPACE' ) );
#1072 = PRESENTATION_STYLE_ASSIGNMENT (( #3533 ) ) ;
#1073 = CARTESIAN_POINT ( 'NONE',  ( 2.162980148493658383, -0.1491866968127367743, 2.774999999999999911 ) ) ;
#1074 = LINE ( 'NONE', #5046, #4692 ) ;
#1075 = VERTEX_POINT ( 'NONE', #5172 ) ;
#1076 = FILL_AREA_STYLE ('',( #29 ) ) ;
#1077 = FACE_OUTER_BOUND ( 'NONE', #4309, .T. ) ;
#1078 = UNCERTAINTY_MEASURE_WITH_UNIT (LENGTH_MEASURE( 1.000000000000000082E-05 ), #3262, 'distance_accuracy_value', 'NONE');
#1079 = FILL_AREA_STYLE_COLOUR ( '', #2775 ) ;
#1080 =( NAMED_UNIT ( * ) SI_UNIT ( $, .STERADIAN. ) SOLID_ANGLE_UNIT ( ) );
#1081 =( GEOMETRIC_REPRESENTATION_CONTEXT ( 3 ) GLOBAL_UNCERTAINTY_ASSIGNED_CONTEXT ( ( #8065 ) ) GLOBAL_UNIT_ASSIGNED_CONTEXT ( ( #10032, #145, #8382 ) ) REPRESENTATION_CONTEXT ( 'NONE', 'WORKASPACE' ) );
#1082 = VERTEX_POINT ( 'NONE', #8468 ) ;
#1083 = ORIENTED_EDGE ( 'NONE', *, *, #7889, .F. ) ;
#1084 = ORIENTED_EDGE ( 'NONE', *, *, #2677, .F. ) ;
#1085 = LINE ( 'NONE', #1934, #6391 ) ;
#1086 = CARTESIAN_POINT ( 'NONE',  ( -1.233238987308811208, -0.1277746597756997671, 2.875000000000000000 ) ) ;
#1087 = PLANE ( 'NONE',  #8066 ) ;
#1088 = ORIENTED_EDGE ( 'NONE', *, *, #7765, .F. ) ;
#1089 = UNCERTAINTY_MEASURE_WITH_UNIT (LENGTH_MEASURE( 1.000000000000000082E-05 ), #3704, 'distance_accuracy_value', 'NONE');
#1090 = CARTESIAN_POINT ( 'NONE',  ( -1.233238987308811208, -0.1277746597756997671, 2.875000000000000000 ) ) ;
#1091 = CARTESIAN_POINT ( 'NONE',  ( 0.4930200591917125452, -3.500000000000000000, -2.875000000000000000 ) ) ;
#1092 = CARTESIAN_POINT ( 'NONE',  ( -1.570000000000001172, 3.100000000000000089, 0.2049999999999999878 ) ) ;
#1093 = ORIENTED_EDGE ( 'NONE', *, *, #81, .T. ) ;
#1094 = VECTOR ( 'NONE', #282, 1000.000000000000000 ) ;
#1095 = VECTOR ( 'NONE', #4399, 1000.000000000000000 ) ;
#1096 = EDGE_CURVE ( 'NONE', #2407, #5316, #1102, .T. ) ;
#1097 =( NAMED_UNIT ( * ) SI_UNIT ( $, .STERADIAN. ) SOLID_ANGLE_UNIT ( ) );
#1098 = VERTEX_POINT ( 'NONE', #4160 ) ;
#1099 = DIRECTION ( 'NONE',  ( 1.000000000000000000, -0.000000000000000000, 0.000000000000000000 ) ) ;
#1100 = DIRECTION ( 'NONE',  ( -0.000000000000000000, -0.000000000000000000, 1.000000000000000000 ) ) ;
#1101 =( NAMED_UNIT ( * ) PLANE_ANGLE_UNIT ( ) SI_UNIT ( $, .RADIAN. ) );
#1102 = LINE ( 'NONE', #4373, #6816 ) ;
#1103 = FILL_AREA_STYLE ('',( #9272 ) ) ;
#1104 = COLOUR_RGB ( '',0.7529411764705882248, 0.7529411764705882248, 0.7529411764705882248 ) ;
#1105 = PLANE ( 'NONE',  #3927 ) ;
#1106 = ORIENTED_EDGE ( 'NONE', *, *, #1916, .F. ) ;
#1107 = CARTESIAN_POINT ( 'NONE',  ( 1.942879839851682888, -1.088037005454712158, 2.875000000000000000 ) ) ;
#1108 = FILL_AREA_STYLE ('',( #3618 ) ) ;
#1109 = VERTEX_POINT ( 'NONE', #10126 ) ;
#1110 = AXIS2_PLACEMENT_3D ( 'NONE', #7470, #9109, #6503 ) ;
#1111 = LINE ( 'NONE', #4383, #5029 ) ;
#1112 =( NAMED_UNIT ( * ) PLANE_ANGLE_UNIT ( ) SI_UNIT ( $, .RADIAN. ) );
#1113 = CARTESIAN_POINT ( 'NONE',  ( 1.223551136147978946, -1.111185153602860298, 2.774999999999999911 ) ) ;
#1114 =( LENGTH_UNIT ( ) NAMED_UNIT ( * ) SI_UNIT ( .MILLI., .METRE. ) );
#1115 = PRESENTATION_LAYER_ASSIGNMENT (  '', '', ( #4539 ) ) ;
#1116 = COLOUR_RGB ( '',0.7529411764705882248, 0.7529411764705882248, 0.7529411764705882248 ) ;
#1117 = ADVANCED_FACE ( 'NONE', ( #7463 ), #3344, .T. ) ;
#1118 = DIRECTION ( 'NONE',  ( -0.000000000000000000, 0.000000000000000000, -1.000000000000000000 ) ) ;
#1119 = DIRECTION ( 'NONE',  ( 0.000000000000000000, -1.000000000000000000, 0.000000000000000000 ) ) ;
#1120 = DIRECTION ( 'NONE',  ( -1.885568995626964287E-16, 1.000000000000000000, 0.000000000000000000 ) ) ;
#1121 =( NAMED_UNIT ( * ) PLANE_ANGLE_UNIT ( ) SI_UNIT ( $, .RADIAN. ) );
#1122 = DIRECTION ( 'NONE',  ( -0.2944963278051682121, -0.9556526109990339801, 0.000000000000000000 ) ) ;
#1123 = SURFACE_SIDE_STYLE ('',( #7746 ) ) ;
#1124 = LINE ( 'NONE', #6984, #6330 ) ;
#1125 = SURFACE_SIDE_STYLE ('',( #1024 ) ) ;
#1126 = EDGE_CURVE ( 'NONE', #3804, #4860, #6209, .T. ) ;
#1127 = VECTOR ( 'NONE', #5037, 1000.000000000000000 ) ;
#1128 = ORIENTED_EDGE ( 'NONE', *, *, #6981, .F. ) ;
#1129 = DIRECTION ( 'NONE',  ( 0.4574957109978134984, 0.7624928516630237185, -0.4574957109978138869 ) ) ;
#1130 = ADVANCED_FACE ( 'NONE', ( #5336 ), #1257, .T. ) ;
#1131 = COLOUR_RGB ( '',0.7529411764705882248, 0.7529411764705882248, 0.7529411764705882248 ) ;
#1132 = LINE ( 'NONE', #267, #275 ) ;
#1133 = SURFACE_STYLE_FILL_AREA ( #7639 ) ;
#1134 = SURFACE_STYLE_USAGE ( .BOTH. , #4454 ) ;
#1135 = VECTOR ( 'NONE', #3380, 1000.000000000000114 ) ;
#1136 = EDGE_CURVE ( 'NONE', #7151, #8870, #8722, .T. ) ;
#1137 = LINE ( 'NONE', #271, #9033 ) ;
#1138 = ORIENTED_EDGE ( 'NONE', *, *, #4142, .F. ) ;
#1139 = VERTEX_POINT ( 'NONE', #457 ) ;
#1140 = ORIENTED_EDGE ( 'NONE', *, *, #8349, .F. ) ;
#1141 = SURFACE_STYLE_FILL_AREA ( #10005 ) ;
#1142 = ADVANCED_FACE ( 'NONE', ( #3714 ), #399, .T. ) ;
#1143 = DIRECTION ( 'NONE',  ( 1.694065894508601418E-16, 0.000000000000000000, 1.000000000000000000 ) ) ;
#1144 = VECTOR ( 'NONE', #1021, 1000.000000000000000 ) ;
#1145 = CARTESIAN_POINT ( 'NONE',  ( -1.513138678666836157, -1.106362622738662704, 2.875000000000000000 ) ) ;
#1146 = ORIENTED_EDGE ( 'NONE', *, *, #3087, .F. ) ;
#1147 = DIRECTION ( 'NONE',  ( -0.000000000000000000, 0.000000000000000000, 1.000000000000000000 ) ) ;
#1148 = FACE_OUTER_BOUND ( 'NONE', #453, .T. ) ;
#1149 = SURFACE_STYLE_FILL_AREA ( #8508 ) ;
#1150 = EDGE_CURVE ( 'NONE', #2256, #2029, #7346, .T. ) ;
#1151 = ORIENTED_EDGE ( 'NONE', *, *, #8214, .T. ) ;
#1152 = DIRECTION ( 'NONE',  ( -0.000000000000000000, -0.000000000000000000, 1.000000000000000000 ) ) ;
#1153 = ORIENTED_EDGE ( 'NONE', *, *, #2943, .T. ) ;
#1154 =( NAMED_UNIT ( * ) SI_UNIT ( $, .STERADIAN. ) SOLID_ANGLE_UNIT ( ) );
#1155 = COLOUR_RGB ( '',0.7529411764705882248, 0.7529411764705882248, 0.7529411764705882248 ) ;
#1156 = SURFACE_SIDE_STYLE ('',( #2705 ) ) ;
#1157 = COLOUR_RGB ( '',0.7529411764705882248, 0.7529411764705882248, 0.7529411764705882248 ) ;
#1158 = FILL_AREA_STYLE ('',( #5220 ) ) ;
#1159 = SURFACE_STYLE_USAGE ( .BOTH. , #6908 ) ;
#1160 = CARTESIAN_POINT ( 'NONE',  ( 0.6498628645430406525, -0.1491866968127367743, 2.774999999999999911 ) ) ;
#1161 = AXIS2_PLACEMENT_3D ( 'NONE', #6026, #8655, #1147 ) ;
#1162 =( LENGTH_UNIT ( ) NAMED_UNIT ( * ) SI_UNIT ( .MILLI., .METRE. ) );
#1163 = EDGE_LOOP ( 'NONE', ( #2539, #6214, #9733, #1128, #7885 ) ) ;
#1164 = FILL_AREA_STYLE ('',( #7565 ) ) ;
#1165 = CARTESIAN_POINT ( 'NONE',  ( 0.000000000000000000, -2.250000000000000000, 0.2049999999999998768 ) ) ;
#1166 = ORIENTED_EDGE ( 'NONE', *, *, #147, .T. ) ;
#1167 = CARTESIAN_POINT ( 'NONE',  ( 1.824438481826991865, -0.4138471906398972777, 2.774999999999999911 ) ) ;
#1168 = STYLED_ITEM ( 'NONE', ( #5629 ), #836 ) ;
#1169 = FILL_AREA_STYLE_COLOUR ( '', #8048 ) ;
#1170 = CARTESIAN_POINT ( 'NONE',  ( 2.849999999999999645, -4.800000000000000711, -1.475000000000000089 ) ) ;
#1171 = DIRECTION ( 'NONE',  ( -0.000000000000000000, -0.000000000000000000, 1.000000000000000000 ) ) ;
#1172 = CARTESIAN_POINT ( 'NONE',  ( 1.357038790468966916, -1.066046264713971459, 2.774999999999999911 ) ) ;
#1173 = SURFACE_STYLE_USAGE ( .BOTH. , #5405 ) ;
#1174 = CARTESIAN_POINT ( 'NONE',  ( 0.03913755590106548360, -1.106362622738662704, 2.875000000000000000 ) ) ;
#1175 = CARTESIAN_POINT ( 'NONE',  ( 1.370734778123287700, -1.079549351133724411, 2.875000000000000000 ) ) ;
#1176 = SURFACE_STYLE_FILL_AREA ( #8535 ) ;
#1177 = LINE ( 'NONE', #9335, #5197 ) ;
#1178 = CARTESIAN_POINT ( 'NONE',  ( 0.7945387904689668046, -0.8413163264423664245, 2.875000000000000000 ) ) ;
#1179 = VECTOR ( 'NONE', #631, 1000.000000000000000 ) ;
#1180 = ADVANCED_FACE ( 'NONE', ( #6536 ), #6483, .F. ) ;
#1181 = ORIENTED_EDGE ( 'NONE', *, *, #6549, .T. ) ;
#1182 = STYLED_ITEM ( 'NONE', ( #7895 ), #82 ) ;
#1183 = FILL_AREA_STYLE_COLOUR ( '', #2239 ) ;
#1184 = EDGE_CURVE ( 'NONE', #102, #1251, #3881, .T. ) ;
#1185 = UNCERTAINTY_MEASURE_WITH_UNIT (LENGTH_MEASURE( 1.000000000000000082E-05 ), #6111, 'distance_accuracy_value', 'NONE');
#1186 = CARTESIAN_POINT ( 'NONE',  ( -1.278763678666835935, -0.1491866968127367743, 2.875000000000000000 ) ) ;
#1187 = EDGE_CURVE ( 'NONE', #3756, #5928, #3085, .T. ) ;
#1188 = EDGE_CURVE ( 'NONE', #497, #2540, #10613, .T. ) ;
#1189 =( NAMED_UNIT ( * ) PLANE_ANGLE_UNIT ( ) SI_UNIT ( $, .RADIAN. ) );
#1190 = ORIENTED_EDGE ( 'NONE', *, *, #142, .F. ) ;
#1191 = ORIENTED_EDGE ( 'NONE', *, *, #3274, .F. ) ;
#1192 = ORIENTED_EDGE ( 'NONE', *, *, #7364, .T. ) ;
#1193 = PRESENTATION_LAYER_ASSIGNMENT (  '', '', ( #8230 ) ) ;
#1194 = DIRECTION ( 'NONE',  ( 0.4049691506251120732, -0.9143303489669230011, 0.000000000000000000 ) ) ;
#1195 = DIRECTION ( 'NONE',  ( 0.000000000000000000, 0.000000000000000000, 1.000000000000000000 ) ) ;
#1196 = CARTESIAN_POINT ( 'NONE',  ( -1.510438061382885389, -0.1675123140966873203, 2.774999999999999911 ) ) ;
#1197 = ORIENTED_EDGE ( 'NONE', *, *, #2098, .T. ) ;
#1198 = EDGE_CURVE ( 'NONE', #4318, #3306, #4044, .T. ) ;
#1199 = CARTESIAN_POINT ( 'NONE',  ( 0.9345850867652628624, -0.4225277461954527469, 2.774999999999999911 ) ) ;
#1200 = CARTESIAN_POINT ( 'NONE',  ( 2.949999999999998401, 3.500000000000000000, 1.898270704789492003 ) ) ;
#1201 = ORIENTED_EDGE ( 'NONE', *, *, #1901, .F. ) ;
#1202 = FACE_BOUND ( 'NONE', #7732, .T. ) ;
#1203 = VERTEX_POINT ( 'NONE', #3236 ) ;
#1204 = AXIS2_PLACEMENT_3D ( 'NONE', #8137, #3075, #5499 ) ;
#1205 = CARTESIAN_POINT ( 'NONE',  ( 1.582154531209707837, -0.3239552153312553195, 2.774999999999999911 ) ) ;
#1206 = EDGE_CURVE ( 'NONE', #6316, #8676, #1571, .T. ) ;
#1207 = SURFACE_STYLE_USAGE ( .BOTH. , #2864 ) ;
#1208 =( LENGTH_UNIT ( ) NAMED_UNIT ( * ) SI_UNIT ( .MILLI., .METRE. ) );
#1209 = DIRECTION ( 'NONE',  ( -1.000000000000000000, 0.000000000000000000, 0.000000000000000000 ) ) ;
#1210 = FILL_AREA_STYLE ('',( #8332 ) ) ;
#1211 = STYLED_ITEM ( 'NONE', ( #6015 ), #3743 ) ;
#1212 = CARTESIAN_POINT ( 'NONE',  ( 1.419538790468966916, -1.029780832615206032, 2.875000000000000000 ) ) ;
#1213 = ORIENTED_EDGE ( 'NONE', *, *, #8147, .F. ) ;
#1214 = FACE_OUTER_BOUND ( 'NONE', #9306, .T. ) ;
#1215 = AXIS2_PLACEMENT_3D ( 'NONE', #3358, #10139, #4385 ) ;
#1216 = SURFACE_STYLE_USAGE ( .BOTH. , #8523 ) ;
#1217 = ORIENTED_EDGE ( 'NONE', *, *, #10011, .F. ) ;
#1219 = VERTEX_POINT ( 'NONE', #8148 ) ;
#1218 = CARTESIAN_POINT ( 'NONE',  ( -3.349999999999999201, 3.499999999999999112, 1.156639881571555284 ) ) ;
#1220 = CARTESIAN_POINT ( 'NONE',  ( 2.240333543555386164, -0.1491866968127367743, 2.774999999999999911 ) ) ;
#1221 = FILL_AREA_STYLE_COLOUR ( '', #3600 ) ;
#1222 = PLANE ( 'NONE',  #5349 ) ;
#1223 = CARTESIAN_POINT ( 'NONE',  ( 1.401213173185015926, -0.8438240424917492488, 2.875000000000000000 ) ) ;
#1224 = FILL_AREA_STYLE_COLOUR ( '', #5018 ) ;
#1225 =( GEOMETRIC_REPRESENTATION_CONTEXT ( 3 ) GLOBAL_UNCERTAINTY_ASSIGNED_CONTEXT ( ( #4598 ) ) GLOBAL_UNIT_ASSIGNED_CONTEXT ( ( #9162, #5941, #9216 ) ) REPRESENTATION_CONTEXT ( 'NONE', 'WORKASPACE' ) );
#1226 = VERTEX_POINT ( 'NONE', #8997 ) ;
#1227 = EDGE_CURVE ( 'NONE', #5317, #7032, #785, .T. ) ;
#1228 = SURFACE_STYLE_FILL_AREA ( #6875 ) ;
#1229 = DIRECTION ( 'NONE',  ( 0.000000000000000000, -0.000000000000000000, -1.000000000000000000 ) ) ;
#1230 = VECTOR ( 'NONE', #9775, 1000.000000000000000 ) ;
#1231 = COLOUR_RGB ( '',0.7529411764705882248, 0.7529411764705882248, 0.7529411764705882248 ) ;
#1232 = ORIENTED_EDGE ( 'NONE', *, *, #3049, .T. ) ;
#1233 = DIRECTION ( 'NONE',  ( 0.8956050898214434897, -0.4448500006585637268, 0.000000000000000000 ) ) ;
#1234 = EDGE_CURVE ( 'NONE', #8648, #6942, #1633, .T. ) ;
#1235 = FACE_OUTER_BOUND ( 'NONE', #7636, .T. ) ;
#1236 = MECHANICAL_DESIGN_GEOMETRIC_PRESENTATION_REPRESENTATION (  '', ( #7592 ), #3135 ) ;
#1237 = AXIS2_PLACEMENT_3D ( 'NONE', #9130, #1765, #2732 ) ;
#1238 = SURFACE_SIDE_STYLE ('',( #1980 ) ) ;
#1239 = ORIENTED_EDGE ( 'NONE', *, *, #3544, .T. ) ;
#1240 = VERTEX_POINT ( 'NONE', #10499 ) ;
#1241 = ORIENTED_EDGE ( 'NONE', *, *, #2368, .F. ) ;
#1242 = ADVANCED_FACE ( 'NONE', ( #3138 ), #3035, .T. ) ;
#1243 = DIRECTION ( 'NONE',  ( 0.7037948599121398585, 0.7104032623526242984, 0.000000000000000000 ) ) ;
#1244 = LINE ( 'NONE', #9352, #3076 ) ;
#1245 = ORIENTED_EDGE ( 'NONE', *, *, #5042, .F. ) ;
#1246 = CARTESIAN_POINT ( 'NONE',  ( 0.9299999999999992717, -3.101766864349280173, 0.2049999999999998768 ) ) ;
#1247 =( GEOMETRIC_REPRESENTATION_CONTEXT ( 3 ) GLOBAL_UNCERTAINTY_ASSIGNED_CONTEXT ( ( #9024 ) ) GLOBAL_UNIT_ASSIGNED_CONTEXT ( ( #10587, #3204, #5581 ) ) REPRESENTATION_CONTEXT ( 'NONE', 'WORKASPACE' ) );
#1248 =( NAMED_UNIT ( * ) SI_UNIT ( $, .STERADIAN. ) SOLID_ANGLE_UNIT ( ) );
#1249 = EDGE_CURVE ( 'NONE', #6359, #2817, #8457, .T. ) ;
#1250 = CARTESIAN_POINT ( 'NONE',  ( -1.570000000000001172, -7.605096679918781355, 0.8450000000000000844 ) ) ;
#1251 = VERTEX_POINT ( 'NONE', #4260 ) ;
#1252 = CARTESIAN_POINT ( 'NONE',  ( 1.449999999999999512, -6.899999999999999467, 0.3249999999999999001 ) ) ;
#1253 = ORIENTED_EDGE ( 'NONE', *, *, #7974, .T. ) ;
#1254 = AXIS2_PLACEMENT_3D ( 'NONE', #1953, #5990, #1853 ) ;
#1255 = COLOUR_RGB ( '',0.7529411764705882248, 0.7529411764705882248, 0.7529411764705882248 ) ;
#1256 = SURFACE_STYLE_FILL_AREA ( #9468 ) ;
#1257 = PLANE ( 'NONE',  #2685 ) ;
#1258 = EDGE_CURVE ( 'NONE', #3547, #9844, #4313, .T. ) ;
#1259 = DIRECTION ( 'NONE',  ( -1.000000000000000000, 0.000000000000000000, 0.000000000000000000 ) ) ;
#1260 = DIRECTION ( 'NONE',  ( -0.4574957109978140535, -0.7624928516630229414, 0.4574957109978144421 ) ) ;
#1261 =( LENGTH_UNIT ( ) NAMED_UNIT ( * ) SI_UNIT ( .MILLI., .METRE. ) );
#1262 = PRESENTATION_LAYER_ASSIGNMENT (  '', '', ( #9838 ) ) ;
#1263 = DIRECTION ( 'NONE',  ( 0.2813644828835243361, -0.9596009732027614980, 0.000000000000000000 ) ) ;
#1264 = VERTEX_POINT ( 'NONE', #7452 ) ;
#1265 = ADVANCED_FACE ( 'NONE', ( #7601 ), #9150, .F. ) ;
#1266 = DIRECTION ( 'NONE',  ( -0.000000000000000000, -0.000000000000000000, 1.000000000000000000 ) ) ;
#1267 = ORIENTED_EDGE ( 'NONE', *, *, #4416, .F. ) ;
#1268 =( GEOMETRIC_REPRESENTATION_CONTEXT ( 3 ) GLOBAL_UNCERTAINTY_ASSIGNED_CONTEXT ( ( #2033 ) ) GLOBAL_UNIT_ASSIGNED_CONTEXT ( ( #5609, #9741, #2021 ) ) REPRESENTATION_CONTEXT ( 'NONE', 'WORKASPACE' ) );
#1269 = MECHANICAL_DESIGN_GEOMETRIC_PRESENTATION_REPRESENTATION (  '', ( #2631 ), #8819 ) ;
#1270 = EDGE_CURVE ( 'NONE', #3149, #1284, #6790, .T. ) ;
#1272 = ORIENTED_EDGE ( 'NONE', *, *, #10584, .F. ) ;
#1271 =( LENGTH_UNIT ( ) NAMED_UNIT ( * ) SI_UNIT ( .MILLI., .METRE. ) );
#1273 = CARTESIAN_POINT ( 'NONE',  ( 1.569999999999999396, -6.700000000000000178, 0.8449999999999999734 ) ) ;
#1274 = CARTESIAN_POINT ( 'NONE',  ( -1.625021394716218870, -1.056979906689279991, 2.774999999999999911 ) ) ;
#1275 = ORIENTED_EDGE ( 'NONE', *, *, #10113, .T. ) ;
#1276 = EDGE_CURVE ( 'NONE', #9245, #4090, #7500, .T. ) ;
#1277 = VECTOR ( 'NONE', #8437, 1000.000000000000000 ) ;
#1278 = LINE ( 'NONE', #5413, #2307 ) ;
#1279 = ORIENTED_EDGE ( 'NONE', *, *, #1467, .F. ) ;
#1280 =( NAMED_UNIT ( * ) PLANE_ANGLE_UNIT ( ) SI_UNIT ( $, .RADIAN. ) );
#1281 = DIRECTION ( 'NONE',  ( 1.000000000000000000, 0.000000000000000000, 0.000000000000000000 ) ) ;
#1282 = CARTESIAN_POINT ( 'NONE',  ( 0.3875171855306949742, -0.1979907091584157952, 2.774999999999999911 ) ) ;
#1283 = UNCERTAINTY_MEASURE_WITH_UNIT (LENGTH_MEASURE( 1.000000000000000082E-05 ), #9991, 'distance_accuracy_value', 'NONE');
#1284 = VERTEX_POINT ( 'NONE', #7397 ) ;
#1285 =( NAMED_UNIT ( * ) SI_UNIT ( $, .STERADIAN. ) SOLID_ANGLE_UNIT ( ) );
#1286 = SURFACE_SIDE_STYLE ('',( #10309 ) ) ;
#1287 = PLANE ( 'NONE',  #1041 ) ;
#1288 = ADVANCED_FACE ( 'NONE', ( #5977 ), #9956, .T. ) ;
#1289 = VERTEX_POINT ( 'NONE', #7762 ) ;
#1290 = VERTEX_POINT ( 'NONE', #2958 ) ;
#1291 = VERTEX_POINT ( 'NONE', #8608 ) ;
#1292 = DIRECTION ( 'NONE',  ( -1.000000000000000000, 0.000000000000000000, 0.000000000000000000 ) ) ;
#1293 = LINE ( 'NONE', #4511, #6198 ) ;
#1294 = ORIENTED_EDGE ( 'NONE', *, *, #7647, .T. ) ;
#1295 = LINE ( 'NONE', #6895, #3377 ) ;
#1296 = UNCERTAINTY_MEASURE_WITH_UNIT (LENGTH_MEASURE( 1.000000000000000082E-05 ), #5535, 'distance_accuracy_value', 'NONE');
#1297 = VECTOR ( 'NONE', #3436, 1000.000000000000000 ) ;
#1298 = EDGE_CURVE ( 'NONE', #214, #10555, #1295, .T. ) ;
#1299 = FILL_AREA_STYLE ('',( #447 ) ) ;
#1300 = ORIENTED_EDGE ( 'NONE', *, *, #3823, .T. ) ;
#1301 = VECTOR ( 'NONE', #7638, 1000.000000000000000 ) ;
#1302 =( GEOMETRIC_REPRESENTATION_CONTEXT ( 3 ) GLOBAL_UNCERTAINTY_ASSIGNED_CONTEXT ( ( #9151 ) ) GLOBAL_UNIT_ASSIGNED_CONTEXT ( ( #5146, #265, #3539 ) ) REPRESENTATION_CONTEXT ( 'NONE', 'WORKASPACE' ) );
#1303 = ORIENTED_EDGE ( 'NONE', *, *, #8138, .F. ) ;
#1304 = STYLED_ITEM ( 'NONE', ( #6544 ), #9519 ) ;
#1305 = DIRECTION ( 'NONE',  ( 0.000000000000000000, -0.000000000000000000, 1.000000000000000000 ) ) ;
#1306 = DIRECTION ( 'NONE',  ( 0.8878977555360005880, -0.4600408413544743724, 0.000000000000000000 ) ) ;
#1307 = PRESENTATION_LAYER_ASSIGNMENT (  '', '', ( #9207 ) ) ;
#1308 = PRESENTATION_LAYER_ASSIGNMENT (  '', '', ( #6296 ) ) ;
#1309 = ADVANCED_FACE ( 'NONE', ( #4362 ), #4563, .T. ) ;
#1310 = CARTESIAN_POINT ( 'NONE',  ( 1.886902865494877402, 2.866194269010244877, -2.875999999999999890 ) ) ;
#1311 = CARTESIAN_POINT ( 'NONE',  ( -1.901063061382885389, -0.1675123140966873203, 2.774999999999999911 ) ) ;
#1312 = FACE_OUTER_BOUND ( 'NONE', #2491, .T. ) ;
#1313 = VERTEX_POINT ( 'NONE', #2044 ) ;
#1314 = EDGE_CURVE ( 'NONE', #8870, #10047, #2748, .T. ) ;
#1315 = DIRECTION ( 'NONE',  ( -0.000000000000000000, -0.000000000000000000, 1.000000000000000000 ) ) ;
#1316 = ORIENTED_EDGE ( 'NONE', *, *, #5703, .T. ) ;
#1317 = ORIENTED_EDGE ( 'NONE', *, *, #7974, .F. ) ;
#1318 = EDGE_CURVE ( 'NONE', #3733, #10618, #5267, .T. ) ;
#1320 = VERTEX_POINT ( 'NONE', #6951 ) ;
#1319 = CARTESIAN_POINT ( 'NONE',  ( 0.3340835435553862198, -0.7481450301460700336, 2.875000000000000000 ) ) ;
#1321 = CARTESIAN_POINT ( 'NONE',  ( -1.608817691012514928, -1.088037005454712158, 2.875000000000000000 ) ) ;
#1322 = PLANE ( 'NONE',  #4464 ) ;
#1323 = SURFACE_SIDE_STYLE ('',( #2074 ) ) ;
#1324 = ORIENTED_EDGE ( 'NONE', *, *, #4650, .F. ) ;
#1325 = EDGE_CURVE ( 'NONE', #2068, #4800, #10270, .T. ) ;
#1326 = VERTEX_POINT ( 'NONE', #498 ) ;
#1327 = DIRECTION ( 'NONE',  ( 0.000000000000000000, 1.000000000000000000, 0.000000000000000000 ) ) ;
#1328 = LINE ( 'NONE', #8486, #1918 ) ;
#1329 = DIRECTION ( 'NONE',  ( 0.8574929257125445403, -0.5144957554275260136, 0.000000000000000000 ) ) ;
#1330 = ORIENTED_EDGE ( 'NONE', *, *, #1957, .T. ) ;
#1331 = PRESENTATION_STYLE_ASSIGNMENT (( #1439 ) ) ;
#1332 = EDGE_CURVE ( 'NONE', #2314, #9631, #2854, .T. ) ;
#1333 = DIRECTION ( 'NONE',  ( -0.9481736678849083111, -0.3177525696665243204, 0.000000000000000000 ) ) ;
#1334 = MECHANICAL_DESIGN_GEOMETRIC_PRESENTATION_REPRESENTATION (  '', ( #1503 ), #2873 ) ;
#1335 = SURFACE_STYLE_USAGE ( .BOTH. , #9503 ) ;
#1336 = CARTESIAN_POINT ( 'NONE',  ( -2.072938061382885611, -1.106362622738662704, 2.774999999999999911 ) ) ;
#1337 = ORIENTED_EDGE ( 'NONE', *, *, #1774, .T. ) ;
#1338 = ORIENTED_EDGE ( 'NONE', *, *, #8357, .T. ) ;
#1339 = VERTEX_POINT ( 'NONE', #5325 ) ;
#1340 = VECTOR ( 'NONE', #10187, 1000.000000000000000 ) ;
#1341 = CARTESIAN_POINT ( 'NONE',  ( -2.169388678666835713, -1.088037005454712158, 2.774999999999999911 ) ) ;
#1342 =( GEOMETRIC_REPRESENTATION_CONTEXT ( 3 ) GLOBAL_UNCERTAINTY_ASSIGNED_CONTEXT ( ( #5902 ) ) GLOBAL_UNIT_ASSIGNED_CONTEXT ( ( #9921, #5685, #7252 ) ) REPRESENTATION_CONTEXT ( 'NONE', 'WORKASPACE' ) );
#1343 = DIRECTION ( 'NONE',  ( 0.000000000000000000, -0.000000000000000000, 1.000000000000000000 ) ) ;
#1344 = FILL_AREA_STYLE ('',( #8710 ) ) ;
#1345 = ORIENTED_EDGE ( 'NONE', *, *, #5312, .F. ) ;
#1346 = FILL_AREA_STYLE ('',( #6309 ) ) ;
#1347 = PRESENTATION_STYLE_ASSIGNMENT (( #10384 ) ) ;
#1348 = STYLED_ITEM ( 'NONE', ( #5074 ), #6299 ) ;
#1349 = ORIENTED_EDGE ( 'NONE', *, *, #7105, .F. ) ;
#1350 =( GEOMETRIC_REPRESENTATION_CONTEXT ( 3 ) GLOBAL_UNCERTAINTY_ASSIGNED_CONTEXT ( ( #4415 ) ) GLOBAL_UNIT_ASSIGNED_CONTEXT ( ( #1359, #3240, #9698 ) ) REPRESENTATION_CONTEXT ( 'NONE', 'WORKASPACE' ) );
#1351 = VERTEX_POINT ( 'NONE', #1246 ) ;
#1352 = LINE ( 'NONE', #3817, #364 ) ;
#1353 = PLANE ( 'NONE',  #5190 ) ;
#1354 = SURFACE_SIDE_STYLE ('',( #8043 ) ) ;
#1355 = VECTOR ( 'NONE', #3261, 1000.000000000000000 ) ;
#1356 = AXIS2_PLACEMENT_3D ( 'NONE', #83, #3336, #9094 ) ;
#1357 = CARTESIAN_POINT ( 'NONE',  ( 2.687092802814645687, -0.1277746597756997671, 2.774999999999999911 ) ) ;
#1358 = DIRECTION ( 'NONE',  ( -0.000000000000000000, -0.000000000000000000, 1.000000000000000000 ) ) ;
#1359 =( LENGTH_UNIT ( ) NAMED_UNIT ( * ) SI_UNIT ( .MILLI., .METRE. ) );
#1360 = LINE ( 'NONE', #10402, #1936 ) ;
#1361 = ORIENTED_EDGE ( 'NONE', *, *, #4612, .F. ) ;
#1362 = STYLED_ITEM ( 'NONE', ( #6085 ), #3366 ) ;
#1363 = LINE ( 'NONE', #10344, #1794 ) ;
#1364 = ORIENTED_EDGE ( 'NONE', *, *, #8622, .T. ) ;
#1365 = ORIENTED_EDGE ( 'NONE', *, *, #1592, .T. ) ;
#1366 = EDGE_CURVE ( 'NONE', #5354, #7328, #446, .T. ) ;
#1368 = ORIENTED_EDGE ( 'NONE', *, *, #3398, .F. ) ;
#1367 = DIRECTION ( 'NONE',  ( 0.9473054703399017562, 0.3203316185831451279, 0.000000000000000000 ) ) ;
#1369 =( LENGTH_UNIT ( ) NAMED_UNIT ( * ) SI_UNIT ( .MILLI., .METRE. ) );
#1370 = VECTOR ( 'NONE', #2961, 1000.000000000000000 ) ;
#1371 = EDGE_CURVE ( 'NONE', #9665, #5213, #5495, .T. ) ;
#1372 = VECTOR ( 'NONE', #8682, 1000.000000000000114 ) ;
#1373 = AXIS2_PLACEMENT_3D ( 'NONE', #9092, #1730, #5974 ) ;
#1374 = CARTESIAN_POINT ( 'NONE',  ( -1.606309974963132214, -0.1493795980473046625, 2.774999999999999911 ) ) ;
#1375 = PRODUCT_DEFINITION_CONTEXT ( 'detailed design', #4445, 'design' ) ;
#1376 = LINE ( 'NONE', #6226, #6922 ) ;
#1377 = EDGE_LOOP ( 'NONE', ( #7696, #6069, #2975, #1151 ) ) ;
#1378 = SURFACE_STYLE_USAGE ( .BOTH. , #9602 ) ;
#1379 = CARTESIAN_POINT ( 'NONE',  ( 1.223551136147978946, -1.111185153602860298, 2.875000000000000000 ) ) ;
#1380 = ORIENTED_EDGE ( 'NONE', *, *, #4942, .T. ) ;
#1381 = VECTOR ( 'NONE', #5362, 1000.000000000000000 ) ;
#1382 = FILL_AREA_STYLE_COLOUR ( '', #6232 ) ;
#1383 = DIRECTION ( 'NONE',  ( -0.000000000000000000, -0.000000000000000000, 1.000000000000000000 ) ) ;
#1384 =( LENGTH_UNIT ( ) NAMED_UNIT ( * ) SI_UNIT ( .MILLI., .METRE. ) );
#1385 = UNCERTAINTY_MEASURE_WITH_UNIT (LENGTH_MEASURE( 1.000000000000000082E-05 ), #6123, 'distance_accuracy_value', 'NONE');
#1386 = EDGE_LOOP ( 'NONE', ( #8003, #2007, #1931, #1659 ) ) ;
#1387 = PLANE ( 'NONE',  #8777 ) ;
#1388 = FILL_AREA_STYLE ('',( #1183 ) ) ;
#1389 = ADVANCED_FACE ( 'NONE', ( #3074 ), #5709, .T. ) ;
#1390 = VECTOR ( 'NONE', #6702, 1000.000000000000000 ) ;
#1391 = VECTOR ( 'NONE', #8061, 1000.000000000000227 ) ;
#1392 = LINE ( 'NONE', #7913, #1590 ) ;
#1393 = DIRECTION ( 'NONE',  ( 0.000000000000000000, -0.8574929257125438742, 0.5144957554275271239 ) ) ;
#1394 = LINE ( 'NONE', #3695, #5771 ) ;
#1395 = ORIENTED_EDGE ( 'NONE', *, *, #10326, .F. ) ;
#1396 = VERTEX_POINT ( 'NONE', #10489 ) ;
#1397 = VERTEX_POINT ( 'NONE', #4674 ) ;
#1398 = MECHANICAL_DESIGN_GEOMETRIC_PRESENTATION_REPRESENTATION (  '', ( #4648 ), #9118 ) ;
#1399 = VECTOR ( 'NONE', #6033, 1000.000000000000000 ) ;
#1400 = FACE_OUTER_BOUND ( 'NONE', #8377, .T. ) ;
#1401 = LINE ( 'NONE', #6414, #7531 ) ;
#1402 = FILL_AREA_STYLE ('',( #442 ) ) ;
#1403 =( LENGTH_UNIT ( ) NAMED_UNIT ( * ) SI_UNIT ( .MILLI., .METRE. ) );
#1404 = ORIENTED_EDGE ( 'NONE', *, *, #8609, .T. ) ;
#1405 = SURFACE_STYLE_USAGE ( .BOTH. , #666 ) ;
#1406 = CARTESIAN_POINT ( 'NONE',  ( -3.700000000000001066, 1.199999999999999289, 1.156639881571555284 ) ) ;
#1407 = DIRECTION ( 'NONE',  ( -0.000000000000000000, -0.000000000000000000, 1.000000000000000000 ) ) ;
#1408 = AXIS2_PLACEMENT_3D ( 'NONE', #7975, #3015, #8551 ) ;
#1409 = DIRECTION ( 'NONE',  ( -0.000000000000000000, -0.000000000000000000, 1.000000000000000000 ) ) ;
#1410 = VERTEX_POINT ( 'NONE', #2266 ) ;
#1411 = VERTEX_POINT ( 'NONE', #10547 ) ;
#1412 = DIRECTION ( 'NONE',  ( 0.000000000000000000, -1.000000000000000000, 0.000000000000000000 ) ) ;
#1413 = MECHANICAL_DESIGN_GEOMETRIC_PRESENTATION_REPRESENTATION (  '', ( #8971 ), #7602 ) ;
#1414 = FILL_AREA_STYLE ('',( #7128 ) ) ;
#1415 = LINE ( 'NONE', #2970, #4098 ) ;
#1416 = DIRECTION ( 'NONE',  ( -0.8937052993893640496, -0.4486544748950654915, 0.000000000000000000 ) ) ;
#1417 = CARTESIAN_POINT ( 'NONE',  ( 0.1433042225677319537, -1.079742252368292244, 2.774999999999999911 ) ) ;
#1418 =( NAMED_UNIT ( * ) SI_UNIT ( $, .STERADIAN. ) SOLID_ANGLE_UNIT ( ) );
#1419 = ORIENTED_EDGE ( 'NONE', *, *, #8897, .T. ) ;
#1420 = STYLED_ITEM ( 'NONE', ( #4645 ), #7316 ) ;
#1421 = LINE ( 'NONE', #5564, #5219 ) ;
#1422 = ORIENTED_EDGE ( 'NONE', *, *, #9121, .F. ) ;
#1424 = ORIENTED_EDGE ( 'NONE', *, *, #5472, .T. ) ;
#1423 = DIRECTION ( 'NONE',  ( -0.4574957109978140535, -0.7624928516630229414, -0.4574957109978144421 ) ) ;
#1425 = DIRECTION ( 'NONE',  ( 0.000000000000000000, 0.000000000000000000, -1.000000000000000000 ) ) ;
#1426 = VECTOR ( 'NONE', #7759, 1000.000000000000000 ) ;
#1427 = DIRECTION ( 'NONE',  ( -0.000000000000000000, -0.000000000000000000, 1.000000000000000000 ) ) ;
#1428 = DIRECTION ( 'NONE',  ( 0.9409328386106160513, -0.3385932563182090238, 0.000000000000000000 ) ) ;
#1429 = CARTESIAN_POINT ( 'NONE',  ( -1.513138678666836157, -1.127774659775699684, 2.774999999999999911 ) ) ;
#1430 = ORIENTED_EDGE ( 'NONE', *, *, #173, .T. ) ;
#1431 = CARTESIAN_POINT ( 'NONE',  ( -0.4930200591917125452, -3.500000000000000000, -2.875000000000000000 ) ) ;
#1432 = DIRECTION ( 'NONE',  ( 0.000000000000000000, -0.000000000000000000, 1.000000000000000000 ) ) ;
#1433 = ORIENTED_EDGE ( 'NONE', *, *, #5054, .F. ) ;
#1434 = VECTOR ( 'NONE', #7220, 1000.000000000000000 ) ;
#1435 = SURFACE_SIDE_STYLE ('',( #2412 ) ) ;
#1436 = CARTESIAN_POINT ( 'NONE',  ( -1.770000000000001128, -4.489853386497013155, 0.6450000000000000178 ) ) ;
#1437 = CARTESIAN_POINT ( 'NONE',  ( -3.700000000000001066, 1.578285606387554107, 1.430978720524678005 ) ) ;
#1438 = EDGE_LOOP ( 'NONE', ( #5315, #8625, #3604, #5596 ) ) ;
#1439 = SURFACE_STYLE_USAGE ( .BOTH. , #5533 ) ;
#1440 = STYLED_ITEM ( 'NONE', ( #9820 ), #8163 ) ;
#1441 =( NAMED_UNIT ( * ) SI_UNIT ( $, .STERADIAN. ) SOLID_ANGLE_UNIT ( ) );
#1442 = CARTESIAN_POINT ( 'NONE',  ( -1.450000000000001288, 3.299999999999999822, 0.7250000000000000888 ) ) ;
#1443 = CARTESIAN_POINT ( 'NONE',  ( -1.050000000000000933, 3.299999999999999822, 0.7250000000000000888 ) ) ;
#1444 = ORIENTED_EDGE ( 'NONE', *, *, #857, .T. ) ;
#1445 = ORIENTED_EDGE ( 'NONE', *, *, #2552, .T. ) ;
#1446 = EDGE_LOOP ( 'NONE', ( #8845, #1272, #10539, #3586 ) ) ;
#1447 = AXIS2_PLACEMENT_3D ( 'NONE', #2503, #4004, #9757 ) ;
#1448 = EDGE_CURVE ( 'NONE', #7942, #3306, #6471, .T. ) ;
#1449 = FACE_OUTER_BOUND ( 'NONE', #6247, .T. ) ;
#1450 = VERTEX_POINT ( 'NONE', #5546 ) ;
#1451 = DIRECTION ( 'NONE',  ( 0.000000000000000000, 1.000000000000000000, 0.000000000000000000 ) ) ;
#1452 = EDGE_CURVE ( 'NONE', #6942, #9660, #608, .T. ) ;
#1453 = FILL_AREA_STYLE_COLOUR ( '', #8196 ) ;
#1454 = STYLED_ITEM ( 'NONE', ( #9512 ), #9735 ) ;
#1455 = AXIS2_PLACEMENT_3D ( 'NONE', #6782, #165, #4306 ) ;
#1456 = LINE ( 'NONE', #10551, #1619 ) ;
#1457 = ORIENTED_EDGE ( 'NONE', *, *, #1795, .F. ) ;
#1458 = COLOUR_RGB ( '',0.7529411764705882248, 0.7529411764705882248, 0.7529411764705882248 ) ;
#1459 = CARTESIAN_POINT ( 'NONE',  ( -2.950000000000000178, 3.100000000000002309, -2.125000000000000000 ) ) ;
#1460 = ORIENTED_EDGE ( 'NONE', *, *, #8440, .T. ) ;
#1461 = EDGE_CURVE ( 'NONE', #5164, #2753, #7330, .T. ) ;
#1462 = DIRECTION ( 'NONE',  ( 1.000000000000000000, -0.000000000000000000, -0.000000000000000000 ) ) ;
#1463 = VECTOR ( 'NONE', #6640, 1000.000000000000227 ) ;
#1464 = CARTESIAN_POINT ( 'NONE',  ( 2.949999999999999289, -2.250000000000000000, -2.125000000000000000 ) ) ;
#1465 =( NAMED_UNIT ( * ) PLANE_ANGLE_UNIT ( ) SI_UNIT ( $, .RADIAN. ) );
#1466 = EDGE_CURVE ( 'NONE', #10017, #9055, #8822, .T. ) ;
#1467 = EDGE_CURVE ( 'NONE', #8452, #10004, #3223, .T. ) ;
#1468 = CARTESIAN_POINT ( 'NONE',  ( 1.834855148493658161, -1.106362622738662704, 2.774999999999999911 ) ) ;
#1469 = FILL_AREA_STYLE ('',( #2334 ) ) ;
#1470 = VECTOR ( 'NONE', #2406, 1000.000000000000000 ) ;
#1471 = SURFACE_STYLE_USAGE ( .BOTH. , #1520 ) ;
#1472 =( LENGTH_UNIT ( ) NAMED_UNIT ( * ) SI_UNIT ( .MILLI., .METRE. ) );
#1473 = ORIENTED_EDGE ( 'NONE', *, *, #151, .T. ) ;
#1474 = AXIS2_PLACEMENT_3D ( 'NONE', #3296, #5784, #4853 ) ;
#1475 = PLANE ( 'NONE',  #2497 ) ;
#1476 = VERTEX_POINT ( 'NONE', #4731 ) ;
#1477 = AXIS2_PLACEMENT_3D ( 'NONE', #6128, #7040, #2195 ) ;
#1478 = ORIENTED_EDGE ( 'NONE', *, *, #7962, .F. ) ;
#1479 = CARTESIAN_POINT ( 'NONE',  ( 0.9345850867652628624, -0.2747654005164404944, 2.774999999999999911 ) ) ;
#1480 =( NAMED_UNIT ( * ) PLANE_ANGLE_UNIT ( ) SI_UNIT ( $, .RADIAN. ) );
#1481 = LINE ( 'NONE', #8058, #8341 ) ;
#1482 = FILL_AREA_STYLE ('',( #9434 ) ) ;
#1483 = ORIENTED_EDGE ( 'NONE', *, *, #3514, .F. ) ;
#1484 = DIRECTION ( 'NONE',  ( -3.061276722312012491E-16, 0.000000000000000000, -1.000000000000000000 ) ) ;
#1485 = SURFACE_STYLE_FILL_AREA ( #6392 ) ;
#1486 = ORIENTED_EDGE ( 'NONE', *, *, #9020, .F. ) ;
#1487 = ADVANCED_FACE ( 'NONE', ( #3126 ), #8877, .F. ) ;
#1488 = MECHANICAL_DESIGN_GEOMETRIC_PRESENTATION_REPRESENTATION (  '', ( #126 ), #9223 ) ;
#1489 = VECTOR ( 'NONE', #8985, 1000.000000000000114 ) ;
#1490 = CARTESIAN_POINT ( 'NONE',  ( 0.8934971238023000639, -1.088037005454712158, 2.875000000000000000 ) ) ;
#1491 = UNCERTAINTY_MEASURE_WITH_UNIT (LENGTH_MEASURE( 1.000000000000000082E-05 ), #9175, 'distance_accuracy_value', 'NONE');
#1492 = ORIENTED_EDGE ( 'NONE', *, *, #1126, .F. ) ;
#1493 = DIRECTION ( 'NONE',  ( -0.7071067811865441310, -0.7071067811865510144, 0.000000000000000000 ) ) ;
#1494 = DIRECTION ( 'NONE',  ( -0.000000000000000000, -0.000000000000000000, 1.000000000000000000 ) ) ;
#1495 = CARTESIAN_POINT ( 'NONE',  ( -3.349999999999999645, 3.500000000000000000, -2.524999999999999467 ) ) ;
#1496 = VECTOR ( 'NONE', #10216, 1000.000000000000000 ) ;
#1497 = CARTESIAN_POINT ( 'NONE',  ( -2.051526024345848409, -0.5945956474300208017, 2.774999999999999911 ) ) ;
#1498 = ORIENTED_EDGE ( 'NONE', *, *, #2298, .F. ) ;
#1499 = VERTEX_POINT ( 'NONE', #2429 ) ;
#1500 = CARTESIAN_POINT ( 'NONE',  ( 1.357038790468966916, -0.7550894745905145644, 2.875000000000000000 ) ) ;
#1501 = ADVANCED_FACE ( 'NONE', ( #3982 ), #7281, .F. ) ;
#1502 = FILL_AREA_STYLE_COLOUR ( '', #7802 ) ;
#1503 = STYLED_ITEM ( 'NONE', ( #5542 ), #9830 ) ;
#1504 = ORIENTED_EDGE ( 'NONE', *, *, #4793, .F. ) ;
#1505 = DIRECTION ( 'NONE',  ( 0.8574929257125445403, -0.5144957554275259026, 0.000000000000000000 ) ) ;
#1506 = UNCERTAINTY_MEASURE_WITH_UNIT (LENGTH_MEASURE( 1.000000000000000082E-05 ), #9764, 'distance_accuracy_value', 'NONE');
#1507 = EDGE_CURVE ( 'NONE', #6749, #6600, #7382, .T. ) ;
#1508 = CARTESIAN_POINT ( 'NONE',  ( 0.8608968151603245689, -1.022836388170761390, 2.774999999999999911 ) ) ;
#1509 = FACE_OUTER_BOUND ( 'NONE', #5369, .T. ) ;
#1510 = SURFACE_STYLE_FILL_AREA ( #10441 ) ;
#1511 = MECHANICAL_DESIGN_GEOMETRIC_PRESENTATION_REPRESENTATION (  '', ( #3227 ), #3734 ) ;
#1512 = ORIENTED_EDGE ( 'NONE', *, *, #1466, .T. ) ;
#1513 = DIRECTION ( 'NONE',  ( -0.6927939859055597394, -0.7211355580562416323, 0.000000000000000000 ) ) ;
#1514 = ADVANCED_FACE ( 'NONE', ( #2537 ), #3273, .T. ) ;
#1515 = SURFACE_STYLE_FILL_AREA ( #6533 ) ;
#1516 =( LENGTH_UNIT ( ) NAMED_UNIT ( * ) SI_UNIT ( .MILLI., .METRE. ) );
#1517 =( NAMED_UNIT ( * ) SI_UNIT ( $, .STERADIAN. ) SOLID_ANGLE_UNIT ( ) );
#1518 = PRESENTATION_STYLE_ASSIGNMENT (( #681 ) ) ;
#1519 = STYLED_ITEM ( 'NONE', ( #6650 ), #124 ) ;
#1520 = SURFACE_SIDE_STYLE ('',( #8894 ) ) ;
#1521 = EDGE_CURVE ( 'NONE', #8142, #488, #66, .T. ) ;
#1522 = FACE_OUTER_BOUND ( 'NONE', #2963, .T. ) ;
#1523 = ORIENTED_EDGE ( 'NONE', *, *, #2359, .F. ) ;
#1524 = LINE ( 'NONE', #3294, #6617 ) ;
#1525 = ORIENTED_EDGE ( 'NONE', *, *, #7096, .T. ) ;
#1526 = DIRECTION ( 'NONE',  ( -0.000000000000000000, -0.000000000000000000, 1.000000000000000000 ) ) ;
#1527 = VECTOR ( 'NONE', #10062, 1000.000000000000000 ) ;
#1528 = VECTOR ( 'NONE', #1023, 1000.000000000000000 ) ;
#1529 = EDGE_CURVE ( 'NONE', #8607, #5004, #1825, .T. ) ;
#1530 = PRESENTATION_LAYER_ASSIGNMENT (  '', '', ( #5298 ) ) ;
#1532 = EDGE_LOOP ( 'NONE', ( #6631, #7457, #2222, #2557 ) ) ;
#1531 = FACE_BOUND ( 'NONE', #6796, .T. ) ;
#1533 = FACE_OUTER_BOUND ( 'NONE', #4458, .T. ) ;
#1534 = DIRECTION ( 'NONE',  ( -0.000000000000000000, -0.000000000000000000, 1.000000000000000000 ) ) ;
#1535 = VECTOR ( 'NONE', #1578, 1000.000000000000114 ) ;
#1536 = CARTESIAN_POINT ( 'NONE',  ( 2.949999999999999734, 3.100000000000001865, 1.156639881571555950 ) ) ;
#1537 = CARTESIAN_POINT ( 'NONE',  ( -1.778763678666835935, -1.088037005454712158, 2.774999999999999911 ) ) ;
#1538 = ORIENTED_EDGE ( 'NONE', *, *, #2282, .T. ) ;
#1539 = CARTESIAN_POINT ( 'NONE',  ( 0.9345850867652628624, -0.4225277461954527469, 2.774999999999999911 ) ) ;
#1540 = DIRECTION ( 'NONE',  ( -0.5144957554275267908, -0.8574929257125439852, 0.000000000000000000 ) ) ;
#1541 = VERTEX_POINT ( 'NONE', #217 ) ;
#1542 = VECTOR ( 'NONE', #4363, 1000.000000000000114 ) ;
#1543 = PRESENTATION_LAYER_ASSIGNMENT (  '', '', ( #704 ) ) ;
#1544 = FILL_AREA_STYLE ('',( #590 ) ) ;
#1545 = SURFACE_SIDE_STYLE ('',( #4119 ) ) ;
#1546 = VERTEX_POINT ( 'NONE', #977 ) ;
#1547 = CARTESIAN_POINT ( 'NONE',  ( -2.949999999999999734, -2.250000000000000000, 2.125000000000000000 ) ) ;
#1548 = CARTESIAN_POINT ( 'NONE',  ( 0.1739755188640284000, -0.9267715733559466207, 2.774999999999999911 ) ) ;
#1549 =( LENGTH_UNIT ( ) NAMED_UNIT ( * ) SI_UNIT ( .MILLI., .METRE. ) );
#1550 = FILL_AREA_STYLE ('',( #4982 ) ) ;
#1551 = SURFACE_SIDE_STYLE ('',( #8226 ) ) ;
#1552 = CARTESIAN_POINT ( 'NONE',  ( 2.617262555901065380, -0.4177052153312553195, 2.875000000000000000 ) ) ;
#1553 = AXIS2_PLACEMENT_3D ( 'NONE', #6515, #4984, #7375 ) ;
#1554 = EDGE_CURVE ( 'NONE', #4496, #10554, #3324, .T. ) ;
#1555 = COLOUR_RGB ( '',0.7529411764705882248, 0.7529411764705882248, 0.7529411764705882248 ) ;
#1556 = MECHANICAL_DESIGN_GEOMETRIC_PRESENTATION_REPRESENTATION (  '', ( #5831 ), #10479 ) ;
#1557 = DIRECTION ( 'NONE',  ( 0.000000000000000000, 0.8340020225179491931, -0.5517613854158066600 ) ) ;
#1558 = VERTEX_POINT ( 'NONE', #4882 ) ;
#1559 = CARTESIAN_POINT ( 'NONE',  ( 1.449999999999999512, 3.299999999999999822, 0.7249999999999997558 ) ) ;
#1560 = SURFACE_STYLE_USAGE ( .BOTH. , #8079 ) ;
#1561 = STYLED_ITEM ( 'NONE', ( #2607 ), #6448 ) ;
#1562 = ORIENTED_EDGE ( 'NONE', *, *, #7940, .F. ) ;
#1563 =( NAMED_UNIT ( * ) PLANE_ANGLE_UNIT ( ) SI_UNIT ( $, .RADIAN. ) );
#1564 = CARTESIAN_POINT ( 'NONE',  ( -1.886209666321156941, -1.106362622738662704, 2.875000000000000000 ) ) ;
#1565 = CARTESIAN_POINT ( 'NONE',  ( -0.4930200591917125452, -2.601766864349279285, -2.875000000000000000 ) ) ;
#1566 = EDGE_CURVE ( 'NONE', #7964, #385, #8397, .T. ) ;
#1567 = ORIENTED_EDGE ( 'NONE', *, *, #7171, .F. ) ;
#1568 = ORIENTED_EDGE ( 'NONE', *, *, #4314, .F. ) ;
#1569 = ORIENTED_EDGE ( 'NONE', *, *, #5810, .T. ) ;
#1570 = CARTESIAN_POINT ( 'NONE',  ( 1.549554222567732342, -0.2209459560719960469, 2.774999999999999911 ) ) ;
#1571 = LINE ( 'NONE', #4844, #3705 ) ;
#1572 = PRESENTATION_STYLE_ASSIGNMENT (( #7347 ) ) ;
#1573 = EDGE_CURVE ( 'NONE', #778, #5949, #1622, .T. ) ;
#1574 = STYLED_ITEM ( 'NONE', ( #6014 ), #6926 ) ;
#1575 = VECTOR ( 'NONE', #3385, 1000.000000000000000 ) ;
#1576 =( LENGTH_UNIT ( ) NAMED_UNIT ( * ) SI_UNIT ( .MILLI., .METRE. ) );
#1577 = CARTESIAN_POINT ( 'NONE',  ( -1.494234357679181446, -0.1981836103929836557, 2.774999999999999911 ) ) ;
#1578 = DIRECTION ( 'NONE',  ( 0.4472135954999579277, -0.8944271909999158554, 0.000000000000000000 ) ) ;
#1579 = DIRECTION ( 'NONE',  ( -0.3051858287027087169, 0.9522928173408853336, 0.000000000000000000 ) ) ;
#1580 = VERTEX_POINT ( 'NONE', #3376 ) ;
#1581 = DIRECTION ( 'NONE',  ( -0.4429392073418453868, 0.8965516485955383752, 0.000000000000000000 ) ) ;
#1582 = ORIENTED_EDGE ( 'NONE', *, *, #5472, .F. ) ;
#1583 = FILL_AREA_STYLE_COLOUR ( '', #7671 ) ;
#1584 = VECTOR ( 'NONE', #3479, 1000.000000000000000 ) ;
#1585 = EDGE_CURVE ( 'NONE', #5565, #9197, #9598, .T. ) ;
#1587 = ORIENTED_EDGE ( 'NONE', *, *, #8678, .T. ) ;
#1586 = LINE ( 'NONE', #693, #475 ) ;
#1588 = SURFACE_SIDE_STYLE ('',( #2554 ) ) ;
#1589 =( NAMED_UNIT ( * ) SI_UNIT ( $, .STERADIAN. ) SOLID_ANGLE_UNIT ( ) );
#1590 = VECTOR ( 'NONE', #544, 1000.000000000000000 ) ;
#1591 = COLOUR_RGB ( '',0.7529411764705882248, 0.7529411764705882248, 0.7529411764705882248 ) ;
#1592 = EDGE_CURVE ( 'NONE', #6504, #2598, #4301, .T. ) ;
#1593 = DIRECTION ( 'NONE',  ( -0.000000000000000000, -0.000000000000000000, 1.000000000000000000 ) ) ;
#1594 = UNCERTAINTY_MEASURE_WITH_UNIT (LENGTH_MEASURE( 1.000000000000000082E-05 ), #3555, 'distance_accuracy_value', 'NONE');
#1595 = FILL_AREA_STYLE ('',( #8963 ) ) ;
#1596 = ORIENTED_EDGE ( 'NONE', *, *, #9337, .T. ) ;
#1597 = PLANE ( 'NONE',  #7240 ) ;
#1598 = DIRECTION ( 'NONE',  ( -0.8574929257125440962, 0.5144957554275269018, 0.000000000000000000 ) ) ;
#1599 = EDGE_LOOP ( 'NONE', ( #4459, #141, #6832, #9254, #9826 ) ) ;
#1600 = EDGE_CURVE ( 'NONE', #5344, #10518, #9081, .T. ) ;
#1601 = PRESENTATION_LAYER_ASSIGNMENT (  '', '', ( #4163 ) ) ;
#1602 = MECHANICAL_DESIGN_GEOMETRIC_PRESENTATION_REPRESENTATION (  '', ( #3650 ), #6245 ) ;
#1603 = SURFACE_STYLE_FILL_AREA ( #7205 ) ;
#1604 =( LENGTH_UNIT ( ) NAMED_UNIT ( * ) SI_UNIT ( .MILLI., .METRE. ) );
#1605 = DIRECTION ( 'NONE',  ( 1.000000000000000000, 1.239088197126291063E-16, -0.000000000000000000 ) ) ;
#1606 = UNCERTAINTY_MEASURE_WITH_UNIT (LENGTH_MEASURE( 1.000000000000000082E-05 ), #6318, 'distance_accuracy_value', 'NONE');
#1607 = ORIENTED_EDGE ( 'NONE', *, *, #3891, .F. ) ;
#1608 = CARTESIAN_POINT ( 'NONE',  ( 2.208504839851682888, -1.127774659775699684, 2.875000000000000000 ) ) ;
#1609 = ADVANCED_FACE ( 'NONE', ( #9134 ), #929, .T. ) ;
#1610 = CARTESIAN_POINT ( 'NONE',  ( 1.401213173185015926, -0.8438240424917492488, 2.774999999999999911 ) ) ;
#1611 = CARTESIAN_POINT ( 'NONE',  ( 1.401213173185015926, -0.9784691042201443256, 2.875000000000000000 ) ) ;
#1612 = ADVANCED_FACE ( 'NONE', ( #9994 ), #10049, .T. ) ;
#1613 =( GEOMETRIC_REPRESENTATION_CONTEXT ( 3 ) GLOBAL_UNCERTAINTY_ASSIGNED_CONTEXT ( ( #8492 ) ) GLOBAL_UNIT_ASSIGNED_CONTEXT ( ( #34, #10566, #5674 ) ) REPRESENTATION_CONTEXT ( 'NONE', 'WORKASPACE' ) );
#1614 = STYLED_ITEM ( 'NONE', ( #8982 ), #5729 ) ;
#1615 = LINE ( 'NONE', #9034, #1973 ) ;
#1616 = CARTESIAN_POINT ( 'NONE',  ( 2.849999999999999645, -4.800000000000000711, -0.9750000000000003109 ) ) ;
#1617 = SURFACE_SIDE_STYLE ('',( #10379 ) ) ;
#1618 = FILL_AREA_STYLE_COLOUR ( '', #6937 ) ;
#1619 = VECTOR ( 'NONE', #8392, 1000.000000000000000 ) ;
#1620 = VECTOR ( 'NONE', #8969, 1000.000000000000000 ) ;
#1621 = ORIENTED_EDGE ( 'NONE', *, *, #4916, .F. ) ;
#1622 = LINE ( 'NONE', #3483, #1818 ) ;
#1623 = DIRECTION ( 'NONE',  ( -0.000000000000000000, -0.000000000000000000, 1.000000000000000000 ) ) ;
#1624 = EDGE_CURVE ( 'NONE', #4860, #2502, #3819, .T. ) ;
#1625 = CARTESIAN_POINT ( 'NONE',  ( 0.3340835435553862198, -0.7481450301460700336, 2.875000000000000000 ) ) ;
#1626 = ORIENTED_EDGE ( 'NONE', *, *, #7850, .T. ) ;
#1627 = ORIENTED_EDGE ( 'NONE', *, *, #8336, .T. ) ;
#1628 = FILL_AREA_STYLE_COLOUR ( '', #2446 ) ;
#1629 = LINE ( 'NONE', #3235, #581 ) ;
#1630 =( NAMED_UNIT ( * ) PLANE_ANGLE_UNIT ( ) SI_UNIT ( $, .RADIAN. ) );
#1631 = ADVANCED_FACE ( 'NONE', ( #9583 ), #7292, .T. ) ;
#1632 = VECTOR ( 'NONE', #8986, 1000.000000000000114 ) ;
#1633 = LINE ( 'NONE', #10397, #9381 ) ;
#1634 = SURFACE_STYLE_FILL_AREA ( #7398 ) ;
#1635 = UNCERTAINTY_MEASURE_WITH_UNIT (LENGTH_MEASURE( 1.000000000000000082E-05 ), #9231, 'distance_accuracy_value', 'NONE');
#1636 = VECTOR ( 'NONE', #1057, 1000.000000000000000 ) ;
#1637 = DIRECTION ( 'NONE',  ( -0.000000000000000000, -0.000000000000000000, 1.000000000000000000 ) ) ;
#1638 = PLANE ( 'NONE',  #5760 ) ;
#1639 = DIRECTION ( 'NONE',  ( -1.000000000000000000, 0.000000000000000000, 0.000000000000000000 ) ) ;
#1640 = CARTESIAN_POINT ( 'NONE',  ( 1.357038790468966916, -0.7550894745905145644, 2.774999999999999911 ) ) ;
#1641 = ORIENTED_EDGE ( 'NONE', *, *, #1150, .T. ) ;
#1642 = DIRECTION ( 'NONE',  ( 0.000000000000000000, -1.000000000000000000, 0.000000000000000000 ) ) ;
#1643 = MECHANICAL_DESIGN_GEOMETRIC_PRESENTATION_REPRESENTATION (  '', ( #7490 ), #7650 ) ;
#1644 = EDGE_LOOP ( 'NONE', ( #4255, #2382, #7191, #5580 ) ) ;
#1646 =( GEOMETRIC_REPRESENTATION_CONTEXT ( 3 ) GLOBAL_UNCERTAINTY_ASSIGNED_CONTEXT ( ( #5238 ) ) GLOBAL_UNIT_ASSIGNED_CONTEXT ( ( #4838, #4782, #8140 ) ) REPRESENTATION_CONTEXT ( 'NONE', 'WORKASPACE' ) );
#1645 =( NAMED_UNIT ( * ) SI_UNIT ( $, .STERADIAN. ) SOLID_ANGLE_UNIT ( ) );
#1647 = VECTOR ( 'NONE', #5136, 1000.000000000000114 ) ;
#1648 = ADVANCED_FACE ( 'NONE', ( #10559 ), #7934, .T. ) ;
#1649 = FILL_AREA_STYLE_COLOUR ( '', #7579 ) ;
#1650 = AXIS2_PLACEMENT_3D ( 'NONE', #6360, #3175, #2208 ) ;
#1651 = FILL_AREA_STYLE ('',( #3346 ) ) ;
#1652 = VECTOR ( 'NONE', #821, 1000.000000000000000 ) ;
#1653 = EDGE_CURVE ( 'NONE', #2029, #6888, #4843, .T. ) ;
#1654 = CARTESIAN_POINT ( 'NONE',  ( -3.699999999999999734, -3.500000000000000000, 2.875000000000000000 ) ) ;
#1655 = FILL_AREA_STYLE ('',( #4810 ) ) ;
#1656 = VERTEX_POINT ( 'NONE', #564 ) ;
#1657 = CARTESIAN_POINT ( 'NONE',  ( -0.9300000000000011591, -7.605096679918781355, 0.2049999999999999878 ) ) ;
#1658 = LINE ( 'NONE', #4861, #2488 ) ;
#1659 = ORIENTED_EDGE ( 'NONE', *, *, #5968, .T. ) ;
#1660 = PRESENTATION_LAYER_ASSIGNMENT (  '', '', ( #10222 ) ) ;
#1661 = PRESENTATION_STYLE_ASSIGNMENT (( #6762 ) ) ;
#1662 = SURFACE_SIDE_STYLE ('',( #6254 ) ) ;
#1663 = PRESENTATION_STYLE_ASSIGNMENT (( #6712 ) ) ;
#1664 =( NAMED_UNIT ( * ) SI_UNIT ( $, .STERADIAN. ) SOLID_ANGLE_UNIT ( ) );
#1665 = EDGE_LOOP ( 'NONE', ( #6302, #3929, #6217, #7836, #7971, #10403, #8353, #935 ) ) ;
#1666 = CARTESIAN_POINT ( 'NONE',  ( 1.504608234913410891, -0.1759999684176750678, 2.774999999999999911 ) ) ;
#1667 = SURFACE_STYLE_FILL_AREA ( #4823 ) ;
#1668 = PRESENTATION_STYLE_ASSIGNMENT (( #9885 ) ) ;
#1669 = FACE_OUTER_BOUND ( 'NONE', #1036, .T. ) ;
#1670 = CARTESIAN_POINT ( 'NONE',  ( -2.296896394716218648, -1.046563240022613472, 2.875000000000000000 ) ) ;
#1671 = STYLED_ITEM ( 'NONE', ( #731 ), #1180 ) ;
#1672 = LINE ( 'NONE', #10537, #6799 ) ;
#1673 = COLOUR_RGB ( '',0.7529411764705882248, 0.7529411764705882248, 0.7529411764705882248 ) ;
#1674 = CARTESIAN_POINT ( 'NONE',  ( 0.9299999999999992717, -7.605096679918781355, 0.2049999999999998768 ) ) ;
#1675 = EDGE_CURVE ( 'NONE', #2288, #4549, #9696, .T. ) ;
#1676 = CARTESIAN_POINT ( 'NONE',  ( 1.582154531209707837, -0.3239552153312553195, 2.774999999999999911 ) ) ;
#1677 = DIRECTION ( 'NONE',  ( -0.7071067811865459074, -0.7071067811865491270, 7.215498431451155231E-17 ) ) ;
#1678 = ORIENTED_EDGE ( 'NONE', *, *, #8473, .F. ) ;
#1679 = DIRECTION ( 'NONE',  ( -0.5748904813304210881, 0.8182303676078496180, 0.000000000000000000 ) ) ;
#1680 =( NAMED_UNIT ( * ) SI_UNIT ( $, .STERADIAN. ) SOLID_ANGLE_UNIT ( ) );
#1681 = DIRECTION ( 'NONE',  ( -0.000000000000000000, -0.000000000000000000, 1.000000000000000000 ) ) ;
#1682 = LINE ( 'NONE', #4088, #6704 ) ;
#1683 = DIRECTION ( 'NONE',  ( 0.000000000000000000, 1.000000000000000000, 0.000000000000000000 ) ) ;
#1684 = ORIENTED_EDGE ( 'NONE', *, *, #5613, .F. ) ;
#1685 = VERTEX_POINT ( 'NONE', #5616 ) ;
#1686 = VERTEX_POINT ( 'NONE', #7127 ) ;
#1687 = PLANE ( 'NONE',  #3308 ) ;
#1688 = DIRECTION ( 'NONE',  ( 0.7071067811865439090, 0.7071067811865512365, 0.000000000000000000 ) ) ;
#1689 = CARTESIAN_POINT ( 'NONE',  ( 2.640942375647713725, -4.800000000000000711, -1.020803005624015380 ) ) ;
#1690 = PRESENTATION_STYLE_ASSIGNMENT (( #942 ) ) ;
#1691 = DIRECTION ( 'NONE',  ( 0.7087454924899015962, 0.7054642633580008315, 0.000000000000000000 ) ) ;
#1692 = STYLED_ITEM ( 'NONE', ( #3534 ), #10105 ) ;
#1693 = ORIENTED_EDGE ( 'NONE', *, *, #6610, .F. ) ;
#1694 = CARTESIAN_POINT ( 'NONE',  ( 1.462941568246744595, -0.7869181782942182846, 2.774999999999999911 ) ) ;
#1695 = ORIENTED_EDGE ( 'NONE', *, *, #3791, .F. ) ;
#1696 = CIRCLE ( 'NONE', #4589, 0.5000000000000000000 ) ;
#1697 = VECTOR ( 'NONE', #5842, 1000.000000000000000 ) ;
#1698 = LINE ( 'NONE', #8420, #10596 ) ;
#1699 = CARTESIAN_POINT ( 'NONE',  ( -0.2004457774322679076, -0.8800894745905145644, 2.875000000000000000 ) ) ;
#1700 = FILL_AREA_STYLE_COLOUR ( '', #9484 ) ;
#1701 = ORIENTED_EDGE ( 'NONE', *, *, #7050, .T. ) ;
#1702 = STYLED_ITEM ( 'NONE', ( #2343 ), #10600 ) ;
#1703 = CARTESIAN_POINT ( 'NONE',  ( 1.226830457135633434, -1.127774659775699684, 2.875000000000000000 ) ) ;
#1704 = ADVANCED_FACE ( 'NONE', ( #3034 ), #3908, .T. ) ;
#1705 = ORIENTED_EDGE ( 'NONE', *, *, #9981, .T. ) ;
#1706 = PLANE ( 'NONE',  #7880 ) ;
#1707 = COLOUR_RGB ( '',0.7529411764705882248, 0.7529411764705882248, 0.7529411764705882248 ) ;
#1708 = UNCERTAINTY_MEASURE_WITH_UNIT (LENGTH_MEASURE( 1.000000000000000082E-05 ), #6022, 'distance_accuracy_value', 'NONE');
#1709 = EDGE_LOOP ( 'NONE', ( #8254, #1368, #6708, #3595, #5261, #6249 ) ) ;
#1710 = SURFACE_SIDE_STYLE ('',( #5184 ) ) ;
#1711 = STYLED_ITEM ( 'NONE', ( #3140 ), #398 ) ;
#1712 = FILL_AREA_STYLE ('',( #2361 ) ) ;
#1713 = DIRECTION ( 'NONE',  ( 1.000000000000000000, 0.000000000000000000, 0.000000000000000000 ) ) ;
#1714 = DIRECTION ( 'NONE',  ( -0.1652805747729427510, -0.9862465876253897479, 0.000000000000000000 ) ) ;
#1715 = MECHANICAL_DESIGN_GEOMETRIC_PRESENTATION_REPRESENTATION (  '', ( #5503 ), #6874 ) ;
#1716 = DIRECTION ( 'NONE',  ( 1.000000000000000000, 0.000000000000000000, 0.000000000000000000 ) ) ;
#1717 = CARTESIAN_POINT ( 'NONE',  ( -1.450000000000001288, 3.299999999999999822, 0.3250000000000000111 ) ) ;
#1718 = EDGE_CURVE ( 'NONE', #7032, #3756, #8069, .T. ) ;
#1719 = VERTEX_POINT ( 'NONE', #10474 ) ;
#1720 = DIRECTION ( 'NONE',  ( -0.9446676051547895359, 0.3280291386006958798, 0.000000000000000000 ) ) ;
#1721 = VECTOR ( 'NONE', #9829, 1000.000000000000114 ) ;
#1722 = DIRECTION ( 'NONE',  ( -0.8963800324879352965, -0.4432864055629591182, 0.000000000000000000 ) ) ;
#1723 = CARTESIAN_POINT ( 'NONE',  ( -1.278763678666835935, -0.1491866968127367743, 2.774999999999999911 ) ) ;
#1724 = EDGE_CURVE ( 'NONE', #8560, #9314, #9027, .T. ) ;
#1725 = CARTESIAN_POINT ( 'NONE',  ( 0.8466221238022999529, -1.034603363479403626, 2.774999999999999911 ) ) ;
#1726 = ORIENTED_EDGE ( 'NONE', *, *, #7329, .T. ) ;
#1727 = ORIENTED_EDGE ( 'NONE', *, *, #1206, .T. ) ;
#1728 = STYLED_ITEM ( 'NONE', ( #6445 ), #4262 ) ;
#1729 = SURFACE_SIDE_STYLE ('',( #1141 ) ) ;
#1730 = DIRECTION ( 'NONE',  ( 1.000000000000000000, -0.000000000000000000, 0.000000000000000000 ) ) ;
#1731 = UNCERTAINTY_MEASURE_WITH_UNIT (LENGTH_MEASURE( 1.000000000000000082E-05 ), #1271, 'distance_accuracy_value', 'NONE');
#1732 = DIRECTION ( 'NONE',  ( 1.239088197126290817E-16, -1.000000000000000000, 0.000000000000000000 ) ) ;
#1733 = CARTESIAN_POINT ( 'NONE',  ( 2.949999999999999289, 3.100000000000002309, -2.125000000000000000 ) ) ;
#1734 = ADVANCED_FACE ( 'NONE', ( #7211 ), #6563, .F. ) ;
#1735 = VECTOR ( 'NONE', #3139, 1000.000000000000114 ) ;
#1736 = VECTOR ( 'NONE', #6044, 1000.000000000000000 ) ;
#1737 = ORIENTED_EDGE ( 'NONE', *, *, #4988, .T. ) ;
#1738 = ORIENTED_EDGE ( 'NONE', *, *, #998, .F. ) ;
#1739 = FACE_OUTER_BOUND ( 'NONE', #7596, .T. ) ;
#1740 = AXIS2_PLACEMENT_3D ( 'NONE', #3699, #9350, #6192 ) ;
#1741 = CARTESIAN_POINT ( 'NONE',  ( 0.2767918768887198122, -0.1491866968127367743, 2.774999999999999911 ) ) ;
#1742 = LINE ( 'NONE', #7464, #6542 ) ;
#1743 = CARTESIAN_POINT ( 'NONE',  ( 3.059057624352285565, -4.800000000000000711, -1.929196994375985019 ) ) ;
#1744 = ORIENTED_EDGE ( 'NONE', *, *, #1258, .F. ) ;
#1745 = PLANE ( 'NONE',  #1059 ) ;
#1746 = MECHANICAL_DESIGN_GEOMETRIC_PRESENTATION_REPRESENTATION (  '', ( #8281 ), #7265 ) ;
#1747 = STYLED_ITEM ( 'NONE', ( #6586 ), #4485 ) ;
#1748 = EDGE_CURVE ( 'NONE', #3451, #5864, #5588, .T. ) ;
#1749 = FILL_AREA_STYLE ('',( #9927 ) ) ;
#1750 = EDGE_LOOP ( 'NONE', ( #2254, #9723, #5005, #504 ) ) ;
#1751 = FILL_AREA_STYLE_COLOUR ( '', #7451 ) ;
#1752 = SURFACE_STYLE_USAGE ( .BOTH. , #5130 ) ;
#1753 = VECTOR ( 'NONE', #6719, 1000.000000000000000 ) ;
#1754 = ORIENTED_EDGE ( 'NONE', *, *, #1920, .T. ) ;
#1755 = DIRECTION ( 'NONE',  ( -0.000000000000000000, -0.000000000000000000, -1.000000000000000000 ) ) ;
#1756 = PRODUCT_RELATED_PRODUCT_CATEGORY ( 'part', '', ( #10226 ) ) ;
#1757 =( NAMED_UNIT ( * ) PLANE_ANGLE_UNIT ( ) SI_UNIT ( $, .RADIAN. ) );
#1758 = LINE ( 'NONE', #4024, #1043 ) ;
#1759 = CARTESIAN_POINT ( 'NONE',  ( 0.7358968151603249019, -1.189503054837428131, 2.875000000000000000 ) ) ;
#1760 = PRESENTATION_STYLE_ASSIGNMENT (( #4178 ) ) ;
#1761 = FILL_AREA_STYLE_COLOUR ( '', #8252 ) ;
#1762 = VECTOR ( 'NONE', #3955, 1000.000000000000000 ) ;
#1763 = AXIS2_PLACEMENT_3D ( 'NONE', #3684, #2885, #4547 ) ;
#1764 = FILL_AREA_STYLE_COLOUR ( '', #9542 ) ;
#1765 = DIRECTION ( 'NONE',  ( 0.000000000000000000, -0.8340020225179493041, 0.5517613854158063269 ) ) ;
#1766 = DIRECTION ( 'NONE',  ( 0.9596009732027614980, 0.2813644828835243361, 0.000000000000000000 ) ) ;
#1767 = DIRECTION ( 'NONE',  ( 0.000000000000000000, 0.000000000000000000, -1.000000000000000000 ) ) ;
#1768 = VERTEX_POINT ( 'NONE', #4924 ) ;
#1769 = CARTESIAN_POINT ( 'NONE',  ( 1.770000000000001128, 0.000000000000000000, 0.000000000000000000 ) ) ;
#1770 = VECTOR ( 'NONE', #8672, 1000.000000000000227 ) ;
#1771 = VECTOR ( 'NONE', #3442, 1000.000000000000000 ) ;
#1772 = FILL_AREA_STYLE ('',( #5914 ) ) ;
#1773 = LINE ( 'NONE', #10605, #9274 ) ;
#1774 = EDGE_CURVE ( 'NONE', #10454, #6888, #2306, .T. ) ;
#1775 = LINE ( 'NONE', #7494, #436 ) ;
#1776 = EDGE_LOOP ( 'NONE', ( #10211, #5105, #2679, #5501, #7600, #10299, #1422, #4638 ) ) ;
#1777 = ORIENTED_EDGE ( 'NONE', *, *, #954, .F. ) ;
#1778 = ORIENTED_EDGE ( 'NONE', *, *, #2886, .F. ) ;
#1779 = EDGE_CURVE ( 'NONE', #8425, #4285, #2419, .T. ) ;
#1780 =( GEOMETRIC_REPRESENTATION_CONTEXT ( 3 ) GLOBAL_UNCERTAINTY_ASSIGNED_CONTEXT ( ( #6129 ) ) GLOBAL_UNIT_ASSIGNED_CONTEXT ( ( #5271, #8772, #6086 ) ) REPRESENTATION_CONTEXT ( 'NONE', 'WORKASPACE' ) );
#1781 = COLOUR_RGB ( '',0.7529411764705882248, 0.7529411764705882248, 0.7529411764705882248 ) ;
#1782 = DIRECTION ( 'NONE',  ( 0.7071067811865536790, -0.7071067811865412445, 0.000000000000000000 ) ) ;
#1783 = PRESENTATION_STYLE_ASSIGNMENT (( #6023 ) ) ;
#1784 = VERTEX_POINT ( 'NONE', #8222 ) ;
#1785 = FILL_AREA_STYLE ('',( #28 ) ) ;
#1786 = DIRECTION ( 'NONE',  ( -0.000000000000000000, -0.000000000000000000, -1.000000000000000000 ) ) ;
#1787 = VECTOR ( 'NONE', #8574, 1000.000000000000227 ) ;
#1788 = EDGE_CURVE ( 'NONE', #8812, #3149, #869, .T. ) ;
#1789 = SURFACE_STYLE_FILL_AREA ( #2597 ) ;
#1790 = ORIENTED_EDGE ( 'NONE', *, *, #550, .T. ) ;
#1791 = CARTESIAN_POINT ( 'NONE',  ( 0.8159508275060035620, -0.9319799066892799910, 2.875000000000000000 ) ) ;
#1792 = ORIENTED_EDGE ( 'NONE', *, *, #5314, .T. ) ;
#1793 = FILL_AREA_STYLE ('',( #2653 ) ) ;
#1794 = VECTOR ( 'NONE', #3721, 1000.000000000000000 ) ;
#1795 = EDGE_CURVE ( 'NONE', #3283, #10507, #2567, .T. ) ;
#1796 = CARTESIAN_POINT ( 'NONE',  ( 1.582154531209707837, -0.3239552153312553195, 2.875000000000000000 ) ) ;
#1797 =( NAMED_UNIT ( * ) PLANE_ANGLE_UNIT ( ) SI_UNIT ( $, .RADIAN. ) );
#1798 = LINE ( 'NONE', #7560, #2413 ) ;
#1799 = AXIS2_PLACEMENT_3D ( 'NONE', #417, #6225, #10246 ) ;
#1800 = FACE_OUTER_BOUND ( 'NONE', #1599, .T. ) ;
#1801 = ORIENTED_EDGE ( 'NONE', *, *, #7262, .F. ) ;
#1803 = LINE ( 'NONE', #6806, #10495 ) ;
#1802 = COLOUR_RGB ( '',0.7529411764705882248, 0.7529411764705882248, 0.7529411764705882248 ) ;
#1804 = LINE ( 'NONE', #6968, #10031 ) ;
#1805 = ORIENTED_EDGE ( 'NONE', *, *, #2161, .F. ) ;
#1806 = FILL_AREA_STYLE ('',( #1751 ) ) ;
#1807 = CARTESIAN_POINT ( 'NONE',  ( 2.849999999999999645, -5.000000000000000000, -1.115994428244946324 ) ) ;
#1808 = FACE_OUTER_BOUND ( 'NONE', #9784, .T. ) ;
#1809 = SURFACE_SIDE_STYLE ('',( #6662 ) ) ;
#1810 = STYLED_ITEM ( 'NONE', ( #3424 ), #9269 ) ;
#1811 = PLANE ( 'NONE',  #4147 ) ;
#1813 = PRESENTATION_LAYER_ASSIGNMENT (  '', '', ( #2332 ) ) ;
#1812 =( LENGTH_UNIT ( ) NAMED_UNIT ( * ) SI_UNIT ( .MILLI., .METRE. ) );
#1814 = CARTESIAN_POINT ( 'NONE',  ( -3.700000000000001510, 3.499999999999999112, 1.156639881571555284 ) ) ;
#1815 =( NAMED_UNIT ( * ) PLANE_ANGLE_UNIT ( ) SI_UNIT ( $, .RADIAN. ) );
#1816 = CARTESIAN_POINT ( 'NONE',  ( 1.942879839851682888, -1.088037005454712158, 2.774999999999999911 ) ) ;
#1817 = ADVANCED_FACE ( 'NONE', ( #3564 ), #105, .T. ) ;
#1818 = VECTOR ( 'NONE', #5865, 999.9999999999998863 ) ;
#1819 = CIRCLE ( 'NONE', #9897, 0.3590055717550538206 ) ;
#1820 = SURFACE_SIDE_STYLE ('',( #5044 ) ) ;
#1821 = FILL_AREA_STYLE_COLOUR ( '', #8542 ) ;
#1822 = PLANE ( 'NONE',  #10368 ) ;
#1823 = VECTOR ( 'NONE', #7371, 1000.000000000000000 ) ;
#1824 = ORIENTED_EDGE ( 'NONE', *, *, #6156, .F. ) ;
#1825 = LINE ( 'NONE', #7588, #5076 ) ;
#1826 = SURFACE_STYLE_USAGE ( .BOTH. , #6012 ) ;
#1827 = UNCERTAINTY_MEASURE_WITH_UNIT (LENGTH_MEASURE( 1.000000000000000082E-05 ), #8973, 'distance_accuracy_value', 'NONE');
#1828 = CARTESIAN_POINT ( 'NONE',  ( -1.901063061382885389, -0.1675123140966873203, 2.875000000000000000 ) ) ;
#1829 = LINE ( 'NONE', #4034, #9955 ) ;
#1830 = PRESENTATION_LAYER_ASSIGNMENT (  '', '', ( #2862 ) ) ;
#1831 = PRESENTATION_STYLE_ASSIGNMENT (( #8348 ) ) ;
#1832 = EDGE_CURVE ( 'NONE', #976, #6942, #2527, .T. ) ;
#1833 = ORIENTED_EDGE ( 'NONE', *, *, #339, .F. ) ;
#1834 = ORIENTED_EDGE ( 'NONE', *, *, #10201, .T. ) ;
#1835 = VERTEX_POINT ( 'NONE', #9117 ) ;
#1836 = CARTESIAN_POINT ( 'NONE',  ( 1.843921506518348963, -0.4236851536028602982, 2.774999999999999911 ) ) ;
#1837 = DIRECTION ( 'NONE',  ( 0.000000000000000000, -0.5144957554275266798, -0.8574929257125442073 ) ) ;
#1838 = EDGE_CURVE ( 'NONE', #8692, #7754, #8519, .T. ) ;
#1839 = ORIENTED_EDGE ( 'NONE', *, *, #9006, .F. ) ;
#1840 = SURFACE_STYLE_FILL_AREA ( #1883 ) ;
#1841 = SURFACE_STYLE_USAGE ( .BOTH. , #5933 ) ;
#1842 = SURFACE_STYLE_USAGE ( .BOTH. , #9210 ) ;
#1843 = ORIENTED_EDGE ( 'NONE', *, *, #5449, .F. ) ;
#1844 = SURFACE_STYLE_USAGE ( .BOTH. , #239 ) ;
#1845 = ORIENTED_EDGE ( 'NONE', *, *, #6050, .T. ) ;
#1846 = APPLICATION_CONTEXT ( 'automotive_design' ) ;
#1847 = CARTESIAN_POINT ( 'NONE',  ( 1.226830457135633434, -1.127774659775699684, 2.774999999999999911 ) ) ;
#1848 = CARTESIAN_POINT ( 'NONE',  ( 3.699999999999999734, 3.500000000000000000, 2.875000000000000000 ) ) ;
#1849 = CARTESIAN_POINT ( 'NONE',  ( -1.570000000000001172, -5.622383267283204589, 0.2050000000000000155 ) ) ;
#1850 = EDGE_CURVE ( 'NONE', #7985, #8122, #8621, .T. ) ;
#1851 = STYLED_ITEM ( 'NONE', ( #6252 ), #9801 ) ;
#1852 = PRESENTATION_STYLE_ASSIGNMENT (( #9221 ) ) ;
#1853 = DIRECTION ( 'NONE',  ( 0.4625660066950217364, -0.8865848461654535217, 0.000000000000000000 ) ) ;
#1854 = ORIENTED_EDGE ( 'NONE', *, *, #10353, .F. ) ;
#1855 = ORIENTED_EDGE ( 'NONE', *, *, #2345, .T. ) ;
#1856 = CARTESIAN_POINT ( 'NONE',  ( -1.570000000000001172, -6.700000000000000178, 0.2049999999999999878 ) ) ;
#1857 = PRESENTATION_STYLE_ASSIGNMENT (( #9178 ) ) ;
#1858 = CARTESIAN_POINT ( 'NONE',  ( -0.4930200591917125452, -3.101766864349278841, 2.119236689479958358 ) ) ;
#1859 = CARTESIAN_POINT ( 'NONE',  ( 0.7945387904689668046, -0.8413163264423664245, 2.774999999999999911 ) ) ;
#1860 =( GEOMETRIC_REPRESENTATION_CONTEXT ( 3 ) GLOBAL_UNCERTAINTY_ASSIGNED_CONTEXT ( ( #10190 ) ) GLOBAL_UNIT_ASSIGNED_CONTEXT ( ( #5233, #6920, #2876 ) ) REPRESENTATION_CONTEXT ( 'NONE', 'WORKASPACE' ) );
#1861 = CARTESIAN_POINT ( 'NONE',  ( -1.608817691012514928, -1.088037005454712158, 2.774999999999999911 ) ) ;
#1862 = DIRECTION ( 'NONE',  ( -0.9614083226053679043, 0.2751254935936198742, 0.000000000000000000 ) ) ;
#1863 = CARTESIAN_POINT ( 'NONE',  ( 1.002872123802300175, -0.2768873140966874313, 2.774999999999999911 ) ) ;
#1864 = FACE_OUTER_BOUND ( 'NONE', #3494, .T. ) ;
#1865 = CARTESIAN_POINT ( 'NONE',  ( -1.570000000000001394, 3.100000000000000533, 0.000000000000000000 ) ) ;
#1866 = VECTOR ( 'NONE', #9561, 1000.000000000000114 ) ;
#1867 = CARTESIAN_POINT ( 'NONE',  ( -1.570000000000001172, -6.700000000000000178, 0.2050000000000000155 ) ) ;
#1868 = ORIENTED_EDGE ( 'NONE', *, *, #6068, .F. ) ;
#1869 = DIRECTION ( 'NONE',  ( -0.8926525754894950593, 0.4507453599006553957, 0.000000000000000000 ) ) ;
#1870 = ADVANCED_FACE ( 'NONE', ( #4175 ), #7525, .T. ) ;
#1871 = CARTESIAN_POINT ( 'NONE',  ( 0.1739755188640284000, -0.9267715733559466207, 2.875000000000000000 ) ) ;
#1872 = AXIS2_PLACEMENT_3D ( 'NONE', #3042, #4847, #2220 ) ;
#1873 = LINE ( 'NONE', #5151, #10218 ) ;
#1874 = VERTEX_POINT ( 'NONE', #8276 ) ;
#1875 = EDGE_LOOP ( 'NONE', ( #9019, #4197, #7048, #7021 ) ) ;
#1876 = ORIENTED_EDGE ( 'NONE', *, *, #2282, .F. ) ;
#1877 = CARTESIAN_POINT ( 'NONE',  ( -1.382351641629798955, -0.2089860795287860895, 2.774999999999999911 ) ) ;
#1878 = LINE ( 'NONE', #8408, #8469 ) ;
#1879 = DIRECTION ( 'NONE',  ( 0.9596009732027614980, 0.2813644828835243361, 0.000000000000000000 ) ) ;
#1880 = VECTOR ( 'NONE', #9900, 1000.000000000000114 ) ;
#1881 = VECTOR ( 'NONE', #5292, 1000.000000000000000 ) ;
#1882 = ORIENTED_EDGE ( 'NONE', *, *, #10256, .F. ) ;
#1883 = FILL_AREA_STYLE ('',( #9584 ) ) ;
#1884 = DIRECTION ( 'NONE',  ( 0.000000000000000000, 1.000000000000000000, 0.000000000000000000 ) ) ;
#1885 = DIRECTION ( 'NONE',  ( 0.000000000000000000, -1.000000000000000000, 0.000000000000000000 ) ) ;
#1886 = DIRECTION ( 'NONE',  ( 0.000000000000000000, -1.000000000000000000, 0.000000000000000000 ) ) ;
#1887 = ORIENTED_EDGE ( 'NONE', *, *, #645, .T. ) ;
#1888 = MECHANICAL_DESIGN_GEOMETRIC_PRESENTATION_REPRESENTATION (  '', ( #9961 ), #5321 ) ;
#1889 = FILL_AREA_STYLE_COLOUR ( '', #9518 ) ;
#1890 = ORIENTED_EDGE ( 'NONE', *, *, #4627, .F. ) ;
#1891 = DIRECTION ( 'NONE',  ( 0.000000000000000000, -0.000000000000000000, -1.000000000000000000 ) ) ;
#1892 = EDGE_CURVE ( 'NONE', #1251, #2131, #4427, .T. ) ;
#1893 = DIRECTION ( 'NONE',  ( -0.4429392073418453868, 0.8965516485955383752, 0.000000000000000000 ) ) ;
#1894 = SURFACE_STYLE_USAGE ( .BOTH. , #8567 ) ;
#1895 = VECTOR ( 'NONE', #136, 1000.000000000000000 ) ;
#1896 = AXIS2_PLACEMENT_3D ( 'NONE', #4762, #6339, #2234 ) ;
#1897 = SURFACE_STYLE_USAGE ( .BOTH. , #8319 ) ;
#1898 = ORIENTED_EDGE ( 'NONE', *, *, #4541, .F. ) ;
#1899 = LINE ( 'NONE', #2009, #3498 ) ;
#1900 = VERTEX_POINT ( 'NONE', #4572 ) ;
#1901 = EDGE_CURVE ( 'NONE', #8586, #10003, #3938, .T. ) ;
#1902 = COLOUR_RGB ( '',0.7529411764705882248, 0.7529411764705882248, 0.7529411764705882248 ) ;
#1903 = ADVANCED_FACE ( 'NONE', ( #10399 ), #7071, .F. ) ;
#1904 = CARTESIAN_POINT ( 'NONE',  ( -2.949999999999999734, -2.250000000000000000, 1.898270704789492003 ) ) ;
#1905 = SURFACE_SIDE_STYLE ('',( #7786 ) ) ;
#1906 = SURFACE_SIDE_STYLE ('',( #2243 ) ) ;
#1907 = ADVANCED_FACE ( 'NONE', ( #3769 ), #6428, .T. ) ;
#1908 = PLANE ( 'NONE',  #2203 ) ;
#1909 = DIRECTION ( 'NONE',  ( -1.000000000000000000, 0.000000000000000000, -0.000000000000000000 ) ) ;
#1911 = CARTESIAN_POINT ( 'NONE',  ( 1.770000000000001128, -5.422383267283204411, 0.4049999999999998601 ) ) ;
#1910 = VECTOR ( 'NONE', #1014, 1000.000000000000000 ) ;
#1912 = CARTESIAN_POINT ( 'NONE',  ( -1.570000000000000728, 3.100000000000000977, 0.2050000000000003209 ) ) ;
#1913 = DIRECTION ( 'NONE',  ( -0.000000000000000000, -0.000000000000000000, 1.000000000000000000 ) ) ;
#1914 = CARTESIAN_POINT ( 'NONE',  ( -1.570000000000001172, -7.605096679918781355, 0.2049999999999999878 ) ) ;
#1915 = LINE ( 'NONE', #5189, #2474 ) ;
#1916 = EDGE_CURVE ( 'NONE', #6227, #5663, #9472, .T. ) ;
#1917 = MECHANICAL_DESIGN_GEOMETRIC_PRESENTATION_REPRESENTATION (  '', ( #5887 ), #8970 ) ;
#1918 = VECTOR ( 'NONE', #10253, 1000.000000000000000 ) ;
#1919 = LINE ( 'NONE', #5192, #3632 ) ;
#1920 = EDGE_CURVE ( 'NONE', #9296, #9665, #8669, .T. ) ;
#1921 = PLANE ( 'NONE',  #3570 ) ;
#1922 =( NAMED_UNIT ( * ) PLANE_ANGLE_UNIT ( ) SI_UNIT ( $, .RADIAN. ) );
#1923 = VERTEX_POINT ( 'NONE', #621 ) ;
#1924 = CARTESIAN_POINT ( 'NONE',  ( -0.2004457774322679076, -0.8800894745905145644, 2.774999999999999911 ) ) ;
#1925 = EDGE_CURVE ( 'NONE', #4090, #10522, #3884, .T. ) ;
#1926 = UNCERTAINTY_MEASURE_WITH_UNIT (LENGTH_MEASURE( 1.000000000000000082E-05 ), #5987, 'distance_accuracy_value', 'NONE');
#1927 = SURFACE_SIDE_STYLE ('',( #5149 ) ) ;
#1928 = CARTESIAN_POINT ( 'NONE',  ( 2.208504839851682888, -1.106362622738662704, 2.774999999999999911 ) ) ;
#1929 =( GEOMETRIC_REPRESENTATION_CONTEXT ( 3 ) GLOBAL_UNCERTAINTY_ASSIGNED_CONTEXT ( ( #10639 ) ) GLOBAL_UNIT_ASSIGNED_CONTEXT ( ( #8117, #6395, #8916 ) ) REPRESENTATION_CONTEXT ( 'NONE', 'WORKASPACE' ) );
#1930 = DIRECTION ( 'NONE',  ( -1.000000000000000000, -0.000000000000000000, -0.000000000000000000 ) ) ;
#1931 = ORIENTED_EDGE ( 'NONE', *, *, #7700, .T. ) ;
#1932 = ORIENTED_EDGE ( 'NONE', *, *, #5598, .T. ) ;
#1933 = ORIENTED_EDGE ( 'NONE', *, *, #8743, .T. ) ;
#1934 = CARTESIAN_POINT ( 'NONE',  ( 1.569999999999999840, 3.183097134505116887, 2.125000000000000000 ) ) ;
#1935 = FACE_OUTER_BOUND ( 'NONE', #5430, .T. ) ;
#1936 = VECTOR ( 'NONE', #5392, 1000.000000000000000 ) ;
#1937 = VECTOR ( 'NONE', #9256, 1000.000000000000114 ) ;
#1938 = LINE ( 'NONE', #1989, #9077 ) ;
#1939 = VERTEX_POINT ( 'NONE', #3089 ) ;
#1940 = CARTESIAN_POINT ( 'NONE',  ( 0.2397548398516825552, -0.9827129313806381994, 2.774999999999999911 ) ) ;
#1941 = UNCERTAINTY_MEASURE_WITH_UNIT (LENGTH_MEASURE( 1.000000000000000082E-05 ), #8218, 'distance_accuracy_value', 'NONE');
#1942 =( NAMED_UNIT ( * ) SI_UNIT ( $, .STERADIAN. ) SOLID_ANGLE_UNIT ( ) );
#1943 = DIRECTION ( 'NONE',  ( -1.020425574104004122E-16, 0.000000000000000000, -1.000000000000000000 ) ) ;
#1944 = ORIENTED_EDGE ( 'NONE', *, *, #4007, .F. ) ;
#1945 = LINE ( 'NONE', #1042, #3857 ) ;
#1946 = VERTEX_POINT ( 'NONE', #6375 ) ;
#1947 = DIRECTION ( 'NONE',  ( 0.000000000000000000, 0.000000000000000000, -1.000000000000000000 ) ) ;
#1948 = CARTESIAN_POINT ( 'NONE',  ( -2.164957836983784745, -3.101766864349279285, -2.119236689479958358 ) ) ;
#1949 = FACE_OUTER_BOUND ( 'NONE', #4327, .T. ) ;
#1950 = CARTESIAN_POINT ( 'NONE',  ( 2.356267185530695585, -0.1491866968127367743, 2.875000000000000000 ) ) ;
#1951 = PRESENTATION_LAYER_ASSIGNMENT (  '', '', ( #4358 ) ) ;
#1952 = PRESENTATION_STYLE_ASSIGNMENT (( #1897 ) ) ;
#1953 = CARTESIAN_POINT ( 'NONE',  ( -1.625021394716218870, -1.056979906689279991, 2.774999999999999911 ) ) ;
#1954 = ORIENTED_EDGE ( 'NONE', *, *, #9594, .T. ) ;
#1955 = PLANE ( 'NONE',  #3506 ) ;
#1956 = ORIENTED_EDGE ( 'NONE', *, *, #10627, .F. ) ;
#1957 = EDGE_CURVE ( 'NONE', #3200, #1109, #5559, .T. ) ;
#1958 = VECTOR ( 'NONE', #9488, 1000.000000000000000 ) ;
#1959 = ADVANCED_FACE ( 'NONE', ( #8149 ), #1638, .T. ) ;
#1960 = CARTESIAN_POINT ( 'NONE',  ( -2.401063061382885611, -1.106362622738662704, 2.875000000000000000 ) ) ;
#1961 = CARTESIAN_POINT ( 'NONE',  ( -2.051526024345848409, -0.5945956474300208017, 2.875000000000000000 ) ) ;
#1962 = EDGE_CURVE ( 'NONE', #131, #10106, #7501, .T. ) ;
#1963 = FACE_OUTER_BOUND ( 'NONE', #2883, .T. ) ;
#1964 = VECTOR ( 'NONE', #10071, 1000.000000000000000 ) ;
#1965 = EDGE_CURVE ( 'NONE', #9566, #1290, #5832, .T. ) ;
#1966 = STYLED_ITEM ( 'NONE', ( #7064 ), #8883 ) ;
#1967 = DIRECTION ( 'NONE',  ( -0.4562023007992829227, 0.8898760929171209977, 0.000000000000000000 ) ) ;
#1968 = PRESENTATION_STYLE_ASSIGNMENT (( #420 ) ) ;
#1969 = CARTESIAN_POINT ( 'NONE',  ( -2.338563061382885611, -1.088037005454712158, 2.875000000000000000 ) ) ;
#1970 = PRESENTATION_LAYER_ASSIGNMENT (  '', '', ( #2831 ) ) ;
#1971 = LINE ( 'NONE', #690, #9720 ) ;
#1972 = VECTOR ( 'NONE', #9152, 1000.000000000000000 ) ;
#1973 = VECTOR ( 'NONE', #5593, 1000.000000000000000 ) ;
#1974 = CARTESIAN_POINT ( 'NONE',  ( -1.886209666321156941, -1.106362622738662704, 2.774999999999999911 ) ) ;
#1975 = PRESENTATION_STYLE_ASSIGNMENT (( #6985 ) ) ;
#1976 = ORIENTED_EDGE ( 'NONE', *, *, #9685, .F. ) ;
#1977 = PRESENTATION_LAYER_ASSIGNMENT (  '', '', ( #2672 ) ) ;
#1978 = CARTESIAN_POINT ( 'NONE',  ( -0.1796124440989347038, -0.9360308326152059211, 2.774999999999999911 ) ) ;
#1979 = PRESENTATION_LAYER_ASSIGNMENT (  '', '', ( #6098 ) ) ;
#1980 = SURFACE_STYLE_FILL_AREA ( #3797 ) ;
#1981 = ORIENTED_EDGE ( 'NONE', *, *, #7976, .F. ) ;
#1982 = EDGE_LOOP ( 'NONE', ( #10445, #7749, #8308, #2043, #8471, #4640, #9156, #2119, #4636, #8705, #1738, #7755 ) ) ;
#1983 = EDGE_LOOP ( 'NONE', ( #8852, #3160, #8067, #9578 ) ) ;
#1984 = EDGE_CURVE ( 'NONE', #7964, #10522, #4956, .T. ) ;
#1985 = DIRECTION ( 'NONE',  ( 0.4494316341708549656, -0.8933147296482436550, 0.000000000000000000 ) ) ;
#1986 = MECHANICAL_DESIGN_GEOMETRIC_PRESENTATION_REPRESENTATION (  '', ( #5611 ), #8866 ) ;
#1987 = FILL_AREA_STYLE ('',( #168 ) ) ;
#1988 =( GEOMETRIC_REPRESENTATION_CONTEXT ( 3 ) GLOBAL_UNCERTAINTY_ASSIGNED_CONTEXT ( ( #2347 ) ) GLOBAL_UNIT_ASSIGNED_CONTEXT ( ( #7581, #4344, #6231 ) ) REPRESENTATION_CONTEXT ( 'NONE', 'WORKASPACE' ) );
#1989 = CARTESIAN_POINT ( 'NONE',  ( -1.570000000000001172, -7.605096679918781355, 0.2049999999999999878 ) ) ;
#1990 = ORIENTED_EDGE ( 'NONE', *, *, #6535, .T. ) ;
#1991 = PRESENTATION_LAYER_ASSIGNMENT (  '', '', ( #6647 ) ) ;
#1992 = SURFACE_SIDE_STYLE ('',( #2749 ) ) ;
#1993 = CARTESIAN_POINT ( 'NONE',  ( -0.09222818483967543113, -0.8266558326152059211, 2.875000000000000000 ) ) ;
#1994 = ORIENTED_EDGE ( 'NONE', *, *, #3166, .F. ) ;
#1995 = DIRECTION ( 'NONE',  ( 0.000000000000000000, 1.000000000000000000, 0.000000000000000000 ) ) ;
#1996 = EDGE_LOOP ( 'NONE', ( #6087, #8775, #9479, #560 ) ) ;
#1997 = CARTESIAN_POINT ( 'NONE',  ( -1.494234357679181446, -0.1981836103929836557, 2.774999999999999911 ) ) ;
#1998 = COLOUR_RGB ( '',0.7529411764705882248, 0.7529411764705882248, 0.7529411764705882248 ) ;
#1999 = FACE_OUTER_BOUND ( 'NONE', #5883, .T. ) ;
#2000 = PRESENTATION_LAYER_ASSIGNMENT (  '', '', ( #4912 ) ) ;
#2001 = FILL_AREA_STYLE_COLOUR ( '', #8369 ) ;
#2002 = SURFACE_STYLE_FILL_AREA ( #5222 ) ;
#2003 = DIRECTION ( 'NONE',  ( -0.000000000000000000, 0.000000000000000000, 1.000000000000000000 ) ) ;
#2004 = CARTESIAN_POINT ( 'NONE',  ( 2.617262555901065380, -0.2792021289115022009, 2.774999999999999911 ) ) ;
#2005 = EDGE_CURVE ( 'NONE', #3566, #9481, #9095, .T. ) ;
#2006 = PRESENTATION_LAYER_ASSIGNMENT (  '', '', ( #9913 ) ) ;
#2007 = ORIENTED_EDGE ( 'NONE', *, *, #2634, .F. ) ;
#2008 = FILL_AREA_STYLE_COLOUR ( '', #195 ) ;
#2009 = CARTESIAN_POINT ( 'NONE',  ( -2.446780653975477726, -1.127774659775699684, 2.774999999999999911 ) ) ;
#2010 = ORIENTED_EDGE ( 'NONE', *, *, #5861, .T. ) ;
#2011 = PRESENTATION_LAYER_ASSIGNMENT (  '', '', ( #1851 ) ) ;
#2012 = ORIENTED_EDGE ( 'NONE', *, *, #1724, .T. ) ;
#2013 = DIRECTION ( 'NONE',  ( 0.4574957109978140535, -0.7624928516630229414, 0.4574957109978144421 ) ) ;
#2014 = DIRECTION ( 'NONE',  ( 1.000000000000000000, 0.000000000000000000, 0.000000000000000000 ) ) ;
#2015 = CARTESIAN_POINT ( 'NONE',  ( 2.849999999999999645, -4.800000000000000711, -1.475000000000000089 ) ) ;
#2016 = CARTESIAN_POINT ( 'NONE',  ( 0.2767918768887198122, -0.1277746597756997671, 2.774999999999999911 ) ) ;
#2017 = UNCERTAINTY_MEASURE_WITH_UNIT (LENGTH_MEASURE( 1.000000000000000082E-05 ), #2605, 'distance_accuracy_value', 'NONE');
#2018 = LINE ( 'NONE', #8481, #222 ) ;
#2019 = SURFACE_STYLE_USAGE ( .BOTH. , #362 ) ;
#2020 = PRESENTATION_LAYER_ASSIGNMENT (  '', '', ( #4943 ) ) ;
#2021 =( NAMED_UNIT ( * ) SI_UNIT ( $, .STERADIAN. ) SOLID_ANGLE_UNIT ( ) );
#2022 = ORIENTED_EDGE ( 'NONE', *, *, #9076, .F. ) ;
#2023 = CARTESIAN_POINT ( 'NONE',  ( 0.04762521022205323112, -1.127774659775699684, 2.774999999999999911 ) ) ;
#2024 =( NAMED_UNIT ( * ) SI_UNIT ( $, .STERADIAN. ) SOLID_ANGLE_UNIT ( ) );
#2025 = DIRECTION ( 'NONE',  ( 0.000000000000000000, -1.000000000000000000, 0.000000000000000000 ) ) ;
#2026 = EDGE_CURVE ( 'NONE', #8941, #1784, #30, .T. ) ;
#2027 = COLOUR_RGB ( '',0.7529411764705882248, 0.7529411764705882248, 0.7529411764705882248 ) ;
#2028 = UNCERTAINTY_MEASURE_WITH_UNIT (LENGTH_MEASURE( 1.000000000000000082E-05 ), #6184, 'distance_accuracy_value', 'NONE');
#2029 = VERTEX_POINT ( 'NONE', #5012 ) ;
#2030 = AXIS2_PLACEMENT_3D ( 'NONE', #9712, #6550, #7361 ) ;
#2031 = LINE ( 'NONE', #371, #1866 ) ;
#2032 = PRESENTATION_STYLE_ASSIGNMENT (( #6989 ) ) ;
#2033 = UNCERTAINTY_MEASURE_WITH_UNIT (LENGTH_MEASURE( 1.000000000000000082E-05 ), #5609, 'distance_accuracy_value', 'NONE');
#2034 = FILL_AREA_STYLE ('',( #8598 ) ) ;
#2035 = PRESENTATION_STYLE_ASSIGNMENT (( #3010 ) ) ;
#2036 = ORIENTED_EDGE ( 'NONE', *, *, #1048, .F. ) ;
#2037 = ORIENTED_EDGE ( 'NONE', *, *, #8555, .F. ) ;
#2038 = EDGE_LOOP ( 'NONE', ( #10277, #4154, #7065, #3749 ) ) ;
#2039 = EDGE_CURVE ( 'NONE', #6262, #10620, #7294, .T. ) ;
#2040 = LINE ( 'NONE', #10266, #3298 ) ;
#2041 = PLANE ( 'NONE',  #5562 ) ;
#2042 = CARTESIAN_POINT ( 'NONE',  ( 0.6838235294117623875, 0.4102941176470568663, 0.000000000000000000 ) ) ;
#2043 = ORIENTED_EDGE ( 'NONE', *, *, #2005, .F. ) ;
#2044 = CARTESIAN_POINT ( 'NONE',  ( 0.9299999999999993827, -3.101766864349280173, 0.8449999999999998623 ) ) ;
#2045 = ADVANCED_FACE ( 'NONE', ( #2546 ), #990, .T. ) ;
#2046 = VECTOR ( 'NONE', #7502, 1000.000000000000000 ) ;
#2047 = LINE ( 'NONE', #10065, #3363 ) ;
#2048 = CARTESIAN_POINT ( 'NONE',  ( -1.608817691012514928, -1.088037005454712158, 2.774999999999999911 ) ) ;
#2049 =( NAMED_UNIT ( * ) SI_UNIT ( $, .STERADIAN. ) SOLID_ANGLE_UNIT ( ) );
#2050 = ORIENTED_EDGE ( 'NONE', *, *, #3343, .F. ) ;
#2051 = CARTESIAN_POINT ( 'NONE',  ( 0.000000000000000000, 0.000000000000000000, 2.875000000000000000 ) ) ;
#2052 = ORIENTED_EDGE ( 'NONE', *, *, #5703, .F. ) ;
#2053 = ADVANCED_FACE ( 'NONE', ( #2500 ), #10563, .F. ) ;
#2054 = MECHANICAL_DESIGN_GEOMETRIC_PRESENTATION_REPRESENTATION (  '', ( #8937 ), #7044 ) ;
#2055 = FILL_AREA_STYLE ('',( #5337 ) ) ;
#2056 = ADVANCED_FACE ( 'NONE', ( #1148 ), #4467, .T. ) ;
#2057 = CARTESIAN_POINT ( 'NONE',  ( -2.164957836983784745, -3.101766864349278841, 0.2049999999999998768 ) ) ;
#2058 =( LENGTH_UNIT ( ) NAMED_UNIT ( * ) SI_UNIT ( .MILLI., .METRE. ) );
#2059 = VECTOR ( 'NONE', #9031, 1000.000000000000000 ) ;
#2060 = VECTOR ( 'NONE', #8223, 1000.000000000000000 ) ;
#2061 = ORIENTED_EDGE ( 'NONE', *, *, #4248, .T. ) ;
#2062 = PRESENTATION_STYLE_ASSIGNMENT (( #9422 ) ) ;
#2063 = COLOUR_RGB ( '',0.7960784313725489669, 0.8235294117647058432, 0.9372549019607843146 ) ;
#2064 =( LENGTH_UNIT ( ) NAMED_UNIT ( * ) SI_UNIT ( .MILLI., .METRE. ) );
#2065 = EDGE_LOOP ( 'NONE', ( #9912, #7358, #3230, #8403 ) ) ;
#2066 = PRESENTATION_LAYER_ASSIGNMENT (  '', '', ( #1728 ) ) ;
#2068 = VERTEX_POINT ( 'NONE', #9408 ) ;
#2067 = FILL_AREA_STYLE ('',( #2125 ) ) ;
#2069 = CARTESIAN_POINT ( 'NONE',  ( 1.366876753431929714, -0.1277746597756997671, 2.875000000000000000 ) ) ;
#2070 = CARTESIAN_POINT ( 'NONE',  ( -1.793038370024860662, -0.1493795980473046625, 2.774999999999999911 ) ) ;
#2071 = SURFACE_STYLE_USAGE ( .BOTH. , #9544 ) ;
#2072 = EDGE_CURVE ( 'NONE', #9172, #5316, #2047, .T. ) ;
#2073 = FILL_AREA_STYLE_COLOUR ( '', #8854 ) ;
#2074 = SURFACE_STYLE_FILL_AREA ( #10247 ) ;
#2075 = ORIENTED_EDGE ( 'NONE', *, *, #1507, .T. ) ;
#2076 = LINE ( 'NONE', #4543, #7063 ) ;
#2077 =( GEOMETRIC_REPRESENTATION_CONTEXT ( 3 ) GLOBAL_UNCERTAINTY_ASSIGNED_CONTEXT ( ( #9664 ) ) GLOBAL_UNIT_ASSIGNED_CONTEXT ( ( #1050, #5892, #3509 ) ) REPRESENTATION_CONTEXT ( 'NONE', 'WORKASPACE' ) );
#2078 = LINE ( 'NONE', #2780, #1277 ) ;
#2079 = ORIENTED_EDGE ( 'NONE', *, *, #10067, .F. ) ;
#2080 = CARTESIAN_POINT ( 'NONE',  ( 1.177254839851682888, -0.1277746597756997671, 2.774999999999999911 ) ) ;
#2081 = LINE ( 'NONE', #5358, #5888 ) ;
#2082 = EDGE_CURVE ( 'NONE', #5528, #8648, #9310, .T. ) ;
#2083 = FILL_AREA_STYLE ('',( #6006 ) ) ;
#2084 = SURFACE_STYLE_FILL_AREA ( #7908 ) ;
#2085 =( GEOMETRIC_REPRESENTATION_CONTEXT ( 3 ) GLOBAL_UNCERTAINTY_ASSIGNED_CONTEXT ( ( #4304 ) ) GLOBAL_UNIT_ASSIGNED_CONTEXT ( ( #6817, #8331, #3470 ) ) REPRESENTATION_CONTEXT ( 'NONE', 'WORKASPACE' ) );
#2086 = VECTOR ( 'NONE', #2492, 1000.000000000000000 ) ;
#2087 = ORIENTED_EDGE ( 'NONE', *, *, #3142, .T. ) ;
#2088 = DIRECTION ( 'NONE',  ( -0.7104032623526261858, 0.7037948599121378601, 0.000000000000000000 ) ) ;
#2089 = PLANE ( 'NONE',  #4303 ) ;
#2090 =( LENGTH_UNIT ( ) NAMED_UNIT ( * ) SI_UNIT ( .MILLI., .METRE. ) );
#2091 = DIRECTION ( 'NONE',  ( 1.000000000000000000, 0.000000000000000000, 0.000000000000000000 ) ) ;
#2092 = AXIS2_PLACEMENT_3D ( 'NONE', #6412, #4830, #2260 ) ;
#2093 =( NAMED_UNIT ( * ) SI_UNIT ( $, .STERADIAN. ) SOLID_ANGLE_UNIT ( ) );
#2094 = VERTEX_POINT ( 'NONE', #1038 ) ;
#2095 = ORIENTED_EDGE ( 'NONE', *, *, #7323, .T. ) ;
#2096 = ORIENTED_EDGE ( 'NONE', *, *, #4390, .F. ) ;
#2097 = CARTESIAN_POINT ( 'NONE',  ( 2.950000000000000178, 1.578285606387554996, 1.430978720524678005 ) ) ;
#2098 = EDGE_CURVE ( 'NONE', #627, #1313, #9260, .T. ) ;
#2099 = DIRECTION ( 'NONE',  ( -0.9405221620105692626, 0.3397323398897497682, 0.000000000000000000 ) ) ;
#2100 = ORIENTED_EDGE ( 'NONE', *, *, #700, .T. ) ;
#2101 = SURFACE_SIDE_STYLE ('',( #2908 ) ) ;
#2102 = AXIS2_PLACEMENT_3D ( 'NONE', #7529, #5038, #8335 ) ;
#2103 = EDGE_CURVE ( 'NONE', #10410, #5203, #5326, .T. ) ;
#2104 = CARTESIAN_POINT ( 'NONE',  ( 0.6049168768887196457, -0.1491866968127367743, 2.774999999999999911 ) ) ;
#2105 = FILL_AREA_STYLE_COLOUR ( '', #4455 ) ;
#2106 = EDGE_LOOP ( 'NONE', ( #231, #9301, #3108, #3860 ) ) ;
#2107 = EDGE_CURVE ( 'NONE', #6120, #4891, #4315, .T. ) ;
#2108 = DIRECTION ( 'NONE',  ( -0.000000000000000000, -0.000000000000000000, 1.000000000000000000 ) ) ;
#2109 = ORIENTED_EDGE ( 'NONE', *, *, #1718, .F. ) ;
#2110 = VECTOR ( 'NONE', #3199, 1000.000000000000000 ) ;
#2111 = STYLED_ITEM ( 'NONE', ( #4094 ), #5388 ) ;
#2112 = SURFACE_STYLE_USAGE ( .BOTH. , #3820 ) ;
#2113 = CARTESIAN_POINT ( 'NONE',  ( 2.208504839851682888, -1.127774659775699684, 2.774999999999999911 ) ) ;
#2114 = LINE ( 'NONE', #459, #9417 ) ;
#2115 = ADVANCED_FACE ( 'NONE', ( #5160 ), #6952, .F. ) ;
#2116 = COLOUR_RGB ( '',0.7529411764705882248, 0.7529411764705882248, 0.7529411764705882248 ) ;
#2117 = MECHANICAL_DESIGN_GEOMETRIC_PRESENTATION_REPRESENTATION (  '', ( #2799 ), #2300 ) ;
#2118 = PLANE ( 'NONE',  #8309 ) ;
#2119 = ORIENTED_EDGE ( 'NONE', *, *, #5786, .T. ) ;
#2120 = CARTESIAN_POINT ( 'NONE',  ( -2.166688061382885166, -0.1491866968127367743, 2.774999999999999911 ) ) ;
#2121 = EDGE_LOOP ( 'NONE', ( #3710, #10634, #5382, #702 ) ) ;
#2122 = ORIENTED_EDGE ( 'NONE', *, *, #2312, .T. ) ;
#2123 = COLOUR_RGB ( '',0.7529411764705882248, 0.7529411764705882248, 0.7529411764705882248 ) ;
#2124 = STYLED_ITEM ( 'NONE', ( #1975 ), #5855 ) ;
#2126 = ORIENTED_EDGE ( 'NONE', *, *, #9425, .T. ) ;
#2125 = FILL_AREA_STYLE_COLOUR ( '', #2874 ) ;
#2127 = FACE_OUTER_BOUND ( 'NONE', #6019, .T. ) ;
#2128 = DIRECTION ( 'NONE',  ( 0.000000000000000000, 1.000000000000000000, 0.000000000000000000 ) ) ;
#2129 = DIRECTION ( 'NONE',  ( -0.4533501542978090604, 0.8913325067550004199, 0.000000000000000000 ) ) ;
#2130 = LINE ( 'NONE', #1274, #9194 ) ;
#2131 = VERTEX_POINT ( 'NONE', #5379 ) ;
#2132 =( LENGTH_UNIT ( ) NAMED_UNIT ( * ) SI_UNIT ( .MILLI., .METRE. ) );
#2133 =( GEOMETRIC_REPRESENTATION_CONTEXT ( 3 ) GLOBAL_UNCERTAINTY_ASSIGNED_CONTEXT ( ( #6241 ) ) GLOBAL_UNIT_ASSIGNED_CONTEXT ( ( #7260, #7956, #8855 ) ) REPRESENTATION_CONTEXT ( 'NONE', 'WORKASPACE' ) );
#2134 = DIRECTION ( 'NONE',  ( 0.000000000000000000, -1.000000000000000000, 0.000000000000000000 ) ) ;
#2135 = ORIENTED_EDGE ( 'NONE', *, *, #10440, .F. ) ;
#2136 = DIRECTION ( 'NONE',  ( -0.9525549486528346321, 0.3043666699837478395, 0.000000000000000000 ) ) ;
#2137 = DIRECTION ( 'NONE',  ( -0.7021448105364893610, -0.7120341740651761064, 0.000000000000000000 ) ) ;
#2138 = FILL_AREA_STYLE ('',( #3848 ) ) ;
#2139 = VECTOR ( 'NONE', #335, 1000.000000000000000 ) ;
#2140 = UNCERTAINTY_MEASURE_WITH_UNIT (LENGTH_MEASURE( 1.000000000000000082E-05 ), #899, 'distance_accuracy_value', 'NONE');
#2141 = EDGE_LOOP ( 'NONE', ( #8922, #5083, #5936, #1025 ) ) ;
#2142 = DIRECTION ( 'NONE',  ( -0.7037948599121378601, -0.7104032623526261858, 0.000000000000000000 ) ) ;
#2143 = PRESENTATION_STYLE_ASSIGNMENT (( #6295 ) ) ;
#2144 = PRESENTATION_STYLE_ASSIGNMENT (( #1335 ) ) ;
#2145 = UNCERTAINTY_MEASURE_WITH_UNIT (LENGTH_MEASURE( 1.000000000000000082E-05 ), #9768, 'distance_accuracy_value', 'NONE');
#2146 = CARTESIAN_POINT ( 'NONE',  ( -3.699999999999999734, -3.500000000000000000, -2.875000000000000000 ) ) ;
#2147 = DIRECTION ( 'NONE',  ( -0.000000000000000000, -0.000000000000000000, 1.000000000000000000 ) ) ;
#2148 = VECTOR ( 'NONE', #2860, 1000.000000000000000 ) ;
#2149 = DIRECTION ( 'NONE',  ( -1.000000000000000000, 0.000000000000000000, 0.000000000000000000 ) ) ;
#2150 = VERTEX_POINT ( 'NONE', #9628 ) ;
#2151 = EDGE_LOOP ( 'NONE', ( #1834, #4642, #8039, #3893 ) ) ;
#2152 = ORIENTED_EDGE ( 'NONE', *, *, #4949, .F. ) ;
#2153 = VECTOR ( 'NONE', #818, 1000.000000000000000 ) ;
#2154 = DIRECTION ( 'NONE',  ( 0.000000000000000000, 1.000000000000000000, 0.000000000000000000 ) ) ;
#2155 = CARTESIAN_POINT ( 'NONE',  ( 0.3340835435553862198, -0.7481450301460700336, 2.774999999999999911 ) ) ;
#2156 = ORIENTED_EDGE ( 'NONE', *, *, #954, .T. ) ;
#2157 =( NAMED_UNIT ( * ) SI_UNIT ( $, .STERADIAN. ) SOLID_ANGLE_UNIT ( ) );
#2158 = UNCERTAINTY_MEASURE_WITH_UNIT (LENGTH_MEASURE( 1.000000000000000082E-05 ), #5607, 'distance_accuracy_value', 'NONE');
#2159 = VECTOR ( 'NONE', #8130, 1000.000000000000000 ) ;
#2160 = DIRECTION ( 'NONE',  ( -0.000000000000000000, -1.000000000000000000, -0.000000000000000000 ) ) ;
#2161 = EDGE_CURVE ( 'NONE', #9960, #10364, #4515, .T. ) ;
#2162 = ORIENTED_EDGE ( 'NONE', *, *, #2241, .F. ) ;
#2163 = AXIS2_PLACEMENT_3D ( 'NONE', #1769, #5049, #7536 ) ;
#2164 = EDGE_LOOP ( 'NONE', ( #8215, #1040, #5586, #7108 ) ) ;
#2165 = AXIS2_PLACEMENT_3D ( 'NONE', #5093, #6823, #1122 ) ;
#2166 = ADVANCED_FACE ( 'NONE', ( #9575 ), #8656, .F. ) ;
#2167 = DIRECTION ( 'NONE',  ( 1.000000000000000000, 0.000000000000000000, 0.000000000000000000 ) ) ;
#2168 = AXIS2_PLACEMENT_3D ( 'NONE', #6692, #8360, #9854 ) ;
#2169 = CARTESIAN_POINT ( 'NONE',  ( 1.078296506518349185, -0.6158147832324898374, 2.774999999999999911 ) ) ;
#2170 = DIRECTION ( 'NONE',  ( -0.5937667641870209012, 0.8046372038048419384, 0.000000000000000000 ) ) ;
#2171 = COLOUR_RGB ( '',0.7529411764705882248, 0.7529411764705882248, 0.7529411764705882248 ) ;
#2172 =( NAMED_UNIT ( * ) PLANE_ANGLE_UNIT ( ) SI_UNIT ( $, .RADIAN. ) );
#2173 = SURFACE_STYLE_FILL_AREA ( #1469 ) ;
#2174 = LINE ( 'NONE', #7629, #4634 ) ;
#2175 = VERTEX_POINT ( 'NONE', #9459 ) ;
#2176 = PRESENTATION_LAYER_ASSIGNMENT (  '', '', ( #6310 ) ) ;
#2177 = CARTESIAN_POINT ( 'NONE',  ( 1.834855148493658161, -1.106362622738662704, 2.774999999999999911 ) ) ;
#2178 = ORIENTED_EDGE ( 'NONE', *, *, #3274, .T. ) ;
#2179 = ORIENTED_EDGE ( 'NONE', *, *, #2740, .T. ) ;
#2180 = EDGE_CURVE ( 'NONE', #10554, #423, #7169, .T. ) ;
#2181 = ORIENTED_EDGE ( 'NONE', *, *, #3642, .F. ) ;
#2182 = CARTESIAN_POINT ( 'NONE',  ( 0.8159508275060035620, -0.9319799066892799910, 2.774999999999999911 ) ) ;
#2183 = CARTESIAN_POINT ( 'NONE',  ( 2.208504839851682888, -1.106362622738662704, 2.875000000000000000 ) ) ;
#2184 = MECHANICAL_DESIGN_GEOMETRIC_PRESENTATION_REPRESENTATION (  '', ( #9913 ), #828 ) ;
#2185 = CARTESIAN_POINT ( 'NONE',  ( -1.341263678666835935, -0.1675123140966873203, 2.875000000000000000 ) ) ;
#2186 = FACE_OUTER_BOUND ( 'NONE', #8990, .T. ) ;
#2187 = DIRECTION ( 'NONE',  ( -0.8944271909999159664, -0.4472135954999579832, 0.000000000000000000 ) ) ;
#2188 = ORIENTED_EDGE ( 'NONE', *, *, #2236, .F. ) ;
#2189 =( NAMED_UNIT ( * ) PLANE_ANGLE_UNIT ( ) SI_UNIT ( $, .RADIAN. ) );
#2190 = ORIENTED_EDGE ( 'NONE', *, *, #5330, .T. ) ;
#2191 = FILL_AREA_STYLE ('',( #4447 ) ) ;
#2192 = CARTESIAN_POINT ( 'NONE',  ( -2.522058823529413019, 1.513235294117645457, 0.000000000000000000 ) ) ;
#2193 = ORIENTED_EDGE ( 'NONE', *, *, #5975, .F. ) ;
#2194 =( NAMED_UNIT ( * ) PLANE_ANGLE_UNIT ( ) SI_UNIT ( $, .RADIAN. ) );
#2195 = DIRECTION ( 'NONE',  ( 0.000000000000000000, -0.000000000000000000, 1.000000000000000000 ) ) ;
#2196 = CARTESIAN_POINT ( 'NONE',  ( 0.6498628645430406525, -0.1491866968127367743, 2.875000000000000000 ) ) ;
#2197 = LINE ( 'NONE', #6075, #8347 ) ;
#2198 = ORIENTED_EDGE ( 'NONE', *, *, #147, .F. ) ;
#2199 = ORIENTED_EDGE ( 'NONE', *, *, #1521, .F. ) ;
#2200 = VERTEX_POINT ( 'NONE', #6311 ) ;
#2201 = VECTOR ( 'NONE', #146, 1000.000000000000114 ) ;
#2202 = CARTESIAN_POINT ( 'NONE',  ( 1.942879839851682888, -1.088037005454712158, 2.774999999999999911 ) ) ;
#2203 = AXIS2_PLACEMENT_3D ( 'NONE', #9653, #7789, #10461 ) ;
#2204 =( NAMED_UNIT ( * ) PLANE_ANGLE_UNIT ( ) SI_UNIT ( $, .RADIAN. ) );
#2205 =( NAMED_UNIT ( * ) SI_UNIT ( $, .STERADIAN. ) SOLID_ANGLE_UNIT ( ) );
#2206 =( NAMED_UNIT ( * ) PLANE_ANGLE_UNIT ( ) SI_UNIT ( $, .RADIAN. ) );
#2207 = EDGE_LOOP ( 'NONE', ( #1430, #5095, #1990, #10287 ) ) ;
#2208 = DIRECTION ( 'NONE',  ( -0.4076508403738874908, -0.9131378824375118164, 0.000000000000000000 ) ) ;
#2209 = CARTESIAN_POINT ( 'NONE',  ( -1.233238987308811208, -0.1491866968127367743, 2.774999999999999911 ) ) ;
#2210 = VECTOR ( 'NONE', #6280, 1000.000000000000000 ) ;
#2211 = PLANE ( 'NONE',  #938 ) ;
#2212 = ORIENTED_EDGE ( 'NONE', *, *, #3870, .F. ) ;
#2213 = DIRECTION ( 'NONE',  ( -0.000000000000000000, -0.000000000000000000, 1.000000000000000000 ) ) ;
#2214 = ORIENTED_EDGE ( 'NONE', *, *, #4151, .F. ) ;
#2215 = PRESENTATION_STYLE_ASSIGNMENT (( #7125 ) ) ;
#2216 = DIRECTION ( 'NONE',  ( -0.6594647250446330489, 0.7517355096187797736, 0.000000000000000000 ) ) ;
#2217 = VECTOR ( 'NONE', #7295, 1000.000000000000000 ) ;
#2218 = DIRECTION ( 'NONE',  ( 0.000000000000000000, 1.000000000000000000, 0.000000000000000000 ) ) ;
#2219 = CARTESIAN_POINT ( 'NONE',  ( -1.558663370024860662, -1.106362622738662704, 2.774999999999999911 ) ) ;
#2220 = DIRECTION ( 'NONE',  ( 0.9596009732027614980, 0.2813644828835243361, 0.000000000000000000 ) ) ;
#2221 = DIRECTION ( 'NONE',  ( 0.9596009732027614980, 0.2813644828835243361, 0.000000000000000000 ) ) ;
#2222 = ORIENTED_EDGE ( 'NONE', *, *, #10462, .T. ) ;
#2223 = AXIS2_PLACEMENT_3D ( 'NONE', #9688, #9577, #7059 ) ;
#2224 = LINE ( 'NONE', #573, #951 ) ;
#2225 = VERTEX_POINT ( 'NONE', #2910 ) ;
#2226 = ADVANCED_FACE ( 'NONE', ( #554 ), #3706, .T. ) ;
#2228 = ORIENTED_EDGE ( 'NONE', *, *, #4066, .T. ) ;
#2227 = CARTESIAN_POINT ( 'NONE',  ( 2.112054222567731898, -1.088037005454712158, 2.774999999999999911 ) ) ;
#2229 = CARTESIAN_POINT ( 'NONE',  ( 1.569999999999999396, -3.101766864349278841, -2.875000000000000000 ) ) ;
#2230 = CARTESIAN_POINT ( 'NONE',  ( 1.179955457135633434, -0.1451357708868107887, 2.875000000000000000 ) ) ;
#2231 = AXIS2_PLACEMENT_3D ( 'NONE', #2155, #4672, #10486 ) ;
#2232 = PLANE ( 'NONE',  #6418 ) ;
#2233 = VERTEX_POINT ( 'NONE', #2376 ) ;
#2234 = DIRECTION ( 'NONE',  ( -0.9405221620105692626, 0.3397323398897498237, 0.000000000000000000 ) ) ;
#2235 = PLANE ( 'NONE',  #4364 ) ;
#2236 = EDGE_CURVE ( 'NONE', #10056, #5344, #9788, .T. ) ;
#2237 = ORIENTED_EDGE ( 'NONE', *, *, #6156, .T. ) ;
#2238 = STYLED_ITEM ( 'NONE', ( #4662 ), #3863 ) ;
#2239 = COLOUR_RGB ( '',0.7529411764705882248, 0.7529411764705882248, 0.7529411764705882248 ) ;
#2240 = SURFACE_STYLE_USAGE ( .BOTH. , #4709 ) ;
#2241 = EDGE_CURVE ( 'NONE', #5913, #5125, #4086, .T. ) ;
#2242 = CARTESIAN_POINT ( 'NONE',  ( 0.5418381731850160365, -0.1675123140966873203, 2.875000000000000000 ) ) ;
#2243 = SURFACE_STYLE_FILL_AREA ( #2416 ) ;
#2244 = UNCERTAINTY_MEASURE_WITH_UNIT (LENGTH_MEASURE( 1.000000000000000082E-05 ), #735, 'distance_accuracy_value', 'NONE');
#2245 = ORIENTED_EDGE ( 'NONE', *, *, #6570, .T. ) ;
#2246 = SURFACE_STYLE_USAGE ( .BOTH. , #6126 ) ;
#2247 = LINE ( 'NONE', #6127, #1381 ) ;
#2248 = STYLED_ITEM ( 'NONE', ( #10175 ), #6468 ) ;
#2249 = PRESENTATION_LAYER_ASSIGNMENT (  '', '', ( #6205 ) ) ;
#2250 = SURFACE_STYLE_FILL_AREA ( #5482 ) ;
#2251 = EDGE_CURVE ( 'NONE', #5213, #10608, #8187, .T. ) ;
#2252 =( NAMED_UNIT ( * ) PLANE_ANGLE_UNIT ( ) SI_UNIT ( $, .RADIAN. ) );
#2253 = PLANE ( 'NONE',  #8006 ) ;
#2254 = ORIENTED_EDGE ( 'NONE', *, *, #6208, .T. ) ;
#2255 = ORIENTED_EDGE ( 'NONE', *, *, #3047, .F. ) ;
#2256 = VERTEX_POINT ( 'NONE', #8938 ) ;
#2257 = ADVANCED_FACE ( 'NONE', ( #7383 ), #2484, .T. ) ;
#2258 = COLOUR_RGB ( '',0.7529411764705882248, 0.7529411764705882248, 0.7529411764705882248 ) ;
#2259 =( GEOMETRIC_REPRESENTATION_CONTEXT ( 3 ) GLOBAL_UNCERTAINTY_ASSIGNED_CONTEXT ( ( #1606 ) ) GLOBAL_UNIT_ASSIGNED_CONTEXT ( ( #6318, #7177, #9637 ) ) REPRESENTATION_CONTEXT ( 'NONE', 'WORKASPACE' ) );
#2260 = DIRECTION ( 'NONE',  ( -0.000000000000000000, 0.000000000000000000, 1.000000000000000000 ) ) ;
#2261 = ADVANCED_FACE ( 'NONE', ( #9739 ), #7442, .T. ) ;
#2262 = CARTESIAN_POINT ( 'NONE',  ( 1.886902865494877402, 1.521456047850031412, -2.875999999999999890 ) ) ;
#2263 = DIRECTION ( 'NONE',  ( -1.000000000000000000, 0.000000000000000000, 0.000000000000000000 ) ) ;
#2264 = SURFACE_SIDE_STYLE ('',( #5602 ) ) ;
#2265 = EDGE_LOOP ( 'NONE', ( #10424, #9858, #5414, #4465 ) ) ;
#2266 = CARTESIAN_POINT ( 'NONE',  ( -1.558663370024860662, -1.106362622738662704, 2.774999999999999911 ) ) ;
#2267 = UNCERTAINTY_MEASURE_WITH_UNIT (LENGTH_MEASURE( 1.000000000000000082E-05 ), #539, 'distance_accuracy_value', 'NONE');
#2268 = PLANE ( 'NONE',  #2223 ) ;
#2269 = COLOUR_RGB ( '',0.7529411764705882248, 0.7529411764705882248, 0.7529411764705882248 ) ;
#2270 = MECHANICAL_DESIGN_GEOMETRIC_PRESENTATION_REPRESENTATION (  '', ( #8113 ), #9120 ) ;
#2271 = CARTESIAN_POINT ( 'NONE',  ( 2.240333543555386164, -0.1491866968127367743, 2.875000000000000000 ) ) ;
#2272 = ORIENTED_EDGE ( 'NONE', *, *, #9926, .F. ) ;
#2273 = FILL_AREA_STYLE ('',( #10390 ) ) ;
#2274 = ORIENTED_EDGE ( 'NONE', *, *, #3995, .T. ) ;
#2275 = CARTESIAN_POINT ( 'NONE',  ( 1.569999999999999396, 3.100000000000000089, 0.8449999999999998623 ) ) ;
#2276 = VECTOR ( 'NONE', #1913, 1000.000000000000000 ) ;
#2277 =( GEOMETRIC_REPRESENTATION_CONTEXT ( 3 ) GLOBAL_UNCERTAINTY_ASSIGNED_CONTEXT ( ( #7095 ) ) GLOBAL_UNIT_ASSIGNED_CONTEXT ( ( #10042, #9183, #7486 ) ) REPRESENTATION_CONTEXT ( 'NONE', 'WORKASPACE' ) );
#2278 = SURFACE_STYLE_USAGE ( .BOTH. , #1354 ) ;
#2279 =( NAMED_UNIT ( * ) SI_UNIT ( $, .STERADIAN. ) SOLID_ANGLE_UNIT ( ) );
#2280 = CARTESIAN_POINT ( 'NONE',  ( -0.2004457774322679076, -0.9802052153312552640, 2.774999999999999911 ) ) ;
#2281 = CARTESIAN_POINT ( 'NONE',  ( 0.1433042225677319537, -1.079742252368292244, 2.875000000000000000 ) ) ;
#2282 = EDGE_CURVE ( 'NONE', #8647, #5203, #724, .T. ) ;
#2283 =( NAMED_UNIT ( * ) SI_UNIT ( $, .STERADIAN. ) SOLID_ANGLE_UNIT ( ) );
#2284 = VERTEX_POINT ( 'NONE', #1508 ) ;
#2285 = STYLED_ITEM ( 'NONE', ( #8109 ), #7400 ) ;
#2286 = MECHANICAL_DESIGN_GEOMETRIC_PRESENTATION_REPRESENTATION (  '', ( #9476 ), #1081 ) ;
#2287 = CARTESIAN_POINT ( 'NONE',  ( 0.9299999999999993827, 3.100000000000000089, 0.8449999999999998623 ) ) ;
#2288 = VERTEX_POINT ( 'NONE', #3983 ) ;
#2289 = ORIENTED_EDGE ( 'NONE', *, *, #7558, .T. ) ;
#2290 = SURFACE_STYLE_FILL_AREA ( #8681 ) ;
#2291 = LINE ( 'NONE', #8005, #7916 ) ;
#2292 = VECTOR ( 'NONE', #7827, 1000.000000000000114 ) ;
#2293 = VECTOR ( 'NONE', #8245, 1000.000000000000114 ) ;
#2294 = SURFACE_STYLE_USAGE ( .BOTH. , #9656 ) ;
#2295 = LINE ( 'NONE', #7898, #9831 ) ;
#2296 = ORIENTED_EDGE ( 'NONE', *, *, #1592, .F. ) ;
#2297 = LINE ( 'NONE', #5577, #1391 ) ;
#2298 = EDGE_CURVE ( 'NONE', #4800, #9187, #7283, .T. ) ;
#2299 = ORIENTED_EDGE ( 'NONE', *, *, #9217, .T. ) ;
#2300 =( GEOMETRIC_REPRESENTATION_CONTEXT ( 3 ) GLOBAL_UNCERTAINTY_ASSIGNED_CONTEXT ( ( #6986 ) ) GLOBAL_UNIT_ASSIGNED_CONTEXT ( ( #605, #383, #5319 ) ) REPRESENTATION_CONTEXT ( 'NONE', 'WORKASPACE' ) );
#2301 = EDGE_CURVE ( 'NONE', #7267, #1339, #6072, .T. ) ;
#2302 = ADVANCED_FACE ( 'NONE', ( #5050 ), #10050, .F. ) ;
#2303 = LINE ( 'NONE', #10637, #1620 ) ;
#2304 = EDGE_CURVE ( 'NONE', #6479, #5453, #8399, .T. ) ;
#2305 = ORIENTED_EDGE ( 'NONE', *, *, #7562, .F. ) ;
#2306 = LINE ( 'NONE', #9724, #2850 ) ;
#2307 = VECTOR ( 'NONE', #7146, 1000.000000000000000 ) ;
#2308 = COLOUR_RGB ( '',0.7529411764705882248, 0.7529411764705882248, 0.7529411764705882248 ) ;
#2309 =( NAMED_UNIT ( * ) PLANE_ANGLE_UNIT ( ) SI_UNIT ( $, .RADIAN. ) );
#2310 = CARTESIAN_POINT ( 'NONE',  ( -2.950000000000000178, 3.100000000000002309, -2.125000000000000000 ) ) ;
#2311 =( LENGTH_UNIT ( ) NAMED_UNIT ( * ) SI_UNIT ( .MILLI., .METRE. ) );
#2312 = EDGE_CURVE ( 'NONE', #1082, #8560, #1132, .T. ) ;
#2313 = CARTESIAN_POINT ( 'NONE',  ( -0.1352451601483173338, -1.062766943726316970, 2.875000000000000000 ) ) ;
#2314 = VERTEX_POINT ( 'NONE', #317 ) ;
#2315 = ORIENTED_EDGE ( 'NONE', *, *, #7783, .T. ) ;
#2316 = VERTEX_POINT ( 'NONE', #4250 ) ;
#2317 = CYLINDRICAL_SURFACE ( 'NONE', #2783, 0.1999999999999999833 ) ;
#2318 = DIRECTION ( 'NONE',  ( 0.1660820115642893668, 0.9861119436629693924, 0.000000000000000000 ) ) ;
#2319 = ORIENTED_EDGE ( 'NONE', *, *, #6430, .T. ) ;
#2320 = FILL_AREA_STYLE ('',( #1453 ) ) ;
#2321 = LINE ( 'NONE', #9629, #4797 ) ;
#2322 = VECTOR ( 'NONE', #9413, 1000.000000000000000 ) ;
#2323 = ADVANCED_FACE ( 'NONE', ( #1077 ), #3588, .T. ) ;
#2324 = SURFACE_STYLE_FILL_AREA ( #3131 ) ;
#2325 = VERTEX_POINT ( 'NONE', #160 ) ;
#2326 = SURFACE_SIDE_STYLE ('',( #4040 ) ) ;
#2327 = LINE ( 'NONE', #5666, #6422 ) ;
#2328 = MECHANICAL_DESIGN_GEOMETRIC_PRESENTATION_REPRESENTATION (  '', ( #964 ), #2511 ) ;
#2329 = DIRECTION ( 'NONE',  ( -0.4451011978129594815, 0.8954802754418819122, 0.000000000000000000 ) ) ;
#2330 = FILL_AREA_STYLE ('',( #8091 ) ) ;
#2331 = DIRECTION ( 'NONE',  ( -0.4671210330955545276, 0.8841933840737228323, 0.000000000000000000 ) ) ;
#2332 = STYLED_ITEM ( 'NONE', ( #6925 ), #2699 ) ;
#2333 = DIRECTION ( 'NONE',  ( 0.000000000000000000, -0.000000000000000000, -1.000000000000000000 ) ) ;
#2334 = FILL_AREA_STYLE_COLOUR ( '', #3700 ) ;
#2335 = DIRECTION ( 'NONE',  ( 1.000000000000000000, 0.000000000000000000, 0.000000000000000000 ) ) ;
#2336 = CARTESIAN_POINT ( 'NONE',  ( 0.000000000000000000, 0.7301470588235285941, -1.216911764705882026 ) ) ;
#2337 = ORIENTED_EDGE ( 'NONE', *, *, #7035, .F. ) ;
#2338 = FILL_AREA_STYLE ('',( #6599 ) ) ;
#2339 = ORIENTED_EDGE ( 'NONE', *, *, #8349, .T. ) ;
#2340 = SURFACE_STYLE_FILL_AREA ( #9704 ) ;
#2342 = ORIENTED_EDGE ( 'NONE', *, *, #3355, .F. ) ;
#2341 = FACE_BOUND ( 'NONE', #2265, .T. ) ;
#2343 = PRESENTATION_STYLE_ASSIGNMENT (( #3051 ) ) ;
#2344 = DIRECTION ( 'NONE',  ( 0.000000000000000000, 1.000000000000000000, 0.000000000000000000 ) ) ;
#2345 = EDGE_CURVE ( 'NONE', #10003, #10546, #5866, .T. ) ;
#2346 = FACE_OUTER_BOUND ( 'NONE', #5768, .T. ) ;
#2347 = UNCERTAINTY_MEASURE_WITH_UNIT (LENGTH_MEASURE( 1.000000000000000082E-05 ), #7581, 'distance_accuracy_value', 'NONE');
#2348 =( NAMED_UNIT ( * ) SI_UNIT ( $, .STERADIAN. ) SOLID_ANGLE_UNIT ( ) );
#2349 = EDGE_LOOP ( 'NONE', ( #8499, #10079, #7175, #9224 ) ) ;
#2350 = FACE_OUTER_BOUND ( 'NONE', #4852, .T. ) ;
#2351 =( NAMED_UNIT ( * ) SI_UNIT ( $, .STERADIAN. ) SOLID_ANGLE_UNIT ( ) );
#2352 = ORIENTED_EDGE ( 'NONE', *, *, #1452, .F. ) ;
#2353 =( NAMED_UNIT ( * ) PLANE_ANGLE_UNIT ( ) SI_UNIT ( $, .RADIAN. ) );
#2354 = DIRECTION ( 'NONE',  ( 0.5144957554275259026, 0.8574929257125444293, 0.000000000000000000 ) ) ;
#2355 = DIRECTION ( 'NONE',  ( 0.000000000000000000, -1.000000000000000000, 0.000000000000000000 ) ) ;
#2356 = UNCERTAINTY_MEASURE_WITH_UNIT (LENGTH_MEASURE( 1.000000000000000082E-05 ), #7933, 'distance_accuracy_value', 'NONE');
#2357 = ORIENTED_EDGE ( 'NONE', *, *, #5773, .T. ) ;
#2358 = LINE ( 'NONE', #9069, #6734 ) ;
#2359 = EDGE_CURVE ( 'NONE', #627, #65, #9995, .T. ) ;
#2360 = FILL_AREA_STYLE_COLOUR ( '', #8362 ) ;
#2361 = FILL_AREA_STYLE_COLOUR ( '', #6196 ) ;
#2362 = DIRECTION ( 'NONE',  ( -0.9143303489669231121, -0.4049691506251120177, 0.000000000000000000 ) ) ;
#2363 = FACE_OUTER_BOUND ( 'NONE', #7646, .T. ) ;
#2364 =( GEOMETRIC_REPRESENTATION_CONTEXT ( 3 ) GLOBAL_UNCERTAINTY_ASSIGNED_CONTEXT ( ( #787 ) ) GLOBAL_UNIT_ASSIGNED_CONTEXT ( ( #9377, #356, #2981 ) ) REPRESENTATION_CONTEXT ( 'NONE', 'WORKASPACE' ) );
#2365 = CARTESIAN_POINT ( 'NONE',  ( 1.569999999999999396, -7.605096679918781355, 0.2049999999999998768 ) ) ;
#2366 = VERTEX_POINT ( 'NONE', #3854 ) ;
#2367 = ORIENTED_EDGE ( 'NONE', *, *, #3422, .F. ) ;
#2368 = EDGE_CURVE ( 'NONE', #1476, #280, #10258, .T. ) ;
#2369 = LINE ( 'NONE', #4778, #4329 ) ;
#2370 = DIRECTION ( 'NONE',  ( 0.000000000000000000, 1.000000000000000000, 0.000000000000000000 ) ) ;
#2371 =( LENGTH_UNIT ( ) NAMED_UNIT ( * ) SI_UNIT ( .MILLI., .METRE. ) );
#2372 = VECTOR ( 'NONE', #10096, 1000.000000000000000 ) ;
#2373 = ORIENTED_EDGE ( 'NONE', *, *, #9962, .T. ) ;
#2374 = SURFACE_STYLE_FILL_AREA ( #8769 ) ;
#2375 = UNCERTAINTY_MEASURE_WITH_UNIT (LENGTH_MEASURE( 1.000000000000000082E-05 ), #174, 'distance_accuracy_value', 'NONE');
#2376 = CARTESIAN_POINT ( 'NONE',  ( 0.9039137904689669156, -1.073762314096687431, 2.875000000000000000 ) ) ;
#2377 = SURFACE_STYLE_FILL_AREA ( #3023 ) ;
#2378 = CARTESIAN_POINT ( 'NONE',  ( -0.9300000000000010481, -6.700000000000000178, 0.2049999999999999878 ) ) ;
#2379 = ADVANCED_FACE ( 'NONE', ( #4603 ), #8644, .T. ) ;
#2380 =( GEOMETRIC_REPRESENTATION_CONTEXT ( 3 ) GLOBAL_UNCERTAINTY_ASSIGNED_CONTEXT ( ( #2778 ) ) GLOBAL_UNIT_ASSIGNED_CONTEXT ( ( #1604, #9822, #916 ) ) REPRESENTATION_CONTEXT ( 'NONE', 'WORKASPACE' ) );
#2381 = FACE_OUTER_BOUND ( 'NONE', #9716, .T. ) ;
#2382 = ORIENTED_EDGE ( 'NONE', *, *, #7200, .F. ) ;
#2383 = EDGE_LOOP ( 'NONE', ( #956, #3232, #8575, #4501 ) ) ;
#2384 = CARTESIAN_POINT ( 'NONE',  ( 2.096429222567731898, -1.056979906689279991, 2.875000000000000000 ) ) ;
#2385 =( LENGTH_UNIT ( ) NAMED_UNIT ( * ) SI_UNIT ( .MILLI., .METRE. ) );
#2386 = ADVANCED_FACE ( 'NONE', ( #3004 ), #3744, .T. ) ;
#2387 = ADVANCED_FACE ( 'NONE', ( #4660 ), #7966, .T. ) ;
#2388 = DIRECTION ( 'NONE',  ( 1.020425574104004122E-16, 0.000000000000000000, 1.000000000000000000 ) ) ;
#2389 = SURFACE_STYLE_USAGE ( .BOTH. , #8046 ) ;
#2390 = PRESENTATION_STYLE_ASSIGNMENT (( #9752 ) ) ;
#2391 = AXIS2_PLACEMENT_3D ( 'NONE', #10035, #4388, #9329 ) ;
#2392 = DIRECTION ( 'NONE',  ( -0.000000000000000000, -0.000000000000000000, 1.000000000000000000 ) ) ;
#2393 = EDGE_CURVE ( 'NONE', #3811, #3976, #7271, .T. ) ;
#2394 = ORIENTED_EDGE ( 'NONE', *, *, #2964, .F. ) ;
#2395 = ORIENTED_EDGE ( 'NONE', *, *, #4297, .T. ) ;
#2396 = DIRECTION ( 'NONE',  ( -0.000000000000000000, -0.000000000000000000, 1.000000000000000000 ) ) ;
#2397 = VECTOR ( 'NONE', #8981, 1000.000000000000000 ) ;
#2398 = COLOUR_RGB ( '',0.7529411764705882248, 0.7529411764705882248, 0.7529411764705882248 ) ;
#2399 = EDGE_CURVE ( 'NONE', #10518, #2610, #9727, .T. ) ;
#2400 = ORIENTED_EDGE ( 'NONE', *, *, #8438, .T. ) ;
#2401 = CARTESIAN_POINT ( 'NONE',  ( 2.038558852197361659, -0.1746496597756997116, 2.875000000000000000 ) ) ;
#2402 = ADVANCED_FACE ( 'NONE', ( #1669 ), #759, .T. ) ;
#2403 = FILL_AREA_STYLE ('',( #8057 ) ) ;
#2404 =( GEOMETRIC_REPRESENTATION_CONTEXT ( 3 ) GLOBAL_UNCERTAINTY_ASSIGNED_CONTEXT ( ( #7854 ) ) GLOBAL_UNIT_ASSIGNED_CONTEXT ( ( #1261, #3472, #5135 ) ) REPRESENTATION_CONTEXT ( 'NONE', 'WORKASPACE' ) );
#2405 = PRODUCT_DEFINITION_SHAPE ( 'NONE', 'NONE',  #8275 ) ;
#2406 = DIRECTION ( 'NONE',  ( -1.000000000000000000, 0.000000000000000000, 0.000000000000000000 ) ) ;
#2407 = VERTEX_POINT ( 'NONE', #4025 ) ;
#2408 = VECTOR ( 'NONE', #1688, 999.9999999999998863 ) ;
#2409 = CYLINDRICAL_SURFACE ( 'NONE', #1110, 0.2000000000000000944 ) ;
#2410 = VERTEX_POINT ( 'NONE', #4927 ) ;
#2411 = VECTOR ( 'NONE', #2911, 1000.000000000000000 ) ;
#2412 = SURFACE_STYLE_FILL_AREA ( #641 ) ;
#2413 = VECTOR ( 'NONE', #4161, 1000.000000000000000 ) ;
#2414 = EDGE_CURVE ( 'NONE', #6388, #10507, #9072, .T. ) ;
#2415 = CARTESIAN_POINT ( 'NONE',  ( -1.614604728049552129, -0.6146573758250823971, 2.875000000000000000 ) ) ;
#2416 = FILL_AREA_STYLE ('',( #6508 ) ) ;
#2417 = ORIENTED_EDGE ( 'NONE', *, *, #2575, .T. ) ;
#2418 = CARTESIAN_POINT ( 'NONE',  ( 2.162980148493658383, -1.106362622738662704, 2.774999999999999911 ) ) ;
#2419 = LINE ( 'NONE', #3210, #4052 ) ;
#2420 = LINE ( 'NONE', #7319, #344 ) ;
#2421 = VECTOR ( 'NONE', #4494, 1000.000000000000114 ) ;
#2422 = PRESENTATION_LAYER_ASSIGNMENT (  '', '', ( #7055 ) ) ;
#2423 = DIRECTION ( 'NONE',  ( 0.000000000000000000, 0.5517613854158065489, 0.8340020225179490820 ) ) ;
#2424 = EDGE_CURVE ( 'NONE', #1546, #7209, #8070, .T. ) ;
#2425 = CARTESIAN_POINT ( 'NONE',  ( 2.596429222567732342, -0.2141944128621195154, 2.774999999999999911 ) ) ;
#2426 = FILL_AREA_STYLE_COLOUR ( '', #8921 ) ;
#2427 = PRESENTATION_LAYER_ASSIGNMENT (  '', '', ( #7062 ) ) ;
#2428 = ORIENTED_EDGE ( 'NONE', *, *, #6998, .F. ) ;
#2429 = CARTESIAN_POINT ( 'NONE',  ( 3.699999999999999734, 3.500000000000000000, 1.898270704789492003 ) ) ;
#2430 = FILL_AREA_STYLE ('',( #10549 ) ) ;
#2431 = CARTESIAN_POINT ( 'NONE',  ( -1.569999999999999840, 3.183097134505116887, 2.875000000000000000 ) ) ;
#2432 = DIRECTION ( 'NONE',  ( -0.9596009732027614980, -0.2813644828835243361, 0.000000000000000000 ) ) ;
#2433 = CARTESIAN_POINT ( 'NONE',  ( 1.325210086765263195, -0.5930524375534775849, 2.774999999999999911 ) ) ;
#2434 =( GEOMETRIC_REPRESENTATION_CONTEXT ( 3 ) GLOBAL_UNCERTAINTY_ASSIGNED_CONTEXT ( ( #9880 ) ) GLOBAL_UNIT_ASSIGNED_CONTEXT ( ( #6912, #2818, #6097 ) ) REPRESENTATION_CONTEXT ( 'NONE', 'WORKASPACE' ) );
#2435 = FILL_AREA_STYLE ('',( #6528 ) ) ;
#2436 = ADVANCED_FACE ( 'NONE', ( #3116 ), #7374, .F. ) ;
#2437 = ORIENTED_EDGE ( 'NONE', *, *, #4142, .T. ) ;
#2438 = VERTEX_POINT ( 'NONE', #5906 ) ;
#2439 = ORIENTED_EDGE ( 'NONE', *, *, #3936, .T. ) ;
#2440 = FACE_OUTER_BOUND ( 'NONE', #7418, .T. ) ;
#2441 =( NAMED_UNIT ( * ) SI_UNIT ( $, .STERADIAN. ) SOLID_ANGLE_UNIT ( ) );
#2442 = EDGE_CURVE ( 'NONE', #890, #9766, #9527, .T. ) ;
#2443 =( NAMED_UNIT ( * ) PLANE_ANGLE_UNIT ( ) SI_UNIT ( $, .RADIAN. ) );
#2444 = SURFACE_STYLE_USAGE ( .BOTH. , #4097 ) ;
#2445 = PRESENTATION_LAYER_ASSIGNMENT (  '', '', ( #1574 ) ) ;
#2446 = COLOUR_RGB ( '',0.7529411764705882248, 0.7529411764705882248, 0.7529411764705882248 ) ;
#2447 = SURFACE_STYLE_FILL_AREA ( #3998 ) ;
#2448 = CARTESIAN_POINT ( 'NONE',  ( -3.700000000000000622, 3.500000000000000000, -2.875000000000000000 ) ) ;
#2449 = SURFACE_SIDE_STYLE ('',( #7185 ) ) ;
#2450 = PLANE ( 'NONE',  #5733 ) ;
#2451 = VERTEX_POINT ( 'NONE', #6060 ) ;
#2452 = LINE ( 'NONE', #10568, #5053 ) ;
#2453 = ORIENTED_EDGE ( 'NONE', *, *, #10113, .F. ) ;
#2454 = SURFACE_STYLE_USAGE ( .BOTH. , #10621 ) ;
#2455 = VECTOR ( 'NONE', #5484, 999.9999999999998863 ) ;
#2456 = MECHANICAL_DESIGN_GEOMETRIC_PRESENTATION_REPRESENTATION (  '', ( #5879 ), #9309 ) ;
#2457 = EDGE_CURVE ( 'NONE', #5873, #1396, #2726, .T. ) ;
#2458 = ORIENTED_EDGE ( 'NONE', *, *, #6223, .T. ) ;
#2459 = LINE ( 'NONE', #9813, #6369 ) ;
#2460 = LINE ( 'NONE', #5735, #10275 ) ;
#2461 = VECTOR ( 'NONE', #7569, 1000.000000000000000 ) ;
#2462 = UNCERTAINTY_MEASURE_WITH_UNIT (LENGTH_MEASURE( 1.000000000000000082E-05 ), #9679, 'distance_accuracy_value', 'NONE');
#2463 = ORIENTED_EDGE ( 'NONE', *, *, #4845, .T. ) ;
#2464 = FACE_OUTER_BOUND ( 'NONE', #5026, .T. ) ;
#2465 = EDGE_CURVE ( 'NONE', #4481, #599, #3419, .T. ) ;
#2466 = ORIENTED_EDGE ( 'NONE', *, *, #3771, .T. ) ;
#2467 = VECTOR ( 'NONE', #846, 1000.000000000000114 ) ;
#2468 = VECTOR ( 'NONE', #9202, 1000.000000000000000 ) ;
#2469 = LINE ( 'NONE', #2415, #8395 ) ;
#2470 = UNCERTAINTY_MEASURE_WITH_UNIT (LENGTH_MEASURE( 1.000000000000000082E-05 ), #5441, 'distance_accuracy_value', 'NONE');
#2471 = ORIENTED_EDGE ( 'NONE', *, *, #6610, .T. ) ;
#2472 = SURFACE_STYLE_FILL_AREA ( #1550 ) ;
#2473 = SURFACE_STYLE_FILL_AREA ( #6669 ) ;
#2474 = VECTOR ( 'NONE', #8484, 1000.000000000000000 ) ;
#2475 = FACE_OUTER_BOUND ( 'NONE', #4968, .T. ) ;
#2476 = DIRECTION ( 'NONE',  ( -0.000000000000000000, -0.000000000000000000, 1.000000000000000000 ) ) ;
#2477 = DIRECTION ( 'NONE',  ( -0.1633393937002454166, -0.9865699379494776711, 0.000000000000000000 ) ) ;
#2478 = SURFACE_STYLE_FILL_AREA ( #4832 ) ;
#2479 = VECTOR ( 'NONE', #8536, 1000.000000000000000 ) ;
#2480 = AXIS2_PLACEMENT_3D ( 'NONE', #8918, #8219, #7311 ) ;
#2481 = VERTEX_POINT ( 'NONE', #9984 ) ;
#2482 = DIRECTION ( 'NONE',  ( 0.000000000000000000, -0.000000000000000000, -1.000000000000000000 ) ) ;
#2483 = MECHANICAL_DESIGN_GEOMETRIC_PRESENTATION_REPRESENTATION (  '', ( #8325 ), #266 ) ;
#2484 = PLANE ( 'NONE',  #8531 ) ;
#2485 = CARTESIAN_POINT ( 'NONE',  ( -1.838563061382885389, -0.1493795980473046625, 2.774999999999999911 ) ) ;
#2486 = SURFACE_SIDE_STYLE ('',( #9041 ) ) ;
#2487 = FACE_OUTER_BOUND ( 'NONE', #3698, .T. ) ;
#2488 = VECTOR ( 'NONE', #9018, 1000.000000000000000 ) ;
#2489 = ORIENTED_EDGE ( 'NONE', *, *, #419, .T. ) ;
#2490 = VERTEX_POINT ( 'NONE', #2621 ) ;
#2491 = EDGE_LOOP ( 'NONE', ( #7314, #7727, #9817, #6632, #3945, #6678, #9110, #3430, #10250, #7297, #8185, #7644, #2689, #3902 ) ) ;
#2492 = DIRECTION ( 'NONE',  ( 0.2729606775738845914, 0.9620251911974061487, 0.000000000000000000 ) ) ;
#2493 = DIRECTION ( 'NONE',  ( -0.000000000000000000, -0.000000000000000000, 1.000000000000000000 ) ) ;
#2494 = VECTOR ( 'NONE', #6576, 1000.000000000000000 ) ;
#2495 = SURFACE_STYLE_FILL_AREA ( #1785 ) ;
#2496 = PRESENTATION_STYLE_ASSIGNMENT (( #7637 ) ) ;
#2497 = AXIS2_PLACEMENT_3D ( 'NONE', #4211, #4851, #3145 ) ;
#2498 = EDGE_CURVE ( 'NONE', #1320, #7964, #2777, .T. ) ;
#2499 = LINE ( 'NONE', #3937, #6355 ) ;
#2500 = FACE_OUTER_BOUND ( 'NONE', #10342, .T. ) ;
#2501 = FACE_OUTER_BOUND ( 'NONE', #3751, .T. ) ;
#2502 = VERTEX_POINT ( 'NONE', #3367 ) ;
#2503 = CARTESIAN_POINT ( 'NONE',  ( 3.699999999999999734, 3.500000000000000000, 2.875000000000000000 ) ) ;
#2504 = VECTOR ( 'NONE', #1416, 1000.000000000000114 ) ;
#2505 = ORIENTED_EDGE ( 'NONE', *, *, #10223, .T. ) ;
#2507 = VECTOR ( 'NONE', #9313, 1000.000000000000000 ) ;
#2506 = CARTESIAN_POINT ( 'NONE',  ( -2.296896394716218648, -1.046563240022613472, 2.774999999999999911 ) ) ;
#2508 = MECHANICAL_DESIGN_GEOMETRIC_PRESENTATION_REPRESENTATION (  '', ( #2831 ), #5412 ) ;
#2509 = CARTESIAN_POINT ( 'NONE',  ( -2.072938061382885611, -1.127774659775699684, 2.774999999999999911 ) ) ;
#2510 = SURFACE_STYLE_USAGE ( .BOTH. , #9814 ) ;
#2511 =( GEOMETRIC_REPRESENTATION_CONTEXT ( 3 ) GLOBAL_UNCERTAINTY_ASSIGNED_CONTEXT ( ( #4586 ) ) GLOBAL_UNIT_ASSIGNED_CONTEXT ( ( #6246, #6941, #378 ) ) REPRESENTATION_CONTEXT ( 'NONE', 'WORKASPACE' ) );
#2512 = CARTESIAN_POINT ( 'NONE',  ( 2.112054222567731898, -1.088037005454712158, 2.875000000000000000 ) ) ;
#2513 = SURFACE_SIDE_STYLE ('',( #6552 ) ) ;
#2514 = ORIENTED_EDGE ( 'NONE', *, *, #677, .T. ) ;
#2515 = DIRECTION ( 'NONE',  ( 0.000000000000000000, 0.000000000000000000, 1.000000000000000000 ) ) ;
#2516 = EDGE_LOOP ( 'NONE', ( #10063, #3813, #10430, #10202 ) ) ;
#2517 =( GEOMETRIC_REPRESENTATION_CONTEXT ( 3 ) GLOBAL_UNCERTAINTY_ASSIGNED_CONTEXT ( ( #3869 ) ) GLOBAL_UNIT_ASSIGNED_CONTEXT ( ( #3275, #5761, #1680 ) ) REPRESENTATION_CONTEXT ( 'NONE', 'WORKASPACE' ) );
#2518 = EDGE_CURVE ( 'NONE', #3080, #4923, #5956, .T. ) ;
#2519 = AXIS2_PLACEMENT_3D ( 'NONE', #3968, #3162, #5747 ) ;
#2520 = VECTOR ( 'NONE', #1716, 1000.000000000000000 ) ;
#2521 = DIRECTION ( 'NONE',  ( -0.2751797874351115114, -0.9613927837191035275, 0.000000000000000000 ) ) ;
#2522 = DIRECTION ( 'NONE',  ( -0.2813644828835243361, 0.9596009732027614980, 0.000000000000000000 ) ) ;
#2523 = FACE_OUTER_BOUND ( 'NONE', #1386, .T. ) ;
#2524 = EDGE_CURVE ( 'NONE', #3634, #9064, #7687, .T. ) ;
#2525 = ORIENTED_EDGE ( 'NONE', *, *, #5518, .T. ) ;
#2526 = CARTESIAN_POINT ( 'NONE',  ( -0.9300000000000011591, -3.101766864349280173, 0.8450000000000000844 ) ) ;
#2527 = LINE ( 'NONE', #5224, #8019 ) ;
#2528 = FILL_AREA_STYLE ('',( #6459 ) ) ;
#2529 =( LENGTH_UNIT ( ) NAMED_UNIT ( * ) SI_UNIT ( .MILLI., .METRE. ) );
#2530 = LINE ( 'NONE', #4240, #4156 ) ;
#2531 = LINE ( 'NONE', #6720, #8944 ) ;
#2532 = VECTOR ( 'NONE', #4326, 1000.000000000000000 ) ;
#2533 = SURFACE_STYLE_USAGE ( .BOTH. , #3318 ) ;
#2534 =( GEOMETRIC_REPRESENTATION_CONTEXT ( 3 ) GLOBAL_UNCERTAINTY_ASSIGNED_CONTEXT ( ( #10548 ) ) GLOBAL_UNIT_ASSIGNED_CONTEXT ( ( #7332, #9839, #14 ) ) REPRESENTATION_CONTEXT ( 'NONE', 'WORKASPACE' ) );
#2535 = FACE_OUTER_BOUND ( 'NONE', #4730, .T. ) ;
#2536 = ORIENTED_EDGE ( 'NONE', *, *, #4248, .F. ) ;
#2537 = FACE_OUTER_BOUND ( 'NONE', #2065, .T. ) ;
#2538 = MECHANICAL_DESIGN_GEOMETRIC_PRESENTATION_REPRESENTATION (  '', ( #7176 ), #9386 ) ;
#2539 = ORIENTED_EDGE ( 'NONE', *, *, #6851, .T. ) ;
#2540 = VERTEX_POINT ( 'NONE', #8480 ) ;
#2541 = FILL_AREA_STYLE_COLOUR ( '', #1231 ) ;
#2542 =( BOUNDED_CURVE ( )  B_SPLINE_CURVE ( 3, ( #753, #8804, #7149, #1436 ),
 .UNSPECIFIED., .F., .F. ) 
 B_SPLINE_CURVE_WITH_KNOTS ( ( 4, 4 ),
 ( 0.000000000000000000, 1.570796326794896558 ),
 .UNSPECIFIED. ) 
 CURVE ( )  GEOMETRIC_REPRESENTATION_ITEM ( )  RATIONAL_B_SPLINE_CURVE ( ( 1.000000000000000000, 0.8047378541243649375, 0.8047378541243649375, 1.000000000000000000 ) ) 
 REPRESENTATION_ITEM ( '' )  );
#2543 = LINE ( 'NONE', #729, #2293 ) ;
#2544 =( NAMED_UNIT ( * ) SI_UNIT ( $, .STERADIAN. ) SOLID_ANGLE_UNIT ( ) );
#2545 = EDGE_CURVE ( 'NONE', #8734, #9572, #257, .T. ) ;
#2546 = FACE_OUTER_BOUND ( 'NONE', #686, .T. ) ;
#2547 = AXIS2_PLACEMENT_3D ( 'NONE', #8328, #2522, #1011 ) ;
#2548 = ORIENTED_EDGE ( 'NONE', *, *, #8890, .T. ) ;
#2549 = CARTESIAN_POINT ( 'NONE',  ( 0.9826174941726705248, -0.5197499684176750678, 2.875000000000000000 ) ) ;
#2550 = ORIENTED_EDGE ( 'NONE', *, *, #7578, .F. ) ;
#2551 = CARTESIAN_POINT ( 'NONE',  ( -1.450000000000001288, -6.899999999999999467, 0.7249999999999999778 ) ) ;
#2552 = EDGE_CURVE ( 'NONE', #607, #5712, #7576, .T. ) ;
#2553 = DIRECTION ( 'NONE',  ( -0.000000000000000000, -0.000000000000000000, -1.000000000000000000 ) ) ;
#2554 = SURFACE_STYLE_FILL_AREA ( #5891 ) ;
#2555 = CARTESIAN_POINT ( 'NONE',  ( 1.030842802814645687, -0.1761928696522429560, 2.774999999999999911 ) ) ;
#2556 = FACE_OUTER_BOUND ( 'NONE', #9684, .T. ) ;
#2557 = ORIENTED_EDGE ( 'NONE', *, *, #9668, .T. ) ;
#2558 = FACE_OUTER_BOUND ( 'NONE', #9532, .T. ) ;
#2559 = DIRECTION ( 'NONE',  ( 0.000000000000000000, 0.000000000000000000, -1.000000000000000000 ) ) ;
#2560 = EDGE_LOOP ( 'NONE', ( #9407, #2951, #6521, #7001 ) ) ;
#2561 = SURFACE_STYLE_USAGE ( .BOTH. , #4230 ) ;
#2562 = SURFACE_SIDE_STYLE ('',( #6763 ) ) ;
#2563 = SURFACE_STYLE_USAGE ( .BOTH. , #1906 ) ;
#2564 = VECTOR ( 'NONE', #6376, 1000.000000000000000 ) ;
#2565 = ORIENTED_EDGE ( 'NONE', *, *, #1585, .T. ) ;
#2566 = STYLED_ITEM ( 'NONE', ( #8094 ), #389 ) ;
#2567 = LINE ( 'NONE', #6854, #817 ) ;
#2568 = DIRECTION ( 'NONE',  ( -0.000000000000000000, -0.000000000000000000, 1.000000000000000000 ) ) ;
#2569 = DIRECTION ( 'NONE',  ( 0.1660820115642893668, 0.9861119436629693924, 0.000000000000000000 ) ) ;
#2570 = DIRECTION ( 'NONE',  ( -0.000000000000000000, -0.000000000000000000, 1.000000000000000000 ) ) ;
#2571 = CARTESIAN_POINT ( 'NONE',  ( 1.364176136147979168, -0.1451357708868107887, 2.774999999999999911 ) ) ;
#2572 = EDGE_CURVE ( 'NONE', #2481, #6785, #5237, .T. ) ;
#2573 = PRESENTATION_LAYER_ASSIGNMENT (  '', '', ( #523 ) ) ;
#2574 = FACE_OUTER_BOUND ( 'NONE', #1377, .T. ) ;
#2575 = EDGE_CURVE ( 'NONE', #65, #10317, #10090, .T. ) ;
#2576 = VECTOR ( 'NONE', #8847, 1000.000000000000000 ) ;
#2577 = DIRECTION ( 'NONE',  ( 0.6986562021654442178, 0.7154575537205249969, 0.000000000000000000 ) ) ;
#2578 = CARTESIAN_POINT ( 'NONE',  ( 1.886902865494877402, 1.521456047850031412, -2.875999999999999890 ) ) ;
#2579 = CARTESIAN_POINT ( 'NONE',  ( 0.8159508275060035620, -0.8413163264423664245, 2.774999999999999911 ) ) ;
#2580 = EDGE_LOOP ( 'NONE', ( #1833, #7877, #4213, #466 ) ) ;
#2581 = EDGE_CURVE ( 'NONE', #5398, #1410, #967, .T. ) ;
#2582 = DIRECTION ( 'NONE',  ( 0.3171868387577281845, 0.9483630683018392515, 0.000000000000000000 ) ) ;
#2583 = AXIS2_PLACEMENT_3D ( 'NONE', #8736, #4437, #10141 ) ;
#2584 = DIRECTION ( 'NONE',  ( -0.000000000000000000, -0.000000000000000000, 1.000000000000000000 ) ) ;
#2585 = CARTESIAN_POINT ( 'NONE',  ( -1.569999999999999840, 1.204553182355148522, 2.875000000000000000 ) ) ;
#2586 = CARTESIAN_POINT ( 'NONE',  ( 0.4930200591917125452, -3.500000000000000000, 2.875000000000000000 ) ) ;
#2587 = EDGE_CURVE ( 'NONE', #3382, #7341, #1016, .T. ) ;
#2588 = ORIENTED_EDGE ( 'NONE', *, *, #9104, .F. ) ;
#2589 = ORIENTED_EDGE ( 'NONE', *, *, #898, .F. ) ;
#2590 = AXIS2_PLACEMENT_3D ( 'NONE', #8266, #6655, #8111 ) ;
#2591 = DIRECTION ( 'NONE',  ( 0.4487738670375939209, -0.8936453526226855182, 0.000000000000000000 ) ) ;
#2592 = CARTESIAN_POINT ( 'NONE',  ( 0.000000000000000000, 1.193382352941176450, 1.988970588235293491 ) ) ;
#2593 = FACE_OUTER_BOUND ( 'NONE', #7199, .T. ) ;
#2594 =( NAMED_UNIT ( * ) PLANE_ANGLE_UNIT ( ) SI_UNIT ( $, .RADIAN. ) );
#2595 = SURFACE_STYLE_FILL_AREA ( #8198 ) ;
#2596 = DIRECTION ( 'NONE',  ( 0.000000000000000000, 1.000000000000000000, 0.000000000000000000 ) ) ;
#2597 = FILL_AREA_STYLE ('',( #236 ) ) ;
#2598 = VERTEX_POINT ( 'NONE', #1174 ) ;
#2599 = CARTESIAN_POINT ( 'NONE',  ( 1.037401444789954219, -1.127774659775699684, 2.774999999999999911 ) ) ;
#2600 = VERTEX_POINT ( 'NONE', #1912 ) ;
#2601 = DIRECTION ( 'NONE',  ( 0.4600408413544743169, 0.8878977555360005880, 0.000000000000000000 ) ) ;
#2602 =( LENGTH_UNIT ( ) NAMED_UNIT ( * ) SI_UNIT ( .MILLI., .METRE. ) );
#2603 = COLOUR_RGB ( '',0.7529411764705882248, 0.7529411764705882248, 0.7529411764705882248 ) ;
#2604 = PRESENTATION_LAYER_ASSIGNMENT (  '', '', ( #7259 ) ) ;
#2605 =( LENGTH_UNIT ( ) NAMED_UNIT ( * ) SI_UNIT ( .MILLI., .METRE. ) );
#2606 = LINE ( 'NONE', #7511, #7513 ) ;
#2607 = PRESENTATION_STYLE_ASSIGNMENT (( #7411 ) ) ;
#2608 = EDGE_CURVE ( 'NONE', #10590, #3876, #306, .T. ) ;
#2609 = SURFACE_STYLE_FILL_AREA ( #2710 ) ;
#2610 = VERTEX_POINT ( 'NONE', #6667 ) ;
#2611 = LINE ( 'NONE', #7674, #1736 ) ;
#2612 = MECHANICAL_DESIGN_GEOMETRIC_PRESENTATION_REPRESENTATION (  '', ( #46 ), #9469 ) ;
#2613 = VECTOR ( 'NONE', #1281, 1000.000000000000000 ) ;
#2614 = ORIENTED_EDGE ( 'NONE', *, *, #9786, .T. ) ;
#2615 = DIRECTION ( 'NONE',  ( 0.000000000000000000, 0.000000000000000000, -1.000000000000000000 ) ) ;
#2616 = CARTESIAN_POINT ( 'NONE',  ( 3.568011143510107619, -5.000000000000000000, -1.115994428244946324 ) ) ;
#2617 =( LENGTH_UNIT ( ) NAMED_UNIT ( * ) SI_UNIT ( .MILLI., .METRE. ) );
#2618 = VECTOR ( 'NONE', #2670, 1000.000000000000000 ) ;
#2619 = VECTOR ( 'NONE', #4972, 1000.000000000000000 ) ;
#2620 = EDGE_CURVE ( 'NONE', #5203, #9400, #3473, .T. ) ;
#2621 = CARTESIAN_POINT ( 'NONE',  ( 1.569999999999999396, -4.289853386497015642, 0.8449999999999998623 ) ) ;
#2622 = CARTESIAN_POINT ( 'NONE',  ( 0.4930200591917123232, -2.601766864349279285, 2.875000000000000000 ) ) ;
#2623 = CARTESIAN_POINT ( 'NONE',  ( 3.700000000000000178, 1.200000000000000178, 1.156639881571555284 ) ) ;
#2624 = EDGE_CURVE ( 'NONE', #5159, #9732, #6770, .T. ) ;
#2625 = PLANE ( 'NONE',  #3347 ) ;
#2626 = CARTESIAN_POINT ( 'NONE',  ( -1.841263678666835935, -1.106362622738662704, 2.774999999999999911 ) ) ;
#2627 = DIRECTION ( 'NONE',  ( -0.000000000000000000, -0.000000000000000000, 1.000000000000000000 ) ) ;
#2628 = VERTEX_POINT ( 'NONE', #5185 ) ;
#2629 =( LENGTH_UNIT ( ) NAMED_UNIT ( * ) SI_UNIT ( .MILLI., .METRE. ) );
#2630 = AXIS2_PLACEMENT_3D ( 'NONE', #6271, #1263, #2221 ) ;
#2631 = STYLED_ITEM ( 'NONE', ( #767 ), #5654 ) ;
#2632 = SURFACE_STYLE_USAGE ( .BOTH. , #4402 ) ;
#2633 = LINE ( 'NONE', #9190, #4741 ) ;
#2634 = EDGE_CURVE ( 'NONE', #2094, #2175, #9937, .T. ) ;
#2635 = CARTESIAN_POINT ( 'NONE',  ( -2.054805345333502675, -0.1979907091584157952, 2.774999999999999911 ) ) ;
#2636 = ORIENTED_EDGE ( 'NONE', *, *, #1009, .T. ) ;
#2637 = EDGE_LOOP ( 'NONE', ( #7076, #2135, #10261, #225 ) ) ;
#2638 = ORIENTED_EDGE ( 'NONE', *, *, #6846, .T. ) ;
#2639 = VECTOR ( 'NONE', #8559, 1000.000000000000000 ) ;
#2640 = EDGE_CURVE ( 'NONE', #6555, #6797, #7085, .T. ) ;
#2641 = COLOUR_RGB ( '',0.7529411764705882248, 0.7529411764705882248, 0.7529411764705882248 ) ;
#2642 = CARTESIAN_POINT ( 'NONE',  ( -1.608817691012514928, -1.088037005454712158, 2.774999999999999911 ) ) ;
#2643 = SURFACE_STYLE_FILL_AREA ( #8195 ) ;
#2644 = VERTEX_POINT ( 'NONE', #1374 ) ;
#2645 = PRESENTATION_STYLE_ASSIGNMENT (( #232 ) ) ;
#2646 = DIRECTION ( 'NONE',  ( -0.4488015681658190648, -0.8936314410381394069, 0.000000000000000000 ) ) ;
#2647 = VECTOR ( 'NONE', #48, 1000.000000000000227 ) ;
#2648 = FILL_AREA_STYLE_COLOUR ( '', #2123 ) ;
#2649 = ORIENTED_EDGE ( 'NONE', *, *, #397, .F. ) ;
#2650 =( NAMED_UNIT ( * ) PLANE_ANGLE_UNIT ( ) SI_UNIT ( $, .RADIAN. ) );
#2651 = EDGE_LOOP ( 'NONE', ( #1433, #3517, #8052, #179 ) ) ;
#2652 = CARTESIAN_POINT ( 'NONE',  ( 1.569999999999999840, 3.183097134505116887, 2.875000000000000000 ) ) ;
#2653 = FILL_AREA_STYLE_COLOUR ( '', #3115 ) ;
#2654 = PRESENTATION_LAYER_ASSIGNMENT (  '', '', ( #10561 ) ) ;
#2655 = CARTESIAN_POINT ( 'NONE',  ( 0.9299999999999993827, -2.250000000000000000, 0.8449999999999998623 ) ) ;
#2656 = CARTESIAN_POINT ( 'NONE',  ( 1.834855148493658161, -1.127774659775699684, 2.875000000000000000 ) ) ;
#2657 = CARTESIAN_POINT ( 'NONE',  ( 1.570000000000001172, -5.622383267283204589, 0.2050000000000000155 ) ) ;
#2658 = VERTEX_POINT ( 'NONE', #3679 ) ;
#2659 = FILL_AREA_STYLE ('',( #2008 ) ) ;
#2660 = LINE ( 'NONE', #2819, #5578 ) ;
#2661 = ORIENTED_EDGE ( 'NONE', *, *, #5030, .F. ) ;
#2662 = EDGE_CURVE ( 'NONE', #6600, #1874, #8739, .T. ) ;
#2663 = CARTESIAN_POINT ( 'NONE',  ( -1.450000000000001288, -6.899999999999999467, 0.3250000000000000111 ) ) ;
#2664 = CARTESIAN_POINT ( 'NONE',  ( 3.568011143510107619, -5.000000000000000000, -1.834005571755054076 ) ) ;
#2665 = CARTESIAN_POINT ( 'NONE',  ( -0.09222818483967543113, -0.9879212647139713477, 2.774999999999999911 ) ) ;
#2666 = UNCERTAINTY_MEASURE_WITH_UNIT (LENGTH_MEASURE( 1.000000000000000082E-05 ), #7616, 'distance_accuracy_value', 'NONE');
#2667 = SURFACE_STYLE_USAGE ( .BOTH. , #9980 ) ;
#2668 = DIRECTION ( 'NONE',  ( 0.7071067811865414665, -0.7071067811865536790, 0.000000000000000000 ) ) ;
#2669 = CARTESIAN_POINT ( 'NONE',  ( -0.03956614780263817410, -0.8800894745905145644, 2.774999999999999911 ) ) ;
#2670 = DIRECTION ( 'NONE',  ( -1.000000000000000000, 0.000000000000000000, 0.000000000000000000 ) ) ;
#2671 = PLANE ( 'NONE',  #3440 ) ;
#2672 = STYLED_ITEM ( 'NONE', ( #10436 ), #1389 ) ;
#2673 = FILL_AREA_STYLE_COLOUR ( '', #7465 ) ;
#2674 = CARTESIAN_POINT ( 'NONE',  ( 3.699999999999999734, 3.500000000000000000, -2.875000000000000000 ) ) ;
#2675 = DIRECTION ( 'NONE',  ( 0.000000000000000000, -1.000000000000000000, -0.000000000000000000 ) ) ;
#2676 = PRESENTATION_LAYER_ASSIGNMENT (  '', '', ( #8209 ) ) ;
#2677 = EDGE_CURVE ( 'NONE', #5125, #5398, #2130, .T. ) ;
#2678 = MECHANICAL_DESIGN_GEOMETRIC_PRESENTATION_REPRESENTATION (  '', ( #4901 ), #7848 ) ;
#2679 = ORIENTED_EDGE ( 'NONE', *, *, #3514, .T. ) ;
#2680 = CARTESIAN_POINT ( 'NONE',  ( -0.1796124440989347038, -0.9360308326152059211, 2.875000000000000000 ) ) ;
#2681 = FILL_AREA_STYLE_COLOUR ( '', #1131 ) ;
#2682 = DIRECTION ( 'NONE',  ( 1.000000000000000000, 0.000000000000000000, -3.061276722312012491E-16 ) ) ;
#2683 = UNCERTAINTY_MEASURE_WITH_UNIT (LENGTH_MEASURE( 1.000000000000000082E-05 ), #5635, 'distance_accuracy_value', 'NONE');
#2684 =( LENGTH_UNIT ( ) NAMED_UNIT ( * ) SI_UNIT ( .MILLI., .METRE. ) );
#2685 = AXIS2_PLACEMENT_3D ( 'NONE', #2169, #10174, #5447 ) ;
#2686 = PRESENTATION_LAYER_ASSIGNMENT (  '', '', ( #7345 ) ) ;
#2687 = EDGE_CURVE ( 'NONE', #2481, #7985, #6335, .T. ) ;
#2688 = LINE ( 'NONE', #5967, #6967 ) ;
#2689 = ORIENTED_EDGE ( 'NONE', *, *, #8615, .F. ) ;
#2690 = ORIENTED_EDGE ( 'NONE', *, *, #9388, .F. ) ;
#2691 = VERTEX_POINT ( 'NONE', #7897 ) ;
#2692 = DIRECTION ( 'NONE',  ( 0.8898760929171209977, 0.4562023007992829227, 0.000000000000000000 ) ) ;
#2693 = CARTESIAN_POINT ( 'NONE',  ( 2.950000000000000622, 3.500000000000000000, 2.125000000000000000 ) ) ;
#2694 = ORIENTED_EDGE ( 'NONE', *, *, #6998, .T. ) ;
#2695 = CARTESIAN_POINT ( 'NONE',  ( 2.162980148493658383, -1.106362622738662704, 2.875000000000000000 ) ) ;
#2696 =( GEOMETRIC_REPRESENTATION_CONTEXT ( 3 ) GLOBAL_UNCERTAINTY_ASSIGNED_CONTEXT ( ( #10437 ) ) GLOBAL_UNIT_ASSIGNED_CONTEXT ( ( #4503, #8225, #872 ) ) REPRESENTATION_CONTEXT ( 'NONE', 'WORKASPACE' ) );
#2697 =( NAMED_UNIT ( * ) SI_UNIT ( $, .STERADIAN. ) SOLID_ANGLE_UNIT ( ) );
#2698 = CARTESIAN_POINT ( 'NONE',  ( -0.03956614780263817410, -0.8800894745905145644, 2.774999999999999911 ) ) ;
#2699 = ADVANCED_FACE ( 'NONE', ( #2186 ), #10354, .T. ) ;
#2700 = LINE ( 'NONE', #9155, #7623 ) ;
#2701 = ORIENTED_EDGE ( 'NONE', *, *, #3178, .F. ) ;
#2702 = AXIS2_PLACEMENT_3D ( 'NONE', #8206, #3299, #5680 ) ;
#2703 = ORIENTED_EDGE ( 'NONE', *, *, #9526, .F. ) ;
#2704 =( GEOMETRIC_REPRESENTATION_CONTEXT ( 3 ) GLOBAL_UNCERTAINTY_ASSIGNED_CONTEXT ( ( #3021 ) ) GLOBAL_UNIT_ASSIGNED_CONTEXT ( ( #4207, #790, #3389 ) ) REPRESENTATION_CONTEXT ( 'NONE', 'WORKASPACE' ) );
#2705 = SURFACE_STYLE_FILL_AREA ( #1793 ) ;
#2706 = EDGE_CURVE ( 'NONE', #7267, #3546, #2879, .T. ) ;
#2707 = SURFACE_STYLE_USAGE ( .BOTH. , #10020 ) ;
#2708 = LINE ( 'NONE', #9271, #820 ) ;
#2709 = CARTESIAN_POINT ( 'NONE',  ( -1.770000000000001128, -5.422383267283204411, 0.4049999999999999711 ) ) ;
#2710 = FILL_AREA_STYLE ('',( #4222 ) ) ;
#2711 = EDGE_CURVE ( 'NONE', #4646, #5675, #7738, .T. ) ;
#2712 = CARTESIAN_POINT ( 'NONE',  ( -0.1796124440989347038, -0.9744181782942182846, 2.774999999999999911 ) ) ;
#2713 = VERTEX_POINT ( 'NONE', #469 ) ;
#2714 = DIRECTION ( 'NONE',  ( 0.7054642633580009425, -0.7087454924899015962, 0.000000000000000000 ) ) ;
#2715 = ORIENTED_EDGE ( 'NONE', *, *, #6170, .F. ) ;
#2716 = EDGE_CURVE ( 'NONE', #2817, #5305, #6168, .T. ) ;
#2717 = VECTOR ( 'NONE', #8270, 1000.000000000000114 ) ;
#2718 = AXIS2_PLACEMENT_3D ( 'NONE', #2826, #9234, #5132 ) ;
#2719 = EDGE_CURVE ( 'NONE', #2200, #1320, #6284, .T. ) ;
#2720 =( LENGTH_UNIT ( ) NAMED_UNIT ( * ) SI_UNIT ( .MILLI., .METRE. ) );
#2721 = CARTESIAN_POINT ( 'NONE',  ( 2.150663635600316592, -4.800000000000000711, -2.347312243080556193 ) ) ;
#2722 = FILL_AREA_STYLE ('',( #10034 ) ) ;
#2723 = FILL_AREA_STYLE ('',( #6815 ) ) ;
#2724 = FACE_OUTER_BOUND ( 'NONE', #2651, .T. ) ;
#2725 = MECHANICAL_DESIGN_GEOMETRIC_PRESENTATION_REPRESENTATION (  '', ( #6681 ), #1860 ) ;
#2726 = LINE ( 'NONE', #148, #7145 ) ;
#2727 = CARTESIAN_POINT ( 'NONE',  ( -1.558663370024860662, -1.106362622738662704, 2.774999999999999911 ) ) ;
#2728 = CARTESIAN_POINT ( 'NONE',  ( -1.942151024345848187, -0.2091789807633540610, 2.774999999999999911 ) ) ;
#2729 = CYLINDRICAL_SURFACE ( 'NONE', #808, 0.2000000000000000944 ) ;
#2730 = ADVANCED_FACE ( 'NONE', ( #2987 ), #3730, .T. ) ;
#2731 = COLOUR_RGB ( '',1.000000000000000000, 1.000000000000000000, 1.000000000000000000 ) ;
#2732 = DIRECTION ( 'NONE',  ( 0.000000000000000000, -0.5517613854158063269, -0.8340020225179493041 ) ) ;
#2733 = MECHANICAL_DESIGN_GEOMETRIC_PRESENTATION_REPRESENTATION (  '', ( #7388 ), #4626 ) ;
#2734 = CARTESIAN_POINT ( 'NONE',  ( -2.164957836983784745, -3.500000000000000000, -2.875000000000000000 ) ) ;
#2735 = ORIENTED_EDGE ( 'NONE', *, *, #516, .F. ) ;
#2736 = CARTESIAN_POINT ( 'NONE',  ( 0.9299999999999992717, -7.605096679918781355, 0.2049999999999998768 ) ) ;
#2737 =( NAMED_UNIT ( * ) SI_UNIT ( $, .STERADIAN. ) SOLID_ANGLE_UNIT ( ) );
#2738 =( LENGTH_UNIT ( ) NAMED_UNIT ( * ) SI_UNIT ( .MILLI., .METRE. ) );
#2739 = PRESENTATION_LAYER_ASSIGNMENT (  '', '', ( #4786 ) ) ;
#2740 = EDGE_CURVE ( 'NONE', #9227, #5069, #5793, .T. ) ;
#2741 = ORIENTED_EDGE ( 'NONE', *, *, #6211, .T. ) ;
#2742 = ORIENTED_EDGE ( 'NONE', *, *, #8475, .F. ) ;
#2743 = ORIENTED_EDGE ( 'NONE', *, *, #1366, .F. ) ;
#2744 = CARTESIAN_POINT ( 'NONE',  ( -1.606309974963132214, -0.1277746597756997671, 2.774999999999999911 ) ) ;
#2745 = FACE_OUTER_BOUND ( 'NONE', #3887, .T. ) ;
#2746 = VECTOR ( 'NONE', #414, 1000.000000000000000 ) ;
#2747 = ORIENTED_EDGE ( 'NONE', *, *, #6011, .T. ) ;
#2748 = LINE ( 'NONE', #7869, #4758 ) ;
#2749 = SURFACE_STYLE_FILL_AREA ( #6084 ) ;
#2750 = CARTESIAN_POINT ( 'NONE',  ( 0.9039137904689669156, -1.073762314096687431, 2.774999999999999911 ) ) ;
#2751 = EDGE_CURVE ( 'NONE', #6328, #10410, #1481, .T. ) ;
#2752 = LINE ( 'NONE', #992, #8151 ) ;
#2753 = VERTEX_POINT ( 'NONE', #747 ) ;
#2754 = EDGE_CURVE ( 'NONE', #607, #3720, #803, .T. ) ;
#2755 = DIRECTION ( 'NONE',  ( 0.000000000000000000, 1.000000000000000000, 0.000000000000000000 ) ) ;
#2756 = VERTEX_POINT ( 'NONE', #9714 ) ;
#2757 = PRESENTATION_STYLE_ASSIGNMENT (( #9363 ) ) ;
#2758 = EDGE_CURVE ( 'NONE', #7229, #1351, #7363, .T. ) ;
#2759 = LINE ( 'NONE', #6037, #484 ) ;
#2760 = AXIS2_PLACEMENT_3D ( 'NONE', #859, #5637, #8166 ) ;
#2761 =( LENGTH_UNIT ( ) NAMED_UNIT ( * ) SI_UNIT ( .MILLI., .METRE. ) );
#2762 = FILL_AREA_STYLE_COLOUR ( '', #5554 ) ;
#2763 = ORIENTED_EDGE ( 'NONE', *, *, #5314, .F. ) ;
#2764 = SURFACE_STYLE_FILL_AREA ( #1164 ) ;
#2765 = LINE ( 'NONE', #10029, #10387 ) ;
#2766 = ORIENTED_EDGE ( 'NONE', *, *, #7184, .T. ) ;
#2767 = AXIS2_PLACEMENT_3D ( 'NONE', #10048, #9297, #6070 ) ;
#2768 = AXIS2_PLACEMENT_3D ( 'NONE', #7556, #6850, #1891 ) ;
#2769 =( LENGTH_UNIT ( ) NAMED_UNIT ( * ) SI_UNIT ( .MILLI., .METRE. ) );
#2770 = CARTESIAN_POINT ( 'NONE',  ( 0.8120928028146459088, -1.034603363479403626, 2.875000000000000000 ) ) ;
#2771 = CARTESIAN_POINT ( 'NONE',  ( -1.770000000000001128, 0.000000000000000000, 0.6450000000000000178 ) ) ;
#2772 = UNCERTAINTY_MEASURE_WITH_UNIT (LENGTH_MEASURE( 1.000000000000000082E-05 ), #6040, 'distance_accuracy_value', 'NONE');
#2773 = PLANE ( 'NONE',  #2391 ) ;
#2774 = CARTESIAN_POINT ( 'NONE',  ( 1.843921506518348963, -0.4236851536028602982, 2.875000000000000000 ) ) ;
#2775 = COLOUR_RGB ( '',0.7529411764705882248, 0.7529411764705882248, 0.7529411764705882248 ) ;
#2776 =( GEOMETRIC_REPRESENTATION_CONTEXT ( 3 ) GLOBAL_UNCERTAINTY_ASSIGNED_CONTEXT ( ( #7313 ) ) GLOBAL_UNIT_ASSIGNED_CONTEXT ( ( #7230, #4093, #3930 ) ) REPRESENTATION_CONTEXT ( 'NONE', 'WORKASPACE' ) );
#2777 = LINE ( 'NONE', #6001, #4888 ) ;
#2778 = UNCERTAINTY_MEASURE_WITH_UNIT (LENGTH_MEASURE( 1.000000000000000082E-05 ), #1604, 'distance_accuracy_value', 'NONE');
#2779 = EDGE_CURVE ( 'NONE', #6574, #8273, #10516, .T. ) ;
#2780 = CARTESIAN_POINT ( 'NONE',  ( 0.4131687630347662399, -3.101766864349279285, 2.119236689479958358 ) ) ;
#2781 = LINE ( 'NONE', #7033, #3190 ) ;
#2782 = AXIS2_PLACEMENT_3D ( 'NONE', #2310, #8867, #9504 ) ;
#2783 = AXIS2_PLACEMENT_3D ( 'NONE', #4079, #6518, #3068 ) ;
#2784 =( NAMED_UNIT ( * ) SI_UNIT ( $, .STERADIAN. ) SOLID_ANGLE_UNIT ( ) );
#2785 = LINE ( 'NONE', #2887, #9586 ) ;
#2786 = SURFACE_SIDE_STYLE ('',( #4548 ) ) ;
#2787 = ORIENTED_EDGE ( 'NONE', *, *, #535, .T. ) ;
#2788 = CARTESIAN_POINT ( 'NONE',  ( -1.233238987308811208, -0.1277746597756997671, 2.774999999999999911 ) ) ;
#2789 = PRESENTATION_STYLE_ASSIGNMENT (( #2632 ) ) ;
#2790 = VECTOR ( 'NONE', #8688, 1000.000000000000000 ) ;
#2791 = AXIS2_PLACEMENT_3D ( 'NONE', #5031, #915, #962 ) ;
#2792 = FACE_OUTER_BOUND ( 'NONE', #5570, .T. ) ;
#2793 = ORIENTED_EDGE ( 'NONE', *, *, #2687, .F. ) ;
#2794 = ORIENTED_EDGE ( 'NONE', *, *, #7700, .F. ) ;
#2795 = ORIENTED_EDGE ( 'NONE', *, *, #2039, .T. ) ;
#2796 = LINE ( 'NONE', #441, #377 ) ;
#2797 = CARTESIAN_POINT ( 'NONE',  ( 0.9299999999999992717, -6.700000000000000178, 0.2049999999999998768 ) ) ;
#2798 = MECHANICAL_DESIGN_GEOMETRIC_PRESENTATION_REPRESENTATION (  '', ( #9671 ), #4351 ) ;
#2799 = STYLED_ITEM ( 'NONE', ( #6139 ), #5592 ) ;
#2800 = DIRECTION ( 'NONE',  ( 0.5144957554275259026, -0.8574929257125444293, 0.000000000000000000 ) ) ;
#2801 = ADVANCED_FACE ( 'NONE', ( #6499 ), #3252, .T. ) ;
#2802 = VERTEX_POINT ( 'NONE', #4910 ) ;
#2803 = FILL_AREA_STYLE_COLOUR ( '', #6822 ) ;
#2804 = UNCERTAINTY_MEASURE_WITH_UNIT (LENGTH_MEASURE( 1.000000000000000082E-05 ), #2769, 'distance_accuracy_value', 'NONE');
#2805 = PRESENTATION_STYLE_ASSIGNMENT (( #5380 ) ) ;
#2806 = DIRECTION ( 'NONE',  ( 0.000000000000000000, 1.000000000000000000, 0.000000000000000000 ) ) ;
#2807 = ORIENTED_EDGE ( 'NONE', *, *, #8999, .F. ) ;
#2808 = PRESENTATION_LAYER_ASSIGNMENT (  '', '', ( #6604 ) ) ;
#2809 =( GEOMETRIC_REPRESENTATION_CONTEXT ( 3 ) GLOBAL_UNCERTAINTY_ASSIGNED_CONTEXT ( ( #3850 ) ) GLOBAL_UNIT_ASSIGNED_CONTEXT ( ( #5812, #3374, #8639 ) ) REPRESENTATION_CONTEXT ( 'NONE', 'WORKASPACE' ) );
#2810 = ORIENTED_EDGE ( 'NONE', *, *, #3559, .T. ) ;
#2811 = SURFACE_STYLE_FILL_AREA ( #6904 ) ;
#2812 =( LENGTH_UNIT ( ) NAMED_UNIT ( * ) SI_UNIT ( .MILLI., .METRE. ) );
#2813 = COLOUR_RGB ( '',0.7529411764705882248, 0.7529411764705882248, 0.7529411764705882248 ) ;
#2814 = VECTOR ( 'NONE', #3790, 1000.000000000000000 ) ;
#2815 = CARTESIAN_POINT ( 'NONE',  ( 2.131988856489892115, -5.000000000000000000, -1.115994428244946324 ) ) ;
#2816 = FILL_AREA_STYLE_COLOUR ( '', #9538 ) ;
#2817 = VERTEX_POINT ( 'NONE', #8210 ) ;
#2818 =( NAMED_UNIT ( * ) PLANE_ANGLE_UNIT ( ) SI_UNIT ( $, .RADIAN. ) );
#2819 = CARTESIAN_POINT ( 'NONE',  ( -1.737097012000169416, -1.046370338788045418, 2.875000000000000000 ) ) ;
#2820 = ORIENTED_EDGE ( 'NONE', *, *, #456, .F. ) ;
#2821 = VECTOR ( 'NONE', #9278, 1000.000000000000000 ) ;
#2822 = CARTESIAN_POINT ( 'NONE',  ( 0.8934971238023000639, -1.088037005454712158, 2.774999999999999911 ) ) ;
#2823 = VERTEX_POINT ( 'NONE', #856 ) ;
#2824 = LINE ( 'NONE', #9327, #9244 ) ;
#2825 = DIRECTION ( 'NONE',  ( 0.000000000000000000, -1.000000000000000000, 0.000000000000000000 ) ) ;
#2826 = CARTESIAN_POINT ( 'NONE',  ( 0.8120928028146459088, -1.034603363479403626, 2.774999999999999911 ) ) ;
#2827 = CARTESIAN_POINT ( 'NONE',  ( 0.3724708892343985278, -0.1675123140966873203, 2.774999999999999911 ) ) ;
#2828 =( NAMED_UNIT ( * ) SI_UNIT ( $, .STERADIAN. ) SOLID_ANGLE_UNIT ( ) );
#2829 = DIRECTION ( 'NONE',  ( 0.000000000000000000, 1.000000000000000000, 0.000000000000000000 ) ) ;
#2830 = EDGE_CURVE ( 'NONE', #9312, #3149, #43, .T. ) ;
#2831 = STYLED_ITEM ( 'NONE', ( #3972 ), #2436 ) ;
#2832 = SURFACE_STYLE_FILL_AREA ( #7741 ) ;
#2833 =( LENGTH_UNIT ( ) NAMED_UNIT ( * ) SI_UNIT ( .MILLI., .METRE. ) );
#2834 = ADVANCED_FACE ( 'NONE', ( #4702 ), #635, .T. ) ;
#2835 = CARTESIAN_POINT ( 'NONE',  ( -2.164957836983784745, -2.601766864349279285, 2.875000000000000000 ) ) ;
#2836 = FACE_OUTER_BOUND ( 'NONE', #6760, .T. ) ;
#2837 = VECTOR ( 'NONE', #6976, 1000.000000000000000 ) ;
#2838 = ORIENTED_EDGE ( 'NONE', *, *, #7200, .T. ) ;
#2839 = DIRECTION ( 'NONE',  ( 0.000000000000000000, 1.000000000000000000, 0.000000000000000000 ) ) ;
#2840 = MECHANICAL_DESIGN_GEOMETRIC_PRESENTATION_REPRESENTATION (  '', ( #5257 ), #2517 ) ;
#2841 = EDGE_CURVE ( 'NONE', #883, #5528, #8752, .T. ) ;
#2842 = FILL_AREA_STYLE_COLOUR ( '', #6398 ) ;
#2843 = CARTESIAN_POINT ( 'NONE',  ( -3.699999999999999734, -3.500000000000000000, -2.875000000000000000 ) ) ;
#2844 = VECTOR ( 'NONE', #4103, 1000.000000000000227 ) ;
#2845 = ORIENTED_EDGE ( 'NONE', *, *, #9919, .T. ) ;
#2846 = ORIENTED_EDGE ( 'NONE', *, *, #2399, .F. ) ;
#2847 = ORIENTED_EDGE ( 'NONE', *, *, #7558, .F. ) ;
#2848 = EDGE_CURVE ( 'NONE', #1082, #5656, #10426, .T. ) ;
#2849 = CARTESIAN_POINT ( 'NONE',  ( 1.569999999999999396, -4.289853386497014753, 0.2049999999999998768 ) ) ;
#2850 = VECTOR ( 'NONE', #649, 1000.000000000000000 ) ;
#2851 = DIRECTION ( 'NONE',  ( -0.000000000000000000, -0.5517613854158063269, 0.8340020225179493041 ) ) ;
#2852 = DIRECTION ( 'NONE',  ( -0.000000000000000000, -0.000000000000000000, 1.000000000000000000 ) ) ;
#2853 = EDGE_LOOP ( 'NONE', ( #3657, #804, #1525, #1192, #4225, #6494, #3375, #9149, #9805, #5102, #4946, #2944, #2339, #9874, #8212, #5723, #2514, #8075, #1626, #2977, #1627, #7471, #7286, #10263, #7166, #9793, #8959, #9142, #3851, #1153, #9703, #8295, #274, #3793, #776, #166, #3750, #1845, #8080, #1419, #10057, #5329, #4100, #9443, #6849 ) ) ;
#2854 = LINE ( 'NONE', #1940, #7521 ) ;
#2855 = DIRECTION ( 'NONE',  ( 0.000000000000000000, 1.000000000000000000, 0.000000000000000000 ) ) ;
#2856 = AXIS2_PLACEMENT_3D ( 'NONE', #8411, #7763, #6793 ) ;
#2857 = LINE ( 'NONE', #1091, #703 ) ;
#2858 = FILL_AREA_STYLE_COLOUR ( '', #10023 ) ;
#2859 = ORIENTED_EDGE ( 'NONE', *, *, #7364, .F. ) ;
#2860 = DIRECTION ( 'NONE',  ( 1.000000000000000000, 0.000000000000000000, 0.000000000000000000 ) ) ;
#2861 = ORIENTED_EDGE ( 'NONE', *, *, #2005, .T. ) ;
#2862 = STYLED_ITEM ( 'NONE', ( #2918 ), #1117 ) ;
#2863 = EDGE_CURVE ( 'NONE', #5873, #3976, #4659, .T. ) ;
#2864 = SURFACE_SIDE_STYLE ('',( #10229 ) ) ;
#2865 = FACE_OUTER_BOUND ( 'NONE', #1996, .T. ) ;
#2866 =( NAMED_UNIT ( * ) SI_UNIT ( $, .STERADIAN. ) SOLID_ANGLE_UNIT ( ) );
#2867 = VECTOR ( 'NONE', #3868, 1000.000000000000000 ) ;
#2868 = DIRECTION ( 'NONE',  ( 0.000000000000000000, -0.8574929257125438742, 0.5144957554275271239 ) ) ;
#2869 = ORIENTED_EDGE ( 'NONE', *, *, #419, .F. ) ;
#2870 = FACE_OUTER_BOUND ( 'NONE', #7909, .T. ) ;
#2871 = LINE ( 'NONE', #463, #7305 ) ;
#2872 = ORIENTED_EDGE ( 'NONE', *, *, #9673, .F. ) ;
#2873 =( GEOMETRIC_REPRESENTATION_CONTEXT ( 3 ) GLOBAL_UNCERTAINTY_ASSIGNED_CONTEXT ( ( #5574 ) ) GLOBAL_UNIT_ASSIGNED_CONTEXT ( ( #8816, #2204, #10434 ) ) REPRESENTATION_CONTEXT ( 'NONE', 'WORKASPACE' ) );
#2874 = COLOUR_RGB ( '',0.7529411764705882248, 0.7529411764705882248, 0.7529411764705882248 ) ;
#2875 = ORIENTED_EDGE ( 'NONE', *, *, #7373, .F. ) ;
#2876 =( NAMED_UNIT ( * ) SI_UNIT ( $, .STERADIAN. ) SOLID_ANGLE_UNIT ( ) );
#2877 = DIRECTION ( 'NONE',  ( 0.000000000000000000, -0.000000000000000000, 1.000000000000000000 ) ) ;
#2878 = FILL_AREA_STYLE ('',( #8630 ) ) ;
#2879 = LINE ( 'NONE', #8792, #606 ) ;
#2880 = DIRECTION ( 'NONE',  ( 0.2746938288272762207, 0.9615317469559759855, 0.000000000000000000 ) ) ;
#2881 = PRESENTATION_STYLE_ASSIGNMENT (( #1378 ) ) ;
#2882 = VECTOR ( 'NONE', #3963, 1000.000000000000000 ) ;
#2883 = EDGE_LOOP ( 'NONE', ( #3381, #9845, #4348, #1538 ) ) ;
#2884 = CARTESIAN_POINT ( 'NONE',  ( -1.606309974963132214, -0.1493795980473046625, 2.774999999999999911 ) ) ;
#2885 = DIRECTION ( 'NONE',  ( -0.7109601379168701829, 0.7032323103308216750, 0.000000000000000000 ) ) ;
#2886 = EDGE_CURVE ( 'NONE', #8577, #4578, #4602, .T. ) ;
#2887 = CARTESIAN_POINT ( 'NONE',  ( -2.164957836983784745, -2.601766864349279285, -2.875000000000000000 ) ) ;
#2888 =( NAMED_UNIT ( * ) PLANE_ANGLE_UNIT ( ) SI_UNIT ( $, .RADIAN. ) );
#2889 = UNCERTAINTY_MEASURE_WITH_UNIT (LENGTH_MEASURE( 1.000000000000000082E-05 ), #7366, 'distance_accuracy_value', 'NONE');
#2890 = ORIENTED_EDGE ( 'NONE', *, *, #276, .F. ) ;
#2891 = FILL_AREA_STYLE ('',( #3688 ) ) ;
#2892 = EDGE_CURVE ( 'NONE', #6950, #489, #7099, .T. ) ;
#2893 = VECTOR ( 'NONE', #10351, 1000.000000000000000 ) ;
#2894 =( NAMED_UNIT ( * ) PLANE_ANGLE_UNIT ( ) SI_UNIT ( $, .RADIAN. ) );
#2895 = CARTESIAN_POINT ( 'NONE',  ( 0.1739755188640284000, -0.9267715733559466207, 2.774999999999999911 ) ) ;
#2896 = PLANE ( 'NONE',  #6035 ) ;
#2897 = FACE_OUTER_BOUND ( 'NONE', #6886, .T. ) ;
#2898 =( LENGTH_UNIT ( ) NAMED_UNIT ( * ) SI_UNIT ( .MILLI., .METRE. ) );
#2899 = ORIENTED_EDGE ( 'NONE', *, *, #155, .T. ) ;
#2900 = ORIENTED_EDGE ( 'NONE', *, *, #478, .F. ) ;
#2901 = ORIENTED_EDGE ( 'NONE', *, *, #9636, .F. ) ;
#2902 = VECTOR ( 'NONE', #1259, 1000.000000000000000 ) ;
#2903 = FILL_AREA_STYLE ('',( #10160 ) ) ;
#2904 = EDGE_CURVE ( 'NONE', #570, #2644, #6988, .T. ) ;
#2905 = PLANE ( 'NONE',  #3484 ) ;
#2906 = DIRECTION ( 'NONE',  ( 0.000000000000000000, -1.000000000000000000, 0.000000000000000000 ) ) ;
#2907 = ORIENTED_EDGE ( 'NONE', *, *, #4639, .F. ) ;
#2908 = SURFACE_STYLE_FILL_AREA ( #6143 ) ;
#2909 = UNCERTAINTY_MEASURE_WITH_UNIT (LENGTH_MEASURE( 1.000000000000000082E-05 ), #680, 'distance_accuracy_value', 'NONE');
#2910 = CARTESIAN_POINT ( 'NONE',  ( -2.070430345333502675, -0.1675123140966873203, 2.875000000000000000 ) ) ;
#2911 = DIRECTION ( 'NONE',  ( -0.000000000000000000, -1.000000000000000000, 0.000000000000000000 ) ) ;
#2912 = SURFACE_STYLE_USAGE ( .BOTH. , #10273 ) ;
#2913 = VERTEX_POINT ( 'NONE', #9393 ) ;
#2914 =( NAMED_UNIT ( * ) SI_UNIT ( $, .STERADIAN. ) SOLID_ANGLE_UNIT ( ) );
#2915 = ORIENTED_EDGE ( 'NONE', *, *, #7780, .T. ) ;
#2916 = AXIS2_PLACEMENT_3D ( 'NONE', #10550, #3924, #8824 ) ;
#2917 =( GEOMETRIC_REPRESENTATION_CONTEXT ( 3 ) GLOBAL_UNCERTAINTY_ASSIGNED_CONTEXT ( ( #8920 ) ) GLOBAL_UNIT_ASSIGNED_CONTEXT ( ( #9286, #7573, #6713 ) ) REPRESENTATION_CONTEXT ( 'NONE', 'WORKASPACE' ) );
#2918 = PRESENTATION_STYLE_ASSIGNMENT (( #1207 ) ) ;
#2919 = FILL_AREA_STYLE_COLOUR ( '', #32 ) ;
#2920 = DIRECTION ( 'NONE',  ( -0.9980525784828887526, 0.06237828615517804903, 0.000000000000000000 ) ) ;
#2921 = AXIS2_PLACEMENT_3D ( 'NONE', #10314, #598, #8701 ) ;
#2922 = VECTOR ( 'NONE', #7152, 1000.000000000000000 ) ;
#2923 = CARTESIAN_POINT ( 'NONE',  ( 0.000000000000000000, -1.683088235294121882, -2.805147058823532547 ) ) ;
#2924 = ORIENTED_EDGE ( 'NONE', *, *, #9392, .F. ) ;
#2925 = DIRECTION ( 'NONE',  ( 0.000000000000000000, 0.000000000000000000, 1.000000000000000000 ) ) ;
#2926 = VERTEX_POINT ( 'NONE', #7750 ) ;
#2927 = ORIENTED_EDGE ( 'NONE', *, *, #2345, .F. ) ;
#2929 = ORIENTED_EDGE ( 'NONE', *, *, #9125, .F. ) ;
#2928 = CARTESIAN_POINT ( 'NONE',  ( 2.849999999999999645, -4.800000000000000711, -1.475000000000000089 ) ) ;
#2930 = DIRECTION ( 'NONE',  ( -0.000000000000000000, -0.000000000000000000, 1.000000000000000000 ) ) ;
#2931 = LINE ( 'NONE', #6221, #7744 ) ;
#2932 = FACE_OUTER_BOUND ( 'NONE', #7245, .T. ) ;
#2933 = DIRECTION ( 'NONE',  ( 0.000000000000000000, 1.000000000000000000, 0.000000000000000000 ) ) ;
#2934 = VERTEX_POINT ( 'NONE', #8641 ) ;
#2935 = DIRECTION ( 'NONE',  ( -0.4426676528313103764, 0.8966857582993155162, 0.000000000000000000 ) ) ;
#2936 = STYLED_ITEM ( 'NONE', ( #5283 ), #4284 ) ;
#2937 = ORIENTED_EDGE ( 'NONE', *, *, #8357, .F. ) ;
#2938 = CARTESIAN_POINT ( 'NONE',  ( 2.849999999999999645, -5.000000000000000000, -1.475000000000000089 ) ) ;
#2939 = CARTESIAN_POINT ( 'NONE',  ( -1.625021394716218870, -1.056979906689279991, 2.774999999999999911 ) ) ;
#2940 = DIRECTION ( 'NONE',  ( 0.000000000000000000, -1.000000000000000000, 0.000000000000000000 ) ) ;
#2941 = LINE ( 'NONE', #9390, #245 ) ;
#2942 = PRESENTATION_LAYER_ASSIGNMENT (  '', '', ( #7592 ) ) ;
#2943 = EDGE_CURVE ( 'NONE', #7008, #2233, #2031, .T. ) ;
#2944 = ORIENTED_EDGE ( 'NONE', *, *, #7009, .T. ) ;
#2945 = FILL_AREA_STYLE_COLOUR ( '', #2258 ) ;
#2946 =( NAMED_UNIT ( * ) PLANE_ANGLE_UNIT ( ) SI_UNIT ( $, .RADIAN. ) );
#2947 = CARTESIAN_POINT ( 'NONE',  ( 1.039909160839336932, -1.111185153602860298, 2.875000000000000000 ) ) ;
#2948 = ADVANCED_FACE ( 'NONE', ( #5422 ), #2089, .T. ) ;
#2949 = PRESENTATION_LAYER_ASSIGNMENT (  '', '', ( #386 ) ) ;
#2950 = CARTESIAN_POINT ( 'NONE',  ( 2.208504839851682888, -1.127774659775699684, 2.875000000000000000 ) ) ;
#2951 = ORIENTED_EDGE ( 'NONE', *, *, #5673, .F. ) ;
#2952 = VERTEX_POINT ( 'NONE', #3003 ) ;
#2953 = ORIENTED_EDGE ( 'NONE', *, *, #10011, .T. ) ;
#2954 = SURFACE_STYLE_FILL_AREA ( #1158 ) ;
#2955 = PRESENTATION_STYLE_ASSIGNMENT (( #10322 ) ) ;
#2956 = FILL_AREA_STYLE ('',( #4360 ) ) ;
#2957 = ORIENTED_EDGE ( 'NONE', *, *, #1788, .T. ) ;
#2958 = CARTESIAN_POINT ( 'NONE',  ( -1.510438061382885389, -0.1675123140966873203, 2.774999999999999911 ) ) ;
#2959 = VECTOR ( 'NONE', #10313, 1000.000000000000000 ) ;
#2960 = DIRECTION ( 'NONE',  ( -0.000000000000000000, -0.000000000000000000, 1.000000000000000000 ) ) ;
#2961 = DIRECTION ( 'NONE',  ( 0.7071067811865510144, -0.7071067811865441310, 0.000000000000000000 ) ) ;
#2962 = CARTESIAN_POINT ( 'NONE',  ( -0.1516417650865888034, -1.078391943726317193, 2.774999999999999911 ) ) ;
#2963 = EDGE_LOOP ( 'NONE', ( #1868, #7657, #3448, #3295 ) ) ;
#2964 = EDGE_CURVE ( 'NONE', #1719, #3634, #2247, .T. ) ;
#2965 = CARTESIAN_POINT ( 'NONE',  ( 1.002872123802300175, -0.3658147832324898374, 2.774999999999999911 ) ) ;
#2966 = EDGE_LOOP ( 'NONE', ( #10296, #5436, #546, #8062, #6294, #10122 ) ) ;
#2967 = MECHANICAL_DESIGN_GEOMETRIC_PRESENTATION_REPRESENTATION (  '', ( #2285 ), #7958 ) ;
#2968 = PRESENTATION_STYLE_ASSIGNMENT (( #3765 ) ) ;
#2969 = CARTESIAN_POINT ( 'NONE',  ( 1.366876753431929714, -0.1277746597756997671, 2.774999999999999911 ) ) ;
#2970 = CARTESIAN_POINT ( 'NONE',  ( 2.487054222567732342, -0.1491866968127367743, 2.774999999999999911 ) ) ;
#2971 = SURFACE_SIDE_STYLE ('',( #7993 ) ) ;
#2972 = AXIS2_PLACEMENT_3D ( 'NONE', #294, #1003, #6856 ) ;
#2973 = AXIS2_PLACEMENT_3D ( 'NONE', #4299, #7488, #1767 ) ;
#2974 = LINE ( 'NONE', #5452, #4010 ) ;
#2975 = ORIENTED_EDGE ( 'NONE', *, *, #1466, .F. ) ;
#2976 = CARTESIAN_POINT ( 'NONE',  ( 1.824438481826991865, -0.4138471906398972777, 2.774999999999999911 ) ) ;
#2977 = ORIENTED_EDGE ( 'NONE', *, *, #6329, .T. ) ;
#2978 = EDGE_LOOP ( 'NONE', ( #8330, #1568, #512, #10068 ) ) ;
#2979 = MECHANICAL_DESIGN_GEOMETRIC_PRESENTATION_REPRESENTATION (  '', ( #5040 ), #7113 ) ;
#2980 =( GEOMETRIC_REPRESENTATION_CONTEXT ( 3 ) GLOBAL_UNCERTAINTY_ASSIGNED_CONTEXT ( ( #8806 ) ) GLOBAL_UNIT_ASSIGNED_CONTEXT ( ( #9663, #7207, #1664 ) ) REPRESENTATION_CONTEXT ( 'NONE', 'WORKASPACE' ) );
#2982 = ORIENTED_EDGE ( 'NONE', *, *, #2886, .T. ) ;
#2981 =( NAMED_UNIT ( * ) SI_UNIT ( $, .STERADIAN. ) SOLID_ANGLE_UNIT ( ) );
#2983 = LINE ( 'NONE', #10411, #6161 ) ;
#2984 = LINE ( 'NONE', #2771, #524 ) ;
#2985 =( NAMED_UNIT ( * ) SI_UNIT ( $, .STERADIAN. ) SOLID_ANGLE_UNIT ( ) );
#2986 = DIRECTION ( 'NONE',  ( 0.000000000000000000, -1.000000000000000000, 0.000000000000000000 ) ) ;
#2987 = FACE_OUTER_BOUND ( 'NONE', #8032, .T. ) ;
#2988 = UNCERTAINTY_MEASURE_WITH_UNIT (LENGTH_MEASURE( 1.000000000000000082E-05 ), #2064, 'distance_accuracy_value', 'NONE');
#2989 = CARTESIAN_POINT ( 'NONE',  ( -2.185013678666835713, -1.056787005454712158, 2.774999999999999911 ) ) ;
#2990 = ORIENTED_EDGE ( 'NONE', *, *, #6730, .F. ) ;
#2991 =( NAMED_UNIT ( * ) PLANE_ANGLE_UNIT ( ) SI_UNIT ( $, .RADIAN. ) );
#2992 = SURFACE_SIDE_STYLE ('',( #1485 ) ) ;
#2993 = ORIENTED_EDGE ( 'NONE', *, *, #8458, .F. ) ;
#2994 = VECTOR ( 'NONE', #9545, 1000.000000000000114 ) ;
#2995 = ADVANCED_FACE ( 'NONE', ( #8541 ), #4872, .T. ) ;
#2996 = MANIFOLD_SOLID_BREP ( 'Cut-Extrude10', #7368 ) ;
#2997 =( NAMED_UNIT ( * ) PLANE_ANGLE_UNIT ( ) SI_UNIT ( $, .RADIAN. ) );
#2998 = VECTOR ( 'NONE', #1681, 1000.000000000000000 ) ;
#2999 = CARTESIAN_POINT ( 'NONE',  ( 1.942879839851682888, -1.088037005454712158, 2.875000000000000000 ) ) ;
#3000 = VECTOR ( 'NONE', #3888, 1000.000000000000000 ) ;
#3001 = UNCERTAINTY_MEASURE_WITH_UNIT (LENGTH_MEASURE( 1.000000000000000082E-05 ), #8709, 'distance_accuracy_value', 'NONE');
#3002 = EDGE_LOOP ( 'NONE', ( #3615, #10210, #4120, #4032 ) ) ;
#3003 = CARTESIAN_POINT ( 'NONE',  ( -2.164957836983784745, -3.101766864349279285, 2.119236689479958358 ) ) ;
#3004 = FACE_OUTER_BOUND ( 'NONE', #8358, .T. ) ;
#3005 = UNCERTAINTY_MEASURE_WITH_UNIT (LENGTH_MEASURE( 1.000000000000000082E-05 ), #5964, 'distance_accuracy_value', 'NONE');
#3006 = FILL_AREA_STYLE_COLOUR ( '', #6578 ) ;
#3007 = FILL_AREA_STYLE_COLOUR ( '', #24 ) ;
#3008 = VECTOR ( 'NONE', #4689, 1000.000000000000000 ) ;
#3009 = STYLED_ITEM ( 'NONE', ( #4944 ), #8930 ) ;
#3010 = SURFACE_STYLE_USAGE ( .BOTH. , #1238 ) ;
#3011 = ORIENTED_EDGE ( 'NONE', *, *, #9080, .F. ) ;
#3012 = ORIENTED_EDGE ( 'NONE', *, *, #3174, .F. ) ;
#3013 = ORIENTED_EDGE ( 'NONE', *, *, #3612, .F. ) ;
#3014 = VECTOR ( 'NONE', #4339, 1000.000000000000227 ) ;
#3015 = DIRECTION ( 'NONE',  ( 0.8574929257125440962, 0.5144957554275267908, -0.000000000000000000 ) ) ;
#3016 = FACE_OUTER_BOUND ( 'NONE', #6380, .T. ) ;
#3017 = LINE ( 'NONE', #4728, #7408 ) ;
#3018 =( GEOMETRIC_REPRESENTATION_CONTEXT ( 3 ) GLOBAL_UNCERTAINTY_ASSIGNED_CONTEXT ( ( #9799 ) ) GLOBAL_UNIT_ASSIGNED_CONTEXT ( ( #2629, #9188, #8343 ) ) REPRESENTATION_CONTEXT ( 'NONE', 'WORKASPACE' ) );
#3019 = ORIENTED_EDGE ( 'NONE', *, *, #2572, .T. ) ;
#3020 = FILL_AREA_STYLE_COLOUR ( '', #8184 ) ;
#3021 = UNCERTAINTY_MEASURE_WITH_UNIT (LENGTH_MEASURE( 1.000000000000000082E-05 ), #4207, 'distance_accuracy_value', 'NONE');
#3022 = VECTOR ( 'NONE', #5002, 1000.000000000000000 ) ;
#3023 = FILL_AREA_STYLE ('',( #7228 ) ) ;
#3024 = EDGE_CURVE ( 'NONE', #2490, #6099, #3970, .T. ) ;
#3025 = DIRECTION ( 'NONE',  ( -0.8574929257125440962, 0.5144957554275267908, 0.000000000000000000 ) ) ;
#3026 = ORIENTED_EDGE ( 'NONE', *, *, #3398, .T. ) ;
#3027 = VECTOR ( 'NONE', #3540, 1000.000000000000000 ) ;
#3028 = CARTESIAN_POINT ( 'NONE',  ( 1.569999999999999396, -7.605096679918781355, 0.2049999999999998768 ) ) ;
#3029 = STYLED_ITEM ( 'NONE', ( #8974 ), #1734 ) ;
#3030 = EDGE_LOOP ( 'NONE', ( #9620, #1093, #8955, #665 ) ) ;
#3031 = MECHANICAL_DESIGN_GEOMETRIC_PRESENTATION_REPRESENTATION (  '', ( #1304 ), #9364 ) ;
#3032 = CYLINDRICAL_SURFACE ( 'NONE', #7593, 0.5000000000000000000 ) ;
#3033 = B_SPLINE_CURVE_WITH_KNOTS ( 'NONE', 1,
 ( #8868, #9674 ),
 .UNSPECIFIED., .F., .F.,
 ( 2, 2 ),
 ( 0.000000000000000000, 1.000000000000000000 ),
 .UNSPECIFIED. ) ;
#3034 = FACE_OUTER_BOUND ( 'NONE', #515, .T. ) ;
#3035 = PLANE ( 'NONE',  #6317 ) ;
#3036 = CARTESIAN_POINT ( 'NONE',  ( 0.03913755590106548360, -1.106362622738662704, 2.774999999999999911 ) ) ;
#3037 = AXIS2_PLACEMENT_3D ( 'NONE', #2895, #7212, #10369 ) ;
#3038 = EDGE_CURVE ( 'NONE', #2314, #9341, #7372, .T. ) ;
#3039 =( NAMED_UNIT ( * ) SI_UNIT ( $, .STERADIAN. ) SOLID_ANGLE_UNIT ( ) );
#3040 = DIRECTION ( 'NONE',  ( 1.000000000000000000, 1.239088197126290817E-16, -0.000000000000000000 ) ) ;
#3041 = EDGE_CURVE ( 'NONE', #3712, #6600, #9028, .T. ) ;
#3042 = CARTESIAN_POINT ( 'NONE',  ( -1.841263678666835935, -1.106362622738662704, 2.774999999999999911 ) ) ;
#3043 = DIRECTION ( 'NONE',  ( 1.000000000000000000, 0.000000000000000000, 0.000000000000000000 ) ) ;
#3044 = ORIENTED_EDGE ( 'NONE', *, *, #3537, .T. ) ;
#3045 = MECHANICAL_DESIGN_GEOMETRIC_PRESENTATION_REPRESENTATION (  '', ( #1671 ), #9047 ) ;
#3046 = DIRECTION ( 'NONE',  ( 0.7019456228085669824, -0.7122305403588735651, 0.000000000000000000 ) ) ;
#3047 = EDGE_CURVE ( 'NONE', #488, #3875, #4176, .T. ) ;
#3048 = ORIENTED_EDGE ( 'NONE', *, *, #6057, .F. ) ;
#3049 = EDGE_CURVE ( 'NONE', #7899, #1499, #57, .T. ) ;
#3050 = ORIENTED_EDGE ( 'NONE', *, *, #3525, .F. ) ;
#3051 = SURFACE_STYLE_USAGE ( .BOTH. , #9709 ) ;
#3052 = DIRECTION ( 'NONE',  ( 0.000000000000000000, 1.000000000000000000, 0.000000000000000000 ) ) ;
#3053 =( NAMED_UNIT ( * ) PLANE_ANGLE_UNIT ( ) SI_UNIT ( $, .RADIAN. ) );
#3054 = ORIENTED_EDGE ( 'NONE', *, *, #6112, .T. ) ;
#3055 = EDGE_CURVE ( 'NONE', #2934, #10488, #7270, .T. ) ;
#3056 = ORIENTED_EDGE ( 'NONE', *, *, #826, .T. ) ;
#3057 = LINE ( 'NONE', #8917, #1008 ) ;
#3058 = FACE_OUTER_BOUND ( 'NONE', #10374, .T. ) ;
#3059 = ORIENTED_EDGE ( 'NONE', *, *, #2892, .F. ) ;
#3060 = MECHANICAL_DESIGN_GEOMETRIC_PRESENTATION_REPRESENTATION (  '', ( #3390 ), #2380 ) ;
#3061 = DIRECTION ( 'NONE',  ( -0.2944963278051682121, -0.9556526109990339801, 0.000000000000000000 ) ) ;
#3062 =( NAMED_UNIT ( * ) SI_UNIT ( $, .STERADIAN. ) SOLID_ANGLE_UNIT ( ) );
#3063 = SURFACE_SIDE_STYLE ('',( #9780 ) ) ;
#3064 = ORIENTED_EDGE ( 'NONE', *, *, #4747, .F. ) ;
#3065 = ORIENTED_EDGE ( 'NONE', *, *, #3463, .T. ) ;
#3066 = ORIENTED_EDGE ( 'NONE', *, *, #10475, .F. ) ;
#3067 = VECTOR ( 'NONE', #8064, 1000.000000000000000 ) ;
#3068 = DIRECTION ( 'NONE',  ( 0.000000000000000000, 0.000000000000000000, 1.000000000000000000 ) ) ;
#3069 = MECHANICAL_DESIGN_GEOMETRIC_PRESENTATION_REPRESENTATION (  '', ( #8726 ), #10451 ) ;
#3070 = DIRECTION ( 'NONE',  ( 0.9620251911974061487, -0.2729606775738845914, 0.000000000000000000 ) ) ;
#3071 = CARTESIAN_POINT ( 'NONE',  ( -1.513138678666836157, -1.127774659775699684, 2.875000000000000000 ) ) ;
#3072 = DIRECTION ( 'NONE',  ( 0.000000000000000000, 0.000000000000000000, -1.000000000000000000 ) ) ;
#3073 = EDGE_LOOP ( 'NONE', ( #1483, #320, #9590, #2900, #5377 ) ) ;
#3074 = FACE_OUTER_BOUND ( 'NONE', #3258, .T. ) ;
#3075 = DIRECTION ( 'NONE',  ( 0.4469659517947080496, 0.8945509700046447854, 0.000000000000000000 ) ) ;
#3076 = VECTOR ( 'NONE', #5376, 1000.000000000000000 ) ;
#3077 = LINE ( 'NONE', #2433, #5561 ) ;
#3078 = ORIENTED_EDGE ( 'NONE', *, *, #6570, .F. ) ;
#3079 = LINE ( 'NONE', #4621, #2148 ) ;
#3080 = VERTEX_POINT ( 'NONE', #9725 ) ;
#3081 = CARTESIAN_POINT ( 'NONE',  ( 0.1433042225677319537, -1.079742252368292244, 2.774999999999999911 ) ) ;
#3082 = SURFACE_STYLE_FILL_AREA ( #730 ) ;
#3083 =( GEOMETRIC_REPRESENTATION_CONTEXT ( 3 ) GLOBAL_UNCERTAINTY_ASSIGNED_CONTEXT ( ( #2244 ) ) GLOBAL_UNIT_ASSIGNED_CONTEXT ( ( #735, #4046, #684 ) ) REPRESENTATION_CONTEXT ( 'NONE', 'WORKASPACE' ) );
#3084 = AXIS2_PLACEMENT_3D ( 'NONE', #2280, #10562, #5775 ) ;
#3085 = LINE ( 'NONE', #678, #5792 ) ;
#3086 = CARTESIAN_POINT ( 'NONE',  ( 0.3340835435553862198, -0.7481450301460700336, 2.774999999999999911 ) ) ;
#3087 = EDGE_CURVE ( 'NONE', #4740, #8983, #1758, .T. ) ;
#3088 = CARTESIAN_POINT ( 'NONE',  ( -1.606309974963132214, -0.1493795980473046625, 2.774999999999999911 ) ) ;
#3089 = CARTESIAN_POINT ( 'NONE',  ( -1.561363987308811208, -0.1493795980473046625, 2.875000000000000000 ) ) ;
#3090 = FACE_OUTER_BOUND ( 'NONE', #7079, .T. ) ;
#3091 = ADVANCED_FACE ( 'NONE', ( #709 ), #922, .T. ) ;
#3092 = ORIENTED_EDGE ( 'NONE', *, *, #4793, .T. ) ;
#3093 = AXIS2_PLACEMENT_3D ( 'NONE', #9191, #3435, #6733 ) ;
#3094 = EDGE_CURVE ( 'NONE', #9400, #3646, #5391, .T. ) ;
#3095 = LINE ( 'NONE', #7997, #5756 ) ;
#3096 = VERTEX_POINT ( 'NONE', #6819 ) ;
#3097 = EDGE_CURVE ( 'NONE', #4549, #4923, #2174, .T. ) ;
#3099 = ORIENTED_EDGE ( 'NONE', *, *, #2236, .T. ) ;
#3098 = PRESENTATION_STYLE_ASSIGNMENT (( #3948 ) ) ;
#3100 = LINE ( 'NONE', #4643, #10291 ) ;
#3101 = VECTOR ( 'NONE', #9124, 1000.000000000000114 ) ;
#3102 = PRESENTATION_LAYER_ASSIGNMENT (  '', '', ( #6876 ) ) ;
#3103 = PRESENTATION_STYLE_ASSIGNMENT (( #7840 ) ) ;
#3104 = ADVANCED_FACE ( 'NONE', ( #1312 ), #9529, .F. ) ;
#3105 = DIRECTION ( 'NONE',  ( -0.7128204936576870709, -0.7013465219287904340, 0.000000000000000000 ) ) ;
#3106 = UNCERTAINTY_MEASURE_WITH_UNIT (LENGTH_MEASURE( 1.000000000000000082E-05 ), #3340, 'distance_accuracy_value', 'NONE');
#3107 = DIRECTION ( 'NONE',  ( -0.9980525784828887526, 0.06237828615517803516, 0.000000000000000000 ) ) ;
#3108 = ORIENTED_EDGE ( 'NONE', *, *, #10001, .T. ) ;
#3109 = VERTEX_POINT ( 'NONE', #1911 ) ;
#3110 = VECTOR ( 'NONE', #9767, 1000.000000000000000 ) ;
#3111 = UNCERTAINTY_MEASURE_WITH_UNIT (LENGTH_MEASURE( 1.000000000000000082E-05 ), #7682, 'distance_accuracy_value', 'NONE');
#3112 = ORIENTED_EDGE ( 'NONE', *, *, #3463, .F. ) ;
#3113 =( NAMED_UNIT ( * ) PLANE_ANGLE_UNIT ( ) SI_UNIT ( $, .RADIAN. ) );
#3114 = ADVANCED_FACE ( 'NONE', ( #9982 ), #6768, .T. ) ;
#3115 = COLOUR_RGB ( '',0.7529411764705882248, 0.7529411764705882248, 0.7529411764705882248 ) ;
#3116 = FACE_OUTER_BOUND ( 'NONE', #8451, .T. ) ;
#3117 = LINE ( 'NONE', #2146, #9824 ) ;
#3118 = SURFACE_STYLE_FILL_AREA ( #6243 ) ;
#3119 = EDGE_LOOP ( 'NONE', ( #4848, #8323, #272, #9498 ) ) ;
#3120 = EDGE_LOOP ( 'NONE', ( #2872, #7219, #4961, #3696 ) ) ;
#3121 = ORIENTED_EDGE ( 'NONE', *, *, #10006, .F. ) ;
#3122 =( NAMED_UNIT ( * ) SI_UNIT ( $, .STERADIAN. ) SOLID_ANGLE_UNIT ( ) );
#3123 = PLANE ( 'NONE',  #663 ) ;
#3124 = CARTESIAN_POINT ( 'NONE',  ( 0.04762521022205323112, -1.127774659775699684, 2.875000000000000000 ) ) ;
#3125 = ORIENTED_EDGE ( 'NONE', *, *, #3873, .F. ) ;
#3126 = FACE_OUTER_BOUND ( 'NONE', #5195, .T. ) ;
#3127 = UNCERTAINTY_MEASURE_WITH_UNIT (LENGTH_MEASURE( 1.000000000000000082E-05 ), #56, 'distance_accuracy_value', 'NONE');
#3128 = FILL_AREA_STYLE ('',( #4565 ) ) ;
#3129 = DIRECTION ( 'NONE',  ( 0.000000000000000000, -1.000000000000000000, 0.000000000000000000 ) ) ;
#3130 = DIRECTION ( 'NONE',  ( 0.000000000000000000, 0.000000000000000000, 1.000000000000000000 ) ) ;
#3131 = FILL_AREA_STYLE ('',( #8884 ) ) ;
#3132 = ORIENTED_EDGE ( 'NONE', *, *, #444, .F. ) ;
#3133 = EDGE_CURVE ( 'NONE', #9323, #5502, #5672, .T. ) ;
#3134 = DIRECTION ( 'NONE',  ( 0.000000000000000000, 0.000000000000000000, -1.000000000000000000 ) ) ;
#3135 =( GEOMETRIC_REPRESENTATION_CONTEXT ( 3 ) GLOBAL_UNCERTAINTY_ASSIGNED_CONTEXT ( ( #5051 ) ) GLOBAL_UNIT_ASSIGNED_CONTEXT ( ( #2684, #8700, #8755 ) ) REPRESENTATION_CONTEXT ( 'NONE', 'WORKASPACE' ) );
#3136 = AXIS2_PLACEMENT_3D ( 'NONE', #10597, #8028, #3266 ) ;
#3137 =( NAMED_UNIT ( * ) SI_UNIT ( $, .STERADIAN. ) SOLID_ANGLE_UNIT ( ) );
#3138 = FACE_OUTER_BOUND ( 'NONE', #250, .T. ) ;
#3139 = DIRECTION ( 'NONE',  ( -0.7049886522767367936, -0.7092185841903962951, 0.000000000000000000 ) ) ;
#3140 = PRESENTATION_STYLE_ASSIGNMENT (( #2389 ) ) ;
#3141 = LINE ( 'NONE', #5451, #7034 ) ;
#3142 = EDGE_CURVE ( 'NONE', #9196, #6388, #10617, .T. ) ;
#3143 = ORIENTED_EDGE ( 'NONE', *, *, #4158, .T. ) ;
#3144 = VECTOR ( 'NONE', #4376, 1000.000000000000000 ) ;
#3145 = DIRECTION ( 'NONE',  ( 0.4503574301806865243, 0.8928483550307118044, 0.000000000000000000 ) ) ;
#3146 = ORIENTED_EDGE ( 'NONE', *, *, #6900, .T. ) ;
#3147 = DIRECTION ( 'NONE',  ( 1.000000000000000000, -0.000000000000000000, 0.000000000000000000 ) ) ;
#3149 = VERTEX_POINT ( 'NONE', #9753 ) ;
#3148 =( LENGTH_UNIT ( ) NAMED_UNIT ( * ) SI_UNIT ( .MILLI., .METRE. ) );
#3150 = VECTOR ( 'NONE', #7672, 1000.000000000000000 ) ;
#3151 = AXIS2_PLACEMENT_3D ( 'NONE', #10394, #8833, #6918 ) ;
#3152 = ORIENTED_EDGE ( 'NONE', *, *, #8902, .T. ) ;
#3153 = EDGE_CURVE ( 'NONE', #5354, #6262, #5560, .T. ) ;
#3154 = CARTESIAN_POINT ( 'NONE',  ( -0.1516417650865888034, -1.078391943726317193, 2.774999999999999911 ) ) ;
#3155 = ORIENTED_EDGE ( 'NONE', *, *, #2640, .F. ) ;
#3156 = AXIS2_PLACEMENT_3D ( 'NONE', #2962, #4678, #10330 ) ;
#3157 = PRESENTATION_STYLE_ASSIGNMENT (( #2240 ) ) ;
#3158 = CARTESIAN_POINT ( 'NONE',  ( 1.582154531209707837, -0.4159691042201442146, 2.774999999999999911 ) ) ;
#3159 = PLANE ( 'NONE',  #769 ) ;
#3160 = ORIENTED_EDGE ( 'NONE', *, *, #1009, .F. ) ;
#3161 = DIRECTION ( 'NONE',  ( 0.000000000000000000, -1.000000000000000000, 0.000000000000000000 ) ) ;
#3162 = DIRECTION ( 'NONE',  ( -0.7092185841903962951, 0.7049886522767367936, 0.000000000000000000 ) ) ;
#3163 = VECTOR ( 'NONE', #5284, 1000.000000000000227 ) ;
#3164 = EDGE_CURVE ( 'NONE', #1313, #6099, #8150, .T. ) ;
#3165 = SURFACE_STYLE_USAGE ( .BOTH. , #6403 ) ;
#3166 = EDGE_CURVE ( 'NONE', #5121, #3619, #3243, .T. ) ;
#3167 = DIRECTION ( 'NONE',  ( 0.000000000000000000, 1.000000000000000000, 0.000000000000000000 ) ) ;
#3168 = ORIENTED_EDGE ( 'NONE', *, *, #2545, .F. ) ;
#3169 = ORIENTED_EDGE ( 'NONE', *, *, #9062, .F. ) ;
#3170 = VECTOR ( 'NONE', #4960, 1000.000000000000000 ) ;
#3171 = LINE ( 'NONE', #6466, #741 ) ;
#3172 = CARTESIAN_POINT ( 'NONE',  ( -1.570000000000001172, -7.605096679918781355, 0.8450000000000000844 ) ) ;
#3173 = ORIENTED_EDGE ( 'NONE', *, *, #9425, .F. ) ;
#3174 = EDGE_CURVE ( 'NONE', #2502, #8425, #10504, .T. ) ;
#3175 = DIRECTION ( 'NONE',  ( -0.9131378824375119274, 0.4076508403738875463, 0.000000000000000000 ) ) ;
#3176 = DIRECTION ( 'NONE',  ( -0.2751254935936198742, -0.9614083226053677933, 0.000000000000000000 ) ) ;
#3177 = COLOUR_RGB ( '',0.7529411764705882248, 0.7529411764705882248, 0.7529411764705882248 ) ;
#3178 = EDGE_CURVE ( 'NONE', #1768, #9061, #3939, .T. ) ;
#3179 = CARTESIAN_POINT ( 'NONE',  ( 0.2767918768887198122, -0.1491866968127367743, 2.774999999999999911 ) ) ;
#3180 = ORIENTED_EDGE ( 'NONE', *, *, #1126, .T. ) ;
#3181 = ORIENTED_EDGE ( 'NONE', *, *, #4845, .F. ) ;
#3182 = LINE ( 'NONE', #6423, #2086 ) ;
#3183 = DIRECTION ( 'NONE',  ( -0.2747765339150585184, -0.9615081156233818982, 0.000000000000000000 ) ) ;
#3184 = MECHANICAL_DESIGN_GEOMETRIC_PRESENTATION_REPRESENTATION (  '', ( #270 ), #10053 ) ;
#3185 = DIRECTION ( 'NONE',  ( 1.000000000000000000, 0.000000000000000000, 0.000000000000000000 ) ) ;
#3186 = DIRECTION ( 'NONE',  ( -0.000000000000000000, -0.000000000000000000, 1.000000000000000000 ) ) ;
#3187 = CARTESIAN_POINT ( 'NONE',  ( -1.569999999999999840, 1.204553182355148522, -2.875999999999999890 ) ) ;
#3188 = LINE ( 'NONE', #6488, #6761 ) ;
#3189 = ORIENTED_EDGE ( 'NONE', *, *, #9411, .T. ) ;
#3190 = VECTOR ( 'NONE', #1327, 1000.000000000000000 ) ;
#3191 = SURFACE_SIDE_STYLE ('',( #947 ) ) ;
#3192 = ORIENTED_EDGE ( 'NONE', *, *, #2620, .F. ) ;
#3193 = ADVANCED_FACE ( 'NONE', ( #3090 ), #8838, .T. ) ;
#3194 = VECTOR ( 'NONE', #7776, 1000.000000000000000 ) ;
#3195 = ORIENTED_EDGE ( 'NONE', *, *, #557, .T. ) ;
#3196 = CARTESIAN_POINT ( 'NONE',  ( 0.04762521022205323112, -1.127774659775699684, 2.875000000000000000 ) ) ;
#3197 = MECHANICAL_DESIGN_GEOMETRIC_PRESENTATION_REPRESENTATION (  '', ( #2862 ), #9215 ) ;
#3198 = EDGE_CURVE ( 'NONE', #8953, #1686, #3141, .T. ) ;
#3199 = DIRECTION ( 'NONE',  ( -0.000000000000000000, -0.000000000000000000, 1.000000000000000000 ) ) ;
#3200 = VERTEX_POINT ( 'NONE', #4794 ) ;
#3201 = PLANE ( 'NONE',  #2760 ) ;
#3202 = SURFACE_SIDE_STYLE ('',( #10583 ) ) ;
#3203 = ORIENTED_EDGE ( 'NONE', *, *, #3231, .F. ) ;
#3204 =( NAMED_UNIT ( * ) PLANE_ANGLE_UNIT ( ) SI_UNIT ( $, .RADIAN. ) );
#3205 = STYLED_ITEM ( 'NONE', ( #7057 ), #1288 ) ;
#3206 = CARTESIAN_POINT ( 'NONE',  ( 0.8159508275060035620, -0.9319799066892799910, 2.875000000000000000 ) ) ;
#3207 = PRESENTATION_STYLE_ASSIGNMENT (( #9608 ) ) ;
#3208 = ORIENTED_EDGE ( 'NONE', *, *, #7289, .T. ) ;
#3209 = FILL_AREA_STYLE_COLOUR ( '', #8611 ) ;
#3210 = CARTESIAN_POINT ( 'NONE',  ( 1.880379839851682666, -1.106362622738662704, 2.875000000000000000 ) ) ;
#3211 =( NAMED_UNIT ( * ) PLANE_ANGLE_UNIT ( ) SI_UNIT ( $, .RADIAN. ) );
#3212 = ADVANCED_FACE ( 'NONE', ( #5623 ), #7131, .T. ) ;
#3213 = DIRECTION ( 'NONE',  ( -1.000000000000000000, 0.000000000000000000, 0.000000000000000000 ) ) ;
#3214 = DIRECTION ( 'NONE',  ( 0.9409328386106160513, -0.3385932563182090238, 0.000000000000000000 ) ) ;
#3215 =( NAMED_UNIT ( * ) PLANE_ANGLE_UNIT ( ) SI_UNIT ( $, .RADIAN. ) );
#3216 = EDGE_CURVE ( 'NONE', #9341, #10590, #5511, .T. ) ;
#3217 = LINE ( 'NONE', #4774, #5071 ) ;
#3218 = ADVANCED_FACE ( 'NONE', ( #4690 ), #7994, .F. ) ;
#3219 = CARTESIAN_POINT ( 'NONE',  ( 1.493612864543040430, -0.1900817585411318511, 2.875000000000000000 ) ) ;
#3220 = CARTESIAN_POINT ( 'NONE',  ( 1.586012555901065157, -0.2209459560719960469, 2.774999999999999911 ) ) ;
#3221 = PRESENTATION_LAYER_ASSIGNMENT (  '', '', ( #1692 ) ) ;
#3222 = ORIENTED_EDGE ( 'NONE', *, *, #5335, .T. ) ;
#3223 = LINE ( 'NONE', #7223, #452 ) ;
#3224 = CARTESIAN_POINT ( 'NONE',  ( -0.09222818483967543113, -0.8266558326152059211, 2.774999999999999911 ) ) ;
#3225 = CARTESIAN_POINT ( 'NONE',  ( 1.179955457135633434, -0.1451357708868107887, 2.774999999999999911 ) ) ;
#3226 = CARTESIAN_POINT ( 'NONE',  ( 3.700000000000000178, 1.578285606387554996, 1.430978720524678005 ) ) ;
#3227 = STYLED_ITEM ( 'NONE', ( #7422 ), #10383 ) ;
#3228 =( NAMED_UNIT ( * ) SI_UNIT ( $, .STERADIAN. ) SOLID_ANGLE_UNIT ( ) );
#3229 = ORIENTED_EDGE ( 'NONE', *, *, #6991, .F. ) ;
#3230 = ORIENTED_EDGE ( 'NONE', *, *, #5250, .T. ) ;
#3231 = EDGE_CURVE ( 'NONE', #5949, #4546, #9855, .T. ) ;
#3232 = ORIENTED_EDGE ( 'NONE', *, *, #4159, .T. ) ;
#3233 = COLOUR_RGB ( '',0.7529411764705882248, 0.7529411764705882248, 0.7529411764705882248 ) ;
#3234 = FILL_AREA_STYLE ('',( #1628 ) ) ;
#3235 = CARTESIAN_POINT ( 'NONE',  ( 0.6498628645430406525, -0.1491866968127367743, 2.774999999999999911 ) ) ;
#3236 = CARTESIAN_POINT ( 'NONE',  ( 0.9345850867652628624, -0.4225277461954527469, 2.875000000000000000 ) ) ;
#3237 =( NAMED_UNIT ( * ) SI_UNIT ( $, .STERADIAN. ) SOLID_ANGLE_UNIT ( ) );
#3238 = UNCERTAINTY_MEASURE_WITH_UNIT (LENGTH_MEASURE( 1.000000000000000082E-05 ), #5657, 'distance_accuracy_value', 'NONE');
#3239 = MECHANICAL_DESIGN_GEOMETRIC_PRESENTATION_REPRESENTATION (  '', ( #1348 ), #3397 ) ;
#3240 =( NAMED_UNIT ( * ) PLANE_ANGLE_UNIT ( ) SI_UNIT ( $, .RADIAN. ) );
#3241 = CARTESIAN_POINT ( 'NONE',  ( -2.118655653975478170, -1.106362622738662704, 2.875000000000000000 ) ) ;
#3242 = EDGE_CURVE ( 'NONE', #5004, #7151, #235, .T. ) ;
#3243 = LINE ( 'NONE', #3187, #8239 ) ;
#3244 = DIRECTION ( 'NONE',  ( 0.000000000000000000, 0.000000000000000000, 1.000000000000000000 ) ) ;
#3245 = ORIENTED_EDGE ( 'NONE', *, *, #6088, .F. ) ;
#3246 = CARTESIAN_POINT ( 'NONE',  ( -2.338563061382885611, -1.088037005454712158, 2.774999999999999911 ) ) ;
#3247 = ORIENTED_EDGE ( 'NONE', *, *, #1096, .T. ) ;
#3248 =( GEOMETRIC_REPRESENTATION_CONTEXT ( 3 ) GLOBAL_UNCERTAINTY_ASSIGNED_CONTEXT ( ( #8823 ) ) GLOBAL_UNIT_ASSIGNED_CONTEXT ( ( #3314, #3211, #3365 ) ) REPRESENTATION_CONTEXT ( 'NONE', 'WORKASPACE' ) );
#3250 = ORIENTED_EDGE ( 'NONE', *, *, #943, .T. ) ;
#3249 = DIRECTION ( 'NONE',  ( 0.000000000000000000, 0.000000000000000000, -1.000000000000000000 ) ) ;
#3251 = DIRECTION ( 'NONE',  ( -0.7001544121828525702, -0.7139914559018785134, 0.000000000000000000 ) ) ;
#3252 = PLANE ( 'NONE',  #3822 ) ;
#3253 = SURFACE_STYLE_USAGE ( .BOTH. , #6607 ) ;
#3254 = ORIENTED_EDGE ( 'NONE', *, *, #9241, .T. ) ;
#3255 = CARTESIAN_POINT ( 'NONE',  ( 1.078296506518349185, -0.6158147832324898374, 2.774999999999999911 ) ) ;
#3256 = MECHANICAL_DESIGN_GEOMETRIC_PRESENTATION_REPRESENTATION (  '', ( #7906 ), #5 ) ;
#3257 = CARTESIAN_POINT ( 'NONE',  ( 1.419538790468966916, -0.6889243511337244108, 2.774999999999999911 ) ) ;
#3258 = EDGE_LOOP ( 'NONE', ( #1190, #10307, #10391, #3339 ) ) ;
#3259 = VECTOR ( 'NONE', #7140, 999.9999999999998863 ) ;
#3260 = ORIENTED_EDGE ( 'NONE', *, *, #10407, .F. ) ;
#3261 = DIRECTION ( 'NONE',  ( 1.000000000000000000, 1.239088197126291063E-16, -0.000000000000000000 ) ) ;
#3262 =( LENGTH_UNIT ( ) NAMED_UNIT ( * ) SI_UNIT ( .MILLI., .METRE. ) );
#3263 = CARTESIAN_POINT ( 'NONE',  ( 0.8608968151603245689, -1.022836388170761390, 2.774999999999999911 ) ) ;
#3264 =( GEOMETRIC_REPRESENTATION_CONTEXT ( 3 ) GLOBAL_UNCERTAINTY_ASSIGNED_CONTEXT ( ( #4732 ) ) GLOBAL_UNIT_ASSIGNED_CONTEXT ( ( #1549, #460, #9473 ) ) REPRESENTATION_CONTEXT ( 'NONE', 'WORKASPACE' ) );
#3265 = DIRECTION ( 'NONE',  ( 0.000000000000000000, -0.5517613854158063269, -0.8340020225179493041 ) ) ;
#3266 = DIRECTION ( 'NONE',  ( 0.000000000000000000, 0.8574929257125443183, -0.5144957554275262357 ) ) ;
#3267 = EDGE_CURVE ( 'NONE', #10317, #131, #6794, .T. ) ;
#3268 = LINE ( 'NONE', #9835, #9579 ) ;
#3269 = LINE ( 'NONE', #8817, #411 ) ;
#3270 = MECHANICAL_DESIGN_GEOMETRIC_PRESENTATION_REPRESENTATION (  '', ( #10146 ), #8602 ) ;
#3271 = MECHANICAL_DESIGN_GEOMETRIC_PRESENTATION_REPRESENTATION (  '', ( #6205 ), #901 ) ;
#3272 = ORIENTED_EDGE ( 'NONE', *, *, #73, .F. ) ;
#3273 = PLANE ( 'NONE',  #5232 ) ;
#3274 = EDGE_CURVE ( 'NONE', #9657, #8839, #4099, .T. ) ;
#3275 =( LENGTH_UNIT ( ) NAMED_UNIT ( * ) SI_UNIT ( .MILLI., .METRE. ) );
#3276 = CARTESIAN_POINT ( 'NONE',  ( 1.582154531209707837, -0.4159691042201442146, 2.774999999999999911 ) ) ;
#3277 = LINE ( 'NONE', #6524, #8422 ) ;
#3278 = LINE ( 'NONE', #7387, #9002 ) ;
#3279 = STYLED_ITEM ( 'NONE', ( #9026 ), #6714 ) ;
#3280 = AXIS2_PLACEMENT_3D ( 'NONE', #1205, #6266, #5504 ) ;
#3281 = ORIENTED_EDGE ( 'NONE', *, *, #2751, .T. ) ;
#3282 = ORIENTED_EDGE ( 'NONE', *, *, #4063, .T. ) ;
#3283 = VERTEX_POINT ( 'NONE', #7549 ) ;
#3284 = DIRECTION ( 'NONE',  ( 0.000000000000000000, -0.8340020225179491931, -0.5517613854158066600 ) ) ;
#3285 = DIRECTION ( 'NONE',  ( 0.000000000000000000, -0.000000000000000000, 1.000000000000000000 ) ) ;
#3286 = DIRECTION ( 'NONE',  ( 1.000000000000000000, 0.000000000000000000, 0.000000000000000000 ) ) ;
#3287 =( NAMED_UNIT ( * ) PLANE_ANGLE_UNIT ( ) SI_UNIT ( $, .RADIAN. ) );
#3288 = COLOUR_RGB ( '',0.7529411764705882248, 0.7529411764705882248, 0.7529411764705882248 ) ;
#3289 = VECTOR ( 'NONE', #1194, 1000.000000000000227 ) ;
#3290 = LINE ( 'NONE', #8248, #4788 ) ;
#3291 = FILL_AREA_STYLE_COLOUR ( '', #302 ) ;
#3292 = EDGE_CURVE ( 'NONE', #8273, #8821, #9052, .T. ) ;
#3293 = ORIENTED_EDGE ( 'NONE', *, *, #491, .F. ) ;
#3294 = CARTESIAN_POINT ( 'NONE',  ( 1.462941568246744595, -0.7869181782942182846, 2.774999999999999911 ) ) ;
#3295 = ORIENTED_EDGE ( 'NONE', *, *, #8431, .T. ) ;
#3296 = CARTESIAN_POINT ( 'NONE',  ( 2.164957836983784745, -3.101766864349278841, -2.875000000000000000 ) ) ;
#3297 = COLOUR_RGB ( '',0.7529411764705882248, 0.7529411764705882248, 0.7529411764705882248 ) ;
#3298 = VECTOR ( 'NONE', #8707, 1000.000000000000000 ) ;
#3299 = DIRECTION ( 'NONE',  ( 0.000000000000000000, 1.000000000000000000, 0.000000000000000000 ) ) ;
#3300 = COLOUR_RGB ( '',0.7529411764705882248, 0.7529411764705882248, 0.7529411764705882248 ) ;
#3301 = AXIS2_PLACEMENT_3D ( 'NONE', #8428, #9876, #2521 ) ;
#3302 = FILL_AREA_STYLE_COLOUR ( '', #7833 ) ;
#3303 = SURFACE_SIDE_STYLE ('',( #9923 ) ) ;
#3304 = VERTEX_POINT ( 'NONE', #7454 ) ;
#3305 = LINE ( 'NONE', #6609, #421 ) ;
#3306 = VERTEX_POINT ( 'NONE', #1733 ) ;
#3307 =( GEOMETRIC_REPRESENTATION_CONTEXT ( 3 ) GLOBAL_UNCERTAINTY_ASSIGNED_CONTEXT ( ( #10206 ) ) GLOBAL_UNIT_ASSIGNED_CONTEXT ( ( #128, #8307, #5833 ) ) REPRESENTATION_CONTEXT ( 'NONE', 'WORKASPACE' ) );
#3308 = AXIS2_PLACEMENT_3D ( 'NONE', #26, #5615, #3285 ) ;
#3309 = SURFACE_STYLE_FILL_AREA ( #9978 ) ;
#3310 =( NAMED_UNIT ( * ) SI_UNIT ( $, .STERADIAN. ) SOLID_ANGLE_UNIT ( ) );
#3311 = UNCERTAINTY_MEASURE_WITH_UNIT (LENGTH_MEASURE( 1.000000000000000082E-05 ), #258, 'distance_accuracy_value', 'NONE');
#3312 = ORIENTED_EDGE ( 'NONE', *, *, #3866, .F. ) ;
#3313 = CARTESIAN_POINT ( 'NONE',  ( -1.770000000000001128, -5.539540554808585426, 0.7621572875253808110 ) ) ;
#3314 =( LENGTH_UNIT ( ) NAMED_UNIT ( * ) SI_UNIT ( .MILLI., .METRE. ) );
#3315 = FACE_OUTER_BOUND ( 'NONE', #6197, .T. ) ;
#3316 = CARTESIAN_POINT ( 'NONE',  ( 0.9826174941726705248, -0.5197499684176750678, 2.774999999999999911 ) ) ;
#3317 = STYLED_ITEM ( 'NONE', ( #9946 ), #5791 ) ;
#3318 = SURFACE_SIDE_STYLE ('',( #970 ) ) ;
#3319 = LINE ( 'NONE', #973, #1001 ) ;
#3320 = FILL_AREA_STYLE ('',( #1502 ) ) ;
#3321 =( GEOMETRIC_REPRESENTATION_CONTEXT ( 3 ) GLOBAL_UNCERTAINTY_ASSIGNED_CONTEXT ( ( #6990 ) ) GLOBAL_UNIT_ASSIGNED_CONTEXT ( ( #9290, #4292, #3581 ) ) REPRESENTATION_CONTEXT ( 'NONE', 'WORKASPACE' ) );
#3322 =( GEOMETRIC_REPRESENTATION_CONTEXT ( 3 ) GLOBAL_UNCERTAINTY_ASSIGNED_CONTEXT ( ( #6344 ) ) GLOBAL_UNIT_ASSIGNED_CONTEXT ( ( #7798, #2888, #10363 ) ) REPRESENTATION_CONTEXT ( 'NONE', 'WORKASPACE' ) );
#3323 = ORIENTED_EDGE ( 'NONE', *, *, #8233, .T. ) ;
#3324 = LINE ( 'NONE', #8235, #6104 ) ;
#3325 = CARTESIAN_POINT ( 'NONE',  ( -1.382351641629798955, -0.2089860795287860895, 2.774999999999999911 ) ) ;
#3326 = DIRECTION ( 'NONE',  ( 0.7071067811865414665, -0.7071067811865536790, 0.000000000000000000 ) ) ;
#3327 = VECTOR ( 'NONE', #8675, 1000.000000000000000 ) ;
#3328 = DIRECTION ( 'NONE',  ( 0.2661774196497214695, 0.9639240536829735140, 0.000000000000000000 ) ) ;
#3329 = ORIENTED_EDGE ( 'NONE', *, *, #5743, .T. ) ;
#3330 = ORIENTED_EDGE ( 'NONE', *, *, #3870, .T. ) ;
#3331 = VERTEX_POINT ( 'NONE', #5063 ) ;
#3332 = LINE ( 'NONE', #5877, #2408 ) ;
#3333 = MECHANICAL_DESIGN_GEOMETRIC_PRESENTATION_REPRESENTATION (  '', ( #609 ), #957 ) ;
#3334 = UNCERTAINTY_MEASURE_WITH_UNIT (LENGTH_MEASURE( 1.000000000000000082E-05 ), #5717, 'distance_accuracy_value', 'NONE');
#3335 = COLOUR_RGB ( '',0.7529411764705882248, 0.7529411764705882248, 0.7529411764705882248 ) ;
#3336 = DIRECTION ( 'NONE',  ( 0.000000000000000000, -1.000000000000000000, 0.000000000000000000 ) ) ;
#3337 = PRESENTATION_STYLE_ASSIGNMENT (( #1841 ) ) ;
#3338 = CARTESIAN_POINT ( 'NONE',  ( 2.617262555901065380, -0.2792021289115022009, 2.875000000000000000 ) ) ;
#3339 = ORIENTED_EDGE ( 'NONE', *, *, #4998, .T. ) ;
#3340 =( LENGTH_UNIT ( ) NAMED_UNIT ( * ) SI_UNIT ( .MILLI., .METRE. ) );
#3341 = EDGE_LOOP ( 'NONE', ( #6420, #5468, #8443, #2550 ) ) ;
#3342 = DIRECTION ( 'NONE',  ( 0.000000000000000000, -1.000000000000000000, 0.000000000000000000 ) ) ;
#3343 = EDGE_CURVE ( 'NONE', #4071, #4064, #844, .T. ) ;
#3344 = PLANE ( 'NONE',  #7344 ) ;
#3345 = CARTESIAN_POINT ( 'NONE',  ( -2.118655653975478170, -1.106362622738662704, 2.774999999999999911 ) ) ;
#3346 = FILL_AREA_STYLE_COLOUR ( '', #5473 ) ;
#3347 = AXIS2_PLACEMENT_3D ( 'NONE', #2884, #3147, #9494 ) ;
#3348 = ADVANCED_FACE ( 'NONE', ( #7401 ), #4316, .T. ) ;
#3349 = PLANE ( 'NONE',  #4336 ) ;
#3350 = EDGE_LOOP ( 'NONE', ( #2735, #624, #9489, #4132 ) ) ;
#3351 =( NAMED_UNIT ( * ) PLANE_ANGLE_UNIT ( ) SI_UNIT ( $, .RADIAN. ) );
#3352 = LINE ( 'NONE', #6807, #1787 ) ;
#3353 = ORIENTED_EDGE ( 'NONE', *, *, #9782, .T. ) ;
#3354 = COLOUR_RGB ( '',0.7529411764705882248, 0.7529411764705882248, 0.7529411764705882248 ) ;
#3355 = EDGE_CURVE ( 'NONE', #10546, #3687, #991, .T. ) ;
#3356 = VECTOR ( 'NONE', #7796, 1000.000000000000000 ) ;
#3357 = PLANE ( 'NONE',  #2791 ) ;
#3358 = CARTESIAN_POINT ( 'NONE',  ( 0.000000000000000000, 0.000000000000000000, 2.774999999999999911 ) ) ;
#3359 = FILL_AREA_STYLE_COLOUR ( '', #4425 ) ;
#3360 = FILL_AREA_STYLE ('',( #963 ) ) ;
#3361 = ORIENTED_EDGE ( 'NONE', *, *, #9926, .T. ) ;
#3362 =( NAMED_UNIT ( * ) PLANE_ANGLE_UNIT ( ) SI_UNIT ( $, .RADIAN. ) );
#3363 = VECTOR ( 'NONE', #388, 1000.000000000000114 ) ;
#3364 = EDGE_CURVE ( 'NONE', #5159, #8577, #9261, .T. ) ;
#3365 =( NAMED_UNIT ( * ) SI_UNIT ( $, .STERADIAN. ) SOLID_ANGLE_UNIT ( ) );
#3366 = ADVANCED_FACE ( 'NONE', ( #6027 ), #4418, .T. ) ;
#3367 = CARTESIAN_POINT ( 'NONE',  ( 1.834855148493658161, -1.106362622738662704, 2.875000000000000000 ) ) ;
#3368 = FILL_AREA_STYLE_COLOUR ( '', #3297 ) ;
#3369 = CARTESIAN_POINT ( 'NONE',  ( 0.000000000000000000, 3.299999999999999822, 0.000000000000000000 ) ) ;
#3370 = VECTOR ( 'NONE', #905, 1000.000000000000000 ) ;
#3371 = PRESENTATION_STYLE_ASSIGNMENT (( #2533 ) ) ;
#3372 = CARTESIAN_POINT ( 'NONE',  ( 0.9345850867652628624, -0.2747654005164404944, 2.875000000000000000 ) ) ;
#3373 = SURFACE_SIDE_STYLE ('',( #9131 ) ) ;
#3374 =( NAMED_UNIT ( * ) PLANE_ANGLE_UNIT ( ) SI_UNIT ( $, .RADIAN. ) );
#3375 = ORIENTED_EDGE ( 'NONE', *, *, #495, .T. ) ;
#3376 = CARTESIAN_POINT ( 'NONE',  ( 1.049999999999999378, 3.299999999999999822, 0.3249999999999999001 ) ) ;
#3377 = VECTOR ( 'NONE', #6256, 1000.000000000000000 ) ;
#3378 = SURFACE_STYLE_USAGE ( .BOTH. , #9082 ) ;
#3379 = LINE ( 'NONE', #1723, #7225 ) ;
#3380 = DIRECTION ( 'NONE',  ( 0.9405221620105692626, -0.3397323398897497682, 0.000000000000000000 ) ) ;
#3381 = ORIENTED_EDGE ( 'NONE', *, *, #2103, .F. ) ;
#3382 = VERTEX_POINT ( 'NONE', #331 ) ;
#3383 = EDGE_CURVE ( 'NONE', #4682, #2314, #8461, .T. ) ;
#3384 = COLOUR_RGB ( '',0.7529411764705882248, 0.7529411764705882248, 0.7529411764705882248 ) ;
#3385 = DIRECTION ( 'NONE',  ( -0.000000000000000000, 1.000000000000000000, -0.000000000000000000 ) ) ;
#3386 =( NAMED_UNIT ( * ) PLANE_ANGLE_UNIT ( ) SI_UNIT ( $, .RADIAN. ) );
#3387 = LINE ( 'NONE', #4095, #10467 ) ;
#3388 = CARTESIAN_POINT ( 'NONE',  ( 0.3875171855306949742, -0.1979907091584157952, 2.774999999999999911 ) ) ;
#3389 =( NAMED_UNIT ( * ) SI_UNIT ( $, .STERADIAN. ) SOLID_ANGLE_UNIT ( ) );
#3390 = STYLED_ITEM ( 'NONE', ( #7523 ), #10333 ) ;
#3391 = DIRECTION ( 'NONE',  ( 0.4574957109978134984, 0.7624928516630237185, 0.4574957109978138869 ) ) ;
#3392 = ORIENTED_EDGE ( 'NONE', *, *, #3292, .F. ) ;
#3393 = LINE ( 'NONE', #9361, #6781 ) ;
#3394 = ORIENTED_EDGE ( 'NONE', *, *, #215, .T. ) ;
#3395 = CARTESIAN_POINT ( 'NONE',  ( -3.699999999999999734, -3.500000000000000000, -2.875000000000000000 ) ) ;
#3396 = DIRECTION ( 'NONE',  ( -0.000000000000000000, -0.000000000000000000, 1.000000000000000000 ) ) ;
#3397 =( GEOMETRIC_REPRESENTATION_CONTEXT ( 3 ) GLOBAL_UNCERTAINTY_ASSIGNED_CONTEXT ( ( #8910 ) ) GLOBAL_UNIT_ASSIGNED_CONTEXT ( ( #9761, #1797, #799 ) ) REPRESENTATION_CONTEXT ( 'NONE', 'WORKASPACE' ) );
#3398 = EDGE_CURVE ( 'NONE', #6449, #9061, #2857, .T. ) ;
#3399 = VECTOR ( 'NONE', #4966, 1000.000000000000000 ) ;
#3400 = CARTESIAN_POINT ( 'NONE',  ( 3.700000000000000178, 1.578285606387554996, 1.898270704789492003 ) ) ;
#3401 = LINE ( 'NONE', #1849, #1390 ) ;
#3402 = EDGE_CURVE ( 'NONE', #3306, #8941, #4516, .T. ) ;
#3403 = SURFACE_SIDE_STYLE ('',( #5945 ) ) ;
#3404 = VERTEX_POINT ( 'NONE', #3553 ) ;
#3405 = PLANE ( 'NONE',  #5863 ) ;
#3406 = EDGE_CURVE ( 'NONE', #5678, #4002, #9311, .T. ) ;
#3407 = FACE_OUTER_BOUND ( 'NONE', #4407, .T. ) ;
#3408 = AXIS2_PLACEMENT_3D ( 'NONE', #10268, #2906, #3651 ) ;
#3409 = VECTOR ( 'NONE', #4477, 1000.000000000000000 ) ;
#3410 = ORIENTED_EDGE ( 'NONE', *, *, #8678, .F. ) ;
#3411 = PLANE ( 'NONE',  #3301 ) ;
#3412 = EDGE_CURVE ( 'NONE', #748, #3080, #3708, .T. ) ;
#3413 = CARTESIAN_POINT ( 'NONE',  ( 3.059057624352285565, -4.800000000000000711, -1.929196994375985019 ) ) ;
#3414 = SURFACE_STYLE_USAGE ( .BOTH. , #10636 ) ;
#3415 = VECTOR ( 'NONE', #8949, 1000.000000000000000 ) ;
#3416 = DIRECTION ( 'NONE',  ( -0.4574957109978134984, 0.7624928516630237185, 0.4574957109978138869 ) ) ;
#3417 = VECTOR ( 'NONE', #7238, 1000.000000000000000 ) ;
#3418 = DIRECTION ( 'NONE',  ( -0.000000000000000000, -0.000000000000000000, 1.000000000000000000 ) ) ;
#3419 = LINE ( 'NONE', #10143, #796 ) ;
#3420 = CARTESIAN_POINT ( 'NONE',  ( 0.9299999999999988276, 3.099999999999999645, 0.000000000000000000 ) ) ;
#3421 = DIRECTION ( 'NONE',  ( 0.000000000000000000, 1.000000000000000000, 0.000000000000000000 ) ) ;
#3422 = EDGE_CURVE ( 'NONE', #798, #6996, #5978, .T. ) ;
#3423 = VECTOR ( 'NONE', #7711, 1000.000000000000000 ) ;
#3424 = PRESENTATION_STYLE_ASSIGNMENT (( #6673 ) ) ;
#3425 = AXIS2_PLACEMENT_3D ( 'NONE', #4803, #579, #632 ) ;
#3426 = FILL_AREA_STYLE_COLOUR ( '', #10166 ) ;
#3427 = EDGE_CURVE ( 'NONE', #10316, #3331, #10271, .T. ) ;
#3428 = DIRECTION ( 'NONE',  ( -1.000000000000000000, 0.000000000000000000, 1.694065894508601418E-16 ) ) ;
#3429 = LINE ( 'NONE', #2579, #8474 ) ;
#3430 = ORIENTED_EDGE ( 'NONE', *, *, #4196, .F. ) ;
#3431 = DIRECTION ( 'NONE',  ( 0.000000000000000000, -1.000000000000000000, 0.000000000000000000 ) ) ;
#3432 =( GEOMETRIC_REPRESENTATION_CONTEXT ( 3 ) GLOBAL_UNCERTAINTY_ASSIGNED_CONTEXT ( ( #7870 ) ) GLOBAL_UNIT_ASSIGNED_CONTEXT ( ( #1516, #1, #4122 ) ) REPRESENTATION_CONTEXT ( 'NONE', 'WORKASPACE' ) );
#3433 = SURFACE_STYLE_USAGE ( .BOTH. , #3609 ) ;
#3434 = VECTOR ( 'NONE', #9112, 1000.000000000000114 ) ;
#3435 = DIRECTION ( 'NONE',  ( -0.4464703559649881304, -0.8947984249228967402, 0.000000000000000000 ) ) ;
#3436 = DIRECTION ( 'NONE',  ( -0.000000000000000000, -0.000000000000000000, 1.000000000000000000 ) ) ;
#3437 = EDGE_LOOP ( 'NONE', ( #5981, #7460, #615, #7277, #10496, #6367, #2690, #9881, #3482, #2079, #333, #9549, #5266, #5225, #4708, #3645, #2305, #3168, #3011, #7280, #9860, #7475, #7038, #4608, #4855, #1317, #3181, #9794, #1267, #9160, #4518, #5515, #5651, #5638, #3064, #4839, #9565, #9626, #7809, #1084, #2162, #3981, #7276, #3050 ) ) ;
#3438 = VERTEX_POINT ( 'NONE', #6201 ) ;
#3439 = ORIENTED_EDGE ( 'NONE', *, *, #10006, .T. ) ;
#3440 = AXIS2_PLACEMENT_3D ( 'NONE', #1914, #9180, #4444 ) ;
#3441 = PRESENTATION_STYLE_ASSIGNMENT (( #939 ) ) ;
#3442 = DIRECTION ( 'NONE',  ( -0.000000000000000000, 1.000000000000000000, -0.000000000000000000 ) ) ;
#3443 = DIRECTION ( 'NONE',  ( -1.885568995626964287E-16, 1.000000000000000000, 0.000000000000000000 ) ) ;
#3444 = ORIENTED_EDGE ( 'NONE', *, *, #8053, .T. ) ;
#3445 =( LENGTH_UNIT ( ) NAMED_UNIT ( * ) SI_UNIT ( .MILLI., .METRE. ) );
#3446 = PRESENTATION_LAYER_ASSIGNMENT (  '', '', ( #8950 ) ) ;
#3447 = LINE ( 'NONE', #1092, #4683 ) ;
#3448 = ORIENTED_EDGE ( 'NONE', *, *, #2892, .T. ) ;
#3449 = ADVANCED_FACE ( 'NONE', ( #8657 ), #9460, .T. ) ;
#3450 = PRESENTATION_STYLE_ASSIGNMENT (( #3502 ) ) ;
#3451 = VERTEX_POINT ( 'NONE', #1564 ) ;
#3452 = SURFACE_SIDE_STYLE ('',( #3557 ) ) ;
#3453 = LINE ( 'NONE', #133, #1399 ) ;
#3454 = PRESENTATION_LAYER_ASSIGNMENT (  '', '', ( #3279 ) ) ;
#3455 = COLOUR_RGB ( '',0.7529411764705882248, 0.7529411764705882248, 0.7529411764705882248 ) ;
#3456 = CARTESIAN_POINT ( 'NONE',  ( -1.341263678666835935, -0.1675123140966873203, 2.774999999999999911 ) ) ;
#3457 = CARTESIAN_POINT ( 'NONE',  ( 3.059057624352285565, -4.800000000000000711, -1.929196994375985019 ) ) ;
#3458 =( NAMED_UNIT ( * ) SI_UNIT ( $, .STERADIAN. ) SOLID_ANGLE_UNIT ( ) );
#3459 = ORIENTED_EDGE ( 'NONE', *, *, #10046, .F. ) ;
#3460 = VECTOR ( 'NONE', #1065, 1000.000000000000227 ) ;
#3461 = VECTOR ( 'NONE', #4030, 1000.000000000000000 ) ;
#3462 = DIRECTION ( 'NONE',  ( -1.000000000000000000, 0.000000000000000000, 0.000000000000000000 ) ) ;
#3463 = EDGE_CURVE ( 'NONE', #6888, #7046, #5608, .T. ) ;
#3464 = ORIENTED_EDGE ( 'NONE', *, *, #10353, .T. ) ;
#3465 =( NAMED_UNIT ( * ) SI_UNIT ( $, .STERADIAN. ) SOLID_ANGLE_UNIT ( ) );
#3466 = DIRECTION ( 'NONE',  ( 0.000000000000000000, 1.000000000000000000, 0.000000000000000000 ) ) ;
#3467 = CARTESIAN_POINT ( 'NONE',  ( -1.886209666321156941, -1.127774659775699684, 2.875000000000000000 ) ) ;
#3468 = VECTOR ( 'NONE', #3214, 1000.000000000000000 ) ;
#3469 = FILL_AREA_STYLE_COLOUR ( '', #848 ) ;
#3470 =( NAMED_UNIT ( * ) SI_UNIT ( $, .STERADIAN. ) SOLID_ANGLE_UNIT ( ) );
#3471 = EDGE_CURVE ( 'NONE', #1835, #2284, #5549, .T. ) ;
#3472 =( NAMED_UNIT ( * ) PLANE_ANGLE_UNIT ( ) SI_UNIT ( $, .RADIAN. ) );
#3473 = LINE ( 'NONE', #1759, #4382 ) ;
#3474 = LINE ( 'NONE', #10039, #2618 ) ;
#3475 = CARTESIAN_POINT ( 'NONE',  ( 0.2767918768887198122, -0.1491866968127367743, 2.774999999999999911 ) ) ;
#3476 = DIRECTION ( 'NONE',  ( -0.3051858287027087724, 0.9522928173408853336, 0.000000000000000000 ) ) ;
#3477 = AXIS2_PLACEMENT_3D ( 'NONE', #7291, #9091, #3183 ) ;
#3478 = CARTESIAN_POINT ( 'NONE',  ( 2.112054222567731898, -1.088037005454712158, 2.875000000000000000 ) ) ;
#3479 = DIRECTION ( 'NONE',  ( -0.000000000000000000, -0.000000000000000000, 1.000000000000000000 ) ) ;
#3480 = LINE ( 'NONE', #4129, #8719 ) ;
#3481 = EDGE_CURVE ( 'NONE', #6120, #8008, #10469, .T. ) ;
#3482 = ORIENTED_EDGE ( 'NONE', *, *, #3995, .F. ) ;
#3483 = CARTESIAN_POINT ( 'NONE',  ( 1.886902865494877402, 1.521456047850031412, 2.875000000000000000 ) ) ;
#3484 = AXIS2_PLACEMENT_3D ( 'NONE', #9513, #1195, #6193 ) ;
#3485 = EDGE_CURVE ( 'NONE', #2802, #9025, #4677, .T. ) ;
#3486 = PLANE ( 'NONE',  #5591 ) ;
#3487 = ORIENTED_EDGE ( 'NONE', *, *, #5968, .F. ) ;
#3488 = ORIENTED_EDGE ( 'NONE', *, *, #6191, .F. ) ;
#3489 = VERTEX_POINT ( 'NONE', #6475 ) ;
#3490 = STYLED_ITEM ( 'NONE', ( #5442 ), #7834 ) ;
#3491 = AXIS2_PLACEMENT_3D ( 'NONE', #7037, #2025, #1229 ) ;
#3492 = ADVANCED_FACE ( 'NONE', ( #9740 ), #7170, .T. ) ;
#3493 = CARTESIAN_POINT ( 'NONE',  ( -2.054805345333502675, -0.1979907091584157952, 2.774999999999999911 ) ) ;
#3494 = EDGE_LOOP ( 'NONE', ( #737, #2703, #4802, #4083 ) ) ;
#3495 = DIRECTION ( 'NONE',  ( -0.7071067811865537900, -0.7071067811865413555, 0.000000000000000000 ) ) ;
#3496 = CARTESIAN_POINT ( 'NONE',  ( -2.338563061382885611, -1.088037005454712158, 2.875000000000000000 ) ) ;
#3497 = ADVANCED_FACE ( 'NONE', ( #1509 ), #2268, .F. ) ;
#3498 = VECTOR ( 'NONE', #6047, 1000.000000000000000 ) ;
#3499 = LINE ( 'NONE', #6795, #587 ) ;
#3500 = ORIENTED_EDGE ( 'NONE', *, *, #4595, .F. ) ;
#3501 = EDGE_CURVE ( 'NONE', #10482, #9025, #9517, .T. ) ;
#3502 = SURFACE_STYLE_USAGE ( .BOTH. , #7608 ) ;
#3503 = ORIENTED_EDGE ( 'NONE', *, *, #5415, .T. ) ;
#3504 = CARTESIAN_POINT ( 'NONE',  ( -2.070430345333502675, -0.1675123140966873203, 2.774999999999999911 ) ) ;
#3505 = CARTESIAN_POINT ( 'NONE',  ( -2.058663370024860662, -0.6146573758250823971, 2.774999999999999911 ) ) ;
#3506 = AXIS2_PLACEMENT_3D ( 'NONE', #8379, #5123, #3568 ) ;
#3507 = FILL_AREA_STYLE_COLOUR ( '', #1802 ) ;
#3508 = DIRECTION ( 'NONE',  ( -0.000000000000000000, -0.000000000000000000, 1.000000000000000000 ) ) ;
#3509 =( NAMED_UNIT ( * ) SI_UNIT ( $, .STERADIAN. ) SOLID_ANGLE_UNIT ( ) );
#3510 = SURFACE_SIDE_STYLE ('',( #5023 ) ) ;
#3511 = VECTOR ( 'NONE', #6551, 1000.000000000000000 ) ;
#3512 = ORIENTED_EDGE ( 'NONE', *, *, #5229, .F. ) ;
#3513 =( LENGTH_UNIT ( ) NAMED_UNIT ( * ) SI_UNIT ( .MILLI., .METRE. ) );
#3514 = EDGE_CURVE ( 'NONE', #1784, #4776, #555, .T. ) ;
#3515 = PRESENTATION_LAYER_ASSIGNMENT (  '', '', ( #4877 ) ) ;
#3516 =( LENGTH_UNIT ( ) NAMED_UNIT ( * ) SI_UNIT ( .MILLI., .METRE. ) );
#3517 = ORIENTED_EDGE ( 'NONE', *, *, #10541, .F. ) ;
#3518 = LINE ( 'NONE', #7419, #2619 ) ;
#3519 = VECTOR ( 'NONE', #7980, 999.9999999999998863 ) ;
#3520 = CARTESIAN_POINT ( 'NONE',  ( 2.849999999999999645, -5.000000000000000000, -1.834005571755054076 ) ) ;
#3521 = CARTESIAN_POINT ( 'NONE',  ( -2.164957836983784745, -3.500000000000000000, 2.875000000000000000 ) ) ;
#3522 =( LENGTH_UNIT ( ) NAMED_UNIT ( * ) SI_UNIT ( .MILLI., .METRE. ) );
#3523 = LINE ( 'NONE', #1172, #4428 ) ;
#3524 = DIRECTION ( 'NONE',  ( 0.000000000000000000, 0.000000000000000000, -1.000000000000000000 ) ) ;
#3525 = EDGE_CURVE ( 'NONE', #1946, #976, #10386, .T. ) ;
#3526 = DIRECTION ( 'NONE',  ( 0.9392649237907388926, -0.3431929529235374088, 0.000000000000000000 ) ) ;
#3527 =( NAMED_UNIT ( * ) SI_UNIT ( $, .STERADIAN. ) SOLID_ANGLE_UNIT ( ) );
#3528 = LINE ( 'NONE', #3475, #9970 ) ;
#3529 = VECTOR ( 'NONE', #10311, 1000.000000000000114 ) ;
#3530 = COLOUR_RGB ( '',0.7529411764705882248, 0.7529411764705882248, 0.7529411764705882248 ) ;
#3531 = PRESENTATION_STYLE_ASSIGNMENT (( #10195 ) ) ;
#3532 = FACE_OUTER_BOUND ( 'NONE', #5643, .T. ) ;
#3533 = SURFACE_STYLE_USAGE ( .BOTH. , #1820 ) ;
#3534 = PRESENTATION_STYLE_ASSIGNMENT (( #8538 ) ) ;
#3535 = FILL_AREA_STYLE_COLOUR ( '', #1781 ) ;
#3536 = COLOUR_RGB ( '',0.7529411764705882248, 0.7529411764705882248, 0.7529411764705882248 ) ;
#3537 = EDGE_CURVE ( 'NONE', #462, #8142, #2321, .T. ) ;
#3538 = ORIENTED_EDGE ( 'NONE', *, *, #10407, .T. ) ;
#3539 =( NAMED_UNIT ( * ) SI_UNIT ( $, .STERADIAN. ) SOLID_ANGLE_UNIT ( ) );
#3540 = DIRECTION ( 'NONE',  ( -1.000000000000000000, 0.000000000000000000, -0.000000000000000000 ) ) ;
#3541 = UNCERTAINTY_MEASURE_WITH_UNIT (LENGTH_MEASURE( 1.000000000000000082E-05 ), #4913, 'distance_accuracy_value', 'NONE');
#3542 =( NAMED_UNIT ( * ) PLANE_ANGLE_UNIT ( ) SI_UNIT ( $, .RADIAN. ) );
#3543 = CARTESIAN_POINT ( 'NONE',  ( 0.9345850867652628624, -0.4225277461954527469, 2.774999999999999911 ) ) ;
#3544 = EDGE_CURVE ( 'NONE', #976, #6439, #3379, .T. ) ;
#3545 = ORIENTED_EDGE ( 'NONE', *, *, #6956, .T. ) ;
#3546 = VERTEX_POINT ( 'NONE', #4940 ) ;
#3547 = VERTEX_POINT ( 'NONE', #5710 ) ;
#3548 = DIRECTION ( 'NONE',  ( -0.000000000000000000, -0.000000000000000000, 1.000000000000000000 ) ) ;
#3549 = CARTESIAN_POINT ( 'NONE',  ( 3.349999999999997424, 3.500000000000000000, 1.156639881571555284 ) ) ;
#3550 = PRESENTATION_LAYER_ASSIGNMENT (  '', '', ( #7176 ) ) ;
#3551 = ORIENTED_EDGE ( 'NONE', *, *, #6658, .T. ) ;
#3552 = PRESENTATION_STYLE_ASSIGNMENT (( #234 ) ) ;
#3553 = CARTESIAN_POINT ( 'NONE',  ( -1.886902865494877402, 3.500000000000000000, 2.124999999999998224 ) ) ;
#3554 = EDGE_LOOP ( 'NONE', ( #4420, #37, #6304, #7945 ) ) ;
#3555 =( LENGTH_UNIT ( ) NAMED_UNIT ( * ) SI_UNIT ( .MILLI., .METRE. ) );
#3556 = ORIENTED_EDGE ( 'NONE', *, *, #7031, .T. ) ;
#3557 = SURFACE_STYLE_FILL_AREA ( #6091 ) ;
#3558 = DIRECTION ( 'NONE',  ( 0.9861119436629693924, -0.1660820115642893668, 0.000000000000000000 ) ) ;
#3559 = EDGE_CURVE ( 'NONE', #6279, #10456, #72, .T. ) ;
#3560 = DIRECTION ( 'NONE',  ( -0.000000000000000000, -0.000000000000000000, 1.000000000000000000 ) ) ;
#3561 = DIRECTION ( 'NONE',  ( 1.000000000000000000, -0.000000000000000000, 0.000000000000000000 ) ) ;
#3562 = VECTOR ( 'NONE', #1766, 1000.000000000000114 ) ;
#3563 = FILL_AREA_STYLE ('',( #8421 ) ) ;
#3564 = FACE_OUTER_BOUND ( 'NONE', #9043, .T. ) ;
#3565 = DIRECTION ( 'NONE',  ( -0.8936453526226855182, -0.4487738670375939209, 0.000000000000000000 ) ) ;
#3566 = VERTEX_POINT ( 'NONE', #8189 ) ;
#3567 = PRESENTATION_STYLE_ASSIGNMENT (( #4430 ) ) ;
#3568 = DIRECTION ( 'NONE',  ( 0.6452934220849806390, -0.7639348135893894165, 0.000000000000000000 ) ) ;
#3569 = ORIENTED_EDGE ( 'NONE', *, *, #3412, .T. ) ;
#3570 = AXIS2_PLACEMENT_3D ( 'NONE', #4346, #7853, #7693 ) ;
#3571 = COLOUR_RGB ( '',0.7529411764705882248, 0.7529411764705882248, 0.7529411764705882248 ) ;
#3572 = CARTESIAN_POINT ( 'NONE',  ( 0.1271005188640283445, -1.017242252368292244, 2.774999999999999911 ) ) ;
#3573 = PLANE ( 'NONE',  #1215 ) ;
#3574 = CARTESIAN_POINT ( 'NONE',  ( 0.8159508275060035620, -0.8413163264423664245, 2.774999999999999911 ) ) ;
#3575 = CARTESIAN_POINT ( 'NONE',  ( -2.054805345333502675, -0.1979907091584157952, 2.875000000000000000 ) ) ;
#3576 = LINE ( 'NONE', #5293, #144 ) ;
#3577 = DIRECTION ( 'NONE',  ( -0.000000000000000000, -0.000000000000000000, 1.000000000000000000 ) ) ;
#3578 = CARTESIAN_POINT ( 'NONE',  ( 2.849999999999999645, -5.000000000000000000, -1.475000000000000089 ) ) ;
#3579 = SURFACE_SIDE_STYLE ('',( #4290 ) ) ;
#3580 = FILL_AREA_STYLE ('',( #4393 ) ) ;
#3581 =( NAMED_UNIT ( * ) SI_UNIT ( $, .STERADIAN. ) SOLID_ANGLE_UNIT ( ) );
#3582 = VECTOR ( 'NONE', #1639, 1000.000000000000000 ) ;
#3583 =( NAMED_UNIT ( * ) PLANE_ANGLE_UNIT ( ) SI_UNIT ( $, .RADIAN. ) );
#3584 = FACE_OUTER_BOUND ( 'NONE', #9515, .T. ) ;
#3585 = SURFACE_SIDE_STYLE ('',( #7694 ) ) ;
#3586 = ORIENTED_EDGE ( 'NONE', *, *, #6277, .F. ) ;
#3587 = CARTESIAN_POINT ( 'NONE',  ( -1.841263678666835935, -1.106362622738662704, 2.774999999999999911 ) ) ;
#3588 = PLANE ( 'NONE',  #6101 ) ;
#3589 = DIRECTION ( 'NONE',  ( -0.000000000000000000, -0.000000000000000000, 1.000000000000000000 ) ) ;
#3590 = SURFACE_STYLE_USAGE ( .BOTH. , #8545 ) ;
#3591 = FILL_AREA_STYLE_COLOUR ( '', #9890 ) ;
#3592 = EDGE_CURVE ( 'NONE', #5121, #4620, #8987, .T. ) ;
#3593 = ORIENTED_EDGE ( 'NONE', *, *, #7962, .T. ) ;
#3594 = ORIENTED_EDGE ( 'NONE', *, *, #8306, .T. ) ;
#3595 = ORIENTED_EDGE ( 'NONE', *, *, #7171, .T. ) ;
#3596 =( LENGTH_UNIT ( ) NAMED_UNIT ( * ) SI_UNIT ( .MILLI., .METRE. ) );
#3597 = FACE_OUTER_BOUND ( 'NONE', #5526, .T. ) ;
#3598 = CARTESIAN_POINT ( 'NONE',  ( 1.357038790468966916, -1.066046264713971459, 2.875000000000000000 ) ) ;
#3599 = MECHANICAL_DESIGN_GEOMETRIC_PRESENTATION_REPRESENTATION (  '', ( #8083 ), #7412 ) ;
#3600 = COLOUR_RGB ( '',0.7960784313725489669, 0.8235294117647058432, 0.9372549019607843146 ) ;
#3601 = EDGE_LOOP ( 'NONE', ( #9378, #4673, #575, #6739, #5371, #3132 ) ) ;
#3602 = DIRECTION ( 'NONE',  ( 0.9392649237907388926, -0.3431929529235374088, 0.000000000000000000 ) ) ;
#3603 = CARTESIAN_POINT ( 'NONE',  ( 1.920117494172670414, -0.1277746597756997671, 2.875000000000000000 ) ) ;
#3604 = ORIENTED_EDGE ( 'NONE', *, *, #4199, .T. ) ;
#3605 =( GEOMETRIC_REPRESENTATION_CONTEXT ( 3 ) GLOBAL_UNCERTAINTY_ASSIGNED_CONTEXT ( ( #4820 ) ) GLOBAL_UNIT_ASSIGNED_CONTEXT ( ( #6228, #7089, #8796 ) ) REPRESENTATION_CONTEXT ( 'NONE', 'WORKASPACE' ) );
#3606 =( LENGTH_UNIT ( ) NAMED_UNIT ( * ) SI_UNIT ( .MILLI., .METRE. ) );
#3607 = VECTOR ( 'NONE', #9500, 1000.000000000000000 ) ;
#3608 = EDGE_LOOP ( 'NONE', ( #6857, #3066, #10601, #7077 ) ) ;
#3609 = SURFACE_SIDE_STYLE ('',( #4422 ) ) ;
#3610 =( NAMED_UNIT ( * ) PLANE_ANGLE_UNIT ( ) SI_UNIT ( $, .RADIAN. ) );
#3611 =( NAMED_UNIT ( * ) SI_UNIT ( $, .STERADIAN. ) SOLID_ANGLE_UNIT ( ) );
#3612 = EDGE_CURVE ( 'NONE', #2934, #9657, #829, .T. ) ;
#3613 = MECHANICAL_DESIGN_GEOMETRIC_PRESENTATION_REPRESENTATION (  '', ( #8950 ), #6020 ) ;
#3614 = VECTOR ( 'NONE', #8853, 1000.000000000000000 ) ;
#3615 = ORIENTED_EDGE ( 'NONE', *, *, #8532, .F. ) ;
#3616 =( NAMED_UNIT ( * ) PLANE_ANGLE_UNIT ( ) SI_UNIT ( $, .RADIAN. ) );
#3617 = EDGE_CURVE ( 'NONE', #9196, #3283, #1682, .T. ) ;
#3618 = FILL_AREA_STYLE_COLOUR ( '', #6269 ) ;
#3619 = VERTEX_POINT ( 'NONE', #2585 ) ;
#3620 = STYLED_ITEM ( 'NONE', ( #10425 ), #6675 ) ;
#3621 = MECHANICAL_DESIGN_GEOMETRIC_PRESENTATION_REPRESENTATION (  '', ( #6212 ), #1225 ) ;
#3622 = CARTESIAN_POINT ( 'NONE',  ( 1.223551136147978946, -1.111185153602860298, 2.774999999999999911 ) ) ;
#3623 = DIRECTION ( 'NONE',  ( -1.000000000000000000, 0.000000000000000000, -0.000000000000000000 ) ) ;
#3624 = CARTESIAN_POINT ( 'NONE',  ( 0.9345850867652628624, -0.2747654005164404944, 2.875000000000000000 ) ) ;
#3625 = FILL_AREA_STYLE ('',( #10245 ) ) ;
#3626 = CARTESIAN_POINT ( 'NONE',  ( -2.338563061382885611, -1.088037005454712158, 2.774999999999999911 ) ) ;
#3627 =( NAMED_UNIT ( * ) PLANE_ANGLE_UNIT ( ) SI_UNIT ( $, .RADIAN. ) );
#3628 = EDGE_CURVE ( 'NONE', #7299, #497, #6680, .T. ) ;
#3629 = SURFACE_SIDE_STYLE ('',( #1070 ) ) ;
#3630 =( NAMED_UNIT ( * ) SI_UNIT ( $, .STERADIAN. ) SOLID_ANGLE_UNIT ( ) );
#3631 = VECTOR ( 'NONE', #5808, 1000.000000000000000 ) ;
#3632 = VECTOR ( 'NONE', #880, 1000.000000000000114 ) ;
#3633 = LINE ( 'NONE', #1974, #2613 ) ;
#3634 = VERTEX_POINT ( 'NONE', #5098 ) ;
#3635 = SURFACE_STYLE_FILL_AREA ( #10308 ) ;
#3636 = FILL_AREA_STYLE_COLOUR ( '', #7386 ) ;
#3637 = FILL_AREA_STYLE ('',( #9343 ) ) ;
#3638 = UNCERTAINTY_MEASURE_WITH_UNIT (LENGTH_MEASURE( 1.000000000000000082E-05 ), #6073, 'distance_accuracy_value', 'NONE');
#3639 = LINE ( 'NONE', #5150, #9281 ) ;
#3640 =( GEOMETRIC_REPRESENTATION_CONTEXT ( 3 ) GLOBAL_UNCERTAINTY_ASSIGNED_CONTEXT ( ( #7753 ) ) GLOBAL_UNIT_ASSIGNED_CONTEXT ( ( #8632, #4760, #7844 ) ) REPRESENTATION_CONTEXT ( 'NONE', 'WORKASPACE' ) );
#3641 = STYLED_ITEM ( 'NONE', ( #3157 ), #5137 ) ;
#3642 = EDGE_CURVE ( 'NONE', #9718, #6238, #1773, .T. ) ;
#3643 = DIRECTION ( 'NONE',  ( 0.000000000000000000, -1.000000000000000000, 0.000000000000000000 ) ) ;
#3644 = ORIENTED_EDGE ( 'NONE', *, *, #1198, .T. ) ;
#3645 = ORIENTED_EDGE ( 'NONE', *, *, #5411, .F. ) ;
#3646 = VERTEX_POINT ( 'NONE', #6577 ) ;
#3647 = SURFACE_STYLE_FILL_AREA ( #2903 ) ;
#3648 = CARTESIAN_POINT ( 'NONE',  ( 2.164957836983784745, -2.601766864349279285, -2.875000000000000000 ) ) ;
#3649 = STYLED_ITEM ( 'NONE', ( #10284 ), #7542 ) ;
#3650 = STYLED_ITEM ( 'NONE', ( #4685 ), #5287 ) ;
#3651 = DIRECTION ( 'NONE',  ( 0.000000000000000000, 0.000000000000000000, -1.000000000000000000 ) ) ;
#3652 = ORIENTED_EDGE ( 'NONE', *, *, #3216, .T. ) ;
#3653 = UNCERTAINTY_MEASURE_WITH_UNIT (LENGTH_MEASURE( 1.000000000000000082E-05 ), #2812, 'distance_accuracy_value', 'NONE');
#3654 = DIRECTION ( 'NONE',  ( -0.4413934091740803756, -0.8973136900424972806, 0.000000000000000000 ) ) ;
#3655 = SURFACE_SIDE_STYLE ('',( #499 ) ) ;
#3656 = FACE_OUTER_BOUND ( 'NONE', #902, .T. ) ;
#3657 = ORIENTED_EDGE ( 'NONE', *, *, #201, .T. ) ;
#3658 = VECTOR ( 'NONE', #7284, 1000.000000000000000 ) ;
#3659 = VECTOR ( 'NONE', #4347, 1000.000000000000227 ) ;
#3660 = ORIENTED_EDGE ( 'NONE', *, *, #1779, .F. ) ;
#3661 = PRESENTATION_STYLE_ASSIGNMENT (( #6038 ) ) ;
#3662 = CARTESIAN_POINT ( 'NONE',  ( -1.886209666321156941, -1.127774659775699684, 2.774999999999999911 ) ) ;
#3663 = VECTOR ( 'NONE', #7202, 1000.000000000000000 ) ;
#3664 = CARTESIAN_POINT ( 'NONE',  ( -2.070430345333502675, -0.1675123140966873203, 2.774999999999999911 ) ) ;
#3665 = VERTEX_POINT ( 'NONE', #7385 ) ;
#3666 = SURFACE_SIDE_STYLE ('',( #7778 ) ) ;
#3667 = EDGE_CURVE ( 'NONE', #4512, #295, #933, .T. ) ;
#3668 = CARTESIAN_POINT ( 'NONE',  ( -3.700000000000000622, 3.500000000000000000, 2.875000000000000000 ) ) ;
#3669 = EDGE_LOOP ( 'NONE', ( #9491, #5275, #9522, #2793 ) ) ;
#3670 = MECHANICAL_DESIGN_GEOMETRIC_PRESENTATION_REPRESENTATION (  '', ( #10561 ), #8333 ) ;
#3671 = EDGE_CURVE ( 'NONE', #4821, #9172, #3277, .T. ) ;
#3672 = ORIENTED_EDGE ( 'NONE', *, *, #7184, .F. ) ;
#3673 = LINE ( 'NONE', #1220, #5979 ) ;
#3674 = SURFACE_STYLE_USAGE ( .BOTH. , #7787 ) ;
#3675 = ADVANCED_FACE ( 'NONE', ( #5868 ), #9084, .T. ) ;
#3676 = PRESENTATION_STYLE_ASSIGNMENT (( #2071 ) ) ;
#3677 = MECHANICAL_DESIGN_GEOMETRIC_PRESENTATION_REPRESENTATION (  '', ( #5582 ), #4764 ) ;
#3678 = MECHANICAL_DESIGN_GEOMETRIC_PRESENTATION_REPRESENTATION (  '', ( #8665 ), #4886 ) ;
#3679 = CARTESIAN_POINT ( 'NONE',  ( -1.570000000000001172, -6.700000000000000178, 0.8450000000000000844 ) ) ;
#3680 = DIRECTION ( 'NONE',  ( -1.000000000000000000, -0.000000000000000000, -0.000000000000000000 ) ) ;
#3681 = PLANE ( 'NONE',  #4871 ) ;
#3682 = EDGE_CURVE ( 'NONE', #8734, #5976, #9998, .T. ) ;
#3683 = ORIENTED_EDGE ( 'NONE', *, *, #6830, .F. ) ;
#3684 = CARTESIAN_POINT ( 'NONE',  ( -0.03956614780263817410, -0.9346805239732307591, 2.774999999999999911 ) ) ;
#3685 = EDGE_CURVE ( 'NONE', #4188, #1768, #1829, .T. ) ;
#3686 = VECTOR ( 'NONE', #6441, 1000.000000000000000 ) ;
#3687 = VERTEX_POINT ( 'NONE', #6829 ) ;
#3688 = FILL_AREA_STYLE_COLOUR ( '', #7585 ) ;
#3689 = CARTESIAN_POINT ( 'NONE',  ( 2.208504839851682888, -1.106362622738662704, 2.774999999999999911 ) ) ;
#3690 = PRESENTATION_LAYER_ASSIGNMENT (  '', '', ( #5257 ) ) ;
#3691 = VECTOR ( 'NONE', #3922, 1000.000000000000114 ) ;
#3692 = FILL_AREA_STYLE ('',( #4453 ) ) ;
#3693 = FACE_OUTER_BOUND ( 'NONE', #3437, .T. ) ;
#3694 = PRESENTATION_LAYER_ASSIGNMENT (  '', '', ( #633 ) ) ;
#3695 = CARTESIAN_POINT ( 'NONE',  ( -2.949999999999999734, -2.250000000000000000, 2.125000000000000000 ) ) ;
#3696 = ORIENTED_EDGE ( 'NONE', *, *, #8564, .T. ) ;
#3697 = ORIENTED_EDGE ( 'NONE', *, *, #2457, .F. ) ;
#3698 = EDGE_LOOP ( 'NONE', ( #6220, #5714, #1338, #4210 ) ) ;
#3699 = CARTESIAN_POINT ( 'NONE',  ( 2.522058823529411686, 1.513235294117644791, 0.000000000000000000 ) ) ;
#3700 = COLOUR_RGB ( '',0.7529411764705882248, 0.7529411764705882248, 0.7529411764705882248 ) ;
#3701 = SURFACE_STYLE_FILL_AREA ( #1402 ) ;
#3702 = DIRECTION ( 'NONE',  ( 0.000000000000000000, 1.000000000000000000, 0.000000000000000000 ) ) ;
#3703 = ORIENTED_EDGE ( 'NONE', *, *, #851, .F. ) ;
#3704 =( LENGTH_UNIT ( ) NAMED_UNIT ( * ) SI_UNIT ( .MILLI., .METRE. ) );
#3705 = VECTOR ( 'NONE', #4744, 1000.000000000000000 ) ;
#3706 = PLANE ( 'NONE',  #5794 ) ;
#3707 = PRESENTATION_LAYER_ASSIGNMENT (  '', '', ( #7852 ) ) ;
#3708 = LINE ( 'NONE', #7004, #7043 ) ;
#3709 = SURFACE_STYLE_FILL_AREA ( #7060 ) ;
#3710 = ORIENTED_EDGE ( 'NONE', *, *, #9127, .F. ) ;
#3711 = EDGE_CURVE ( 'NONE', #6950, #1284, #9345, .T. ) ;
#3712 = VERTEX_POINT ( 'NONE', #1978 ) ;
#3713 = COLOUR_RGB ( '',0.7529411764705882248, 0.7529411764705882248, 0.7529411764705882248 ) ;
#3714 = FACE_OUTER_BOUND ( 'NONE', #7703, .T. ) ;
#3715 = CARTESIAN_POINT ( 'NONE',  ( 0.4930200591917125452, -3.500000000000000000, -2.875000000000000000 ) ) ;
#3716 = DIRECTION ( 'NONE',  ( -0.9639240536829735140, 0.2661774196497214140, 0.000000000000000000 ) ) ;
#3717 = SURFACE_STYLE_USAGE ( .BOTH. , #10233 ) ;
#3718 = CARTESIAN_POINT ( 'NONE',  ( -1.510438061382885389, -0.1675123140966873203, 2.774999999999999911 ) ) ;
#3719 =( GEOMETRIC_REPRESENTATION_CONTEXT ( 3 ) GLOBAL_UNCERTAINTY_ASSIGNED_CONTEXT ( ( #6592 ) ) GLOBAL_UNIT_ASSIGNED_CONTEXT ( ( #4754, #8159, #8844 ) ) REPRESENTATION_CONTEXT ( 'NONE', 'WORKASPACE' ) );
#3720 = VERTEX_POINT ( 'NONE', #5254 ) ;
#3721 = DIRECTION ( 'NONE',  ( -1.000000000000000000, -0.000000000000000000, -0.000000000000000000 ) ) ;
#3722 = ORIENTED_EDGE ( 'NONE', *, *, #3866, .T. ) ;
#3723 = ADVANCED_FACE ( 'NONE', ( #2897 ), #7805, .T. ) ;
#3725 = ORIENTED_EDGE ( 'NONE', *, *, #7253, .T. ) ;
#3724 =( NAMED_UNIT ( * ) PLANE_ANGLE_UNIT ( ) SI_UNIT ( $, .RADIAN. ) );
#3726 = CARTESIAN_POINT ( 'NONE',  ( 1.549554222567732342, -0.2209459560719960469, 2.774999999999999911 ) ) ;
#3727 = LINE ( 'NONE', #5463, #3766 ) ;
#3728 = EDGE_CURVE ( 'NONE', #9481, #825, #4305, .T. ) ;
#3729 = DIRECTION ( 'NONE',  ( 0.000000000000000000, 1.000000000000000000, 0.000000000000000000 ) ) ;
#3730 = PLANE ( 'NONE',  #8671 ) ;
#3731 = UNCERTAINTY_MEASURE_WITH_UNIT (LENGTH_MEASURE( 1.000000000000000082E-05 ), #9948, 'distance_accuracy_value', 'NONE');
#3732 =( NAMED_UNIT ( * ) SI_UNIT ( $, .STERADIAN. ) SOLID_ANGLE_UNIT ( ) );
#3733 = VERTEX_POINT ( 'NONE', #3543 ) ;
#3734 =( GEOMETRIC_REPRESENTATION_CONTEXT ( 3 ) GLOBAL_UNCERTAINTY_ASSIGNED_CONTEXT ( ( #5466 ) ) GLOBAL_UNIT_ASSIGNED_CONTEXT ( ( #2617, #9232, #6973 ) ) REPRESENTATION_CONTEXT ( 'NONE', 'WORKASPACE' ) );
#3735 = CARTESIAN_POINT ( 'NONE',  ( -1.050000000000000933, -6.899999999999999467, 0.3250000000000000111 ) ) ;
#3736 = ORIENTED_EDGE ( 'NONE', *, *, #7237, .T. ) ;
#3737 = LINE ( 'NONE', #2080, #8022 ) ;
#3738 = CARTESIAN_POINT ( 'NONE',  ( -1.569999999999999840, 1.204553182355148522, 2.124999999999998224 ) ) ;
#3739 = CARTESIAN_POINT ( 'NONE',  ( 1.536629839851682444, -0.2344490424917491378, 2.774999999999999911 ) ) ;
#3740 = UNCERTAINTY_MEASURE_WITH_UNIT (LENGTH_MEASURE( 1.000000000000000082E-05 ), #3513, 'distance_accuracy_value', 'NONE');
#3741 = EDGE_LOOP ( 'NONE', ( #9758, #9895, #4048, #7828 ) ) ;
#3742 = COLOUR_RGB ( '',0.7960784313725489669, 0.8235294117647058432, 0.9372549019607843146 ) ;
#3743 = ADVANCED_FACE ( 'NONE', ( #3693 ), #8494, .F. ) ;
#3744 = PLANE ( 'NONE',  #1477 ) ;
#3745 = UNCERTAINTY_MEASURE_WITH_UNIT (LENGTH_MEASURE( 1.000000000000000082E-05 ), #2738, 'distance_accuracy_value', 'NONE');
#3746 = LINE ( 'NONE', #3795, #3994 ) ;
#3747 = DIRECTION ( 'NONE',  ( -1.000000000000000000, 0.000000000000000000, -0.000000000000000000 ) ) ;
#3748 = DIRECTION ( 'NONE',  ( 0.000000000000000000, -0.000000000000000000, -1.000000000000000000 ) ) ;
#3749 = ORIENTED_EDGE ( 'NONE', *, *, #1136, .T. ) ;
#3750 = ORIENTED_EDGE ( 'NONE', *, *, #4930, .T. ) ;
#3751 = EDGE_LOOP ( 'NONE', ( #1726, #5421, #6684, #8718 ) ) ;
#3752 = PRESENTATION_STYLE_ASSIGNMENT (( #5372 ) ) ;
#3753 = PLANE ( 'NONE',  #10257 ) ;
#3754 = SURFACE_STYLE_FILL_AREA ( #494 ) ;
#3755 = CARTESIAN_POINT ( 'NONE',  ( 2.208504839851682888, -1.127774659775699684, 2.774999999999999911 ) ) ;
#3756 = VERTEX_POINT ( 'NONE', #1871 ) ;
#3757 =( LENGTH_UNIT ( ) NAMED_UNIT ( * ) SI_UNIT ( .MILLI., .METRE. ) );
#3758 = COLOUR_RGB ( '',0.7529411764705882248, 0.7529411764705882248, 0.7529411764705882248 ) ;
#3759 = DIRECTION ( 'NONE',  ( -0.3731001875674787582, -0.9277910594725043980, 0.000000000000000000 ) ) ;
#3760 = LINE ( 'NONE', #1250, #2639 ) ;
#3761 = EDGE_LOOP ( 'NONE', ( #1303, #1805, #314, #3222 ) ) ;
#3762 = FACE_OUTER_BOUND ( 'NONE', #9609, .T. ) ;
#3763 = ORIENTED_EDGE ( 'NONE', *, *, #9591, .F. ) ;
#3764 =( GEOMETRIC_REPRESENTATION_CONTEXT ( 3 ) GLOBAL_UNCERTAINTY_ASSIGNED_CONTEXT ( ( #6455 ) ) GLOBAL_UNIT_ASSIGNED_CONTEXT ( ( #10167, #5327, #5211 ) ) REPRESENTATION_CONTEXT ( 'NONE', 'WORKASPACE' ) );
#3765 = SURFACE_STYLE_USAGE ( .BOTH. , #455 ) ;
#3766 = VECTOR ( 'NONE', #9380, 1000.000000000000000 ) ;
#3767 =( NAMED_UNIT ( * ) SI_UNIT ( $, .STERADIAN. ) SOLID_ANGLE_UNIT ( ) );
#3768 = CARTESIAN_POINT ( 'NONE',  ( 0.000000000000000000, -2.250000000000000000, 0.2049999999999999878 ) ) ;
#3769 = FACE_OUTER_BOUND ( 'NONE', #4945, .T. ) ;
#3770 = SURFACE_SIDE_STYLE ('',( #7883 ) ) ;
#3771 = EDGE_CURVE ( 'NONE', #1476, #8425, #3639, .T. ) ;
#3772 = CARTESIAN_POINT ( 'NONE',  ( 1.770000000000001128, -4.489853386497013155, 0.4049999999999998601 ) ) ;
#3773 = ORIENTED_EDGE ( 'NONE', *, *, #7485, .F. ) ;
#3774 = CARTESIAN_POINT ( 'NONE',  ( -1.233238987308811208, -0.1491866968127367743, 2.875000000000000000 ) ) ;
#3775 = EDGE_LOOP ( 'NONE', ( #9452, #2109, #4308, #9252 ) ) ;
#3776 = ORIENTED_EDGE ( 'NONE', *, *, #2241, .T. ) ;
#3777 = COLOUR_RGB ( '',0.7529411764705882248, 0.7529411764705882248, 0.7529411764705882248 ) ;
#3778 = ORIENTED_EDGE ( 'NONE', *, *, #1048, .T. ) ;
#3779 =( NAMED_UNIT ( * ) PLANE_ANGLE_UNIT ( ) SI_UNIT ( $, .RADIAN. ) );
#3780 = SURFACE_STYLE_FILL_AREA ( #4584 ) ;
#3781 = DIRECTION ( 'NONE',  ( -0.3397323398897498237, -0.9405221620105692626, 0.000000000000000000 ) ) ;
#3782 =( NAMED_UNIT ( * ) SI_UNIT ( $, .STERADIAN. ) SOLID_ANGLE_UNIT ( ) );
#3783 = LINE ( 'NONE', #7087, #4342 ) ;
#3784 = ORIENTED_EDGE ( 'NONE', *, *, #8444, .T. ) ;
#3785 = STYLED_ITEM ( 'NONE', ( #1331 ), #6672 ) ;
#3786 = PRESENTATION_LAYER_ASSIGNMENT (  '', '', ( #6728 ) ) ;
#3787 = VERTEX_POINT ( 'NONE', #10259 ) ;
#3788 = FACE_OUTER_BOUND ( 'NONE', #10630, .T. ) ;
#3789 = DIRECTION ( 'NONE',  ( 0.000000000000000000, -0.000000000000000000, -1.000000000000000000 ) ) ;
#3790 = DIRECTION ( 'NONE',  ( -1.000000000000000000, -0.000000000000000000, -0.000000000000000000 ) ) ;
#3791 = EDGE_CURVE ( 'NONE', #10225, #7370, #7640, .T. ) ;
#3792 = PRESENTATION_LAYER_ASSIGNMENT (  '', '', ( #6224 ) ) ;
#3793 = ORIENTED_EDGE ( 'NONE', *, *, #3047, .T. ) ;
#3794 = CARTESIAN_POINT ( 'NONE',  ( -0.03956614780263817410, -0.9346805239732307591, 2.774999999999999911 ) ) ;
#3795 = CARTESIAN_POINT ( 'NONE',  ( -1.450000000000001288, 3.299999999999999822, 0.7250000000000000888 ) ) ;
#3796 =( GEOMETRIC_REPRESENTATION_CONTEXT ( 3 ) GLOBAL_UNCERTAINTY_ASSIGNED_CONTEXT ( ( #7100 ) ) GLOBAL_UNIT_ASSIGNED_CONTEXT ( ( #4340, #1815, #2828 ) ) REPRESENTATION_CONTEXT ( 'NONE', 'WORKASPACE' ) );
#3797 = FILL_AREA_STYLE ('',( #5428 ) ) ;
#3798 = VERTEX_POINT ( 'NONE', #2947 ) ;
#3799 = VERTEX_POINT ( 'NONE', #1442 ) ;
#3800 = EDGE_LOOP ( 'NONE', ( #9651, #6729, #470, #9924 ) ) ;
#3801 = EDGE_CURVE ( 'NONE', #1339, #10106, #7157, .T. ) ;
#3802 = CARTESIAN_POINT ( 'NONE',  ( 1.419538790468966916, -0.6889243511337244108, 2.875000000000000000 ) ) ;
#3803 = FACE_OUTER_BOUND ( 'NONE', #8546, .T. ) ;
#3804 = VERTEX_POINT ( 'NONE', #7102 ) ;
#3805 = SURFACE_STYLE_USAGE ( .BOTH. , #553 ) ;
#3806 = PRESENTATION_LAYER_ASSIGNMENT (  '', '', ( #926 ) ) ;
#3807 = ADVANCED_FACE ( 'NONE', ( #10534 ), #7042, .F. ) ;
#3808 =( NAMED_UNIT ( * ) PLANE_ANGLE_UNIT ( ) SI_UNIT ( $, .RADIAN. ) );
#3809 = CARTESIAN_POINT ( 'NONE',  ( 1.843921506518348963, -0.4236851536028602982, 2.875000000000000000 ) ) ;
#3810 = LINE ( 'NONE', #5500, #4863 ) ;
#3811 = VERTEX_POINT ( 'NONE', #2196 ) ;
#3812 = CARTESIAN_POINT ( 'NONE',  ( 0.9299999999999992717, -2.250000000000000000, 0.2049999999999998768 ) ) ;
#3813 = ORIENTED_EDGE ( 'NONE', *, *, #1788, .F. ) ;
#3814 = EDGE_CURVE ( 'NONE', #2233, #3798, #5426, .T. ) ;
#3815 = VECTOR ( 'NONE', #7187, 1000.000000000000000 ) ;
#3816 = VECTOR ( 'NONE', #9695, 1000.000000000000000 ) ;
#3817 = CARTESIAN_POINT ( 'NONE',  ( -0.4131687630347657958, -2.601766864349279285, -2.875000000000000000 ) ) ;
#3818 = FACE_OUTER_BOUND ( 'NONE', #6943, .T. ) ;
#3819 = LINE ( 'NONE', #7179, #7327 ) ;
#3820 = SURFACE_SIDE_STYLE ('',( #7011 ) ) ;
#3821 =( LENGTH_UNIT ( ) NAMED_UNIT ( * ) SI_UNIT ( .MILLI., .METRE. ) );
#3822 = AXIS2_PLACEMENT_3D ( 'NONE', #9815, #3105, #9012 ) ;
#3823 = EDGE_CURVE ( 'NONE', #481, #4008, #652, .T. ) ;
#3824 = LINE ( 'NONE', #9369, #6526 ) ;
#3825 = CARTESIAN_POINT ( 'NONE',  ( -3.699999999999999734, -3.500000000000000000, 2.875000000000000000 ) ) ;
#3826 = ADVANCED_FACE ( 'NONE', ( #10428 ), #3910, .F. ) ;
#3827 = PRESENTATION_LAYER_ASSIGNMENT (  '', '', ( #1614 ) ) ;
#3828 = CARTESIAN_POINT ( 'NONE',  ( -0.1796124440989347038, -0.9744181782942182846, 2.774999999999999911 ) ) ;
#3829 = ORIENTED_EDGE ( 'NONE', *, *, #700, .F. ) ;
#3830 = CARTESIAN_POINT ( 'NONE',  ( -1.382351641629798955, -0.2089860795287860895, 2.875000000000000000 ) ) ;
#3831 = EDGE_LOOP ( 'NONE', ( #2050, #224, #959, #7983 ) ) ;
#3832 = PRESENTATION_LAYER_ASSIGNMENT (  '', '', ( #4525 ) ) ;
#3833 = PRESENTATION_LAYER_ASSIGNMENT (  '', '', ( #5205 ) ) ;
#3835 = ORIENTED_EDGE ( 'NONE', *, *, #3166, .T. ) ;
#3834 = DIRECTION ( 'NONE',  ( 0.3203316185831451279, -0.9473054703399017562, 0.000000000000000000 ) ) ;
#3836 = LINE ( 'NONE', #7139, #4272 ) ;
#3837 = LINE ( 'NONE', #9597, #7406 ) ;
#3838 = SURFACE_STYLE_USAGE ( .BOTH. , #583 ) ;
#3839 = UNCERTAINTY_MEASURE_WITH_UNIT (LENGTH_MEASURE( 1.000000000000000082E-05 ), #1029, 'distance_accuracy_value', 'NONE');
#3840 = ORIENTED_EDGE ( 'NONE', *, *, #3038, .F. ) ;
#3841 = FILL_AREA_STYLE ('',( #7846 ) ) ;
#3842 = AXIS2_PLACEMENT_3D ( 'NONE', #3843, #9490, #1432 ) ;
#3843 = CARTESIAN_POINT ( 'NONE',  ( -2.164957836983784745, -3.101766864349278841, -2.875000000000000000 ) ) ;
#3844 = VERTEX_POINT ( 'NONE', #5536 ) ;
#3845 = PRESENTATION_STYLE_ASSIGNMENT (( #8063 ) ) ;
#3846 = VECTOR ( 'NONE', #7537, 1000.000000000000114 ) ;
#3847 = DIRECTION ( 'NONE',  ( 0.8965516485955383752, 0.4429392073418453868, 0.000000000000000000 ) ) ;
#3848 = FILL_AREA_STYLE_COLOUR ( '', #87 ) ;
#3849 = MECHANICAL_DESIGN_GEOMETRIC_PRESENTATION_REPRESENTATION (  '', ( #5399 ), #788 ) ;
#3850 = UNCERTAINTY_MEASURE_WITH_UNIT (LENGTH_MEASURE( 1.000000000000000082E-05 ), #5812, 'distance_accuracy_value', 'NONE');
#3851 = ORIENTED_EDGE ( 'NONE', *, *, #10264, .T. ) ;
#3852 = CARTESIAN_POINT ( 'NONE',  ( -0.1352451601483173338, -1.062766943726316970, 2.774999999999999911 ) ) ;
#3853 = CARTESIAN_POINT ( 'NONE',  ( 0.6049168768887196457, -0.1491866968127367743, 2.774999999999999911 ) ) ;
#3854 = CARTESIAN_POINT ( 'NONE',  ( 2.164957836983784745, -3.500000000000000000, -2.875000000000000000 ) ) ;
#3855 = LINE ( 'NONE', #8071, #2959 ) ;
#3856 = SURFACE_SIDE_STYLE ('',( #3118 ) ) ;
#3857 = VECTOR ( 'NONE', #4319, 999.9999999999998863 ) ;
#3858 = FILL_AREA_STYLE_COLOUR ( '', #802 ) ;
#3859 = ORIENTED_EDGE ( 'NONE', *, *, #3198, .T. ) ;
#3860 = ORIENTED_EDGE ( 'NONE', *, *, #7889, .T. ) ;
#3861 = ORIENTED_EDGE ( 'NONE', *, *, #971, .T. ) ;
#3862 = CARTESIAN_POINT ( 'NONE',  ( -2.072938061382885611, -1.127774659775699684, 2.774999999999999911 ) ) ;
#3863 = ADVANCED_FACE ( 'NONE', ( #5485 ), #1287, .T. ) ;
#3864 = CARTESIAN_POINT ( 'NONE',  ( -1.770000000000001128, -4.489853386497013155, 0.4049999999999999711 ) ) ;
#3865 = LINE ( 'NONE', #8030, #6691 ) ;
#3866 = EDGE_CURVE ( 'NONE', #8099, #5502, #2420, .T. ) ;
#3867 = ORIENTED_EDGE ( 'NONE', *, *, #4612, .T. ) ;
#3868 = DIRECTION ( 'NONE',  ( -0.000000000000000000, -0.000000000000000000, 1.000000000000000000 ) ) ;
#3869 = UNCERTAINTY_MEASURE_WITH_UNIT (LENGTH_MEASURE( 1.000000000000000082E-05 ), #3275, 'distance_accuracy_value', 'NONE');
#3870 = EDGE_CURVE ( 'NONE', #2284, #5678, #5039, .T. ) ;
#3871 = DIRECTION ( 'NONE',  ( -0.7071067811865536790, -0.7071067811865412445, 0.000000000000000000 ) ) ;
#3872 = CARTESIAN_POINT ( 'NONE',  ( 0.8159508275060035620, -0.9319799066892799910, 2.774999999999999911 ) ) ;
#3873 = EDGE_CURVE ( 'NONE', #1109, #8795, #9938, .T. ) ;
#3874 = LINE ( 'NONE', #6261, #9326 ) ;
#3875 = VERTEX_POINT ( 'NONE', #1611 ) ;
#3876 = VERTEX_POINT ( 'NONE', #9887 ) ;
#3877 = MECHANICAL_DESIGN_GEOMETRIC_PRESENTATION_REPRESENTATION (  '', ( #4733 ), #5078 ) ;
#3878 =( NAMED_UNIT ( * ) PLANE_ANGLE_UNIT ( ) SI_UNIT ( $, .RADIAN. ) );
#3879 = FILL_AREA_STYLE_COLOUR ( '', #5025 ) ;
#3880 = AXIS2_PLACEMENT_3D ( 'NONE', #5839, #9917, #4218 ) ;
#3881 = LINE ( 'NONE', #4897, #10421 ) ;
#3882 = CARTESIAN_POINT ( 'NONE',  ( 1.401213173185015926, -0.8438240424917492488, 2.875000000000000000 ) ) ;
#3883 = FILL_AREA_STYLE ('',( #8668 ) ) ;
#3884 = LINE ( 'NONE', #7183, #10393 ) ;
#3885 = FILL_AREA_STYLE ('',( #622 ) ) ;
#3886 = CARTESIAN_POINT ( 'NONE',  ( 2.638867494172670192, -0.4190555239732305925, 2.875000000000000000 ) ) ;
#3887 = EDGE_LOOP ( 'NONE', ( #5741, #122, #1498, #8265 ) ) ;
#3888 = DIRECTION ( 'NONE',  ( -0.000000000000000000, -0.000000000000000000, 1.000000000000000000 ) ) ;
#3889 = ORIENTED_EDGE ( 'NONE', *, *, #5537, .T. ) ;
#3890 = COLOUR_RGB ( '',0.7529411764705882248, 0.7529411764705882248, 0.7529411764705882248 ) ;
#3891 = EDGE_CURVE ( 'NONE', #10518, #2934, #4929, .T. ) ;
#3893 = ORIENTED_EDGE ( 'NONE', *, *, #5030, .T. ) ;
#3892 = CARTESIAN_POINT ( 'NONE',  ( 3.699999999999999734, 3.500000000000000000, 2.875000000000000000 ) ) ;
#3894 = CARTESIAN_POINT ( 'NONE',  ( 2.162980148493658383, -0.1491866968127367743, 2.875000000000000000 ) ) ;
#3895 = DIRECTION ( 'NONE',  ( 0.000000000000000000, -1.000000000000000000, 0.000000000000000000 ) ) ;
#3896 =( LENGTH_UNIT ( ) NAMED_UNIT ( * ) SI_UNIT ( .MILLI., .METRE. ) );
#3897 = FILL_AREA_STYLE_COLOUR ( '', #1555 ) ;
#3898 = FILL_AREA_STYLE_COLOUR ( '', #5024 ) ;
#3899 = EDGE_LOOP ( 'NONE', ( #1032, #1684, #4377, #6541 ) ) ;
#3900 = PRESENTATION_STYLE_ASSIGNMENT (( #9550 ) ) ;
#3901 = CARTESIAN_POINT ( 'NONE',  ( -1.233238987308811208, -0.1491866968127367743, 2.774999999999999911 ) ) ;
#3902 = ORIENTED_EDGE ( 'NONE', *, *, #645, .F. ) ;
#3903 = MECHANICAL_DESIGN_GEOMETRIC_PRESENTATION_REPRESENTATION (  '', ( #1168 ), #3719 ) ;
#3904 = CARTESIAN_POINT ( 'NONE',  ( 1.687157287525380855, -4.289853386497012089, 0.2049999999999989053 ) ) ;
#3905 = SURFACE_SIDE_STYLE ('',( #754 ) ) ;
#3906 = ORIENTED_EDGE ( 'NONE', *, *, #5174, .T. ) ;
#3907 = FACE_OUTER_BOUND ( 'NONE', #7489, .T. ) ;
#3908 = PLANE ( 'NONE',  #2519 ) ;
#3909 = DIRECTION ( 'NONE',  ( 0.000000000000000000, -1.000000000000000000, 0.000000000000000000 ) ) ;
#3910 = PLANE ( 'NONE',  #7923 ) ;
#3911 = EDGE_CURVE ( 'NONE', #4064, #5976, #4875, .T. ) ;
#3912 = CARTESIAN_POINT ( 'NONE',  ( 2.164957836983784745, -2.601766864349279285, 2.875000000000000000 ) ) ;
#3913 = ORIENTED_EDGE ( 'NONE', *, *, #2706, .F. ) ;
#3914 = ORIENTED_EDGE ( 'NONE', *, *, #8233, .F. ) ;
#3915 = VERTEX_POINT ( 'NONE', #3316 ) ;
#3916 = COLOUR_RGB ( '',1.000000000000000000, 1.000000000000000000, 1.000000000000000000 ) ;
#3917 =( NAMED_UNIT ( * ) PLANE_ANGLE_UNIT ( ) SI_UNIT ( $, .RADIAN. ) );
#3918 = VECTOR ( 'NONE', #7082, 1000.000000000000114 ) ;
#3919 = DIRECTION ( 'NONE',  ( 0.2729606775738845914, 0.9620251911974061487, 0.000000000000000000 ) ) ;
#3920 = EDGE_CURVE ( 'NONE', #7328, #10620, #2531, .T. ) ;
#3921 = VERTEX_POINT ( 'NONE', #9074 ) ;
#3922 = DIRECTION ( 'NONE',  ( -0.5773502691896262862, -0.5773502691896242878, 0.5773502691896267303 ) ) ;
#3923 = DIRECTION ( 'NONE',  ( -0.7071067811865413555, 0.7071067811865537900, 0.000000000000000000 ) ) ;
#3924 = DIRECTION ( 'NONE',  ( 1.000000000000000000, -0.000000000000000000, 0.000000000000000000 ) ) ;
#3925 = AXIS2_PLACEMENT_3D ( 'NONE', #10185, #519, #8576 ) ;
#3926 = LINE ( 'NONE', #4941, #3658 ) ;
#3927 = AXIS2_PLACEMENT_3D ( 'NONE', #6703, #9167, #2003 ) ;
#3928 = SURFACE_SIDE_STYLE ('',( #2324 ) ) ;
#3929 = ORIENTED_EDGE ( 'NONE', *, *, #4081, .F. ) ;
#3930 =( NAMED_UNIT ( * ) SI_UNIT ( $, .STERADIAN. ) SOLID_ANGLE_UNIT ( ) );
#3931 = LINE ( 'NONE', #1904, #229 ) ;
#3932 = CARTESIAN_POINT ( 'NONE',  ( 1.843921506518348963, -0.4236851536028602982, 2.774999999999999911 ) ) ;
#3933 = PRESENTATION_LAYER_ASSIGNMENT (  '', '', ( #1362 ) ) ;
#3934 = PRESENTATION_LAYER_ASSIGNMENT (  '', '', ( #2566 ) ) ;
#3935 = CARTESIAN_POINT ( 'NONE',  ( 1.569999999999999396, -5.622383267283204589, 0.8449999999999998623 ) ) ;
#3936 = EDGE_CURVE ( 'NONE', #5781, #2131, #874, .T. ) ;
#3937 = CARTESIAN_POINT ( 'NONE',  ( -1.558663370024860662, -1.106362622738662704, 2.875000000000000000 ) ) ;
#3938 = LINE ( 'NONE', #3999, #10231 ) ;
#3939 = LINE ( 'NONE', #3825, #3415 ) ;
#3940 = CARTESIAN_POINT ( 'NONE',  ( -2.121163370024860662, -0.1491866968127367743, 2.774999999999999911 ) ) ;
#3941 = ORIENTED_EDGE ( 'NONE', *, *, #7096, .F. ) ;
#3942 = VECTOR ( 'NONE', #5917, 1000.000000000000000 ) ;
#3943 = LINE ( 'NONE', #2120, #3327 ) ;
#3944 = VECTOR ( 'NONE', #10289, 1000.000000000000000 ) ;
#3945 = ORIENTED_EDGE ( 'NONE', *, *, #6721, .F. ) ;
#3946 = FACE_OUTER_BOUND ( 'NONE', #2637, .T. ) ;
#3947 = EDGE_CURVE ( 'NONE', #5282, #2756, #819, .T. ) ;
#3949 = ORIENTED_EDGE ( 'NONE', *, *, #5304, .T. ) ;
#3948 = SURFACE_STYLE_USAGE ( .BOTH. , #6438 ) ;
#3950 =( GEOMETRIC_REPRESENTATION_CONTEXT ( 3 ) GLOBAL_UNCERTAINTY_ASSIGNED_CONTEXT ( ( #9559 ) ) GLOBAL_UNIT_ASSIGNED_CONTEXT ( ( #6993, #6940, #1080 ) ) REPRESENTATION_CONTEXT ( 'NONE', 'WORKASPACE' ) );
#3951 = MECHANICAL_DESIGN_GEOMETRIC_PRESENTATION_REPRESENTATION (  '', ( #178 ), #3248 ) ;
#3952 = STYLED_ITEM ( 'NONE', ( #4615 ), #734 ) ;
#3953 = EDGE_CURVE ( 'NONE', #8773, #2325, #5702, .T. ) ;
#3954 = DIRECTION ( 'NONE',  ( -0.7071067811865489050, -0.7071067811865462405, -0.000000000000000000 ) ) ;
#3955 = DIRECTION ( 'NONE',  ( -1.000000000000000000, 0.000000000000000000, 0.000000000000000000 ) ) ;
#3956 = ORIENTED_EDGE ( 'NONE', *, *, #201, .F. ) ;
#3957 = CARTESIAN_POINT ( 'NONE',  ( 2.112054222567731898, -1.088037005454712158, 2.774999999999999911 ) ) ;
#3958 = CARTESIAN_POINT ( 'NONE',  ( -1.606309974963132214, -0.1277746597756997671, 2.774999999999999911 ) ) ;
#3959 = ORIENTED_EDGE ( 'NONE', *, *, #3537, .F. ) ;
#3960 = COLOUR_RGB ( '',0.7529411764705882248, 0.7529411764705882248, 0.7529411764705882248 ) ;
#3961 = ADVANCED_FACE ( 'NONE', ( #7530 ), #4241, .F. ) ;
#3962 = CARTESIAN_POINT ( 'NONE',  ( -3.700000000000001066, 1.578285606387554107, 1.898270704789492003 ) ) ;
#3963 = DIRECTION ( 'NONE',  ( -0.000000000000000000, -0.000000000000000000, 1.000000000000000000 ) ) ;
#3964 = CARTESIAN_POINT ( 'NONE',  ( -1.841263678666835935, -1.106362622738662704, 2.875000000000000000 ) ) ;
#3965 = UNCERTAINTY_MEASURE_WITH_UNIT (LENGTH_MEASURE( 1.000000000000000082E-05 ), #4878, 'distance_accuracy_value', 'NONE');
#3966 = ORIENTED_EDGE ( 'NONE', *, *, #8642, .T. ) ;
#3967 = CARTESIAN_POINT ( 'NONE',  ( -1.770000000000001128, -5.422383267283204411, 0.6450000000000000178 ) ) ;
#3968 = CARTESIAN_POINT ( 'NONE',  ( 0.2397548398516825552, -0.9827129313806381994, 2.774999999999999911 ) ) ;
#3969 = ADVANCED_FACE ( 'NONE', ( #8280 ), #3, .F. ) ;
#3970 = LINE ( 'NONE', #5699, #9438 ) ;
#3971 = MECHANICAL_DESIGN_GEOMETRIC_PRESENTATION_REPRESENTATION (  '', ( #6728 ), #9111 ) ;
#3972 = PRESENTATION_STYLE_ASSIGNMENT (( #3165 ) ) ;
#3973 = DIRECTION ( 'NONE',  ( 1.000000000000000000, -0.000000000000000000, 0.000000000000000000 ) ) ;
#3974 = DIRECTION ( 'NONE',  ( 0.000000000000000000, 0.5144957554275271239, 0.8574929257125438742 ) ) ;
#3975 = EDGE_LOOP ( 'NONE', ( #4651, #7761, #347, #10332 ) ) ;
#3976 = VERTEX_POINT ( 'NONE', #4179 ) ;
#3977 = VECTOR ( 'NONE', #9882, 1000.000000000000114 ) ;
#3978 = VECTOR ( 'NONE', #1513, 1000.000000000000000 ) ;
#3979 = LINE ( 'NONE', #5653, #8121 ) ;
#3980 = CARTESIAN_POINT ( 'NONE',  ( 3.699999999999999734, 3.500000000000000000, 1.156639881571555284 ) ) ;
#3981 = ORIENTED_EDGE ( 'NONE', *, *, #9442, .F. ) ;
#3982 = FACE_OUTER_BOUND ( 'NONE', #673, .T. ) ;
#3983 = CARTESIAN_POINT ( 'NONE',  ( -0.1516417650865888034, -1.078391943726317193, 2.774999999999999911 ) ) ;
#3984 = CARTESIAN_POINT ( 'NONE',  ( 2.849999999999999645, -3.500000000000000000, -1.475000000000000089 ) ) ;
#3985 = VECTOR ( 'NONE', #10352, 1000.000000000000000 ) ;
#3986 = COLOUR_RGB ( '',0.7529411764705882248, 0.7529411764705882248, 0.7529411764705882248 ) ;
#3987 = ADVANCED_FACE ( 'NONE', ( #7481 ), #108, .T. ) ;
#3988 =( LENGTH_UNIT ( ) NAMED_UNIT ( * ) SI_UNIT ( .MILLI., .METRE. ) );
#3989 = CARTESIAN_POINT ( 'NONE',  ( 1.569999999999999396, -5.622383267283204589, 0.8449999999999998623 ) ) ;
#3990 = ORIENTED_EDGE ( 'NONE', *, *, #10283, .T. ) ;
#3991 = ORIENTED_EDGE ( 'NONE', *, *, #4349, .T. ) ;
#3992 = DIRECTION ( 'NONE',  ( 0.000000000000000000, 0.5517613854158065489, -0.8340020225179490820 ) ) ;
#3993 = FILL_AREA_STYLE ('',( #8194 ) ) ;
#3994 = VECTOR ( 'NONE', #5425, 1000.000000000000000 ) ;
#3995 = EDGE_CURVE ( 'NONE', #4331, #3665, #10092, .T. ) ;
#3996 =( LENGTH_UNIT ( ) NAMED_UNIT ( * ) SI_UNIT ( .MILLI., .METRE. ) );
#3997 = LINE ( 'NONE', #732, #10310 ) ;
#3998 = FILL_AREA_STYLE ('',( #789 ) ) ;
#3999 = CARTESIAN_POINT ( 'NONE',  ( -1.382351641629798955, -0.2089860795287860895, 2.875000000000000000 ) ) ;
#4000 = CARTESIAN_POINT ( 'NONE',  ( 2.164957836983784745, -3.101766864349278841, 0.8449999999999998623 ) ) ;
#4001 = PRESENTATION_STYLE_ASSIGNMENT (( #8153 ) ) ;
#4002 = VERTEX_POINT ( 'NONE', #6062 ) ;
#4003 = AXIS2_PLACEMENT_3D ( 'NONE', #3493, #2692, #9304 ) ;
#4004 = DIRECTION ( 'NONE',  ( -1.000000000000000000, -1.239088197126290817E-16, 0.000000000000000000 ) ) ;
#4005 = ORIENTED_EDGE ( 'NONE', *, *, #2442, .T. ) ;
#4006 =( LENGTH_UNIT ( ) NAMED_UNIT ( * ) SI_UNIT ( .MILLI., .METRE. ) );
#4007 = EDGE_CURVE ( 'NONE', #9197, #76, #5957, .T. ) ;
#4008 = VERTEX_POINT ( 'NONE', #6116 ) ;
#4009 = CARTESIAN_POINT ( 'NONE',  ( -1.050000000000000933, 3.299999999999999822, 0.3250000000000000111 ) ) ;
#4010 = VECTOR ( 'NONE', #3043, 1000.000000000000000 ) ;
#4011 = VECTOR ( 'NONE', #4080, 1000.000000000000000 ) ;
#4012 = CARTESIAN_POINT ( 'NONE',  ( -1.737097012000169416, -1.046370338788045418, 2.875000000000000000 ) ) ;
#4013 = EDGE_CURVE ( 'NONE', #8839, #8453, #6873, .T. ) ;
#4014 = ORIENTED_EDGE ( 'NONE', *, *, #7121, .F. ) ;
#4015 = DIRECTION ( 'NONE',  ( 0.000000000000000000, 0.000000000000000000, 1.000000000000000000 ) ) ;
#4016 = EDGE_CURVE ( 'NONE', #5627, #987, #4291, .T. ) ;
#4017 = ORIENTED_EDGE ( 'NONE', *, *, #8217, .T. ) ;
#4018 = MECHANICAL_DESIGN_GEOMETRIC_PRESENTATION_REPRESENTATION (  '', ( #7296 ), #8483 ) ;
#4019 = CARTESIAN_POINT ( 'NONE',  ( 2.617262555901065380, -0.4177052153312553195, 2.774999999999999911 ) ) ;
#4020 = LINE ( 'NONE', #4818, #9402 ) ;
#4021 = ORIENTED_EDGE ( 'NONE', *, *, #6258, .F. ) ;
#4022 = DIRECTION ( 'NONE',  ( 0.9596009732027614980, 0.2813644828835243361, 0.000000000000000000 ) ) ;
#4023 =( GEOMETRIC_REPRESENTATION_CONTEXT ( 3 ) GLOBAL_UNCERTAINTY_ASSIGNED_CONTEXT ( ( #10312 ) ) GLOBAL_UNIT_ASSIGNED_CONTEXT ( ( #4707, #2189, #2351 ) ) REPRESENTATION_CONTEXT ( 'NONE', 'WORKASPACE' ) );
#4024 = CARTESIAN_POINT ( 'NONE',  ( 1.002872123802300175, -0.3658147832324898374, 2.774999999999999911 ) ) ;
#4025 = CARTESIAN_POINT ( 'NONE',  ( -0.04747509841992233331, -1.106362622738662704, 2.774999999999999911 ) ) ;
#4026 = ADVANCED_FACE ( 'NONE', ( #5139 ), #9331, .T. ) ;
#4027 = SURFACE_SIDE_STYLE ('',( #8177 ) ) ;
#4028 = DIRECTION ( 'NONE',  ( 0.000000000000000000, 0.000000000000000000, -1.000000000000000000 ) ) ;
#4029 = COLOUR_RGB ( '',0.7529411764705882248, 0.7529411764705882248, 0.7529411764705882248 ) ;
#4030 = DIRECTION ( 'NONE',  ( -0.000000000000000000, -0.000000000000000000, 1.000000000000000000 ) ) ;
#4031 =( NAMED_UNIT ( * ) SI_UNIT ( $, .STERADIAN. ) SOLID_ANGLE_UNIT ( ) );
#4032 = ORIENTED_EDGE ( 'NONE', *, *, #9085, .T. ) ;
#4033 = PRESENTATION_STYLE_ASSIGNMENT (( #3378 ) ) ;
#4034 = CARTESIAN_POINT ( 'NONE',  ( -0.4930200591917125452, -3.500000000000000000, -2.875000000000000000 ) ) ;
#4035 = AXIS2_PLACEMENT_3D ( 'NONE', #2051, #7876, #393 ) ;
#4036 =( GEOMETRIC_REPRESENTATION_CONTEXT ( 3 ) GLOBAL_UNCERTAINTY_ASSIGNED_CONTEXT ( ( #8082 ) ) GLOBAL_UNIT_ASSIGNED_CONTEXT ( ( #2529, #5750, #10594 ) ) REPRESENTATION_CONTEXT ( 'NONE', 'WORKASPACE' ) );
#4037 = ORIENTED_EDGE ( 'NONE', *, *, #6517, .F. ) ;
#4038 = ORIENTED_EDGE ( 'NONE', *, *, #3953, .F. ) ;
#4039 = EDGE_LOOP ( 'NONE', ( #10013, #2990, #9101, #2957 ) ) ;
#4040 = SURFACE_STYLE_FILL_AREA ( #3234 ) ;
#4041 =( NAMED_UNIT ( * ) PLANE_ANGLE_UNIT ( ) SI_UNIT ( $, .RADIAN. ) );
#4042 = PRESENTATION_LAYER_ASSIGNMENT (  '', '', ( #964 ) ) ;
#4043 = FILL_AREA_STYLE_COLOUR ( '', #2171 ) ;
#4044 = LINE ( 'NONE', #1464, #8034 ) ;
#4045 = CARTESIAN_POINT ( 'NONE',  ( 2.038558852197361659, -0.1746496597756997116, 2.774999999999999911 ) ) ;
#4046 =( NAMED_UNIT ( * ) PLANE_ANGLE_UNIT ( ) SI_UNIT ( $, .RADIAN. ) );
#4047 = COLOUR_RGB ( '',0.7529411764705882248, 0.7529411764705882248, 0.7529411764705882248 ) ;
#4048 = ORIENTED_EDGE ( 'NONE', *, *, #1675, .T. ) ;
#4049 = MECHANICAL_DESIGN_GEOMETRIC_PRESENTATION_REPRESENTATION (  '', ( #633 ), #8520 ) ;
#4050 = EDGE_LOOP ( 'NONE', ( #3173, #3861, #1166, #3672 ) ) ;
#4051 = CARTESIAN_POINT ( 'NONE',  ( 0.1271005188640283445, -1.017242252368292244, 2.875000000000000000 ) ) ;
#4052 = VECTOR ( 'NONE', #4022, 1000.000000000000114 ) ;
#4054 = ORIENTED_EDGE ( 'NONE', *, *, #1779, .T. ) ;
#4053 = DIRECTION ( 'NONE',  ( -0.000000000000000000, -0.000000000000000000, -1.000000000000000000 ) ) ;
#4055 = LINE ( 'NONE', #8162, #6186 ) ;
#4056 = PLANE ( 'NONE',  #2030 ) ;
#4057 = VECTOR ( 'NONE', #9219, 1000.000000000000000 ) ;
#4058 = UNCERTAINTY_MEASURE_WITH_UNIT (LENGTH_MEASURE( 1.000000000000000082E-05 ), #4989, 'distance_accuracy_value', 'NONE');
#4059 = SURFACE_STYLE_USAGE ( .BOTH. , #3303 ) ;
#4060 = EDGE_LOOP ( 'NONE', ( #4320, #7018, #3180, #7704 ) ) ;
#4061 = DIRECTION ( 'NONE',  ( -0.7056826026699989374, 0.7085280970356055974, 0.000000000000000000 ) ) ;
#4062 = CARTESIAN_POINT ( 'NONE',  ( 1.569999999999999396, -2.250000000000001776, 0.2049999999999998768 ) ) ;
#4063 = EDGE_CURVE ( 'NONE', #6125, #5767, #7689, .T. ) ;
#4064 = VERTEX_POINT ( 'NONE', #207 ) ;
#4065 = FILL_AREA_STYLE ('',( #8860 ) ) ;
#4066 = EDGE_CURVE ( 'NONE', #946, #3489, #3528, .T. ) ;
#4067 = MECHANICAL_DESIGN_GEOMETRIC_PRESENTATION_REPRESENTATION (  '', ( #3205 ), #9563 ) ;
#4068 = DIRECTION ( 'NONE',  ( -1.000000000000000000, 0.000000000000000000, 0.000000000000000000 ) ) ;
#4069 = LINE ( 'NONE', #644, #8829 ) ;
#4070 = UNCERTAINTY_MEASURE_WITH_UNIT (LENGTH_MEASURE( 1.000000000000000082E-05 ), #10631, 'distance_accuracy_value', 'NONE');
#4071 = VERTEX_POINT ( 'NONE', #1969 ) ;
#4072 =( NAMED_UNIT ( * ) SI_UNIT ( $, .STERADIAN. ) SOLID_ANGLE_UNIT ( ) );
#4073 = PRESENTATION_STYLE_ASSIGNMENT (( #8173 ) ) ;
#4074 = DIRECTION ( 'NONE',  ( 0.000000000000000000, 1.000000000000000000, 0.000000000000000000 ) ) ;
#4075 = CARTESIAN_POINT ( 'NONE',  ( 1.370734778123287700, -1.079549351133724411, 2.774999999999999911 ) ) ;
#4076 = LINE ( 'NONE', #5751, #3468 ) ;
#4077 = AXIS2_PLACEMENT_3D ( 'NONE', #2928, #6278, #6105 ) ;
#4078 = LINE ( 'NONE', #878, #2159 ) ;
#4079 = CARTESIAN_POINT ( 'NONE',  ( -1.570000000000001172, 0.000000000000000000, 0.6450000000000000178 ) ) ;
#4080 = DIRECTION ( 'NONE',  ( -0.000000000000000000, -0.000000000000000000, 1.000000000000000000 ) ) ;
#4081 = EDGE_CURVE ( 'NONE', #4763, #5712, #4341, .T. ) ;
#4082 = VECTOR ( 'NONE', #927, 1000.000000000000114 ) ;
#4083 = ORIENTED_EDGE ( 'NONE', *, *, #3682, .T. ) ;
#4084 = STYLED_ITEM ( 'NONE', ( #1857 ), #27 ) ;
#4085 = SURFACE_STYLE_USAGE ( .BOTH. , #827 ) ;
#4086 = LINE ( 'NONE', #3325, #6133 ) ;
#4087 =( NAMED_UNIT ( * ) SI_UNIT ( $, .STERADIAN. ) SOLID_ANGLE_UNIT ( ) );
#4088 = CARTESIAN_POINT ( 'NONE',  ( -2.446780653975477726, -1.106362622738662704, 2.774999999999999911 ) ) ;
#4089 = CARTESIAN_POINT ( 'NONE',  ( 2.849999999999999645, -3.500000000000000000, -1.975000000000000089 ) ) ;
#4090 = VERTEX_POINT ( 'NONE', #6927 ) ;
#4091 = ORIENTED_EDGE ( 'NONE', *, *, #1270, .T. ) ;
#4092 = PRESENTATION_LAYER_ASSIGNMENT (  '', '', ( #6847 ) ) ;
#4093 =( NAMED_UNIT ( * ) PLANE_ANGLE_UNIT ( ) SI_UNIT ( $, .RADIAN. ) );
#4094 = PRESENTATION_STYLE_ASSIGNMENT (( #10558 ) ) ;
#4095 = CARTESIAN_POINT ( 'NONE',  ( 0.6049168768887196457, -0.1491866968127367743, 2.875000000000000000 ) ) ;
#4096 = SURFACE_STYLE_USAGE ( .BOTH. , #8197 ) ;
#4097 = SURFACE_SIDE_STYLE ('',( #1634 ) ) ;
#4098 = VECTOR ( 'NONE', #4688, 1000.000000000000000 ) ;
#4099 = LINE ( 'NONE', #6595, #9600 ) ;
#4100 = ORIENTED_EDGE ( 'NONE', *, *, #1925, .T. ) ;
#4101 = CARTESIAN_POINT ( 'NONE',  ( 1.325210086765263195, -0.5930524375534775849, 2.774999999999999911 ) ) ;
#4102 = VERTEX_POINT ( 'NONE', #5908 ) ;
#4103 = DIRECTION ( 'NONE',  ( 0.2811897739114648798, 0.9596521823283783448, 0.000000000000000000 ) ) ;
#4104 = MECHANICAL_DESIGN_GEOMETRIC_PRESENTATION_REPRESENTATION (  '', ( #4805 ), #9625 ) ;
#4105 = LINE ( 'NONE', #6602, #6496 ) ;
#4106 = DIRECTION ( 'NONE',  ( -0.9481736678849083111, -0.3177525696665243760, 0.000000000000000000 ) ) ;
#4107 = ADVANCED_FACE ( 'NONE', ( #5240 ), #2671, .T. ) ;
#4108 = SURFACE_STYLE_FILL_AREA ( #2403 ) ;
#4109 = VECTOR ( 'NONE', #9700, 1000.000000000000000 ) ;
#4110 = DIRECTION ( 'NONE',  ( -0.7001544121828525702, -0.7139914559018785134, 0.000000000000000000 ) ) ;
#4111 = LINE ( 'NONE', #10580, #59 ) ;
#4112 = VERTEX_POINT ( 'NONE', #7740 ) ;
#4113 = FILL_AREA_STYLE_COLOUR ( '', #354 ) ;
#4114 = SURFACE_STYLE_USAGE ( .BOTH. , #3202 ) ;
#4115 = ORIENTED_EDGE ( 'NONE', *, *, #6049, .T. ) ;
#4116 = VECTOR ( 'NONE', #4193, 1000.000000000000114 ) ;
#4117 = AXIS2_PLACEMENT_3D ( 'NONE', #9177, #4977, #8386 ) ;
#4118 = DIRECTION ( 'NONE',  ( 0.000000000000000000, -1.000000000000000000, -0.000000000000000000 ) ) ;
#4119 = SURFACE_STYLE_FILL_AREA ( #9772 ) ;
#4120 = ORIENTED_EDGE ( 'NONE', *, *, #5263, .T. ) ;
#4121 = SURFACE_STYLE_USAGE ( .BOTH. , #55 ) ;
#4122 =( NAMED_UNIT ( * ) SI_UNIT ( $, .STERADIAN. ) SOLID_ANGLE_UNIT ( ) );
#4123 = SURFACE_STYLE_USAGE ( .BOTH. , #8175 ) ;
#4124 = VECTOR ( 'NONE', #8178, 1000.000000000000000 ) ;
#4125 = VECTOR ( 'NONE', #255, 1000.000000000000000 ) ;
#4126 = DIRECTION ( 'NONE',  ( -1.239088197126290817E-16, 1.000000000000000000, -0.000000000000000000 ) ) ;
#4127 = ADVANCED_FACE ( 'NONE', ( #7632 ), #5187, .T. ) ;
#4128 = LINE ( 'NONE', #6982, #7266 ) ;
#4129 = CARTESIAN_POINT ( 'NONE',  ( 1.401213173185015926, -0.9784691042201443256, 2.774999999999999911 ) ) ;
#4130 = LINE ( 'NONE', #10599, #1434 ) ;
#4131 = AXIS2_PLACEMENT_3D ( 'NONE', #4045, #2170, #8723 ) ;
#4132 = ORIENTED_EDGE ( 'NONE', *, *, #3947, .T. ) ;
#4133 = CARTESIAN_POINT ( 'NONE',  ( -1.770000000000001128, -4.489853386497013155, 0.4049999999999999711 ) ) ;
#4134 = DIRECTION ( 'NONE',  ( 0.9641616735539142446, -0.2653154108786657805, 0.000000000000000000 ) ) ;
#4135 = DIRECTION ( 'NONE',  ( -0.000000000000000000, 1.000000000000000000, -0.000000000000000000 ) ) ;
#4136 = PRESENTATION_STYLE_ASSIGNMENT (( #7334 ) ) ;
#4137 = VECTOR ( 'NONE', #10203, 1000.000000000000000 ) ;
#4138 = AXIS2_PLACEMENT_3D ( 'NONE', #4226, #6758, #296 ) ;
#4139 =( NAMED_UNIT ( * ) PLANE_ANGLE_UNIT ( ) SI_UNIT ( $, .RADIAN. ) );
#4140 = ORIENTED_EDGE ( 'NONE', *, *, #9184, .T. ) ;
#4141 = VERTEX_POINT ( 'NONE', #8634 ) ;
#4142 = EDGE_CURVE ( 'NONE', #716, #8912, #2076, .T. ) ;
#4143 = FACE_OUTER_BOUND ( 'NONE', #8972, .T. ) ;
#4144 =( LENGTH_UNIT ( ) NAMED_UNIT ( * ) SI_UNIT ( .MILLI., .METRE. ) );
#4145 = EDGE_CURVE ( 'NONE', #3720, #3306, #4647, .T. ) ;
#4146 = DIRECTION ( 'NONE',  ( -0.4426676528313103764, 0.8966857582993155162, 0.000000000000000000 ) ) ;
#4147 = AXIS2_PLACEMENT_3D ( 'NONE', #7627, #3524, #1909 ) ;
#4148 = VECTOR ( 'NONE', #1243, 1000.000000000000000 ) ;
#4149 = CARTESIAN_POINT ( 'NONE',  ( 1.504608234913410891, -0.1759999684176750678, 2.774999999999999911 ) ) ;
#4150 = CARTESIAN_POINT ( 'NONE',  ( 1.569999999999999396, -7.605096679918781355, 0.2049999999999998768 ) ) ;
#4151 = EDGE_CURVE ( 'NONE', #139, #4318, #471, .T. ) ;
#4152 = LINE ( 'NONE', #4748, #5374 ) ;
#4153 = ORIENTED_EDGE ( 'NONE', *, *, #7289, .F. ) ;
#4154 = ORIENTED_EDGE ( 'NONE', *, *, #8073, .F. ) ;
#4155 = CARTESIAN_POINT ( 'NONE',  ( 1.582154531209707837, -0.4159691042201442146, 2.875000000000000000 ) ) ;
#4156 = VECTOR ( 'NONE', #8127, 1000.000000000000000 ) ;
#4157 = VECTOR ( 'NONE', #9678, 1000.000000000000000 ) ;
#4158 = EDGE_CURVE ( 'NONE', #5928, #5305, #5469, .T. ) ;
#4159 = EDGE_CURVE ( 'NONE', #3404, #1219, #4705, .T. ) ;
#4160 = CARTESIAN_POINT ( 'NONE',  ( 3.699999999999999734, 3.500000000000000000, -2.875000000000000000 ) ) ;
#4161 = DIRECTION ( 'NONE',  ( -0.000000000000000000, -0.000000000000000000, -1.000000000000000000 ) ) ;
#4162 =( LENGTH_UNIT ( ) NAMED_UNIT ( * ) SI_UNIT ( .MILLI., .METRE. ) );
#4163 = STYLED_ITEM ( 'NONE', ( #5353 ), #7321 ) ;
#4164 = PRESENTATION_LAYER_ASSIGNMENT (  '', '', ( #396 ) ) ;
#4165 = LINE ( 'NONE', #9013, #8800 ) ;
#4166 = ORIENTED_EDGE ( 'NONE', *, *, #8073, .T. ) ;
#4167 = LINE ( 'NONE', #3257, #2647 ) ;
#4168 = ORIENTED_EDGE ( 'NONE', *, *, #3343, .T. ) ;
#4169 = COLOUR_RGB ( '',0.7529411764705882248, 0.7529411764705882248, 0.7529411764705882248 ) ;
#4170 = LINE ( 'NONE', #2663, #2461 ) ;
#4171 = LINE ( 'NONE', #4281, #2717 ) ;
#4172 = UNCERTAINTY_MEASURE_WITH_UNIT (LENGTH_MEASURE( 1.000000000000000082E-05 ), #9749, 'distance_accuracy_value', 'NONE');
#4173 = ORIENTED_EDGE ( 'NONE', *, *, #4743, .F. ) ;
#4174 = CARTESIAN_POINT ( 'NONE',  ( 1.536629839851682444, -0.2344490424917491378, 2.875000000000000000 ) ) ;
#4175 = FACE_OUTER_BOUND ( 'NONE', #8783, .T. ) ;
#4176 = LINE ( 'NONE', #5807, #5992 ) ;
#4177 = DIRECTION ( 'NONE',  ( -0.6594647250446330489, 0.7517355096187797736, 0.000000000000000000 ) ) ;
#4178 = SURFACE_STYLE_USAGE ( .BOTH. , #1551 ) ;
#4179 = CARTESIAN_POINT ( 'NONE',  ( 0.6049168768887196457, -0.1491866968127367743, 2.875000000000000000 ) ) ;
#4180 = ADVANCED_FACE ( 'NONE', ( #9435 ), #10417, .T. ) ;
#4181 =( GEOMETRIC_REPRESENTATION_CONTEXT ( 3 ) GLOBAL_UNCERTAINTY_ASSIGNED_CONTEXT ( ( #8288 ) ) GLOBAL_UNIT_ASSIGNED_CONTEXT ( ( #4365, #10119, #2049 ) ) REPRESENTATION_CONTEXT ( 'NONE', 'WORKASPACE' ) );
#4182 = VECTOR ( 'NONE', #824, 1000.000000000000114 ) ;
#4183 = FACE_OUTER_BOUND ( 'NONE', #2349, .T. ) ;
#4184 = CARTESIAN_POINT ( 'NONE',  ( 1.419538790468966916, -1.029780832615206032, 2.774999999999999911 ) ) ;
#4185 = DIRECTION ( 'NONE',  ( -0.000000000000000000, -0.000000000000000000, 1.000000000000000000 ) ) ;
#4186 = PRESENTATION_LAYER_ASSIGNMENT (  '', '', ( #9332 ) ) ;
#4187 = PRESENTATION_LAYER_ASSIGNMENT (  '', '', ( #2124 ) ) ;
#4188 = VERTEX_POINT ( 'NONE', #1431 ) ;
#4189 = CARTESIAN_POINT ( 'NONE',  ( 1.366876753431929714, -0.1277746597756997671, 2.774999999999999911 ) ) ;
#4190 = SURFACE_STYLE_FILL_AREA ( #4997 ) ;
#4191 = UNCERTAINTY_MEASURE_WITH_UNIT (LENGTH_MEASURE( 1.000000000000000082E-05 ), #3988, 'distance_accuracy_value', 'NONE');
#4192 = CARTESIAN_POINT ( 'NONE',  ( 0.2397548398516825552, -0.9827129313806381994, 2.875000000000000000 ) ) ;
#4193 = DIRECTION ( 'NONE',  ( 0.7071067811865474617, 0.7071067811865474617, 0.000000000000000000 ) ) ;
#4194 = MECHANICAL_DESIGN_GEOMETRIC_PRESENTATION_REPRESENTATION (  '', ( #8835 ), #10200 ) ;
#4195 = DIRECTION ( 'NONE',  ( -0.000000000000000000, -0.000000000000000000, 1.000000000000000000 ) ) ;
#4196 = EDGE_CURVE ( 'NONE', #394, #3404, #8009, .T. ) ;
#4197 = ORIENTED_EDGE ( 'NONE', *, *, #10256, .T. ) ;
#4198 = VERTEX_POINT ( 'NONE', #9658 ) ;
#4199 = EDGE_CURVE ( 'NONE', #3876, #2288, #2297, .T. ) ;
#4200 = CARTESIAN_POINT ( 'NONE',  ( 0.1433042225677319537, -1.079742252368292244, 2.774999999999999911 ) ) ;
#4201 = CARTESIAN_POINT ( 'NONE',  ( -2.164957836983784745, -3.500000000000000000, 2.875000000000000000 ) ) ;
#4202 = DIRECTION ( 'NONE',  ( -1.000000000000000000, -0.000000000000000000, -0.000000000000000000 ) ) ;
#4203 = EDGE_CURVE ( 'NONE', #3733, #1203, #8322, .T. ) ;
#4204 =( GEOMETRIC_REPRESENTATION_CONTEXT ( 3 ) GLOBAL_UNCERTAINTY_ASSIGNED_CONTEXT ( ( #418 ) ) GLOBAL_UNIT_ASSIGNED_CONTEXT ( ( #10073, #9270, #8515 ) ) REPRESENTATION_CONTEXT ( 'NONE', 'WORKASPACE' ) );
#4205 = ADVANCED_FACE ( 'NONE', ( #2464 ), #1597, .T. ) ;
#4206 = VECTOR ( 'NONE', #726, 1000.000000000000000 ) ;
#4207 =( LENGTH_UNIT ( ) NAMED_UNIT ( * ) SI_UNIT ( .MILLI., .METRE. ) );
#4208 = DIRECTION ( 'NONE',  ( 0.7071067811865413555, 0.7071067811865537900, 0.000000000000000000 ) ) ;
#4209 = LINE ( 'NONE', #7504, #10367 ) ;
#4210 = ORIENTED_EDGE ( 'NONE', *, *, #4925, .T. ) ;
#4211 = CARTESIAN_POINT ( 'NONE',  ( 1.357038790468966916, -1.066046264713971459, 2.774999999999999911 ) ) ;
#4212 = AXIS2_PLACEMENT_3D ( 'NONE', #10339, #3040, #5622 ) ;
#4213 = ORIENTED_EDGE ( 'NONE', *, *, #8946, .T. ) ;
#4214 = ADVANCED_FACE ( 'NONE', ( #9717 ), #7416, .T. ) ;
#4215 = MECHANICAL_DESIGN_GEOMETRIC_PRESENTATION_REPRESENTATION (  '', ( #8850 ), #8013 ) ;
#4216 = CARTESIAN_POINT ( 'NONE',  ( -1.450000000000001288, -6.899999999999999467, 0.3250000000000000111 ) ) ;
#4217 = VECTOR ( 'NONE', #5351, 1000.000000000000000 ) ;
#4218 = DIRECTION ( 'NONE',  ( 0.000000000000000000, -0.000000000000000000, -1.000000000000000000 ) ) ;
#4219 = PLANE ( 'NONE',  #9275 ) ;
#4220 = COLOUR_RGB ( '',0.7529411764705882248, 0.7529411764705882248, 0.7529411764705882248 ) ;
#4221 = AXIS2_PLACEMENT_3D ( 'NONE', #1570, #8090, #7988 ) ;
#4222 = FILL_AREA_STYLE_COLOUR ( '', #3742 ) ;
#4223 = COLOUR_RGB ( '',0.7529411764705882248, 0.7529411764705882248, 0.7529411764705882248 ) ;
#4224 = SURFACE_STYLE_USAGE ( .BOTH. , #7726 ) ;
#4225 = ORIENTED_EDGE ( 'NONE', *, *, #7940, .T. ) ;
#4226 = CARTESIAN_POINT ( 'NONE',  ( 0.000000000000000000, -2.146323529411769293, 3.577205882352942456 ) ) ;
#4227 = CARTESIAN_POINT ( 'NONE',  ( -2.446780653975477726, -1.127774659775699684, 2.774999999999999911 ) ) ;
#4228 = ADVANCED_FACE ( 'NONE', ( #2350 ), #3201, .T. ) ;
#4229 = ORIENTED_EDGE ( 'NONE', *, *, #4767, .T. ) ;
#4230 = SURFACE_SIDE_STYLE ('',( #6812 ) ) ;
#4231 = FILL_AREA_STYLE_COLOUR ( '', #9616 ) ;
#4232 = FILL_AREA_STYLE ('',( #6559 ) ) ;
#4233 = STYLED_ITEM ( 'NONE', ( #7825 ), #1130 ) ;
#4234 = ORIENTED_EDGE ( 'NONE', *, *, #5454, .T. ) ;
#4235 = DIRECTION ( 'NONE',  ( -0.7071067811865517916, 0.7071067811865431318, 0.000000000000000000 ) ) ;
#4236 = COLOUR_RGB ( '',0.7529411764705882248, 0.7529411764705882248, 0.7529411764705882248 ) ;
#4237 = DIRECTION ( 'NONE',  ( -0.000000000000000000, -0.000000000000000000, 1.000000000000000000 ) ) ;
#4238 = FILL_AREA_STYLE ('',( #5955 ) ) ;
#4239 = CARTESIAN_POINT ( 'NONE',  ( -0.9300000000000011591, -7.605096679918781355, 0.8450000000000000844 ) ) ;
#4240 = CARTESIAN_POINT ( 'NONE',  ( -1.608817691012514928, -1.088037005454712158, 2.774999999999999911 ) ) ;
#4241 = PLANE ( 'NONE',  #1553 ) ;
#4242 = DIRECTION ( 'NONE',  ( -1.000000000000000000, 0.000000000000000000, 0.000000000000000000 ) ) ;
#4243 = MECHANICAL_DESIGN_GEOMETRIC_PRESENTATION_REPRESENTATION (  '', ( #8880 ), #2534 ) ;
#4244 = DIRECTION ( 'NONE',  ( -0.9862465876253898589, 0.1652805747729427510, 0.000000000000000000 ) ) ;
#4245 = PLANE ( 'NONE',  #10093 ) ;
#4246 = ORIENTED_EDGE ( 'NONE', *, *, #5658, .T. ) ;
#4247 = CARTESIAN_POINT ( 'NONE',  ( 0.03913755590106548360, -1.106362622738662704, 2.774999999999999911 ) ) ;
#4248 = EDGE_CURVE ( 'NONE', #9593, #3915, #6502, .T. ) ;
#4249 = VECTOR ( 'NONE', #4513, 1000.000000000000000 ) ;
#4250 = CARTESIAN_POINT ( 'NONE',  ( -2.166688061382885166, -0.1491866968127367743, 2.774999999999999911 ) ) ;
#4251 = LINE ( 'NONE', #120, #6451 ) ;
#4252 =( NAMED_UNIT ( * ) SI_UNIT ( $, .STERADIAN. ) SOLID_ANGLE_UNIT ( ) );
#4253 = ORIENTED_EDGE ( 'NONE', *, *, #2719, .T. ) ;
#4254 = ORIENTED_EDGE ( 'NONE', *, *, #6191, .T. ) ;
#4255 = ORIENTED_EDGE ( 'NONE', *, *, #8217, .F. ) ;
#4256 = DIRECTION ( 'NONE',  ( -0.2944963278051682121, -0.9556526109990339801, 0.000000000000000000 ) ) ;
#4257 = CARTESIAN_POINT ( 'NONE',  ( 2.950000000000000622, -2.250000000000000000, 1.898270704789492003 ) ) ;
#4258 = SURFACE_STYLE_USAGE ( .BOTH. , #4896 ) ;
#4259 = ORIENTED_EDGE ( 'NONE', *, *, #998, .T. ) ;
#4260 = CARTESIAN_POINT ( 'NONE',  ( 2.617262555901065380, -0.2792021289115022009, 2.774999999999999911 ) ) ;
#4261 = SURFACE_SIDE_STYLE ('',( #6145 ) ) ;
#4262 = ADVANCED_FACE ( 'NONE', ( #45 ), #9871, .T. ) ;
#4263 = SURFACE_STYLE_USAGE ( .BOTH. , #2449 ) ;
#4264 = AXIS2_PLACEMENT_3D ( 'NONE', #426, #3847, #7310 ) ;
#4265 = DIRECTION ( 'NONE',  ( -0.000000000000000000, -0.000000000000000000, 1.000000000000000000 ) ) ;
#4266 = ORIENTED_EDGE ( 'NONE', *, *, #9125, .T. ) ;
#4267 = FILL_AREA_STYLE_COLOUR ( '', #9524 ) ;
#4268 = ORIENTED_EDGE ( 'NONE', *, *, #5673, .T. ) ;
#4269 = LINE ( 'NONE', #2652, #10385 ) ;
#4270 = PLANE ( 'NONE',  #2768 ) ;
#4271 = ADVANCED_FACE ( 'NONE', ( #2558 ), #1745, .T. ) ;
#4273 = SURFACE_STYLE_FILL_AREA ( #9966 ) ;
#4272 = VECTOR ( 'NONE', #5571, 1000.000000000000000 ) ;
#4274 =( GEOMETRIC_REPRESENTATION_CONTEXT ( 3 ) GLOBAL_UNCERTAINTY_ASSIGNED_CONTEXT ( ( #6766 ) ) GLOBAL_UNIT_ASSIGNED_CONTEXT ( ( #4162, #7413, #801 ) ) REPRESENTATION_CONTEXT ( 'NONE', 'WORKASPACE' ) );
#4275 = CARTESIAN_POINT ( 'NONE',  ( 1.570000000000001172, -7.605096679918781355, 0.8449999999999998623 ) ) ;
#4276 = FILL_AREA_STYLE ('',( #2762 ) ) ;
#4277 = EDGE_LOOP ( 'NONE', ( #4562, #612, #3329, #2861, #3683, #9702, #8827, #379 ) ) ;
#4278 = ORIENTED_EDGE ( 'NONE', *, *, #10515, .F. ) ;
#4279 = EDGE_CURVE ( 'NONE', #2407, #6504, #2611, .T. ) ;
#4280 = LINE ( 'NONE', #50, #7093 ) ;
#4281 = CARTESIAN_POINT ( 'NONE',  ( -0.2004457774322679076, -0.8800894745905145644, 2.774999999999999911 ) ) ;
#4282 = ADVANCED_FACE ( 'NONE', ( #5122 ), #5177, .F. ) ;
#4283 = COLOUR_RGB ( '',0.7529411764705882248, 0.7529411764705882248, 0.7529411764705882248 ) ;
#4284 = ADVANCED_FACE ( 'NONE', ( #8522 ), #3405, .T. ) ;
#4285 = VERTEX_POINT ( 'NONE', #1107 ) ;
#4286 = DIRECTION ( 'NONE',  ( 0.000000000000000000, 0.000000000000000000, 1.000000000000000000 ) ) ;
#4287 =( GEOMETRIC_REPRESENTATION_CONTEXT ( 3 ) GLOBAL_UNCERTAINTY_ASSIGNED_CONTEXT ( ( #233 ) ) GLOBAL_UNIT_ASSIGNED_CONTEXT ( ( #1576, #8304, #9909 ) ) REPRESENTATION_CONTEXT ( 'NONE', 'WORKASPACE' ) );
#4288 =( NAMED_UNIT ( * ) SI_UNIT ( $, .STERADIAN. ) SOLID_ANGLE_UNIT ( ) );
#4289 = DIRECTION ( 'NONE',  ( 0.000000000000000000, -1.000000000000000000, 0.000000000000000000 ) ) ;
#4290 = SURFACE_STYLE_FILL_AREA ( #8534 ) ;
#4291 = LINE ( 'NONE', #10040, #7580 ) ;
#4292 =( NAMED_UNIT ( * ) PLANE_ANGLE_UNIT ( ) SI_UNIT ( $, .RADIAN. ) );
#4293 = EDGE_CURVE ( 'NONE', #9844, #1291, #10027, .T. ) ;
#4294 = CARTESIAN_POINT ( 'NONE',  ( 3.059057624352285565, -4.800000000000000711, -1.929196994375985019 ) ) ;
#4295 = PRESENTATION_LAYER_ASSIGNMENT (  '', '', ( #8937 ) ) ;
#4296 = CARTESIAN_POINT ( 'NONE',  ( 1.920117494172670414, -0.1277746597756997671, 2.774999999999999911 ) ) ;
#4297 = EDGE_CURVE ( 'NONE', #4008, #7998, #9225, .T. ) ;
#4298 = DIRECTION ( 'NONE',  ( 0.8947984249228966291, -0.4464703559649880749, 0.000000000000000000 ) ) ;
#4299 = CARTESIAN_POINT ( 'NONE',  ( 1.886902865494877402, 2.866194269010244877, -2.875999999999999890 ) ) ;
#4300 = ORIENTED_EDGE ( 'NONE', *, *, #4864, .T. ) ;
#4301 = LINE ( 'NONE', #4247, #5769 ) ;
#4302 = PRESENTATION_LAYER_ASSIGNMENT (  '', '', ( #1211 ) ) ;
#4303 = AXIS2_PLACEMENT_3D ( 'NONE', #10204, #2839, #7857 ) ;
#4304 = UNCERTAINTY_MEASURE_WITH_UNIT (LENGTH_MEASURE( 1.000000000000000082E-05 ), #6817, 'distance_accuracy_value', 'NONE');
#4305 = LINE ( 'NONE', #2843, #4463 ) ;
#4306 = DIRECTION ( 'NONE',  ( -0.4451371602546612682, -0.8954623993001693538, 0.000000000000000000 ) ) ;
#4307 = ORIENTED_EDGE ( 'NONE', *, *, #6775, .F. ) ;
#4308 = ORIENTED_EDGE ( 'NONE', *, *, #9535, .T. ) ;
#4309 = EDGE_LOOP ( 'NONE', ( #8204, #10347, #6694, #7815 ) ) ;
#4310 = PRESENTATION_LAYER_ASSIGNMENT (  '', '', ( #1561 ) ) ;
#4311 = STYLED_ITEM ( 'NONE', ( #8965 ), #4214 ) ;
#4312 = ORIENTED_EDGE ( 'NONE', *, *, #5072, .F. ) ;
#4313 = LINE ( 'NONE', #941, #4919 ) ;
#4314 = EDGE_CURVE ( 'NONE', #7942, #607, #1803, .T. ) ;
#4315 = LINE ( 'NONE', #5932, #4397 ) ;
#4316 = PLANE ( 'NONE',  #7215 ) ;
#4317 = MECHANICAL_DESIGN_GEOMETRIC_PRESENTATION_REPRESENTATION (  '', ( #2936 ), #2434 ) ;
#4318 = VERTEX_POINT ( 'NONE', #8378 ) ;
#4319 = DIRECTION ( 'NONE',  ( 0.000000000000000000, -0.5517613854158066600, -0.8340020225179491931 ) ) ;
#4320 = ORIENTED_EDGE ( 'NONE', *, *, #9782, .F. ) ;
#4321 = CARTESIAN_POINT ( 'NONE',  ( 1.401213173185015926, -0.8438240424917492488, 2.774999999999999911 ) ) ;
#4322 = PLANE ( 'NONE',  #9453 ) ;
#4323 = EDGE_CURVE ( 'NONE', #6562, #1289, #10080, .T. ) ;
#4324 = AXIS2_PLACEMENT_3D ( 'NONE', #1836, #5156, #227 ) ;
#4325 = CARTESIAN_POINT ( 'NONE',  ( -0.4930200591917125452, -3.101766864349278841, -2.875000000000000000 ) ) ;
#4326 = DIRECTION ( 'NONE',  ( -0.000000000000000000, -0.000000000000000000, -1.000000000000000000 ) ) ;
#4327 = EDGE_LOOP ( 'NONE', ( #10151, #8760, #7782, #7551 ) ) ;
#4328 = DIRECTION ( 'NONE',  ( 0.2746938288272762207, 0.9615317469559759855, 0.000000000000000000 ) ) ;
#4329 = VECTOR ( 'NONE', #5597, 1000.000000000000000 ) ;
#4330 = LINE ( 'NONE', #7621, #3163 ) ;
#4331 = VERTEX_POINT ( 'NONE', #10235 ) ;
#4332 = ADVANCED_FACE ( 'NONE', ( #1214 ), #4270, .T. ) ;
#4333 = PRESENTATION_STYLE_ASSIGNMENT (( #5850 ) ) ;
#4334 = DIRECTION ( 'NONE',  ( 0.000000000000000000, -1.000000000000000000, 0.000000000000000000 ) ) ;
#4335 = DIRECTION ( 'NONE',  ( 0.000000000000000000, -0.000000000000000000, 1.000000000000000000 ) ) ;
#4336 = AXIS2_PLACEMENT_3D ( 'NONE', #1537, #7302, #4859 ) ;
#4337 = ADVANCED_FACE ( 'NONE', ( #1999 ), #182, .T. ) ;
#4338 = DIRECTION ( 'NONE',  ( 0.000000000000000000, -1.000000000000000000, 0.000000000000000000 ) ) ;
#4339 = DIRECTION ( 'NONE',  ( -0.4574957109978140535, -0.7624928516630229414, -0.4574957109978144421 ) ) ;
#4340 =( LENGTH_UNIT ( ) NAMED_UNIT ( * ) SI_UNIT ( .MILLI., .METRE. ) );
#4341 = LINE ( 'NONE', #2623, #4816 ) ;
#4342 = VECTOR ( 'NONE', #10355, 1000.000000000000000 ) ;
#4343 = VECTOR ( 'NONE', #10184, 1000.000000000000000 ) ;
#4344 =( NAMED_UNIT ( * ) PLANE_ANGLE_UNIT ( ) SI_UNIT ( $, .RADIAN. ) );
#4345 =( NAMED_UNIT ( * ) PLANE_ANGLE_UNIT ( ) SI_UNIT ( $, .RADIAN. ) );
#4346 = CARTESIAN_POINT ( 'NONE',  ( 1.002872123802300175, -0.2768873140966874313, 2.774999999999999911 ) ) ;
#4347 = DIRECTION ( 'NONE',  ( -0.9405221620105701508, 0.3397323398897472146, 0.000000000000000000 ) ) ;
#4348 = ORIENTED_EDGE ( 'NONE', *, *, #6545, .T. ) ;
#4349 = EDGE_CURVE ( 'NONE', #7861, #6456, #3453, .T. ) ;
#4350 = CARTESIAN_POINT ( 'NONE',  ( 1.843921506518348963, -0.4236851536028602982, 2.774999999999999911 ) ) ;
#4351 =( GEOMETRIC_REPRESENTATION_CONTEXT ( 3 ) GLOBAL_UNCERTAINTY_ASSIGNED_CONTEXT ( ( #6013 ) ) GLOBAL_UNIT_ASSIGNED_CONTEXT ( ( #1472, #9804, #5722 ) ) REPRESENTATION_CONTEXT ( 'NONE', 'WORKASPACE' ) );
#4352 =( NAMED_UNIT ( * ) PLANE_ANGLE_UNIT ( ) SI_UNIT ( $, .RADIAN. ) );
#4353 = ORIENTED_EDGE ( 'NONE', *, *, #9786, .F. ) ;
#4354 = ORIENTED_EDGE ( 'NONE', *, *, #9564, .T. ) ;
#4355 = ORIENTED_EDGE ( 'NONE', *, *, #8466, .T. ) ;
#4356 = ADVANCED_FACE ( 'NONE', ( #8417 ), #4322, .T. ) ;
#4357 = VECTOR ( 'NONE', #3130, 1000.000000000000000 ) ;
#4358 = STYLED_ITEM ( 'NONE', ( #4766 ), #5881 ) ;
#4359 = CARTESIAN_POINT ( 'NONE',  ( 2.950000000000000622, -2.250000000000000000, 2.125000000000000000 ) ) ;
#4360 = FILL_AREA_STYLE_COLOUR ( '', #4807 ) ;
#4361 = EDGE_LOOP ( 'NONE', ( #5429, #983, #3078, #9198 ) ) ;
#4362 = FACE_OUTER_BOUND ( 'NONE', #9843, .T. ) ;
#4363 = DIRECTION ( 'NONE',  ( 0.9641616735539142446, -0.2653154108786657250, 0.000000000000000000 ) ) ;
#4364 = AXIS2_PLACEMENT_3D ( 'NONE', #3958, #4590, #6447 ) ;
#4365 =( LENGTH_UNIT ( ) NAMED_UNIT ( * ) SI_UNIT ( .MILLI., .METRE. ) );
#4366 = VERTEX_POINT ( 'NONE', #4216 ) ;
#4367 = FACE_OUTER_BOUND ( 'NONE', #5991, .T. ) ;
#4368 = ORIENTED_EDGE ( 'NONE', *, *, #8765, .F. ) ;
#4369 = LINE ( 'NONE', #286, #7999 ) ;
#4370 = CARTESIAN_POINT ( 'NONE',  ( -1.050000000000000933, -6.899999999999999467, 0.7250000000000000888 ) ) ;
#4371 = COLOUR_RGB ( '',0.7529411764705882248, 0.7529411764705882248, 0.7529411764705882248 ) ;
#4372 = VECTOR ( 'NONE', #249, 1000.000000000000114 ) ;
#4373 = CARTESIAN_POINT ( 'NONE',  ( -0.04747509841992233331, -1.106362622738662704, 2.774999999999999911 ) ) ;
#4374 = SURFACE_STYLE_FILL_AREA ( #1103 ) ;
#4375 = FACE_OUTER_BOUND ( 'NONE', #3761, .T. ) ;
#4376 = DIRECTION ( 'NONE',  ( -0.000000000000000000, -0.000000000000000000, 1.000000000000000000 ) ) ;
#4377 = ORIENTED_EDGE ( 'NONE', *, *, #7562, .T. ) ;
#4378 = DIRECTION ( 'NONE',  ( -0.000000000000000000, -0.000000000000000000, -1.000000000000000000 ) ) ;
#4379 = PRESENTATION_LAYER_ASSIGNMENT (  '', '', ( #6629 ) ) ;
#4380 =( NAMED_UNIT ( * ) SI_UNIT ( $, .STERADIAN. ) SOLID_ANGLE_UNIT ( ) );
#4381 = ORIENTED_EDGE ( 'NONE', *, *, #4535, .T. ) ;
#4382 = VECTOR ( 'NONE', #2569, 1000.000000000000114 ) ;
#4383 = CARTESIAN_POINT ( 'NONE',  ( -3.700000000000001066, 1.199999999999999289, 1.156639881571555506 ) ) ;
#4384 = VECTOR ( 'NONE', #1679, 1000.000000000000000 ) ;
#4385 = DIRECTION ( 'NONE',  ( -1.000000000000000000, 0.000000000000000000, -0.000000000000000000 ) ) ;
#4386 = DIRECTION ( 'NONE',  ( -1.000000000000000000, 0.000000000000000000, 0.000000000000000000 ) ) ;
#4387 = CARTESIAN_POINT ( 'NONE',  ( -0.1352451601483173338, -1.062766943726316970, 2.774999999999999911 ) ) ;
#4388 = DIRECTION ( 'NONE',  ( 0.8986393415333630008, -0.4386881966140460665, 0.000000000000000000 ) ) ;
#4389 = CARTESIAN_POINT ( 'NONE',  ( 1.357038790468966916, -0.7550894745905145644, 2.774999999999999911 ) ) ;
#4390 = EDGE_CURVE ( 'NONE', #4331, #5213, #8370, .T. ) ;
#4391 = DIRECTION ( 'NONE',  ( -0.4451011978129594815, 0.8954802754418819122, 0.000000000000000000 ) ) ;
#4392 = LINE ( 'NONE', #5297, #8628 ) ;
#4393 = FILL_AREA_STYLE_COLOUR ( '', #3777 ) ;
#4394 = DIRECTION ( 'NONE',  ( 0.9616311132027103303, -0.2743457711001139887, 0.000000000000000000 ) ) ;
#4395 = PRESENTATION_LAYER_ASSIGNMENT (  '', '', ( #9039 ) ) ;
#4396 =( LENGTH_UNIT ( ) NAMED_UNIT ( * ) SI_UNIT ( .MILLI., .METRE. ) );
#4397 = VECTOR ( 'NONE', #7603, 1000.000000000000000 ) ;
#4398 = SURFACE_SIDE_STYLE ('',( #6235 ) ) ;
#4399 = DIRECTION ( 'NONE',  ( 0.000000000000000000, 1.000000000000000000, 0.000000000000000000 ) ) ;
#4400 = ORIENTED_EDGE ( 'NONE', *, *, #3791, .T. ) ;
#4401 = LINE ( 'NONE', #842, #4815 ) ;
#4402 = SURFACE_SIDE_STYLE ('',( #1026 ) ) ;
#4403 = UNCERTAINTY_MEASURE_WITH_UNIT (LENGTH_MEASURE( 1.000000000000000082E-05 ), #9972, 'distance_accuracy_value', 'NONE');
#4404 = DIRECTION ( 'NONE',  ( -0.000000000000000000, 0.000000000000000000, -1.000000000000000000 ) ) ;
#4405 = AXIS2_PLACEMENT_3D ( 'NONE', #6426, #5618, #2388 ) ;
#4406 = DIRECTION ( 'NONE',  ( 1.000000000000000000, 1.239088197126291063E-16, -0.000000000000000000 ) ) ;
#4407 = EDGE_LOOP ( 'NONE', ( #8750, #6136, #4902, #2087 ) ) ;
#4408 = ORIENTED_EDGE ( 'NONE', *, *, #10475, .T. ) ;
#4409 = ORIENTED_EDGE ( 'NONE', *, *, #5174, .F. ) ;
#4410 = EDGE_CURVE ( 'NONE', #8296, #722, #9317, .T. ) ;
#4411 = DIRECTION ( 'NONE',  ( -0.000000000000000000, -0.000000000000000000, 1.000000000000000000 ) ) ;
#4412 = DIRECTION ( 'NONE',  ( 1.000000000000000000, 0.000000000000000000, 0.000000000000000000 ) ) ;
#4413 = LINE ( 'NONE', #10214, #349 ) ;
#4414 = VERTEX_POINT ( 'NONE', #4370 ) ;
#4415 = UNCERTAINTY_MEASURE_WITH_UNIT (LENGTH_MEASURE( 1.000000000000000082E-05 ), #1359, 'distance_accuracy_value', 'NONE');
#4416 = EDGE_CURVE ( 'NONE', #3921, #5354, #7719, .T. ) ;
#4417 = DIRECTION ( 'NONE',  ( 1.000000000000000000, 1.239088197126291063E-16, -0.000000000000000000 ) ) ;
#4418 = PLANE ( 'NONE',  #7404 ) ;
#4419 = DIRECTION ( 'NONE',  ( -1.000000000000000000, 0.000000000000000000, 0.000000000000000000 ) ) ;
#4420 = ORIENTED_EDGE ( 'NONE', *, *, #9554, .T. ) ;
#4421 = ORIENTED_EDGE ( 'NONE', *, *, #1184, .F. ) ;
#4422 = SURFACE_STYLE_FILL_AREA ( #7718 ) ;
#4423 = SURFACE_SIDE_STYLE ('',( #2954 ) ) ;
#4424 = PRESENTATION_STYLE_ASSIGNMENT (( #1159 ) ) ;
#4425 = COLOUR_RGB ( '',0.7529411764705882248, 0.7529411764705882248, 0.7529411764705882248 ) ;
#4426 = CARTESIAN_POINT ( 'NONE',  ( 1.687157287525381966, -5.622383267283203701, 0.2049999999999999045 ) ) ;
#4427 = LINE ( 'NONE', #2004, #7503 ) ;
#4428 = VECTOR ( 'NONE', #10087, 1000.000000000000227 ) ;
#4429 = ORIENTED_EDGE ( 'NONE', *, *, #7850, .F. ) ;
#4430 = SURFACE_STYLE_USAGE ( .BOTH. , #348 ) ;
#4431 = CARTESIAN_POINT ( 'NONE',  ( 2.596429222567732342, -0.2141944128621195154, 2.875000000000000000 ) ) ;
#4432 = VERTEX_POINT ( 'NONE', #1948 ) ;
#4433 = VECTOR ( 'NONE', #1427, 1000.000000000000000 ) ;
#4434 = PRESENTATION_STYLE_ASSIGNMENT (( #6103 ) ) ;
#4435 = FILL_AREA_STYLE ('',( #1169 ) ) ;
#4436 = CARTESIAN_POINT ( 'NONE',  ( 1.179955457135633434, -0.1451357708868107887, 2.875000000000000000 ) ) ;
#4437 = DIRECTION ( 'NONE',  ( 0.000000000000000000, 0.000000000000000000, -1.000000000000000000 ) ) ;
#4438 = PRESENTATION_STYLE_ASSIGNMENT (( #2667 ) ) ;
#4439 =( NAMED_UNIT ( * ) PLANE_ANGLE_UNIT ( ) SI_UNIT ( $, .RADIAN. ) );
#4440 = ADVANCED_FACE ( 'NONE', ( #10124 ), #5217, .T. ) ;
#4441 = DIRECTION ( 'NONE',  ( 0.000000000000000000, -1.000000000000000000, 0.000000000000000000 ) ) ;
#4442 = STYLED_ITEM ( 'NONE', ( #6358 ), #720 ) ;
#4443 = DIRECTION ( 'NONE',  ( 0.7087454924899015962, 0.7054642633580008315, 0.000000000000000000 ) ) ;
#4444 = DIRECTION ( 'NONE',  ( -1.000000000000000000, 0.000000000000000000, -0.000000000000000000 ) ) ;
#4445 = APPLICATION_CONTEXT ( 'automotive_design' ) ;
#4446 = STYLED_ITEM ( 'NONE', ( #8249 ), #3218 ) ;
#4447 = FILL_AREA_STYLE_COLOUR ( '', #3986 ) ;
#4448 = EDGE_CURVE ( 'NONE', #9341, #6227, #4474, .T. ) ;
#4449 = ORIENTED_EDGE ( 'NONE', *, *, #9919, .F. ) ;
#4450 = CARTESIAN_POINT ( 'NONE',  ( 1.569999999999999396, -2.250000000000000000, 0.8449999999999998623 ) ) ;
#4451 = CARTESIAN_POINT ( 'NONE',  ( 1.370734778123287700, -1.079549351133724411, 2.774999999999999911 ) ) ;
#4452 = CARTESIAN_POINT ( 'NONE',  ( 0.9299999999999993827, -6.700000000000000178, 0.8449999999999998623 ) ) ;
#4453 = FILL_AREA_STYLE_COLOUR ( '', #9818 ) ;
#4454 = SURFACE_SIDE_STYLE ('',( #221 ) ) ;
#4455 = COLOUR_RGB ( '',0.7529411764705882248, 0.7529411764705882248, 0.7529411764705882248 ) ;
#4456 = SURFACE_STYLE_USAGE ( .BOTH. , #9506 ) ;
#4457 = ORIENTED_EDGE ( 'NONE', *, *, #3133, .F. ) ;
#4458 = EDGE_LOOP ( 'NONE', ( #1944, #10356, #2289, #9348 ) ) ;
#4459 = ORIENTED_EDGE ( 'NONE', *, *, #9184, .F. ) ;
#4460 = CARTESIAN_POINT ( 'NONE',  ( 3.700000000000000178, 1.200000000000000178, 1.156639881571555506 ) ) ;
#4461 = FILL_AREA_STYLE_COLOUR ( '', #4857 ) ;
#4462 = DIRECTION ( 'NONE',  ( -0.6960970839327459414, 0.7179476650427435436, 0.000000000000000000 ) ) ;
#4463 = VECTOR ( 'NONE', #2091, 1000.000000000000000 ) ;
#4464 = AXIS2_PLACEMENT_3D ( 'NONE', #800, #3895, #9710 ) ;
#4465 = ORIENTED_EDGE ( 'NONE', *, *, #971, .F. ) ;
#4466 = CARTESIAN_POINT ( 'NONE',  ( 0.000000000000000000, 3.100000000000000533, 0.8449999999999991962 ) ) ;
#4467 = PLANE ( 'NONE',  #2856 ) ;
#4468 = SURFACE_STYLE_USAGE ( .BOTH. , #3655 ) ;
#4469 = VERTEX_POINT ( 'NONE', #7878 ) ;
#4470 = ADVANCED_FACE ( 'NONE', ( #10228 ), #5385, .T. ) ;
#4471 = STYLED_ITEM ( 'NONE', ( #2881 ), #4180 ) ;
#4472 = SURFACE_STYLE_FILL_AREA ( #2273 ) ;
#4473 = VERTEX_POINT ( 'NONE', #9523 ) ;
#4474 = LINE ( 'NONE', #3081, #9295 ) ;
#4475 = EDGE_CURVE ( 'NONE', #2410, #4918, #1352, .T. ) ;
#4476 = PRESENTATION_LAYER_ASSIGNMENT (  '', '', ( #6212 ) ) ;
#4477 = DIRECTION ( 'NONE',  ( -0.000000000000000000, -0.000000000000000000, 1.000000000000000000 ) ) ;
#4478 = FILL_AREA_STYLE ('',( #2816 ) ) ;
#4479 = ADVANCED_FACE ( 'NONE', ( #7932 ), #3032, .T. ) ;
#4480 = FACE_OUTER_BOUND ( 'NONE', #4947, .T. ) ;
#4481 = VERTEX_POINT ( 'NONE', #10611 ) ;
#4482 = FILL_AREA_STYLE ('',( #406 ) ) ;
#4483 = ORIENTED_EDGE ( 'NONE', *, *, #10588, .T. ) ;
#4484 = PRESENTATION_LAYER_ASSIGNMENT (  '', '', ( #1747 ) ) ;
#4485 = ADVANCED_FACE ( 'NONE', ( #4143 ), #7393, .T. ) ;
#4487 = ORIENTED_EDGE ( 'NONE', *, *, #7986, .T. ) ;
#4486 = FACE_OUTER_BOUND ( 'NONE', #9973, .T. ) ;
#4488 = CARTESIAN_POINT ( 'NONE',  ( 1.078296506518349185, -0.6158147832324898374, 2.875000000000000000 ) ) ;
#4489 = FILL_AREA_STYLE ('',( #9599 ) ) ;
#4490 = DIRECTION ( 'NONE',  ( -0.000000000000000000, -0.000000000000000000, 1.000000000000000000 ) ) ;
#4491 = VECTOR ( 'NONE', #3577, 1000.000000000000000 ) ;
#4492 = SURFACE_STYLE_FILL_AREA ( #5465 ) ;
#4493 = DIRECTION ( 'NONE',  ( -0.2751254935936198742, -0.9614083226053679043, 0.000000000000000000 ) ) ;
#4494 = DIRECTION ( 'NONE',  ( -0.2730036855746332258, -0.9620129872629926693, 0.000000000000000000 ) ) ;
#4495 = LINE ( 'NONE', #5299, #2479 ) ;
#4496 = VERTEX_POINT ( 'NONE', #10497 ) ;
#4497 = VECTOR ( 'NONE', #361, 1000.000000000000000 ) ;
#4498 = DIRECTION ( 'NONE',  ( 1.000000000000000000, -0.000000000000000000, 0.000000000000000000 ) ) ;
#4499 = PLANE ( 'NONE',  #4264 ) ;
#4500 = UNCERTAINTY_MEASURE_WITH_UNIT (LENGTH_MEASURE( 1.000000000000000082E-05 ), #9985, 'distance_accuracy_value', 'NONE');
#4501 = ORIENTED_EDGE ( 'NONE', *, *, #81, .F. ) ;
#4502 = EDGE_CURVE ( 'NONE', #295, #10225, #3182, .T. ) ;
#4503 =( LENGTH_UNIT ( ) NAMED_UNIT ( * ) SI_UNIT ( .MILLI., .METRE. ) );
#4504 = STYLED_ITEM ( 'NONE', ( #8470 ), #7462 ) ;
#4505 = ORIENTED_EDGE ( 'NONE', *, *, #9673, .T. ) ;
#4506 = ORIENTED_EDGE ( 'NONE', *, *, #4517, .F. ) ;
#4507 = ORIENTED_EDGE ( 'NONE', *, *, #9214, .F. ) ;
#4508 = FACE_OUTER_BOUND ( 'NONE', #2207, .T. ) ;
#4509 = CARTESIAN_POINT ( 'NONE',  ( -1.510438061382885389, -0.1675123140966873203, 2.774999999999999911 ) ) ;
#4510 =( GEOMETRIC_REPRESENTATION_CONTEXT ( 3 ) GLOBAL_UNCERTAINTY_ASSIGNED_CONTEXT ( ( #7423 ) ) GLOBAL_UNIT_ASSIGNED_CONTEXT ( ( #2385, #940, #10498 ) ) REPRESENTATION_CONTEXT ( 'NONE', 'WORKASPACE' ) );
#4511 = CARTESIAN_POINT ( 'NONE',  ( -1.841263678666835935, -1.106362622738662704, 2.875000000000000000 ) ) ;
#4512 = VERTEX_POINT ( 'NONE', #8832 ) ;
#4513 = DIRECTION ( 'NONE',  ( 0.000000000000000000, 1.000000000000000000, 0.000000000000000000 ) ) ;
#4514 = UNCERTAINTY_MEASURE_WITH_UNIT (LENGTH_MEASURE( 1.000000000000000082E-05 ), #3757, 'distance_accuracy_value', 'NONE');
#4515 = LINE ( 'NONE', #7227, #5785 ) ;
#4516 = LINE ( 'NONE', #10118, #3423 ) ;
#4517 = EDGE_CURVE ( 'NONE', #3619, #778, #5665, .T. ) ;
#4518 = ORIENTED_EDGE ( 'NONE', *, *, #4502, .F. ) ;
#4519 = VECTOR ( 'NONE', #7605, 1000.000000000000000 ) ;
#4520 = AXIS2_PLACEMENT_3D ( 'NONE', #5373, #8652, #1343 ) ;
#4521 = SURFACE_STYLE_FILL_AREA ( #5444 ) ;
#4522 = ORIENTED_EDGE ( 'NONE', *, *, #3216, .F. ) ;
#4523 = EDGE_CURVE ( 'NONE', #1685, #9844, #9848, .T. ) ;
#4524 = FILL_AREA_STYLE_COLOUR ( '', #6897 ) ;
#4525 = STYLED_ITEM ( 'NONE', ( #10249 ), #8101 ) ;
#4526 = FACE_OUTER_BOUND ( 'NONE', #647, .T. ) ;
#4527 = SURFACE_STYLE_USAGE ( .BOTH. , #10128 ) ;
#4528 =( NAMED_UNIT ( * ) PLANE_ANGLE_UNIT ( ) SI_UNIT ( $, .RADIAN. ) );
#4529 = FILL_AREA_STYLE_COLOUR ( '', #7288 ) ;
#4530 = ORIENTED_EDGE ( 'NONE', *, *, #6049, .F. ) ;
#4531 = EDGE_CURVE ( 'NONE', #7341, #2691, #79, .T. ) ;
#4532 = LINE ( 'NONE', #8729, #9340 ) ;
#4533 = ORIENTED_EDGE ( 'NONE', *, *, #6112, .F. ) ;
#4534 = AXIS2_PLACEMENT_3D ( 'NONE', #177, #1995, #5982 ) ;
#4535 = EDGE_CURVE ( 'NONE', #10640, #6174, #4950, .T. ) ;
#4536 = EDGE_LOOP ( 'NONE', ( #4666, #7407, #438, #6995 ) ) ;
#4537 = PLANE ( 'NONE',  #4591 ) ;
#4538 = DIRECTION ( 'NONE',  ( 0.9405221620105692626, -0.3397323398897498237, 0.000000000000000000 ) ) ;
#4539 = STYLED_ITEM ( 'NONE', ( #979 ), #9588 ) ;
#4540 = VECTOR ( 'NONE', #934, 1000.000000000000000 ) ;
#4541 = EDGE_CURVE ( 'NONE', #1396, #9718, #7449, .T. ) ;
#4542 = ORIENTED_EDGE ( 'NONE', *, *, #1573, .F. ) ;
#4543 = CARTESIAN_POINT ( 'NONE',  ( -1.793038370024860662, -0.1277746597756997671, 2.875000000000000000 ) ) ;
#4544 = STYLED_ITEM ( 'NONE', ( #7430 ), #2402 ) ;
#4545 = CARTESIAN_POINT ( 'NONE',  ( 2.038558852197361659, -0.1746496597756997116, 2.774999999999999911 ) ) ;
#4546 = VERTEX_POINT ( 'NONE', #8244 ) ;
#4547 = DIRECTION ( 'NONE',  ( -0.7032323103308216750, -0.7109601379168701829, 0.000000000000000000 ) ) ;
#4548 = SURFACE_STYLE_FILL_AREA ( #2138 ) ;
#4549 = VERTEX_POINT ( 'NONE', #4784 ) ;
#4550 = SURFACE_STYLE_USAGE ( .BOTH. , #1286 ) ;
#4551 =( NAMED_UNIT ( * ) SI_UNIT ( $, .STERADIAN. ) SOLID_ANGLE_UNIT ( ) );
#4552 = COLOUR_RGB ( '',0.7529411764705882248, 0.7529411764705882248, 0.7529411764705882248 ) ;
#4553 = FILL_AREA_STYLE ('',( #3858 ) ) ;
#4554 = ORIENTED_EDGE ( 'NONE', *, *, #9337, .F. ) ;
#4555 = ORIENTED_EDGE ( 'NONE', *, *, #10337, .T. ) ;
#4556 = ORIENTED_EDGE ( 'NONE', *, *, #352, .F. ) ;
#4557 = FACE_OUTER_BOUND ( 'NONE', #9457, .T. ) ;
#4558 = PRESENTATION_LAYER_ASSIGNMENT (  '', '', ( #4901 ) ) ;
#4559 = CARTESIAN_POINT ( 'NONE',  ( -2.070430345333502675, -0.1675123140966873203, 2.774999999999999911 ) ) ;
#4560 = LINE ( 'NONE', #1196, #8590 ) ;
#4561 = EDGE_CURVE ( 'NONE', #1339, #1351, #7290, .T. ) ;
#4562 = ORIENTED_EDGE ( 'NONE', *, *, #5449, .T. ) ;
#4563 = PLANE ( 'NONE',  #653 ) ;
#4564 = VECTOR ( 'NONE', #6153, 1000.000000000000000 ) ;
#4565 = FILL_AREA_STYLE_COLOUR ( '', #1673 ) ;
#4566 = MECHANICAL_DESIGN_GEOMETRIC_PRESENTATION_REPRESENTATION (  '', ( #7852 ), #10414 ) ;
#4567 = VERTEX_POINT ( 'NONE', #2384 ) ;
#4568 =( LENGTH_UNIT ( ) NAMED_UNIT ( * ) SI_UNIT ( .MILLI., .METRE. ) );
#4569 = ORIENTED_EDGE ( 'NONE', *, *, #5658, .F. ) ;
#4570 =( NAMED_UNIT ( * ) SI_UNIT ( $, .STERADIAN. ) SOLID_ANGLE_UNIT ( ) );
#4571 = SURFACE_SIDE_STYLE ('',( #7938 ) ) ;
#4572 = CARTESIAN_POINT ( 'NONE',  ( -2.072938061382885611, -1.106362622738662704, 2.774999999999999911 ) ) ;
#4573 = DIRECTION ( 'NONE',  ( 1.000000000000000000, 0.000000000000000000, 0.000000000000000000 ) ) ;
#4574 = LINE ( 'NONE', #7884, #7458 ) ;
#4575 = ORIENTED_EDGE ( 'NONE', *, *, #8797, .F. ) ;
#4576 = DIRECTION ( 'NONE',  ( 0.4574957109978133873, 0.7624928516630234965, -0.4574957109978142200 ) ) ;
#4577 = VERTEX_POINT ( 'NONE', #6532 ) ;
#4578 = VERTEX_POINT ( 'NONE', #8945 ) ;
#4579 = ADVANCED_FACE ( 'NONE', ( #2440 ), #4841, .T. ) ;
#4580 = MECHANICAL_DESIGN_GEOMETRIC_PRESENTATION_REPRESENTATION (  '', ( #1692 ), #10278 ) ;
#4582 = EDGE_LOOP ( 'NONE', ( #4312, #10529, #6464, #8165 ) ) ;
#4581 = SURFACE_STYLE_FILL_AREA ( #2067 ) ;
#4583 =( NAMED_UNIT ( * ) SI_UNIT ( $, .STERADIAN. ) SOLID_ANGLE_UNIT ( ) );
#4584 = FILL_AREA_STYLE ('',( #1221 ) ) ;
#4585 = CARTESIAN_POINT ( 'NONE',  ( -0.9300000000000011591, -6.700000000000000178, 0.2049999999999999878 ) ) ;
#4586 = UNCERTAINTY_MEASURE_WITH_UNIT (LENGTH_MEASURE( 1.000000000000000082E-05 ), #6246, 'distance_accuracy_value', 'NONE');
#4587 = ORIENTED_EDGE ( 'NONE', *, *, #8940, .F. ) ;
#4588 = EDGE_CURVE ( 'NONE', #9657, #4469, #9090, .T. ) ;
#4589 = AXIS2_PLACEMENT_3D ( 'NONE', #1170, #4334, #8578 ) ;
#4590 = DIRECTION ( 'NONE',  ( 0.000000000000000000, -1.000000000000000000, 0.000000000000000000 ) ) ;
#4591 = AXIS2_PLACEMENT_3D ( 'NONE', #4701, #10244, #2877 ) ;
#4592 = ORIENTED_EDGE ( 'NONE', *, *, #5094, .F. ) ;
#4593 = LINE ( 'NONE', #8588, #3356 ) ;
#4594 = LINE ( 'NONE', #7905, #8619 ) ;
#4595 = EDGE_CURVE ( 'NONE', #1768, #4473, #5826, .T. ) ;
#4596 = FACE_OUTER_BOUND ( 'NONE', #5457, .T. ) ;
#4597 = CARTESIAN_POINT ( 'NONE',  ( -1.570000000000001172, -2.250000000000000000, 0.000000000000000000 ) ) ;
#4598 = UNCERTAINTY_MEASURE_WITH_UNIT (LENGTH_MEASURE( 1.000000000000000082E-05 ), #9162, 'distance_accuracy_value', 'NONE');
#4599 = ORIENTED_EDGE ( 'NONE', *, *, #10196, .F. ) ;
#4600 =( LENGTH_UNIT ( ) NAMED_UNIT ( * ) SI_UNIT ( .MILLI., .METRE. ) );
#4601 = VECTOR ( 'NONE', #401, 1000.000000000000000 ) ;
#4602 = LINE ( 'NONE', #3794, #2922 ) ;
#4603 = FACE_OUTER_BOUND ( 'NONE', #3775, .T. ) ;
#4604 = EDGE_CURVE ( 'NONE', #8635, #7448, #1085, .T. ) ;
#4605 = CARTESIAN_POINT ( 'NONE',  ( -3.700000000000001066, 1.199999999999999289, 1.156639881571555506 ) ) ;
#4606 = DIRECTION ( 'NONE',  ( 0.4574957109978137204, -0.7624928516630231634, 0.4574957109978145531 ) ) ;
#4607 = VECTOR ( 'NONE', #5307, 1000.000000000000000 ) ;
#4608 = ORIENTED_EDGE ( 'NONE', *, *, #1206, .F. ) ;
#4609 = ORIENTED_EDGE ( 'NONE', *, *, #7269, .F. ) ;
#4610 = ORIENTED_EDGE ( 'NONE', *, *, #5077, .T. ) ;
#4611 =( GEOMETRIC_REPRESENTATION_CONTEXT ( 3 ) GLOBAL_UNCERTAINTY_ASSIGNED_CONTEXT ( ( #2909 ) ) GLOBAL_UNIT_ASSIGNED_CONTEXT ( ( #680, #8836, #843 ) ) REPRESENTATION_CONTEXT ( 'NONE', 'WORKASPACE' ) );
#4612 = EDGE_CURVE ( 'NONE', #5913, #8586, #6685, .T. ) ;
#4613 = DIRECTION ( 'NONE',  ( -0.000000000000000000, 0.000000000000000000, 1.000000000000000000 ) ) ;
#4614 = ADVANCED_FACE ( 'NONE', ( #9255 ), #8298, .T. ) ;
#4615 = PRESENTATION_STYLE_ASSIGNMENT (( #5544 ) ) ;
#4616 = ORIENTED_EDGE ( 'NONE', *, *, #9057, .T. ) ;
#4617 = SURFACE_STYLE_FILL_AREA ( #1346 ) ;
#4618 = UNCERTAINTY_MEASURE_WITH_UNIT (LENGTH_MEASURE( 1.000000000000000082E-05 ), #7939, 'distance_accuracy_value', 'NONE');
#4619 = CARTESIAN_POINT ( 'NONE',  ( -1.569999999999999840, 3.183097134505116887, -2.875999999999999890 ) ) ;
#4620 = VERTEX_POINT ( 'NONE', #7497 ) ;
#4621 = CARTESIAN_POINT ( 'NONE',  ( -1.606309974963132214, -0.1277746597756997671, 2.875000000000000000 ) ) ;
#4622 = ORIENTED_EDGE ( 'NONE', *, *, #397, .T. ) ;
#4623 = VECTOR ( 'NONE', #1407, 1000.000000000000000 ) ;
#4624 = FILL_AREA_STYLE_COLOUR ( '', #3455 ) ;
#4625 = VECTOR ( 'NONE', #7474, 1000.000000000000114 ) ;
#4626 =( GEOMETRIC_REPRESENTATION_CONTEXT ( 3 ) GLOBAL_UNCERTAINTY_ASSIGNED_CONTEXT ( ( #5830 ) ) GLOBAL_UNIT_ASSIGNED_CONTEXT ( ( #4144, #8409, #2544 ) ) REPRESENTATION_CONTEXT ( 'NONE', 'WORKASPACE' ) );
#4627 = EDGE_CURVE ( 'NONE', #10158, #9467, #10058, .T. ) ;
#4628 = FILL_AREA_STYLE ('',( #3879 ) ) ;
#4629 = FILL_AREA_STYLE_COLOUR ( '', #1155 ) ;
#4630 = CARTESIAN_POINT ( 'NONE',  ( -1.606309974963132214, -0.1493795980473046625, 2.774999999999999911 ) ) ;
#4631 = FILL_AREA_STYLE ('',( #10282 ) ) ;
#4632 = DIRECTION ( 'NONE',  ( 0.000000000000000000, 0.000000000000000000, 1.000000000000000000 ) ) ;
#4633 = VECTOR ( 'NONE', #2147, 1000.000000000000000 ) ;
#4634 = VECTOR ( 'NONE', #3418, 1000.000000000000000 ) ;
#4635 = LINE ( 'NONE', #3828, #8993 ) ;
#4636 = ORIENTED_EDGE ( 'NONE', *, *, #4475, .F. ) ;
#4637 = DIRECTION ( 'NONE',  ( -0.000000000000000000, -0.000000000000000000, 1.000000000000000000 ) ) ;
#4638 = ORIENTED_EDGE ( 'NONE', *, *, #1838, .F. ) ;
#4639 = EDGE_CURVE ( 'NONE', #9718, #4682, #6787, .T. ) ;
#4640 = ORIENTED_EDGE ( 'NONE', *, *, #9288, .F. ) ;
#4641 = VECTOR ( 'NONE', #9367, 1000.000000000000000 ) ;
#4642 = ORIENTED_EDGE ( 'NONE', *, *, #10565, .T. ) ;
#4643 = CARTESIAN_POINT ( 'NONE',  ( -1.886209666321156941, -1.127774659775699684, 2.875000000000000000 ) ) ;
#4644 = DIRECTION ( 'NONE',  ( 0.4625660066950217364, -0.8865848461654536328, 0.000000000000000000 ) ) ;
#4645 = PRESENTATION_STYLE_ASSIGNMENT (( #6387 ) ) ;
#4646 = VERTEX_POINT ( 'NONE', #6836 ) ;
#4647 = LINE ( 'NONE', #6287, #8951 ) ;
#4648 = STYLED_ITEM ( 'NONE', ( #7098 ), #6663 ) ;
#4649 = PRESENTATION_LAYER_ASSIGNMENT (  '', '', ( #8603 ) ) ;
#4650 = EDGE_CURVE ( 'NONE', #1874, #9172, #9303, .T. ) ;
#4651 = ORIENTED_EDGE ( 'NONE', *, *, #4985, .F. ) ;
#4652 = EDGE_CURVE ( 'NONE', #1264, #10410, #7706, .T. ) ;
#4653 = FILL_AREA_STYLE_COLOUR ( '', #1591 ) ;
#4654 = ADVANCED_FACE ( 'NONE', ( #5318 ), #10377, .F. ) ;
#4655 = DIRECTION ( 'NONE',  ( 0.9596009732027614980, 0.2813644828835243361, 0.000000000000000000 ) ) ;
#4656 = PLANE ( 'NONE',  #3491 ) ;
#4657 = VECTOR ( 'NONE', #8454, 1000.000000000000000 ) ;
#4658 = ORIENTED_EDGE ( 'NONE', *, *, #1566, .T. ) ;
#4659 = LINE ( 'NONE', #3853, #5148 ) ;
#4660 = FACE_OUTER_BOUND ( 'NONE', #3002, .T. ) ;
#4661 = DIRECTION ( 'NONE',  ( 1.000000000000000000, 1.239088197126291063E-16, -0.000000000000000000 ) ) ;
#4662 = PRESENTATION_STYLE_ASSIGNMENT (( #8072 ) ) ;
#4663 = STYLED_ITEM ( 'NONE', ( #1760 ), #7162 ) ;
#4664 = VECTOR ( 'NONE', #765, 1000.000000000000000 ) ;
#4665 = DIRECTION ( 'NONE',  ( -0.000000000000000000, 1.000000000000000000, -0.000000000000000000 ) ) ;
#4666 = ORIENTED_EDGE ( 'NONE', *, *, #6549, .F. ) ;
#4667 = ORIENTED_EDGE ( 'NONE', *, *, #7329, .F. ) ;
#4668 = ORIENTED_EDGE ( 'NONE', *, *, #3024, .T. ) ;
#4669 = PLANE ( 'NONE',  #2092 ) ;
#4670 = CARTESIAN_POINT ( 'NONE',  ( -3.699999999999999734, -3.500000000000000000, 2.875000000000000000 ) ) ;
#4671 = DIRECTION ( 'NONE',  ( 0.000000000000000000, 1.000000000000000000, 0.000000000000000000 ) ) ;
#4672 = DIRECTION ( 'NONE',  ( -0.9277910594725043980, 0.3731001875674787582, 0.000000000000000000 ) ) ;
#4673 = ORIENTED_EDGE ( 'NONE', *, *, #3049, .F. ) ;
#4674 = CARTESIAN_POINT ( 'NONE',  ( -2.058663370024860662, -0.6146573758250823971, 2.875000000000000000 ) ) ;
#4675 = COLOUR_RGB ( '',0.7529411764705882248, 0.7529411764705882248, 0.7529411764705882248 ) ;
#4676 = MECHANICAL_DESIGN_GEOMETRIC_PRESENTATION_REPRESENTATION (  '', ( #8300 ), #1929 ) ;
#4677 = LINE ( 'NONE', #774, #1370 ) ;
#4679 = ADVANCED_FACE ( 'NONE', ( #4508 ), #5433, .T. ) ;
#4678 = DIRECTION ( 'NONE',  ( 0.8954802754418819122, 0.4451011978129595370, 0.000000000000000000 ) ) ;
#4680 = ORIENTED_EDGE ( 'NONE', *, *, #10515, .T. ) ;
#4681 = FACE_OUTER_BOUND ( 'NONE', #3341, .T. ) ;
#4682 = VERTEX_POINT ( 'NONE', #7812 ) ;
#4683 = VECTOR ( 'NONE', #3391, 1000.000000000000227 ) ;
#4684 = STYLED_ITEM ( 'NONE', ( #1783 ), #5480 ) ;
#4685 = PRESENTATION_STYLE_ASSIGNMENT (( #8525 ) ) ;
#4686 = FILL_AREA_STYLE_COLOUR ( '', #4047 ) ;
#4687 = DIRECTION ( 'NONE',  ( -0.000000000000000000, -0.000000000000000000, 1.000000000000000000 ) ) ;
#4688 = DIRECTION ( 'NONE',  ( -0.000000000000000000, -0.000000000000000000, 1.000000000000000000 ) ) ;
#4689 = DIRECTION ( 'NONE',  ( -0.000000000000000000, -0.000000000000000000, 1.000000000000000000 ) ) ;
#4690 = FACE_OUTER_BOUND ( 'NONE', #7447, .T. ) ;
#4691 = AXIS2_PLACEMENT_3D ( 'NONE', #9630, #17, #8988 ) ;
#4692 = VECTOR ( 'NONE', #6826, 1000.000000000000000 ) ;
#4693 = LINE ( 'NONE', #3886, #2292 ) ;
#4694 = EDGE_LOOP ( 'NONE', ( #5922, #6757, #6018, #1994 ) ) ;
#4695 = CARTESIAN_POINT ( 'NONE',  ( -0.03956614780263817410, -0.9346805239732307591, 2.774999999999999911 ) ) ;
#4696 = EDGE_LOOP ( 'NONE', ( #8623, #6868, #715, #7367 ) ) ;
#4698 = ORIENTED_EDGE ( 'NONE', *, *, #7243, .T. ) ;
#4697 = FACE_OUTER_BOUND ( 'NONE', #2164, .T. ) ;
#4699 = CARTESIAN_POINT ( 'NONE',  ( 0.4993999015800777430, -0.2116866968127367465, 2.875000000000000000 ) ) ;
#4700 = EDGE_CURVE ( 'NONE', #3875, #6555, #2796, .T. ) ;
#4701 = CARTESIAN_POINT ( 'NONE',  ( 0.8466221238022999529, -1.034603363479403626, 2.774999999999999911 ) ) ;
#4702 = FACE_OUTER_BOUND ( 'NONE', #10331, .T. ) ;
#4703 = PLANE ( 'NONE',  #6754 ) ;
#4704 = ORIENTED_EDGE ( 'NONE', *, *, #4199, .F. ) ;
#4705 = LINE ( 'NONE', #7955, #9803 ) ;
#4706 = VECTOR ( 'NONE', #1315, 1000.000000000000000 ) ;
#4707 =( LENGTH_UNIT ( ) NAMED_UNIT ( * ) SI_UNIT ( .MILLI., .METRE. ) );
#4708 = ORIENTED_EDGE ( 'NONE', *, *, #822, .F. ) ;
#4709 = SURFACE_SIDE_STYLE ('',( #1603 ) ) ;
#4710 = AXIS2_PLACEMENT_3D ( 'NONE', #4321, #9315, #5276 ) ;
#4711 = LINE ( 'NONE', #8015, #2882 ) ;
#4712 = FILL_AREA_STYLE_COLOUR ( '', #2641 ) ;
#4713 = UNCERTAINTY_MEASURE_WITH_UNIT (LENGTH_MEASURE( 1.000000000000000082E-05 ), #3522, 'distance_accuracy_value', 'NONE');
#4714 = ADVANCED_FACE ( 'NONE', ( #4557 ), #6080, .F. ) ;
#4715 = ORIENTED_EDGE ( 'NONE', *, *, #7017, .T. ) ;
#4716 = DIRECTION ( 'NONE',  ( 0.7071067811865462405, -0.7071067811865489050, -2.164649529435347679E-16 ) ) ;
#4717 = CARTESIAN_POINT ( 'NONE',  ( 1.880379839851682666, -1.106362622738662704, 2.774999999999999911 ) ) ;
#4718 = CARTESIAN_POINT ( 'NONE',  ( 1.602987864543040653, -0.4159691042201442146, 2.875000000000000000 ) ) ;
#4719 = SURFACE_STYLE_FILL_AREA ( #9562 ) ;
#4720 = VECTOR ( 'NONE', #3643, 1000.000000000000000 ) ;
#4721 = LINE ( 'NONE', #3912, #6636 ) ;
#4722 = ORIENTED_EDGE ( 'NONE', *, *, #6846, .F. ) ;
#4723 = VERTEX_POINT ( 'NONE', #2849 ) ;
#4724 = ORIENTED_EDGE ( 'NONE', *, *, #8747, .T. ) ;
#4725 = FACE_OUTER_BOUND ( 'NONE', #4361, .T. ) ;
#4726 = SURFACE_STYLE_USAGE ( .BOTH. , #1617 ) ;
#4727 =( NAMED_UNIT ( * ) SI_UNIT ( $, .STERADIAN. ) SOLID_ANGLE_UNIT ( ) );
#4728 = CARTESIAN_POINT ( 'NONE',  ( -0.04747509841992233331, -1.106362622738662704, 2.875000000000000000 ) ) ;
#4729 = VECTOR ( 'NONE', #7167, 1000.000000000000000 ) ;
#4730 = EDGE_LOOP ( 'NONE', ( #9349, #6657, #1587, #8076 ) ) ;
#4731 = CARTESIAN_POINT ( 'NONE',  ( 1.880379839851682666, -1.106362622738662704, 2.774999999999999911 ) ) ;
#4732 = UNCERTAINTY_MEASURE_WITH_UNIT (LENGTH_MEASURE( 1.000000000000000082E-05 ), #1549, 'distance_accuracy_value', 'NONE');
#4733 = STYLED_ITEM ( 'NONE', ( #7692 ), #9449 ) ;
#4734 = PRESENTATION_STYLE_ASSIGNMENT (( #6259 ) ) ;
#4735 = DIRECTION ( 'NONE',  ( -1.000000000000000000, 0.000000000000000000, 0.000000000000000000 ) ) ;
#4736 = ORIENTED_EDGE ( 'NONE', *, *, #1916, .T. ) ;
#4737 = EDGE_CURVE ( 'NONE', #9645, #2150, #9819, .T. ) ;
#4738 = CARTESIAN_POINT ( 'NONE',  ( 1.037401444789954219, -1.127774659775699684, 2.774999999999999911 ) ) ;
#4739 =( GEOMETRIC_REPRESENTATION_CONTEXT ( 3 ) GLOBAL_UNCERTAINTY_ASSIGNED_CONTEXT ( ( #989 ) ) GLOBAL_UNIT_ASSIGNED_CONTEXT ( ( #6534, #8889, #10447 ) ) REPRESENTATION_CONTEXT ( 'NONE', 'WORKASPACE' ) );
#4740 = VERTEX_POINT ( 'NONE', #6305 ) ;
#4741 = VECTOR ( 'NONE', #932, 1000.000000000000000 ) ;
#4742 = DIRECTION ( 'NONE',  ( 0.000000000000000000, 1.000000000000000000, 0.000000000000000000 ) ) ;
#4743 = EDGE_CURVE ( 'NONE', #4567, #9312, #8763, .T. ) ;
#4744 = DIRECTION ( 'NONE',  ( -1.000000000000000000, 0.000000000000000000, 0.000000000000000000 ) ) ;
#4745 = PLANE ( 'NONE',  #3084 ) ;
#4746 = CARTESIAN_POINT ( 'NONE',  ( 1.834855148493658161, -1.106362622738662704, 2.875000000000000000 ) ) ;
#4747 = EDGE_CURVE ( 'NONE', #5034, #948, #603, .T. ) ;
#4748 = CARTESIAN_POINT ( 'NONE',  ( 1.569999999999999840, 1.204553182355148522, 2.125000000000000000 ) ) ;
#4749 = ORIENTED_EDGE ( 'NONE', *, *, #8314, .T. ) ;
#4750 = COLOUR_RGB ( '',0.7529411764705882248, 0.7529411764705882248, 0.7529411764705882248 ) ;
#4751 = PRESENTATION_STYLE_ASSIGNMENT (( #514 ) ) ;
#4752 = ORIENTED_EDGE ( 'NONE', *, *, #4145, .T. ) ;
#4753 = EDGE_CURVE ( 'NONE', #6969, #4577, #6891, .T. ) ;
#4755 = ORIENTED_EDGE ( 'NONE', *, *, #10264, .F. ) ;
#4754 =( LENGTH_UNIT ( ) NAMED_UNIT ( * ) SI_UNIT ( .MILLI., .METRE. ) );
#4756 = CARTESIAN_POINT ( 'NONE',  ( 0.6498628645430406525, -0.1491866968127367743, 2.774999999999999911 ) ) ;
#4757 = CARTESIAN_POINT ( 'NONE',  ( 1.770000000000001128, -4.489853386497013155, 0.6449999999999997957 ) ) ;
#4758 = VECTOR ( 'NONE', #7816, 1000.000000000000000 ) ;
#4759 = DIRECTION ( 'NONE',  ( -0.7139914559018785134, 0.7001544121828525702, 0.000000000000000000 ) ) ;
#4760 =( NAMED_UNIT ( * ) PLANE_ANGLE_UNIT ( ) SI_UNIT ( $, .RADIAN. ) );
#4761 = ORIENTED_EDGE ( 'NONE', *, *, #7262, .T. ) ;
#4762 = CARTESIAN_POINT ( 'NONE',  ( 0.3724708892343985278, -0.1675123140966873203, 2.774999999999999911 ) ) ;
#4763 = VERTEX_POINT ( 'NONE', #4460 ) ;
#4764 =( GEOMETRIC_REPRESENTATION_CONTEXT ( 3 ) GLOBAL_UNCERTAINTY_ASSIGNED_CONTEXT ( ( #2017 ) ) GLOBAL_UNIT_ASSIGNED_CONTEXT ( ( #2605, #1101, #7922 ) ) REPRESENTATION_CONTEXT ( 'NONE', 'WORKASPACE' ) );
#4765 = LINE ( 'NONE', #9662, #6677 ) ;
#4766 = PRESENTATION_STYLE_ASSIGNMENT (( #10527 ) ) ;
#4767 = EDGE_CURVE ( 'NONE', #8983, #8452, #7864, .T. ) ;
#4768 = ORIENTED_EDGE ( 'NONE', *, *, #215, .F. ) ;
#4769 = FILL_AREA_STYLE_COLOUR ( '', #8956 ) ;
#4770 = VECTOR ( 'NONE', #4655, 1000.000000000000114 ) ;
#4771 = CARTESIAN_POINT ( 'NONE',  ( 1.419538790468966916, -0.6889243511337244108, 2.774999999999999911 ) ) ;
#4772 = CARTESIAN_POINT ( 'NONE',  ( 0.8608968151603245689, -1.022836388170761390, 2.875000000000000000 ) ) ;
#4773 =( LENGTH_UNIT ( ) NAMED_UNIT ( * ) SI_UNIT ( .MILLI., .METRE. ) );
#4774 = CARTESIAN_POINT ( 'NONE',  ( 3.699999999999999734, 3.500000000000000000, 2.875000000000000000 ) ) ;
#4775 = ORIENTED_EDGE ( 'NONE', *, *, #3771, .F. ) ;
#4776 = VERTEX_POINT ( 'NONE', #10320 ) ;
#4777 = PRODUCT_DEFINITION_FORMATION_WITH_SPECIFIED_SOURCE ( 'ANY', '', #10226, .NOT_KNOWN. ) ;
#4778 = CARTESIAN_POINT ( 'NONE',  ( -2.054805345333502675, -0.1979907091584157952, 2.875000000000000000 ) ) ;
#4779 = ORIENTED_EDGE ( 'NONE', *, *, #4016, .F. ) ;
#4780 =( NAMED_UNIT ( * ) SI_UNIT ( $, .STERADIAN. ) SOLID_ANGLE_UNIT ( ) );
#4781 = PLANE ( 'NONE',  #9846 ) ;
#4782 =( NAMED_UNIT ( * ) PLANE_ANGLE_UNIT ( ) SI_UNIT ( $, .RADIAN. ) );
#4783 = ORIENTED_EDGE ( 'NONE', *, *, #3911, .T. ) ;
#4784 = CARTESIAN_POINT ( 'NONE',  ( -0.2004457774322679076, -0.9802052153312552640, 2.774999999999999911 ) ) ;
#4785 = SURFACE_SIDE_STYLE ('',( #1515 ) ) ;
#4786 = STYLED_ITEM ( 'NONE', ( #791 ), #3212 ) ;
#4787 = EDGE_CURVE ( 'NONE', #280, #481, #7758, .T. ) ;
#4788 = VECTOR ( 'NONE', #9853, 1000.000000000000000 ) ;
#4789 =( NAMED_UNIT ( * ) PLANE_ANGLE_UNIT ( ) SI_UNIT ( $, .RADIAN. ) );
#4790 = LINE ( 'NONE', #7293, #5519 ) ;
#4791 = CARTESIAN_POINT ( 'NONE',  ( -0.1470121354569592087, -0.8266558326152059211, 2.774999999999999911 ) ) ;
#4792 =( NAMED_UNIT ( * ) PLANE_ANGLE_UNIT ( ) SI_UNIT ( $, .RADIAN. ) );
#4793 = EDGE_CURVE ( 'NONE', #4512, #1558, #6138, .T. ) ;
#4794 = CARTESIAN_POINT ( 'NONE',  ( -2.118655653975478170, -1.106362622738662704, 2.875000000000000000 ) ) ;
#4795 = SURFACE_STYLE_FILL_AREA ( #4958 ) ;
#4796 = ORIENTED_EDGE ( 'NONE', *, *, #7221, .F. ) ;
#4797 = VECTOR ( 'NONE', #4885, 1000.000000000000000 ) ;
#4798 = CARTESIAN_POINT ( 'NONE',  ( -2.446780653975477726, -1.127774659775699684, 2.774999999999999911 ) ) ;
#4799 = VECTOR ( 'NONE', #695, 1000.000000000000114 ) ;
#4800 = VERTEX_POINT ( 'NONE', #9403 ) ;
#4801 = EDGE_CURVE ( 'NONE', #8876, #10317, #2040, .T. ) ;
#4802 = ORIENTED_EDGE ( 'NONE', *, *, #9080, .T. ) ;
#4803 = CARTESIAN_POINT ( 'NONE',  ( -1.570000000000001172, -7.605096679918781355, 0.2049999999999999878 ) ) ;
#4804 = VECTOR ( 'NONE', #7432, 1000.000000000000227 ) ;
#4805 = STYLED_ITEM ( 'NONE', ( #2143 ), #2948 ) ;
#4806 = LINE ( 'NONE', #8375, #8406 ) ;
#4807 = COLOUR_RGB ( '',0.7529411764705882248, 0.7529411764705882248, 0.7529411764705882248 ) ;
#4808 = SURFACE_STYLE_USAGE ( .BOTH. , #10579 ) ;
#4809 = UNCERTAINTY_MEASURE_WITH_UNIT (LENGTH_MEASURE( 1.000000000000000082E-05 ), #5247, 'distance_accuracy_value', 'NONE');
#4810 = FILL_AREA_STYLE_COLOUR ( '', #6244 ) ;
#4811 = ORIENTED_EDGE ( 'NONE', *, *, #4535, .F. ) ;
#4812 = DIRECTION ( 'NONE',  ( -0.4488015681658190648, -0.8936314410381394069, 0.000000000000000000 ) ) ;
#4813 = CARTESIAN_POINT ( 'NONE',  ( -0.9300000000000014921, 3.100000000000000977, 0.2050000000000003209 ) ) ;
#4814 = ORIENTED_EDGE ( 'NONE', *, *, #8431, .F. ) ;
#4815 = VECTOR ( 'NONE', #1129, 1000.000000000000227 ) ;
#4816 = VECTOR ( 'NONE', #1120, 1000.000000000000000 ) ;
#4817 = FACE_OUTER_BOUND ( 'NONE', #743, .T. ) ;
#4818 = CARTESIAN_POINT ( 'NONE',  ( 1.357038790468966916, -1.066046264713971459, 2.774999999999999911 ) ) ;
#4819 =( NAMED_UNIT ( * ) PLANE_ANGLE_UNIT ( ) SI_UNIT ( $, .RADIAN. ) );
#4820 = UNCERTAINTY_MEASURE_WITH_UNIT (LENGTH_MEASURE( 1.000000000000000082E-05 ), #6228, 'distance_accuracy_value', 'NONE');
#4821 = VERTEX_POINT ( 'NONE', #493 ) ;
#4822 = LINE ( 'NONE', #7425, #1230 ) ;
#4823 = FILL_AREA_STYLE ('',( #10592 ) ) ;
#4824 = COLOUR_RGB ( '',0.7529411764705882248, 0.7529411764705882248, 0.7529411764705882248 ) ;
#4825 = CARTESIAN_POINT ( 'NONE',  ( 0.4930200591917125452, -2.601766864349279285, -2.875000000000000000 ) ) ;
#4826 = PRESENTATION_STYLE_ASSIGNMENT (( #8227 ) ) ;
#4827 =( NAMED_UNIT ( * ) SI_UNIT ( $, .STERADIAN. ) SOLID_ANGLE_UNIT ( ) );
#4828 = AXIS2_PLACEMENT_3D ( 'NONE', #8387, #8274, #2668 ) ;
#4829 = VECTOR ( 'NONE', #8040, 1000.000000000000227 ) ;
#4830 = DIRECTION ( 'NONE',  ( -1.000000000000000000, 0.000000000000000000, -0.000000000000000000 ) ) ;
#4831 = LINE ( 'NONE', #7326, #6835 ) ;
#4832 = FILL_AREA_STYLE ('',( #1618 ) ) ;
#4833 = ORIENTED_EDGE ( 'NONE', *, *, #3471, .F. ) ;
#4834 = CARTESIAN_POINT ( 'NONE',  ( -1.278763678666835935, -0.1491866968127367743, 2.875000000000000000 ) ) ;
#4835 = CARTESIAN_POINT ( 'NONE',  ( 1.536629839851682444, -0.2344490424917491378, 2.774999999999999911 ) ) ;
#4836 = VECTOR ( 'NONE', #9511, 1000.000000000000114 ) ;
#4837 =( NAMED_UNIT ( * ) SI_UNIT ( $, .STERADIAN. ) SOLID_ANGLE_UNIT ( ) );
#4838 =( LENGTH_UNIT ( ) NAMED_UNIT ( * ) SI_UNIT ( .MILLI., .METRE. ) );
#4839 = ORIENTED_EDGE ( 'NONE', *, *, #8053, .F. ) ;
#4840 = ORIENTED_EDGE ( 'NONE', *, *, #4801, .F. ) ;
#4841 = PLANE ( 'NONE',  #6036 ) ;
#4842 = VECTOR ( 'NONE', #10191, 1000.000000000000000 ) ;
#4843 = LINE ( 'NONE', #3932, #5434 ) ;
#4844 = CARTESIAN_POINT ( 'NONE',  ( -2.072938061382885611, -1.127774659775699684, 2.774999999999999911 ) ) ;
#4845 = EDGE_CURVE ( 'NONE', #6262, #5845, #8604, .T. ) ;
#4846 = FACE_OUTER_BOUND ( 'NONE', #20, .T. ) ;
#4847 = DIRECTION ( 'NONE',  ( 0.2813644828835243361, -0.9596009732027614980, 0.000000000000000000 ) ) ;
#4848 = ORIENTED_EDGE ( 'NONE', *, *, #101, .F. ) ;
#4849 = VECTOR ( 'NONE', #7977, 1000.000000000000000 ) ;
#4850 = ADVANCED_FACE ( 'NONE', ( #1400 ), #4669, .T. ) ;
#4851 = DIRECTION ( 'NONE',  ( 0.8928483550307119154, -0.4503574301806865798, 0.000000000000000000 ) ) ;
#4852 = EDGE_LOOP ( 'NONE', ( #9836, #6489, #2190, #2747 ) ) ;
#4853 = DIRECTION ( 'NONE',  ( 0.000000000000000000, -0.000000000000000000, 1.000000000000000000 ) ) ;
#4855 = ORIENTED_EDGE ( 'NONE', *, *, #9153, .F. ) ;
#4854 = DIRECTION ( 'NONE',  ( 0.000000000000000000, -1.000000000000000000, 0.000000000000000000 ) ) ;
#4856 = APPLICATION_PROTOCOL_DEFINITION ( 'draft international standard', 'automotive_design', 1998, #4445 ) ;
#4857 = COLOUR_RGB ( '',0.7529411764705882248, 0.7529411764705882248, 0.7529411764705882248 ) ;
#4858 =( NAMED_UNIT ( * ) SI_UNIT ( $, .STERADIAN. ) SOLID_ANGLE_UNIT ( ) );
#4859 = DIRECTION ( 'NONE',  ( 0.7071067811865439090, 0.7071067811865512365, 0.000000000000000000 ) ) ;
#4860 = VERTEX_POINT ( 'NONE', #9734 ) ;
#4861 = CARTESIAN_POINT ( 'NONE',  ( 1.942879839851682888, -1.088037005454712158, 2.774999999999999911 ) ) ;
#4862 = ORIENTED_EDGE ( 'NONE', *, *, #1795, .T. ) ;
#4863 = VECTOR ( 'NONE', #1409, 1000.000000000000000 ) ;
#4864 = EDGE_CURVE ( 'NONE', #4549, #1240, #5757, .T. ) ;
#4865 = MECHANICAL_DESIGN_GEOMETRIC_PRESENTATION_REPRESENTATION (  '', ( #8152 ), #9615 ) ;
#4866 = SURFACE_STYLE_FILL_AREA ( #4232 ) ;
#4867 =( NAMED_UNIT ( * ) SI_UNIT ( $, .STERADIAN. ) SOLID_ANGLE_UNIT ( ) );
#4868 = ORIENTED_EDGE ( 'NONE', *, *, #7010, .F. ) ;
#4869 = SURFACE_SIDE_STYLE ('',( #6616 ) ) ;
#4870 =( NAMED_UNIT ( * ) SI_UNIT ( $, .STERADIAN. ) SOLID_ANGLE_UNIT ( ) );
#4871 = AXIS2_PLACEMENT_3D ( 'NONE', #6003, #7849, #701 ) ;
#4872 = PLANE ( 'NONE',  #9796 ) ;
#4873 = CARTESIAN_POINT ( 'NONE',  ( 0.6498628645430406525, -0.1491866968127367743, 2.875000000000000000 ) ) ;
#4874 = PLANE ( 'NONE',  #2102 ) ;
#4875 = LINE ( 'NONE', #1670, #1721 ) ;
#4876 = PRESENTATION_LAYER_ASSIGNMENT (  '', '', ( #8325 ) ) ;
#4877 = STYLED_ITEM ( 'NONE', ( #10170 ), #8803 ) ;
#4878 =( LENGTH_UNIT ( ) NAMED_UNIT ( * ) SI_UNIT ( .MILLI., .METRE. ) );
#4879 = DIRECTION ( 'NONE',  ( -0.9446676051547895359, 0.3280291386006958798, 0.000000000000000000 ) ) ;
#4880 = CARTESIAN_POINT ( 'NONE',  ( -1.793038370024860662, -0.1493795980473046625, 2.774999999999999911 ) ) ;
#4881 = EDGE_LOOP ( 'NONE', ( #833, #794, #9675, #3867 ) ) ;
#4882 = CARTESIAN_POINT ( 'NONE',  ( -1.778763678666835935, -1.088037005454712158, 2.875000000000000000 ) ) ;
#4883 = SURFACE_STYLE_USAGE ( .BOTH. , #70 ) ;
#4884 = CARTESIAN_POINT ( 'NONE',  ( -2.950000000000000178, -2.250000000000000000, -2.125000000000000000 ) ) ;
#4885 = DIRECTION ( 'NONE',  ( -0.000000000000000000, -0.000000000000000000, 1.000000000000000000 ) ) ;
#4886 =( GEOMETRIC_REPRESENTATION_CONTEXT ( 3 ) GLOBAL_UNCERTAINTY_ASSIGNED_CONTEXT ( ( #1594 ) ) GLOBAL_UNIT_ASSIGNED_CONTEXT ( ( #3555, #7930, #2914 ) ) REPRESENTATION_CONTEXT ( 'NONE', 'WORKASPACE' ) );
#4887 = LINE ( 'NONE', #1565, #6936 ) ;
#4888 = VECTOR ( 'NONE', #8389, 1000.000000000000000 ) ;
#4889 = SURFACE_STYLE_USAGE ( .BOTH. , #8989 ) ;
#4890 = ORIENTED_EDGE ( 'NONE', *, *, #4916, .T. ) ;
#4891 = VERTEX_POINT ( 'NONE', #1616 ) ;
#4892 = ADVANCED_FACE ( 'NONE', ( #10433 ), #2317, .T. ) ;
#4893 = CARTESIAN_POINT ( 'NONE',  ( 0.5418381731850160365, -0.1675123140966873203, 2.774999999999999911 ) ) ;
#4894 =( GEOMETRIC_REPRESENTATION_CONTEXT ( 3 ) GLOBAL_UNCERTAINTY_ASSIGNED_CONTEXT ( ( #3238 ) ) GLOBAL_UNIT_ASSIGNED_CONTEXT ( ( #5657, #1563, #723 ) ) REPRESENTATION_CONTEXT ( 'NONE', 'WORKASPACE' ) );
#4895 = PRESENTATION_LAYER_ASSIGNMENT (  '', '', ( #8850 ) ) ;
#4896 = SURFACE_SIDE_STYLE ('',( #9148 ) ) ;
#4897 = CARTESIAN_POINT ( 'NONE',  ( 2.617262555901065380, -0.4177052153312553195, 2.774999999999999911 ) ) ;
#4898 = LINE ( 'NONE', #4350, #7757 ) ;
#4899 = CARTESIAN_POINT ( 'NONE',  ( -2.950000000000000178, 3.100000000000002309, -2.125000000000000000 ) ) ;
#4900 = DIRECTION ( 'NONE',  ( -0.7071067811865536790, 0.7071067811865412445, 0.000000000000000000 ) ) ;
#4901 = STYLED_ITEM ( 'NONE', ( #10176 ), #1870 ) ;
#4902 = ORIENTED_EDGE ( 'NONE', *, *, #9193, .T. ) ;
#4903 = DIRECTION ( 'NONE',  ( 0.000000000000000000, 0.000000000000000000, -1.000000000000000000 ) ) ;
#4904 = VERTEX_POINT ( 'NONE', #9781 ) ;
#4905 = VECTOR ( 'NONE', #6910, 1000.000000000000000 ) ;
#4906 = SURFACE_SIDE_STYLE ('',( #6546 ) ) ;
#4907 = CARTESIAN_POINT ( 'NONE',  ( -1.687157287525381966, -5.622383267283203701, 0.2050000000000000155 ) ) ;
#4908 = CARTESIAN_POINT ( 'NONE',  ( 1.049999999999999156, -6.899999999999999467, 0.7249999999999998668 ) ) ;
#4909 = AXIS2_PLACEMENT_3D ( 'NONE', #8891, #5558, #10448 ) ;
#4910 = CARTESIAN_POINT ( 'NONE',  ( 1.504608234913410891, -0.1759999684176750678, 2.875000000000000000 ) ) ;
#4911 = UNCERTAINTY_MEASURE_WITH_UNIT (LENGTH_MEASURE( 1.000000000000000082E-05 ), #1369, 'distance_accuracy_value', 'NONE');
#4912 = STYLED_ITEM ( 'NONE', ( #4734 ), #2226 ) ;
#4913 =( LENGTH_UNIT ( ) NAMED_UNIT ( * ) SI_UNIT ( .MILLI., .METRE. ) );
#4914 = ORIENTED_EDGE ( 'NONE', *, *, #10305, .T. ) ;
#4915 =( NAMED_UNIT ( * ) SI_UNIT ( $, .STERADIAN. ) SOLID_ANGLE_UNIT ( ) );
#4916 = EDGE_CURVE ( 'NONE', #5976, #2225, #2369, .T. ) ;
#4917 = LINE ( 'NONE', #8213, #8650 ) ;
#4918 = VERTEX_POINT ( 'NONE', #8077 ) ;
#4919 = VECTOR ( 'NONE', #3286, 1000.000000000000000 ) ;
#4920 =( NAMED_UNIT ( * ) SI_UNIT ( $, .STERADIAN. ) SOLID_ANGLE_UNIT ( ) );
#4921 = PLANE ( 'NONE',  #2480 ) ;
#4922 = UNCERTAINTY_MEASURE_WITH_UNIT (LENGTH_MEASURE( 1.000000000000000082E-05 ), #8557, 'distance_accuracy_value', 'NONE');
#4923 = VERTEX_POINT ( 'NONE', #7278 ) ;
#4924 = CARTESIAN_POINT ( 'NONE',  ( -0.4930200591917125452, -3.500000000000000000, 2.875000000000000000 ) ) ;
#4925 = EDGE_CURVE ( 'NONE', #7354, #8416, #7324, .T. ) ;
#4926 = CARTESIAN_POINT ( 'NONE',  ( 0.2397548398516825552, -0.9827129313806381994, 2.774999999999999911 ) ) ;
#4927 = CARTESIAN_POINT ( 'NONE',  ( 0.4930200591917123232, -2.601766864349279285, -2.875000000000000000 ) ) ;
#4928 = LINE ( 'NONE', #4825, #6406 ) ;
#4929 = LINE ( 'NONE', #2571, #6881 ) ;
#4930 = EDGE_CURVE ( 'NONE', #6797, #6879, #7, .T. ) ;
#4931 = STYLED_ITEM ( 'NONE', ( #412 ), #815 ) ;
#4932 = FACE_OUTER_BOUND ( 'NONE', #8871, .T. ) ;
#4933 = ADVANCED_FACE ( 'NONE', ( #4725 ), #8131, .F. ) ;
#4934 = DIRECTION ( 'NONE',  ( 0.000000000000000000, 0.000000000000000000, -1.000000000000000000 ) ) ;
#4935 = LINE ( 'NONE', #9185, #4082 ) ;
#4936 =( GEOMETRIC_REPRESENTATION_CONTEXT ( 3 ) GLOBAL_UNCERTAINTY_ASSIGNED_CONTEXT ( ( #2462 ) ) GLOBAL_UNIT_ASSIGNED_CONTEXT ( ( #9679, #604, #4031 ) ) REPRESENTATION_CONTEXT ( 'NONE', 'WORKASPACE' ) );
#4937 = ORIENTED_EDGE ( 'NONE', *, *, #8041, .T. ) ;
#4938 = EDGE_CURVE ( 'NONE', #2410, #6449, #3979, .T. ) ;
#4939 = DIRECTION ( 'NONE',  ( -0.000000000000000000, -0.000000000000000000, 1.000000000000000000 ) ) ;
#4940 = CARTESIAN_POINT ( 'NONE',  ( 1.570000000000001172, -5.622383267283204589, 0.2050000000000000155 ) ) ;
#4941 = CARTESIAN_POINT ( 'NONE',  ( -2.118655653975478170, -1.106362622738662704, 2.774999999999999911 ) ) ;
#4942 = EDGE_CURVE ( 'NONE', #6316, #8795, #8931, .T. ) ;
#4943 = STYLED_ITEM ( 'NONE', ( #1663 ), #10378 ) ;
#4944 = PRESENTATION_STYLE_ASSIGNMENT (( #9902 ) ) ;
#4945 = EDGE_LOOP ( 'NONE', ( #8697, #8614, #5488, #3044 ) ) ;
#4946 = ORIENTED_EDGE ( 'NONE', *, *, #5381, .T. ) ;
#4947 = EDGE_LOOP ( 'NONE', ( #1705, #5393, #3439, #8169 ) ) ;
#4948 = PRESENTATION_LAYER_ASSIGNMENT (  '', '', ( #683 ) ) ;
#4949 = EDGE_CURVE ( 'NONE', #9064, #1411, #3171, .T. ) ;
#4950 = LINE ( 'NONE', #8887, #205 ) ;
#4951 = LINE ( 'NONE', #4257, #2468 ) ;
#4952 = FACE_OUTER_BOUND ( 'NONE', #2580, .T. ) ;
#4953 =( NAMED_UNIT ( * ) SI_UNIT ( $, .STERADIAN. ) SOLID_ANGLE_UNIT ( ) );
#4954 = FACE_OUTER_BOUND ( 'NONE', #10030, .T. ) ;
#4955 = PRESENTATION_LAYER_ASSIGNMENT (  '', '', ( #6681 ) ) ;
#4956 = LINE ( 'NONE', #5671, #9711 ) ;
#4957 = CARTESIAN_POINT ( 'NONE',  ( -2.121163370024860662, -0.1491866968127367743, 2.774999999999999911 ) ) ;
#4958 = FILL_AREA_STYLE ('',( #7402 ) ) ;
#4959 = ORIENTED_EDGE ( 'NONE', *, *, #18, .F. ) ;
#4960 = DIRECTION ( 'NONE',  ( -0.000000000000000000, -0.000000000000000000, 1.000000000000000000 ) ) ;
#4961 = ORIENTED_EDGE ( 'NONE', *, *, #9228, .T. ) ;
#4962 =( NAMED_UNIT ( * ) PLANE_ANGLE_UNIT ( ) SI_UNIT ( $, .RADIAN. ) );
#4963 = LINE ( 'NONE', #243, #4057 ) ;
#4964 = DIRECTION ( 'NONE',  ( 0.000000000000000000, 0.000000000000000000, 1.000000000000000000 ) ) ;
#4965 = FACE_OUTER_BOUND ( 'NONE', #6750, .T. ) ;
#4966 = DIRECTION ( 'NONE',  ( 0.000000000000000000, 1.000000000000000000, 0.000000000000000000 ) ) ;
#4967 = AXIS2_PLACEMENT_3D ( 'NONE', #3984, #2160, #6260 ) ;
#4968 = EDGE_LOOP ( 'NONE', ( #7702, #2181, #10288, #9509 ) ) ;
#4969 =( NAMED_UNIT ( * ) PLANE_ANGLE_UNIT ( ) SI_UNIT ( $, .RADIAN. ) );
#4970 = DIRECTION ( 'NONE',  ( -1.000000000000000000, 0.000000000000000000, 0.000000000000000000 ) ) ;
#4971 = ORIENTED_EDGE ( 'NONE', *, *, #8029, .T. ) ;
#4972 = DIRECTION ( 'NONE',  ( 1.000000000000000000, 0.000000000000000000, 0.000000000000000000 ) ) ;
#4973 = MECHANICAL_DESIGN_GEOMETRIC_PRESENTATION_REPRESENTATION (  '', ( #6876 ), #8084 ) ;
#4974 = VECTOR ( 'NONE', #4462, 1000.000000000000114 ) ;
#4975 =( LENGTH_UNIT ( ) NAMED_UNIT ( * ) SI_UNIT ( .MILLI., .METRE. ) );
#4976 = LINE ( 'NONE', #8968, #6512 ) ;
#4977 = DIRECTION ( 'NONE',  ( 0.000000000000000000, 1.000000000000000000, 0.000000000000000000 ) ) ;
#4978 = ORIENTED_EDGE ( 'NONE', *, *, #6769, .T. ) ;
#4979 = DIRECTION ( 'NONE',  ( 0.3280291386006959353, 0.9446676051547896469, 0.000000000000000000 ) ) ;
#4980 = SURFACE_STYLE_FILL_AREA ( #1712 ) ;
#4981 = EDGE_CURVE ( 'NONE', #2325, #10315, #8815, .T. ) ;
#4982 = FILL_AREA_STYLE_COLOUR ( '', #1458 ) ;
#4983 = LINE ( 'NONE', #8279, #6914 ) ;
#4984 = DIRECTION ( 'NONE',  ( -1.000000000000000000, 0.000000000000000000, -0.000000000000000000 ) ) ;
#4985 = EDGE_CURVE ( 'NONE', #10456, #7887, #5705, .T. ) ;
#4986 = VECTOR ( 'NONE', #4061, 1000.000000000000000 ) ;
#4987 = MECHANICAL_DESIGN_GEOMETRIC_PRESENTATION_REPRESENTATION (  '', ( #8589 ), #3432 ) ;
#4988 = EDGE_CURVE ( 'NONE', #4002, #3798, #6572, .T. ) ;
#4989 =( LENGTH_UNIT ( ) NAMED_UNIT ( * ) SI_UNIT ( .MILLI., .METRE. ) );
#4990 = ADVANCED_FACE ( 'NONE', ( #6356 ), #9035, .T. ) ;
#4991 = PRESENTATION_STYLE_ASSIGNMENT (( #9242 ) ) ;
#4992 = FILL_AREA_STYLE ('',( #1821 ) ) ;
#4993 = CARTESIAN_POINT ( 'NONE',  ( 2.164957836983784745, -3.500000000000000000, -2.875000000000000000 ) ) ;
#4994 = VECTOR ( 'NONE', #5448, 1000.000000000000000 ) ;
#4995 = AXIS2_PLACEMENT_3D ( 'NONE', #8664, #8721, #1305 ) ;
#4996 = ORIENTED_EDGE ( 'NONE', *, *, #10458, .F. ) ;
#4997 = FILL_AREA_STYLE ('',( #9898 ) ) ;
#4998 = EDGE_CURVE ( 'NONE', #2438, #7564, #9621, .T. ) ;
#4999 = CARTESIAN_POINT ( 'NONE',  ( 0.4930200591917125452, -2.601766864349279285, 2.875000000000000000 ) ) ;
#5000 = PRESENTATION_LAYER_ASSIGNMENT (  '', '', ( #9641 ) ) ;
#5001 = COLOUR_RGB ( '',0.7529411764705882248, 0.7529411764705882248, 0.7529411764705882248 ) ;
#5002 = DIRECTION ( 'NONE',  ( -0.000000000000000000, -0.000000000000000000, 1.000000000000000000 ) ) ;
#5003 = ORIENTED_EDGE ( 'NONE', *, *, #6034, .T. ) ;
#5004 = VERTEX_POINT ( 'NONE', #4296 ) ;
#5005 = ORIENTED_EDGE ( 'NONE', *, *, #9465, .T. ) ;
#5006 = SURFACE_STYLE_USAGE ( .BOTH. , #1729 ) ;
#5007 = DIRECTION ( 'NONE',  ( -0.000000000000000000, -0.000000000000000000, 1.000000000000000000 ) ) ;
#5008 = CARTESIAN_POINT ( 'NONE',  ( -1.513138678666836157, -1.127774659775699684, 2.774999999999999911 ) ) ;
#5009 = MECHANICAL_DESIGN_GEOMETRIC_PRESENTATION_REPRESENTATION (  '', ( #8448 ), #376 ) ;
#5010 =( GEOMETRIC_REPRESENTATION_CONTEXT ( 3 ) GLOBAL_UNCERTAINTY_ASSIGNED_CONTEXT ( ( #1708 ) ) GLOBAL_UNIT_ASSIGNED_CONTEXT ( ( #6022, #8407, #9954 ) ) REPRESENTATION_CONTEXT ( 'NONE', 'WORKASPACE' ) );
#5011 = LINE ( 'NONE', #125, #8240 ) ;
#5012 = CARTESIAN_POINT ( 'NONE',  ( 1.843921506518348963, -0.4236851536028602982, 2.774999999999999911 ) ) ;
#5013 = ADVANCED_FACE ( 'NONE', ( #7634 ), #8282, .T. ) ;
#5014 = DIRECTION ( 'NONE',  ( 1.000000000000000000, 0.000000000000000000, 0.000000000000000000 ) ) ;
#5015 = ORIENTED_EDGE ( 'NONE', *, *, #2301, .F. ) ;
#5016 = EDGE_LOOP ( 'NONE', ( #6248, #464, #10285, #7217 ) ) ;
#5017 = CARTESIAN_POINT ( 'NONE',  ( 0.9299999999999989386, -3.101766864349278841, -2.875000000000000000 ) ) ;
#5018 = COLOUR_RGB ( '',0.7529411764705882248, 0.7529411764705882248, 0.7529411764705882248 ) ;
#5019 = STYLED_ITEM ( 'NONE', ( #1072 ), #5013 ) ;
#5020 = CARTESIAN_POINT ( 'NONE',  ( -2.166688061382885166, -0.1491866968127367743, 2.875000000000000000 ) ) ;
#5021 = CARTESIAN_POINT ( 'NONE',  ( 0.000000000000000000, 0.000000000000000000, 0.000000000000000000 ) ) ;
#5022 = CARTESIAN_POINT ( 'NONE',  ( 0.3875171855306949742, -0.1979907091584157952, 2.774999999999999911 ) ) ;
#5023 = SURFACE_STYLE_FILL_AREA ( #3563 ) ;
#5024 = COLOUR_RGB ( '',0.7529411764705882248, 0.7529411764705882248, 0.7529411764705882248 ) ;
#5025 = COLOUR_RGB ( '',0.7529411764705882248, 0.7529411764705882248, 0.7529411764705882248 ) ;
#5026 = EDGE_LOOP ( 'NONE', ( #7918, #8414, #7996, #2589 ) ) ;
#5027 = ORIENTED_EDGE ( 'NONE', *, *, #372, .T. ) ;
#5028 =( GEOMETRIC_REPRESENTATION_CONTEXT ( 3 ) GLOBAL_UNCERTAINTY_ASSIGNED_CONTEXT ( ( #7967 ) ) GLOBAL_UNIT_ASSIGNED_CONTEXT ( ( #1162, #8782, #1418 ) ) REPRESENTATION_CONTEXT ( 'NONE', 'WORKASPACE' ) );
#5029 = VECTOR ( 'NONE', #7679, 1000.000000000000000 ) ;
#5030 = EDGE_CURVE ( 'NONE', #6501, #1139, #9891, .T. ) ;
#5031 = CARTESIAN_POINT ( 'NONE',  ( 0.000000000000000000, 0.000000000000000000, -2.875000000000000000 ) ) ;
#5032 = CARTESIAN_POINT ( 'NONE',  ( 2.640942375647713725, -4.800000000000000711, -1.020803005624015380 ) ) ;
#5033 = FILL_AREA_STYLE ('',( #3359 ) ) ;
#5034 = VERTEX_POINT ( 'NONE', #153 ) ;
#5035 = DIRECTION ( 'NONE',  ( -0.000000000000000000, -1.000000000000000000, -0.000000000000000000 ) ) ;
#5036 = DIRECTION ( 'NONE',  ( 0.9483630683018392515, -0.3171868387577281845, 0.000000000000000000 ) ) ;
#5037 = DIRECTION ( 'NONE',  ( -0.000000000000000000, -0.000000000000000000, 1.000000000000000000 ) ) ;
#5038 = DIRECTION ( 'NONE',  ( -1.000000000000000000, 0.000000000000000000, 0.000000000000000000 ) ) ;
#5039 = LINE ( 'NONE', #3263, #3101 ) ;
#5040 = STYLED_ITEM ( 'NONE', ( #6202 ), #7912 ) ;
#5041 = VECTOR ( 'NONE', #9622, 1000.000000000000000 ) ;
#5042 = EDGE_CURVE ( 'NONE', #1656, #6633, #9941, .T. ) ;
#5043 =( NAMED_UNIT ( * ) SI_UNIT ( $, .STERADIAN. ) SOLID_ANGLE_UNIT ( ) );
#5044 = SURFACE_STYLE_FILL_AREA ( #7436 ) ;
#5045 = CARTESIAN_POINT ( 'NONE',  ( -1.561363987308811208, -0.1493795980473046625, 2.875000000000000000 ) ) ;
#5046 = CARTESIAN_POINT ( 'NONE',  ( -3.700000000000000622, 3.500000000000000000, 2.875000000000000000 ) ) ;
#5047 = VECTOR ( 'NONE', #5690, 1000.000000000000114 ) ;
#5048 = ORIENTED_EDGE ( 'NONE', *, *, #2830, .T. ) ;
#5049 = DIRECTION ( 'NONE',  ( 1.000000000000000000, 0.000000000000000000, -0.000000000000000000 ) ) ;
#5050 = FACE_OUTER_BOUND ( 'NONE', #770, .T. ) ;
#5051 = UNCERTAINTY_MEASURE_WITH_UNIT (LENGTH_MEASURE( 1.000000000000000082E-05 ), #2684, 'distance_accuracy_value', 'NONE');
#5052 = LINE ( 'NONE', #8345, #3846 ) ;
#5053 = VECTOR ( 'NONE', #5836, 1000.000000000000114 ) ;
#5054 = EDGE_CURVE ( 'NONE', #5983, #9245, #7533, .T. ) ;
#5055 = CARTESIAN_POINT ( 'NONE',  ( 0.03913755590106548360, -1.106362622738662704, 2.774999999999999911 ) ) ;
#5056 = ORIENTED_EDGE ( 'NONE', *, *, #8438, .F. ) ;
#5057 = EDGE_LOOP ( 'NONE', ( #2927, #10538, #7587, #1701 ) ) ;
#5058 = CARTESIAN_POINT ( 'NONE',  ( -0.4930200591917125452, -3.101766864349278841, 2.875000000000000000 ) ) ;
#5059 = DIRECTION ( 'NONE',  ( 0.000000000000000000, 1.000000000000000000, 0.000000000000000000 ) ) ;
#5060 = EDGE_LOOP ( 'NONE', ( #7204, #5553, #3593, #5230 ) ) ;
#5061 = UNCERTAINTY_MEASURE_WITH_UNIT (LENGTH_MEASURE( 1.000000000000000082E-05 ), #6321, 'distance_accuracy_value', 'NONE');
#5062 = VECTOR ( 'NONE', #1930, 1000.000000000000000 ) ;
#5063 = CARTESIAN_POINT ( 'NONE',  ( -1.570000000000001172, -5.622383267283204589, 0.8450000000000000844 ) ) ;
#5064 = ADVANCED_FACE ( 'NONE', ( #6724 ), #10095, .T. ) ;
#5065 = AXIS2_PLACEMENT_3D ( 'NONE', #4771, #2362, #10476 ) ;
#5066 = LINE ( 'NONE', #8363, #4519 ) ;
#5067 = EDGE_LOOP ( 'NONE', ( #1887, #965, #8720, #657 ) ) ;
#5068 = FACE_BOUND ( 'NONE', #6805, .T. ) ;
#5069 = VERTEX_POINT ( 'NONE', #9292 ) ;
#5071 = VECTOR ( 'NONE', #4126, 1000.000000000000000 ) ;
#5070 = DIRECTION ( 'NONE',  ( 1.000000000000000000, 0.000000000000000000, 0.000000000000000000 ) ) ;
#5072 = EDGE_CURVE ( 'NONE', #1397, #7328, #1919, .T. ) ;
#5073 =( NAMED_UNIT ( * ) SI_UNIT ( $, .STERADIAN. ) SOLID_ANGLE_UNIT ( ) );
#5074 = PRESENTATION_STYLE_ASSIGNMENT (( #8258 ) ) ;
#5075 = LINE ( 'NONE', #6649, #1895 ) ;
#5076 = VECTOR ( 'NONE', #2582, 1000.000000000000114 ) ;
#5077 = EDGE_CURVE ( 'NONE', #5656, #7861, #4128, .T. ) ;
#5078 =( GEOMETRIC_REPRESENTATION_CONTEXT ( 3 ) GLOBAL_UNCERTAINTY_ASSIGNED_CONTEXT ( ( #6442 ) ) GLOBAL_UNIT_ASSIGNED_CONTEXT ( ( #2833, #7461, #1645 ) ) REPRESENTATION_CONTEXT ( 'NONE', 'WORKASPACE' ) );
#5079 = FILL_AREA_STYLE ('',( #7563 ) ) ;
#5080 = ORIENTED_EDGE ( 'NONE', *, *, #2662, .T. ) ;
#5081 = DIRECTION ( 'NONE',  ( 3.061276722312012491E-16, 0.000000000000000000, 1.000000000000000000 ) ) ;
#5082 = SURFACE_STYLE_FILL_AREA ( #1108 ) ;
#5083 = ORIENTED_EDGE ( 'NONE', *, *, #10028, .F. ) ;
#5084 = ADVANCED_FACE ( 'NONE', ( #8591 ), #5418, .T. ) ;
#5085 = DIRECTION ( 'NONE',  ( -0.4533501542978090604, 0.8913325067550004199, 0.000000000000000000 ) ) ;
#5086 = CARTESIAN_POINT ( 'NONE',  ( -0.05268343175325553018, -1.127774659775699684, 2.875000000000000000 ) ) ;
#5087 = PRESENTATION_LAYER_ASSIGNMENT (  '', '', ( #4233 ) ) ;
#5088 = ORIENTED_EDGE ( 'NONE', *, *, #2624, .T. ) ;
#5089 = AXIS2_PLACEMENT_3D ( 'NONE', #4619, #3923, #3871 ) ;
#5090 = DIRECTION ( 'NONE',  ( 1.000000000000000000, 1.239088197126291063E-16, -0.000000000000000000 ) ) ;
#5091 = DIRECTION ( 'NONE',  ( -0.000000000000000000, -0.000000000000000000, 1.000000000000000000 ) ) ;
#5092 = VECTOR ( 'NONE', #4146, 1000.000000000000000 ) ;
#5093 = CARTESIAN_POINT ( 'NONE',  ( 0.4993999015800777430, -0.2116866968127367465, 2.774999999999999911 ) ) ;
#5094 = EDGE_CURVE ( 'NONE', #825, #5453, #1328, .T. ) ;
#5095 = ORIENTED_EDGE ( 'NONE', *, *, #10201, .F. ) ;
#5096 =( NAMED_UNIT ( * ) PLANE_ANGLE_UNIT ( ) SI_UNIT ( $, .RADIAN. ) );
#5097 = CARTESIAN_POINT ( 'NONE',  ( -0.03956614780263817410, -0.8800894745905145644, 2.875000000000000000 ) ) ;
#5098 = CARTESIAN_POINT ( 'NONE',  ( -1.607467382370539655, -0.5945956474300208017, 2.875000000000000000 ) ) ;
#5099 = EDGE_CURVE ( 'NONE', #948, #6583, #3633, .T. ) ;
#5100 = ORIENTED_EDGE ( 'NONE', *, *, #4410, .F. ) ;
#5101 = VERTEX_POINT ( 'NONE', #2835 ) ;
#5102 = ORIENTED_EDGE ( 'NONE', *, *, #78, .T. ) ;
#5103 = VECTOR ( 'NONE', #2940, 1000.000000000000000 ) ;
#5104 = DIRECTION ( 'NONE',  ( 0.000000000000000000, 0.8574929257125436521, 0.5144957554275276790 ) ) ;
#5105 = ORIENTED_EDGE ( 'NONE', *, *, #2026, .T. ) ;
#5106 = DIRECTION ( 'NONE',  ( 0.000000000000000000, -1.000000000000000000, 0.000000000000000000 ) ) ;
#5107 = AXIS2_PLACEMENT_3D ( 'NONE', #3574, #3623, #7625 ) ;
#5108 = EDGE_CURVE ( 'NONE', #10482, #8190, #4594, .T. ) ;
#5109 = PRESENTATION_STYLE_ASSIGNMENT (( #1842 ) ) ;
#5110 = ORIENTED_EDGE ( 'NONE', *, *, #9690, .F. ) ;
#5111 = LINE ( 'NONE', #8562, #8167 ) ;
#5112 = ORIENTED_EDGE ( 'NONE', *, *, #352, .T. ) ;
#5113 = CARTESIAN_POINT ( 'NONE',  ( 1.401213173185015926, -0.9784691042201443256, 2.774999999999999911 ) ) ;
#5114 = ADVANCED_FACE ( 'NONE', ( #3788 ), #425, .T. ) ;
#5115 = DIRECTION ( 'NONE',  ( 1.000000000000000000, 0.000000000000000000, 0.000000000000000000 ) ) ;
#5116 = EDGE_CURVE ( 'NONE', #10225, #3921, #2081, .T. ) ;
#5117 = PRESENTATION_LAYER_ASSIGNMENT (  '', '', ( #9769 ) ) ;
#5118 = DIRECTION ( 'NONE',  ( -0.000000000000000000, -0.000000000000000000, -1.000000000000000000 ) ) ;
#5119 = CARTESIAN_POINT ( 'NONE',  ( 0.8120928028146459088, -1.034603363479403626, 2.774999999999999911 ) ) ;
#5120 = CARTESIAN_POINT ( 'NONE',  ( 2.849999999999999645, -5.000000000000000000, -1.115994428244946324 ) ) ;
#5121 = VERTEX_POINT ( 'NONE', #3738 ) ;
#5122 = FACE_OUTER_BOUND ( 'NONE', #7308, .T. ) ;
#5123 = DIRECTION ( 'NONE',  ( -0.7639348135893894165, -0.6452934220849806390, 0.000000000000000000 ) ) ;
#5124 = AXIS2_PLACEMENT_3D ( 'NONE', #6963, #5509, #2920 ) ;
#5125 = VERTEX_POINT ( 'NONE', #2939 ) ;
#5126 = ADVANCED_FACE ( 'NONE', ( #6233 ), #8802, .T. ) ;
#5127 =( NAMED_UNIT ( * ) SI_UNIT ( $, .STERADIAN. ) SOLID_ANGLE_UNIT ( ) );
#5128 = FILL_AREA_STYLE_COLOUR ( '', #5849 ) ;
#5129 = PLANE ( 'NONE',  #10272 ) ;
#5130 = SURFACE_SIDE_STYLE ('',( #6765 ) ) ;
#5131 = MECHANICAL_DESIGN_GEOMETRIC_PRESENTATION_REPRESENTATION (  '', ( #4786 ), #3083 ) ;
#5132 = DIRECTION ( 'NONE',  ( -0.4413934091740803756, -0.8973136900424972806, 0.000000000000000000 ) ) ;
#5133 = CARTESIAN_POINT ( 'NONE',  ( 2.596429222567732342, -0.2141944128621195154, 2.875000000000000000 ) ) ;
#5134 = COLOUR_RGB ( '',0.7529411764705882248, 0.7529411764705882248, 0.7529411764705882248 ) ;
#5135 =( NAMED_UNIT ( * ) SI_UNIT ( $, .STERADIAN. ) SOLID_ANGLE_UNIT ( ) );
#5136 = DIRECTION ( 'NONE',  ( 0.2746593287602859812, 0.9615416023890746011, 0.000000000000000000 ) ) ;
#5137 = ADVANCED_FACE ( 'NONE', ( #4817 ), #10635, .F. ) ;
#5138 = DIRECTION ( 'NONE',  ( 1.000000000000000000, 0.000000000000000000, 0.000000000000000000 ) ) ;
#5139 = FACE_OUTER_BOUND ( 'NONE', #6530, .T. ) ;
#5140 =( GEOMETRIC_REPRESENTATION_CONTEXT ( 3 ) GLOBAL_UNCERTAINTY_ASSIGNED_CONTEXT ( ( #4922 ) ) GLOBAL_UNIT_ASSIGNED_CONTEXT ( ( #8557, #669, #4780 ) ) REPRESENTATION_CONTEXT ( 'NONE', 'WORKASPACE' ) );
#5141 = CARTESIAN_POINT ( 'NONE',  ( 0.1433042225677319537, -1.079742252368292244, 2.774999999999999911 ) ) ;
#5142 = AXIS2_PLACEMENT_3D ( 'NONE', #5943, #185, #9220 ) ;
#5143 = DIRECTION ( 'NONE',  ( -0.000000000000000000, -0.000000000000000000, 1.000000000000000000 ) ) ;
#5144 = EDGE_LOOP ( 'NONE', ( #3392, #3784, #2126, #2742 ) ) ;
#5145 = DIRECTION ( 'NONE',  ( -1.000000000000000000, 0.000000000000000000, -0.000000000000000000 ) ) ;
#5146 =( LENGTH_UNIT ( ) NAMED_UNIT ( * ) SI_UNIT ( .MILLI., .METRE. ) );
#5147 = COLOUR_RGB ( '',0.7529411764705882248, 0.7529411764705882248, 0.7529411764705882248 ) ;
#5148 = VECTOR ( 'NONE', #431, 1000.000000000000000 ) ;
#5149 = SURFACE_STYLE_FILL_AREA ( #3692 ) ;
#5150 = CARTESIAN_POINT ( 'NONE',  ( 1.880379839851682666, -1.106362622738662704, 2.774999999999999911 ) ) ;
#5151 = CARTESIAN_POINT ( 'NONE',  ( -2.296896394716218648, -1.046563240022613472, 2.774999999999999911 ) ) ;
#5152 = ORIENTED_EDGE ( 'NONE', *, *, #6109, .T. ) ;
#5153 = ORIENTED_EDGE ( 'NONE', *, *, #10189, .T. ) ;
#5154 = ORIENTED_EDGE ( 'NONE', *, *, #9591, .T. ) ;
#5155 = AXIS2_PLACEMENT_3D ( 'NONE', #3345, #9419, #6962 ) ;
#5156 = DIRECTION ( 'NONE',  ( 0.4507453599006553402, 0.8926525754894950593, 0.000000000000000000 ) ) ;
#5157 = LINE ( 'NONE', #1034, #6598 ) ;
#5158 = LINE ( 'NONE', #6948, #10133 ) ;
#5159 = VERTEX_POINT ( 'NONE', #10470 ) ;
#5160 = FACE_OUTER_BOUND ( 'NONE', #3030, .T. ) ;
#5161 = MECHANICAL_DESIGN_GEOMETRIC_PRESENTATION_REPRESENTATION (  '', ( #3785 ), #6564 ) ;
#5162 = MECHANICAL_DESIGN_GEOMETRIC_PRESENTATION_REPRESENTATION (  '', ( #8778 ), #7937 ) ;
#5163 = FACE_OUTER_BOUND ( 'NONE', #3608, .T. ) ;
#5164 = VERTEX_POINT ( 'NONE', #10420 ) ;
#5165 = ORIENTED_EDGE ( 'NONE', *, *, #2072, .T. ) ;
#5166 = FILL_AREA_STYLE_COLOUR ( '', #3177 ) ;
#5167 = PRESENTATION_STYLE_ASSIGNMENT (( #8313 ) ) ;
#5168 = PRESENTATION_LAYER_ASSIGNMENT (  '', '', ( #46 ) ) ;
#5169 = MECHANICAL_DESIGN_GEOMETRIC_PRESENTATION_REPRESENTATION (  '', ( #733 ), #9462 ) ;
#5170 = CARTESIAN_POINT ( 'NONE',  ( 2.096429222567731898, -1.056979906689279991, 2.774999999999999911 ) ) ;
#5171 = ADVANCED_FACE ( 'NONE', ( #7263 ), #7959, .F. ) ;
#5172 = CARTESIAN_POINT ( 'NONE',  ( 3.700000000000000622, -3.500000000000000000, -2.875000000000000000 ) ) ;
#5173 = CARTESIAN_POINT ( 'NONE',  ( 2.849999999999999645, -5.000000000000000000, -1.834005571755054076 ) ) ;
#5174 = EDGE_CURVE ( 'NONE', #3438, #4102, #3518, .T. ) ;
#5175 = CARTESIAN_POINT ( 'NONE',  ( 0.8159508275060035620, -0.9319799066892799910, 2.774999999999999911 ) ) ;
#5176 = ORIENTED_EDGE ( 'NONE', *, *, #4475, .T. ) ;
#5177 = PLANE ( 'NONE',  #4138 ) ;
#5178 = CARTESIAN_POINT ( 'NONE',  ( -1.050000000000000933, -6.899999999999999467, 0.3250000000000000111 ) ) ;
#5179 = ORIENTED_EDGE ( 'NONE', *, *, #10001, .F. ) ;
#5180 = DIRECTION ( 'NONE',  ( 0.000000000000000000, 1.000000000000000000, -0.000000000000000000 ) ) ;
#5181 = CARTESIAN_POINT ( 'NONE',  ( 2.596429222567732342, -0.2141944128621195154, 2.774999999999999911 ) ) ;
#5182 = SURFACE_STYLE_USAGE ( .BOTH. , #1905 ) ;
#5183 = SURFACE_STYLE_FILL_AREA ( #5999 ) ;
#5184 = SURFACE_STYLE_FILL_AREA ( #9235 ) ;
#5185 = CARTESIAN_POINT ( 'NONE',  ( -1.570000000000001172, -3.101766864349280173, 0.8450000000000000844 ) ) ;
#5186 = LINE ( 'NONE', #1067, #4497 ) ;
#5187 = PLANE ( 'NONE',  #8269 ) ;
#5188 = ADVANCED_FACE ( 'NONE', ( #9230 ), #3357, .F. ) ;
#5189 = CARTESIAN_POINT ( 'NONE',  ( -1.513138678666836157, -1.127774659775699684, 2.774999999999999911 ) ) ;
#5190 = AXIS2_PLACEMENT_3D ( 'NONE', #9282, #1412, #8042 ) ;
#5191 = FILL_AREA_STYLE_COLOUR ( '', #7493 ) ;
#5192 = CARTESIAN_POINT ( 'NONE',  ( -2.058663370024860662, -0.6146573758250823971, 2.875000000000000000 ) ) ;
#5193 = LINE ( 'NONE', #8441, #2372 ) ;
#5194 =( NAMED_UNIT ( * ) SI_UNIT ( $, .STERADIAN. ) SOLID_ANGLE_UNIT ( ) );
#5195 = EDGE_LOOP ( 'NONE', ( #1404, #4530, #4667, #2766 ) ) ;
#5196 = DIRECTION ( 'NONE',  ( 1.694065894508601418E-16, 0.000000000000000000, 1.000000000000000000 ) ) ;
#5197 = VECTOR ( 'NONE', #10147, 1000.000000000000000 ) ;
#5198 = PRESENTATION_STYLE_ASSIGNMENT (( #6992 ) ) ;
#5199 = SURFACE_STYLE_FILL_AREA ( #2034 ) ;
#5200 = CARTESIAN_POINT ( 'NONE',  ( -2.950000000000000178, -2.250000000000000000, -2.125000000000000000 ) ) ;
#5201 = ORIENTED_EDGE ( 'NONE', *, *, #4998, .F. ) ;
#5202 = EDGE_LOOP ( 'NONE', ( #2417, #4840, #8498, #2193 ) ) ;
#5203 = VERTEX_POINT ( 'NONE', #1010 ) ;
#5204 = VECTOR ( 'NONE', #4015, 1000.000000000000000 ) ;
#5205 = STYLED_ITEM ( 'NONE', ( #5420 ), #5798 ) ;
#5206 = CARTESIAN_POINT ( 'NONE',  ( -0.1796124440989347038, -0.9744181782942182846, 2.875000000000000000 ) ) ;
#5207 = CARTESIAN_POINT ( 'NONE',  ( 2.096429222567731898, -1.056979906689279991, 2.774999999999999911 ) ) ;
#5208 = CARTESIAN_POINT ( 'NONE',  ( 1.983967802814646131, -1.046563240022613472, 2.774999999999999911 ) ) ;
#5209 = ORIENTED_EDGE ( 'NONE', *, *, #1600, .T. ) ;
#5210 = DIRECTION ( 'NONE',  ( -0.000000000000000000, -0.000000000000000000, 1.000000000000000000 ) ) ;
#5211 =( NAMED_UNIT ( * ) SI_UNIT ( $, .STERADIAN. ) SOLID_ANGLE_UNIT ( ) );
#5212 = LINE ( 'NONE', #3603, #768 ) ;
#5213 = VERTEX_POINT ( 'NONE', #6659 ) ;
#5214 = FACE_OUTER_BOUND ( 'NONE', #8134, .T. ) ;
#5215 = ORIENTED_EDGE ( 'NONE', *, *, #9852, .F. ) ;
#5216 = PLANE ( 'NONE',  #9015 ) ;
#5217 = PLANE ( 'NONE',  #3280 ) ;
#5218 = VECTOR ( 'NONE', #7443, 1000.000000000000000 ) ;
#5219 = VECTOR ( 'NONE', #5395, 1000.000000000000000 ) ;
#5220 = FILL_AREA_STYLE_COLOUR ( '', #3384 ) ;
#5221 = DIRECTION ( 'NONE',  ( -0.3304681836477270651, -0.9438171324979072185, 0.000000000000000000 ) ) ;
#5222 = FILL_AREA_STYLE ('',( #2919 ) ) ;
#5223 = AXIS2_PLACEMENT_3D ( 'NONE', #7630, #1118, #9330 ) ;
#5224 = CARTESIAN_POINT ( 'NONE',  ( -1.278763678666835935, -0.1491866968127367743, 2.774999999999999911 ) ) ;
#5225 = ORIENTED_EDGE ( 'NONE', *, *, #1554, .F. ) ;
#5226 = DIRECTION ( 'NONE',  ( -0.9796945948295863182, -0.2004956380116349191, 0.000000000000000000 ) ) ;
#5227 = MECHANICAL_DESIGN_GEOMETRIC_PRESENTATION_REPRESENTATION (  '', ( #6629 ), #1646 ) ;
#5228 = CARTESIAN_POINT ( 'NONE',  ( -0.9300000000000011591, -3.101766864349278841, -2.875000000000000000 ) ) ;
#5229 = EDGE_CURVE ( 'NONE', #9928, #10056, #4280, .T. ) ;
#5230 = ORIENTED_EDGE ( 'NONE', *, *, #805, .T. ) ;
#5231 = LINE ( 'NONE', #1167, #9158 ) ;
#5232 = AXIS2_PLACEMENT_3D ( 'NONE', #117, #3431, #2482 ) ;
#5233 =( LENGTH_UNIT ( ) NAMED_UNIT ( * ) SI_UNIT ( .MILLI., .METRE. ) );
#5234 = LINE ( 'NONE', #468, #3944 ) ;
#5235 = VECTOR ( 'NONE', #2149, 1000.000000000000000 ) ;
#5236 =( LENGTH_UNIT ( ) NAMED_UNIT ( * ) SI_UNIT ( .MILLI., .METRE. ) );
#5237 = LINE ( 'NONE', #4239, #7656 ) ;
#5238 = UNCERTAINTY_MEASURE_WITH_UNIT (LENGTH_MEASURE( 1.000000000000000082E-05 ), #4838, 'distance_accuracy_value', 'NONE');
#5239 = LINE ( 'NONE', #2727, #8624 ) ;
#5240 = FACE_OUTER_BOUND ( 'NONE', #9914, .T. ) ;
#5241 = AXIS2_PLACEMENT_3D ( 'NONE', #5817, #1722, #8287 ) ;
#5242 = DIRECTION ( 'NONE',  ( 0.9522928173408854446, 0.3051858287027088279, 0.000000000000000000 ) ) ;
#5243 = AXIS2_PLACEMENT_3D ( 'NONE', #9965, #3342, #7507 ) ;
#5244 = DIRECTION ( 'NONE',  ( 0.000000000000000000, -1.000000000000000000, 0.000000000000000000 ) ) ;
#5245 =( GEOMETRIC_REPRESENTATION_CONTEXT ( 3 ) GLOBAL_UNCERTAINTY_ASSIGNED_CONTEXT ( ( #5268 ) ) GLOBAL_UNIT_ASSIGNED_CONTEXT ( ( #3148, #742, #5073 ) ) REPRESENTATION_CONTEXT ( 'NONE', 'WORKASPACE' ) );
#5246 =( NAMED_UNIT ( * ) SI_UNIT ( $, .STERADIAN. ) SOLID_ANGLE_UNIT ( ) );
#5247 =( LENGTH_UNIT ( ) NAMED_UNIT ( * ) SI_UNIT ( .MILLI., .METRE. ) );
#5248 = CARTESIAN_POINT ( 'NONE',  ( 0.4131687630347662399, -2.601766864349279285, 2.875000000000000000 ) ) ;
#5249 = ORIENTED_EDGE ( 'NONE', *, *, #3671, .F. ) ;
#5250 = EDGE_CURVE ( 'NONE', #9507, #4366, #4170, .T. ) ;
#5251 = CARTESIAN_POINT ( 'NONE',  ( 0.9299999999999992717, -6.700000000000000178, 0.2049999999999998768 ) ) ;
#5252 = UNCERTAINTY_MEASURE_WITH_UNIT (LENGTH_MEASURE( 1.000000000000000082E-05 ), #416, 'distance_accuracy_value', 'NONE');
#5253 = LINE ( 'NONE', #8597, #910 ) ;
#5254 = CARTESIAN_POINT ( 'NONE',  ( 2.950000000000000178, 3.100000000000002309, 1.156639881571555506 ) ) ;
#5255 = VECTOR ( 'NONE', #5669, 1000.000000000000000 ) ;
#5256 = ADVANCED_FACE ( 'NONE', ( #5848 ), #3411, .T. ) ;
#5257 = STYLED_ITEM ( 'NONE', ( #10603 ), #2261 ) ;
#5258 = LINE ( 'NONE', #10429, #4720 ) ;
#5259 = ORIENTED_EDGE ( 'NONE', *, *, #7392, .F. ) ;
#5260 = ORIENTED_EDGE ( 'NONE', *, *, #2758, .F. ) ;
#5261 = ORIENTED_EDGE ( 'NONE', *, *, #6404, .T. ) ;
#5262 = CARTESIAN_POINT ( 'NONE',  ( 2.096429222567731898, -1.056979906689279991, 2.875000000000000000 ) ) ;
#5263 = EDGE_CURVE ( 'NONE', #2325, #2713, #7624, .T. ) ;
#5264 = PLANE ( 'NONE',  #8310 ) ;
#5265 = CARTESIAN_POINT ( 'NONE',  ( -1.886209666321156941, -1.106362622738662704, 2.774999999999999911 ) ) ;
#5266 = ORIENTED_EDGE ( 'NONE', *, *, #2180, .F. ) ;
#5267 = LINE ( 'NONE', #1199, #4249 ) ;
#5268 = UNCERTAINTY_MEASURE_WITH_UNIT (LENGTH_MEASURE( 1.000000000000000082E-05 ), #3148, 'distance_accuracy_value', 'NONE');
#5269 = ADVANCED_FACE ( 'NONE', ( #616 ), #5288, .T. ) ;
#5270 = EDGE_CURVE ( 'NONE', #599, #7899, #6371, .T. ) ;
#5271 =( LENGTH_UNIT ( ) NAMED_UNIT ( * ) SI_UNIT ( .MILLI., .METRE. ) );
#5272 = ORIENTED_EDGE ( 'NONE', *, *, #4293, .F. ) ;
#5273 = STYLED_ITEM ( 'NONE', ( #6162 ), #831 ) ;
#5274 = FACE_BOUND ( 'NONE', #2853, .T. ) ;
#5275 = ORIENTED_EDGE ( 'NONE', *, *, #7990, .F. ) ;
#5276 = DIRECTION ( 'NONE',  ( -0.4456560410091429669, 0.8952042745161894466, 0.000000000000000000 ) ) ;
#5277 =( LENGTH_UNIT ( ) NAMED_UNIT ( * ) SI_UNIT ( .MILLI., .METRE. ) );
#5278 =( LENGTH_UNIT ( ) NAMED_UNIT ( * ) SI_UNIT ( .MILLI., .METRE. ) );
#5279 = FACE_OUTER_BOUND ( 'NONE', #8706, .T. ) ;
#5280 = DIRECTION ( 'NONE',  ( 1.000000000000000000, 0.000000000000000000, 0.000000000000000000 ) ) ;
#5281 = SURFACE_STYLE_USAGE ( .BOTH. , #3403 ) ;
#5282 = VERTEX_POINT ( 'NONE', #10446 ) ;
#5283 = PRESENTATION_STYLE_ASSIGNMENT (( #7728 ) ) ;
#5284 = DIRECTION ( 'NONE',  ( -0.3051858287027087169, 0.9522928173408853336, 0.000000000000000000 ) ) ;
#5285 = ORIENTED_EDGE ( 'NONE', *, *, #1371, .T. ) ;
#5286 = MECHANICAL_DESIGN_GEOMETRIC_PRESENTATION_REPRESENTATION (  '', ( #1519 ), #1342 ) ;
#5287 = ADVANCED_FACE ( 'NONE', ( #3818 ), #1353, .T. ) ;
#5288 = PLANE ( 'NONE',  #3151 ) ;
#5290 = ORIENTED_EDGE ( 'NONE', *, *, #6855, .F. ) ;
#5289 = LINE ( 'NONE', #10239, #664 ) ;
#5291 = DIRECTION ( 'NONE',  ( 0.7071067811865412445, -0.7071067811865537900, 0.000000000000000000 ) ) ;
#5292 = DIRECTION ( 'NONE',  ( 0.000000000000000000, 0.000000000000000000, -1.000000000000000000 ) ) ;
#5293 = CARTESIAN_POINT ( 'NONE',  ( -0.9300000000000011591, 3.100000000000000089, 0.2049999999999999878 ) ) ;
#5294 =( NAMED_UNIT ( * ) SI_UNIT ( $, .STERADIAN. ) SOLID_ANGLE_UNIT ( ) );
#5295 = SURFACE_STYLE_USAGE ( .BOTH. , #6113 ) ;
#5296 = PRESENTATION_LAYER_ASSIGNMENT (  '', '', ( #7232 ) ) ;
#5297 = CARTESIAN_POINT ( 'NONE',  ( 2.638867494172670192, -0.4190555239732305925, 2.774999999999999911 ) ) ;
#5298 = STYLED_ITEM ( 'NONE', ( #8620 ), #208 ) ;
#5299 = CARTESIAN_POINT ( 'NONE',  ( -2.118655653975478170, -1.106362622738662704, 2.774999999999999911 ) ) ;
#5300 = ORIENTED_EDGE ( 'NONE', *, *, #3142, .F. ) ;
#5301 = DIRECTION ( 'NONE',  ( 0.2746593287602859812, 0.9615416023890746011, 0.000000000000000000 ) ) ;
#5302 =( GEOMETRIC_REPRESENTATION_CONTEXT ( 3 ) GLOBAL_UNCERTAINTY_ASSIGNED_CONTEXT ( ( #6237 ) ) GLOBAL_UNIT_ASSIGNED_CONTEXT ( ( #8361, #8413, #9096 ) ) REPRESENTATION_CONTEXT ( 'NONE', 'WORKASPACE' ) );
#5303 = LINE ( 'NONE', #5248, #2814 ) ;
#5304 = EDGE_CURVE ( 'NONE', #8607, #7046, #5231, .T. ) ;
#5305 = VERTEX_POINT ( 'NONE', #675 ) ;
#5306 =( NAMED_UNIT ( * ) SI_UNIT ( $, .STERADIAN. ) SOLID_ANGLE_UNIT ( ) );
#5307 = DIRECTION ( 'NONE',  ( 0.000000000000000000, -1.000000000000000000, 0.000000000000000000 ) ) ;
#5308 = FILL_AREA_STYLE_COLOUR ( '', #5950 ) ;
#5309 = CARTESIAN_POINT ( 'NONE',  ( 2.208504839851682888, -1.106362622738662704, 2.774999999999999911 ) ) ;
#5310 = DIRECTION ( 'NONE',  ( -0.000000000000000000, -0.000000000000000000, 1.000000000000000000 ) ) ;
#5311 =( GEOMETRIC_REPRESENTATION_CONTEXT ( 3 ) GLOBAL_UNCERTAINTY_ASSIGNED_CONTEXT ( ( #2470 ) ) GLOBAL_UNIT_ASSIGNED_CONTEXT ( ( #5441, #5659, #8035 ) ) REPRESENTATION_CONTEXT ( 'NONE', 'WORKASPACE' ) );
#5312 = EDGE_CURVE ( 'NONE', #327, #5696, #3931, .T. ) ;
#5313 = AXIS2_PLACEMENT_3D ( 'NONE', #2070, #2128, #303 ) ;
#5314 = EDGE_CURVE ( 'NONE', #2150, #4763, #1111, .T. ) ;
#5315 = ORIENTED_EDGE ( 'NONE', *, *, #3412, .F. ) ;
#5316 = VERTEX_POINT ( 'NONE', #299 ) ;
#5317 = VERTEX_POINT ( 'NONE', #3572 ) ;
#5318 = FACE_OUTER_BOUND ( 'NONE', #9743, .T. ) ;
#5319 =( NAMED_UNIT ( * ) SI_UNIT ( $, .STERADIAN. ) SOLID_ANGLE_UNIT ( ) );
#5320 = CARTESIAN_POINT ( 'NONE',  ( 1.569999999999999396, -7.605096679918781355, 0.8449999999999998623 ) ) ;
#5321 =( GEOMETRIC_REPRESENTATION_CONTEXT ( 3 ) GLOBAL_UNCERTAINTY_ASSIGNED_CONTEXT ( ( #5477 ) ) GLOBAL_UNIT_ASSIGNED_CONTEXT ( ( #2311, #5590, #3062 ) ) REPRESENTATION_CONTEXT ( 'NONE', 'WORKASPACE' ) );
#5322 = ORIENTED_EDGE ( 'NONE', *, *, #3953, .T. ) ;
#5323 = ADVANCED_FACE ( 'NONE', ( #7233 ), #839, .T. ) ;
#5324 = PRESENTATION_LAYER_ASSIGNMENT (  '', '', ( #4442 ) ) ;
#5325 = CARTESIAN_POINT ( 'NONE',  ( 0.9299999999999993827, -6.700000000000000178, 0.2049999999999999045 ) ) ;
#5326 = LINE ( 'NONE', #8507, #8371 ) ;
#5327 =( NAMED_UNIT ( * ) PLANE_ANGLE_UNIT ( ) SI_UNIT ( $, .RADIAN. ) );
#5328 = DIRECTION ( 'NONE',  ( -0.5144957554275266798, -0.8574929257125439852, 0.000000000000000000 ) ) ;
#5329 = ORIENTED_EDGE ( 'NONE', *, *, #1276, .T. ) ;
#5330 = EDGE_CURVE ( 'NONE', #3844, #35, #5827, .T. ) ;
#5331 = AXIS2_PLACEMENT_3D ( 'NONE', #909, #9108, #4812 ) ;
#5332 = CARTESIAN_POINT ( 'NONE',  ( 1.002872123802300175, -0.2768873140966874313, 2.774999999999999911 ) ) ;
#5333 = VERTEX_POINT ( 'NONE', #8145 ) ;
#5334 = DIRECTION ( 'NONE',  ( -0.000000000000000000, -0.000000000000000000, 1.000000000000000000 ) ) ;
#5335 = EDGE_CURVE ( 'NONE', #167, #3811, #1629, .T. ) ;
#5336 = FACE_OUTER_BOUND ( 'NONE', #8934, .T. ) ;
#5337 = FILL_AREA_STYLE_COLOUR ( '', #10494 ) ;
#5338 = PRESENTATION_LAYER_ASSIGNMENT (  '', '', ( #2248 ) ) ;
#5339 = VECTOR ( 'NONE', #4328, 1000.000000000000114 ) ;
#5340 = LINE ( 'NONE', #3768, #2902 ) ;
#5341 = CARTESIAN_POINT ( 'NONE',  ( -1.838563061382885389, -0.1493795980473046625, 2.774999999999999911 ) ) ;
#5342 = VERTEX_POINT ( 'NONE', #782 ) ;
#5343 = CARTESIAN_POINT ( 'NONE',  ( -2.166688061382885166, -0.1277746597756997671, 2.774999999999999911 ) ) ;
#5344 = VERTEX_POINT ( 'NONE', #7394 ) ;
#5345 = AXIS2_PLACEMENT_3D ( 'NONE', #2418, #6457, #10591 ) ;
#5346 = EDGE_LOOP ( 'NONE', ( #3644, #5551, #2901, #7159 ) ) ;
#5347 = CARTESIAN_POINT ( 'NONE',  ( -0.4930200591917125452, -3.101766864349278841, -2.875000000000000000 ) ) ;
#5348 = DIRECTION ( 'NONE',  ( -0.8046372038048419384, -0.5937667641870209012, 0.000000000000000000 ) ) ;
#5349 = AXIS2_PLACEMENT_3D ( 'NONE', #7841, #3729, #6975 ) ;
#5350 = VECTOR ( 'NONE', #382, 1000.000000000000000 ) ;
#5351 = DIRECTION ( 'NONE',  ( -0.4456560410091430224, 0.8952042745161894466, 0.000000000000000000 ) ) ;
#5352 = UNCERTAINTY_MEASURE_WITH_UNIT (LENGTH_MEASURE( 1.000000000000000082E-05 ), #7389, 'distance_accuracy_value', 'NONE');
#5353 = PRESENTATION_STYLE_ASSIGNMENT (( #6171 ) ) ;
#5354 = VERTEX_POINT ( 'NONE', #9906 ) ;
#5355 = SURFACE_STYLE_USAGE ( .BOTH. , #3629 ) ;
#5356 = VERTEX_POINT ( 'NONE', #9045 ) ;
#5357 = EDGE_CURVE ( 'NONE', #7267, #8876, #2327, .T. ) ;
#5358 = CARTESIAN_POINT ( 'NONE',  ( -1.614604728049552129, -0.6146573758250823971, 2.774999999999999911 ) ) ;
#5359 = UNCERTAINTY_MEASURE_WITH_UNIT (LENGTH_MEASURE( 1.000000000000000082E-05 ), #2371, 'distance_accuracy_value', 'NONE');
#5360 = ORIENTED_EDGE ( 'NONE', *, *, #7817, .T. ) ;
#5361 =( NAMED_UNIT ( * ) PLANE_ANGLE_UNIT ( ) SI_UNIT ( $, .RADIAN. ) );
#5362 = DIRECTION ( 'NONE',  ( -0.000000000000000000, -0.000000000000000000, 1.000000000000000000 ) ) ;
#5363 = SURFACE_SIDE_STYLE ('',( #2250 ) ) ;
#5364 = UNCERTAINTY_MEASURE_WITH_UNIT (LENGTH_MEASURE( 1.000000000000000082E-05 ), #8998, 'distance_accuracy_value', 'NONE');
#5365 = CARTESIAN_POINT ( 'NONE',  ( 0.4993999015800777430, -0.2116866968127367465, 2.875000000000000000 ) ) ;
#5366 =( NAMED_UNIT ( * ) SI_UNIT ( $, .STERADIAN. ) SOLID_ANGLE_UNIT ( ) );
#5367 = AXIS2_PLACEMENT_3D ( 'NONE', #2712, #3565, #138 ) ;
#5368 = DIRECTION ( 'NONE',  ( 0.4465157785427872894, 0.8947757593455070158, 0.000000000000000000 ) ) ;
#5369 = EDGE_LOOP ( 'NONE', ( #5708, #6625, #2715, #5969 ) ) ;
#5370 = ORIENTED_EDGE ( 'NONE', *, *, #9715, .F. ) ;
#5371 = ORIENTED_EDGE ( 'NONE', *, *, #9931, .T. ) ;
#5372 = SURFACE_STYLE_USAGE ( .BOTH. , #9454 ) ;
#5373 = CARTESIAN_POINT ( 'NONE',  ( 1.602987864543040653, -0.4159691042201442146, 2.774999999999999911 ) ) ;
#5374 = VECTOR ( 'NONE', #8050, 1000.000000000000000 ) ;
#5375 =( GEOMETRIC_REPRESENTATION_CONTEXT ( 3 ) GLOBAL_UNCERTAINTY_ASSIGNED_CONTEXT ( ( #5359 ) ) GLOBAL_UNIT_ASSIGNED_CONTEXT ( ( #2371, #10543, #9737 ) ) REPRESENTATION_CONTEXT ( 'NONE', 'WORKASPACE' ) );
#5376 = DIRECTION ( 'NONE',  ( 0.000000000000000000, -1.000000000000000000, 0.000000000000000000 ) ) ;
#5377 = ORIENTED_EDGE ( 'NONE', *, *, #7010, .T. ) ;
#5378 = UNCERTAINTY_MEASURE_WITH_UNIT (LENGTH_MEASURE( 1.000000000000000082E-05 ), #8556, 'distance_accuracy_value', 'NONE');
#5379 = CARTESIAN_POINT ( 'NONE',  ( 2.617262555901065380, -0.2792021289115022009, 2.875000000000000000 ) ) ;
#5380 = SURFACE_STYLE_USAGE ( .BOTH. , #281 ) ;
#5381 = EDGE_CURVE ( 'NONE', #4469, #8453, #2543, .T. ) ;
#5382 = ORIENTED_EDGE ( 'NONE', *, *, #10046, .T. ) ;
#5383 = CARTESIAN_POINT ( 'NONE',  ( -1.793038370024860662, -0.1493795980473046625, 2.875000000000000000 ) ) ;
#5384 = ORIENTED_EDGE ( 'NONE', *, *, #3133, .T. ) ;
#5385 = PLANE ( 'NONE',  #4995 ) ;
#5386 = CARTESIAN_POINT ( 'NONE',  ( 0.1271005188640283445, -1.017242252368292244, 2.774999999999999911 ) ) ;
#5387 = COLOUR_RGB ( '',0.7529411764705882248, 0.7529411764705882248, 0.7529411764705882248 ) ;
#5388 = ADVANCED_FACE ( 'NONE', ( #6587 ), #1687, .T. ) ;
#5389 = SURFACE_SIDE_STYLE ('',( #5450 ) ) ;
#5390 = DIRECTION ( 'NONE',  ( 0.000000000000000000, -0.000000000000000000, -1.000000000000000000 ) ) ;
#5391 = LINE ( 'NONE', #8670, #4125 ) ;
#5392 = DIRECTION ( 'NONE',  ( 0.000000000000000000, 1.000000000000000000, 0.000000000000000000 ) ) ;
#5393 = ORIENTED_EDGE ( 'NONE', *, *, #4323, .T. ) ;
#5394 = EDGE_CURVE ( 'NONE', #7899, #9645, #4951, .T. ) ;
#5395 = DIRECTION ( 'NONE',  ( -0.000000000000000000, -0.000000000000000000, 1.000000000000000000 ) ) ;
#5396 = EDGE_CURVE ( 'NONE', #2658, #2481, #7648, .T. ) ;
#5397 = ORIENTED_EDGE ( 'NONE', *, *, #9685, .T. ) ;
#5398 = VERTEX_POINT ( 'NONE', #2642 ) ;
#5399 = STYLED_ITEM ( 'NONE', ( #6645 ), #8711 ) ;
#5400 = ADVANCED_FACE ( 'NONE', ( #1935 ), #5264, .F. ) ;
#5402 = ORIENTED_EDGE ( 'NONE', *, *, #1184, .T. ) ;
#5401 = DIRECTION ( 'NONE',  ( -0.000000000000000000, -0.000000000000000000, 1.000000000000000000 ) ) ;
#5403 = DIRECTION ( 'NONE',  ( -0.8963221124288893726, -0.4434035078469876212, 0.000000000000000000 ) ) ;
#5404 =( NAMED_UNIT ( * ) SI_UNIT ( $, .STERADIAN. ) SOLID_ANGLE_UNIT ( ) );
#5405 = SURFACE_SIDE_STYLE ('',( #10293 ) ) ;
#5406 = STYLED_ITEM ( 'NONE', ( #19 ), #8948 ) ;
#5407 = FILL_AREA_STYLE ('',( #7025 ) ) ;
#5408 = CARTESIAN_POINT ( 'NONE',  ( 1.401213173185015926, -0.9784691042201443256, 2.774999999999999911 ) ) ;
#5409 = ORIENTED_EDGE ( 'NONE', *, *, #8564, .F. ) ;
#5410 = CARTESIAN_POINT ( 'NONE',  ( 2.949999999999999289, -2.250000000000000000, -2.125000000000000000 ) ) ;
#5411 = EDGE_CURVE ( 'NONE', #7673, #2316, #1878, .T. ) ;
#5412 =( GEOMETRIC_REPRESENTATION_CONTEXT ( 3 ) GLOBAL_UNCERTAINTY_ASSIGNED_CONTEXT ( ( #7981 ) ) GLOBAL_UNIT_ASSIGNED_CONTEXT ( ( #5701, #2309, #6566 ) ) REPRESENTATION_CONTEXT ( 'NONE', 'WORKASPACE' ) );
#5413 = CARTESIAN_POINT ( 'NONE',  ( 1.002872123802300175, -0.2768873140966874313, 2.774999999999999911 ) ) ;
#5414 = ORIENTED_EDGE ( 'NONE', *, *, #5835, .F. ) ;
#5415 = EDGE_CURVE ( 'NONE', #139, #599, #6081, .T. ) ;
#5416 =( LENGTH_UNIT ( ) NAMED_UNIT ( * ) SI_UNIT ( .MILLI., .METRE. ) );
#5417 =( GEOMETRIC_REPRESENTATION_CONTEXT ( 3 ) GLOBAL_UNCERTAINTY_ASSIGNED_CONTEXT ( ( #6336 ) ) GLOBAL_UNIT_ASSIGNED_CONTEXT ( ( #9833, #714, #4827 ) ) REPRESENTATION_CONTEXT ( 'NONE', 'WORKASPACE' ) );
#5418 = PLANE ( 'NONE',  #563 ) ;
#5419 = FACE_OUTER_BOUND ( 'NONE', #777, .T. ) ;
#5420 = PRESENTATION_STYLE_ASSIGNMENT (( #366 ) ) ;
#5421 = ORIENTED_EDGE ( 'NONE', *, *, #557, .F. ) ;
#5422 = FACE_OUTER_BOUND ( 'NONE', #4696, .T. ) ;
#5423 = PRESENTATION_LAYER_ASSIGNMENT (  '', '', ( #10059 ) ) ;
#5424 =( NAMED_UNIT ( * ) PLANE_ANGLE_UNIT ( ) SI_UNIT ( $, .RADIAN. ) );
#5425 = DIRECTION ( 'NONE',  ( 1.000000000000000000, 0.000000000000000000, 0.000000000000000000 ) ) ;
#5426 = LINE ( 'NONE', #9670, #10478 ) ;
#5427 = EDGE_CURVE ( 'NONE', #9323, #883, #10111, .T. ) ;
#5428 = FILL_AREA_STYLE_COLOUR ( '', #7663 ) ;
#5429 = ORIENTED_EDGE ( 'NONE', *, *, #2298, .T. ) ;
#5430 = EDGE_LOOP ( 'NONE', ( #4978, #10406, #9601, #9760 ) ) ;
#5431 = ORIENTED_EDGE ( 'NONE', *, *, #8642, .F. ) ;
#5432 =( GEOMETRIC_REPRESENTATION_CONTEXT ( 3 ) GLOBAL_UNCERTAINTY_ASSIGNED_CONTEXT ( ( #9574 ) ) GLOBAL_UNIT_ASSIGNED_CONTEXT ( ( #2090, #5424, #1441 ) ) REPRESENTATION_CONTEXT ( 'NONE', 'WORKASPACE' ) );
#5433 = CYLINDRICAL_SURFACE ( 'NONE', #8449, 0.2000000000000000944 ) ;
#5434 = VECTOR ( 'NONE', #7234, 1000.000000000000000 ) ;
#5435 = CARTESIAN_POINT ( 'NONE',  ( 1.661629839851682444, -0.06604626471397138932, 2.875000000000000000 ) ) ;
#5436 = ORIENTED_EDGE ( 'NONE', *, *, #8811, .T. ) ;
#5437 = VECTOR ( 'NONE', #3560, 1000.000000000000000 ) ;
#5438 =( LENGTH_UNIT ( ) NAMED_UNIT ( * ) SI_UNIT ( .MILLI., .METRE. ) );
#5439 = AXIS2_PLACEMENT_3D ( 'NONE', #1406, #7058, #10490 ) ;
#5440 = ADVANCED_FACE ( 'NONE', ( #10060 ), #9145, .F. ) ;
#5441 =( LENGTH_UNIT ( ) NAMED_UNIT ( * ) SI_UNIT ( .MILLI., .METRE. ) );
#5442 = PRESENTATION_STYLE_ASSIGNMENT (( #10388 ) ) ;
#5443 = ORIENTED_EDGE ( 'NONE', *, *, #4737, .T. ) ;
#5444 = FILL_AREA_STYLE ('',( #5552 ) ) ;
#5445 = ORIENTED_EDGE ( 'NONE', *, *, #2301, .T. ) ;
#5446 =( NAMED_UNIT ( * ) PLANE_ANGLE_UNIT ( ) SI_UNIT ( $, .RADIAN. ) );
#5447 = DIRECTION ( 'NONE',  ( -0.7056826026699989374, 0.7085280970356055974, 0.000000000000000000 ) ) ;
#5448 = DIRECTION ( 'NONE',  ( -0.000000000000000000, -0.000000000000000000, 1.000000000000000000 ) ) ;
#5449 = EDGE_CURVE ( 'NONE', #9424, #9325, #9485, .T. ) ;
#5450 = SURFACE_STYLE_FILL_AREA ( #10232 ) ;
#5451 = CARTESIAN_POINT ( 'NONE',  ( -0.4131687630347657958, -3.101766864349278841, -2.119236689479958358 ) ) ;
#5452 = CARTESIAN_POINT ( 'NONE',  ( -0.1470121354569592087, -0.8266558326152059211, 2.774999999999999911 ) ) ;
#5453 = VERTEX_POINT ( 'NONE', #4201 ) ;
#5454 = EDGE_CURVE ( 'NONE', #1339, #627, #6788, .T. ) ;
#5455 = LINE ( 'NONE', #9423, #9861 ) ;
#5456 = EDGE_LOOP ( 'NONE', ( #835, #6134, #9300, #6834 ) ) ;
#5457 = EDGE_LOOP ( 'NONE', ( #2245, #913, #6958, #1596 ) ) ;
#5458 = MECHANICAL_DESIGN_GEOMETRIC_PRESENTATION_REPRESENTATION (  '', ( #1851 ), #4936 ) ;
#5459 = PRESENTATION_LAYER_ASSIGNMENT (  '', '', ( #4084 ) ) ;
#5461 = ORIENTED_EDGE ( 'NONE', *, *, #2524, .F. ) ;
#5460 = SURFACE_STYLE_USAGE ( .BOTH. , #7835 ) ;
#5462 = DIRECTION ( 'NONE',  ( -0.000000000000000000, -0.000000000000000000, 1.000000000000000000 ) ) ;
#5463 = CARTESIAN_POINT ( 'NONE',  ( -2.164957836983784745, -3.101766864349278841, 0.8450000000000003064 ) ) ;
#5464 = CARTESIAN_POINT ( 'NONE',  ( -1.570000000000001172, -3.101766864349280173, 0.2049999999999999878 ) ) ;
#5465 = FILL_AREA_STYLE ('',( #2073 ) ) ;
#5466 = UNCERTAINTY_MEASURE_WITH_UNIT (LENGTH_MEASURE( 1.000000000000000082E-05 ), #2617, 'distance_accuracy_value', 'NONE');
#5467 =( NAMED_UNIT ( * ) PLANE_ANGLE_UNIT ( ) SI_UNIT ( $, .RADIAN. ) );
#5468 = ORIENTED_EDGE ( 'NONE', *, *, #2779, .T. ) ;
#5469 = LINE ( 'NONE', #10466, #9633 ) ;
#5470 = AXIS2_PLACEMENT_3D ( 'NONE', #2192, #1329, #2354 ) ;
#5471 = FILL_AREA_STYLE_COLOUR ( '', #5387 ) ;
#5472 = EDGE_CURVE ( 'NONE', #9169, #1685, #5157, .T. ) ;
#5473 = COLOUR_RGB ( '',0.7529411764705882248, 0.7529411764705882248, 0.7529411764705882248 ) ;
#5474 = ORIENTED_EDGE ( 'NONE', *, *, #6223, .F. ) ;
#5475 = SURFACE_SIDE_STYLE ('',( #589 ) ) ;
#5476 = DIRECTION ( 'NONE',  ( -0.000000000000000000, -0.000000000000000000, 1.000000000000000000 ) ) ;
#5477 = UNCERTAINTY_MEASURE_WITH_UNIT (LENGTH_MEASURE( 1.000000000000000082E-05 ), #2311, 'distance_accuracy_value', 'NONE');
#5478 = ORIENTED_EDGE ( 'NONE', *, *, #4531, .F. ) ;
#5479 = FACE_OUTER_BOUND ( 'NONE', #4881, .T. ) ;
#5480 = ADVANCED_FACE ( 'NONE', ( #3597 ), #985, .T. ) ;
#5481 = AXIS2_PLACEMENT_3D ( 'NONE', #1468, #9642, #2333 ) ;
#5482 = FILL_AREA_STYLE ('',( #9395 ) ) ;
#5483 = UNCERTAINTY_MEASURE_WITH_UNIT (LENGTH_MEASURE( 1.000000000000000082E-05 ), #203, 'distance_accuracy_value', 'NONE');
#5484 = DIRECTION ( 'NONE',  ( -0.7032323103308215639, -0.7109601379168702939, 0.000000000000000000 ) ) ;
#5485 = FACE_OUTER_BOUND ( 'NONE', #9053, .T. ) ;
#5486 = PRESENTATION_LAYER_ASSIGNMENT (  '', '', ( #4446 ) ) ;
#5487 = EDGE_LOOP ( 'NONE', ( #1569, #8087, #5885, #8731 ) ) ;
#5488 = ORIENTED_EDGE ( 'NONE', *, *, #491, .T. ) ;
#5489 = ORIENTED_EDGE ( 'NONE', *, *, #2754, .T. ) ;
#5490 = VECTOR ( 'NONE', #1637, 1000.000000000000000 ) ;
#5491 = DIRECTION ( 'NONE',  ( 0.000000000000000000, 0.000000000000000000, -1.000000000000000000 ) ) ;
#5492 = FACE_OUTER_BOUND ( 'NONE', #6303, .T. ) ;
#5493 =( NAMED_UNIT ( * ) SI_UNIT ( $, .STERADIAN. ) SOLID_ANGLE_UNIT ( ) );
#5494 = ORIENTED_EDGE ( 'NONE', *, *, #9706, .F. ) ;
#5495 = LINE ( 'NONE', #6417, #3519 ) ;
#5496 = UNCERTAINTY_MEASURE_WITH_UNIT (LENGTH_MEASURE( 1.000000000000000082E-05 ), #568, 'distance_accuracy_value', 'NONE');
#5497 = AXIS2_PLACEMENT_3D ( 'NONE', #3718, #10400, #6429 ) ;
#5498 = DIRECTION ( 'NONE',  ( 0.000000000000000000, -1.000000000000000000, 0.000000000000000000 ) ) ;
#5499 = DIRECTION ( 'NONE',  ( -0.8945509700046446744, 0.4469659517947079941, 0.000000000000000000 ) ) ;
#5500 = CARTESIAN_POINT ( 'NONE',  ( 2.638867494172670192, -0.4190555239732305925, 2.774999999999999911 ) ) ;
#5501 = ORIENTED_EDGE ( 'NONE', *, *, #8549, .T. ) ;
#5502 = VERTEX_POINT ( 'NONE', #5926 ) ;
#5503 = STYLED_ITEM ( 'NONE', ( #4136 ), #3675 ) ;
#5504 = DIRECTION ( 'NONE',  ( -0.4533501542978090049, 0.8913325067550003089, 0.000000000000000000 ) ) ;
#5505 = COLOUR_RGB ( '',0.7529411764705882248, 0.7529411764705882248, 0.7529411764705882248 ) ;
#5506 = VECTOR ( 'NONE', #3702, 1000.000000000000000 ) ;
#5507 = SURFACE_SIDE_STYLE ('',( #3082 ) ) ;
#5508 = FACE_OUTER_BOUND ( 'NONE', #1644, .T. ) ;
#5509 = DIRECTION ( 'NONE',  ( 0.06237828615517804903, 0.9980525784828887526, 0.000000000000000000 ) ) ;
#5510 = CARTESIAN_POINT ( 'NONE',  ( 1.039909160839336932, -1.111185153602860298, 2.774999999999999911 ) ) ;
#5511 = LINE ( 'NONE', #1417, #163 ) ;
#5512 = AXIS2_PLACEMENT_3D ( 'NONE', #9448, #6074, #434 ) ;
#5513 = STYLED_ITEM ( 'NONE', ( #8851 ), #2834 ) ;
#5514 = PLANE ( 'NONE',  #10535 ) ;
#5515 = ORIENTED_EDGE ( 'NONE', *, *, #3667, .F. ) ;
#5516 = LINE ( 'NONE', #8784, #4706 ) ;
#5517 = ORIENTED_EDGE ( 'NONE', *, *, #4942, .F. ) ;
#5518 = EDGE_CURVE ( 'NONE', #9744, #811, #5973, .T. ) ;
#5519 = VECTOR ( 'NONE', #4687, 1000.000000000000000 ) ;
#5521 = EDGE_LOOP ( 'NONE', ( #4749, #3556, #3250, #3282 ) ) ;
#5520 = DIRECTION ( 'NONE',  ( -1.000000000000000000, 0.000000000000000000, 0.000000000000000000 ) ) ;
#5522 =( NAMED_UNIT ( * ) SI_UNIT ( $, .STERADIAN. ) SOLID_ANGLE_UNIT ( ) );
#5523 = CARTESIAN_POINT ( 'NONE',  ( 2.849999999999999645, -3.500000000000000000, -0.9750000000000003109 ) ) ;
#5524 = LINE ( 'NONE', #582, #4433 ) ;
#5525 = DIRECTION ( 'NONE',  ( 0.4472135954999579277, -0.8944271909999158554, 0.000000000000000000 ) ) ;
#5526 = EDGE_LOOP ( 'NONE', ( #1621, #8191, #7972, #9005 ) ) ;
#5527 = SURFACE_STYLE_USAGE ( .BOTH. , #10418 ) ;
#5528 = VERTEX_POINT ( 'NONE', #1086 ) ;
#5529 = CARTESIAN_POINT ( 'NONE',  ( 1.926676136147978724, -0.2572113881707613903, 2.774999999999999911 ) ) ;
#5530 = FILL_AREA_STYLE ('',( #4712 ) ) ;
#5531 = AXIS2_PLACEMENT_3D ( 'NONE', #728, #3284, #3992 ) ;
#5532 = ORIENTED_EDGE ( 'NONE', *, *, #5721, .F. ) ;
#5533 = SURFACE_SIDE_STYLE ('',( #3635 ) ) ;
#5534 = EDGE_CURVE ( 'NONE', #1290, #1411, #9351, .T. ) ;
#5535 =( LENGTH_UNIT ( ) NAMED_UNIT ( * ) SI_UNIT ( .MILLI., .METRE. ) );
#5536 = CARTESIAN_POINT ( 'NONE',  ( -1.770000000000001128, -5.422383267283204411, 0.4049999999999999711 ) ) ;
#5537 = EDGE_CURVE ( 'NONE', #4923, #6279, #8764, .T. ) ;
#5538 = ORIENTED_EDGE ( 'NONE', *, *, #2841, .F. ) ;
#5539 = EDGE_LOOP ( 'NONE', ( #7496, #10171, #4278, #5474 ) ) ;
#5540 = ORIENTED_EDGE ( 'NONE', *, *, #1585, .F. ) ;
#5541 = DIRECTION ( 'NONE',  ( -0.4671210330955545276, 0.8841933840737227213, 0.000000000000000000 ) ) ;
#5542 = PRESENTATION_STYLE_ASSIGNMENT (( #4726 ) ) ;
#5543 = CARTESIAN_POINT ( 'NONE',  ( 0.9345850867652628624, -0.2747654005164404944, 2.774999999999999911 ) ) ;
#5544 = SURFACE_STYLE_USAGE ( .BOTH. , #2264 ) ;
#5545 = ORIENTED_EDGE ( 'NONE', *, *, #6461, .F. ) ;
#5546 = CARTESIAN_POINT ( 'NONE',  ( 2.164957836983784745, -2.601766864349279285, 2.875000000000000000 ) ) ;
#5547 = STYLED_ITEM ( 'NONE', ( #9765 ), #7377 ) ;
#5548 = MECHANICAL_DESIGN_GEOMETRIC_PRESENTATION_REPRESENTATION (  '', ( #396 ), #9672 ) ;
#5549 = LINE ( 'NONE', #3872, #9429 ) ;
#5550 = CARTESIAN_POINT ( 'NONE',  ( -1.793038370024860662, -0.1493795980473046625, 2.875000000000000000 ) ) ;
#5551 = ORIENTED_EDGE ( 'NONE', *, *, #3402, .T. ) ;
#5552 = FILL_AREA_STYLE_COLOUR ( '', #9879 ) ;
#5553 = ORIENTED_EDGE ( 'NONE', *, *, #8747, .F. ) ;
#5554 = COLOUR_RGB ( '',0.7529411764705882248, 0.7529411764705882248, 0.7529411764705882248 ) ;
#5555 = VECTOR ( 'NONE', #325, 1000.000000000000000 ) ;
#5556 = DIRECTION ( 'NONE',  ( -0.000000000000000000, -0.000000000000000000, 1.000000000000000000 ) ) ;
#5557 = PRESENTATION_STYLE_ASSIGNMENT (( #10612 ) ) ;
#5558 = DIRECTION ( 'NONE',  ( -0.9620129872629926693, 0.2730036855746332258, 0.000000000000000000 ) ) ;
#5559 = LINE ( 'NONE', #3241, #1972 ) ;
#5560 = LINE ( 'NONE', #10452, #1535 ) ;
#5561 = VECTOR ( 'NONE', #10493, 1000.000000000000114 ) ;
#5562 = AXIS2_PLACEMENT_3D ( 'NONE', #9893, #1677, #10485 ) ;
#5563 = ORIENTED_EDGE ( 'NONE', *, *, #6050, .F. ) ;
#5564 = CARTESIAN_POINT ( 'NONE',  ( 1.586012555901065157, -0.2209459560719960469, 2.774999999999999911 ) ) ;
#5565 = VERTEX_POINT ( 'NONE', #3864 ) ;
#5566 = EDGE_CURVE ( 'NONE', #10618, #2200, #9455, .T. ) ;
#5567 = MECHANICAL_DESIGN_GEOMETRIC_PRESENTATION_REPRESENTATION (  '', ( #1440 ), #6945 ) ;
#5568 = STYLED_ITEM ( 'NONE', ( #3207 ), #5875 ) ;
#5570 = EDGE_LOOP ( 'NONE', ( #5259, #2296, #9372, #2899 ) ) ;
#5569 = DIRECTION ( 'NONE',  ( 0.000000000000000000, 0.000000000000000000, -1.000000000000000000 ) ) ;
#5571 = DIRECTION ( 'NONE',  ( 0.000000000000000000, 1.000000000000000000, 0.000000000000000000 ) ) ;
#5572 =( NAMED_UNIT ( * ) PLANE_ANGLE_UNIT ( ) SI_UNIT ( $, .RADIAN. ) );
#5573 =( NAMED_UNIT ( * ) PLANE_ANGLE_UNIT ( ) SI_UNIT ( $, .RADIAN. ) );
#5574 = UNCERTAINTY_MEASURE_WITH_UNIT (LENGTH_MEASURE( 1.000000000000000082E-05 ), #8816, 'distance_accuracy_value', 'NONE');
#5575 = DIRECTION ( 'NONE',  ( -0.000000000000000000, -0.000000000000000000, 1.000000000000000000 ) ) ;
#5576 = ORIENTED_EDGE ( 'NONE', *, *, #5786, .F. ) ;
#5577 = CARTESIAN_POINT ( 'NONE',  ( -0.05268343175325553018, -1.127774659775699684, 2.774999999999999911 ) ) ;
#5578 = VECTOR ( 'NONE', #7016, 1000.000000000000000 ) ;
#5579 = DIRECTION ( 'NONE',  ( -0.000000000000000000, -0.000000000000000000, 1.000000000000000000 ) ) ;
#5580 = ORIENTED_EDGE ( 'NONE', *, *, #10196, .T. ) ;
#5581 =( NAMED_UNIT ( * ) SI_UNIT ( $, .STERADIAN. ) SOLID_ANGLE_UNIT ( ) );
#5582 = STYLED_ITEM ( 'NONE', ( #7557 ), #9745 ) ;
#5583 = CARTESIAN_POINT ( 'NONE',  ( 1.462941568246744595, -0.9325586103929838222, 2.774999999999999911 ) ) ;
#5584 = COLOUR_RGB ( '',0.7529411764705882248, 0.7529411764705882248, 0.7529411764705882248 ) ;
#5585 = UNCERTAINTY_MEASURE_WITH_UNIT (LENGTH_MEASURE( 1.000000000000000082E-05 ), #1208, 'distance_accuracy_value', 'NONE');
#5586 = ORIENTED_EDGE ( 'NONE', *, *, #5099, .T. ) ;
#5587 = LINE ( 'NONE', #756, #3977 ) ;
#5588 = LINE ( 'NONE', #9667, #9036 ) ;
#5589 = VECTOR ( 'NONE', #1967, 1000.000000000000000 ) ;
#5590 =( NAMED_UNIT ( * ) PLANE_ANGLE_UNIT ( ) SI_UNIT ( $, .RADIAN. ) );
#5591 = AXIS2_PLACEMENT_3D ( 'NONE', #5055, #9086, #8402 ) ;
#5592 = ADVANCED_FACE ( 'NONE', ( #5492 ), #8605, .T. ) ;
#5593 = DIRECTION ( 'NONE',  ( 1.000000000000000000, 0.000000000000000000, 0.000000000000000000 ) ) ;
#5594 = ORIENTED_EDGE ( 'NONE', *, *, #505, .F. ) ;
#5595 = ORIENTED_EDGE ( 'NONE', *, *, #6461, .T. ) ;
#5596 = ORIENTED_EDGE ( 'NONE', *, *, #8116, .T. ) ;
#5597 = DIRECTION ( 'NONE',  ( -0.4562023007992829227, 0.8898760929171209977, 0.000000000000000000 ) ) ;
#5598 = EDGE_CURVE ( 'NONE', #4918, #1686, #10267, .T. ) ;
#5599 = AXIS2_PLACEMENT_3D ( 'NONE', #373, #2682, #218 ) ;
#5600 = LINE ( 'NONE', #5706, #2397 ) ;
#5601 = CARTESIAN_POINT ( 'NONE',  ( 2.552254839851682444, -0.1700200301460701169, 2.875000000000000000 ) ) ;
#5602 = SURFACE_STYLE_FILL_AREA ( #1344 ) ;
#5603 = AXIS2_PLACEMENT_3D ( 'NONE', #9785, #1505, #8081 ) ;
#5604 = ORIENTED_EDGE ( 'NONE', *, *, #9144, .F. ) ;
#5605 = CARTESIAN_POINT ( 'NONE',  ( 2.949999999999999289, 3.100000000000002309, -2.125000000000000000 ) ) ;
#5606 = ADVANCED_FACE ( 'NONE', ( #6253 ), #2905, .T. ) ;
#5607 =( LENGTH_UNIT ( ) NAMED_UNIT ( * ) SI_UNIT ( .MILLI., .METRE. ) );
#5608 = LINE ( 'NONE', #3809, #885 ) ;
#5609 =( LENGTH_UNIT ( ) NAMED_UNIT ( * ) SI_UNIT ( .MILLI., .METRE. ) );
#5610 = CARTESIAN_POINT ( 'NONE',  ( 1.834855148493658161, -1.127774659775699684, 2.774999999999999911 ) ) ;
#5611 = STYLED_ITEM ( 'NONE', ( #6041 ), #1817 ) ;
#5612 = ORIENTED_EDGE ( 'NONE', *, *, #6011, .F. ) ;
#5613 = EDGE_CURVE ( 'NONE', #9572, #2225, #9405, .T. ) ;
#5614 = DIRECTION ( 'NONE',  ( 0.000000000000000000, -1.000000000000000000, 0.000000000000000000 ) ) ;
#5615 = DIRECTION ( 'NONE',  ( 0.000000000000000000, 1.000000000000000000, 0.000000000000000000 ) ) ;
#5616 = CARTESIAN_POINT ( 'NONE',  ( 1.569999999999998952, 3.100000000000001865, 0.8449999999999991962 ) ) ;
#5617 = VECTOR ( 'NONE', #7667, 1000.000000000000000 ) ;
#5618 = DIRECTION ( 'NONE',  ( -1.000000000000000000, 0.000000000000000000, 1.020425574104004122E-16 ) ) ;
#5619 = CARTESIAN_POINT ( 'NONE',  ( 1.770000000000001128, -4.489853386497013155, 0.6449999999999997957 ) ) ;
#5620 = EDGE_CURVE ( 'NONE', #2691, #5921, #7164, .T. ) ;
#5621 = DIRECTION ( 'NONE',  ( 1.000000000000000000, -0.000000000000000000, -0.000000000000000000 ) ) ;
#5622 = DIRECTION ( 'NONE',  ( -1.239088197126290817E-16, 1.000000000000000000, 0.000000000000000000 ) ) ;
#5623 = FACE_OUTER_BOUND ( 'NONE', #7595, .T. ) ;
#5624 = LINE ( 'NONE', #1640, #2467 ) ;
#5625 = EDGE_LOOP ( 'NONE', ( #847, #5517, #1727, #8512 ) ) ;
#5626 = AXIS2_PLACEMENT_3D ( 'NONE', #8247, #3495, #5829 ) ;
#5627 = VERTEX_POINT ( 'NONE', #7866 ) ;
#5628 = SURFACE_SIDE_STYLE ('',( #2340 ) ) ;
#5630 = ORIENTED_EDGE ( 'NONE', *, *, #9551, .T. ) ;
#5629 = PRESENTATION_STYLE_ASSIGNMENT (( #9811 ) ) ;
#5631 = CARTESIAN_POINT ( 'NONE',  ( 0.04762521022205323112, -1.127774659775699684, 2.774999999999999911 ) ) ;
#5632 = CARTESIAN_POINT ( 'NONE',  ( 1.687157287525381966, -4.289853386497013865, 0.8449999999999998623 ) ) ;
#5633 = LINE ( 'NONE', #10577, #1697 ) ;
#5634 = CARTESIAN_POINT ( 'NONE',  ( 1.419538790468966916, -1.029780832615206032, 2.774999999999999911 ) ) ;
#5635 =( LENGTH_UNIT ( ) NAMED_UNIT ( * ) SI_UNIT ( .MILLI., .METRE. ) );
#5636 = ORIENTED_EDGE ( 'NONE', *, *, #5924, .T. ) ;
#5637 = DIRECTION ( 'NONE',  ( -1.000000000000000000, 0.000000000000000000, 0.000000000000000000 ) ) ;
#5638 = ORIENTED_EDGE ( 'NONE', *, *, #5099, .F. ) ;
#5639 = ADVANCED_FACE ( 'NONE', ( #3016 ), #2041, .F. ) ;
#5640 = VECTOR ( 'NONE', #4185, 1000.000000000000000 ) ;
#5641 = LINE ( 'NONE', #2999, #3067 ) ;
#5642 = DIRECTION ( 'NONE',  ( 0.000000000000000000, -0.000000000000000000, -1.000000000000000000 ) ) ;
#5643 = EDGE_LOOP ( 'NONE', ( #3312, #919, #5027, #5384 ) ) ;
#5644 = LINE ( 'NONE', #1547, #10501 ) ;
#5645 = DIRECTION ( 'NONE',  ( -3.061276722312012491E-16, 0.000000000000000000, -1.000000000000000000 ) ) ;
#5646 = VECTOR ( 'NONE', #1383, 1000.000000000000000 ) ;
#5647 = FILL_AREA_STYLE ('',( #760 ) ) ;
#5648 = DIRECTION ( 'NONE',  ( 0.4472135954999579277, -0.8944271909999158554, 0.000000000000000000 ) ) ;
#5649 = PRESENTATION_STYLE_ASSIGNMENT (( #10480 ) ) ;
#5650 = ORIENTED_EDGE ( 'NONE', *, *, #5108, .F. ) ;
#5651 = ORIENTED_EDGE ( 'NONE', *, *, #9962, .F. ) ;
#5652 = VECTOR ( 'NONE', #5462, 1000.000000000000000 ) ;
#5653 = CARTESIAN_POINT ( 'NONE',  ( 0.4930200591917125452, -3.101766864349278841, -2.875000000000000000 ) ) ;
#5654 = ADVANCED_FACE ( 'NONE', ( #2535 ), #661, .T. ) ;
#5655 = MECHANICAL_DESIGN_GEOMETRIC_PRESENTATION_REPRESENTATION (  '', ( #1182 ), #1019 ) ;
#5656 = VERTEX_POINT ( 'NONE', #5601 ) ;
#5657 =( LENGTH_UNIT ( ) NAMED_UNIT ( * ) SI_UNIT ( .MILLI., .METRE. ) );
#5658 = EDGE_CURVE ( 'NONE', #9732, #4578, #4130, .T. ) ;
#5659 =( NAMED_UNIT ( * ) PLANE_ANGLE_UNIT ( ) SI_UNIT ( $, .RADIAN. ) );
#5660 = PRESENTATION_LAYER_ASSIGNMENT (  '', '', ( #1503 ) ) ;
#5661 = PRESENTATION_STYLE_ASSIGNMENT (( #670 ) ) ;
#5662 = MECHANICAL_DESIGN_GEOMETRIC_PRESENTATION_REPRESENTATION (  '', ( #8230 ), #323 ) ;
#5663 = VERTEX_POINT ( 'NONE', #3124 ) ;
#5664 = ORIENTED_EDGE ( 'NONE', *, *, #6393, .T. ) ;
#5665 = LINE ( 'NONE', #9694, #47 ) ;
#5666 = CARTESIAN_POINT ( 'NONE',  ( 1.569999999999999396, -6.700000000000000178, 0.2049999999999998768 ) ) ;
#5667 =( NAMED_UNIT ( * ) PLANE_ANGLE_UNIT ( ) SI_UNIT ( $, .RADIAN. ) );
#5668 = COLOUR_RGB ( '',0.7529411764705882248, 0.7529411764705882248, 0.7529411764705882248 ) ;
#5669 = DIRECTION ( 'NONE',  ( 1.000000000000000000, 0.000000000000000000, 0.000000000000000000 ) ) ;
#5670 = DIRECTION ( 'NONE',  ( 0.8841933840737228323, 0.4671210330955545276, 0.000000000000000000 ) ) ;
#5671 = CARTESIAN_POINT ( 'NONE',  ( 1.366876753431929714, -0.1277746597756997671, 2.774999999999999911 ) ) ;
#5672 = LINE ( 'NONE', #6487, #4109 ) ;
#5673 = EDGE_CURVE ( 'NONE', #423, #8912, #6415, .T. ) ;
#5674 =( NAMED_UNIT ( * ) SI_UNIT ( $, .STERADIAN. ) SOLID_ANGLE_UNIT ( ) );
#5675 = VERTEX_POINT ( 'NONE', #7439 ) ;
#5676 =( NAMED_UNIT ( * ) SI_UNIT ( $, .STERADIAN. ) SOLID_ANGLE_UNIT ( ) );
#5677 = VECTOR ( 'NONE', #10022, 1000.000000000000000 ) ;
#5678 = VERTEX_POINT ( 'NONE', #8183 ) ;
#5679 = CARTESIAN_POINT ( 'NONE',  ( 0.1739755188640284000, -0.9267715733559466207, 2.774999999999999911 ) ) ;
#5681 = ORIENTED_EDGE ( 'NONE', *, *, #1234, .T. ) ;
#5680 = DIRECTION ( 'NONE',  ( 0.000000000000000000, -0.000000000000000000, 1.000000000000000000 ) ) ;
#5682 = CARTESIAN_POINT ( 'NONE',  ( -0.03956614780263817410, -0.9346805239732307591, 2.875000000000000000 ) ) ;
#5683 = VECTOR ( 'NONE', #2829, 1000.000000000000000 ) ;
#5684 = PRESENTATION_LAYER_ASSIGNMENT (  '', '', ( #178 ) ) ;
#5685 =( NAMED_UNIT ( * ) PLANE_ANGLE_UNIT ( ) SI_UNIT ( $, .RADIAN. ) );
#5686 =( BOUNDED_CURVE ( )  B_SPLINE_CURVE ( 3, ( #2709, #9058, #4907, #9164 ),
 .UNSPECIFIED., .F., .F. ) 
 B_SPLINE_CURVE_WITH_KNOTS ( ( 4, 4 ),
 ( 4.712388980384689674, 6.283185307179586232 ),
 .UNSPECIFIED. ) 
 CURVE ( )  GEOMETRIC_REPRESENTATION_ITEM ( )  RATIONAL_B_SPLINE_CURVE ( ( 1.000000000000000000, 0.8047378541243649375, 0.8047378541243649375, 1.000000000000000000 ) ) 
 REPRESENTATION_ITEM ( '' )  );
#5687 = PLANE ( 'NONE',  #1254 ) ;
#5688 = ORIENTED_EDGE ( 'NONE', *, *, #6517, .T. ) ;
#5689 = DIRECTION ( 'NONE',  ( 1.000000000000000000, 0.000000000000000000, 0.000000000000000000 ) ) ;
#5690 = DIRECTION ( 'NONE',  ( -0.8046372038048419384, -0.5937667641870209012, 0.000000000000000000 ) ) ;
#5691 = ORIENTED_EDGE ( 'NONE', *, *, #8626, .F. ) ;
#5692 = DIRECTION ( 'NONE',  ( 1.000000000000000000, -0.000000000000000000, 0.000000000000000000 ) ) ;
#5693 = PLANE ( 'NONE',  #5107 ) ;
#5694 = DIRECTION ( 'NONE',  ( 0.000000000000000000, 1.000000000000000000, 0.000000000000000000 ) ) ;
#5695 = UNCERTAINTY_MEASURE_WITH_UNIT (LENGTH_MEASURE( 1.000000000000000082E-05 ), #4396, 'distance_accuracy_value', 'NONE');
#5696 = VERTEX_POINT ( 'NONE', #7279 ) ;
#5697 = DIRECTION ( 'NONE',  ( 1.000000000000000000, 0.000000000000000000, 0.000000000000000000 ) ) ;
#5699 = CARTESIAN_POINT ( 'NONE',  ( 1.569999999999999396, -7.605096679918781355, 0.8449999999999998623 ) ) ;
#5698 = MECHANICAL_DESIGN_GEOMETRIC_PRESENTATION_REPRESENTATION (  '', ( #3279 ), #39 ) ;
#5700 = PRESENTATION_LAYER_ASSIGNMENT (  '', '', ( #8778 ) ) ;
#5701 =( LENGTH_UNIT ( ) NAMED_UNIT ( * ) SI_UNIT ( .MILLI., .METRE. ) );
#5702 = LINE ( 'NONE', #5857, #4804 ) ;
#5703 = EDGE_CURVE ( 'NONE', #8190, #8296, #719, .T. ) ;
#5704 = VECTOR ( 'NONE', #4256, 1000.000000000000000 ) ;
#5705 = LINE ( 'NONE', #8980, #9470 ) ;
#5706 = CARTESIAN_POINT ( 'NONE',  ( 1.078296506518349185, -0.6158147832324898374, 2.774999999999999911 ) ) ;
#5707 = SURFACE_STYLE_USAGE ( .BOTH. , #8133 ) ;
#5708 = ORIENTED_EDGE ( 'NONE', *, *, #3801, .T. ) ;
#5709 = PLANE ( 'NONE',  #1650 ) ;
#5710 = CARTESIAN_POINT ( 'NONE',  ( 1.049999999999999378, 3.299999999999999822, 0.7249999999999997558 ) ) ;
#5711 = SURFACE_STYLE_FILL_AREA ( #2435 ) ;
#5712 = VERTEX_POINT ( 'NONE', #3980 ) ;
#5713 = ORIENTED_EDGE ( 'NONE', *, *, #1901, .T. ) ;
#5714 = ORIENTED_EDGE ( 'NONE', *, *, #1892, .F. ) ;
#5715 = SURFACE_STYLE_FILL_AREA ( #9795 ) ;
#5716 = AXIS2_PLACEMENT_3D ( 'NONE', #3962, #8014, #6342 ) ;
#5717 =( LENGTH_UNIT ( ) NAMED_UNIT ( * ) SI_UNIT ( .MILLI., .METRE. ) );
#5718 = DIRECTION ( 'NONE',  ( 0.2811897739114648798, 0.9596521823283783448, 0.000000000000000000 ) ) ;
#5719 = DIRECTION ( 'NONE',  ( -0.000000000000000000, -0.000000000000000000, 1.000000000000000000 ) ) ;
#5720 = UNCERTAINTY_MEASURE_WITH_UNIT (LENGTH_MEASURE( 1.000000000000000082E-05 ), #1403, 'distance_accuracy_value', 'NONE');
#5721 = EDGE_CURVE ( 'NONE', #8647, #3438, #3269, .T. ) ;
#5722 =( NAMED_UNIT ( * ) SI_UNIT ( $, .STERADIAN. ) SOLID_ANGLE_UNIT ( ) );
#5723 = ORIENTED_EDGE ( 'NONE', *, *, #4753, .T. ) ;
#5724 = PRESENTATION_LAYER_ASSIGNMENT (  '', '', ( #67 ) ) ;
#5725 = COLOUR_RGB ( '',0.7529411764705882248, 0.7529411764705882248, 0.7529411764705882248 ) ;
#5726 = CYLINDRICAL_SURFACE ( 'NONE', #7819, 0.2000000000000000111 ) ;
#5727 = ORIENTED_EDGE ( 'NONE', *, *, #6581, .F. ) ;
#5728 = LINE ( 'NONE', #5679, #2844 ) ;
#5729 = ADVANCED_FACE ( 'NONE', ( #6520 ), #64, .F. ) ;
#5730 = FILL_AREA_STYLE_COLOUR ( '', #6671 ) ;
#5731 = DIRECTION ( 'NONE',  ( 1.000000000000000000, 0.000000000000000000, 0.000000000000000000 ) ) ;
#5732 = DIRECTION ( 'NONE',  ( -1.000000000000000000, 0.000000000000000000, -0.000000000000000000 ) ) ;
#5733 = AXIS2_PLACEMENT_3D ( 'NONE', #5780, #1039, #5882 ) ;
#5734 = PRESENTATION_LAYER_ASSIGNMENT (  '', '', ( #3317 ) ) ;
#5735 = CARTESIAN_POINT ( 'NONE',  ( 1.462941568246744595, -0.9325586103929838222, 2.875000000000000000 ) ) ;
#5736 = EDGE_CURVE ( 'NONE', #4102, #3646, #3429, .T. ) ;
#5737 =( NAMED_UNIT ( * ) SI_UNIT ( $, .STERADIAN. ) SOLID_ANGLE_UNIT ( ) );
#5738 = ORIENTED_EDGE ( 'NONE', *, *, #7658, .T. ) ;
#5739 = FILL_AREA_STYLE ('',( #4113 ) ) ;
#5740 = LINE ( 'NONE', #6656, #5047 ) ;
#5741 = ORIENTED_EDGE ( 'NONE', *, *, #6, .T. ) ;
#5742 = CIRCLE ( 'NONE', #6071, 0.4672919842648142752 ) ;
#5743 = EDGE_CURVE ( 'NONE', #4198, #3566, #1074, .T. ) ;
#5744 = SURFACE_SIDE_STYLE ('',( #4866 ) ) ;
#5745 = FACE_OUTER_BOUND ( 'NONE', #698, .T. ) ;
#5746 = ORIENTED_EDGE ( 'NONE', *, *, #1600, .F. ) ;
#5747 = DIRECTION ( 'NONE',  ( -0.7049886522767367936, -0.7092185841903962951, 0.000000000000000000 ) ) ;
#5748 = EDGE_CURVE ( 'NONE', #987, #825, #974, .T. ) ;
#5749 = AXIS2_PLACEMENT_3D ( 'NONE', #8914, #1598, #1540 ) ;
#5750 =( NAMED_UNIT ( * ) PLANE_ANGLE_UNIT ( ) SI_UNIT ( $, .RADIAN. ) );
#5751 = CARTESIAN_POINT ( 'NONE',  ( 2.112054222567731898, -1.088037005454712158, 2.774999999999999911 ) ) ;
#5752 = DIRECTION ( 'NONE',  ( 0.000000000000000000, -0.5144957554275262357, 0.8574929257125443183 ) ) ;
#5753 = EDGE_CURVE ( 'NONE', #1226, #5159, #6007, .T. ) ;
#5754 = CARTESIAN_POINT ( 'NONE',  ( -2.446780653975477726, -1.106362622738662704, 2.774999999999999911 ) ) ;
#5755 = PRESENTATION_LAYER_ASSIGNMENT (  '', '', ( #609 ) ) ;
#5756 = VECTOR ( 'NONE', #7134, 999.9999999999998863 ) ;
#5757 = LINE ( 'NONE', #659, #4157 ) ;
#5758 = ORIENTED_EDGE ( 'NONE', *, *, #4159, .F. ) ;
#5759 = DIRECTION ( 'NONE',  ( 1.000000000000000000, 0.000000000000000000, 0.000000000000000000 ) ) ;
#5760 = AXIS2_PLACEMENT_3D ( 'NONE', #10616, #6537, #6594 ) ;
#5761 =( NAMED_UNIT ( * ) PLANE_ANGLE_UNIT ( ) SI_UNIT ( $, .RADIAN. ) );
#5762 = CARTESIAN_POINT ( 'NONE',  ( 2.162980148493658383, -0.1491866968127367743, 2.774999999999999911 ) ) ;
#5763 = DIRECTION ( 'NONE',  ( -0.7071067811865414665, 0.7071067811865536790, 0.000000000000000000 ) ) ;
#5764 = PRESENTATION_LAYER_ASSIGNMENT (  '', '', ( #8665 ) ) ;
#5765 = LINE ( 'NONE', #6525, #77 ) ;
#5766 = DIRECTION ( 'NONE',  ( 1.000000000000000000, -0.000000000000000000, 0.000000000000000000 ) ) ;
#5767 = VERTEX_POINT ( 'NONE', #1717 ) ;
#5768 = EDGE_LOOP ( 'NONE', ( #7147, #4368, #4253, #3189 ) ) ;
#5769 = VECTOR ( 'NONE', #4939, 1000.000000000000000 ) ;
#5770 = SURFACE_STYLE_USAGE ( .BOTH. , #80 ) ;
#5771 = VECTOR ( 'NONE', #4665, 1000.000000000000000 ) ;
#5772 = LINE ( 'NONE', #9046, #5994 ) ;
#5773 = EDGE_CURVE ( 'NONE', #2225, #10269, #9132, .T. ) ;
#5774 = DIRECTION ( 'NONE',  ( -0.5748904813304210881, 0.8182303676078496180, 0.000000000000000000 ) ) ;
#5775 = DIRECTION ( 'NONE',  ( 0.000000000000000000, 0.000000000000000000, -1.000000000000000000 ) ) ;
#5776 = FILL_AREA_STYLE_COLOUR ( '', #10066 ) ;
#5777 = DIRECTION ( 'NONE',  ( 1.000000000000000000, 0.000000000000000000, 0.000000000000000000 ) ) ;
#5778 = MECHANICAL_DESIGN_GEOMETRIC_PRESENTATION_REPRESENTATION (  '', ( #109 ), #8182 ) ;
#5779 = PRESENTATION_LAYER_ASSIGNMENT (  '', '', ( #5611 ) ) ;
#5780 = CARTESIAN_POINT ( 'NONE',  ( 2.208504839851682888, -1.106362622738662704, 2.774999999999999911 ) ) ;
#5781 = VERTEX_POINT ( 'NONE', #114 ) ;
#5782 = DIRECTION ( 'NONE',  ( 0.000000000000000000, -1.000000000000000000, 0.000000000000000000 ) ) ;
#5783 = ORIENTED_EDGE ( 'NONE', *, *, #4700, .F. ) ;
#5784 = DIRECTION ( 'NONE',  ( 0.000000000000000000, 1.000000000000000000, 0.000000000000000000 ) ) ;
#5785 = VECTOR ( 'NONE', #2960, 1000.000000000000000 ) ;
#5786 = EDGE_CURVE ( 'NONE', #2366, #4918, #157, .T. ) ;
#5787 = LINE ( 'NONE', #9967, #6482 ) ;
#5788 = CARTESIAN_POINT ( 'NONE',  ( -2.446780653975477726, -1.106362622738662704, 2.875000000000000000 ) ) ;
#5789 = ADVANCED_FACE ( 'NONE', ( #8340 ), #6726, .T. ) ;
#5790 = SURFACE_SIDE_STYLE ('',( #8106 ) ) ;
#5791 = ADVANCED_FACE ( 'NONE', ( #8394 ), #1822, .T. ) ;
#5792 = VECTOR ( 'NONE', #5718, 1000.000000000000227 ) ;
#5793 = LINE ( 'NONE', #1654, #3511 ) ;
#5794 = AXIS2_PLACEMENT_3D ( 'NONE', #2104, #7003, #7926 ) ;
#5795 = SURFACE_STYLE_USAGE ( .BOTH. , #2513 ) ;
#5796 = ORIENTED_EDGE ( 'NONE', *, *, #3242, .F. ) ;
#5797 = SURFACE_SIDE_STYLE ('',( #9925 ) ) ;
#5798 = ADVANCED_FACE ( 'NONE', ( #7150 ), #4656, .T. ) ;
#5799 = LINE ( 'NONE', #1703, #6437 ) ;
#5800 = ORIENTED_EDGE ( 'NONE', *, *, #2587, .T. ) ;
#5801 = FILL_AREA_STYLE_COLOUR ( '', #8465 ) ;
#5802 = DIRECTION ( 'NONE',  ( -0.000000000000000000, -0.000000000000000000, 1.000000000000000000 ) ) ;
#5803 = PRESENTATION_STYLE_ASSIGNMENT (( #1012 ) ) ;
#5804 = UNCERTAINTY_MEASURE_WITH_UNIT (LENGTH_MEASURE( 1.000000000000000082E-05 ), #7498, 'distance_accuracy_value', 'NONE');
#5805 = ORIENTED_EDGE ( 'NONE', *, *, #1965, .T. ) ;
#5806 = PRESENTATION_STYLE_ASSIGNMENT (( #4121 ) ) ;
#5807 = CARTESIAN_POINT ( 'NONE',  ( 1.357038790468966916, -1.066046264713971459, 2.875000000000000000 ) ) ;
#5808 = DIRECTION ( 'NONE',  ( -0.4456560410091430224, 0.8952042745161894466, 0.000000000000000000 ) ) ;
#5809 = MECHANICAL_DESIGN_GEOMETRIC_PRESENTATION_REPRESENTATION (  '', ( #5273 ), #300 ) ;
#5810 = EDGE_CURVE ( 'NONE', #4473, #5101, #5303, .T. ) ;
#5811 = LINE ( 'NONE', #6777, #1528 ) ;
#5812 =( LENGTH_UNIT ( ) NAMED_UNIT ( * ) SI_UNIT ( .MILLI., .METRE. ) );
#5813 = PRESENTATION_LAYER_ASSIGNMENT (  '', '', ( #3227 ) ) ;
#5814 = ORIENTED_EDGE ( 'NONE', *, *, #4013, .T. ) ;
#5815 =( GEOMETRIC_REPRESENTATION_CONTEXT ( 3 ) GLOBAL_UNCERTAINTY_ASSIGNED_CONTEXT ( ( #200 ) ) GLOBAL_UNIT_ASSIGNED_CONTEXT ( ( #1114, #6110, #7626 ) ) REPRESENTATION_CONTEXT ( 'NONE', 'WORKASPACE' ) );
#5816 = CARTESIAN_POINT ( 'NONE',  ( -1.570000000000001172, -4.289853386497014753, 0.2049999999999999878 ) ) ;
#5817 = CARTESIAN_POINT ( 'NONE',  ( 1.002872123802300175, -0.3658147832324898374, 2.774999999999999911 ) ) ;
#5818 = DIRECTION ( 'NONE',  ( 0.5773502691896266192, -0.5773502691896240657, 0.5773502691896265082 ) ) ;
#5819 =( NAMED_UNIT ( * ) SI_UNIT ( $, .STERADIAN. ) SOLID_ANGLE_UNIT ( ) );
#5820 = PRESENTATION_LAYER_ASSIGNMENT (  '', '', ( #1702 ) ) ;
#5821 = DIRECTION ( 'NONE',  ( -0.9639240536829735140, 0.2661774196497214695, 0.000000000000000000 ) ) ;
#5822 = ORIENTED_EDGE ( 'NONE', *, *, #472, .F. ) ;
#5823 = EDGE_LOOP ( 'NONE', ( #2199, #3959, #5636, #8660 ) ) ;
#5824 = ORIENTED_EDGE ( 'NONE', *, *, #8549, .F. ) ;
#5825 = VECTOR ( 'NONE', #8790, 1000.000000000000114 ) ;
#5826 = LINE ( 'NONE', #5058, #1575 ) ;
#5827 = LINE ( 'NONE', #6424, #3816 ) ;
#5828 = DIRECTION ( 'NONE',  ( 0.000000000000000000, -0.000000000000000000, 1.000000000000000000 ) ) ;
#5829 = DIRECTION ( 'NONE',  ( 0.7071067811865412445, -0.7071067811865536790, 0.000000000000000000 ) ) ;
#5830 = UNCERTAINTY_MEASURE_WITH_UNIT (LENGTH_MEASURE( 1.000000000000000082E-05 ), #4144, 'distance_accuracy_value', 'NONE');
#5831 = STYLED_ITEM ( 'NONE', ( #5997 ), #751 ) ;
#5832 = LINE ( 'NONE', #1577, #1463 ) ;
#5833 =( NAMED_UNIT ( * ) SI_UNIT ( $, .STERADIAN. ) SOLID_ANGLE_UNIT ( ) );
#5834 = ORIENTED_EDGE ( 'NONE', *, *, #5335, .F. ) ;
#5835 = EDGE_CURVE ( 'NONE', #993, #6574, #2941, .T. ) ;
#5836 = DIRECTION ( 'NONE',  ( -0.1652805747729427510, -0.9862465876253897479, 0.000000000000000000 ) ) ;
#5837 = ORIENTED_EDGE ( 'NONE', *, *, #4930, .F. ) ;
#5838 = STYLED_ITEM ( 'NONE', ( #3337 ), #3348 ) ;
#5839 = CARTESIAN_POINT ( 'NONE',  ( -1.886209666321156941, -1.106362622738662704, 2.774999999999999911 ) ) ;
#5840 = PRODUCT_CONTEXT ( 'NONE', #1846, 'mechanical' ) ;
#5841 = EDGE_CURVE ( 'NONE', #4141, #5164, #8695, .T. ) ;
#5842 = DIRECTION ( 'NONE',  ( -0.000000000000000000, -0.000000000000000000, 1.000000000000000000 ) ) ;
#5843 = COLOUR_RGB ( '',0.7529411764705882248, 0.7529411764705882248, 0.7529411764705882248 ) ;
#5844 = DIRECTION ( 'NONE',  ( -0.9603974153677843351, -0.2786338180388008290, 0.000000000000000000 ) ) ;
#5845 = VERTEX_POINT ( 'NONE', #591 ) ;
#5846 = PLANE ( 'NONE',  #8157 ) ;
#5847 = ORIENTED_EDGE ( 'NONE', *, *, #2662, .F. ) ;
#5848 = FACE_OUTER_BOUND ( 'NONE', #3120, .T. ) ;
#5849 = COLOUR_RGB ( '',0.7529411764705882248, 0.7529411764705882248, 0.7529411764705882248 ) ;
#5850 = SURFACE_STYLE_USAGE ( .BOTH. , #2562 ) ;
#5851 = CARTESIAN_POINT ( 'NONE',  ( 1.886902865494877402, 3.500000000000000000, 2.875000000000000000 ) ) ;
#5852 = ORIENTED_EDGE ( 'NONE', *, *, #407, .F. ) ;
#5853 = FILL_AREA_STYLE_COLOUR ( '', #3288 ) ;
#5854 = DIRECTION ( 'NONE',  ( -0.000000000000000000, -0.000000000000000000, 1.000000000000000000 ) ) ;
#5855 = ADVANCED_FACE ( 'NONE', ( #2836 ), #6179, .T. ) ;
#5856 = CARTESIAN_POINT ( 'NONE',  ( -0.1516417650865888034, -1.078391943726317193, 2.875000000000000000 ) ) ;
#5857 = CARTESIAN_POINT ( 'NONE',  ( 1.037401444789954219, -1.127774659775699684, 2.774999999999999911 ) ) ;
#5858 =( GEOMETRIC_REPRESENTATION_CONTEXT ( 3 ) GLOBAL_UNCERTAINTY_ASSIGNED_CONTEXT ( ( #2889 ) ) GLOBAL_UNIT_ASSIGNED_CONTEXT ( ( #7366, #4969, #9016 ) ) REPRESENTATION_CONTEXT ( 'NONE', 'WORKASPACE' ) );
#5859 = DIRECTION ( 'NONE',  ( -0.000000000000000000, 0.000000000000000000, 1.000000000000000000 ) ) ;
#5860 = CARTESIAN_POINT ( 'NONE',  ( 1.886902865494877402, 3.500000000000000000, -2.875999999999999890 ) ) ;
#5861 = EDGE_CURVE ( 'NONE', #9645, #4904, #2303, .T. ) ;
#5862 = AXIS2_PLACEMENT_3D ( 'NONE', #5386, #1306, #341 ) ;
#5863 = AXIS2_PLACEMENT_3D ( 'NONE', #6707, #2714, #9170 ) ;
#5864 = VERTEX_POINT ( 'NONE', #3964 ) ;
#5865 = DIRECTION ( 'NONE',  ( 0.7071067811865414665, 0.7071067811865536790, -0.000000000000000000 ) ) ;
#5866 = LINE ( 'NONE', #9135, #969 ) ;
#5867 = LINE ( 'NONE', #3276, #2494 ) ;
#5868 = FACE_OUTER_BOUND ( 'NONE', #501, .T. ) ;
#5869 = EDGE_CURVE ( 'NONE', #7597, #2438, #4069, .T. ) ;
#5870 =( GEOMETRIC_REPRESENTATION_CONTEXT ( 3 ) GLOBAL_UNCERTAINTY_ASSIGNED_CONTEXT ( ( #3005 ) ) GLOBAL_UNIT_ASSIGNED_CONTEXT ( ( #5964, #3287, #3237 ) ) REPRESENTATION_CONTEXT ( 'NONE', 'WORKASPACE' ) );
#5871 = VECTOR ( 'NONE', #3548, 1000.000000000000000 ) ;
#5872 = CARTESIAN_POINT ( 'NONE',  ( 1.366876753431929714, -0.1277746597756997671, 2.875000000000000000 ) ) ;
#5873 = VERTEX_POINT ( 'NONE', #8016 ) ;
#5874 = ORIENTED_EDGE ( 'NONE', *, *, #2312, .F. ) ;
#5875 = ADVANCED_FACE ( 'NONE', ( #10472 ), #864, .F. ) ;
#5876 = DIRECTION ( 'NONE',  ( 2.324239232371226954E-16, 0.5144957554275276790, -0.8574929257125436521 ) ) ;
#5877 = CARTESIAN_POINT ( 'NONE',  ( -1.778763678666835935, -1.088037005454712158, 2.875000000000000000 ) ) ;
#5878 = ORIENTED_EDGE ( 'NONE', *, *, #9104, .T. ) ;
#5879 = STYLED_ITEM ( 'NONE', ( #10360 ), #5084 ) ;
#5880 = CARTESIAN_POINT ( 'NONE',  ( 1.049999999999999156, -6.899999999999999467, 0.3249999999999999001 ) ) ;
#5881 = ADVANCED_FACE ( 'NONE', ( #6560 ), #3159, .F. ) ;
#5882 = DIRECTION ( 'NONE',  ( -0.000000000000000000, 0.000000000000000000, 1.000000000000000000 ) ) ;
#5883 = EDGE_LOOP ( 'NONE', ( #3245, #6435, #7097, #10209 ) ) ;
#5884 = DIRECTION ( 'NONE',  ( 0.000000000000000000, 1.000000000000000000, 0.000000000000000000 ) ) ;
#5885 = ORIENTED_EDGE ( 'NONE', *, *, #8093, .F. ) ;
#5886 = FACE_BOUND ( 'NONE', #1750, .T. ) ;
#5887 = STYLED_ITEM ( 'NONE', ( #9612 ), #7039 ) ;
#5888 = VECTOR ( 'NONE', #9555, 1000.000000000000000 ) ;
#5889 = SURFACE_STYLE_USAGE ( .BOTH. , #7613 ) ;
#5890 = DIRECTION ( 'NONE',  ( 1.694065894508601418E-16, -0.000000000000000000, 1.000000000000000000 ) ) ;
#5891 = FILL_AREA_STYLE ('',( #8960 ) ) ;
#5892 =( NAMED_UNIT ( * ) PLANE_ANGLE_UNIT ( ) SI_UNIT ( $, .RADIAN. ) );
#5893 =( NAMED_UNIT ( * ) PLANE_ANGLE_UNIT ( ) SI_UNIT ( $, .RADIAN. ) );
#5894 = MECHANICAL_DESIGN_GEOMETRIC_PRESENTATION_REPRESENTATION (  '', ( #4504 ), #10007 ) ;
#5895 = ORIENTED_EDGE ( 'NONE', *, *, #6769, .F. ) ;
#5896 = CARTESIAN_POINT ( 'NONE',  ( 2.162980148493658383, -0.1491866968127367743, 2.774999999999999911 ) ) ;
#5897 = ADVANCED_FACE ( 'NONE', ( #5745 ), #4921, .T. ) ;
#5898 = EDGE_LOOP ( 'NONE', ( #1839, #7135, #4658, #3545 ) ) ;
#5899 = VECTOR ( 'NONE', #3244, 1000.000000000000000 ) ;
#5900 = AXIS2_PLACEMENT_3D ( 'NONE', #2592, #1837, #277 ) ;
#5901 = FILL_AREA_STYLE ('',( #5128 ) ) ;
#5902 = UNCERTAINTY_MEASURE_WITH_UNIT (LENGTH_MEASURE( 1.000000000000000082E-05 ), #9921, 'distance_accuracy_value', 'NONE');
#5903 = SURFACE_SIDE_STYLE ('',( #5183 ) ) ;
#5904 = ADVANCED_FACE ( 'NONE', ( #3058 ), #8119, .T. ) ;
#5905 = PRESENTATION_STYLE_ASSIGNMENT (( #7526 ) ) ;
#5906 = CARTESIAN_POINT ( 'NONE',  ( 1.419538790468966916, -1.029780832615206032, 2.774999999999999911 ) ) ;
#5907 = LINE ( 'NONE', #10091, #4842 ) ;
#5908 = CARTESIAN_POINT ( 'NONE',  ( 0.8159508275060035620, -0.8413163264423664245, 2.774999999999999911 ) ) ;
#5909 =( GEOMETRIC_REPRESENTATION_CONTEXT ( 3 ) GLOBAL_UNCERTAINTY_ASSIGNED_CONTEXT ( ( #3001 ) ) GLOBAL_UNIT_ASSIGNED_CONTEXT ( ( #8709, #7112, #2205 ) ) REPRESENTATION_CONTEXT ( 'NONE', 'WORKASPACE' ) );
#5910 = FILL_AREA_STYLE ('',( #9989 ) ) ;
#5911 = LINE ( 'NONE', #9945, #7875 ) ;
#5912 = CARTESIAN_POINT ( 'NONE',  ( -1.607467382370539655, -0.5945956474300208017, 2.774999999999999911 ) ) ;
#5913 = VERTEX_POINT ( 'NONE', #9878 ) ;
#5914 = FILL_AREA_STYLE_COLOUR ( '', #3354 ) ;
#5915 = UNCERTAINTY_MEASURE_WITH_UNIT (LENGTH_MEASURE( 1.000000000000000082E-05 ), #8751, 'distance_accuracy_value', 'NONE');
#5916 = CARTESIAN_POINT ( 'NONE',  ( -1.570000000000001172, -7.605096679918781355, 0.2049999999999999878 ) ) ;
#5917 = DIRECTION ( 'NONE',  ( -0.000000000000000000, -0.000000000000000000, 1.000000000000000000 ) ) ;
#5918 = ADVANCED_FACE ( 'NONE', ( #2523 ), #199, .T. ) ;
#5919 = VECTOR ( 'NONE', #6327, 1000.000000000000000 ) ;
#5920 = FILL_AREA_STYLE ('',( #3591 ) ) ;
#5921 = VERTEX_POINT ( 'NONE', #3467 ) ;
#5922 = ORIENTED_EDGE ( 'NONE', *, *, #3592, .T. ) ;
#5923 = ORIENTED_EDGE ( 'NONE', *, *, #7342, .T. ) ;
#5924 = EDGE_CURVE ( 'NONE', #462, #7109, #6614, .T. ) ;
#5925 =( NAMED_UNIT ( * ) SI_UNIT ( $, .STERADIAN. ) SOLID_ANGLE_UNIT ( ) );
#5926 = CARTESIAN_POINT ( 'NONE',  ( -1.606309974963132214, -0.1277746597756997671, 2.875000000000000000 ) ) ;
#5927 = SURFACE_SIDE_STYLE ('',( #2643 ) ) ;
#5928 = VERTEX_POINT ( 'NONE', #7524 ) ;
#5929 = ADVANCED_FACE ( 'NONE', ( #9067 ), #9233, .T. ) ;
#5930 = VECTOR ( 'NONE', #4135, 1000.000000000000000 ) ;
#5931 = UNCERTAINTY_MEASURE_WITH_UNIT (LENGTH_MEASURE( 1.000000000000000082E-05 ), #3445, 'distance_accuracy_value', 'NONE');
#5932 = CARTESIAN_POINT ( 'NONE',  ( 2.849999999999999645, -2.085786437626904632, -0.9750000000000003109 ) ) ;
#5933 = SURFACE_SIDE_STYLE ('',( #31 ) ) ;
#5934 = EDGE_CURVE ( 'NONE', #2628, #6785, #3727, .T. ) ;
#5935 = SURFACE_STYLE_FILL_AREA ( #175 ) ;
#5936 = ORIENTED_EDGE ( 'NONE', *, *, #1249, .T. ) ;
#5937 = PRESENTATION_LAYER_ASSIGNMENT (  '', '', ( #7490 ) ) ;
#5938 = ORIENTED_EDGE ( 'NONE', *, *, #9863, .T. ) ;
#5940 = PRESENTATION_LAYER_ASSIGNMENT (  '', '', ( #1810 ) ) ;
#5939 = CARTESIAN_POINT ( 'NONE',  ( 0.5418381731850160365, -0.1675123140966873203, 2.875000000000000000 ) ) ;
#5941 =( NAMED_UNIT ( * ) PLANE_ANGLE_UNIT ( ) SI_UNIT ( $, .RADIAN. ) );
#5942 = DIRECTION ( 'NONE',  ( 1.000000000000000000, 0.000000000000000000, 0.000000000000000000 ) ) ;
#5943 = CARTESIAN_POINT ( 'NONE',  ( 1.570000000000001172, -7.605096679918781355, 0.6449999999999997957 ) ) ;
#5944 = CARTESIAN_POINT ( 'NONE',  ( 2.131988856489892115, -5.000000000000000000, -1.834005571755054076 ) ) ;
#5945 = SURFACE_STYLE_FILL_AREA ( #4276 ) ;
#5946 = ORIENTED_EDGE ( 'NONE', *, *, #2841, .T. ) ;
#5947 = DIRECTION ( 'NONE',  ( 1.000000000000000000, 0.000000000000000000, 0.000000000000000000 ) ) ;
#5948 = VECTOR ( 'NONE', #9910, 1000.000000000000000 ) ;
#5949 = VERTEX_POINT ( 'NONE', #7081 ) ;
#5950 = COLOUR_RGB ( '',0.7529411764705882248, 0.7529411764705882248, 0.7529411764705882248 ) ;
#5951 = MECHANICAL_DESIGN_GEOMETRIC_PRESENTATION_REPRESENTATION (  '', ( #6296 ), #10408 ) ;
#5952 = PRESENTATION_STYLE_ASSIGNMENT (( #2563 ) ) ;
#5953 = MECHANICAL_DESIGN_GEOMETRIC_PRESENTATION_REPRESENTATION (  '', ( #4233 ), #9907 ) ;
#5954 =( NAMED_UNIT ( * ) PLANE_ANGLE_UNIT ( ) SI_UNIT ( $, .RADIAN. ) );
#5955 = FILL_AREA_STYLE_COLOUR ( '', #1707 ) ;
#5956 = LINE ( 'NONE', #5856, #6288 ) ;
#5957 = LINE ( 'NONE', #10192, #5683 ) ;
#5958 = CARTESIAN_POINT ( 'NONE',  ( -2.296896394716218648, -1.046563240022613472, 2.774999999999999911 ) ) ;
#5959 = PLANE ( 'NONE',  #7839 ) ;
#5960 = SURFACE_STYLE_FILL_AREA ( #5910 ) ;
#5961 = FACE_OUTER_BOUND ( 'NONE', #6715, .T. ) ;
#5962 = DIRECTION ( 'NONE',  ( 0.2746593287602860367, 0.9615416023890746011, 0.000000000000000000 ) ) ;
#5963 = ORIENTED_EDGE ( 'NONE', *, *, #6730, .T. ) ;
#5964 =( LENGTH_UNIT ( ) NAMED_UNIT ( * ) SI_UNIT ( .MILLI., .METRE. ) );
#5965 = PRESENTATION_STYLE_ASSIGNMENT (( #4085 ) ) ;
#5966 = DIRECTION ( 'NONE',  ( 0.000000000000000000, -0.000000000000000000, -1.000000000000000000 ) ) ;
#5967 = CARTESIAN_POINT ( 'NONE',  ( 1.536629839851682444, -0.2344490424917491378, 2.774999999999999911 ) ) ;
#5968 = EDGE_CURVE ( 'NONE', #9821, #6749, #8579, .T. ) ;
#5969 = ORIENTED_EDGE ( 'NONE', *, *, #5454, .F. ) ;
#5970 = VERTEX_POINT ( 'NONE', #7735 ) ;
#5971 = ORIENTED_EDGE ( 'NONE', *, *, #7894, .F. ) ;
#5972 = CARTESIAN_POINT ( 'NONE',  ( 1.046467802814645687, -0.1900817585411318511, 2.774999999999999911 ) ) ;
#5973 = LINE ( 'NONE', #5207, #1937 ) ;
#5974 = DIRECTION ( 'NONE',  ( 0.000000000000000000, 0.000000000000000000, -1.000000000000000000 ) ) ;
#5975 = EDGE_CURVE ( 'NONE', #65, #7267, #7893, .T. ) ;
#5976 = VERTEX_POINT ( 'NONE', #3575 ) ;
#5977 = FACE_OUTER_BOUND ( 'NONE', #936, .T. ) ;
#5978 = LINE ( 'NONE', #7654, #8936 ) ;
#5979 = VECTOR ( 'NONE', #4386, 1000.000000000000000 ) ;
#5980 = LINE ( 'NONE', #6028, #1094 ) ;
#5981 = ORIENTED_EDGE ( 'NONE', *, *, #7780, .F. ) ;
#5982 = DIRECTION ( 'NONE',  ( 0.000000000000000000, -0.000000000000000000, 1.000000000000000000 ) ) ;
#5983 = VERTEX_POINT ( 'NONE', #3624 ) ;
#5984 = CARTESIAN_POINT ( 'NONE',  ( 3.059057624352285565, -4.800000000000000711, -1.929196994375985019 ) ) ;
#5985 = PRESENTATION_LAYER_ASSIGNMENT (  '', '', ( #7900 ) ) ;
#5986 = LINE ( 'NONE', #6802, #8878 ) ;
#5987 =( LENGTH_UNIT ( ) NAMED_UNIT ( * ) SI_UNIT ( .MILLI., .METRE. ) );
#5988 = ADVANCED_FACE ( 'NONE', ( #6974 ), #6866, .T. ) ;
#5989 = CARTESIAN_POINT ( 'NONE',  ( 2.640942375647713725, -4.800000000000000711, -1.020803005624015380 ) ) ;
#5990 = DIRECTION ( 'NONE',  ( -0.8865848461654536328, -0.4625660066950217919, 0.000000000000000000 ) ) ;
#5991 = EDGE_LOOP ( 'NONE', ( #3260, #9451, #3500, #321, #7160, #5664, #7785, #2179, #9635, #10240, #90, #9905, #3203, #4542, #4506, #5110, #3121, #5494, #10569, #2319, #593, #7188 ) ) ;
#5992 = VECTOR ( 'NONE', #7478, 1000.000000000000227 ) ;
#5993 = LINE ( 'NONE', #10181, #4372 ) ;
#5994 = VECTOR ( 'NONE', #3443, 1000.000000000000000 ) ;
#5995 = ORIENTED_EDGE ( 'NONE', *, *, #682, .T. ) ;
#5996 =( NAMED_UNIT ( * ) PLANE_ANGLE_UNIT ( ) SI_UNIT ( $, .RADIAN. ) );
#5997 = PRESENTATION_STYLE_ASSIGNMENT (( #6864 ) ) ;
#5998 = VECTOR ( 'NONE', #3602, 1000.000000000000114 ) ;
#5999 = FILL_AREA_STYLE ('',( #3469 ) ) ;
#6000 = CARTESIAN_POINT ( 'NONE',  ( 2.849999999999999645, -3.500000000000000000, -1.475000000000000089 ) ) ;
#6001 = CARTESIAN_POINT ( 'NONE',  ( 1.177254839851682888, -0.1277746597756997671, 2.774999999999999911 ) ) ;
#6002 = CARTESIAN_POINT ( 'NONE',  ( 2.950000000000000178, -2.250000000000000000, 1.156639881571555506 ) ) ;
#6003 = CARTESIAN_POINT ( 'NONE',  ( 2.687092802814645687, -0.1277746597756997671, 2.774999999999999911 ) ) ;
#6004 = DIRECTION ( 'NONE',  ( -1.000000000000000000, 0.000000000000000000, 0.000000000000000000 ) ) ;
#6005 = VECTOR ( 'NONE', #2825, 1000.000000000000000 ) ;
#6006 = FILL_AREA_STYLE_COLOUR ( '', #9929 ) ;
#6007 = LINE ( 'NONE', #312, #8318 ) ;
#6008 = EDGE_LOOP ( 'NONE', ( #10157, #10182, #2122, #413 ) ) ;
#6009 = DIRECTION ( 'NONE',  ( -1.000000000000000000, 0.000000000000000000, 1.694065894508601418E-16 ) ) ;
#6010 = MECHANICAL_DESIGN_GEOMETRIC_PRESENTATION_REPRESENTATION (  '', ( #1211 ), #3950 ) ;
#6011 = EDGE_CURVE ( 'NONE', #35, #7074, #2984, .T. ) ;
#6012 = SURFACE_SIDE_STYLE ('',( #7752 ) ) ;
#6013 = UNCERTAINTY_MEASURE_WITH_UNIT (LENGTH_MEASURE( 1.000000000000000082E-05 ), #1472, 'distance_accuracy_value', 'NONE');
#6014 = PRESENTATION_STYLE_ASSIGNMENT (( #7804 ) ) ;
#6015 = PRESENTATION_STYLE_ASSIGNMENT (( #1134 ) ) ;
#6016 = DIRECTION ( 'NONE',  ( 0.2743457711001139887, 0.9616311132027102193, 0.000000000000000000 ) ) ;
#6017 = ORIENTED_EDGE ( 'NONE', *, *, #3041, .F. ) ;
#6018 = ORIENTED_EDGE ( 'NONE', *, *, #9690, .T. ) ;
#6019 = EDGE_LOOP ( 'NONE', ( #4755, #8563, #7390, #8869 ) ) ;
#6020 =( GEOMETRIC_REPRESENTATION_CONTEXT ( 3 ) GLOBAL_UNCERTAINTY_ASSIGNED_CONTEXT ( ( #6348 ) ) GLOBAL_UNIT_ASSIGNED_CONTEXT ( ( #3821, #1465, #8776 ) ) REPRESENTATION_CONTEXT ( 'NONE', 'WORKASPACE' ) );
#6021 = COLOUR_RGB ( '',0.7529411764705882248, 0.7529411764705882248, 0.7529411764705882248 ) ;
#6022 =( LENGTH_UNIT ( ) NAMED_UNIT ( * ) SI_UNIT ( .MILLI., .METRE. ) );
#6023 = SURFACE_STYLE_USAGE ( .BOTH. , #8552 ) ;
#6024 = CARTESIAN_POINT ( 'NONE',  ( 1.536629839851682444, -0.2344490424917491378, 2.875000000000000000 ) ) ;
#6025 = ORIENTED_EDGE ( 'NONE', *, *, #1566, .F. ) ;
#6026 = CARTESIAN_POINT ( 'NONE',  ( -0.1796124440989347038, -0.9360308326152059211, 2.774999999999999911 ) ) ;
#6027 = FACE_OUTER_BOUND ( 'NONE', #8234, .T. ) ;
#6028 = CARTESIAN_POINT ( 'NONE',  ( -0.09222818483967543113, -0.9879212647139713477, 2.875000000000000000 ) ) ;
#6029 = ORIENTED_EDGE ( 'NONE', *, *, #7982, .T. ) ;
#6030 = LINE ( 'NONE', #8511, #2507 ) ;
#6031 = ORIENTED_EDGE ( 'NONE', *, *, #9153, .T. ) ;
#6032 = CARTESIAN_POINT ( 'NONE',  ( 1.886902865494877402, 3.500000000000000000, 2.875000000000000000 ) ) ;
#6033 = DIRECTION ( 'NONE',  ( -1.000000000000000000, 0.000000000000000000, 0.000000000000000000 ) ) ;
#6034 = EDGE_CURVE ( 'NONE', #10608, #3634, #7838, .T. ) ;
#6035 = AXIS2_PLACEMENT_3D ( 'NONE', #6939, #433, #269 ) ;
#6036 = AXIS2_PLACEMENT_3D ( 'NONE', #4200, #324, #1033 ) ;
#6037 = CARTESIAN_POINT ( 'NONE',  ( 1.370734778123287700, -1.079549351133724411, 2.774999999999999911 ) ) ;
#6038 = SURFACE_STYLE_USAGE ( .BOTH. , #565 ) ;
#6039 = PLANE ( 'NONE',  #8435 ) ;
#6040 =( LENGTH_UNIT ( ) NAMED_UNIT ( * ) SI_UNIT ( .MILLI., .METRE. ) );
#6041 = PRESENTATION_STYLE_ASSIGNMENT (( #3717 ) ) ;
#6042 = CARTESIAN_POINT ( 'NONE',  ( 1.886902865494877402, 2.866194269010244877, 2.124999999999998224 ) ) ;
#6043 = ORIENTED_EDGE ( 'NONE', *, *, #914, .F. ) ;
#6044 = DIRECTION ( 'NONE',  ( 1.000000000000000000, 0.000000000000000000, 0.000000000000000000 ) ) ;
#6045 = MECHANICAL_DESIGN_GEOMETRIC_PRESENTATION_REPRESENTATION (  '', ( #9999 ), #9654 ) ;
#6046 = VECTOR ( 'NONE', #8874, 1000.000000000000000 ) ;
#6047 = DIRECTION ( 'NONE',  ( -0.000000000000000000, -0.000000000000000000, 1.000000000000000000 ) ) ;
#6048 = ORIENTED_EDGE ( 'NONE', *, *, #3383, .T. ) ;
#6049 = EDGE_CURVE ( 'NONE', #1580, #3547, #5234, .T. ) ;
#6050 = EDGE_CURVE ( 'NONE', #6879, #6894, #6165, .T. ) ;
#6051 = FILL_AREA_STYLE ('',( #9376 ) ) ;
#6052 = FACE_OUTER_BOUND ( 'NONE', #3975, .T. ) ;
#6053 = CARTESIAN_POINT ( 'NONE',  ( 1.926676136147978724, -0.2572113881707613903, 2.875000000000000000 ) ) ;
#6054 = CARTESIAN_POINT ( 'NONE',  ( 1.569999999999999396, -6.700000000000000178, 0.2049999999999998768 ) ) ;
#6055 = AXIS2_PLACEMENT_3D ( 'NONE', #6443, #907, #9816 ) ;
#6056 = MECHANICAL_DESIGN_GEOMETRIC_PRESENTATION_REPRESENTATION (  '', ( #8129 ), #8978 ) ;
#6057 = EDGE_CURVE ( 'NONE', #9566, #9064, #8527, .T. ) ;
#6058 = CARTESIAN_POINT ( 'NONE',  ( 0.3724708892343985278, -0.1675123140966873203, 2.774999999999999911 ) ) ;
#6059 = FACE_OUTER_BOUND ( 'NONE', #5346, .T. ) ;
#6060 = CARTESIAN_POINT ( 'NONE',  ( -0.4930200591917125452, -3.101766864349279285, -2.119236689479958358 ) ) ;
#6061 = CARTESIAN_POINT ( 'NONE',  ( 1.569999999999999396, -6.700000000000000178, 0.2049999999999998768 ) ) ;
#6062 = CARTESIAN_POINT ( 'NONE',  ( 1.039909160839336932, -1.111185153602860298, 2.774999999999999911 ) ) ;
#6063 = EDGE_CURVE ( 'NONE', #4188, #5627, #9483, .T. ) ;
#6064 = MECHANICAL_DESIGN_GEOMETRIC_PRESENTATION_REPRESENTATION (  '', ( #9838 ), #5028 ) ;
#6065 = VECTOR ( 'NONE', #4671, 1000.000000000000000 ) ;
#6066 = FACE_OUTER_BOUND ( 'NONE', #1163, .T. ) ;
#6067 = PRESENTATION_STYLE_ASSIGNMENT (( #10302 ) ) ;
#6068 = EDGE_CURVE ( 'NONE', #1284, #6737, #358, .T. ) ;
#6069 = ORIENTED_EDGE ( 'NONE', *, *, #6413, .F. ) ;
#6070 = DIRECTION ( 'NONE',  ( 0.000000000000000000, -0.000000000000000000, -1.000000000000000000 ) ) ;
#6071 = AXIS2_PLACEMENT_3D ( 'NONE', #3226, #775, #8882 ) ;
#6072 = LINE ( 'NONE', #5251, #3027 ) ;
#6073 =( LENGTH_UNIT ( ) NAMED_UNIT ( * ) SI_UNIT ( .MILLI., .METRE. ) );
#6074 = DIRECTION ( 'NONE',  ( 0.000000000000000000, 1.000000000000000000, 0.000000000000000000 ) ) ;
#6075 = CARTESIAN_POINT ( 'NONE',  ( 1.983967802814646131, -1.046563240022613472, 2.774999999999999911 ) ) ;
#6076 = ORIENTED_EDGE ( 'NONE', *, *, #5748, .F. ) ;
#6077 = ORIENTED_EDGE ( 'NONE', *, *, #5598, .F. ) ;
#6078 = EDGE_LOOP ( 'NONE', ( #248, #9253, #8680, #7677 ) ) ;
#6079 = VECTOR ( 'NONE', #2134, 1000.000000000000000 ) ;
#6080 = PLANE ( 'NONE',  #1740 ) ;
#6081 = LINE ( 'NONE', #4359, #1771 ) ;
#6082 = DIRECTION ( 'NONE',  ( -1.000000000000000000, 0.000000000000000000, 0.000000000000000000 ) ) ;
#6083 = ORIENTED_EDGE ( 'NONE', *, *, #1227, .F. ) ;
#6084 = FILL_AREA_STYLE ('',( #6746 ) ) ;
#6085 = PRESENTATION_STYLE_ASSIGNMENT (( #4468 ) ) ;
#6086 =( NAMED_UNIT ( * ) SI_UNIT ( $, .STERADIAN. ) SOLID_ANGLE_UNIT ( ) );
#6087 = ORIENTED_EDGE ( 'NONE', *, *, #9493, .F. ) ;
#6088 = EDGE_CURVE ( 'NONE', #5164, #2068, #2931, .T. ) ;
#6089 = CARTESIAN_POINT ( 'NONE',  ( 1.569999999999998952, 3.100000000000000977, 0.2050000000000001543 ) ) ;
#6090 = ORIENTED_EDGE ( 'NONE', *, *, #5263, .F. ) ;
#6091 = FILL_AREA_STYLE ('',( #5166 ) ) ;
#6092 = SURFACE_SIDE_STYLE ('',( #2811 ) ) ;
#6093 = MECHANICAL_DESIGN_GEOMETRIC_PRESENTATION_REPRESENTATION (  '', ( #4539 ), #435 ) ;
#6094 = CARTESIAN_POINT ( 'NONE',  ( -1.737097012000169416, -1.046370338788045418, 2.774999999999999911 ) ) ;
#6095 = PRESENTATION_STYLE_ASSIGNMENT (( #5281 ) ) ;
#6096 = ORIENTED_EDGE ( 'NONE', *, *, #960, .T. ) ;
#6097 =( NAMED_UNIT ( * ) SI_UNIT ( $, .STERADIAN. ) SOLID_ANGLE_UNIT ( ) );
#6098 = STYLED_ITEM ( 'NONE', ( #5649 ), #9250 ) ;
#6099 = VERTEX_POINT ( 'NONE', #9541 ) ;
#6100 = EDGE_CURVE ( 'NONE', #4821, #2407, #7023, .T. ) ;
#6101 = AXIS2_PLACEMENT_3D ( 'NONE', #6731, #6882, #5966 ) ;
#6102 = ADVANCED_FACE ( 'NONE', ( #6108 ), #1322, .T. ) ;
#6103 = SURFACE_STYLE_USAGE ( .BOTH. , #355 ) ;
#6104 = VECTOR ( 'NONE', #5759, 1000.000000000000000 ) ;
#6106 = ORIENTED_EDGE ( 'NONE', *, *, #7520, .T. ) ;
#6105 = DIRECTION ( 'NONE',  ( 0.000000000000000000, 0.000000000000000000, -1.000000000000000000 ) ) ;
#6107 = LINE ( 'NONE', #357, #8224 ) ;
#6108 = FACE_OUTER_BOUND ( 'NONE', #7415, .T. ) ;
#6109 = EDGE_CURVE ( 'NONE', #2438, #1546, #4055, .T. ) ;
#6110 =( NAMED_UNIT ( * ) PLANE_ANGLE_UNIT ( ) SI_UNIT ( $, .RADIAN. ) );
#6111 =( LENGTH_UNIT ( ) NAMED_UNIT ( * ) SI_UNIT ( .MILLI., .METRE. ) );
#6112 = EDGE_CURVE ( 'NONE', #9821, #3712, #10576, .T. ) ;
#6113 = SURFACE_SIDE_STYLE ('',( #4492 ) ) ;
#6114 = UNCERTAINTY_MEASURE_WITH_UNIT (LENGTH_MEASURE( 1.000000000000000082E-05 ), #6601, 'distance_accuracy_value', 'NONE');
#6115 = DIRECTION ( 'NONE',  ( 0.000000000000000000, 1.000000000000000000, 0.000000000000000000 ) ) ;
#6116 = CARTESIAN_POINT ( 'NONE',  ( 1.983967802814646131, -1.046563240022613472, 2.875000000000000000 ) ) ;
#6117 = MECHANICAL_DESIGN_GEOMETRIC_PRESENTATION_REPRESENTATION (  '', ( #9207 ), #5432 ) ;
#6118 = PRESENTATION_LAYER_ASSIGNMENT (  '', '', ( #115 ) ) ;
#6119 =( LENGTH_UNIT ( ) NAMED_UNIT ( * ) SI_UNIT ( .MILLI., .METRE. ) );
#6120 = VERTEX_POINT ( 'NONE', #5523 ) ;
#6121 = LINE ( 'NONE', #9387, #8683 ) ;
#6122 = EDGE_CURVE ( 'NONE', #2753, #4800, #2291, .T. ) ;
#6123 =( LENGTH_UNIT ( ) NAMED_UNIT ( * ) SI_UNIT ( .MILLI., .METRE. ) );
#6124 = DIRECTION ( 'NONE',  ( 0.8966857582993155162, 0.4426676528313103764, 0.000000000000000000 ) ) ;
#6125 = VERTEX_POINT ( 'NONE', #4009 ) ;
#6126 = SURFACE_SIDE_STYLE ('',( #7910 ) ) ;
#6127 = CARTESIAN_POINT ( 'NONE',  ( -1.607467382370539655, -0.5945956474300208017, 2.774999999999999911 ) ) ;
#6128 = CARTESIAN_POINT ( 'NONE',  ( 0.3217378645430407635, -0.1491866968127367743, 2.774999999999999911 ) ) ;
#6129 = UNCERTAINTY_MEASURE_WITH_UNIT (LENGTH_MEASURE( 1.000000000000000082E-05 ), #5271, 'distance_accuracy_value', 'NONE');
#6130 =( NAMED_UNIT ( * ) SI_UNIT ( $, .STERADIAN. ) SOLID_ANGLE_UNIT ( ) );
#6131 = DIRECTION ( 'NONE',  ( -0.000000000000000000, -0.000000000000000000, 1.000000000000000000 ) ) ;
#6132 = PRESENTATION_LAYER_ASSIGNMENT (  '', '', ( #126 ) ) ;
#6133 = VECTOR ( 'NONE', #3176, 1000.000000000000114 ) ;
#6134 = ORIENTED_EDGE ( 'NONE', *, *, #4203, .F. ) ;
#6135 = ORIENTED_EDGE ( 'NONE', *, *, #8609, .F. ) ;
#6136 = ORIENTED_EDGE ( 'NONE', *, *, #8398, .F. ) ;
#6137 = ADVANCED_FACE ( 'NONE', ( #1533 ), #10626, .T. ) ;
#6138 = LINE ( 'NONE', #6999, #5350 ) ;
#6139 = PRESENTATION_STYLE_ASSIGNMENT (( #10380 ) ) ;
#6140 = DIRECTION ( 'NONE',  ( -1.000000000000000000, -0.000000000000000000, -0.000000000000000000 ) ) ;
#6141 = COLOUR_RGB ( '',0.7529411764705882248, 0.7529411764705882248, 0.7529411764705882248 ) ;
#6142 = ORIENTED_EDGE ( 'NONE', *, *, #2457, .T. ) ;
#6143 = FILL_AREA_STYLE ('',( #2803 ) ) ;
#6144 = UNCERTAINTY_MEASURE_WITH_UNIT (LENGTH_MEASURE( 1.000000000000000082E-05 ), #5278, 'distance_accuracy_value', 'NONE');
#6145 = SURFACE_STYLE_FILL_AREA ( #10219 ) ;
#6146 = DIRECTION ( 'NONE',  ( -0.000000000000000000, -0.000000000000000000, 1.000000000000000000 ) ) ;
#6147 = DIRECTION ( 'NONE',  ( -0.7001544121828525702, -0.7139914559018785134, 0.000000000000000000 ) ) ;
#6148 = ORIENTED_EDGE ( 'NONE', *, *, #7392, .T. ) ;
#6149 = VECTOR ( 'NONE', #5143, 1000.000000000000000 ) ;
#6150 = AXIS2_PLACEMENT_3D ( 'NONE', #9864, #10574, #5569 ) ;
#6151 = DIRECTION ( 'NONE',  ( 0.000000000000000000, 0.000000000000000000, -1.000000000000000000 ) ) ;
#6152 = ORIENTED_EDGE ( 'NONE', *, *, #1461, .F. ) ;
#6153 = DIRECTION ( 'NONE',  ( 0.000000000000000000, 1.000000000000000000, 0.000000000000000000 ) ) ;
#6154 = LINE ( 'NONE', #2113, #6556 ) ;
#6155 = VECTOR ( 'NONE', #10526, 1000.000000000000000 ) ;
#6156 = EDGE_CURVE ( 'NONE', #6501, #2490, #69, .T. ) ;
#6157 = ORIENTED_EDGE ( 'NONE', *, *, #4297, .F. ) ;
#6158 = DIRECTION ( 'NONE',  ( -0.000000000000000000, -0.000000000000000000, 1.000000000000000000 ) ) ;
#6159 = LINE ( 'NONE', #10405, #5919 ) ;
#6160 = VERTEX_POINT ( 'NONE', #10512 ) ;
#6161 = VECTOR ( 'NONE', #2930, 1000.000000000000000 ) ;
#6163 = ORIENTED_EDGE ( 'NONE', *, *, #78, .F. ) ;
#6162 = PRESENTATION_STYLE_ASSIGNMENT (( #7733 ) ) ;
#6164 = DIRECTION ( 'NONE',  ( -0.000000000000000000, -0.000000000000000000, 1.000000000000000000 ) ) ;
#6165 = LINE ( 'NONE', #4488, #170 ) ;
#6166 = FACE_OUTER_BOUND ( 'NONE', #6382, .T. ) ;
#6167 = FACE_OUTER_BOUND ( 'NONE', #1446, .T. ) ;
#6168 = LINE ( 'NONE', #2827, #779 ) ;
#6169 = COLOUR_RGB ( '',0.7529411764705882248, 0.7529411764705882248, 0.7529411764705882248 ) ;
#6170 = EDGE_CURVE ( 'NONE', #627, #131, #3837, .T. ) ;
#6171 = SURFACE_STYLE_USAGE ( .BOTH. , #1323 ) ;
#6172 = DIRECTION ( 'NONE',  ( 0.9409328386106160513, -0.3385932563182090238, 0.000000000000000000 ) ) ;
#6173 = COLOUR_RGB ( '',0.7529411764705882248, 0.7529411764705882248, 0.7529411764705882248 ) ;
#6174 = VERTEX_POINT ( 'NONE', #2401 ) ;
#6175 = FILL_AREA_STYLE_COLOUR ( '', #4223 ) ;
#6176 = AXIS2_PLACEMENT_3D ( 'NONE', #8434, #8388, #4573 ) ;
#6177 = DIRECTION ( 'NONE',  ( 1.000000000000000000, 0.000000000000000000, 0.000000000000000000 ) ) ;
#6178 =( NAMED_UNIT ( * ) PLANE_ANGLE_UNIT ( ) SI_UNIT ( $, .RADIAN. ) );
#6179 = PLANE ( 'NONE',  #595 ) ;
#6180 = EDGE_CURVE ( 'NONE', #1098, #3566, #7301, .T. ) ;
#6181 = ORIENTED_EDGE ( 'NONE', *, *, #8501, .F. ) ;
#6182 =( LENGTH_UNIT ( ) NAMED_UNIT ( * ) SI_UNIT ( .MILLI., .METRE. ) );
#6183 = SURFACE_STYLE_USAGE ( .BOTH. , #5363 ) ;
#6184 =( LENGTH_UNIT ( ) NAMED_UNIT ( * ) SI_UNIT ( .MILLI., .METRE. ) );
#6185 = VECTOR ( 'NONE', #5310, 1000.000000000000000 ) ;
#6186 = VECTOR ( 'NONE', #3251, 1000.000000000000000 ) ;
#6187 = VECTOR ( 'NONE', #7649, 1000.000000000000000 ) ;
#6188 = ORIENTED_EDGE ( 'NONE', *, *, #1069, .T. ) ;
#6189 = ORIENTED_EDGE ( 'NONE', *, *, #1925, .F. ) ;
#6190 = ORIENTED_EDGE ( 'NONE', *, *, #6057, .T. ) ;
#6191 = EDGE_CURVE ( 'NONE', #4578, #2175, #8907, .T. ) ;
#6192 = DIRECTION ( 'NONE',  ( 0.5144957554275259026, -0.8574929257125444293, 0.000000000000000000 ) ) ;
#6193 = DIRECTION ( 'NONE',  ( 1.000000000000000000, 0.000000000000000000, -0.000000000000000000 ) ) ;
#6194 = LINE ( 'NONE', #7708, #691 ) ;
#6195 =( GEOMETRIC_REPRESENTATION_CONTEXT ( 3 ) GLOBAL_UNCERTAINTY_ASSIGNED_CONTEXT ( ( #4500 ) ) GLOBAL_UNIT_ASSIGNED_CONTEXT ( ( #9985, #3215, #761 ) ) REPRESENTATION_CONTEXT ( 'NONE', 'WORKASPACE' ) );
#6196 = COLOUR_RGB ( '',0.7529411764705882248, 0.7529411764705882248, 0.7529411764705882248 ) ;
#6197 = EDGE_LOOP ( 'NONE', ( #3538, #4592, #6076, #1275, #1181, #9359 ) ) ;
#6198 = VECTOR ( 'NONE', #1879, 1000.000000000000114 ) ;
#6199 = DIRECTION ( 'NONE',  ( 0.7071067811865474617, 0.7071067811865474617, 0.000000000000000000 ) ) ;
#6200 = EDGE_CURVE ( 'NONE', #5675, #10364, #9762, .T. ) ;
#6201 = CARTESIAN_POINT ( 'NONE',  ( 0.7945387904689668046, -0.8413163264423664245, 2.774999999999999911 ) ) ;
#6202 = PRESENTATION_STYLE_ASSIGNMENT (( #2912 ) ) ;
#6203 = ORIENTED_EDGE ( 'NONE', *, *, #5357, .T. ) ;
#6204 = MECHANICAL_DESIGN_GEOMETRIC_PRESENTATION_REPRESENTATION (  '', ( #1561 ), #2077 ) ;
#6205 = STYLED_ITEM ( 'NONE', ( #3900 ), #4127 ) ;
#6206 = CARTESIAN_POINT ( 'NONE',  ( 2.687092802814645687, -0.1277746597756997671, 2.875000000000000000 ) ) ;
#6207 = ORIENTED_EDGE ( 'NONE', *, *, #9262, .F. ) ;
#6208 = EDGE_CURVE ( 'NONE', #6099, #7229, #10412, .T. ) ;
#6209 = LINE ( 'NONE', #9418, #4564 ) ;
#6210 =( NAMED_UNIT ( * ) PLANE_ANGLE_UNIT ( ) SI_UNIT ( $, .RADIAN. ) );
#6211 = EDGE_CURVE ( 'NONE', #5663, #748, #8105, .T. ) ;
#6212 = STYLED_ITEM ( 'NONE', ( #2062 ), #4332 ) ;
#6213 = PLANE ( 'NONE',  #5481 ) ;
#6214 = ORIENTED_EDGE ( 'NONE', *, *, #2107, .T. ) ;
#6215 = DIRECTION ( 'NONE',  ( -1.000000000000000000, 0.000000000000000000, 1.020425574104004122E-16 ) ) ;
#6216 = ORIENTED_EDGE ( 'NONE', *, *, #5411, .T. ) ;
#6217 = ORIENTED_EDGE ( 'NONE', *, *, #8033, .F. ) ;
#6218 = MECHANICAL_DESIGN_GEOMETRIC_PRESENTATION_REPRESENTATION (  '', ( #1747 ), #2776 ) ;
#6220 = ORIENTED_EDGE ( 'NONE', *, *, #7655, .F. ) ;
#6219 = LINE ( 'NONE', #576, #9571 ) ;
#6221 = CARTESIAN_POINT ( 'NONE',  ( -1.570000000000001172, -7.605096679918781355, 0.8450000000000000844 ) ) ;
#6222 = LINE ( 'NONE', #9486, #9939 ) ;
#6223 = EDGE_CURVE ( 'NONE', #7985, #10017, #2459, .T. ) ;
#6224 = STYLED_ITEM ( 'NONE', ( #7590 ), #6949 ) ;
#6225 = DIRECTION ( 'NONE',  ( 0.000000000000000000, 0.000000000000000000, 1.000000000000000000 ) ) ;
#6226 = CARTESIAN_POINT ( 'NONE',  ( 0.9299999999999992717, 3.100000000000000089, 0.2049999999999998768 ) ) ;
#6227 = VERTEX_POINT ( 'NONE', #8056 ) ;
#6228 =( LENGTH_UNIT ( ) NAMED_UNIT ( * ) SI_UNIT ( .MILLI., .METRE. ) );
#6229 = PLANE ( 'NONE',  #3842 ) ;
#6230 = ORIENTED_EDGE ( 'NONE', *, *, #3364, .F. ) ;
#6231 =( NAMED_UNIT ( * ) SI_UNIT ( $, .STERADIAN. ) SOLID_ANGLE_UNIT ( ) );
#6232 = COLOUR_RGB ( '',0.7529411764705882248, 0.7529411764705882248, 0.7529411764705882248 ) ;
#6233 = FACE_OUTER_BOUND ( 'NONE', #6378, .T. ) ;
#6234 = EDGE_CURVE ( 'NONE', #5921, #3451, #3100, .T. ) ;
#6235 = SURFACE_STYLE_FILL_AREA ( #8592 ) ;
#6236 = DIRECTION ( 'NONE',  ( 0.000000000000000000, -1.000000000000000000, 0.000000000000000000 ) ) ;
#6237 = UNCERTAINTY_MEASURE_WITH_UNIT (LENGTH_MEASURE( 1.000000000000000082E-05 ), #8361, 'distance_accuracy_value', 'NONE');
#6238 = VERTEX_POINT ( 'NONE', #4699 ) ;
#6239 = FACE_OUTER_BOUND ( 'NONE', #10221, .T. ) ;
#6240 = DIRECTION ( 'NONE',  ( -0.3177525696665243760, 0.9481736678849084221, 0.000000000000000000 ) ) ;
#6241 = UNCERTAINTY_MEASURE_WITH_UNIT (LENGTH_MEASURE( 1.000000000000000082E-05 ), #7260, 'distance_accuracy_value', 'NONE');
#6242 = DIRECTION ( 'NONE',  ( 0.000000000000000000, 0.000000000000000000, -1.000000000000000000 ) ) ;
#6243 = FILL_AREA_STYLE ('',( #3007 ) ) ;
#6244 = COLOUR_RGB ( '',0.7529411764705882248, 0.7529411764705882248, 0.7529411764705882248 ) ;
#6245 =( GEOMETRIC_REPRESENTATION_CONTEXT ( 3 ) GLOBAL_UNCERTAINTY_ASSIGNED_CONTEXT ( ( #8272 ) ) GLOBAL_UNIT_ASSIGNED_CONTEXT ( ( #2720, #6320, #6863 ) ) REPRESENTATION_CONTEXT ( 'NONE', 'WORKASPACE' ) );
#6246 =( LENGTH_UNIT ( ) NAMED_UNIT ( * ) SI_UNIT ( .MILLI., .METRE. ) );
#6247 = EDGE_LOOP ( 'NONE', ( #2847, #8025, #5971, #10581, #3019, #8524 ) ) ;
#6248 = ORIENTED_EDGE ( 'NONE', *, *, #3628, .T. ) ;
#6249 = ORIENTED_EDGE ( 'NONE', *, *, #3628, .F. ) ;
#6250 = CARTESIAN_POINT ( 'NONE',  ( 0.8466221238022999529, -1.034603363479403626, 2.875000000000000000 ) ) ;
#6251 = EDGE_CURVE ( 'NONE', #4481, #8635, #7196, .T. ) ;
#6252 = PRESENTATION_STYLE_ASSIGNMENT (( #7865 ) ) ;
#6253 = FACE_OUTER_BOUND ( 'NONE', #9450, .T. ) ;
#6254 = SURFACE_STYLE_FILL_AREA ( #9066 ) ;
#6255 = ORIENTED_EDGE ( 'NONE', *, *, #8302, .T. ) ;
#6256 = DIRECTION ( 'NONE',  ( -0.000000000000000000, -0.000000000000000000, 1.000000000000000000 ) ) ;
#6257 = UNCERTAINTY_MEASURE_WITH_UNIT (LENGTH_MEASURE( 1.000000000000000082E-05 ), #10102, 'distance_accuracy_value', 'NONE');
#6258 = EDGE_CURVE ( 'NONE', #3844, #9055, #5686, .T. ) ;
#6259 = SURFACE_STYLE_USAGE ( .BOTH. , #10438 ) ;
#6260 = DIRECTION ( 'NONE',  ( 0.000000000000000000, 0.000000000000000000, 1.000000000000000000 ) ) ;
#6261 = CARTESIAN_POINT ( 'NONE',  ( 1.602987864543040653, -0.4159691042201442146, 2.774999999999999911 ) ) ;
#6262 = VERTEX_POINT ( 'NONE', #9103 ) ;
#6263 = VECTOR ( 'NONE', #9689, 1000.000000000000114 ) ;
#6264 = COLOUR_RGB ( '',0.7529411764705882248, 0.7529411764705882248, 0.7529411764705882248 ) ;
#6265 = ORIENTED_EDGE ( 'NONE', *, *, #8473, .T. ) ;
#6266 = DIRECTION ( 'NONE',  ( 0.8913325067550003089, 0.4533501542978090049, 0.000000000000000000 ) ) ;
#6267 = FILL_AREA_STYLE_COLOUR ( '', #6651 ) ;
#6268 = PLANE ( 'NONE',  #4131 ) ;
#6269 = COLOUR_RGB ( '',0.7529411764705882248, 0.7529411764705882248, 0.7529411764705882248 ) ;
#6270 = EDGE_CURVE ( 'NONE', #5696, #3304, #9865, .T. ) ;
#6271 = CARTESIAN_POINT ( 'NONE',  ( -2.401063061382885611, -1.106362622738662704, 2.774999999999999911 ) ) ;
#6272 = VERTEX_POINT ( 'NONE', #2656 ) ;
#6273 = LINE ( 'NONE', #2287, #9872 ) ;
#6274 = ORIENTED_EDGE ( 'NONE', *, *, #4588, .F. ) ;
#6275 = ORIENTED_EDGE ( 'NONE', *, *, #505, .T. ) ;
#6276 = VECTOR ( 'NONE', #3462, 1000.000000000000000 ) ;
#6277 = EDGE_CURVE ( 'NONE', #5069, #1075, #1798, .T. ) ;
#6279 = VERTEX_POINT ( 'NONE', #1699 ) ;
#6278 = DIRECTION ( 'NONE',  ( 0.000000000000000000, -1.000000000000000000, 0.000000000000000000 ) ) ;
#6280 = DIRECTION ( 'NONE',  ( -0.000000000000000000, 1.000000000000000000, -0.000000000000000000 ) ) ;
#6281 = CARTESIAN_POINT ( 'NONE',  ( 2.038558852197361659, -0.1746496597756997116, 2.774999999999999911 ) ) ;
#6282 = PRESENTATION_STYLE_ASSIGNMENT (( #1173 ) ) ;
#6283 =( GEOMETRIC_REPRESENTATION_CONTEXT ( 3 ) GLOBAL_UNCERTAINTY_ASSIGNED_CONTEXT ( ( #9433 ) ) GLOBAL_UNIT_ASSIGNED_CONTEXT ( ( #4568, #451, #6957 ) ) REPRESENTATION_CONTEXT ( 'NONE', 'WORKASPACE' ) );
#6284 = LINE ( 'NONE', #9432, #2994 ) ;
#6285 = CARTESIAN_POINT ( 'NONE',  ( 2.596429222567732342, -0.2141944128621195154, 2.774999999999999911 ) ) ;
#6286 = ORIENTED_EDGE ( 'NONE', *, *, #4517, .T. ) ;
#6287 = CARTESIAN_POINT ( 'NONE',  ( 2.949999999999999289, 3.100000000000002309, -2.125000000000000000 ) ) ;
#6288 = VECTOR ( 'NONE', #4391, 1000.000000000000000 ) ;
#6289 = FACE_OUTER_BOUND ( 'NONE', #10358, .T. ) ;
#6290 = ORIENTED_EDGE ( 'NONE', *, *, #2180, .T. ) ;
#6291 = AXIS2_PLACEMENT_3D ( 'NONE', #437, #5368, #8646 ) ;
#6292 = SURFACE_STYLE_FILL_AREA ( #310 ) ;
#6293 = CARTESIAN_POINT ( 'NONE',  ( -1.614604728049552129, -0.6146573758250823971, 2.774999999999999911 ) ) ;
#6294 = ORIENTED_EDGE ( 'NONE', *, *, #6063, .F. ) ;
#6295 = SURFACE_STYLE_USAGE ( .BOTH. , #7911 ) ;
#6296 = STYLED_ITEM ( 'NONE', ( #4073 ), #1704 ) ;
#6297 = CARTESIAN_POINT ( 'NONE',  ( 2.849999999999999645, -4.800000000000000711, -1.475000000000000089 ) ) ;
#6298 = FILL_AREA_STYLE_COLOUR ( '', #8587 ) ;
#6300 = PRESENTATION_LAYER_ASSIGNMENT (  '', '', ( #4733 ) ) ;
#6299 = ADVANCED_BREP_SHAPE_REPRESENTATION ( 'B2B-XH-AM(LF)(SN)', ( #2996, #9410 ), #1015 ) ;
#6301 = PLANE ( 'NONE',  #9533 ) ;
#6302 = ORIENTED_EDGE ( 'NONE', *, *, #960, .F. ) ;
#6303 = EDGE_LOOP ( 'NONE', ( #2859, #5056, #5360, #6345 ) ) ;
#6304 = ORIENTED_EDGE ( 'NONE', *, *, #5975, .T. ) ;
#6305 = CARTESIAN_POINT ( 'NONE',  ( 1.002872123802300175, -0.3658147832324898374, 2.774999999999999911 ) ) ;
#6306 = FILL_AREA_STYLE ('',( #2426 ) ) ;
#6307 = FACE_OUTER_BOUND ( 'NONE', #8410, .T. ) ;
#6308 = ORIENTED_EDGE ( 'NONE', *, *, #2082, .F. ) ;
#6309 = FILL_AREA_STYLE_COLOUR ( '', #3530 ) ;
#6310 = STYLED_ITEM ( 'NONE', ( #3661 ), #1142 ) ;
#6311 = CARTESIAN_POINT ( 'NONE',  ( 1.030842802814645687, -0.1761928696522429560, 2.774999999999999911 ) ) ;
#6312 = SURFACE_SIDE_STYLE ('',( #2377 ) ) ;
#6313 = ADVANCED_FACE ( 'NONE', ( #4965 ), #9969, .T. ) ;
#6314 = SURFACE_SIDE_STYLE ('',( #8717 ) ) ;
#6315 = ORIENTED_EDGE ( 'NONE', *, *, #4007, .T. ) ;
#6316 = VERTEX_POINT ( 'NONE', #2509 ) ;
#6317 = AXIS2_PLACEMENT_3D ( 'NONE', #1037, #6638, #5774 ) ;
#6318 =( LENGTH_UNIT ( ) NAMED_UNIT ( * ) SI_UNIT ( .MILLI., .METRE. ) );
#6319 =( BOUNDED_SURFACE ( )  B_SPLINE_SURFACE ( 3, 1, ( 
 ( #3457, #246 ),
 ( #6753, #10025 ),
 ( #292, #9321 ),
 ( #5989, #5120 ),
 ( #9273, #2815 ),
 ( #9106, #5944 ),
 ( #1743, #5173 ) ),
 .UNSPECIFIED., .T., .F., .F. ) 
 B_SPLINE_SURFACE_WITH_KNOTS ( ( 4, 3, 4 ),
 ( 2, 2 ),
 ( 0.000000000000000000, 0.5000000000000000000, 1.000000000000000000 ),
 ( 0.000000000000000000, 1.000000000000000000 ),
 .UNSPECIFIED. ) 
 GEOMETRIC_REPRESENTATION_ITEM ( )  RATIONAL_B_SPLINE_SURFACE ( (
 ( 1.000000000000000000, 1.000000000000000000),
 ( 0.3333333333333333703, 0.3333333333333333703),
 ( 0.3333333333333333703, 0.3333333333333333703),
 ( 1.000000000000000000, 1.000000000000000000),
 ( 0.3333333333333335369, 0.3333333333333333703),
 ( 0.3333333333333335369, 0.3333333333333333703),
 ( 1.000000000000000000, 1.000000000000000000) ) ) 
 REPRESENTATION_ITEM ( '' )  SURFACE ( )  );
#6320 =( NAMED_UNIT ( * ) PLANE_ANGLE_UNIT ( ) SI_UNIT ( $, .RADIAN. ) );
#6321 =( LENGTH_UNIT ( ) NAMED_UNIT ( * ) SI_UNIT ( .MILLI., .METRE. ) );
#6322 = SURFACE_STYLE_FILL_AREA ( #2330 ) ;
#6323 = DIRECTION ( 'NONE',  ( 1.000000000000000000, 0.000000000000000000, -0.000000000000000000 ) ) ;
#6324 = PRESENTATION_LAYER_ASSIGNMENT (  '', '', ( #4931 ) ) ;
#6325 = DIRECTION ( 'NONE',  ( 0.4487738670375939209, -0.8936453526226855182, 0.000000000000000000 ) ) ;
#6326 = ORIENTED_EDGE ( 'NONE', *, *, #3920, .T. ) ;
#6327 = DIRECTION ( 'NONE',  ( -1.000000000000000000, 0.000000000000000000, 0.000000000000000000 ) ) ;
#6328 = VERTEX_POINT ( 'NONE', #5119 ) ;
#6329 = EDGE_CURVE ( 'NONE', #7209, #6683, #9010, .T. ) ;
#6330 = VECTOR ( 'NONE', #10254, 999.9999999999998863 ) ;
#6332 = ORIENTED_EDGE ( 'NONE', *, *, #2251, .T. ) ;
#6331 = DIRECTION ( 'NONE',  ( 0.000000000000000000, 1.000000000000000000, 0.000000000000000000 ) ) ;
#6333 =( NAMED_UNIT ( * ) PLANE_ANGLE_UNIT ( ) SI_UNIT ( $, .RADIAN. ) );
#6334 = CARTESIAN_POINT ( 'NONE',  ( -0.1431541107656014999, -0.9879212647139713477, 2.774999999999999911 ) ) ;
#6335 = LINE ( 'NONE', #4585, #2837 ) ;
#6336 = UNCERTAINTY_MEASURE_WITH_UNIT (LENGTH_MEASURE( 1.000000000000000082E-05 ), #9833, 'distance_accuracy_value', 'NONE');
#6337 = FACE_OUTER_BOUND ( 'NONE', #285, .T. ) ;
#6338 = EDGE_LOOP ( 'NONE', ( #9619, #9596, #9812, #6608, #2439, #10585, #6696, #4610, #3991, #4505, #8662, #5048, #4091, #8110, #7821, #3353, #7609, #4054, #9437, #2395, #7928, #4381, #4017, #1337, #3065 ) ) ;
#6339 = DIRECTION ( 'NONE',  ( 0.3397323398897498237, 0.9405221620105692626, 0.000000000000000000 ) ) ;
#6340 = COLOUR_RGB ( '',0.7529411764705882248, 0.7529411764705882248, 0.7529411764705882248 ) ;
#6341 = ORIENTED_EDGE ( 'NONE', *, *, #2039, .F. ) ;
#6342 = DIRECTION ( 'NONE',  ( 1.000000000000000000, 0.000000000000000000, -0.000000000000000000 ) ) ;
#6343 = SURFACE_STYLE_USAGE ( .BOTH. , #7907 ) ;
#6344 = UNCERTAINTY_MEASURE_WITH_UNIT (LENGTH_MEASURE( 1.000000000000000082E-05 ), #7798, 'distance_accuracy_value', 'NONE');
#6345 = ORIENTED_EDGE ( 'NONE', *, *, #4627, .T. ) ;
#6346 = LINE ( 'NONE', #6934, #4137 ) ;
#6347 =( NAMED_UNIT ( * ) SI_UNIT ( $, .STERADIAN. ) SOLID_ANGLE_UNIT ( ) );
#6348 = UNCERTAINTY_MEASURE_WITH_UNIT (LENGTH_MEASURE( 1.000000000000000082E-05 ), #3821, 'distance_accuracy_value', 'NONE');
#6349 = SURFACE_STYLE_USAGE ( .BOTH. , #7213 ) ;
#6350 = CARTESIAN_POINT ( 'NONE',  ( 0.9299999999999992717, -6.700000000000000178, 0.2049999999999998768 ) ) ;
#6351 = AXIS2_PLACEMENT_3D ( 'NONE', #8096, #4632, #6323 ) ;
#6352 = EDGE_LOOP ( 'NONE', ( #1395, #6917, #3913, #5445, #6987, #5260 ) ) ;
#6353 = ORIENTED_EDGE ( 'NONE', *, *, #9943, .T. ) ;
#6354 = ORIENTED_EDGE ( 'NONE', *, *, #8946, .F. ) ;
#6355 = VECTOR ( 'NONE', #3185, 1000.000000000000000 ) ;
#6356 = FACE_OUTER_BOUND ( 'NONE', #6352, .T. ) ;
#6357 = SURFACE_SIDE_STYLE ('',( #3701 ) ) ;
#6358 = PRESENTATION_STYLE_ASSIGNMENT (( #662 ) ) ;
#6359 = VERTEX_POINT ( 'NONE', #5022 ) ;
#6360 = CARTESIAN_POINT ( 'NONE',  ( 1.462941568246744595, -0.9325586103929838222, 2.774999999999999911 ) ) ;
#6361 = UNCERTAINTY_MEASURE_WITH_UNIT (LENGTH_MEASURE( 1.000000000000000082E-05 ), #8263, 'distance_accuracy_value', 'NONE');
#6362 = STYLED_ITEM ( 'NONE', ( #8881 ), #3492 ) ;
#6363 = DIRECTION ( 'NONE',  ( -1.000000000000000000, 0.000000000000000000, 0.000000000000000000 ) ) ;
#6364 =( NAMED_UNIT ( * ) PLANE_ANGLE_UNIT ( ) SI_UNIT ( $, .RADIAN. ) );
#6365 = ORIENTED_EDGE ( 'NONE', *, *, #6200, .T. ) ;
#6366 = LINE ( 'NONE', #559, #2322 ) ;
#6367 = ORIENTED_EDGE ( 'NONE', *, *, #1965, .F. ) ;
#6368 = VECTOR ( 'NONE', #4606, 1000.000000000000227 ) ;
#6369 = VECTOR ( 'NONE', #5732, 1000.000000000000000 ) ;
#6370 =( GEOMETRIC_REPRESENTATION_CONTEXT ( 3 ) GLOBAL_UNCERTAINTY_ASSIGNED_CONTEXT ( ( #1941 ) ) GLOBAL_UNIT_ASSIGNED_CONTEXT ( ( #8218, #9284, #3465 ) ) REPRESENTATION_CONTEXT ( 'NONE', 'WORKASPACE' ) );
#6371 = LINE ( 'NONE', #8476, #4343 ) ;
#6372 = DIRECTION ( 'NONE',  ( -0.000000000000000000, -0.000000000000000000, 1.000000000000000000 ) ) ;
#6373 = CARTESIAN_POINT ( 'NONE',  ( 0.1271005188640283445, -1.017242252368292244, 2.774999999999999911 ) ) ;
#6374 = FILL_AREA_STYLE ('',( #6485 ) ) ;
#6375 = CARTESIAN_POINT ( 'NONE',  ( -1.233238987308811208, -0.1491866968127367743, 2.774999999999999911 ) ) ;
#6376 = DIRECTION ( 'NONE',  ( 1.000000000000000000, 0.000000000000000000, 0.000000000000000000 ) ) ;
#6377 = PLANE ( 'NONE',  #6421 ) ;
#6378 = EDGE_LOOP ( 'NONE', ( #264, #2037, #5402, #10234 ) ) ;
#6379 = SURFACE_SIDE_STYLE ('',( #7886 ) ) ;
#6380 = EDGE_LOOP ( 'NONE', ( #4587, #8193, #8268, #2367 ) ) ;
#6381 = AXIS2_PLACEMENT_3D ( 'NONE', #3662, #3561, #10230 ) ;
#6382 = EDGE_LOOP ( 'NONE', ( #7794, #7777, #1364, #3281 ) ) ;
#6383 = FILL_AREA_STYLE_COLOUR ( '', #2027 ) ;
#6384 = CARTESIAN_POINT ( 'NONE',  ( 1.886902865494877402, 3.500000000000000000, 2.125000000000000000 ) ) ;
#6385 = SURFACE_SIDE_STYLE ('',( #8849 ) ) ;
#6386 = SURFACE_STYLE_FILL_AREA ( #7198 ) ;
#6387 = SURFACE_STYLE_USAGE ( .BOTH. , #7143 ) ;
#6388 = VERTEX_POINT ( 'NONE', #5788 ) ;
#6389 = DIRECTION ( 'NONE',  ( -0.7071067811865412445, 0.7071067811865536790, 0.000000000000000000 ) ) ;
#6390 = PRESENTATION_LAYER_ASSIGNMENT (  '', '', ( #6896 ) ) ;
#6391 = VECTOR ( 'NONE', #1782, 1000.000000000000114 ) ;
#6392 = FILL_AREA_STYLE ('',( #10357 ) ) ;
#6393 = EDGE_CURVE ( 'NONE', #7299, #1450, #1742, .T. ) ;
#6394 = ORIENTED_EDGE ( 'NONE', *, *, #1448, .F. ) ;
#6395 =( NAMED_UNIT ( * ) PLANE_ANGLE_UNIT ( ) SI_UNIT ( $, .RADIAN. ) );
#6396 = ADVANCED_FACE ( 'NONE', ( #8259 ), #4219, .T. ) ;
#6397 = CARTESIAN_POINT ( 'NONE',  ( 1.569999999999999396, -4.289853386497014753, 0.2049999999999998768 ) ) ;
#6398 = COLOUR_RGB ( '',0.7529411764705882248, 0.7529411764705882248, 0.7529411764705882248 ) ;
#6399 = VECTOR ( 'NONE', #2591, 1000.000000000000114 ) ;
#6400 = ORIENTED_EDGE ( 'NONE', *, *, #5721, .T. ) ;
#6401 =( NAMED_UNIT ( * ) SI_UNIT ( $, .STERADIAN. ) SOLID_ANGLE_UNIT ( ) );
#6402 = SURFACE_SIDE_STYLE ('',( #8924 ) ) ;
#6403 = SURFACE_SIDE_STYLE ('',( #6513 ) ) ;
#6404 = EDGE_CURVE ( 'NONE', #8953, #497, #5075, .T. ) ;
#6405 = CARTESIAN_POINT ( 'NONE',  ( 0.000000000000000000, -1.683088235294121660, -2.805147058823532102 ) ) ;
#6406 = VECTOR ( 'NONE', #968, 1000.000000000000114 ) ;
#6407 = VECTOR ( 'NONE', #2577, 1000.000000000000000 ) ;
#6408 = DIRECTION ( 'NONE',  ( 0.000000000000000000, 1.000000000000000000, 0.000000000000000000 ) ) ;
#6409 = ORIENTED_EDGE ( 'NONE', *, *, #4787, .F. ) ;
#6410 = ORIENTED_EDGE ( 'NONE', *, *, #456, .T. ) ;
#6411 = ORIENTED_EDGE ( 'NONE', *, *, #6234, .T. ) ;
#6412 = CARTESIAN_POINT ( 'NONE',  ( -1.793038370024860662, -0.1277746597756997671, 2.774999999999999911 ) ) ;
#6413 = EDGE_CURVE ( 'NONE', #9055, #3331, #3401, .T. ) ;
#6414 = CARTESIAN_POINT ( 'NONE',  ( -1.793038370024860662, -0.1277746597756997671, 2.774999999999999911 ) ) ;
#6415 = LINE ( 'NONE', #4880, #4011 ) ;
#6416 = ORIENTED_EDGE ( 'NONE', *, *, #3097, .F. ) ;
#6417 = CARTESIAN_POINT ( 'NONE',  ( -1.901063061382885389, -0.1675123140966873203, 2.875000000000000000 ) ) ;
#6418 = AXIS2_PLACEMENT_3D ( 'NONE', #2989, #2187, #5525 ) ;
#6419 = SURFACE_STYLE_FILL_AREA ( #3128 ) ;
#6420 = ORIENTED_EDGE ( 'NONE', *, *, #618, .F. ) ;
#6421 = AXIS2_PLACEMENT_3D ( 'NONE', #8571, #6964, #7941 ) ;
#6422 = VECTOR ( 'NONE', #6635, 1000.000000000000227 ) ;
#6423 = CARTESIAN_POINT ( 'NONE',  ( -1.737097012000169416, -1.046370338788045418, 2.774999999999999911 ) ) ;
#6424 = CARTESIAN_POINT ( 'NONE',  ( -1.770000000000001128, -5.422383267283204411, 0.8450000000000000844 ) ) ;
#6425 = PRESENTATION_STYLE_ASSIGNMENT (( #2278 ) ) ;
#6426 = CARTESIAN_POINT ( 'NONE',  ( -2.950000000000000178, -2.250000000000000000, -2.125000000000000000 ) ) ;
#6427 = PRESENTATION_STYLE_ASSIGNMENT (( #291 ) ) ;
#6428 = PLANE ( 'NONE',  #8504 ) ;
#6429 = DIRECTION ( 'NONE',  ( -0.9420644119633660996, 0.3354320254718045069, 0.000000000000000000 ) ) ;
#6430 = EDGE_CURVE ( 'NONE', #1219, #1656, #8373, .T. ) ;
#6431 = PRESENTATION_LAYER_ASSIGNMENT (  '', '', ( #5040 ) ) ;
#6432 = PRESENTATION_LAYER_ASSIGNMENT (  '', '', ( #9847 ) ) ;
#6433 = DIRECTION ( 'NONE',  ( 0.7071067811865432429, 0.7071067811865519026, 0.000000000000000000 ) ) ;
#6434 = EDGE_LOOP ( 'NONE', ( #2820, #8831, #6142, #3152 ) ) ;
#6435 = ORIENTED_EDGE ( 'NONE', *, *, #1461, .T. ) ;
#6436 = CYLINDRICAL_SURFACE ( 'NONE', #5243, 0.5000000000000000000 ) ;
#6437 = VECTOR ( 'NONE', #4970, 1000.000000000000000 ) ;
#6439 = VERTEX_POINT ( 'NONE', #3456 ) ;
#6438 = SURFACE_SIDE_STYLE ('',( #7357 ) ) ;
#6440 =( LENGTH_UNIT ( ) NAMED_UNIT ( * ) SI_UNIT ( .MILLI., .METRE. ) );
#6441 = DIRECTION ( 'NONE',  ( 0.000000000000000000, 0.000000000000000000, -1.000000000000000000 ) ) ;
#6442 = UNCERTAINTY_MEASURE_WITH_UNIT (LENGTH_MEASURE( 1.000000000000000082E-05 ), #2833, 'distance_accuracy_value', 'NONE');
#6443 = CARTESIAN_POINT ( 'NONE',  ( 1.880379839851682666, -1.106362622738662704, 2.774999999999999911 ) ) ;
#6444 = ORIENTED_EDGE ( 'NONE', *, *, #259, .T. ) ;
#6445 = PRESENTATION_STYLE_ASSIGNMENT (( #98 ) ) ;
#6446 = VECTOR ( 'NONE', #7405, 1000.000000000000000 ) ;
#6447 = DIRECTION ( 'NONE',  ( 0.000000000000000000, -0.000000000000000000, -1.000000000000000000 ) ) ;
#6448 = ADVANCED_FACE ( 'NONE', ( #1000 ), #6603, .T. ) ;
#6449 = VERTEX_POINT ( 'NONE', #3715 ) ;
#6450 = EDGE_CURVE ( 'NONE', #3798, #8142, #10280, .T. ) ;
#6451 = VECTOR ( 'NONE', #8289, 1000.000000000000000 ) ;
#6452 = LINE ( 'NONE', #10362, #10098 ) ;
#6453 = CARTESIAN_POINT ( 'NONE',  ( -3.700000000000000622, 3.500000000000000000, 2.875000000000000000 ) ) ;
#6454 = PRESENTATION_LAYER_ASSIGNMENT (  '', '', ( #1966 ) ) ;
#6455 = UNCERTAINTY_MEASURE_WITH_UNIT (LENGTH_MEASURE( 1.000000000000000082E-05 ), #10167, 'distance_accuracy_value', 'NONE');
#6456 = VERTEX_POINT ( 'NONE', #1950 ) ;
#6457 = DIRECTION ( 'NONE',  ( 0.000000000000000000, -1.000000000000000000, 0.000000000000000000 ) ) ;
#6458 = DIRECTION ( 'NONE',  ( 1.000000000000000000, 0.000000000000000000, 0.000000000000000000 ) ) ;
#6459 = FILL_AREA_STYLE_COLOUR ( '', #2731 ) ;
#6460 = CARTESIAN_POINT ( 'NONE',  ( 1.824438481826991865, -0.4138471906398972777, 2.875000000000000000 ) ) ;
#6461 = EDGE_CURVE ( 'NONE', #489, #3804, #6154, .T. ) ;
#6462 = PRESENTATION_LAYER_ASSIGNMENT (  '', '', ( #270 ) ) ;
#6463 = CARTESIAN_POINT ( 'NONE',  ( -2.446780653975477726, -1.127774659775699684, 2.875000000000000000 ) ) ;
#6464 = ORIENTED_EDGE ( 'NONE', *, *, #4416, .T. ) ;
#6465 = ORIENTED_EDGE ( 'NONE', *, *, #4949, .T. ) ;
#6466 = CARTESIAN_POINT ( 'NONE',  ( -1.494234357679181446, -0.1981836103929836557, 2.875000000000000000 ) ) ;
#6467 = DIRECTION ( 'NONE',  ( 0.000000000000000000, 0.000000000000000000, 1.000000000000000000 ) ) ;
#6468 = ADVANCED_FACE ( 'NONE', ( #5279 ), #7067, .T. ) ;
#6469 = VECTOR ( 'NONE', #9038, 1000.000000000000000 ) ;
#6470 = ORIENTED_EDGE ( 'NONE', *, *, #10318, .F. ) ;
#6471 = LINE ( 'NONE', #5605, #3691 ) ;
#6472 = UNCERTAINTY_MEASURE_WITH_UNIT (LENGTH_MEASURE( 1.000000000000000082E-05 ), #2058, 'distance_accuracy_value', 'NONE');
#6473 = STYLED_ITEM ( 'NONE', ( #3371 ), #9374 ) ;
#6474 = CARTESIAN_POINT ( 'NONE',  ( -0.9300000000000011591, 3.100000000000000089, 0.8450000000000000844 ) ) ;
#6475 = CARTESIAN_POINT ( 'NONE',  ( 0.2767918768887198122, -0.1491866968127367743, 2.875000000000000000 ) ) ;
#6476 = ADVANCED_FACE ( 'NONE', ( #2865 ), #9471, .T. ) ;
#6477 = DIRECTION ( 'NONE',  ( 0.000000000000000000, 1.000000000000000000, 0.000000000000000000 ) ) ;
#6478 = AXIS2_PLACEMENT_3D ( 'NONE', #342, #5036, #921 ) ;
#6479 = VERTEX_POINT ( 'NONE', #7879 ) ;
#6480 = ORIENTED_EDGE ( 'NONE', *, *, #6208, .F. ) ;
#6481 = DIRECTION ( 'NONE',  ( -0.9796945948295863182, -0.2004956380116348913, 0.000000000000000000 ) ) ;
#6482 = VECTOR ( 'NONE', #5118, 1000.000000000000000 ) ;
#6483 = PLANE ( 'NONE',  #4405 ) ;
#6484 = CARTESIAN_POINT ( 'NONE',  ( 1.226830457135633434, -1.127774659775699684, 2.774999999999999911 ) ) ;
#6485 = FILL_AREA_STYLE_COLOUR ( '', #6700 ) ;
#6486 = SURFACE_SIDE_STYLE ('',( #9051 ) ) ;
#6487 = CARTESIAN_POINT ( 'NONE',  ( -1.606309974963132214, -0.1277746597756997671, 2.774999999999999911 ) ) ;
#6488 = CARTESIAN_POINT ( 'NONE',  ( 1.834855148493658161, -1.127774659775699684, 2.774999999999999911 ) ) ;
#6489 = ORIENTED_EDGE ( 'NONE', *, *, #871, .T. ) ;
#6490 = FACE_OUTER_BOUND ( 'NONE', #7339, .T. ) ;
#6491 = ORIENTED_EDGE ( 'NONE', *, *, #6088, .T. ) ;
#6492 = SURFACE_SIDE_STYLE ('',( #10571 ) ) ;
#6494 = ORIENTED_EDGE ( 'NONE', *, *, #101, .T. ) ;
#6493 =( NAMED_UNIT ( * ) SI_UNIT ( $, .STERADIAN. ) SOLID_ANGLE_UNIT ( ) );
#6495 = ADVANCED_FACE ( 'NONE', ( #509 ), #6039, .T. ) ;
#6496 = VECTOR ( 'NONE', #4854, 1000.000000000000000 ) ;
#6497 = DIRECTION ( 'NONE',  ( 0.9494311645122892607, 0.3139752599375281727, 0.000000000000000000 ) ) ;
#6498 = PRESENTATION_LAYER_ASSIGNMENT (  '', '', ( #813 ) ) ;
#6499 = FACE_OUTER_BOUND ( 'NONE', #5060, .T. ) ;
#6500 = CARTESIAN_POINT ( 'NONE',  ( 1.602987864543040653, -0.4159691042201442146, 2.875000000000000000 ) ) ;
#6501 = VERTEX_POINT ( 'NONE', #5619 ) ;
#6502 = LINE ( 'NONE', #3255, #4986 ) ;
#6503 = DIRECTION ( 'NONE',  ( -1.000000000000000000, 0.000000000000000000, 0.000000000000000000 ) ) ;
#6504 = VERTEX_POINT ( 'NONE', #3036 ) ;
#6505 = COLOUR_RGB ( '',0.7529411764705882248, 0.7529411764705882248, 0.7529411764705882248 ) ;
#6506 = DIRECTION ( 'NONE',  ( 0.000000000000000000, 0.000000000000000000, -1.000000000000000000 ) ) ;
#6507 = LINE ( 'NONE', #9771, #4770 ) ;
#6508 = FILL_AREA_STYLE_COLOUR ( '', #9334 ) ;
#6509 = VERTEX_POINT ( 'NONE', #6484 ) ;
#6510 = FILL_AREA_STYLE ('',( #3209 ) ) ;
#6511 =( NAMED_UNIT ( * ) PLANE_ANGLE_UNIT ( ) SI_UNIT ( $, .RADIAN. ) );
#6512 = VECTOR ( 'NONE', #8385, 1000.000000000000000 ) ;
#6513 = SURFACE_STYLE_FILL_AREA ( #7317 ) ;
#6514 = CARTESIAN_POINT ( 'NONE',  ( 1.357038790468966916, -1.066046264713971459, 2.774999999999999911 ) ) ;
#6515 = CARTESIAN_POINT ( 'NONE',  ( 0.4930200591917125452, -3.101766864349278841, -2.875000000000000000 ) ) ;
#6516 = LINE ( 'NONE', #6569, #1652 ) ;
#6517 = EDGE_CURVE ( 'NONE', #1410, #3687, #7236, .T. ) ;
#6518 = DIRECTION ( 'NONE',  ( 0.000000000000000000, 1.000000000000000000, -0.000000000000000000 ) ) ;
#6519 = LINE ( 'NONE', #9783, #6149 ) ;
#6520 = FACE_OUTER_BOUND ( 'NONE', #5067, .T. ) ;
#6521 = ORIENTED_EDGE ( 'NONE', *, *, #6898, .T. ) ;
#6522 = DIRECTION ( 'NONE',  ( 0.8947984249228966291, -0.4464703559649880749, 0.000000000000000000 ) ) ;
#6523 = LINE ( 'NONE', #5762, #2998 ) ;
#6524 = CARTESIAN_POINT ( 'NONE',  ( -0.1352451601483173338, -1.062766943726316970, 2.774999999999999911 ) ) ;
#6525 = CARTESIAN_POINT ( 'NONE',  ( 1.582154531209707837, -0.4159691042201442146, 2.875000000000000000 ) ) ;
#6526 = VECTOR ( 'NONE', #7013, 1000.000000000000000 ) ;
#6527 = ADVANCED_FACE ( 'NONE', ( #5508 ), #6268, .T. ) ;
#6528 = FILL_AREA_STYLE_COLOUR ( '', #3335 ) ;
#6529 = ORIENTED_EDGE ( 'NONE', *, *, #4925, .F. ) ;
#6530 = EDGE_LOOP ( 'NONE', ( #6470, #3914, #7874, #1300 ) ) ;
#6531 = ORIENTED_EDGE ( 'NONE', *, *, #3873, .T. ) ;
#6532 = CARTESIAN_POINT ( 'NONE',  ( 1.462941568246744595, -0.7869181782942182846, 2.875000000000000000 ) ) ;
#6533 = FILL_AREA_STYLE ('',( #8888 ) ) ;
#6534 =( LENGTH_UNIT ( ) NAMED_UNIT ( * ) SI_UNIT ( .MILLI., .METRE. ) );
#6535 = EDGE_CURVE ( 'NONE', #1139, #8943, #9189, .T. ) ;
#6536 = FACE_OUTER_BOUND ( 'NONE', #1776, .T. ) ;
#6537 = DIRECTION ( 'NONE',  ( 1.000000000000000000, 0.000000000000000000, 0.000000000000000000 ) ) ;
#6538 = FILL_AREA_STYLE ('',( #7350 ) ) ;
#6539 = EDGE_CURVE ( 'NONE', #4682, #806, #10449, .T. ) ;
#6540 = DIRECTION ( 'NONE',  ( -0.000000000000000000, -0.000000000000000000, 1.000000000000000000 ) ) ;
#6541 = ORIENTED_EDGE ( 'NONE', *, *, #8477, .T. ) ;
#6542 = VECTOR ( 'NONE', #953, 1000.000000000000000 ) ;
#6543 = ORIENTED_EDGE ( 'NONE', *, *, #950, .T. ) ;
#6544 = PRESENTATION_STYLE_ASSIGNMENT (( #7409 ) ) ;
#6545 = EDGE_CURVE ( 'NONE', #6328, #8647, #3997, .T. ) ;
#6547 = ORIENTED_EDGE ( 'NONE', *, *, #1624, .F. ) ;
#6546 = SURFACE_STYLE_FILL_AREA ( #9650 ) ;
#6548 = CARTESIAN_POINT ( 'NONE',  ( 0.2767918768887198122, -0.1277746597756997671, 2.875000000000000000 ) ) ;
#6549 = EDGE_CURVE ( 'NONE', #4432, #2952, #4790, .T. ) ;
#6550 = DIRECTION ( 'NONE',  ( 0.3043666699837478951, 0.9525549486528346321, 0.000000000000000000 ) ) ;
#6551 = DIRECTION ( 'NONE',  ( 1.000000000000000000, 0.000000000000000000, 0.000000000000000000 ) ) ;
#6552 = SURFACE_STYLE_FILL_AREA ( #1595 ) ;
#6553 = ORIENTED_EDGE ( 'NONE', *, *, #7335, .F. ) ;
#6554 =( NAMED_UNIT ( * ) PLANE_ANGLE_UNIT ( ) SI_UNIT ( $, .RADIAN. ) );
#6555 = VERTEX_POINT ( 'NONE', #3882 ) ;
#6556 = VECTOR ( 'NONE', #7723, 1000.000000000000000 ) ;
#6557 = PRESENTATION_LAYER_ASSIGNMENT (  '', '', ( #4471 ) ) ;
#6558 = EDGE_CURVE ( 'NONE', #9631, #6227, #7181, .T. ) ;
#6559 = FILL_AREA_STYLE_COLOUR ( '', #10443 ) ;
#6560 = FACE_OUTER_BOUND ( 'NONE', #3601, .T. ) ;
#6561 = UNCERTAINTY_MEASURE_WITH_UNIT (LENGTH_MEASURE( 1.000000000000000082E-05 ), #2132, 'distance_accuracy_value', 'NONE');
#6562 = VERTEX_POINT ( 'NONE', #8092 ) ;
#6563 = PLANE ( 'NONE',  #975 ) ;
#6565 = SURFACE_SIDE_STYLE ('',( #4980 ) ) ;
#6564 =( GEOMETRIC_REPRESENTATION_CONTEXT ( 3 ) GLOBAL_UNCERTAINTY_ASSIGNED_CONTEXT ( ( #9136 ) ) GLOBAL_UNIT_ASSIGNED_CONTEXT ( ( #4600, #2194, #5306 ) ) REPRESENTATION_CONTEXT ( 'NONE', 'WORKASPACE' ) );
#6566 =( NAMED_UNIT ( * ) SI_UNIT ( $, .STERADIAN. ) SOLID_ANGLE_UNIT ( ) );
#6567 = CARTESIAN_POINT ( 'NONE',  ( 0.7945387904689668046, -0.8413163264423664245, 2.774999999999999911 ) ) ;
#6568 = CARTESIAN_POINT ( 'NONE',  ( 0.000000000000000000, 0.7301470588235284831, -1.216911764705881582 ) ) ;
#6569 = CARTESIAN_POINT ( 'NONE',  ( -1.625021394716218870, -1.056979906689279991, 2.774999999999999911 ) ) ;
#6570 = EDGE_CURVE ( 'NONE', #2068, #3799, #4401, .T. ) ;
#6571 = AXIS2_PLACEMENT_3D ( 'NONE', #6924, #3781, #4538 ) ;
#6572 = LINE ( 'NONE', #9834, #53 ) ;
#6573 =( NAMED_UNIT ( * ) SI_UNIT ( $, .STERADIAN. ) SOLID_ANGLE_UNIT ( ) );
#6574 = VERTEX_POINT ( 'NONE', #4450 ) ;
#6575 = DIRECTION ( 'NONE',  ( -0.6960970839327459414, 0.7179476650427435436, 0.000000000000000000 ) ) ;
#6576 = DIRECTION ( 'NONE',  ( 0.000000000000000000, 1.000000000000000000, 0.000000000000000000 ) ) ;
#6577 = CARTESIAN_POINT ( 'NONE',  ( 0.8159508275060035620, -0.8413163264423664245, 2.875000000000000000 ) ) ;
#6578 = COLOUR_RGB ( '',0.7529411764705882248, 0.7529411764705882248, 0.7529411764705882248 ) ;
#6579 = PRESENTATION_LAYER_ASSIGNMENT (  '', '', ( #5879 ) ) ;
#6580 = DIRECTION ( 'NONE',  ( -0.000000000000000000, -0.000000000000000000, 1.000000000000000000 ) ) ;
#6581 = EDGE_CURVE ( 'NONE', #2029, #8607, #4898, .T. ) ;
#6582 = ORIENTED_EDGE ( 'NONE', *, *, #4561, .F. ) ;
#6583 = VERTEX_POINT ( 'NONE', #3587 ) ;
#6584 = ORIENTED_EDGE ( 'NONE', *, *, #5394, .F. ) ;
#6585 = ADVANCED_FACE ( 'NONE', ( #6880 ), #315, .T. ) ;
#6586 = PRESENTATION_STYLE_ASSIGNMENT (( #674 ) ) ;
#6587 = FACE_OUTER_BOUND ( 'NONE', #5625, .T. ) ;
#6588 =( GEOMETRIC_REPRESENTATION_CONTEXT ( 3 ) GLOBAL_UNCERTAINTY_ASSIGNED_CONTEXT ( ( #1491 ) ) GLOBAL_UNIT_ASSIGNED_CONTEXT ( ( #9175, #9930, #5127 ) ) REPRESENTATION_CONTEXT ( 'NONE', 'WORKASPACE' ) );
#6589 = LINE ( 'NONE', #9849, #10641 ) ;
#6590 = ADVANCED_FACE ( 'NONE', ( #4954 ), #9049, .F. ) ;
#6591 = SURFACE_STYLE_FILL_AREA ( #894 ) ;
#6592 = UNCERTAINTY_MEASURE_WITH_UNIT (LENGTH_MEASURE( 1.000000000000000082E-05 ), #4754, 'distance_accuracy_value', 'NONE');
#6593 = LINE ( 'NONE', #3088, #3417 ) ;
#6594 = DIRECTION ( 'NONE',  ( 0.000000000000000000, 0.000000000000000000, -1.000000000000000000 ) ) ;
#6595 = CARTESIAN_POINT ( 'NONE',  ( 1.046467802814645687, -0.1900817585411318511, 2.774999999999999911 ) ) ;
#6596 = LINE ( 'NONE', #9857, #5899 ) ;
#6597 = ORIENTED_EDGE ( 'NONE', *, *, #392, .F. ) ;
#6598 = VECTOR ( 'NONE', #4412, 1000.000000000000000 ) ;
#6599 = FILL_AREA_STYLE_COLOUR ( '', #4029 ) ;
#6600 = VERTEX_POINT ( 'NONE', #2680 ) ;
#6601 =( LENGTH_UNIT ( ) NAMED_UNIT ( * ) SI_UNIT ( .MILLI., .METRE. ) );
#6602 = CARTESIAN_POINT ( 'NONE',  ( -1.770000000000001128, 0.000000000000000000, 0.4049999999999999711 ) ) ;
#6603 = PLANE ( 'NONE',  #5155 ) ;
#6604 = STYLED_ITEM ( 'NONE', ( #5109 ), #7806 ) ;
#6605 = FACE_OUTER_BOUND ( 'NONE', #6008, .T. ) ;
#6606 = FILL_AREA_STYLE ('',( #3302 ) ) ;
#6607 = SURFACE_SIDE_STYLE ('',( #10517 ) ) ;
#6608 = ORIENTED_EDGE ( 'NONE', *, *, #7514, .T. ) ;
#6609 = CARTESIAN_POINT ( 'NONE',  ( -1.450000000000001288, 3.299999999999999822, 0.3250000000000000111 ) ) ;
#6610 = EDGE_CURVE ( 'NONE', #1240, #6279, #9798, .T. ) ;
#6611 = EDGE_LOOP ( 'NONE', ( #1140, #7541, #116, #4229 ) ) ;
#6612 = VECTOR ( 'NONE', #6858, 1000.000000000000000 ) ;
#6613 = SURFACE_SIDE_STYLE ('',( #9683 ) ) ;
#6614 = LINE ( 'NONE', #1113, #4625 ) ;
#6615 = ORIENTED_EDGE ( 'NONE', *, *, #8033, .T. ) ;
#6616 = SURFACE_STYLE_FILL_AREA ( #7210 ) ;
#6617 = VECTOR ( 'NONE', #5782, 1000.000000000000000 ) ;
#6618 = SURFACE_SIDE_STYLE ('',( #2473 ) ) ;
#6619 = CARTESIAN_POINT ( 'NONE',  ( -1.901063061382885389, -0.1675123140966873203, 2.774999999999999911 ) ) ;
#6620 = AXIS2_PLACEMENT_3D ( 'NONE', #5113, #1099, #181 ) ;
#6621 = VECTOR ( 'NONE', #6477, 1000.000000000000000 ) ;
#6622 = DIRECTION ( 'NONE',  ( 0.7071067811865536790, -0.7071067811865414665, 0.000000000000000000 ) ) ;
#6623 = SURFACE_STYLE_FILL_AREA ( #3320 ) ;
#6624 = VECTOR ( 'NONE', #3526, 1000.000000000000114 ) ;
#6625 = ORIENTED_EDGE ( 'NONE', *, *, #1962, .F. ) ;
#6626 = CARTESIAN_POINT ( 'NONE',  ( -1.770000000000001128, -4.372696098971633027, 0.2878427124746189558 ) ) ;
#6627 = LINE ( 'NONE', #2431, #1632 ) ;
#6628 =( NAMED_UNIT ( * ) PLANE_ANGLE_UNIT ( ) SI_UNIT ( $, .RADIAN. ) );
#6629 = STYLED_ITEM ( 'NONE', ( #9742 ), #8919 ) ;
#6630 =( LENGTH_UNIT ( ) NAMED_UNIT ( * ) SI_UNIT ( .MILLI., .METRE. ) );
#6631 = ORIENTED_EDGE ( 'NONE', *, *, #613, .F. ) ;
#6632 = ORIENTED_EDGE ( 'NONE', *, *, #5415, .F. ) ;
#6633 = VERTEX_POINT ( 'NONE', #6828 ) ;
#6634 = MECHANICAL_DESIGN_GEOMETRIC_PRESENTATION_REPRESENTATION (  '', ( #10059 ), #8858 ) ;
#6635 = DIRECTION ( 'NONE',  ( -0.4574957109978140535, -0.7624928516630229414, 0.4574957109978144421 ) ) ;
#6636 = VECTOR ( 'NONE', #3265, 1000.000000000000114 ) ;
#6637 = CARTESIAN_POINT ( 'NONE',  ( 1.223551136147978946, -1.111185153602860298, 2.774999999999999911 ) ) ;
#6638 = DIRECTION ( 'NONE',  ( 0.8182303676078496180, 0.5748904813304210881, 0.000000000000000000 ) ) ;
#6639 = ADVANCED_FACE ( 'NONE', ( #9246 ), #10100, .T. ) ;
#6640 = DIRECTION ( 'NONE',  ( -0.4671210330955545276, 0.8841933840737227213, 0.000000000000000000 ) ) ;
#6641 = VECTOR ( 'NONE', #708, 1000.000000000000000 ) ;
#6642 = CARTESIAN_POINT ( 'NONE',  ( 2.596429222567732342, -0.2141944128621195154, 2.774999999999999911 ) ) ;
#6643 = ORIENTED_EDGE ( 'NONE', *, *, #7628, .T. ) ;
#6644 = PRESENTATION_LAYER_ASSIGNMENT (  '', '', ( #6473 ) ) ;
#6645 = PRESENTATION_STYLE_ASSIGNMENT (( #36 ) ) ;
#6646 = ORIENTED_EDGE ( 'NONE', *, *, #795, .T. ) ;
#6647 = STYLED_ITEM ( 'NONE', ( #3098 ), #879 ) ;
#6648 = DIRECTION ( 'NONE',  ( 2.256739453249174165E-16, -1.000000000000000000, -0.000000000000000000 ) ) ;
#6649 = CARTESIAN_POINT ( 'NONE',  ( 0.4930200591917125452, -3.101766864349278841, -2.875000000000000000 ) ) ;
#6650 = PRESENTATION_STYLE_ASSIGNMENT (( #745 ) ) ;
#6651 = COLOUR_RGB ( '',0.7529411764705882248, 0.7529411764705882248, 0.7529411764705882248 ) ;
#6652 =( GEOMETRIC_REPRESENTATION_CONTEXT ( 3 ) GLOBAL_UNCERTAINTY_ASSIGNED_CONTEXT ( ( #2158 ) ) GLOBAL_UNIT_ASSIGNED_CONTEXT ( ( #5607, #3808, #8770 ) ) REPRESENTATION_CONTEXT ( 'NONE', 'WORKASPACE' ) );
#6653 =( NAMED_UNIT ( * ) PLANE_ANGLE_UNIT ( ) SI_UNIT ( $, .RADIAN. ) );
#6654 = ORIENTED_EDGE ( 'NONE', *, *, #738, .F. ) ;
#6655 = DIRECTION ( 'NONE',  ( -0.3191023425476296471, 0.9477202619869511402, 0.000000000000000000 ) ) ;
#6656 = CARTESIAN_POINT ( 'NONE',  ( 2.038558852197361659, -0.1746496597756997116, 2.875000000000000000 ) ) ;
#6657 = ORIENTED_EDGE ( 'NONE', *, *, #8754, .F. ) ;
#6658 = EDGE_CURVE ( 'NONE', #8673, #4071, #6346, .T. ) ;
#6659 = CARTESIAN_POINT ( 'NONE',  ( -1.942151024345848187, -0.2091789807633540610, 2.875000000000000000 ) ) ;
#6660 = PLANE ( 'NONE',  #3925 ) ;
#6661 = CARTESIAN_POINT ( 'NONE',  ( 0.6498628645430406525, -0.1277746597756997671, 2.875000000000000000 ) ) ;
#6662 = SURFACE_STYLE_FILL_AREA ( #3360 ) ;
#6663 = ADVANCED_FACE ( 'NONE', ( #5479 ), #10365, .T. ) ;
#6664 = ORIENTED_EDGE ( 'NONE', *, *, #5270, .T. ) ;
#6665 = LINE ( 'NONE', #305, #4491 ) ;
#6666 = PRESENTATION_STYLE_ASSIGNMENT (( #8278 ) ) ;
#6667 = CARTESIAN_POINT ( 'NONE',  ( 1.364176136147979168, -0.1451357708868107887, 2.875000000000000000 ) ) ;
#6668 = FILL_AREA_STYLE ('',( #3368 ) ) ;
#6669 = FILL_AREA_STYLE ('',( #1761 ) ) ;
#6670 = AXIS2_PLACEMENT_3D ( 'NONE', #4325, #5115, #8419 ) ;
#6671 = COLOUR_RGB ( '',0.7529411764705882248, 0.7529411764705882248, 0.7529411764705882248 ) ;
#6672 = ADVANCED_FACE ( 'NONE', ( #6239 ), #1387, .T. ) ;
#6673 = SURFACE_STYLE_USAGE ( .BOTH. , #152 ) ;
#6674 = DIRECTION ( 'NONE',  ( -0.000000000000000000, -0.000000000000000000, -1.000000000000000000 ) ) ;
#6675 = ADVANCED_FACE ( 'NONE', ( #7800 ), #430, .T. ) ;
#6676 = DIRECTION ( 'NONE',  ( 0.7071067811865414665, 0.7071067811865536790, 0.000000000000000000 ) ) ;
#6677 = VECTOR ( 'NONE', #3789, 1000.000000000000000 ) ;
#6678 = ORIENTED_EDGE ( 'NONE', *, *, #9121, .T. ) ;
#6679 = LINE ( 'NONE', #3224, #7136 ) ;
#6680 = LINE ( 'NONE', #4999, #1880 ) ;
#6681 = STYLED_ITEM ( 'NONE', ( #10241 ), #10532 ) ;
#6682 = LINE ( 'NONE', #9951, #1297 ) ;
#6683 = VERTEX_POINT ( 'NONE', #10530 ) ;
#6684 = ORIENTED_EDGE ( 'NONE', *, *, #6843, .F. ) ;
#6685 = LINE ( 'NONE', #1877, #5871 ) ;
#6686 = CARTESIAN_POINT ( 'NONE',  ( -1.570000000000001172, -6.700000000000000178, 0.8450000000000000844 ) ) ;
#6687 = CARTESIAN_POINT ( 'NONE',  ( -3.700000000000000622, 3.500000000000000000, 2.875000000000000000 ) ) ;
#6688 = DIRECTION ( 'NONE',  ( 0.9494311645122892607, 0.3139752599375281727, 0.000000000000000000 ) ) ;
#6689 = UNCERTAINTY_MEASURE_WITH_UNIT (LENGTH_MEASURE( 1.000000000000000082E-05 ), #3996, 'distance_accuracy_value', 'NONE');
#6690 = EDGE_CURVE ( 'NONE', #2451, #4432, #2358, .T. ) ;
#6691 = VECTOR ( 'NONE', #5802, 1000.000000000000000 ) ;
#6692 = CARTESIAN_POINT ( 'NONE',  ( 0.5418381731850160365, -0.1675123140966873203, 2.774999999999999911 ) ) ;
#6693 = DIRECTION ( 'NONE',  ( 0.000000000000000000, -1.000000000000000000, 0.000000000000000000 ) ) ;
#6694 = ORIENTED_EDGE ( 'NONE', *, *, #7765, .T. ) ;
#6695 = CARTESIAN_POINT ( 'NONE',  ( 2.240333543555386164, -0.1491866968127367743, 2.774999999999999911 ) ) ;
#6696 = ORIENTED_EDGE ( 'NONE', *, *, #6855, .T. ) ;
#6697 = DIRECTION ( 'NONE',  ( 1.694065894508601418E-16, -0.000000000000000000, 1.000000000000000000 ) ) ;
#6698 = VECTOR ( 'NONE', #5777, 1000.000000000000000 ) ;
#6699 = DIRECTION ( 'NONE',  ( 0.000000000000000000, 0.000000000000000000, 1.000000000000000000 ) ) ;
#6700 = COLOUR_RGB ( '',0.7529411764705882248, 0.7529411764705882248, 0.7529411764705882248 ) ;
#6701 = CARTESIAN_POINT ( 'NONE',  ( 1.226830457135633434, -1.127774659775699684, 2.774999999999999911 ) ) ;
#6702 = DIRECTION ( 'NONE',  ( 0.000000000000000000, 0.000000000000000000, 1.000000000000000000 ) ) ;
#6703 = CARTESIAN_POINT ( 'NONE',  ( 0.6498628645430406525, -0.1277746597756997671, 2.774999999999999911 ) ) ;
#6704 = VECTOR ( 'NONE', #889, 1000.000000000000000 ) ;
#6705 = MECHANICAL_DESIGN_GEOMETRIC_PRESENTATION_REPRESENTATION (  '', ( #704 ), #2917 ) ;
#6706 = ORIENTED_EDGE ( 'NONE', *, *, #4753, .F. ) ;
#6707 = CARTESIAN_POINT ( 'NONE',  ( -2.338563061382885611, -1.088037005454712158, 2.774999999999999911 ) ) ;
#6708 = ORIENTED_EDGE ( 'NONE', *, *, #4938, .F. ) ;
#6709 = MECHANICAL_DESIGN_GEOMETRIC_PRESENTATION_REPRESENTATION (  '', ( #2238 ), #8766 ) ;
#6710 = MECHANICAL_DESIGN_GEOMETRIC_PRESENTATION_REPRESENTATION (  '', ( #4442 ), #8758 ) ;
#6711 = CARTESIAN_POINT ( 'NONE',  ( 2.849999999999999645, -5.000000000000000000, -1.834005571755054076 ) ) ;
#6712 = SURFACE_STYLE_USAGE ( .BOTH. , #5744 ) ;
#6713 =( NAMED_UNIT ( * ) SI_UNIT ( $, .STERADIAN. ) SOLID_ANGLE_UNIT ( ) );
#6714 = ADVANCED_FACE ( 'NONE', ( #3907 ), #9666, .T. ) ;
#6715 = EDGE_LOOP ( 'NONE', ( #7287, #1444, #8051, #9618 ) ) ;
#6716 = PRESENTATION_STYLE_ASSIGNMENT (( #8433 ) ) ;
#6717 = SURFACE_SIDE_STYLE ('',( #8479 ) ) ;
#6718 = DIRECTION ( 'NONE',  ( 0.000000000000000000, 0.000000000000000000, -1.000000000000000000 ) ) ;
#6719 = DIRECTION ( 'NONE',  ( -0.000000000000000000, 0.000000000000000000, 1.000000000000000000 ) ) ;
#6720 = CARTESIAN_POINT ( 'NONE',  ( -2.185013678666835713, -1.056787005454712158, 2.875000000000000000 ) ) ;
#6721 = EDGE_CURVE ( 'NONE', #7754, #139, #5644, .T. ) ;
#6722 = STYLED_ITEM ( 'NONE', ( #3567 ), #4271 ) ;
#6723 = DIRECTION ( 'NONE',  ( 0.000000000000000000, 0.000000000000000000, 1.000000000000000000 ) ) ;
#6724 = FACE_OUTER_BOUND ( 'NONE', #5016, .T. ) ;
#6725 = DIRECTION ( 'NONE',  ( 1.694065894508601418E-16, 0.000000000000000000, 1.000000000000000000 ) ) ;
#6726 = PLANE ( 'NONE',  #588 ) ;
#6727 = STYLED_ITEM ( 'NONE', ( #1572 ), #6527 ) ;
#6728 = STYLED_ITEM ( 'NONE', ( #5167 ), #4356 ) ;
#6729 = ORIENTED_EDGE ( 'NONE', *, *, #6721, .T. ) ;
#6730 = EDGE_CURVE ( 'NONE', #811, #9312, #4822, .T. ) ;
#6731 = CARTESIAN_POINT ( 'NONE',  ( 0.2767918768887198122, -0.1277746597756997671, 2.774999999999999911 ) ) ;
#6732 = LINE ( 'NONE', #10604, #7824 ) ;
#6733 = DIRECTION ( 'NONE',  ( 0.8947984249228966291, -0.4464703559649880749, 0.000000000000000000 ) ) ;
#6734 = VECTOR ( 'NONE', #648, 1000.000000000000000 ) ;
#6735 = COLOUR_RGB ( '',0.7529411764705882248, 0.7529411764705882248, 0.7529411764705882248 ) ;
#6736 = LINE ( 'NONE', #10156, #1135 ) ;
#6737 = VERTEX_POINT ( 'NONE', #1608 ) ;
#6738 = ORIENTED_EDGE ( 'NONE', *, *, #3094, .F. ) ;
#6739 = ORIENTED_EDGE ( 'NONE', *, *, #2465, .F. ) ;
#6740 = SURFACE_STYLE_FILL_AREA ( #1987 ) ;
#6741 = CARTESIAN_POINT ( 'NONE',  ( -1.793038370024860662, -0.1493795980473046625, 2.774999999999999911 ) ) ;
#6742 = ORIENTED_EDGE ( 'NONE', *, *, #10492, .T. ) ;
#6743 =( NAMED_UNIT ( * ) SI_UNIT ( $, .STERADIAN. ) SOLID_ANGLE_UNIT ( ) );
#6744 =( GEOMETRIC_REPRESENTATION_CONTEXT ( 3 ) GLOBAL_UNCERTAINTY_ASSIGNED_CONTEXT ( ( #3745 ) ) GLOBAL_UNIT_ASSIGNED_CONTEXT ( ( #2738, #10153, #6130 ) ) REPRESENTATION_CONTEXT ( 'NONE', 'WORKASPACE' ) );
#6745 = PRESENTATION_LAYER_ASSIGNMENT (  '', '', ( #8971 ) ) ;
#6746 = FILL_AREA_STYLE_COLOUR ( '', #8384 ) ;
#6747 = DIRECTION ( 'NONE',  ( 0.000000000000000000, 1.000000000000000000, 0.000000000000000000 ) ) ;
#6748 = CARTESIAN_POINT ( 'NONE',  ( -2.949999999999999734, -2.250000000000000000, 2.125000000000000000 ) ) ;
#6749 = VERTEX_POINT ( 'NONE', #8123 ) ;
#6750 = EDGE_LOOP ( 'NONE', ( #2237, #2036, #7505, #2661 ) ) ;
#6751 = MECHANICAL_DESIGN_GEOMETRIC_PRESENTATION_REPRESENTATION (  '', ( #4663 ), #52 ) ;
#6752 = LINE ( 'NONE', #5020, #5617 ) ;
#6753 = CARTESIAN_POINT ( 'NONE',  ( 3.967451613104255426, -4.800000000000000711, -1.511081745671413179 ) ) ;
#6754 = AXIS2_PLACEMENT_3D ( 'NONE', #636, #7953, #2880 ) ;
#6755 = MECHANICAL_DESIGN_GEOMETRIC_PRESENTATION_REPRESENTATION (  '', ( #4684 ), #930 ) ;
#6756 = FACE_OUTER_BOUND ( 'NONE', #9354, .T. ) ;
#6757 = ORIENTED_EDGE ( 'NONE', *, *, #7355, .T. ) ;
#6758 = DIRECTION ( 'NONE',  ( 0.000000000000000000, 0.5144957554275272349, -0.8574929257125438742 ) ) ;
#6759 = FACE_OUTER_BOUND ( 'NONE', #10625, .T. ) ;
#6760 = EDGE_LOOP ( 'NONE', ( #8863, #5300, #10009, #4862 ) ) ;
#6761 = VECTOR ( 'NONE', #6540, 1000.000000000000000 ) ;
#6762 = SURFACE_STYLE_USAGE ( .BOTH. , #197 ) ;
#6763 = SURFACE_STYLE_FILL_AREA ( #5901 ) ;
#6764 = DIRECTION ( 'NONE',  ( 0.000000000000000000, -0.000000000000000000, 1.000000000000000000 ) ) ;
#6765 = SURFACE_STYLE_FILL_AREA ( #2723 ) ;
#6766 = UNCERTAINTY_MEASURE_WITH_UNIT (LENGTH_MEASURE( 1.000000000000000082E-05 ), #4162, 'distance_accuracy_value', 'NONE');
#6767 = LINE ( 'NONE', #5133, #209 ) ;
#6768 = PLANE ( 'NONE',  #5497 ) ;
#6769 = EDGE_CURVE ( 'NONE', #2658, #9507, #5587, .T. ) ;
#6770 = LINE ( 'NONE', #2669, #1127 ) ;
#6771 = DIRECTION ( 'NONE',  ( -0.7122305403588735651, -0.7019456228085669824, 0.000000000000000000 ) ) ;
#6772 = DIRECTION ( 'NONE',  ( -1.000000000000000000, -0.000000000000000000, -0.000000000000000000 ) ) ;
#6773 = MECHANICAL_DESIGN_GEOMETRIC_PRESENTATION_REPRESENTATION (  '', ( #6604 ), #4181 ) ;
#6774 = SURFACE_SIDE_STYLE ('',( #2832 ) ) ;
#6775 = EDGE_CURVE ( 'NONE', #3331, #35, #8049, .T. ) ;
#6776 = LINE ( 'NONE', #1865, #10227 ) ;
#6777 = CARTESIAN_POINT ( 'NONE',  ( -1.886902865494877402, 2.866194269010244877, 2.125000000000000000 ) ) ;
#6778 = PRESENTATION_STYLE_ASSIGNMENT (( #10044 ) ) ;
#6779 = ORIENTED_EDGE ( 'NONE', *, *, #23, .F. ) ;
#6780 = CARTESIAN_POINT ( 'NONE',  ( 1.493612864543040430, -0.1900817585411318511, 2.774999999999999911 ) ) ;
#6781 = VECTOR ( 'NONE', #1152, 1000.000000000000000 ) ;
#6782 = CARTESIAN_POINT ( 'NONE',  ( 1.926676136147978724, -0.2572113881707613903, 2.774999999999999911 ) ) ;
#6783 = ORIENTED_EDGE ( 'NONE', *, *, #3920, .F. ) ;
#6784 = ORIENTED_EDGE ( 'NONE', *, *, #3642, .T. ) ;
#6785 = VERTEX_POINT ( 'NONE', #2526 ) ;
#6786 = EDGE_CURVE ( 'NONE', #4723, #3546, #8172, .T. ) ;
#6787 = LINE ( 'NONE', #984, #5704 ) ;
#6788 = LINE ( 'NONE', #2797, #8136 ) ;
#6789 = ORIENTED_EDGE ( 'NONE', *, *, #10326, .T. ) ;
#6790 = LINE ( 'NONE', #2695, #8202 ) ;
#6791 = UNCERTAINTY_MEASURE_WITH_UNIT (LENGTH_MEASURE( 1.000000000000000082E-05 ), #4975, 'distance_accuracy_value', 'NONE');
#6792 = AXIS2_PLACEMENT_3D ( 'NONE', #7174, #9580, #10444 ) ;
#6793 = DIRECTION ( 'NONE',  ( -0.000000000000000000, 0.000000000000000000, 1.000000000000000000 ) ) ;
#6794 = LINE ( 'NONE', #8199, #3582 ) ;
#6795 = CARTESIAN_POINT ( 'NONE',  ( 2.356267185530695585, -0.1491866968127367743, 2.774999999999999911 ) ) ;
#6796 = EDGE_LOOP ( 'NONE', ( #2890, #2337, #6152, #9143 ) ) ;
#6797 = VERTEX_POINT ( 'NONE', #7268 ) ;
#6799 = VECTOR ( 'NONE', #3167, 1000.000000000000000 ) ;
#6798 = FACE_OUTER_BOUND ( 'NONE', #8745, .T. ) ;
#6800 = CARTESIAN_POINT ( 'NONE',  ( -1.570000000000001172, -7.605096679918781355, 0.8450000000000000844 ) ) ;
#6801 = SURFACE_STYLE_FILL_AREA ( #8467 ) ;
#6802 = CARTESIAN_POINT ( 'NONE',  ( -3.699999999999999734, -3.500000000000000000, -2.875000000000000000 ) ) ;
#6803 = VECTOR ( 'NONE', #1451, 1000.000000000000000 ) ;
#6804 = MECHANICAL_DESIGN_GEOMETRIC_PRESENTATION_REPRESENTATION (  '', ( #6473 ), #1988 ) ;
#6805 = EDGE_LOOP ( 'NONE', ( #2548, #9553, #5681, #8521, #8500, #5713, #1855, #7756, #4622, #1790, #7352, #6411, #7567, #10262, #2489, #4355, #4555, #8141, #6326, #538, #1330, #6531, #656, #2299, #8601, #9537, #4168, #4783, #4890, #2357, #2315, #2156, #4487, #2437, #4971, #7056, #5285, #6332, #5003, #8599, #6465, #4761, #2953, #3722 ) ) ;
#6806 = CARTESIAN_POINT ( 'NONE',  ( 3.350000000000000977, 3.500000000000000000, 2.874999999999997780 ) ) ;
#6807 = CARTESIAN_POINT ( 'NONE',  ( 1.002872123802300175, -0.3658147832324898374, 2.875000000000000000 ) ) ;
#6808 = ORIENTED_EDGE ( 'NONE', *, *, #7986, .F. ) ;
#6809 = MECHANICAL_DESIGN_GEOMETRIC_PRESENTATION_REPRESENTATION (  '', ( #7678 ), #2696 ) ;
#6810 = PRESENTATION_LAYER_ASSIGNMENT (  '', '', ( #3029 ) ) ;
#6811 = ADVANCED_FACE ( 'NONE', ( #8864 ), #812, .F. ) ;
#6812 = SURFACE_STYLE_FILL_AREA ( #1806 ) ;
#6813 = CARTESIAN_POINT ( 'NONE',  ( 3.967451613104255426, -4.800000000000000711, -1.511081745671413179 ) ) ;
#6814 = DIRECTION ( 'NONE',  ( -0.000000000000000000, -1.000000000000000000, -0.000000000000000000 ) ) ;
#6815 = FILL_AREA_STYLE_COLOUR ( '', #5505 ) ;
#6816 = VECTOR ( 'NONE', #6853, 1000.000000000000000 ) ;
#6817 =( LENGTH_UNIT ( ) NAMED_UNIT ( * ) SI_UNIT ( .MILLI., .METRE. ) );
#6818 = VECTOR ( 'NONE', #5498, 1000.000000000000000 ) ;
#6819 = CARTESIAN_POINT ( 'NONE',  ( 1.586012555901065157, -0.2209459560719960469, 2.875000000000000000 ) ) ;
#6820 = DIRECTION ( 'NONE',  ( 0.000000000000000000, -1.000000000000000000, 0.000000000000000000 ) ) ;
#6821 = PLANE ( 'NONE',  #9139 ) ;
#6822 = COLOUR_RGB ( '',0.7529411764705882248, 0.7529411764705882248, 0.7529411764705882248 ) ;
#6823 = DIRECTION ( 'NONE',  ( -0.9556526109990339801, 0.2944963278051682121, 0.000000000000000000 ) ) ;
#6824 =( NAMED_UNIT ( * ) SI_UNIT ( $, .STERADIAN. ) SOLID_ANGLE_UNIT ( ) );
#6825 =( LENGTH_UNIT ( ) NAMED_UNIT ( * ) SI_UNIT ( .MILLI., .METRE. ) );
#6826 = DIRECTION ( 'NONE',  ( -0.000000000000000000, -0.000000000000000000, -1.000000000000000000 ) ) ;
#6827 = ORIENTED_EDGE ( 'NONE', *, *, #7641, .T. ) ;
#6828 = CARTESIAN_POINT ( 'NONE',  ( -3.700000000000001510, 3.499999999999999112, 1.898270704789492003 ) ) ;
#6829 = CARTESIAN_POINT ( 'NONE',  ( -1.558663370024860662, -1.106362622738662704, 2.875000000000000000 ) ) ;
#6830 = EDGE_CURVE ( 'NONE', #6479, #9481, #920, .T. ) ;
#6831 = LINE ( 'NONE', #5872, #4540 ) ;
#6832 = ORIENTED_EDGE ( 'NONE', *, *, #6981, .T. ) ;
#6833 = ORIENTED_EDGE ( 'NONE', *, *, #9551, .F. ) ;
#6834 = ORIENTED_EDGE ( 'NONE', *, *, #10541, .T. ) ;
#6835 = VECTOR ( 'NONE', #10598, 1000.000000000000000 ) ;
#6836 = CARTESIAN_POINT ( 'NONE',  ( 0.2767918768887198122, -0.1277746597756997671, 2.774999999999999911 ) ) ;
#6837 = MECHANICAL_DESIGN_GEOMETRIC_PRESENTATION_REPRESENTATION (  '', ( #4084 ), #5815 ) ;
#6838 = DIRECTION ( 'NONE',  ( 0.000000000000000000, 1.000000000000000000, 0.000000000000000000 ) ) ;
#6839 = DIRECTION ( 'NONE',  ( 0.000000000000000000, -1.000000000000000000, 0.000000000000000000 ) ) ;
#6840 = VERTEX_POINT ( 'NONE', #4174 ) ;
#6841 = DIRECTION ( 'NONE',  ( 0.7071067811865475727, -0.7071067811865475727, 0.000000000000000000 ) ) ;
#6842 = CARTESIAN_POINT ( 'NONE',  ( -1.570000000000001172, -7.605096679918781355, 0.8450000000000000844 ) ) ;
#6843 = EDGE_CURVE ( 'NONE', #8821, #1291, #253, .T. ) ;
#6844 = VECTOR ( 'NONE', #2013, 1000.000000000000227 ) ;
#6845 = VERTEX_POINT ( 'NONE', #1858 ) ;
#6846 = EDGE_CURVE ( 'NONE', #5034, #5921, #9116, .T. ) ;
#6847 = STYLED_ITEM ( 'NONE', ( #4438 ), #33 ) ;
#6848 = CARTESIAN_POINT ( 'NONE',  ( -2.072938061382885611, -1.127774659775699684, 2.875000000000000000 ) ) ;
#6849 = ORIENTED_EDGE ( 'NONE', *, *, #3485, .T. ) ;
#6850 = DIRECTION ( 'NONE',  ( 0.000000000000000000, -1.000000000000000000, 0.000000000000000000 ) ) ;
#6851 = EDGE_CURVE ( 'NONE', #8008, #6120, #9128, .T. ) ;
#6852 = CARTESIAN_POINT ( 'NONE',  ( 1.886902865494877402, 1.521456047850031412, 2.124999999999998224 ) ) ;
#6853 = DIRECTION ( 'NONE',  ( -0.000000000000000000, -0.000000000000000000, 1.000000000000000000 ) ) ;
#6854 = CARTESIAN_POINT ( 'NONE',  ( -2.401063061382885611, -1.106362622738662704, 2.774999999999999911 ) ) ;
#6855 = EDGE_CURVE ( 'NONE', #8416, #5656, #6767, .T. ) ;
#6856 = DIRECTION ( 'NONE',  ( -1.000000000000000000, 0.000000000000000000, -0.000000000000000000 ) ) ;
#6857 = ORIENTED_EDGE ( 'NONE', *, *, #6034, .F. ) ;
#6858 = DIRECTION ( 'NONE',  ( 1.239088197126290817E-16, -1.000000000000000000, 0.000000000000000000 ) ) ;
#6859 = COLOUR_RGB ( '',0.7529411764705882248, 0.7529411764705882248, 0.7529411764705882248 ) ;
#6860 = VERTEX_POINT ( 'NONE', #4389 ) ;
#6861 = ADVANCED_FACE ( 'NONE', ( #6059 ), #1811, .F. ) ;
#6862 = EDGE_CURVE ( 'NONE', #6439, #9660, #6665, .T. ) ;
#6863 =( NAMED_UNIT ( * ) SI_UNIT ( $, .STERADIAN. ) SOLID_ANGLE_UNIT ( ) );
#6864 = SURFACE_STYLE_USAGE ( .BOTH. , #9176 ) ;
#6865 = LINE ( 'NONE', #10140, #1340 ) ;
#6866 = PLANE ( 'NONE',  #2583 ) ;
#6867 = VECTOR ( 'NONE', #3129, 1000.000000000000000 ) ;
#6868 = ORIENTED_EDGE ( 'NONE', *, *, #8158, .F. ) ;
#6869 = CARTESIAN_POINT ( 'NONE',  ( 1.078296506518349185, -0.6158147832324898374, 2.875000000000000000 ) ) ;
#6870 = CARTESIAN_POINT ( 'NONE',  ( -1.607467382370539655, -0.5945956474300208017, 2.875000000000000000 ) ) ;
#6871 = UNCERTAINTY_MEASURE_WITH_UNIT (LENGTH_MEASURE( 1.000000000000000082E-05 ), #6440, 'distance_accuracy_value', 'NONE');
#6872 = CARTESIAN_POINT ( 'NONE',  ( 1.569999999999999396, -3.101766864349278841, 0.2049999999999998768 ) ) ;
#6873 = LINE ( 'NONE', #1863, #7054 ) ;
#6874 =( GEOMETRIC_REPRESENTATION_CONTEXT ( 3 ) GLOBAL_UNCERTAINTY_ASSIGNED_CONTEXT ( ( #10306 ) ) GLOBAL_UNIT_ASSIGNED_CONTEXT ( ( #7538, #6628, #5819 ) ) REPRESENTATION_CONTEXT ( 'NONE', 'WORKASPACE' ) );
#6875 = FILL_AREA_STYLE ('',( #6175 ) ) ;
#6876 = STYLED_ITEM ( 'NONE', ( #522 ), #6102 ) ;
#6877 = MECHANICAL_DESIGN_GEOMETRIC_PRESENTATION_REPRESENTATION (  '', ( #3952 ), #6370 ) ;
#6878 = FILL_AREA_STYLE_COLOUR ( '', #6505 ) ;
#6879 = VERTEX_POINT ( 'NONE', #6869 ) ;
#6880 = FACE_OUTER_BOUND ( 'NONE', #9676, .T. ) ;
#6881 = VECTOR ( 'NONE', #8976, 1000.000000000000000 ) ;
#6882 = DIRECTION ( 'NONE',  ( 0.000000000000000000, -1.000000000000000000, 0.000000000000000000 ) ) ;
#6883 = CARTESIAN_POINT ( 'NONE',  ( 1.419538790468966916, -0.6889243511337244108, 2.875000000000000000 ) ) ;
#6884 = FILL_AREA_STYLE_COLOUR ( '', #5147 ) ;
#6885 = LINE ( 'NONE', #1725, #3022 ) ;
#6886 = EDGE_LOOP ( 'NONE', ( #10120, #5834, #6911, #10169 ) ) ;
#6887 = EDGE_LOOP ( 'NONE', ( #8456, #4140, #2924, #9399, #6646 ) ) ;
#6888 = VERTEX_POINT ( 'NONE', #2774 ) ;
#6889 = PRESENTATION_LAYER_ASSIGNMENT (  '', '', ( #10146 ) ) ;
#6890 = MECHANICAL_DESIGN_GEOMETRIC_PRESENTATION_REPRESENTATION (  '', ( #1728 ), #5858 ) ;
#6891 = LINE ( 'NONE', #3802, #3289 ) ;
#6892 = DIRECTION ( 'NONE',  ( 1.000000000000000000, 1.239088197126290817E-16, 0.000000000000000000 ) ) ;
#6893 = LINE ( 'NONE', #1145, #154 ) ;
#6894 = VERTEX_POINT ( 'NONE', #7476 ) ;
#6895 = CARTESIAN_POINT ( 'NONE',  ( -1.838563061382885389, -0.1493795980473046625, 2.774999999999999911 ) ) ;
#6896 = STYLED_ITEM ( 'NONE', ( #2496 ), #6590 ) ;
#6897 = COLOUR_RGB ( '',0.7529411764705882248, 0.7529411764705882248, 0.7529411764705882248 ) ;
#6898 = EDGE_CURVE ( 'NONE', #423, #214, #104, .T. ) ;
#6899 = ORIENTED_EDGE ( 'NONE', *, *, #9465, .F. ) ;
#6900 = EDGE_CURVE ( 'NONE', #1900, #1109, #359, .T. ) ;
#6901 = ORIENTED_EDGE ( 'NONE', *, *, #10440, .T. ) ;
#6902 = DIRECTION ( 'NONE',  ( -0.7071067811865536790, 0.7071067811865412445, -0.000000000000000000 ) ) ;
#6903 = ADVANCED_FACE ( 'NONE', ( #2932 ), #526, .T. ) ;
#6904 = FILL_AREA_STYLE ('',( #8514 ) ) ;
#6905 = EDGE_CURVE ( 'NONE', #4891, #351, #7078, .T. ) ;
#6906 = PRESENTATION_LAYER_ASSIGNMENT (  '', '', ( #8113 ) ) ;
#6907 = FILL_AREA_STYLE ('',( #2001 ) ) ;
#6908 = SURFACE_SIDE_STYLE ('',( #8516 ) ) ;
#6909 =( NAMED_UNIT ( * ) SI_UNIT ( $, .STERADIAN. ) SOLID_ANGLE_UNIT ( ) );
#6910 = DIRECTION ( 'NONE',  ( 1.020425574104004122E-16, 0.000000000000000000, 1.000000000000000000 ) ) ;
#6911 = ORIENTED_EDGE ( 'NONE', *, *, #10627, .T. ) ;
#6912 =( LENGTH_UNIT ( ) NAMED_UNIT ( * ) SI_UNIT ( .MILLI., .METRE. ) );
#6913 = ADVANCED_FACE ( 'NONE', ( #8685, #6167 ), #1222, .F. ) ;
#6914 = VECTOR ( 'NONE', #1714, 1000.000000000000114 ) ;
#6915 = VECTOR ( 'NONE', #717, 1000.000000000000114 ) ;
#6916 =( NAMED_UNIT ( * ) PLANE_ANGLE_UNIT ( ) SI_UNIT ( $, .RADIAN. ) );
#6917 = ORIENTED_EDGE ( 'NONE', *, *, #6786, .T. ) ;
#6918 = DIRECTION ( 'NONE',  ( -0.7021448105364894721, -0.7120341740651759954, 0.000000000000000000 ) ) ;
#6919 =( NAMED_UNIT ( * ) PLANE_ANGLE_UNIT ( ) SI_UNIT ( $, .RADIAN. ) );
#6920 =( NAMED_UNIT ( * ) PLANE_ANGLE_UNIT ( ) SI_UNIT ( $, .RADIAN. ) );
#6921 = CARTESIAN_POINT ( 'NONE',  ( -0.1431541107656014999, -0.9879212647139713477, 2.774999999999999911 ) ) ;
#6922 = VECTOR ( 'NONE', #529, 1000.000000000000114 ) ;
#6923 = AXIS2_PLACEMENT_3D ( 'NONE', #4019, #5692, #6506 ) ;
#6924 = CARTESIAN_POINT ( 'NONE',  ( -2.169388678666835713, -1.088037005454712158, 2.774999999999999911 ) ) ;
#6925 = PRESENTATION_STYLE_ASSIGNMENT (( #5295 ) ) ;
#6926 = ADVANCED_FACE ( 'NONE', ( #2870 ), #2896, .T. ) ;
#6927 = CARTESIAN_POINT ( 'NONE',  ( 1.177254839851682888, -0.1277746597756997671, 2.875000000000000000 ) ) ;
#6928 =( GEOMETRIC_REPRESENTATION_CONTEXT ( 3 ) GLOBAL_UNCERTAINTY_ASSIGNED_CONTEXT ( ( #10103 ) ) GLOBAL_UNIT_ASSIGNED_CONTEXT ( ( #7073, #7132, #2283 ) ) REPRESENTATION_CONTEXT ( 'NONE', 'WORKASPACE' ) );
#6929 = STYLED_ITEM ( 'NONE', ( #8299 ), #5323 ) ;
#6930 = DIRECTION ( 'NONE',  ( 0.000000000000000000, 1.000000000000000000, 0.000000000000000000 ) ) ;
#6931 = LINE ( 'NONE', #8487, #845 ) ;
#6932 = DIRECTION ( 'NONE',  ( -0.4426676528313103764, 0.8966857582993155162, 0.000000000000000000 ) ) ;
#6933 = ORIENTED_EDGE ( 'NONE', *, *, #857, .F. ) ;
#6934 = CARTESIAN_POINT ( 'NONE',  ( -2.338563061382885611, -1.088037005454712158, 2.774999999999999911 ) ) ;
#6935 = DIRECTION ( 'NONE',  ( -1.000000000000000000, 0.000000000000000000, 0.000000000000000000 ) ) ;
#6936 = VECTOR ( 'NONE', #830, 999.9999999999998863 ) ;
#6937 = COLOUR_RGB ( '',0.7529411764705882248, 0.7529411764705882248, 0.7529411764705882248 ) ;
#6938 = DIRECTION ( 'NONE',  ( -0.9525549486528346321, 0.3043666699837478395, 0.000000000000000000 ) ) ;
#6939 = CARTESIAN_POINT ( 'NONE',  ( 1.536629839851682444, -0.2344490424917491378, 2.774999999999999911 ) ) ;
#6940 =( NAMED_UNIT ( * ) PLANE_ANGLE_UNIT ( ) SI_UNIT ( $, .RADIAN. ) );
#6941 =( NAMED_UNIT ( * ) PLANE_ANGLE_UNIT ( ) SI_UNIT ( $, .RADIAN. ) );
#6942 = VERTEX_POINT ( 'NONE', #1186 ) ;
#6943 = EDGE_LOOP ( 'NONE', ( #6808, #6181, #7173, #5938 ) ) ;
#6944 = ORIENTED_EDGE ( 'NONE', *, *, #8440, .F. ) ;
#6945 =( GEOMETRIC_REPRESENTATION_CONTEXT ( 3 ) GLOBAL_UNCERTAINTY_ASSIGNED_CONTEXT ( ( #2145 ) ) GLOBAL_UNIT_ASSIGNED_CONTEXT ( ( #9768, #6554, #7417 ) ) REPRESENTATION_CONTEXT ( 'NONE', 'WORKASPACE' ) );
#6946 = MECHANICAL_DESIGN_GEOMETRIC_PRESENTATION_REPRESENTATION (  '', ( #5568 ), #2980 ) ;
#6947 = DIRECTION ( 'NONE',  ( 0.000000000000000000, 1.000000000000000000, 0.000000000000000000 ) ) ;
#6948 = CARTESIAN_POINT ( 'NONE',  ( -1.513138678666836157, -1.106362622738662704, 2.774999999999999911 ) ) ;
#6949 = ADVANCED_FACE ( 'NONE', ( #7698 ), #10104, .F. ) ;
#6950 = VERTEX_POINT ( 'NONE', #5309 ) ;
#6951 = CARTESIAN_POINT ( 'NONE',  ( 1.177254839851682888, -0.1277746597756997671, 2.774999999999999911 ) ) ;
#6952 = PLANE ( 'NONE',  #5089 ) ;
#6953 = VECTOR ( 'NONE', #9646, 1000.000000000000000 ) ;
#6954 = FILL_AREA_STYLE_COLOUR ( '', #7633 ) ;
#6955 = ORIENTED_EDGE ( 'NONE', *, *, #8306, .F. ) ;
#6956 = EDGE_CURVE ( 'NONE', #385, #2802, #5253, .T. ) ;
#6957 =( NAMED_UNIT ( * ) SI_UNIT ( $, .STERADIAN. ) SOLID_ANGLE_UNIT ( ) );
#6958 = ORIENTED_EDGE ( 'NONE', *, *, #7743, .F. ) ;
#6959 = COLOUR_RGB ( '',0.7529411764705882248, 0.7529411764705882248, 0.7529411764705882248 ) ;
#6960 = MECHANICAL_DESIGN_GEOMETRIC_PRESENTATION_REPRESENTATION (  '', ( #5406 ), #9705 ) ;
#6961 = FILL_AREA_STYLE ('',( #4629 ) ) ;
#6962 = DIRECTION ( 'NONE',  ( 0.000000000000000000, -0.000000000000000000, -1.000000000000000000 ) ) ;
#6963 = CARTESIAN_POINT ( 'NONE',  ( 2.638867494172670192, -0.4190555239732305925, 2.774999999999999911 ) ) ;
#6964 = DIRECTION ( 'NONE',  ( -1.000000000000000000, 0.000000000000000000, -0.000000000000000000 ) ) ;
#6965 = ORIENTED_EDGE ( 'NONE', *, *, #1832, .F. ) ;
#6966 = CARTESIAN_POINT ( 'NONE',  ( -1.886902865494877402, 2.866194269010244877, -2.875999999999999890 ) ) ;
#6967 = VECTOR ( 'NONE', #9251, 1000.000000000000000 ) ;
#6968 = CARTESIAN_POINT ( 'NONE',  ( -2.949999999999999734, 3.500000000000000000, 2.125000000000000000 ) ) ;
#6969 = VERTEX_POINT ( 'NONE', #6883 ) ;
#6970 = ADVANCED_FACE ( 'NONE', ( #1235 ), #8544, .F. ) ;
#6972 = VERTEX_POINT ( 'NONE', #4718 ) ;
#6971 = SURFACE_STYLE_FILL_AREA ( #4435 ) ;
#6973 =( NAMED_UNIT ( * ) SI_UNIT ( $, .STERADIAN. ) SOLID_ANGLE_UNIT ( ) );
#6974 = FACE_OUTER_BOUND ( 'NONE', #8967, .T. ) ;
#6975 = DIRECTION ( 'NONE',  ( 0.000000000000000000, -0.000000000000000000, 1.000000000000000000 ) ) ;
#6976 = DIRECTION ( 'NONE',  ( 0.000000000000000000, 0.000000000000000000, -1.000000000000000000 ) ) ;
#6977 = DIRECTION ( 'NONE',  ( -0.000000000000000000, -0.000000000000000000, 1.000000000000000000 ) ) ;
#6978 = EDGE_CURVE ( 'NONE', #2366, #1075, #3117, .T. ) ;
#6979 = FILL_AREA_STYLE ('',( #9436 ) ) ;
#6980 = ORIENTED_EDGE ( 'NONE', *, *, #4410, .T. ) ;
#6981 = EDGE_CURVE ( 'NONE', #755, #9770, #9308, .T. ) ;
#6982 = CARTESIAN_POINT ( 'NONE',  ( 2.552254839851682444, -0.1700200301460701169, 2.875000000000000000 ) ) ;
#6983 = VECTOR ( 'NONE', #5106, 1000.000000000000000 ) ;
#6984 = CARTESIAN_POINT ( 'NONE',  ( -2.164957836983784745, -2.601766864349279285, 2.875000000000000000 ) ) ;
#6985 = SURFACE_STYLE_USAGE ( .BOTH. , #9339 ) ;
#6986 = UNCERTAINTY_MEASURE_WITH_UNIT (LENGTH_MEASURE( 1.000000000000000082E-05 ), #605, 'distance_accuracy_value', 'NONE');
#6987 = ORIENTED_EDGE ( 'NONE', *, *, #4561, .T. ) ;
#6988 = LINE ( 'NONE', #8594, #9283 ) ;
#6989 = SURFACE_STYLE_USAGE ( .BOTH. , #596 ) ;
#6990 = UNCERTAINTY_MEASURE_WITH_UNIT (LENGTH_MEASURE( 1.000000000000000082E-05 ), #9290, 'distance_accuracy_value', 'NONE');
#6991 = EDGE_CURVE ( 'NONE', #7046, #7061, #8021, .T. ) ;
#6992 = SURFACE_STYLE_USAGE ( .BOTH. , #1927 ) ;
#6993 =( LENGTH_UNIT ( ) NAMED_UNIT ( * ) SI_UNIT ( .MILLI., .METRE. ) );
#6994 = DIRECTION ( 'NONE',  ( 0.000000000000000000, -0.000000000000000000, 1.000000000000000000 ) ) ;
#6995 = ORIENTED_EDGE ( 'NONE', *, *, #8093, .T. ) ;
#6996 = VERTEX_POINT ( 'NONE', #1495 ) ;
#6997 = ORIENTED_EDGE ( 'NONE', *, *, #8568, .T. ) ;
#6998 = EDGE_CURVE ( 'NONE', #8577, #2094, #7041, .T. ) ;
#6999 = CARTESIAN_POINT ( 'NONE',  ( -1.778763678666835935, -1.088037005454712158, 2.774999999999999911 ) ) ;
#7000 = FACE_OUTER_BOUND ( 'NONE', #8649, .T. ) ;
#7001 = ORIENTED_EDGE ( 'NONE', *, *, #1298, .T. ) ;
#7002 =( GEOMETRIC_REPRESENTATION_CONTEXT ( 3 ) GLOBAL_UNCERTAINTY_ASSIGNED_CONTEXT ( ( #10325 ) ) GLOBAL_UNIT_ASSIGNED_CONTEXT ( ( #7349, #84, #2697 ) ) REPRESENTATION_CONTEXT ( 'NONE', 'WORKASPACE' ) );
#7003 = DIRECTION ( 'NONE',  ( -0.2789849257311360353, 0.9602954812008607233, 0.000000000000000000 ) ) ;
#7004 = CARTESIAN_POINT ( 'NONE',  ( -0.05268343175325553018, -1.127774659775699684, 2.875000000000000000 ) ) ;
#7005 = CARTESIAN_POINT ( 'NONE',  ( 1.419538790468966916, -1.029780832615206032, 2.875000000000000000 ) ) ;
#7006 = ORIENTED_EDGE ( 'NONE', *, *, #6900, .F. ) ;
#7007 = AXIS2_PLACEMENT_3D ( 'NONE', #2578, #6622, #6676 ) ;
#7008 = VERTEX_POINT ( 'NONE', #4772 ) ;
#7009 = EDGE_CURVE ( 'NONE', #8453, #4112, #1392, .T. ) ;
#7010 = EDGE_CURVE ( 'NONE', #9325, #4776, #7272, .T. ) ;
#7011 = SURFACE_STYLE_FILL_AREA ( #7722 ) ;
#7012 = PRESENTATION_LAYER_ASSIGNMENT (  '', '', ( #3390 ) ) ;
#7013 = DIRECTION ( 'NONE',  ( 0.000000000000000000, 1.000000000000000000, 0.000000000000000000 ) ) ;
#7014 = SURFACE_STYLE_USAGE ( .BOTH. , #9531 ) ;
#7015 = EDGE_LOOP ( 'NONE', ( #2505, #5612, #4307, #8364 ) ) ;
#7016 = DIRECTION ( 'NONE',  ( 0.2729606775738845914, 0.9620251911974061487, 0.000000000000000000 ) ) ;
#7017 = EDGE_CURVE ( 'NONE', #6238, #806, #7156, .T. ) ;
#7018 = ORIENTED_EDGE ( 'NONE', *, *, #7658, .F. ) ;
#7019 = VECTOR ( 'NONE', #1534, 1000.000000000000000 ) ;
#7021 = ORIENTED_EDGE ( 'NONE', *, *, #9931, .F. ) ;
#7020 = PLANE ( 'NONE',  #6150 ) ;
#7022 = CARTESIAN_POINT ( 'NONE',  ( -1.793038370024860662, -0.1277746597756997671, 2.774999999999999911 ) ) ;
#7023 = LINE ( 'NONE', #4387, #1372 ) ;
#7024 = SURFACE_STYLE_FILL_AREA ( #2878 ) ;
#7025 = FILL_AREA_STYLE_COLOUR ( '', #10556 ) ;
#7026 = AXIS2_PLACEMENT_3D ( 'NONE', #766, #3070, #3919 ) ;
#7027 = CARTESIAN_POINT ( 'NONE',  ( -2.185013678666835713, -1.056787005454712158, 2.875000000000000000 ) ) ;
#7028 = ORIENTED_EDGE ( 'NONE', *, *, #9992, .F. ) ;
#7029 = DIRECTION ( 'NONE',  ( 0.000000000000000000, -1.000000000000000000, 0.000000000000000000 ) ) ;
#7030 = FACE_OUTER_BOUND ( 'NONE', #4536, .T. ) ;
#7031 = EDGE_CURVE ( 'NONE', #3799, #9187, #3746, .T. ) ;
#7032 = VERTEX_POINT ( 'NONE', #7968 ) ;
#7033 = CARTESIAN_POINT ( 'NONE',  ( 0.9299999999999992717, -7.605096679918781355, 0.2049999999999998768 ) ) ;
#7034 = VECTOR ( 'NONE', #2335, 1000.000000000000000 ) ;
#7035 = EDGE_CURVE ( 'NONE', #2753, #3787, #3855, .T. ) ;
#7036 = FACE_OUTER_BOUND ( 'NONE', #7622, .T. ) ;
#7037 = CARTESIAN_POINT ( 'NONE',  ( -0.04747509841992233331, -1.106362622738662704, 2.774999999999999911 ) ) ;
#7038 = ORIENTED_EDGE ( 'NONE', *, *, #9193, .F. ) ;
#7039 = ADVANCED_FACE ( 'NONE', ( #711 ), #10427, .F. ) ;
#7040 = DIRECTION ( 'NONE',  ( 0.000000000000000000, 1.000000000000000000, 0.000000000000000000 ) ) ;
#7041 = LINE ( 'NONE', #597, #2455 ) ;
#7042 = PLANE ( 'NONE',  #2921 ) ;
#7043 = VECTOR ( 'NONE', #9357, 1000.000000000000227 ) ;
#7044 =( GEOMETRIC_REPRESENTATION_CONTEXT ( 3 ) GLOBAL_UNCERTAINTY_ASSIGNED_CONTEXT ( ( #7208 ) ) GLOBAL_UNIT_ASSIGNED_CONTEXT ( ( #8271, #10086, #51 ) ) REPRESENTATION_CONTEXT ( 'NONE', 'WORKASPACE' ) );
#7045 = LINE ( 'NONE', #2950, #5235 ) ;
#7046 = VERTEX_POINT ( 'NONE', #7431 ) ;
#7047 = ORIENTED_EDGE ( 'NONE', *, *, #8302, .F. ) ;
#7048 = ORIENTED_EDGE ( 'NONE', *, *, #10361, .T. ) ;
#7049 = DIRECTION ( 'NONE',  ( 1.000000000000000000, 0.000000000000000000, -3.061276722312012491E-16 ) ) ;
#7050 = EDGE_CURVE ( 'NONE', #5398, #10546, #2530, .T. ) ;
#7051 = PLANE ( 'NONE',  #10208 ) ;
#7052 = SURFACE_SIDE_STYLE ('',( #3754 ) ) ;
#7053 = FACE_OUTER_BOUND ( 'NONE', #6887, .T. ) ;
#7054 = VECTOR ( 'NONE', #5091, 1000.000000000000000 ) ;
#7055 = STYLED_ITEM ( 'NONE', ( #6666 ), #3091 ) ;
#7056 = ORIENTED_EDGE ( 'NONE', *, *, #7373, .T. ) ;
#7057 = PRESENTATION_STYLE_ASSIGNMENT (( #328 ) ) ;
#7058 = DIRECTION ( 'NONE',  ( 0.000000000000000000, 0.000000000000000000, -1.000000000000000000 ) ) ;
#7059 = DIRECTION ( 'NONE',  ( -0.5144957554275263467, 0.8574929257125442073, 0.000000000000000000 ) ) ;
#7060 = FILL_AREA_STYLE ('',( #6954 ) ) ;
#7061 = VERTEX_POINT ( 'NONE', #923 ) ;
#7062 = STYLED_ITEM ( 'NONE', ( #8540 ), #6585 ) ;
#7063 = VECTOR ( 'NONE', #7029, 1000.000000000000000 ) ;
#7064 = PRESENTATION_STYLE_ASSIGNMENT (( #503 ) ) ;
#7065 = ORIENTED_EDGE ( 'NONE', *, *, #3242, .T. ) ;
#7066 =( BOUNDED_CURVE ( )  B_SPLINE_CURVE ( 3, ( #2657, #4426, #7724, #10077 ),
 .UNSPECIFIED., .F., .T. ) 
 B_SPLINE_CURVE_WITH_KNOTS ( ( 4, 4 ),
 ( 0.000000000000000000, 1.570796326794896558 ),
 .UNSPECIFIED. ) 
 CURVE ( )  GEOMETRIC_REPRESENTATION_ITEM ( )  RATIONAL_B_SPLINE_CURVE ( ( 1.000000000000000000, 0.8047378541243649375, 0.8047378541243649375, 1.000000000000000000 ) ) 
 REPRESENTATION_ITEM ( '' )  );
#7067 = PLANE ( 'NONE',  #6381 ) ;
#7068 = PRESENTATION_LAYER_ASSIGNMENT (  '', '', ( #3620 ) ) ;
#7069 = PRESENTATION_LAYER_ASSIGNMENT (  '', '', ( #2936 ) ) ;
#7070 = CARTESIAN_POINT ( 'NONE',  ( -2.950000000000000178, 1.578285606387554107, 1.898270704789492003 ) ) ;
#7071 = PLANE ( 'NONE',  #4212 ) ;
#7072 = SURFACE_STYLE_USAGE ( .BOTH. , #6717 ) ;
#7073 =( LENGTH_UNIT ( ) NAMED_UNIT ( * ) SI_UNIT ( .MILLI., .METRE. ) );
#7074 = VERTEX_POINT ( 'NONE', #107 ) ;
#7075 = DIRECTION ( 'NONE',  ( -0.6594647250446330489, 0.7517355096187797736, 0.000000000000000000 ) ) ;
#7076 = ORIENTED_EDGE ( 'NONE', *, *, #6211, .F. ) ;
#7077 = ORIENTED_EDGE ( 'NONE', *, *, #2964, .T. ) ;
#7078 = CIRCLE ( 'NONE', #7434, 0.5000000000000000000 ) ;
#7079 = EDGE_LOOP ( 'NONE', ( #2198, #7116, #750, #1582 ) ) ;
#7080 = CARTESIAN_POINT ( 'NONE',  ( -1.838563061382885389, -0.1493795980473046625, 2.875000000000000000 ) ) ;
#7081 = CARTESIAN_POINT ( 'NONE',  ( 1.886902865494877402, 1.521456047850031412, 2.875000000000000000 ) ) ;
#7082 = DIRECTION ( 'NONE',  ( -0.9477202619869510292, -0.3191023425476295916, 0.000000000000000000 ) ) ;
#7083 =( NAMED_UNIT ( * ) PLANE_ANGLE_UNIT ( ) SI_UNIT ( $, .RADIAN. ) );
#7084 = COLOUR_RGB ( '',0.7529411764705882248, 0.7529411764705882248, 0.7529411764705882248 ) ;
#7085 = LINE ( 'NONE', #1223, #4217 ) ;
#7086 = UNCERTAINTY_MEASURE_WITH_UNIT (LENGTH_MEASURE( 1.000000000000000082E-05 ), #6630, 'distance_accuracy_value', 'NONE');
#7087 = CARTESIAN_POINT ( 'NONE',  ( -2.058663370024860662, -0.6146573758250823971, 2.774999999999999911 ) ) ;
#7088 = ORIENTED_EDGE ( 'NONE', *, *, #7009, .F. ) ;
#7089 =( NAMED_UNIT ( * ) PLANE_ANGLE_UNIT ( ) SI_UNIT ( $, .RADIAN. ) );
#7090 = SURFACE_STYLE_FILL_AREA ( #7901 ) ;
#7091 = ORIENTED_EDGE ( 'NONE', *, *, #8902, .F. ) ;
#7092 = MECHANICAL_DESIGN_GEOMETRIC_PRESENTATION_REPRESENTATION (  '', ( #4163 ), #925 ) ;
#7093 = VECTOR ( 'NONE', #5085, 999.9999999999998863 ) ;
#7094 = DIRECTION ( 'NONE',  ( 0.4434035078469876212, -0.8963221124288893726, 0.000000000000000000 ) ) ;
#7095 = UNCERTAINTY_MEASURE_WITH_UNIT (LENGTH_MEASURE( 1.000000000000000082E-05 ), #10042, 'distance_accuracy_value', 'NONE');
#7096 = EDGE_CURVE ( 'NONE', #722, #6972, #4983, .T. ) ;
#7097 = ORIENTED_EDGE ( 'NONE', *, *, #6122, .T. ) ;
#7098 = PRESENTATION_STYLE_ASSIGNMENT (( #2246 ) ) ;
#7099 = LINE ( 'NONE', #3689, #4607 ) ;
#7100 = UNCERTAINTY_MEASURE_WITH_UNIT (LENGTH_MEASURE( 1.000000000000000082E-05 ), #4340, 'distance_accuracy_value', 'NONE');
#7101 =( LENGTH_UNIT ( ) NAMED_UNIT ( * ) SI_UNIT ( .MILLI., .METRE. ) );
#7102 = CARTESIAN_POINT ( 'NONE',  ( 1.834855148493658161, -1.127774659775699684, 2.774999999999999911 ) ) ;
#7103 = COLOUR_RGB ( '',0.7529411764705882248, 0.7529411764705882248, 0.7529411764705882248 ) ;
#7104 = AXIS2_PLACEMENT_3D ( 'NONE', #7598, #6892, #6838 ) ;
#7105 = EDGE_CURVE ( 'NONE', #811, #8812, #4076, .T. ) ;
#7106 = CARTESIAN_POINT ( 'NONE',  ( -3.699999999999999734, -3.500000000000000000, 2.875000000000000000 ) ) ;
#7107 = EDGE_LOOP ( 'NONE', ( #1954, #10237, #6394, #8728 ) ) ;
#7108 = ORIENTED_EDGE ( 'NONE', *, *, #1053, .T. ) ;
#7109 = VERTEX_POINT ( 'NONE', #6514 ) ;
#7110 = DIRECTION ( 'NONE',  ( 0.000000000000000000, 1.000000000000000000, 0.000000000000000000 ) ) ;
#7111 = CARTESIAN_POINT ( 'NONE',  ( -3.700000000000001510, 3.499999999999999112, 1.898270704789492003 ) ) ;
#7112 =( NAMED_UNIT ( * ) PLANE_ANGLE_UNIT ( ) SI_UNIT ( $, .RADIAN. ) );
#7113 =( GEOMETRIC_REPRESENTATION_CONTEXT ( 3 ) GLOBAL_UNCERTAINTY_ASSIGNED_CONTEXT ( ( #4191 ) ) GLOBAL_UNIT_ASSIGNED_CONTEXT ( ( #3988, #6364, #4837 ) ) REPRESENTATION_CONTEXT ( 'NONE', 'WORKASPACE' ) );
#7114 = PRESENTATION_LAYER_ASSIGNMENT (  '', '', ( #2631 ) ) ;
#7115 = CARTESIAN_POINT ( 'NONE',  ( 1.569999999999999840, 1.204553182355148522, -2.875999999999999890 ) ) ;
#7116 = ORIENTED_EDGE ( 'NONE', *, *, #5835, .T. ) ;
#7117 = PRESENTATION_STYLE_ASSIGNMENT (( #3805 ) ) ;
#7118 = FILL_AREA_STYLE ('',( #2858 ) ) ;
#7119 = ORIENTED_EDGE ( 'NONE', *, *, #6545, .F. ) ;
#7120 = STYLED_ITEM ( 'NONE', ( #5661 ), #8036 ) ;
#7121 = EDGE_CURVE ( 'NONE', #3438, #9400, #8926, .T. ) ;
#7122 =( GEOMETRIC_REPRESENTATION_CONTEXT ( 3 ) GLOBAL_UNCERTAINTY_ASSIGNED_CONTEXT ( ( #10528 ) ) GLOBAL_UNIT_ASSIGNED_CONTEXT ( ( #9823, #4819, #4867 ) ) REPRESENTATION_CONTEXT ( 'NONE', 'WORKASPACE' ) );
#7123 = PLANE ( 'NONE',  #8000 ) ;
#7124 = EDGE_LOOP ( 'NONE', ( #862, #5489, #4609, #1792, #8788 ) ) ;
#7125 = SURFACE_STYLE_USAGE ( .BOTH. , #7772 ) ;
#7126 = SURFACE_STYLE_FILL_AREA ( #6051 ) ;
#7127 = CARTESIAN_POINT ( 'NONE',  ( 2.164957836983784745, -3.101766864349279285, -2.119236689479958358 ) ) ;
#7128 = FILL_AREA_STYLE_COLOUR ( '', #4824 ) ;
#7129 = LINE ( 'NONE', #10281, #9944 ) ;
#7130 =( NAMED_UNIT ( * ) PLANE_ANGLE_UNIT ( ) SI_UNIT ( $, .RADIAN. ) );
#7131 = PLANE ( 'NONE',  #1872 ) ;
#7132 =( NAMED_UNIT ( * ) PLANE_ANGLE_UNIT ( ) SI_UNIT ( $, .RADIAN. ) );
#7133 = ORIENTED_EDGE ( 'NONE', *, *, #10492, .F. ) ;
#7134 = DIRECTION ( 'NONE',  ( -0.7071067811865414665, -0.7071067811865536790, 0.000000000000000000 ) ) ;
#7135 = ORIENTED_EDGE ( 'NONE', *, *, #1984, .F. ) ;
#7136 = VECTOR ( 'NONE', #2584, 1000.000000000000000 ) ;
#7138 = ORIENTED_EDGE ( 'NONE', *, *, #5753, .T. ) ;
#7137 = LINE ( 'NONE', #10409, #1002 ) ;
#7139 = CARTESIAN_POINT ( 'NONE',  ( 2.164957836983784745, -3.500000000000000000, 2.875000000000000000 ) ) ;
#7140 = DIRECTION ( 'NONE',  ( -0.7032323103308215639, -0.7109601379168702939, 0.000000000000000000 ) ) ;
#7141 = LINE ( 'NONE', #2185, #2893 ) ;
#7142 = SURFACE_STYLE_FILL_AREA ( #5407 ) ;
#7143 = SURFACE_SIDE_STYLE ('',( #10295 ) ) ;
#7144 = ORIENTED_EDGE ( 'NONE', *, *, #8805, .T. ) ;
#7145 = VECTOR ( 'NONE', #1066, 1000.000000000000000 ) ;
#7146 = DIRECTION ( 'NONE',  ( 0.000000000000000000, -1.000000000000000000, 0.000000000000000000 ) ) ;
#7147 = ORIENTED_EDGE ( 'NONE', *, *, #1276, .F. ) ;
#7148 = STYLED_ITEM ( 'NONE', ( #5965 ), #1612 ) ;
#7149 = CARTESIAN_POINT ( 'NONE',  ( -1.770000000000001128, -4.372696098971633027, 0.7621572875253808110 ) ) ;
#7150 = FACE_OUTER_BOUND ( 'NONE', #8617, .T. ) ;
#7151 = VERTEX_POINT ( 'NONE', #7318 ) ;
#7152 = DIRECTION ( 'NONE',  ( -0.000000000000000000, -0.000000000000000000, 1.000000000000000000 ) ) ;
#7153 = VECTOR ( 'NONE', #8753, 1000.000000000000000 ) ;
#7154 = MECHANICAL_DESIGN_GEOMETRIC_PRESENTATION_REPRESENTATION (  '', ( #115 ), #4739 ) ;
#7155 =( NAMED_UNIT ( * ) SI_UNIT ( $, .STERADIAN. ) SOLID_ANGLE_UNIT ( ) );
#7156 = LINE ( 'NONE', #5365, #10513 ) ;
#7157 = LINE ( 'NONE', #6350, #6368 ) ;
#7158 = SURFACE_STYLE_FILL_AREA ( #4553 ) ;
#7159 = ORIENTED_EDGE ( 'NONE', *, *, #8958, .F. ) ;
#7160 = ORIENTED_EDGE ( 'NONE', *, *, #10054, .F. ) ;
#7161 = ORIENTED_EDGE ( 'NONE', *, *, #2634, .T. ) ;
#7162 = ADVANCED_FACE ( 'NONE', ( #3315 ), #4874, .F. ) ;
#7163 = DIRECTION ( 'NONE',  ( -1.000000000000000000, 0.000000000000000000, -0.000000000000000000 ) ) ;
#7164 = LINE ( 'NONE', #3071, #238 ) ;
#7165 = DIRECTION ( 'NONE',  ( 1.000000000000000000, 0.000000000000000000, 0.000000000000000000 ) ) ;
#7166 = ORIENTED_EDGE ( 'NONE', *, *, #2103, .T. ) ;
#7167 = DIRECTION ( 'NONE',  ( 1.000000000000000000, 0.000000000000000000, 0.000000000000000000 ) ) ;
#7168 = VECTOR ( 'NONE', #8044, 1000.000000000000114 ) ;
#7169 = LINE ( 'NONE', #668, #6818 ) ;
#7170 = PLANE ( 'NONE',  #1204 ) ;
#7171 = EDGE_CURVE ( 'NONE', #2410, #8953, #4928, .T. ) ;
#7172 = FILL_AREA_STYLE_COLOUR ( '', #1104 ) ;
#7173 = ORIENTED_EDGE ( 'NONE', *, *, #1554, .T. ) ;
#7174 = CARTESIAN_POINT ( 'NONE',  ( -3.700000000000001066, 1.578285606387554107, 1.898270704789492003 ) ) ;
#7175 = ORIENTED_EDGE ( 'NONE', *, *, #6775, .T. ) ;
#7176 = STYLED_ITEM ( 'NONE', ( #9307 ), #1309 ) ;
#7177 =( NAMED_UNIT ( * ) PLANE_ANGLE_UNIT ( ) SI_UNIT ( $, .RADIAN. ) );
#7178 = DIRECTION ( 'NONE',  ( -0.000000000000000000, -0.000000000000000000, 1.000000000000000000 ) ) ;
#7179 = CARTESIAN_POINT ( 'NONE',  ( 1.834855148493658161, -1.106362622738662704, 2.774999999999999911 ) ) ;
#7180 = DIRECTION ( 'NONE',  ( -0.000000000000000000, 1.000000000000000000, -0.000000000000000000 ) ) ;
#7181 = LINE ( 'NONE', #10500, #1735 ) ;
#7182 = SURFACE_STYLE_USAGE ( .BOTH. , #4571 ) ;
#7183 = CARTESIAN_POINT ( 'NONE',  ( 1.177254839851682888, -0.1277746597756997671, 2.875000000000000000 ) ) ;
#7184 = EDGE_CURVE ( 'NONE', #2913, #9169, #149, .T. ) ;
#7185 = SURFACE_STYLE_FILL_AREA ( #3885 ) ;
#7186 = PRESENTATION_LAYER_ASSIGNMENT (  '', '', ( #1168 ) ) ;
#7187 = DIRECTION ( 'NONE',  ( -0.9603974153677843351, -0.2786338180388008290, 0.000000000000000000 ) ) ;
#7188 = ORIENTED_EDGE ( 'NONE', *, *, #2304, .T. ) ;
#7189 = FILL_AREA_STYLE_COLOUR ( '', #1116 ) ;
#7190 = EDGE_CURVE ( 'NONE', #10107, #6860, #9828, .T. ) ;
#7191 = ORIENTED_EDGE ( 'NONE', *, *, #91, .T. ) ;
#7192 = ADVANCED_FACE ( 'NONE', ( #2363 ), #9073, .T. ) ;
#7194 = ORIENTED_EDGE ( 'NONE', *, *, #7323, .F. ) ;
#7193 = FILL_AREA_STYLE_COLOUR ( '', #837 ) ;
#7195 = DIRECTION ( 'NONE',  ( 0.4434035078469876212, -0.8963221124288893726, 0.000000000000000000 ) ) ;
#7196 = LINE ( 'NONE', #6384, #4799 ) ;
#7197 = LINE ( 'NONE', #2230, #3918 ) ;
#7198 = FILL_AREA_STYLE ('',( #3897 ) ) ;
#7199 = EDGE_LOOP ( 'NONE', ( #9903, #5478, #3444, #2638 ) ) ;
#7200 = EDGE_CURVE ( 'NONE', #8155, #6174, #307, .T. ) ;
#7201 = ADVANCED_FACE ( 'NONE', ( #7688 ), #6821, .T. ) ;
#7202 = DIRECTION ( 'NONE',  ( -0.000000000000000000, -0.000000000000000000, 1.000000000000000000 ) ) ;
#7203 = VECTOR ( 'NONE', #5348, 1000.000000000000114 ) ;
#7204 = ORIENTED_EDGE ( 'NONE', *, *, #8426, .F. ) ;
#7205 = FILL_AREA_STYLE ('',( #4653 ) ) ;
#7206 = CARTESIAN_POINT ( 'NONE',  ( 1.770000000000001128, -4.489853386497013155, 0.4049999999999998601 ) ) ;
#7207 =( NAMED_UNIT ( * ) PLANE_ANGLE_UNIT ( ) SI_UNIT ( $, .RADIAN. ) );
#7208 = UNCERTAINTY_MEASURE_WITH_UNIT (LENGTH_MEASURE( 1.000000000000000082E-05 ), #8271, 'distance_accuracy_value', 'NONE');
#7209 = VERTEX_POINT ( 'NONE', #1175 ) ;
#7210 = FILL_AREA_STYLE ('',( #4769 ) ) ;
#7211 = FACE_OUTER_BOUND ( 'NONE', #2978, .T. ) ;
#7212 = DIRECTION ( 'NONE',  ( 0.9596521823283784558, -0.2811897739114649353, 0.000000000000000000 ) ) ;
#7213 = SURFACE_SIDE_STYLE ('',( #651 ) ) ;
#7214 = SURFACE_SIDE_STYLE ('',( #4719 ) ) ;
#7215 = AXIS2_PLACEMENT_3D ( 'NONE', #4957, #2596, #9154 ) ;
#7216 = DIRECTION ( 'NONE',  ( 1.000000000000000000, 0.000000000000000000, 0.000000000000000000 ) ) ;
#7217 = ORIENTED_EDGE ( 'NONE', *, *, #6393, .F. ) ;
#7218 = ORIENTED_EDGE ( 'NONE', *, *, #3667, .T. ) ;
#7219 = ORIENTED_EDGE ( 'NONE', *, *, #7792, .F. ) ;
#7220 = DIRECTION ( 'NONE',  ( 0.000000000000000000, -1.000000000000000000, 0.000000000000000000 ) ) ;
#7221 = EDGE_CURVE ( 'NONE', #2610, #10488, #5186, .T. ) ;
#7222 = ORIENTED_EDGE ( 'NONE', *, *, #1653, .F. ) ;
#7223 = CARTESIAN_POINT ( 'NONE',  ( 1.046467802814645687, -0.4539706474300208017, 2.875000000000000000 ) ) ;
#7224 = UNCERTAINTY_MEASURE_WITH_UNIT (LENGTH_MEASURE( 1.000000000000000082E-05 ), #2761, 'distance_accuracy_value', 'NONE');
#7225 = VECTOR ( 'NONE', #2432, 1000.000000000000114 ) ;
#7226 = VECTOR ( 'NONE', #744, 1000.000000000000000 ) ;
#7227 = CARTESIAN_POINT ( 'NONE',  ( 0.6498628645430406525, -0.1277746597756997671, 2.774999999999999911 ) ) ;
#7228 = FILL_AREA_STYLE_COLOUR ( '', #5843 ) ;
#7229 = VERTEX_POINT ( 'NONE', #6872 ) ;
#7230 =( LENGTH_UNIT ( ) NAMED_UNIT ( * ) SI_UNIT ( .MILLI., .METRE. ) );
#7231 = VECTOR ( 'NONE', #10188, 1000.000000000000000 ) ;
#7232 = STYLED_ITEM ( 'NONE', ( #4333 ), #780 ) ;
#7233 = FACE_OUTER_BOUND ( 'NONE', #4582, .T. ) ;
#7234 = DIRECTION ( 'NONE',  ( -0.000000000000000000, -0.000000000000000000, 1.000000000000000000 ) ) ;
#7235 = DIRECTION ( 'NONE',  ( -1.000000000000000000, 0.000000000000000000, 0.000000000000000000 ) ) ;
#7236 = LINE ( 'NONE', #2219, #4994 ) ;
#7237 = EDGE_CURVE ( 'NONE', #2756, #3489, #3474, .T. ) ;
#7238 = DIRECTION ( 'NONE',  ( 0.000000000000000000, 1.000000000000000000, 0.000000000000000000 ) ) ;
#7239 = DIRECTION ( 'NONE',  ( 1.000000000000000000, 0.000000000000000000, 0.000000000000000000 ) ) ;
#7240 = AXIS2_PLACEMENT_3D ( 'NONE', #1657, #5689, #7469 ) ;
#7241 = SURFACE_SIDE_STYLE ('',( #685 ) ) ;
#7242 = ORIENTED_EDGE ( 'NONE', *, *, #5250, .F. ) ;
#7243 = EDGE_CURVE ( 'NONE', #65, #8943, #5907, .T. ) ;
#7244 = CARTESIAN_POINT ( 'NONE',  ( 0.7358968151603249019, -1.189503054837428131, 2.774999999999999911 ) ) ;
#7245 = EDGE_LOOP ( 'NONE', ( #1486, #6341, #2463, #4937 ) ) ;
#7246 = EDGE_CURVE ( 'NONE', #8673, #727, #9237, .T. ) ;
#7247 = DIRECTION ( 'NONE',  ( 0.7071067811865536790, 0.7071067811865412445, 0.000000000000000000 ) ) ;
#7248 =( GEOMETRIC_REPRESENTATION_CONTEXT ( 3 ) GLOBAL_UNCERTAINTY_ASSIGNED_CONTEXT ( ( #5585 ) ) GLOBAL_UNIT_ASSIGNED_CONTEXT ( ( #1208, #6210, #10336 ) ) REPRESENTATION_CONTEXT ( 'NONE', 'WORKASPACE' ) );
#7249 = ORIENTED_EDGE ( 'NONE', *, *, #8158, .T. ) ;
#7250 = DIRECTION ( 'NONE',  ( 0.000000000000000000, -1.000000000000000000, 0.000000000000000000 ) ) ;
#7251 = DIRECTION ( 'NONE',  ( -1.000000000000000000, 0.000000000000000000, 0.000000000000000000 ) ) ;
#7252 =( NAMED_UNIT ( * ) SI_UNIT ( $, .STERADIAN. ) SOLID_ANGLE_UNIT ( ) );
#7253 = EDGE_CURVE ( 'NONE', #1410, #3382, #5239, .T. ) ;
#7254 = CARTESIAN_POINT ( 'NONE',  ( 2.164957836983784745, -3.101766864349278841, 0.2049999999999998768 ) ) ;
#7255 = FACE_OUTER_BOUND ( 'NONE', #5057, .T. ) ;
#7256 = ORIENTED_EDGE ( 'NONE', *, *, #8890, .F. ) ;
#7257 = FILL_AREA_STYLE ('',( #10582 ) ) ;
#7258 = VECTOR ( 'NONE', #5719, 1000.000000000000000 ) ;
#7259 = STYLED_ITEM ( 'NONE', ( #9200 ), #4614 ) ;
#7260 =( LENGTH_UNIT ( ) NAMED_UNIT ( * ) SI_UNIT ( .MILLI., .METRE. ) );
#7261 = ORIENTED_EDGE ( 'NONE', *, *, #6862, .T. ) ;
#7262 = EDGE_CURVE ( 'NONE', #1411, #1939, #7790, .T. ) ;
#7263 = FACE_OUTER_BOUND ( 'NONE', #3073, .T. ) ;
#7264 = LINE ( 'NONE', #5583, #6155 ) ;
#7265 =( GEOMETRIC_REPRESENTATION_CONTEXT ( 3 ) GLOBAL_UNCERTAINTY_ASSIGNED_CONTEXT ( ( #5483 ) ) GLOBAL_UNIT_ASSIGNED_CONTEXT ( ( #203, #3362, #7684 ) ) REPRESENTATION_CONTEXT ( 'NONE', 'WORKASPACE' ) );
#7266 = VECTOR ( 'NONE', #2136, 1000.000000000000114 ) ;
#7267 = VERTEX_POINT ( 'NONE', #6061 ) ;
#7268 = CARTESIAN_POINT ( 'NONE',  ( 1.357038790468966916, -0.7550894745905145644, 2.875000000000000000 ) ) ;
#7269 = EDGE_CURVE ( 'NONE', #2150, #3720, #9383, .T. ) ;
#7270 = LINE ( 'NONE', #9119, #2060 ) ;
#7271 = LINE ( 'NONE', #4873, #9707 ) ;
#7272 = LINE ( 'NONE', #4605, #7611 ) ;
#7273 =( NAMED_UNIT ( * ) PLANE_ANGLE_UNIT ( ) SI_UNIT ( $, .RADIAN. ) );
#7274 = PRESENTATION_LAYER_ASSIGNMENT (  '', '', ( #8129 ) ) ;
#7275 = PLANE ( 'NONE',  #10404 ) ;
#7276 = ORIENTED_EDGE ( 'NONE', *, *, #3544, .F. ) ;
#7277 = ORIENTED_EDGE ( 'NONE', *, *, #2904, .F. ) ;
#7278 = CARTESIAN_POINT ( 'NONE',  ( -0.2004457774322679076, -0.9802052153312552640, 2.875000000000000000 ) ) ;
#7279 = CARTESIAN_POINT ( 'NONE',  ( -2.949999999999999734, 3.500000000000000000, 1.898270704789492003 ) ) ;
#7280 = ORIENTED_EDGE ( 'NONE', *, *, #7246, .F. ) ;
#7281 = PLANE ( 'NONE',  #9032 ) ;
#7282 = PRESENTATION_LAYER_ASSIGNMENT (  '', '', ( #2111 ) ) ;
#7283 = LINE ( 'NONE', #6474, #8857 ) ;
#7284 = DIRECTION ( 'NONE',  ( 1.000000000000000000, 0.000000000000000000, 0.000000000000000000 ) ) ;
#7285 = LINE ( 'NONE', #3179, #6621 ) ;
#7286 = ORIENTED_EDGE ( 'NONE', *, *, #8532, .T. ) ;
#7287 = ORIENTED_EDGE ( 'NONE', *, *, #8615, .T. ) ;
#7288 = COLOUR_RGB ( '',0.7529411764705882248, 0.7529411764705882248, 0.7529411764705882248 ) ;
#7289 = EDGE_CURVE ( 'NONE', #3712, #7661, #2018, .T. ) ;
#7290 = LINE ( 'NONE', #10557, #911 ) ;
#7291 = CARTESIAN_POINT ( 'NONE',  ( -2.058663370024860662, -0.6146573758250823971, 2.774999999999999911 ) ) ;
#7292 = PLANE ( 'NONE',  #4221 ) ;
#7293 = CARTESIAN_POINT ( 'NONE',  ( -2.164957836983784745, -3.101766864349278841, -2.875000000000000000 ) ) ;
#7294 = LINE ( 'NONE', #9957, #10252 ) ;
#7295 = DIRECTION ( 'NONE',  ( -0.000000000000000000, -0.000000000000000000, 1.000000000000000000 ) ) ;
#7296 = STYLED_ITEM ( 'NONE', ( #3531 ), #8086 ) ;
#7297 = ORIENTED_EDGE ( 'NONE', *, *, #9981, .F. ) ;
#7298 = DIRECTION ( 'NONE',  ( 1.000000000000000000, 0.000000000000000000, 0.000000000000000000 ) ) ;
#7299 = VERTEX_POINT ( 'NONE', #2622 ) ;
#7300 = ORIENTED_EDGE ( 'NONE', *, *, #7783, .F. ) ;
#7301 = LINE ( 'NONE', #9652, #2576 ) ;
#7302 = DIRECTION ( 'NONE',  ( 0.7071067811865512365, -0.7071067811865439090, 0.000000000000000000 ) ) ;
#7303 = ORIENTED_EDGE ( 'NONE', *, *, #4314, .T. ) ;
#7304 = SURFACE_STYLE_FILL_AREA ( #5739 ) ;
#7305 = VECTOR ( 'NONE', #4637, 1000.000000000000000 ) ;
#7306 = EDGE_CURVE ( 'NONE', #7868, #102, #4392, .T. ) ;
#7307 = CARTESIAN_POINT ( 'NONE',  ( -1.570000000000001172, -6.700000000000000178, 0.2049999999999999878 ) ) ;
#7308 = EDGE_LOOP ( 'NONE', ( #9385, #706, #10114, #1523 ) ) ;
#7309 =( NAMED_UNIT ( * ) SI_UNIT ( $, .STERADIAN. ) SOLID_ANGLE_UNIT ( ) );
#7310 = DIRECTION ( 'NONE',  ( -0.4429392073418453868, 0.8965516485955383752, 0.000000000000000000 ) ) ;
#7311 = DIRECTION ( 'NONE',  ( 0.000000000000000000, 0.000000000000000000, 1.000000000000000000 ) ) ;
#7312 = AXIS2_PLACEMENT_3D ( 'NONE', #130, #2755, #9265 ) ;
#7313 = UNCERTAINTY_MEASURE_WITH_UNIT (LENGTH_MEASURE( 1.000000000000000082E-05 ), #7230, 'distance_accuracy_value', 'NONE');
#7314 = ORIENTED_EDGE ( 'NONE', *, *, #4604, .F. ) ;
#7315 = CARTESIAN_POINT ( 'NONE',  ( -1.570000000000001172, -5.622383267283204589, 0.8450000000000000844 ) ) ;
#7316 = ADVANCED_FACE ( 'NONE', ( #6337 ), #4703, .T. ) ;
#7317 = FILL_AREA_STYLE ('',( #710 ) ) ;
#7318 = CARTESIAN_POINT ( 'NONE',  ( 2.687092802814645687, -0.1277746597756997671, 2.774999999999999911 ) ) ;
#7319 = CARTESIAN_POINT ( 'NONE',  ( -1.606309974963132214, -0.1493795980473046625, 2.875000000000000000 ) ) ;
#7320 = MECHANICAL_DESIGN_GEOMETRIC_PRESENTATION_REPRESENTATION (  '', ( #1810 ), #278 ) ;
#7321 = ADVANCED_FACE ( 'NONE', ( #8059 ), #2232, .T. ) ;
#7322 = FACE_OUTER_BOUND ( 'NONE', #5487, .T. ) ;
#7323 = EDGE_CURVE ( 'NONE', #295, #103, #2295, .T. ) ;
#7324 = LINE ( 'NONE', #2425, #6046 ) ;
#7325 = PRESENTATION_LAYER_ASSIGNMENT (  '', '', ( #109 ) ) ;
#7326 = CARTESIAN_POINT ( 'NONE',  ( 2.240333543555386164, -0.1491866968127367743, 2.774999999999999911 ) ) ;
#7327 = VECTOR ( 'NONE', #6372, 1000.000000000000000 ) ;
#7328 = VERTEX_POINT ( 'NONE', #7027 ) ;
#7329 = EDGE_CURVE ( 'NONE', #2913, #1580, #1376, .T. ) ;
#7330 = LINE ( 'NONE', #10602, #4729 ) ;
#7331 = PRESENTATION_LAYER_ASSIGNMENT (  '', '', ( #1304 ) ) ;
#7332 =( LENGTH_UNIT ( ) NAMED_UNIT ( * ) SI_UNIT ( .MILLI., .METRE. ) );
#7333 = CARTESIAN_POINT ( 'NONE',  ( 1.046467802814645687, -0.1900817585411318511, 2.774999999999999911 ) ) ;
#7334 = SURFACE_STYLE_USAGE ( .BOTH. , #2486 ) ;
#7335 = EDGE_CURVE ( 'NONE', #7810, #10107, #8794, .T. ) ;
#7336 = PRESENTATION_LAYER_ASSIGNMENT (  '', '', ( #7678 ) ) ;
#7337 = DIRECTION ( 'NONE',  ( 0.000000000000000000, 0.000000000000000000, -1.000000000000000000 ) ) ;
#7338 = VECTOR ( 'NONE', #1260, 1000.000000000000227 ) ;
#7339 = EDGE_LOOP ( 'NONE', ( #2565, #1976, #4021, #1055 ) ) ;
#7340 = ORIENTED_EDGE ( 'NONE', *, *, #8297, .F. ) ;
#7341 = VERTEX_POINT ( 'NONE', #1429 ) ;
#7342 = EDGE_CURVE ( 'NONE', #3921, #1397, #3783, .T. ) ;
#7343 = FILL_AREA_STYLE_COLOUR ( '', #6735 ) ;
#7344 = AXIS2_PLACEMENT_3D ( 'NONE', #2969, #5221, #9320 ) ;
#7345 = STYLED_ITEM ( 'NONE', ( #1347 ), #2166 ) ;
#7346 = LINE ( 'NONE', #841, #287 ) ;
#7347 = SURFACE_STYLE_USAGE ( .BOTH. , #619 ) ;
#7348 = UNCERTAINTY_MEASURE_WITH_UNIT (LENGTH_MEASURE( 1.000000000000000082E-05 ), #8566, 'distance_accuracy_value', 'NONE');
#7349 =( LENGTH_UNIT ( ) NAMED_UNIT ( * ) SI_UNIT ( .MILLI., .METRE. ) );
#7350 = FILL_AREA_STYLE_COLOUR ( '', #10115 ) ;
#7351 = DIRECTION ( 'NONE',  ( 0.000000000000000000, -0.8574929257125444293, -0.5144957554275262357 ) ) ;
#7352 = ORIENTED_EDGE ( 'NONE', *, *, #5620, .T. ) ;
#7353 =( NAMED_UNIT ( * ) SI_UNIT ( $, .STERADIAN. ) SOLID_ANGLE_UNIT ( ) );
#7354 = VERTEX_POINT ( 'NONE', #6285 ) ;
#7355 = EDGE_CURVE ( 'NONE', #4620, #9708, #9548, .T. ) ;
#7356 = SURFACE_STYLE_FILL_AREA ( #8156 ) ;
#7358 = ORIENTED_EDGE ( 'NONE', *, *, #9611, .T. ) ;
#7357 = SURFACE_STYLE_FILL_AREA ( #10459 ) ;
#7359 = CARTESIAN_POINT ( 'NONE',  ( 1.569999999999999396, -4.289853386497015642, 0.8449999999999998623 ) ) ;
#7360 = VECTOR ( 'NONE', #1423, 1000.000000000000227 ) ;
#7361 = DIRECTION ( 'NONE',  ( -0.9525549486528346321, 0.3043666699837478951, 0.000000000000000000 ) ) ;
#7362 = MECHANICAL_DESIGN_GEOMETRIC_PRESENTATION_REPRESENTATION (  '', ( #8209 ), #2704 ) ;
#7363 = LINE ( 'NONE', #7254, #1470 ) ;
#7364 = EDGE_CURVE ( 'NONE', #6972, #9467, #8320, .T. ) ;
#7365 = ORIENTED_EDGE ( 'NONE', *, *, #535, .F. ) ;
#7366 =( LENGTH_UNIT ( ) NAMED_UNIT ( * ) SI_UNIT ( .MILLI., .METRE. ) );
#7367 = ORIENTED_EDGE ( 'NONE', *, *, #1832, .T. ) ;
#7368 = CLOSED_SHELL ( 'NONE', ( #734, #9449, #8826, #9222, #9333, #6137, #1501, #5881, #8125, #5188, #9519, #6913, #9801, #8711, #6590, #1903, #9087, #7162, #9745, #6970, #3961, #1180, #6861, #2302, #3104, #836, #6811, #688, #9922, #5729, #3218, #3807, #1265, #2115, #7542, #5064, #6949, #9250, #4485, #5137, #5875, #2166, #5171, #2053, #8883, #8873, #3193, #6639, #7508, #4990, #10037, #5606, #1959, #4205, #4337, #5897, #5988, #4107, #9875, #9587, #3987, #3969, #592, #10183, #4933, #8762, #7686, #4714, #1487, #5440, #6396, #7527, #3497, #7830, #4282, #1514, #3826, #4654, #8181, #5400, #4479, #6102, #183, #4228, #8663, #8744, #4892, #9366, #1609, #8176, #485, #6313, #4679, #5639, #7039, #1734, #398, #8101, #208, #5126, #8036, #7635, #134, #1648, #5256, #2995, #4127, #6675, #7697, #4470, #8930, #343, #7377, #4026, #7316, #7834, #4271, #6527, #8948, #4614, #1817, #2699, #27, #5013, #5592, #5084, #4440, #6926, #1870, #5904, #4262, #4214, #10105, #2261, #3675, #2801, #2402, #5654, #1389, #2730, #2834, #9735, #8919, #2387, #82, #33, #4356, #3091, #10383, #10600, #8418, #2257, #1907, #815, #8658, #9539, #9576, #3492, #1130, #10127, #3449, #38, #124, #10532, #1117, #6714, #1631, #751, #196, #3723, #2226, #2045, #9269, #720, #1704, #4579, #9404, #9138, #7806, #389, #1309, #780, #7201, #7912, #5114, #5918, #1242, #1288, #7462, #6672, #5798, #9075, #6476, #2379, #5791, #4180, #2386, #479, #2323, #2436, #6585, #2948, #10333, #6663, #7192, #7437, #3366, #4332, #2056, #465, #6468, #879, #3212, #7400, #9830, #10378, #5323, #7321, #6903, #6448, #3863, #5388, #8163, #5855, #7510, #4284, #8086, #5480, #1612, #3348, #831, #5287, #4850, #5929, #9588, #5269, #1142, #7721, #5789, #6495, #3114, #8803, #9374, #8107, #3743 ) ) ;
#7369 = SURFACE_STYLE_FILL_AREA ( #5033 ) ;
#7370 = VERTEX_POINT ( 'NONE', #8264 ) ;
#7371 = DIRECTION ( 'NONE',  ( -0.000000000000000000, -0.000000000000000000, 1.000000000000000000 ) ) ;
#7372 = LINE ( 'NONE', #4926, #10638 ) ;
#7373 = EDGE_CURVE ( 'NONE', #10555, #9665, #4111, .T. ) ;
#7374 = PLANE ( 'NONE',  #5223 ) ;
#7375 = DIRECTION ( 'NONE',  ( -0.000000000000000000, 0.000000000000000000, 1.000000000000000000 ) ) ;
#7376 = PRESENTATION_LAYER_ASSIGNMENT (  '', '', ( #1519 ) ) ;
#7377 = ADVANCED_FACE ( 'NONE', ( #2556 ), #9868, .T. ) ;
#7378 = CARTESIAN_POINT ( 'NONE',  ( 0.4131687630347662399, -2.601766864349279285, 2.875000000000000000 ) ) ;
#7379 = CARTESIAN_POINT ( 'NONE',  ( 0.8934971238023000639, -1.088037005454712158, 2.774999999999999911 ) ) ;
#7380 = SURFACE_STYLE_USAGE ( .BOTH. , #3373 ) ;
#7381 = ORIENTED_EDGE ( 'NONE', *, *, #1507, .F. ) ;
#7382 = LINE ( 'NONE', #11, #4384 ) ;
#7383 = FACE_OUTER_BOUND ( 'NONE', #240, .T. ) ;
#7384 = DIRECTION ( 'NONE',  ( -0.9603974153677843351, -0.2786338180388007735, 0.000000000000000000 ) ) ;
#7385 = CARTESIAN_POINT ( 'NONE',  ( -2.051526024345848409, -0.5945956474300208017, 2.774999999999999911 ) ) ;
#7386 = COLOUR_RGB ( '',0.7529411764705882248, 0.7529411764705882248, 0.7529411764705882248 ) ;
#7387 = CARTESIAN_POINT ( 'NONE',  ( 1.582154531209707837, -0.3239552153312553195, 2.774999999999999911 ) ) ;
#7388 = STYLED_ITEM ( 'NONE', ( #8246 ), #479 ) ;
#7389 =( LENGTH_UNIT ( ) NAMED_UNIT ( * ) SI_UNIT ( .MILLI., .METRE. ) );
#7390 = ORIENTED_EDGE ( 'NONE', *, *, #3471, .T. ) ;
#7391 = ORIENTED_EDGE ( 'NONE', *, *, #1150, .F. ) ;
#7392 = EDGE_CURVE ( 'NONE', #2598, #10, #4165, .T. ) ;
#7393 = PLANE ( 'NONE',  #5531 ) ;
#7394 = CARTESIAN_POINT ( 'NONE',  ( 1.493612864543040430, -0.1900817585411318511, 2.774999999999999911 ) ) ;
#7395 = LINE ( 'NONE', #6687, #1028 ) ;
#7396 = VECTOR ( 'NONE', #1885, 1000.000000000000000 ) ;
#7397 = CARTESIAN_POINT ( 'NONE',  ( 2.208504839851682888, -1.106362622738662704, 2.875000000000000000 ) ) ;
#7398 = FILL_AREA_STYLE ('',( #8491 ) ) ;
#7399 = SURFACE_STYLE_USAGE ( .BOTH. , #9751 ) ;
#7400 = ADVANCED_FACE ( 'NONE', ( #8911 ), #3349, .T. ) ;
#7401 = FACE_OUTER_BOUND ( 'NONE', #273, .T. ) ;
#7402 = FILL_AREA_STYLE_COLOUR ( '', #2116 ) ;
#7403 = EDGE_LOOP ( 'NONE', ( #5783, #7924, #8160, #7544 ) ) ;
#7404 = AXIS2_PLACEMENT_3D ( 'NONE', #2048, #7764, #9409 ) ;
#7405 = DIRECTION ( 'NONE',  ( -0.000000000000000000, -0.000000000000000000, 1.000000000000000000 ) ) ;
#7406 = VECTOR ( 'NONE', #8789, 1000.000000000000227 ) ;
#7407 = ORIENTED_EDGE ( 'NONE', *, *, #6690, .F. ) ;
#7408 = VECTOR ( 'NONE', #7165, 1000.000000000000000 ) ;
#7409 = SURFACE_STYLE_USAGE ( .BOTH. , #6492 ) ;
#7410 = CARTESIAN_POINT ( 'NONE',  ( -1.770000000000001128, -4.489853386497013155, 0.2050000000000000155 ) ) ;
#7411 = SURFACE_STYLE_USAGE ( .BOTH. , #8207 ) ;
#7412 =( GEOMETRIC_REPRESENTATION_CONTEXT ( 3 ) GLOBAL_UNCERTAINTY_ASSIGNED_CONTEXT ( ( #2028 ) ) GLOBAL_UNIT_ASSIGNED_CONTEXT ( ( #6184, #9249, #5366 ) ) REPRESENTATION_CONTEXT ( 'NONE', 'WORKASPACE' ) );
#7413 =( NAMED_UNIT ( * ) PLANE_ANGLE_UNIT ( ) SI_UNIT ( $, .RADIAN. ) );
#7414 = CARTESIAN_POINT ( 'NONE',  ( 1.569999999999999396, -2.250000000000000000, 0.000000000000000000 ) ) ;
#7415 = EDGE_LOOP ( 'NONE', ( #9107, #4005 ) ) ;
#7416 = PLANE ( 'NONE',  #5331 ) ;
#7417 =( NAMED_UNIT ( * ) SI_UNIT ( $, .STERADIAN. ) SOLID_ANGLE_UNIT ( ) );
#7418 = EDGE_LOOP ( 'NONE', ( #1106, #9258, #3652, #6901 ) ) ;
#7419 = CARTESIAN_POINT ( 'NONE',  ( 0.7945387904689668046, -0.8413163264423664245, 2.774999999999999911 ) ) ;
#7420 =( BOUNDED_SURFACE ( )  B_SPLINE_SURFACE ( 3, 1, ( 
 ( #8430, #3520 ),
 ( #6813, #2664 ),
 ( #8526, #2616 ),
 ( #5032, #1807 ),
 ( #9932, #8327 ),
 ( #2721, #301 ),
 ( #3413, #6711 ) ),
 .UNSPECIFIED., .T., .F., .F. ) 
 B_SPLINE_SURFACE_WITH_KNOTS ( ( 4, 3, 4 ),
 ( 2, 2 ),
 ( 0.000000000000000000, 0.5000000000000000000, 1.000000000000000000 ),
 ( 0.000000000000000000, 1.000000000000000000 ),
 .UNSPECIFIED. ) 
 GEOMETRIC_REPRESENTATION_ITEM ( )  RATIONAL_B_SPLINE_SURFACE ( (
 ( 1.000000000000000000, 1.000000000000000000),
 ( 0.3333333333333333703, 0.3333333333333333703),
 ( 0.3333333333333333703, 0.3333333333333333703),
 ( 1.000000000000000000, 1.000000000000000000),
 ( 0.3333333333333335369, 0.3333333333333333703),
 ( 0.3333333333333335369, 0.3333333333333333703),
 ( 1.000000000000000000, 1.000000000000000000) ) ) 
 REPRESENTATION_ITEM ( '' )  SURFACE ( )  );
#7421 = FILL_AREA_STYLE_COLOUR ( '', #6169 ) ;
#7422 = PRESENTATION_STYLE_ASSIGNMENT (( #3414 ) ) ;
#7423 = UNCERTAINTY_MEASURE_WITH_UNIT (LENGTH_MEASURE( 1.000000000000000082E-05 ), #2385, 'distance_accuracy_value', 'NONE');
#7424 = ORIENTED_EDGE ( 'NONE', *, *, #4864, .F. ) ;
#7425 = CARTESIAN_POINT ( 'NONE',  ( 2.112054222567731898, -1.088037005454712158, 2.774999999999999911 ) ) ;
#7426 = SURFACE_STYLE_USAGE ( .BOTH. , #757 ) ;
#7428 = SURFACE_SIDE_STYLE ('',( #816 ) ) ;
#7427 = MECHANICAL_DESIGN_GEOMETRIC_PRESENTATION_REPRESENTATION (  '', ( #9641 ), #2085 ) ;
#7429 = COLOUR_RGB ( '',0.7529411764705882248, 0.7529411764705882248, 0.7529411764705882248 ) ;
#7430 = PRESENTATION_STYLE_ASSIGNMENT (( #4123 ) ) ;
#7431 = CARTESIAN_POINT ( 'NONE',  ( 1.824438481826991865, -0.4138471906398972777, 2.875000000000000000 ) ) ;
#7432 = DIRECTION ( 'NONE',  ( -0.9639240536829735140, 0.2661774196497214140, 0.000000000000000000 ) ) ;
#7433 = CARTESIAN_POINT ( 'NONE',  ( 1.030842802814645687, -0.1761928696522429560, 2.875000000000000000 ) ) ;
#7434 = AXIS2_PLACEMENT_3D ( 'NONE', #2015, #2986, #9487 ) ;
#7435 = VECTOR ( 'NONE', #1985, 1000.000000000000114 ) ;
#7436 = FILL_AREA_STYLE ('',( #3426 ) ) ;
#7437 = ADVANCED_FACE ( 'NONE', ( #7255 ), #5687, .T. ) ;
#7438 = DIRECTION ( 'NONE',  ( 0.000000000000000000, -1.000000000000000000, 0.000000000000000000 ) ) ;
#7439 = CARTESIAN_POINT ( 'NONE',  ( 0.2767918768887198122, -0.1277746597756997671, 2.875000000000000000 ) ) ;
#7440 = ORIENTED_EDGE ( 'NONE', *, *, #8214, .F. ) ;
#7441 = CARTESIAN_POINT ( 'NONE',  ( -3.700000000000000622, 3.500000000000000000, 2.875000000000000000 ) ) ;
#7442 = PLANE ( 'NONE',  #5241 ) ;
#7443 = DIRECTION ( 'NONE',  ( -0.000000000000000000, 1.000000000000000000, -0.000000000000000000 ) ) ;
#7444 = AXIS2_PLACEMENT_3D ( 'NONE', #6297, #3909, #6242 ) ;
#7445 = STYLED_ITEM ( 'NONE', ( #4991 ), #5064 ) ;
#7446 = FACE_OUTER_BOUND ( 'NONE', #4060, .T. ) ;
#7447 = EDGE_LOOP ( 'NONE', ( #8055, #8759, #4354, #1882 ) ) ;
#7448 = VERTEX_POINT ( 'NONE', #6042 ) ;
#7449 = LINE ( 'NONE', #4893, #3978 ) ;
#7450 = PRESENTATION_LAYER_ASSIGNMENT (  '', '', ( #1420 ) ) ;
#7451 = COLOUR_RGB ( '',0.7529411764705882248, 0.7529411764705882248, 0.7529411764705882248 ) ;
#7452 = CARTESIAN_POINT ( 'NONE',  ( 0.8466221238022999529, -1.034603363479403626, 2.875000000000000000 ) ) ;
#7453 = PLANE ( 'NONE',  #1356 ) ;
#7454 = CARTESIAN_POINT ( 'NONE',  ( -2.949999999999999734, 3.500000000000000000, 2.125000000000000000 ) ) ;
#7455 = EDGE_CURVE ( 'NONE', #1835, #8813, #955, .T. ) ;
#7456 = LINE ( 'NONE', #3338, #762 ) ;
#7457 = ORIENTED_EDGE ( 'NONE', *, *, #9916, .F. ) ;
#7458 = VECTOR ( 'NONE', #404, 1000.000000000000000 ) ;
#7459 = COLOUR_RGB ( '',0.7529411764705882248, 0.7529411764705882248, 0.7529411764705882248 ) ;
#7460 = ORIENTED_EDGE ( 'NONE', *, *, #5427, .F. ) ;
#7461 =( NAMED_UNIT ( * ) PLANE_ANGLE_UNIT ( ) SI_UNIT ( $, .RADIAN. ) );
#7462 = ADVANCED_FACE ( 'NONE', ( #7619 ), #10078, .T. ) ;
#7463 = FACE_OUTER_BOUND ( 'NONE', #5898, .T. ) ;
#7464 = CARTESIAN_POINT ( 'NONE',  ( -0.4131687630347657958, -2.601766864349279285, 2.875000000000000000 ) ) ;
#7465 = COLOUR_RGB ( '',0.7529411764705882248, 0.7529411764705882248, 0.7529411764705882248 ) ;
#7466 = AXIS2_PLACEMENT_3D ( 'NONE', #8232, #9, #882 ) ;
#7467 =( NAMED_UNIT ( * ) PLANE_ANGLE_UNIT ( ) SI_UNIT ( $, .RADIAN. ) );
#7468 = ORIENTED_EDGE ( 'NONE', *, *, #392, .T. ) ;
#7469 = DIRECTION ( 'NONE',  ( 0.000000000000000000, 0.000000000000000000, -1.000000000000000000 ) ) ;
#7470 = CARTESIAN_POINT ( 'NONE',  ( 1.570000000000001172, -4.489853386497013155, 0.2050000000000000155 ) ) ;
#7471 = ORIENTED_EDGE ( 'NONE', *, *, #319, .T. ) ;
#7472 =( GEOMETRIC_REPRESENTATION_CONTEXT ( 3 ) GLOBAL_UNCERTAINTY_ASSIGNED_CONTEXT ( ( #10423 ) ) GLOBAL_UNIT_ASSIGNED_CONTEXT ( ( #1384, #10199, #9558 ) ) REPRESENTATION_CONTEXT ( 'NONE', 'WORKASPACE' ) );
#7473 = PRESENTATION_STYLE_ASSIGNMENT (( #2561 ) ) ;
#7474 = DIRECTION ( 'NONE',  ( 0.9473054703399017562, 0.3203316185831451279, 0.000000000000000000 ) ) ;
#7475 = ORIENTED_EDGE ( 'NONE', *, *, #3617, .F. ) ;
#7476 = CARTESIAN_POINT ( 'NONE',  ( 0.9826174941726705248, -0.5197499684176750678, 2.875000000000000000 ) ) ;
#7477 =( NAMED_UNIT ( * ) PLANE_ANGLE_UNIT ( ) SI_UNIT ( $, .RADIAN. ) );
#7478 = DIRECTION ( 'NONE',  ( 0.4503574301806865243, 0.8928483550307118044, 0.000000000000000000 ) ) ;
#7479 = CARTESIAN_POINT ( 'NONE',  ( 0.04762521022205323112, -1.127774659775699684, 2.774999999999999911 ) ) ;
#7480 =( NAMED_UNIT ( * ) PLANE_ANGLE_UNIT ( ) SI_UNIT ( $, .RADIAN. ) );
#7481 = FACE_OUTER_BOUND ( 'NONE', #5521, .T. ) ;
#7482 = CARTESIAN_POINT ( 'NONE',  ( -1.570000000000001172, -7.605096679918781355, 0.2049999999999999878 ) ) ;
#7483 = MECHANICAL_DESIGN_GEOMETRIC_PRESENTATION_REPRESENTATION (  '', ( #1454 ), #4204 ) ;
#7484 = COLOUR_RGB ( '',0.7529411764705882248, 0.7529411764705882248, 0.7529411764705882248 ) ;
#7485 = EDGE_CURVE ( 'NONE', #3787, #8294, #7516, .T. ) ;
#7486 =( NAMED_UNIT ( * ) SI_UNIT ( $, .STERADIAN. ) SOLID_ANGLE_UNIT ( ) );
#7487 = DIRECTION ( 'NONE',  ( -1.000000000000000000, 0.000000000000000000, 0.000000000000000000 ) ) ;
#7488 = DIRECTION ( 'NONE',  ( 1.000000000000000000, 0.000000000000000000, 0.000000000000000000 ) ) ;
#7489 = EDGE_LOOP ( 'NONE', ( #7902, #8807, #7468, #9068 ) ) ;
#7490 = STYLED_ITEM ( 'NONE', ( #8780 ), #1907 ) ;
#7491 = DIRECTION ( 'NONE',  ( -0.000000000000000000, -0.000000000000000000, 1.000000000000000000 ) ) ;
#7492 = CARTESIAN_POINT ( 'NONE',  ( -1.886902865494877402, 1.521456047850031412, 2.875000000000000000 ) ) ;
#7493 = COLOUR_RGB ( '',0.7529411764705882248, 0.7529411764705882248, 0.7529411764705882248 ) ;
#7494 = CARTESIAN_POINT ( 'NONE',  ( 1.770000000000001128, -4.489853386497013155, 0.000000000000000000 ) ) ;
#7495 = ORIENTED_EDGE ( 'NONE', *, *, #9057, .F. ) ;
#7496 = ORIENTED_EDGE ( 'NONE', *, *, #1850, .T. ) ;
#7497 = CARTESIAN_POINT ( 'NONE',  ( -1.886902865494877402, 1.521456047850031634, 2.125000000000000000 ) ) ;
#7498 =( LENGTH_UNIT ( ) NAMED_UNIT ( * ) SI_UNIT ( .MILLI., .METRE. ) );
#7499 = VECTOR ( 'NONE', #2396, 1000.000000000000000 ) ;
#7500 = LINE ( 'NONE', #8303, #8886 ) ;
#7501 = LINE ( 'NONE', #5880, #9353 ) ;
#7502 = DIRECTION ( 'NONE',  ( -0.000000000000000000, 1.000000000000000000, -0.000000000000000000 ) ) ;
#7503 = VECTOR ( 'NONE', #510, 1000.000000000000000 ) ;
#7504 = CARTESIAN_POINT ( 'NONE',  ( -1.233238987308811208, -0.1277746597756997671, 2.774999999999999911 ) ) ;
#7505 = ORIENTED_EDGE ( 'NONE', *, *, #6535, .F. ) ;
#7506 = ORIENTED_EDGE ( 'NONE', *, *, #6180, .T. ) ;
#7507 = DIRECTION ( 'NONE',  ( 0.000000000000000000, 0.000000000000000000, -1.000000000000000000 ) ) ;
#7508 = ADVANCED_FACE ( 'NONE', ( #189 ), #8376, .T. ) ;
#7509 = DIRECTION ( 'NONE',  ( 0.1660820115642893668, 0.9861119436629693924, 0.000000000000000000 ) ) ;
#7510 = ADVANCED_FACE ( 'NONE', ( #6756 ), #10131, .T. ) ;
#7511 = CARTESIAN_POINT ( 'NONE',  ( -0.9300000000000012701, 3.100000000000000089, -0.000000000000000000 ) ) ;
#7512 = DIRECTION ( 'NONE',  ( 0.000000000000000000, -1.000000000000000000, 0.000000000000000000 ) ) ;
#7513 = VECTOR ( 'NONE', #2553, 1000.000000000000000 ) ;
#7514 = EDGE_CURVE ( 'NONE', #10047, #5781, #4693, .T. ) ;
#7515 = MECHANICAL_DESIGN_GEOMETRIC_PRESENTATION_REPRESENTATION (  '', ( #4912 ), #6652 ) ;
#7516 = LINE ( 'NONE', #9168, #3150 ) ;
#7517 = VERTEX_POINT ( 'NONE', #3772 ) ;
#7518 = FACE_OUTER_BOUND ( 'NONE', #10510, .T. ) ;
#7519 = ORIENTED_EDGE ( 'NONE', *, *, #5394, .T. ) ;
#7520 = EDGE_CURVE ( 'NONE', #214, #9296, #10453, .T. ) ;
#7521 = VECTOR ( 'NONE', #5210, 1000.000000000000000 ) ;
#7522 = CARTESIAN_POINT ( 'NONE',  ( 1.569999999999999840, 1.204553182355148522, 2.875000000000000000 ) ) ;
#7523 = PRESENTATION_STYLE_ASSIGNMENT (( #6343 ) ) ;
#7524 = CARTESIAN_POINT ( 'NONE',  ( 0.3875171855306949742, -0.1979907091584157952, 2.875000000000000000 ) ) ;
#7525 = PLANE ( 'NONE',  #9368 ) ;
#7526 = SURFACE_STYLE_USAGE ( .BOTH. , #3770 ) ;
#7527 = ADVANCED_FACE ( 'NONE', ( #9644 ), #2118, .F. ) ;
#7528 = DIRECTION ( 'NONE',  ( 1.000000000000000000, 0.000000000000000000, 0.000000000000000000 ) ) ;
#7529 = CARTESIAN_POINT ( 'NONE',  ( -2.164957836983784745, -3.500000000000000000, -2.875000000000000000 ) ) ;
#7530 = FACE_OUTER_BOUND ( 'NONE', #1709, .T. ) ;
#7531 = VECTOR ( 'NONE', #10484, 1000.000000000000000 ) ;
#7532 = FILL_AREA_STYLE ('',( #5191 ) ) ;
#7533 = LINE ( 'NONE', #3372, #6407 ) ;
#7534 = CARTESIAN_POINT ( 'NONE',  ( 0.9299999999999992717, -7.605096679918781355, 0.2049999999999998768 ) ) ;
#7535 = ORIENTED_EDGE ( 'NONE', *, *, #6558, .T. ) ;
#7536 = DIRECTION ( 'NONE',  ( 0.000000000000000000, 0.000000000000000000, 1.000000000000000000 ) ) ;
#7537 = DIRECTION ( 'NONE',  ( 0.9596009732027614980, 0.2813644828835243361, 0.000000000000000000 ) ) ;
#7538 =( LENGTH_UNIT ( ) NAMED_UNIT ( * ) SI_UNIT ( .MILLI., .METRE. ) );
#7539 = LINE ( 'NONE', #5200, #5062 ) ;
#7540 = EDGE_LOOP ( 'NONE', ( #4259, #3026, #2701, #8220 ) ) ;
#7541 = ORIENTED_EDGE ( 'NONE', *, *, #8848, .F. ) ;
#7542 = ADVANCED_FACE ( 'NONE', ( #4480 ), #6377, .F. ) ;
#7543 = FILL_AREA_STYLE ('',( #7599 ) ) ;
#7544 = ORIENTED_EDGE ( 'NONE', *, *, #472, .T. ) ;
#7545 = SURFACE_SIDE_STYLE ('',( #1840 ) ) ;
#7546 = VECTOR ( 'NONE', #6082, 1000.000000000000000 ) ;
#7547 = SURFACE_STYLE_USAGE ( .BOTH. , #4261 ) ;
#7548 = MECHANICAL_DESIGN_GEOMETRIC_PRESENTATION_REPRESENTATION (  '', ( #5298 ), #8412 ) ;
#7549 = CARTESIAN_POINT ( 'NONE',  ( -2.401063061382885611, -1.106362622738662704, 2.774999999999999911 ) ) ;
#7550 = PLANE ( 'NONE',  #3156 ) ;
#7551 = ORIENTED_EDGE ( 'NONE', *, *, #6830, .T. ) ;
#7552 = FILL_AREA_STYLE ('',( #1889 ) ) ;
#7553 = ORIENTED_EDGE ( 'NONE', *, *, #8799, .F. ) ;
#7554 =( LENGTH_UNIT ( ) NAMED_UNIT ( * ) SI_UNIT ( .MILLI., .METRE. ) );
#7555 = STYLED_ITEM ( 'NONE', ( #5905 ), #3114 ) ;
#7556 = CARTESIAN_POINT ( 'NONE',  ( -1.558663370024860662, -1.106362622738662704, 2.774999999999999911 ) ) ;
#7557 = PRESENTATION_STYLE_ASSIGNMENT (( #2707 ) ) ;
#7558 = EDGE_CURVE ( 'NONE', #10316, #2628, #1360, .T. ) ;
#7559 = CARTESIAN_POINT ( 'NONE',  ( -1.886209666321156941, -1.106362622738662704, 2.774999999999999911 ) ) ;
#7560 = CARTESIAN_POINT ( 'NONE',  ( 3.700000000000000622, -3.500000000000000000, 2.875000000000000000 ) ) ;
#7561 = VECTOR ( 'NONE', #6363, 1000.000000000000000 ) ;
#7562 = EDGE_CURVE ( 'NONE', #9572, #7673, #461, .T. ) ;
#7563 = FILL_AREA_STYLE_COLOUR ( '', #9146 ) ;
#7564 = VERTEX_POINT ( 'NONE', #1212 ) ;
#7565 = FILL_AREA_STYLE_COLOUR ( '', #721 ) ;
#7566 = DIRECTION ( 'NONE',  ( -0.000000000000000000, -0.000000000000000000, 1.000000000000000000 ) ) ;
#7567 = ORIENTED_EDGE ( 'NONE', *, *, #1748, .T. ) ;
#7568 = AXIS2_PLACEMENT_3D ( 'NONE', #3369, #1018, #9238 ) ;
#7569 = DIRECTION ( 'NONE',  ( -0.000000000000000000, -0.000000000000000000, -1.000000000000000000 ) ) ;
#7570 = MECHANICAL_DESIGN_GEOMETRIC_PRESENTATION_REPRESENTATION (  '', ( #5513 ), #8089 ) ;
#7571 = SURFACE_STYLE_FILL_AREA ( #8383 ) ;
#7572 = CARTESIAN_POINT ( 'NONE',  ( -1.614604728049552129, -0.6146573758250823971, 2.774999999999999911 ) ) ;
#7573 =( NAMED_UNIT ( * ) PLANE_ANGLE_UNIT ( ) SI_UNIT ( $, .RADIAN. ) );
#7574 = FACE_OUTER_BOUND ( 'NONE', #74, .T. ) ;
#7575 = DIRECTION ( 'NONE',  ( 0.000000000000000000, -0.000000000000000000, -1.000000000000000000 ) ) ;
#7576 = LINE ( 'NONE', #1814, #961 ) ;
#7577 = CARTESIAN_POINT ( 'NONE',  ( 2.038558852197361659, -0.1746496597756997116, 2.774999999999999911 ) ) ;
#7578 = EDGE_CURVE ( 'NONE', #1685, #8821, #4574, .T. ) ;
#7579 = COLOUR_RGB ( '',0.7529411764705882248, 0.7529411764705882248, 0.7529411764705882248 ) ;
#7580 = VECTOR ( 'NONE', #6772, 1000.000000000000000 ) ;
#7581 =( LENGTH_UNIT ( ) NAMED_UNIT ( * ) SI_UNIT ( .MILLI., .METRE. ) );
#7582 = CARTESIAN_POINT ( 'NONE',  ( 1.770000000000001128, 0.000000000000000000, 0.6449999999999997957 ) ) ;
#7583 = DIRECTION ( 'NONE',  ( -0.000000000000000000, -0.000000000000000000, 1.000000000000000000 ) ) ;
#7584 = SURFACE_STYLE_USAGE ( .BOTH. , #1125 ) ;
#7585 = COLOUR_RGB ( '',0.7529411764705882248, 0.7529411764705882248, 0.7529411764705882248 ) ;
#7586 = MECHANICAL_DESIGN_GEOMETRIC_PRESENTATION_REPRESENTATION (  '', ( #6722 ), #8957 ) ;
#7587 = ORIENTED_EDGE ( 'NONE', *, *, #2677, .T. ) ;
#7588 = CARTESIAN_POINT ( 'NONE',  ( 1.824438481826991865, -0.4138471906398972777, 2.774999999999999911 ) ) ;
#7589 = DIRECTION ( 'NONE',  ( -0.4574957109978134984, 0.7624928516630237185, -0.4574957109978138869 ) ) ;
#7590 = PRESENTATION_STYLE_ASSIGNMENT (( #10207 ) ) ;
#7591 = PRESENTATION_STYLE_ASSIGNMENT (( #3590 ) ) ;
#7592 = STYLED_ITEM ( 'NONE', ( #5198 ), #6970 ) ;
#7593 = AXIS2_PLACEMENT_3D ( 'NONE', #781, #5614, #3134 ) ;
#7594 = SURFACE_STYLE_FILL_AREA ( #5920 ) ;
#7595 = EDGE_LOOP ( 'NONE', ( #8992, #9464, #2373, #3092 ) ) ;
#7596 = EDGE_LOOP ( 'NONE', ( #3859, #9474, #1031, #22 ) ) ;
#7597 = VERTEX_POINT ( 'NONE', #511 ) ;
#7598 = CARTESIAN_POINT ( 'NONE',  ( -3.700000000000001066, 1.578285606387554107, 1.430978720524678005 ) ) ;
#7599 = FILL_AREA_STYLE_COLOUR ( '', #3758 ) ;
#7600 = ORIENTED_EDGE ( 'NONE', *, *, #5312, .T. ) ;
#7601 = FACE_OUTER_BOUND ( 'NONE', #2383, .T. ) ;
#7602 =( GEOMETRIC_REPRESENTATION_CONTEXT ( 3 ) GLOBAL_UNCERTAINTY_ASSIGNED_CONTEXT ( ( #3965 ) ) GLOBAL_UNIT_ASSIGNED_CONTEXT ( ( #4878, #3917, #3122 ) ) REPRESENTATION_CONTEXT ( 'NONE', 'WORKASPACE' ) );
#7603 = DIRECTION ( 'NONE',  ( 0.000000000000000000, -1.000000000000000000, 0.000000000000000000 ) ) ;
#7604 =( NAMED_UNIT ( * ) PLANE_ANGLE_UNIT ( ) SI_UNIT ( $, .RADIAN. ) );
#7605 = DIRECTION ( 'NONE',  ( -1.000000000000000000, 0.000000000000000000, 0.000000000000000000 ) ) ;
#7606 = ORIENTED_EDGE ( 'NONE', *, *, #5534, .T. ) ;
#7607 = EDGE_CURVE ( 'NONE', #8251, #1226, #2974, .T. ) ;
#7608 = SURFACE_SIDE_STYLE ('',( #9212 ) ) ;
#7609 = ORIENTED_EDGE ( 'NONE', *, *, #3174, .T. ) ;
#7610 = CARTESIAN_POINT ( 'NONE',  ( -0.9300000000000011591, -7.605096679918781355, 0.2049999999999999878 ) ) ;
#7611 = VECTOR ( 'NONE', #4661, 1000.000000000000000 ) ;
#7612 = COLOUR_RGB ( '',0.7529411764705882248, 0.7529411764705882248, 0.7529411764705882248 ) ;
#7613 = SURFACE_SIDE_STYLE ('',( #4273 ) ) ;
#7614 = CARTESIAN_POINT ( 'NONE',  ( -2.446780653975477726, -1.127774659775699684, 2.875000000000000000 ) ) ;
#7615 = SURFACE_STYLE_FILL_AREA ( #9918 ) ;
#7616 =( LENGTH_UNIT ( ) NAMED_UNIT ( * ) SI_UNIT ( .MILLI., .METRE. ) );
#7617 = PRESENTATION_LAYER_ASSIGNMENT (  '', '', ( #2285 ) ) ;
#7618 = PRESENTATION_LAYER_ASSIGNMENT (  '', '', ( #3650 ) ) ;
#7619 = FACE_OUTER_BOUND ( 'NONE', #440, .T. ) ;
#7620 = ORIENTED_EDGE ( 'NONE', *, *, #8555, .T. ) ;
#7621 = CARTESIAN_POINT ( 'NONE',  ( 2.617262555901065380, -0.2792021289115022009, 2.774999999999999911 ) ) ;
#7622 = EDGE_LOOP ( 'NONE', ( #8942, #7047, #6188, #10575 ) ) ;
#7623 = VECTOR ( 'NONE', #4419, 1000.000000000000000 ) ;
#7624 = LINE ( 'NONE', #2822, #8801 ) ;
#7625 = DIRECTION ( 'NONE',  ( -0.000000000000000000, 0.000000000000000000, 1.000000000000000000 ) ) ;
#7626 =( NAMED_UNIT ( * ) SI_UNIT ( $, .STERADIAN. ) SOLID_ANGLE_UNIT ( ) );
#7627 = CARTESIAN_POINT ( 'NONE',  ( -2.950000000000000178, -2.250000000000000000, -2.125000000000000000 ) ) ;
#7628 = EDGE_CURVE ( 'NONE', #7661, #4821, #4635, .T. ) ;
#7629 = CARTESIAN_POINT ( 'NONE',  ( -0.2004457774322679076, -0.9802052153312552640, 2.774999999999999911 ) ) ;
#7630 = CARTESIAN_POINT ( 'NONE',  ( 0.000000000000000000, 0.000000000000000000, 2.774999999999999911 ) ) ;
#7631 = CARTESIAN_POINT ( 'NONE',  ( -1.510438061382885389, -0.1675123140966873203, 2.875000000000000000 ) ) ;
#7632 = FACE_OUTER_BOUND ( 'NONE', #4039, .T. ) ;
#7633 = COLOUR_RGB ( '',0.7529411764705882248, 0.7529411764705882248, 0.7529411764705882248 ) ;
#7634 = FACE_OUTER_BOUND ( 'NONE', #9401, .T. ) ;
#7635 = ADVANCED_FACE ( 'NONE', ( #9589 ), #5514, .T. ) ;
#7636 = EDGE_LOOP ( 'NONE', ( #4483, #10055, #6207, #6077, #5576, #9976 ) ) ;
#7637 = SURFACE_STYLE_USAGE ( .BOTH. , #10614 ) ;
#7638 = DIRECTION ( 'NONE',  ( 1.000000000000000000, 0.000000000000000000, 0.000000000000000000 ) ) ;
#7639 = FILL_AREA_STYLE ('',( #2842 ) ) ;
#7640 = LINE ( 'NONE', #9397, #892 ) ;
#7641 = EDGE_CURVE ( 'NONE', #76, #2628, #6596, .T. ) ;
#7642 = PRESENTATION_LAYER_ASSIGNMENT (  '', '', ( #8835 ) ) ;
#7643 = CARTESIAN_POINT ( 'NONE',  ( 1.549554222567732342, -0.2209459560719960469, 2.875000000000000000 ) ) ;
#7644 = ORIENTED_EDGE ( 'NONE', *, *, #7647, .F. ) ;
#7645 = ORIENTED_EDGE ( 'NONE', *, *, #997, .T. ) ;
#7646 = EDGE_LOOP ( 'NONE', ( #1201, #1361, #3776, #3254 ) ) ;
#7647 = EDGE_CURVE ( 'NONE', #2926, #5121, #4152, .T. ) ;
#7648 = LINE ( 'NONE', #6686, #5555 ) ;
#7649 = DIRECTION ( 'NONE',  ( 1.000000000000000000, 0.000000000000000000, 0.000000000000000000 ) ) ;
#7650 =( GEOMETRIC_REPRESENTATION_CONTEXT ( 3 ) GLOBAL_UNCERTAINTY_ASSIGNED_CONTEXT ( ( #5496 ) ) GLOBAL_UNIT_ASSIGNED_CONTEXT ( ( #568, #7130, #8837 ) ) REPRESENTATION_CONTEXT ( 'NONE', 'WORKASPACE' ) );
#7651 = ORIENTED_EDGE ( 'NONE', *, *, #1962, .T. ) ;
#7652 = CARTESIAN_POINT ( 'NONE',  ( -0.2004457774322679076, -0.8800894745905145644, 2.774999999999999911 ) ) ;
#7653 = VECTOR ( 'NONE', #2213, 1000.000000000000000 ) ;
#7654 = CARTESIAN_POINT ( 'NONE',  ( -3.349999999999999201, 3.500000000000000000, 2.875000000000000000 ) ) ;
#7655 = EDGE_CURVE ( 'NONE', #2131, #8416, #7456, .T. ) ;
#7656 = VECTOR ( 'NONE', #9287, 1000.000000000000000 ) ;
#7657 = ORIENTED_EDGE ( 'NONE', *, *, #3711, .F. ) ;
#7658 = EDGE_CURVE ( 'NONE', #3804, #6272, #3188, .T. ) ;
#7659 = FACE_BOUND ( 'NONE', #6338, .T. ) ;
#7660 = MECHANICAL_DESIGN_GEOMETRIC_PRESENTATION_REPRESENTATION (  '', ( #8679 ), #3018 ) ;
#7661 = VERTEX_POINT ( 'NONE', #9755 ) ;
#7663 = COLOUR_RGB ( '',0.7529411764705882248, 0.7529411764705882248, 0.7529411764705882248 ) ;
#7662 = DIRECTION ( 'NONE',  ( 0.000000000000000000, 0.000000000000000000, 1.000000000000000000 ) ) ;
#7664 = DIRECTION ( 'NONE',  ( -0.2747765339150585184, -0.9615081156233818982, 0.000000000000000000 ) ) ;
#7665 = VECTOR ( 'NONE', #9236, 1000.000000000000000 ) ;
#7666 = FACE_OUTER_BOUND ( 'NONE', #2966, .T. ) ;
#7667 = DIRECTION ( 'NONE',  ( 0.000000000000000000, 1.000000000000000000, 0.000000000000000000 ) ) ;
#7668 = SURFACE_SIDE_STYLE ('',( #4374 ) ) ;
#7669 = MECHANICAL_DESIGN_GEOMETRIC_PRESENTATION_REPRESENTATION (  '', ( #10222 ), #7847 ) ;
#7670 = STYLED_ITEM ( 'NONE', ( #1518 ), #1903 ) ;
#7671 = COLOUR_RGB ( '',0.7529411764705882248, 0.7529411764705882248, 0.7529411764705882248 ) ;
#7672 = DIRECTION ( 'NONE',  ( 0.000000000000000000, 1.000000000000000000, 0.000000000000000000 ) ) ;
#7673 = VERTEX_POINT ( 'NONE', #3940 ) ;
#7674 = CARTESIAN_POINT ( 'NONE',  ( -0.04747509841992233331, -1.106362622738662704, 2.774999999999999911 ) ) ;
#7675 = CARTESIAN_POINT ( 'NONE',  ( 1.046467802814645687, -0.4539706474300208017, 2.875000000000000000 ) ) ;
#7676 = VECTOR ( 'NONE', #1732, 1000.000000000000000 ) ;
#7677 = ORIENTED_EDGE ( 'NONE', *, *, #4390, .T. ) ;
#7678 = STYLED_ITEM ( 'NONE', ( #2032 ), #2387 ) ;
#7679 = DIRECTION ( 'NONE',  ( 1.000000000000000000, 1.239088197126291063E-16, -0.000000000000000000 ) ) ;
#7680 = CARTESIAN_POINT ( 'NONE',  ( 2.849999999999999645, -4.800000000000000711, -1.975000000000000089 ) ) ;
#7681 = FACE_OUTER_BOUND ( 'NONE', #10274, .T. ) ;
#7682 =( LENGTH_UNIT ( ) NAMED_UNIT ( * ) SI_UNIT ( .MILLI., .METRE. ) );
#7683 = PRESENTATION_LAYER_ASSIGNMENT (  '', '', ( #1671 ) ) ;
#7684 =( NAMED_UNIT ( * ) SI_UNIT ( $, .STERADIAN. ) SOLID_ANGLE_UNIT ( ) );
#7685 =( GEOMETRIC_REPRESENTATION_CONTEXT ( 3 ) GLOBAL_UNCERTAINTY_ASSIGNED_CONTEXT ( ( #8935 ) ) GLOBAL_UNIT_ASSIGNED_CONTEXT ( ( #5438, #7871, #9687 ) ) REPRESENTATION_CONTEXT ( 'NONE', 'WORKASPACE' ) );
#7686 = ADVANCED_FACE ( 'NONE', ( #2501 ), #9004, .F. ) ;
#7687 = LINE ( 'NONE', #6870, #1647 ) ;
#7688 = FACE_OUTER_BOUND ( 'NONE', #10389, .T. ) ;
#7689 = LINE ( 'NONE', #7791, #9289 ) ;
#7690 = DIRECTION ( 'NONE',  ( 0.2743457711001139332, 0.9616311132027102193, 0.000000000000000000 ) ) ;
#7691 = PRESENTATION_LAYER_ASSIGNMENT (  '', '', ( #3205 ) ) ;
#7692 = PRESENTATION_STYLE_ASSIGNMENT (( #8901 ) ) ;
#7693 = DIRECTION ( 'NONE',  ( -0.000000000000000000, 0.000000000000000000, 1.000000000000000000 ) ) ;
#7694 = SURFACE_STYLE_FILL_AREA ( #10097 ) ;
#7695 = EDGE_CURVE ( 'NONE', #6860, #9593, #5624, .T. ) ;
#7696 = ORIENTED_EDGE ( 'NONE', *, *, #7894, .T. ) ;
#7697 = ADVANCED_FACE ( 'NONE', ( #1522 ), #2450, .T. ) ;
#7698 = FACE_OUTER_BOUND ( 'NONE', #9508, .T. ) ;
#7699 = CARTESIAN_POINT ( 'NONE',  ( 0.000000000000000000, 0.000000000000000000, 2.774999999999999911 ) ) ;
#7700 = EDGE_CURVE ( 'NONE', #2094, #9821, #2700, .T. ) ;
#7701 = EDGE_CURVE ( 'NONE', #2175, #6749, #5980, .T. ) ;
#7702 = ORIENTED_EDGE ( 'NONE', *, *, #7017, .F. ) ;
#7703 = EDGE_LOOP ( 'NONE', ( #584, #2096, #2274, #4408 ) ) ;
#7704 = ORIENTED_EDGE ( 'NONE', *, *, #1624, .T. ) ;
#7705 = STYLED_ITEM ( 'NONE', ( #9243 ), #9922 ) ;
#7706 = LINE ( 'NONE', #6250, #8787 ) ;
#7707 = CARTESIAN_POINT ( 'NONE',  ( -9.696035972687465705E-16, -2.146323529411772402, 3.577205882352944677 ) ) ;
#7708 = CARTESIAN_POINT ( 'NONE',  ( 0.3724708892343985278, -0.1675123140966873203, 2.875000000000000000 ) ) ;
#7709 = ORIENTED_EDGE ( 'NONE', *, *, #173, .F. ) ;
#7710 = PRESENTATION_STYLE_ASSIGNMENT (( #7547 ) ) ;
#7711 = DIRECTION ( 'NONE',  ( -1.000000000000000000, 0.000000000000000000, 0.000000000000000000 ) ) ;
#7712 = COLOUR_RGB ( '',0.7529411764705882248, 0.7529411764705882248, 0.7529411764705882248 ) ;
#7713 = SURFACE_STYLE_USAGE ( .BOTH. , #9097 ) ;
#7714 = ORIENTED_EDGE ( 'NONE', *, *, #1529, .F. ) ;
#7715 = MECHANICAL_DESIGN_GEOMETRIC_PRESENTATION_REPRESENTATION (  '', ( #6847 ), #7890 ) ;
#7716 = PLANE ( 'NONE',  #4534 ) ;
#7717 = ORIENTED_EDGE ( 'NONE', *, *, #5518, .F. ) ;
#7718 = FILL_AREA_STYLE ('',( #8513 ) ) ;
#7719 = LINE ( 'NONE', #3505, #10319 ) ;
#7720 = MECHANICAL_DESIGN_GEOMETRIC_PRESENTATION_REPRESENTATION (  '', ( #7232 ), #8565 ) ;
#7721 = ADVANCED_FACE ( 'NONE', ( #5163 ), #332, .T. ) ;
#7722 = FILL_AREA_STYLE ('',( #6267 ) ) ;
#7723 = DIRECTION ( 'NONE',  ( -1.000000000000000000, 0.000000000000000000, 0.000000000000000000 ) ) ;
#7724 = CARTESIAN_POINT ( 'NONE',  ( 1.770000000000001128, -5.539540554808585426, 0.2878427124746188448 ) ) ;
#7725 = CARTESIAN_POINT ( 'NONE',  ( 1.493612864543040430, -0.1900817585411318511, 2.774999999999999911 ) ) ;
#7726 = SURFACE_SIDE_STYLE ('',( #9276 ) ) ;
#7727 = ORIENTED_EDGE ( 'NONE', *, *, #6251, .F. ) ;
#7728 = SURFACE_STYLE_USAGE ( .BOTH. , #191 ) ;
#7729 = PRESENTATION_LAYER_ASSIGNMENT (  '', '', ( #10138 ) ) ;
#7730 = LINE ( 'NONE', #9171, #9017 ) ;
#7731 = AXIS2_PLACEMENT_3D ( 'NONE', #5008, #5059, #5828 ) ;
#7732 = EDGE_LOOP ( 'NONE', ( #6365, #9738, #9421, #6410, #5630, #4715, #9604, #7535, #4736, #2741, #3569, #867, #3889, #2810, #8654, #3966, #4246, #4254, #8350, #2075, #5080, #8572, #5165, #2100, #6148, #9213, #7944, #3143, #8285, #3736, #9756 ) ) ;
#7733 = SURFACE_STYLE_USAGE ( .BOTH. , #7784 ) ;
#7734 = CARTESIAN_POINT ( 'NONE',  ( 2.162980148493658383, -0.1491866968127367743, 2.774999999999999911 ) ) ;
#7735 = CARTESIAN_POINT ( 'NONE',  ( -2.166688061382885166, -0.1491866968127367743, 2.875000000000000000 ) ) ;
#7736 = UNCERTAINTY_MEASURE_WITH_UNIT (LENGTH_MEASURE( 1.000000000000000082E-05 ), #567, 'distance_accuracy_value', 'NONE');
#7737 = FILL_AREA_STYLE ('',( #202 ) ) ;
#7738 = LINE ( 'NONE', #2016, #1958 ) ;
#7739 = UNCERTAINTY_MEASURE_WITH_UNIT (LENGTH_MEASURE( 1.000000000000000082E-05 ), #3606, 'distance_accuracy_value', 'NONE');
#7740 = CARTESIAN_POINT ( 'NONE',  ( 1.002872123802300175, -0.3658147832324898374, 2.875000000000000000 ) ) ;
#7741 = FILL_AREA_STYLE ('',( #2673 ) ) ;
#7742 = PRESENTATION_LAYER_ASSIGNMENT (  '', '', ( #2238 ) ) ;
#7743 = EDGE_CURVE ( 'NONE', #2600, #5767, #3447, .T. ) ;
#7744 = VECTOR ( 'NONE', #10349, 1000.000000000000000 ) ;
#7745 = VECTOR ( 'NONE', #8553, 1000.000000000000000 ) ;
#7746 = SURFACE_STYLE_FILL_AREA ( #2191 ) ;
#7747 =( NAMED_UNIT ( * ) PLANE_ANGLE_UNIT ( ) SI_UNIT ( $, .RADIAN. ) );
#7748 = FILL_AREA_STYLE_COLOUR ( '', #6264 ) ;
#7749 = ORIENTED_EDGE ( 'NONE', *, *, #5748, .T. ) ;
#7750 = CARTESIAN_POINT ( 'NONE',  ( 1.569999999999999840, 1.204553182355148522, 2.124999999999998224 ) ) ;
#7751 = MECHANICAL_DESIGN_GEOMETRIC_PRESENTATION_REPRESENTATION (  '', ( #4471 ), #3605 ) ;
#7752 = SURFACE_STYLE_FILL_AREA ( #1772 ) ;
#7753 = UNCERTAINTY_MEASURE_WITH_UNIT (LENGTH_MEASURE( 1.000000000000000082E-05 ), #8632, 'distance_accuracy_value', 'NONE');
#7754 = VERTEX_POINT ( 'NONE', #6748 ) ;
#7755 = ORIENTED_EDGE ( 'NONE', *, *, #6063, .T. ) ;
#7756 = ORIENTED_EDGE ( 'NONE', *, *, #3355, .T. ) ;
#7757 = VECTOR ( 'NONE', #1869, 999.9999999999998863 ) ;
#7758 = LINE ( 'NONE', #2202, #4148 ) ;
#7759 = DIRECTION ( 'NONE',  ( 0.6986562021654442178, 0.7154575537205249969, 0.000000000000000000 ) ) ;
#7760 = LINE ( 'NONE', #5265, #1527 ) ;
#7761 = ORIENTED_EDGE ( 'NONE', *, *, #353, .F. ) ;
#7762 = CARTESIAN_POINT ( 'NONE',  ( -1.886902865494877402, 2.866194269010244877, 2.875000000000000000 ) ) ;
#7763 = DIRECTION ( 'NONE',  ( -1.000000000000000000, 0.000000000000000000, -0.000000000000000000 ) ) ;
#7764 = DIRECTION ( 'NONE',  ( -0.3431929529235374643, -0.9392649237907390036, 0.000000000000000000 ) ) ;
#7765 = EDGE_CURVE ( 'NONE', #4646, #9960, #2752, .T. ) ;
#7766 = AXIS2_PLACEMENT_3D ( 'NONE', #2788, #5145, #895 ) ;
#7767 = AXIS2_PLACEMENT_3D ( 'NONE', #2097, #7049, #5491 ) ;
#7768 = CARTESIAN_POINT ( 'NONE',  ( 2.487054222567732342, -0.1491866968127367743, 2.875000000000000000 ) ) ;
#7769 = ORIENTED_EDGE ( 'NONE', *, *, #4293, .T. ) ;
#7770 = SURFACE_SIDE_STYLE ('',( #4472 ) ) ;
#7771 = ORIENTED_EDGE ( 'NONE', *, *, #4523, .F. ) ;
#7772 = SURFACE_SIDE_STYLE ('',( #9582 ) ) ;
#7773 = PRESENTATION_LAYER_ASSIGNMENT (  '', '', ( #8281 ) ) ;
#7774 = EDGE_CURVE ( 'NONE', #7061, #8870, #5212, .T. ) ;
#7775 = CARTESIAN_POINT ( 'NONE',  ( 1.942879839851682888, -1.088037005454712158, 2.774999999999999911 ) ) ;
#7776 = DIRECTION ( 'NONE',  ( -0.000000000000000000, -0.000000000000000000, 1.000000000000000000 ) ) ;
#7777 = ORIENTED_EDGE ( 'NONE', *, *, #9085, .F. ) ;
#7778 = SURFACE_STYLE_FILL_AREA ( #4482 ) ;
#7779 = MECHANICAL_DESIGN_GEOMETRIC_PRESENTATION_REPRESENTATION (  '', ( #386 ), #3796 ) ;
#7780 = EDGE_CURVE ( 'NONE', #883, #1946, #4209, .T. ) ;
#7781 = LINE ( 'NONE', #3668, #6612 ) ;
#7782 = ORIENTED_EDGE ( 'NONE', *, *, #2304, .F. ) ;
#7783 = EDGE_CURVE ( 'NONE', #10269, #5970, #5066, .T. ) ;
#7785 = ORIENTED_EDGE ( 'NONE', *, *, #10588, .F. ) ;
#7784 = SURFACE_SIDE_STYLE ('',( #6971 ) ) ;
#7786 = SURFACE_STYLE_FILL_AREA ( #2722 ) ;
#7787 = SURFACE_SIDE_STYLE ('',( #3780 ) ) ;
#7788 = MECHANICAL_DESIGN_GEOMETRIC_PRESENTATION_REPRESENTATION (  '', ( #8135 ), #395 ) ;
#7789 = DIRECTION ( 'NONE',  ( 0.7154575537205248859, -0.6986562021654443289, 0.000000000000000000 ) ) ;
#7790 = LINE ( 'NONE', #7631, #746 ) ;
#7791 = CARTESIAN_POINT ( 'NONE',  ( -1.450000000000001288, 3.299999999999999822, 0.3250000000000000111 ) ) ;
#7792 = EDGE_CURVE ( 'NONE', #9314, #6456, #3499, .T. ) ;
#7793 = PLANE ( 'NONE',  #7984 ) ;
#7794 = ORIENTED_EDGE ( 'NONE', *, *, #4652, .F. ) ;
#7795 = VECTOR ( 'NONE', #10161, 1000.000000000000000 ) ;
#7796 = DIRECTION ( 'NONE',  ( -0.7037948599121378601, -0.7104032623526261858, 0.000000000000000000 ) ) ;
#7797 = CARTESIAN_POINT ( 'NONE',  ( 1.401213173185015926, -0.8438240424917492488, 2.774999999999999911 ) ) ;
#7798 =( LENGTH_UNIT ( ) NAMED_UNIT ( * ) SI_UNIT ( .MILLI., .METRE. ) );
#7799 = ORIENTED_EDGE ( 'NONE', *, *, #2359, .T. ) ;
#7800 = FACE_OUTER_BOUND ( 'NONE', #2516, .T. ) ;
#7801 = DIRECTION ( 'NONE',  ( -0.000000000000000000, -0.000000000000000000, 1.000000000000000000 ) ) ;
#7802 = COLOUR_RGB ( '',0.7529411764705882248, 0.7529411764705882248, 0.7529411764705882248 ) ;
#7803 = FILL_AREA_STYLE ('',( #5308 ) ) ;
#7804 = SURFACE_STYLE_USAGE ( .BOTH. , #8493 ) ;
#7805 = PLANE ( 'NONE',  #5512 ) ;
#7806 = ADVANCED_FACE ( 'NONE', ( #10012 ), #7550, .T. ) ;
#7807 = PLANE ( 'NONE',  #6291 ) ;
#7808 = EDGE_LOOP ( 'NONE', ( #8024, #7957, #2012, #8554 ) ) ;
#7809 = ORIENTED_EDGE ( 'NONE', *, *, #2581, .F. ) ;
#7810 = VERTEX_POINT ( 'NONE', #448 ) ;
#7811 = VECTOR ( 'NONE', #1006, 1000.000000000000000 ) ;
#7812 = CARTESIAN_POINT ( 'NONE',  ( 0.3340835435553862198, -0.7481450301460700336, 2.774999999999999911 ) ) ;
#7813 = CARTESIAN_POINT ( 'NONE',  ( -0.2004457774322679076, -0.9802052153312552640, 2.875000000000000000 ) ) ;
#7814 = CARTESIAN_POINT ( 'NONE',  ( 1.462941568246744595, -0.7869181782942182846, 2.875000000000000000 ) ) ;
#7815 = ORIENTED_EDGE ( 'NONE', *, *, #2161, .T. ) ;
#7816 = DIRECTION ( 'NONE',  ( -0.1633393937002454166, -0.9865699379494776711, 0.000000000000000000 ) ) ;
#7817 = EDGE_CURVE ( 'NONE', #2823, #10158, #3874, .T. ) ;
#7818 = CARTESIAN_POINT ( 'NONE',  ( -1.608817691012514928, -1.088037005454712158, 2.875000000000000000 ) ) ;
#7819 = AXIS2_PLACEMENT_3D ( 'NONE', #9007, #1642, #4903 ) ;
#7820 = PLANE ( 'NONE',  #4691 ) ;
#7821 = ORIENTED_EDGE ( 'NONE', *, *, #9144, .T. ) ;
#7822 = SURFACE_SIDE_STYLE ('',( #4521 ) ) ;
#7823 = ORIENTED_EDGE ( 'NONE', *, *, #319, .F. ) ;
#7824 = VECTOR ( 'NONE', #9040, 1000.000000000000000 ) ;
#7825 = PRESENTATION_STYLE_ASSIGNMENT (( #2112 ) ) ;
#7826 = PRESENTATION_STYLE_ASSIGNMENT (( #7072 ) ) ;
#7827 = DIRECTION ( 'NONE',  ( -0.9980525784828887526, 0.06237828615517803516, 0.000000000000000000 ) ) ;
#7828 = ORIENTED_EDGE ( 'NONE', *, *, #3097, .T. ) ;
#7829 = VECTOR ( 'NONE', #3748, 1000.000000000000000 ) ;
#7830 = ADVANCED_FACE ( 'NONE', ( #7873 ), #2211, .F. ) ;
#7831 = CARTESIAN_POINT ( 'NONE',  ( 2.096429222567731898, -1.056979906689279991, 2.774999999999999911 ) ) ;
#7832 = EDGE_LOOP ( 'NONE', ( #5153, #10432, #7709, #10375 ) ) ;
#7833 = COLOUR_RGB ( '',0.7529411764705882248, 0.7529411764705882248, 0.7529411764705882248 ) ;
#7834 = ADVANCED_FACE ( 'NONE', ( #9520 ), #10168, .T. ) ;
#7836 = ORIENTED_EDGE ( 'NONE', *, *, #997, .F. ) ;
#7835 = SURFACE_SIDE_STYLE ('',( #4581 ) ) ;
#7837 = LINE ( 'NONE', #3521, #8550 ) ;
#7838 = LINE ( 'NONE', #1961, #886 ) ;
#7839 = AXIS2_PLACEMENT_3D ( 'NONE', #7482, #4242, #6723 ) ;
#7840 = SURFACE_STYLE_USAGE ( .BOTH. , #6385 ) ;
#7841 = CARTESIAN_POINT ( 'NONE',  ( -3.699999999999999734, -3.500000000000000000, 2.875000000000000000 ) ) ;
#7842 =( NAMED_UNIT ( * ) PLANE_ANGLE_UNIT ( ) SI_UNIT ( $, .RADIAN. ) );
#7843 = UNCERTAINTY_MEASURE_WITH_UNIT (LENGTH_MEASURE( 1.000000000000000082E-05 ), #5416, 'distance_accuracy_value', 'NONE');
#7844 =( NAMED_UNIT ( * ) SI_UNIT ( $, .STERADIAN. ) SOLID_ANGLE_UNIT ( ) );
#7845 = ORIENTED_EDGE ( 'NONE', *, *, #5427, .T. ) ;
#7846 = FILL_AREA_STYLE_COLOUR ( '', #3960 ) ;
#7847 =( GEOMETRIC_REPRESENTATION_CONTEXT ( 3 ) GLOBAL_UNCERTAINTY_ASSIGNED_CONTEXT ( ( #1296 ) ) GLOBAL_UNIT_ASSIGNED_CONTEXT ( ( #5535, #2946, #7155 ) ) REPRESENTATION_CONTEXT ( 'NONE', 'WORKASPACE' ) );
#7848 =( GEOMETRIC_REPRESENTATION_CONTEXT ( 3 ) GLOBAL_UNCERTAINTY_ASSIGNED_CONTEXT ( ( #7224 ) ) GLOBAL_UNIT_ASSIGNED_CONTEXT ( ( #2761, #7477, #2866 ) ) REPRESENTATION_CONTEXT ( 'NONE', 'WORKASPACE' ) );
#7849 = DIRECTION ( 'NONE',  ( -0.9865699379494776711, 0.1633393937002454444, 0.000000000000000000 ) ) ;
#7850 = EDGE_CURVE ( 'NONE', #7564, #7209, #9358, .T. ) ;
#7851 = ORIENTED_EDGE ( 'NONE', *, *, #3947, .F. ) ;
#7852 = STYLED_ITEM ( 'NONE', ( #7710 ), #2115 ) ;
#7853 = DIRECTION ( 'NONE',  ( -1.000000000000000000, 0.000000000000000000, -0.000000000000000000 ) ) ;
#7854 = UNCERTAINTY_MEASURE_WITH_UNIT (LENGTH_MEASURE( 1.000000000000000082E-05 ), #1261, 'distance_accuracy_value', 'NONE');
#7855 = ORIENTED_EDGE ( 'NONE', *, *, #6843, .T. ) ;
#7856 = SURFACE_STYLE_FILL_AREA ( #2891 ) ;
#7857 = DIRECTION ( 'NONE',  ( 0.000000000000000000, -0.000000000000000000, 1.000000000000000000 ) ) ;
#7858 = UNCERTAINTY_MEASURE_WITH_UNIT (LENGTH_MEASURE( 1.000000000000000082E-05 ), #247, 'distance_accuracy_value', 'NONE');
#7859 = DIRECTION ( 'NONE',  ( 1.000000000000000000, 0.000000000000000000, 0.000000000000000000 ) ) ;
#7860 = DIRECTION ( 'NONE',  ( 0.2746938288272762207, 0.9615317469559759855, 0.000000000000000000 ) ) ;
#7861 = VERTEX_POINT ( 'NONE', #7768 ) ;
#7862 = ORIENTED_EDGE ( 'NONE', *, *, #1258, .T. ) ;
#7863 = ORIENTED_EDGE ( 'NONE', *, *, #6539, .F. ) ;
#7864 = LINE ( 'NONE', #9568, #9298 ) ;
#7865 = SURFACE_STYLE_USAGE ( .BOTH. , #4423 ) ;
#7866 = CARTESIAN_POINT ( 'NONE',  ( -0.4930200591917125452, -2.601766864349279285, -2.875000000000000000 ) ) ;
#7867 = DIRECTION ( 'NONE',  ( 0.000000000000000000, 1.000000000000000000, 0.000000000000000000 ) ) ;
#7868 = VERTEX_POINT ( 'NONE', #8659 ) ;
#7869 = CARTESIAN_POINT ( 'NONE',  ( 2.687092802814645687, -0.1277746597756997671, 2.875000000000000000 ) ) ;
#7870 = UNCERTAINTY_MEASURE_WITH_UNIT (LENGTH_MEASURE( 1.000000000000000082E-05 ), #1516, 'distance_accuracy_value', 'NONE');
#7871 =( NAMED_UNIT ( * ) PLANE_ANGLE_UNIT ( ) SI_UNIT ( $, .RADIAN. ) );
#7872 = CARTESIAN_POINT ( 'NONE',  ( 0.3340835435553862198, -0.7481450301460700336, 2.774999999999999911 ) ) ;
#7873 = FACE_OUTER_BOUND ( 'NONE', #5202, .T. ) ;
#7874 = ORIENTED_EDGE ( 'NONE', *, *, #4787, .T. ) ;
#7875 = VECTOR ( 'NONE', #7438, 1000.000000000000000 ) ;
#7876 = DIRECTION ( 'NONE',  ( -0.000000000000000000, 0.000000000000000000, 1.000000000000000000 ) ) ;
#7877 = ORIENTED_EDGE ( 'NONE', *, *, #4066, .F. ) ;
#7878 = CARTESIAN_POINT ( 'NONE',  ( 1.046467802814645687, -0.1900817585411318511, 2.875000000000000000 ) ) ;
#7879 = CARTESIAN_POINT ( 'NONE',  ( -3.699999999999999734, -3.500000000000000000, 2.875000000000000000 ) ) ;
#7880 = AXIS2_PLACEMENT_3D ( 'NONE', #7572, #3466, #6764 ) ;
#7881 = LINE ( 'NONE', #4630, #4601 ) ;
#7882 = DIRECTION ( 'NONE',  ( 1.000000000000000000, 0.000000000000000000, 0.000000000000000000 ) ) ;
#7883 = SURFACE_STYLE_FILL_AREA ( #4238 ) ;
#7884 = CARTESIAN_POINT ( 'NONE',  ( 1.569999999999999840, 3.100000000000000533, -0.000000000000000000 ) ) ;
#7885 = ORIENTED_EDGE ( 'NONE', *, *, #8805, .F. ) ;
#7886 = SURFACE_STYLE_FILL_AREA ( #10455 ) ;
#7887 = VERTEX_POINT ( 'NONE', #1993 ) ;
#7888 = EDGE_LOOP ( 'NONE', ( #6203, #4556, #380, #5015 ) ) ;
#7889 = EDGE_CURVE ( 'NONE', #7868, #10047, #3810, .T. ) ;
#7890 =( GEOMETRIC_REPRESENTATION_CONTEXT ( 3 ) GLOBAL_UNCERTAINTY_ASSIGNED_CONTEXT ( ( #1064 ) ) GLOBAL_UNIT_ASSIGNED_CONTEXT ( ( #5236, #5954, #304 ) ) REPRESENTATION_CONTEXT ( 'NONE', 'WORKASPACE' ) );
#7891 = ORIENTED_EDGE ( 'NONE', *, *, #5924, .F. ) ;
#7892 = CARTESIAN_POINT ( 'NONE',  ( -2.051526024345848409, -0.5945956474300208017, 2.875000000000000000 ) ) ;
#7893 = LINE ( 'NONE', #6054, #1881 ) ;
#7894 = EDGE_CURVE ( 'NONE', #2658, #3331, #3760, .T. ) ;
#7895 = PRESENTATION_STYLE_ASSIGNMENT (( #10292 ) ) ;
#7896 = CARTESIAN_POINT ( 'NONE',  ( -2.072938061382885611, -1.106362622738662704, 2.774999999999999911 ) ) ;
#7897 = CARTESIAN_POINT ( 'NONE',  ( -1.513138678666836157, -1.127774659775699684, 2.875000000000000000 ) ) ;
#7898 = CARTESIAN_POINT ( 'NONE',  ( -1.737097012000169416, -1.046370338788045418, 2.774999999999999911 ) ) ;
#7899 = VERTEX_POINT ( 'NONE', #1200 ) ;
#7900 = STYLED_ITEM ( 'NONE', ( #10450 ), #343 ) ;
#7901 = FILL_AREA_STYLE ('',( #5471 ) ) ;
#7902 = ORIENTED_EDGE ( 'NONE', *, *, #3485, .F. ) ;
#7903 = PRESENTATION_STYLE_ASSIGNMENT (( #10508 ) ) ;
#7904 = PRESENTATION_LAYER_ASSIGNMENT (  '', '', ( #5838 ) ) ;
#7905 = CARTESIAN_POINT ( 'NONE',  ( 1.549554222567732342, -0.2209459560719960469, 2.774999999999999911 ) ) ;
#7906 = STYLED_ITEM ( 'NONE', ( #8301 ), #465 ) ;
#7907 = SURFACE_SIDE_STYLE ('',( #536 ) ) ;
#7908 = FILL_AREA_STYLE ('',( #7748 ) ) ;
#7909 = EDGE_LOOP ( 'NONE', ( #391, #2022, #3099, #4914 ) ) ;
#7910 = SURFACE_STYLE_FILL_AREA ( #9610 ) ;
#7911 = SURFACE_SIDE_STYLE ('',( #9444 ) ) ;
#7912 = ADVANCED_FACE ( 'NONE', ( #3656 ), #7820, .T. ) ;
#7913 = CARTESIAN_POINT ( 'NONE',  ( 1.002872123802300175, -0.2768873140966874313, 2.875000000000000000 ) ) ;
#7914 = CARTESIAN_POINT ( 'NONE',  ( -2.072938061382885611, -1.106362622738662704, 2.774999999999999911 ) ) ;
#7915 = VECTOR ( 'NONE', #3759, 1000.000000000000114 ) ;
#7916 = VECTOR ( 'NONE', #2344, 1000.000000000000000 ) ;
#7917 = DIRECTION ( 'NONE',  ( 0.000000000000000000, -1.000000000000000000, 0.000000000000000000 ) ) ;
#7918 = ORIENTED_EDGE ( 'NONE', *, *, #6122, .F. ) ;
#7919 = ORIENTED_EDGE ( 'NONE', *, *, #2687, .T. ) ;
#7920 = ORIENTED_EDGE ( 'NONE', *, *, #7306, .T. ) ;
#7921 = DIRECTION ( 'NONE',  ( 1.000000000000000000, 0.000000000000000000, 0.000000000000000000 ) ) ;
#7922 =( NAMED_UNIT ( * ) SI_UNIT ( $, .STERADIAN. ) SOLID_ANGLE_UNIT ( ) );
#7923 = AXIS2_PLACEMENT_3D ( 'NONE', #6405, #3974, #1393 ) ;
#7924 = ORIENTED_EDGE ( 'NONE', *, *, #9943, .F. ) ;
#7925 = CARTESIAN_POINT ( 'NONE',  ( -2.185013678666835713, -1.056787005454712158, 2.774999999999999911 ) ) ;
#7926 = DIRECTION ( 'NONE',  ( -0.9602954812008606122, -0.2789849257311359798, 0.000000000000000000 ) ) ;
#7927 = DIRECTION ( 'NONE',  ( 0.4434035078469876212, -0.8963221124288893726, 0.000000000000000000 ) ) ;
#7928 = ORIENTED_EDGE ( 'NONE', *, *, #613, .T. ) ;
#7929 = AXIS2_PLACEMENT_3D ( 'NONE', #1816, #1068, #308 ) ;
#7930 =( NAMED_UNIT ( * ) PLANE_ANGLE_UNIT ( ) SI_UNIT ( $, .RADIAN. ) );
#7931 = ORIENTED_EDGE ( 'NONE', *, *, #3164, .F. ) ;
#7932 = FACE_OUTER_BOUND ( 'NONE', #8713, .T. ) ;
#7933 =( LENGTH_UNIT ( ) NAMED_UNIT ( * ) SI_UNIT ( .MILLI., .METRE. ) );
#7934 = PLANE ( 'NONE',  #9209 ) ;
#7935 = SURFACE_STYLE_FILL_AREA ( #6907 ) ;
#7936 =( GEOMETRIC_REPRESENTATION_CONTEXT ( 3 ) GLOBAL_UNCERTAINTY_ASSIGNED_CONTEXT ( ( #8400 ) ) GLOBAL_UNIT_ASSIGNED_CONTEXT ( ( #6182, #370, #4072 ) ) REPRESENTATION_CONTEXT ( 'NONE', 'WORKASPACE' ) );
#7937 =( GEOMETRIC_REPRESENTATION_CONTEXT ( 3 ) GLOBAL_UNCERTAINTY_ASSIGNED_CONTEXT ( ( #537 ) ) GLOBAL_UNIT_ASSIGNED_CONTEXT ( ( #5277, #5446, #4570 ) ) REPRESENTATION_CONTEXT ( 'NONE', 'WORKASPACE' ) );
#7938 = SURFACE_STYLE_FILL_AREA ( #3883 ) ;
#7939 =( LENGTH_UNIT ( ) NAMED_UNIT ( * ) SI_UNIT ( .MILLI., .METRE. ) );
#7940 = EDGE_CURVE ( 'NONE', #9467, #1044, #5765, .T. ) ;
#7941 = DIRECTION ( 'NONE',  ( -0.000000000000000000, 0.000000000000000000, 1.000000000000000000 ) ) ;
#7942 = VERTEX_POINT ( 'NONE', #8085 ) ;
#7943 = CARTESIAN_POINT ( 'NONE',  ( -2.949999999999999734, 1.578285606387554107, 1.430978720524678005 ) ) ;
#7944 = ORIENTED_EDGE ( 'NONE', *, *, #1187, .T. ) ;
#7945 = ORIENTED_EDGE ( 'NONE', *, *, #2706, .T. ) ;
#7946 = VECTOR ( 'NONE', #4490, 1000.000000000000000 ) ;
#7947 = ORIENTED_EDGE ( 'NONE', *, *, #6690, .T. ) ;
#7948 = CARTESIAN_POINT ( 'NONE',  ( 1.770000000000001128, 0.000000000000000000, 0.4049999999999998601 ) ) ;
#7949 = CARTESIAN_POINT ( 'NONE',  ( 1.770000000000001128, -4.372696098971633027, 0.7621572875253808110 ) ) ;
#7950 = FILL_AREA_STYLE ('',( #8684 ) ) ;
#7951 = PRESENTATION_LAYER_ASSIGNMENT (  '', '', ( #4663 ) ) ;
#7952 = DIRECTION ( 'NONE',  ( -0.000000000000000000, -0.000000000000000000, 1.000000000000000000 ) ) ;
#7953 = DIRECTION ( 'NONE',  ( 0.9615317469559759855, -0.2746938288272762207, 0.000000000000000000 ) ) ;
#7954 = EDGE_LOOP ( 'NONE', ( #6783, #2743, #9089, #2795 ) ) ;
#7955 = CARTESIAN_POINT ( 'NONE',  ( -1.886902865494877402, 3.500000000000000000, -2.875999999999999890 ) ) ;
#7956 =( NAMED_UNIT ( * ) PLANE_ANGLE_UNIT ( ) SI_UNIT ( $, .RADIAN. ) );
#7957 = ORIENTED_EDGE ( 'NONE', *, *, #334, .F. ) ;
#7958 =( GEOMETRIC_REPRESENTATION_CONTEXT ( 3 ) GLOBAL_UNCERTAINTY_ASSIGNED_CONTEXT ( ( #3541 ) ) GLOBAL_UNIT_ASSIGNED_CONTEXT ( ( #4913, #6653, #5737 ) ) REPRESENTATION_CONTEXT ( 'NONE', 'WORKASPACE' ) );
#7959 = PLANE ( 'NONE',  #9661 ) ;
#7960 = DIRECTION ( 'NONE',  ( 0.000000000000000000, 1.000000000000000000, 0.000000000000000000 ) ) ;
#7961 = DIRECTION ( 'NONE',  ( 1.000000000000000000, 0.000000000000000000, 0.000000000000000000 ) ) ;
#7962 = EDGE_CURVE ( 'NONE', #8201, #5333, #3077, .T. ) ;
#7963 = UNCERTAINTY_MEASURE_WITH_UNIT (LENGTH_MEASURE( 1.000000000000000082E-05 ), #8933, 'distance_accuracy_value', 'NONE');
#7964 = VERTEX_POINT ( 'NONE', #8825 ) ;
#7965 = CARTESIAN_POINT ( 'NONE',  ( -1.233238987308811208, -0.1277746597756997671, 2.774999999999999911 ) ) ;
#7966 = PLANE ( 'NONE',  #8702 ) ;
#7967 = UNCERTAINTY_MEASURE_WITH_UNIT (LENGTH_MEASURE( 1.000000000000000082E-05 ), #1162, 'distance_accuracy_value', 'NONE');
#7968 = CARTESIAN_POINT ( 'NONE',  ( 0.1739755188640284000, -0.9267715733559466207, 2.774999999999999911 ) ) ;
#7969 = STYLED_ITEM ( 'NONE', ( #8098 ), #7697 ) ;
#7970 = CARTESIAN_POINT ( 'NONE',  ( 1.570000000000001172, -4.289853386497013865, 0.2050000000000000155 ) ) ;
#7971 = ORIENTED_EDGE ( 'NONE', *, *, #877, .F. ) ;
#7972 = ORIENTED_EDGE ( 'NONE', *, *, #2545, .T. ) ;
#7973 = ORIENTED_EDGE ( 'NONE', *, *, #7607, .F. ) ;
#7974 = EDGE_CURVE ( 'NONE', #5845, #1900, #3926, .T. ) ;
#7975 = CARTESIAN_POINT ( 'NONE',  ( -4.110294117647060652, -2.466176470588238079, 0.000000000000000000 ) ) ;
#7976 = EDGE_CURVE ( 'NONE', #806, #9631, #10606, .T. ) ;
#7977 = DIRECTION ( 'NONE',  ( -0.000000000000000000, -0.000000000000000000, 1.000000000000000000 ) ) ;
#7978 = MECHANICAL_DESIGN_GEOMETRIC_PRESENTATION_REPRESENTATION (  '', ( #3317 ), #2809 ) ;
#7979 = ORIENTED_EDGE ( 'NONE', *, *, #276, .T. ) ;
#7980 = DIRECTION ( 'NONE',  ( -0.7021448105364893610, -0.7120341740651761064, 0.000000000000000000 ) ) ;
#7981 = UNCERTAINTY_MEASURE_WITH_UNIT (LENGTH_MEASURE( 1.000000000000000082E-05 ), #5701, 'distance_accuracy_value', 'NONE');
#7982 = EDGE_CURVE ( 'NONE', #5627, #2451, #4887, .T. ) ;
#7983 = ORIENTED_EDGE ( 'NONE', *, *, #9526, .T. ) ;
#7984 = AXIS2_PLACEMENT_3D ( 'NONE', #5958, #4394, #7690 ) ;
#7985 = VERTEX_POINT ( 'NONE', #2378 ) ;
#7986 = EDGE_CURVE ( 'NONE', #6160, #716, #1456, .T. ) ;
#7987 =( LENGTH_UNIT ( ) NAMED_UNIT ( * ) SI_UNIT ( .MILLI., .METRE. ) );
#7988 = DIRECTION ( 'NONE',  ( 0.000000000000000000, -0.000000000000000000, -1.000000000000000000 ) ) ;
#7989 = DIRECTION ( 'NONE',  ( -0.4451371602546612127, -0.8954623993001693538, 0.000000000000000000 ) ) ;
#7990 = EDGE_CURVE ( 'NONE', #8122, #4414, #8139, .T. ) ;
#7991 = VECTOR ( 'NONE', #687, 1000.000000000000000 ) ;
#7992 = CARTESIAN_POINT ( 'NONE',  ( -1.838563061382885389, -0.1493795980473046625, 2.774999999999999911 ) ) ;
#7993 = SURFACE_STYLE_FILL_AREA ( #4631 ) ;
#7994 = PLANE ( 'NONE',  #865 ) ;
#7995 = SURFACE_STYLE_FILL_AREA ( #8727 ) ;
#7996 = ORIENTED_EDGE ( 'NONE', *, *, #7485, .T. ) ;
#7997 = CARTESIAN_POINT ( 'NONE',  ( 1.886902865494877402, 1.521456047850031412, 2.125000000000000000 ) ) ;
#7998 = VERTEX_POINT ( 'NONE', #2271 ) ;
#7999 = VECTOR ( 'NONE', #7662, 1000.000000000000000 ) ;
#8000 = AXIS2_PLACEMENT_3D ( 'NONE', #4738, #3328, #5821 ) ;
#8001 = VECTOR ( 'NONE', #106, 1000.000000000000000 ) ;
#8003 = ORIENTED_EDGE ( 'NONE', *, *, #7701, .F. ) ;
#8002 = PLANE ( 'NONE',  #3880 ) ;
#8004 = CARTESIAN_POINT ( 'NONE',  ( 1.177254839851682888, -0.1277746597756997671, 2.774999999999999911 ) ) ;
#8005 = CARTESIAN_POINT ( 'NONE',  ( -0.9300000000000011591, -7.605096679918781355, 0.8450000000000000844 ) ) ;
#8006 = AXIS2_PLACEMENT_3D ( 'NONE', #2365, #654, #4028 ) ;
#8007 =( NAMED_UNIT ( * ) PLANE_ANGLE_UNIT ( ) SI_UNIT ( $, .RADIAN. ) );
#8008 = VERTEX_POINT ( 'NONE', #4089 ) ;
#8009 = LINE ( 'NONE', #638, #1052 ) ;
#8010 = LINE ( 'NONE', #3901, #3663 ) ;
#8011 = EDGE_LOOP ( 'NONE', ( #1801, #10163, #5995, #2845 ) ) ;
#8012 = PRESENTATION_LAYER_ASSIGNMENT (  '', '', ( #8679 ) ) ;
#8013 =( GEOMETRIC_REPRESENTATION_CONTEXT ( 3 ) GLOBAL_UNCERTAINTY_ASSIGNED_CONTEXT ( ( #3839 ) ) GLOBAL_UNIT_ASSIGNED_CONTEXT ( ( #1029, #223, #4252 ) ) REPRESENTATION_CONTEXT ( 'NONE', 'WORKASPACE' ) );
#8014 = DIRECTION ( 'NONE',  ( 0.000000000000000000, 0.000000000000000000, 1.000000000000000000 ) ) ;
#8015 = CARTESIAN_POINT ( 'NONE',  ( 1.569999999999999840, 3.183097134505116887, -2.875999999999999890 ) ) ;
#8016 = CARTESIAN_POINT ( 'NONE',  ( 0.6049168768887196457, -0.1491866968127367743, 2.774999999999999911 ) ) ;
#8017 = ORIENTED_EDGE ( 'NONE', *, *, #1984, .T. ) ;
#8018 = CARTESIAN_POINT ( 'NONE',  ( -1.687157287525381966, -5.622383267283203701, 0.8450000000000000844 ) ) ;
#8019 = VECTOR ( 'NONE', #5854, 1000.000000000000000 ) ;
#8020 = FILL_AREA_STYLE ('',( #9447 ) ) ;
#8021 = LINE ( 'NONE', #6460, #10165 ) ;
#8022 = VECTOR ( 'NONE', #1526, 1000.000000000000000 ) ;
#8023 = CARTESIAN_POINT ( 'NONE',  ( -1.570000000000001172, -4.289853386497014753, 0.2049999999999999878 ) ) ;
#8024 = ORIENTED_EDGE ( 'NONE', *, *, #4349, .F. ) ;
#8025 = ORIENTED_EDGE ( 'NONE', *, *, #3427, .T. ) ;
#8026 = ORIENTED_EDGE ( 'NONE', *, *, #2848, .T. ) ;
#8027 = COLOUR_RGB ( '',0.7529411764705882248, 0.7529411764705882248, 0.7529411764705882248 ) ;
#8028 = DIRECTION ( 'NONE',  ( 0.000000000000000000, -0.5144957554275262357, -0.8574929257125443183 ) ) ;
#8029 = EDGE_CURVE ( 'NONE', #8912, #10555, #1020, .T. ) ;
#8030 = CARTESIAN_POINT ( 'NONE',  ( 0.8608968151603245689, -1.022836388170761390, 2.774999999999999911 ) ) ;
#8031 = EDGE_CURVE ( 'NONE', #9928, #1044, #3278, .T. ) ;
#8032 = EDGE_LOOP ( 'NONE', ( #4429, #5201, #5152, #8038 ) ) ;
#8033 = EDGE_CURVE ( 'NONE', #4904, #4763, #5742, .T. ) ;
#8034 = VECTOR ( 'NONE', #7180, 1000.000000000000000 ) ;
#8035 =( NAMED_UNIT ( * ) SI_UNIT ( $, .STERADIAN. ) SOLID_ANGLE_UNIT ( ) );
#8036 = ADVANCED_FACE ( 'NONE', ( #2487 ), #4781, .T. ) ;
#8037 = SURFACE_SIDE_STYLE ('',( #1510 ) ) ;
#8038 = ORIENTED_EDGE ( 'NONE', *, *, #2424, .T. ) ;
#8039 = ORIENTED_EDGE ( 'NONE', *, *, #8999, .T. ) ;
#8040 = DIRECTION ( 'NONE',  ( -0.4574957109978133873, 0.7624928516630234965, -0.4574957109978142200 ) ) ;
#8041 = EDGE_CURVE ( 'NONE', #5845, #3200, #4495, .T. ) ;
#8042 = DIRECTION ( 'NONE',  ( 0.000000000000000000, -0.000000000000000000, -1.000000000000000000 ) ) ;
#8043 = SURFACE_STYLE_FILL_AREA ( #8834 ) ;
#8044 = DIRECTION ( 'NONE',  ( 0.4600408413544743169, 0.8878977555360005880, 0.000000000000000000 ) ) ;
#8045 = CARTESIAN_POINT ( 'NONE',  ( 1.770000000000000684, -5.539540554808586315, 0.7621572875253813661 ) ) ;
#8046 = SURFACE_SIDE_STYLE ('',( #10502 ) ) ;
#8047 = SURFACE_STYLE_USAGE ( .BOTH. , #2971 ) ;
#8048 = COLOUR_RGB ( '',0.7529411764705882248, 0.7529411764705882248, 0.7529411764705882248 ) ;
#8049 =( BOUNDED_CURVE ( )  B_SPLINE_CURVE ( 3, ( #7315, #8018, #3313, #3967 ),
 .UNSPECIFIED., .F., .T. ) 
 B_SPLINE_CURVE_WITH_KNOTS ( ( 4, 4 ),
 ( 3.141592653589793116, 4.712388980384689674 ),
 .UNSPECIFIED. ) 
 CURVE ( )  GEOMETRIC_REPRESENTATION_ITEM ( )  RATIONAL_B_SPLINE_CURVE ( ( 1.000000000000000000, 0.8047378541243649375, 0.8047378541243649375, 1.000000000000000000 ) ) 
 REPRESENTATION_ITEM ( '' )  );
#8050 = DIRECTION ( 'NONE',  ( -1.000000000000000000, 0.000000000000000000, 0.000000000000000000 ) ) ;
#8051 = ORIENTED_EDGE ( 'NONE', *, *, #1573, .T. ) ;
#8052 = ORIENTED_EDGE ( 'NONE', *, *, #5566, .T. ) ;
#8053 = EDGE_CURVE ( 'NONE', #7341, #5034, #1915, .T. ) ;
#8055 = ORIENTED_EDGE ( 'NONE', *, *, #4604, .T. ) ;
#8054 = LINE ( 'NONE', #7410, #9746 ) ;
#8056 = CARTESIAN_POINT ( 'NONE',  ( 0.1433042225677319537, -1.079742252368292244, 2.875000000000000000 ) ) ;
#8057 = FILL_AREA_STYLE_COLOUR ( '', #3571 ) ;
#8058 = CARTESIAN_POINT ( 'NONE',  ( 0.8120928028146459088, -1.034603363479403626, 2.774999999999999911 ) ) ;
#8059 = FACE_OUTER_BOUND ( 'NONE', #7954, .T. ) ;
#8060 = ORIENTED_EDGE ( 'NONE', *, *, #4801, .T. ) ;
#8061 = DIRECTION ( 'NONE',  ( -0.8947757593455069047, 0.4465157785427872339, 0.000000000000000000 ) ) ;
#8062 = ORIENTED_EDGE ( 'NONE', *, *, #7982, .F. ) ;
#8063 = SURFACE_STYLE_USAGE ( .BOTH. , #5475 ) ;
#8064 = DIRECTION ( 'NONE',  ( 0.7037948599121398585, 0.7104032623526242984, 0.000000000000000000 ) ) ;
#8065 = UNCERTAINTY_MEASURE_WITH_UNIT (LENGTH_MEASURE( 1.000000000000000082E-05 ), #10032, 'distance_accuracy_value', 'NONE');
#8066 = AXIS2_PLACEMENT_3D ( 'NONE', #7115, #4118, #3072 ) ;
#8067 = ORIENTED_EDGE ( 'NONE', *, *, #8297, .T. ) ;
#8068 =( GEOMETRIC_REPRESENTATION_CONTEXT ( 3 ) GLOBAL_UNCERTAINTY_ASSIGNED_CONTEXT ( ( #2666 ) ) GLOBAL_UNIT_ASSIGNED_CONTEXT ( ( #7616, #188, #6909 ) ) REPRESENTATION_CONTEXT ( 'NONE', 'WORKASPACE' ) );
#8069 = LINE ( 'NONE', #1548, #1823 ) ;
#8070 = LINE ( 'NONE', #4075, #2153 ) ;
#8071 = CARTESIAN_POINT ( 'NONE',  ( -0.9300000000000011591, -2.250000000000000000, 0.000000000000000000 ) ) ;
#8072 = SURFACE_STYLE_USAGE ( .BOTH. , #3856 ) ;
#8073 = EDGE_CURVE ( 'NONE', #5004, #7061, #1177, .T. ) ;
#8074 = FILL_AREA_STYLE ('',( #9731 ) ) ;
#8075 = ORIENTED_EDGE ( 'NONE', *, *, #142, .T. ) ;
#8076 = ORIENTED_EDGE ( 'NONE', *, *, #10243, .T. ) ;
#8077 = CARTESIAN_POINT ( 'NONE',  ( 2.164957836983784745, -2.601766864349279285, -2.875000000000000000 ) ) ;
#8078 = CARTESIAN_POINT ( 'NONE',  ( -0.1431541107656014999, -0.9879212647139713477, 2.774999999999999911 ) ) ;
#8079 = SURFACE_SIDE_STYLE ('',( #2478 ) ) ;
#8080 = ORIENTED_EDGE ( 'NONE', *, *, #8732, .T. ) ;
#8081 = DIRECTION ( 'NONE',  ( 0.5144957554275259026, 0.8574929257125445403, 0.000000000000000000 ) ) ;
#8082 = UNCERTAINTY_MEASURE_WITH_UNIT (LENGTH_MEASURE( 1.000000000000000082E-05 ), #2529, 'distance_accuracy_value', 'NONE');
#8083 = STYLED_ITEM ( 'NONE', ( #7591 ), #3723 ) ;
#8084 =( GEOMETRIC_REPRESENTATION_CONTEXT ( 3 ) GLOBAL_UNCERTAINTY_ASSIGNED_CONTEXT ( ( #3111 ) ) GLOBAL_UNIT_ASSIGNED_CONTEXT ( ( #7682, #1480, #1589 ) ) REPRESENTATION_CONTEXT ( 'NONE', 'WORKASPACE' ) );
#8085 = CARTESIAN_POINT ( 'NONE',  ( 3.349999999999998312, 3.500000000000000000, -2.524999999999999467 ) ) ;
#8086 = ADVANCED_FACE ( 'NONE', ( #1864 ), #7793, .T. ) ;
#8087 = ORIENTED_EDGE ( 'NONE', *, *, #10074, .T. ) ;
#8088 = MECHANICAL_DESIGN_GEOMETRIC_PRESENTATION_REPRESENTATION (  '', ( #9099 ), #6195 ) ;
#8089 =( GEOMETRIC_REPRESENTATION_CONTEXT ( 3 ) GLOBAL_UNCERTAINTY_ASSIGNED_CONTEXT ( ( #6361 ) ) GLOBAL_UNIT_ASSIGNED_CONTEXT ( ( #8263, #7467, #9059 ) ) REPRESENTATION_CONTEXT ( 'NONE', 'WORKASPACE' ) );
#8090 = DIRECTION ( 'NONE',  ( 0.000000000000000000, -1.000000000000000000, 0.000000000000000000 ) ) ;
#8091 = FILL_AREA_STYLE_COLOUR ( '', #1998 ) ;
#8092 = CARTESIAN_POINT ( 'NONE',  ( -1.886902865494877402, 2.866194269010244877, 2.124999999999998224 ) ) ;
#8093 = EDGE_CURVE ( 'NONE', #6845, #2952, #2078, .T. ) ;
#8094 = PRESENTATION_STYLE_ASSIGNMENT (( #7399 ) ) ;
#8095 =( NAMED_UNIT ( * ) SI_UNIT ( $, .STERADIAN. ) SOLID_ANGLE_UNIT ( ) );
#8096 = CARTESIAN_POINT ( 'NONE',  ( 0.9299999999999993827, -7.605096679918781355, 0.8449999999999998623 ) ) ;
#8097 = PRESENTATION_LAYER_ASSIGNMENT (  '', '', ( #6722 ) ) ;
#8098 = PRESENTATION_STYLE_ASSIGNMENT (( #8250 ) ) ;
#8099 = VERTEX_POINT ( 'NONE', #422 ) ;
#8100 = ORIENTED_EDGE ( 'NONE', *, *, #10305, .F. ) ;
#8101 = ADVANCED_FACE ( 'NONE', ( #365 ), #3681, .T. ) ;
#8102 = MECHANICAL_DESIGN_GEOMETRIC_PRESENTATION_REPRESENTATION (  '', ( #2248 ), #7248 ) ;
#8104 = ORIENTED_EDGE ( 'NONE', *, *, #5841, .T. ) ;
#8103 = LINE ( 'NONE', #3892, #10083 ) ;
#8105 = LINE ( 'NONE', #3196, #9430 ) ;
#8106 = SURFACE_STYLE_FILL_AREA ( #1651 ) ;
#8107 = ADVANCED_FACE ( 'NONE', ( #6289 ), #2235, .T. ) ;
#8108 = PRESENTATION_STYLE_ASSIGNMENT (( #4808 ) ) ;
#8109 = PRESENTATION_STYLE_ASSIGNMENT (( #3253 ) ) ;
#8110 = ORIENTED_EDGE ( 'NONE', *, *, #6068, .T. ) ;
#8111 = DIRECTION ( 'NONE',  ( -0.9477202619869510292, -0.3191023425476295916, 0.000000000000000000 ) ) ;
#8112 = MECHANICAL_DESIGN_GEOMETRIC_PRESENTATION_REPRESENTATION (  '', ( #3620 ), #7936 ) ;
#8113 = STYLED_ITEM ( 'NONE', ( #3441 ), #4579 ) ;
#8114 = CARTESIAN_POINT ( 'NONE',  ( 1.661629839851682444, -0.06604626471397138932, 2.774999999999999911 ) ) ;
#8115 = EDGE_LOOP ( 'NONE', ( #4173, #5409, #2525, #5963 ) ) ;
#8116 = EDGE_CURVE ( 'NONE', #2288, #3080, #473, .T. ) ;
#8117 =( LENGTH_UNIT ( ) NAMED_UNIT ( * ) SI_UNIT ( .MILLI., .METRE. ) );
#8118 = CARTESIAN_POINT ( 'NONE',  ( 1.770000000000000684, -4.372696098971632139, 0.2878427124746181232 ) ) ;
#8119 = PLANE ( 'NONE',  #4117 ) ;
#8120 = COLOUR_RGB ( '',0.7529411764705882248, 0.7529411764705882248, 0.7529411764705882248 ) ;
#8121 = VECTOR ( 'NONE', #10540, 1000.000000000000000 ) ;
#8122 = VERTEX_POINT ( 'NONE', #3735 ) ;
#8123 = CARTESIAN_POINT ( 'NONE',  ( -0.1431541107656014999, -0.9879212647139713477, 2.875000000000000000 ) ) ;
#8124 = CARTESIAN_POINT ( 'NONE',  ( 2.949999999999999289, 3.100000000000002309, -2.125000000000000000 ) ) ;
#8125 = ADVANCED_FACE ( 'NONE', ( #585, #7030 ), #6229, .F. ) ;
#8126 = DIRECTION ( 'NONE',  ( 0.4494316341708549656, -0.8933147296482436550, 0.000000000000000000 ) ) ;
#8127 = DIRECTION ( 'NONE',  ( -0.000000000000000000, -0.000000000000000000, 1.000000000000000000 ) ) ;
#8128 = VECTOR ( 'NONE', #6115, 1000.000000000000000 ) ;
#8129 = STYLED_ITEM ( 'NONE', ( #3845 ), #5171 ) ;
#8130 = DIRECTION ( 'NONE',  ( -0.2751797874351115114, -0.9613927837191035275, 0.000000000000000000 ) ) ;
#8131 = PLANE ( 'NONE',  #3136 ) ;
#8132 = DIRECTION ( 'NONE',  ( 0.000000000000000000, -0.000000000000000000, 1.000000000000000000 ) ) ;
#8133 = SURFACE_SIDE_STYLE ('',( #6623 ) ) ;
#8134 = EDGE_LOOP ( 'NONE', ( #1217, #4449, #9347, #6444 ) ) ;
#8135 = STYLED_ITEM ( 'NONE', ( #9371 ), #7437 ) ;
#8136 = VECTOR ( 'NONE', #1143, 1000.000000000000000 ) ;
#8137 = CARTESIAN_POINT ( 'NONE',  ( 1.357038790468966916, -0.7550894745905145644, 2.774999999999999911 ) ) ;
#8138 = EDGE_CURVE ( 'NONE', #10364, #3811, #10520, .T. ) ;
#8139 = LINE ( 'NONE', #9842, #4357 ) ;
#8140 =( NAMED_UNIT ( * ) SI_UNIT ( $, .STERADIAN. ) SOLID_ANGLE_UNIT ( ) );
#8141 = ORIENTED_EDGE ( 'NONE', *, *, #5072, .T. ) ;
#8142 = VERTEX_POINT ( 'NONE', #1379 ) ;
#8143 = PRESENTATION_LAYER_ASSIGNMENT (  '', '', ( #7969 ) ) ;
#8144 = MECHANICAL_DESIGN_GEOMETRIC_PRESENTATION_REPRESENTATION (  '', ( #10545 ), #5909 ) ;
#8145 = CARTESIAN_POINT ( 'NONE',  ( 1.419538790468966916, -0.6889243511337244108, 2.774999999999999911 ) ) ;
#8146 = CARTESIAN_POINT ( 'NONE',  ( -0.1516417650865888034, -1.078391943726317193, 2.774999999999999911 ) ) ;
#8147 = EDGE_CURVE ( 'NONE', #8839, #4740, #1278, .T. ) ;
#8148 = CARTESIAN_POINT ( 'NONE',  ( -1.886902865494877402, 3.500000000000000000, 2.875000000000000000 ) ) ;
#8149 = FACE_OUTER_BOUND ( 'NONE', #3554, .T. ) ;
#8150 = LINE ( 'NONE', #4000, #2564 ) ;
#8151 = VECTOR ( 'NONE', #5014, 1000.000000000000000 ) ;
#8152 = STYLED_ITEM ( 'NONE', ( #5952 ), #5904 ) ;
#8153 = SURFACE_STYLE_USAGE ( .BOTH. , #7241 ) ;
#8154 = ORIENTED_EDGE ( 'NONE', *, *, #4588, .T. ) ;
#8155 = VERTEX_POINT ( 'NONE', #4545 ) ;
#8156 = FILL_AREA_STYLE ('',( #1583 ) ) ;
#8157 = AXIS2_PLACEMENT_3D ( 'NONE', #4227, #8267, #2559 ) ;
#8158 = EDGE_CURVE ( 'NONE', #1946, #8648, #8010, .T. ) ;
#8160 = ORIENTED_EDGE ( 'NONE', *, *, #7335, .T. ) ;
#8159 =( NAMED_UNIT ( * ) PLANE_ANGLE_UNIT ( ) SI_UNIT ( $, .RADIAN. ) );
#8161 = SHAPE_DEFINITION_REPRESENTATION ( #2405, #6299 ) ;
#8162 = CARTESIAN_POINT ( 'NONE',  ( 1.419538790468966916, -1.029780832615206032, 2.774999999999999911 ) ) ;
#8163 = ADVANCED_FACE ( 'NONE', ( #3407 ), #5846, .T. ) ;
#8164 = UNCERTAINTY_MEASURE_WITH_UNIT (LENGTH_MEASURE( 1.000000000000000082E-05 ), #7554, 'distance_accuracy_value', 'NONE');
#8165 = ORIENTED_EDGE ( 'NONE', *, *, #1366, .T. ) ;
#8166 = DIRECTION ( 'NONE',  ( 0.000000000000000000, 0.000000000000000000, 1.000000000000000000 ) ) ;
#8167 = VECTOR ( 'NONE', #5884, 1000.000000000000000 ) ;
#8168 = CARTESIAN_POINT ( 'NONE',  ( -0.1470121354569592087, -0.8266558326152059211, 2.774999999999999911 ) ) ;
#8169 = ORIENTED_EDGE ( 'NONE', *, *, #7355, .F. ) ;
#8170 = UNCERTAINTY_MEASURE_WITH_UNIT (LENGTH_MEASURE( 1.000000000000000082E-05 ), #1812, 'distance_accuracy_value', 'NONE');
#8171 = ORIENTED_EDGE ( 'NONE', *, *, #9535, .F. ) ;
#8172 = LINE ( 'NONE', #8221, #10150 ) ;
#8173 = SURFACE_STYLE_USAGE ( .BOTH. , #6402 ) ;
#8174 = CARTESIAN_POINT ( 'NONE',  ( 2.096429222567731898, -1.056979906689279991, 2.774999999999999911 ) ) ;
#8175 = SURFACE_SIDE_STYLE ('',( #2472 ) ) ;
#8176 = ADVANCED_FACE ( 'NONE', ( #7518 ), #2409, .T. ) ;
#8177 = SURFACE_STYLE_FILL_AREA ( #5647 ) ;
#8178 = DIRECTION ( 'NONE',  ( 0.000000000000000000, 1.000000000000000000, 0.000000000000000000 ) ) ;
#8179 = CARTESIAN_POINT ( 'NONE',  ( 2.164957836983784745, -3.101766864349278841, -2.875000000000000000 ) ) ;
#8180 = MECHANICAL_DESIGN_GEOMETRIC_PRESENTATION_REPRESENTATION (  '', ( #2332 ), #8862 ) ;
#8181 = ADVANCED_FACE ( 'NONE', ( #9975 ), #9873, .F. ) ;
#8182 =( GEOMETRIC_REPRESENTATION_CONTEXT ( 3 ) GLOBAL_UNCERTAINTY_ASSIGNED_CONTEXT ( ( #8715 ) ) GLOBAL_UNIT_ASSIGNED_CONTEXT ( ( #10205, #4352, #2737 ) ) REPRESENTATION_CONTEXT ( 'NONE', 'WORKASPACE' ) );
#8183 = CARTESIAN_POINT ( 'NONE',  ( 0.9039137904689669156, -1.073762314096687431, 2.774999999999999911 ) ) ;
#8184 = COLOUR_RGB ( '',0.7529411764705882248, 0.7529411764705882248, 0.7529411764705882248 ) ;
#8185 = ORIENTED_EDGE ( 'NONE', *, *, #3592, .F. ) ;
#8186 = SURFACE_STYLE_FILL_AREA ( #8984 ) ;
#8187 = LINE ( 'NONE', #8236, #1489 ) ;
#8188 = LINE ( 'NONE', #8237, #10570 ) ;
#8189 = CARTESIAN_POINT ( 'NONE',  ( -3.700000000000000622, 3.500000000000000000, -2.875000000000000000 ) ) ;
#8190 = VERTEX_POINT ( 'NONE', #860 ) ;
#8191 = ORIENTED_EDGE ( 'NONE', *, *, #3682, .F. ) ;
#8192 =( GEOMETRIC_REPRESENTATION_CONTEXT ( 3 ) GLOBAL_UNCERTAINTY_ASSIGNED_CONTEXT ( ( #1506 ) ) GLOBAL_UNIT_ASSIGNED_CONTEXT ( ( #9764, #8007, #10629 ) ) REPRESENTATION_CONTEXT ( 'NONE', 'WORKASPACE' ) );
#8193 = ORIENTED_EDGE ( 'NONE', *, *, #2026, .F. ) ;
#8194 = FILL_AREA_STYLE_COLOUR ( '', #752 ) ;
#8195 = FILL_AREA_STYLE ('',( #986 ) ) ;
#8196 = COLOUR_RGB ( '',0.7529411764705882248, 0.7529411764705882248, 0.7529411764705882248 ) ;
#8197 = SURFACE_SIDE_STYLE ('',( #6322 ) ) ;
#8198 = FILL_AREA_STYLE ('',( #3291 ) ) ;
#8199 = CARTESIAN_POINT ( 'NONE',  ( 1.449999999999999512, -6.899999999999999467, 0.7249999999999998668 ) ) ;
#8200 = FILL_AREA_STYLE_COLOUR ( '', #4169 ) ;
#8201 = VERTEX_POINT ( 'NONE', #9063 ) ;
#8202 = VECTOR ( 'NONE', #9093, 1000.000000000000000 ) ;
#8203 = LINE ( 'NONE', #4101, #6446 ) ;
#8204 = ORIENTED_EDGE ( 'NONE', *, *, #6200, .F. ) ;
#8205 = LINE ( 'NONE', #2506, #7499 ) ;
#8206 = CARTESIAN_POINT ( 'NONE',  ( 0.000000000000000000, -2.250000000000000000, 0.000000000000000000 ) ) ;
#8207 = SURFACE_SIDE_STYLE ('',( #7615 ) ) ;
#8208 = LINE ( 'NONE', #855, #3399 ) ;
#8209 = STYLED_ITEM ( 'NONE', ( #1690 ), #2045 ) ;
#8210 = CARTESIAN_POINT ( 'NONE',  ( 0.3724708892343985278, -0.1675123140966873203, 2.774999999999999911 ) ) ;
#8211 =( NAMED_UNIT ( * ) PLANE_ANGLE_UNIT ( ) SI_UNIT ( $, .RADIAN. ) );
#8212 = ORIENTED_EDGE ( 'NONE', *, *, #8426, .T. ) ;
#8213 = CARTESIAN_POINT ( 'NONE',  ( 0.9826174941726705248, -0.5197499684176750678, 2.774999999999999911 ) ) ;
#8214 = EDGE_CURVE ( 'NONE', #10017, #2658, #8966, .T. ) ;
#8215 = ORIENTED_EDGE ( 'NONE', *, *, #1748, .F. ) ;
#8216 = MECHANICAL_DESIGN_GEOMETRIC_PRESENTATION_REPRESENTATION (  '', ( #7705 ), #9394 ) ;
#8217 = EDGE_CURVE ( 'NONE', #6174, #10454, #5740, .T. ) ;
#8218 =( LENGTH_UNIT ( ) NAMED_UNIT ( * ) SI_UNIT ( .MILLI., .METRE. ) );
#8219 = DIRECTION ( 'NONE',  ( -1.000000000000000000, 0.000000000000000000, 0.000000000000000000 ) ) ;
#8220 = ORIENTED_EDGE ( 'NONE', *, *, #3685, .F. ) ;
#8221 = CARTESIAN_POINT ( 'NONE',  ( 1.570000000000001172, -7.605096679918781355, 0.2049999999999998768 ) ) ;
#8222 = CARTESIAN_POINT ( 'NONE',  ( -2.949999999999999734, 3.100000000000002309, 1.156639881571555506 ) ) ;
#8223 = DIRECTION ( 'NONE',  ( -0.000000000000000000, -0.000000000000000000, 1.000000000000000000 ) ) ;
#8224 = VECTOR ( 'NONE', #5291, 1000.000000000000114 ) ;
#8225 =( NAMED_UNIT ( * ) PLANE_ANGLE_UNIT ( ) SI_UNIT ( $, .RADIAN. ) );
#8226 = SURFACE_STYLE_FILL_AREA ( #6668 ) ;
#8227 = SURFACE_STYLE_USAGE ( .BOTH. , #6618 ) ;
#8228 = LINE ( 'NONE', #6463, #9192 ) ;
#8229 =( GEOMETRIC_REPRESENTATION_CONTEXT ( 3 ) GLOBAL_UNCERTAINTY_ASSIGNED_CONTEXT ( ( #4911 ) ) GLOBAL_UNIT_ASSIGNED_CONTEXT ( ( #1369, #6333, #4583 ) ) REPRESENTATION_CONTEXT ( 'NONE', 'WORKASPACE' ) );
#8230 = STYLED_ITEM ( 'NONE', ( #1852 ), #196 ) ;
#8231 = CARTESIAN_POINT ( 'NONE',  ( -1.625021394716218870, -1.056979906689279991, 2.875000000000000000 ) ) ;
#8232 = CARTESIAN_POINT ( 'NONE',  ( 1.462941568246744595, -0.7869181782942182846, 2.774999999999999911 ) ) ;
#8233 = EDGE_CURVE ( 'NONE', #280, #4285, #1658, .T. ) ;
#8234 = EDGE_LOOP ( 'NONE', ( #2342, #937, #8366, #5688 ) ) ;
#8235 = CARTESIAN_POINT ( 'NONE',  ( -2.166688061382885166, -0.1277746597756997671, 2.774999999999999911 ) ) ;
#8236 = CARTESIAN_POINT ( 'NONE',  ( -1.942151024345848187, -0.2091789807633540610, 2.875000000000000000 ) ) ;
#8237 = CARTESIAN_POINT ( 'NONE',  ( -2.950000000000000178, 3.100000000000002309, -2.125000000000000000 ) ) ;
#8238 = CARTESIAN_POINT ( 'NONE',  ( -1.778763678666835935, -1.088037005454712158, 2.774999999999999911 ) ) ;
#8239 = VECTOR ( 'NONE', #2392, 1000.000000000000000 ) ;
#8240 = VECTOR ( 'NONE', #840, 1000.000000000000000 ) ;
#8241 = SURFACE_STYLE_USAGE ( .BOTH. , #7770 ) ;
#8242 = EDGE_LOOP ( 'NONE', ( #5290, #6529, #10483, #8026 ) ) ;
#8243 = ORIENTED_EDGE ( 'NONE', *, *, #2399, .T. ) ;
#8244 = CARTESIAN_POINT ( 'NONE',  ( 1.886902865494877402, 2.866194269010244877, 2.875000000000000000 ) ) ;
#8245 = DIRECTION ( 'NONE',  ( -0.4488015681658190648, -0.8936314410381394069, 0.000000000000000000 ) ) ;
#8246 = PRESENTATION_STYLE_ASSIGNMENT (( #9203 ) ) ;
#8247 = CARTESIAN_POINT ( 'NONE',  ( -1.886902865494877402, 3.500000000000000000, -2.875999999999999890 ) ) ;
#8248 = CARTESIAN_POINT ( 'NONE',  ( 1.504608234913410891, -0.1759999684176750678, 2.774999999999999911 ) ) ;
#8249 = PRESENTATION_STYLE_ASSIGNMENT (( #4263 ) ) ;
#8250 = SURFACE_STYLE_USAGE ( .BOTH. , #736 ) ;
#8251 = VERTEX_POINT ( 'NONE', #8168 ) ;
#8252 = COLOUR_RGB ( '',0.7529411764705882248, 0.7529411764705882248, 0.7529411764705882248 ) ;
#8253 = FACE_OUTER_BOUND ( 'NONE', #9014, .T. ) ;
#8254 = ORIENTED_EDGE ( 'NONE', *, *, #10054, .T. ) ;
#8255 = PRESENTATION_LAYER_ASSIGNMENT (  '', '', ( #180 ) ) ;
#8256 =( NAMED_UNIT ( * ) PLANE_ANGLE_UNIT ( ) SI_UNIT ( $, .RADIAN. ) );
#8257 = LINE ( 'NONE', #1848, #2532 ) ;
#8258 = SURFACE_STYLE_USAGE ( .BOTH. , #1588 ) ;
#8259 = FACE_OUTER_BOUND ( 'NONE', #530, .T. ) ;
#8260 = PRESENTATION_LAYER_ASSIGNMENT (  '', '', ( #8083 ) ) ;
#8261 = PRESENTATION_LAYER_ASSIGNMENT (  '', '', ( #8589 ) ) ;
#8262 = CARTESIAN_POINT ( 'NONE',  ( 2.617262555901065380, -0.4177052153312553195, 2.774999999999999911 ) ) ;
#8263 =( LENGTH_UNIT ( ) NAMED_UNIT ( * ) SI_UNIT ( .MILLI., .METRE. ) );
#8264 = CARTESIAN_POINT ( 'NONE',  ( -1.614604728049552129, -0.6146573758250823971, 2.875000000000000000 ) ) ;
#8265 = ORIENTED_EDGE ( 'NONE', *, *, #898, .T. ) ;
#8266 = CARTESIAN_POINT ( 'NONE',  ( 1.179955457135633434, -0.1451357708868107887, 2.774999999999999911 ) ) ;
#8267 = DIRECTION ( 'NONE',  ( 1.000000000000000000, -0.000000000000000000, 0.000000000000000000 ) ) ;
#8268 = ORIENTED_EDGE ( 'NONE', *, *, #9594, .F. ) ;
#8269 = AXIS2_PLACEMENT_3D ( 'NONE', #3957, #10297, #6172 ) ;
#8270 = DIRECTION ( 'NONE',  ( 0.7071067811865474617, 0.7071067811865474617, 0.000000000000000000 ) ) ;
#8271 =( LENGTH_UNIT ( ) NAMED_UNIT ( * ) SI_UNIT ( .MILLI., .METRE. ) );
#8272 = UNCERTAINTY_MEASURE_WITH_UNIT (LENGTH_MEASURE( 1.000000000000000082E-05 ), #2720, 'distance_accuracy_value', 'NONE');
#8273 = VERTEX_POINT ( 'NONE', #4062 ) ;
#8274 = DIRECTION ( 'NONE',  ( -0.7071067811865536790, -0.7071067811865414665, 0.000000000000000000 ) ) ;
#8275 = PRODUCT_DEFINITION ( 'UNKNOWN', '', #4777, #1375 ) ;
#8276 = CARTESIAN_POINT ( 'NONE',  ( -0.1796124440989347038, -0.9744181782942182846, 2.875000000000000000 ) ) ;
#8278 = SURFACE_STYLE_USAGE ( .BOTH. , #6565 ) ;
#8277 = AXIS2_PLACEMENT_3D ( 'NONE', #2736, #6009, #5196 ) ;
#8279 = CARTESIAN_POINT ( 'NONE',  ( 1.661629839851682444, -0.06604626471397138932, 2.875000000000000000 ) ) ;
#8280 = FACE_OUTER_BOUND ( 'NONE', #8593, .T. ) ;
#8281 = STYLED_ITEM ( 'NONE', ( #6716 ), #6861 ) ;
#8282 = PLANE ( 'NONE',  #387 ) ;
#8283 = LINE ( 'NONE', #2626, #3562 ) ;
#8284 = FILL_AREA_STYLE ('',( #3535 ) ) ;
#8285 = ORIENTED_EDGE ( 'NONE', *, *, #516, .T. ) ;
#8286 = CARTESIAN_POINT ( 'NONE',  ( -1.687157287525381966, -4.289853386497013865, 0.2050000000000000155 ) ) ;
#8287 = DIRECTION ( 'NONE',  ( 0.4432864055629590627, -0.8963800324879351855, 0.000000000000000000 ) ) ;
#8288 = UNCERTAINTY_MEASURE_WITH_UNIT (LENGTH_MEASURE( 1.000000000000000082E-05 ), #4365, 'distance_accuracy_value', 'NONE');
#8289 = DIRECTION ( 'NONE',  ( -1.000000000000000000, 0.000000000000000000, -2.710505431213760099E-16 ) ) ;
#8290 = CARTESIAN_POINT ( 'NONE',  ( -1.886902865494877402, 1.521456047850031412, 2.125000000000000000 ) ) ;
#8291 = PRESENTATION_LAYER_ASSIGNMENT (  '', '', ( #9999 ) ) ;
#8292 = MECHANICAL_DESIGN_GEOMETRIC_PRESENTATION_REPRESENTATION (  '', ( #7445 ), #1071 ) ;
#8293 = FACE_OUTER_BOUND ( 'NONE', #7540, .T. ) ;
#8294 = VERTEX_POINT ( 'NONE', #4813 ) ;
#8295 = ORIENTED_EDGE ( 'NONE', *, *, #6450, .T. ) ;
#8296 = VERTEX_POINT ( 'NONE', #8114 ) ;
#8297 = EDGE_CURVE ( 'NONE', #6509, #8773, #100, .T. ) ;
#8298 = PLANE ( 'NONE',  #4324 ) ;
#8299 = PRESENTATION_STYLE_ASSIGNMENT (( #5770 ) ) ;
#8300 = STYLED_ITEM ( 'NONE', ( #10525 ), #5126 ) ;
#8301 = PRESENTATION_STYLE_ASSIGNMENT (( #4258 ) ) ;
#8302 = EDGE_CURVE ( 'NONE', #3915, #6894, #4917, .T. ) ;
#8303 = CARTESIAN_POINT ( 'NONE',  ( 1.030842802814645687, -0.1761928696522429560, 2.875000000000000000 ) ) ;
#8304 =( NAMED_UNIT ( * ) PLANE_ANGLE_UNIT ( ) SI_UNIT ( $, .RADIAN. ) );
#8305 = SURFACE_SIDE_STYLE ('',( #2595 ) ) ;
#8306 = EDGE_CURVE ( 'NONE', #5333, #5342, #4167, .T. ) ;
#8307 =( NAMED_UNIT ( * ) PLANE_ANGLE_UNIT ( ) SI_UNIT ( $, .RADIAN. ) );
#8308 = ORIENTED_EDGE ( 'NONE', *, *, #3728, .F. ) ;
#8309 = AXIS2_PLACEMENT_3D ( 'NONE', #2923, #569, #2868 ) ;
#8310 = AXIS2_PLACEMENT_3D ( 'NONE', #7707, #5876, #5104 ) ;
#8311 = CYLINDRICAL_SURFACE ( 'NONE', #10038, 0.2000000000000000944 ) ;
#8312 = ORIENTED_EDGE ( 'NONE', *, *, #9884, .F. ) ;
#8313 = SURFACE_STYLE_USAGE ( .BOTH. , #1156 ) ;
#8314 = EDGE_CURVE ( 'NONE', #5767, #3799, #3305, .T. ) ;
#8315 = CARTESIAN_POINT ( 'NONE',  ( -1.233238987308811208, -0.1277746597756997671, 2.774999999999999911 ) ) ;
#8316 = CARTESIAN_POINT ( 'NONE',  ( 1.370734778123287700, -1.079549351133724411, 2.875000000000000000 ) ) ;
#8317 = VECTOR ( 'NONE', #6147, 1000.000000000000000 ) ;
#8318 = VECTOR ( 'NONE', #8488, 1000.000000000000000 ) ;
#8319 = SURFACE_SIDE_STYLE ('',( #2609 ) ) ;
#8320 = LINE ( 'NONE', #6500, #1762 ) ;
#8321 = ORIENTED_EDGE ( 'NONE', *, *, #6, .F. ) ;
#8322 = LINE ( 'NONE', #1539, #3110 ) ;
#8323 = ORIENTED_EDGE ( 'NONE', *, *, #8031, .F. ) ;
#8324 = MECHANICAL_DESIGN_GEOMETRIC_PRESENTATION_REPRESENTATION (  '', ( #4358 ), #7122 ) ;
#8325 = STYLED_ITEM ( 'NONE', ( #8686 ), #2730 ) ;
#8326 = CARTESIAN_POINT ( 'NONE',  ( -3.700000000000001066, 1.199999999999999289, 1.156639881571555284 ) ) ;
#8327 = CARTESIAN_POINT ( 'NONE',  ( 2.131988856489892115, -5.000000000000000000, -1.115994428244946324 ) ) ;
#8328 = CARTESIAN_POINT ( 'NONE',  ( -1.278763678666835935, -0.1491866968127367743, 2.774999999999999911 ) ) ;
#8329 =( NAMED_UNIT ( * ) PLANE_ANGLE_UNIT ( ) SI_UNIT ( $, .RADIAN. ) );
#8330 = ORIENTED_EDGE ( 'NONE', *, *, #2754, .F. ) ;
#8331 =( NAMED_UNIT ( * ) PLANE_ANGLE_UNIT ( ) SI_UNIT ( $, .RADIAN. ) );
#8332 = FILL_AREA_STYLE_COLOUR ( '', #629 ) ;
#8333 =( GEOMETRIC_REPRESENTATION_CONTEXT ( 3 ) GLOBAL_UNCERTAINTY_ASSIGNED_CONTEXT ( ( #2988 ) ) GLOBAL_UNIT_ASSIGNED_CONTEXT ( ( #2064, #849, #7353 ) ) REPRESENTATION_CONTEXT ( 'NONE', 'WORKASPACE' ) );
#8334 = CARTESIAN_POINT ( 'NONE',  ( -0.09222818483967543113, -0.9879212647139713477, 2.774999999999999911 ) ) ;
#8335 = DIRECTION ( 'NONE',  ( 0.000000000000000000, 0.000000000000000000, 1.000000000000000000 ) ) ;
#8336 = EDGE_CURVE ( 'NONE', #6683, #10567, #5799, .T. ) ;
#8337 = LINE ( 'NONE', #61, #2520 ) ;
#8338 = PRESENTATION_LAYER_ASSIGNMENT (  '', '', ( #5582 ) ) ;
#8339 = FACE_OUTER_BOUND ( 'NONE', #9581, .T. ) ;
#8340 = FACE_OUTER_BOUND ( 'NONE', #190, .T. ) ;
#8341 = VECTOR ( 'NONE', #1593, 1000.000000000000000 ) ;
#8342 = ORIENTED_EDGE ( 'NONE', *, *, #5108, .T. ) ;
#8343 =( NAMED_UNIT ( * ) SI_UNIT ( $, .STERADIAN. ) SOLID_ANGLE_UNIT ( ) );
#8344 =( NAMED_UNIT ( * ) SI_UNIT ( $, .STERADIAN. ) SOLID_ANGLE_UNIT ( ) );
#8345 = CARTESIAN_POINT ( 'NONE',  ( -2.401063061382885611, -1.106362622738662704, 2.875000000000000000 ) ) ;
#8346 = DIRECTION ( 'NONE',  ( 0.7071067811865439090, 0.7071067811865512365, 0.000000000000000000 ) ) ;
#8347 = VECTOR ( 'NONE', #7860, 1000.000000000000114 ) ;
#8348 = SURFACE_STYLE_USAGE ( .BOTH. , #9195 ) ;
#8349 = EDGE_CURVE ( 'NONE', #4112, #8452, #3352, .T. ) ;
#8350 = ORIENTED_EDGE ( 'NONE', *, *, #7701, .T. ) ;
#8351 = ORIENTED_EDGE ( 'NONE', *, *, #3041, .T. ) ;
#8352 = VECTOR ( 'NONE', #3954, 1000.000000000000000 ) ;
#8353 = ORIENTED_EDGE ( 'NONE', *, *, #6277, .T. ) ;
#8354 = CARTESIAN_POINT ( 'NONE',  ( 1.582154531209707837, -0.4159691042201442146, 2.774999999999999911 ) ) ;
#8355 =( NAMED_UNIT ( * ) SI_UNIT ( $, .STERADIAN. ) SOLID_ANGLE_UNIT ( ) );
#8356 =( NAMED_UNIT ( * ) SI_UNIT ( $, .STERADIAN. ) SOLID_ANGLE_UNIT ( ) );
#8357 = EDGE_CURVE ( 'NONE', #1251, #7354, #4330, .T. ) ;
#8358 = EDGE_LOOP ( 'NONE', ( #520, #7851, #3056, #2228 ) ) ;
#8359 = FILL_AREA_STYLE_COLOUR ( '', #3713 ) ;
#8360 = DIRECTION ( 'NONE',  ( -0.7211355580562416323, 0.6927939859055597394, 0.000000000000000000 ) ) ;
#8361 =( LENGTH_UNIT ( ) NAMED_UNIT ( * ) SI_UNIT ( .MILLI., .METRE. ) );
#8362 = COLOUR_RGB ( '',0.7529411764705882248, 0.7529411764705882248, 0.7529411764705882248 ) ;
#8363 = CARTESIAN_POINT ( 'NONE',  ( -2.121163370024860662, -0.1491866968127367743, 2.875000000000000000 ) ) ;
#8364 = ORIENTED_EDGE ( 'NONE', *, *, #3427, .F. ) ;
#8365 = CARTESIAN_POINT ( 'NONE',  ( -0.000000000000000000, 3.100000000000000533, 0.2050000000000007649 ) ) ;
#8366 = ORIENTED_EDGE ( 'NONE', *, *, #2581, .T. ) ;
#8367 = EDGE_CURVE ( 'NONE', #1656, #6479, #7781, .T. ) ;
#8368 = FACE_OUTER_BOUND ( 'NONE', #1007, .T. ) ;
#8369 = COLOUR_RGB ( '',0.7529411764705882248, 0.7529411764705882248, 0.7529411764705882248 ) ;
#8370 = LINE ( 'NONE', #10019, #368 ) ;
#8371 = VECTOR ( 'NONE', #3654, 1000.000000000000114 ) ;
#8372 = CARTESIAN_POINT ( 'NONE',  ( -1.278763678666835935, -0.1491866968127367743, 2.774999999999999911 ) ) ;
#8373 = LINE ( 'NONE', #94, #9802 ) ;
#8374 = EDGE_CURVE ( 'NONE', #3304, #3404, #1804, .T. ) ;
#8375 = CARTESIAN_POINT ( 'NONE',  ( 0.1271005188640283445, -1.017242252368292244, 2.774999999999999911 ) ) ;
#8376 = PLANE ( 'NONE',  #2972 ) ;
#8377 = EDGE_LOOP ( 'NONE', ( #1138, #237, #6290, #4268 ) ) ;
#8378 = CARTESIAN_POINT ( 'NONE',  ( 2.949999999999999289, -2.250000000000000000, -2.125000000000000000 ) ) ;
#8379 = CARTESIAN_POINT ( 'NONE',  ( 0.8608968151603245689, -1.022836388170761390, 2.774999999999999911 ) ) ;
#8380 = EDGE_CURVE ( 'NONE', #4366, #8122, #10236, .T. ) ;
#8381 = ORIENTED_EDGE ( 'NONE', *, *, #5381, .F. ) ;
#8382 =( NAMED_UNIT ( * ) SI_UNIT ( $, .STERADIAN. ) SOLID_ANGLE_UNIT ( ) );
#8383 = FILL_AREA_STYLE ('',( #4231 ) ) ;
#8384 = COLOUR_RGB ( '',0.7529411764705882248, 0.7529411764705882248, 0.7529411764705882248 ) ;
#8385 = DIRECTION ( 'NONE',  ( -1.000000000000000000, 0.000000000000000000, 0.000000000000000000 ) ) ;
#8386 = DIRECTION ( 'NONE',  ( 0.000000000000000000, -0.000000000000000000, 1.000000000000000000 ) ) ;
#8387 = CARTESIAN_POINT ( 'NONE',  ( -1.886902865494877402, 1.521456047850031412, -2.875999999999999890 ) ) ;
#8388 = DIRECTION ( 'NONE',  ( -0.000000000000000000, 0.000000000000000000, 1.000000000000000000 ) ) ;
#8389 = DIRECTION ( 'NONE',  ( 1.000000000000000000, 0.000000000000000000, 0.000000000000000000 ) ) ;
#8390 = SURFACE_SIDE_STYLE ('',( #10145 ) ) ;
#8391 = VECTOR ( 'NONE', #8932, 1000.000000000000000 ) ;
#8392 = DIRECTION ( 'NONE',  ( 1.000000000000000000, 0.000000000000000000, 0.000000000000000000 ) ) ;
#8393 =( NAMED_UNIT ( * ) PLANE_ANGLE_UNIT ( ) SI_UNIT ( $, .RADIAN. ) );
#8394 = FACE_OUTER_BOUND ( 'NONE', #2141, .T. ) ;
#8395 = VECTOR ( 'NONE', #4068, 1000.000000000000000 ) ;
#8396 = ORIENTED_EDGE ( 'NONE', *, *, #1298, .F. ) ;
#8397 = LINE ( 'NONE', #4189, #6469 ) ;
#8398 = EDGE_CURVE ( 'NONE', #8676, #1004, #1899, .T. ) ;
#8399 = LINE ( 'NONE', #8446, #1301 ) ;
#8400 = UNCERTAINTY_MEASURE_WITH_UNIT (LENGTH_MEASURE( 1.000000000000000082E-05 ), #6182, 'distance_accuracy_value', 'NONE');
#8401 = FILL_AREA_STYLE_COLOUR ( '', #8580 ) ;
#8402 = DIRECTION ( 'NONE',  ( 0.7024701641224851967, 0.7117131925977827622, 0.000000000000000000 ) ) ;
#8403 = ORIENTED_EDGE ( 'NONE', *, *, #8380, .T. ) ;
#8404 = ORIENTED_EDGE ( 'NONE', *, *, #9388, .T. ) ;
#8405 = ORIENTED_EDGE ( 'NONE', *, *, #2943, .F. ) ;
#8406 = VECTOR ( 'NONE', #9971, 1000.000000000000000 ) ;
#8407 =( NAMED_UNIT ( * ) PLANE_ANGLE_UNIT ( ) SI_UNIT ( $, .RADIAN. ) );
#8408 = CARTESIAN_POINT ( 'NONE',  ( -2.121163370024860662, -0.1491866968127367743, 2.774999999999999911 ) ) ;
#8409 =( NAMED_UNIT ( * ) PLANE_ANGLE_UNIT ( ) SI_UNIT ( $, .RADIAN. ) );
#8410 = EDGE_LOOP ( 'NONE', ( #1981, #7863, #6048, #10215 ) ) ;
#8411 = CARTESIAN_POINT ( 'NONE',  ( -1.513138678666836157, -1.106362622738662704, 2.774999999999999911 ) ) ;
#8412 =( GEOMETRIC_REPRESENTATION_CONTEXT ( 3 ) GLOBAL_UNCERTAINTY_ASSIGNED_CONTEXT ( ( #7736 ) ) GLOBAL_UNIT_ASSIGNED_CONTEXT ( ( #567, #2172, #3039 ) ) REPRESENTATION_CONTEXT ( 'NONE', 'WORKASPACE' ) );
#8413 =( NAMED_UNIT ( * ) PLANE_ANGLE_UNIT ( ) SI_UNIT ( $, .RADIAN. ) );
#8414 = ORIENTED_EDGE ( 'NONE', *, *, #7035, .T. ) ;
#8415 = SURFACE_STYLE_FILL_AREA ( #7552 ) ;
#8416 = VERTEX_POINT ( 'NONE', #4431 ) ;
#8417 = FACE_OUTER_BOUND ( 'NONE', #8929, .T. ) ;
#8418 = ADVANCED_FACE ( 'NONE', ( #6759 ), #1955, .T. ) ;
#8419 = DIRECTION ( 'NONE',  ( 0.000000000000000000, 0.000000000000000000, -1.000000000000000000 ) ) ;
#8420 = CARTESIAN_POINT ( 'NONE',  ( -3.700000000000001066, 1.578285606387554107, 1.898270704789492003 ) ) ;
#8421 = FILL_AREA_STYLE_COLOUR ( '', #6173 ) ;
#8422 = VECTOR ( 'NONE', #9841, 1000.000000000000000 ) ;
#8423 = ORIENTED_EDGE ( 'NONE', *, *, #1069, .F. ) ;
#8424 = PRESENTATION_STYLE_ASSIGNMENT (( #1216 ) ) ;
#8425 = VERTEX_POINT ( 'NONE', #9226 ) ;
#8426 = EDGE_CURVE ( 'NONE', #10004, #6969, #5993, .T. ) ;
#8427 = AXIS2_PLACEMENT_3D ( 'NONE', #7699, #4404, #10154 ) ;
#8428 = CARTESIAN_POINT ( 'NONE',  ( 2.356267185530695585, -0.1491866968127367743, 2.774999999999999911 ) ) ;
#8429 = VECTOR ( 'NONE', #1428, 1000.000000000000000 ) ;
#8430 = CARTESIAN_POINT ( 'NONE',  ( 3.059057624352285565, -4.800000000000000711, -1.929196994375985019 ) ) ;
#8431 = EDGE_CURVE ( 'NONE', #489, #6737, #7730, .T. ) ;
#8432 = CARTESIAN_POINT ( 'NONE',  ( -1.770000000000001128, -5.422383267283204411, 0.6450000000000000178 ) ) ;
#8433 = SURFACE_STYLE_USAGE ( .BOTH. , #1710 ) ;
#8434 = CARTESIAN_POINT ( 'NONE',  ( -2.949999999999999734, -2.250000000000000000, 2.125000000000000000 ) ) ;
#8435 = AXIS2_PLACEMENT_3D ( 'NONE', #10560, #5670, #2331 ) ;
#8436 =( GEOMETRIC_REPRESENTATION_CONTEXT ( 3 ) GLOBAL_UNCERTAINTY_ASSIGNED_CONTEXT ( ( #4070 ) ) GLOBAL_UNIT_ASSIGNED_CONTEXT ( ( #10631, #3351, #4915 ) ) REPRESENTATION_CONTEXT ( 'NONE', 'WORKASPACE' ) );
#8437 = DIRECTION ( 'NONE',  ( -1.000000000000000000, -0.000000000000000000, -0.000000000000000000 ) ) ;
#8438 = EDGE_CURVE ( 'NONE', #2823, #6972, #192, .T. ) ;
#8439 = CARTESIAN_POINT ( 'NONE',  ( -1.606309974963132214, -0.1277746597756997671, 2.774999999999999911 ) ) ;
#8440 = EDGE_CURVE ( 'NONE', #6785, #8885, #408, .T. ) ;
#8441 = CARTESIAN_POINT ( 'NONE',  ( 0.8159508275060035620, -0.8413163264423664245, 2.774999999999999911 ) ) ;
#8442 = PRESENTATION_LAYER_ASSIGNMENT (  '', '', ( #4648 ) ) ;
#8443 = ORIENTED_EDGE ( 'NONE', *, *, #3292, .T. ) ;
#8444 = EDGE_CURVE ( 'NONE', #8273, #8900, #9373, .T. ) ;
#8445 =( BOUNDED_CURVE ( )  B_SPLINE_CURVE ( 3, ( #6397, #3904, #8118, #7206 ),
 .UNSPECIFIED., .F., .F. ) 
 B_SPLINE_CURVE_WITH_KNOTS ( ( 4, 4 ),
 ( 3.141592653589784678, 4.712388980384689674 ),
 .UNSPECIFIED. ) 
 CURVE ( )  GEOMETRIC_REPRESENTATION_ITEM ( )  RATIONAL_B_SPLINE_CURVE ( ( 1.000000000000000000, 0.8047378541243630501, 0.8047378541243630501, 1.000000000000000000 ) ) 
 REPRESENTATION_ITEM ( '' )  );
#8446 = CARTESIAN_POINT ( 'NONE',  ( -3.699999999999999734, -3.500000000000000000, 2.875000000000000000 ) ) ;
#8447 = DIRECTION ( 'NONE',  ( -0.000000000000000000, -0.000000000000000000, 1.000000000000000000 ) ) ;
#8448 = STYLED_ITEM ( 'NONE', ( #6282 ), #6913 ) ;
#8449 = AXIS2_PLACEMENT_3D ( 'NONE', #549, #4613, #7921 ) ;
#8450 =( NAMED_UNIT ( * ) SI_UNIT ( $, .STERADIAN. ) SOLID_ANGLE_UNIT ( ) );
#8451 = EDGE_LOOP ( 'NONE', ( #5852, #1088, #6354, #439, #6779, #176, #8171, #6083, #7028, #8600, #10180, #8761, #4153, #4533, #2794, #2428, #6230, #9933, #7973, #1854, #7424, #445, #4704, #8627, #4522, #3840, #548, #2907, #1898, #3697, #1956 ) ) ;
#8452 = VERTEX_POINT ( 'NONE', #7675 ) ;
#8453 = VERTEX_POINT ( 'NONE', #297 ) ;
#8454 = DIRECTION ( 'NONE',  ( -0.000000000000000000, -0.000000000000000000, 1.000000000000000000 ) ) ;
#8455 = DIRECTION ( 'NONE',  ( -0.8574929257125445403, -0.5144957554275260136, 0.000000000000000000 ) ) ;
#8456 = ORIENTED_EDGE ( 'NONE', *, *, #6905, .T. ) ;
#8457 = LINE ( 'NONE', #3388, #5092 ) ;
#8458 = EDGE_CURVE ( 'NONE', #8773, #10567, #2765, .T. ) ;
#8459 = MECHANICAL_DESIGN_GEOMETRIC_PRESENTATION_REPRESENTATION (  '', ( #5019 ), #2277 ) ;
#8460 = FILL_AREA_STYLE_COLOUR ( '', #4236 ) ;
#8461 = LINE ( 'NONE', #7872, #7915 ) ;
#8462 = EDGE_LOOP ( 'NONE', ( #6944, #9952, #7919, #694 ) ) ;
#8463 = ORIENTED_EDGE ( 'NONE', *, *, #3891, .T. ) ;
#8464 = MECHANICAL_DESIGN_GEOMETRIC_PRESENTATION_REPRESENTATION (  '', ( #5547 ), #228 ) ;
#8465 = COLOUR_RGB ( '',0.7529411764705882248, 0.7529411764705882248, 0.7529411764705882248 ) ;
#8466 = EDGE_CURVE ( 'NONE', #103, #7370, #2660, .T. ) ;
#8467 = FILL_AREA_STYLE ('',( #3507 ) ) ;
#8468 = CARTESIAN_POINT ( 'NONE',  ( 2.552254839851682444, -0.1700200301460701169, 2.774999999999999911 ) ) ;
#8469 = VECTOR ( 'NONE', #8502, 1000.000000000000000 ) ;
#8470 = PRESENTATION_STYLE_ASSIGNMENT (( #4224 ) ) ;
#8471 = ORIENTED_EDGE ( 'NONE', *, *, #6180, .F. ) ;
#8472 = ORIENTED_EDGE ( 'NONE', *, *, #822, .T. ) ;
#8473 = EDGE_CURVE ( 'NONE', #8190, #3096, #1421, .T. ) ;
#8474 = VECTOR ( 'NONE', #2627, 1000.000000000000000 ) ;
#8475 = EDGE_CURVE ( 'NONE', #8821, #2913, #1363, .T. ) ;
#8476 = CARTESIAN_POINT ( 'NONE',  ( 2.949999999999999289, 3.500000000000000000, -2.125000000000000000 ) ) ;
#8477 = EDGE_CURVE ( 'NONE', #7673, #10269, #2871, .T. ) ;
#8478 = ORIENTED_EDGE ( 'NONE', *, *, #6430, .F. ) ;
#8479 = SURFACE_STYLE_FILL_AREA ( #10340 ) ;
#8480 = CARTESIAN_POINT ( 'NONE',  ( 2.164957836983784745, -3.101766864349279285, 2.119236689479958358 ) ) ;
#8481 = CARTESIAN_POINT ( 'NONE',  ( -0.1796124440989347038, -0.9360308326152059211, 2.774999999999999911 ) ) ;
#8482 =( NAMED_UNIT ( * ) SI_UNIT ( $, .STERADIAN. ) SOLID_ANGLE_UNIT ( ) );
#8483 =( GEOMETRIC_REPRESENTATION_CONTEXT ( 3 ) GLOBAL_UNCERTAINTY_ASSIGNED_CONTEXT ( ( #432 ) ) GLOBAL_UNIT_ASSIGNED_CONTEXT ( ( #6119, #1121, #10041 ) ) REPRESENTATION_CONTEXT ( 'NONE', 'WORKASPACE' ) );
#8484 = DIRECTION ( 'NONE',  ( -1.000000000000000000, 0.000000000000000000, 0.000000000000000000 ) ) ;
#8485 = PLANE ( 'NONE',  #2165 ) ;
#8486 = CARTESIAN_POINT ( 'NONE',  ( -2.164957836983784745, -3.500000000000000000, -2.875000000000000000 ) ) ;
#8487 = CARTESIAN_POINT ( 'NONE',  ( -1.901063061382885389, -0.1675123140966873203, 2.774999999999999911 ) ) ;
#8488 = DIRECTION ( 'NONE',  ( 0.7019456228085669824, -0.7122305403588735651, 0.000000000000000000 ) ) ;
#8489 = VECTOR ( 'NONE', #912, 1000.000000000000000 ) ;
#8490 = ORIENTED_EDGE ( 'NONE', *, *, #18, .T. ) ;
#8491 = FILL_AREA_STYLE_COLOUR ( '', #1051 ) ;
#8492 = UNCERTAINTY_MEASURE_WITH_UNIT (LENGTH_MEASURE( 1.000000000000000082E-05 ), #34, 'distance_accuracy_value', 'NONE');
#8493 = SURFACE_SIDE_STYLE ('',( #1133 ) ) ;
#8494 = PLANE ( 'NONE',  #8427 ) ;
#8495 = VECTOR ( 'NONE', #3326, 999.9999999999998863 ) ;
#8496 = CIRCLE ( 'NONE', #427, 0.4672919842648140532 ) ;
#8497 = CARTESIAN_POINT ( 'NONE',  ( -1.570000000000001172, -5.622383267283204589, 0.2049999999999999878 ) ) ;
#8498 = ORIENTED_EDGE ( 'NONE', *, *, #5357, .F. ) ;
#8499 = ORIENTED_EDGE ( 'NONE', *, *, #6258, .T. ) ;
#8500 = ORIENTED_EDGE ( 'NONE', *, *, #41, .T. ) ;
#8501 = EDGE_CURVE ( 'NONE', #4496, #6160, #10286, .T. ) ;
#8502 = DIRECTION ( 'NONE',  ( -1.000000000000000000, 0.000000000000000000, 0.000000000000000000 ) ) ;
#8503 = LINE ( 'NONE', #6024, #4974 ) ;
#8504 = AXIS2_PLACEMENT_3D ( 'NONE', #5510, #9699, #5390 ) ;
#8505 = ORIENTED_EDGE ( 'NONE', *, *, #3055, .F. ) ;
#8506 = MECHANICAL_DESIGN_GEOMETRIC_PRESENTATION_REPRESENTATION (  '', ( #1966 ), #6283 ) ;
#8507 = CARTESIAN_POINT ( 'NONE',  ( 0.8120928028146459088, -1.034603363479403626, 2.875000000000000000 ) ) ;
#8508 = FILL_AREA_STYLE ('',( #2105 ) ) ;
#8509 = DIRECTION ( 'NONE',  ( 1.000000000000000000, 0.000000000000000000, 0.000000000000000000 ) ) ;
#8510 = ORIENTED_EDGE ( 'NONE', *, *, #6270, .F. ) ;
#8511 = CARTESIAN_POINT ( 'NONE',  ( 2.849999999999999645, -2.085786437626904632, -1.975000000000000089 ) ) ;
#8512 = ORIENTED_EDGE ( 'NONE', *, *, #8398, .T. ) ;
#8513 = FILL_AREA_STYLE_COLOUR ( '', #4371 ) ;
#8514 = FILL_AREA_STYLE_COLOUR ( '', #5001 ) ;
#8515 =( NAMED_UNIT ( * ) SI_UNIT ( $, .STERADIAN. ) SOLID_ANGLE_UNIT ( ) );
#8516 = SURFACE_STYLE_FILL_AREA ( #2055 ) ;
#8517 = COLOUR_RGB ( '',0.7529411764705882248, 0.7529411764705882248, 0.7529411764705882248 ) ;
#8518 =( NAMED_UNIT ( * ) SI_UNIT ( $, .STERADIAN. ) SOLID_ANGLE_UNIT ( ) );
#8519 = LINE ( 'NONE', #9070, #4905 ) ;
#8520 =( GEOMETRIC_REPRESENTATION_CONTEXT ( 3 ) GLOBAL_UNCERTAINTY_ASSIGNED_CONTEXT ( ( #7843 ) ) GLOBAL_UNIT_ASSIGNED_CONTEXT ( ( #5416, #1280, #3630 ) ) REPRESENTATION_CONTEXT ( 'NONE', 'WORKASPACE' ) );
#8521 = ORIENTED_EDGE ( 'NONE', *, *, #1452, .T. ) ;
#8522 = FACE_OUTER_BOUND ( 'NONE', #3831, .T. ) ;
#8523 = SURFACE_SIDE_STYLE ('',( #5082 ) ) ;
#8524 = ORIENTED_EDGE ( 'NONE', *, *, #5934, .F. ) ;
#8525 = SURFACE_STYLE_USAGE ( .BOTH. , #9638 ) ;
#8526 = CARTESIAN_POINT ( 'NONE',  ( 3.549336364399683141, -4.800000000000000711, -0.6026877569194434292 ) ) ;
#8527 = LINE ( 'NONE', #10242, #13 ) ;
#8528 = VECTOR ( 'NONE', #3508, 1000.000000000000000 ) ;
#8529 = PLANE ( 'NONE',  #2718 ) ;
#8530 =( NAMED_UNIT ( * ) SI_UNIT ( $, .STERADIAN. ) SOLID_ANGLE_UNIT ( ) );
#8531 = AXIS2_PLACEMENT_3D ( 'NONE', #887, #8879, #4134 ) ;
#8532 = EDGE_CURVE ( 'NONE', #10315, #1264, #4532, .T. ) ;
#8533 = CARTESIAN_POINT ( 'NONE',  ( 1.569999999999999396, -6.700000000000000178, 0.8449999999999998623 ) ) ;
#8534 = FILL_AREA_STYLE ('',( #1224 ) ) ;
#8535 = FILL_AREA_STYLE ('',( #9384 ) ) ;
#8536 = DIRECTION ( 'NONE',  ( -0.000000000000000000, -0.000000000000000000, 1.000000000000000000 ) ) ;
#8537 = CARTESIAN_POINT ( 'NONE',  ( 1.582154531209707837, -0.4159691042201442146, 2.774999999999999911 ) ) ;
#8538 = SURFACE_STYLE_USAGE ( .BOTH. , #4398 ) ;
#8539 = ORIENTED_EDGE ( 'NONE', *, *, #4541, .T. ) ;
#8540 = PRESENTATION_STYLE_ASSIGNMENT (( #2444 ) ) ;
#8541 = FACE_OUTER_BOUND ( 'NONE', #8115, .T. ) ;
#8542 = COLOUR_RGB ( '',0.7529411764705882248, 0.7529411764705882248, 0.7529411764705882248 ) ;
#8543 = DIRECTION ( 'NONE',  ( 0.4625660066950217364, -0.8865848461654536328, 0.000000000000000000 ) ) ;
#8544 = PLANE ( 'NONE',  #10334 ) ;
#8545 = SURFACE_SIDE_STYLE ('',( #5199 ) ) ;
#8546 = EDGE_LOOP ( 'NONE', ( #336, #7194, #10481, #4400 ) ) ;
#8547 = ORIENTED_EDGE ( 'NONE', *, *, #8583, .T. ) ;
#8548 = ORIENTED_EDGE ( 'NONE', *, *, #5537, .F. ) ;
#8549 = EDGE_CURVE ( 'NONE', #4776, #327, #8496, .T. ) ;
#8550 = VECTOR ( 'NONE', #6814, 1000.000000000000000 ) ;
#8551 = DIRECTION ( 'NONE',  ( -0.5144957554275266798, 0.8574929257125439852, 0.000000000000000000 ) ) ;
#8552 = SURFACE_SIDE_STYLE ('',( #6740 ) ) ;
#8553 = DIRECTION ( 'NONE',  ( 0.000000000000000000, -1.000000000000000000, 0.000000000000000000 ) ) ;
#8554 = ORIENTED_EDGE ( 'NONE', *, *, #7792, .T. ) ;
#8555 = EDGE_CURVE ( 'NONE', #102, #5781, #2224, .T. ) ;
#8556 =( LENGTH_UNIT ( ) NAMED_UNIT ( * ) SI_UNIT ( .MILLI., .METRE. ) );
#8557 =( LENGTH_UNIT ( ) NAMED_UNIT ( * ) SI_UNIT ( .MILLI., .METRE. ) );
#8558 = AXIS2_PLACEMENT_3D ( 'NONE', #2182, #5403, #7195 ) ;
#8559 = DIRECTION ( 'NONE',  ( 0.000000000000000000, 1.000000000000000000, 0.000000000000000000 ) ) ;
#8560 = VERTEX_POINT ( 'NONE', #8840 ) ;
#8561 = COLOUR_RGB ( '',0.7529411764705882248, 0.7529411764705882248, 0.7529411764705882248 ) ;
#8562 = CARTESIAN_POINT ( 'NONE',  ( -0.9300000000000011591, -7.605096679918781355, 0.2049999999999999878 ) ) ;
#8563 = ORIENTED_EDGE ( 'NONE', *, *, #7455, .F. ) ;
#8564 = EDGE_CURVE ( 'NONE', #9744, #4567, #9477, .T. ) ;
#8565 =( GEOMETRIC_REPRESENTATION_CONTEXT ( 3 ) GLOBAL_UNCERTAINTY_ASSIGNED_CONTEXT ( ( #1635 ) ) GLOBAL_UNIT_ASSIGNED_CONTEXT ( ( #9231, #6919, #9426 ) ) REPRESENTATION_CONTEXT ( 'NONE', 'WORKASPACE' ) );
#8566 =( LENGTH_UNIT ( ) NAMED_UNIT ( * ) SI_UNIT ( .MILLI., .METRE. ) );
#8567 = SURFACE_SIDE_STYLE ('',( #2002 ) ) ;
#8568 = EDGE_CURVE ( 'NONE', #2316, #5970, #3943, .T. ) ;
#8569 = PLANE ( 'NONE',  #5124 ) ;
#8570 = CARTESIAN_POINT ( 'NONE',  ( -0.9300000000000011591, -6.700000000000000178, 0.2049999999999999878 ) ) ;
#8571 = CARTESIAN_POINT ( 'NONE',  ( -1.886902865494877402, 2.866194269010244877, -2.875999999999999890 ) ) ;
#8572 = ORIENTED_EDGE ( 'NONE', *, *, #4650, .T. ) ;
#8573 = COLOUR_RGB ( '',0.7529411764705882248, 0.7529411764705882248, 0.7529411764705882248 ) ;
#8574 = DIRECTION ( 'NONE',  ( 0.4432864055629590627, -0.8963800324879351855, 0.000000000000000000 ) ) ;
#8575 = ORIENTED_EDGE ( 'NONE', *, *, #10521, .T. ) ;
#8577 = VERTEX_POINT ( 'NONE', #4695 ) ;
#8576 = DIRECTION ( 'NONE',  ( 0.000000000000000000, -0.000000000000000000, -1.000000000000000000 ) ) ;
#8578 = DIRECTION ( 'NONE',  ( 0.000000000000000000, 0.000000000000000000, -1.000000000000000000 ) ) ;
#8579 = LINE ( 'NONE', #6921, #7231 ) ;
#8580 = COLOUR_RGB ( '',0.7529411764705882248, 0.7529411764705882248, 0.7529411764705882248 ) ;
#8581 = AXIS2_PLACEMENT_3D ( 'NONE', #2665, #9114, #4335 ) ;
#8582 = DIRECTION ( 'NONE',  ( -0.9405221620105692626, 0.3397323398897497682, 0.000000000000000000 ) ) ;
#8583 = EDGE_CURVE ( 'NONE', #7661, #1874, #5516, .T. ) ;
#8584 = DIRECTION ( 'NONE',  ( -0.9420644119633660996, 0.3354320254718045069, 0.000000000000000000 ) ) ;
#8585 = PRESENTATION_STYLE_ASSIGNMENT (( #2019 ) ) ;
#8586 = VERTEX_POINT ( 'NONE', #3830 ) ;
#8587 = COLOUR_RGB ( '',0.7529411764705882248, 0.7529411764705882248, 0.7529411764705882248 ) ;
#8588 = CARTESIAN_POINT ( 'NONE',  ( -1.341263678666835935, -0.1675123140966873203, 2.774999999999999911 ) ) ;
#8589 = STYLED_ITEM ( 'NONE', ( #483 ), #2995 ) ;
#8590 = VECTOR ( 'NONE', #443, 1000.000000000000000 ) ;
#8591 = FACE_OUTER_BOUND ( 'NONE', #850, .T. ) ;
#8592 = FILL_AREA_STYLE ('',( #6878 ) ) ;
#8593 = EDGE_LOOP ( 'NONE', ( #9947, #8964, #8321, #8677 ) ) ;
#8594 = CARTESIAN_POINT ( 'NONE',  ( -1.561363987308811208, -0.1493795980473046625, 2.774999999999999911 ) ) ;
#8595 = MECHANICAL_DESIGN_GEOMETRIC_PRESENTATION_REPRESENTATION (  '', ( #541 ), #9105 ) ;
#8596 = SURFACE_STYLE_FILL_AREA ( #7803 ) ;
#8597 = CARTESIAN_POINT ( 'NONE',  ( 1.504608234913410891, -0.1759999684176750678, 2.774999999999999911 ) ) ;
#8598 = FILL_AREA_STYLE_COLOUR ( '', #338 ) ;
#8599 = ORIENTED_EDGE ( 'NONE', *, *, #2524, .T. ) ;
#8600 = ORIENTED_EDGE ( 'NONE', *, *, #4279, .F. ) ;
#8601 = ORIENTED_EDGE ( 'NONE', *, *, #2414, .T. ) ;
#8602 =( GEOMETRIC_REPRESENTATION_CONTEXT ( 3 ) GLOBAL_UNCERTAINTY_ASSIGNED_CONTEXT ( ( #1926 ) ) GLOBAL_UNIT_ASSIGNED_CONTEXT ( ( #5987, #8667, #3611 ) ) REPRESENTATION_CONTEXT ( 'NONE', 'WORKASPACE' ) );
#8603 = STYLED_ITEM ( 'NONE', ( #2968 ), #4470 ) ;
#8604 = LINE ( 'NONE', #1341, #4836 ) ;
#8605 = PLANE ( 'NONE',  #4520 ) ;
#8606 = CARTESIAN_POINT ( 'NONE',  ( 0.9299999999999993827, -6.700000000000000178, 0.8449999999999998623 ) ) ;
#8607 = VERTEX_POINT ( 'NONE', #2976 ) ;
#8608 = CARTESIAN_POINT ( 'NONE',  ( 1.449999999999999512, 3.299999999999999822, 0.3249999999999999001 ) ) ;
#8609 = EDGE_CURVE ( 'NONE', #9169, #3547, #6273, .T. ) ;
#8610 =( NAMED_UNIT ( * ) PLANE_ANGLE_UNIT ( ) SI_UNIT ( $, .RADIAN. ) );
#8611 = COLOUR_RGB ( '',0.7529411764705882248, 0.7529411764705882248, 0.7529411764705882248 ) ;
#8612 = PRESENTATION_LAYER_ASSIGNMENT (  '', '', ( #733 ) ) ;
#8613 = DIRECTION ( 'NONE',  ( -1.000000000000000000, 0.000000000000000000, 0.000000000000000000 ) ) ;
#8614 = ORIENTED_EDGE ( 'NONE', *, *, #4988, .F. ) ;
#8615 = EDGE_CURVE ( 'NONE', #9774, #2926, #3095, .T. ) ;
#8616 = PLANE ( 'NONE',  #10395 ) ;
#8617 = EDGE_LOOP ( 'NONE', ( #3829, #9677, #10346, #1365 ) ) ;
#8618 = AXIS2_PLACEMENT_3D ( 'NONE', #6000, #5035, #4286 ) ;
#8619 = VECTOR ( 'NONE', #6177, 1000.000000000000000 ) ;
#8620 = PRESENTATION_STYLE_ASSIGNMENT (( #10398 ) ) ;
#8621 = LINE ( 'NONE', #8570, #7338 ) ;
#8622 = EDGE_CURVE ( 'NONE', #2713, #6328, #6159, .T. ) ;
#8623 = ORIENTED_EDGE ( 'NONE', *, *, #1234, .F. ) ;
#8624 = VECTOR ( 'NONE', #5138, 1000.000000000000000 ) ;
#8625 = ORIENTED_EDGE ( 'NONE', *, *, #10251, .F. ) ;
#8626 = EDGE_CURVE ( 'NONE', #4860, #1476, #9592, .T. ) ;
#8627 = ORIENTED_EDGE ( 'NONE', *, *, #2608, .F. ) ;
#8628 = VECTOR ( 'NONE', #3107, 1000.000000000000114 ) ;
#8629 = CARTESIAN_POINT ( 'NONE',  ( 1.586012555901065157, -0.2209459560719960469, 2.875000000000000000 ) ) ;
#8630 = FILL_AREA_STYLE_COLOUR ( '', #8120 ) ;
#8631 = CARTESIAN_POINT ( 'NONE',  ( -0.1796124440989347038, -0.9360308326152059211, 2.875000000000000000 ) ) ;
#8632 =( LENGTH_UNIT ( ) NAMED_UNIT ( * ) SI_UNIT ( .MILLI., .METRE. ) );
#8633 = ORIENTED_EDGE ( 'NONE', *, *, #3038, .T. ) ;
#8634 = CARTESIAN_POINT ( 'NONE',  ( -1.570000000000001172, -2.250000000000000000, 0.2049999999999999878 ) ) ;
#8635 = VERTEX_POINT ( 'NONE', #9534 ) ;
#8636 = PRESENTATION_LAYER_ASSIGNMENT (  '', '', ( #10545 ) ) ;
#8637 = SURFACE_SIDE_STYLE ('',( #1228 ) ) ;
#8638 = CARTESIAN_POINT ( 'NONE',  ( 0.4930200591917125452, -3.101766864349278841, 2.875000000000000000 ) ) ;
#8639 =( NAMED_UNIT ( * ) SI_UNIT ( $, .STERADIAN. ) SOLID_ANGLE_UNIT ( ) );
#8640 = EDGE_LOOP ( 'NONE', ( #928, #9478, #1253, #3146 ) ) ;
#8641 = CARTESIAN_POINT ( 'NONE',  ( 1.179955457135633434, -0.1451357708868107887, 2.774999999999999911 ) ) ;
#8642 = EDGE_CURVE ( 'NONE', #7887, #9732, #5455, .T. ) ;
#8643 = PRESENTATION_LAYER_ASSIGNMENT (  '', '', ( #7296 ) ) ;
#8644 = PLANE ( 'NONE',  #3037 ) ;
#8645 = CARTESIAN_POINT ( 'NONE',  ( 2.164957836983784745, -3.500000000000000000, -2.875000000000000000 ) ) ;
#8646 = DIRECTION ( 'NONE',  ( -0.8947757593455069047, 0.4465157785427872339, 0.000000000000000000 ) ) ;
#8647 = VERTEX_POINT ( 'NONE', #7244 ) ;
#8648 = VERTEX_POINT ( 'NONE', #3774 ) ;
#8649 = EDGE_LOOP ( 'NONE', ( #1294, #3835, #6286, #6933 ) ) ;
#8650 = VECTOR ( 'NONE', #10632, 1000.000000000000000 ) ;
#8651 = CARTESIAN_POINT ( 'NONE',  ( -1.886209666321156941, -1.127774659775699684, 2.774999999999999911 ) ) ;
#8652 = DIRECTION ( 'NONE',  ( 0.000000000000000000, 1.000000000000000000, 0.000000000000000000 ) ) ;
#8653 = LINE ( 'NONE', #7814, #7745 ) ;
#8654 = ORIENTED_EDGE ( 'NONE', *, *, #4985, .T. ) ;
#8655 = DIRECTION ( 'NONE',  ( -1.000000000000000000, 0.000000000000000000, -0.000000000000000000 ) ) ;
#8656 = PLANE ( 'NONE',  #5439 ) ;
#8657 = FACE_OUTER_BOUND ( 'NONE', #5456, .T. ) ;
#8658 = ADVANCED_FACE ( 'NONE', ( #626 ), #1475, .T. ) ;
#8659 = CARTESIAN_POINT ( 'NONE',  ( 2.638867494172670192, -0.4190555239732305925, 2.774999999999999911 ) ) ;
#8660 = ORIENTED_EDGE ( 'NONE', *, *, #10238, .T. ) ;
#8661 = LINE ( 'NONE', #2965, #7653 ) ;
#8662 = ORIENTED_EDGE ( 'NONE', *, *, #4743, .T. ) ;
#8663 = ADVANCED_FACE ( 'NONE', ( #8253 ), #8311, .T. ) ;
#8664 = CARTESIAN_POINT ( 'NONE',  ( 2.208504839851682888, -1.127774659775699684, 2.774999999999999911 ) ) ;
#8665 = STYLED_ITEM ( 'NONE', ( #3450 ), #8826 ) ;
#8666 =( NAMED_UNIT ( * ) SI_UNIT ( $, .STERADIAN. ) SOLID_ANGLE_UNIT ( ) );
#8667 =( NAMED_UNIT ( * ) PLANE_ANGLE_UNIT ( ) SI_UNIT ( $, .RADIAN. ) );
#8668 = FILL_AREA_STYLE_COLOUR ( '', #10633 ) ;
#8669 = LINE ( 'NONE', #1311, #3008 ) ;
#8670 = CARTESIAN_POINT ( 'NONE',  ( 0.7945387904689668046, -0.8413163264423664245, 2.875000000000000000 ) ) ;
#8671 = AXIS2_PLACEMENT_3D ( 'NONE', #5634, #4759, #4110 ) ;
#8672 = DIRECTION ( 'NONE',  ( -0.9405221620105701508, 0.3397323398897472146, 0.000000000000000000 ) ) ;
#8673 = VERTEX_POINT ( 'NONE', #3246 ) ;
#8674 = VECTOR ( 'NONE', #7917, 1000.000000000000000 ) ;
#8675 = DIRECTION ( 'NONE',  ( -0.000000000000000000, -0.000000000000000000, 1.000000000000000000 ) ) ;
#8676 = VERTEX_POINT ( 'NONE', #4798 ) ;
#8677 = ORIENTED_EDGE ( 'NONE', *, *, #8797, .T. ) ;
#8678 = EDGE_CURVE ( 'NONE', #5342, #7597, #1524, .T. ) ;
#8679 = STYLED_ITEM ( 'NONE', ( #7117 ), #1501 ) ;
#8680 = ORIENTED_EDGE ( 'NONE', *, *, #10067, .T. ) ;
#8681 = FILL_AREA_STYLE ('',( #6383 ) ) ;
#8682 = DIRECTION ( 'NONE',  ( 0.8956050898214434897, -0.4448500006585636712, 0.000000000000000000 ) ) ;
#8683 = VECTOR ( 'NONE', #7247, 1000.000000000000114 ) ;
#8684 = FILL_AREA_STYLE_COLOUR ( '', #3233 ) ;
#8685 = FACE_BOUND ( 'NONE', #10419, .T. ) ;
#8686 = PRESENTATION_STYLE_ASSIGNMENT (( #3838 ) ) ;
#8687 = UNCERTAINTY_MEASURE_WITH_UNIT (LENGTH_MEASURE( 1.000000000000000082E-05 ), #9990, 'distance_accuracy_value', 'NONE');
#8688 = DIRECTION ( 'NONE',  ( 0.000000000000000000, 1.000000000000000000, 0.000000000000000000 ) ) ;
#8689 = ORIENTED_EDGE ( 'NONE', *, *, #2424, .F. ) ;
#8690 =( NAMED_UNIT ( * ) SI_UNIT ( $, .STERADIAN. ) SOLID_ANGLE_UNIT ( ) );
#8691 = CARTESIAN_POINT ( 'NONE',  ( 0.6498628645430406525, -0.1277746597756997671, 2.875000000000000000 ) ) ;
#8692 = VERTEX_POINT ( 'NONE', #10619 ) ;
#8693 = SURFACE_SIDE_STYLE ('',( #6292 ) ) ;
#8694 = CARTESIAN_POINT ( 'NONE',  ( 1.449999999999999512, -6.899999999999999467, 0.7249999999999997558 ) ) ;
#8695 = LINE ( 'NONE', #4597, #10194 ) ;
#8696 = UNCERTAINTY_MEASURE_WITH_UNIT (LENGTH_MEASURE( 1.000000000000000082E-05 ), #4773, 'distance_accuracy_value', 'NONE');
#8697 = ORIENTED_EDGE ( 'NONE', *, *, #6450, .F. ) ;
#8698 = FILL_AREA_STYLE_COLOUR ( '', #2603 ) ;
#8699 = CARTESIAN_POINT ( 'NONE',  ( 2.552254839851682444, -0.1700200301460701169, 2.774999999999999911 ) ) ;
#8700 =( NAMED_UNIT ( * ) PLANE_ANGLE_UNIT ( ) SI_UNIT ( $, .RADIAN. ) );
#8701 = DIRECTION ( 'NONE',  ( 0.7071067811865412445, 0.7071067811865536790, 0.000000000000000000 ) ) ;
#8702 = AXIS2_PLACEMENT_3D ( 'NONE', #8925, #9030, #4177 ) ;
#8703 = LINE ( 'NONE', #1336, #8674 ) ;
#8704 = ORIENTED_EDGE ( 'NONE', *, *, #2368, .T. ) ;
#8705 = ORIENTED_EDGE ( 'NONE', *, *, #4938, .T. ) ;
#8706 = EDGE_LOOP ( 'NONE', ( #449, #4722, #9008, #9792 ) ) ;
#8707 = DIRECTION ( 'NONE',  ( 0.000000000000000000, 0.000000000000000000, 1.000000000000000000 ) ) ;
#8708 = CARTESIAN_POINT ( 'NONE',  ( 2.849999999999999645, -5.000000000000000000, -1.834005571755054076 ) ) ;
#8709 =( LENGTH_UNIT ( ) NAMED_UNIT ( * ) SI_UNIT ( .MILLI., .METRE. ) );
#8710 = FILL_AREA_STYLE_COLOUR ( '', #2063 ) ;
#8711 = ADVANCED_FACE ( 'NONE', ( #8954 ), #9100, .F. ) ;
#8712 = PRESENTATION_LAYER_ASSIGNMENT (  '', '', ( #5273 ) ) ;
#8713 = EDGE_LOOP ( 'NONE', ( #9536, #9302, #7144, #4996, #10468 ) ) ;
#8714 = SURFACE_STYLE_USAGE ( .BOTH. , #2101 ) ;
#8715 = UNCERTAINTY_MEASURE_WITH_UNIT (LENGTH_MEASURE( 1.000000000000000082E-05 ), #10205, 'distance_accuracy_value', 'NONE');
#8716 = SURFACE_SIDE_STYLE ('',( #6419 ) ) ;
#8717 = SURFACE_STYLE_FILL_AREA ( #7118 ) ;
#8718 = ORIENTED_EDGE ( 'NONE', *, *, #8475, .T. ) ;
#8719 = VECTOR ( 'NONE', #7583, 1000.000000000000000 ) ;
#8720 = ORIENTED_EDGE ( 'NONE', *, *, #3231, .T. ) ;
#8721 = DIRECTION ( 'NONE',  ( 0.000000000000000000, 1.000000000000000000, 0.000000000000000000 ) ) ;
#8722 = LINE ( 'NONE', #1357, #9730 ) ;
#8723 = DIRECTION ( 'NONE',  ( -0.8046372038048419384, -0.5937667641870209012, 0.000000000000000000 ) ) ;
#8724 = VECTOR ( 'NONE', #1062, 1000.000000000000227 ) ;
#8725 = FACE_OUTER_BOUND ( 'NONE', #10473, .T. ) ;
#8726 = STYLED_ITEM ( 'NONE', ( #3103 ), #38 ) ;
#8727 = FILL_AREA_STYLE ('',( #4529 ) ) ;
#8728 = ORIENTED_EDGE ( 'NONE', *, *, #9280, .F. ) ;
#8729 = CARTESIAN_POINT ( 'NONE',  ( 0.8934971238023000639, -1.088037005454712158, 2.875000000000000000 ) ) ;
#8730 = ORIENTED_EDGE ( 'NONE', *, *, #10462, .F. ) ;
#8731 = ORIENTED_EDGE ( 'NONE', *, *, #8811, .F. ) ;
#8732 = EDGE_CURVE ( 'NONE', #6894, #1203, #9806, .T. ) ;
#8734 = VERTEX_POINT ( 'NONE', #793 ) ;
#8733 = PLANE ( 'NONE',  #10610 ) ;
#8735 = LINE ( 'NONE', #7948, #2210 ) ;
#8736 = CARTESIAN_POINT ( 'NONE',  ( -1.570000000000001172, -7.605096679918781355, 0.2049999999999999878 ) ) ;
#8737 = LINE ( 'NONE', #8629, #5825 ) ;
#8738 = PRESENTATION_LAYER_ASSIGNMENT (  '', '', ( #5513 ) ) ;
#8739 = LINE ( 'NONE', #8631, #10220 ) ;
#8740 = CARTESIAN_POINT ( 'NONE',  ( -1.886902865494877402, 1.521456047850031412, -2.875999999999999890 ) ) ;
#8741 = ORIENTED_EDGE ( 'NONE', *, *, #4448, .T. ) ;
#8742 = DIRECTION ( 'NONE',  ( -0.000000000000000000, -0.000000000000000000, 1.000000000000000000 ) ) ;
#8743 = EDGE_CURVE ( 'NONE', #8296, #2823, #2452, .T. ) ;
#8744 = ADVANCED_FACE ( 'NONE', ( #6490 ), #5726, .T. ) ;
#8745 = EDGE_LOOP ( 'NONE', ( #3155, #5822, #10323, #1473 ) ) ;
#8746 =( LENGTH_UNIT ( ) NAMED_UNIT ( * ) SI_UNIT ( .MILLI., .METRE. ) );
#8747 = EDGE_CURVE ( 'NONE', #8201, #10004, #8203, .T. ) ;
#8748 = LINE ( 'NONE', #3206, #10622 ) ;
#8749 = DIRECTION ( 'NONE',  ( 0.000000000000000000, -0.000000000000000000, 1.000000000000000000 ) ) ;
#8750 = ORIENTED_EDGE ( 'NONE', *, *, #9217, .F. ) ;
#8751 =( LENGTH_UNIT ( ) NAMED_UNIT ( * ) SI_UNIT ( .MILLI., .METRE. ) );
#8752 = LINE ( 'NONE', #7965, #3607 ) ;
#8753 = DIRECTION ( 'NONE',  ( 1.000000000000000000, 0.000000000000000000, -0.000000000000000000 ) ) ;
#8754 = EDGE_CURVE ( 'NONE', #5342, #4577, #9054, .T. ) ;
#8755 =( NAMED_UNIT ( * ) SI_UNIT ( $, .STERADIAN. ) SOLID_ANGLE_UNIT ( ) );
#8756 = MECHANICAL_DESIGN_GEOMETRIC_PRESENTATION_REPRESENTATION (  '', ( #1362 ), #3764 ) ;
#8757 = VECTOR ( 'NONE', #1425, 1000.000000000000000 ) ;
#8758 =( GEOMETRIC_REPRESENTATION_CONTEXT ( 3 ) GLOBAL_UNCERTAINTY_ASSIGNED_CONTEXT ( ( #6791 ) ) GLOBAL_UNIT_ASSIGNED_CONTEXT ( ( #4975, #2206, #4920 ) ) REPRESENTATION_CONTEXT ( 'NONE', 'WORKASPACE' ) );
#8759 = ORIENTED_EDGE ( 'NONE', *, *, #256, .T. ) ;
#8760 = ORIENTED_EDGE ( 'NONE', *, *, #5094, .T. ) ;
#8761 = ORIENTED_EDGE ( 'NONE', *, *, #7628, .F. ) ;
#8762 = ADVANCED_FACE ( 'NONE', ( #10016 ), #7716, .T. ) ;
#8763 = LINE ( 'NONE', #5262, #7435 ) ;
#8764 = LINE ( 'NONE', #7813, #6065 ) ;
#8765 = EDGE_CURVE ( 'NONE', #2200, #9245, #3393, .T. ) ;
#8766 =( GEOMETRIC_REPRESENTATION_CONTEXT ( 3 ) GLOBAL_UNCERTAINTY_ASSIGNED_CONTEXT ( ( #8696 ) ) GLOBAL_UNIT_ASSIGNED_CONTEXT ( ( #4773, #7273, #4551 ) ) REPRESENTATION_CONTEXT ( 'NONE', 'WORKASPACE' ) );
#8767 = AXIS2_PLACEMENT_3D ( 'NONE', #1859, #4338, #7575 ) ;
#8768 = VERTEX_POINT ( 'NONE', #6695 ) ;
#8769 = FILL_AREA_STYLE ('',( #3020 ) ) ;
#8770 =( NAMED_UNIT ( * ) SI_UNIT ( $, .STERADIAN. ) SOLID_ANGLE_UNIT ( ) );
#8771 = CARTESIAN_POINT ( 'NONE',  ( 1.549554222567732342, -0.2209459560719960469, 2.774999999999999911 ) ) ;
#8772 =( NAMED_UNIT ( * ) PLANE_ANGLE_UNIT ( ) SI_UNIT ( $, .RADIAN. ) );
#8773 = VERTEX_POINT ( 'NONE', #2599 ) ;
#8774 = DIRECTION ( 'NONE',  ( 1.000000000000000000, 0.000000000000000000, 0.000000000000000000 ) ) ;
#8775 = ORIENTED_EDGE ( 'NONE', *, *, #155, .F. ) ;
#8776 =( NAMED_UNIT ( * ) SI_UNIT ( $, .STERADIAN. ) SOLID_ANGLE_UNIT ( ) );
#8777 = AXIS2_PLACEMENT_3D ( 'NONE', #3852, #8808, #1233 ) ;
#8778 = STYLED_ITEM ( 'NONE', ( #10392 ), #4440 ) ;
#8779 = LINE ( 'NONE', #1310, #3409 ) ;
#8780 = PRESENTATION_STYLE_ASSIGNMENT (( #8047 ) ) ;
#8781 = DIRECTION ( 'NONE',  ( -0.8937052993893640496, -0.4486544748950654915, 0.000000000000000000 ) ) ;
#8782 =( NAMED_UNIT ( * ) PLANE_ANGLE_UNIT ( ) SI_UNIT ( $, .RADIAN. ) );
#8783 = EDGE_LOOP ( 'NONE', ( #982, #8100, #5209, #8243 ) ) ;
#8784 = CARTESIAN_POINT ( 'NONE',  ( -0.1796124440989347038, -0.9744181782942182846, 2.774999999999999911 ) ) ;
#8785 = ORIENTED_EDGE ( 'NONE', *, *, #8754, .T. ) ;
#8786 = MECHANICAL_DESIGN_GEOMETRIC_PRESENTATION_REPRESENTATION (  '', ( #6224 ), #10328 ) ;
#8787 = VECTOR ( 'NONE', #1292, 1000.000000000000000 ) ;
#8788 = ORIENTED_EDGE ( 'NONE', *, *, #4081, .T. ) ;
#8789 = DIRECTION ( 'NONE',  ( 0.4574957109978134429, -0.7624928516630232744, -0.4574957109978147196 ) ) ;
#8790 = DIRECTION ( 'NONE',  ( 0.4386881966140460110, 0.8986393415333628898, 0.000000000000000000 ) ) ;
#8791 = PRESENTATION_LAYER_ASSIGNMENT (  '', '', ( #7445 ) ) ;
#8792 = CARTESIAN_POINT ( 'NONE',  ( 1.569999999999999396, -7.605096679918781355, 0.2049999999999998768 ) ) ;
#8793 = UNCERTAINTY_MEASURE_WITH_UNIT (LENGTH_MEASURE( 1.000000000000000082E-05 ), #2898, 'distance_accuracy_value', 'NONE');
#8794 = LINE ( 'NONE', #5408, #2790 ) ;
#8795 = VERTEX_POINT ( 'NONE', #6848 ) ;
#8796 =( NAMED_UNIT ( * ) SI_UNIT ( $, .STERADIAN. ) SOLID_ANGLE_UNIT ( ) );
#8797 = EDGE_CURVE ( 'NONE', #8294, #2600, #9159, .T. ) ;
#8798 = ORIENTED_EDGE ( 'NONE', *, *, #6109, .F. ) ;
#8799 = EDGE_CURVE ( 'NONE', #7985, #8885, #5111, .T. ) ;
#8800 = VECTOR ( 'NONE', #9060, 1000.000000000000114 ) ;
#8801 = VECTOR ( 'NONE', #2216, 1000.000000000000114 ) ;
#8802 = PLANE ( 'NONE',  #6923 ) ;
#8803 = ADVANCED_FACE ( 'NONE', ( #5214 ), #10121, .T. ) ;
#8804 = CARTESIAN_POINT ( 'NONE',  ( -1.687157287525381966, -4.289853386497013865, 0.8450000000000000844 ) ) ;
#8805 = EDGE_CURVE ( 'NONE', #8008, #755, #6030, .T. ) ;
#8806 = UNCERTAINTY_MEASURE_WITH_UNIT (LENGTH_MEASURE( 1.000000000000000082E-05 ), #9663, 'distance_accuracy_value', 'NONE');
#8807 = ORIENTED_EDGE ( 'NONE', *, *, #6956, .F. ) ;
#8808 = DIRECTION ( 'NONE',  ( -0.4448500006585637268, -0.8956050898214434897, 0.000000000000000000 ) ) ;
#8809 = CARTESIAN_POINT ( 'NONE',  ( 2.487054222567732342, -0.1491866968127367743, 2.774999999999999911 ) ) ;
#8810 = PRESENTATION_LAYER_ASSIGNMENT (  '', '', ( #2799 ) ) ;
#8811 = EDGE_CURVE ( 'NONE', #4473, #6845, #1945, .T. ) ;
#8812 = VERTEX_POINT ( 'NONE', #284 ) ;
#8813 = VERTEX_POINT ( 'NONE', #1791 ) ;
#8814 = ORIENTED_EDGE ( 'NONE', *, *, #4013, .F. ) ;
#8815 = LINE ( 'NONE', #7379, #3461 ) ;
#8816 =( LENGTH_UNIT ( ) NAMED_UNIT ( * ) SI_UNIT ( .MILLI., .METRE. ) );
#8817 = CARTESIAN_POINT ( 'NONE',  ( 0.7358968151603249019, -1.189503054837428131, 2.774999999999999911 ) ) ;
#8818 = AXIS2_PLACEMENT_3D ( 'NONE', #390, #2806, #9463 ) ;
#8819 =( GEOMETRIC_REPRESENTATION_CONTEXT ( 3 ) GLOBAL_UNCERTAINTY_ASSIGNED_CONTEXT ( ( #7963 ) ) GLOBAL_UNIT_ASSIGNED_CONTEXT ( ( #8933, #9680, #4727 ) ) REPRESENTATION_CONTEXT ( 'NONE', 'WORKASPACE' ) );
#8820 =( NAMED_UNIT ( * ) PLANE_ANGLE_UNIT ( ) SI_UNIT ( $, .RADIAN. ) );
#8821 = VERTEX_POINT ( 'NONE', #6089 ) ;
#8822 = LINE ( 'NONE', #9627, #6803 ) ;
#8823 = UNCERTAINTY_MEASURE_WITH_UNIT (LENGTH_MEASURE( 1.000000000000000082E-05 ), #3314, 'distance_accuracy_value', 'NONE');
#8824 = DIRECTION ( 'NONE',  ( 0.000000000000000000, 0.000000000000000000, -1.000000000000000000 ) ) ;
#8826 = ADVANCED_FACE ( 'NONE', ( #4367, #7659, #5274, #1202, #5068 ), #994, .T. ) ;
#8825 = CARTESIAN_POINT ( 'NONE',  ( 1.366876753431929714, -0.1277746597756997671, 2.774999999999999911 ) ) ;
#8827 = ORIENTED_EDGE ( 'NONE', *, *, #5042, .T. ) ;
#8828 = VECTOR ( 'NONE', #5579, 1000.000000000000000 ) ;
#8829 = VECTOR ( 'NONE', #810, 1000.000000000000114 ) ;
#8830 = FACE_OUTER_BOUND ( 'NONE', #577, .T. ) ;
#8831 = ORIENTED_EDGE ( 'NONE', *, *, #2863, .F. ) ;
#8832 = CARTESIAN_POINT ( 'NONE',  ( -1.778763678666835935, -1.088037005454712158, 2.774999999999999911 ) ) ;
#8833 = DIRECTION ( 'NONE',  ( -0.7120341740651759954, 0.7021448105364894721, 0.000000000000000000 ) ) ;
#8834 = FILL_AREA_STYLE ('',( #4686 ) ) ;
#8835 = STYLED_ITEM ( 'NONE', ( #8424 ), #8418 ) ;
#8836 =( NAMED_UNIT ( * ) PLANE_ANGLE_UNIT ( ) SI_UNIT ( $, .RADIAN. ) );
#8837 =( NAMED_UNIT ( * ) SI_UNIT ( $, .STERADIAN. ) SOLID_ANGLE_UNIT ( ) );
#8838 = PLANE ( 'NONE',  #6351 ) ;
#8839 = VERTEX_POINT ( 'NONE', #5332 ) ;
#8840 = CARTESIAN_POINT ( 'NONE',  ( 2.487054222567732342, -0.1491866968127367743, 2.774999999999999911 ) ) ;
#8841 = ORIENTED_EDGE ( 'NONE', *, *, #9643, .T. ) ;
#8842 =( GEOMETRIC_REPRESENTATION_CONTEXT ( 3 ) GLOBAL_UNCERTAINTY_ASSIGNED_CONTEXT ( ( #7086 ) ) GLOBAL_UNIT_ASSIGNED_CONTEXT ( ( #6630, #10553, #3228 ) ) REPRESENTATION_CONTEXT ( 'NONE', 'WORKASPACE' ) );
#8843 = MECHANICAL_DESIGN_GEOMETRIC_PRESENTATION_REPRESENTATION (  '', ( #4544 ), #4036 ) ;
#8845 = ORIENTED_EDGE ( 'NONE', *, *, #2740, .F. ) ;
#8844 =( NAMED_UNIT ( * ) SI_UNIT ( $, .STERADIAN. ) SOLID_ANGLE_UNIT ( ) );
#8846 = CARTESIAN_POINT ( 'NONE',  ( -2.169388678666835713, -1.088037005454712158, 2.875000000000000000 ) ) ;
#8847 = DIRECTION ( 'NONE',  ( -1.000000000000000000, -0.000000000000000000, -0.000000000000000000 ) ) ;
#8848 = EDGE_CURVE ( 'NONE', #4740, #4112, #8661, .T. ) ;
#8849 = SURFACE_STYLE_FILL_AREA ( #4489 ) ;
#8850 = STYLED_ITEM ( 'NONE', ( #1831 ), #9075 ) ;
#8851 = PRESENTATION_STYLE_ASSIGNMENT (( #2294 ) ) ;
#8852 = ORIENTED_EDGE ( 'NONE', *, *, #8336, .F. ) ;
#8853 = DIRECTION ( 'NONE',  ( -3.061276722312012491E-16, -0.000000000000000000, -1.000000000000000000 ) ) ;
#8854 = COLOUR_RGB ( '',0.7529411764705882248, 0.7529411764705882248, 0.7529411764705882248 ) ;
#8855 =( NAMED_UNIT ( * ) SI_UNIT ( $, .STERADIAN. ) SOLID_ANGLE_UNIT ( ) );
#8856 = ORIENTED_EDGE ( 'NONE', *, *, #2498, .T. ) ;
#8857 = VECTOR ( 'NONE', #7589, 1000.000000000000227 ) ;
#8858 =( GEOMETRIC_REPRESENTATION_CONTEXT ( 3 ) GLOBAL_UNCERTAINTY_ASSIGNED_CONTEXT ( ( #5061 ) ) GLOBAL_UNIT_ASSIGNED_CONTEXT ( ( #6321, #5667, #3137 ) ) REPRESENTATION_CONTEXT ( 'NONE', 'WORKASPACE' ) );
#8859 = AXIS2_PLACEMENT_3D ( 'NONE', #2023, #6930, #10197 ) ;
#8860 = FILL_AREA_STYLE_COLOUR ( '', #7612 ) ;
#8861 = DIRECTION ( 'NONE',  ( -0.000000000000000000, -0.000000000000000000, 1.000000000000000000 ) ) ;
#8862 =( GEOMETRIC_REPRESENTATION_CONTEXT ( 3 ) GLOBAL_UNCERTAINTY_ASSIGNED_CONTEXT ( ( #9458 ) ) GLOBAL_UNIT_ASSIGNED_CONTEXT ( ( #527, #7842, #3782 ) ) REPRESENTATION_CONTEXT ( 'NONE', 'WORKASPACE' ) );
#8863 = ORIENTED_EDGE ( 'NONE', *, *, #2414, .F. ) ;
#8864 = FACE_OUTER_BOUND ( 'NONE', #4694, .T. ) ;
#8865 = FILL_AREA_STYLE ('',( #2360 ) ) ;
#8866 =( GEOMETRIC_REPRESENTATION_CONTEXT ( 3 ) GLOBAL_UNCERTAINTY_ASSIGNED_CONTEXT ( ( #6472 ) ) GLOBAL_UNIT_ASSIGNED_CONTEXT ( ( #2058, #1757, #9420 ) ) REPRESENTATION_CONTEXT ( 'NONE', 'WORKASPACE' ) );
#8867 = DIRECTION ( 'NONE',  ( -0.000000000000000000, -0.7071067811865491270, -0.7071067811865460184 ) ) ;
#8868 = CARTESIAN_POINT ( 'NONE',  ( 2.640942375647713725, -4.800000000000000711, -1.020803005624015380 ) ) ;
#8869 = ORIENTED_EDGE ( 'NONE', *, *, #692, .T. ) ;
#8870 = VERTEX_POINT ( 'NONE', #6206 ) ;
#8871 = EDGE_LOOP ( 'NONE', ( #4266, #6789, #6480, #429 ) ) ;
#8872 = VECTOR ( 'NONE', #1884, 1000.000000000000000 ) ;
#8873 = ADVANCED_FACE ( 'NONE', ( #4681 ), #8616, .T. ) ;
#8874 = DIRECTION ( 'NONE',  ( -0.000000000000000000, -0.000000000000000000, 1.000000000000000000 ) ) ;
#8875 = DIRECTION ( 'NONE',  ( -0.000000000000000000, -0.000000000000000000, 1.000000000000000000 ) ) ;
#8876 = VERTEX_POINT ( 'NONE', #1252 ) ;
#8877 = PLANE ( 'NONE',  #5603 ) ;
#8878 = VECTOR ( 'NONE', #5942, 1000.000000000000000 ) ;
#8879 = DIRECTION ( 'NONE',  ( -0.2653154108786657805, -0.9641616735539142446, 0.000000000000000000 ) ) ;
#8880 = STYLED_ITEM ( 'NONE', ( #4033 ), #2257 ) ;
#8881 = PRESENTATION_STYLE_ASSIGNMENT (( #8939 ) ) ;
#8882 = DIRECTION ( 'NONE',  ( 0.000000000000000000, 1.000000000000000000, 0.000000000000000000 ) ) ;
#8883 = ADVANCED_FACE ( 'NONE', ( #8830 ), #10224, .F. ) ;
#8884 = FILL_AREA_STYLE_COLOUR ( '', #5584 ) ;
#8885 = VERTEX_POINT ( 'NONE', #10276 ) ;
#8886 = VECTOR ( 'NONE', #6688, 1000.000000000000114 ) ;
#8887 = CARTESIAN_POINT ( 'NONE',  ( 2.162980148493658383, -0.1491866968127367743, 2.875000000000000000 ) ) ;
#8888 = FILL_AREA_STYLE_COLOUR ( '', #5725 ) ;
#8889 =( NAMED_UNIT ( * ) PLANE_ANGLE_UNIT ( ) SI_UNIT ( $, .RADIAN. ) );
#8890 = EDGE_CURVE ( 'NONE', #5502, #5528, #3079, .T. ) ;
#8891 = CARTESIAN_POINT ( 'NONE',  ( -1.942151024345848187, -0.2091789807633540610, 2.774999999999999911 ) ) ;
#8892 = DIRECTION ( 'NONE',  ( -0.4413934091740803756, -0.8973136900424972806, 0.000000000000000000 ) ) ;
#8893 = LINE ( 'NONE', #4791, #5490 ) ;
#8894 = SURFACE_STYLE_FILL_AREA ( #6538 ) ;
#8895 = VECTOR ( 'NONE', #8875, 1000.000000000000000 ) ;
#8896 = MECHANICAL_DESIGN_GEOMETRIC_PRESENTATION_REPRESENTATION (  '', ( #4931 ), #2364 ) ;
#8897 = EDGE_CURVE ( 'NONE', #1203, #5983, #6366, .T. ) ;
#8898 = ORIENTED_EDGE ( 'NONE', *, *, #3055, .T. ) ;
#8899 = CARTESIAN_POINT ( 'NONE',  ( -1.570000000000001172, -4.489853386497013155, 0.000000000000000000 ) ) ;
#8900 = VERTEX_POINT ( 'NONE', #3812 ) ;
#8901 = SURFACE_STYLE_USAGE ( .BOTH. , #5628 ) ;
#8902 = EDGE_CURVE ( 'NONE', #1396, #10159, #9634, .T. ) ;
#8903 = STYLED_ITEM ( 'NONE', ( #311 ), #10127 ) ;
#8905 = ORIENTED_EDGE ( 'NONE', *, *, #5736, .T. ) ;
#8904 = LINE ( 'NONE', #797, #7360 ) ;
#8906 = LINE ( 'NONE', #578, #5652 ) ;
#8907 = LINE ( 'NONE', #5682, #3259 ) ;
#8908 = CARTESIAN_POINT ( 'NONE',  ( 1.357038790468966916, -0.7550894745905145644, 2.774999999999999911 ) ) ;
#8909 = SURFACE_STYLE_FILL_AREA ( #6606 ) ;
#8910 = UNCERTAINTY_MEASURE_WITH_UNIT (LENGTH_MEASURE( 1.000000000000000082E-05 ), #9761, 'distance_accuracy_value', 'NONE');
#8911 = FACE_OUTER_BOUND ( 'NONE', #10026, .T. ) ;
#8912 = VERTEX_POINT ( 'NONE', #5383 ) ;
#8913 = SURFACE_SIDE_STYLE ('',( #7304 ) ) ;
#8914 = CARTESIAN_POINT ( 'NONE',  ( 2.272058823529412130, -1.363235294117648433, 0.000000000000000000 ) ) ;
#8915 = ORIENTED_EDGE ( 'NONE', *, *, #3422, .T. ) ;
#8916 =( NAMED_UNIT ( * ) SI_UNIT ( $, .STERADIAN. ) SOLID_ANGLE_UNIT ( ) );
#8917 = CARTESIAN_POINT ( 'NONE',  ( 1.569999999999999396, -7.605096679918781355, 0.2049999999999998768 ) ) ;
#8918 = CARTESIAN_POINT ( 'NONE',  ( -1.570000000000001172, -7.605096679918781355, 0.2049999999999999878 ) ) ;
#8919 = ADVANCED_FACE ( 'NONE', ( #3762 ), #7123, .T. ) ;
#8920 = UNCERTAINTY_MEASURE_WITH_UNIT (LENGTH_MEASURE( 1.000000000000000082E-05 ), #9286, 'distance_accuracy_value', 'NONE');
#8921 = COLOUR_RGB ( '',0.7529411764705882248, 0.7529411764705882248, 0.7529411764705882248 ) ;
#8922 = ORIENTED_EDGE ( 'NONE', *, *, #4158, .F. ) ;
#8923 = DIRECTION ( 'NONE',  ( 0.7071067811865510144, -0.7071067811865441310, 0.000000000000000000 ) ) ;
#8924 = SURFACE_STYLE_FILL_AREA ( #8865 ) ;
#8925 = CARTESIAN_POINT ( 'NONE',  ( 0.8934971238023000639, -1.088037005454712158, 2.774999999999999911 ) ) ;
#8926 = LINE ( 'NONE', #6567, #9475 ) ;
#8927 = DIRECTION ( 'NONE',  ( -0.000000000000000000, -0.000000000000000000, 1.000000000000000000 ) ) ;
#8928 =( GEOMETRIC_REPRESENTATION_CONTEXT ( 3 ) GLOBAL_UNCERTAINTY_ASSIGNED_CONTEXT ( ( #2140 ) ) GLOBAL_UNIT_ASSIGNED_CONTEXT ( ( #899, #7604, #9001 ) ) REPRESENTATION_CONTEXT ( 'NONE', 'WORKASPACE' ) );
#8929 = EDGE_LOOP ( 'NONE', ( #3192, #1876, #6400, #322 ) ) ;
#8930 = ADVANCED_FACE ( 'NONE', ( #7446 ), #672, .T. ) ;
#8931 = LINE ( 'NONE', #3862, #4664 ) ;
#8932 = DIRECTION ( 'NONE',  ( 1.000000000000000000, 1.239088197126291063E-16, -0.000000000000000000 ) ) ;
#8933 =( LENGTH_UNIT ( ) NAMED_UNIT ( * ) SI_UNIT ( .MILLI., .METRE. ) );
#8934 = EDGE_LOOP ( 'NONE', ( #5563, #5215, #2061, #6255 ) ) ;
#8935 = UNCERTAINTY_MEASURE_WITH_UNIT (LENGTH_MEASURE( 1.000000000000000082E-05 ), #5438, 'distance_accuracy_value', 'NONE');
#8936 = VECTOR ( 'NONE', #1943, 1000.000000000000000 ) ;
#8937 = STYLED_ITEM ( 'NONE', ( #1063 ), #5929 ) ;
#8938 = CARTESIAN_POINT ( 'NONE',  ( 1.926676136147978724, -0.2572113881707613903, 2.774999999999999911 ) ) ;
#8939 = SURFACE_STYLE_USAGE ( .BOTH. , #6312 ) ;
#8940 = EDGE_CURVE ( 'NONE', #1784, #798, #832, .T. ) ;
#8941 = VERTEX_POINT ( 'NONE', #1459 ) ;
#8942 = ORIENTED_EDGE ( 'NONE', *, *, #8732, .F. ) ;
#8943 = VERTEX_POINT ( 'NONE', #3989 ) ;
#8944 = VECTOR ( 'NONE', #5648, 1000.000000000000114 ) ;
#8945 = CARTESIAN_POINT ( 'NONE',  ( -0.03956614780263817410, -0.9346805239732307591, 2.875000000000000000 ) ) ;
#8946 = EDGE_CURVE ( 'NONE', #946, #4646, #7285, .T. ) ;
#8947 = SURFACE_STYLE_FILL_AREA ( #1414 ) ;
#8948 = ADVANCED_FACE ( 'NONE', ( #2381 ), #10607, .T. ) ;
#8949 = DIRECTION ( 'NONE',  ( 1.000000000000000000, 0.000000000000000000, 0.000000000000000000 ) ) ;
#8950 = STYLED_ITEM ( 'NONE', ( #6427 ), #6495 ) ;
#8951 = VECTOR ( 'NONE', #1484, 1000.000000000000000 ) ;
#8952 = DIRECTION ( 'NONE',  ( -0.7071067811865517916, 0.7071067811865431318, 0.000000000000000000 ) ) ;
#8953 = VERTEX_POINT ( 'NONE', #9299 ) ;
#8954 = FACE_OUTER_BOUND ( 'NONE', #1665, .T. ) ;
#8955 = ORIENTED_EDGE ( 'NONE', *, *, #9706, .T. ) ;
#8956 = COLOUR_RGB ( '',0.7529411764705882248, 0.7529411764705882248, 0.7529411764705882248 ) ;
#8957 =( GEOMETRIC_REPRESENTATION_CONTEXT ( 3 ) GLOBAL_UNCERTAINTY_ASSIGNED_CONTEXT ( ( #3740 ) ) GLOBAL_UNIT_ASSIGNED_CONTEXT ( ( #3513, #3616, #140 ) ) REPRESENTATION_CONTEXT ( 'NONE', 'WORKASPACE' ) );
#8958 = EDGE_CURVE ( 'NONE', #4318, #8692, #7539, .T. ) ;
#8959 = ORIENTED_EDGE ( 'NONE', *, *, #3094, .T. ) ;
#8960 = FILL_AREA_STYLE_COLOUR ( '', #3916 ) ;
#8961 = DIRECTION ( 'NONE',  ( 1.000000000000000000, 0.000000000000000000, 0.000000000000000000 ) ) ;
#8962 = DIRECTION ( 'NONE',  ( 0.3139752599375281727, -0.9494311645122892607, 0.000000000000000000 ) ) ;
#8963 = FILL_AREA_STYLE_COLOUR ( '', #3300 ) ;
#8964 = ORIENTED_EDGE ( 'NONE', *, *, #4063, .F. ) ;
#8965 = PRESENTATION_STYLE_ASSIGNMENT (( #10519 ) ) ;
#8966 = LINE ( 'NONE', #7307, #5204 ) ;
#8967 = EDGE_LOOP ( 'NONE', ( #3773, #7979, #6275, #4575 ) ) ;
#8968 = CARTESIAN_POINT ( 'NONE',  ( -2.072938061382885611, -1.127774659775699684, 2.875000000000000000 ) ) ;
#8969 = DIRECTION ( 'NONE',  ( 1.000000000000000000, 1.239088197126291063E-16, -0.000000000000000000 ) ) ;
#8970 =( GEOMETRIC_REPRESENTATION_CONTEXT ( 3 ) GLOBAL_UNCERTAINTY_ASSIGNED_CONTEXT ( ( #219 ) ) GLOBAL_UNIT_ASSIGNED_CONTEXT ( ( #7101, #2252, #9669 ) ) REPRESENTATION_CONTEXT ( 'NONE', 'WORKASPACE' ) );
#8971 = STYLED_ITEM ( 'NONE', ( #3752 ), #4850 ) ;
#8972 = EDGE_LOOP ( 'NONE', ( #6029, #7947, #2453, #4779 ) ) ;
#8973 =( LENGTH_UNIT ( ) NAMED_UNIT ( * ) SI_UNIT ( .MILLI., .METRE. ) );
#8974 = PRESENTATION_STYLE_ASSIGNMENT (( #7426 ) ) ;
#8975 = CARTESIAN_POINT ( 'NONE',  ( -3.700000000000001510, 3.499999999999999112, 1.898270704789492003 ) ) ;
#8976 = DIRECTION ( 'NONE',  ( -1.000000000000000000, 0.000000000000000000, 0.000000000000000000 ) ) ;
#8977 = PRESENTATION_LAYER_ASSIGNMENT (  '', '', ( #5887 ) ) ;
#8978 =( GEOMETRIC_REPRESENTATION_CONTEXT ( 3 ) GLOBAL_UNCERTAINTY_ASSIGNED_CONTEXT ( ( #866 ) ) GLOBAL_UNIT_ASSIGNED_CONTEXT ( ( #8746, #2353, #7309 ) ) REPRESENTATION_CONTEXT ( 'NONE', 'WORKASPACE' ) );
#8979 = LINE ( 'NONE', #8179, #9355 ) ;
#8980 = CARTESIAN_POINT ( 'NONE',  ( -0.1470121354569592087, -0.8266558326152059211, 2.875000000000000000 ) ) ;
#8981 = DIRECTION ( 'NONE',  ( -0.000000000000000000, -0.000000000000000000, 1.000000000000000000 ) ) ;
#8982 = PRESENTATION_STYLE_ASSIGNMENT (( #5707 ) ) ;
#8983 = VERTEX_POINT ( 'NONE', #9141 ) ;
#8984 = FILL_AREA_STYLE ('',( #2681 ) ) ;
#8985 = DIRECTION ( 'NONE',  ( -0.2730036855746332258, -0.9620129872629926693, 0.000000000000000000 ) ) ;
#8986 = DIRECTION ( 'NONE',  ( -0.7071067811865536790, -0.7071067811865412445, 0.000000000000000000 ) ) ;
#8987 = LINE ( 'NONE', #8290, #10129 ) ;
#8988 = DIRECTION ( 'NONE',  ( -0.000000000000000000, 0.000000000000000000, 1.000000000000000000 ) ) ;
#8989 = SURFACE_SIDE_STYLE ('',( #5711 ) ) ;
#8990 = EDGE_LOOP ( 'NONE', ( #5796, #7714, #5727, #7391, #552, #7133, #8730, #2588, #6409, #1241, #5691, #1492, #5545, #3059, #4507, #1349, #7717, #10081, #9414, #5874, #6654, #2937, #4421, #10442, #5179 ) ) ;
#8991 = ORIENTED_EDGE ( 'NONE', *, *, #8477, .F. ) ;
#8992 = ORIENTED_EDGE ( 'NONE', *, *, #658, .F. ) ;
#8993 = VECTOR ( 'NONE', #6325, 1000.000000000000114 ) ;
#8994 = COLOUR_RGB ( '',0.7529411764705882248, 0.7529411764705882248, 0.7529411764705882248 ) ;
#8995 = SURFACE_SIDE_STYLE ('',( #5715 ) ) ;
#8996 = DIRECTION ( 'NONE',  ( -0.9602954812008606122, -0.2789849257311359798, 0.000000000000000000 ) ) ;
#8997 = CARTESIAN_POINT ( 'NONE',  ( -0.09222818483967543113, -0.8266558326152059211, 2.774999999999999911 ) ) ;
#8998 =( LENGTH_UNIT ( ) NAMED_UNIT ( * ) SI_UNIT ( .MILLI., .METRE. ) );
#8999 = EDGE_CURVE ( 'NONE', #7517, #6501, #1775, .T. ) ;
#9000 = DIRECTION ( 'NONE',  ( -0.000000000000000000, -0.000000000000000000, 1.000000000000000000 ) ) ;
#9001 =( NAMED_UNIT ( * ) SI_UNIT ( $, .STERADIAN. ) SOLID_ANGLE_UNIT ( ) );
#9002 = VECTOR ( 'NONE', #6580, 1000.000000000000000 ) ;
#9003 = MECHANICAL_DESIGN_GEOMETRIC_PRESENTATION_REPRESENTATION (  '', ( #2124 ), #3322 ) ;
#9004 = PLANE ( 'NONE',  #10359 ) ;
#9005 = ORIENTED_EDGE ( 'NONE', *, *, #5613, .T. ) ;
#9006 = EDGE_CURVE ( 'NONE', #10522, #2802, #6831, .T. ) ;
#9007 = CARTESIAN_POINT ( 'NONE',  ( -1.570000000000001172, 0.000000000000000000, 0.4049999999999999711 ) ) ;
#9008 = ORIENTED_EDGE ( 'NONE', *, *, #4747, .T. ) ;
#9009 = FACE_OUTER_BOUND ( 'NONE', #3800, .T. ) ;
#9010 = LINE ( 'NONE', #8316, #9787 ) ;
#9011 = DIRECTION ( 'NONE',  ( -0.4076508403738874908, -0.9131378824375118164, 0.000000000000000000 ) ) ;
#9012 = DIRECTION ( 'NONE',  ( 0.7013465219287904340, -0.7128204936576870709, 0.000000000000000000 ) ) ;
#9013 = CARTESIAN_POINT ( 'NONE',  ( 0.03913755590106548360, -1.106362622738662704, 2.875000000000000000 ) ) ;
#9014 = EDGE_LOOP ( 'NONE', ( #9277, #8841, #5540, #3703 ) ) ;
#9016 =( NAMED_UNIT ( * ) SI_UNIT ( $, .STERADIAN. ) SOLID_ANGLE_UNIT ( ) );
#9015 = AXIS2_PLACEMENT_3D ( 'NONE', #2485, #15, #7384 ) ;
#9017 = VECTOR ( 'NONE', #7566, 1000.000000000000000 ) ;
#9018 = DIRECTION ( 'NONE',  ( -0.000000000000000000, -0.000000000000000000, 1.000000000000000000 ) ) ;
#9019 = ORIENTED_EDGE ( 'NONE', *, *, #6251, .T. ) ;
#9020 = EDGE_CURVE ( 'NONE', #10620, #3200, #6736, .T. ) ;
#9021 = COLOUR_RGB ( '',0.7529411764705882248, 0.7529411764705882248, 0.7529411764705882248 ) ;
#9022 = LINE ( 'NONE', #5851, #2201 ) ;
#9023 = VECTOR ( 'NONE', #2108, 1000.000000000000000 ) ;
#9024 = UNCERTAINTY_MEASURE_WITH_UNIT (LENGTH_MEASURE( 1.000000000000000082E-05 ), #10587, 'distance_accuracy_value', 'NONE');
#9025 = VERTEX_POINT ( 'NONE', #7643 ) ;
#9026 = PRESENTATION_STYLE_ASSIGNMENT (( #707 ) ) ;
#9027 = LINE ( 'NONE', #8809, #6641 ) ;
#9029 = VECTOR ( 'NONE', #4289, 1000.000000000000000 ) ;
#9028 = LINE ( 'NONE', #758, #713 ) ;
#9030 = DIRECTION ( 'NONE',  ( 0.7517355096187797736, 0.6594647250446330489, 0.000000000000000000 ) ) ;
#9031 = DIRECTION ( 'NONE',  ( 0.000000000000000000, -1.000000000000000000, 0.000000000000000000 ) ) ;
#9032 = AXIS2_PLACEMENT_3D ( 'NONE', #7441, #159, #9837 ) ;
#9033 = VECTOR ( 'NONE', #4406, 1000.000000000000000 ) ;
#9034 = CARTESIAN_POINT ( 'NONE',  ( 2.162980148493658383, -1.106362622738662704, 2.774999999999999911 ) ) ;
#9035 = PLANE ( 'NONE',  #9825 ) ;
#9036 = VECTOR ( 'NONE', #6458, 1000.000000000000000 ) ;
#9037 = ORIENTED_EDGE ( 'NONE', *, *, #7695, .F. ) ;
#9038 = DIRECTION ( 'NONE',  ( 0.9438171324979072185, -0.3304681836477270651, 0.000000000000000000 ) ) ;
#9039 = STYLED_ITEM ( 'NONE', ( #852 ), #9539 ) ;
#9040 = DIRECTION ( 'NONE',  ( -0.2751797874351115114, -0.9613927837191035275, 0.000000000000000000 ) ) ;
#9041 = SURFACE_STYLE_FILL_AREA ( #9790 ) ;
#9042 = ORIENTED_EDGE ( 'NONE', *, *, #3406, .F. ) ;
#9043 = EDGE_LOOP ( 'NONE', ( #3229, #171, #21, #4166 ) ) ;
#9044 = CARTESIAN_POINT ( 'NONE',  ( -1.513138678666836157, -1.127774659775699684, 2.774999999999999911 ) ) ;
#9045 = CARTESIAN_POINT ( 'NONE',  ( -1.513138678666836157, -1.106362622738662704, 2.875000000000000000 ) ) ;
#9046 = CARTESIAN_POINT ( 'NONE',  ( -3.700000000000001066, 1.199999999999999289, 1.156639881571555284 ) ) ;
#9047 =( GEOMETRIC_REPRESENTATION_CONTEXT ( 3 ) GLOBAL_UNCERTAINTY_ASSIGNED_CONTEXT ( ( #6689 ) ) GLOBAL_UNIT_ASSIGNED_CONTEXT ( ( #3996, #4789, #9640 ) ) REPRESENTATION_CONTEXT ( 'NONE', 'WORKASPACE' ) );
#9048 = SURFACE_SIDE_STYLE ('',( #2495 ) ) ;
#9049 = PLANE ( 'NONE',  #2767 ) ;
#9050 = FACE_OUTER_BOUND ( 'NONE', #2038, .T. ) ;
#9051 = SURFACE_STYLE_FILL_AREA ( #897 ) ;
#9052 = LINE ( 'NONE', #4150, #329 ) ;
#9053 = EDGE_LOOP ( 'NONE', ( #3125, #7006, #6031, #1380 ) ) ;
#9054 = LINE ( 'NONE', #1694, #3170 ) ;
#9055 = VERTEX_POINT ( 'NONE', #8497 ) ;
#9056 = PLANE ( 'NONE',  #6620 ) ;
#9057 = EDGE_CURVE ( 'NONE', #5678, #2233, #6682, .T. ) ;
#9058 = CARTESIAN_POINT ( 'NONE',  ( -1.770000000000001128, -5.539540554808585426, 0.2878427124746190113 ) ) ;
#9059 =( NAMED_UNIT ( * ) SI_UNIT ( $, .STERADIAN. ) SOLID_ANGLE_UNIT ( ) );
#9060 = DIRECTION ( 'NONE',  ( 0.7024701641224853077, 0.7117131925977827622, 0.000000000000000000 ) ) ;
#9061 = VERTEX_POINT ( 'NONE', #2586 ) ;
#9062 = EDGE_CURVE ( 'NONE', #9424, #327, #1137, .T. ) ;
#9063 = CARTESIAN_POINT ( 'NONE',  ( 1.325210086765263195, -0.5930524375534775849, 2.774999999999999911 ) ) ;
#9064 = VERTEX_POINT ( 'NONE', #10002 ) ;
#9065 =( GEOMETRIC_REPRESENTATION_CONTEXT ( 3 ) GLOBAL_UNCERTAINTY_ASSIGNED_CONTEXT ( ( #9546 ) ) GLOBAL_UNIT_ASSIGNED_CONTEXT ( ( #809, #863, #198 ) ) REPRESENTATION_CONTEXT ( 'NONE', 'WORKASPACE' ) );
#9066 = FILL_AREA_STYLE ('',( #7421 ) ) ;
#9067 = FACE_OUTER_BOUND ( 'NONE', #2560, .T. ) ;
#9068 = ORIENTED_EDGE ( 'NONE', *, *, #3501, .T. ) ;
#9069 = CARTESIAN_POINT ( 'NONE',  ( 0.4131687630347662399, -3.101766864349279285, -2.119236689479958358 ) ) ;
#9070 = CARTESIAN_POINT ( 'NONE',  ( -2.950000000000000178, -2.250000000000000000, -2.125000000000000000 ) ) ;
#9071 = MECHANICAL_DESIGN_GEOMETRIC_PRESENTATION_REPRESENTATION (  '', ( #8903 ), #671 ) ;
#9072 = LINE ( 'NONE', #9886, #10212 ) ;
#9073 = PLANE ( 'NONE',  #917 ) ;
#9074 = CARTESIAN_POINT ( 'NONE',  ( -2.058663370024860662, -0.6146573758250823971, 2.774999999999999911 ) ) ;
#9075 = ADVANCED_FACE ( 'NONE', ( #2792 ), #3486, .T. ) ;
#9076 = EDGE_CURVE ( 'NONE', #10056, #6840, #2688, .T. ) ;
#9077 = VECTOR ( 'NONE', #7867, 1000.000000000000000 ) ;
#9078 = CARTESIAN_POINT ( 'NONE',  ( 1.046467802814645687, -0.4539706474300208017, 2.774999999999999911 ) ) ;
#9079 = ORIENTED_EDGE ( 'NONE', *, *, #2498, .F. ) ;
#9080 = EDGE_CURVE ( 'NONE', #727, #8734, #1873, .T. ) ;
#9081 = LINE ( 'NONE', #6780, #10401 ) ;
#9082 = SURFACE_SIDE_STYLE ('',( #772 ) ) ;
#9083 =( NAMED_UNIT ( * ) PLANE_ANGLE_UNIT ( ) SI_UNIT ( $, .RADIAN. ) );
#9084 = PLANE ( 'NONE',  #3093 ) ;
#9085 = EDGE_CURVE ( 'NONE', #2713, #1264, #6885, .T. ) ;
#9086 = DIRECTION ( 'NONE',  ( 0.7117131925977828732, -0.7024701641224853077, 0.000000000000000000 ) ) ;
#9087 = ADVANCED_FACE ( 'NONE', ( #8293 ), #6301, .F. ) ;
#9088 = ORIENTED_EDGE ( 'NONE', *, *, #4737, .F. ) ;
#9089 = ORIENTED_EDGE ( 'NONE', *, *, #3153, .T. ) ;
#9090 = LINE ( 'NONE', #5972, #4657 ) ;
#9091 = DIRECTION ( 'NONE',  ( -0.9615081156233818982, 0.2747765339150585184, 0.000000000000000000 ) ) ;
#9092 = CARTESIAN_POINT ( 'NONE',  ( 0.2767918768887198122, -0.1491866968127367743, 2.774999999999999911 ) ) ;
#9093 = DIRECTION ( 'NONE',  ( 1.000000000000000000, 0.000000000000000000, 0.000000000000000000 ) ) ;
#9094 = DIRECTION ( 'NONE',  ( 0.000000000000000000, -0.000000000000000000, -1.000000000000000000 ) ) ;
#9095 = LINE ( 'NONE', #2448, #7676 ) ;
#9096 =( NAMED_UNIT ( * ) SI_UNIT ( $, .STERADIAN. ) SOLID_ANGLE_UNIT ( ) );
#9097 = SURFACE_SIDE_STYLE ('',( #1789 ) ) ;
#9098 = EDGE_LOOP ( 'NONE', ( #5837, #75, #283, #44 ) ) ;
#9099 = STYLED_ITEM ( 'NONE', ( #4826 ), #3961 ) ;
#9100 = PLANE ( 'NONE',  #1447 ) ;
#9101 = ORIENTED_EDGE ( 'NONE', *, *, #7105, .T. ) ;
#9102 = DIRECTION ( 'NONE',  ( 2.256739453249174165E-16, -1.000000000000000000, -0.000000000000000000 ) ) ;
#9103 = CARTESIAN_POINT ( 'NONE',  ( -2.169388678666835713, -1.088037005454712158, 2.774999999999999911 ) ) ;
#9104 = EDGE_CURVE ( 'NONE', #481, #8768, #2197, .T. ) ;
#9105 =( GEOMETRIC_REPRESENTATION_CONTEXT ( 3 ) GLOBAL_UNCERTAINTY_ASSIGNED_CONTEXT ( ( #3311 ) ) GLOBAL_UNIT_ASSIGNED_CONTEXT ( ( #258, #3627, #8482 ) ) REPRESENTATION_CONTEXT ( 'NONE', 'WORKASPACE' ) );
#9106 = CARTESIAN_POINT ( 'NONE',  ( 2.150663635600316592, -4.800000000000000711, -2.347312243080556193 ) ) ;
#9107 = ORIENTED_EDGE ( 'NONE', *, *, #9392, .T. ) ;
#9108 = DIRECTION ( 'NONE',  ( -0.8936314410381394069, 0.4488015681658190648, 0.000000000000000000 ) ) ;
#9109 = DIRECTION ( 'NONE',  ( 0.000000000000000000, -0.000000000000000000, -1.000000000000000000 ) ) ;
#9110 = ORIENTED_EDGE ( 'NONE', *, *, #8374, .T. ) ;
#9111 =( GEOMETRIC_REPRESENTATION_CONTEXT ( 3 ) GLOBAL_UNCERTAINTY_ASSIGNED_CONTEXT ( ( #9773 ) ) GLOBAL_UNIT_ASSIGNED_CONTEXT ( ( #2602, #3610, #1046 ) ) REPRESENTATION_CONTEXT ( 'NONE', 'WORKASPACE' ) );
#9112 = DIRECTION ( 'NONE',  ( -0.7071067811865517916, 0.7071067811865431318, 0.000000000000000000 ) ) ;
#9113 = FACE_OUTER_BOUND ( 'NONE', #2121, .T. ) ;
#9114 = DIRECTION ( 'NONE',  ( 0.000000000000000000, 1.000000000000000000, 0.000000000000000000 ) ) ;
#9115 = ORIENTED_EDGE ( 'NONE', *, *, #3364, .T. ) ;
#9116 = LINE ( 'NONE', #10036, #1910 ) ;
#9117 = CARTESIAN_POINT ( 'NONE',  ( 0.8159508275060035620, -0.9319799066892799910, 2.774999999999999911 ) ) ;
#9119 = CARTESIAN_POINT ( 'NONE',  ( 1.179955457135633434, -0.1451357708868107887, 2.774999999999999911 ) ) ;
#9118 =( GEOMETRIC_REPRESENTATION_CONTEXT ( 3 ) GLOBAL_UNCERTAINTY_ASSIGNED_CONTEXT ( ( #5915 ) ) GLOBAL_UNIT_ASSIGNED_CONTEXT ( ( #8751, #5361, #1285 ) ) REPRESENTATION_CONTEXT ( 'NONE', 'WORKASPACE' ) );
#9120 =( GEOMETRIC_REPRESENTATION_CONTEXT ( 3 ) GLOBAL_UNCERTAINTY_ASSIGNED_CONTEXT ( ( #646 ) ) GLOBAL_UNIT_ASSIGNED_CONTEXT ( ( #3596, #10110, #5925 ) ) REPRESENTATION_CONTEXT ( 'NONE', 'WORKASPACE' ) );
#9121 = EDGE_CURVE ( 'NONE', #7754, #3304, #1394, .T. ) ;
#9122 = CARTESIAN_POINT ( 'NONE',  ( -1.513138678666836157, -1.106362622738662704, 2.774999999999999911 ) ) ;
#9123 =( NAMED_UNIT ( * ) SI_UNIT ( $, .STERADIAN. ) SOLID_ANGLE_UNIT ( ) );
#9124 = DIRECTION ( 'NONE',  ( 0.6452934220849804170, -0.7639348135893895275, 0.000000000000000000 ) ) ;
#9125 = EDGE_CURVE ( 'NONE', #2490, #4723, #10372, .T. ) ;
#9126 = CARTESIAN_POINT ( 'NONE',  ( -1.570000000000001172, -5.422383267283204411, 0.000000000000000000 ) ) ;
#9127 = EDGE_CURVE ( 'NONE', #3646, #8813, #5258, .T. ) ;
#9128 = CIRCLE ( 'NONE', #8618, 0.4999999999999998890 ) ;
#9129 = VECTOR ( 'NONE', #6674, 1000.000000000000000 ) ;
#9130 = CARTESIAN_POINT ( 'NONE',  ( -0.4131687630347657958, -2.601766864349279285, 2.875000000000000000 ) ) ;
#9131 = SURFACE_STYLE_FILL_AREA ( #4992 ) ;
#9132 = LINE ( 'NONE', #9186, #3659 ) ;
#9133 = ORIENTED_EDGE ( 'NONE', *, *, #8583, .F. ) ;
#9134 = FACE_OUTER_BOUND ( 'NONE', #2151, .T. ) ;
#9135 = CARTESIAN_POINT ( 'NONE',  ( -1.625021394716218870, -1.056979906689279991, 2.875000000000000000 ) ) ;
#9136 = UNCERTAINTY_MEASURE_WITH_UNIT (LENGTH_MEASURE( 1.000000000000000082E-05 ), #4600, 'distance_accuracy_value', 'NONE');
#9137 = CARTESIAN_POINT ( 'NONE',  ( 0.4993999015800777430, -0.2116866968127367465, 2.774999999999999911 ) ) ;
#9138 = ADVANCED_FACE ( 'NONE', ( #10260 ), #7807, .T. ) ;
#9139 = AXIS2_PLACEMENT_3D ( 'NONE', #10144, #6771, #206 ) ;
#9140 = PRESENTATION_LAYER_ASSIGNMENT (  '', '', ( #8300 ) ) ;
#9141 = CARTESIAN_POINT ( 'NONE',  ( 1.046467802814645687, -0.4539706474300208017, 2.774999999999999911 ) ) ;
#9142 = ORIENTED_EDGE ( 'NONE', *, *, #9127, .T. ) ;
#9143 = ORIENTED_EDGE ( 'NONE', *, *, #5841, .F. ) ;
#9144 = EDGE_CURVE ( 'NONE', #6737, #6272, #7045, .T. ) ;
#9145 = PLANE ( 'NONE',  #5900 ) ;
#9146 = COLOUR_RGB ( '',0.7529411764705882248, 0.7529411764705882248, 0.7529411764705882248 ) ;
#9147 = PRESENTATION_LAYER_ASSIGNMENT (  '', '', ( #9988 ) ) ;
#9148 = SURFACE_STYLE_FILL_AREA ( #7543 ) ;
#9149 = ORIENTED_EDGE ( 'NONE', *, *, #9867, .T. ) ;
#9150 = PLANE ( 'NONE',  #5626 ) ;
#9151 = UNCERTAINTY_MEASURE_WITH_UNIT (LENGTH_MEASURE( 1.000000000000000082E-05 ), #5146, 'distance_accuracy_value', 'NONE');
#9152 = DIRECTION ( 'NONE',  ( 1.000000000000000000, 0.000000000000000000, 0.000000000000000000 ) ) ;
#9153 = EDGE_CURVE ( 'NONE', #1900, #6316, #8703, .T. ) ;
#9154 = DIRECTION ( 'NONE',  ( 0.000000000000000000, -0.000000000000000000, 1.000000000000000000 ) ) ;
#9155 = CARTESIAN_POINT ( 'NONE',  ( -0.09222818483967543113, -0.9879212647139713477, 2.774999999999999911 ) ) ;
#9156 = ORIENTED_EDGE ( 'NONE', *, *, #6978, .F. ) ;
#9157 = PRESENTATION_LAYER_ASSIGNMENT (  '', '', ( #9671 ) ) ;
#9158 = VECTOR ( 'NONE', #7178, 1000.000000000000000 ) ;
#9159 = LINE ( 'NONE', #8365, #2139 ) ;
#9160 = ORIENTED_EDGE ( 'NONE', *, *, #5116, .F. ) ;
#9161 = PLANE ( 'NONE',  #1474 ) ;
#9162 =( LENGTH_UNIT ( ) NAMED_UNIT ( * ) SI_UNIT ( .MILLI., .METRE. ) );
#9163 = CARTESIAN_POINT ( 'NONE',  ( 0.9299999999999992717, -2.250000000000000000, -1.575481281892998138E-16 ) ) ;
#9164 = CARTESIAN_POINT ( 'NONE',  ( -1.570000000000001172, -5.622383267283204589, 0.2049999999999999878 ) ) ;
#9165 = MECHANICAL_DESIGN_GEOMETRIC_PRESENTATION_REPRESENTATION (  '', ( #7120 ), #1268 ) ;
#9166 = VECTOR ( 'NONE', #2851, 1000.000000000000114 ) ;
#9167 = DIRECTION ( 'NONE',  ( -1.000000000000000000, 0.000000000000000000, -0.000000000000000000 ) ) ;
#9168 = CARTESIAN_POINT ( 'NONE',  ( -0.9300000000000011591, -7.605096679918781355, 0.2049999999999999878 ) ) ;
#9169 = VERTEX_POINT ( 'NONE', #545 ) ;
#9170 = DIRECTION ( 'NONE',  ( 0.7087454924899014852, 0.7054642633580008315, 0.000000000000000000 ) ) ;
#9171 = CARTESIAN_POINT ( 'NONE',  ( 2.208504839851682888, -1.127774659775699684, 2.774999999999999911 ) ) ;
#9172 = VERTEX_POINT ( 'NONE', #2313 ) ;
#9173 = MECHANICAL_DESIGN_GEOMETRIC_PRESENTATION_REPRESENTATION (  '', ( #4525 ), #3321 ) ;
#9174 = EDGE_CURVE ( 'NONE', #1450, #2540, #4721, .T. ) ;
#9175 =( LENGTH_UNIT ( ) NAMED_UNIT ( * ) SI_UNIT ( .MILLI., .METRE. ) );
#9176 = SURFACE_SIDE_STYLE ('',( #7571 ) ) ;
#9177 = CARTESIAN_POINT ( 'NONE',  ( 1.364176136147979168, -0.1451357708868107887, 2.774999999999999911 ) ) ;
#9178 = SURFACE_STYLE_USAGE ( .BOTH. , #5903 ) ;
#9179 = CARTESIAN_POINT ( 'NONE',  ( -2.054805345333502675, -0.1979907091584157952, 2.774999999999999911 ) ) ;
#9180 = DIRECTION ( 'NONE',  ( 0.000000000000000000, 0.000000000000000000, -1.000000000000000000 ) ) ;
#9181 = SURFACE_STYLE_FILL_AREA ( #7532 ) ;
#9182 = MECHANICAL_DESIGN_GEOMETRIC_PRESENTATION_REPRESENTATION (  '', ( #3009 ), #8842 ) ;
#9183 =( NAMED_UNIT ( * ) PLANE_ANGLE_UNIT ( ) SI_UNIT ( $, .RADIAN. ) );
#9184 = EDGE_CURVE ( 'NONE', #351, #890, #3033, .T. ) ;
#9185 = CARTESIAN_POINT ( 'NONE',  ( 0.03913755590106548360, -1.106362622738662704, 2.774999999999999911 ) ) ;
#9186 = CARTESIAN_POINT ( 'NONE',  ( -2.070430345333502675, -0.1675123140966873203, 2.875000000000000000 ) ) ;
#9187 = VERTEX_POINT ( 'NONE', #1443 ) ;
#9188 =( NAMED_UNIT ( * ) PLANE_ANGLE_UNIT ( ) SI_UNIT ( $, .RADIAN. ) );
#9189 =( BOUNDED_CURVE ( )  B_SPLINE_CURVE ( 3, ( #566, #8045, #9585, #3935 ),
 .UNSPECIFIED., .F., .F. ) 
 B_SPLINE_CURVE_WITH_KNOTS ( ( 4, 4 ),
 ( 1.570796326794896558, 3.141592653589801554 ),
 .UNSPECIFIED. ) 
 CURVE ( )  GEOMETRIC_REPRESENTATION_ITEM ( )  RATIONAL_B_SPLINE_CURVE ( ( 1.000000000000000000, 0.8047378541243630501, 0.8047378541243630501, 1.000000000000000000 ) ) 
 REPRESENTATION_ITEM ( '' )  );
#9190 = CARTESIAN_POINT ( 'NONE',  ( -1.570000000000001172, -4.289853386497013865, 0.2050000000000000155 ) ) ;
#9191 = CARTESIAN_POINT ( 'NONE',  ( 1.046467802814645687, -0.4539706474300208017, 2.774999999999999911 ) ) ;
#9192 = VECTOR ( 'NONE', #6408, 1000.000000000000000 ) ;
#9193 = EDGE_CURVE ( 'NONE', #8676, #9196, #1672, .T. ) ;
#9194 = VECTOR ( 'NONE', #4644, 1000.000000000000114 ) ;
#9195 = SURFACE_SIDE_STYLE ('',( #7594 ) ) ;
#9196 = VERTEX_POINT ( 'NONE', #5754 ) ;
#9197 = VERTEX_POINT ( 'NONE', #8023 ) ;
#9198 = ORIENTED_EDGE ( 'NONE', *, *, #1325, .T. ) ;
#9199 =( GEOMETRIC_REPRESENTATION_CONTEXT ( 3 ) GLOBAL_UNCERTAINTY_ASSIGNED_CONTEXT ( ( #6257 ) ) GLOBAL_UNIT_ASSIGNED_CONTEXT ( ( #10102, #5096, #8344 ) ) REPRESENTATION_CONTEXT ( 'NONE', 'WORKASPACE' ) );
#9200 = PRESENTATION_STYLE_ASSIGNMENT (( #5006 ) ) ;
#9201 = MECHANICAL_DESIGN_GEOMETRIC_PRESENTATION_REPRESENTATION (  '', ( #7148 ), #1302 ) ;
#9202 = DIRECTION ( 'NONE',  ( 0.000000000000000000, -1.000000000000000000, 0.000000000000000000 ) ) ;
#9203 = SURFACE_STYLE_USAGE ( .BOTH. , #5927 ) ;
#9204 = ORIENTED_EDGE ( 'NONE', *, *, #8848, .T. ) ;
#9205 = PRESENTATION_STYLE_ASSIGNMENT (( #9850 ) ) ;
#9206 = FILL_AREA_STYLE_COLOUR ( '', #4283 ) ;
#9207 = STYLED_ITEM ( 'NONE', ( #2144 ), #2386 ) ;
#9208 = EDGE_CURVE ( 'NONE', #3665, #1719, #9617, .T. ) ;
#9209 = AXIS2_PLACEMENT_3D ( 'NONE', #676, #4742, #10396 ) ;
#9210 = SURFACE_SIDE_STYLE ('',( #5935 ) ) ;
#9211 = ORIENTED_EDGE ( 'NONE', *, *, #3481, .F. ) ;
#9212 = SURFACE_STYLE_FILL_AREA ( #10069 ) ;
#9213 = ORIENTED_EDGE ( 'NONE', *, *, #9493, .T. ) ;
#9214 = EDGE_CURVE ( 'NONE', #8812, #6950, #1615, .T. ) ;
#9215 =( GEOMETRIC_REPRESENTATION_CONTEXT ( 3 ) GLOBAL_UNCERTAINTY_ASSIGNED_CONTEXT ( ( #7348 ) ) GLOBAL_UNIT_ASSIGNED_CONTEXT ( ( #8566, #508, #3767 ) ) REPRESENTATION_CONTEXT ( 'NONE', 'WORKASPACE' ) );
#9216 =( NAMED_UNIT ( * ) SI_UNIT ( $, .STERADIAN. ) SOLID_ANGLE_UNIT ( ) );
#9217 = EDGE_CURVE ( 'NONE', #1004, #6388, #8228, .T. ) ;
#9218 = PLANE ( 'NONE',  #6670 ) ;
#9219 = DIRECTION ( 'NONE',  ( 1.000000000000000000, 1.239088197126291063E-16, -0.000000000000000000 ) ) ;
#9220 = DIRECTION ( 'NONE',  ( 0.000000000000000000, 0.000000000000000000, 1.000000000000000000 ) ) ;
#9221 = SURFACE_STYLE_USAGE ( .BOTH. , #3510 ) ;
#9222 = ADVANCED_FACE ( 'NONE', ( #4932 ), #2253, .T. ) ;
#9223 =( GEOMETRIC_REPRESENTATION_CONTEXT ( 3 ) GLOBAL_UNCERTAINTY_ASSIGNED_CONTEXT ( ( #10217 ) ) GLOBAL_UNIT_ASSIGNED_CONTEXT ( ( #988, #2594, #4953 ) ) REPRESENTATION_CONTEXT ( 'NONE', 'WORKASPACE' ) );
#9224 = ORIENTED_EDGE ( 'NONE', *, *, #5330, .F. ) ;
#9225 = LINE ( 'NONE', #9974, #5339 ) ;
#9226 = CARTESIAN_POINT ( 'NONE',  ( 1.880379839851682666, -1.106362622738662704, 2.875000000000000000 ) ) ;
#9227 = VERTEX_POINT ( 'NONE', #764 ) ;
#9228 = EDGE_CURVE ( 'NONE', #9314, #9744, #4078, .T. ) ;
#9229 = EDGE_CURVE ( 'NONE', #5069, #1923, #3217, .T. ) ;
#9230 = FACE_OUTER_BOUND ( 'NONE', #1982, .T. ) ;
#9231 =( LENGTH_UNIT ( ) NAMED_UNIT ( * ) SI_UNIT ( .MILLI., .METRE. ) );
#9232 =( NAMED_UNIT ( * ) PLANE_ANGLE_UNIT ( ) SI_UNIT ( $, .RADIAN. ) );
#9233 = PLANE ( 'NONE',  #5313 ) ;
#9234 = DIRECTION ( 'NONE',  ( -0.8973136900424972806, 0.4413934091740803756, 0.000000000000000000 ) ) ;
#9235 = FILL_AREA_STYLE ('',( #5853 ) ) ;
#9236 = DIRECTION ( 'NONE',  ( -0.000000000000000000, -0.000000000000000000, 1.000000000000000000 ) ) ;
#9237 = LINE ( 'NONE', #3626, #562 ) ;
#9238 = DIRECTION ( 'NONE',  ( 0.000000000000000000, -0.000000000000000000, 1.000000000000000000 ) ) ;
#9239 = VECTOR ( 'NONE', #4879, 1000.000000000000114 ) ;
#9240 = CARTESIAN_POINT ( 'NONE',  ( 2.617262555901065380, -0.2792021289115022009, 2.774999999999999911 ) ) ;
#9241 = EDGE_CURVE ( 'NONE', #5125, #10003, #6516, .T. ) ;
#9242 = SURFACE_STYLE_USAGE ( .BOTH. , #112 ) ;
#9243 = PRESENTATION_STYLE_ASSIGNMENT (( #7380 ) ) ;
#9244 = VECTOR ( 'NONE', #6164, 1000.000000000000000 ) ;
#9245 = VERTEX_POINT ( 'NONE', #7433 ) ;
#9246 = FACE_OUTER_BOUND ( 'NONE', #4050, .T. ) ;
#9247 = PRESENTATION_LAYER_ASSIGNMENT (  '', '', ( #1182 ) ) ;
#9248 = SURFACE_STYLE_FILL_AREA ( #318 ) ;
#9249 =( NAMED_UNIT ( * ) PLANE_ANGLE_UNIT ( ) SI_UNIT ( $, .RADIAN. ) );
#9250 = ADVANCED_FACE ( 'NONE', ( #7322 ), #7275, .F. ) ;
#9251 = DIRECTION ( 'NONE',  ( -0.000000000000000000, -0.000000000000000000, 1.000000000000000000 ) ) ;
#9252 = ORIENTED_EDGE ( 'NONE', *, *, #10028, .T. ) ;
#9253 = ORIENTED_EDGE ( 'NONE', *, *, #1920, .F. ) ;
#9254 = ORIENTED_EDGE ( 'NONE', *, *, #9319, .T. ) ;
#9255 = FACE_OUTER_BOUND ( 'NONE', #600, .T. ) ;
#9256 = DIRECTION ( 'NONE',  ( 0.4494316341708549656, -0.8933147296482436550, 0.000000000000000000 ) ) ;
#9257 = CARTESIAN_POINT ( 'NONE',  ( 0.4930200591917125452, -3.101766864349279285, 2.119236689479958358 ) ) ;
#9258 = ORIENTED_EDGE ( 'NONE', *, *, #4448, .F. ) ;
#9259 = AXIS2_PLACEMENT_3D ( 'NONE', #4451, #6240, #1333 ) ;
#9260 = LINE ( 'NONE', #9356, #8872 ) ;
#9261 = LINE ( 'NONE', #2698, #7396 ) ;
#9262 = EDGE_CURVE ( 'NONE', #1686, #2540, #8979, .T. ) ;
#9263 = PRESENTATION_STYLE_ASSIGNMENT (( #7713 ) ) ;
#9264 = ORIENTED_EDGE ( 'NONE', *, *, #6100, .T. ) ;
#9265 = DIRECTION ( 'NONE',  ( 0.000000000000000000, -0.000000000000000000, 1.000000000000000000 ) ) ;
#9266 = EDGE_LOOP ( 'NONE', ( #2255, #9869, #8490, #6353 ) ) ;
#9267 =( NAMED_UNIT ( * ) PLANE_ANGLE_UNIT ( ) SI_UNIT ( $, .RADIAN. ) );
#9268 = MECHANICAL_DESIGN_GEOMETRIC_PRESENTATION_REPRESENTATION (  '', ( #5838 ), #5302 ) ;
#9269 = ADVANCED_FACE ( 'NONE', ( #2475 ), #8485, .T. ) ;
#9270 =( NAMED_UNIT ( * ) PLANE_ANGLE_UNIT ( ) SI_UNIT ( $, .RADIAN. ) );
#9271 = CARTESIAN_POINT ( 'NONE',  ( 0.9826174941726705248, -0.5197499684176750678, 2.774999999999999911 ) ) ;
#9272 = FILL_AREA_STYLE_COLOUR ( '', #540 ) ;
#9273 = CARTESIAN_POINT ( 'NONE',  ( 1.732548386895744530, -4.800000000000000711, -1.438918254328586999 ) ) ;
#9274 = VECTOR ( 'NONE', #16, 1000.000000000000000 ) ;
#9275 = AXIS2_PLACEMENT_3D ( 'NONE', #10076, #7512, #906 ) ;
#9276 = SURFACE_STYLE_FILL_AREA ( #5079 ) ;
#9277 = ORIENTED_EDGE ( 'NONE', *, *, #10223, .F. ) ;
#9278 = DIRECTION ( 'NONE',  ( -0.000000000000000000, -0.000000000000000000, 1.000000000000000000 ) ) ;
#9279 = EDGE_LOOP ( 'NONE', ( #6738, #4014, #3906, #8905 ) ) ;
#9280 = EDGE_CURVE ( 'NONE', #6996, #7942, #8337, .T. ) ;
#9281 = VECTOR ( 'NONE', #6131, 1000.000000000000000 ) ;
#9282 = CARTESIAN_POINT ( 'NONE',  ( -2.166688061382885166, -0.1277746597756997671, 2.774999999999999911 ) ) ;
#9283 = VECTOR ( 'NONE', #6935, 1000.000000000000000 ) ;
#9284 =( NAMED_UNIT ( * ) PLANE_ANGLE_UNIT ( ) SI_UNIT ( $, .RADIAN. ) );
#9285 = CARTESIAN_POINT ( 'NONE',  ( 1.364176136147979168, -0.1451357708868107887, 2.774999999999999911 ) ) ;
#9286 =( LENGTH_UNIT ( ) NAMED_UNIT ( * ) SI_UNIT ( .MILLI., .METRE. ) );
#9287 = DIRECTION ( 'NONE',  ( 0.000000000000000000, 1.000000000000000000, 0.000000000000000000 ) ) ;
#9288 = EDGE_CURVE ( 'NONE', #1075, #1098, #260, .T. ) ;
#9289 = VECTOR ( 'NONE', #3680, 1000.000000000000000 ) ;
#9290 =( LENGTH_UNIT ( ) NAMED_UNIT ( * ) SI_UNIT ( .MILLI., .METRE. ) );
#9291 = FILL_AREA_STYLE ('',( #1764 ) ) ;
#9292 = CARTESIAN_POINT ( 'NONE',  ( 3.700000000000000622, -3.500000000000000000, 2.875000000000000000 ) ) ;
#9293 = SURFACE_STYLE_FILL_AREA ( #2083 ) ;
#9294 = FILL_AREA_STYLE_COLOUR ( '', #8994 ) ;
#9295 = VECTOR ( 'NONE', #5334, 1000.000000000000000 ) ;
#9296 = VERTEX_POINT ( 'NONE', #6619 ) ;
#9297 = DIRECTION ( 'NONE',  ( 0.000000000000000000, -1.000000000000000000, 0.000000000000000000 ) ) ;
#9298 = VECTOR ( 'NONE', #10213, 1000.000000000000000 ) ;
#9299 = CARTESIAN_POINT ( 'NONE',  ( 0.4930200591917125452, -3.101766864349278841, -2.119236689479958358 ) ) ;
#9300 = ORIENTED_EDGE ( 'NONE', *, *, #1318, .T. ) ;
#9301 = ORIENTED_EDGE ( 'NONE', *, *, #1136, .F. ) ;
#9302 = ORIENTED_EDGE ( 'NONE', *, *, #3481, .T. ) ;
#9303 = LINE ( 'NONE', #5206, #6399 ) ;
#9304 = DIRECTION ( 'NONE',  ( -0.4562023007992829227, 0.8898760929171209977, 0.000000000000000000 ) ) ;
#9305 = CARTESIAN_POINT ( 'NONE',  ( 2.240333543555386164, -0.1491866968127367743, 2.875000000000000000 ) ) ;
#9306 = EDGE_LOOP ( 'NONE', ( #2649, #4037, #3725, #2787 ) ) ;
#9307 = PRESENTATION_STYLE_ASSIGNMENT (( #8714 ) ) ;
#9308 = CIRCLE ( 'NONE', #7444, 0.5000000000000000000 ) ;
#9309 =( GEOMETRIC_REPRESENTATION_CONTEXT ( 3 ) GLOBAL_UNCERTAINTY_ASSIGNED_CONTEXT ( ( #1385 ) ) GLOBAL_UNIT_ASSIGNED_CONTEXT ( ( #6123, #2997, #2784 ) ) REPRESENTATION_CONTEXT ( 'NONE', 'WORKASPACE' ) );
#9310 = LINE ( 'NONE', #1090, #6983 ) ;
#9311 = LINE ( 'NONE', #2750, #1542 ) ;
#9312 = VERTEX_POINT ( 'NONE', #3478 ) ;
#9313 = DIRECTION ( 'NONE',  ( 0.000000000000000000, -1.000000000000000000, 0.000000000000000000 ) ) ;
#9314 = VERTEX_POINT ( 'NONE', #10094 ) ;
#9315 = DIRECTION ( 'NONE',  ( 0.8952042745161894466, 0.4456560410091429669, 0.000000000000000000 ) ) ;
#9316 = PRESENTATION_LAYER_ASSIGNMENT (  '', '', ( #5547 ) ) ;
#9317 = LINE ( 'NONE', #10173, #9810 ) ;
#9318 = DIRECTION ( 'NONE',  ( -0.9481736678849083111, -0.3177525696665243760, 0.000000000000000000 ) ) ;
#9319 = EDGE_CURVE ( 'NONE', #9770, #9766, #10198, .T. ) ;
#9320 = DIRECTION ( 'NONE',  ( 0.9438171324979072185, -0.3304681836477270651, 0.000000000000000000 ) ) ;
#9321 = CARTESIAN_POINT ( 'NONE',  ( 3.568011143510107619, -5.000000000000000000, -1.115994428244946324 ) ) ;
#9322 = AXIS2_PLACEMENT_3D ( 'NONE', #945, #1886, #9959 ) ;
#9323 = VERTEX_POINT ( 'NONE', #8439 ) ;
#9324 = SURFACE_STYLE_FILL_AREA ( #2659 ) ;
#9325 = VERTEX_POINT ( 'NONE', #9940 ) ;
#9326 = VECTOR ( 'NONE', #8613, 1000.000000000000000 ) ;
#9327 = CARTESIAN_POINT ( 'NONE',  ( 0.04762521022205323112, -1.127774659775699684, 2.774999999999999911 ) ) ;
#9328 = DIRECTION ( 'NONE',  ( 0.000000000000000000, 1.000000000000000000, -0.000000000000000000 ) ) ;
#9329 = DIRECTION ( 'NONE',  ( 0.4386881966140460110, 0.8986393415333628898, 0.000000000000000000 ) ) ;
#9330 = DIRECTION ( 'NONE',  ( -1.000000000000000000, 0.000000000000000000, 0.000000000000000000 ) ) ;
#9331 = PLANE ( 'NONE',  #7929 ) ;
#9332 = STYLED_ITEM ( 'NONE', ( #10298 ), #8125 ) ;
#9333 = ADVANCED_FACE ( 'NONE', ( #2574 ), #5959, .T. ) ;
#9334 = COLOUR_RGB ( '',0.7529411764705882248, 0.7529411764705882248, 0.7529411764705882248 ) ;
#9335 = CARTESIAN_POINT ( 'NONE',  ( 1.920117494172670414, -0.1277746597756997671, 2.774999999999999911 ) ) ;
#9336 = DIRECTION ( 'NONE',  ( 0.000000000000000000, 0.000000000000000000, -1.000000000000000000 ) ) ;
#9337 = EDGE_CURVE ( 'NONE', #2600, #2068, #6776, .T. ) ;
#9338 = FILL_AREA_STYLE_COLOUR ( '', #9655 ) ;
#9339 = SURFACE_SIDE_STYLE ('',( #2084 ) ) ;
#9340 = VECTOR ( 'NONE', #7075, 1000.000000000000114 ) ;
#9341 = VERTEX_POINT ( 'NONE', #5141 ) ;
#9342 = SURFACE_STYLE_FILL_AREA ( #1076 ) ;
#9343 = FILL_AREA_STYLE_COLOUR ( '', #4220 ) ;
#9344 =( NAMED_UNIT ( * ) SI_UNIT ( $, .STERADIAN. ) SOLID_ANGLE_UNIT ( ) );
#9345 = LINE ( 'NONE', #1928, #6185 ) ;
#9346 = PRESENTATION_STYLE_ASSIGNMENT (( #4456 ) ) ;
#9347 = ORIENTED_EDGE ( 'NONE', *, *, #2904, .T. ) ;
#9348 = ORIENTED_EDGE ( 'NONE', *, *, #7641, .F. ) ;
#9349 = ORIENTED_EDGE ( 'NONE', *, *, #677, .F. ) ;
#9350 = DIRECTION ( 'NONE',  ( -0.8574929257125445403, -0.5144957554275260136, 0.000000000000000000 ) ) ;
#9351 = LINE ( 'NONE', #4509, #4849 ) ;
#9352 = CARTESIAN_POINT ( 'NONE',  ( 1.886902865494877402, 2.866194269010244877, 2.125000000000000000 ) ) ;
#9353 = VECTOR ( 'NONE', #1786, 1000.000000000000000 ) ;
#9354 = EDGE_LOOP ( 'NONE', ( #96, #1457, #3990, #3551 ) ) ;
#9355 = VECTOR ( 'NONE', #4, 1000.000000000000000 ) ;
#9356 = CARTESIAN_POINT ( 'NONE',  ( 0.9299999999999993827, -7.605096679918781355, 0.8449999999999998623 ) ) ;
#9357 = DIRECTION ( 'NONE',  ( -0.8947757593455069047, 0.4465157785427872339, 0.000000000000000000 ) ) ;
#9358 = LINE ( 'NONE', #7005, #8317 ) ;
#9359 = ORIENTED_EDGE ( 'NONE', *, *, #10074, .F. ) ;
#9360 = MECHANICAL_DESIGN_GEOMETRIC_PRESENTATION_REPRESENTATION (  '', ( #450 ), #9199 ) ;
#9361 = CARTESIAN_POINT ( 'NONE',  ( 1.030842802814645687, -0.1761928696522429560, 2.774999999999999911 ) ) ;
#9362 = ORIENTED_EDGE ( 'NONE', *, *, #3612, .T. ) ;
#9364 =( GEOMETRIC_REPRESENTATION_CONTEXT ( 3 ) GLOBAL_UNCERTAINTY_ASSIGNED_CONTEXT ( ( #10294 ) ) GLOBAL_UNIT_ASSIGNED_CONTEXT ( ( #4006, #8256, #949 ) ) REPRESENTATION_CONTEXT ( 'NONE', 'WORKASPACE' ) );
#9363 = SURFACE_STYLE_USAGE ( .BOTH. , #3452 ) ;
#9365 = SURFACE_STYLE_USAGE ( .BOTH. , #6092 ) ;
#9366 = ADVANCED_FACE ( 'NONE', ( #4183 ), #2729, .T. ) ;
#9367 = DIRECTION ( 'NONE',  ( 1.000000000000000000, 0.000000000000000000, 0.000000000000000000 ) ) ;
#9368 = AXIS2_PLACEMENT_3D ( 'NONE', #7725, #4979, #9370 ) ;
#9369 = CARTESIAN_POINT ( 'NONE',  ( 0.2767918768887198122, -0.1491866968127367743, 2.875000000000000000 ) ) ;
#9370 = DIRECTION ( 'NONE',  ( -0.9446676051547895359, 0.3280291386006958798, 0.000000000000000000 ) ) ;
#9371 = PRESENTATION_STYLE_ASSIGNMENT (( #5795 ) ) ;
#9372 = ORIENTED_EDGE ( 'NONE', *, *, #9992, .T. ) ;
#9373 = LINE ( 'NONE', #1165, #6276 ) ;
#9374 = ADVANCED_FACE ( 'NONE', ( #3532 ), #2625, .T. ) ;
#9375 = ORIENTED_EDGE ( 'NONE', *, *, #4531, .T. ) ;
#9376 = FILL_AREA_STYLE_COLOUR ( '', #10536 ) ;
#9378 = ORIENTED_EDGE ( 'NONE', *, *, #877, .T. ) ;
#9377 =( LENGTH_UNIT ( ) NAMED_UNIT ( * ) SI_UNIT ( .MILLI., .METRE. ) );
#9379 = LINE ( 'NONE', #7734, #8724 ) ;
#9380 = DIRECTION ( 'NONE',  ( 1.000000000000000000, 0.000000000000000000, -0.000000000000000000 ) ) ;
#9381 = VECTOR ( 'NONE', #7235, 1000.000000000000000 ) ;
#9382 = LINE ( 'NONE', #6058, #486 ) ;
#9383 = LINE ( 'NONE', #6002, #8128 ) ;
#9384 = FILL_AREA_STYLE_COLOUR ( '', #9446 ) ;
#9385 = ORIENTED_EDGE ( 'NONE', *, *, #6170, .T. ) ;
#9386 =( GEOMETRIC_REPRESENTATION_CONTEXT ( 3 ) GLOBAL_UNCERTAINTY_ASSIGNED_CONTEXT ( ( #4514 ) ) GLOBAL_UNIT_ASSIGNED_CONTEXT ( ( #3757, #9516, #2157 ) ) REPRESENTATION_CONTEXT ( 'NONE', 'WORKASPACE' ) );
#9387 = CARTESIAN_POINT ( 'NONE',  ( -1.569999999999999840, 3.183097134505116887, 2.125000000000000000 ) ) ;
#9388 = EDGE_CURVE ( 'NONE', #1719, #9566, #1971, .T. ) ;
#9389 =( NAMED_UNIT ( * ) SI_UNIT ( $, .STERADIAN. ) SOLID_ANGLE_UNIT ( ) );
#9390 = CARTESIAN_POINT ( 'NONE',  ( 0.000000000000000000, -2.250000000000000000, 0.8449999999999998623 ) ) ;
#9391 = ORIENTED_EDGE ( 'NONE', *, *, #9062, .T. ) ;
#9392 = EDGE_CURVE ( 'NONE', #9766, #890, #1819, .T. ) ;
#9393 = CARTESIAN_POINT ( 'NONE',  ( 0.9300000000000000488, 3.100000000000002753, 0.2050000000000006817 ) ) ;
#9394 =( GEOMETRIC_REPRESENTATION_CONTEXT ( 3 ) GLOBAL_UNCERTAINTY_ASSIGNED_CONTEXT ( ( #8687 ) ) GLOBAL_UNIT_ASSIGNED_CONTEXT ( ( #9990, #156, #6573 ) ) REPRESENTATION_CONTEXT ( 'NONE', 'WORKASPACE' ) );
#9395 = FILL_AREA_STYLE_COLOUR ( '', #8517 ) ;
#9396 = CARTESIAN_POINT ( 'NONE',  ( -0.4131687630347657958, -2.601766864349279285, -2.875000000000000000 ) ) ;
#9397 = CARTESIAN_POINT ( 'NONE',  ( -1.614604728049552129, -0.6146573758250823971, 2.774999999999999911 ) ) ;
#9398 = EDGE_CURVE ( 'NONE', #6562, #394, #6121, .T. ) ;
#9399 = ORIENTED_EDGE ( 'NONE', *, *, #9319, .F. ) ;
#9400 = VERTEX_POINT ( 'NONE', #1178 ) ;
#9401 = EDGE_LOOP ( 'NONE', ( #3941, #5100, #1933, #2400 ) ) ;
#9402 = VECTOR ( 'NONE', #5476, 1000.000000000000000 ) ;
#9403 = CARTESIAN_POINT ( 'NONE',  ( -0.9300000000000014921, 3.100000000000000977, 0.8449999999999998623 ) ) ;
#9404 = ADVANCED_FACE ( 'NONE', ( #3946 ), #476, .T. ) ;
#9405 = LINE ( 'NONE', #4559, #5041 ) ;
#9406 = CARTESIAN_POINT ( 'NONE',  ( 1.039909160839336932, -1.111185153602860298, 2.774999999999999911 ) ) ;
#9407 = ORIENTED_EDGE ( 'NONE', *, *, #8029, .F. ) ;
#9408 = CARTESIAN_POINT ( 'NONE',  ( -1.570000000000000728, 3.100000000000000977, 0.8449999999999997513 ) ) ;
#9409 = DIRECTION ( 'NONE',  ( 0.9392649237907388926, -0.3431929529235374088, 0.000000000000000000 ) ) ;
#9410 = AXIS2_PLACEMENT_3D ( 'NONE', #5021, #4964, #5731 ) ;
#9411 = EDGE_CURVE ( 'NONE', #1320, #4090, #3737, .T. ) ;
#9412 = EDGE_LOOP ( 'NONE', ( #8381, #6274, #2178, #5814 ) ) ;
#9413 = DIRECTION ( 'NONE',  ( 0.000000000000000000, 1.000000000000000000, 0.000000000000000000 ) ) ;
#9414 = ORIENTED_EDGE ( 'NONE', *, *, #1724, .F. ) ;
#9415 =( NAMED_UNIT ( * ) SI_UNIT ( $, .STERADIAN. ) SOLID_ANGLE_UNIT ( ) );
#9416 = MECHANICAL_DESIGN_GEOMETRIC_PRESENTATION_REPRESENTATION (  '', ( #180 ), #10457 ) ;
#9417 = VECTOR ( 'NONE', #3716, 1000.000000000000227 ) ;
#9418 = CARTESIAN_POINT ( 'NONE',  ( 1.834855148493658161, -1.127774659775699684, 2.774999999999999911 ) ) ;
#9419 = DIRECTION ( 'NONE',  ( 0.000000000000000000, -1.000000000000000000, 0.000000000000000000 ) ) ;
#9420 =( NAMED_UNIT ( * ) SI_UNIT ( $, .STERADIAN. ) SOLID_ANGLE_UNIT ( ) );
#9421 = ORIENTED_EDGE ( 'NONE', *, *, #2393, .T. ) ;
#9422 = SURFACE_STYLE_USAGE ( .BOTH. , #3666 ) ;
#9423 = CARTESIAN_POINT ( 'NONE',  ( -0.09222818483967543113, -0.8266558326152059211, 2.875000000000000000 ) ) ;
#9424 = VERTEX_POINT ( 'NONE', #10148 ) ;
#9425 = EDGE_CURVE ( 'NONE', #8900, #2913, #2781, .T. ) ;
#9427 = ORIENTED_EDGE ( 'NONE', *, *, #4767, .F. ) ;
#9426 =( NAMED_UNIT ( * ) SI_UNIT ( $, .STERADIAN. ) SOLID_ANGLE_UNIT ( ) );
#9428 = DIRECTION ( 'NONE',  ( -0.7056826026699989374, 0.7085280970356055974, 0.000000000000000000 ) ) ;
#9429 = VECTOR ( 'NONE', #7927, 999.9999999999998863 ) ;
#9430 = VECTOR ( 'NONE', #7251, 1000.000000000000000 ) ;
#9431 =( LENGTH_UNIT ( ) NAMED_UNIT ( * ) SI_UNIT ( .MILLI., .METRE. ) );
#9432 = CARTESIAN_POINT ( 'NONE',  ( 1.030842802814645687, -0.1761928696522429560, 2.774999999999999911 ) ) ;
#9433 = UNCERTAINTY_MEASURE_WITH_UNIT (LENGTH_MEASURE( 1.000000000000000082E-05 ), #4568, 'distance_accuracy_value', 'NONE');
#9434 = FILL_AREA_STYLE_COLOUR ( '', #4675 ) ;
#9435 = FACE_OUTER_BOUND ( 'NONE', #3350, .T. ) ;
#9436 = FILL_AREA_STYLE_COLOUR ( '', #2813 ) ;
#9437 = ORIENTED_EDGE ( 'NONE', *, *, #10318, .T. ) ;
#9438 = VECTOR ( 'NONE', #4074, 1000.000000000000000 ) ;
#9439 = PRESENTATION_LAYER_ASSIGNMENT (  '', '', ( #5831 ) ) ;
#9440 = SURFACE_SIDE_STYLE ('',( #9293 ) ) ;
#9441 = UNCERTAINTY_MEASURE_WITH_UNIT (LENGTH_MEASURE( 1.000000000000000082E-05 ), #7987, 'distance_accuracy_value', 'NONE');
#9442 = EDGE_CURVE ( 'NONE', #6439, #5913, #4593, .T. ) ;
#9443 = ORIENTED_EDGE ( 'NONE', *, *, #9006, .T. ) ;
#9444 = SURFACE_STYLE_FILL_AREA ( #10366 ) ;
#9445 =( GEOMETRIC_REPRESENTATION_CONTEXT ( 3 ) GLOBAL_UNCERTAINTY_ASSIGNED_CONTEXT ( ( #9996 ) ) GLOBAL_UNIT_ASSIGNED_CONTEXT ( ( #9525, #786, #1517 ) ) REPRESENTATION_CONTEXT ( 'NONE', 'WORKASPACE' ) );
#9446 = COLOUR_RGB ( '',0.7529411764705882248, 0.7529411764705882248, 0.7529411764705882248 ) ;
#9447 = FILL_AREA_STYLE_COLOUR ( '', #8027 ) ;
#9448 = CARTESIAN_POINT ( 'NONE',  ( 0.6498628645430406525, -0.1491866968127367743, 2.774999999999999911 ) ) ;
#9449 = ADVANCED_FACE ( 'NONE', ( #6066 ), #6436, .T. ) ;
#9450 = EDGE_LOOP ( 'NONE', ( #4698, #3778, #4668, #7931, #10255, #7799 ) ) ;
#9451 = ORIENTED_EDGE ( 'NONE', *, *, #5810, .F. ) ;
#9452 = ORIENTED_EDGE ( 'NONE', *, *, #1187, .F. ) ;
#9453 = AXIS2_PLACEMENT_3D ( 'NONE', #242, #3558, #7509 ) ;
#9454 = SURFACE_SIDE_STYLE ('',( #3647 ) ) ;
#9455 = LINE ( 'NONE', #5543, #1426 ) ;
#9456 = FACE_OUTER_BOUND ( 'NONE', #7832, .T. ) ;
#9457 = EDGE_LOOP ( 'NONE', ( #7855, #5272, #7771, #49 ) ) ;
#9458 = UNCERTAINTY_MEASURE_WITH_UNIT (LENGTH_MEASURE( 1.000000000000000082E-05 ), #527, 'distance_accuracy_value', 'NONE');
#9459 = CARTESIAN_POINT ( 'NONE',  ( -0.09222818483967543113, -0.9879212647139713477, 2.875000000000000000 ) ) ;
#9460 = PLANE ( 'NONE',  #2916 ) ;
#9461 = AXIS2_PLACEMENT_3D ( 'NONE', #1666, #1493, #8923 ) ;
#9462 =( GEOMETRIC_REPRESENTATION_CONTEXT ( 3 ) GLOBAL_UNCERTAINTY_ASSIGNED_CONTEXT ( ( #9441 ) ) GLOBAL_UNIT_ASSIGNED_CONTEXT ( ( #7987, #3878, #9415 ) ) REPRESENTATION_CONTEXT ( 'NONE', 'WORKASPACE' ) );
#9463 = DIRECTION ( 'NONE',  ( 0.000000000000000000, -0.000000000000000000, 1.000000000000000000 ) ) ;
#9464 = ORIENTED_EDGE ( 'NONE', *, *, #1053, .F. ) ;
#9465 = EDGE_CURVE ( 'NONE', #1351, #1313, #132, .T. ) ;
#9466 = CARTESIAN_POINT ( 'NONE',  ( 0.5418381731850160365, -0.1675123140966873203, 2.774999999999999911 ) ) ;
#9467 = VERTEX_POINT ( 'NONE', #4155 ) ;
#9468 = FILL_AREA_STYLE ('',( #4524 ) ) ;
#9469 =( GEOMETRIC_REPRESENTATION_CONTEXT ( 3 ) GLOBAL_UNCERTAINTY_ASSIGNED_CONTEXT ( ( #5252 ) ) GLOBAL_UNIT_ASSIGNED_CONTEXT ( ( #416, #7083, #8530 ) ) REPRESENTATION_CONTEXT ( 'NONE', 'WORKASPACE' ) );
#9470 = VECTOR ( 'NONE', #823, 1000.000000000000000 ) ;
#9471 = PLANE ( 'NONE',  #5862 ) ;
#9472 = LINE ( 'NONE', #2281, #2504 ) ;
#9473 =( NAMED_UNIT ( * ) SI_UNIT ( $, .STERADIAN. ) SOLID_ANGLE_UNIT ( ) );
#9474 = ORIENTED_EDGE ( 'NONE', *, *, #9262, .T. ) ;
#9475 = VECTOR ( 'NONE', #2570, 1000.000000000000000 ) ;
#9476 = STYLED_ITEM ( 'NONE', ( #7473 ), #5188 ) ;
#9477 = LINE ( 'NONE', #7831, #7991 ) ;
#9478 = ORIENTED_EDGE ( 'NONE', *, *, #8041, .F. ) ;
#9479 = ORIENTED_EDGE ( 'NONE', *, *, #1227, .T. ) ;
#9481 = VERTEX_POINT ( 'NONE', #3395 ) ;
#9480 = FACE_OUTER_BOUND ( 'NONE', #5823, .T. ) ;
#9482 = CARTESIAN_POINT ( 'NONE',  ( 1.037401444789954219, -1.127774659775699684, 2.875000000000000000 ) ) ;
#9483 = LINE ( 'NONE', #5347, #2746 ) ;
#9484 = COLOUR_RGB ( '',0.7529411764705882248, 0.7529411764705882248, 0.7529411764705882248 ) ;
#9485 = CIRCLE ( 'NONE', #7104, 0.4672919842648142752 ) ;
#9486 = CARTESIAN_POINT ( 'NONE',  ( 1.582154531209707837, -0.3239552153312553195, 2.875000000000000000 ) ) ;
#9487 = DIRECTION ( 'NONE',  ( 0.000000000000000000, 0.000000000000000000, -1.000000000000000000 ) ) ;
#9488 = DIRECTION ( 'NONE',  ( -0.000000000000000000, -0.000000000000000000, 1.000000000000000000 ) ) ;
#9489 = ORIENTED_EDGE ( 'NONE', *, *, #23, .T. ) ;
#9490 = DIRECTION ( 'NONE',  ( -0.000000000000000000, 1.000000000000000000, 0.000000000000000000 ) ) ;
#9491 = ORIENTED_EDGE ( 'NONE', *, *, #875, .T. ) ;
#9492 = VECTOR ( 'NONE', #213, 1000.000000000000000 ) ;
#9493 = EDGE_CURVE ( 'NONE', #10, #3756, #9915, .T. ) ;
#9494 = DIRECTION ( 'NONE',  ( 0.000000000000000000, 0.000000000000000000, -1.000000000000000000 ) ) ;
#9495 = SURFACE_STYLE_USAGE ( .BOTH. , #8693 ) ;
#9496 = SURFACE_STYLE_USAGE ( .BOTH. , #9440 ) ;
#9497 = DIRECTION ( 'NONE',  ( 0.000000000000000000, -0.000000000000000000, -1.000000000000000000 ) ) ;
#9498 = ORIENTED_EDGE ( 'NONE', *, *, #9076, .T. ) ;
#9499 = CARTESIAN_POINT ( 'NONE',  ( -1.341263678666835935, -0.1675123140966873203, 2.774999999999999911 ) ) ;
#9500 = DIRECTION ( 'NONE',  ( -0.000000000000000000, -0.000000000000000000, 1.000000000000000000 ) ) ;
#9501 = PRESENTATION_LAYER_ASSIGNMENT (  '', '', ( #3490 ) ) ;
#9502 = PRESENTATION_LAYER_ASSIGNMENT (  '', '', ( #8152 ) ) ;
#9503 = SURFACE_SIDE_STYLE ('',( #650 ) ) ;
#9504 = DIRECTION ( 'NONE',  ( -1.000000000000000000, 0.000000000000000000, 0.000000000000000000 ) ) ;
#9505 = PRESENTATION_STYLE_ASSIGNMENT (( #9613 ) ) ;
#9506 = SURFACE_SIDE_STYLE ('',( #7158 ) ) ;
#9507 = VERTEX_POINT ( 'NONE', #2551 ) ;
#9508 = EDGE_LOOP ( 'NONE', ( #5176, #1932, #10431, #1567 ) ) ;
#9509 = ORIENTED_EDGE ( 'NONE', *, *, #6539, .T. ) ;
#9510 = COLOUR_RGB ( '',0.7529411764705882248, 0.7529411764705882248, 0.7529411764705882248 ) ;
#9511 = DIRECTION ( 'NONE',  ( 0.9405221620105692626, -0.3397323398897497682, 0.000000000000000000 ) ) ;
#9512 = PRESENTATION_STYLE_ASSIGNMENT (( #5889 ) ) ;
#9513 = CARTESIAN_POINT ( 'NONE',  ( 0.9299999999999993827, -7.605096679918781355, 0.8449999999999998623 ) ) ;
#9514 = PLANE ( 'NONE',  #2231 ) ;
#9515 = EDGE_LOOP ( 'NONE', ( #7088, #8814, #586, #9204 ) ) ;
#9516 =( NAMED_UNIT ( * ) PLANE_ANGLE_UNIT ( ) SI_UNIT ( $, .RADIAN. ) );
#9517 = LINE ( 'NONE', #8771, #4623 ) ;
#9518 = COLOUR_RGB ( '',0.7529411764705882248, 0.7529411764705882248, 0.7529411764705882248 ) ;
#9519 = ADVANCED_FACE ( 'NONE', ( #5886, #1739 ), #9161, .F. ) ;
#9520 = FACE_OUTER_BOUND ( 'NONE', #1532, .T. ) ;
#9521 = ORIENTED_EDGE ( 'NONE', *, *, #6581, .T. ) ;
#9522 = ORIENTED_EDGE ( 'NONE', *, *, #1850, .F. ) ;
#9523 = CARTESIAN_POINT ( 'NONE',  ( -0.4930200591917125452, -2.601766864349279285, 2.875000000000000000 ) ) ;
#9524 = COLOUR_RGB ( '',0.7529411764705882248, 0.7529411764705882248, 0.7529411764705882248 ) ;
#9525 =( LENGTH_UNIT ( ) NAMED_UNIT ( * ) SI_UNIT ( .MILLI., .METRE. ) );
#9526 = EDGE_CURVE ( 'NONE', #727, #4064, #8205, .T. ) ;
#9527 = CIRCLE ( 'NONE', #263, 0.3590055717550538206 ) ;
#9528 = DIRECTION ( 'NONE',  ( -0.2751254935936198742, -0.9614083226053677933, 0.000000000000000000 ) ) ;
#9529 = PLANE ( 'NONE',  #6176 ) ;
#9530 = MECHANICAL_DESIGN_GEOMETRIC_PRESENTATION_REPRESENTATION (  '', ( #2672 ), #4894 ) ;
#9531 = SURFACE_SIDE_STYLE ('',( #7995 ) ) ;
#9532 = EDGE_LOOP ( 'NONE', ( #4811, #547, #6742, #2838 ) ) ;
#9533 = AXIS2_PLACEMENT_3D ( 'NONE', #7106, #487, #6994 ) ;
#9534 = CARTESIAN_POINT ( 'NONE',  ( 1.569999999999999840, 3.183097134505116887, 2.124999999999998224 ) ) ;
#9535 = EDGE_CURVE ( 'NONE', #7032, #6359, #5728, .T. ) ;
#9536 = ORIENTED_EDGE ( 'NONE', *, *, #2107, .F. ) ;
#9537 = ORIENTED_EDGE ( 'NONE', *, *, #9729, .T. ) ;
#9538 = COLOUR_RGB ( '',0.7529411764705882248, 0.7529411764705882248, 0.7529411764705882248 ) ;
#9539 = ADVANCED_FACE ( 'NONE', ( #9808 ), #9056, .T. ) ;
#9540 = EDGE_LOOP ( 'NONE', ( #1460, #3394, #6827, #630 ) ) ;
#9541 = CARTESIAN_POINT ( 'NONE',  ( 1.569999999999999396, -3.101766864349280173, 0.8449999999999998623 ) ) ;
#9542 = COLOUR_RGB ( '',0.7529411764705882248, 0.7529411764705882248, 0.7529411764705882248 ) ;
#9543 = LINE ( 'NONE', #6281, #7203 ) ;
#9544 = SURFACE_SIDE_STYLE ('',( #7024 ) ) ;
#9545 = DIRECTION ( 'NONE',  ( 0.9494311645122892607, 0.3139752599375281727, 0.000000000000000000 ) ) ;
#9546 = UNCERTAINTY_MEASURE_WITH_UNIT (LENGTH_MEASURE( 1.000000000000000082E-05 ), #809, 'distance_accuracy_value', 'NONE');
#9547 = MECHANICAL_DESIGN_GEOMETRIC_PRESENTATION_REPRESENTATION (  '', ( #813 ), #7002 ) ;
#9548 = LINE ( 'NONE', #8740, #2110 ) ;
#9549 = ORIENTED_EDGE ( 'NONE', *, *, #6898, .F. ) ;
#9550 = SURFACE_STYLE_USAGE ( .BOTH. , #8390 ) ;
#9551 = EDGE_CURVE ( 'NONE', #10159, #6238, #241, .T. ) ;
#9552 = MECHANICAL_DESIGN_GEOMETRIC_PRESENTATION_REPRESENTATION (  '', ( #3029 ), #10593 ) ;
#9553 = ORIENTED_EDGE ( 'NONE', *, *, #2082, .T. ) ;
#9554 = EDGE_CURVE ( 'NONE', #3546, #8943, #4369, .T. ) ;
#9555 = DIRECTION ( 'NONE',  ( -1.000000000000000000, 0.000000000000000000, 0.000000000000000000 ) ) ;
#9556 =( GEOMETRIC_REPRESENTATION_CONTEXT ( 3 ) GLOBAL_UNCERTAINTY_ASSIGNED_CONTEXT ( ( #3653 ) ) GLOBAL_UNIT_ASSIGNED_CONTEXT ( ( #2812, #2443, #2279 ) ) REPRESENTATION_CONTEXT ( 'NONE', 'WORKASPACE' ) );
#9557 = PLANE ( 'NONE',  #5470 ) ;
#9558 =( NAMED_UNIT ( * ) SI_UNIT ( $, .STERADIAN. ) SOLID_ANGLE_UNIT ( ) );
#9559 = UNCERTAINTY_MEASURE_WITH_UNIT (LENGTH_MEASURE( 1.000000000000000082E-05 ), #6993, 'distance_accuracy_value', 'NONE');
#9560 = VERTEX_POINT ( 'NONE', #6032 ) ;
#9561 = DIRECTION ( 'NONE',  ( 0.6452934220849804170, -0.7639348135893895275, 0.000000000000000000 ) ) ;
#9562 = FILL_AREA_STYLE ('',( #6298 ) ) ;
#9563 =( GEOMETRIC_REPRESENTATION_CONTEXT ( 3 ) GLOBAL_UNCERTAINTY_ASSIGNED_CONTEXT ( ( #1089 ) ) GLOBAL_UNIT_ASSIGNED_CONTEXT ( ( #3704, #10324, #10164 ) ) REPRESENTATION_CONTEXT ( 'NONE', 'WORKASPACE' ) );
#9564 = EDGE_CURVE ( 'NONE', #4546, #1326, #4269, .T. ) ;
#9565 = ORIENTED_EDGE ( 'NONE', *, *, #2587, .F. ) ;
#9566 = VERTEX_POINT ( 'NONE', #1997 ) ;
#9567 = ORIENTED_EDGE ( 'NONE', *, *, #8743, .F. ) ;
#9568 = CARTESIAN_POINT ( 'NONE',  ( 1.046467802814645687, -0.4539706474300208017, 2.774999999999999911 ) ) ;
#9569 = DIRECTION ( 'NONE',  ( 1.000000000000000000, 0.000000000000000000, -0.000000000000000000 ) ) ;
#9570 = SURFACE_STYLE_USAGE ( .BOTH. , #6613 ) ;
#9571 = VECTOR ( 'NONE', #5401, 1000.000000000000000 ) ;
#9572 = VERTEX_POINT ( 'NONE', #3504 ) ;
#9573 = MECHANICAL_DESIGN_GEOMETRIC_PRESENTATION_REPRESENTATION (  '', ( #477 ), #289 ) ;
#9574 = UNCERTAINTY_MEASURE_WITH_UNIT (LENGTH_MEASURE( 1.000000000000000082E-05 ), #2090, 'distance_accuracy_value', 'NONE');
#9575 = FACE_OUTER_BOUND ( 'NONE', #7124, .T. ) ;
#9576 = ADVANCED_FACE ( 'NONE', ( #6798 ), #10018, .T. ) ;
#9577 = DIRECTION ( 'NONE',  ( 0.8574929257125443183, 0.5144957554275264577, -0.000000000000000000 ) ) ;
#9578 = ORIENTED_EDGE ( 'NONE', *, *, #8458, .T. ) ;
#9579 = VECTOR ( 'NONE', #2477, 1000.000000000000000 ) ;
#9580 = DIRECTION ( 'NONE',  ( 0.000000000000000000, 0.000000000000000000, 1.000000000000000000 ) ) ;
#9581 = EDGE_LOOP ( 'NONE', ( #6899, #6582, #4234, #1197 ) ) ;
#9582 = SURFACE_STYLE_FILL_AREA ( #561 ) ;
#9583 = FACE_OUTER_BOUND ( 'NONE', #558, .T. ) ;
#9584 = FILL_AREA_STYLE_COLOUR ( '', #4750 ) ;
#9585 = CARTESIAN_POINT ( 'NONE',  ( 1.687157287525380855, -5.622383267283204589, 0.8450000000000008615 ) ) ;
#9586 = VECTOR ( 'NONE', #261, 999.9999999999998863 ) ;
#9587 = ADVANCED_FACE ( 'NONE', ( #337 ), #1045, .T. ) ;
#9588 = ADVANCED_FACE ( 'NONE', ( #8368 ), #5216, .T. ) ;
#9589 = FACE_OUTER_BOUND ( 'NONE', #8242, .T. ) ;
#9590 = ORIENTED_EDGE ( 'NONE', *, *, #950, .F. ) ;
#9591 = EDGE_CURVE ( 'NONE', #10158, #9928, #5867, .T. ) ;
#9592 = LINE ( 'NONE', #2177, #6953 ) ;
#9593 = VERTEX_POINT ( 'NONE', #9789 ) ;
#9594 = EDGE_CURVE ( 'NONE', #6996, #8941, #8188, .T. ) ;
#9596 = ORIENTED_EDGE ( 'NONE', *, *, #7774, .T. ) ;
#9595 = CARTESIAN_POINT ( 'NONE',  ( -2.164957836983784745, -3.500000000000000000, -2.875000000000000000 ) ) ;
#9597 = CARTESIAN_POINT ( 'NONE',  ( 0.9299999999999993827, -6.700000000000000178, 0.8449999999999998623 ) ) ;
#9598 =( BOUNDED_CURVE ( )  B_SPLINE_CURVE ( 3, ( #4133, #6626, #8286, #5816 ),
 .UNSPECIFIED., .F., .F. ) 
 B_SPLINE_CURVE_WITH_KNOTS ( ( 4, 4 ),
 ( 1.570796326794896558, 3.141592653589793116 ),
 .UNSPECIFIED. ) 
 CURVE ( )  GEOMETRIC_REPRESENTATION_ITEM ( )  RATIONAL_B_SPLINE_CURVE ( ( 1.000000000000000000, 0.8047378541243649375, 0.8047378541243649375, 1.000000000000000000 ) ) 
 REPRESENTATION_ITEM ( '' )  );
#9599 = FILL_AREA_STYLE_COLOUR ( '', #8561 ) ;
#9600 = VECTOR ( 'NONE', #2646, 1000.000000000000114 ) ;
#9601 = ORIENTED_EDGE ( 'NONE', *, *, #875, .F. ) ;
#9602 = SURFACE_SIDE_STYLE ('',( #10248 ) ) ;
#9603 = PRESENTATION_LAYER_ASSIGNMENT (  '', '', ( #7906 ) ) ;
#9604 = ORIENTED_EDGE ( 'NONE', *, *, #7976, .T. ) ;
#9605 = PRESENTATION_LAYER_ASSIGNMENT (  '', '', ( #5503 ) ) ;
#9606 = SURFACE_STYLE_USAGE ( .BOTH. , #1435 ) ;
#9607 = CARTESIAN_POINT ( 'NONE',  ( -0.05268343175325553018, -1.127774659775699684, 2.774999999999999911 ) ) ;
#9608 = SURFACE_STYLE_USAGE ( .BOTH. , #3905 ) ;
#9609 = EDGE_LOOP ( 'NONE', ( #7823, #2993, #5322, #9993 ) ) ;
#9610 = FILL_AREA_STYLE ('',( #2945 ) ) ;
#9611 = EDGE_CURVE ( 'NONE', #4414, #9507, #4251, .T. ) ;
#9612 = PRESENTATION_STYLE_ASSIGNMENT (( #6349 ) ) ;
#9613 = SURFACE_STYLE_USAGE ( .BOTH. , #7214 ) ;
#9614 = PRESENTATION_LAYER_ASSIGNMENT (  '', '', ( #9961 ) ) ;
#9615 =( GEOMETRIC_REPRESENTATION_CONTEXT ( 3 ) GLOBAL_UNCERTAINTY_ASSIGNED_CONTEXT ( ( #4713 ) ) GLOBAL_UNIT_ASSIGNED_CONTEXT ( ( #3522, #8329, #3310 ) ) REPRESENTATION_CONTEXT ( 'NONE', 'WORKASPACE' ) );
#9616 = COLOUR_RGB ( '',0.7529411764705882248, 0.7529411764705882248, 0.7529411764705882248 ) ;
#9617 = LINE ( 'NONE', #1497, #9713 ) ;
#9618 = ORIENTED_EDGE ( 'NONE', *, *, #9862, .F. ) ;
#9619 = ORIENTED_EDGE ( 'NONE', *, *, #6991, .T. ) ;
#9620 = ORIENTED_EDGE ( 'NONE', *, *, #9398, .T. ) ;
#9621 = LINE ( 'NONE', #4184, #1584 ) ;
#9622 = DIRECTION ( 'NONE',  ( -0.000000000000000000, -0.000000000000000000, 1.000000000000000000 ) ) ;
#9623 = CARTESIAN_POINT ( 'NONE',  ( -2.296896394716218648, -1.046563240022613472, 2.774999999999999911 ) ) ;
#9624 = MECHANICAL_DESIGN_GEOMETRIC_PRESENTATION_REPRESENTATION (  '', ( #4311 ), #8436 ) ;
#9625 =( GEOMETRIC_REPRESENTATION_CONTEXT ( 3 ) GLOBAL_UNCERTAINTY_ASSIGNED_CONTEXT ( ( #2267 ) ) GLOBAL_UNIT_ASSIGNED_CONTEXT ( ( #539, #2894, #6347 ) ) REPRESENTATION_CONTEXT ( 'NONE', 'WORKASPACE' ) );
#9626 = ORIENTED_EDGE ( 'NONE', *, *, #7253, .F. ) ;
#9627 = CARTESIAN_POINT ( 'NONE',  ( -1.570000000000001172, -7.605096679918781355, 0.2049999999999999878 ) ) ;
#9628 = CARTESIAN_POINT ( 'NONE',  ( 2.949999999999998845, 1.200000000000000178, 1.156639881571555506 ) ) ;
#9629 = CARTESIAN_POINT ( 'NONE',  ( 1.223551136147978946, -1.111185153602860298, 2.774999999999999911 ) ) ;
#9630 = CARTESIAN_POINT ( 'NONE',  ( -0.03956614780263817410, -0.8800894745905145644, 2.774999999999999911 ) ) ;
#9631 = VERTEX_POINT ( 'NONE', #4192 ) ;
#9632 = VECTOR ( 'NONE', #1358, 1000.000000000000000 ) ;
#9633 = VECTOR ( 'NONE', #2935, 1000.000000000000000 ) ;
#9634 = LINE ( 'NONE', #9466, #9023 ) ;
#9635 = ORIENTED_EDGE ( 'NONE', *, *, #9229, .T. ) ;
#9636 = EDGE_CURVE ( 'NONE', #8692, #8941, #161, .T. ) ;
#9637 =( NAMED_UNIT ( * ) SI_UNIT ( $, .STERADIAN. ) SOLID_ANGLE_UNIT ( ) );
#9638 = SURFACE_SIDE_STYLE ('',( #7126 ) ) ;
#9639 = CARTESIAN_POINT ( 'NONE',  ( -2.070430345333502675, -0.1675123140966873203, 2.774999999999999911 ) ) ;
#9640 =( NAMED_UNIT ( * ) SI_UNIT ( $, .STERADIAN. ) SOLID_ANGLE_UNIT ( ) );
#9641 = STYLED_ITEM ( 'NONE', ( #5806 ), #6811 ) ;
#9642 = DIRECTION ( 'NONE',  ( 0.000000000000000000, -1.000000000000000000, 0.000000000000000000 ) ) ;
#9643 = EDGE_CURVE ( 'NONE', #10316, #9197, #2633, .T. ) ;
#9644 = FACE_OUTER_BOUND ( 'NONE', #7888, .T. ) ;
#9645 = VERTEX_POINT ( 'NONE', #888 ) ;
#9646 = DIRECTION ( 'NONE',  ( 1.000000000000000000, 0.000000000000000000, 0.000000000000000000 ) ) ;
#9647 = ORIENTED_EDGE ( 'NONE', *, *, #3406, .T. ) ;
#9648 = VECTOR ( 'NONE', #1755, 1000.000000000000000 ) ;
#9649 = VECTOR ( 'NONE', #5556, 1000.000000000000000 ) ;
#9651 = ORIENTED_EDGE ( 'NONE', *, *, #1838, .T. ) ;
#9650 = FILL_AREA_STYLE ('',( #5730 ) ) ;
#9652 = CARTESIAN_POINT ( 'NONE',  ( -3.700000000000000622, 3.500000000000000000, -2.875000000000000000 ) ) ;
#9653 = CARTESIAN_POINT ( 'NONE',  ( 0.9345850867652628624, -0.2747654005164404944, 2.774999999999999911 ) ) ;
#9654 =( GEOMETRIC_REPRESENTATION_CONTEXT ( 3 ) GLOBAL_UNCERTAINTY_ASSIGNED_CONTEXT ( ( #543 ) ) GLOBAL_UNIT_ASSIGNED_CONTEXT ( ( #2, #873, #3527 ) ) REPRESENTATION_CONTEXT ( 'NONE', 'WORKASPACE' ) );
#9655 = COLOUR_RGB ( '',0.7529411764705882248, 0.7529411764705882248, 0.7529411764705882248 ) ;
#9656 = SURFACE_SIDE_STYLE ('',( #6386 ) ) ;
#9657 = VERTEX_POINT ( 'NONE', #7333 ) ;
#9658 = CARTESIAN_POINT ( 'NONE',  ( -3.700000000000001510, 3.499999999999999112, 1.156639881571555284 ) ) ;
#9659 = PRESENTATION_STYLE_ASSIGNMENT (( #639 ) ) ;
#9660 = VERTEX_POINT ( 'NONE', #9840 ) ;
#9661 = AXIS2_PLACEMENT_3D ( 'NONE', #8326, #2615, #1060 ) ;
#9662 = CARTESIAN_POINT ( 'NONE',  ( 1.770000000000001128, -5.422383267283204411, 0.000000000000000000 ) ) ;
#9663 =( LENGTH_UNIT ( ) NAMED_UNIT ( * ) SI_UNIT ( .MILLI., .METRE. ) );
#9664 = UNCERTAINTY_MEASURE_WITH_UNIT (LENGTH_MEASURE( 1.000000000000000082E-05 ), #1050, 'distance_accuracy_value', 'NONE');
#9665 = VERTEX_POINT ( 'NONE', #1828 ) ;
#9666 = PLANE ( 'NONE',  #9461 ) ;
#9667 = CARTESIAN_POINT ( 'NONE',  ( -1.886209666321156941, -1.106362622738662704, 2.875000000000000000 ) ) ;
#9668 = EDGE_CURVE ( 'NONE', #10070, #10640, #6523, .T. ) ;
#9669 =( NAMED_UNIT ( * ) SI_UNIT ( $, .STERADIAN. ) SOLID_ANGLE_UNIT ( ) );
#9670 = CARTESIAN_POINT ( 'NONE',  ( 0.9039137904689669156, -1.073762314096687431, 2.875000000000000000 ) ) ;
#9671 = STYLED_ITEM ( 'NONE', ( #4001 ), #7635 ) ;
#9672 =( GEOMETRIC_REPRESENTATION_CONTEXT ( 3 ) GLOBAL_UNCERTAINTY_ASSIGNED_CONTEXT ( ( #2356 ) ) GLOBAL_UNIT_ASSIGNED_CONTEXT ( ( #7933, #5996, #10082 ) ) REPRESENTATION_CONTEXT ( 'NONE', 'WORKASPACE' ) );
#9673 = EDGE_CURVE ( 'NONE', #6456, #4567, #6732, .T. ) ;
#9674 = CARTESIAN_POINT ( 'NONE',  ( 2.849999999999999645, -5.000000000000000000, -1.115994428244946324 ) ) ;
#9675 = ORIENTED_EDGE ( 'NONE', *, *, #9442, .T. ) ;
#9676 = EDGE_LOOP ( 'NONE', ( #6308, #5538, #2915, #7249 ) ) ;
#9677 = ORIENTED_EDGE ( 'NONE', *, *, #1096, .F. ) ;
#9678 = DIRECTION ( 'NONE',  ( 0.000000000000000000, 1.000000000000000000, 0.000000000000000000 ) ) ;
#9679 =( LENGTH_UNIT ( ) NAMED_UNIT ( * ) SI_UNIT ( .MILLI., .METRE. ) );
#9680 =( NAMED_UNIT ( * ) PLANE_ANGLE_UNIT ( ) SI_UNIT ( $, .RADIAN. ) );
#9681 = MECHANICAL_DESIGN_GEOMETRIC_PRESENTATION_REPRESENTATION (  '', ( #3490 ), #1780 ) ;
#9682 =( GEOMETRIC_REPRESENTATION_CONTEXT ( 3 ) GLOBAL_UNCERTAINTY_ASSIGNED_CONTEXT ( ( #1283 ) ) GLOBAL_UNIT_ASSIGNED_CONTEXT ( ( #9991, #1922, #5194 ) ) REPRESENTATION_CONTEXT ( 'NONE', 'WORKASPACE' ) );
#9683 = SURFACE_STYLE_FILL_AREA ( #2956 ) ;
#9684 = EDGE_LOOP ( 'NONE', ( #3660, #4775, #8704, #3323 ) ) ;
#9685 = EDGE_CURVE ( 'NONE', #9055, #9197, #9997, .T. ) ;
#9686 = UNCERTAINTY_MEASURE_WITH_UNIT (LENGTH_MEASURE( 1.000000000000000082E-05 ), #360, 'distance_accuracy_value', 'NONE');
#9687 =( NAMED_UNIT ( * ) SI_UNIT ( $, .STERADIAN. ) SOLID_ANGLE_UNIT ( ) );
#9688 = CARTESIAN_POINT ( 'NONE',  ( -2.272058823529412130, -1.363235294117647101, 0.000000000000000000 ) ) ;
#9689 = DIRECTION ( 'NONE',  ( -0.3731001875674787582, -0.9277910594725043980, 0.000000000000000000 ) ) ;
#9690 = EDGE_CURVE ( 'NONE', #9708, #3619, #71, .T. ) ;
#9691 = PRESENTATION_LAYER_ASSIGNMENT (  '', '', ( #1440 ) ) ;
#9692 = MECHANICAL_DESIGN_GEOMETRIC_PRESENTATION_REPRESENTATION (  '', ( #5205 ), #7472 ) ;
#9693 = ORIENTED_EDGE ( 'NONE', *, *, #3671, .T. ) ;
#9694 = CARTESIAN_POINT ( 'NONE',  ( 1.569999999999999840, 1.204553182355148522, 2.875000000000000000 ) ) ;
#9695 = DIRECTION ( 'NONE',  ( 0.000000000000000000, -0.000000000000000000, 1.000000000000000000 ) ) ;
#9696 = LINE ( 'NONE', #8146, #9894 ) ;
#9697 = PRESENTATION_LAYER_ASSIGNMENT (  '', '', ( #5399 ) ) ;
#9698 =( NAMED_UNIT ( * ) SI_UNIT ( $, .STERADIAN. ) SOLID_ANGLE_UNIT ( ) );
#9699 = DIRECTION ( 'NONE',  ( 0.000000000000000000, -1.000000000000000000, 0.000000000000000000 ) ) ;
#9700 = DIRECTION ( 'NONE',  ( -0.000000000000000000, -0.000000000000000000, 1.000000000000000000 ) ) ;
#9701 = DIRECTION ( 'NONE',  ( 0.000000000000000000, -0.5144957554275262357, 0.8574929257125444293 ) ) ;
#9702 = ORIENTED_EDGE ( 'NONE', *, *, #8367, .F. ) ;
#9703 = ORIENTED_EDGE ( 'NONE', *, *, #3814, .T. ) ;
#9705 =( GEOMETRIC_REPRESENTATION_CONTEXT ( 3 ) GLOBAL_UNCERTAINTY_ASSIGNED_CONTEXT ( ( #5352 ) ) GLOBAL_UNIT_ASSIGNED_CONTEXT ( ( #7389, #4139, #8450 ) ) REPRESENTATION_CONTEXT ( 'NONE', 'WORKASPACE' ) );
#9704 = FILL_AREA_STYLE ('',( #424 ) ) ;
#9706 = EDGE_CURVE ( 'NONE', #10416, #1289, #6627, .T. ) ;
#9707 = VECTOR ( 'NONE', #3213, 1000.000000000000000 ) ;
#9708 = VERTEX_POINT ( 'NONE', #7492 ) ;
#9709 = SURFACE_SIDE_STYLE ('',( #2290 ) ) ;
#9710 = DIRECTION ( 'NONE',  ( 0.000000000000000000, -0.000000000000000000, -1.000000000000000000 ) ) ;
#9711 = VECTOR ( 'NONE', #3186, 1000.000000000000000 ) ;
#9712 = CARTESIAN_POINT ( 'NONE',  ( 2.552254839851682444, -0.1700200301460701169, 2.774999999999999911 ) ) ;
#9713 = VECTOR ( 'NONE', #7216, 1000.000000000000000 ) ;
#9714 = CARTESIAN_POINT ( 'NONE',  ( 0.3217378645430407635, -0.1491866968127367743, 2.875000000000000000 ) ) ;
#9715 = EDGE_CURVE ( 'NONE', #1226, #7887, #6679, .T. ) ;
#9716 = EDGE_LOOP ( 'NONE', ( #10373, #4599, #1641, #10609 ) ) ;
#9717 = FACE_OUTER_BOUND ( 'NONE', #9412, .T. ) ;
#9718 = VERTEX_POINT ( 'NONE', #9137 ) ;
#9719 = VECTOR ( 'NONE', #7491, 1000.000000000000000 ) ;
#9720 = VECTOR ( 'NONE', #5301, 1000.000000000000114 ) ;
#9721 = CARTESIAN_POINT ( 'NONE',  ( -1.570000000000001172, -4.289853386497013865, 0.8450000000000000844 ) ) ;
#9722 = FILL_AREA_STYLE_COLOUR ( '', #2308 ) ;
#9723 = ORIENTED_EDGE ( 'NONE', *, *, #2758, .T. ) ;
#9724 = CARTESIAN_POINT ( 'NONE',  ( 1.926676136147978724, -0.2572113881707613903, 2.875000000000000000 ) ) ;
#9725 = CARTESIAN_POINT ( 'NONE',  ( -0.1516417650865888034, -1.078391943726317193, 2.875000000000000000 ) ) ;
#9726 = PRESENTATION_LAYER_ASSIGNMENT (  '', '', ( #7670 ) ) ;
#9727 = LINE ( 'NONE', #10531, #10573 ) ;
#9728 = DIRECTION ( 'NONE',  ( 0.000000000000000000, 0.000000000000000000, -1.000000000000000000 ) ) ;
#9729 = EDGE_CURVE ( 'NONE', #10507, #4071, #5052, .T. ) ;
#9730 = VECTOR ( 'NONE', #10279, 1000.000000000000000 ) ;
#9731 = FILL_AREA_STYLE_COLOUR ( '', #625 ) ;
#9732 = VERTEX_POINT ( 'NONE', #5097 ) ;
#9733 = ORIENTED_EDGE ( 'NONE', *, *, #795, .F. ) ;
#9734 = CARTESIAN_POINT ( 'NONE',  ( 1.834855148493658161, -1.106362622738662704, 2.774999999999999911 ) ) ;
#9735 = ADVANCED_FACE ( 'NONE', ( #773 ), #7051, .T. ) ;
#9736 = LINE ( 'NONE', #7111, #8391 ) ;
#9737 =( NAMED_UNIT ( * ) SI_UNIT ( $, .STERADIAN. ) SOLID_ANGLE_UNIT ( ) );
#9738 = ORIENTED_EDGE ( 'NONE', *, *, #8138, .T. ) ;
#9739 = FACE_OUTER_BOUND ( 'NONE', #6611, .T. ) ;
#9740 = FACE_OUTER_BOUND ( 'NONE', #9098, .T. ) ;
#9741 =( NAMED_UNIT ( * ) PLANE_ANGLE_UNIT ( ) SI_UNIT ( $, .RADIAN. ) );
#9742 = PRESENTATION_STYLE_ASSIGNMENT (( #8241 ) ) ;
#9743 = EDGE_LOOP ( 'NONE', ( #4680, #7242, #5895, #7440 ) ) ;
#9744 = VERTEX_POINT ( 'NONE', #5170 ) ;
#9745 = ADVANCED_FACE ( 'NONE', ( #7666 ), #9218, .F. ) ;
#9746 = VECTOR ( 'NONE', #3249, 1000.000000000000000 ) ;
#9747 = DIRECTION ( 'NONE',  ( 0.000000000000000000, 1.000000000000000000, 0.000000000000000000 ) ) ;
#9748 = AXIS2_PLACEMENT_3D ( 'NONE', #10116, #4417, #2855 ) ;
#9749 =( LENGTH_UNIT ( ) NAMED_UNIT ( * ) SI_UNIT ( .MILLI., .METRE. ) );
#9750 = DIRECTION ( 'NONE',  ( -0.9405221620105701508, 0.3397323398897472146, 0.000000000000000000 ) ) ;
#9751 = SURFACE_SIDE_STYLE ('',( #2447 ) ) ;
#9752 = SURFACE_STYLE_USAGE ( .BOTH. , #6486 ) ;
#9753 = CARTESIAN_POINT ( 'NONE',  ( 2.162980148493658383, -1.106362622738662704, 2.875000000000000000 ) ) ;
#9754 = PRESENTATION_LAYER_ASSIGNMENT (  '', '', ( #7705 ) ) ;
#9755 = CARTESIAN_POINT ( 'NONE',  ( -0.1796124440989347038, -0.9744181782942182846, 2.774999999999999911 ) ) ;
#9756 = ORIENTED_EDGE ( 'NONE', *, *, #339, .T. ) ;
#9757 = DIRECTION ( 'NONE',  ( 1.239088197126290817E-16, -1.000000000000000000, 0.000000000000000000 ) ) ;
#9758 = ORIENTED_EDGE ( 'NONE', *, *, #2518, .F. ) ;
#9759 = FILL_AREA_STYLE ('',( #92 ) ) ;
#9760 = ORIENTED_EDGE ( 'NONE', *, *, #5396, .F. ) ;
#9761 =( LENGTH_UNIT ( ) NAMED_UNIT ( * ) SI_UNIT ( .MILLI., .METRE. ) );
#9762 = LINE ( 'NONE', #6548, #345 ) ;
#9763 = PLANE ( 'NONE',  #10101 ) ;
#9764 =( LENGTH_UNIT ( ) NAMED_UNIT ( * ) SI_UNIT ( .MILLI., .METRE. ) );
#9765 = PRESENTATION_STYLE_ASSIGNMENT (( #4059 ) ) ;
#9766 = VERTEX_POINT ( 'NONE', #8708 ) ;
#9767 = DIRECTION ( 'NONE',  ( -0.000000000000000000, -0.000000000000000000, 1.000000000000000000 ) ) ;
#9768 =( LENGTH_UNIT ( ) NAMED_UNIT ( * ) SI_UNIT ( .MILLI., .METRE. ) );
#9769 = STYLED_ITEM ( 'NONE', ( #1952 ), #183 ) ;
#9770 = VERTEX_POINT ( 'NONE', #5984 ) ;
#9771 = CARTESIAN_POINT ( 'NONE',  ( -2.401063061382885611, -1.106362622738662704, 2.774999999999999911 ) ) ;
#9772 = FILL_AREA_STYLE ('',( #9722 ) ) ;
#9773 = UNCERTAINTY_MEASURE_WITH_UNIT (LENGTH_MEASURE( 1.000000000000000082E-05 ), #2602, 'distance_accuracy_value', 'NONE');
#9774 = VERTEX_POINT ( 'NONE', #6852 ) ;
#9775 = DIRECTION ( 'NONE',  ( -0.000000000000000000, -0.000000000000000000, 1.000000000000000000 ) ) ;
#9776 = DIRECTION ( 'NONE',  ( 0.4432864055629590627, -0.8963800324879351855, 0.000000000000000000 ) ) ;
#9777 = PRESENTATION_STYLE_ASSIGNMENT (( #10595 ) ) ;
#9778 = CARTESIAN_POINT ( 'NONE',  ( 0.3217378645430407635, -0.1491866968127367743, 2.774999999999999911 ) ) ;
#9779 =( GEOMETRIC_REPRESENTATION_CONTEXT ( 3 ) GLOBAL_UNCERTAINTY_ASSIGNED_CONTEXT ( ( #8170 ) ) GLOBAL_UNIT_ASSIGNED_CONTEXT ( ( #1812, #4528, #4288 ) ) REPRESENTATION_CONTEXT ( 'NONE', 'WORKASPACE' ) );
#9780 = SURFACE_STYLE_FILL_AREA ( #8074 ) ;
#9781 = CARTESIAN_POINT ( 'NONE',  ( 3.700000000000000178, 1.578285606387554996, 1.898270704789492003 ) ) ;
#9782 = EDGE_CURVE ( 'NONE', #6272, #2502, #10321, .T. ) ;
#9783 = CARTESIAN_POINT ( 'NONE',  ( -1.561363987308811208, -0.1493795980473046625, 2.774999999999999911 ) ) ;
#9784 = EDGE_LOOP ( 'NONE', ( #10382, #1695, #9904, #5923 ) ) ;
#9785 = CARTESIAN_POINT ( 'NONE',  ( -0.6838235294117637197, 0.4102941176470575879, 0.000000000000000000 ) ) ;
#9786 = EDGE_CURVE ( 'NONE', #1546, #6509, #2759, .T. ) ;
#9787 = VECTOR ( 'NONE', #4106, 1000.000000000000227 ) ;
#9788 = LINE ( 'NONE', #4835, #127 ) ;
#9789 = CARTESIAN_POINT ( 'NONE',  ( 1.078296506518349185, -0.6158147832324898374, 2.774999999999999911 ) ) ;
#9790 = FILL_AREA_STYLE ('',( #8401 ) ) ;
#9791 = CARTESIAN_POINT ( 'NONE',  ( -2.950000000000000178, 3.100000000000002309, 1.156639881571555506 ) ) ;
#9792 = ORIENTED_EDGE ( 'NONE', *, *, #531, .T. ) ;
#9793 = ORIENTED_EDGE ( 'NONE', *, *, #2620, .T. ) ;
#9794 = ORIENTED_EDGE ( 'NONE', *, *, #3153, .F. ) ;
#9795 = FILL_AREA_STYLE ('',( #7343 ) ) ;
#9796 = AXIS2_PLACEMENT_3D ( 'NONE', #8174, #870, #8126 ) ;
#9797 = CARTESIAN_POINT ( 'NONE',  ( -0.4131687630347657958, -3.101766864349278841, 2.119236689479958358 ) ) ;
#9798 = LINE ( 'NONE', #1924, #7258 ) ;
#9799 = UNCERTAINTY_MEASURE_WITH_UNIT (LENGTH_MEASURE( 1.000000000000000082E-05 ), #2629, 'distance_accuracy_value', 'NONE');
#9800 = CARTESIAN_POINT ( 'NONE',  ( 1.449999999999999512, -6.899999999999999467, 0.3249999999999999001 ) ) ;
#9801 = ADVANCED_FACE ( 'NONE', ( #1949 ), #3753, .F. ) ;
#9802 = VECTOR ( 'NONE', #244, 1000.000000000000000 ) ;
#9803 = VECTOR ( 'NONE', #8742, 1000.000000000000000 ) ;
#9804 =( NAMED_UNIT ( * ) PLANE_ANGLE_UNIT ( ) SI_UNIT ( $, .RADIAN. ) );
#9805 = ORIENTED_EDGE ( 'NONE', *, *, #7221, .T. ) ;
#9806 = LINE ( 'NONE', #2549, #602 ) ;
#9807 = ORIENTED_EDGE ( 'NONE', *, *, #9916, .T. ) ;
#9808 = FACE_OUTER_BOUND ( 'NONE', #7403, .T. ) ;
#9809 = PRESENTATION_LAYER_ASSIGNMENT (  '', '', ( #3785 ) ) ;
#9810 = VECTOR ( 'NONE', #1100, 1000.000000000000000 ) ;
#9812 = ORIENTED_EDGE ( 'NONE', *, *, #1314, .T. ) ;
#9811 = SURFACE_STYLE_USAGE ( .BOTH. , #4906 ) ;
#9813 = CARTESIAN_POINT ( 'NONE',  ( -1.570000000000001172, -6.700000000000000178, 0.2049999999999999878 ) ) ;
#9814 = SURFACE_SIDE_STYLE ('',( #4108 ) ) ;
#9815 = CARTESIAN_POINT ( 'NONE',  ( 1.325210086765263195, -0.5930524375534775849, 2.774999999999999911 ) ) ;
#9816 = DIRECTION ( 'NONE',  ( 0.9596009732027614980, 0.2813644828835243361, 0.000000000000000000 ) ) ;
#9817 = ORIENTED_EDGE ( 'NONE', *, *, #2465, .T. ) ;
#9818 = COLOUR_RGB ( '',0.7529411764705882248, 0.7529411764705882248, 0.7529411764705882248 ) ;
#9819 = CIRCLE ( 'NONE', #7767, 0.4672919842648141642 ) ;
#9820 = PRESENTATION_STYLE_ASSIGNMENT (( #4114 ) ) ;
#9821 = VERTEX_POINT ( 'NONE', #8078 ) ;
#9822 =( NAMED_UNIT ( * ) PLANE_ANGLE_UNIT ( ) SI_UNIT ( $, .RADIAN. ) );
#9823 =( LENGTH_UNIT ( ) NAMED_UNIT ( * ) SI_UNIT ( .MILLI., .METRE. ) );
#9824 = VECTOR ( 'NONE', #7859, 1000.000000000000000 ) ;
#9825 = AXIS2_PLACEMENT_3D ( 'NONE', #1674, #4934, #7163 ) ;
#9826 = ORIENTED_EDGE ( 'NONE', *, *, #2442, .F. ) ;
#9827 =( NAMED_UNIT ( * ) PLANE_ANGLE_UNIT ( ) SI_UNIT ( $, .RADIAN. ) );
#9828 = LINE ( 'NONE', #1610, #3631 ) ;
#9829 = DIRECTION ( 'NONE',  ( 0.2743457711001139887, 0.9616311132027102193, 0.000000000000000000 ) ) ;
#9830 = ADVANCED_FACE ( 'NONE', ( #3803 ), #660, .T. ) ;
#9831 = VECTOR ( 'NONE', #5575, 1000.000000000000000 ) ;
#9832 = MECHANICAL_DESIGN_GEOMETRIC_PRESENTATION_REPRESENTATION (  '', ( #926 ), #6588 ) ;
#9833 =( LENGTH_UNIT ( ) NAMED_UNIT ( * ) SI_UNIT ( .MILLI., .METRE. ) );
#9834 = CARTESIAN_POINT ( 'NONE',  ( 1.039909160839336932, -1.111185153602860298, 2.774999999999999911 ) ) ;
#9835 = CARTESIAN_POINT ( 'NONE',  ( 2.687092802814645687, -0.1277746597756997671, 2.774999999999999911 ) ) ;
#9836 = ORIENTED_EDGE ( 'NONE', *, *, #851, .T. ) ;
#9837 = DIRECTION ( 'NONE',  ( 0.000000000000000000, -0.000000000000000000, -1.000000000000000000 ) ) ;
#9838 = STYLED_ITEM ( 'NONE', ( #6095 ), #7510 ) ;
#9839 =( NAMED_UNIT ( * ) PLANE_ANGLE_UNIT ( ) SI_UNIT ( $, .RADIAN. ) );
#9840 = CARTESIAN_POINT ( 'NONE',  ( -1.341263678666835935, -0.1675123140966873203, 2.875000000000000000 ) ) ;
#9841 = DIRECTION ( 'NONE',  ( -0.000000000000000000, -0.000000000000000000, 1.000000000000000000 ) ) ;
#9842 = CARTESIAN_POINT ( 'NONE',  ( -1.050000000000000933, -6.899999999999999467, 0.3250000000000000111 ) ) ;
#9843 = EDGE_LOOP ( 'NONE', ( #1058, #1693, #3464, #10345 ) ) ;
#9844 = VERTEX_POINT ( 'NONE', #1559 ) ;
#9845 = ORIENTED_EDGE ( 'NONE', *, *, #2751, .F. ) ;
#9846 = AXIS2_PLACEMENT_3D ( 'NONE', #9240, #5242, #3476 ) ;
#9847 = STYLED_ITEM ( 'NONE', ( #6778 ), #5789 ) ;
#9848 = LINE ( 'NONE', #2275, #4829 ) ;
#9849 = CARTESIAN_POINT ( 'NONE',  ( 1.401213173185015926, -0.8438240424917492488, 2.774999999999999911 ) ) ;
#9850 = SURFACE_STYLE_USAGE ( .BOTH. , #7545 ) ;
#9851 =( NAMED_UNIT ( * ) SI_UNIT ( $, .STERADIAN. ) SOLID_ANGLE_UNIT ( ) );
#9852 = EDGE_CURVE ( 'NONE', #9593, #6879, #5600, .T. ) ;
#9853 = DIRECTION ( 'NONE',  ( 0.7071067811865510144, -0.7071067811865441310, 0.000000000000000000 ) ) ;
#9854 = DIRECTION ( 'NONE',  ( -0.6927939859055597394, -0.7211355580562416323, 0.000000000000000000 ) ) ;
#9855 = LINE ( 'NONE', #10010, #2046 ) ;
#9856 = STYLED_ITEM ( 'NONE', ( #9659 ), #8107 ) ;
#9857 = CARTESIAN_POINT ( 'NONE',  ( -1.570000000000001172, -3.101766864349278841, -2.875000000000000000 ) ) ;
#9858 = ORIENTED_EDGE ( 'NONE', *, *, #2779, .F. ) ;
#9859 = DIRECTION ( 'NONE',  ( 0.000000000000000000, 0.000000000000000000, 1.000000000000000000 ) ) ;
#9860 = ORIENTED_EDGE ( 'NONE', *, *, #10283, .F. ) ;
#9861 = VECTOR ( 'NONE', #3046, 1000.000000000000000 ) ;
#9862 = EDGE_CURVE ( 'NONE', #9774, #5949, #718, .T. ) ;
#9863 = EDGE_CURVE ( 'NONE', #10554, #716, #1401, .T. ) ;
#9864 = CARTESIAN_POINT ( 'NONE',  ( -2.166688061382885166, -0.1491866968127367743, 2.774999999999999911 ) ) ;
#9865 = LINE ( 'NONE', #854, #5677 ) ;
#9866 = PRESENTATION_STYLE_ASSIGNMENT (( #2510 ) ) ;
#9867 = EDGE_CURVE ( 'NONE', #1541, #2610, #10542, .T. ) ;
#9868 = PLANE ( 'NONE',  #6055 ) ;
#9869 = ORIENTED_EDGE ( 'NONE', *, *, #10238, .F. ) ;
#9871 = PLANE ( 'NONE',  #2590 ) ;
#9870 = PRESENTATION_LAYER_ASSIGNMENT (  '', '', ( #1454 ) ) ;
#9872 = VECTOR ( 'NONE', #4576, 1000.000000000000227 ) ;
#9873 = PLANE ( 'NONE',  #5749 ) ;
#9874 = ORIENTED_EDGE ( 'NONE', *, *, #1467, .T. ) ;
#9875 = ADVANCED_FACE ( 'NONE', ( #1449 ), #3123, .T. ) ;
#9876 = DIRECTION ( 'NONE',  ( -0.9613927837191035275, 0.2751797874351115114, 0.000000000000000000 ) ) ;
#9877 = CARTESIAN_POINT ( 'NONE',  ( -1.793038370024860662, -0.1277746597756997671, 2.875000000000000000 ) ) ;
#9878 = CARTESIAN_POINT ( 'NONE',  ( -1.382351641629798955, -0.2089860795287860895, 2.774999999999999911 ) ) ;
#9879 = COLOUR_RGB ( '',0.7529411764705882248, 0.7529411764705882248, 0.7529411764705882248 ) ;
#9880 = UNCERTAINTY_MEASURE_WITH_UNIT (LENGTH_MEASURE( 1.000000000000000082E-05 ), #6912, 'distance_accuracy_value', 'NONE');
#9881 = ORIENTED_EDGE ( 'NONE', *, *, #9208, .F. ) ;
#9882 = DIRECTION ( 'NONE',  ( 0.4574957109978139980, -0.7624928516630227193, -0.4574957109978148861 ) ) ;
#9883 =( LENGTH_UNIT ( ) NAMED_UNIT ( * ) SI_UNIT ( .MILLI., .METRE. ) );
#9884 = EDGE_CURVE ( 'NONE', #6633, #5696, #9736, .T. ) ;
#9885 = SURFACE_STYLE_USAGE ( .BOTH. , #7428 ) ;
#9886 = CARTESIAN_POINT ( 'NONE',  ( -2.446780653975477726, -1.106362622738662704, 2.875000000000000000 ) ) ;
#9887 = CARTESIAN_POINT ( 'NONE',  ( -0.05268343175325553018, -1.127774659775699684, 2.774999999999999911 ) ) ;
#9888 = AXIS2_PLACEMENT_3D ( 'NONE', #9639, #783, #9750 ) ;
#9889 = MECHANICAL_DESIGN_GEOMETRIC_PRESENTATION_REPRESENTATION (  '', ( #10051 ), #8192 ) ;
#9890 = COLOUR_RGB ( '',0.7529411764705882248, 0.7529411764705882248, 0.7529411764705882248 ) ;
#9891 = LINE ( 'NONE', #7582, #10509 ) ;
#9892 = CARTESIAN_POINT ( 'NONE',  ( 0.6498628645430406525, -0.1277746597756997671, 2.774999999999999911 ) ) ;
#9893 = CARTESIAN_POINT ( 'NONE',  ( -2.950000000000000178, 3.100000000000002309, -2.125000000000000000 ) ) ;
#9894 = VECTOR ( 'NONE', #2329, 1000.000000000000000 ) ;
#9895 = ORIENTED_EDGE ( 'NONE', *, *, #8116, .F. ) ;
#9896 = CARTESIAN_POINT ( 'NONE',  ( 1.223551136147978946, -1.111185153602860298, 2.875000000000000000 ) ) ;
#9897 = AXIS2_PLACEMENT_3D ( 'NONE', #2938, #5244, #9336 ) ;
#9898 = FILL_AREA_STYLE_COLOUR ( '', #3890 ) ;
#9899 = CARTESIAN_POINT ( 'NONE',  ( -1.886902865494877402, 1.521456047850031412, 2.875000000000000000 ) ) ;
#9900 = DIRECTION ( 'NONE',  ( 0.000000000000000000, -0.5517613854158063269, -0.8340020225179493041 ) ) ;
#9901 = MECHANICAL_DESIGN_GEOMETRIC_PRESENTATION_REPRESENTATION (  '', ( #7345 ), #7685 ) ;
#9902 = SURFACE_STYLE_USAGE ( .BOTH. , #3928 ) ;
#9903 = ORIENTED_EDGE ( 'NONE', *, *, #5620, .F. ) ;
#9904 = ORIENTED_EDGE ( 'NONE', *, *, #5116, .T. ) ;
#9905 = ORIENTED_EDGE ( 'NONE', *, *, #9564, .F. ) ;
#9906 = CARTESIAN_POINT ( 'NONE',  ( -2.185013678666835713, -1.056787005454712158, 2.774999999999999911 ) ) ;
#9907 =( GEOMETRIC_REPRESENTATION_CONTEXT ( 3 ) GLOBAL_UNCERTAINTY_ASSIGNED_CONTEXT ( ( #6144 ) ) GLOBAL_UNIT_ASSIGNED_CONTEXT ( ( #5278, #340, #8666 ) ) REPRESENTATION_CONTEXT ( 'NONE', 'WORKASPACE' ) );
#9908 = PRESENTATION_LAYER_ASSIGNMENT (  '', '', ( #8880 ) ) ;
#9909 =( NAMED_UNIT ( * ) SI_UNIT ( $, .STERADIAN. ) SOLID_ANGLE_UNIT ( ) );
#9910 = DIRECTION ( 'NONE',  ( 1.020425574104004122E-16, 0.000000000000000000, 1.000000000000000000 ) ) ;
#9911 = CARTESIAN_POINT ( 'NONE',  ( 1.920117494172670414, -0.1277746597756997671, 2.774999999999999911 ) ) ;
#9912 = ORIENTED_EDGE ( 'NONE', *, *, #7990, .T. ) ;
#9913 = STYLED_ITEM ( 'NONE', ( #2645 ), #1265 ) ;
#9914 = EDGE_LOOP ( 'NONE', ( #1512, #5397, #6315, #4768, #7553, #2458 ) ) ;
#9915 = LINE ( 'NONE', #4051, #10586 ) ;
#9916 = EDGE_CURVE ( 'NONE', #8768, #7998, #4831, .T. ) ;
#9917 = DIRECTION ( 'NONE',  ( 0.000000000000000000, -1.000000000000000000, 0.000000000000000000 ) ) ;
#9918 = FILL_AREA_STYLE ('',( #1649 ) ) ;
#9919 = EDGE_CURVE ( 'NONE', #570, #1939, #6519, .T. ) ;
#9920 = VECTOR ( 'NONE', #10125, 1000.000000000000000 ) ;
#9921 =( LENGTH_UNIT ( ) NAMED_UNIT ( * ) SI_UNIT ( .MILLI., .METRE. ) );
#9922 = ADVANCED_FACE ( 'NONE', ( #5961 ), #8, .F. ) ;
#9923 = SURFACE_STYLE_FILL_AREA ( #95 ) ;
#9924 = ORIENTED_EDGE ( 'NONE', *, *, #8958, .T. ) ;
#9925 = SURFACE_STYLE_FILL_AREA ( #7257 ) ;
#9926 = EDGE_CURVE ( 'NONE', #8983, #8201, #212, .T. ) ;
#9927 = FILL_AREA_STYLE_COLOUR ( '', #10376 ) ;
#9928 = VERTEX_POINT ( 'NONE', #1676 ) ;
#9929 = COLOUR_RGB ( '',0.7529411764705882248, 0.7529411764705882248, 0.7529411764705882248 ) ;
#9930 =( NAMED_UNIT ( * ) PLANE_ANGLE_UNIT ( ) SI_UNIT ( $, .RADIAN. ) );
#9931 = EDGE_CURVE ( 'NONE', #4481, #9560, #10043, .T. ) ;
#9932 = CARTESIAN_POINT ( 'NONE',  ( 1.732548386895744530, -4.800000000000000711, -1.438918254328586999 ) ) ;
#9933 = ORIENTED_EDGE ( 'NONE', *, *, #5753, .F. ) ;
#9934 = CARTESIAN_POINT ( 'NONE',  ( -1.793038370024860662, -0.1493795980473046625, 2.774999999999999911 ) ) ;
#9935 = SURFACE_STYLE_FILL_AREA ( #1210 ) ;
#9936 = DIRECTION ( 'NONE',  ( -0.7049886522767367936, -0.7092185841903962951, 0.000000000000000000 ) ) ;
#9937 = LINE ( 'NONE', #8334, #7665 ) ;
#9938 = LINE ( 'NONE', #58, #2059 ) ;
#9939 = VECTOR ( 'NONE', #2129, 999.9999999999998863 ) ;
#9940 = CARTESIAN_POINT ( 'NONE',  ( -3.700000000000001066, 1.199999999999999289, 1.156639881571555506 ) ) ;
#9941 = LINE ( 'NONE', #211, #9129 ) ;
#9942 = AXIS2_PLACEMENT_3D ( 'NONE', #2042, #8455, #2800 ) ;
#9943 = EDGE_CURVE ( 'NONE', #7810, #3875, #3480, .T. ) ;
#9944 = VECTOR ( 'NONE', #5280, 1000.000000000000000 ) ;
#9945 = CARTESIAN_POINT ( 'NONE',  ( -1.886902865494877402, 2.866194269010244877, 2.875000000000000000 ) ) ;
#9946 = PRESENTATION_STYLE_ASSIGNMENT (( #7584 ) ) ;
#9947 = ORIENTED_EDGE ( 'NONE', *, *, #7743, .T. ) ;
#9948 =( LENGTH_UNIT ( ) NAMED_UNIT ( * ) SI_UNIT ( .MILLI., .METRE. ) );
#9949 = DIRECTION ( 'NONE',  ( -0.9477202619869510292, -0.3191023425476295916, 0.000000000000000000 ) ) ;
#9950 = PRESENTATION_LAYER_ASSIGNMENT (  '', '', ( #7555 ) ) ;
#9951 = CARTESIAN_POINT ( 'NONE',  ( 0.9039137904689669156, -1.073762314096687431, 2.774999999999999911 ) ) ;
#9952 = ORIENTED_EDGE ( 'NONE', *, *, #2572, .F. ) ;
#9953 = ORIENTED_EDGE ( 'NONE', *, *, #2719, .F. ) ;
#9954 =( NAMED_UNIT ( * ) SI_UNIT ( $, .STERADIAN. ) SOLID_ANGLE_UNIT ( ) );
#9955 = VECTOR ( 'NONE', #1623, 1000.000000000000000 ) ;
#9956 = PLANE ( 'NONE',  #1161 ) ;
#9957 = CARTESIAN_POINT ( 'NONE',  ( -2.169388678666835713, -1.088037005454712158, 2.774999999999999911 ) ) ;
#9958 = CARTESIAN_POINT ( 'NONE',  ( 1.569999999999999840, 3.183097134505116887, -2.875999999999999890 ) ) ;
#9959 = DIRECTION ( 'NONE',  ( 0.000000000000000000, -0.000000000000000000, -1.000000000000000000 ) ) ;
#9960 = VERTEX_POINT ( 'NONE', #9892 ) ;
#9961 = STYLED_ITEM ( 'NONE', ( #9505 ), #3807 ) ;
#9962 = EDGE_CURVE ( 'NONE', #6583, #4512, #8283, .T. ) ;
#9963 = EDGE_LOOP ( 'NONE', ( #2010, #6615, #2763, #9088 ) ) ;
#9964 = PRESENTATION_LAYER_ASSIGNMENT (  '', '', ( #3952 ) ) ;
#9965 = CARTESIAN_POINT ( 'NONE',  ( 2.849999999999999645, -2.085786437626904632, -1.475000000000000089 ) ) ;
#9966 = FILL_AREA_STYLE ('',( #290 ) ) ;
#9967 = CARTESIAN_POINT ( 'NONE',  ( -1.050000000000000933, 3.299999999999999822, 0.3250000000000000111 ) ) ;
#9968 = APPLICATION_PROTOCOL_DEFINITION ( 'draft international standard', 'automotive_design', 1998, #1846 ) ;
#9969 = CYLINDRICAL_SURFACE ( 'NONE', #5142, 0.1999999999999999833 ) ;
#9970 = VECTOR ( 'NONE', #6977, 1000.000000000000000 ) ;
#9971 = DIRECTION ( 'NONE',  ( -0.000000000000000000, -0.000000000000000000, 1.000000000000000000 ) ) ;
#9972 =( LENGTH_UNIT ( ) NAMED_UNIT ( * ) SI_UNIT ( .MILLI., .METRE. ) );
#9973 = EDGE_LOOP ( 'NONE', ( #1777, #739, #8472, #1030 ) ) ;
#9974 = CARTESIAN_POINT ( 'NONE',  ( 1.983967802814646131, -1.046563240022613472, 2.875000000000000000 ) ) ;
#9975 = FACE_OUTER_BOUND ( 'NONE', #3669, .T. ) ;
#9976 = ORIENTED_EDGE ( 'NONE', *, *, #10584, .T. ) ;
#9977 = VECTOR ( 'NONE', #4378, 1000.000000000000000 ) ;
#9978 = FILL_AREA_STYLE ('',( #5801 ) ) ;
#9979 = UNCERTAINTY_MEASURE_WITH_UNIT (LENGTH_MEASURE( 1.000000000000000082E-05 ), #3896, 'distance_accuracy_value', 'NONE');
#9980 = SURFACE_SIDE_STYLE ('',( #252 ) ) ;
#9981 = EDGE_CURVE ( 'NONE', #4620, #6562, #5811, .T. ) ;
#9982 = FACE_OUTER_BOUND ( 'NONE', #8011, .T. ) ;
#9983 = MECHANICAL_DESIGN_GEOMETRIC_PRESENTATION_REPRESENTATION (  '', ( #7259 ), #5010 ) ;
#9984 = CARTESIAN_POINT ( 'NONE',  ( -0.9300000000000011591, -6.700000000000000178, 0.8450000000000000844 ) ) ;
#9985 =( LENGTH_UNIT ( ) NAMED_UNIT ( * ) SI_UNIT ( .MILLI., .METRE. ) );
#9986 = DIRECTION ( 'NONE',  ( 0.000000000000000000, 0.000000000000000000, -1.000000000000000000 ) ) ;
#9987 = PRESENTATION_LAYER_ASSIGNMENT (  '', '', ( #8448 ) ) ;
#9988 = STYLED_ITEM ( 'NONE', ( #6067 ), #5114 ) ;
#9989 = FILL_AREA_STYLE_COLOUR ( '', #10335 ) ;
#9990 =( LENGTH_UNIT ( ) NAMED_UNIT ( * ) SI_UNIT ( .MILLI., .METRE. ) );
#9991 =( LENGTH_UNIT ( ) NAMED_UNIT ( * ) SI_UNIT ( .MILLI., .METRE. ) );
#9992 = EDGE_CURVE ( 'NONE', #6504, #5317, #4935, .T. ) ;
#9993 = ORIENTED_EDGE ( 'NONE', *, *, #4981, .T. ) ;
#9994 = FACE_OUTER_BOUND ( 'NONE', #3899, .T. ) ;
#9995 = LINE ( 'NONE', #4452, #7153 ) ;
#9996 = UNCERTAINTY_MEASURE_WITH_UNIT (LENGTH_MEASURE( 1.000000000000000082E-05 ), #9525, 'distance_accuracy_value', 'NONE');
#9997 = LINE ( 'NONE', #5916, #5218 ) ;
#9998 = LINE ( 'NONE', #2635, #3942 ) ;
#9999 = STYLED_ITEM ( 'NONE', ( #9777 ), #7192 ) ;
#10000 = MECHANICAL_DESIGN_GEOMETRIC_PRESENTATION_REPRESENTATION (  '', ( #9988 ), #10172 ) ;
#10001 = EDGE_CURVE ( 'NONE', #7151, #7868, #3268, .T. ) ;
#10002 = CARTESIAN_POINT ( 'NONE',  ( -1.494234357679181446, -0.1981836103929836557, 2.875000000000000000 ) ) ;
#10003 = VERTEX_POINT ( 'NONE', #8231 ) ;
#10004 = VERTEX_POINT ( 'NONE', #881 ) ;
#10005 = FILL_AREA_STYLE ('',( #2541 ) ) ;
#10006 = EDGE_CURVE ( 'NONE', #1289, #9708, #5911, .T. ) ;
#10007 =( GEOMETRIC_REPRESENTATION_CONTEXT ( 3 ) GLOBAL_UNCERTAINTY_ASSIGNED_CONTEXT ( ( #7858 ) ) GLOBAL_UNIT_ASSIGNED_CONTEXT ( ( #247, #346, #3458 ) ) REPRESENTATION_CONTEXT ( 'NONE', 'WORKASPACE' ) );
#10008 = PLANE ( 'NONE',  #7731 ) ;
#10009 = ORIENTED_EDGE ( 'NONE', *, *, #3617, .T. ) ;
#10010 = CARTESIAN_POINT ( 'NONE',  ( 1.886902865494877402, 2.866194269010244877, 2.875000000000000000 ) ) ;
#10011 = EDGE_CURVE ( 'NONE', #1939, #8099, #63, .T. ) ;
#10012 = FACE_OUTER_BOUND ( 'NONE', #3741, .T. ) ;
#10013 = ORIENTED_EDGE ( 'NONE', *, *, #2830, .F. ) ;
#10014 = MECHANICAL_DESIGN_GEOMETRIC_PRESENTATION_REPRESENTATION (  '', ( #3649 ), #6928 ) ;
#10015 = MECHANICAL_DESIGN_GEOMETRIC_PRESENTATION_REPRESENTATION (  '', ( #1614 ), #5375 ) ;
#10016 = FACE_OUTER_BOUND ( 'NONE', #10186, .T. ) ;
#10017 = VERTEX_POINT ( 'NONE', #1867 ) ;
#10018 = PLANE ( 'NONE',  #4710 ) ;
#10019 = CARTESIAN_POINT ( 'NONE',  ( -1.942151024345848187, -0.2091789807633540610, 2.774999999999999911 ) ) ;
#10020 = SURFACE_SIDE_STYLE ('',( #6801 ) ) ;
#10021 = CARTESIAN_POINT ( 'NONE',  ( 2.849999999999999645, -5.000000000000000000, -1.115994428244946324 ) ) ;
#10022 = DIRECTION ( 'NONE',  ( 1.020425574104004122E-16, 0.000000000000000000, 1.000000000000000000 ) ) ;
#10023 = COLOUR_RGB ( '',0.7529411764705882248, 0.7529411764705882248, 0.7529411764705882248 ) ;
#10024 = AXIS2_PLACEMENT_3D ( 'NONE', #1437, #1605, #5694 ) ;
#10025 = CARTESIAN_POINT ( 'NONE',  ( 3.568011143510107619, -5.000000000000000000, -1.834005571755054076 ) ) ;
#10026 = EDGE_LOOP ( 'NONE', ( #2869, #1504, #7218, #2095 ) ) ;
#10027 = LINE ( 'NONE', #1056, #9977 ) ;
#10028 = EDGE_CURVE ( 'NONE', #6359, #5928, #3319, .T. ) ;
#10029 = CARTESIAN_POINT ( 'NONE',  ( 1.037401444789954219, -1.127774659775699684, 2.774999999999999911 ) ) ;
#10030 = EDGE_LOOP ( 'NONE', ( #8510, #8312, #1245, #8478, #5758, #858 ) ) ;
#10031 = VECTOR ( 'NONE', #5947, 1000.000000000000000 ) ;
#10032 =( LENGTH_UNIT ( ) NAMED_UNIT ( * ) SI_UNIT ( .MILLI., .METRE. ) );
#10033 = LINE ( 'NONE', #5181, #3434 ) ;
#10034 = FILL_AREA_STYLE_COLOUR ( '', #7712 ) ;
#10035 = CARTESIAN_POINT ( 'NONE',  ( 1.586012555901065157, -0.2209459560719960469, 2.774999999999999911 ) ) ;
#10036 = CARTESIAN_POINT ( 'NONE',  ( -1.886209666321156941, -1.127774659775699684, 2.774999999999999911 ) ) ;
#10037 = ADVANCED_FACE ( 'NONE', ( #8339 ), #4245, .T. ) ;
#10038 = AXIS2_PLACEMENT_3D ( 'NONE', #8899, #9859, #7298 ) ;
#10039 = CARTESIAN_POINT ( 'NONE',  ( 0.3217378645430407635, -0.1491866968127367743, 2.875000000000000000 ) ) ;
#10040 = CARTESIAN_POINT ( 'NONE',  ( 0.4131687630347662399, -2.601766864349279285, -2.875000000000000000 ) ) ;
#10041 =( NAMED_UNIT ( * ) SI_UNIT ( $, .STERADIAN. ) SOLID_ANGLE_UNIT ( ) );
#10042 =( LENGTH_UNIT ( ) NAMED_UNIT ( * ) SI_UNIT ( .MILLI., .METRE. ) );
#10043 = LINE ( 'NONE', #5860, #5640 ) ;
#10044 = SURFACE_STYLE_USAGE ( .BOTH. , #3585 ) ;
#10045 = COLOUR_RGB ( '',0.7529411764705882248, 0.7529411764705882248, 0.7529411764705882248 ) ;
#10046 = EDGE_CURVE ( 'NONE', #4102, #1835, #5193, .T. ) ;
#10047 = VERTEX_POINT ( 'NONE', #10303 ) ;
#10048 = CARTESIAN_POINT ( 'NONE',  ( -3.700000000000000622, 3.500000000000000000, 2.875000000000000000 ) ) ;
#10049 = PLANE ( 'NONE',  #9888 ) ;
#10050 = PLANE ( 'NONE',  #5599 ) ;
#10051 = STYLED_ITEM ( 'NONE', ( #8108 ), #2801 ) ;
#10052 = DIRECTION ( 'NONE',  ( -0.000000000000000000, 0.8340020225179493041, 0.5517613854158063269 ) ) ;
#10053 =( GEOMETRIC_REPRESENTATION_CONTEXT ( 3 ) GLOBAL_UNCERTAINTY_ASSIGNED_CONTEXT ( ( #8793 ) ) GLOBAL_UNIT_ASSIGNED_CONTEXT ( ( #2898, #1189, #2093 ) ) REPRESENTATION_CONTEXT ( 'NONE', 'WORKASPACE' ) );
#10054 = EDGE_CURVE ( 'NONE', #7299, #9061, #480, .T. ) ;
#10055 = ORIENTED_EDGE ( 'NONE', *, *, #9174, .T. ) ;
#10056 = VERTEX_POINT ( 'NONE', #3739 ) ;
#10057 = ORIENTED_EDGE ( 'NONE', *, *, #5054, .T. ) ;
#10058 = LINE ( 'NONE', #8354, #10329 ) ;
#10059 = STYLED_ITEM ( 'NONE', ( #6425 ), #1631 ) ;
#10060 = FACE_OUTER_BOUND ( 'NONE', #369, .T. ) ;
#10061 = COLOUR_RGB ( '',0.7529411764705882248, 0.7529411764705882248, 0.7529411764705882248 ) ;
#10062 = DIRECTION ( 'NONE',  ( -0.000000000000000000, -0.000000000000000000, 1.000000000000000000 ) ) ;
#10063 = ORIENTED_EDGE ( 'NONE', *, *, #1270, .F. ) ;
#10064 =( NAMED_UNIT ( * ) PLANE_ANGLE_UNIT ( ) SI_UNIT ( $, .RADIAN. ) );
#10065 = CARTESIAN_POINT ( 'NONE',  ( -0.1352451601483173338, -1.062766943726316970, 2.875000000000000000 ) ) ;
#10066 = COLOUR_RGB ( '',0.7529411764705882248, 0.7529411764705882248, 0.7529411764705882248 ) ;
#10067 = EDGE_CURVE ( 'NONE', #9296, #4331, #6931, .T. ) ;
#10068 = ORIENTED_EDGE ( 'NONE', *, *, #4145, .F. ) ;
#10069 = FILL_AREA_STYLE ('',( #4267 ) ) ;
#10070 = VERTEX_POINT ( 'NONE', #1073 ) ;
#10071 = DIRECTION ( 'NONE',  ( -0.6927939859055597394, -0.7211355580562416323, 0.000000000000000000 ) ) ;
#10072 = VECTOR ( 'NONE', #6648, 1000.000000000000000 ) ;
#10073 =( LENGTH_UNIT ( ) NAMED_UNIT ( * ) SI_UNIT ( .MILLI., .METRE. ) );
#10074 = EDGE_CURVE ( 'NONE', #5101, #2952, #1124, .T. ) ;
#10075 = CARTESIAN_POINT ( 'NONE',  ( -2.164957836983784745, -2.601766864349279285, -2.875000000000000000 ) ) ;
#10076 = CARTESIAN_POINT ( 'NONE',  ( 0.000000000000000000, -6.899999999999999467, 0.000000000000000000 ) ) ;
#10077 = CARTESIAN_POINT ( 'NONE',  ( 1.770000000000001128, -5.422383267283204411, 0.4049999999999998601 ) ) ;
#10078 = PLANE ( 'NONE',  #5367 ) ;
#10079 = ORIENTED_EDGE ( 'NONE', *, *, #6413, .T. ) ;
#10080 = LINE ( 'NONE', #6966, #904 ) ;
#10081 = ORIENTED_EDGE ( 'NONE', *, *, #9228, .F. ) ;
#10082 =( NAMED_UNIT ( * ) SI_UNIT ( $, .STERADIAN. ) SOLID_ANGLE_UNIT ( ) );
#10083 = VECTOR ( 'NONE', #4053, 1000.000000000000000 ) ;
#10084 = FACE_OUTER_BOUND ( 'NONE', #158, .T. ) ;
#10085 = LINE ( 'NONE', #1856, #6844 ) ;
#10086 =( NAMED_UNIT ( * ) PLANE_ANGLE_UNIT ( ) SI_UNIT ( $, .RADIAN. ) );
#10087 = DIRECTION ( 'NONE',  ( 0.4503574301806865243, 0.8928483550307118044, 0.000000000000000000 ) ) ;
#10088 = CARTESIAN_POINT ( 'NONE',  ( 1.569999999999999396, 3.100000000000000089, 0.2049999999999998768 ) ) ;
#10089 = FILL_AREA_STYLE_COLOUR ( '', #25 ) ;
#10090 = LINE ( 'NONE', #8533, #3014 ) ;
#10091 = CARTESIAN_POINT ( 'NONE',  ( 1.569999999999999396, -7.605096679918781355, 0.8449999999999998623 ) ) ;
#10092 = LINE ( 'NONE', #2728, #2421 ) ;
#10093 = AXIS2_PLACEMENT_3D ( 'NONE', #7534, #3428, #6725 ) ;
#10094 = CARTESIAN_POINT ( 'NONE',  ( 2.356267185530695585, -0.1491866968127367743, 2.774999999999999911 ) ) ;
#10095 = PLANE ( 'NONE',  #1237 ) ;
#10096 = DIRECTION ( 'NONE',  ( 0.000000000000000000, -1.000000000000000000, 0.000000000000000000 ) ) ;
#10097 = FILL_AREA_STYLE ('',( #9294 ) ) ;
#10098 = VECTOR ( 'NONE', #8861, 1000.000000000000000 ) ;
#10099 = ORIENTED_EDGE ( 'NONE', *, *, #7514, .F. ) ;
#10100 = PLANE ( 'NONE',  #8277 ) ;
#10101 = AXIS2_PLACEMENT_3D ( 'NONE', #2555, #8962, #6497 ) ;
#10102 =( LENGTH_UNIT ( ) NAMED_UNIT ( * ) SI_UNIT ( .MILLI., .METRE. ) );
#10103 = UNCERTAINTY_MEASURE_WITH_UNIT (LENGTH_MEASURE( 1.000000000000000082E-05 ), #7073, 'distance_accuracy_value', 'NONE');
#10104 = PLANE ( 'NONE',  #10155 ) ;
#10105 = ADVANCED_FACE ( 'NONE', ( #3584 ), #1921, .T. ) ;
#10106 = VERTEX_POINT ( 'NONE', #10149 ) ;
#10107 = VERTEX_POINT ( 'NONE', #7797 ) ;
#10108 = ORIENTED_EDGE ( 'NONE', *, *, #3823, .F. ) ;
#10109 = VECTOR ( 'NONE', #1209, 1000.000000000000000 ) ;
#10110 =( NAMED_UNIT ( * ) PLANE_ANGLE_UNIT ( ) SI_UNIT ( $, .RADIAN. ) );
#10111 = LINE ( 'NONE', #2744, #7795 ) ;
#10112 = LINE ( 'NONE', #9305, #7546 ) ;
#10113 = EDGE_CURVE ( 'NONE', #987, #4432, #2785, .T. ) ;
#10114 = ORIENTED_EDGE ( 'NONE', *, *, #2575, .F. ) ;
#10115 = COLOUR_RGB ( '',0.7529411764705882248, 0.7529411764705882248, 0.7529411764705882248 ) ;
#10116 = CARTESIAN_POINT ( 'NONE',  ( -3.700000000000001066, 1.578285606387554107, 1.430978720524678005 ) ) ;
#10117 = PRESENTATION_LAYER_ASSIGNMENT (  '', '', ( #7388 ) ) ;
#10118 = CARTESIAN_POINT ( 'NONE',  ( -2.950000000000000178, 3.100000000000002309, -2.125000000000000000 ) ) ;
#10119 =( NAMED_UNIT ( * ) PLANE_ANGLE_UNIT ( ) SI_UNIT ( $, .RADIAN. ) );
#10120 = ORIENTED_EDGE ( 'NONE', *, *, #2393, .F. ) ;
#10121 = PLANE ( 'NONE',  #7312 ) ;
#10122 = ORIENTED_EDGE ( 'NONE', *, *, #3685, .T. ) ;
#10123 = VECTOR ( 'NONE', #7239, 1000.000000000000000 ) ;
#10124 = FACE_OUTER_BOUND ( 'NONE', #3119, .T. ) ;
#10125 = DIRECTION ( 'NONE',  ( 0.000000000000000000, 1.000000000000000000, 0.000000000000000000 ) ) ;
#10126 = CARTESIAN_POINT ( 'NONE',  ( -2.072938061382885611, -1.106362622738662704, 2.875000000000000000 ) ) ;
#10127 = ADVANCED_FACE ( 'NONE', ( #7036 ), #4499, .T. ) ;
#10128 = SURFACE_SIDE_STYLE ('',( #293 ) ) ;
#10129 = VECTOR ( 'NONE', #5763, 999.9999999999998863 ) ;
#10130 = COLOUR_RGB ( '',0.7529411764705882248, 0.7529411764705882248, 0.7529411764705882248 ) ;
#10131 = PLANE ( 'NONE',  #2630 ) ;
#10132 = ORIENTED_EDGE ( 'NONE', *, *, #7269, .T. ) ;
#10133 = VECTOR ( 'NONE', #2852, 1000.000000000000000 ) ;
#10134 = CARTESIAN_POINT ( 'NONE',  ( 1.602987864543040653, -0.4159691042201442146, 2.774999999999999911 ) ) ;
#10135 = ORIENTED_EDGE ( 'NONE', *, *, #9411, .F. ) ;
#10136 = VECTOR ( 'NONE', #8927, 1000.000000000000000 ) ;
#10137 = SURFACE_STYLE_FILL_AREA ( #4628 ) ;
#10138 = STYLED_ITEM ( 'NONE', ( #7826 ), #3104 ) ;
#10139 = DIRECTION ( 'NONE',  ( 0.000000000000000000, 0.000000000000000000, -1.000000000000000000 ) ) ;
#10140 = CARTESIAN_POINT ( 'NONE',  ( -2.051526024345848409, -0.5945956474300208017, 2.774999999999999911 ) ) ;
#10141 = DIRECTION ( 'NONE',  ( -1.000000000000000000, 0.000000000000000000, -0.000000000000000000 ) ) ;
#10142 = CARTESIAN_POINT ( 'NONE',  ( -3.699999999999999734, -3.500000000000000000, 2.875000000000000000 ) ) ;
#10143 = CARTESIAN_POINT ( 'NONE',  ( -2.949999999999999734, 3.500000000000000000, 2.125000000000000000 ) ) ;
#10144 = CARTESIAN_POINT ( 'NONE',  ( -0.09222818483967543113, -0.8266558326152059211, 2.774999999999999911 ) ) ;
#10145 = SURFACE_STYLE_FILL_AREA ( #3580 ) ;
#10146 = STYLED_ITEM ( 'NONE', ( #4424 ), #6476 ) ;
#10147 = DIRECTION ( 'NONE',  ( -0.000000000000000000, -0.000000000000000000, 1.000000000000000000 ) ) ;
#10148 = CARTESIAN_POINT ( 'NONE',  ( -3.700000000000001066, 1.578285606387554107, 1.898270704789492003 ) ) ;
#10149 = CARTESIAN_POINT ( 'NONE',  ( 1.049999999999999156, -6.899999999999999467, 0.3249999999999999001 ) ) ;
#10150 = VECTOR ( 'NONE', #3161, 1000.000000000000000 ) ;
#10151 = ORIENTED_EDGE ( 'NONE', *, *, #3728, .T. ) ;
#10152 = PRESENTATION_STYLE_ASSIGNMENT (( #1826 ) ) ;
#10153 =( NAMED_UNIT ( * ) PLANE_ANGLE_UNIT ( ) SI_UNIT ( $, .RADIAN. ) );
#10154 = DIRECTION ( 'NONE',  ( -1.000000000000000000, 0.000000000000000000, 0.000000000000000000 ) ) ;
#10155 = AXIS2_PLACEMENT_3D ( 'NONE', #9396, #10052, #220 ) ;
#10156 = CARTESIAN_POINT ( 'NONE',  ( -2.169388678666835713, -1.088037005454712158, 2.875000000000000000 ) ) ;
#10157 = ORIENTED_EDGE ( 'NONE', *, *, #5077, .F. ) ;
#10158 = VERTEX_POINT ( 'NONE', #3158 ) ;
#10159 = VERTEX_POINT ( 'NONE', #2242 ) ;
#10160 = FILL_AREA_STYLE_COLOUR ( '', #918 ) ;
#10161 = DIRECTION ( 'NONE',  ( 1.000000000000000000, 0.000000000000000000, 0.000000000000000000 ) ) ;
#10162 = PLANE ( 'NONE',  #9942 ) ;
#10163 = ORIENTED_EDGE ( 'NONE', *, *, #5534, .F. ) ;
#10164 =( NAMED_UNIT ( * ) SI_UNIT ( $, .STERADIAN. ) SOLID_ANGLE_UNIT ( ) );
#10165 = VECTOR ( 'NONE', #10370, 1000.000000000000114 ) ;
#10166 = COLOUR_RGB ( '',0.7529411764705882248, 0.7529411764705882248, 0.7529411764705882248 ) ;
#10167 =( LENGTH_UNIT ( ) NAMED_UNIT ( * ) SI_UNIT ( .MILLI., .METRE. ) );
#10168 = PLANE ( 'NONE',  #8818 ) ;
#10169 = ORIENTED_EDGE ( 'NONE', *, *, #2863, .T. ) ;
#10170 = PRESENTATION_STYLE_ASSIGNMENT (( #1844 ) ) ;
#10171 = ORIENTED_EDGE ( 'NONE', *, *, #8380, .F. ) ;
#10172 =( GEOMETRIC_REPRESENTATION_CONTEXT ( 3 ) GLOBAL_UNCERTAINTY_ASSIGNED_CONTEXT ( ( #5695 ) ) GLOBAL_UNIT_ASSIGNED_CONTEXT ( ( #4396, #3583, #5246 ) ) REPRESENTATION_CONTEXT ( 'NONE', 'WORKASPACE' ) );
#10173 = CARTESIAN_POINT ( 'NONE',  ( 1.661629839851682444, -0.06604626471397138932, 2.774999999999999911 ) ) ;
#10174 = DIRECTION ( 'NONE',  ( 0.7085280970356055974, 0.7056826026699989374, 0.000000000000000000 ) ) ;
#10175 = PRESENTATION_STYLE_ASSIGNMENT (( #1894 ) ) ;
#10176 = PRESENTATION_STYLE_ASSIGNMENT (( #4527 ) ) ;
#10177 = MECHANICAL_DESIGN_GEOMETRIC_PRESENTATION_REPRESENTATION (  '', ( #7969 ), #1613 ) ;
#10178 = MECHANICAL_DESIGN_GEOMETRIC_PRESENTATION_REPRESENTATION (  '', ( #2111 ), #68 ) ;
#10179 =( NAMED_UNIT ( * ) SI_UNIT ( $, .STERADIAN. ) SOLID_ANGLE_UNIT ( ) );
#10180 = ORIENTED_EDGE ( 'NONE', *, *, #6100, .F. ) ;
#10181 = CARTESIAN_POINT ( 'NONE',  ( 1.325210086765263195, -0.5930524375534775849, 2.875000000000000000 ) ) ;
#10182 = ORIENTED_EDGE ( 'NONE', *, *, #2848, .F. ) ;
#10183 = ADVANCED_FACE ( 'NONE', ( #4596 ), #9557, .F. ) ;
#10184 = DIRECTION ( 'NONE',  ( -3.061276722312012491E-16, -0.000000000000000000, -1.000000000000000000 ) ) ;
#10186 = EDGE_LOOP ( 'NONE', ( #4115, #7862, #7769, #3195 ) ) ;
#10185 = CARTESIAN_POINT ( 'NONE',  ( -0.1470121354569592087, -0.8266558326152059211, 2.774999999999999911 ) ) ;
#10187 = DIRECTION ( 'NONE',  ( -0.000000000000000000, -0.000000000000000000, 1.000000000000000000 ) ) ;
#10188 = DIRECTION ( 'NONE',  ( -0.000000000000000000, -0.000000000000000000, 1.000000000000000000 ) ) ;
#10189 = EDGE_CURVE ( 'NONE', #4723, #7517, #8445, .T. ) ;
#10190 = UNCERTAINTY_MEASURE_WITH_UNIT (LENGTH_MEASURE( 1.000000000000000082E-05 ), #5233, 'distance_accuracy_value', 'NONE');
#10191 = DIRECTION ( 'NONE',  ( 0.000000000000000000, 1.000000000000000000, 0.000000000000000000 ) ) ;
#10192 = CARTESIAN_POINT ( 'NONE',  ( -1.570000000000001172, -7.605096679918781355, 0.2049999999999999878 ) ) ;
#10193 = PRESENTATION_LAYER_ASSIGNMENT (  '', '', ( #9856 ) ) ;
#10194 = VECTOR ( 'NONE', #8749, 1000.000000000000000 ) ;
#10195 = SURFACE_STYLE_USAGE ( .BOTH. , #6774 ) ;
#10196 = EDGE_CURVE ( 'NONE', #2256, #10454, #10471, .T. ) ;
#10197 = DIRECTION ( 'NONE',  ( 0.000000000000000000, -0.000000000000000000, 1.000000000000000000 ) ) ;
#10198 = B_SPLINE_CURVE_WITH_KNOTS ( 'NONE', 1,
 ( #4294, #111 ),
 .UNSPECIFIED., .F., .F.,
 ( 2, 2 ),
 ( 0.000000000000000000, 1.000000000000000000 ),
 .UNSPECIFIED. ) ;
#10199 =( NAMED_UNIT ( * ) PLANE_ANGLE_UNIT ( ) SI_UNIT ( $, .RADIAN. ) );
#10200 =( GEOMETRIC_REPRESENTATION_CONTEXT ( 3 ) GLOBAL_UNCERTAINTY_ASSIGNED_CONTEXT ( ( #119 ) ) GLOBAL_UNIT_ASSIGNED_CONTEXT ( ( #3516, #6916, #4380 ) ) REPRESENTATION_CONTEXT ( 'NONE', 'WORKASPACE' ) );
#10201 = EDGE_CURVE ( 'NONE', #1139, #3109, #4765, .T. ) ;
#10202 = ORIENTED_EDGE ( 'NONE', *, *, #3711, .T. ) ;
#10203 = DIRECTION ( 'NONE',  ( -0.000000000000000000, -0.000000000000000000, 1.000000000000000000 ) ) ;
#10204 = CARTESIAN_POINT ( 'NONE',  ( -1.233238987308811208, -0.1491866968127367743, 2.774999999999999911 ) ) ;
#10205 =( LENGTH_UNIT ( ) NAMED_UNIT ( * ) SI_UNIT ( .MILLI., .METRE. ) );
#10206 = UNCERTAINTY_MEASURE_WITH_UNIT (LENGTH_MEASURE( 1.000000000000000082E-05 ), #128, 'distance_accuracy_value', 'NONE');
#10207 = SURFACE_STYLE_USAGE ( .BOTH. , #374 ) ;
#10208 = AXIS2_PLACEMENT_3D ( 'NONE', #1847, #2154, #551 ) ;
#10209 = ORIENTED_EDGE ( 'NONE', *, *, #1325, .F. ) ;
#10210 = ORIENTED_EDGE ( 'NONE', *, *, #4981, .F. ) ;
#10211 = ORIENTED_EDGE ( 'NONE', *, *, #9636, .T. ) ;
#10212 = VECTOR ( 'NONE', #1713, 1000.000000000000000 ) ;
#10213 = DIRECTION ( 'NONE',  ( -0.000000000000000000, -0.000000000000000000, 1.000000000000000000 ) ) ;
#10214 = CARTESIAN_POINT ( 'NONE',  ( 1.049999999999999378, 3.299999999999999822, 0.3249999999999999001 ) ) ;
#10215 = ORIENTED_EDGE ( 'NONE', *, *, #1332, .T. ) ;
#10216 = DIRECTION ( 'NONE',  ( 1.000000000000000000, 0.000000000000000000, 0.000000000000000000 ) ) ;
#10217 = UNCERTAINTY_MEASURE_WITH_UNIT (LENGTH_MEASURE( 1.000000000000000082E-05 ), #988, 'distance_accuracy_value', 'NONE');
#10218 = VECTOR ( 'NONE', #6016, 1000.000000000000114 ) ;
#10219 = FILL_AREA_STYLE ('',( #8460 ) ) ;
#10220 = VECTOR ( 'NONE', #4441, 1000.000000000000000 ) ;
#10221 = EDGE_LOOP ( 'NONE', ( #532, #5249, #9264, #3247 ) ) ;
#10222 = STYLED_ITEM ( 'NONE', ( #542 ), #2379 ) ;
#10223 = EDGE_CURVE ( 'NONE', #10316, #7074, #2542, .T. ) ;
#10224 = PLANE ( 'NONE',  #6792 ) ;
#10225 = VERTEX_POINT ( 'NONE', #6293 ) ;
#10226 = PRODUCT ( 'B2B-XH-AM(LF)(SN)', 'B2B-XH-AM(LF)(SN)', '', ( #5840 ) ) ;
#10227 = VECTOR ( 'NONE', #5859, 1000.000000000000000 ) ;
#10228 = FACE_OUTER_BOUND ( 'NONE', #891, .T. ) ;
#10229 = SURFACE_STYLE_FILL_AREA ( #6961 ) ;
#10230 = DIRECTION ( 'NONE',  ( 0.000000000000000000, 0.000000000000000000, -1.000000000000000000 ) ) ;
#10231 = VECTOR ( 'NONE', #9528, 1000.000000000000114 ) ;
#10232 = FILL_AREA_STYLE ('',( #10338 ) ) ;
#10233 = SURFACE_SIDE_STYLE ('',( #9935 ) ) ;
#10234 = ORIENTED_EDGE ( 'NONE', *, *, #1892, .T. ) ;
#10235 = CARTESIAN_POINT ( 'NONE',  ( -1.942151024345848187, -0.2091789807633540610, 2.774999999999999911 ) ) ;
#10236 = LINE ( 'NONE', #5178, #7811 ) ;
#10237 = ORIENTED_EDGE ( 'NONE', *, *, #3402, .F. ) ;
#10238 = EDGE_CURVE ( 'NONE', #7109, #488, #4020, .T. ) ;
#10240 = ORIENTED_EDGE ( 'NONE', *, *, #444, .T. ) ;
#10239 = CARTESIAN_POINT ( 'NONE',  ( 0.3217378645430407635, -0.1491866968127367743, 2.774999999999999911 ) ) ;
#10241 = PRESENTATION_STYLE_ASSIGNMENT (( #5182 ) ) ;
#10242 = CARTESIAN_POINT ( 'NONE',  ( -1.494234357679181446, -0.1981836103929836557, 2.774999999999999911 ) ) ;
#10243 = EDGE_CURVE ( 'NONE', #7597, #123, #7264, .T. ) ;
#10244 = DIRECTION ( 'NONE',  ( 0.000000000000000000, 1.000000000000000000, 0.000000000000000000 ) ) ;
#10245 = FILL_AREA_STYLE_COLOUR ( '', #2269 ) ;
#10246 = DIRECTION ( 'NONE',  ( 1.000000000000000000, 0.000000000000000000, -0.000000000000000000 ) ) ;
#10247 = FILL_AREA_STYLE ('',( #3898 ) ) ;
#10248 = SURFACE_STYLE_FILL_AREA ( #3841 ) ;
#10249 = PRESENTATION_STYLE_ASSIGNMENT (( #5355 ) ) ;
#10250 = ORIENTED_EDGE ( 'NONE', *, *, #9398, .F. ) ;
#10251 = EDGE_CURVE ( 'NONE', #3876, #748, #10589, .T. ) ;
#10252 = VECTOR ( 'NONE', #9000, 1000.000000000000000 ) ;
#10253 = DIRECTION ( 'NONE',  ( -0.000000000000000000, -0.000000000000000000, 1.000000000000000000 ) ) ;
#10254 = DIRECTION ( 'NONE',  ( 0.000000000000000000, -0.5517613854158066600, -0.8340020225179491931 ) ) ;
#10255 = ORIENTED_EDGE ( 'NONE', *, *, #2098, .F. ) ;
#10256 = EDGE_CURVE ( 'NONE', #8635, #1326, #4711, .T. ) ;
#10257 = AXIS2_PLACEMENT_3D ( 'NONE', #4670, #2370, #8132 ) ;
#10258 = LINE ( 'NONE', #4717, #3529 ) ;
#10259 = CARTESIAN_POINT ( 'NONE',  ( -0.9300000000000011591, -2.250000000000001776, 0.2049999999999999878 ) ) ;
#10260 = FACE_OUTER_BOUND ( 'NONE', #1438, .T. ) ;
#10261 = ORIENTED_EDGE ( 'NONE', *, *, #2608, .T. ) ;
#10262 = ORIENTED_EDGE ( 'NONE', *, *, #658, .T. ) ;
#10263 = ORIENTED_EDGE ( 'NONE', *, *, #4652, .T. ) ;
#10264 = EDGE_CURVE ( 'NONE', #8813, #7008, #8748, .T. ) ;
#10265 = VECTOR ( 'NONE', #10422, 1000.000000000000000 ) ;
#10266 = CARTESIAN_POINT ( 'NONE',  ( 1.449999999999999512, -6.899999999999999467, 0.3249999999999999001 ) ) ;
#10267 = LINE ( 'NONE', #3648, #9166 ) ;
#10268 = CARTESIAN_POINT ( 'NONE',  ( 1.570000000000001172, -7.605096679918781355, 0.4049999999999998601 ) ) ;
#10269 = VERTEX_POINT ( 'NONE', #643 ) ;
#10270 = LINE ( 'NONE', #4466, #1496 ) ;
#10271 = LINE ( 'NONE', #6842, #2411 ) ;
#10272 = AXIS2_PLACEMENT_3D ( 'NONE', #8004, #7250, #10348 ) ;
#10273 = SURFACE_SIDE_STYLE ('',( #3709 ) ) ;
#10274 = EDGE_LOOP ( 'NONE', ( #6189, #10135, #8856, #8017 ) ) ;
#10275 = VECTOR ( 'NONE', #9011, 1000.000000000000114 ) ;
#10276 = CARTESIAN_POINT ( 'NONE',  ( -0.9300000000000011591, -3.101766864349278841, 0.2050000000000003209 ) ) ;
#10277 = ORIENTED_EDGE ( 'NONE', *, *, #7774, .F. ) ;
#10278 =( GEOMETRIC_REPRESENTATION_CONTEXT ( 3 ) GLOBAL_UNCERTAINTY_ASSIGNED_CONTEXT ( ( #528 ) ) GLOBAL_UNIT_ASSIGNED_CONTEXT ( ( #6825, #6178, #2024 ) ) REPRESENTATION_CONTEXT ( 'NONE', 'WORKASPACE' ) );
#10279 = DIRECTION ( 'NONE',  ( -0.000000000000000000, -0.000000000000000000, 1.000000000000000000 ) ) ;
#10280 = LINE ( 'NONE', #400, #4641 ) ;
#10281 = CARTESIAN_POINT ( 'NONE',  ( 1.549554222567732342, -0.2209459560719960469, 2.875000000000000000 ) ) ;
#10282 = FILL_AREA_STYLE_COLOUR ( '', #9021 ) ;
#10283 = EDGE_CURVE ( 'NONE', #3283, #8673, #6507, .T. ) ;
#10284 = PRESENTATION_STYLE_ASSIGNMENT (( #7014 ) ) ;
#10285 = ORIENTED_EDGE ( 'NONE', *, *, #9174, .F. ) ;
#10286 = LINE ( 'NONE', #5343, #3000 ) ;
#10287 = ORIENTED_EDGE ( 'NONE', *, *, #9554, .F. ) ;
#10288 = ORIENTED_EDGE ( 'NONE', *, *, #4639, .T. ) ;
#10289 = DIRECTION ( 'NONE',  ( 0.000000000000000000, 0.000000000000000000, 1.000000000000000000 ) ) ;
#10290 = PRESENTATION_LAYER_ASSIGNMENT (  '', '', ( #6362 ) ) ;
#10291 = VECTOR ( 'NONE', #3052, 1000.000000000000000 ) ;
#10292 = SURFACE_STYLE_USAGE ( .BOTH. , #634 ) ;
#10293 = SURFACE_STYLE_FILL_AREA ( #3625 ) ;
#10294 = UNCERTAINTY_MEASURE_WITH_UNIT (LENGTH_MEASURE( 1.000000000000000082E-05 ), #4006, 'distance_accuracy_value', 'NONE');
#10295 = SURFACE_STYLE_FILL_AREA ( #1482 ) ;
#10296 = ORIENTED_EDGE ( 'NONE', *, *, #4595, .T. ) ;
#10297 = DIRECTION ( 'NONE',  ( -0.3385932563182090238, -0.9409328386106160513, 0.000000000000000000 ) ) ;
#10298 = PRESENTATION_STYLE_ASSIGNMENT (( #5527 ) ) ;
#10299 = ORIENTED_EDGE ( 'NONE', *, *, #6270, .T. ) ;
#10300 = AXIS2_PLACEMENT_3D ( 'NONE', #6568, #5752, #924 ) ;
#10301 = PRESENTATION_LAYER_ASSIGNMENT (  '', '', ( #4805 ) ) ;
#10302 = SURFACE_STYLE_USAGE ( .BOTH. , #1123 ) ;
#10303 = CARTESIAN_POINT ( 'NONE',  ( 2.638867494172670192, -0.4190555239732305925, 2.875000000000000000 ) ) ;
#10304 = CARTESIAN_POINT ( 'NONE',  ( -2.446780653975477726, -1.106362622738662704, 2.774999999999999911 ) ) ;
#10305 = EDGE_CURVE ( 'NONE', #5344, #1541, #6452, .T. ) ;
#10306 = UNCERTAINTY_MEASURE_WITH_UNIT (LENGTH_MEASURE( 1.000000000000000082E-05 ), #7538, 'distance_accuracy_value', 'NONE');
#10307 = ORIENTED_EDGE ( 'NONE', *, *, #10243, .F. ) ;
#10308 = FILL_AREA_STYLE ('',( #8698 ) ) ;
#10309 = SURFACE_STYLE_FILL_AREA ( #1388 ) ;
#10310 = VECTOR ( 'NONE', #8892, 1000.000000000000114 ) ;
#10311 = DIRECTION ( 'NONE',  ( 0.9596009732027614980, 0.2813644828835243361, 0.000000000000000000 ) ) ;
#10312 = UNCERTAINTY_MEASURE_WITH_UNIT (LENGTH_MEASURE( 1.000000000000000082E-05 ), #4707, 'distance_accuracy_value', 'NONE');
#10313 = DIRECTION ( 'NONE',  ( 0.000000000000000000, 0.000000000000000000, -1.000000000000000000 ) ) ;
#10314 = CARTESIAN_POINT ( 'NONE',  ( 1.886902865494877402, 3.500000000000000000, -2.875999999999999890 ) ) ;
#10315 = VERTEX_POINT ( 'NONE', #1490 ) ;
#10316 = VERTEX_POINT ( 'NONE', #9721 ) ;
#10317 = VERTEX_POINT ( 'NONE', #8694 ) ;
#10318 = EDGE_CURVE ( 'NONE', #4285, #4008, #5641, .T. ) ;
#10319 = VECTOR ( 'NONE', #7664, 1000.000000000000114 ) ;
#10320 = CARTESIAN_POINT ( 'NONE',  ( -2.950000000000000178, 1.199999999999999289, 1.156639881571555506 ) ) ;
#10321 = LINE ( 'NONE', #1047, #9920 ) ;
#10322 = SURFACE_STYLE_USAGE ( .BOTH. , #7052 ) ;
#10323 = ORIENTED_EDGE ( 'NONE', *, *, #7190, .T. ) ;
#10324 =( NAMED_UNIT ( * ) PLANE_ANGLE_UNIT ( ) SI_UNIT ( $, .RADIAN. ) );
#10325 = UNCERTAINTY_MEASURE_WITH_UNIT (LENGTH_MEASURE( 1.000000000000000082E-05 ), #7349, 'distance_accuracy_value', 'NONE');
#10326 = EDGE_CURVE ( 'NONE', #4723, #7229, #3057, .T. ) ;
#10327 = SURFACE_STYLE_FILL_AREA ( #2320 ) ;
#10328 =( GEOMETRIC_REPRESENTATION_CONTEXT ( 3 ) GLOBAL_UNCERTAINTY_ASSIGNED_CONTEXT ( ( #3638 ) ) GLOBAL_UNIT_ASSIGNED_CONTEXT ( ( #6073, #3542, #9344 ) ) REPRESENTATION_CONTEXT ( 'NONE', 'WORKASPACE' ) );
#10329 = VECTOR ( 'NONE', #4411, 1000.000000000000000 ) ;
#10330 = DIRECTION ( 'NONE',  ( -0.4451011978129595370, 0.8954802754418819122, 0.000000000000000000 ) ) ;
#10331 = EDGE_LOOP ( 'NONE', ( #10506, #8689, #2614, #2636 ) ) ;
#10332 = ORIENTED_EDGE ( 'NONE', *, *, #9715, .T. ) ;
#10333 = ADVANCED_FACE ( 'NONE', ( #5419 ), #705, .T. ) ;
#10334 = AXIS2_PLACEMENT_3D ( 'NONE', #8645, #3973, #9728 ) ;
#10335 = COLOUR_RGB ( '',0.7529411764705882248, 0.7529411764705882248, 0.7529411764705882248 ) ;
#10336 =( NAMED_UNIT ( * ) SI_UNIT ( $, .STERADIAN. ) SOLID_ANGLE_UNIT ( ) );
#10337 = EDGE_CURVE ( 'NONE', #7370, #1397, #2469, .T. ) ;
#10338 = FILL_AREA_STYLE_COLOUR ( '', #2398 ) ;
#10339 = CARTESIAN_POINT ( 'NONE',  ( -3.700000000000000622, 3.500000000000000000, 2.875000000000000000 ) ) ;
#10340 = FILL_AREA_STYLE ('',( #10089 ) ) ;
#10341 = EDGE_CURVE ( 'NONE', #8795, #1004, #4976, .T. ) ;
#10342 = EDGE_LOOP ( 'NONE', ( #4868, #1843, #9391, #5824 ) ) ;
#10343 = PRESENTATION_LAYER_ASSIGNMENT (  '', '', ( #8135 ) ) ;
#10344 = CARTESIAN_POINT ( 'NONE',  ( -0.000000000000000000, 3.099999999999999645, 0.2049999999999996825 ) ) ;
#10345 = ORIENTED_EDGE ( 'NONE', *, *, #353, .T. ) ;
#10346 = ORIENTED_EDGE ( 'NONE', *, *, #4279, .T. ) ;
#10347 = ORIENTED_EDGE ( 'NONE', *, *, #2711, .F. ) ;
#10348 = DIRECTION ( 'NONE',  ( 0.000000000000000000, -0.000000000000000000, -1.000000000000000000 ) ) ;
#10349 = DIRECTION ( 'NONE',  ( 0.000000000000000000, 1.000000000000000000, 0.000000000000000000 ) ) ;
#10350 = MECHANICAL_DESIGN_GEOMETRIC_PRESENTATION_REPRESENTATION (  '', ( #6929 ), #4510 ) ;
#10351 = DIRECTION ( 'NONE',  ( -0.7037948599121378601, -0.7104032623526261858, 0.000000000000000000 ) ) ;
#10352 = DIRECTION ( 'NONE',  ( -1.000000000000000000, 0.000000000000000000, 0.000000000000000000 ) ) ;
#10353 = EDGE_CURVE ( 'NONE', #1240, #8251, #4171, .T. ) ;
#10354 = PLANE ( 'NONE',  #1799 ) ;
#10355 = DIRECTION ( 'NONE',  ( -0.000000000000000000, -0.000000000000000000, 1.000000000000000000 ) ) ;
#10356 = ORIENTED_EDGE ( 'NONE', *, *, #9643, .F. ) ;
#10357 = FILL_AREA_STYLE_COLOUR ( '', #9510 ) ;
#10358 = EDGE_LOOP ( 'NONE', ( #7256, #4457, #7845, #5946 ) ) ;
#10359 = AXIS2_PLACEMENT_3D ( 'NONE', #2336, #9701, #7351 ) ;
#10360 = PRESENTATION_STYLE_ASSIGNMENT (( #9495 ) ) ;
#10361 = EDGE_CURVE ( 'NONE', #1326, #9560, #9022, .T. ) ;
#10362 = CARTESIAN_POINT ( 'NONE',  ( 1.493612864543040430, -0.1900817585411318511, 2.774999999999999911 ) ) ;
#10363 =( NAMED_UNIT ( * ) SI_UNIT ( $, .STERADIAN. ) SOLID_ANGLE_UNIT ( ) );
#10364 = VERTEX_POINT ( 'NONE', #6661 ) ;
#10365 = PLANE ( 'NONE',  #194 ) ;
#10366 = FILL_AREA_STYLE ('',( #3636 ) ) ;
#10367 = VECTOR ( 'NONE', #6693, 1000.000000000000000 ) ;
#10368 = AXIS2_PLACEMENT_3D ( 'NONE', #1282, #6124, #6932 ) ;
#10369 = DIRECTION ( 'NONE',  ( 0.2811897739114648798, 0.9596521823283783448, 0.000000000000000000 ) ) ;
#10370 = DIRECTION ( 'NONE',  ( 0.3171868387577281845, 0.9483630683018392515, 0.000000000000000000 ) ) ;
#10371 = DIRECTION ( 'NONE',  ( 0.9641616735539142446, -0.2653154108786657250, 0.000000000000000000 ) ) ;
#10372 = LINE ( 'NONE', #7970, #7829 ) ;
#10373 = ORIENTED_EDGE ( 'NONE', *, *, #1774, .F. ) ;
#10374 = EDGE_LOOP ( 'NONE', ( #4796, #2846, #8463, #8898 ) ) ;
#10375 = ORIENTED_EDGE ( 'NONE', *, *, #6786, .F. ) ;
#10376 = COLOUR_RGB ( '',0.7529411764705882248, 0.7529411764705882248, 0.7529411764705882248 ) ;
#10377 = PLANE ( 'NONE',  #1408 ) ;
#10378 = ADVANCED_FACE ( 'NONE', ( #1808 ), #1706, .T. ) ;
#10379 = SURFACE_STYLE_FILL_AREA ( #6306 ) ;
#10380 = SURFACE_STYLE_USAGE ( .BOTH. , #6357 ) ;
#10381 = PRESENTATION_STYLE_ASSIGNMENT (( #9570 ) ) ;
#10382 = ORIENTED_EDGE ( 'NONE', *, *, #10337, .F. ) ;
#10383 = ADVANCED_FACE ( 'NONE', ( #9113 ), #5693, .T. ) ;
#10384 = SURFACE_STYLE_USAGE ( .BOTH. , #8716 ) ;
#10385 = VECTOR ( 'NONE', #6902, 1000.000000000000114 ) ;
#10386 = LINE ( 'NONE', #2209, #7561 ) ;
#10387 = VECTOR ( 'NONE', #350, 1000.000000000000000 ) ;
#10388 = SURFACE_STYLE_USAGE ( .BOTH. , #6314 ) ;
#10389 = EDGE_LOOP ( 'NONE', ( #5431, #5370, #7138, #5088 ) ) ;
#10390 = FILL_AREA_STYLE_COLOUR ( '', #7484 ) ;
#10391 = ORIENTED_EDGE ( 'NONE', *, *, #5869, .T. ) ;
#10392 = PRESENTATION_STYLE_ASSIGNMENT (( #9365 ) ) ;
#10393 = VECTOR ( 'NONE', #7882, 1000.000000000000000 ) ;
#10394 = CARTESIAN_POINT ( 'NONE',  ( -1.901063061382885389, -0.1675123140966873203, 2.774999999999999911 ) ) ;
#10395 = AXIS2_PLACEMENT_3D ( 'NONE', #3028, #8774, #6151 ) ;
#10396 = DIRECTION ( 'NONE',  ( 0.000000000000000000, -0.000000000000000000, 1.000000000000000000 ) ) ;
#10397 = CARTESIAN_POINT ( 'NONE',  ( -1.233238987308811208, -0.1491866968127367743, 2.875000000000000000 ) ) ;
#10398 = SURFACE_STYLE_USAGE ( .BOTH. , #5389 ) ;
#10399 = FACE_OUTER_BOUND ( 'NONE', #4277, .T. ) ;
#10400 = DIRECTION ( 'NONE',  ( 0.3354320254718045069, 0.9420644119633660996, 0.000000000000000000 ) ) ;
#10401 = VECTOR ( 'NONE', #1720, 1000.000000000000114 ) ;
#10402 = CARTESIAN_POINT ( 'NONE',  ( -1.570000000000001172, -7.605096679918781355, 0.8450000000000000844 ) ) ;
#10403 = ORIENTED_EDGE ( 'NONE', *, *, #9229, .F. ) ;
#10404 = AXIS2_PLACEMENT_3D ( 'NONE', #7378, #1557, #2423 ) ;
#10405 = CARTESIAN_POINT ( 'NONE',  ( 0.8466221238022999529, -1.034603363479403626, 2.774999999999999911 ) ) ;
#10406 = ORIENTED_EDGE ( 'NONE', *, *, #9611, .F. ) ;
#10407 = EDGE_CURVE ( 'NONE', #5101, #5453, #7837, .T. ) ;
#10408 =( GEOMETRIC_REPRESENTATION_CONTEXT ( 3 ) GLOBAL_UNCERTAINTY_ASSIGNED_CONTEXT ( ( #667 ) ) GLOBAL_UNIT_ASSIGNED_CONTEXT ( ( #9883, #9827, #4870 ) ) REPRESENTATION_CONTEXT ( 'NONE', 'WORKASPACE' ) );
#10410 = VERTEX_POINT ( 'NONE', #2770 ) ;
#10409 = CARTESIAN_POINT ( 'NONE',  ( -2.166688061382885166, -0.1491866968127367743, 2.774999999999999911 ) ) ;
#10411 = CARTESIAN_POINT ( 'NONE',  ( 0.9345850867652628624, -0.2747654005164404944, 2.774999999999999911 ) ) ;
#10412 = LINE ( 'NONE', #2229, #8757 ) ;
#10413 = MECHANICAL_DESIGN_GEOMETRIC_PRESENTATION_REPRESENTATION (  '', ( #9039 ), #254 ) ;
#10414 =( GEOMETRIC_REPRESENTATION_CONTEXT ( 3 ) GLOBAL_UNCERTAINTY_ASSIGNED_CONTEXT ( ( #2375 ) ) GLOBAL_UNIT_ASSIGNED_CONTEXT ( ( #174, #330, #1248 ) ) REPRESENTATION_CONTEXT ( 'NONE', 'WORKASPACE' ) );
#10415 =( LENGTH_UNIT ( ) NAMED_UNIT ( * ) SI_UNIT ( .MILLI., .METRE. ) );
#10416 = VERTEX_POINT ( 'NONE', #467 ) ;
#10417 = PLANE ( 'NONE',  #1896 ) ;
#10418 = SURFACE_SIDE_STYLE ('',( #7090 ) ) ;
#10419 = EDGE_LOOP ( 'NONE', ( #995, #9211 ) ) ;
#10420 = CARTESIAN_POINT ( 'NONE',  ( -1.570000000000001172, -2.250000000000000000, 0.8450000000000000844 ) ) ;
#10421 = VECTOR ( 'NONE', #2218, 1000.000000000000000 ) ;
#10422 = DIRECTION ( 'NONE',  ( -0.000000000000000000, -0.000000000000000000, 1.000000000000000000 ) ) ;
#10423 = UNCERTAINTY_MEASURE_WITH_UNIT (LENGTH_MEASURE( 1.000000000000000082E-05 ), #1384, 'distance_accuracy_value', 'NONE');
#10424 = ORIENTED_EDGE ( 'NONE', *, *, #8444, .F. ) ;
#10425 = PRESENTATION_STYLE_ASSIGNMENT (( #594 ) ) ;
#10426 = LINE ( 'NONE', #8699, #506 ) ;
#10427 = PLANE ( 'NONE',  #2782 ) ;
#10428 = FACE_OUTER_BOUND ( 'NONE', #5539, .T. ) ;
#10429 = CARTESIAN_POINT ( 'NONE',  ( 0.8159508275060035620, -0.8413163264423664245, 2.875000000000000000 ) ) ;
#10430 = ORIENTED_EDGE ( 'NONE', *, *, #9214, .T. ) ;
#10431 = ORIENTED_EDGE ( 'NONE', *, *, #3198, .F. ) ;
#10432 = ORIENTED_EDGE ( 'NONE', *, *, #10565, .F. ) ;
#10433 = FACE_OUTER_BOUND ( 'NONE', #7015, .T. ) ;
#10434 =( NAMED_UNIT ( * ) SI_UNIT ( $, .STERADIAN. ) SOLID_ANGLE_UNIT ( ) );
#10435 = ORIENTED_EDGE ( 'NONE', *, *, #3814, .F. ) ;
#10436 = PRESENTATION_STYLE_ASSIGNMENT (( #1405 ) ) ;
#10437 = UNCERTAINTY_MEASURE_WITH_UNIT (LENGTH_MEASURE( 1.000000000000000082E-05 ), #4503, 'distance_accuracy_value', 'NONE');
#10438 = SURFACE_SIDE_STYLE ('',( #10327 ) ) ;
#10439 = DIRECTION ( 'NONE',  ( -0.8926525754894950593, 0.4507453599006553957, 0.000000000000000000 ) ) ;
#10440 = EDGE_CURVE ( 'NONE', #10590, #5663, #2824, .T. ) ;
#10441 = FILL_AREA_STYLE ('',( #7172 ) ) ;
#10442 = ORIENTED_EDGE ( 'NONE', *, *, #7306, .F. ) ;
#10443 = COLOUR_RGB ( '',0.7529411764705882248, 0.7529411764705882248, 0.7529411764705882248 ) ;
#10444 = DIRECTION ( 'NONE',  ( 1.000000000000000000, 0.000000000000000000, -0.000000000000000000 ) ) ;
#10445 = ORIENTED_EDGE ( 'NONE', *, *, #4016, .T. ) ;
#10446 = CARTESIAN_POINT ( 'NONE',  ( 0.3217378645430407635, -0.1491866968127367743, 2.774999999999999911 ) ) ;
#10447 =( NAMED_UNIT ( * ) SI_UNIT ( $, .STERADIAN. ) SOLID_ANGLE_UNIT ( ) );
#10448 = DIRECTION ( 'NONE',  ( -0.2730036855746332258, -0.9620129872629926693, 0.000000000000000000 ) ) ;
#10449 = LINE ( 'NONE', #3086, #9632 ) ;
#10450 = PRESENTATION_STYLE_ASSIGNMENT (( #7182 ) ) ;
#10451 =( GEOMETRIC_REPRESENTATION_CONTEXT ( 3 ) GLOBAL_UNCERTAINTY_ASSIGNED_CONTEXT ( ( #415 ) ) GLOBAL_UNIT_ASSIGNED_CONTEXT ( ( #9431, #3053, #5404 ) ) REPRESENTATION_CONTEXT ( 'NONE', 'WORKASPACE' ) );
#10452 = CARTESIAN_POINT ( 'NONE',  ( -2.185013678666835713, -1.056787005454712158, 2.774999999999999911 ) ) ;
#10453 = LINE ( 'NONE', #5341, #3815 ) ;
#10454 = VERTEX_POINT ( 'NONE', #6053 ) ;
#10455 = FILL_AREA_STYLE ('',( #7189 ) ) ;
#10456 = VERTEX_POINT ( 'NONE', #251 ) ;
#10457 =( GEOMETRIC_REPRESENTATION_CONTEXT ( 3 ) GLOBAL_UNCERTAINTY_ASSIGNED_CONTEXT ( ( #5720 ) ) GLOBAL_UNIT_ASSIGNED_CONTEXT ( ( #1403, #8820, #5493 ) ) REPRESENTATION_CONTEXT ( 'NONE', 'WORKASPACE' ) );
#10458 = EDGE_CURVE ( 'NONE', #351, #755, #1696, .T. ) ;
#10460 = ORIENTED_EDGE ( 'NONE', *, *, #7190, .F. ) ;
#10459 = FILL_AREA_STYLE ('',( #7193 ) ) ;
#10461 = DIRECTION ( 'NONE',  ( 0.6986562021654443289, 0.7154575537205248859, 0.000000000000000000 ) ) ;
#10462 = EDGE_CURVE ( 'NONE', #8768, #10070, #3673, .T. ) ;
#10463 = MECHANICAL_DESIGN_GEOMETRIC_PRESENTATION_REPRESENTATION (  '', ( #7555 ), #9779 ) ;
#10464 = CIRCLE ( 'NONE', #4077, 0.5000000000000000000 ) ;
#10465 = ORIENTED_EDGE ( 'NONE', *, *, #5743, .F. ) ;
#10466 = CARTESIAN_POINT ( 'NONE',  ( 0.3875171855306949742, -0.1979907091584157952, 2.875000000000000000 ) ) ;
#10467 = VECTOR ( 'NONE', #8996, 1000.000000000000000 ) ;
#10468 = ORIENTED_EDGE ( 'NONE', *, *, #6905, .F. ) ;
#10469 = CIRCLE ( 'NONE', #4967, 0.4999999999999998890 ) ;
#10470 = CARTESIAN_POINT ( 'NONE',  ( -0.03956614780263817410, -0.8800894745905145644, 2.774999999999999911 ) ) ;
#10471 = LINE ( 'NONE', #5529, #5646 ) ;
#10472 = FACE_OUTER_BOUND ( 'NONE', #9963, .T. ) ;
#10473 = EDGE_LOOP ( 'NONE', ( #3012, #6547, #834, #2466 ) ) ;
#10474 = CARTESIAN_POINT ( 'NONE',  ( -1.607467382370539655, -0.5945956474300208017, 2.774999999999999911 ) ) ;
#10475 = EDGE_CURVE ( 'NONE', #3665, #10608, #6865, .T. ) ;
#10476 = DIRECTION ( 'NONE',  ( 0.4049691506251120177, -0.9143303489669231121, 0.000000000000000000 ) ) ;
#10477 = CARTESIAN_POINT ( 'NONE',  ( 1.983967802814646131, -1.046563240022613472, 2.774999999999999911 ) ) ;
#10478 = VECTOR ( 'NONE', #10371, 1000.000000000000114 ) ;
#10479 =( GEOMETRIC_REPRESENTATION_CONTEXT ( 3 ) GLOBAL_UNCERTAINTY_ASSIGNED_CONTEXT ( ( #2804 ) ) GLOBAL_UNIT_ASSIGNED_CONTEXT ( ( #2769, #1112, #1061 ) ) REPRESENTATION_CONTEXT ( 'NONE', 'WORKASPACE' ) );
#10480 = SURFACE_STYLE_USAGE ( .BOTH. , #3063 ) ;
#10481 = ORIENTED_EDGE ( 'NONE', *, *, #4502, .T. ) ;
#10482 = VERTEX_POINT ( 'NONE', #3726 ) ;
#10483 = ORIENTED_EDGE ( 'NONE', *, *, #738, .T. ) ;
#10484 = DIRECTION ( 'NONE',  ( -0.000000000000000000, -0.000000000000000000, 1.000000000000000000 ) ) ;
#10485 = DIRECTION ( 'NONE',  ( 1.020425574104004122E-16, 0.000000000000000000, 1.000000000000000000 ) ) ;
#10486 = DIRECTION ( 'NONE',  ( -0.3731001875674787582, -0.9277910594725043980, 0.000000000000000000 ) ) ;
#10487 = PRESENTATION_LAYER_ASSIGNMENT (  '', '', ( #4311 ) ) ;
#10488 = VERTEX_POINT ( 'NONE', #4436 ) ;
#10489 = CARTESIAN_POINT ( 'NONE',  ( 0.5418381731850160365, -0.1675123140966873203, 2.774999999999999911 ) ) ;
#10490 = DIRECTION ( 'NONE',  ( -1.000000000000000000, 0.000000000000000000, 0.000000000000000000 ) ) ;
#10491 = CARTESIAN_POINT ( 'NONE',  ( -2.949999999999999734, -2.250000000000000000, 1.156639881571555506 ) ) ;
#10492 = EDGE_CURVE ( 'NONE', #10070, #8155, #9379, .T. ) ;
#10493 = DIRECTION ( 'NONE',  ( 0.7013465219287905450, -0.7128204936576869599, 0.000000000000000000 ) ) ;
#10494 = COLOUR_RGB ( '',0.7529411764705882248, 0.7529411764705882248, 0.7529411764705882248 ) ;
#10495 = VECTOR ( 'NONE', #5081, 1000.000000000000000 ) ;
#10496 = ORIENTED_EDGE ( 'NONE', *, *, #682, .F. ) ;
#10497 = CARTESIAN_POINT ( 'NONE',  ( -2.166688061382885166, -0.1277746597756997671, 2.774999999999999911 ) ) ;
#10498 =( NAMED_UNIT ( * ) SI_UNIT ( $, .STERADIAN. ) SOLID_ANGLE_UNIT ( ) );
#10499 = CARTESIAN_POINT ( 'NONE',  ( -0.2004457774322679076, -0.8800894745905145644, 2.774999999999999911 ) ) ;
#10500 = CARTESIAN_POINT ( 'NONE',  ( 0.2397548398516825552, -0.9827129313806381994, 2.875000000000000000 ) ) ;
#10501 = VECTOR ( 'NONE', #5697, 1000.000000000000000 ) ;
#10502 = SURFACE_STYLE_FILL_AREA ( #6374 ) ;
#10503 = SURFACE_SIDE_STYLE ('',( #2173 ) ) ;
#10504 = LINE ( 'NONE', #4746, #10123 ) ;
#10505 = FILL_AREA_STYLE ('',( #8200 ) ) ;
#10506 = ORIENTED_EDGE ( 'NONE', *, *, #6329, .F. ) ;
#10507 = VERTEX_POINT ( 'NONE', #1960 ) ;
#10508 = SURFACE_STYLE_USAGE ( .BOTH. , #8637 ) ;
#10509 = VECTOR ( 'NONE', #2675, 1000.000000000000000 ) ;
#10510 = EDGE_LOOP ( 'NONE', ( #1824, #2807, #474, #2929 ) ) ;
#10511 = PLANE ( 'NONE',  #8558 ) ;
#10512 = CARTESIAN_POINT ( 'NONE',  ( -2.166688061382885166, -0.1277746597756997671, 2.875000000000000000 ) ) ;
#10513 = VECTOR ( 'NONE', #3061, 1000.000000000000000 ) ;
#10514 = PRESENTATION_LAYER_ASSIGNMENT (  '', '', ( #3641 ) ) ;
#10515 = EDGE_CURVE ( 'NONE', #10017, #4366, #10085, .T. ) ;
#10516 = LINE ( 'NONE', #7414, #3686 ) ;
#10517 = SURFACE_STYLE_FILL_AREA ( #1655 ) ;
#10518 = VERTEX_POINT ( 'NONE', #9285 ) ;
#10519 = SURFACE_STYLE_USAGE ( .BOTH. , #5797 ) ;
#10520 = LINE ( 'NONE', #8691, #6079 ) ;
#10521 = EDGE_CURVE ( 'NONE', #1219, #10416, #6107, .T. ) ;
#10522 = VERTEX_POINT ( 'NONE', #2069 ) ;
#10523 = PRESENTATION_LAYER_ASSIGNMENT (  '', '', ( #4504 ) ) ;
#10524 = PRESENTATION_LAYER_ASSIGNMENT (  '', '', ( #4684 ) ) ;
#10525 = PRESENTATION_STYLE_ASSIGNMENT (( #9606 ) ) ;
#10526 = DIRECTION ( 'NONE',  ( -0.000000000000000000, -0.000000000000000000, 1.000000000000000000 ) ) ;
#10527 = SURFACE_STYLE_USAGE ( .BOTH. , #1545 ) ;
#10528 = UNCERTAINTY_MEASURE_WITH_UNIT (LENGTH_MEASURE( 1.000000000000000082E-05 ), #9823, 'distance_accuracy_value', 'NONE');
#10529 = ORIENTED_EDGE ( 'NONE', *, *, #7342, .F. ) ;
#10530 = CARTESIAN_POINT ( 'NONE',  ( 1.226830457135633434, -1.127774659775699684, 2.875000000000000000 ) ) ;
#10531 = CARTESIAN_POINT ( 'NONE',  ( 1.364176136147979168, -0.1451357708868107887, 2.774999999999999911 ) ) ;
#10532 = ADVANCED_FACE ( 'NONE', ( #7681 ), #5129, .T. ) ;
#10533 = FILL_AREA_STYLE ('',( #3006 ) ) ;
#10534 = FACE_OUTER_BOUND ( 'NONE', #1875, .T. ) ;
#10535 = AXIS2_PLACEMENT_3D ( 'NONE', #6642, #6433, #8952 ) ;
#10536 = COLOUR_RGB ( '',0.7529411764705882248, 0.7529411764705882248, 0.7529411764705882248 ) ;
#10537 = CARTESIAN_POINT ( 'NONE',  ( -2.446780653975477726, -1.127774659775699684, 2.774999999999999911 ) ) ;
#10538 = ORIENTED_EDGE ( 'NONE', *, *, #9241, .F. ) ;
#10539 = ORIENTED_EDGE ( 'NONE', *, *, #6978, .T. ) ;
#10540 = DIRECTION ( 'NONE',  ( 0.000000000000000000, -1.000000000000000000, 0.000000000000000000 ) ) ;
#10541 = EDGE_CURVE ( 'NONE', #10618, #5983, #2983, .T. ) ;
#10542 = LINE ( 'NONE', #3219, #9239 ) ;
#10543 =( NAMED_UNIT ( * ) PLANE_ANGLE_UNIT ( ) SI_UNIT ( $, .RADIAN. ) );
#10544 = PRESENTATION_LAYER_ASSIGNMENT (  '', '', ( #7120 ) ) ;
#10545 = STYLED_ITEM ( 'NONE', ( #2955 ), #5639 ) ;
#10546 = VERTEX_POINT ( 'NONE', #1321 ) ;
#10547 = CARTESIAN_POINT ( 'NONE',  ( -1.510438061382885389, -0.1675123140966873203, 2.875000000000000000 ) ) ;
#10548 = UNCERTAINTY_MEASURE_WITH_UNIT (LENGTH_MEASURE( 1.000000000000000082E-05 ), #7332, 'distance_accuracy_value', 'NONE');
#10549 = FILL_AREA_STYLE_COLOUR ( '', #1157 ) ;
#10550 = CARTESIAN_POINT ( 'NONE',  ( 0.9345850867652628624, -0.4225277461954527469, 2.774999999999999911 ) ) ;
#10551 = CARTESIAN_POINT ( 'NONE',  ( -2.166688061382885166, -0.1277746597756997671, 2.875000000000000000 ) ) ;
#10552 = MECHANICAL_DESIGN_GEOMETRIC_PRESENTATION_REPRESENTATION (  '', ( #9856 ), #4023 ) ;
#10553 =( NAMED_UNIT ( * ) PLANE_ANGLE_UNIT ( ) SI_UNIT ( $, .RADIAN. ) );
#10554 = VERTEX_POINT ( 'NONE', #7022 ) ;
#10555 = VERTEX_POINT ( 'NONE', #7080 ) ;
#10556 = COLOUR_RGB ( '',0.7529411764705882248, 0.7529411764705882248, 0.7529411764705882248 ) ;
#10557 = CARTESIAN_POINT ( 'NONE',  ( 0.9299999999999992717, -7.605096679918781355, 0.2049999999999998768 ) ) ;
#10558 = SURFACE_STYLE_USAGE ( .BOTH. , #4785 ) ;
#10559 = FACE_OUTER_BOUND ( 'NONE', #7808, .T. ) ;
#10560 = CARTESIAN_POINT ( 'NONE',  ( -1.494234357679181446, -0.1981836103929836557, 2.774999999999999911 ) ) ;
#10561 = STYLED_ITEM ( 'NONE', ( #4751 ), #8658 ) ;
#10562 = DIRECTION ( 'NONE',  ( 1.000000000000000000, -0.000000000000000000, 0.000000000000000000 ) ) ;
#10563 = CYLINDRICAL_SURFACE ( 'NONE', #9748, 0.4672919842648142752 ) ;
#10564 = CARTESIAN_POINT ( 'NONE',  ( -2.446780653975477726, -1.106362622738662704, 2.774999999999999911 ) ) ;
#10565 = EDGE_CURVE ( 'NONE', #3109, #7517, #8735, .T. ) ;
#10566 =( NAMED_UNIT ( * ) PLANE_ANGLE_UNIT ( ) SI_UNIT ( $, .RADIAN. ) );
#10567 = VERTEX_POINT ( 'NONE', #9482 ) ;
#10568 = CARTESIAN_POINT ( 'NONE',  ( 1.661629839851682444, -0.06604626471397138932, 2.774999999999999911 ) ) ;
#10569 = ORIENTED_EDGE ( 'NONE', *, *, #10521, .F. ) ;
#10570 = VECTOR ( 'NONE', #5818, 1000.000000000000114 ) ;
#10572 = MECHANICAL_DESIGN_GEOMETRIC_PRESENTATION_REPRESENTATION (  '', ( #4877 ), #99 ) ;
#10571 = SURFACE_STYLE_FILL_AREA ( #9759 ) ;
#10573 = VECTOR ( 'NONE', #1494, 1000.000000000000000 ) ;
#10575 = ORIENTED_EDGE ( 'NONE', *, *, #4203, .T. ) ;
#10574 = DIRECTION ( 'NONE',  ( 1.000000000000000000, -0.000000000000000000, 0.000000000000000000 ) ) ;
#10576 = LINE ( 'NONE', #6334, #7226 ) ;
#10577 = CARTESIAN_POINT ( 'NONE',  ( -0.4930200591917125452, -3.101766864349278841, -2.875000000000000000 ) ) ;
#10578 = MECHANICAL_DESIGN_GEOMETRIC_PRESENTATION_REPRESENTATION (  '', ( #6098 ), #5417 ) ;
#10579 = SURFACE_SIDE_STYLE ('',( #8909 ) ) ;
#10580 = CARTESIAN_POINT ( 'NONE',  ( -1.838563061382885389, -0.1493795980473046625, 2.875000000000000000 ) ) ;
#10581 = ORIENTED_EDGE ( 'NONE', *, *, #5396, .T. ) ;
#10582 = FILL_AREA_STYLE_COLOUR ( '', #6021 ) ;
#10583 = SURFACE_STYLE_FILL_AREA ( #1749 ) ;
#10584 = EDGE_CURVE ( 'NONE', #2366, #9227, #8906, .T. ) ;
#10585 = ORIENTED_EDGE ( 'NONE', *, *, #7655, .T. ) ;
#10586 = VECTOR ( 'NONE', #2601, 1000.000000000000114 ) ;
#10587 =( LENGTH_UNIT ( ) NAMED_UNIT ( * ) SI_UNIT ( .MILLI., .METRE. ) );
#10588 = EDGE_CURVE ( 'NONE', #9227, #1450, #3836, .T. ) ;
#10589 = LINE ( 'NONE', #9607, #10265 ) ;
#10590 = VERTEX_POINT ( 'NONE', #5631 ) ;
#10591 = DIRECTION ( 'NONE',  ( 0.000000000000000000, -0.000000000000000000, -1.000000000000000000 ) ) ;
#10592 = FILL_AREA_STYLE_COLOUR ( '', #3536 ) ;
#10593 =( GEOMETRIC_REPRESENTATION_CONTEXT ( 3 ) GLOBAL_UNCERTAINTY_ASSIGNED_CONTEXT ( ( #3127 ) ) GLOBAL_UNIT_ASSIGNED_CONTEXT ( ( #56, #6511, #814 ) ) REPRESENTATION_CONTEXT ( 'NONE', 'WORKASPACE' ) );
#10594 =( NAMED_UNIT ( * ) SI_UNIT ( $, .STERADIAN. ) SOLID_ANGLE_UNIT ( ) );
#10595 = SURFACE_STYLE_USAGE ( .BOTH. , #4027 ) ;
#10596 = VECTOR ( 'NONE', #9102, 1000.000000000000000 ) ;
#10597 = CARTESIAN_POINT ( 'NONE',  ( 0.000000000000000000, 1.193382352941175339, 1.988970588235293491 ) ) ;
#10598 = DIRECTION ( 'NONE',  ( -0.000000000000000000, -0.000000000000000000, 1.000000000000000000 ) ) ;
#10599 = CARTESIAN_POINT ( 'NONE',  ( -0.03956614780263817410, -0.8800894745905145644, 2.875000000000000000 ) ) ;
#10600 = ADVANCED_FACE ( 'NONE', ( #2127 ), #10511, .T. ) ;
#10601 = ORIENTED_EDGE ( 'NONE', *, *, #9208, .T. ) ;
#10602 = CARTESIAN_POINT ( 'NONE',  ( 0.000000000000000000, -2.250000000000000000, 0.8450000000000000844 ) ) ;
#10603 = PRESENTATION_STYLE_ASSIGNMENT (( #4883 ) ) ;
#10604 = CARTESIAN_POINT ( 'NONE',  ( 2.356267185530695585, -0.1491866968127367743, 2.875000000000000000 ) ) ;
#10605 = CARTESIAN_POINT ( 'NONE',  ( 0.4993999015800777430, -0.2116866968127367465, 2.774999999999999911 ) ) ;
#10606 = LINE ( 'NONE', #1625, #6263 ) ;
#10607 = PLANE ( 'NONE',  #1455 ) ;
#10608 = VERTEX_POINT ( 'NONE', #7892 ) ;
#10609 = ORIENTED_EDGE ( 'NONE', *, *, #1653, .T. ) ;
#10610 = AXIS2_PLACEMENT_3D ( 'NONE', #3622, #3834, #1367 ) ;
#10611 = CARTESIAN_POINT ( 'NONE',  ( 1.886902865494877402, 3.500000000000000000, 2.124999999999998224 ) ) ;
#10612 = SURFACE_STYLE_USAGE ( .BOTH. , #5507 ) ;
#10613 = LINE ( 'NONE', #9797, #5255 ) ;
#10614 = SURFACE_SIDE_STYLE ('',( #9342 ) ) ;
#10615 = LINE ( 'NONE', #9800, #861 ) ;
#10616 = CARTESIAN_POINT ( 'NONE',  ( 1.569999999999999396, -7.605096679918781355, 0.2049999999999998768 ) ) ;
#10617 = LINE ( 'NONE', #10564, #2217 ) ;
#10618 = VERTEX_POINT ( 'NONE', #1479 ) ;
#10619 = CARTESIAN_POINT ( 'NONE',  ( -2.950000000000000178, -2.250000000000000000, -2.125000000000000000 ) ) ;
#10620 = VERTEX_POINT ( 'NONE', #8846 ) ;
#10621 = SURFACE_SIDE_STYLE ('',( #7356 ) ) ;
#10622 = VECTOR ( 'NONE', #7094, 999.9999999999998863 ) ;
#10623 = PRESENTATION_LAYER_ASSIGNMENT (  '', '', ( #8726 ) ) ;
#10625 = EDGE_LOOP ( 'NONE', ( #8405, #518, #3330, #4616 ) ) ;
#10624 = PLANE ( 'NONE',  #2702 ) ;
#10626 = PLANE ( 'NONE',  #3425 ) ;
#10627 = EDGE_CURVE ( 'NONE', #167, #5873, #521, .T. ) ;
#10628 = CARTESIAN_POINT ( 'NONE',  ( 2.950000000000000622, -2.250000000000000000, 2.125000000000000000 ) ) ;
#10629 =( NAMED_UNIT ( * ) SI_UNIT ( $, .STERADIAN. ) SOLID_ANGLE_UNIT ( ) );
#10630 = EDGE_LOOP ( 'NONE', ( #3488, #1778, #2694, #7161 ) ) ;
#10631 =( LENGTH_UNIT ( ) NAMED_UNIT ( * ) SI_UNIT ( .MILLI., .METRE. ) );
#10632 = DIRECTION ( 'NONE',  ( -0.000000000000000000, -0.000000000000000000, 1.000000000000000000 ) ) ;
#10633 = COLOUR_RGB ( '',0.7529411764705882248, 0.7529411764705882248, 0.7529411764705882248 ) ;
#10634 = ORIENTED_EDGE ( 'NONE', *, *, #5736, .F. ) ;
#10635 = PLANE ( 'NONE',  #5716 ) ;
#10636 = SURFACE_SIDE_STYLE ('',( #7369 ) ) ;
#10637 = CARTESIAN_POINT ( 'NONE',  ( -3.700000000000001066, 1.578285606387554107, 1.898270704789492003 ) ) ;
#10638 = VECTOR ( 'NONE', #9936, 1000.000000000000114 ) ;
#10639 = UNCERTAINTY_MEASURE_WITH_UNIT (LENGTH_MEASURE( 1.000000000000000082E-05 ), #8117, 'distance_accuracy_value', 'NONE');
#10640 = VERTEX_POINT ( 'NONE', #3894 ) ;
#10641 = VECTOR ( 'NONE', #2493, 1000.000000000000000 ) ;
ENDSEC;
END-ISO-10303-21;
