ISO-10303-21;
HEADER;
/* Generated by software containing ST-Developer
 * from STEP Tools, Inc. (www.steptools.com) 
 */

FILE_DESCRIPTION(
/* description */ (''),
/* implementation_level */ '2;1');

FILE_NAME(
/* name */ 'S8B-XH-A v2.step',
/* time_stamp */ '2024-10-18T13:37:07+02:00',
/* author */ (''),
/* organization */ (''),
/* preprocessor_version */ 'ST-DEVELOPER v20',
/* originating_system */ 'Autodesk Translation Framework v13.20.0.188',

/* authorisation */ '');

FILE_SCHEMA (('AUTOMOTIVE_DESIGN { 1 0 10303 214 3 1 1 }'));
ENDSEC;

DATA;
#10=MECHANICAL_DESIGN_GEOMETRIC_PRESENTATION_REPRESENTATION('',(#62,#63,
#64,#65,#66,#67,#68,#69,#70,#71,#72,#73,#74,#75,#76,#77,#78,#79,#80,#81,
#82,#83,#84,#85,#86,#87,#88,#89,#90,#91,#92,#93,#94,#95,#96,#97,#98,#99,
#100,#101,#102,#103,#104,#105,#106,#107,#108,#109,#110,#111,#112,#113,#114,
#115,#116,#117,#118,#119,#120,#121,#122,#123,#124,#125,#126,#127,#128,#129,
#130,#131,#132,#133,#134,#135,#136,#137,#138,#139,#140,#141,#142,#143,#144,
#145,#146,#147,#148,#149,#150,#151,#152,#153,#154,#155,#156,#157,#158,#159,
#160,#161,#162,#163,#164,#165,#166,#167,#168,#169,#170,#171,#172,#173,#174),
#4513);
#11=SHAPE_REPRESENTATION_RELATIONSHIP('SRR','None',#4520,#12);
#12=ADVANCED_BREP_SHAPE_REPRESENTATION('',(#13),#4512);
#13=MANIFOLD_SOLID_BREP('Body1',#2845);
#14=CYLINDRICAL_SURFACE('',#2954,0.599999999999999);
#15=CYLINDRICAL_SURFACE('',#2956,1.24);
#16=CYLINDRICAL_SURFACE('',#2959,1.24);
#17=CYLINDRICAL_SURFACE('',#2961,0.599999999999999);
#18=CYLINDRICAL_SURFACE('',#2962,1.24);
#19=CYLINDRICAL_SURFACE('',#2965,0.599999999999999);
#20=CYLINDRICAL_SURFACE('',#2967,0.599999999999999);
#21=CYLINDRICAL_SURFACE('',#2968,1.24);
#22=CYLINDRICAL_SURFACE('',#2970,0.599999999999999);
#23=CYLINDRICAL_SURFACE('',#2973,1.24);
#24=CYLINDRICAL_SURFACE('',#2974,0.599999999999999);
#25=CYLINDRICAL_SURFACE('',#2978,1.24);
#26=CYLINDRICAL_SURFACE('',#2985,0.599999999999999);
#27=CYLINDRICAL_SURFACE('',#2987,1.24);
#28=CYLINDRICAL_SURFACE('',#2990,1.24);
#29=CYLINDRICAL_SURFACE('',#2991,0.599999999999999);
#30=CIRCLE('',#2873,0.599999999999999);
#31=CIRCLE('',#2874,1.24);
#32=CIRCLE('',#2879,1.24);
#33=CIRCLE('',#2880,0.599999999999999);
#34=CIRCLE('',#2882,0.599999999999999);
#35=CIRCLE('',#2883,1.24);
#36=CIRCLE('',#2887,1.24);
#37=CIRCLE('',#2888,0.599999999999999);
#38=CIRCLE('',#2890,0.599999999999999);
#39=CIRCLE('',#2891,1.24);
#40=CIRCLE('',#2893,0.599999999999999);
#41=CIRCLE('',#2894,1.24);
#42=CIRCLE('',#2898,1.24);
#43=CIRCLE('',#2899,0.599999999999999);
#44=CIRCLE('',#2901,1.24);
#45=CIRCLE('',#2902,0.599999999999999);
#46=CIRCLE('',#2904,1.24);
#47=CIRCLE('',#2905,0.599999999999999);
#48=CIRCLE('',#2911,0.599999999999999);
#49=CIRCLE('',#2912,1.24);
#50=CIRCLE('',#2914,1.24);
#51=CIRCLE('',#2915,0.599999999999999);
#52=CIRCLE('',#2921,1.24);
#53=CIRCLE('',#2922,0.599999999999999);
#54=CIRCLE('',#2925,0.599999999999999);
#55=CIRCLE('',#2926,1.24);
#56=CIRCLE('',#2929,0.599999999999999);
#57=CIRCLE('',#2930,1.24);
#58=CIRCLE('',#2932,1.24);
#59=CIRCLE('',#2933,0.599999999999999);
#60=CIRCLE('',#2935,0.599999999999999);
#61=CIRCLE('',#2936,1.24);
#62=STYLED_ITEM('',(#4529),#2714);
#63=STYLED_ITEM('',(#4529),#2715);
#64=STYLED_ITEM('',(#4529),#2717);
#65=STYLED_ITEM('',(#4529),#2718);
#66=STYLED_ITEM('',(#4529),#2719);
#67=STYLED_ITEM('',(#4529),#2720);
#68=STYLED_ITEM('',(#4529),#2721);
#69=STYLED_ITEM('',(#4529),#2722);
#70=STYLED_ITEM('',(#4529),#2723);
#71=STYLED_ITEM('',(#4529),#2724);
#72=STYLED_ITEM('',(#4529),#2726);
#73=STYLED_ITEM('',(#4529),#2727);
#74=STYLED_ITEM('',(#4529),#2728);
#75=STYLED_ITEM('',(#4529),#2729);
#76=STYLED_ITEM('',(#4529),#2730);
#77=STYLED_ITEM('',(#4529),#2731);
#78=STYLED_ITEM('',(#4529),#2732);
#79=STYLED_ITEM('',(#4529),#2733);
#80=STYLED_ITEM('',(#4529),#2734);
#81=STYLED_ITEM('',(#4529),#2735);
#82=STYLED_ITEM('',(#4529),#2736);
#83=STYLED_ITEM('',(#4529),#2737);
#84=STYLED_ITEM('',(#4529),#2738);
#85=STYLED_ITEM('',(#4529),#2739);
#86=STYLED_ITEM('',(#4529),#2740);
#87=STYLED_ITEM('',(#4529),#2742);
#88=STYLED_ITEM('',(#4529),#2743);
#89=STYLED_ITEM('',(#4529),#2744);
#90=STYLED_ITEM('',(#4529),#2745);
#91=STYLED_ITEM('',(#4529),#2746);
#92=STYLED_ITEM('',(#4529),#2747);
#93=STYLED_ITEM('',(#4529),#2748);
#94=STYLED_ITEM('',(#4529),#2764);
#95=STYLED_ITEM('',(#4529),#2765);
#96=STYLED_ITEM('',(#4529),#2766);
#97=STYLED_ITEM('',(#4529),#2767);
#98=STYLED_ITEM('',(#4529),#2768);
#99=STYLED_ITEM('',(#4529),#2769);
#100=STYLED_ITEM('',(#4529),#2771);
#101=STYLED_ITEM('',(#4529),#2772);
#102=STYLED_ITEM('',(#4529),#2773);
#103=STYLED_ITEM('',(#4529),#2774);
#104=STYLED_ITEM('',(#4529),#2775);
#105=STYLED_ITEM('',(#4529),#2776);
#106=STYLED_ITEM('',(#4529),#2777);
#107=STYLED_ITEM('',(#4529),#2778);
#108=STYLED_ITEM('',(#4529),#2779);
#109=STYLED_ITEM('',(#4529),#2780);
#110=STYLED_ITEM('',(#4529),#2781);
#111=STYLED_ITEM('',(#4529),#2782);
#112=STYLED_ITEM('',(#4529),#2783);
#113=STYLED_ITEM('',(#4529),#2784);
#114=STYLED_ITEM('',(#4529),#2785);
#115=STYLED_ITEM('',(#4529),#2786);
#116=STYLED_ITEM('',(#4529),#2787);
#117=STYLED_ITEM('',(#4529),#2788);
#118=STYLED_ITEM('',(#4529),#2789);
#119=STYLED_ITEM('',(#4529),#2790);
#120=STYLED_ITEM('',(#4529),#2791);
#121=STYLED_ITEM('',(#4529),#2792);
#122=STYLED_ITEM('',(#4529),#2793);
#123=STYLED_ITEM('',(#4529),#2794);
#124=STYLED_ITEM('',(#4529),#2795);
#125=STYLED_ITEM('',(#4529),#2796);
#126=STYLED_ITEM('',(#4529),#2797);
#127=STYLED_ITEM('',(#4529),#2798);
#128=STYLED_ITEM('',(#4529),#2799);
#129=STYLED_ITEM('',(#4529),#2800);
#130=STYLED_ITEM('',(#4529),#2801);
#131=STYLED_ITEM('',(#4529),#2802);
#132=STYLED_ITEM('',(#4529),#2803);
#133=STYLED_ITEM('',(#4529),#2804);
#134=STYLED_ITEM('',(#4529),#2805);
#135=STYLED_ITEM('',(#4529),#2806);
#136=STYLED_ITEM('',(#4529),#2807);
#137=STYLED_ITEM('',(#4529),#2808);
#138=STYLED_ITEM('',(#4529),#2809);
#139=STYLED_ITEM('',(#4529),#2810);
#140=STYLED_ITEM('',(#4529),#2811);
#141=STYLED_ITEM('',(#4529),#2812);
#142=STYLED_ITEM('',(#4529),#2813);
#143=STYLED_ITEM('',(#4529),#2814);
#144=STYLED_ITEM('',(#4529),#2815);
#145=STYLED_ITEM('',(#4529),#2816);
#146=STYLED_ITEM('',(#4529),#2817);
#147=STYLED_ITEM('',(#4529),#2818);
#148=STYLED_ITEM('',(#4529),#2819);
#149=STYLED_ITEM('',(#4529),#2820);
#150=STYLED_ITEM('',(#4529),#2821);
#151=STYLED_ITEM('',(#4529),#2822);
#152=STYLED_ITEM('',(#4529),#2823);
#153=STYLED_ITEM('',(#4529),#2824);
#154=STYLED_ITEM('',(#4529),#2825);
#155=STYLED_ITEM('',(#4529),#2826);
#156=STYLED_ITEM('',(#4529),#2827);
#157=STYLED_ITEM('',(#4529),#2828);
#158=STYLED_ITEM('',(#4529),#2829);
#159=STYLED_ITEM('',(#4529),#2830);
#160=STYLED_ITEM('',(#4529),#2831);
#161=STYLED_ITEM('',(#4529),#2832);
#162=STYLED_ITEM('',(#4529),#2833);
#163=STYLED_ITEM('',(#4529),#2834);
#164=STYLED_ITEM('',(#4529),#2835);
#165=STYLED_ITEM('',(#4529),#2836);
#166=STYLED_ITEM('',(#4529),#2837);
#167=STYLED_ITEM('',(#4529),#2838);
#168=STYLED_ITEM('',(#4529),#2839);
#169=STYLED_ITEM('',(#4529),#2840);
#170=STYLED_ITEM('',(#4529),#2841);
#171=STYLED_ITEM('',(#4529),#2842);
#172=STYLED_ITEM('',(#4529),#2843);
#173=STYLED_ITEM('',(#4529),#2844);
#174=STYLED_ITEM('',(#4530),#13);
#175=FACE_BOUND('',#341,.T.);
#176=FACE_BOUND('',#342,.T.);
#177=FACE_BOUND('',#343,.T.);
#178=FACE_BOUND('',#344,.T.);
#179=FACE_BOUND('',#345,.T.);
#180=FACE_BOUND('',#346,.T.);
#181=FACE_BOUND('',#347,.T.);
#182=FACE_BOUND('',#348,.T.);
#183=FACE_BOUND('',#406,.T.);
#184=FACE_BOUND('',#407,.T.);
#185=FACE_BOUND('',#408,.T.);
#186=FACE_BOUND('',#409,.T.);
#187=FACE_BOUND('',#410,.T.);
#188=FACE_BOUND('',#411,.T.);
#189=FACE_BOUND('',#412,.T.);
#190=FACE_BOUND('',#413,.T.);
#191=FACE_OUTER_BOUND('',#335,.T.);
#192=FACE_OUTER_BOUND('',#336,.T.);
#193=FACE_OUTER_BOUND('',#337,.T.);
#194=FACE_OUTER_BOUND('',#338,.T.);
#195=FACE_OUTER_BOUND('',#339,.T.);
#196=FACE_OUTER_BOUND('',#340,.T.);
#197=FACE_OUTER_BOUND('',#349,.T.);
#198=FACE_OUTER_BOUND('',#350,.T.);
#199=FACE_OUTER_BOUND('',#351,.T.);
#200=FACE_OUTER_BOUND('',#352,.T.);
#201=FACE_OUTER_BOUND('',#353,.T.);
#202=FACE_OUTER_BOUND('',#354,.T.);
#203=FACE_OUTER_BOUND('',#355,.T.);
#204=FACE_OUTER_BOUND('',#356,.T.);
#205=FACE_OUTER_BOUND('',#357,.T.);
#206=FACE_OUTER_BOUND('',#358,.T.);
#207=FACE_OUTER_BOUND('',#359,.T.);
#208=FACE_OUTER_BOUND('',#360,.T.);
#209=FACE_OUTER_BOUND('',#361,.T.);
#210=FACE_OUTER_BOUND('',#362,.T.);
#211=FACE_OUTER_BOUND('',#363,.T.);
#212=FACE_OUTER_BOUND('',#364,.T.);
#213=FACE_OUTER_BOUND('',#365,.T.);
#214=FACE_OUTER_BOUND('',#366,.T.);
#215=FACE_OUTER_BOUND('',#367,.T.);
#216=FACE_OUTER_BOUND('',#368,.T.);
#217=FACE_OUTER_BOUND('',#369,.T.);
#218=FACE_OUTER_BOUND('',#370,.T.);
#219=FACE_OUTER_BOUND('',#371,.T.);
#220=FACE_OUTER_BOUND('',#372,.T.);
#221=FACE_OUTER_BOUND('',#373,.T.);
#222=FACE_OUTER_BOUND('',#374,.T.);
#223=FACE_OUTER_BOUND('',#375,.T.);
#224=FACE_OUTER_BOUND('',#376,.T.);
#225=FACE_OUTER_BOUND('',#377,.T.);
#226=FACE_OUTER_BOUND('',#378,.T.);
#227=FACE_OUTER_BOUND('',#379,.T.);
#228=FACE_OUTER_BOUND('',#380,.T.);
#229=FACE_OUTER_BOUND('',#381,.T.);
#230=FACE_OUTER_BOUND('',#382,.T.);
#231=FACE_OUTER_BOUND('',#383,.T.);
#232=FACE_OUTER_BOUND('',#384,.T.);
#233=FACE_OUTER_BOUND('',#385,.T.);
#234=FACE_OUTER_BOUND('',#386,.T.);
#235=FACE_OUTER_BOUND('',#387,.T.);
#236=FACE_OUTER_BOUND('',#388,.T.);
#237=FACE_OUTER_BOUND('',#389,.T.);
#238=FACE_OUTER_BOUND('',#390,.T.);
#239=FACE_OUTER_BOUND('',#391,.T.);
#240=FACE_OUTER_BOUND('',#392,.T.);
#241=FACE_OUTER_BOUND('',#393,.T.);
#242=FACE_OUTER_BOUND('',#394,.T.);
#243=FACE_OUTER_BOUND('',#395,.T.);
#244=FACE_OUTER_BOUND('',#396,.T.);
#245=FACE_OUTER_BOUND('',#397,.T.);
#246=FACE_OUTER_BOUND('',#398,.T.);
#247=FACE_OUTER_BOUND('',#399,.T.);
#248=FACE_OUTER_BOUND('',#400,.T.);
#249=FACE_OUTER_BOUND('',#401,.T.);
#250=FACE_OUTER_BOUND('',#402,.T.);
#251=FACE_OUTER_BOUND('',#403,.T.);
#252=FACE_OUTER_BOUND('',#404,.T.);
#253=FACE_OUTER_BOUND('',#405,.T.);
#254=FACE_OUTER_BOUND('',#414,.T.);
#255=FACE_OUTER_BOUND('',#415,.T.);
#256=FACE_OUTER_BOUND('',#416,.T.);
#257=FACE_OUTER_BOUND('',#417,.T.);
#258=FACE_OUTER_BOUND('',#418,.T.);
#259=FACE_OUTER_BOUND('',#419,.T.);
#260=FACE_OUTER_BOUND('',#420,.T.);
#261=FACE_OUTER_BOUND('',#421,.T.);
#262=FACE_OUTER_BOUND('',#422,.T.);
#263=FACE_OUTER_BOUND('',#423,.T.);
#264=FACE_OUTER_BOUND('',#424,.T.);
#265=FACE_OUTER_BOUND('',#425,.T.);
#266=FACE_OUTER_BOUND('',#426,.T.);
#267=FACE_OUTER_BOUND('',#427,.T.);
#268=FACE_OUTER_BOUND('',#428,.T.);
#269=FACE_OUTER_BOUND('',#429,.T.);
#270=FACE_OUTER_BOUND('',#430,.T.);
#271=FACE_OUTER_BOUND('',#431,.T.);
#272=FACE_OUTER_BOUND('',#432,.T.);
#273=FACE_OUTER_BOUND('',#433,.T.);
#274=FACE_OUTER_BOUND('',#434,.T.);
#275=FACE_OUTER_BOUND('',#435,.T.);
#276=FACE_OUTER_BOUND('',#436,.T.);
#277=FACE_OUTER_BOUND('',#437,.T.);
#278=FACE_OUTER_BOUND('',#438,.T.);
#279=FACE_OUTER_BOUND('',#439,.T.);
#280=FACE_OUTER_BOUND('',#440,.T.);
#281=FACE_OUTER_BOUND('',#441,.T.);
#282=FACE_OUTER_BOUND('',#442,.T.);
#283=FACE_OUTER_BOUND('',#443,.T.);
#284=FACE_OUTER_BOUND('',#444,.T.);
#285=FACE_OUTER_BOUND('',#445,.T.);
#286=FACE_OUTER_BOUND('',#446,.T.);
#287=FACE_OUTER_BOUND('',#447,.T.);
#288=FACE_OUTER_BOUND('',#448,.T.);
#289=FACE_OUTER_BOUND('',#449,.T.);
#290=FACE_OUTER_BOUND('',#450,.T.);
#291=FACE_OUTER_BOUND('',#451,.T.);
#292=FACE_OUTER_BOUND('',#452,.T.);
#293=FACE_OUTER_BOUND('',#453,.T.);
#294=FACE_OUTER_BOUND('',#454,.T.);
#295=FACE_OUTER_BOUND('',#455,.T.);
#296=FACE_OUTER_BOUND('',#456,.T.);
#297=FACE_OUTER_BOUND('',#457,.T.);
#298=FACE_OUTER_BOUND('',#458,.T.);
#299=FACE_OUTER_BOUND('',#459,.T.);
#300=FACE_OUTER_BOUND('',#460,.T.);
#301=FACE_OUTER_BOUND('',#461,.T.);
#302=FACE_OUTER_BOUND('',#462,.T.);
#303=FACE_OUTER_BOUND('',#463,.T.);
#304=FACE_OUTER_BOUND('',#464,.T.);
#305=FACE_OUTER_BOUND('',#465,.T.);
#306=FACE_OUTER_BOUND('',#466,.T.);
#307=FACE_OUTER_BOUND('',#467,.T.);
#308=FACE_OUTER_BOUND('',#468,.T.);
#309=FACE_OUTER_BOUND('',#469,.T.);
#310=FACE_OUTER_BOUND('',#470,.T.);
#311=FACE_OUTER_BOUND('',#471,.T.);
#312=FACE_OUTER_BOUND('',#472,.T.);
#313=FACE_OUTER_BOUND('',#473,.T.);
#314=FACE_OUTER_BOUND('',#474,.T.);
#315=FACE_OUTER_BOUND('',#475,.T.);
#316=FACE_OUTER_BOUND('',#476,.T.);
#317=FACE_OUTER_BOUND('',#477,.T.);
#318=FACE_OUTER_BOUND('',#478,.T.);
#319=FACE_OUTER_BOUND('',#479,.T.);
#320=FACE_OUTER_BOUND('',#480,.T.);
#321=FACE_OUTER_BOUND('',#481,.T.);
#322=FACE_OUTER_BOUND('',#482,.T.);
#323=FACE_OUTER_BOUND('',#483,.T.);
#324=FACE_OUTER_BOUND('',#484,.T.);
#325=FACE_OUTER_BOUND('',#485,.T.);
#326=FACE_OUTER_BOUND('',#486,.T.);
#327=FACE_OUTER_BOUND('',#487,.T.);
#328=FACE_OUTER_BOUND('',#488,.T.);
#329=FACE_OUTER_BOUND('',#489,.T.);
#330=FACE_OUTER_BOUND('',#490,.T.);
#331=FACE_OUTER_BOUND('',#491,.T.);
#332=FACE_OUTER_BOUND('',#492,.T.);
#333=FACE_OUTER_BOUND('',#493,.T.);
#334=FACE_OUTER_BOUND('',#494,.T.);
#335=EDGE_LOOP('',(#1817,#1818,#1819,#1820));
#336=EDGE_LOOP('',(#1821,#1822,#1823,#1824));
#337=EDGE_LOOP('',(#1825,#1826,#1827,#1828,#1829,#1830));
#338=EDGE_LOOP('',(#1831,#1832,#1833,#1834));
#339=EDGE_LOOP('',(#1835,#1836,#1837,#1838,#1839,#1840,#1841,#1842,#1843,
#1844));
#340=EDGE_LOOP('',(#1845,#1846,#1847,#1848,#1849,#1850,#1851,#1852));
#341=EDGE_LOOP('',(#1853,#1854,#1855,#1856));
#342=EDGE_LOOP('',(#1857,#1858,#1859,#1860));
#343=EDGE_LOOP('',(#1861,#1862,#1863,#1864));
#344=EDGE_LOOP('',(#1865,#1866,#1867,#1868));
#345=EDGE_LOOP('',(#1869,#1870,#1871,#1872));
#346=EDGE_LOOP('',(#1873,#1874,#1875,#1876));
#347=EDGE_LOOP('',(#1877,#1878,#1879,#1880));
#348=EDGE_LOOP('',(#1881,#1882,#1883,#1884));
#349=EDGE_LOOP('',(#1885,#1886,#1887,#1888));
#350=EDGE_LOOP('',(#1889,#1890,#1891,#1892,#1893,#1894,#1895,#1896,#1897,
#1898,#1899,#1900));
#351=EDGE_LOOP('',(#1901,#1902,#1903,#1904));
#352=EDGE_LOOP('',(#1905,#1906,#1907,#1908));
#353=EDGE_LOOP('',(#1909,#1910,#1911,#1912,#1913,#1914,#1915,#1916,#1917,
#1918,#1919,#1920));
#354=EDGE_LOOP('',(#1921,#1922,#1923,#1924,#1925,#1926,#1927,#1928,#1929,
#1930,#1931,#1932,#1933,#1934,#1935,#1936));
#355=EDGE_LOOP('',(#1937,#1938,#1939,#1940));
#356=EDGE_LOOP('',(#1941,#1942,#1943,#1944,#1945,#1946,#1947,#1948));
#357=EDGE_LOOP('',(#1949,#1950,#1951,#1952));
#358=EDGE_LOOP('',(#1953,#1954,#1955,#1956,#1957,#1958));
#359=EDGE_LOOP('',(#1959,#1960,#1961,#1962));
#360=EDGE_LOOP('',(#1963,#1964,#1965,#1966,#1967,#1968,#1969,#1970));
#361=EDGE_LOOP('',(#1971,#1972,#1973,#1974,#1975,#1976,#1977,#1978));
#362=EDGE_LOOP('',(#1979,#1980,#1981,#1982));
#363=EDGE_LOOP('',(#1983,#1984,#1985,#1986));
#364=EDGE_LOOP('',(#1987,#1988,#1989,#1990,#1991,#1992,#1993,#1994));
#365=EDGE_LOOP('',(#1995,#1996,#1997,#1998,#1999,#2000,#2001,#2002));
#366=EDGE_LOOP('',(#2003,#2004,#2005,#2006,#2007,#2008,#2009,#2010));
#367=EDGE_LOOP('',(#2011,#2012,#2013,#2014,#2015,#2016,#2017,#2018,#2019,
#2020));
#368=EDGE_LOOP('',(#2021,#2022,#2023,#2024));
#369=EDGE_LOOP('',(#2025,#2026,#2027,#2028,#2029,#2030,#2031,#2032));
#370=EDGE_LOOP('',(#2033,#2034,#2035,#2036,#2037,#2038,#2039,#2040));
#371=EDGE_LOOP('',(#2041,#2042,#2043,#2044,#2045,#2046,#2047,#2048));
#372=EDGE_LOOP('',(#2049,#2050,#2051,#2052));
#373=EDGE_LOOP('',(#2053,#2054,#2055,#2056));
#374=EDGE_LOOP('',(#2057,#2058,#2059,#2060));
#375=EDGE_LOOP('',(#2061,#2062,#2063,#2064));
#376=EDGE_LOOP('',(#2065,#2066,#2067,#2068,#2069,#2070,#2071,#2072));
#377=EDGE_LOOP('',(#2073,#2074,#2075,#2076,#2077,#2078,#2079,#2080));
#378=EDGE_LOOP('',(#2081,#2082,#2083,#2084));
#379=EDGE_LOOP('',(#2085,#2086,#2087,#2088));
#380=EDGE_LOOP('',(#2089,#2090,#2091,#2092));
#381=EDGE_LOOP('',(#2093,#2094,#2095,#2096));
#382=EDGE_LOOP('',(#2097,#2098,#2099,#2100,#2101,#2102,#2103,#2104));
#383=EDGE_LOOP('',(#2105,#2106,#2107,#2108));
#384=EDGE_LOOP('',(#2109,#2110,#2111,#2112,#2113,#2114,#2115,#2116));
#385=EDGE_LOOP('',(#2117,#2118,#2119,#2120));
#386=EDGE_LOOP('',(#2121,#2122,#2123,#2124,#2125,#2126,#2127,#2128));
#387=EDGE_LOOP('',(#2129,#2130,#2131,#2132,#2133,#2134,#2135,#2136));
#388=EDGE_LOOP('',(#2137,#2138,#2139,#2140,#2141,#2142,#2143,#2144));
#389=EDGE_LOOP('',(#2145,#2146,#2147,#2148));
#390=EDGE_LOOP('',(#2149,#2150,#2151,#2152));
#391=EDGE_LOOP('',(#2153,#2154,#2155,#2156));
#392=EDGE_LOOP('',(#2157,#2158,#2159,#2160));
#393=EDGE_LOOP('',(#2161,#2162,#2163,#2164));
#394=EDGE_LOOP('',(#2165,#2166,#2167,#2168,#2169,#2170));
#395=EDGE_LOOP('',(#2171,#2172,#2173,#2174,#2175,#2176));
#396=EDGE_LOOP('',(#2177,#2178,#2179,#2180));
#397=EDGE_LOOP('',(#2181,#2182,#2183,#2184));
#398=EDGE_LOOP('',(#2185,#2186,#2187,#2188));
#399=EDGE_LOOP('',(#2189,#2190,#2191,#2192));
#400=EDGE_LOOP('',(#2193,#2194,#2195,#2196));
#401=EDGE_LOOP('',(#2197,#2198,#2199,#2200));
#402=EDGE_LOOP('',(#2201,#2202,#2203,#2204));
#403=EDGE_LOOP('',(#2205,#2206,#2207,#2208));
#404=EDGE_LOOP('',(#2209,#2210,#2211,#2212));
#405=EDGE_LOOP('',(#2213,#2214,#2215,#2216));
#406=EDGE_LOOP('',(#2217,#2218,#2219,#2220));
#407=EDGE_LOOP('',(#2221,#2222,#2223,#2224));
#408=EDGE_LOOP('',(#2225,#2226,#2227,#2228));
#409=EDGE_LOOP('',(#2229,#2230,#2231,#2232));
#410=EDGE_LOOP('',(#2233,#2234,#2235,#2236));
#411=EDGE_LOOP('',(#2237,#2238,#2239,#2240));
#412=EDGE_LOOP('',(#2241,#2242,#2243,#2244));
#413=EDGE_LOOP('',(#2245,#2246,#2247,#2248));
#414=EDGE_LOOP('',(#2249,#2250,#2251,#2252));
#415=EDGE_LOOP('',(#2253,#2254,#2255,#2256));
#416=EDGE_LOOP('',(#2257,#2258,#2259,#2260));
#417=EDGE_LOOP('',(#2261,#2262,#2263,#2264));
#418=EDGE_LOOP('',(#2265,#2266,#2267,#2268));
#419=EDGE_LOOP('',(#2269,#2270,#2271,#2272));
#420=EDGE_LOOP('',(#2273,#2274,#2275,#2276));
#421=EDGE_LOOP('',(#2277,#2278,#2279,#2280));
#422=EDGE_LOOP('',(#2281,#2282,#2283,#2284));
#423=EDGE_LOOP('',(#2285,#2286,#2287,#2288));
#424=EDGE_LOOP('',(#2289,#2290,#2291,#2292));
#425=EDGE_LOOP('',(#2293,#2294,#2295,#2296));
#426=EDGE_LOOP('',(#2297,#2298,#2299,#2300));
#427=EDGE_LOOP('',(#2301,#2302,#2303,#2304));
#428=EDGE_LOOP('',(#2305,#2306,#2307,#2308));
#429=EDGE_LOOP('',(#2309,#2310,#2311,#2312));
#430=EDGE_LOOP('',(#2313,#2314,#2315,#2316));
#431=EDGE_LOOP('',(#2317,#2318,#2319,#2320));
#432=EDGE_LOOP('',(#2321,#2322,#2323,#2324));
#433=EDGE_LOOP('',(#2325,#2326,#2327,#2328));
#434=EDGE_LOOP('',(#2329,#2330,#2331,#2332));
#435=EDGE_LOOP('',(#2333,#2334,#2335,#2336));
#436=EDGE_LOOP('',(#2337,#2338,#2339,#2340));
#437=EDGE_LOOP('',(#2341,#2342,#2343,#2344));
#438=EDGE_LOOP('',(#2345,#2346,#2347,#2348));
#439=EDGE_LOOP('',(#2349,#2350,#2351,#2352));
#440=EDGE_LOOP('',(#2353,#2354,#2355,#2356));
#441=EDGE_LOOP('',(#2357,#2358,#2359,#2360));
#442=EDGE_LOOP('',(#2361,#2362,#2363,#2364));
#443=EDGE_LOOP('',(#2365,#2366,#2367,#2368));
#444=EDGE_LOOP('',(#2369,#2370,#2371,#2372));
#445=EDGE_LOOP('',(#2373,#2374,#2375,#2376));
#446=EDGE_LOOP('',(#2377,#2378,#2379,#2380));
#447=EDGE_LOOP('',(#2381,#2382,#2383,#2384));
#448=EDGE_LOOP('',(#2385,#2386,#2387,#2388));
#449=EDGE_LOOP('',(#2389,#2390,#2391,#2392));
#450=EDGE_LOOP('',(#2393,#2394,#2395,#2396));
#451=EDGE_LOOP('',(#2397,#2398,#2399,#2400));
#452=EDGE_LOOP('',(#2401,#2402,#2403,#2404));
#453=EDGE_LOOP('',(#2405,#2406,#2407,#2408));
#454=EDGE_LOOP('',(#2409,#2410,#2411,#2412));
#455=EDGE_LOOP('',(#2413,#2414,#2415,#2416));
#456=EDGE_LOOP('',(#2417,#2418,#2419,#2420));
#457=EDGE_LOOP('',(#2421,#2422,#2423,#2424));
#458=EDGE_LOOP('',(#2425,#2426,#2427,#2428));
#459=EDGE_LOOP('',(#2429,#2430,#2431,#2432));
#460=EDGE_LOOP('',(#2433,#2434,#2435,#2436));
#461=EDGE_LOOP('',(#2437,#2438,#2439,#2440));
#462=EDGE_LOOP('',(#2441,#2442,#2443,#2444));
#463=EDGE_LOOP('',(#2445,#2446,#2447,#2448));
#464=EDGE_LOOP('',(#2449,#2450,#2451,#2452));
#465=EDGE_LOOP('',(#2453,#2454,#2455,#2456));
#466=EDGE_LOOP('',(#2457,#2458,#2459,#2460));
#467=EDGE_LOOP('',(#2461,#2462,#2463,#2464));
#468=EDGE_LOOP('',(#2465,#2466,#2467,#2468));
#469=EDGE_LOOP('',(#2469,#2470,#2471,#2472));
#470=EDGE_LOOP('',(#2473,#2474,#2475,#2476));
#471=EDGE_LOOP('',(#2477,#2478,#2479,#2480));
#472=EDGE_LOOP('',(#2481,#2482,#2483,#2484));
#473=EDGE_LOOP('',(#2485,#2486,#2487,#2488));
#474=EDGE_LOOP('',(#2489,#2490,#2491,#2492));
#475=EDGE_LOOP('',(#2493,#2494,#2495,#2496));
#476=EDGE_LOOP('',(#2497,#2498,#2499,#2500));
#477=EDGE_LOOP('',(#2501,#2502,#2503,#2504));
#478=EDGE_LOOP('',(#2505,#2506,#2507,#2508));
#479=EDGE_LOOP('',(#2509,#2510,#2511,#2512));
#480=EDGE_LOOP('',(#2513,#2514,#2515,#2516));
#481=EDGE_LOOP('',(#2517,#2518,#2519,#2520));
#482=EDGE_LOOP('',(#2521,#2522,#2523,#2524));
#483=EDGE_LOOP('',(#2525,#2526,#2527,#2528));
#484=EDGE_LOOP('',(#2529,#2530,#2531,#2532));
#485=EDGE_LOOP('',(#2533,#2534,#2535,#2536));
#486=EDGE_LOOP('',(#2537,#2538,#2539,#2540));
#487=EDGE_LOOP('',(#2541,#2542,#2543,#2544));
#488=EDGE_LOOP('',(#2545,#2546,#2547,#2548));
#489=EDGE_LOOP('',(#2549,#2550,#2551,#2552));
#490=EDGE_LOOP('',(#2553,#2554,#2555,#2556));
#491=EDGE_LOOP('',(#2557,#2558,#2559,#2560));
#492=EDGE_LOOP('',(#2561,#2562,#2563,#2564));
#493=EDGE_LOOP('',(#2565,#2566,#2567,#2568));
#494=EDGE_LOOP('',(#2569,#2570,#2571,#2572));
#495=LINE('',#3739,#841);
#496=LINE('',#3741,#842);
#497=LINE('',#3743,#843);
#498=LINE('',#3744,#844);
#499=LINE('',#3747,#845);
#500=LINE('',#3749,#846);
#501=LINE('',#3750,#847);
#502=LINE('',#3754,#848);
#503=LINE('',#3756,#849);
#504=LINE('',#3757,#850);
#505=LINE('',#3758,#851);
#506=LINE('',#3761,#852);
#507=LINE('',#3762,#853);
#508=LINE('',#3765,#854);
#509=LINE('',#3767,#855);
#510=LINE('',#3769,#856);
#511=LINE('',#3771,#857);
#512=LINE('',#3773,#858);
#513=LINE('',#3775,#859);
#514=LINE('',#3776,#860);
#515=LINE('',#3780,#861);
#516=LINE('',#3782,#862);
#517=LINE('',#3783,#863);
#518=LINE('',#3785,#864);
#519=LINE('',#3786,#865);
#520=LINE('',#3789,#866);
#521=LINE('',#3791,#867);
#522=LINE('',#3793,#868);
#523=LINE('',#3794,#869);
#524=LINE('',#3797,#870);
#525=LINE('',#3799,#871);
#526=LINE('',#3801,#872);
#527=LINE('',#3802,#873);
#528=LINE('',#3805,#874);
#529=LINE('',#3807,#875);
#530=LINE('',#3809,#876);
#531=LINE('',#3810,#877);
#532=LINE('',#3813,#878);
#533=LINE('',#3815,#879);
#534=LINE('',#3817,#880);
#535=LINE('',#3818,#881);
#536=LINE('',#3821,#882);
#537=LINE('',#3823,#883);
#538=LINE('',#3825,#884);
#539=LINE('',#3826,#885);
#540=LINE('',#3829,#886);
#541=LINE('',#3831,#887);
#542=LINE('',#3833,#888);
#543=LINE('',#3834,#889);
#544=LINE('',#3837,#890);
#545=LINE('',#3839,#891);
#546=LINE('',#3841,#892);
#547=LINE('',#3842,#893);
#548=LINE('',#3845,#894);
#549=LINE('',#3847,#895);
#550=LINE('',#3849,#896);
#551=LINE('',#3850,#897);
#552=LINE('',#3853,#898);
#553=LINE('',#3854,#899);
#554=LINE('',#3858,#900);
#555=LINE('',#3860,#901);
#556=LINE('',#3862,#902);
#557=LINE('',#3864,#903);
#558=LINE('',#3865,#904);
#559=LINE('',#3867,#905);
#560=LINE('',#3869,#906);
#561=LINE('',#3870,#907);
#562=LINE('',#3873,#908);
#563=LINE('',#3875,#909);
#564=LINE('',#3876,#910);
#565=LINE('',#3879,#911);
#566=LINE('',#3880,#912);
#567=LINE('',#3883,#913);
#568=LINE('',#3885,#914);
#569=LINE('',#3887,#915);
#570=LINE('',#3889,#916);
#571=LINE('',#3891,#917);
#572=LINE('',#3893,#918);
#573=LINE('',#3895,#919);
#574=LINE('',#3897,#920);
#575=LINE('',#3898,#921);
#576=LINE('',#3902,#922);
#577=LINE('',#3903,#923);
#578=LINE('',#3905,#924);
#579=LINE('',#3907,#925);
#580=LINE('',#3909,#926);
#581=LINE('',#3911,#927);
#582=LINE('',#3913,#928);
#583=LINE('',#3915,#929);
#584=LINE('',#3917,#930);
#585=LINE('',#3919,#931);
#586=LINE('',#3921,#932);
#587=LINE('',#3923,#933);
#588=LINE('',#3925,#934);
#589=LINE('',#3926,#935);
#590=LINE('',#3928,#936);
#591=LINE('',#3931,#937);
#592=LINE('',#3935,#938);
#593=LINE('',#3937,#939);
#594=LINE('',#3939,#940);
#595=LINE('',#3942,#941);
#596=LINE('',#3945,#942);
#597=LINE('',#3947,#943);
#598=LINE('',#3948,#944);
#599=LINE('',#3951,#945);
#600=LINE('',#3953,#946);
#601=LINE('',#3954,#947);
#602=LINE('',#3957,#948);
#603=LINE('',#3959,#949);
#604=LINE('',#3960,#950);
#605=LINE('',#3963,#951);
#606=LINE('',#3967,#952);
#607=LINE('',#3969,#953);
#608=LINE('',#3971,#954);
#609=LINE('',#3974,#955);
#610=LINE('',#3977,#956);
#611=LINE('',#3981,#957);
#612=LINE('',#3983,#958);
#613=LINE('',#3985,#959);
#614=LINE('',#3988,#960);
#615=LINE('',#3991,#961);
#616=LINE('',#3993,#962);
#617=LINE('',#3994,#963);
#618=LINE('',#3997,#964);
#619=LINE('',#3999,#965);
#620=LINE('',#4000,#966);
#621=LINE('',#4005,#967);
#622=LINE('',#4007,#968);
#623=LINE('',#4009,#969);
#624=LINE('',#4012,#970);
#625=LINE('',#4015,#971);
#626=LINE('',#4019,#972);
#627=LINE('',#4021,#973);
#628=LINE('',#4023,#974);
#629=LINE('',#4026,#975);
#630=LINE('',#4031,#976);
#631=LINE('',#4033,#977);
#632=LINE('',#4035,#978);
#633=LINE('',#4038,#979);
#634=LINE('',#4041,#980);
#635=LINE('',#4043,#981);
#636=LINE('',#4044,#982);
#637=LINE('',#4045,#983);
#638=LINE('',#4047,#984);
#639=LINE('',#4048,#985);
#640=LINE('',#4051,#986);
#641=LINE('',#4052,#987);
#642=LINE('',#4057,#988);
#643=LINE('',#4059,#989);
#644=LINE('',#4061,#990);
#645=LINE('',#4067,#991);
#646=LINE('',#4069,#992);
#647=LINE('',#4071,#993);
#648=LINE('',#4075,#994);
#649=LINE('',#4079,#995);
#650=LINE('',#4081,#996);
#651=LINE('',#4083,#997);
#652=LINE('',#4086,#998);
#653=LINE('',#4089,#999);
#654=LINE('',#4090,#1000);
#655=LINE('',#4093,#1001);
#656=LINE('',#4094,#1002);
#657=LINE('',#4097,#1003);
#658=LINE('',#4099,#1004);
#659=LINE('',#4100,#1005);
#660=LINE('',#4103,#1006);
#661=LINE('',#4105,#1007);
#662=LINE('',#4106,#1008);
#663=LINE('',#4109,#1009);
#664=LINE('',#4113,#1010);
#665=LINE('',#4115,#1011);
#666=LINE('',#4117,#1012);
#667=LINE('',#4123,#1013);
#668=LINE('',#4125,#1014);
#669=LINE('',#4127,#1015);
#670=LINE('',#4130,#1016);
#671=LINE('',#4132,#1017);
#672=LINE('',#4134,#1018);
#673=LINE('',#4137,#1019);
#674=LINE('',#4138,#1020);
#675=LINE('',#4141,#1021);
#676=LINE('',#4142,#1022);
#677=LINE('',#4147,#1023);
#678=LINE('',#4149,#1024);
#679=LINE('',#4151,#1025);
#680=LINE('',#4154,#1026);
#681=LINE('',#4157,#1027);
#682=LINE('',#4161,#1028);
#683=LINE('',#4163,#1029);
#684=LINE('',#4165,#1030);
#685=LINE('',#4168,#1031);
#686=LINE('',#4173,#1032);
#687=LINE('',#4175,#1033);
#688=LINE('',#4177,#1034);
#689=LINE('',#4183,#1035);
#690=LINE('',#4185,#1036);
#691=LINE('',#4187,#1037);
#692=LINE('',#4193,#1038);
#693=LINE('',#4195,#1039);
#694=LINE('',#4197,#1040);
#695=LINE('',#4200,#1041);
#696=LINE('',#4202,#1042);
#697=LINE('',#4205,#1043);
#698=LINE('',#4207,#1044);
#699=LINE('',#4208,#1045);
#700=LINE('',#4211,#1046);
#701=LINE('',#4212,#1047);
#702=LINE('',#4214,#1048);
#703=LINE('',#4216,#1049);
#704=LINE('',#4217,#1050);
#705=LINE('',#4219,#1051);
#706=LINE('',#4221,#1052);
#707=LINE('',#4223,#1053);
#708=LINE('',#4224,#1054);
#709=LINE('',#4226,#1055);
#710=LINE('',#4228,#1056);
#711=LINE('',#4231,#1057);
#712=LINE('',#4232,#1058);
#713=LINE('',#4239,#1059);
#714=LINE('',#4241,#1060);
#715=LINE('',#4243,#1061);
#716=LINE('',#4244,#1062);
#717=LINE('',#4247,#1063);
#718=LINE('',#4249,#1064);
#719=LINE('',#4251,#1065);
#720=LINE('',#4252,#1066);
#721=LINE('',#4255,#1067);
#722=LINE('',#4257,#1068);
#723=LINE('',#4259,#1069);
#724=LINE('',#4260,#1070);
#725=LINE('',#4263,#1071);
#726=LINE('',#4265,#1072);
#727=LINE('',#4267,#1073);
#728=LINE('',#4268,#1074);
#729=LINE('',#4271,#1075);
#730=LINE('',#4273,#1076);
#731=LINE('',#4275,#1077);
#732=LINE('',#4276,#1078);
#733=LINE('',#4279,#1079);
#734=LINE('',#4281,#1080);
#735=LINE('',#4283,#1081);
#736=LINE('',#4284,#1082);
#737=LINE('',#4287,#1083);
#738=LINE('',#4289,#1084);
#739=LINE('',#4291,#1085);
#740=LINE('',#4292,#1086);
#741=LINE('',#4295,#1087);
#742=LINE('',#4297,#1088);
#743=LINE('',#4299,#1089);
#744=LINE('',#4300,#1090);
#745=LINE('',#4302,#1091);
#746=LINE('',#4304,#1092);
#747=LINE('',#4306,#1093);
#748=LINE('',#4308,#1094);
#749=LINE('',#4311,#1095);
#750=LINE('',#4314,#1096);
#751=LINE('',#4316,#1097);
#752=LINE('',#4318,#1098);
#753=LINE('',#4320,#1099);
#754=LINE('',#4322,#1100);
#755=LINE('',#4325,#1101);
#756=LINE('',#4327,#1102);
#757=LINE('',#4329,#1103);
#758=LINE('',#4330,#1104);
#759=LINE('',#4332,#1105);
#760=LINE('',#4336,#1106);
#761=LINE('',#4338,#1107);
#762=LINE('',#4340,#1108);
#763=LINE('',#4342,#1109);
#764=LINE('',#4345,#1110);
#765=LINE('',#4347,#1111);
#766=LINE('',#4349,#1112);
#767=LINE('',#4352,#1113);
#768=LINE('',#4354,#1114);
#769=LINE('',#4357,#1115);
#770=LINE('',#4359,#1116);
#771=LINE('',#4361,#1117);
#772=LINE('',#4363,#1118);
#773=LINE('',#4366,#1119);
#774=LINE('',#4368,#1120);
#775=LINE('',#4370,#1121);
#776=LINE('',#4372,#1122);
#777=LINE('',#4376,#1123);
#778=LINE('',#4378,#1124);
#779=LINE('',#4379,#1125);
#780=LINE('',#4382,#1126);
#781=LINE('',#4384,#1127);
#782=LINE('',#4385,#1128);
#783=LINE('',#4388,#1129);
#784=LINE('',#4389,#1130);
#785=LINE('',#4392,#1131);
#786=LINE('',#4394,#1132);
#787=LINE('',#4395,#1133);
#788=LINE('',#4398,#1134);
#789=LINE('',#4400,#1135);
#790=LINE('',#4401,#1136);
#791=LINE('',#4404,#1137);
#792=LINE('',#4406,#1138);
#793=LINE('',#4407,#1139);
#794=LINE('',#4410,#1140);
#795=LINE('',#4412,#1141);
#796=LINE('',#4413,#1142);
#797=LINE('',#4416,#1143);
#798=LINE('',#4417,#1144);
#799=LINE('',#4420,#1145);
#800=LINE('',#4421,#1146);
#801=LINE('',#4424,#1147);
#802=LINE('',#4426,#1148);
#803=LINE('',#4427,#1149);
#804=LINE('',#4430,#1150);
#805=LINE('',#4432,#1151);
#806=LINE('',#4433,#1152);
#807=LINE('',#4436,#1153);
#808=LINE('',#4437,#1154);
#809=LINE('',#4440,#1155);
#810=LINE('',#4441,#1156);
#811=LINE('',#4444,#1157);
#812=LINE('',#4446,#1158);
#813=LINE('',#4447,#1159);
#814=LINE('',#4450,#1160);
#815=LINE('',#4451,#1161);
#816=LINE('',#4454,#1162);
#817=LINE('',#4456,#1163);
#818=LINE('',#4457,#1164);
#819=LINE('',#4460,#1165);
#820=LINE('',#4461,#1166);
#821=LINE('',#4464,#1167);
#822=LINE('',#4465,#1168);
#823=LINE('',#4468,#1169);
#824=LINE('',#4469,#1170);
#825=LINE('',#4472,#1171);
#826=LINE('',#4473,#1172);
#827=LINE('',#4475,#1173);
#828=LINE('',#4477,#1174);
#829=LINE('',#4479,#1175);
#830=LINE('',#4481,#1176);
#831=LINE('',#4484,#1177);
#832=LINE('',#4485,#1178);
#833=LINE('',#4487,#1179);
#834=LINE('',#4489,#1180);
#835=LINE('',#4491,#1181);
#836=LINE('',#4494,#1182);
#837=LINE('',#4495,#1183);
#838=LINE('',#4497,#1184);
#839=LINE('',#4499,#1185);
#840=LINE('',#4501,#1186);
#841=VECTOR('',#3039,1000.);
#842=VECTOR('',#3040,1000.);
#843=VECTOR('',#3041,1000.);
#844=VECTOR('',#3042,1000.);
#845=VECTOR('',#3045,1000.);
#846=VECTOR('',#3046,1000.);
#847=VECTOR('',#3047,1000.);
#848=VECTOR('',#3050,1000.);
#849=VECTOR('',#3051,1000.);
#850=VECTOR('',#3052,1000.);
#851=VECTOR('',#3053,1000.);
#852=VECTOR('',#3056,1000.);
#853=VECTOR('',#3057,1000.);
#854=VECTOR('',#3060,1000.);
#855=VECTOR('',#3061,1000.);
#856=VECTOR('',#3062,1000.);
#857=VECTOR('',#3063,1000.);
#858=VECTOR('',#3064,1000.);
#859=VECTOR('',#3065,1000.);
#860=VECTOR('',#3066,1000.);
#861=VECTOR('',#3069,1000.);
#862=VECTOR('',#3070,1000.);
#863=VECTOR('',#3071,1000.);
#864=VECTOR('',#3072,1000.);
#865=VECTOR('',#3073,1000.);
#866=VECTOR('',#3074,1000.);
#867=VECTOR('',#3075,1000.);
#868=VECTOR('',#3076,1000.);
#869=VECTOR('',#3077,1000.);
#870=VECTOR('',#3078,1000.);
#871=VECTOR('',#3079,1000.);
#872=VECTOR('',#3080,1000.);
#873=VECTOR('',#3081,1000.);
#874=VECTOR('',#3082,1000.);
#875=VECTOR('',#3083,1000.);
#876=VECTOR('',#3084,1000.);
#877=VECTOR('',#3085,1000.);
#878=VECTOR('',#3086,1000.);
#879=VECTOR('',#3087,1000.);
#880=VECTOR('',#3088,1000.);
#881=VECTOR('',#3089,1000.);
#882=VECTOR('',#3090,1000.);
#883=VECTOR('',#3091,1000.);
#884=VECTOR('',#3092,1000.);
#885=VECTOR('',#3093,1000.);
#886=VECTOR('',#3094,1000.);
#887=VECTOR('',#3095,1000.);
#888=VECTOR('',#3096,1000.);
#889=VECTOR('',#3097,1000.);
#890=VECTOR('',#3098,1000.);
#891=VECTOR('',#3099,1000.);
#892=VECTOR('',#3100,1000.);
#893=VECTOR('',#3101,1000.);
#894=VECTOR('',#3102,1000.);
#895=VECTOR('',#3103,1000.);
#896=VECTOR('',#3104,1000.);
#897=VECTOR('',#3105,1000.);
#898=VECTOR('',#3108,1000.);
#899=VECTOR('',#3109,1000.);
#900=VECTOR('',#3112,1000.);
#901=VECTOR('',#3113,1000.);
#902=VECTOR('',#3114,1000.);
#903=VECTOR('',#3115,1000.);
#904=VECTOR('',#3116,1000.);
#905=VECTOR('',#3117,1000.);
#906=VECTOR('',#3118,1000.);
#907=VECTOR('',#3119,1000.);
#908=VECTOR('',#3122,1000.);
#909=VECTOR('',#3123,1000.);
#910=VECTOR('',#3124,1000.);
#911=VECTOR('',#3127,1000.);
#912=VECTOR('',#3128,1000.);
#913=VECTOR('',#3131,1000.);
#914=VECTOR('',#3132,1000.);
#915=VECTOR('',#3133,1000.);
#916=VECTOR('',#3134,1000.);
#917=VECTOR('',#3135,1000.);
#918=VECTOR('',#3136,1000.);
#919=VECTOR('',#3137,1000.);
#920=VECTOR('',#3138,1000.);
#921=VECTOR('',#3139,1000.);
#922=VECTOR('',#3142,1000.);
#923=VECTOR('',#3143,1000.);
#924=VECTOR('',#3144,1000.);
#925=VECTOR('',#3145,1000.);
#926=VECTOR('',#3146,1000.);
#927=VECTOR('',#3147,1000.);
#928=VECTOR('',#3148,1000.);
#929=VECTOR('',#3149,1000.);
#930=VECTOR('',#3150,1000.);
#931=VECTOR('',#3151,1000.);
#932=VECTOR('',#3152,1000.);
#933=VECTOR('',#3153,1000.);
#934=VECTOR('',#3154,1000.);
#935=VECTOR('',#3155,1000.);
#936=VECTOR('',#3158,1000.);
#937=VECTOR('',#3161,1000.);
#938=VECTOR('',#3164,1000.);
#939=VECTOR('',#3165,1000.);
#940=VECTOR('',#3166,1000.);
#941=VECTOR('',#3169,1000.);
#942=VECTOR('',#3172,1000.);
#943=VECTOR('',#3173,1000.);
#944=VECTOR('',#3174,1000.);
#945=VECTOR('',#3177,1000.);
#946=VECTOR('',#3178,1000.);
#947=VECTOR('',#3179,1000.);
#948=VECTOR('',#3182,1000.);
#949=VECTOR('',#3183,1000.);
#950=VECTOR('',#3184,1000.);
#951=VECTOR('',#3187,1000.);
#952=VECTOR('',#3190,1000.);
#953=VECTOR('',#3191,1000.);
#954=VECTOR('',#3192,1000.);
#955=VECTOR('',#3195,1000.);
#956=VECTOR('',#3198,1000.);
#957=VECTOR('',#3201,1000.);
#958=VECTOR('',#3202,1000.);
#959=VECTOR('',#3203,1000.);
#960=VECTOR('',#3206,1000.);
#961=VECTOR('',#3209,1000.);
#962=VECTOR('',#3210,1000.);
#963=VECTOR('',#3211,1000.);
#964=VECTOR('',#3214,1000.);
#965=VECTOR('',#3215,1000.);
#966=VECTOR('',#3216,1000.);
#967=VECTOR('',#3221,1000.);
#968=VECTOR('',#3222,1000.);
#969=VECTOR('',#3223,1000.);
#970=VECTOR('',#3226,1000.);
#971=VECTOR('',#3229,1000.);
#972=VECTOR('',#3232,1000.);
#973=VECTOR('',#3233,1000.);
#974=VECTOR('',#3234,1000.);
#975=VECTOR('',#3237,1000.);
#976=VECTOR('',#3242,1000.);
#977=VECTOR('',#3243,1000.);
#978=VECTOR('',#3244,1000.);
#979=VECTOR('',#3247,1000.);
#980=VECTOR('',#3250,1000.);
#981=VECTOR('',#3251,1000.);
#982=VECTOR('',#3252,1000.);
#983=VECTOR('',#3253,1000.);
#984=VECTOR('',#3254,1000.);
#985=VECTOR('',#3255,1000.);
#986=VECTOR('',#3258,1000.);
#987=VECTOR('',#3259,1000.);
#988=VECTOR('',#3264,1000.);
#989=VECTOR('',#3265,1000.);
#990=VECTOR('',#3266,1000.);
#991=VECTOR('',#3273,1000.);
#992=VECTOR('',#3274,1000.);
#993=VECTOR('',#3275,1000.);
#994=VECTOR('',#3280,1000.);
#995=VECTOR('',#3283,1000.);
#996=VECTOR('',#3284,1000.);
#997=VECTOR('',#3285,1000.);
#998=VECTOR('',#3288,1000.);
#999=VECTOR('',#3291,1000.);
#1000=VECTOR('',#3292,1000.);
#1001=VECTOR('',#3295,1000.);
#1002=VECTOR('',#3296,1000.);
#1003=VECTOR('',#3299,1000.);
#1004=VECTOR('',#3300,1000.);
#1005=VECTOR('',#3301,1000.);
#1006=VECTOR('',#3304,1000.);
#1007=VECTOR('',#3305,1000.);
#1008=VECTOR('',#3306,1000.);
#1009=VECTOR('',#3309,1000.);
#1010=VECTOR('',#3312,1000.);
#1011=VECTOR('',#3313,1000.);
#1012=VECTOR('',#3314,1000.);
#1013=VECTOR('',#3321,1000.);
#1014=VECTOR('',#3322,1000.);
#1015=VECTOR('',#3323,1000.);
#1016=VECTOR('',#3326,1000.);
#1017=VECTOR('',#3329,1000.);
#1018=VECTOR('',#3332,1000.);
#1019=VECTOR('',#3335,1000.);
#1020=VECTOR('',#3336,1000.);
#1021=VECTOR('',#3339,1000.);
#1022=VECTOR('',#3340,1000.);
#1023=VECTOR('',#3345,1000.);
#1024=VECTOR('',#3346,1000.);
#1025=VECTOR('',#3347,1000.);
#1026=VECTOR('',#3352,1000.);
#1027=VECTOR('',#3355,1000.);
#1028=VECTOR('',#3358,1000.);
#1029=VECTOR('',#3359,1000.);
#1030=VECTOR('',#3360,1000.);
#1031=VECTOR('',#3365,1000.);
#1032=VECTOR('',#3370,1000.);
#1033=VECTOR('',#3371,1000.);
#1034=VECTOR('',#3372,1000.);
#1035=VECTOR('',#3379,1000.);
#1036=VECTOR('',#3380,1000.);
#1037=VECTOR('',#3381,1000.);
#1038=VECTOR('',#3388,1000.);
#1039=VECTOR('',#3389,1000.);
#1040=VECTOR('',#3390,1000.);
#1041=VECTOR('',#3395,1000.);
#1042=VECTOR('',#3398,1000.);
#1043=VECTOR('',#3401,1000.);
#1044=VECTOR('',#3402,1000.);
#1045=VECTOR('',#3403,1000.);
#1046=VECTOR('',#3406,1000.);
#1047=VECTOR('',#3407,1000.);
#1048=VECTOR('',#3410,1000.);
#1049=VECTOR('',#3413,1000.);
#1050=VECTOR('',#3414,1000.);
#1051=VECTOR('',#3417,1000.);
#1052=VECTOR('',#3420,1000.);
#1053=VECTOR('',#3423,1000.);
#1054=VECTOR('',#3424,1000.);
#1055=VECTOR('',#3427,1000.);
#1056=VECTOR('',#3430,1000.);
#1057=VECTOR('',#3435,1000.);
#1058=VECTOR('',#3436,1000.);
#1059=VECTOR('',#3445,1000.);
#1060=VECTOR('',#3446,1000.);
#1061=VECTOR('',#3447,1000.);
#1062=VECTOR('',#3448,1000.);
#1063=VECTOR('',#3449,1000.);
#1064=VECTOR('',#3450,1000.);
#1065=VECTOR('',#3451,1000.);
#1066=VECTOR('',#3452,1000.);
#1067=VECTOR('',#3453,1000.);
#1068=VECTOR('',#3454,1000.);
#1069=VECTOR('',#3455,1000.);
#1070=VECTOR('',#3456,1000.);
#1071=VECTOR('',#3457,1000.);
#1072=VECTOR('',#3458,1000.);
#1073=VECTOR('',#3459,1000.);
#1074=VECTOR('',#3460,1000.);
#1075=VECTOR('',#3461,1000.);
#1076=VECTOR('',#3462,1000.);
#1077=VECTOR('',#3463,1000.);
#1078=VECTOR('',#3464,1000.);
#1079=VECTOR('',#3465,1000.);
#1080=VECTOR('',#3466,1000.);
#1081=VECTOR('',#3467,1000.);
#1082=VECTOR('',#3468,1000.);
#1083=VECTOR('',#3469,1000.);
#1084=VECTOR('',#3470,1000.);
#1085=VECTOR('',#3471,1000.);
#1086=VECTOR('',#3472,1000.);
#1087=VECTOR('',#3473,1000.);
#1088=VECTOR('',#3474,1000.);
#1089=VECTOR('',#3475,1000.);
#1090=VECTOR('',#3476,1000.);
#1091=VECTOR('',#3479,1000.);
#1092=VECTOR('',#3482,1000.);
#1093=VECTOR('',#3485,1000.);
#1094=VECTOR('',#3488,1000.);
#1095=VECTOR('',#3493,1000.);
#1096=VECTOR('',#3498,1000.);
#1097=VECTOR('',#3501,1000.);
#1098=VECTOR('',#3504,1000.);
#1099=VECTOR('',#3507,1000.);
#1100=VECTOR('',#3510,1000.);
#1101=VECTOR('',#3515,1000.);
#1102=VECTOR('',#3518,1000.);
#1103=VECTOR('',#3521,1000.);
#1104=VECTOR('',#3522,1000.);
#1105=VECTOR('',#3525,1000.);
#1106=VECTOR('',#3532,1000.);
#1107=VECTOR('',#3535,1000.);
#1108=VECTOR('',#3538,1000.);
#1109=VECTOR('',#3541,1000.);
#1110=VECTOR('',#3546,1000.);
#1111=VECTOR('',#3549,1000.);
#1112=VECTOR('',#3552,1000.);
#1113=VECTOR('',#3557,1000.);
#1114=VECTOR('',#3560,1000.);
#1115=VECTOR('',#3565,1000.);
#1116=VECTOR('',#3568,1000.);
#1117=VECTOR('',#3571,1000.);
#1118=VECTOR('',#3574,1000.);
#1119=VECTOR('',#3579,1000.);
#1120=VECTOR('',#3582,1000.);
#1121=VECTOR('',#3585,1000.);
#1122=VECTOR('',#3588,1000.);
#1123=VECTOR('',#3593,1000.);
#1124=VECTOR('',#3594,1000.);
#1125=VECTOR('',#3595,1000.);
#1126=VECTOR('',#3598,1000.);
#1127=VECTOR('',#3599,1000.);
#1128=VECTOR('',#3600,1000.);
#1129=VECTOR('',#3603,1000.);
#1130=VECTOR('',#3604,1000.);
#1131=VECTOR('',#3607,1000.);
#1132=VECTOR('',#3608,1000.);
#1133=VECTOR('',#3609,1000.);
#1134=VECTOR('',#3612,1000.);
#1135=VECTOR('',#3613,1000.);
#1136=VECTOR('',#3614,1000.);
#1137=VECTOR('',#3617,1000.);
#1138=VECTOR('',#3618,1000.);
#1139=VECTOR('',#3619,1000.);
#1140=VECTOR('',#3622,1000.);
#1141=VECTOR('',#3623,1000.);
#1142=VECTOR('',#3624,1000.);
#1143=VECTOR('',#3627,1000.);
#1144=VECTOR('',#3628,1000.);
#1145=VECTOR('',#3631,1000.);
#1146=VECTOR('',#3632,1000.);
#1147=VECTOR('',#3635,1000.);
#1148=VECTOR('',#3636,1000.);
#1149=VECTOR('',#3637,1000.);
#1150=VECTOR('',#3640,1000.);
#1151=VECTOR('',#3641,1000.);
#1152=VECTOR('',#3642,1000.);
#1153=VECTOR('',#3645,1000.);
#1154=VECTOR('',#3646,1000.);
#1155=VECTOR('',#3649,1000.);
#1156=VECTOR('',#3650,1000.);
#1157=VECTOR('',#3653,1000.);
#1158=VECTOR('',#3654,1000.);
#1159=VECTOR('',#3655,1000.);
#1160=VECTOR('',#3658,1000.);
#1161=VECTOR('',#3659,1000.);
#1162=VECTOR('',#3662,1000.);
#1163=VECTOR('',#3663,1000.);
#1164=VECTOR('',#3664,1000.);
#1165=VECTOR('',#3667,1000.);
#1166=VECTOR('',#3668,1000.);
#1167=VECTOR('',#3671,1000.);
#1168=VECTOR('',#3672,1000.);
#1169=VECTOR('',#3675,1000.);
#1170=VECTOR('',#3676,1000.);
#1171=VECTOR('',#3679,1000.);
#1172=VECTOR('',#3680,1000.);
#1173=VECTOR('',#3683,1000.);
#1174=VECTOR('',#3686,1000.);
#1175=VECTOR('',#3689,1000.);
#1176=VECTOR('',#3692,1000.);
#1177=VECTOR('',#3695,1000.);
#1178=VECTOR('',#3696,1000.);
#1179=VECTOR('',#3699,1000.);
#1180=VECTOR('',#3702,1000.);
#1181=VECTOR('',#3705,1000.);
#1182=VECTOR('',#3708,1000.);
#1183=VECTOR('',#3709,1000.);
#1184=VECTOR('',#3712,1000.);
#1185=VECTOR('',#3715,1000.);
#1186=VECTOR('',#3718,1000.);
#1187=VERTEX_POINT('',#3737);
#1188=VERTEX_POINT('',#3738);
#1189=VERTEX_POINT('',#3740);
#1190=VERTEX_POINT('',#3742);
#1191=VERTEX_POINT('',#3746);
#1192=VERTEX_POINT('',#3748);
#1193=VERTEX_POINT('',#3752);
#1194=VERTEX_POINT('',#3753);
#1195=VERTEX_POINT('',#3755);
#1196=VERTEX_POINT('',#3760);
#1197=VERTEX_POINT('',#3764);
#1198=VERTEX_POINT('',#3766);
#1199=VERTEX_POINT('',#3768);
#1200=VERTEX_POINT('',#3770);
#1201=VERTEX_POINT('',#3772);
#1202=VERTEX_POINT('',#3774);
#1203=VERTEX_POINT('',#3778);
#1204=VERTEX_POINT('',#3779);
#1205=VERTEX_POINT('',#3781);
#1206=VERTEX_POINT('',#3784);
#1207=VERTEX_POINT('',#3787);
#1208=VERTEX_POINT('',#3788);
#1209=VERTEX_POINT('',#3790);
#1210=VERTEX_POINT('',#3792);
#1211=VERTEX_POINT('',#3795);
#1212=VERTEX_POINT('',#3796);
#1213=VERTEX_POINT('',#3798);
#1214=VERTEX_POINT('',#3800);
#1215=VERTEX_POINT('',#3803);
#1216=VERTEX_POINT('',#3804);
#1217=VERTEX_POINT('',#3806);
#1218=VERTEX_POINT('',#3808);
#1219=VERTEX_POINT('',#3811);
#1220=VERTEX_POINT('',#3812);
#1221=VERTEX_POINT('',#3814);
#1222=VERTEX_POINT('',#3816);
#1223=VERTEX_POINT('',#3819);
#1224=VERTEX_POINT('',#3820);
#1225=VERTEX_POINT('',#3822);
#1226=VERTEX_POINT('',#3824);
#1227=VERTEX_POINT('',#3827);
#1228=VERTEX_POINT('',#3828);
#1229=VERTEX_POINT('',#3830);
#1230=VERTEX_POINT('',#3832);
#1231=VERTEX_POINT('',#3835);
#1232=VERTEX_POINT('',#3836);
#1233=VERTEX_POINT('',#3838);
#1234=VERTEX_POINT('',#3840);
#1235=VERTEX_POINT('',#3843);
#1236=VERTEX_POINT('',#3844);
#1237=VERTEX_POINT('',#3846);
#1238=VERTEX_POINT('',#3848);
#1239=VERTEX_POINT('',#3852);
#1240=VERTEX_POINT('',#3856);
#1241=VERTEX_POINT('',#3857);
#1242=VERTEX_POINT('',#3859);
#1243=VERTEX_POINT('',#3861);
#1244=VERTEX_POINT('',#3863);
#1245=VERTEX_POINT('',#3866);
#1246=VERTEX_POINT('',#3868);
#1247=VERTEX_POINT('',#3872);
#1248=VERTEX_POINT('',#3874);
#1249=VERTEX_POINT('',#3878);
#1250=VERTEX_POINT('',#3882);
#1251=VERTEX_POINT('',#3884);
#1252=VERTEX_POINT('',#3886);
#1253=VERTEX_POINT('',#3888);
#1254=VERTEX_POINT('',#3890);
#1255=VERTEX_POINT('',#3892);
#1256=VERTEX_POINT('',#3894);
#1257=VERTEX_POINT('',#3896);
#1258=VERTEX_POINT('',#3900);
#1259=VERTEX_POINT('',#3901);
#1260=VERTEX_POINT('',#3904);
#1261=VERTEX_POINT('',#3906);
#1262=VERTEX_POINT('',#3908);
#1263=VERTEX_POINT('',#3910);
#1264=VERTEX_POINT('',#3912);
#1265=VERTEX_POINT('',#3914);
#1266=VERTEX_POINT('',#3916);
#1267=VERTEX_POINT('',#3918);
#1268=VERTEX_POINT('',#3920);
#1269=VERTEX_POINT('',#3922);
#1270=VERTEX_POINT('',#3924);
#1271=VERTEX_POINT('',#3930);
#1272=VERTEX_POINT('',#3932);
#1273=VERTEX_POINT('',#3934);
#1274=VERTEX_POINT('',#3936);
#1275=VERTEX_POINT('',#3938);
#1276=VERTEX_POINT('',#3940);
#1277=VERTEX_POINT('',#3944);
#1278=VERTEX_POINT('',#3946);
#1279=VERTEX_POINT('',#3950);
#1280=VERTEX_POINT('',#3952);
#1281=VERTEX_POINT('',#3956);
#1282=VERTEX_POINT('',#3958);
#1283=VERTEX_POINT('',#3962);
#1284=VERTEX_POINT('',#3964);
#1285=VERTEX_POINT('',#3966);
#1286=VERTEX_POINT('',#3968);
#1287=VERTEX_POINT('',#3970);
#1288=VERTEX_POINT('',#3972);
#1289=VERTEX_POINT('',#3976);
#1290=VERTEX_POINT('',#3978);
#1291=VERTEX_POINT('',#3980);
#1292=VERTEX_POINT('',#3982);
#1293=VERTEX_POINT('',#3984);
#1294=VERTEX_POINT('',#3986);
#1295=VERTEX_POINT('',#3990);
#1296=VERTEX_POINT('',#3992);
#1297=VERTEX_POINT('',#3996);
#1298=VERTEX_POINT('',#3998);
#1299=VERTEX_POINT('',#4002);
#1300=VERTEX_POINT('',#4004);
#1301=VERTEX_POINT('',#4006);
#1302=VERTEX_POINT('',#4008);
#1303=VERTEX_POINT('',#4010);
#1304=VERTEX_POINT('',#4014);
#1305=VERTEX_POINT('',#4016);
#1306=VERTEX_POINT('',#4018);
#1307=VERTEX_POINT('',#4020);
#1308=VERTEX_POINT('',#4022);
#1309=VERTEX_POINT('',#4024);
#1310=VERTEX_POINT('',#4028);
#1311=VERTEX_POINT('',#4030);
#1312=VERTEX_POINT('',#4032);
#1313=VERTEX_POINT('',#4034);
#1314=VERTEX_POINT('',#4036);
#1315=VERTEX_POINT('',#4040);
#1316=VERTEX_POINT('',#4042);
#1317=VERTEX_POINT('',#4046);
#1318=VERTEX_POINT('',#4050);
#1319=VERTEX_POINT('',#4054);
#1320=VERTEX_POINT('',#4056);
#1321=VERTEX_POINT('',#4058);
#1322=VERTEX_POINT('',#4060);
#1323=VERTEX_POINT('',#4064);
#1324=VERTEX_POINT('',#4066);
#1325=VERTEX_POINT('',#4068);
#1326=VERTEX_POINT('',#4070);
#1327=VERTEX_POINT('',#4074);
#1328=VERTEX_POINT('',#4076);
#1329=VERTEX_POINT('',#4078);
#1330=VERTEX_POINT('',#4080);
#1331=VERTEX_POINT('',#4082);
#1332=VERTEX_POINT('',#4084);
#1333=VERTEX_POINT('',#4088);
#1334=VERTEX_POINT('',#4092);
#1335=VERTEX_POINT('',#4096);
#1336=VERTEX_POINT('',#4098);
#1337=VERTEX_POINT('',#4102);
#1338=VERTEX_POINT('',#4104);
#1339=VERTEX_POINT('',#4108);
#1340=VERTEX_POINT('',#4110);
#1341=VERTEX_POINT('',#4112);
#1342=VERTEX_POINT('',#4114);
#1343=VERTEX_POINT('',#4116);
#1344=VERTEX_POINT('',#4120);
#1345=VERTEX_POINT('',#4122);
#1346=VERTEX_POINT('',#4124);
#1347=VERTEX_POINT('',#4126);
#1348=VERTEX_POINT('',#4128);
#1349=VERTEX_POINT('',#4136);
#1350=VERTEX_POINT('',#4140);
#1351=VERTEX_POINT('',#4144);
#1352=VERTEX_POINT('',#4146);
#1353=VERTEX_POINT('',#4148);
#1354=VERTEX_POINT('',#4150);
#1355=VERTEX_POINT('',#4156);
#1356=VERTEX_POINT('',#4158);
#1357=VERTEX_POINT('',#4160);
#1358=VERTEX_POINT('',#4162);
#1359=VERTEX_POINT('',#4164);
#1360=VERTEX_POINT('',#4170);
#1361=VERTEX_POINT('',#4172);
#1362=VERTEX_POINT('',#4174);
#1363=VERTEX_POINT('',#4176);
#1364=VERTEX_POINT('',#4180);
#1365=VERTEX_POINT('',#4182);
#1366=VERTEX_POINT('',#4184);
#1367=VERTEX_POINT('',#4186);
#1368=VERTEX_POINT('',#4190);
#1369=VERTEX_POINT('',#4192);
#1370=VERTEX_POINT('',#4194);
#1371=VERTEX_POINT('',#4196);
#1372=VERTEX_POINT('',#4204);
#1373=VERTEX_POINT('',#4206);
#1374=VERTEX_POINT('',#4210);
#1375=VERTEX_POINT('',#4237);
#1376=VERTEX_POINT('',#4238);
#1377=VERTEX_POINT('',#4240);
#1378=VERTEX_POINT('',#4242);
#1379=VERTEX_POINT('',#4245);
#1380=VERTEX_POINT('',#4246);
#1381=VERTEX_POINT('',#4248);
#1382=VERTEX_POINT('',#4250);
#1383=VERTEX_POINT('',#4253);
#1384=VERTEX_POINT('',#4254);
#1385=VERTEX_POINT('',#4256);
#1386=VERTEX_POINT('',#4258);
#1387=VERTEX_POINT('',#4261);
#1388=VERTEX_POINT('',#4262);
#1389=VERTEX_POINT('',#4264);
#1390=VERTEX_POINT('',#4266);
#1391=VERTEX_POINT('',#4269);
#1392=VERTEX_POINT('',#4270);
#1393=VERTEX_POINT('',#4272);
#1394=VERTEX_POINT('',#4274);
#1395=VERTEX_POINT('',#4277);
#1396=VERTEX_POINT('',#4278);
#1397=VERTEX_POINT('',#4280);
#1398=VERTEX_POINT('',#4282);
#1399=VERTEX_POINT('',#4285);
#1400=VERTEX_POINT('',#4286);
#1401=VERTEX_POINT('',#4288);
#1402=VERTEX_POINT('',#4290);
#1403=VERTEX_POINT('',#4293);
#1404=VERTEX_POINT('',#4294);
#1405=VERTEX_POINT('',#4296);
#1406=VERTEX_POINT('',#4298);
#1407=VERTEX_POINT('',#4375);
#1408=VERTEX_POINT('',#4377);
#1409=VERTEX_POINT('',#4381);
#1410=VERTEX_POINT('',#4383);
#1411=VERTEX_POINT('',#4387);
#1412=VERTEX_POINT('',#4391);
#1413=VERTEX_POINT('',#4393);
#1414=VERTEX_POINT('',#4397);
#1415=VERTEX_POINT('',#4399);
#1416=VERTEX_POINT('',#4403);
#1417=VERTEX_POINT('',#4405);
#1418=VERTEX_POINT('',#4409);
#1419=VERTEX_POINT('',#4411);
#1420=VERTEX_POINT('',#4415);
#1421=VERTEX_POINT('',#4419);
#1422=VERTEX_POINT('',#4423);
#1423=VERTEX_POINT('',#4425);
#1424=VERTEX_POINT('',#4429);
#1425=VERTEX_POINT('',#4431);
#1426=VERTEX_POINT('',#4435);
#1427=VERTEX_POINT('',#4439);
#1428=VERTEX_POINT('',#4443);
#1429=VERTEX_POINT('',#4445);
#1430=VERTEX_POINT('',#4449);
#1431=VERTEX_POINT('',#4453);
#1432=VERTEX_POINT('',#4455);
#1433=VERTEX_POINT('',#4459);
#1434=VERTEX_POINT('',#4463);
#1435=VERTEX_POINT('',#4467);
#1436=VERTEX_POINT('',#4471);
#1437=VERTEX_POINT('',#4483);
#1438=VERTEX_POINT('',#4493);
#1439=EDGE_CURVE('',#1187,#1188,#495,.T.);
#1440=EDGE_CURVE('',#1189,#1187,#496,.T.);
#1441=EDGE_CURVE('',#1189,#1190,#497,.T.);
#1442=EDGE_CURVE('',#1190,#1188,#498,.T.);
#1443=EDGE_CURVE('',#1191,#1187,#499,.T.);
#1444=EDGE_CURVE('',#1192,#1191,#500,.T.);
#1445=EDGE_CURVE('',#1192,#1189,#501,.T.);
#1446=EDGE_CURVE('',#1193,#1194,#502,.T.);
#1447=EDGE_CURVE('',#1195,#1193,#503,.T.);
#1448=EDGE_CURVE('',#1190,#1195,#504,.T.);
#1449=EDGE_CURVE('',#1194,#1192,#505,.T.);
#1450=EDGE_CURVE('',#1188,#1196,#506,.T.);
#1451=EDGE_CURVE('',#1195,#1196,#507,.T.);
#1452=EDGE_CURVE('',#1196,#1197,#508,.T.);
#1453=EDGE_CURVE('',#1197,#1198,#509,.T.);
#1454=EDGE_CURVE('',#1198,#1199,#510,.T.);
#1455=EDGE_CURVE('',#1199,#1200,#511,.T.);
#1456=EDGE_CURVE('',#1200,#1201,#512,.T.);
#1457=EDGE_CURVE('',#1201,#1202,#513,.T.);
#1458=EDGE_CURVE('',#1202,#1191,#514,.T.);
#1459=EDGE_CURVE('',#1203,#1204,#515,.T.);
#1460=EDGE_CURVE('',#1205,#1203,#516,.T.);
#1461=EDGE_CURVE('',#1194,#1205,#517,.T.);
#1462=EDGE_CURVE('',#1202,#1206,#518,.T.);
#1463=EDGE_CURVE('',#1206,#1204,#519,.T.);
#1464=EDGE_CURVE('',#1207,#1208,#520,.T.);
#1465=EDGE_CURVE('',#1208,#1209,#521,.T.);
#1466=EDGE_CURVE('',#1209,#1210,#522,.T.);
#1467=EDGE_CURVE('',#1210,#1207,#523,.T.);
#1468=EDGE_CURVE('',#1211,#1212,#524,.T.);
#1469=EDGE_CURVE('',#1212,#1213,#525,.T.);
#1470=EDGE_CURVE('',#1213,#1214,#526,.T.);
#1471=EDGE_CURVE('',#1214,#1211,#527,.T.);
#1472=EDGE_CURVE('',#1215,#1216,#528,.T.);
#1473=EDGE_CURVE('',#1216,#1217,#529,.T.);
#1474=EDGE_CURVE('',#1217,#1218,#530,.T.);
#1475=EDGE_CURVE('',#1218,#1215,#531,.T.);
#1476=EDGE_CURVE('',#1219,#1220,#532,.T.);
#1477=EDGE_CURVE('',#1220,#1221,#533,.T.);
#1478=EDGE_CURVE('',#1221,#1222,#534,.T.);
#1479=EDGE_CURVE('',#1222,#1219,#535,.T.);
#1480=EDGE_CURVE('',#1223,#1224,#536,.T.);
#1481=EDGE_CURVE('',#1224,#1225,#537,.T.);
#1482=EDGE_CURVE('',#1225,#1226,#538,.T.);
#1483=EDGE_CURVE('',#1226,#1223,#539,.T.);
#1484=EDGE_CURVE('',#1227,#1228,#540,.T.);
#1485=EDGE_CURVE('',#1228,#1229,#541,.T.);
#1486=EDGE_CURVE('',#1229,#1230,#542,.T.);
#1487=EDGE_CURVE('',#1230,#1227,#543,.T.);
#1488=EDGE_CURVE('',#1231,#1232,#544,.T.);
#1489=EDGE_CURVE('',#1232,#1233,#545,.T.);
#1490=EDGE_CURVE('',#1233,#1234,#546,.T.);
#1491=EDGE_CURVE('',#1234,#1231,#547,.T.);
#1492=EDGE_CURVE('',#1235,#1236,#548,.T.);
#1493=EDGE_CURVE('',#1236,#1237,#549,.T.);
#1494=EDGE_CURVE('',#1237,#1238,#550,.T.);
#1495=EDGE_CURVE('',#1238,#1235,#551,.T.);
#1496=EDGE_CURVE('',#1239,#1205,#552,.T.);
#1497=EDGE_CURVE('',#1193,#1239,#553,.T.);
#1498=EDGE_CURVE('',#1240,#1241,#554,.T.);
#1499=EDGE_CURVE('',#1242,#1240,#555,.T.);
#1500=EDGE_CURVE('',#1243,#1242,#556,.T.);
#1501=EDGE_CURVE('',#1244,#1243,#557,.T.);
#1502=EDGE_CURVE('',#1197,#1244,#558,.T.);
#1503=EDGE_CURVE('',#1245,#1239,#559,.T.);
#1504=EDGE_CURVE('',#1245,#1246,#560,.T.);
#1505=EDGE_CURVE('',#1246,#1241,#561,.T.);
#1506=EDGE_CURVE('',#1200,#1247,#562,.T.);
#1507=EDGE_CURVE('',#1247,#1248,#563,.T.);
#1508=EDGE_CURVE('',#1201,#1248,#564,.T.);
#1509=EDGE_CURVE('',#1244,#1249,#565,.T.);
#1510=EDGE_CURVE('',#1198,#1249,#566,.T.);
#1511=EDGE_CURVE('',#1250,#1248,#567,.T.);
#1512=EDGE_CURVE('',#1251,#1250,#568,.T.);
#1513=EDGE_CURVE('',#1252,#1251,#569,.T.);
#1514=EDGE_CURVE('',#1252,#1253,#570,.T.);
#1515=EDGE_CURVE('',#1254,#1253,#571,.T.);
#1516=EDGE_CURVE('',#1255,#1254,#572,.T.);
#1517=EDGE_CURVE('',#1256,#1255,#573,.T.);
#1518=EDGE_CURVE('',#1256,#1257,#574,.T.);
#1519=EDGE_CURVE('',#1257,#1206,#575,.T.);
#1520=EDGE_CURVE('',#1258,#1259,#576,.T.);
#1521=EDGE_CURVE('',#1247,#1258,#577,.T.);
#1522=EDGE_CURVE('',#1199,#1260,#578,.T.);
#1523=EDGE_CURVE('',#1261,#1260,#579,.T.);
#1524=EDGE_CURVE('',#1262,#1261,#580,.T.);
#1525=EDGE_CURVE('',#1262,#1263,#581,.T.);
#1526=EDGE_CURVE('',#1263,#1264,#582,.T.);
#1527=EDGE_CURVE('',#1264,#1265,#583,.T.);
#1528=EDGE_CURVE('',#1266,#1265,#584,.T.);
#1529=EDGE_CURVE('',#1267,#1266,#585,.T.);
#1530=EDGE_CURVE('',#1268,#1267,#586,.T.);
#1531=EDGE_CURVE('',#1269,#1268,#587,.T.);
#1532=EDGE_CURVE('',#1270,#1269,#588,.T.);
#1533=EDGE_CURVE('',#1259,#1270,#589,.T.);
#1534=EDGE_CURVE('',#1249,#1260,#590,.T.);
#1535=EDGE_CURVE('',#1271,#1212,#591,.T.);
#1536=EDGE_CURVE('',#1271,#1272,#30,.T.);
#1537=EDGE_CURVE('',#1272,#1273,#592,.T.);
#1538=EDGE_CURVE('',#1273,#1274,#593,.T.);
#1539=EDGE_CURVE('',#1275,#1274,#594,.T.);
#1540=EDGE_CURVE('',#1276,#1275,#31,.T.);
#1541=EDGE_CURVE('',#1276,#1213,#595,.T.);
#1542=EDGE_CURVE('',#1277,#1225,#596,.T.);
#1543=EDGE_CURVE('',#1277,#1278,#597,.T.);
#1544=EDGE_CURVE('',#1278,#1226,#598,.T.);
#1545=EDGE_CURVE('',#1203,#1279,#599,.T.);
#1546=EDGE_CURVE('',#1279,#1280,#600,.T.);
#1547=EDGE_CURVE('',#1280,#1245,#601,.T.);
#1548=EDGE_CURVE('',#1281,#1227,#602,.T.);
#1549=EDGE_CURVE('',#1281,#1282,#603,.T.);
#1550=EDGE_CURVE('',#1282,#1228,#604,.T.);
#1551=EDGE_CURVE('',#1283,#1222,#605,.T.);
#1552=EDGE_CURVE('',#1283,#1284,#32,.T.);
#1553=EDGE_CURVE('',#1284,#1285,#606,.T.);
#1554=EDGE_CURVE('',#1285,#1286,#607,.T.);
#1555=EDGE_CURVE('',#1287,#1286,#608,.T.);
#1556=EDGE_CURVE('',#1288,#1287,#33,.T.);
#1557=EDGE_CURVE('',#1288,#1219,#609,.T.);
#1558=EDGE_CURVE('',#1289,#1220,#610,.T.);
#1559=EDGE_CURVE('',#1289,#1290,#34,.T.);
#1560=EDGE_CURVE('',#1290,#1291,#611,.T.);
#1561=EDGE_CURVE('',#1291,#1292,#612,.T.);
#1562=EDGE_CURVE('',#1293,#1292,#613,.T.);
#1563=EDGE_CURVE('',#1294,#1293,#35,.T.);
#1564=EDGE_CURVE('',#1294,#1221,#614,.T.);
#1565=EDGE_CURVE('',#1295,#1235,#615,.T.);
#1566=EDGE_CURVE('',#1295,#1296,#616,.T.);
#1567=EDGE_CURVE('',#1296,#1236,#617,.T.);
#1568=EDGE_CURVE('',#1297,#1229,#618,.T.);
#1569=EDGE_CURVE('',#1297,#1298,#619,.T.);
#1570=EDGE_CURVE('',#1298,#1230,#620,.T.);
#1571=EDGE_CURVE('',#1278,#1299,#36,.T.);
#1572=EDGE_CURVE('',#1299,#1300,#621,.T.);
#1573=EDGE_CURVE('',#1300,#1301,#622,.T.);
#1574=EDGE_CURVE('',#1302,#1301,#623,.T.);
#1575=EDGE_CURVE('',#1303,#1302,#37,.T.);
#1576=EDGE_CURVE('',#1303,#1223,#624,.T.);
#1577=EDGE_CURVE('',#1304,#1216,#625,.T.);
#1578=EDGE_CURVE('',#1304,#1305,#38,.T.);
#1579=EDGE_CURVE('',#1305,#1306,#626,.T.);
#1580=EDGE_CURVE('',#1306,#1307,#627,.T.);
#1581=EDGE_CURVE('',#1308,#1307,#628,.T.);
#1582=EDGE_CURVE('',#1309,#1308,#39,.T.);
#1583=EDGE_CURVE('',#1309,#1217,#629,.T.);
#1584=EDGE_CURVE('',#1296,#1310,#40,.T.);
#1585=EDGE_CURVE('',#1310,#1311,#630,.T.);
#1586=EDGE_CURVE('',#1311,#1312,#631,.T.);
#1587=EDGE_CURVE('',#1313,#1312,#632,.T.);
#1588=EDGE_CURVE('',#1314,#1313,#41,.T.);
#1589=EDGE_CURVE('',#1314,#1237,#633,.T.);
#1590=EDGE_CURVE('',#1315,#1246,#634,.T.);
#1591=EDGE_CURVE('',#1316,#1315,#635,.T.);
#1592=EDGE_CURVE('',#1204,#1316,#636,.T.);
#1593=EDGE_CURVE('',#1265,#1257,#637,.T.);
#1594=EDGE_CURVE('',#1317,#1264,#638,.T.);
#1595=EDGE_CURVE('',#1241,#1317,#639,.T.);
#1596=EDGE_CURVE('',#1314,#1318,#640,.T.);
#1597=EDGE_CURVE('',#1318,#1238,#641,.T.);
#1598=EDGE_CURVE('',#1298,#1319,#42,.T.);
#1599=EDGE_CURVE('',#1319,#1320,#642,.T.);
#1600=EDGE_CURVE('',#1320,#1321,#643,.T.);
#1601=EDGE_CURVE('',#1322,#1321,#644,.T.);
#1602=EDGE_CURVE('',#1281,#1322,#43,.T.);
#1603=EDGE_CURVE('',#1318,#1323,#44,.T.);
#1604=EDGE_CURVE('',#1323,#1324,#645,.T.);
#1605=EDGE_CURVE('',#1324,#1325,#646,.T.);
#1606=EDGE_CURVE('',#1326,#1325,#647,.T.);
#1607=EDGE_CURVE('',#1295,#1326,#45,.T.);
#1608=EDGE_CURVE('',#1327,#1234,#648,.T.);
#1609=EDGE_CURVE('',#1327,#1328,#46,.T.);
#1610=EDGE_CURVE('',#1328,#1329,#649,.T.);
#1611=EDGE_CURVE('',#1329,#1330,#650,.T.);
#1612=EDGE_CURVE('',#1331,#1330,#651,.T.);
#1613=EDGE_CURVE('',#1332,#1331,#47,.T.);
#1614=EDGE_CURVE('',#1332,#1231,#652,.T.);
#1615=EDGE_CURVE('',#1333,#1233,#653,.T.);
#1616=EDGE_CURVE('',#1333,#1327,#654,.T.);
#1617=EDGE_CURVE('',#1276,#1334,#655,.T.);
#1618=EDGE_CURVE('',#1334,#1214,#656,.T.);
#1619=EDGE_CURVE('',#1335,#1209,#657,.T.);
#1620=EDGE_CURVE('',#1335,#1336,#658,.T.);
#1621=EDGE_CURVE('',#1336,#1210,#659,.T.);
#1622=EDGE_CURVE('',#1337,#1207,#660,.T.);
#1623=EDGE_CURVE('',#1337,#1338,#661,.T.);
#1624=EDGE_CURVE('',#1338,#1208,#662,.T.);
#1625=EDGE_CURVE('',#1339,#1232,#663,.T.);
#1626=EDGE_CURVE('',#1339,#1340,#48,.T.);
#1627=EDGE_CURVE('',#1340,#1341,#664,.T.);
#1628=EDGE_CURVE('',#1341,#1342,#665,.T.);
#1629=EDGE_CURVE('',#1343,#1342,#666,.T.);
#1630=EDGE_CURVE('',#1333,#1343,#49,.T.);
#1631=EDGE_CURVE('',#1334,#1344,#50,.T.);
#1632=EDGE_CURVE('',#1344,#1345,#667,.T.);
#1633=EDGE_CURVE('',#1345,#1346,#668,.T.);
#1634=EDGE_CURVE('',#1347,#1346,#669,.T.);
#1635=EDGE_CURVE('',#1348,#1347,#51,.T.);
#1636=EDGE_CURVE('',#1348,#1211,#670,.T.);
#1637=EDGE_CURVE('',#1294,#1283,#671,.T.);
#1638=EDGE_CURVE('',#1288,#1289,#672,.T.);
#1639=EDGE_CURVE('',#1349,#1215,#673,.T.);
#1640=EDGE_CURVE('',#1349,#1304,#674,.T.);
#1641=EDGE_CURVE('',#1309,#1350,#675,.T.);
#1642=EDGE_CURVE('',#1350,#1218,#676,.T.);
#1643=EDGE_CURVE('',#1336,#1351,#52,.T.);
#1644=EDGE_CURVE('',#1351,#1352,#677,.T.);
#1645=EDGE_CURVE('',#1352,#1353,#678,.T.);
#1646=EDGE_CURVE('',#1354,#1353,#679,.T.);
#1647=EDGE_CURVE('',#1337,#1354,#53,.T.);
#1648=EDGE_CURVE('',#1279,#1316,#680,.T.);
#1649=EDGE_CURVE('',#1355,#1224,#681,.T.);
#1650=EDGE_CURVE('',#1355,#1356,#54,.T.);
#1651=EDGE_CURVE('',#1356,#1357,#682,.T.);
#1652=EDGE_CURVE('',#1357,#1358,#683,.T.);
#1653=EDGE_CURVE('',#1359,#1358,#684,.T.);
#1654=EDGE_CURVE('',#1277,#1359,#55,.T.);
#1655=EDGE_CURVE('',#1332,#1339,#685,.T.);
#1656=EDGE_CURVE('',#1282,#1360,#56,.T.);
#1657=EDGE_CURVE('',#1360,#1361,#686,.T.);
#1658=EDGE_CURVE('',#1361,#1362,#687,.T.);
#1659=EDGE_CURVE('',#1363,#1362,#688,.T.);
#1660=EDGE_CURVE('',#1297,#1363,#57,.T.);
#1661=EDGE_CURVE('',#1350,#1364,#58,.T.);
#1662=EDGE_CURVE('',#1364,#1365,#689,.T.);
#1663=EDGE_CURVE('',#1365,#1366,#690,.T.);
#1664=EDGE_CURVE('',#1367,#1366,#691,.T.);
#1665=EDGE_CURVE('',#1349,#1367,#59,.T.);
#1666=EDGE_CURVE('',#1338,#1368,#60,.T.);
#1667=EDGE_CURVE('',#1368,#1369,#692,.T.);
#1668=EDGE_CURVE('',#1369,#1370,#693,.T.);
#1669=EDGE_CURVE('',#1371,#1370,#694,.T.);
#1670=EDGE_CURVE('',#1335,#1371,#61,.T.);
#1671=EDGE_CURVE('',#1348,#1271,#695,.T.);
#1672=EDGE_CURVE('',#1303,#1355,#696,.T.);
#1673=EDGE_CURVE('',#1372,#1242,#697,.T.);
#1674=EDGE_CURVE('',#1373,#1372,#698,.T.);
#1675=EDGE_CURVE('',#1373,#1243,#699,.T.);
#1676=EDGE_CURVE('',#1374,#1317,#700,.T.);
#1677=EDGE_CURVE('',#1374,#1240,#701,.T.);
#1678=EDGE_CURVE('',#1280,#1315,#702,.T.);
#1679=EDGE_CURVE('',#1263,#1374,#703,.T.);
#1680=EDGE_CURVE('',#1372,#1262,#704,.T.);
#1681=EDGE_CURVE('',#1261,#1373,#705,.T.);
#1682=EDGE_CURVE('',#1258,#1250,#706,.T.);
#1683=EDGE_CURVE('',#1267,#1255,#707,.T.);
#1684=EDGE_CURVE('',#1268,#1254,#708,.T.);
#1685=EDGE_CURVE('',#1269,#1253,#709,.T.);
#1686=EDGE_CURVE('',#1266,#1256,#710,.T.);
#1687=EDGE_CURVE('',#1270,#1252,#711,.T.);
#1688=EDGE_CURVE('',#1259,#1251,#712,.T.);
#1689=EDGE_CURVE('',#1375,#1376,#713,.T.);
#1690=EDGE_CURVE('',#1377,#1375,#714,.T.);
#1691=EDGE_CURVE('',#1378,#1377,#715,.T.);
#1692=EDGE_CURVE('',#1376,#1378,#716,.T.);
#1693=EDGE_CURVE('',#1379,#1380,#717,.T.);
#1694=EDGE_CURVE('',#1381,#1379,#718,.T.);
#1695=EDGE_CURVE('',#1382,#1381,#719,.T.);
#1696=EDGE_CURVE('',#1380,#1382,#720,.T.);
#1697=EDGE_CURVE('',#1383,#1384,#721,.T.);
#1698=EDGE_CURVE('',#1385,#1383,#722,.T.);
#1699=EDGE_CURVE('',#1386,#1385,#723,.T.);
#1700=EDGE_CURVE('',#1384,#1386,#724,.T.);
#1701=EDGE_CURVE('',#1387,#1388,#725,.T.);
#1702=EDGE_CURVE('',#1389,#1387,#726,.T.);
#1703=EDGE_CURVE('',#1390,#1389,#727,.T.);
#1704=EDGE_CURVE('',#1388,#1390,#728,.T.);
#1705=EDGE_CURVE('',#1391,#1392,#729,.T.);
#1706=EDGE_CURVE('',#1393,#1391,#730,.T.);
#1707=EDGE_CURVE('',#1394,#1393,#731,.T.);
#1708=EDGE_CURVE('',#1392,#1394,#732,.T.);
#1709=EDGE_CURVE('',#1395,#1396,#733,.T.);
#1710=EDGE_CURVE('',#1397,#1395,#734,.T.);
#1711=EDGE_CURVE('',#1398,#1397,#735,.T.);
#1712=EDGE_CURVE('',#1396,#1398,#736,.T.);
#1713=EDGE_CURVE('',#1399,#1400,#737,.T.);
#1714=EDGE_CURVE('',#1401,#1399,#738,.T.);
#1715=EDGE_CURVE('',#1402,#1401,#739,.T.);
#1716=EDGE_CURVE('',#1400,#1402,#740,.T.);
#1717=EDGE_CURVE('',#1403,#1404,#741,.T.);
#1718=EDGE_CURVE('',#1405,#1403,#742,.T.);
#1719=EDGE_CURVE('',#1406,#1405,#743,.T.);
#1720=EDGE_CURVE('',#1404,#1406,#744,.T.);
#1721=EDGE_CURVE('',#1347,#1272,#745,.T.);
#1722=EDGE_CURVE('',#1346,#1273,#746,.T.);
#1723=EDGE_CURVE('',#1275,#1344,#747,.T.);
#1724=EDGE_CURVE('',#1274,#1345,#748,.T.);
#1725=EDGE_CURVE('',#1359,#1299,#749,.T.);
#1726=EDGE_CURVE('',#1322,#1360,#750,.T.);
#1727=EDGE_CURVE('',#1293,#1284,#751,.T.);
#1728=EDGE_CURVE('',#1292,#1285,#752,.T.);
#1729=EDGE_CURVE('',#1286,#1291,#753,.T.);
#1730=EDGE_CURVE('',#1287,#1290,#754,.T.);
#1731=EDGE_CURVE('',#1326,#1310,#755,.T.);
#1732=EDGE_CURVE('',#1363,#1319,#756,.T.);
#1733=EDGE_CURVE('',#1301,#1357,#757,.T.);
#1734=EDGE_CURVE('',#1358,#1300,#758,.T.);
#1735=EDGE_CURVE('',#1302,#1356,#759,.T.);
#1736=EDGE_CURVE('',#1308,#1364,#760,.T.);
#1737=EDGE_CURVE('',#1367,#1305,#761,.T.);
#1738=EDGE_CURVE('',#1307,#1365,#762,.T.);
#1739=EDGE_CURVE('',#1366,#1306,#763,.T.);
#1740=EDGE_CURVE('',#1313,#1323,#764,.T.);
#1741=EDGE_CURVE('',#1325,#1311,#765,.T.);
#1742=EDGE_CURVE('',#1312,#1324,#766,.T.);
#1743=EDGE_CURVE('',#1362,#1320,#767,.T.);
#1744=EDGE_CURVE('',#1321,#1361,#768,.T.);
#1745=EDGE_CURVE('',#1331,#1340,#769,.T.);
#1746=EDGE_CURVE('',#1330,#1341,#770,.T.);
#1747=EDGE_CURVE('',#1343,#1328,#771,.T.);
#1748=EDGE_CURVE('',#1342,#1329,#772,.T.);
#1749=EDGE_CURVE('',#1371,#1351,#773,.T.);
#1750=EDGE_CURVE('',#1354,#1368,#774,.T.);
#1751=EDGE_CURVE('',#1370,#1352,#775,.T.);
#1752=EDGE_CURVE('',#1353,#1369,#776,.T.);
#1753=EDGE_CURVE('',#1407,#1386,#777,.T.);
#1754=EDGE_CURVE('',#1408,#1407,#778,.T.);
#1755=EDGE_CURVE('',#1408,#1384,#779,.T.);
#1756=EDGE_CURVE('',#1409,#1380,#780,.T.);
#1757=EDGE_CURVE('',#1410,#1409,#781,.T.);
#1758=EDGE_CURVE('',#1410,#1379,#782,.T.);
#1759=EDGE_CURVE('',#1411,#1385,#783,.T.);
#1760=EDGE_CURVE('',#1407,#1411,#784,.T.);
#1761=EDGE_CURVE('',#1412,#1387,#785,.T.);
#1762=EDGE_CURVE('',#1413,#1412,#786,.T.);
#1763=EDGE_CURVE('',#1413,#1389,#787,.T.);
#1764=EDGE_CURVE('',#1414,#1375,#788,.T.);
#1765=EDGE_CURVE('',#1415,#1414,#789,.T.);
#1766=EDGE_CURVE('',#1415,#1377,#790,.T.);
#1767=EDGE_CURVE('',#1416,#1405,#791,.T.);
#1768=EDGE_CURVE('',#1417,#1416,#792,.T.);
#1769=EDGE_CURVE('',#1417,#1406,#793,.T.);
#1770=EDGE_CURVE('',#1418,#1391,#794,.T.);
#1771=EDGE_CURVE('',#1419,#1418,#795,.T.);
#1772=EDGE_CURVE('',#1419,#1393,#796,.T.);
#1773=EDGE_CURVE('',#1420,#1408,#797,.T.);
#1774=EDGE_CURVE('',#1420,#1383,#798,.T.);
#1775=EDGE_CURVE('',#1421,#1403,#799,.T.);
#1776=EDGE_CURVE('',#1416,#1421,#800,.T.);
#1777=EDGE_CURVE('',#1422,#1399,#801,.T.);
#1778=EDGE_CURVE('',#1423,#1422,#802,.T.);
#1779=EDGE_CURVE('',#1423,#1401,#803,.T.);
#1780=EDGE_CURVE('',#1424,#1396,#804,.T.);
#1781=EDGE_CURVE('',#1425,#1424,#805,.T.);
#1782=EDGE_CURVE('',#1425,#1395,#806,.T.);
#1783=EDGE_CURVE('',#1426,#1417,#807,.T.);
#1784=EDGE_CURVE('',#1426,#1404,#808,.T.);
#1785=EDGE_CURVE('',#1427,#1388,#809,.T.);
#1786=EDGE_CURVE('',#1412,#1427,#810,.T.);
#1787=EDGE_CURVE('',#1428,#1394,#811,.T.);
#1788=EDGE_CURVE('',#1429,#1428,#812,.T.);
#1789=EDGE_CURVE('',#1429,#1392,#813,.T.);
#1790=EDGE_CURVE('',#1430,#1390,#814,.T.);
#1791=EDGE_CURVE('',#1427,#1430,#815,.T.);
#1792=EDGE_CURVE('',#1431,#1378,#816,.T.);
#1793=EDGE_CURVE('',#1432,#1431,#817,.T.);
#1794=EDGE_CURVE('',#1432,#1376,#818,.T.);
#1795=EDGE_CURVE('',#1433,#1400,#819,.T.);
#1796=EDGE_CURVE('',#1422,#1433,#820,.T.);
#1797=EDGE_CURVE('',#1434,#1402,#821,.T.);
#1798=EDGE_CURVE('',#1433,#1434,#822,.T.);
#1799=EDGE_CURVE('',#1435,#1425,#823,.T.);
#1800=EDGE_CURVE('',#1435,#1397,#824,.T.);
#1801=EDGE_CURVE('',#1436,#1410,#825,.T.);
#1802=EDGE_CURVE('',#1436,#1381,#826,.T.);
#1803=EDGE_CURVE('',#1431,#1415,#827,.T.);
#1804=EDGE_CURVE('',#1421,#1426,#828,.T.);
#1805=EDGE_CURVE('',#1428,#1419,#829,.T.);
#1806=EDGE_CURVE('',#1430,#1413,#830,.T.);
#1807=EDGE_CURVE('',#1437,#1398,#831,.T.);
#1808=EDGE_CURVE('',#1424,#1437,#832,.T.);
#1809=EDGE_CURVE('',#1414,#1432,#833,.T.);
#1810=EDGE_CURVE('',#1434,#1423,#834,.T.);
#1811=EDGE_CURVE('',#1418,#1429,#835,.T.);
#1812=EDGE_CURVE('',#1438,#1382,#836,.T.);
#1813=EDGE_CURVE('',#1409,#1438,#837,.T.);
#1814=EDGE_CURVE('',#1437,#1435,#838,.T.);
#1815=EDGE_CURVE('',#1411,#1420,#839,.T.);
#1816=EDGE_CURVE('',#1438,#1436,#840,.T.);
#1817=ORIENTED_EDGE('',*,*,#1439,.F.);
#1818=ORIENTED_EDGE('',*,*,#1440,.F.);
#1819=ORIENTED_EDGE('',*,*,#1441,.T.);
#1820=ORIENTED_EDGE('',*,*,#1442,.T.);
#1821=ORIENTED_EDGE('',*,*,#1443,.F.);
#1822=ORIENTED_EDGE('',*,*,#1444,.F.);
#1823=ORIENTED_EDGE('',*,*,#1445,.T.);
#1824=ORIENTED_EDGE('',*,*,#1440,.T.);
#1825=ORIENTED_EDGE('',*,*,#1446,.F.);
#1826=ORIENTED_EDGE('',*,*,#1447,.F.);
#1827=ORIENTED_EDGE('',*,*,#1448,.F.);
#1828=ORIENTED_EDGE('',*,*,#1441,.F.);
#1829=ORIENTED_EDGE('',*,*,#1445,.F.);
#1830=ORIENTED_EDGE('',*,*,#1449,.F.);
#1831=ORIENTED_EDGE('',*,*,#1450,.F.);
#1832=ORIENTED_EDGE('',*,*,#1442,.F.);
#1833=ORIENTED_EDGE('',*,*,#1448,.T.);
#1834=ORIENTED_EDGE('',*,*,#1451,.T.);
#1835=ORIENTED_EDGE('',*,*,#1450,.T.);
#1836=ORIENTED_EDGE('',*,*,#1452,.T.);
#1837=ORIENTED_EDGE('',*,*,#1453,.T.);
#1838=ORIENTED_EDGE('',*,*,#1454,.T.);
#1839=ORIENTED_EDGE('',*,*,#1455,.T.);
#1840=ORIENTED_EDGE('',*,*,#1456,.T.);
#1841=ORIENTED_EDGE('',*,*,#1457,.T.);
#1842=ORIENTED_EDGE('',*,*,#1458,.T.);
#1843=ORIENTED_EDGE('',*,*,#1443,.T.);
#1844=ORIENTED_EDGE('',*,*,#1439,.T.);
#1845=ORIENTED_EDGE('',*,*,#1459,.F.);
#1846=ORIENTED_EDGE('',*,*,#1460,.F.);
#1847=ORIENTED_EDGE('',*,*,#1461,.F.);
#1848=ORIENTED_EDGE('',*,*,#1449,.T.);
#1849=ORIENTED_EDGE('',*,*,#1444,.T.);
#1850=ORIENTED_EDGE('',*,*,#1458,.F.);
#1851=ORIENTED_EDGE('',*,*,#1462,.T.);
#1852=ORIENTED_EDGE('',*,*,#1463,.T.);
#1853=ORIENTED_EDGE('',*,*,#1464,.T.);
#1854=ORIENTED_EDGE('',*,*,#1465,.T.);
#1855=ORIENTED_EDGE('',*,*,#1466,.T.);
#1856=ORIENTED_EDGE('',*,*,#1467,.T.);
#1857=ORIENTED_EDGE('',*,*,#1468,.T.);
#1858=ORIENTED_EDGE('',*,*,#1469,.T.);
#1859=ORIENTED_EDGE('',*,*,#1470,.T.);
#1860=ORIENTED_EDGE('',*,*,#1471,.T.);
#1861=ORIENTED_EDGE('',*,*,#1472,.T.);
#1862=ORIENTED_EDGE('',*,*,#1473,.T.);
#1863=ORIENTED_EDGE('',*,*,#1474,.T.);
#1864=ORIENTED_EDGE('',*,*,#1475,.T.);
#1865=ORIENTED_EDGE('',*,*,#1476,.T.);
#1866=ORIENTED_EDGE('',*,*,#1477,.T.);
#1867=ORIENTED_EDGE('',*,*,#1478,.T.);
#1868=ORIENTED_EDGE('',*,*,#1479,.T.);
#1869=ORIENTED_EDGE('',*,*,#1480,.T.);
#1870=ORIENTED_EDGE('',*,*,#1481,.T.);
#1871=ORIENTED_EDGE('',*,*,#1482,.T.);
#1872=ORIENTED_EDGE('',*,*,#1483,.T.);
#1873=ORIENTED_EDGE('',*,*,#1484,.T.);
#1874=ORIENTED_EDGE('',*,*,#1485,.T.);
#1875=ORIENTED_EDGE('',*,*,#1486,.T.);
#1876=ORIENTED_EDGE('',*,*,#1487,.T.);
#1877=ORIENTED_EDGE('',*,*,#1488,.T.);
#1878=ORIENTED_EDGE('',*,*,#1489,.T.);
#1879=ORIENTED_EDGE('',*,*,#1490,.T.);
#1880=ORIENTED_EDGE('',*,*,#1491,.T.);
#1881=ORIENTED_EDGE('',*,*,#1492,.T.);
#1882=ORIENTED_EDGE('',*,*,#1493,.T.);
#1883=ORIENTED_EDGE('',*,*,#1494,.T.);
#1884=ORIENTED_EDGE('',*,*,#1495,.T.);
#1885=ORIENTED_EDGE('',*,*,#1461,.T.);
#1886=ORIENTED_EDGE('',*,*,#1496,.F.);
#1887=ORIENTED_EDGE('',*,*,#1497,.F.);
#1888=ORIENTED_EDGE('',*,*,#1446,.T.);
#1889=ORIENTED_EDGE('',*,*,#1498,.F.);
#1890=ORIENTED_EDGE('',*,*,#1499,.F.);
#1891=ORIENTED_EDGE('',*,*,#1500,.F.);
#1892=ORIENTED_EDGE('',*,*,#1501,.F.);
#1893=ORIENTED_EDGE('',*,*,#1502,.F.);
#1894=ORIENTED_EDGE('',*,*,#1452,.F.);
#1895=ORIENTED_EDGE('',*,*,#1451,.F.);
#1896=ORIENTED_EDGE('',*,*,#1447,.T.);
#1897=ORIENTED_EDGE('',*,*,#1497,.T.);
#1898=ORIENTED_EDGE('',*,*,#1503,.F.);
#1899=ORIENTED_EDGE('',*,*,#1504,.T.);
#1900=ORIENTED_EDGE('',*,*,#1505,.T.);
#1901=ORIENTED_EDGE('',*,*,#1506,.T.);
#1902=ORIENTED_EDGE('',*,*,#1507,.T.);
#1903=ORIENTED_EDGE('',*,*,#1508,.F.);
#1904=ORIENTED_EDGE('',*,*,#1456,.F.);
#1905=ORIENTED_EDGE('',*,*,#1502,.T.);
#1906=ORIENTED_EDGE('',*,*,#1509,.T.);
#1907=ORIENTED_EDGE('',*,*,#1510,.F.);
#1908=ORIENTED_EDGE('',*,*,#1453,.F.);
#1909=ORIENTED_EDGE('',*,*,#1508,.T.);
#1910=ORIENTED_EDGE('',*,*,#1511,.F.);
#1911=ORIENTED_EDGE('',*,*,#1512,.F.);
#1912=ORIENTED_EDGE('',*,*,#1513,.F.);
#1913=ORIENTED_EDGE('',*,*,#1514,.T.);
#1914=ORIENTED_EDGE('',*,*,#1515,.F.);
#1915=ORIENTED_EDGE('',*,*,#1516,.F.);
#1916=ORIENTED_EDGE('',*,*,#1517,.F.);
#1917=ORIENTED_EDGE('',*,*,#1518,.T.);
#1918=ORIENTED_EDGE('',*,*,#1519,.T.);
#1919=ORIENTED_EDGE('',*,*,#1462,.F.);
#1920=ORIENTED_EDGE('',*,*,#1457,.F.);
#1921=ORIENTED_EDGE('',*,*,#1520,.F.);
#1922=ORIENTED_EDGE('',*,*,#1521,.F.);
#1923=ORIENTED_EDGE('',*,*,#1506,.F.);
#1924=ORIENTED_EDGE('',*,*,#1455,.F.);
#1925=ORIENTED_EDGE('',*,*,#1522,.T.);
#1926=ORIENTED_EDGE('',*,*,#1523,.F.);
#1927=ORIENTED_EDGE('',*,*,#1524,.F.);
#1928=ORIENTED_EDGE('',*,*,#1525,.T.);
#1929=ORIENTED_EDGE('',*,*,#1526,.T.);
#1930=ORIENTED_EDGE('',*,*,#1527,.T.);
#1931=ORIENTED_EDGE('',*,*,#1528,.F.);
#1932=ORIENTED_EDGE('',*,*,#1529,.F.);
#1933=ORIENTED_EDGE('',*,*,#1530,.F.);
#1934=ORIENTED_EDGE('',*,*,#1531,.F.);
#1935=ORIENTED_EDGE('',*,*,#1532,.F.);
#1936=ORIENTED_EDGE('',*,*,#1533,.F.);
#1937=ORIENTED_EDGE('',*,*,#1510,.T.);
#1938=ORIENTED_EDGE('',*,*,#1534,.T.);
#1939=ORIENTED_EDGE('',*,*,#1522,.F.);
#1940=ORIENTED_EDGE('',*,*,#1454,.F.);
#1941=ORIENTED_EDGE('',*,*,#1469,.F.);
#1942=ORIENTED_EDGE('',*,*,#1535,.F.);
#1943=ORIENTED_EDGE('',*,*,#1536,.T.);
#1944=ORIENTED_EDGE('',*,*,#1537,.T.);
#1945=ORIENTED_EDGE('',*,*,#1538,.T.);
#1946=ORIENTED_EDGE('',*,*,#1539,.F.);
#1947=ORIENTED_EDGE('',*,*,#1540,.F.);
#1948=ORIENTED_EDGE('',*,*,#1541,.T.);
#1949=ORIENTED_EDGE('',*,*,#1482,.F.);
#1950=ORIENTED_EDGE('',*,*,#1542,.F.);
#1951=ORIENTED_EDGE('',*,*,#1543,.T.);
#1952=ORIENTED_EDGE('',*,*,#1544,.T.);
#1953=ORIENTED_EDGE('',*,*,#1496,.T.);
#1954=ORIENTED_EDGE('',*,*,#1460,.T.);
#1955=ORIENTED_EDGE('',*,*,#1545,.T.);
#1956=ORIENTED_EDGE('',*,*,#1546,.T.);
#1957=ORIENTED_EDGE('',*,*,#1547,.T.);
#1958=ORIENTED_EDGE('',*,*,#1503,.T.);
#1959=ORIENTED_EDGE('',*,*,#1484,.F.);
#1960=ORIENTED_EDGE('',*,*,#1548,.F.);
#1961=ORIENTED_EDGE('',*,*,#1549,.T.);
#1962=ORIENTED_EDGE('',*,*,#1550,.T.);
#1963=ORIENTED_EDGE('',*,*,#1479,.F.);
#1964=ORIENTED_EDGE('',*,*,#1551,.F.);
#1965=ORIENTED_EDGE('',*,*,#1552,.T.);
#1966=ORIENTED_EDGE('',*,*,#1553,.T.);
#1967=ORIENTED_EDGE('',*,*,#1554,.T.);
#1968=ORIENTED_EDGE('',*,*,#1555,.F.);
#1969=ORIENTED_EDGE('',*,*,#1556,.F.);
#1970=ORIENTED_EDGE('',*,*,#1557,.T.);
#1971=ORIENTED_EDGE('',*,*,#1477,.F.);
#1972=ORIENTED_EDGE('',*,*,#1558,.F.);
#1973=ORIENTED_EDGE('',*,*,#1559,.T.);
#1974=ORIENTED_EDGE('',*,*,#1560,.T.);
#1975=ORIENTED_EDGE('',*,*,#1561,.T.);
#1976=ORIENTED_EDGE('',*,*,#1562,.F.);
#1977=ORIENTED_EDGE('',*,*,#1563,.F.);
#1978=ORIENTED_EDGE('',*,*,#1564,.T.);
#1979=ORIENTED_EDGE('',*,*,#1492,.F.);
#1980=ORIENTED_EDGE('',*,*,#1565,.F.);
#1981=ORIENTED_EDGE('',*,*,#1566,.T.);
#1982=ORIENTED_EDGE('',*,*,#1567,.T.);
#1983=ORIENTED_EDGE('',*,*,#1486,.F.);
#1984=ORIENTED_EDGE('',*,*,#1568,.F.);
#1985=ORIENTED_EDGE('',*,*,#1569,.T.);
#1986=ORIENTED_EDGE('',*,*,#1570,.T.);
#1987=ORIENTED_EDGE('',*,*,#1483,.F.);
#1988=ORIENTED_EDGE('',*,*,#1544,.F.);
#1989=ORIENTED_EDGE('',*,*,#1571,.T.);
#1990=ORIENTED_EDGE('',*,*,#1572,.T.);
#1991=ORIENTED_EDGE('',*,*,#1573,.T.);
#1992=ORIENTED_EDGE('',*,*,#1574,.F.);
#1993=ORIENTED_EDGE('',*,*,#1575,.F.);
#1994=ORIENTED_EDGE('',*,*,#1576,.T.);
#1995=ORIENTED_EDGE('',*,*,#1473,.F.);
#1996=ORIENTED_EDGE('',*,*,#1577,.F.);
#1997=ORIENTED_EDGE('',*,*,#1578,.T.);
#1998=ORIENTED_EDGE('',*,*,#1579,.T.);
#1999=ORIENTED_EDGE('',*,*,#1580,.T.);
#2000=ORIENTED_EDGE('',*,*,#1581,.F.);
#2001=ORIENTED_EDGE('',*,*,#1582,.F.);
#2002=ORIENTED_EDGE('',*,*,#1583,.T.);
#2003=ORIENTED_EDGE('',*,*,#1493,.F.);
#2004=ORIENTED_EDGE('',*,*,#1567,.F.);
#2005=ORIENTED_EDGE('',*,*,#1584,.T.);
#2006=ORIENTED_EDGE('',*,*,#1585,.T.);
#2007=ORIENTED_EDGE('',*,*,#1586,.T.);
#2008=ORIENTED_EDGE('',*,*,#1587,.F.);
#2009=ORIENTED_EDGE('',*,*,#1588,.F.);
#2010=ORIENTED_EDGE('',*,*,#1589,.T.);
#2011=ORIENTED_EDGE('',*,*,#1505,.F.);
#2012=ORIENTED_EDGE('',*,*,#1590,.F.);
#2013=ORIENTED_EDGE('',*,*,#1591,.F.);
#2014=ORIENTED_EDGE('',*,*,#1592,.F.);
#2015=ORIENTED_EDGE('',*,*,#1463,.F.);
#2016=ORIENTED_EDGE('',*,*,#1519,.F.);
#2017=ORIENTED_EDGE('',*,*,#1593,.F.);
#2018=ORIENTED_EDGE('',*,*,#1527,.F.);
#2019=ORIENTED_EDGE('',*,*,#1594,.F.);
#2020=ORIENTED_EDGE('',*,*,#1595,.F.);
#2021=ORIENTED_EDGE('',*,*,#1494,.F.);
#2022=ORIENTED_EDGE('',*,*,#1589,.F.);
#2023=ORIENTED_EDGE('',*,*,#1596,.T.);
#2024=ORIENTED_EDGE('',*,*,#1597,.T.);
#2025=ORIENTED_EDGE('',*,*,#1487,.F.);
#2026=ORIENTED_EDGE('',*,*,#1570,.F.);
#2027=ORIENTED_EDGE('',*,*,#1598,.T.);
#2028=ORIENTED_EDGE('',*,*,#1599,.T.);
#2029=ORIENTED_EDGE('',*,*,#1600,.T.);
#2030=ORIENTED_EDGE('',*,*,#1601,.F.);
#2031=ORIENTED_EDGE('',*,*,#1602,.F.);
#2032=ORIENTED_EDGE('',*,*,#1548,.T.);
#2033=ORIENTED_EDGE('',*,*,#1495,.F.);
#2034=ORIENTED_EDGE('',*,*,#1597,.F.);
#2035=ORIENTED_EDGE('',*,*,#1603,.T.);
#2036=ORIENTED_EDGE('',*,*,#1604,.T.);
#2037=ORIENTED_EDGE('',*,*,#1605,.T.);
#2038=ORIENTED_EDGE('',*,*,#1606,.F.);
#2039=ORIENTED_EDGE('',*,*,#1607,.F.);
#2040=ORIENTED_EDGE('',*,*,#1565,.T.);
#2041=ORIENTED_EDGE('',*,*,#1491,.F.);
#2042=ORIENTED_EDGE('',*,*,#1608,.F.);
#2043=ORIENTED_EDGE('',*,*,#1609,.T.);
#2044=ORIENTED_EDGE('',*,*,#1610,.T.);
#2045=ORIENTED_EDGE('',*,*,#1611,.T.);
#2046=ORIENTED_EDGE('',*,*,#1612,.F.);
#2047=ORIENTED_EDGE('',*,*,#1613,.F.);
#2048=ORIENTED_EDGE('',*,*,#1614,.T.);
#2049=ORIENTED_EDGE('',*,*,#1490,.F.);
#2050=ORIENTED_EDGE('',*,*,#1615,.F.);
#2051=ORIENTED_EDGE('',*,*,#1616,.T.);
#2052=ORIENTED_EDGE('',*,*,#1608,.T.);
#2053=ORIENTED_EDGE('',*,*,#1470,.F.);
#2054=ORIENTED_EDGE('',*,*,#1541,.F.);
#2055=ORIENTED_EDGE('',*,*,#1617,.T.);
#2056=ORIENTED_EDGE('',*,*,#1618,.T.);
#2057=ORIENTED_EDGE('',*,*,#1466,.F.);
#2058=ORIENTED_EDGE('',*,*,#1619,.F.);
#2059=ORIENTED_EDGE('',*,*,#1620,.T.);
#2060=ORIENTED_EDGE('',*,*,#1621,.T.);
#2061=ORIENTED_EDGE('',*,*,#1464,.F.);
#2062=ORIENTED_EDGE('',*,*,#1622,.F.);
#2063=ORIENTED_EDGE('',*,*,#1623,.T.);
#2064=ORIENTED_EDGE('',*,*,#1624,.T.);
#2065=ORIENTED_EDGE('',*,*,#1489,.F.);
#2066=ORIENTED_EDGE('',*,*,#1625,.F.);
#2067=ORIENTED_EDGE('',*,*,#1626,.T.);
#2068=ORIENTED_EDGE('',*,*,#1627,.T.);
#2069=ORIENTED_EDGE('',*,*,#1628,.T.);
#2070=ORIENTED_EDGE('',*,*,#1629,.F.);
#2071=ORIENTED_EDGE('',*,*,#1630,.F.);
#2072=ORIENTED_EDGE('',*,*,#1615,.T.);
#2073=ORIENTED_EDGE('',*,*,#1471,.F.);
#2074=ORIENTED_EDGE('',*,*,#1618,.F.);
#2075=ORIENTED_EDGE('',*,*,#1631,.T.);
#2076=ORIENTED_EDGE('',*,*,#1632,.T.);
#2077=ORIENTED_EDGE('',*,*,#1633,.T.);
#2078=ORIENTED_EDGE('',*,*,#1634,.F.);
#2079=ORIENTED_EDGE('',*,*,#1635,.F.);
#2080=ORIENTED_EDGE('',*,*,#1636,.T.);
#2081=ORIENTED_EDGE('',*,*,#1478,.F.);
#2082=ORIENTED_EDGE('',*,*,#1564,.F.);
#2083=ORIENTED_EDGE('',*,*,#1637,.T.);
#2084=ORIENTED_EDGE('',*,*,#1551,.T.);
#2085=ORIENTED_EDGE('',*,*,#1476,.F.);
#2086=ORIENTED_EDGE('',*,*,#1557,.F.);
#2087=ORIENTED_EDGE('',*,*,#1638,.T.);
#2088=ORIENTED_EDGE('',*,*,#1558,.T.);
#2089=ORIENTED_EDGE('',*,*,#1472,.F.);
#2090=ORIENTED_EDGE('',*,*,#1639,.F.);
#2091=ORIENTED_EDGE('',*,*,#1640,.T.);
#2092=ORIENTED_EDGE('',*,*,#1577,.T.);
#2093=ORIENTED_EDGE('',*,*,#1474,.F.);
#2094=ORIENTED_EDGE('',*,*,#1583,.F.);
#2095=ORIENTED_EDGE('',*,*,#1641,.T.);
#2096=ORIENTED_EDGE('',*,*,#1642,.T.);
#2097=ORIENTED_EDGE('',*,*,#1467,.F.);
#2098=ORIENTED_EDGE('',*,*,#1621,.F.);
#2099=ORIENTED_EDGE('',*,*,#1643,.T.);
#2100=ORIENTED_EDGE('',*,*,#1644,.T.);
#2101=ORIENTED_EDGE('',*,*,#1645,.T.);
#2102=ORIENTED_EDGE('',*,*,#1646,.F.);
#2103=ORIENTED_EDGE('',*,*,#1647,.F.);
#2104=ORIENTED_EDGE('',*,*,#1622,.T.);
#2105=ORIENTED_EDGE('',*,*,#1592,.T.);
#2106=ORIENTED_EDGE('',*,*,#1648,.F.);
#2107=ORIENTED_EDGE('',*,*,#1545,.F.);
#2108=ORIENTED_EDGE('',*,*,#1459,.T.);
#2109=ORIENTED_EDGE('',*,*,#1481,.F.);
#2110=ORIENTED_EDGE('',*,*,#1649,.F.);
#2111=ORIENTED_EDGE('',*,*,#1650,.T.);
#2112=ORIENTED_EDGE('',*,*,#1651,.T.);
#2113=ORIENTED_EDGE('',*,*,#1652,.T.);
#2114=ORIENTED_EDGE('',*,*,#1653,.F.);
#2115=ORIENTED_EDGE('',*,*,#1654,.F.);
#2116=ORIENTED_EDGE('',*,*,#1542,.T.);
#2117=ORIENTED_EDGE('',*,*,#1488,.F.);
#2118=ORIENTED_EDGE('',*,*,#1614,.F.);
#2119=ORIENTED_EDGE('',*,*,#1655,.T.);
#2120=ORIENTED_EDGE('',*,*,#1625,.T.);
#2121=ORIENTED_EDGE('',*,*,#1485,.F.);
#2122=ORIENTED_EDGE('',*,*,#1550,.F.);
#2123=ORIENTED_EDGE('',*,*,#1656,.T.);
#2124=ORIENTED_EDGE('',*,*,#1657,.T.);
#2125=ORIENTED_EDGE('',*,*,#1658,.T.);
#2126=ORIENTED_EDGE('',*,*,#1659,.F.);
#2127=ORIENTED_EDGE('',*,*,#1660,.F.);
#2128=ORIENTED_EDGE('',*,*,#1568,.T.);
#2129=ORIENTED_EDGE('',*,*,#1475,.F.);
#2130=ORIENTED_EDGE('',*,*,#1642,.F.);
#2131=ORIENTED_EDGE('',*,*,#1661,.T.);
#2132=ORIENTED_EDGE('',*,*,#1662,.T.);
#2133=ORIENTED_EDGE('',*,*,#1663,.T.);
#2134=ORIENTED_EDGE('',*,*,#1664,.F.);
#2135=ORIENTED_EDGE('',*,*,#1665,.F.);
#2136=ORIENTED_EDGE('',*,*,#1639,.T.);
#2137=ORIENTED_EDGE('',*,*,#1465,.F.);
#2138=ORIENTED_EDGE('',*,*,#1624,.F.);
#2139=ORIENTED_EDGE('',*,*,#1666,.T.);
#2140=ORIENTED_EDGE('',*,*,#1667,.T.);
#2141=ORIENTED_EDGE('',*,*,#1668,.T.);
#2142=ORIENTED_EDGE('',*,*,#1669,.F.);
#2143=ORIENTED_EDGE('',*,*,#1670,.F.);
#2144=ORIENTED_EDGE('',*,*,#1619,.T.);
#2145=ORIENTED_EDGE('',*,*,#1468,.F.);
#2146=ORIENTED_EDGE('',*,*,#1636,.F.);
#2147=ORIENTED_EDGE('',*,*,#1671,.T.);
#2148=ORIENTED_EDGE('',*,*,#1535,.T.);
#2149=ORIENTED_EDGE('',*,*,#1480,.F.);
#2150=ORIENTED_EDGE('',*,*,#1576,.F.);
#2151=ORIENTED_EDGE('',*,*,#1672,.T.);
#2152=ORIENTED_EDGE('',*,*,#1649,.T.);
#2153=ORIENTED_EDGE('',*,*,#1500,.T.);
#2154=ORIENTED_EDGE('',*,*,#1673,.F.);
#2155=ORIENTED_EDGE('',*,*,#1674,.F.);
#2156=ORIENTED_EDGE('',*,*,#1675,.T.);
#2157=ORIENTED_EDGE('',*,*,#1676,.F.);
#2158=ORIENTED_EDGE('',*,*,#1677,.T.);
#2159=ORIENTED_EDGE('',*,*,#1498,.T.);
#2160=ORIENTED_EDGE('',*,*,#1595,.T.);
#2161=ORIENTED_EDGE('',*,*,#1590,.T.);
#2162=ORIENTED_EDGE('',*,*,#1504,.F.);
#2163=ORIENTED_EDGE('',*,*,#1547,.F.);
#2164=ORIENTED_EDGE('',*,*,#1678,.T.);
#2165=ORIENTED_EDGE('',*,*,#1679,.F.);
#2166=ORIENTED_EDGE('',*,*,#1525,.F.);
#2167=ORIENTED_EDGE('',*,*,#1680,.F.);
#2168=ORIENTED_EDGE('',*,*,#1673,.T.);
#2169=ORIENTED_EDGE('',*,*,#1499,.T.);
#2170=ORIENTED_EDGE('',*,*,#1677,.F.);
#2171=ORIENTED_EDGE('',*,*,#1501,.T.);
#2172=ORIENTED_EDGE('',*,*,#1675,.F.);
#2173=ORIENTED_EDGE('',*,*,#1681,.F.);
#2174=ORIENTED_EDGE('',*,*,#1523,.T.);
#2175=ORIENTED_EDGE('',*,*,#1534,.F.);
#2176=ORIENTED_EDGE('',*,*,#1509,.F.);
#2177=ORIENTED_EDGE('',*,*,#1521,.T.);
#2178=ORIENTED_EDGE('',*,*,#1682,.T.);
#2179=ORIENTED_EDGE('',*,*,#1511,.T.);
#2180=ORIENTED_EDGE('',*,*,#1507,.F.);
#2181=ORIENTED_EDGE('',*,*,#1530,.T.);
#2182=ORIENTED_EDGE('',*,*,#1683,.T.);
#2183=ORIENTED_EDGE('',*,*,#1516,.T.);
#2184=ORIENTED_EDGE('',*,*,#1684,.F.);
#2185=ORIENTED_EDGE('',*,*,#1531,.T.);
#2186=ORIENTED_EDGE('',*,*,#1684,.T.);
#2187=ORIENTED_EDGE('',*,*,#1515,.T.);
#2188=ORIENTED_EDGE('',*,*,#1685,.F.);
#2189=ORIENTED_EDGE('',*,*,#1529,.T.);
#2190=ORIENTED_EDGE('',*,*,#1686,.T.);
#2191=ORIENTED_EDGE('',*,*,#1517,.T.);
#2192=ORIENTED_EDGE('',*,*,#1683,.F.);
#2193=ORIENTED_EDGE('',*,*,#1518,.F.);
#2194=ORIENTED_EDGE('',*,*,#1686,.F.);
#2195=ORIENTED_EDGE('',*,*,#1528,.T.);
#2196=ORIENTED_EDGE('',*,*,#1593,.T.);
#2197=ORIENTED_EDGE('',*,*,#1533,.T.);
#2198=ORIENTED_EDGE('',*,*,#1687,.T.);
#2199=ORIENTED_EDGE('',*,*,#1513,.T.);
#2200=ORIENTED_EDGE('',*,*,#1688,.F.);
#2201=ORIENTED_EDGE('',*,*,#1514,.F.);
#2202=ORIENTED_EDGE('',*,*,#1687,.F.);
#2203=ORIENTED_EDGE('',*,*,#1532,.T.);
#2204=ORIENTED_EDGE('',*,*,#1685,.T.);
#2205=ORIENTED_EDGE('',*,*,#1520,.T.);
#2206=ORIENTED_EDGE('',*,*,#1688,.T.);
#2207=ORIENTED_EDGE('',*,*,#1512,.T.);
#2208=ORIENTED_EDGE('',*,*,#1682,.F.);
#2209=ORIENTED_EDGE('',*,*,#1526,.F.);
#2210=ORIENTED_EDGE('',*,*,#1679,.T.);
#2211=ORIENTED_EDGE('',*,*,#1676,.T.);
#2212=ORIENTED_EDGE('',*,*,#1594,.T.);
#2213=ORIENTED_EDGE('',*,*,#1680,.T.);
#2214=ORIENTED_EDGE('',*,*,#1524,.T.);
#2215=ORIENTED_EDGE('',*,*,#1681,.T.);
#2216=ORIENTED_EDGE('',*,*,#1674,.T.);
#2217=ORIENTED_EDGE('',*,*,#1689,.F.);
#2218=ORIENTED_EDGE('',*,*,#1690,.F.);
#2219=ORIENTED_EDGE('',*,*,#1691,.F.);
#2220=ORIENTED_EDGE('',*,*,#1692,.F.);
#2221=ORIENTED_EDGE('',*,*,#1693,.F.);
#2222=ORIENTED_EDGE('',*,*,#1694,.F.);
#2223=ORIENTED_EDGE('',*,*,#1695,.F.);
#2224=ORIENTED_EDGE('',*,*,#1696,.F.);
#2225=ORIENTED_EDGE('',*,*,#1697,.F.);
#2226=ORIENTED_EDGE('',*,*,#1698,.F.);
#2227=ORIENTED_EDGE('',*,*,#1699,.F.);
#2228=ORIENTED_EDGE('',*,*,#1700,.F.);
#2229=ORIENTED_EDGE('',*,*,#1701,.F.);
#2230=ORIENTED_EDGE('',*,*,#1702,.F.);
#2231=ORIENTED_EDGE('',*,*,#1703,.F.);
#2232=ORIENTED_EDGE('',*,*,#1704,.F.);
#2233=ORIENTED_EDGE('',*,*,#1705,.F.);
#2234=ORIENTED_EDGE('',*,*,#1706,.F.);
#2235=ORIENTED_EDGE('',*,*,#1707,.F.);
#2236=ORIENTED_EDGE('',*,*,#1708,.F.);
#2237=ORIENTED_EDGE('',*,*,#1709,.F.);
#2238=ORIENTED_EDGE('',*,*,#1710,.F.);
#2239=ORIENTED_EDGE('',*,*,#1711,.F.);
#2240=ORIENTED_EDGE('',*,*,#1712,.F.);
#2241=ORIENTED_EDGE('',*,*,#1713,.F.);
#2242=ORIENTED_EDGE('',*,*,#1714,.F.);
#2243=ORIENTED_EDGE('',*,*,#1715,.F.);
#2244=ORIENTED_EDGE('',*,*,#1716,.F.);
#2245=ORIENTED_EDGE('',*,*,#1717,.F.);
#2246=ORIENTED_EDGE('',*,*,#1718,.F.);
#2247=ORIENTED_EDGE('',*,*,#1719,.F.);
#2248=ORIENTED_EDGE('',*,*,#1720,.F.);
#2249=ORIENTED_EDGE('',*,*,#1671,.F.);
#2250=ORIENTED_EDGE('',*,*,#1635,.T.);
#2251=ORIENTED_EDGE('',*,*,#1721,.T.);
#2252=ORIENTED_EDGE('',*,*,#1536,.F.);
#2253=ORIENTED_EDGE('',*,*,#1721,.F.);
#2254=ORIENTED_EDGE('',*,*,#1634,.T.);
#2255=ORIENTED_EDGE('',*,*,#1722,.T.);
#2256=ORIENTED_EDGE('',*,*,#1537,.F.);
#2257=ORIENTED_EDGE('',*,*,#1617,.F.);
#2258=ORIENTED_EDGE('',*,*,#1540,.T.);
#2259=ORIENTED_EDGE('',*,*,#1723,.T.);
#2260=ORIENTED_EDGE('',*,*,#1631,.F.);
#2261=ORIENTED_EDGE('',*,*,#1538,.F.);
#2262=ORIENTED_EDGE('',*,*,#1722,.F.);
#2263=ORIENTED_EDGE('',*,*,#1633,.F.);
#2264=ORIENTED_EDGE('',*,*,#1724,.F.);
#2265=ORIENTED_EDGE('',*,*,#1723,.F.);
#2266=ORIENTED_EDGE('',*,*,#1539,.T.);
#2267=ORIENTED_EDGE('',*,*,#1724,.T.);
#2268=ORIENTED_EDGE('',*,*,#1632,.F.);
#2269=ORIENTED_EDGE('',*,*,#1543,.F.);
#2270=ORIENTED_EDGE('',*,*,#1654,.T.);
#2271=ORIENTED_EDGE('',*,*,#1725,.T.);
#2272=ORIENTED_EDGE('',*,*,#1571,.F.);
#2273=ORIENTED_EDGE('',*,*,#1591,.T.);
#2274=ORIENTED_EDGE('',*,*,#1678,.F.);
#2275=ORIENTED_EDGE('',*,*,#1546,.F.);
#2276=ORIENTED_EDGE('',*,*,#1648,.T.);
#2277=ORIENTED_EDGE('',*,*,#1549,.F.);
#2278=ORIENTED_EDGE('',*,*,#1602,.T.);
#2279=ORIENTED_EDGE('',*,*,#1726,.T.);
#2280=ORIENTED_EDGE('',*,*,#1656,.F.);
#2281=ORIENTED_EDGE('',*,*,#1637,.F.);
#2282=ORIENTED_EDGE('',*,*,#1563,.T.);
#2283=ORIENTED_EDGE('',*,*,#1727,.T.);
#2284=ORIENTED_EDGE('',*,*,#1552,.F.);
#2285=ORIENTED_EDGE('',*,*,#1727,.F.);
#2286=ORIENTED_EDGE('',*,*,#1562,.T.);
#2287=ORIENTED_EDGE('',*,*,#1728,.T.);
#2288=ORIENTED_EDGE('',*,*,#1553,.F.);
#2289=ORIENTED_EDGE('',*,*,#1561,.F.);
#2290=ORIENTED_EDGE('',*,*,#1729,.F.);
#2291=ORIENTED_EDGE('',*,*,#1554,.F.);
#2292=ORIENTED_EDGE('',*,*,#1728,.F.);
#2293=ORIENTED_EDGE('',*,*,#1638,.F.);
#2294=ORIENTED_EDGE('',*,*,#1556,.T.);
#2295=ORIENTED_EDGE('',*,*,#1730,.T.);
#2296=ORIENTED_EDGE('',*,*,#1559,.F.);
#2297=ORIENTED_EDGE('',*,*,#1730,.F.);
#2298=ORIENTED_EDGE('',*,*,#1555,.T.);
#2299=ORIENTED_EDGE('',*,*,#1729,.T.);
#2300=ORIENTED_EDGE('',*,*,#1560,.F.);
#2301=ORIENTED_EDGE('',*,*,#1566,.F.);
#2302=ORIENTED_EDGE('',*,*,#1607,.T.);
#2303=ORIENTED_EDGE('',*,*,#1731,.T.);
#2304=ORIENTED_EDGE('',*,*,#1584,.F.);
#2305=ORIENTED_EDGE('',*,*,#1569,.F.);
#2306=ORIENTED_EDGE('',*,*,#1660,.T.);
#2307=ORIENTED_EDGE('',*,*,#1732,.T.);
#2308=ORIENTED_EDGE('',*,*,#1598,.F.);
#2309=ORIENTED_EDGE('',*,*,#1652,.F.);
#2310=ORIENTED_EDGE('',*,*,#1733,.F.);
#2311=ORIENTED_EDGE('',*,*,#1573,.F.);
#2312=ORIENTED_EDGE('',*,*,#1734,.F.);
#2313=ORIENTED_EDGE('',*,*,#1672,.F.);
#2314=ORIENTED_EDGE('',*,*,#1575,.T.);
#2315=ORIENTED_EDGE('',*,*,#1735,.T.);
#2316=ORIENTED_EDGE('',*,*,#1650,.F.);
#2317=ORIENTED_EDGE('',*,*,#1735,.F.);
#2318=ORIENTED_EDGE('',*,*,#1574,.T.);
#2319=ORIENTED_EDGE('',*,*,#1733,.T.);
#2320=ORIENTED_EDGE('',*,*,#1651,.F.);
#2321=ORIENTED_EDGE('',*,*,#1725,.F.);
#2322=ORIENTED_EDGE('',*,*,#1653,.T.);
#2323=ORIENTED_EDGE('',*,*,#1734,.T.);
#2324=ORIENTED_EDGE('',*,*,#1572,.F.);
#2325=ORIENTED_EDGE('',*,*,#1641,.F.);
#2326=ORIENTED_EDGE('',*,*,#1582,.T.);
#2327=ORIENTED_EDGE('',*,*,#1736,.T.);
#2328=ORIENTED_EDGE('',*,*,#1661,.F.);
#2329=ORIENTED_EDGE('',*,*,#1640,.F.);
#2330=ORIENTED_EDGE('',*,*,#1665,.T.);
#2331=ORIENTED_EDGE('',*,*,#1737,.T.);
#2332=ORIENTED_EDGE('',*,*,#1578,.F.);
#2333=ORIENTED_EDGE('',*,*,#1736,.F.);
#2334=ORIENTED_EDGE('',*,*,#1581,.T.);
#2335=ORIENTED_EDGE('',*,*,#1738,.T.);
#2336=ORIENTED_EDGE('',*,*,#1662,.F.);
#2337=ORIENTED_EDGE('',*,*,#1737,.F.);
#2338=ORIENTED_EDGE('',*,*,#1664,.T.);
#2339=ORIENTED_EDGE('',*,*,#1739,.T.);
#2340=ORIENTED_EDGE('',*,*,#1579,.F.);
#2341=ORIENTED_EDGE('',*,*,#1580,.F.);
#2342=ORIENTED_EDGE('',*,*,#1739,.F.);
#2343=ORIENTED_EDGE('',*,*,#1663,.F.);
#2344=ORIENTED_EDGE('',*,*,#1738,.F.);
#2345=ORIENTED_EDGE('',*,*,#1596,.F.);
#2346=ORIENTED_EDGE('',*,*,#1588,.T.);
#2347=ORIENTED_EDGE('',*,*,#1740,.T.);
#2348=ORIENTED_EDGE('',*,*,#1603,.F.);
#2349=ORIENTED_EDGE('',*,*,#1731,.F.);
#2350=ORIENTED_EDGE('',*,*,#1606,.T.);
#2351=ORIENTED_EDGE('',*,*,#1741,.T.);
#2352=ORIENTED_EDGE('',*,*,#1585,.F.);
#2353=ORIENTED_EDGE('',*,*,#1740,.F.);
#2354=ORIENTED_EDGE('',*,*,#1587,.T.);
#2355=ORIENTED_EDGE('',*,*,#1742,.T.);
#2356=ORIENTED_EDGE('',*,*,#1604,.F.);
#2357=ORIENTED_EDGE('',*,*,#1586,.F.);
#2358=ORIENTED_EDGE('',*,*,#1741,.F.);
#2359=ORIENTED_EDGE('',*,*,#1605,.F.);
#2360=ORIENTED_EDGE('',*,*,#1742,.F.);
#2361=ORIENTED_EDGE('',*,*,#1732,.F.);
#2362=ORIENTED_EDGE('',*,*,#1659,.T.);
#2363=ORIENTED_EDGE('',*,*,#1743,.T.);
#2364=ORIENTED_EDGE('',*,*,#1599,.F.);
#2365=ORIENTED_EDGE('',*,*,#1658,.F.);
#2366=ORIENTED_EDGE('',*,*,#1744,.F.);
#2367=ORIENTED_EDGE('',*,*,#1600,.F.);
#2368=ORIENTED_EDGE('',*,*,#1743,.F.);
#2369=ORIENTED_EDGE('',*,*,#1726,.F.);
#2370=ORIENTED_EDGE('',*,*,#1601,.T.);
#2371=ORIENTED_EDGE('',*,*,#1744,.T.);
#2372=ORIENTED_EDGE('',*,*,#1657,.F.);
#2373=ORIENTED_EDGE('',*,*,#1655,.F.);
#2374=ORIENTED_EDGE('',*,*,#1613,.T.);
#2375=ORIENTED_EDGE('',*,*,#1745,.T.);
#2376=ORIENTED_EDGE('',*,*,#1626,.F.);
#2377=ORIENTED_EDGE('',*,*,#1745,.F.);
#2378=ORIENTED_EDGE('',*,*,#1612,.T.);
#2379=ORIENTED_EDGE('',*,*,#1746,.T.);
#2380=ORIENTED_EDGE('',*,*,#1627,.F.);
#2381=ORIENTED_EDGE('',*,*,#1616,.F.);
#2382=ORIENTED_EDGE('',*,*,#1630,.T.);
#2383=ORIENTED_EDGE('',*,*,#1747,.T.);
#2384=ORIENTED_EDGE('',*,*,#1609,.F.);
#2385=ORIENTED_EDGE('',*,*,#1628,.F.);
#2386=ORIENTED_EDGE('',*,*,#1746,.F.);
#2387=ORIENTED_EDGE('',*,*,#1611,.F.);
#2388=ORIENTED_EDGE('',*,*,#1748,.F.);
#2389=ORIENTED_EDGE('',*,*,#1747,.F.);
#2390=ORIENTED_EDGE('',*,*,#1629,.T.);
#2391=ORIENTED_EDGE('',*,*,#1748,.T.);
#2392=ORIENTED_EDGE('',*,*,#1610,.F.);
#2393=ORIENTED_EDGE('',*,*,#1620,.F.);
#2394=ORIENTED_EDGE('',*,*,#1670,.T.);
#2395=ORIENTED_EDGE('',*,*,#1749,.T.);
#2396=ORIENTED_EDGE('',*,*,#1643,.F.);
#2397=ORIENTED_EDGE('',*,*,#1623,.F.);
#2398=ORIENTED_EDGE('',*,*,#1647,.T.);
#2399=ORIENTED_EDGE('',*,*,#1750,.T.);
#2400=ORIENTED_EDGE('',*,*,#1666,.F.);
#2401=ORIENTED_EDGE('',*,*,#1749,.F.);
#2402=ORIENTED_EDGE('',*,*,#1669,.T.);
#2403=ORIENTED_EDGE('',*,*,#1751,.T.);
#2404=ORIENTED_EDGE('',*,*,#1644,.F.);
#2405=ORIENTED_EDGE('',*,*,#1750,.F.);
#2406=ORIENTED_EDGE('',*,*,#1646,.T.);
#2407=ORIENTED_EDGE('',*,*,#1752,.T.);
#2408=ORIENTED_EDGE('',*,*,#1667,.F.);
#2409=ORIENTED_EDGE('',*,*,#1668,.F.);
#2410=ORIENTED_EDGE('',*,*,#1752,.F.);
#2411=ORIENTED_EDGE('',*,*,#1645,.F.);
#2412=ORIENTED_EDGE('',*,*,#1751,.F.);
#2413=ORIENTED_EDGE('',*,*,#1700,.T.);
#2414=ORIENTED_EDGE('',*,*,#1753,.F.);
#2415=ORIENTED_EDGE('',*,*,#1754,.F.);
#2416=ORIENTED_EDGE('',*,*,#1755,.T.);
#2417=ORIENTED_EDGE('',*,*,#1693,.T.);
#2418=ORIENTED_EDGE('',*,*,#1756,.F.);
#2419=ORIENTED_EDGE('',*,*,#1757,.F.);
#2420=ORIENTED_EDGE('',*,*,#1758,.T.);
#2421=ORIENTED_EDGE('',*,*,#1699,.T.);
#2422=ORIENTED_EDGE('',*,*,#1759,.F.);
#2423=ORIENTED_EDGE('',*,*,#1760,.F.);
#2424=ORIENTED_EDGE('',*,*,#1753,.T.);
#2425=ORIENTED_EDGE('',*,*,#1702,.T.);
#2426=ORIENTED_EDGE('',*,*,#1761,.F.);
#2427=ORIENTED_EDGE('',*,*,#1762,.F.);
#2428=ORIENTED_EDGE('',*,*,#1763,.T.);
#2429=ORIENTED_EDGE('',*,*,#1690,.T.);
#2430=ORIENTED_EDGE('',*,*,#1764,.F.);
#2431=ORIENTED_EDGE('',*,*,#1765,.F.);
#2432=ORIENTED_EDGE('',*,*,#1766,.T.);
#2433=ORIENTED_EDGE('',*,*,#1719,.T.);
#2434=ORIENTED_EDGE('',*,*,#1767,.F.);
#2435=ORIENTED_EDGE('',*,*,#1768,.F.);
#2436=ORIENTED_EDGE('',*,*,#1769,.T.);
#2437=ORIENTED_EDGE('',*,*,#1706,.T.);
#2438=ORIENTED_EDGE('',*,*,#1770,.F.);
#2439=ORIENTED_EDGE('',*,*,#1771,.F.);
#2440=ORIENTED_EDGE('',*,*,#1772,.T.);
#2441=ORIENTED_EDGE('',*,*,#1697,.T.);
#2442=ORIENTED_EDGE('',*,*,#1755,.F.);
#2443=ORIENTED_EDGE('',*,*,#1773,.F.);
#2444=ORIENTED_EDGE('',*,*,#1774,.T.);
#2445=ORIENTED_EDGE('',*,*,#1718,.T.);
#2446=ORIENTED_EDGE('',*,*,#1775,.F.);
#2447=ORIENTED_EDGE('',*,*,#1776,.F.);
#2448=ORIENTED_EDGE('',*,*,#1767,.T.);
#2449=ORIENTED_EDGE('',*,*,#1714,.T.);
#2450=ORIENTED_EDGE('',*,*,#1777,.F.);
#2451=ORIENTED_EDGE('',*,*,#1778,.F.);
#2452=ORIENTED_EDGE('',*,*,#1779,.T.);
#2453=ORIENTED_EDGE('',*,*,#1709,.T.);
#2454=ORIENTED_EDGE('',*,*,#1780,.F.);
#2455=ORIENTED_EDGE('',*,*,#1781,.F.);
#2456=ORIENTED_EDGE('',*,*,#1782,.T.);
#2457=ORIENTED_EDGE('',*,*,#1720,.T.);
#2458=ORIENTED_EDGE('',*,*,#1769,.F.);
#2459=ORIENTED_EDGE('',*,*,#1783,.F.);
#2460=ORIENTED_EDGE('',*,*,#1784,.T.);
#2461=ORIENTED_EDGE('',*,*,#1701,.T.);
#2462=ORIENTED_EDGE('',*,*,#1785,.F.);
#2463=ORIENTED_EDGE('',*,*,#1786,.F.);
#2464=ORIENTED_EDGE('',*,*,#1761,.T.);
#2465=ORIENTED_EDGE('',*,*,#1708,.T.);
#2466=ORIENTED_EDGE('',*,*,#1787,.F.);
#2467=ORIENTED_EDGE('',*,*,#1788,.F.);
#2468=ORIENTED_EDGE('',*,*,#1789,.T.);
#2469=ORIENTED_EDGE('',*,*,#1704,.T.);
#2470=ORIENTED_EDGE('',*,*,#1790,.F.);
#2471=ORIENTED_EDGE('',*,*,#1791,.F.);
#2472=ORIENTED_EDGE('',*,*,#1785,.T.);
#2473=ORIENTED_EDGE('',*,*,#1692,.T.);
#2474=ORIENTED_EDGE('',*,*,#1792,.F.);
#2475=ORIENTED_EDGE('',*,*,#1793,.F.);
#2476=ORIENTED_EDGE('',*,*,#1794,.T.);
#2477=ORIENTED_EDGE('',*,*,#1713,.T.);
#2478=ORIENTED_EDGE('',*,*,#1795,.F.);
#2479=ORIENTED_EDGE('',*,*,#1796,.F.);
#2480=ORIENTED_EDGE('',*,*,#1777,.T.);
#2481=ORIENTED_EDGE('',*,*,#1716,.T.);
#2482=ORIENTED_EDGE('',*,*,#1797,.F.);
#2483=ORIENTED_EDGE('',*,*,#1798,.F.);
#2484=ORIENTED_EDGE('',*,*,#1795,.T.);
#2485=ORIENTED_EDGE('',*,*,#1710,.T.);
#2486=ORIENTED_EDGE('',*,*,#1782,.F.);
#2487=ORIENTED_EDGE('',*,*,#1799,.F.);
#2488=ORIENTED_EDGE('',*,*,#1800,.T.);
#2489=ORIENTED_EDGE('',*,*,#1694,.T.);
#2490=ORIENTED_EDGE('',*,*,#1758,.F.);
#2491=ORIENTED_EDGE('',*,*,#1801,.F.);
#2492=ORIENTED_EDGE('',*,*,#1802,.T.);
#2493=ORIENTED_EDGE('',*,*,#1691,.T.);
#2494=ORIENTED_EDGE('',*,*,#1766,.F.);
#2495=ORIENTED_EDGE('',*,*,#1803,.F.);
#2496=ORIENTED_EDGE('',*,*,#1792,.T.);
#2497=ORIENTED_EDGE('',*,*,#1717,.T.);
#2498=ORIENTED_EDGE('',*,*,#1784,.F.);
#2499=ORIENTED_EDGE('',*,*,#1804,.F.);
#2500=ORIENTED_EDGE('',*,*,#1775,.T.);
#2501=ORIENTED_EDGE('',*,*,#1707,.T.);
#2502=ORIENTED_EDGE('',*,*,#1772,.F.);
#2503=ORIENTED_EDGE('',*,*,#1805,.F.);
#2504=ORIENTED_EDGE('',*,*,#1787,.T.);
#2505=ORIENTED_EDGE('',*,*,#1703,.T.);
#2506=ORIENTED_EDGE('',*,*,#1763,.F.);
#2507=ORIENTED_EDGE('',*,*,#1806,.F.);
#2508=ORIENTED_EDGE('',*,*,#1790,.T.);
#2509=ORIENTED_EDGE('',*,*,#1712,.T.);
#2510=ORIENTED_EDGE('',*,*,#1807,.F.);
#2511=ORIENTED_EDGE('',*,*,#1808,.F.);
#2512=ORIENTED_EDGE('',*,*,#1780,.T.);
#2513=ORIENTED_EDGE('',*,*,#1689,.T.);
#2514=ORIENTED_EDGE('',*,*,#1794,.F.);
#2515=ORIENTED_EDGE('',*,*,#1809,.F.);
#2516=ORIENTED_EDGE('',*,*,#1764,.T.);
#2517=ORIENTED_EDGE('',*,*,#1715,.T.);
#2518=ORIENTED_EDGE('',*,*,#1779,.F.);
#2519=ORIENTED_EDGE('',*,*,#1810,.F.);
#2520=ORIENTED_EDGE('',*,*,#1797,.T.);
#2521=ORIENTED_EDGE('',*,*,#1705,.T.);
#2522=ORIENTED_EDGE('',*,*,#1789,.F.);
#2523=ORIENTED_EDGE('',*,*,#1811,.F.);
#2524=ORIENTED_EDGE('',*,*,#1770,.T.);
#2525=ORIENTED_EDGE('',*,*,#1696,.T.);
#2526=ORIENTED_EDGE('',*,*,#1812,.F.);
#2527=ORIENTED_EDGE('',*,*,#1813,.F.);
#2528=ORIENTED_EDGE('',*,*,#1756,.T.);
#2529=ORIENTED_EDGE('',*,*,#1711,.T.);
#2530=ORIENTED_EDGE('',*,*,#1800,.F.);
#2531=ORIENTED_EDGE('',*,*,#1814,.F.);
#2532=ORIENTED_EDGE('',*,*,#1807,.T.);
#2533=ORIENTED_EDGE('',*,*,#1698,.T.);
#2534=ORIENTED_EDGE('',*,*,#1774,.F.);
#2535=ORIENTED_EDGE('',*,*,#1815,.F.);
#2536=ORIENTED_EDGE('',*,*,#1759,.T.);
#2537=ORIENTED_EDGE('',*,*,#1695,.T.);
#2538=ORIENTED_EDGE('',*,*,#1802,.F.);
#2539=ORIENTED_EDGE('',*,*,#1816,.F.);
#2540=ORIENTED_EDGE('',*,*,#1812,.T.);
#2541=ORIENTED_EDGE('',*,*,#1773,.T.);
#2542=ORIENTED_EDGE('',*,*,#1754,.T.);
#2543=ORIENTED_EDGE('',*,*,#1760,.T.);
#2544=ORIENTED_EDGE('',*,*,#1815,.T.);
#2545=ORIENTED_EDGE('',*,*,#1757,.T.);
#2546=ORIENTED_EDGE('',*,*,#1813,.T.);
#2547=ORIENTED_EDGE('',*,*,#1816,.T.);
#2548=ORIENTED_EDGE('',*,*,#1801,.T.);
#2549=ORIENTED_EDGE('',*,*,#1786,.T.);
#2550=ORIENTED_EDGE('',*,*,#1791,.T.);
#2551=ORIENTED_EDGE('',*,*,#1806,.T.);
#2552=ORIENTED_EDGE('',*,*,#1762,.T.);
#2553=ORIENTED_EDGE('',*,*,#1809,.T.);
#2554=ORIENTED_EDGE('',*,*,#1793,.T.);
#2555=ORIENTED_EDGE('',*,*,#1803,.T.);
#2556=ORIENTED_EDGE('',*,*,#1765,.T.);
#2557=ORIENTED_EDGE('',*,*,#1804,.T.);
#2558=ORIENTED_EDGE('',*,*,#1783,.T.);
#2559=ORIENTED_EDGE('',*,*,#1768,.T.);
#2560=ORIENTED_EDGE('',*,*,#1776,.T.);
#2561=ORIENTED_EDGE('',*,*,#1811,.T.);
#2562=ORIENTED_EDGE('',*,*,#1788,.T.);
#2563=ORIENTED_EDGE('',*,*,#1805,.T.);
#2564=ORIENTED_EDGE('',*,*,#1771,.T.);
#2565=ORIENTED_EDGE('',*,*,#1796,.T.);
#2566=ORIENTED_EDGE('',*,*,#1798,.T.);
#2567=ORIENTED_EDGE('',*,*,#1810,.T.);
#2568=ORIENTED_EDGE('',*,*,#1778,.T.);
#2569=ORIENTED_EDGE('',*,*,#1781,.T.);
#2570=ORIENTED_EDGE('',*,*,#1808,.T.);
#2571=ORIENTED_EDGE('',*,*,#1814,.T.);
#2572=ORIENTED_EDGE('',*,*,#1799,.T.);
#2573=PLANE('',#2859);
#2574=PLANE('',#2860);
#2575=PLANE('',#2861);
#2576=PLANE('',#2862);
#2577=PLANE('',#2863);
#2578=PLANE('',#2864);
#2579=PLANE('',#2865);
#2580=PLANE('',#2866);
#2581=PLANE('',#2867);
#2582=PLANE('',#2868);
#2583=PLANE('',#2869);
#2584=PLANE('',#2870);
#2585=PLANE('',#2871);
#2586=PLANE('',#2872);
#2587=PLANE('',#2875);
#2588=PLANE('',#2876);
#2589=PLANE('',#2877);
#2590=PLANE('',#2878);
#2591=PLANE('',#2881);
#2592=PLANE('',#2884);
#2593=PLANE('',#2885);
#2594=PLANE('',#2886);
#2595=PLANE('',#2889);
#2596=PLANE('',#2892);
#2597=PLANE('',#2895);
#2598=PLANE('',#2896);
#2599=PLANE('',#2897);
#2600=PLANE('',#2900);
#2601=PLANE('',#2903);
#2602=PLANE('',#2906);
#2603=PLANE('',#2907);
#2604=PLANE('',#2908);
#2605=PLANE('',#2909);
#2606=PLANE('',#2910);
#2607=PLANE('',#2913);
#2608=PLANE('',#2916);
#2609=PLANE('',#2917);
#2610=PLANE('',#2918);
#2611=PLANE('',#2919);
#2612=PLANE('',#2920);
#2613=PLANE('',#2923);
#2614=PLANE('',#2924);
#2615=PLANE('',#2927);
#2616=PLANE('',#2928);
#2617=PLANE('',#2931);
#2618=PLANE('',#2934);
#2619=PLANE('',#2937);
#2620=PLANE('',#2938);
#2621=PLANE('',#2939);
#2622=PLANE('',#2940);
#2623=PLANE('',#2941);
#2624=PLANE('',#2942);
#2625=PLANE('',#2943);
#2626=PLANE('',#2944);
#2627=PLANE('',#2945);
#2628=PLANE('',#2946);
#2629=PLANE('',#2947);
#2630=PLANE('',#2948);
#2631=PLANE('',#2949);
#2632=PLANE('',#2950);
#2633=PLANE('',#2951);
#2634=PLANE('',#2952);
#2635=PLANE('',#2953);
#2636=PLANE('',#2955);
#2637=PLANE('',#2957);
#2638=PLANE('',#2958);
#2639=PLANE('',#2960);
#2640=PLANE('',#2963);
#2641=PLANE('',#2964);
#2642=PLANE('',#2966);
#2643=PLANE('',#2969);
#2644=PLANE('',#2971);
#2645=PLANE('',#2972);
#2646=PLANE('',#2975);
#2647=PLANE('',#2976);
#2648=PLANE('',#2977);
#2649=PLANE('',#2979);
#2650=PLANE('',#2980);
#2651=PLANE('',#2981);
#2652=PLANE('',#2982);
#2653=PLANE('',#2983);
#2654=PLANE('',#2984);
#2655=PLANE('',#2986);
#2656=PLANE('',#2988);
#2657=PLANE('',#2989);
#2658=PLANE('',#2992);
#2659=PLANE('',#2993);
#2660=PLANE('',#2994);
#2661=PLANE('',#2995);
#2662=PLANE('',#2996);
#2663=PLANE('',#2997);
#2664=PLANE('',#2998);
#2665=PLANE('',#2999);
#2666=PLANE('',#3000);
#2667=PLANE('',#3001);
#2668=PLANE('',#3002);
#2669=PLANE('',#3003);
#2670=PLANE('',#3004);
#2671=PLANE('',#3005);
#2672=PLANE('',#3006);
#2673=PLANE('',#3007);
#2674=PLANE('',#3008);
#2675=PLANE('',#3009);
#2676=PLANE('',#3010);
#2677=PLANE('',#3011);
#2678=PLANE('',#3012);
#2679=PLANE('',#3013);
#2680=PLANE('',#3014);
#2681=PLANE('',#3015);
#2682=PLANE('',#3016);
#2683=PLANE('',#3017);
#2684=PLANE('',#3018);
#2685=PLANE('',#3019);
#2686=PLANE('',#3020);
#2687=PLANE('',#3021);
#2688=PLANE('',#3022);
#2689=PLANE('',#3023);
#2690=PLANE('',#3024);
#2691=PLANE('',#3025);
#2692=PLANE('',#3026);
#2693=PLANE('',#3027);
#2694=PLANE('',#3028);
#2695=PLANE('',#3029);
#2696=PLANE('',#3030);
#2697=PLANE('',#3031);
#2698=PLANE('',#3032);
#2699=PLANE('',#3033);
#2700=PLANE('',#3034);
#2701=ADVANCED_FACE('',(#191),#2573,.T.);
#2702=ADVANCED_FACE('',(#192),#2574,.T.);
#2703=ADVANCED_FACE('',(#193),#2575,.T.);
#2704=ADVANCED_FACE('',(#194),#2576,.T.);
#2705=ADVANCED_FACE('',(#195),#2577,.F.);
#2706=ADVANCED_FACE('',(#196,#175,#176,#177,#178,#179,#180,#181,#182),#2578,
 .F.);
#2707=ADVANCED_FACE('',(#197),#2579,.F.);
#2708=ADVANCED_FACE('',(#198),#2580,.F.);
#2709=ADVANCED_FACE('',(#199),#2581,.F.);
#2710=ADVANCED_FACE('',(#200),#2582,.F.);
#2711=ADVANCED_FACE('',(#201),#2583,.F.);
#2712=ADVANCED_FACE('',(#202),#2584,.F.);
#2713=ADVANCED_FACE('',(#203),#2585,.F.);
#2714=ADVANCED_FACE('',(#204),#2586,.T.);
#2715=ADVANCED_FACE('',(#205),#2587,.T.);
#2716=ADVANCED_FACE('',(#206),#2588,.T.);
#2717=ADVANCED_FACE('',(#207),#2589,.T.);
#2718=ADVANCED_FACE('',(#208),#2590,.T.);
#2719=ADVANCED_FACE('',(#209),#2591,.T.);
#2720=ADVANCED_FACE('',(#210),#2592,.T.);
#2721=ADVANCED_FACE('',(#211),#2593,.T.);
#2722=ADVANCED_FACE('',(#212),#2594,.T.);
#2723=ADVANCED_FACE('',(#213),#2595,.T.);
#2724=ADVANCED_FACE('',(#214),#2596,.T.);
#2725=ADVANCED_FACE('',(#215),#2597,.T.);
#2726=ADVANCED_FACE('',(#216),#2598,.T.);
#2727=ADVANCED_FACE('',(#217),#2599,.T.);
#2728=ADVANCED_FACE('',(#218),#2600,.T.);
#2729=ADVANCED_FACE('',(#219),#2601,.T.);
#2730=ADVANCED_FACE('',(#220),#2602,.T.);
#2731=ADVANCED_FACE('',(#221),#2603,.T.);
#2732=ADVANCED_FACE('',(#222),#2604,.T.);
#2733=ADVANCED_FACE('',(#223),#2605,.T.);
#2734=ADVANCED_FACE('',(#224),#2606,.T.);
#2735=ADVANCED_FACE('',(#225),#2607,.T.);
#2736=ADVANCED_FACE('',(#226),#2608,.T.);
#2737=ADVANCED_FACE('',(#227),#2609,.T.);
#2738=ADVANCED_FACE('',(#228),#2610,.T.);
#2739=ADVANCED_FACE('',(#229),#2611,.T.);
#2740=ADVANCED_FACE('',(#230),#2612,.T.);
#2741=ADVANCED_FACE('',(#231),#2613,.F.);
#2742=ADVANCED_FACE('',(#232),#2614,.T.);
#2743=ADVANCED_FACE('',(#233),#2615,.T.);
#2744=ADVANCED_FACE('',(#234),#2616,.T.);
#2745=ADVANCED_FACE('',(#235),#2617,.T.);
#2746=ADVANCED_FACE('',(#236),#2618,.T.);
#2747=ADVANCED_FACE('',(#237),#2619,.T.);
#2748=ADVANCED_FACE('',(#238),#2620,.T.);
#2749=ADVANCED_FACE('',(#239),#2621,.F.);
#2750=ADVANCED_FACE('',(#240),#2622,.F.);
#2751=ADVANCED_FACE('',(#241),#2623,.F.);
#2752=ADVANCED_FACE('',(#242),#2624,.F.);
#2753=ADVANCED_FACE('',(#243),#2625,.F.);
#2754=ADVANCED_FACE('',(#244),#2626,.F.);
#2755=ADVANCED_FACE('',(#245),#2627,.F.);
#2756=ADVANCED_FACE('',(#246),#2628,.F.);
#2757=ADVANCED_FACE('',(#247),#2629,.F.);
#2758=ADVANCED_FACE('',(#248),#2630,.F.);
#2759=ADVANCED_FACE('',(#249),#2631,.F.);
#2760=ADVANCED_FACE('',(#250),#2632,.F.);
#2761=ADVANCED_FACE('',(#251),#2633,.F.);
#2762=ADVANCED_FACE('',(#252),#2634,.F.);
#2763=ADVANCED_FACE('',(#253,#183,#184,#185,#186,#187,#188,#189,#190),#2635,
 .F.);
#2764=ADVANCED_FACE('',(#254),#14,.F.);
#2765=ADVANCED_FACE('',(#255),#2636,.F.);
#2766=ADVANCED_FACE('',(#256),#15,.T.);
#2767=ADVANCED_FACE('',(#257),#2637,.T.);
#2768=ADVANCED_FACE('',(#258),#2638,.F.);
#2769=ADVANCED_FACE('',(#259),#16,.T.);
#2770=ADVANCED_FACE('',(#260),#2639,.F.);
#2771=ADVANCED_FACE('',(#261),#17,.F.);
#2772=ADVANCED_FACE('',(#262),#18,.T.);
#2773=ADVANCED_FACE('',(#263),#2640,.F.);
#2774=ADVANCED_FACE('',(#264),#2641,.T.);
#2775=ADVANCED_FACE('',(#265),#19,.F.);
#2776=ADVANCED_FACE('',(#266),#2642,.F.);
#2777=ADVANCED_FACE('',(#267),#20,.F.);
#2778=ADVANCED_FACE('',(#268),#21,.T.);
#2779=ADVANCED_FACE('',(#269),#2643,.T.);
#2780=ADVANCED_FACE('',(#270),#22,.F.);
#2781=ADVANCED_FACE('',(#271),#2644,.F.);
#2782=ADVANCED_FACE('',(#272),#2645,.F.);
#2783=ADVANCED_FACE('',(#273),#23,.T.);
#2784=ADVANCED_FACE('',(#274),#24,.F.);
#2785=ADVANCED_FACE('',(#275),#2646,.F.);
#2786=ADVANCED_FACE('',(#276),#2647,.F.);
#2787=ADVANCED_FACE('',(#277),#2648,.T.);
#2788=ADVANCED_FACE('',(#278),#25,.T.);
#2789=ADVANCED_FACE('',(#279),#2649,.F.);
#2790=ADVANCED_FACE('',(#280),#2650,.F.);
#2791=ADVANCED_FACE('',(#281),#2651,.T.);
#2792=ADVANCED_FACE('',(#282),#2652,.F.);
#2793=ADVANCED_FACE('',(#283),#2653,.T.);
#2794=ADVANCED_FACE('',(#284),#2654,.F.);
#2795=ADVANCED_FACE('',(#285),#26,.F.);
#2796=ADVANCED_FACE('',(#286),#2655,.F.);
#2797=ADVANCED_FACE('',(#287),#27,.T.);
#2798=ADVANCED_FACE('',(#288),#2656,.T.);
#2799=ADVANCED_FACE('',(#289),#2657,.F.);
#2800=ADVANCED_FACE('',(#290),#28,.T.);
#2801=ADVANCED_FACE('',(#291),#29,.F.);
#2802=ADVANCED_FACE('',(#292),#2658,.F.);
#2803=ADVANCED_FACE('',(#293),#2659,.F.);
#2804=ADVANCED_FACE('',(#294),#2660,.T.);
#2805=ADVANCED_FACE('',(#295),#2661,.F.);
#2806=ADVANCED_FACE('',(#296),#2662,.F.);
#2807=ADVANCED_FACE('',(#297),#2663,.F.);
#2808=ADVANCED_FACE('',(#298),#2664,.F.);
#2809=ADVANCED_FACE('',(#299),#2665,.F.);
#2810=ADVANCED_FACE('',(#300),#2666,.F.);
#2811=ADVANCED_FACE('',(#301),#2667,.F.);
#2812=ADVANCED_FACE('',(#302),#2668,.F.);
#2813=ADVANCED_FACE('',(#303),#2669,.F.);
#2814=ADVANCED_FACE('',(#304),#2670,.F.);
#2815=ADVANCED_FACE('',(#305),#2671,.F.);
#2816=ADVANCED_FACE('',(#306),#2672,.F.);
#2817=ADVANCED_FACE('',(#307),#2673,.F.);
#2818=ADVANCED_FACE('',(#308),#2674,.F.);
#2819=ADVANCED_FACE('',(#309),#2675,.F.);
#2820=ADVANCED_FACE('',(#310),#2676,.F.);
#2821=ADVANCED_FACE('',(#311),#2677,.F.);
#2822=ADVANCED_FACE('',(#312),#2678,.F.);
#2823=ADVANCED_FACE('',(#313),#2679,.F.);
#2824=ADVANCED_FACE('',(#314),#2680,.F.);
#2825=ADVANCED_FACE('',(#315),#2681,.F.);
#2826=ADVANCED_FACE('',(#316),#2682,.F.);
#2827=ADVANCED_FACE('',(#317),#2683,.F.);
#2828=ADVANCED_FACE('',(#318),#2684,.F.);
#2829=ADVANCED_FACE('',(#319),#2685,.F.);
#2830=ADVANCED_FACE('',(#320),#2686,.F.);
#2831=ADVANCED_FACE('',(#321),#2687,.F.);
#2832=ADVANCED_FACE('',(#322),#2688,.F.);
#2833=ADVANCED_FACE('',(#323),#2689,.F.);
#2834=ADVANCED_FACE('',(#324),#2690,.F.);
#2835=ADVANCED_FACE('',(#325),#2691,.F.);
#2836=ADVANCED_FACE('',(#326),#2692,.F.);
#2837=ADVANCED_FACE('',(#327),#2693,.F.);
#2838=ADVANCED_FACE('',(#328),#2694,.F.);
#2839=ADVANCED_FACE('',(#329),#2695,.F.);
#2840=ADVANCED_FACE('',(#330),#2696,.F.);
#2841=ADVANCED_FACE('',(#331),#2697,.F.);
#2842=ADVANCED_FACE('',(#332),#2698,.F.);
#2843=ADVANCED_FACE('',(#333),#2699,.F.);
#2844=ADVANCED_FACE('',(#334),#2700,.F.);
#2845=CLOSED_SHELL('',(#2701,#2702,#2703,#2704,#2705,#2706,#2707,#2708,
#2709,#2710,#2711,#2712,#2713,#2714,#2715,#2716,#2717,#2718,#2719,#2720,
#2721,#2722,#2723,#2724,#2725,#2726,#2727,#2728,#2729,#2730,#2731,#2732,
#2733,#2734,#2735,#2736,#2737,#2738,#2739,#2740,#2741,#2742,#2743,#2744,
#2745,#2746,#2747,#2748,#2749,#2750,#2751,#2752,#2753,#2754,#2755,#2756,
#2757,#2758,#2759,#2760,#2761,#2762,#2763,#2764,#2765,#2766,#2767,#2768,
#2769,#2770,#2771,#2772,#2773,#2774,#2775,#2776,#2777,#2778,#2779,#2780,
#2781,#2782,#2783,#2784,#2785,#2786,#2787,#2788,#2789,#2790,#2791,#2792,
#2793,#2794,#2795,#2796,#2797,#2798,#2799,#2800,#2801,#2802,#2803,#2804,
#2805,#2806,#2807,#2808,#2809,#2810,#2811,#2812,#2813,#2814,#2815,#2816,
#2817,#2818,#2819,#2820,#2821,#2822,#2823,#2824,#2825,#2826,#2827,#2828,
#2829,#2830,#2831,#2832,#2833,#2834,#2835,#2836,#2837,#2838,#2839,#2840,
#2841,#2842,#2843,#2844));
#2846=DERIVED_UNIT_ELEMENT(#2848,1.);
#2847=DERIVED_UNIT_ELEMENT(#4515,-3.);
#2848=(
MASS_UNIT()
NAMED_UNIT(*)
SI_UNIT(.KILO.,.GRAM.)
);
#2849=DERIVED_UNIT((#2846,#2847));
#2850=MEASURE_REPRESENTATION_ITEM('density measure',
POSITIVE_RATIO_MEASURE(7850.),#2849);
#2851=PROPERTY_DEFINITION_REPRESENTATION(#2856,#2853);
#2852=PROPERTY_DEFINITION_REPRESENTATION(#2857,#2854);
#2853=REPRESENTATION('material name',(#2855),#4512);
#2854=REPRESENTATION('density',(#2850),#4512);
#2855=DESCRIPTIVE_REPRESENTATION_ITEM('Steel','Steel');
#2856=PROPERTY_DEFINITION('material property','material name',#4522);
#2857=PROPERTY_DEFINITION('material property','density of part',#4522);
#2858=AXIS2_PLACEMENT_3D('',#3735,#3035,#3036);
#2859=AXIS2_PLACEMENT_3D('',#3736,#3037,#3038);
#2860=AXIS2_PLACEMENT_3D('',#3745,#3043,#3044);
#2861=AXIS2_PLACEMENT_3D('',#3751,#3048,#3049);
#2862=AXIS2_PLACEMENT_3D('',#3759,#3054,#3055);
#2863=AXIS2_PLACEMENT_3D('',#3763,#3058,#3059);
#2864=AXIS2_PLACEMENT_3D('',#3777,#3067,#3068);
#2865=AXIS2_PLACEMENT_3D('',#3851,#3106,#3107);
#2866=AXIS2_PLACEMENT_3D('',#3855,#3110,#3111);
#2867=AXIS2_PLACEMENT_3D('',#3871,#3120,#3121);
#2868=AXIS2_PLACEMENT_3D('',#3877,#3125,#3126);
#2869=AXIS2_PLACEMENT_3D('',#3881,#3129,#3130);
#2870=AXIS2_PLACEMENT_3D('',#3899,#3140,#3141);
#2871=AXIS2_PLACEMENT_3D('',#3927,#3156,#3157);
#2872=AXIS2_PLACEMENT_3D('',#3929,#3159,#3160);
#2873=AXIS2_PLACEMENT_3D('',#3933,#3162,#3163);
#2874=AXIS2_PLACEMENT_3D('',#3941,#3167,#3168);
#2875=AXIS2_PLACEMENT_3D('',#3943,#3170,#3171);
#2876=AXIS2_PLACEMENT_3D('',#3949,#3175,#3176);
#2877=AXIS2_PLACEMENT_3D('',#3955,#3180,#3181);
#2878=AXIS2_PLACEMENT_3D('',#3961,#3185,#3186);
#2879=AXIS2_PLACEMENT_3D('',#3965,#3188,#3189);
#2880=AXIS2_PLACEMENT_3D('',#3973,#3193,#3194);
#2881=AXIS2_PLACEMENT_3D('',#3975,#3196,#3197);
#2882=AXIS2_PLACEMENT_3D('',#3979,#3199,#3200);
#2883=AXIS2_PLACEMENT_3D('',#3987,#3204,#3205);
#2884=AXIS2_PLACEMENT_3D('',#3989,#3207,#3208);
#2885=AXIS2_PLACEMENT_3D('',#3995,#3212,#3213);
#2886=AXIS2_PLACEMENT_3D('',#4001,#3217,#3218);
#2887=AXIS2_PLACEMENT_3D('',#4003,#3219,#3220);
#2888=AXIS2_PLACEMENT_3D('',#4011,#3224,#3225);
#2889=AXIS2_PLACEMENT_3D('',#4013,#3227,#3228);
#2890=AXIS2_PLACEMENT_3D('',#4017,#3230,#3231);
#2891=AXIS2_PLACEMENT_3D('',#4025,#3235,#3236);
#2892=AXIS2_PLACEMENT_3D('',#4027,#3238,#3239);
#2893=AXIS2_PLACEMENT_3D('',#4029,#3240,#3241);
#2894=AXIS2_PLACEMENT_3D('',#4037,#3245,#3246);
#2895=AXIS2_PLACEMENT_3D('',#4039,#3248,#3249);
#2896=AXIS2_PLACEMENT_3D('',#4049,#3256,#3257);
#2897=AXIS2_PLACEMENT_3D('',#4053,#3260,#3261);
#2898=AXIS2_PLACEMENT_3D('',#4055,#3262,#3263);
#2899=AXIS2_PLACEMENT_3D('',#4062,#3267,#3268);
#2900=AXIS2_PLACEMENT_3D('',#4063,#3269,#3270);
#2901=AXIS2_PLACEMENT_3D('',#4065,#3271,#3272);
#2902=AXIS2_PLACEMENT_3D('',#4072,#3276,#3277);
#2903=AXIS2_PLACEMENT_3D('',#4073,#3278,#3279);
#2904=AXIS2_PLACEMENT_3D('',#4077,#3281,#3282);
#2905=AXIS2_PLACEMENT_3D('',#4085,#3286,#3287);
#2906=AXIS2_PLACEMENT_3D('',#4087,#3289,#3290);
#2907=AXIS2_PLACEMENT_3D('',#4091,#3293,#3294);
#2908=AXIS2_PLACEMENT_3D('',#4095,#3297,#3298);
#2909=AXIS2_PLACEMENT_3D('',#4101,#3302,#3303);
#2910=AXIS2_PLACEMENT_3D('',#4107,#3307,#3308);
#2911=AXIS2_PLACEMENT_3D('',#4111,#3310,#3311);
#2912=AXIS2_PLACEMENT_3D('',#4118,#3315,#3316);
#2913=AXIS2_PLACEMENT_3D('',#4119,#3317,#3318);
#2914=AXIS2_PLACEMENT_3D('',#4121,#3319,#3320);
#2915=AXIS2_PLACEMENT_3D('',#4129,#3324,#3325);
#2916=AXIS2_PLACEMENT_3D('',#4131,#3327,#3328);
#2917=AXIS2_PLACEMENT_3D('',#4133,#3330,#3331);
#2918=AXIS2_PLACEMENT_3D('',#4135,#3333,#3334);
#2919=AXIS2_PLACEMENT_3D('',#4139,#3337,#3338);
#2920=AXIS2_PLACEMENT_3D('',#4143,#3341,#3342);
#2921=AXIS2_PLACEMENT_3D('',#4145,#3343,#3344);
#2922=AXIS2_PLACEMENT_3D('',#4152,#3348,#3349);
#2923=AXIS2_PLACEMENT_3D('',#4153,#3350,#3351);
#2924=AXIS2_PLACEMENT_3D('',#4155,#3353,#3354);
#2925=AXIS2_PLACEMENT_3D('',#4159,#3356,#3357);
#2926=AXIS2_PLACEMENT_3D('',#4166,#3361,#3362);
#2927=AXIS2_PLACEMENT_3D('',#4167,#3363,#3364);
#2928=AXIS2_PLACEMENT_3D('',#4169,#3366,#3367);
#2929=AXIS2_PLACEMENT_3D('',#4171,#3368,#3369);
#2930=AXIS2_PLACEMENT_3D('',#4178,#3373,#3374);
#2931=AXIS2_PLACEMENT_3D('',#4179,#3375,#3376);
#2932=AXIS2_PLACEMENT_3D('',#4181,#3377,#3378);
#2933=AXIS2_PLACEMENT_3D('',#4188,#3382,#3383);
#2934=AXIS2_PLACEMENT_3D('',#4189,#3384,#3385);
#2935=AXIS2_PLACEMENT_3D('',#4191,#3386,#3387);
#2936=AXIS2_PLACEMENT_3D('',#4198,#3391,#3392);
#2937=AXIS2_PLACEMENT_3D('',#4199,#3393,#3394);
#2938=AXIS2_PLACEMENT_3D('',#4201,#3396,#3397);
#2939=AXIS2_PLACEMENT_3D('',#4203,#3399,#3400);
#2940=AXIS2_PLACEMENT_3D('',#4209,#3404,#3405);
#2941=AXIS2_PLACEMENT_3D('',#4213,#3408,#3409);
#2942=AXIS2_PLACEMENT_3D('',#4215,#3411,#3412);
#2943=AXIS2_PLACEMENT_3D('',#4218,#3415,#3416);
#2944=AXIS2_PLACEMENT_3D('',#4220,#3418,#3419);
#2945=AXIS2_PLACEMENT_3D('',#4222,#3421,#3422);
#2946=AXIS2_PLACEMENT_3D('',#4225,#3425,#3426);
#2947=AXIS2_PLACEMENT_3D('',#4227,#3428,#3429);
#2948=AXIS2_PLACEMENT_3D('',#4229,#3431,#3432);
#2949=AXIS2_PLACEMENT_3D('',#4230,#3433,#3434);
#2950=AXIS2_PLACEMENT_3D('',#4233,#3437,#3438);
#2951=AXIS2_PLACEMENT_3D('',#4234,#3439,#3440);
#2952=AXIS2_PLACEMENT_3D('',#4235,#3441,#3442);
#2953=AXIS2_PLACEMENT_3D('',#4236,#3443,#3444);
#2954=AXIS2_PLACEMENT_3D('',#4301,#3477,#3478);
#2955=AXIS2_PLACEMENT_3D('',#4303,#3480,#3481);
#2956=AXIS2_PLACEMENT_3D('',#4305,#3483,#3484);
#2957=AXIS2_PLACEMENT_3D('',#4307,#3486,#3487);
#2958=AXIS2_PLACEMENT_3D('',#4309,#3489,#3490);
#2959=AXIS2_PLACEMENT_3D('',#4310,#3491,#3492);
#2960=AXIS2_PLACEMENT_3D('',#4312,#3494,#3495);
#2961=AXIS2_PLACEMENT_3D('',#4313,#3496,#3497);
#2962=AXIS2_PLACEMENT_3D('',#4315,#3499,#3500);
#2963=AXIS2_PLACEMENT_3D('',#4317,#3502,#3503);
#2964=AXIS2_PLACEMENT_3D('',#4319,#3505,#3506);
#2965=AXIS2_PLACEMENT_3D('',#4321,#3508,#3509);
#2966=AXIS2_PLACEMENT_3D('',#4323,#3511,#3512);
#2967=AXIS2_PLACEMENT_3D('',#4324,#3513,#3514);
#2968=AXIS2_PLACEMENT_3D('',#4326,#3516,#3517);
#2969=AXIS2_PLACEMENT_3D('',#4328,#3519,#3520);
#2970=AXIS2_PLACEMENT_3D('',#4331,#3523,#3524);
#2971=AXIS2_PLACEMENT_3D('',#4333,#3526,#3527);
#2972=AXIS2_PLACEMENT_3D('',#4334,#3528,#3529);
#2973=AXIS2_PLACEMENT_3D('',#4335,#3530,#3531);
#2974=AXIS2_PLACEMENT_3D('',#4337,#3533,#3534);
#2975=AXIS2_PLACEMENT_3D('',#4339,#3536,#3537);
#2976=AXIS2_PLACEMENT_3D('',#4341,#3539,#3540);
#2977=AXIS2_PLACEMENT_3D('',#4343,#3542,#3543);
#2978=AXIS2_PLACEMENT_3D('',#4344,#3544,#3545);
#2979=AXIS2_PLACEMENT_3D('',#4346,#3547,#3548);
#2980=AXIS2_PLACEMENT_3D('',#4348,#3550,#3551);
#2981=AXIS2_PLACEMENT_3D('',#4350,#3553,#3554);
#2982=AXIS2_PLACEMENT_3D('',#4351,#3555,#3556);
#2983=AXIS2_PLACEMENT_3D('',#4353,#3558,#3559);
#2984=AXIS2_PLACEMENT_3D('',#4355,#3561,#3562);
#2985=AXIS2_PLACEMENT_3D('',#4356,#3563,#3564);
#2986=AXIS2_PLACEMENT_3D('',#4358,#3566,#3567);
#2987=AXIS2_PLACEMENT_3D('',#4360,#3569,#3570);
#2988=AXIS2_PLACEMENT_3D('',#4362,#3572,#3573);
#2989=AXIS2_PLACEMENT_3D('',#4364,#3575,#3576);
#2990=AXIS2_PLACEMENT_3D('',#4365,#3577,#3578);
#2991=AXIS2_PLACEMENT_3D('',#4367,#3580,#3581);
#2992=AXIS2_PLACEMENT_3D('',#4369,#3583,#3584);
#2993=AXIS2_PLACEMENT_3D('',#4371,#3586,#3587);
#2994=AXIS2_PLACEMENT_3D('',#4373,#3589,#3590);
#2995=AXIS2_PLACEMENT_3D('',#4374,#3591,#3592);
#2996=AXIS2_PLACEMENT_3D('',#4380,#3596,#3597);
#2997=AXIS2_PLACEMENT_3D('',#4386,#3601,#3602);
#2998=AXIS2_PLACEMENT_3D('',#4390,#3605,#3606);
#2999=AXIS2_PLACEMENT_3D('',#4396,#3610,#3611);
#3000=AXIS2_PLACEMENT_3D('',#4402,#3615,#3616);
#3001=AXIS2_PLACEMENT_3D('',#4408,#3620,#3621);
#3002=AXIS2_PLACEMENT_3D('',#4414,#3625,#3626);
#3003=AXIS2_PLACEMENT_3D('',#4418,#3629,#3630);
#3004=AXIS2_PLACEMENT_3D('',#4422,#3633,#3634);
#3005=AXIS2_PLACEMENT_3D('',#4428,#3638,#3639);
#3006=AXIS2_PLACEMENT_3D('',#4434,#3643,#3644);
#3007=AXIS2_PLACEMENT_3D('',#4438,#3647,#3648);
#3008=AXIS2_PLACEMENT_3D('',#4442,#3651,#3652);
#3009=AXIS2_PLACEMENT_3D('',#4448,#3656,#3657);
#3010=AXIS2_PLACEMENT_3D('',#4452,#3660,#3661);
#3011=AXIS2_PLACEMENT_3D('',#4458,#3665,#3666);
#3012=AXIS2_PLACEMENT_3D('',#4462,#3669,#3670);
#3013=AXIS2_PLACEMENT_3D('',#4466,#3673,#3674);
#3014=AXIS2_PLACEMENT_3D('',#4470,#3677,#3678);
#3015=AXIS2_PLACEMENT_3D('',#4474,#3681,#3682);
#3016=AXIS2_PLACEMENT_3D('',#4476,#3684,#3685);
#3017=AXIS2_PLACEMENT_3D('',#4478,#3687,#3688);
#3018=AXIS2_PLACEMENT_3D('',#4480,#3690,#3691);
#3019=AXIS2_PLACEMENT_3D('',#4482,#3693,#3694);
#3020=AXIS2_PLACEMENT_3D('',#4486,#3697,#3698);
#3021=AXIS2_PLACEMENT_3D('',#4488,#3700,#3701);
#3022=AXIS2_PLACEMENT_3D('',#4490,#3703,#3704);
#3023=AXIS2_PLACEMENT_3D('',#4492,#3706,#3707);
#3024=AXIS2_PLACEMENT_3D('',#4496,#3710,#3711);
#3025=AXIS2_PLACEMENT_3D('',#4498,#3713,#3714);
#3026=AXIS2_PLACEMENT_3D('',#4500,#3716,#3717);
#3027=AXIS2_PLACEMENT_3D('',#4502,#3719,#3720);
#3028=AXIS2_PLACEMENT_3D('',#4503,#3721,#3722);
#3029=AXIS2_PLACEMENT_3D('',#4504,#3723,#3724);
#3030=AXIS2_PLACEMENT_3D('',#4505,#3725,#3726);
#3031=AXIS2_PLACEMENT_3D('',#4506,#3727,#3728);
#3032=AXIS2_PLACEMENT_3D('',#4507,#3729,#3730);
#3033=AXIS2_PLACEMENT_3D('',#4508,#3731,#3732);
#3034=AXIS2_PLACEMENT_3D('',#4509,#3733,#3734);
#3035=DIRECTION('axis',(0.,0.,1.));
#3036=DIRECTION('refdir',(1.,0.,0.));
#3037=DIRECTION('center_axis',(-6.98296672221876E-15,3.49148336110938E-15,
-1.));
#3038=DIRECTION('ref_axis',(-2.43809121218073E-29,-1.,-3.49148336110938E-15));
#3039=DIRECTION('',(-2.43809121218073E-29,-1.,-3.49148336110938E-15));
#3040=DIRECTION('',(-1.,0.,6.98296672221876E-15));
#3041=DIRECTION('',(-2.43809121218073E-29,-1.,-3.49148336110938E-15));
#3042=DIRECTION('',(-1.,0.,6.98296672221876E-15));
#3043=DIRECTION('center_axis',(-3.49148336110939E-15,0.866025403784438,
-0.500000000000001));
#3044=DIRECTION('ref_axis',(-6.0474265752228E-15,-0.500000000000001,-0.866025403784438));
#3045=DIRECTION('',(-6.0474265752228E-15,-0.500000000000001,-0.866025403784438));
#3046=DIRECTION('',(-1.,0.,6.98296672221876E-15));
#3047=DIRECTION('',(-6.0474265752228E-15,-0.500000000000001,-0.866025403784438));
#3048=DIRECTION('center_axis',(1.,0.,-6.98296672221876E-15));
#3049=DIRECTION('ref_axis',(2.43809121218073E-29,1.,3.49148336110938E-15));
#3050=DIRECTION('',(-6.98296672221876E-15,3.49148336110938E-15,-1.));
#3051=DIRECTION('',(2.43809121218073E-29,1.,3.49148336110938E-15));
#3052=DIRECTION('',(6.98296672221876E-15,-3.37834922137176E-15,1.));
#3053=DIRECTION('',(2.4062135376939E-29,1.,3.44583274332052E-15));
#3054=DIRECTION('center_axis',(-2.35909001888727E-29,-1.,-3.37834922137176E-15));
#3055=DIRECTION('ref_axis',(6.98296672221876E-15,-3.37834922137176E-15,
1.));
#3056=DIRECTION('',(6.98296672221876E-15,-3.37834922137176E-15,1.));
#3057=DIRECTION('',(-1.,0.,6.98296672221876E-15));
#3058=DIRECTION('center_axis',(1.,0.,-6.98296672221876E-15));
#3059=DIRECTION('ref_axis',(2.43809121218073E-29,1.,3.49148336110938E-15));
#3060=DIRECTION('',(2.28377890256293E-29,1.,3.27049947881934E-15));
#3061=DIRECTION('',(-6.98296672221876E-15,3.49148336110938E-15,-1.));
#3062=DIRECTION('',(2.13525330455579E-29,1.,3.05780249211518E-15));
#3063=DIRECTION('',(6.98296672221876E-15,-3.42153483385225E-15,1.));
#3064=DIRECTION('',(2.43809121218073E-29,1.,3.49148336110938E-15));
#3065=DIRECTION('',(-6.98296672221876E-15,3.49148336110938E-15,-1.));
#3066=DIRECTION('',(-2.43809121218073E-29,-1.,-3.49148336110938E-15));
#3067=DIRECTION('center_axis',(6.98296672221876E-15,-3.49148336110938E-15,
1.));
#3068=DIRECTION('ref_axis',(2.43809121218073E-29,1.,3.49148336110938E-15));
#3069=DIRECTION('',(1.,0.,-6.98296672221876E-15));
#3070=DIRECTION('',(2.4062135376939E-29,1.,3.44583274332052E-15));
#3071=DIRECTION('',(1.,0.,-6.98296672221876E-15));
#3072=DIRECTION('',(1.,0.,-6.98296672221876E-15));
#3073=DIRECTION('',(-2.43809121218073E-29,-1.,-3.49148336110938E-15));
#3074=DIRECTION('',(1.,8.470329472543E-17,-6.98296672221876E-15));
#3075=DIRECTION('',(2.43809121218073E-29,1.,3.49148336110938E-15));
#3076=DIRECTION('',(-1.,-8.470329472543E-17,6.98296672221876E-15));
#3077=DIRECTION('',(-2.43809121218073E-29,-1.,-3.49148336110938E-15));
#3078=DIRECTION('',(1.,8.470329472543E-17,-6.98296672221876E-15));
#3079=DIRECTION('',(2.43809121218073E-29,1.,3.49148336110938E-15));
#3080=DIRECTION('',(-1.,-8.470329472543E-17,6.98296672221876E-15));
#3081=DIRECTION('',(-2.43809121218073E-29,-1.,-3.49148336110938E-15));
#3082=DIRECTION('',(1.,8.470329472543E-17,-6.98296672221876E-15));
#3083=DIRECTION('',(2.43809121218073E-29,1.,3.49148336110938E-15));
#3084=DIRECTION('',(-1.,-8.470329472543E-17,6.98296672221876E-15));
#3085=DIRECTION('',(-2.43809121218073E-29,-1.,-3.49148336110938E-15));
#3086=DIRECTION('',(1.,8.470329472543E-17,-6.98296672221876E-15));
#3087=DIRECTION('',(2.43809121218073E-29,1.,3.49148336110938E-15));
#3088=DIRECTION('',(-1.,-8.470329472543E-17,6.98296672221876E-15));
#3089=DIRECTION('',(-2.43809121218073E-29,-1.,-3.49148336110938E-15));
#3090=DIRECTION('',(1.,8.470329472543E-17,-6.98296672221876E-15));
#3091=DIRECTION('',(2.43809121218073E-29,1.,3.49148336110938E-15));
#3092=DIRECTION('',(-1.,-8.470329472543E-17,6.98296672221876E-15));
#3093=DIRECTION('',(-2.43809121218073E-29,-1.,-3.49148336110938E-15));
#3094=DIRECTION('',(1.,8.470329472543E-17,-6.98296672221876E-15));
#3095=DIRECTION('',(2.43809121218073E-29,1.,3.49148336110938E-15));
#3096=DIRECTION('',(-1.,-8.470329472543E-17,6.98296672221876E-15));
#3097=DIRECTION('',(-2.43809121218073E-29,-1.,-3.49148336110938E-15));
#3098=DIRECTION('',(1.,8.470329472543E-17,-6.98296672221876E-15));
#3099=DIRECTION('',(2.43809121218073E-29,1.,3.49148336110938E-15));
#3100=DIRECTION('',(-1.,-8.470329472543E-17,6.98296672221876E-15));
#3101=DIRECTION('',(-2.43809121218073E-29,-1.,-3.49148336110938E-15));
#3102=DIRECTION('',(1.,8.470329472543E-17,-6.98296672221876E-15));
#3103=DIRECTION('',(2.43809121218073E-29,1.,3.49148336110938E-15));
#3104=DIRECTION('',(-1.,-8.470329472543E-17,6.98296672221876E-15));
#3105=DIRECTION('',(-2.43809121218073E-29,-1.,-3.49148336110938E-15));
#3106=DIRECTION('center_axis',(2.43809121218073E-29,1.,3.49148336110938E-15));
#3107=DIRECTION('ref_axis',(-1.,0.,6.98296672221876E-15));
#3108=DIRECTION('',(-6.98296672221876E-15,3.49148336110938E-15,-1.));
#3109=DIRECTION('',(1.,0.,-6.98296672221876E-15));
#3110=DIRECTION('center_axis',(-6.98296672221876E-15,3.27049947881934E-15,
-1.));
#3111=DIRECTION('ref_axis',(-2.28377890256293E-29,-1.,-3.27049947881934E-15));
#3112=DIRECTION('',(1.,0.,-6.98296672221876E-15));
#3113=DIRECTION('',(2.43809121218073E-29,1.,3.49148336110938E-15));
#3114=DIRECTION('',(1.,1.25704599708464E-16,-6.98296672221876E-15));
#3115=DIRECTION('',(4.23103286823587E-16,-1.,-3.49148336110939E-15));
#3116=DIRECTION('',(1.,0.,-6.98296672221876E-15));
#3117=DIRECTION('',(2.43809121218073E-29,1.,3.49148336110938E-15));
#3118=DIRECTION('',(1.,0.,-6.98296672221876E-15));
#3119=DIRECTION('',(2.28377890256293E-29,1.,3.27049947881934E-15));
#3120=DIRECTION('center_axis',(-6.98296672221876E-15,3.49148336110938E-15,
-1.));
#3121=DIRECTION('ref_axis',(-2.43809121218073E-29,-1.,-3.49148336110938E-15));
#3122=DIRECTION('',(1.,0.,-6.98296672221876E-15));
#3123=DIRECTION('',(2.43809121218073E-29,1.,3.49148336110938E-15));
#3124=DIRECTION('',(1.,0.,-6.98296672221876E-15));
#3125=DIRECTION('center_axis',(-2.43809121218073E-29,-1.,-3.49148336110938E-15));
#3126=DIRECTION('ref_axis',(1.,0.,-6.98296672221876E-15));
#3127=DIRECTION('',(-6.98296672221876E-15,3.49148336110938E-15,-1.));
#3128=DIRECTION('',(1.,0.,-6.98296672221876E-15));
#3129=DIRECTION('center_axis',(-2.43809121218073E-29,-1.,-3.49148336110938E-15));
#3130=DIRECTION('ref_axis',(1.,0.,-6.98296672221876E-15));
#3131=DIRECTION('',(7.4518109049152E-15,-3.49148336110938E-15,1.));
#3132=DIRECTION('',(-1.,-1.04426864698256E-30,7.28205697669752E-15));
#3133=DIRECTION('',(-6.98296672221876E-15,3.49148336110938E-15,-1.));
#3134=DIRECTION('',(1.,0.,-6.98296672221876E-15));
#3135=DIRECTION('',(7.4518109049152E-15,-3.49148336110938E-15,1.));
#3136=DIRECTION('',(-1.,0.,6.98296672221876E-15));
#3137=DIRECTION('',(-6.51412253952233E-15,3.49148336110938E-15,-1.));
#3138=DIRECTION('',(1.,0.,-6.98296672221876E-15));
#3139=DIRECTION('',(-6.98296672221876E-15,3.49148336110938E-15,-1.));
#3140=DIRECTION('center_axis',(2.38924638837026E-29,1.,3.42153483385225E-15));
#3141=DIRECTION('ref_axis',(-6.98296672221876E-15,3.42153483385225E-15,
-1.));
#3142=DIRECTION('',(1.,1.02334772416481E-30,-7.28205697669752E-15));
#3143=DIRECTION('',(-7.4518109049152E-15,3.42153483385225E-15,-1.));
#3144=DIRECTION('',(1.,0.,-6.98296672221876E-15));
#3145=DIRECTION('',(6.98296672221876E-15,-3.49148336110938E-15,1.));
#3146=DIRECTION('',(-1.,-1.36179983017503E-16,6.98296672221876E-15));
#3147=DIRECTION('',(6.98296672221876E-15,-3.49148336110938E-15,1.));
#3148=DIRECTION('',(1.,0.,-6.98296672221876E-15));
#3149=DIRECTION('',(6.98296672221876E-15,-3.42153483385225E-15,1.));
#3150=DIRECTION('',(1.,0.,-6.98296672221876E-15));
#3151=DIRECTION('',(6.51412253952233E-15,-3.42153483385225E-15,1.));
#3152=DIRECTION('',(1.,0.,-6.98296672221876E-15));
#3153=DIRECTION('',(-7.4518109049152E-15,3.42153483385225E-15,-1.));
#3154=DIRECTION('',(1.,0.,-6.98296672221876E-15));
#3155=DIRECTION('',(6.98296672221876E-15,-3.42153483385225E-15,1.));
#3156=DIRECTION('center_axis',(-6.98296672221876E-15,3.05780249211518E-15,
-1.));
#3157=DIRECTION('ref_axis',(-2.13525330455579E-29,-1.,-3.05780249211518E-15));
#3158=DIRECTION('',(-4.2310328682359E-16,1.,3.05780249211518E-15));
#3159=DIRECTION('center_axis',(1.,0.,-6.98296672221876E-15));
#3160=DIRECTION('ref_axis',(2.43809121218073E-29,1.,3.49148336110938E-15));
#3161=DIRECTION('',(6.98296672221876E-15,-3.35498230759346E-15,1.));
#3162=DIRECTION('center_axis',(-1.,0.,6.98296672221876E-15));
#3163=DIRECTION('ref_axis',(-2.52364923020786E-29,-1.,-3.61400724161835E-15));
#3164=DIRECTION('',(-2.43809121218073E-29,-1.,-3.49148336110938E-15));
#3165=DIRECTION('',(-6.98296672221876E-15,-1.04360944092102E-14,-1.));
#3166=DIRECTION('',(-2.43809121218073E-29,-1.,-3.49148336110938E-15));
#3167=DIRECTION('center_axis',(-1.,0.,6.98296672221876E-15));
#3168=DIRECTION('ref_axis',(-2.44224119052373E-29,-1.,-3.49742636285647E-15));
#3169=DIRECTION('',(6.98296672221876E-15,-3.35498230759346E-15,1.));
#3170=DIRECTION('center_axis',(-8.47032947254066E-17,1.,3.35498230759346E-15));
#3171=DIRECTION('ref_axis',(-6.98296672221876E-15,3.35498230759346E-15,
-1.));
#3172=DIRECTION('',(6.98296672221876E-15,-3.35498230759346E-15,1.));
#3173=DIRECTION('',(-1.,-8.470329472543E-17,6.98296672221876E-15));
#3174=DIRECTION('',(6.98296672221876E-15,-3.35498230759346E-15,1.));
#3175=DIRECTION('center_axis',(-1.,0.,6.98296672221876E-15));
#3176=DIRECTION('ref_axis',(2.43809121218073E-29,1.,3.49148336110938E-15));
#3177=DIRECTION('',(-6.0474265752228E-15,-0.500000000000001,-0.866025403784438));
#3178=DIRECTION('',(-2.43809121218073E-29,-1.,-3.49148336110938E-15));
#3179=DIRECTION('',(6.98296672221876E-15,-3.37834922137176E-15,1.));
#3180=DIRECTION('center_axis',(8.47032947254066E-17,-1.,-3.35498230759346E-15));
#3181=DIRECTION('ref_axis',(6.98296672221876E-15,-3.35498230759346E-15,
1.));
#3182=DIRECTION('',(6.98296672221876E-15,-3.35498230759346E-15,1.));
#3183=DIRECTION('',(1.,8.470329472543E-17,-6.98296672221876E-15));
#3184=DIRECTION('',(6.98296672221876E-15,-3.35498230759346E-15,1.));
#3185=DIRECTION('center_axis',(-1.,0.,6.98296672221876E-15));
#3186=DIRECTION('ref_axis',(-2.43809121218073E-29,-1.,-3.49148336110938E-15));
#3187=DIRECTION('',(6.98296672221876E-15,-3.35498230759346E-15,1.));
#3188=DIRECTION('center_axis',(-1.,0.,6.98296672221876E-15));
#3189=DIRECTION('ref_axis',(-2.44224119052373E-29,-1.,-3.49742636285647E-15));
#3190=DIRECTION('',(-2.43809121218073E-29,-1.,-3.49148336110938E-15));
#3191=DIRECTION('',(6.98296672221876E-15,1.04360944092102E-14,1.));
#3192=DIRECTION('',(-2.43809121218073E-29,-1.,-3.49148336110938E-15));
#3193=DIRECTION('center_axis',(-1.,0.,6.98296672221876E-15));
#3194=DIRECTION('ref_axis',(-2.52364923020786E-29,-1.,-3.61400724161835E-15));
#3195=DIRECTION('',(6.98296672221876E-15,-3.35498230759346E-15,1.));
#3196=DIRECTION('center_axis',(1.,0.,-6.98296672221876E-15));
#3197=DIRECTION('ref_axis',(2.43809121218073E-29,1.,3.49148336110938E-15));
#3198=DIRECTION('',(6.98296672221876E-15,-3.35498230759346E-15,1.));
#3199=DIRECTION('center_axis',(-1.,0.,6.98296672221876E-15));
#3200=DIRECTION('ref_axis',(-2.52364923020786E-29,-1.,-3.61400724161835E-15));
#3201=DIRECTION('',(-2.43809121218073E-29,-1.,-3.49148336110938E-15));
#3202=DIRECTION('',(-6.98296672221876E-15,-1.04360944092102E-14,-1.));
#3203=DIRECTION('',(-2.43809121218073E-29,-1.,-3.49148336110938E-15));
#3204=DIRECTION('center_axis',(-1.,0.,6.98296672221876E-15));
#3205=DIRECTION('ref_axis',(-2.44224119052373E-29,-1.,-3.49742636285647E-15));
#3206=DIRECTION('',(6.98296672221876E-15,-3.35498230759346E-15,1.));
#3207=DIRECTION('center_axis',(8.47032947254066E-17,-1.,-3.35498230759346E-15));
#3208=DIRECTION('ref_axis',(6.98296672221876E-15,-3.35498230759346E-15,
1.));
#3209=DIRECTION('',(6.98296672221876E-15,-3.35498230759346E-15,1.));
#3210=DIRECTION('',(1.,8.470329472543E-17,-6.98296672221876E-15));
#3211=DIRECTION('',(6.98296672221876E-15,-3.35498230759346E-15,1.));
#3212=DIRECTION('center_axis',(-8.47032947254066E-17,1.,3.35498230759346E-15));
#3213=DIRECTION('ref_axis',(-6.98296672221876E-15,3.35498230759346E-15,
-1.));
#3214=DIRECTION('',(6.98296672221876E-15,-3.35498230759346E-15,1.));
#3215=DIRECTION('',(-1.,-8.470329472543E-17,6.98296672221876E-15));
#3216=DIRECTION('',(6.98296672221876E-15,-3.35498230759346E-15,1.));
#3217=DIRECTION('center_axis',(-1.,0.,6.98296672221876E-15));
#3218=DIRECTION('ref_axis',(-2.43809121218073E-29,-1.,-3.49148336110938E-15));
#3219=DIRECTION('center_axis',(-1.,0.,6.98296672221876E-15));
#3220=DIRECTION('ref_axis',(-2.44224119052373E-29,-1.,-3.49742636285647E-15));
#3221=DIRECTION('',(-2.43809121218073E-29,-1.,-3.49148336110938E-15));
#3222=DIRECTION('',(6.98296672221876E-15,1.04360944092102E-14,1.));
#3223=DIRECTION('',(-2.43809121218073E-29,-1.,-3.49148336110938E-15));
#3224=DIRECTION('center_axis',(-1.,0.,6.98296672221876E-15));
#3225=DIRECTION('ref_axis',(-2.52364923020786E-29,-1.,-3.61400724161835E-15));
#3226=DIRECTION('',(6.98296672221876E-15,-3.35498230759346E-15,1.));
#3227=DIRECTION('center_axis',(1.,0.,-6.98296672221876E-15));
#3228=DIRECTION('ref_axis',(2.43809121218073E-29,1.,3.49148336110938E-15));
#3229=DIRECTION('',(6.98296672221876E-15,-3.35498230759346E-15,1.));
#3230=DIRECTION('center_axis',(-1.,0.,6.98296672221876E-15));
#3231=DIRECTION('ref_axis',(-2.52364923020786E-29,-1.,-3.61400724161835E-15));
#3232=DIRECTION('',(-2.43809121218073E-29,-1.,-3.49148336110938E-15));
#3233=DIRECTION('',(-6.98296672221876E-15,-1.04360944092102E-14,-1.));
#3234=DIRECTION('',(-2.43809121218073E-29,-1.,-3.49148336110938E-15));
#3235=DIRECTION('center_axis',(-1.,0.,6.98296672221876E-15));
#3236=DIRECTION('ref_axis',(-2.44224119052373E-29,-1.,-3.49742636285647E-15));
#3237=DIRECTION('',(6.98296672221876E-15,-3.35498230759346E-15,1.));
#3238=DIRECTION('center_axis',(1.,0.,-6.98296672221876E-15));
#3239=DIRECTION('ref_axis',(2.43809121218073E-29,1.,3.49148336110938E-15));
#3240=DIRECTION('center_axis',(-1.,0.,6.98296672221876E-15));
#3241=DIRECTION('ref_axis',(-2.52364923020786E-29,-1.,-3.61400724161835E-15));
#3242=DIRECTION('',(-2.43809121218073E-29,-1.,-3.49148336110938E-15));
#3243=DIRECTION('',(-6.98296672221876E-15,-1.04360944092102E-14,-1.));
#3244=DIRECTION('',(-2.43809121218073E-29,-1.,-3.49148336110938E-15));
#3245=DIRECTION('center_axis',(-1.,0.,6.98296672221876E-15));
#3246=DIRECTION('ref_axis',(-2.44224119052373E-29,-1.,-3.49742636285647E-15));
#3247=DIRECTION('',(6.98296672221876E-15,-3.35498230759346E-15,1.));
#3248=DIRECTION('center_axis',(1.,0.,-6.98296672221876E-15));
#3249=DIRECTION('ref_axis',(2.43809121218073E-29,1.,3.49148336110938E-15));
#3250=DIRECTION('',(6.98296672221876E-15,-3.37834922137176E-15,1.));
#3251=DIRECTION('',(-2.43809121218073E-29,-1.,-3.49148336110938E-15));
#3252=DIRECTION('',(-6.0474265752228E-15,-0.500000000000001,-0.866025403784438));
#3253=DIRECTION('',(2.43809121218073E-29,1.,3.49148336110938E-15));
#3254=DIRECTION('',(2.13525330455579E-29,1.,3.05780249211518E-15));
#3255=DIRECTION('',(-6.98296672221876E-15,3.49148336110938E-15,-1.));
#3256=DIRECTION('center_axis',(-8.47032947254066E-17,1.,3.35498230759346E-15));
#3257=DIRECTION('ref_axis',(-6.98296672221876E-15,3.35498230759346E-15,
-1.));
#3258=DIRECTION('',(-1.,-8.470329472543E-17,6.98296672221876E-15));
#3259=DIRECTION('',(6.98296672221876E-15,-3.35498230759346E-15,1.));
#3260=DIRECTION('center_axis',(-1.,0.,6.98296672221876E-15));
#3261=DIRECTION('ref_axis',(-2.43809121218073E-29,-1.,-3.49148336110938E-15));
#3262=DIRECTION('center_axis',(-1.,0.,6.98296672221876E-15));
#3263=DIRECTION('ref_axis',(-2.44224119052373E-29,-1.,-3.49742636285647E-15));
#3264=DIRECTION('',(-2.43809121218073E-29,-1.,-3.49148336110938E-15));
#3265=DIRECTION('',(6.98296672221876E-15,1.04360944092102E-14,1.));
#3266=DIRECTION('',(-2.43809121218073E-29,-1.,-3.49148336110938E-15));
#3267=DIRECTION('center_axis',(-1.,0.,6.98296672221876E-15));
#3268=DIRECTION('ref_axis',(-2.52364923020786E-29,-1.,-3.61400724161835E-15));
#3269=DIRECTION('center_axis',(-1.,0.,6.98296672221876E-15));
#3270=DIRECTION('ref_axis',(-2.43809121218073E-29,-1.,-3.49148336110938E-15));
#3271=DIRECTION('center_axis',(-1.,0.,6.98296672221876E-15));
#3272=DIRECTION('ref_axis',(-2.44224119052373E-29,-1.,-3.49742636285647E-15));
#3273=DIRECTION('',(-2.43809121218073E-29,-1.,-3.49148336110938E-15));
#3274=DIRECTION('',(6.98296672221876E-15,1.04360944092102E-14,1.));
#3275=DIRECTION('',(-2.43809121218073E-29,-1.,-3.49148336110938E-15));
#3276=DIRECTION('center_axis',(-1.,0.,6.98296672221876E-15));
#3277=DIRECTION('ref_axis',(-2.52364923020786E-29,-1.,-3.61400724161835E-15));
#3278=DIRECTION('center_axis',(-1.,0.,6.98296672221876E-15));
#3279=DIRECTION('ref_axis',(-2.43809121218073E-29,-1.,-3.49148336110938E-15));
#3280=DIRECTION('',(6.98296672221876E-15,-3.35498230759346E-15,1.));
#3281=DIRECTION('center_axis',(-1.,0.,6.98296672221876E-15));
#3282=DIRECTION('ref_axis',(-2.44224119052373E-29,-1.,-3.49742636285647E-15));
#3283=DIRECTION('',(-2.43809121218073E-29,-1.,-3.49148336110938E-15));
#3284=DIRECTION('',(6.98296672221876E-15,1.04360944092102E-14,1.));
#3285=DIRECTION('',(-2.43809121218073E-29,-1.,-3.49148336110938E-15));
#3286=DIRECTION('center_axis',(-1.,0.,6.98296672221876E-15));
#3287=DIRECTION('ref_axis',(-2.52364923020786E-29,-1.,-3.61400724161835E-15));
#3288=DIRECTION('',(6.98296672221876E-15,-3.35498230759346E-15,1.));
#3289=DIRECTION('center_axis',(-8.47032947254066E-17,1.,3.35498230759346E-15));
#3290=DIRECTION('ref_axis',(-6.98296672221876E-15,3.35498230759346E-15,
-1.));
#3291=DIRECTION('',(6.98296672221876E-15,-3.35498230759346E-15,1.));
#3292=DIRECTION('',(-1.,-8.470329472543E-17,6.98296672221876E-15));
#3293=DIRECTION('center_axis',(-8.47032947254066E-17,1.,3.35498230759346E-15));
#3294=DIRECTION('ref_axis',(-6.98296672221876E-15,3.35498230759346E-15,
-1.));
#3295=DIRECTION('',(-1.,-8.470329472543E-17,6.98296672221876E-15));
#3296=DIRECTION('',(6.98296672221876E-15,-3.35498230759346E-15,1.));
#3297=DIRECTION('center_axis',(-8.47032947254066E-17,1.,3.35498230759346E-15));
#3298=DIRECTION('ref_axis',(-6.98296672221876E-15,3.35498230759346E-15,
-1.));
#3299=DIRECTION('',(6.98296672221876E-15,-3.35498230759346E-15,1.));
#3300=DIRECTION('',(-1.,-8.470329472543E-17,6.98296672221876E-15));
#3301=DIRECTION('',(6.98296672221876E-15,-3.35498230759346E-15,1.));
#3302=DIRECTION('center_axis',(8.47032947254066E-17,-1.,-3.35498230759346E-15));
#3303=DIRECTION('ref_axis',(6.98296672221876E-15,-3.35498230759346E-15,
1.));
#3304=DIRECTION('',(6.98296672221876E-15,-3.35498230759346E-15,1.));
#3305=DIRECTION('',(1.,8.470329472543E-17,-6.98296672221876E-15));
#3306=DIRECTION('',(6.98296672221876E-15,-3.35498230759346E-15,1.));
#3307=DIRECTION('center_axis',(1.,0.,-6.98296672221876E-15));
#3308=DIRECTION('ref_axis',(2.43809121218073E-29,1.,3.49148336110938E-15));
#3309=DIRECTION('',(6.98296672221876E-15,-3.35498230759346E-15,1.));
#3310=DIRECTION('center_axis',(-1.,0.,6.98296672221876E-15));
#3311=DIRECTION('ref_axis',(-2.52364923020786E-29,-1.,-3.61400724161835E-15));
#3312=DIRECTION('',(-2.43809121218073E-29,-1.,-3.49148336110938E-15));
#3313=DIRECTION('',(-6.98296672221876E-15,-1.04360944092102E-14,-1.));
#3314=DIRECTION('',(-2.43809121218073E-29,-1.,-3.49148336110938E-15));
#3315=DIRECTION('center_axis',(-1.,0.,6.98296672221876E-15));
#3316=DIRECTION('ref_axis',(-2.44224119052373E-29,-1.,-3.49742636285647E-15));
#3317=DIRECTION('center_axis',(-1.,0.,6.98296672221876E-15));
#3318=DIRECTION('ref_axis',(-2.43809121218073E-29,-1.,-3.49148336110938E-15));
#3319=DIRECTION('center_axis',(-1.,0.,6.98296672221876E-15));
#3320=DIRECTION('ref_axis',(-2.44224119052373E-29,-1.,-3.49742636285647E-15));
#3321=DIRECTION('',(-2.43809121218073E-29,-1.,-3.49148336110938E-15));
#3322=DIRECTION('',(6.98296672221876E-15,1.04360944092102E-14,1.));
#3323=DIRECTION('',(-2.43809121218073E-29,-1.,-3.49148336110938E-15));
#3324=DIRECTION('center_axis',(-1.,0.,6.98296672221876E-15));
#3325=DIRECTION('ref_axis',(-2.52364923020786E-29,-1.,-3.61400724161835E-15));
#3326=DIRECTION('',(6.98296672221876E-15,-3.35498230759346E-15,1.));
#3327=DIRECTION('center_axis',(-8.47032947254066E-17,1.,3.35498230759346E-15));
#3328=DIRECTION('ref_axis',(-6.98296672221876E-15,3.35498230759346E-15,
-1.));
#3329=DIRECTION('',(-1.,-8.470329472543E-17,6.98296672221876E-15));
#3330=DIRECTION('center_axis',(8.47032947254066E-17,-1.,-3.35498230759346E-15));
#3331=DIRECTION('ref_axis',(6.98296672221876E-15,-3.35498230759346E-15,
1.));
#3332=DIRECTION('',(1.,8.470329472543E-17,-6.98296672221876E-15));
#3333=DIRECTION('center_axis',(8.47032947254066E-17,-1.,-3.35498230759346E-15));
#3334=DIRECTION('ref_axis',(6.98296672221876E-15,-3.35498230759346E-15,
1.));
#3335=DIRECTION('',(6.98296672221876E-15,-3.35498230759346E-15,1.));
#3336=DIRECTION('',(1.,8.470329472543E-17,-6.98296672221876E-15));
#3337=DIRECTION('center_axis',(-8.47032947254066E-17,1.,3.35498230759346E-15));
#3338=DIRECTION('ref_axis',(-6.98296672221876E-15,3.35498230759346E-15,
-1.));
#3339=DIRECTION('',(-1.,-8.470329472543E-17,6.98296672221876E-15));
#3340=DIRECTION('',(6.98296672221876E-15,-3.35498230759346E-15,1.));
#3341=DIRECTION('center_axis',(-1.,0.,6.98296672221876E-15));
#3342=DIRECTION('ref_axis',(-2.43809121218073E-29,-1.,-3.49148336110938E-15));
#3343=DIRECTION('center_axis',(-1.,0.,6.98296672221876E-15));
#3344=DIRECTION('ref_axis',(-2.44224119052373E-29,-1.,-3.49742636285647E-15));
#3345=DIRECTION('',(-2.43809121218073E-29,-1.,-3.49148336110938E-15));
#3346=DIRECTION('',(6.98296672221876E-15,1.04360944092102E-14,1.));
#3347=DIRECTION('',(-2.43809121218073E-29,-1.,-3.49148336110938E-15));
#3348=DIRECTION('center_axis',(-1.,0.,6.98296672221876E-15));
#3349=DIRECTION('ref_axis',(-2.52364923020786E-29,-1.,-3.61400724161835E-15));
#3350=DIRECTION('center_axis',(3.49148336110939E-15,-0.866025403784438,
0.500000000000001));
#3351=DIRECTION('ref_axis',(6.0474265752228E-15,0.500000000000001,0.866025403784438));
#3352=DIRECTION('',(1.,0.,-6.98296672221876E-15));
#3353=DIRECTION('center_axis',(1.,0.,-6.98296672221876E-15));
#3354=DIRECTION('ref_axis',(2.43809121218073E-29,1.,3.49148336110938E-15));
#3355=DIRECTION('',(6.98296672221876E-15,-3.35498230759346E-15,1.));
#3356=DIRECTION('center_axis',(-1.,0.,6.98296672221876E-15));
#3357=DIRECTION('ref_axis',(-2.52364923020786E-29,-1.,-3.61400724161835E-15));
#3358=DIRECTION('',(-2.43809121218073E-29,-1.,-3.49148336110938E-15));
#3359=DIRECTION('',(-6.98296672221876E-15,-1.04360944092102E-14,-1.));
#3360=DIRECTION('',(-2.43809121218073E-29,-1.,-3.49148336110938E-15));
#3361=DIRECTION('center_axis',(-1.,0.,6.98296672221876E-15));
#3362=DIRECTION('ref_axis',(-2.44224119052373E-29,-1.,-3.49742636285647E-15));
#3363=DIRECTION('center_axis',(8.47032947254066E-17,-1.,-3.35498230759346E-15));
#3364=DIRECTION('ref_axis',(6.98296672221876E-15,-3.35498230759346E-15,
1.));
#3365=DIRECTION('',(1.,8.470329472543E-17,-6.98296672221876E-15));
#3366=DIRECTION('center_axis',(1.,0.,-6.98296672221876E-15));
#3367=DIRECTION('ref_axis',(2.43809121218073E-29,1.,3.49148336110938E-15));
#3368=DIRECTION('center_axis',(-1.,0.,6.98296672221876E-15));
#3369=DIRECTION('ref_axis',(-2.52364923020786E-29,-1.,-3.61400724161835E-15));
#3370=DIRECTION('',(-2.43809121218073E-29,-1.,-3.49148336110938E-15));
#3371=DIRECTION('',(-6.98296672221876E-15,-1.04360944092102E-14,-1.));
#3372=DIRECTION('',(-2.43809121218073E-29,-1.,-3.49148336110938E-15));
#3373=DIRECTION('center_axis',(-1.,0.,6.98296672221876E-15));
#3374=DIRECTION('ref_axis',(-2.44224119052373E-29,-1.,-3.49742636285647E-15));
#3375=DIRECTION('center_axis',(-1.,0.,6.98296672221876E-15));
#3376=DIRECTION('ref_axis',(-2.43809121218073E-29,-1.,-3.49148336110938E-15));
#3377=DIRECTION('center_axis',(-1.,0.,6.98296672221876E-15));
#3378=DIRECTION('ref_axis',(-2.44224119052373E-29,-1.,-3.49742636285647E-15));
#3379=DIRECTION('',(-2.43809121218073E-29,-1.,-3.49148336110938E-15));
#3380=DIRECTION('',(6.98296672221876E-15,1.04360944092102E-14,1.));
#3381=DIRECTION('',(-2.43809121218073E-29,-1.,-3.49148336110938E-15));
#3382=DIRECTION('center_axis',(-1.,0.,6.98296672221876E-15));
#3383=DIRECTION('ref_axis',(-2.52364923020786E-29,-1.,-3.61400724161835E-15));
#3384=DIRECTION('center_axis',(1.,0.,-6.98296672221876E-15));
#3385=DIRECTION('ref_axis',(2.43809121218073E-29,1.,3.49148336110938E-15));
#3386=DIRECTION('center_axis',(-1.,0.,6.98296672221876E-15));
#3387=DIRECTION('ref_axis',(-2.52364923020786E-29,-1.,-3.61400724161835E-15));
#3388=DIRECTION('',(-2.43809121218073E-29,-1.,-3.49148336110938E-15));
#3389=DIRECTION('',(-6.98296672221876E-15,-1.04360944092102E-14,-1.));
#3390=DIRECTION('',(-2.43809121218073E-29,-1.,-3.49148336110938E-15));
#3391=DIRECTION('center_axis',(-1.,0.,6.98296672221876E-15));
#3392=DIRECTION('ref_axis',(-2.44224119052373E-29,-1.,-3.49742636285647E-15));
#3393=DIRECTION('center_axis',(8.47032947254066E-17,-1.,-3.35498230759346E-15));
#3394=DIRECTION('ref_axis',(6.98296672221876E-15,-3.35498230759346E-15,
1.));
#3395=DIRECTION('',(1.,8.470329472543E-17,-6.98296672221876E-15));
#3396=DIRECTION('center_axis',(8.47032947254066E-17,-1.,-3.35498230759346E-15));
#3397=DIRECTION('ref_axis',(6.98296672221876E-15,-3.35498230759346E-15,
1.));
#3398=DIRECTION('',(1.,8.470329472543E-17,-6.98296672221876E-15));
#3399=DIRECTION('center_axis',(1.2570459970844E-16,-1.,-3.49148336110938E-15));
#3400=DIRECTION('ref_axis',(1.,1.25704599708464E-16,-6.98296672221876E-15));
#3401=DIRECTION('',(6.98296672221876E-15,-3.49148336110938E-15,1.));
#3402=DIRECTION('',(1.,1.25704599708464E-16,-6.98296672221876E-15));
#3403=DIRECTION('',(6.98296672221876E-15,-3.49148336110938E-15,1.));
#3404=DIRECTION('center_axis',(-2.43809121218073E-29,-1.,-3.49148336110938E-15));
#3405=DIRECTION('ref_axis',(1.,0.,-6.98296672221876E-15));
#3406=DIRECTION('',(1.,0.,-6.98296672221876E-15));
#3407=DIRECTION('',(6.98296672221876E-15,-3.49148336110938E-15,1.));
#3408=DIRECTION('center_axis',(2.35909001888727E-29,1.,3.37834922137176E-15));
#3409=DIRECTION('ref_axis',(-6.98296672221876E-15,3.37834922137176E-15,
-1.));
#3410=DIRECTION('',(1.,0.,-6.98296672221876E-15));
#3411=DIRECTION('center_axis',(1.,0.,-6.98296672221876E-15));
#3412=DIRECTION('ref_axis',(2.43809121218073E-29,1.,3.49148336110938E-15));
#3413=DIRECTION('',(-2.13525330455579E-29,-1.,-3.05780249211518E-15));
#3414=DIRECTION('',(2.43809121218073E-29,1.,3.49148336110938E-15));
#3415=DIRECTION('center_axis',(-1.,-4.23103286823611E-16,6.98296672221876E-15));
#3416=DIRECTION('ref_axis',(4.23103286823587E-16,-1.,-3.49148336110938E-15));
#3417=DIRECTION('',(4.23103286823587E-16,-1.,-3.49148336110939E-15));
#3418=DIRECTION('center_axis',(-1.,-1.63696166283753E-30,7.4518109049152E-15));
#3419=DIRECTION('ref_axis',(7.4518109049152E-15,-3.49148336110938E-15,1.));
#3420=DIRECTION('',(2.43809121218073E-29,1.,3.49148336110938E-15));
#3421=DIRECTION('center_axis',(-6.98296672221876E-15,3.49148336110938E-15,
-1.));
#3422=DIRECTION('ref_axis',(-2.43809121218073E-29,-1.,-3.49148336110938E-15));
#3423=DIRECTION('',(2.43809121218073E-29,1.,3.49148336110938E-15));
#3424=DIRECTION('',(2.43809121218073E-29,1.,3.49148336110938E-15));
#3425=DIRECTION('center_axis',(-1.,-1.63696166283752E-30,7.4518109049152E-15));
#3426=DIRECTION('ref_axis',(7.4518109049152E-15,-3.49148336110938E-15,1.));
#3427=DIRECTION('',(2.43809121218073E-29,1.,3.49148336110938E-15));
#3428=DIRECTION('center_axis',(1.,-1.63696166283753E-30,-6.51412253952233E-15));
#3429=DIRECTION('ref_axis',(-6.51412253952233E-15,3.49148336110938E-15,
-1.));
#3430=DIRECTION('',(2.43809121218073E-29,1.,3.49148336110938E-15));
#3431=DIRECTION('center_axis',(-6.98296672221876E-15,3.49148336110938E-15,
-1.));
#3432=DIRECTION('ref_axis',(-2.43809121218073E-29,-1.,-3.49148336110938E-15));
#3433=DIRECTION('center_axis',(1.,0.,-6.98296672221876E-15));
#3434=DIRECTION('ref_axis',(2.43809121218073E-29,1.,3.49148336110938E-15));
#3435=DIRECTION('',(2.43809121218073E-29,1.,3.49148336110938E-15));
#3436=DIRECTION('',(2.43809121218073E-29,1.,3.49148336110938E-15));
#3437=DIRECTION('center_axis',(-6.98296672221876E-15,3.49148336110938E-15,
-1.));
#3438=DIRECTION('ref_axis',(-2.43809121218073E-29,-1.,-3.49148336110938E-15));
#3439=DIRECTION('center_axis',(-7.28205697669752E-15,3.49148336110938E-15,
-1.));
#3440=DIRECTION('ref_axis',(-1.,-1.04426864698256E-30,7.28205697669752E-15));
#3441=DIRECTION('center_axis',(-6.98296672221876E-15,3.05780249211518E-15,
-1.));
#3442=DIRECTION('ref_axis',(-2.13525330455579E-29,-1.,-3.05780249211518E-15));
#3443=DIRECTION('center_axis',(-6.98296672221876E-15,3.49148336110938E-15,
-1.));
#3444=DIRECTION('ref_axis',(-2.43809121218073E-29,-1.,-3.49148336110938E-15));
#3445=DIRECTION('',(2.43809121218073E-29,1.,3.49148336110938E-15));
#3446=DIRECTION('',(1.,8.470329472543E-17,-6.98296672221876E-15));
#3447=DIRECTION('',(-2.43809121218073E-29,-1.,-3.49148336110938E-15));
#3448=DIRECTION('',(-1.,-8.470329472543E-17,6.98296672221876E-15));
#3449=DIRECTION('',(2.43809121218073E-29,1.,3.49148336110938E-15));
#3450=DIRECTION('',(1.,8.470329472543E-17,-6.98296672221876E-15));
#3451=DIRECTION('',(-2.43809121218073E-29,-1.,-3.49148336110938E-15));
#3452=DIRECTION('',(-1.,-8.470329472543E-17,6.98296672221876E-15));
#3453=DIRECTION('',(2.43809121218073E-29,1.,3.49148336110938E-15));
#3454=DIRECTION('',(1.,8.470329472543E-17,-6.98296672221876E-15));
#3455=DIRECTION('',(-2.43809121218073E-29,-1.,-3.49148336110938E-15));
#3456=DIRECTION('',(-1.,-8.470329472543E-17,6.98296672221876E-15));
#3457=DIRECTION('',(2.43809121218073E-29,1.,3.49148336110938E-15));
#3458=DIRECTION('',(1.,8.470329472543E-17,-6.98296672221876E-15));
#3459=DIRECTION('',(-2.43809121218073E-29,-1.,-3.49148336110938E-15));
#3460=DIRECTION('',(-1.,-8.470329472543E-17,6.98296672221876E-15));
#3461=DIRECTION('',(2.43809121218073E-29,1.,3.49148336110938E-15));
#3462=DIRECTION('',(1.,8.470329472543E-17,-6.98296672221876E-15));
#3463=DIRECTION('',(-2.43809121218073E-29,-1.,-3.49148336110938E-15));
#3464=DIRECTION('',(-1.,-8.470329472543E-17,6.98296672221876E-15));
#3465=DIRECTION('',(2.43809121218073E-29,1.,3.49148336110938E-15));
#3466=DIRECTION('',(1.,8.470329472543E-17,-6.98296672221876E-15));
#3467=DIRECTION('',(-2.43809121218073E-29,-1.,-3.49148336110938E-15));
#3468=DIRECTION('',(-1.,-8.470329472543E-17,6.98296672221876E-15));
#3469=DIRECTION('',(2.43809121218073E-29,1.,3.49148336110938E-15));
#3470=DIRECTION('',(1.,8.470329472543E-17,-6.98296672221876E-15));
#3471=DIRECTION('',(-2.43809121218073E-29,-1.,-3.49148336110938E-15));
#3472=DIRECTION('',(-1.,-8.470329472543E-17,6.98296672221876E-15));
#3473=DIRECTION('',(2.43809121218073E-29,1.,3.49148336110938E-15));
#3474=DIRECTION('',(1.,8.470329472543E-17,-6.98296672221876E-15));
#3475=DIRECTION('',(-2.43809121218073E-29,-1.,-3.49148336110938E-15));
#3476=DIRECTION('',(-1.,-8.470329472543E-17,6.98296672221876E-15));
#3477=DIRECTION('center_axis',(-1.,0.,6.98296672221876E-15));
#3478=DIRECTION('ref_axis',(-2.52364923020786E-29,-1.,-3.61400724161835E-15));
#3479=DIRECTION('',(1.,-8.83971580525746E-31,-7.06767001694419E-15));
#3480=DIRECTION('center_axis',(-7.06767001694419E-15,3.49148336110938E-15,
-1.));
#3481=DIRECTION('ref_axis',(-1.,-2.95740144164983E-31,7.06767001694419E-15));
#3482=DIRECTION('',(1.,-8.83971580525746E-31,-7.06767001694419E-15));
#3483=DIRECTION('center_axis',(-1.,0.,6.98296672221876E-15));
#3484=DIRECTION('ref_axis',(-2.44224119052373E-29,-1.,-3.49742636285647E-15));
#3485=DIRECTION('',(-1.,8.83971580525746E-31,7.06767001694419E-15));
#3486=DIRECTION('center_axis',(7.28748999694483E-29,-1.,1.04360944092102E-14));
#3487=DIRECTION('ref_axis',(6.98296672221876E-15,1.04360944092102E-14,1.));
#3488=DIRECTION('',(-1.,8.83971580525746E-31,7.06767001694419E-15));
#3489=DIRECTION('center_axis',(7.06767001694419E-15,-3.49148336110938E-15,
1.));
#3490=DIRECTION('ref_axis',(1.,2.95740144164983E-31,-7.06767001694419E-15));
#3491=DIRECTION('center_axis',(-1.,0.,6.98296672221876E-15));
#3492=DIRECTION('ref_axis',(-2.44224119052373E-29,-1.,-3.49742636285647E-15));
#3493=DIRECTION('',(-1.,8.83971580525746E-31,7.06767001694419E-15));
#3494=DIRECTION('center_axis',(6.98296672221876E-15,-3.49148336110938E-15,
1.));
#3495=DIRECTION('ref_axis',(2.43809121218073E-29,1.,3.49148336110938E-15));
#3496=DIRECTION('center_axis',(-1.,0.,6.98296672221876E-15));
#3497=DIRECTION('ref_axis',(-2.52364923020786E-29,-1.,-3.61400724161835E-15));
#3498=DIRECTION('',(1.,-8.83971580525746E-31,-7.06767001694419E-15));
#3499=DIRECTION('center_axis',(-1.,0.,6.98296672221876E-15));
#3500=DIRECTION('ref_axis',(-2.44224119052373E-29,-1.,-3.49742636285647E-15));
#3501=DIRECTION('',(-1.,8.83971580525746E-31,7.06767001694419E-15));
#3502=DIRECTION('center_axis',(7.06767001694419E-15,-3.49148336110938E-15,
1.));
#3503=DIRECTION('ref_axis',(1.,2.95740144164983E-31,-7.06767001694419E-15));
#3504=DIRECTION('',(-1.,8.83971580525746E-31,7.06767001694419E-15));
#3505=DIRECTION('center_axis',(7.28748999694483E-29,-1.,1.04360944092102E-14));
#3506=DIRECTION('ref_axis',(6.98296672221876E-15,1.04360944092102E-14,1.));
#3507=DIRECTION('',(1.,-8.83971580525746E-31,-7.06767001694419E-15));
#3508=DIRECTION('center_axis',(-1.,0.,6.98296672221876E-15));
#3509=DIRECTION('ref_axis',(-2.52364923020786E-29,-1.,-3.61400724161835E-15));
#3510=DIRECTION('',(1.,-8.83971580525746E-31,-7.06767001694419E-15));
#3511=DIRECTION('center_axis',(-7.06767001694419E-15,3.49148336110938E-15,
-1.));
#3512=DIRECTION('ref_axis',(-1.,-2.95740144164983E-31,7.06767001694419E-15));
#3513=DIRECTION('center_axis',(-1.,0.,6.98296672221876E-15));
#3514=DIRECTION('ref_axis',(-2.52364923020786E-29,-1.,-3.61400724161835E-15));
#3515=DIRECTION('',(1.,-8.83971580525746E-31,-7.06767001694419E-15));
#3516=DIRECTION('center_axis',(-1.,0.,6.98296672221876E-15));
#3517=DIRECTION('ref_axis',(-2.44224119052373E-29,-1.,-3.49742636285647E-15));
#3518=DIRECTION('',(-1.,8.83971580525746E-31,7.06767001694419E-15));
#3519=DIRECTION('center_axis',(7.28748999694483E-29,-1.,1.04360944092102E-14));
#3520=DIRECTION('ref_axis',(6.98296672221876E-15,1.04360944092102E-14,1.));
#3521=DIRECTION('',(1.,-8.83971580525746E-31,-7.06767001694419E-15));
#3522=DIRECTION('',(-1.,8.83971580525746E-31,7.06767001694419E-15));
#3523=DIRECTION('center_axis',(-1.,0.,6.98296672221876E-15));
#3524=DIRECTION('ref_axis',(-2.52364923020786E-29,-1.,-3.61400724161835E-15));
#3525=DIRECTION('',(1.,-8.83971580525746E-31,-7.06767001694419E-15));
#3526=DIRECTION('center_axis',(-7.06767001694419E-15,3.49148336110938E-15,
-1.));
#3527=DIRECTION('ref_axis',(-1.,-2.95740144164983E-31,7.06767001694419E-15));
#3528=DIRECTION('center_axis',(7.06767001694419E-15,-3.49148336110938E-15,
1.));
#3529=DIRECTION('ref_axis',(1.,2.95740144164983E-31,-7.06767001694419E-15));
#3530=DIRECTION('center_axis',(-1.,0.,6.98296672221876E-15));
#3531=DIRECTION('ref_axis',(-2.44224119052373E-29,-1.,-3.49742636285647E-15));
#3532=DIRECTION('',(-1.,8.83971580525746E-31,7.06767001694419E-15));
#3533=DIRECTION('center_axis',(-1.,0.,6.98296672221876E-15));
#3534=DIRECTION('ref_axis',(-2.52364923020786E-29,-1.,-3.61400724161835E-15));
#3535=DIRECTION('',(1.,-8.83971580525746E-31,-7.06767001694419E-15));
#3536=DIRECTION('center_axis',(7.06767001694419E-15,-3.49148336110938E-15,
1.));
#3537=DIRECTION('ref_axis',(1.,2.95740144164983E-31,-7.06767001694419E-15));
#3538=DIRECTION('',(-1.,8.83971580525746E-31,7.06767001694419E-15));
#3539=DIRECTION('center_axis',(-7.06767001694419E-15,3.49148336110938E-15,
-1.));
#3540=DIRECTION('ref_axis',(-1.,-2.95740144164983E-31,7.06767001694419E-15));
#3541=DIRECTION('',(1.,-8.83971580525746E-31,-7.06767001694419E-15));
#3542=DIRECTION('center_axis',(7.28748999694483E-29,-1.,1.04360944092102E-14));
#3543=DIRECTION('ref_axis',(6.98296672221876E-15,1.04360944092102E-14,1.));
#3544=DIRECTION('center_axis',(-1.,0.,6.98296672221876E-15));
#3545=DIRECTION('ref_axis',(-2.44224119052373E-29,-1.,-3.49742636285647E-15));
#3546=DIRECTION('',(-1.,8.83971580525746E-31,7.06767001694419E-15));
#3547=DIRECTION('center_axis',(-7.06767001694419E-15,3.49148336110938E-15,
-1.));
#3548=DIRECTION('ref_axis',(-1.,-2.95740144164983E-31,7.06767001694419E-15));
#3549=DIRECTION('',(1.,-8.83971580525746E-31,-7.06767001694419E-15));
#3550=DIRECTION('center_axis',(7.06767001694419E-15,-3.49148336110938E-15,
1.));
#3551=DIRECTION('ref_axis',(1.,2.95740144164983E-31,-7.06767001694419E-15));
#3552=DIRECTION('',(-1.,8.83971580525746E-31,7.06767001694419E-15));
#3553=DIRECTION('center_axis',(7.28748999694483E-29,-1.,1.04360944092102E-14));
#3554=DIRECTION('ref_axis',(6.98296672221876E-15,1.04360944092102E-14,1.));
#3555=DIRECTION('center_axis',(7.06767001694419E-15,-3.49148336110938E-15,
1.));
#3556=DIRECTION('ref_axis',(1.,2.95740144164983E-31,-7.06767001694419E-15));
#3557=DIRECTION('',(-1.,8.83971580525746E-31,7.06767001694419E-15));
#3558=DIRECTION('center_axis',(7.28748999694483E-29,-1.,1.04360944092102E-14));
#3559=DIRECTION('ref_axis',(6.98296672221876E-15,1.04360944092102E-14,1.));
#3560=DIRECTION('',(1.,-8.83971580525746E-31,-7.06767001694419E-15));
#3561=DIRECTION('center_axis',(-7.06767001694419E-15,3.49148336110938E-15,
-1.));
#3562=DIRECTION('ref_axis',(-1.,-2.95740144164983E-31,7.06767001694419E-15));
#3563=DIRECTION('center_axis',(-1.,0.,6.98296672221876E-15));
#3564=DIRECTION('ref_axis',(-2.52364923020786E-29,-1.,-3.61400724161835E-15));
#3565=DIRECTION('',(1.,-8.83971580525746E-31,-7.06767001694419E-15));
#3566=DIRECTION('center_axis',(-7.06767001694419E-15,3.49148336110938E-15,
-1.));
#3567=DIRECTION('ref_axis',(-1.,-2.95740144164983E-31,7.06767001694419E-15));
#3568=DIRECTION('',(1.,-8.83971580525746E-31,-7.06767001694419E-15));
#3569=DIRECTION('center_axis',(-1.,0.,6.98296672221876E-15));
#3570=DIRECTION('ref_axis',(-2.44224119052373E-29,-1.,-3.49742636285647E-15));
#3571=DIRECTION('',(-1.,8.83971580525746E-31,7.06767001694419E-15));
#3572=DIRECTION('center_axis',(7.28748999694483E-29,-1.,1.04360944092102E-14));
#3573=DIRECTION('ref_axis',(6.98296672221876E-15,1.04360944092102E-14,1.));
#3574=DIRECTION('',(-1.,8.83971580525746E-31,7.06767001694419E-15));
#3575=DIRECTION('center_axis',(7.06767001694419E-15,-3.49148336110938E-15,
1.));
#3576=DIRECTION('ref_axis',(1.,2.95740144164983E-31,-7.06767001694419E-15));
#3577=DIRECTION('center_axis',(-1.,0.,6.98296672221876E-15));
#3578=DIRECTION('ref_axis',(-2.44224119052373E-29,-1.,-3.49742636285647E-15));
#3579=DIRECTION('',(-1.,8.83971580525746E-31,7.06767001694419E-15));
#3580=DIRECTION('center_axis',(-1.,0.,6.98296672221876E-15));
#3581=DIRECTION('ref_axis',(-2.52364923020786E-29,-1.,-3.61400724161835E-15));
#3582=DIRECTION('',(1.,-8.83971580525746E-31,-7.06767001694419E-15));
#3583=DIRECTION('center_axis',(7.06767001694419E-15,-3.49148336110938E-15,
1.));
#3584=DIRECTION('ref_axis',(1.,2.95740144164983E-31,-7.06767001694419E-15));
#3585=DIRECTION('',(-1.,8.83971580525746E-31,7.06767001694419E-15));
#3586=DIRECTION('center_axis',(-7.06767001694419E-15,3.49148336110938E-15,
-1.));
#3587=DIRECTION('ref_axis',(-1.,-2.95740144164983E-31,7.06767001694419E-15));
#3588=DIRECTION('',(1.,-8.83971580525746E-31,-7.06767001694419E-15));
#3589=DIRECTION('center_axis',(7.28748999694483E-29,-1.,1.04360944092102E-14));
#3590=DIRECTION('ref_axis',(6.98296672221876E-15,1.04360944092102E-14,1.));
#3591=DIRECTION('center_axis',(8.47032947254064E-17,-1.,-3.38306314386083E-15));
#3592=DIRECTION('ref_axis',(6.98296672221876E-15,-3.38306314386083E-15,
1.));
#3593=DIRECTION('',(-6.98296672221876E-15,3.38306314386083E-15,-1.));
#3594=DIRECTION('',(-1.,-8.470329472543E-17,6.98296672221876E-15));
#3595=DIRECTION('',(-6.98296672221876E-15,3.38306314386083E-15,-1.));
#3596=DIRECTION('center_axis',(-1.,0.,6.98296672221876E-15));
#3597=DIRECTION('ref_axis',(-2.43809121218073E-29,-1.,-3.49148336110938E-15));
#3598=DIRECTION('',(-6.98296672221876E-15,3.38306314386083E-15,-1.));
#3599=DIRECTION('',(2.43809121218073E-29,1.,3.49148336110938E-15));
#3600=DIRECTION('',(-6.98296672221876E-15,3.38306314386083E-15,-1.));
#3601=DIRECTION('center_axis',(1.,0.,-6.98296672221876E-15));
#3602=DIRECTION('ref_axis',(2.43809121218073E-29,1.,3.49148336110938E-15));
#3603=DIRECTION('',(-6.98296672221876E-15,3.38306314386083E-15,-1.));
#3604=DIRECTION('',(-2.43809121218073E-29,-1.,-3.49148336110938E-15));
#3605=DIRECTION('center_axis',(-8.47032947254064E-17,1.,3.38306314386083E-15));
#3606=DIRECTION('ref_axis',(-6.98296672221876E-15,3.38306314386083E-15,
-1.));
#3607=DIRECTION('',(-6.98296672221876E-15,3.38306314386083E-15,-1.));
#3608=DIRECTION('',(1.,8.470329472543E-17,-6.98296672221876E-15));
#3609=DIRECTION('',(-6.98296672221876E-15,3.38306314386083E-15,-1.));
#3610=DIRECTION('center_axis',(-8.47032947254064E-17,1.,3.38306314386083E-15));
#3611=DIRECTION('ref_axis',(-6.98296672221876E-15,3.38306314386083E-15,
-1.));
#3612=DIRECTION('',(-6.98296672221876E-15,3.38306314386083E-15,-1.));
#3613=DIRECTION('',(1.,8.470329472543E-17,-6.98296672221876E-15));
#3614=DIRECTION('',(-6.98296672221876E-15,3.38306314386083E-15,-1.));
#3615=DIRECTION('center_axis',(1.,0.,-6.98296672221876E-15));
#3616=DIRECTION('ref_axis',(2.43809121218073E-29,1.,3.49148336110938E-15));
#3617=DIRECTION('',(-6.98296672221876E-15,3.38306314386083E-15,-1.));
#3618=DIRECTION('',(-2.43809121218073E-29,-1.,-3.49148336110938E-15));
#3619=DIRECTION('',(-6.98296672221876E-15,3.38306314386083E-15,-1.));
#3620=DIRECTION('center_axis',(-8.47032947254064E-17,1.,3.38306314386083E-15));
#3621=DIRECTION('ref_axis',(-6.98296672221876E-15,3.38306314386083E-15,
-1.));
#3622=DIRECTION('',(-6.98296672221876E-15,3.38306314386083E-15,-1.));
#3623=DIRECTION('',(1.,8.470329472543E-17,-6.98296672221876E-15));
#3624=DIRECTION('',(-6.98296672221876E-15,3.38306314386083E-15,-1.));
#3625=DIRECTION('center_axis',(-1.,0.,6.98296672221876E-15));
#3626=DIRECTION('ref_axis',(-2.43809121218073E-29,-1.,-3.49148336110938E-15));
#3627=DIRECTION('',(2.43809121218073E-29,1.,3.49148336110938E-15));
#3628=DIRECTION('',(-6.98296672221876E-15,3.38306314386083E-15,-1.));
#3629=DIRECTION('center_axis',(-8.47032947254064E-17,1.,3.38306314386083E-15));
#3630=DIRECTION('ref_axis',(-6.98296672221876E-15,3.38306314386083E-15,
-1.));
#3631=DIRECTION('',(-6.98296672221876E-15,3.38306314386083E-15,-1.));
#3632=DIRECTION('',(1.,8.470329472543E-17,-6.98296672221876E-15));
#3633=DIRECTION('center_axis',(-8.47032947254064E-17,1.,3.38306314386083E-15));
#3634=DIRECTION('ref_axis',(-6.98296672221876E-15,3.38306314386083E-15,
-1.));
#3635=DIRECTION('',(-6.98296672221876E-15,3.38306314386083E-15,-1.));
#3636=DIRECTION('',(1.,8.470329472543E-17,-6.98296672221876E-15));
#3637=DIRECTION('',(-6.98296672221876E-15,3.38306314386083E-15,-1.));
#3638=DIRECTION('center_axis',(-1.,0.,6.98296672221876E-15));
#3639=DIRECTION('ref_axis',(-2.43809121218073E-29,-1.,-3.49148336110938E-15));
#3640=DIRECTION('',(-6.98296672221876E-15,3.38306314386083E-15,-1.));
#3641=DIRECTION('',(2.43809121218073E-29,1.,3.49148336110938E-15));
#3642=DIRECTION('',(-6.98296672221876E-15,3.38306314386083E-15,-1.));
#3643=DIRECTION('center_axis',(8.47032947254064E-17,-1.,-3.38306314386083E-15));
#3644=DIRECTION('ref_axis',(6.98296672221876E-15,-3.38306314386083E-15,
1.));
#3645=DIRECTION('',(-1.,-8.470329472543E-17,6.98296672221876E-15));
#3646=DIRECTION('',(-6.98296672221876E-15,3.38306314386083E-15,-1.));
#3647=DIRECTION('center_axis',(-1.,0.,6.98296672221876E-15));
#3648=DIRECTION('ref_axis',(-2.43809121218073E-29,-1.,-3.49148336110938E-15));
#3649=DIRECTION('',(-6.98296672221876E-15,3.38306314386083E-15,-1.));
#3650=DIRECTION('',(2.43809121218073E-29,1.,3.49148336110938E-15));
#3651=DIRECTION('center_axis',(8.47032947254064E-17,-1.,-3.38306314386083E-15));
#3652=DIRECTION('ref_axis',(6.98296672221876E-15,-3.38306314386083E-15,
1.));
#3653=DIRECTION('',(-6.98296672221876E-15,3.38306314386083E-15,-1.));
#3654=DIRECTION('',(-1.,-8.470329472543E-17,6.98296672221876E-15));
#3655=DIRECTION('',(-6.98296672221876E-15,3.38306314386083E-15,-1.));
#3656=DIRECTION('center_axis',(8.47032947254064E-17,-1.,-3.38306314386083E-15));
#3657=DIRECTION('ref_axis',(6.98296672221876E-15,-3.38306314386083E-15,
1.));
#3658=DIRECTION('',(-6.98296672221876E-15,3.38306314386083E-15,-1.));
#3659=DIRECTION('',(-1.,-8.470329472543E-17,6.98296672221876E-15));
#3660=DIRECTION('center_axis',(8.47032947254064E-17,-1.,-3.38306314386083E-15));
#3661=DIRECTION('ref_axis',(6.98296672221876E-15,-3.38306314386083E-15,
1.));
#3662=DIRECTION('',(-6.98296672221876E-15,3.38306314386083E-15,-1.));
#3663=DIRECTION('',(-1.,-8.470329472543E-17,6.98296672221876E-15));
#3664=DIRECTION('',(-6.98296672221876E-15,3.38306314386083E-15,-1.));
#3665=DIRECTION('center_axis',(-1.,0.,6.98296672221876E-15));
#3666=DIRECTION('ref_axis',(-2.43809121218073E-29,-1.,-3.49148336110938E-15));
#3667=DIRECTION('',(-6.98296672221876E-15,3.38306314386083E-15,-1.));
#3668=DIRECTION('',(2.43809121218073E-29,1.,3.49148336110938E-15));
#3669=DIRECTION('center_axis',(8.47032947254064E-17,-1.,-3.38306314386083E-15));
#3670=DIRECTION('ref_axis',(6.98296672221876E-15,-3.38306314386083E-15,
1.));
#3671=DIRECTION('',(-6.98296672221876E-15,3.38306314386083E-15,-1.));
#3672=DIRECTION('',(-1.,-8.470329472543E-17,6.98296672221876E-15));
#3673=DIRECTION('center_axis',(-8.47032947254064E-17,1.,3.38306314386083E-15));
#3674=DIRECTION('ref_axis',(-6.98296672221876E-15,3.38306314386083E-15,
-1.));
#3675=DIRECTION('',(1.,8.470329472543E-17,-6.98296672221876E-15));
#3676=DIRECTION('',(-6.98296672221876E-15,3.38306314386083E-15,-1.));
#3677=DIRECTION('center_axis',(-8.47032947254064E-17,1.,3.38306314386083E-15));
#3678=DIRECTION('ref_axis',(-6.98296672221876E-15,3.38306314386083E-15,
-1.));
#3679=DIRECTION('',(1.,8.470329472543E-17,-6.98296672221876E-15));
#3680=DIRECTION('',(-6.98296672221876E-15,3.38306314386083E-15,-1.));
#3681=DIRECTION('center_axis',(1.,0.,-6.98296672221876E-15));
#3682=DIRECTION('ref_axis',(2.43809121218073E-29,1.,3.49148336110938E-15));
#3683=DIRECTION('',(-2.43809121218073E-29,-1.,-3.49148336110938E-15));
#3684=DIRECTION('center_axis',(-1.,0.,6.98296672221876E-15));
#3685=DIRECTION('ref_axis',(-2.43809121218073E-29,-1.,-3.49148336110938E-15));
#3686=DIRECTION('',(2.43809121218073E-29,1.,3.49148336110938E-15));
#3687=DIRECTION('center_axis',(1.,0.,-6.98296672221876E-15));
#3688=DIRECTION('ref_axis',(2.43809121218073E-29,1.,3.49148336110938E-15));
#3689=DIRECTION('',(-2.43809121218073E-29,-1.,-3.49148336110938E-15));
#3690=DIRECTION('center_axis',(1.,0.,-6.98296672221876E-15));
#3691=DIRECTION('ref_axis',(2.43809121218073E-29,1.,3.49148336110938E-15));
#3692=DIRECTION('',(-2.43809121218073E-29,-1.,-3.49148336110938E-15));
#3693=DIRECTION('center_axis',(8.47032947254064E-17,-1.,-3.38306314386083E-15));
#3694=DIRECTION('ref_axis',(6.98296672221876E-15,-3.38306314386083E-15,
1.));
#3695=DIRECTION('',(-6.98296672221876E-15,3.38306314386083E-15,-1.));
#3696=DIRECTION('',(-1.,-8.470329472543E-17,6.98296672221876E-15));
#3697=DIRECTION('center_axis',(-1.,0.,6.98296672221876E-15));
#3698=DIRECTION('ref_axis',(-2.43809121218073E-29,-1.,-3.49148336110938E-15));
#3699=DIRECTION('',(2.43809121218073E-29,1.,3.49148336110938E-15));
#3700=DIRECTION('center_axis',(1.,0.,-6.98296672221876E-15));
#3701=DIRECTION('ref_axis',(2.43809121218073E-29,1.,3.49148336110938E-15));
#3702=DIRECTION('',(-2.43809121218073E-29,-1.,-3.49148336110938E-15));
#3703=DIRECTION('center_axis',(-1.,0.,6.98296672221876E-15));
#3704=DIRECTION('ref_axis',(-2.43809121218073E-29,-1.,-3.49148336110938E-15));
#3705=DIRECTION('',(2.43809121218073E-29,1.,3.49148336110938E-15));
#3706=DIRECTION('center_axis',(8.47032947254064E-17,-1.,-3.38306314386083E-15));
#3707=DIRECTION('ref_axis',(6.98296672221876E-15,-3.38306314386083E-15,
1.));
#3708=DIRECTION('',(-6.98296672221876E-15,3.38306314386083E-15,-1.));
#3709=DIRECTION('',(-1.,-8.470329472543E-17,6.98296672221876E-15));
#3710=DIRECTION('center_axis',(1.,0.,-6.98296672221876E-15));
#3711=DIRECTION('ref_axis',(2.43809121218073E-29,1.,3.49148336110938E-15));
#3712=DIRECTION('',(-2.43809121218073E-29,-1.,-3.49148336110938E-15));
#3713=DIRECTION('center_axis',(-8.47032947254064E-17,1.,3.38306314386083E-15));
#3714=DIRECTION('ref_axis',(-6.98296672221876E-15,3.38306314386083E-15,
-1.));
#3715=DIRECTION('',(1.,8.470329472543E-17,-6.98296672221876E-15));
#3716=DIRECTION('center_axis',(1.,0.,-6.98296672221876E-15));
#3717=DIRECTION('ref_axis',(2.43809121218073E-29,1.,3.49148336110938E-15));
#3718=DIRECTION('',(-2.43809121218073E-29,-1.,-3.49148336110938E-15));
#3719=DIRECTION('center_axis',(-6.98296672221876E-15,3.49148336110938E-15,
-1.));
#3720=DIRECTION('ref_axis',(-2.43809121218073E-29,-1.,-3.49148336110938E-15));
#3721=DIRECTION('center_axis',(-6.98296672221876E-15,3.49148336110938E-15,
-1.));
#3722=DIRECTION('ref_axis',(-2.43809121218073E-29,-1.,-3.49148336110938E-15));
#3723=DIRECTION('center_axis',(-6.98296672221876E-15,3.49148336110938E-15,
-1.));
#3724=DIRECTION('ref_axis',(-2.43809121218073E-29,-1.,-3.49148336110938E-15));
#3725=DIRECTION('center_axis',(-6.98296672221876E-15,3.49148336110938E-15,
-1.));
#3726=DIRECTION('ref_axis',(-2.43809121218073E-29,-1.,-3.49148336110938E-15));
#3727=DIRECTION('center_axis',(-6.98296672221876E-15,3.49148336110938E-15,
-1.));
#3728=DIRECTION('ref_axis',(-2.43809121218073E-29,-1.,-3.49148336110938E-15));
#3729=DIRECTION('center_axis',(-6.98296672221876E-15,3.49148336110938E-15,
-1.));
#3730=DIRECTION('ref_axis',(-2.43809121218073E-29,-1.,-3.49148336110938E-15));
#3731=DIRECTION('center_axis',(-6.98296672221876E-15,3.49148336110938E-15,
-1.));
#3732=DIRECTION('ref_axis',(-2.43809121218073E-29,-1.,-3.49148336110938E-15));
#3733=DIRECTION('center_axis',(-6.98296672221876E-15,3.49148336110938E-15,
-1.));
#3734=DIRECTION('ref_axis',(-2.43809121218073E-29,-1.,-3.49148336110938E-15));
#3735=CARTESIAN_POINT('',(0.,0.,0.));
#3736=CARTESIAN_POINT('Origin',(-10.3,2.23345647532014E-14,-5.74999999999993));
#3737=CARTESIAN_POINT('',(-11.2,2.55192378864668,-5.74999999999992));
#3738=CARTESIAN_POINT('',(-11.2,2.23345647532014E-14,-5.74999999999993));
#3739=CARTESIAN_POINT('',(-11.2,2.23345647532014E-14,-5.74999999999993));
#3740=CARTESIAN_POINT('',(-10.3,2.55192378864668,-5.74999999999992));
#3741=CARTESIAN_POINT('',(-10.3,2.55192378864668,-5.74999999999992));
#3742=CARTESIAN_POINT('',(-10.3,2.23345647532014E-14,-5.74999999999993));
#3743=CARTESIAN_POINT('',(-10.3,2.23345647532014E-14,-5.74999999999993));
#3744=CARTESIAN_POINT('',(-10.3,2.23345647532014E-14,-5.74999999999993));
#3745=CARTESIAN_POINT('Origin',(-10.3,2.55192378864668,-5.74999999999992));
#3746=CARTESIAN_POINT('',(-11.2,5.15000000000001,-1.24999999999991));
#3747=CARTESIAN_POINT('',(-11.2,2.55192378864668,-5.74999999999992));
#3748=CARTESIAN_POINT('',(-10.3,5.15000000000001,-1.24999999999991));
#3749=CARTESIAN_POINT('',(-10.3,5.15000000000001,-1.24999999999991));
#3750=CARTESIAN_POINT('',(-10.3,2.55192378864668,-5.74999999999992));
#3751=CARTESIAN_POINT('Origin',(-10.3,0.399999999999984,5.75000000000007));
#3752=CARTESIAN_POINT('',(-10.3,0.399999999999984,5.75000000000007));
#3753=CARTESIAN_POINT('',(-10.3,0.400000000000008,-1.24999999999993));
#3754=CARTESIAN_POINT('',(-10.3,0.400000000000008,-1.24999999999993));
#3755=CARTESIAN_POINT('',(-10.3,-1.62630325872826E-14,5.75000000000007));
#3756=CARTESIAN_POINT('',(-10.3,0.399999999999984,5.75000000000007));
#3757=CARTESIAN_POINT('',(-10.3,-1.62630325872826E-14,5.75000000000007));
#3758=CARTESIAN_POINT('',(-10.3,5.15000000000001,-1.24999999999991));
#3759=CARTESIAN_POINT('Origin',(-10.3,-1.62630325872826E-14,5.75000000000007));
#3760=CARTESIAN_POINT('',(-11.2,-1.62630325872826E-14,5.75000000000008));
#3761=CARTESIAN_POINT('',(-11.2,-1.62630325872826E-14,5.75000000000008));
#3762=CARTESIAN_POINT('',(-10.3,-1.62630325872826E-14,5.75000000000007));
#3763=CARTESIAN_POINT('Origin',(-11.2,6.14999999999998,5.7500000000001));
#3764=CARTESIAN_POINT('',(-11.2,4.32499999999998,5.75000000000009));
#3765=CARTESIAN_POINT('',(-11.2,4.32499999999998,5.75000000000009));
#3766=CARTESIAN_POINT('',(-11.2,4.32499999999999,2.65000000000009));
#3767=CARTESIAN_POINT('',(-11.2,4.32499999999999,2.65000000000009));
#3768=CARTESIAN_POINT('',(-11.2,5.325,2.65000000000009));
#3769=CARTESIAN_POINT('',(-11.2,5.325,2.65000000000009));
#3770=CARTESIAN_POINT('',(-11.2,5.32499999999998,5.75000000000009));
#3771=CARTESIAN_POINT('',(-11.2,5.32499999999998,5.75000000000009));
#3772=CARTESIAN_POINT('',(-11.2,6.14999999999998,5.7500000000001));
#3773=CARTESIAN_POINT('',(-11.2,6.14999999999998,5.7500000000001));
#3774=CARTESIAN_POINT('',(-11.2,6.15000000000001,-1.2499999999999));
#3775=CARTESIAN_POINT('',(-11.2,6.15000000000001,-1.2499999999999));
#3776=CARTESIAN_POINT('',(-11.2,6.15000000000001,-1.2499999999999));
#3777=CARTESIAN_POINT('Origin',(-11.2,6.15000000000001,-1.2499999999999));
#3778=CARTESIAN_POINT('',(10.3,5.15000000000001,-1.25000000000006));
#3779=CARTESIAN_POINT('',(11.2,5.15000000000001,-1.25000000000006));
#3780=CARTESIAN_POINT('',(10.3,5.15000000000001,-1.25000000000006));
#3781=CARTESIAN_POINT('',(10.3,0.400000000000008,-1.25000000000007));
#3782=CARTESIAN_POINT('',(10.3,5.15000000000001,-1.25000000000006));
#3783=CARTESIAN_POINT('',(-11.2,0.400000000000008,-1.24999999999992));
#3784=CARTESIAN_POINT('',(11.2,6.15000000000001,-1.25000000000006));
#3785=CARTESIAN_POINT('',(-11.2,6.15000000000001,-1.2499999999999));
#3786=CARTESIAN_POINT('',(11.2,6.15000000000001,-1.25000000000006));
#3787=CARTESIAN_POINT('',(-9.07000000000001,3.45500000000001,-1.24999999999993));
#3788=CARTESIAN_POINT('',(-8.43000000000001,3.45500000000001,-1.24999999999993));
#3789=CARTESIAN_POINT('',(-11.2,3.45500000000001,-1.24999999999991));
#3790=CARTESIAN_POINT('',(-8.43000000000001,4.09500000000001,-1.24999999999993));
#3791=CARTESIAN_POINT('',(-8.43000000000001,6.15000000000001,-1.24999999999992));
#3792=CARTESIAN_POINT('',(-9.07000000000001,4.09500000000001,-1.24999999999993));
#3793=CARTESIAN_POINT('',(-11.2,4.09500000000001,-1.24999999999991));
#3794=CARTESIAN_POINT('',(-9.07000000000001,6.15000000000001,-1.24999999999992));
#3795=CARTESIAN_POINT('',(-6.57000000000001,3.45500000000001,-1.24999999999995));
#3796=CARTESIAN_POINT('',(-5.93000000000001,3.45500000000001,-1.24999999999995));
#3797=CARTESIAN_POINT('',(-11.2,3.45500000000001,-1.24999999999991));
#3798=CARTESIAN_POINT('',(-5.93000000000001,4.09500000000001,-1.24999999999995));
#3799=CARTESIAN_POINT('',(-5.93000000000001,6.15000000000001,-1.24999999999994));
#3800=CARTESIAN_POINT('',(-6.57000000000001,4.09500000000001,-1.24999999999994));
#3801=CARTESIAN_POINT('',(-11.2,4.09500000000001,-1.24999999999991));
#3802=CARTESIAN_POINT('',(-6.57000000000001,6.15000000000001,-1.24999999999994));
#3803=CARTESIAN_POINT('',(-4.07000000000001,3.45500000000001,-1.24999999999996));
#3804=CARTESIAN_POINT('',(-3.43000000000001,3.45500000000001,-1.24999999999997));
#3805=CARTESIAN_POINT('',(-11.2,3.45500000000001,-1.24999999999991));
#3806=CARTESIAN_POINT('',(-3.43000000000001,4.09500000000001,-1.24999999999997));
#3807=CARTESIAN_POINT('',(-3.43000000000001,6.15000000000001,-1.24999999999996));
#3808=CARTESIAN_POINT('',(-4.07000000000001,4.09500000000001,-1.24999999999996));
#3809=CARTESIAN_POINT('',(-11.2,4.09500000000001,-1.24999999999991));
#3810=CARTESIAN_POINT('',(-4.07000000000001,6.15000000000001,-1.24999999999995));
#3811=CARTESIAN_POINT('',(-1.57000000000001,3.45500000000001,-1.24999999999998));
#3812=CARTESIAN_POINT('',(-0.930000000000007,3.45500000000001,-1.24999999999998));
#3813=CARTESIAN_POINT('',(-11.2,3.45500000000001,-1.24999999999991));
#3814=CARTESIAN_POINT('',(-0.930000000000007,4.09500000000001,-1.24999999999998));
#3815=CARTESIAN_POINT('',(-0.930000000000007,6.15000000000001,-1.24999999999998));
#3816=CARTESIAN_POINT('',(-1.57000000000001,4.09500000000001,-1.24999999999998));
#3817=CARTESIAN_POINT('',(-11.2,4.09500000000001,-1.24999999999991));
#3818=CARTESIAN_POINT('',(-1.57000000000001,6.15000000000001,-1.24999999999997));
#3819=CARTESIAN_POINT('',(0.929999999999993,3.45500000000001,-1.25));
#3820=CARTESIAN_POINT('',(1.56999999999999,3.45500000000001,-1.25));
#3821=CARTESIAN_POINT('',(-11.2,3.45500000000001,-1.24999999999991));
#3822=CARTESIAN_POINT('',(1.56999999999999,4.09500000000001,-1.25));
#3823=CARTESIAN_POINT('',(1.56999999999999,6.15000000000001,-1.24999999999999));
#3824=CARTESIAN_POINT('',(0.929999999999993,4.09500000000001,-1.25));
#3825=CARTESIAN_POINT('',(-11.2,4.09500000000001,-1.24999999999991));
#3826=CARTESIAN_POINT('',(0.929999999999993,6.15000000000001,-1.24999999999999));
#3827=CARTESIAN_POINT('',(3.42999999999999,3.45500000000001,-1.25000000000002));
#3828=CARTESIAN_POINT('',(4.06999999999999,3.45500000000001,-1.25000000000002));
#3829=CARTESIAN_POINT('',(-11.2,3.45500000000001,-1.24999999999991));
#3830=CARTESIAN_POINT('',(4.06999999999999,4.09500000000001,-1.25000000000002));
#3831=CARTESIAN_POINT('',(4.06999999999999,6.15000000000001,-1.25000000000001));
#3832=CARTESIAN_POINT('',(3.42999999999999,4.09500000000001,-1.25000000000001));
#3833=CARTESIAN_POINT('',(-11.2,4.09500000000001,-1.24999999999991));
#3834=CARTESIAN_POINT('',(3.42999999999999,6.15000000000001,-1.25000000000001));
#3835=CARTESIAN_POINT('',(5.92999999999999,3.45500000000001,-1.25000000000003));
#3836=CARTESIAN_POINT('',(6.56999999999999,3.45500000000001,-1.25000000000004));
#3837=CARTESIAN_POINT('',(-11.2,3.45500000000001,-1.24999999999991));
#3838=CARTESIAN_POINT('',(6.56999999999999,4.09500000000001,-1.25000000000004));
#3839=CARTESIAN_POINT('',(6.56999999999999,6.15000000000001,-1.25000000000003));
#3840=CARTESIAN_POINT('',(5.92999999999999,4.09500000000001,-1.25000000000003));
#3841=CARTESIAN_POINT('',(-11.2,4.09500000000001,-1.24999999999991));
#3842=CARTESIAN_POINT('',(5.92999999999999,6.15000000000001,-1.25000000000002));
#3843=CARTESIAN_POINT('',(8.43,3.45500000000001,-1.25000000000005));
#3844=CARTESIAN_POINT('',(9.07,3.45500000000001,-1.25000000000005));
#3845=CARTESIAN_POINT('',(-11.2,3.45500000000001,-1.24999999999991));
#3846=CARTESIAN_POINT('',(9.07,4.09500000000001,-1.25000000000005));
#3847=CARTESIAN_POINT('',(9.07,6.15000000000001,-1.25000000000005));
#3848=CARTESIAN_POINT('',(8.43,4.09500000000001,-1.25000000000005));
#3849=CARTESIAN_POINT('',(-11.2,4.09500000000001,-1.24999999999991));
#3850=CARTESIAN_POINT('',(8.42999999999999,6.15000000000001,-1.25000000000004));
#3851=CARTESIAN_POINT('Origin',(-11.2,0.400000000000008,-1.24999999999992));
#3852=CARTESIAN_POINT('',(10.3,0.399999999999984,5.74999999999993));
#3853=CARTESIAN_POINT('',(10.3,0.400000000000008,-1.25000000000007));
#3854=CARTESIAN_POINT('',(-11.2,0.399999999999984,5.75000000000008));
#3855=CARTESIAN_POINT('Origin',(-11.2,4.32499999999998,5.75000000000009));
#3856=CARTESIAN_POINT('',(10.35,4.32499999999998,5.74999999999994));
#3857=CARTESIAN_POINT('',(11.2,4.32499999999998,5.74999999999993));
#3858=CARTESIAN_POINT('',(-11.2,4.32499999999998,5.75000000000009));
#3859=CARTESIAN_POINT('',(10.35,1.22499999999998,5.74999999999993));
#3860=CARTESIAN_POINT('',(10.35,5.32499999999998,5.74999999999994));
#3861=CARTESIAN_POINT('',(-10.35,1.22499999999998,5.75000000000007));
#3862=CARTESIAN_POINT('',(10.35,1.22499999999998,5.74999999999993));
#3863=CARTESIAN_POINT('',(-10.35,4.32499999999998,5.75000000000009));
#3864=CARTESIAN_POINT('',(-10.35,5.32499999999998,5.75000000000009));
#3865=CARTESIAN_POINT('',(-11.2,4.32499999999998,5.75000000000009));
#3866=CARTESIAN_POINT('',(10.3,-1.62630325872826E-14,5.74999999999993));
#3867=CARTESIAN_POINT('',(10.3,0.399999999999984,5.74999999999993));
#3868=CARTESIAN_POINT('',(11.2,-1.62630325872826E-14,5.74999999999992));
#3869=CARTESIAN_POINT('',(10.3,-1.62630325872826E-14,5.74999999999993));
#3870=CARTESIAN_POINT('',(11.2,4.32499999999998,5.74999999999993));
#3871=CARTESIAN_POINT('Origin',(-11.2,6.14999999999998,5.7500000000001));
#3872=CARTESIAN_POINT('',(-9.24999999999996,5.32499999999998,5.75000000000008));
#3873=CARTESIAN_POINT('',(-11.2,5.32499999999998,5.75000000000009));
#3874=CARTESIAN_POINT('',(-9.24999999999996,6.14999999999998,5.75000000000009));
#3875=CARTESIAN_POINT('',(-9.24999999999996,1.35102214399726,5.75000000000007));
#3876=CARTESIAN_POINT('',(-11.2,6.14999999999998,5.7500000000001));
#3877=CARTESIAN_POINT('Origin',(-11.2,4.32499999999999,2.65000000000009));
#3878=CARTESIAN_POINT('',(-10.35,4.32499999999999,2.65000000000008));
#3879=CARTESIAN_POINT('',(-10.35,4.32499999999999,2.65000000000008));
#3880=CARTESIAN_POINT('',(-11.2,4.32499999999999,2.65000000000009));
#3881=CARTESIAN_POINT('Origin',(-11.2,6.15000000000001,-1.2499999999999));
#3882=CARTESIAN_POINT('',(-9.24999999999999,6.15,2.05000000000008));
#3883=CARTESIAN_POINT('',(-9.24999999999996,6.14999999999998,5.75000000000009));
#3884=CARTESIAN_POINT('',(-7.79999999999999,6.15,2.05000000000008));
#3885=CARTESIAN_POINT('',(-9.24999999999999,6.15,2.05000000000008));
#3886=CARTESIAN_POINT('',(-7.79999999999996,6.14999999999998,5.75000000000008));
#3887=CARTESIAN_POINT('',(-7.79999999999996,6.14999999999998,5.75000000000008));
#3888=CARTESIAN_POINT('',(7.80000000000004,6.14999999999998,5.74999999999997));
#3889=CARTESIAN_POINT('',(-11.2,6.14999999999998,5.7500000000001));
#3890=CARTESIAN_POINT('',(7.80000000000002,6.15,2.04999999999996));
#3891=CARTESIAN_POINT('',(7.80000000000004,6.14999999999998,5.74999999999997));
#3892=CARTESIAN_POINT('',(9.25000000000002,6.15,2.04999999999995));
#3893=CARTESIAN_POINT('',(9.25000000000002,6.15,2.04999999999995));
#3894=CARTESIAN_POINT('',(9.25000000000004,6.14999999999998,5.74999999999996));
#3895=CARTESIAN_POINT('',(9.25000000000004,6.14999999999998,5.74999999999996));
#3896=CARTESIAN_POINT('',(11.2,6.14999999999998,5.74999999999994));
#3897=CARTESIAN_POINT('',(-11.2,6.14999999999998,5.7500000000001));
#3898=CARTESIAN_POINT('',(11.2,6.15000000000001,-1.25000000000006));
#3899=CARTESIAN_POINT('Origin',(-11.2,5.32499999999998,5.75000000000009));
#3900=CARTESIAN_POINT('',(-9.24999999999999,5.325,2.05000000000008));
#3901=CARTESIAN_POINT('',(-7.79999999999999,5.325,2.05000000000007));
#3902=CARTESIAN_POINT('',(-9.24999999999999,5.325,2.05000000000008));
#3903=CARTESIAN_POINT('',(-9.24999999999996,5.32499999999998,5.75000000000008));
#3904=CARTESIAN_POINT('',(-10.35,5.32499999999999,2.65000000000009));
#3905=CARTESIAN_POINT('',(-11.2,5.325,2.65000000000009));
#3906=CARTESIAN_POINT('',(-10.35,5.325,1.05000000000009));
#3907=CARTESIAN_POINT('',(-10.35,5.325,1.05000000000009));
#3908=CARTESIAN_POINT('',(10.35,5.325,1.04999999999994));
#3909=CARTESIAN_POINT('',(10.35,5.325,1.04999999999994));
#3910=CARTESIAN_POINT('',(10.35,5.325,2.64999999999994));
#3911=CARTESIAN_POINT('',(10.35,5.325,1.04999999999994));
#3912=CARTESIAN_POINT('',(11.2,5.325,2.64999999999994));
#3913=CARTESIAN_POINT('',(-11.2,5.325,2.65000000000009));
#3914=CARTESIAN_POINT('',(11.2,5.32499999999998,5.74999999999994));
#3915=CARTESIAN_POINT('',(11.2,5.32499999999998,5.74999999999994));
#3916=CARTESIAN_POINT('',(9.25000000000004,5.32499999999998,5.74999999999995));
#3917=CARTESIAN_POINT('',(-11.2,5.32499999999998,5.75000000000009));
#3918=CARTESIAN_POINT('',(9.25000000000002,5.325,2.04999999999995));
#3919=CARTESIAN_POINT('',(9.25000000000004,5.32499999999998,5.74999999999995));
#3920=CARTESIAN_POINT('',(7.80000000000002,5.325,2.04999999999996));
#3921=CARTESIAN_POINT('',(9.25000000000002,5.325,2.04999999999995));
#3922=CARTESIAN_POINT('',(7.80000000000004,5.32499999999998,5.74999999999996));
#3923=CARTESIAN_POINT('',(7.80000000000004,5.32499999999998,5.74999999999996));
#3924=CARTESIAN_POINT('',(-7.79999999999996,5.32499999999998,5.75000000000007));
#3925=CARTESIAN_POINT('',(-11.2,5.32499999999998,5.75000000000009));
#3926=CARTESIAN_POINT('',(-7.79999999999996,5.32499999999998,5.75000000000007));
#3927=CARTESIAN_POINT('Origin',(-11.2,5.325,2.65000000000009));
#3928=CARTESIAN_POINT('',(-10.35,5.325,2.65000000000009));
#3929=CARTESIAN_POINT('Origin',(-5.93000000000002,4.09500000000001,-2.52999999999994));
#3930=CARTESIAN_POINT('',(-5.93000000000002,3.45500000000001,-2.52999999999994));
#3931=CARTESIAN_POINT('',(-5.93000000000002,3.45500000000001,-2.52999999999994));
#3932=CARTESIAN_POINT('',(-5.93000000000002,2.85500000000001,-3.12999999999995));
#3933=CARTESIAN_POINT('Origin',(-5.93000000000002,2.85500000000001,-2.52999999999995));
#3934=CARTESIAN_POINT('',(-5.93000000000002,-3.39999999999998,-3.12999999999997));
#3935=CARTESIAN_POINT('',(-5.93000000000002,2.85500000000001,-3.12999999999995));
#3936=CARTESIAN_POINT('',(-5.93000000000002,-3.39999999999999,-3.76999999999997));
#3937=CARTESIAN_POINT('',(-5.93000000000002,-3.39999999999999,-3.76999999999997));
#3938=CARTESIAN_POINT('',(-5.93000000000002,2.85500000000001,-3.76999999999995));
#3939=CARTESIAN_POINT('',(-5.93000000000002,2.85500000000001,-3.76999999999995));
#3940=CARTESIAN_POINT('',(-5.93000000000002,4.09500000000001,-2.52999999999994));
#3941=CARTESIAN_POINT('Origin',(-5.93000000000002,2.85500000000001,-2.52999999999995));
#3942=CARTESIAN_POINT('',(-5.93000000000002,4.09500000000001,-2.52999999999994));
#3943=CARTESIAN_POINT('Origin',(1.56999999999998,4.09500000000001,-2.52999999999999));
#3944=CARTESIAN_POINT('',(1.56999999999998,4.09500000000001,-2.52999999999999));
#3945=CARTESIAN_POINT('',(1.56999999999998,4.09500000000001,-2.52999999999999));
#3946=CARTESIAN_POINT('',(0.929999999999984,4.09500000000001,-2.52999999999999));
#3947=CARTESIAN_POINT('',(1.56999999999998,4.09500000000001,-2.52999999999999));
#3948=CARTESIAN_POINT('',(0.929999999999984,4.09500000000001,-2.52999999999999));
#3949=CARTESIAN_POINT('Origin',(10.3,0.399999999999984,5.74999999999993));
#3950=CARTESIAN_POINT('',(10.3,2.55192378864668,-5.75000000000007));
#3951=CARTESIAN_POINT('',(10.3,2.55192378864668,-5.75000000000007));
#3952=CARTESIAN_POINT('',(10.3,2.23345647532014E-14,-5.75000000000008));
#3953=CARTESIAN_POINT('',(10.3,2.23345647532014E-14,-5.75000000000008));
#3954=CARTESIAN_POINT('',(10.3,-1.62630325872826E-14,5.74999999999993));
#3955=CARTESIAN_POINT('Origin',(4.06999999999999,3.45500000000001,-2.53000000000001));
#3956=CARTESIAN_POINT('',(3.42999999999998,3.45500000000001,-2.53000000000001));
#3957=CARTESIAN_POINT('',(3.42999999999998,3.45500000000001,-2.53000000000001));
#3958=CARTESIAN_POINT('',(4.06999999999999,3.45500000000001,-2.53000000000001));
#3959=CARTESIAN_POINT('',(4.06999999999999,3.45500000000001,-2.53000000000001));
#3960=CARTESIAN_POINT('',(4.06999999999999,3.45500000000001,-2.53000000000001));
#3961=CARTESIAN_POINT('Origin',(-1.57000000000002,4.09500000000001,-2.52999999999997));
#3962=CARTESIAN_POINT('',(-1.57000000000002,4.09500000000001,-2.52999999999997));
#3963=CARTESIAN_POINT('',(-1.57000000000002,4.09500000000001,-2.52999999999997));
#3964=CARTESIAN_POINT('',(-1.57000000000002,2.85500000000001,-3.76999999999998));
#3965=CARTESIAN_POINT('Origin',(-1.57000000000002,2.85500000000001,-2.52999999999998));
#3966=CARTESIAN_POINT('',(-1.57000000000002,-3.39999999999999,-3.77));
#3967=CARTESIAN_POINT('',(-1.57000000000002,2.85500000000001,-3.76999999999998));
#3968=CARTESIAN_POINT('',(-1.57000000000002,-3.39999999999998,-3.13));
#3969=CARTESIAN_POINT('',(-1.57000000000002,-3.39999999999999,-3.77));
#3970=CARTESIAN_POINT('',(-1.57000000000002,2.85500000000001,-3.12999999999998));
#3971=CARTESIAN_POINT('',(-1.57000000000002,2.85500000000001,-3.12999999999998));
#3972=CARTESIAN_POINT('',(-1.57000000000002,3.45500000000001,-2.52999999999997));
#3973=CARTESIAN_POINT('Origin',(-1.57000000000002,2.85500000000001,-2.52999999999998));
#3974=CARTESIAN_POINT('',(-1.57000000000002,3.45500000000001,-2.52999999999997));
#3975=CARTESIAN_POINT('Origin',(-0.930000000000016,4.09500000000001,-2.52999999999998));
#3976=CARTESIAN_POINT('',(-0.930000000000016,3.45500000000001,-2.52999999999998));
#3977=CARTESIAN_POINT('',(-0.930000000000016,3.45500000000001,-2.52999999999998));
#3978=CARTESIAN_POINT('',(-0.930000000000021,2.85500000000001,-3.12999999999999));
#3979=CARTESIAN_POINT('Origin',(-0.930000000000016,2.85500000000001,-2.52999999999999));
#3980=CARTESIAN_POINT('',(-0.930000000000021,-3.39999999999998,-3.13000000000001));
#3981=CARTESIAN_POINT('',(-0.930000000000021,2.85500000000001,-3.12999999999999));
#3982=CARTESIAN_POINT('',(-0.930000000000025,-3.39999999999999,-3.77000000000001));
#3983=CARTESIAN_POINT('',(-0.930000000000025,-3.39999999999999,-3.77000000000001));
#3984=CARTESIAN_POINT('',(-0.930000000000025,2.85500000000001,-3.76999999999999));
#3985=CARTESIAN_POINT('',(-0.930000000000025,2.85500000000001,-3.76999999999999));
#3986=CARTESIAN_POINT('',(-0.930000000000016,4.09500000000001,-2.52999999999998));
#3987=CARTESIAN_POINT('Origin',(-0.930000000000016,2.85500000000001,-2.52999999999999));
#3988=CARTESIAN_POINT('',(-0.930000000000016,4.09500000000001,-2.52999999999998));
#3989=CARTESIAN_POINT('Origin',(9.06999999999999,3.45500000000001,-2.53000000000005));
#3990=CARTESIAN_POINT('',(8.42999999999999,3.45500000000001,-2.53000000000004));
#3991=CARTESIAN_POINT('',(8.42999999999999,3.45500000000001,-2.53000000000004));
#3992=CARTESIAN_POINT('',(9.06999999999999,3.45500000000001,-2.53000000000005));
#3993=CARTESIAN_POINT('',(9.06999999999999,3.45500000000001,-2.53000000000005));
#3994=CARTESIAN_POINT('',(9.06999999999999,3.45500000000001,-2.53000000000005));
#3995=CARTESIAN_POINT('Origin',(4.06999999999999,4.09500000000001,-2.53000000000001));
#3996=CARTESIAN_POINT('',(4.06999999999999,4.09500000000001,-2.53000000000001));
#3997=CARTESIAN_POINT('',(4.06999999999999,4.09500000000001,-2.53000000000001));
#3998=CARTESIAN_POINT('',(3.42999999999998,4.09500000000001,-2.53000000000001));
#3999=CARTESIAN_POINT('',(4.06999999999999,4.09500000000001,-2.53000000000001));
#4000=CARTESIAN_POINT('',(3.42999999999998,4.09500000000001,-2.53000000000001));
#4001=CARTESIAN_POINT('Origin',(0.929999999999984,4.09500000000001,-2.52999999999999));
#4002=CARTESIAN_POINT('',(0.929999999999976,2.85500000000001,-3.77));
#4003=CARTESIAN_POINT('Origin',(0.929999999999984,2.85500000000001,-2.53));
#4004=CARTESIAN_POINT('',(0.929999999999976,-3.39999999999999,-3.77000000000002));
#4005=CARTESIAN_POINT('',(0.929999999999976,2.85500000000001,-3.77));
#4006=CARTESIAN_POINT('',(0.92999999999998,-3.39999999999998,-3.13000000000002));
#4007=CARTESIAN_POINT('',(0.929999999999976,-3.39999999999999,-3.77000000000002));
#4008=CARTESIAN_POINT('',(0.92999999999998,2.85500000000001,-3.13));
#4009=CARTESIAN_POINT('',(0.92999999999998,2.85500000000001,-3.13));
#4010=CARTESIAN_POINT('',(0.929999999999984,3.45500000000001,-2.52999999999999));
#4011=CARTESIAN_POINT('Origin',(0.929999999999984,2.85500000000001,-2.53));
#4012=CARTESIAN_POINT('',(0.929999999999984,3.45500000000001,-2.52999999999999));
#4013=CARTESIAN_POINT('Origin',(-3.43000000000002,4.09500000000001,-2.52999999999996));
#4014=CARTESIAN_POINT('',(-3.43000000000002,3.45500000000001,-2.52999999999996));
#4015=CARTESIAN_POINT('',(-3.43000000000002,3.45500000000001,-2.52999999999996));
#4016=CARTESIAN_POINT('',(-3.43000000000002,2.85500000000001,-3.12999999999997));
#4017=CARTESIAN_POINT('Origin',(-3.43000000000002,2.85500000000001,-2.52999999999997));
#4018=CARTESIAN_POINT('',(-3.43000000000002,-3.39999999999998,-3.12999999999999));
#4019=CARTESIAN_POINT('',(-3.43000000000002,2.85500000000001,-3.12999999999997));
#4020=CARTESIAN_POINT('',(-3.43000000000002,-3.39999999999999,-3.76999999999999));
#4021=CARTESIAN_POINT('',(-3.43000000000002,-3.39999999999999,-3.76999999999999));
#4022=CARTESIAN_POINT('',(-3.43000000000002,2.85500000000001,-3.76999999999997));
#4023=CARTESIAN_POINT('',(-3.43000000000002,2.85500000000001,-3.76999999999997));
#4024=CARTESIAN_POINT('',(-3.43000000000002,4.09500000000001,-2.52999999999996));
#4025=CARTESIAN_POINT('Origin',(-3.43000000000002,2.85500000000001,-2.52999999999997));
#4026=CARTESIAN_POINT('',(-3.43000000000002,4.09500000000001,-2.52999999999996));
#4027=CARTESIAN_POINT('Origin',(9.06999999999999,4.09500000000001,-2.53000000000005));
#4028=CARTESIAN_POINT('',(9.06999999999998,2.85500000000001,-3.13000000000006));
#4029=CARTESIAN_POINT('Origin',(9.06999999999999,2.85500000000001,-2.53000000000006));
#4030=CARTESIAN_POINT('',(9.06999999999998,-3.39999999999998,-3.13000000000008));
#4031=CARTESIAN_POINT('',(9.06999999999998,2.85500000000001,-3.13000000000006));
#4032=CARTESIAN_POINT('',(9.06999999999998,-3.39999999999999,-3.77000000000008));
#4033=CARTESIAN_POINT('',(9.06999999999998,-3.39999999999999,-3.77000000000008));
#4034=CARTESIAN_POINT('',(9.06999999999998,2.85500000000001,-3.77000000000006));
#4035=CARTESIAN_POINT('',(9.06999999999998,2.85500000000001,-3.77000000000006));
#4036=CARTESIAN_POINT('',(9.06999999999999,4.09500000000001,-2.53000000000005));
#4037=CARTESIAN_POINT('Origin',(9.06999999999999,2.85500000000001,-2.53000000000006));
#4038=CARTESIAN_POINT('',(9.06999999999999,4.09500000000001,-2.53000000000005));
#4039=CARTESIAN_POINT('Origin',(11.2,6.14999999999998,5.74999999999994));
#4040=CARTESIAN_POINT('',(11.2,2.23345647532014E-14,-5.75000000000008));
#4041=CARTESIAN_POINT('',(11.2,-1.62630325872826E-14,5.74999999999992));
#4042=CARTESIAN_POINT('',(11.2,2.55192378864668,-5.75000000000007));
#4043=CARTESIAN_POINT('',(11.2,2.23345647532014E-14,-5.75000000000008));
#4044=CARTESIAN_POINT('',(11.2,2.55192378864668,-5.75000000000007));
#4045=CARTESIAN_POINT('',(11.2,6.14999999999998,5.74999999999994));
#4046=CARTESIAN_POINT('',(11.2,4.32499999999999,2.64999999999993));
#4047=CARTESIAN_POINT('',(11.2,5.325,2.64999999999994));
#4048=CARTESIAN_POINT('',(11.2,4.32499999999999,2.64999999999993));
#4049=CARTESIAN_POINT('Origin',(9.06999999999999,4.09500000000001,-2.53000000000005));
#4050=CARTESIAN_POINT('',(8.42999999999999,4.09500000000001,-2.53000000000004));
#4051=CARTESIAN_POINT('',(9.06999999999999,4.09500000000001,-2.53000000000005));
#4052=CARTESIAN_POINT('',(8.42999999999999,4.09500000000001,-2.53000000000004));
#4053=CARTESIAN_POINT('Origin',(3.42999999999998,4.09500000000001,-2.53000000000001));
#4054=CARTESIAN_POINT('',(3.42999999999998,2.85500000000001,-3.77000000000002));
#4055=CARTESIAN_POINT('Origin',(3.42999999999998,2.85500000000001,-2.53000000000002));
#4056=CARTESIAN_POINT('',(3.42999999999998,-3.39999999999999,-3.77000000000004));
#4057=CARTESIAN_POINT('',(3.42999999999998,2.85500000000001,-3.77000000000002));
#4058=CARTESIAN_POINT('',(3.42999999999998,-3.39999999999998,-3.13000000000004));
#4059=CARTESIAN_POINT('',(3.42999999999998,-3.39999999999999,-3.77000000000004));
#4060=CARTESIAN_POINT('',(3.42999999999998,2.85500000000001,-3.13000000000002));
#4061=CARTESIAN_POINT('',(3.42999999999998,2.85500000000001,-3.13000000000002));
#4062=CARTESIAN_POINT('Origin',(3.42999999999998,2.85500000000001,-2.53000000000002));
#4063=CARTESIAN_POINT('Origin',(8.42999999999999,4.09500000000001,-2.53000000000004));
#4064=CARTESIAN_POINT('',(8.42999999999998,2.85500000000001,-3.77000000000005));
#4065=CARTESIAN_POINT('Origin',(8.42999999999999,2.85500000000001,-2.53000000000005));
#4066=CARTESIAN_POINT('',(8.42999999999998,-3.39999999999999,-3.77000000000007));
#4067=CARTESIAN_POINT('',(8.42999999999998,2.85500000000001,-3.77000000000005));
#4068=CARTESIAN_POINT('',(8.42999999999998,-3.39999999999998,-3.13000000000007));
#4069=CARTESIAN_POINT('',(8.42999999999998,-3.39999999999999,-3.77000000000007));
#4070=CARTESIAN_POINT('',(8.42999999999998,2.85500000000001,-3.13000000000005));
#4071=CARTESIAN_POINT('',(8.42999999999998,2.85500000000001,-3.13000000000005));
#4072=CARTESIAN_POINT('Origin',(8.42999999999999,2.85500000000001,-2.53000000000005));
#4073=CARTESIAN_POINT('Origin',(5.92999999999998,4.09500000000001,-2.53000000000002));
#4074=CARTESIAN_POINT('',(5.92999999999998,4.09500000000001,-2.53000000000002));
#4075=CARTESIAN_POINT('',(5.92999999999998,4.09500000000001,-2.53000000000002));
#4076=CARTESIAN_POINT('',(5.92999999999997,2.85500000000001,-3.77000000000003));
#4077=CARTESIAN_POINT('Origin',(5.92999999999998,2.85500000000001,-2.53000000000003));
#4078=CARTESIAN_POINT('',(5.92999999999997,-3.39999999999999,-3.77000000000006));
#4079=CARTESIAN_POINT('',(5.92999999999997,2.85500000000001,-3.77000000000003));
#4080=CARTESIAN_POINT('',(5.92999999999998,-3.39999999999998,-3.13000000000006));
#4081=CARTESIAN_POINT('',(5.92999999999997,-3.39999999999999,-3.77000000000006));
#4082=CARTESIAN_POINT('',(5.92999999999998,2.85500000000001,-3.13000000000003));
#4083=CARTESIAN_POINT('',(5.92999999999998,2.85500000000001,-3.13000000000003));
#4084=CARTESIAN_POINT('',(5.92999999999998,3.45500000000001,-2.53000000000003));
#4085=CARTESIAN_POINT('Origin',(5.92999999999998,2.85500000000001,-2.53000000000003));
#4086=CARTESIAN_POINT('',(5.92999999999998,3.45500000000001,-2.53000000000003));
#4087=CARTESIAN_POINT('Origin',(6.56999999999998,4.09500000000001,-2.53000000000003));
#4088=CARTESIAN_POINT('',(6.56999999999998,4.09500000000001,-2.53000000000003));
#4089=CARTESIAN_POINT('',(6.56999999999998,4.09500000000001,-2.53000000000003));
#4090=CARTESIAN_POINT('',(6.56999999999998,4.09500000000001,-2.53000000000003));
#4091=CARTESIAN_POINT('Origin',(-5.93000000000002,4.09500000000001,-2.52999999999994));
#4092=CARTESIAN_POINT('',(-6.57000000000002,4.09500000000001,-2.52999999999994));
#4093=CARTESIAN_POINT('',(-5.93000000000002,4.09500000000001,-2.52999999999994));
#4094=CARTESIAN_POINT('',(-6.57000000000002,4.09500000000001,-2.52999999999994));
#4095=CARTESIAN_POINT('Origin',(-8.43000000000002,4.09500000000001,-2.52999999999992));
#4096=CARTESIAN_POINT('',(-8.43000000000002,4.09500000000001,-2.52999999999992));
#4097=CARTESIAN_POINT('',(-8.43000000000002,4.09500000000001,-2.52999999999992));
#4098=CARTESIAN_POINT('',(-9.07000000000002,4.09500000000001,-2.52999999999992));
#4099=CARTESIAN_POINT('',(-8.43000000000002,4.09500000000001,-2.52999999999992));
#4100=CARTESIAN_POINT('',(-9.07000000000002,4.09500000000001,-2.52999999999992));
#4101=CARTESIAN_POINT('Origin',(-8.43000000000002,3.45500000000001,-2.52999999999993));
#4102=CARTESIAN_POINT('',(-9.07000000000002,3.45500000000001,-2.52999999999992));
#4103=CARTESIAN_POINT('',(-9.07000000000002,3.45500000000001,-2.52999999999992));
#4104=CARTESIAN_POINT('',(-8.43000000000002,3.45500000000001,-2.52999999999993));
#4105=CARTESIAN_POINT('',(-8.43000000000002,3.45500000000001,-2.52999999999993));
#4106=CARTESIAN_POINT('',(-8.43000000000002,3.45500000000001,-2.52999999999993));
#4107=CARTESIAN_POINT('Origin',(6.56999999999998,4.09500000000001,-2.53000000000003));
#4108=CARTESIAN_POINT('',(6.56999999999998,3.45500000000001,-2.53000000000003));
#4109=CARTESIAN_POINT('',(6.56999999999998,3.45500000000001,-2.53000000000003));
#4110=CARTESIAN_POINT('',(6.56999999999998,2.85500000000001,-3.13000000000004));
#4111=CARTESIAN_POINT('Origin',(6.56999999999998,2.85500000000001,-2.53000000000004));
#4112=CARTESIAN_POINT('',(6.56999999999998,-3.39999999999998,-3.13000000000006));
#4113=CARTESIAN_POINT('',(6.56999999999998,2.85500000000001,-3.13000000000004));
#4114=CARTESIAN_POINT('',(6.56999999999998,-3.39999999999999,-3.77000000000006));
#4115=CARTESIAN_POINT('',(6.56999999999998,-3.39999999999999,-3.77000000000006));
#4116=CARTESIAN_POINT('',(6.56999999999998,2.85500000000001,-3.77000000000004));
#4117=CARTESIAN_POINT('',(6.56999999999998,2.85500000000001,-3.77000000000004));
#4118=CARTESIAN_POINT('Origin',(6.56999999999998,2.85500000000001,-2.53000000000004));
#4119=CARTESIAN_POINT('Origin',(-6.57000000000002,4.09500000000001,-2.52999999999994));
#4120=CARTESIAN_POINT('',(-6.57000000000002,2.85500000000001,-3.76999999999995));
#4121=CARTESIAN_POINT('Origin',(-6.57000000000002,2.85500000000001,-2.52999999999995));
#4122=CARTESIAN_POINT('',(-6.57000000000002,-3.39999999999999,-3.76999999999997));
#4123=CARTESIAN_POINT('',(-6.57000000000002,2.85500000000001,-3.76999999999995));
#4124=CARTESIAN_POINT('',(-6.57000000000002,-3.39999999999998,-3.12999999999997));
#4125=CARTESIAN_POINT('',(-6.57000000000002,-3.39999999999999,-3.76999999999997));
#4126=CARTESIAN_POINT('',(-6.57000000000002,2.85500000000001,-3.12999999999995));
#4127=CARTESIAN_POINT('',(-6.57000000000002,2.85500000000001,-3.12999999999995));
#4128=CARTESIAN_POINT('',(-6.57000000000002,3.45500000000001,-2.52999999999994));
#4129=CARTESIAN_POINT('Origin',(-6.57000000000002,2.85500000000001,-2.52999999999995));
#4130=CARTESIAN_POINT('',(-6.57000000000002,3.45500000000001,-2.52999999999994));
#4131=CARTESIAN_POINT('Origin',(-0.930000000000016,4.09500000000001,-2.52999999999998));
#4132=CARTESIAN_POINT('',(-0.930000000000016,4.09500000000001,-2.52999999999998));
#4133=CARTESIAN_POINT('Origin',(-0.930000000000016,3.45500000000001,-2.52999999999998));
#4134=CARTESIAN_POINT('',(-0.930000000000016,3.45500000000001,-2.52999999999998));
#4135=CARTESIAN_POINT('Origin',(-3.43000000000002,3.45500000000001,-2.52999999999996));
#4136=CARTESIAN_POINT('',(-4.07000000000002,3.45500000000001,-2.52999999999996));
#4137=CARTESIAN_POINT('',(-4.07000000000002,3.45500000000001,-2.52999999999996));
#4138=CARTESIAN_POINT('',(-3.43000000000002,3.45500000000001,-2.52999999999996));
#4139=CARTESIAN_POINT('Origin',(-3.43000000000002,4.09500000000001,-2.52999999999996));
#4140=CARTESIAN_POINT('',(-4.07000000000002,4.09500000000001,-2.52999999999995));
#4141=CARTESIAN_POINT('',(-3.43000000000002,4.09500000000001,-2.52999999999996));
#4142=CARTESIAN_POINT('',(-4.07000000000002,4.09500000000001,-2.52999999999995));
#4143=CARTESIAN_POINT('Origin',(-9.07000000000002,4.09500000000001,-2.52999999999992));
#4144=CARTESIAN_POINT('',(-9.07000000000002,2.85500000000001,-3.76999999999993));
#4145=CARTESIAN_POINT('Origin',(-9.07000000000002,2.85500000000001,-2.52999999999993));
#4146=CARTESIAN_POINT('',(-9.07000000000002,-3.39999999999999,-3.76999999999995));
#4147=CARTESIAN_POINT('',(-9.07000000000002,2.85500000000001,-3.76999999999993));
#4148=CARTESIAN_POINT('',(-9.07000000000002,-3.39999999999998,-3.12999999999995));
#4149=CARTESIAN_POINT('',(-9.07000000000002,-3.39999999999999,-3.76999999999995));
#4150=CARTESIAN_POINT('',(-9.07000000000002,2.85500000000001,-3.12999999999993));
#4151=CARTESIAN_POINT('',(-9.07000000000002,2.85500000000001,-3.12999999999993));
#4152=CARTESIAN_POINT('Origin',(-9.07000000000002,2.85500000000001,-2.52999999999993));
#4153=CARTESIAN_POINT('Origin',(10.3,2.55192378864668,-5.75000000000007));
#4154=CARTESIAN_POINT('',(10.3,2.55192378864668,-5.75000000000007));
#4155=CARTESIAN_POINT('Origin',(1.56999999999998,4.09500000000001,-2.52999999999999));
#4156=CARTESIAN_POINT('',(1.56999999999998,3.45500000000001,-2.53));
#4157=CARTESIAN_POINT('',(1.56999999999998,3.45500000000001,-2.53));
#4158=CARTESIAN_POINT('',(1.56999999999998,2.85500000000001,-3.13));
#4159=CARTESIAN_POINT('Origin',(1.56999999999998,2.85500000000001,-2.53));
#4160=CARTESIAN_POINT('',(1.56999999999998,-3.39999999999998,-3.13000000000003));
#4161=CARTESIAN_POINT('',(1.56999999999998,2.85500000000001,-3.13));
#4162=CARTESIAN_POINT('',(1.56999999999998,-3.39999999999999,-3.77000000000003));
#4163=CARTESIAN_POINT('',(1.56999999999998,-3.39999999999999,-3.77000000000003));
#4164=CARTESIAN_POINT('',(1.56999999999998,2.85500000000001,-3.77));
#4165=CARTESIAN_POINT('',(1.56999999999998,2.85500000000001,-3.77));
#4166=CARTESIAN_POINT('Origin',(1.56999999999998,2.85500000000001,-2.53));
#4167=CARTESIAN_POINT('Origin',(6.56999999999998,3.45500000000001,-2.53000000000003));
#4168=CARTESIAN_POINT('',(6.56999999999998,3.45500000000001,-2.53000000000003));
#4169=CARTESIAN_POINT('Origin',(4.06999999999999,4.09500000000001,-2.53000000000001));
#4170=CARTESIAN_POINT('',(4.06999999999998,2.85500000000001,-3.13000000000002));
#4171=CARTESIAN_POINT('Origin',(4.06999999999999,2.85500000000001,-2.53000000000002));
#4172=CARTESIAN_POINT('',(4.06999999999998,-3.39999999999998,-3.13000000000004));
#4173=CARTESIAN_POINT('',(4.06999999999998,2.85500000000001,-3.13000000000002));
#4174=CARTESIAN_POINT('',(4.06999999999998,-3.39999999999999,-3.77000000000004));
#4175=CARTESIAN_POINT('',(4.06999999999998,-3.39999999999999,-3.77000000000004));
#4176=CARTESIAN_POINT('',(4.06999999999998,2.85500000000001,-3.77000000000002));
#4177=CARTESIAN_POINT('',(4.06999999999998,2.85500000000001,-3.77000000000002));
#4178=CARTESIAN_POINT('Origin',(4.06999999999999,2.85500000000001,-2.53000000000002));
#4179=CARTESIAN_POINT('Origin',(-4.07000000000002,4.09500000000001,-2.52999999999995));
#4180=CARTESIAN_POINT('',(-4.07000000000003,2.85500000000001,-3.76999999999996));
#4181=CARTESIAN_POINT('Origin',(-4.07000000000002,2.85500000000001,-2.52999999999996));
#4182=CARTESIAN_POINT('',(-4.07000000000003,-3.39999999999999,-3.76999999999999));
#4183=CARTESIAN_POINT('',(-4.07000000000003,2.85500000000001,-3.76999999999996));
#4184=CARTESIAN_POINT('',(-4.07000000000002,-3.39999999999998,-3.12999999999999));
#4185=CARTESIAN_POINT('',(-4.07000000000003,-3.39999999999999,-3.76999999999999));
#4186=CARTESIAN_POINT('',(-4.07000000000002,2.85500000000001,-3.12999999999996));
#4187=CARTESIAN_POINT('',(-4.07000000000002,2.85500000000001,-3.12999999999996));
#4188=CARTESIAN_POINT('Origin',(-4.07000000000002,2.85500000000001,-2.52999999999996));
#4189=CARTESIAN_POINT('Origin',(-8.43000000000002,4.09500000000001,-2.52999999999992));
#4190=CARTESIAN_POINT('',(-8.43000000000002,2.85500000000001,-3.12999999999993));
#4191=CARTESIAN_POINT('Origin',(-8.43000000000002,2.85500000000001,-2.52999999999993));
#4192=CARTESIAN_POINT('',(-8.43000000000002,-3.39999999999998,-3.12999999999996));
#4193=CARTESIAN_POINT('',(-8.43000000000002,2.85500000000001,-3.12999999999993));
#4194=CARTESIAN_POINT('',(-8.43000000000002,-3.39999999999999,-3.76999999999996));
#4195=CARTESIAN_POINT('',(-8.43000000000002,-3.39999999999999,-3.76999999999996));
#4196=CARTESIAN_POINT('',(-8.43000000000002,2.85500000000001,-3.76999999999993));
#4197=CARTESIAN_POINT('',(-8.43000000000002,2.85500000000001,-3.76999999999993));
#4198=CARTESIAN_POINT('Origin',(-8.43000000000002,2.85500000000001,-2.52999999999993));
#4199=CARTESIAN_POINT('Origin',(-5.93000000000002,3.45500000000001,-2.52999999999994));
#4200=CARTESIAN_POINT('',(-5.93000000000002,3.45500000000001,-2.52999999999994));
#4201=CARTESIAN_POINT('Origin',(1.56999999999998,3.45500000000001,-2.53));
#4202=CARTESIAN_POINT('',(1.56999999999998,3.45500000000001,-2.53));
#4203=CARTESIAN_POINT('Origin',(10.35,1.225,1.04999999999993));
#4204=CARTESIAN_POINT('',(10.35,1.225,1.04999999999993));
#4205=CARTESIAN_POINT('',(10.35,1.225,1.04999999999993));
#4206=CARTESIAN_POINT('',(-10.35,1.225,1.05000000000007));
#4207=CARTESIAN_POINT('',(10.35,1.225,1.04999999999993));
#4208=CARTESIAN_POINT('',(-10.35,1.225,1.05000000000007));
#4209=CARTESIAN_POINT('Origin',(-11.2,4.32499999999999,2.65000000000009));
#4210=CARTESIAN_POINT('',(10.35,4.32499999999999,2.64999999999994));
#4211=CARTESIAN_POINT('',(-11.2,4.32499999999999,2.65000000000009));
#4212=CARTESIAN_POINT('',(10.35,4.32499999999999,2.64999999999994));
#4213=CARTESIAN_POINT('Origin',(10.3,-1.62630325872826E-14,5.74999999999993));
#4214=CARTESIAN_POINT('',(10.3,2.23345647532014E-14,-5.75000000000008));
#4215=CARTESIAN_POINT('Origin',(10.35,5.325,1.04999999999994));
#4216=CARTESIAN_POINT('',(10.35,5.325,2.64999999999994));
#4217=CARTESIAN_POINT('',(10.35,5.325,1.04999999999994));
#4218=CARTESIAN_POINT('Origin',(-10.35,5.325,1.05000000000009));
#4219=CARTESIAN_POINT('',(-10.35,5.325,1.05000000000009));
#4220=CARTESIAN_POINT('Origin',(-9.24999999999996,1.35102214399726,5.75000000000007));
#4221=CARTESIAN_POINT('',(-9.24999999999999,1.35102214399727,2.05000000000007));
#4222=CARTESIAN_POINT('Origin',(9.25000000000002,1.35102214399727,2.04999999999994));
#4223=CARTESIAN_POINT('',(9.25000000000002,1.35102214399727,2.04999999999994));
#4224=CARTESIAN_POINT('',(7.80000000000002,1.35102214399727,2.04999999999995));
#4225=CARTESIAN_POINT('Origin',(7.80000000000004,1.35102214399726,5.74999999999995));
#4226=CARTESIAN_POINT('',(7.80000000000004,1.35102214399726,5.74999999999995));
#4227=CARTESIAN_POINT('Origin',(9.25000000000004,1.35102214399726,5.74999999999994));
#4228=CARTESIAN_POINT('',(9.25000000000004,1.35102214399726,5.74999999999994));
#4229=CARTESIAN_POINT('Origin',(-11.2,6.14999999999998,5.7500000000001));
#4230=CARTESIAN_POINT('Origin',(-7.79999999999996,1.35102214399726,5.75000000000006));
#4231=CARTESIAN_POINT('',(-7.79999999999996,1.35102214399726,5.75000000000006));
#4232=CARTESIAN_POINT('',(-7.79999999999999,1.35102214399727,2.05000000000006));
#4233=CARTESIAN_POINT('Origin',(-11.2,6.14999999999998,5.7500000000001));
#4234=CARTESIAN_POINT('Origin',(-9.24999999999999,1.35102214399727,2.05000000000007));
#4235=CARTESIAN_POINT('Origin',(-11.2,5.325,2.65000000000009));
#4236=CARTESIAN_POINT('Origin',(10.35,1.225,1.04999999999993));
#4237=CARTESIAN_POINT('',(-5.92999999999999,3.455,1.05000000000005));
#4238=CARTESIAN_POINT('',(-5.92999999999999,4.095,1.05000000000005));
#4239=CARTESIAN_POINT('',(-5.92999999999999,4.095,1.05000000000005));
#4240=CARTESIAN_POINT('',(-6.56999999999999,3.455,1.05000000000005));
#4241=CARTESIAN_POINT('',(-5.92999999999999,3.455,1.05000000000005));
#4242=CARTESIAN_POINT('',(-6.56999999999999,4.095,1.05000000000006));
#4243=CARTESIAN_POINT('',(-6.56999999999999,4.095,1.05000000000006));
#4244=CARTESIAN_POINT('',(-5.92999999999999,4.095,1.05000000000005));
#4245=CARTESIAN_POINT('',(-0.929999999999991,3.455,1.05000000000001));
#4246=CARTESIAN_POINT('',(-0.929999999999991,4.095,1.05000000000002));
#4247=CARTESIAN_POINT('',(-0.929999999999991,4.095,1.05000000000002));
#4248=CARTESIAN_POINT('',(-1.56999999999999,3.455,1.05000000000002));
#4249=CARTESIAN_POINT('',(-0.929999999999991,3.455,1.05000000000001));
#4250=CARTESIAN_POINT('',(-1.56999999999999,4.095,1.05000000000002));
#4251=CARTESIAN_POINT('',(-1.56999999999999,4.095,1.05000000000002));
#4252=CARTESIAN_POINT('',(-0.929999999999991,4.095,1.05000000000002));
#4253=CARTESIAN_POINT('',(4.07000000000001,3.455,1.04999999999998));
#4254=CARTESIAN_POINT('',(4.07000000000001,4.095,1.04999999999998));
#4255=CARTESIAN_POINT('',(4.07000000000001,4.095,1.04999999999998));
#4256=CARTESIAN_POINT('',(3.43000000000001,3.455,1.04999999999998));
#4257=CARTESIAN_POINT('',(4.07000000000001,3.455,1.04999999999998));
#4258=CARTESIAN_POINT('',(3.43000000000001,4.095,1.04999999999999));
#4259=CARTESIAN_POINT('',(3.43000000000001,4.095,1.04999999999999));
#4260=CARTESIAN_POINT('',(4.07000000000001,4.095,1.04999999999998));
#4261=CARTESIAN_POINT('',(9.07000000000001,3.455,1.04999999999994));
#4262=CARTESIAN_POINT('',(9.07000000000001,4.095,1.04999999999995));
#4263=CARTESIAN_POINT('',(9.07000000000001,4.095,1.04999999999995));
#4264=CARTESIAN_POINT('',(8.43000000000001,3.455,1.04999999999995));
#4265=CARTESIAN_POINT('',(9.07000000000001,3.455,1.04999999999994));
#4266=CARTESIAN_POINT('',(8.43000000000001,4.095,1.04999999999995));
#4267=CARTESIAN_POINT('',(8.43000000000001,4.095,1.04999999999995));
#4268=CARTESIAN_POINT('',(9.07000000000001,4.095,1.04999999999995));
#4269=CARTESIAN_POINT('',(6.57000000000001,3.455,1.04999999999996));
#4270=CARTESIAN_POINT('',(6.57000000000001,4.095,1.04999999999996));
#4271=CARTESIAN_POINT('',(6.57000000000001,4.095,1.04999999999996));
#4272=CARTESIAN_POINT('',(5.93000000000001,3.455,1.04999999999997));
#4273=CARTESIAN_POINT('',(6.57000000000001,3.455,1.04999999999996));
#4274=CARTESIAN_POINT('',(5.93000000000001,4.095,1.04999999999997));
#4275=CARTESIAN_POINT('',(5.93000000000001,4.095,1.04999999999997));
#4276=CARTESIAN_POINT('',(6.57000000000001,4.095,1.04999999999996));
#4277=CARTESIAN_POINT('',(1.57000000000001,3.455,1.05));
#4278=CARTESIAN_POINT('',(1.57000000000001,4.095,1.05));
#4279=CARTESIAN_POINT('',(1.57000000000001,4.095,1.05));
#4280=CARTESIAN_POINT('',(0.930000000000009,3.455,1.05));
#4281=CARTESIAN_POINT('',(1.57000000000001,3.455,1.05));
#4282=CARTESIAN_POINT('',(0.930000000000009,4.095,1.05));
#4283=CARTESIAN_POINT('',(0.930000000000009,4.095,1.05));
#4284=CARTESIAN_POINT('',(1.57000000000001,4.095,1.05));
#4285=CARTESIAN_POINT('',(-3.42999999999999,3.455,1.05000000000003));
#4286=CARTESIAN_POINT('',(-3.42999999999999,4.095,1.05000000000003));
#4287=CARTESIAN_POINT('',(-3.42999999999999,4.095,1.05000000000003));
#4288=CARTESIAN_POINT('',(-4.06999999999999,3.455,1.05000000000004));
#4289=CARTESIAN_POINT('',(-3.42999999999999,3.455,1.05000000000003));
#4290=CARTESIAN_POINT('',(-4.06999999999999,4.095,1.05000000000004));
#4291=CARTESIAN_POINT('',(-4.06999999999999,4.095,1.05000000000004));
#4292=CARTESIAN_POINT('',(-3.42999999999999,4.095,1.05000000000003));
#4293=CARTESIAN_POINT('',(-8.42999999999999,3.455,1.05000000000007));
#4294=CARTESIAN_POINT('',(-8.42999999999999,4.095,1.05000000000007));
#4295=CARTESIAN_POINT('',(-8.42999999999999,4.095,1.05000000000007));
#4296=CARTESIAN_POINT('',(-9.06999999999999,3.455,1.05000000000007));
#4297=CARTESIAN_POINT('',(-8.42999999999999,3.455,1.05000000000007));
#4298=CARTESIAN_POINT('',(-9.06999999999999,4.095,1.05000000000007));
#4299=CARTESIAN_POINT('',(-9.06999999999999,4.095,1.05000000000007));
#4300=CARTESIAN_POINT('',(-8.42999999999999,4.095,1.05000000000007));
#4301=CARTESIAN_POINT('Origin',(2.49999999999998,2.85500000000001,-2.53000000000001));
#4302=CARTESIAN_POINT('',(-5.93000000000002,2.85500000000001,-3.12999999999995));
#4303=CARTESIAN_POINT('Origin',(-5.93000000000002,2.85500000000001,-3.12999999999995));
#4304=CARTESIAN_POINT('',(-5.93000000000002,-3.39999999999998,-3.12999999999997));
#4305=CARTESIAN_POINT('Origin',(2.49999999999998,2.85500000000001,-2.53000000000001));
#4306=CARTESIAN_POINT('',(-5.93000000000002,2.85500000000001,-3.76999999999995));
#4307=CARTESIAN_POINT('Origin',(-5.93000000000002,-3.39999999999998,-3.12999999999997));
#4308=CARTESIAN_POINT('',(-5.93000000000002,-3.39999999999999,-3.76999999999997));
#4309=CARTESIAN_POINT('Origin',(-5.93000000000002,2.85500000000001,-3.76999999999995));
#4310=CARTESIAN_POINT('Origin',(9.99999999999998,2.85500000000001,-2.53000000000006));
#4311=CARTESIAN_POINT('',(1.56999999999998,2.85500000000001,-3.77));
#4312=CARTESIAN_POINT('Origin',(10.3,2.23345647532014E-14,-5.75000000000008));
#4313=CARTESIAN_POINT('Origin',(12.5,2.85500000000001,-2.53000000000008));
#4314=CARTESIAN_POINT('',(4.06999999999998,2.85500000000001,-3.13000000000002));
#4315=CARTESIAN_POINT('Origin',(7.49999999999998,2.85500000000001,-2.53000000000005));
#4316=CARTESIAN_POINT('',(-0.930000000000025,2.85500000000001,-3.76999999999999));
#4317=CARTESIAN_POINT('Origin',(-0.930000000000025,2.85500000000001,-3.76999999999999));
#4318=CARTESIAN_POINT('',(-0.930000000000025,-3.39999999999999,-3.77000000000001));
#4319=CARTESIAN_POINT('Origin',(-0.930000000000021,-3.39999999999998,-3.13000000000001));
#4320=CARTESIAN_POINT('',(-0.930000000000021,-3.39999999999998,-3.13000000000001));
#4321=CARTESIAN_POINT('Origin',(7.49999999999998,2.85500000000001,-2.53000000000005));
#4322=CARTESIAN_POINT('',(-0.930000000000021,2.85500000000001,-3.12999999999999));
#4323=CARTESIAN_POINT('Origin',(-0.930000000000021,2.85500000000001,-3.12999999999999));
#4324=CARTESIAN_POINT('Origin',(17.5,2.85500000000001,-2.53000000000012));
#4325=CARTESIAN_POINT('',(9.06999999999998,2.85500000000001,-3.13000000000006));
#4326=CARTESIAN_POINT('Origin',(12.5,2.85500000000001,-2.53000000000008));
#4327=CARTESIAN_POINT('',(4.06999999999998,2.85500000000001,-3.77000000000002));
#4328=CARTESIAN_POINT('Origin',(1.56999999999998,-3.39999999999998,-3.13000000000003));
#4329=CARTESIAN_POINT('',(1.56999999999998,-3.39999999999998,-3.13000000000003));
#4330=CARTESIAN_POINT('',(1.56999999999998,-3.39999999999999,-3.77000000000003));
#4331=CARTESIAN_POINT('Origin',(9.99999999999998,2.85500000000001,-2.53000000000006));
#4332=CARTESIAN_POINT('',(1.56999999999998,2.85500000000001,-3.13));
#4333=CARTESIAN_POINT('Origin',(1.56999999999998,2.85500000000001,-3.13));
#4334=CARTESIAN_POINT('Origin',(1.56999999999998,2.85500000000001,-3.77));
#4335=CARTESIAN_POINT('Origin',(4.99999999999998,2.85500000000001,-2.53000000000003));
#4336=CARTESIAN_POINT('',(-3.43000000000002,2.85500000000001,-3.76999999999997));
#4337=CARTESIAN_POINT('Origin',(4.99999999999998,2.85500000000001,-2.53000000000003));
#4338=CARTESIAN_POINT('',(-3.43000000000002,2.85500000000001,-3.12999999999997));
#4339=CARTESIAN_POINT('Origin',(-3.43000000000002,2.85500000000001,-3.76999999999997));
#4340=CARTESIAN_POINT('',(-3.43000000000002,-3.39999999999999,-3.76999999999999));
#4341=CARTESIAN_POINT('Origin',(-3.43000000000002,2.85500000000001,-3.12999999999997));
#4342=CARTESIAN_POINT('',(-3.43000000000002,-3.39999999999998,-3.12999999999999));
#4343=CARTESIAN_POINT('Origin',(-3.43000000000002,-3.39999999999998,-3.12999999999999));
#4344=CARTESIAN_POINT('Origin',(17.5,2.85500000000001,-2.53000000000012));
#4345=CARTESIAN_POINT('',(9.06999999999998,2.85500000000001,-3.77000000000006));
#4346=CARTESIAN_POINT('Origin',(9.06999999999998,2.85500000000001,-3.13000000000006));
#4347=CARTESIAN_POINT('',(9.06999999999998,-3.39999999999998,-3.13000000000008));
#4348=CARTESIAN_POINT('Origin',(9.06999999999998,2.85500000000001,-3.77000000000006));
#4349=CARTESIAN_POINT('',(9.06999999999998,-3.39999999999999,-3.77000000000008));
#4350=CARTESIAN_POINT('Origin',(9.06999999999998,-3.39999999999998,-3.13000000000008));
#4351=CARTESIAN_POINT('Origin',(4.06999999999998,2.85500000000001,-3.77000000000002));
#4352=CARTESIAN_POINT('',(4.06999999999998,-3.39999999999999,-3.77000000000004));
#4353=CARTESIAN_POINT('Origin',(4.06999999999998,-3.39999999999998,-3.13000000000004));
#4354=CARTESIAN_POINT('',(4.06999999999998,-3.39999999999998,-3.13000000000004));
#4355=CARTESIAN_POINT('Origin',(4.06999999999998,2.85500000000001,-3.13000000000002));
#4356=CARTESIAN_POINT('Origin',(15.,2.85500000000001,-2.5300000000001));
#4357=CARTESIAN_POINT('',(6.56999999999998,2.85500000000001,-3.13000000000004));
#4358=CARTESIAN_POINT('Origin',(6.56999999999998,2.85500000000001,-3.13000000000004));
#4359=CARTESIAN_POINT('',(6.56999999999998,-3.39999999999998,-3.13000000000006));
#4360=CARTESIAN_POINT('Origin',(15.,2.85500000000001,-2.5300000000001));
#4361=CARTESIAN_POINT('',(6.56999999999998,2.85500000000001,-3.77000000000004));
#4362=CARTESIAN_POINT('Origin',(6.56999999999998,-3.39999999999998,-3.13000000000006));
#4363=CARTESIAN_POINT('',(6.56999999999998,-3.39999999999999,-3.77000000000006));
#4364=CARTESIAN_POINT('Origin',(6.56999999999998,2.85500000000001,-3.77000000000004));
#4365=CARTESIAN_POINT('Origin',(-1.76669058072134E-14,2.85500000000001,
-2.52999999999999));
#4366=CARTESIAN_POINT('',(-8.43000000000002,2.85500000000001,-3.76999999999993));
#4367=CARTESIAN_POINT('Origin',(-1.76669058072134E-14,2.85500000000001,
-2.52999999999999));
#4368=CARTESIAN_POINT('',(-8.43000000000002,2.85500000000001,-3.12999999999993));
#4369=CARTESIAN_POINT('Origin',(-8.43000000000002,2.85500000000001,-3.76999999999993));
#4370=CARTESIAN_POINT('',(-8.43000000000002,-3.39999999999999,-3.76999999999996));
#4371=CARTESIAN_POINT('Origin',(-8.43000000000002,2.85500000000001,-3.12999999999993));
#4372=CARTESIAN_POINT('',(-8.43000000000002,-3.39999999999998,-3.12999999999996));
#4373=CARTESIAN_POINT('Origin',(-8.43000000000002,-3.39999999999998,-3.12999999999996));
#4374=CARTESIAN_POINT('Origin',(4.07000000000004,4.09499999999998,5.54999999999998));
#4375=CARTESIAN_POINT('',(3.43000000000004,4.09499999999998,5.54999999999999));
#4376=CARTESIAN_POINT('',(3.43000000000004,4.09499999999998,5.54999999999999));
#4377=CARTESIAN_POINT('',(4.07000000000004,4.09499999999998,5.54999999999998));
#4378=CARTESIAN_POINT('',(4.07000000000004,4.09499999999998,5.54999999999998));
#4379=CARTESIAN_POINT('',(4.07000000000004,4.09499999999998,5.54999999999998));
#4380=CARTESIAN_POINT('Origin',(-0.92999999999996,4.09499999999998,5.55000000000002));
#4381=CARTESIAN_POINT('',(-0.92999999999996,4.09499999999998,5.55000000000002));
#4382=CARTESIAN_POINT('',(-0.92999999999996,4.09499999999998,5.55000000000002));
#4383=CARTESIAN_POINT('',(-0.92999999999996,3.45499999999998,5.55000000000001));
#4384=CARTESIAN_POINT('',(-0.92999999999996,4.09499999999998,5.55000000000002));
#4385=CARTESIAN_POINT('',(-0.92999999999996,3.45499999999998,5.55000000000001));
#4386=CARTESIAN_POINT('Origin',(3.43000000000004,4.09499999999998,5.54999999999999));
#4387=CARTESIAN_POINT('',(3.43000000000004,3.45499999999998,5.54999999999998));
#4388=CARTESIAN_POINT('',(3.43000000000004,3.45499999999998,5.54999999999998));
#4389=CARTESIAN_POINT('',(3.43000000000004,4.09499999999998,5.54999999999999));
#4390=CARTESIAN_POINT('Origin',(9.07000000000004,3.45499999999998,5.54999999999994));
#4391=CARTESIAN_POINT('',(9.07000000000004,3.45499999999998,5.54999999999994));
#4392=CARTESIAN_POINT('',(9.07000000000004,3.45499999999998,5.54999999999994));
#4393=CARTESIAN_POINT('',(8.43000000000004,3.45499999999998,5.54999999999995));
#4394=CARTESIAN_POINT('',(9.07000000000004,3.45499999999998,5.54999999999994));
#4395=CARTESIAN_POINT('',(8.43000000000004,3.45499999999998,5.54999999999995));
#4396=CARTESIAN_POINT('Origin',(-5.92999999999996,3.45499999999998,5.55000000000005));
#4397=CARTESIAN_POINT('',(-5.92999999999996,3.45499999999998,5.55000000000005));
#4398=CARTESIAN_POINT('',(-5.92999999999996,3.45499999999998,5.55000000000005));
#4399=CARTESIAN_POINT('',(-6.56999999999996,3.45499999999998,5.55000000000005));
#4400=CARTESIAN_POINT('',(-5.92999999999996,3.45499999999998,5.55000000000005));
#4401=CARTESIAN_POINT('',(-6.56999999999996,3.45499999999998,5.55000000000005));
#4402=CARTESIAN_POINT('Origin',(-9.06999999999996,4.09499999999998,5.55000000000007));
#4403=CARTESIAN_POINT('',(-9.06999999999996,3.45499999999998,5.55000000000007));
#4404=CARTESIAN_POINT('',(-9.06999999999996,3.45499999999998,5.55000000000007));
#4405=CARTESIAN_POINT('',(-9.06999999999996,4.09499999999998,5.55000000000007));
#4406=CARTESIAN_POINT('',(-9.06999999999996,4.09499999999998,5.55000000000007));
#4407=CARTESIAN_POINT('',(-9.06999999999996,4.09499999999998,5.55000000000007));
#4408=CARTESIAN_POINT('Origin',(6.57000000000004,3.45499999999998,5.54999999999996));
#4409=CARTESIAN_POINT('',(6.57000000000004,3.45499999999998,5.54999999999996));
#4410=CARTESIAN_POINT('',(6.57000000000004,3.45499999999998,5.54999999999996));
#4411=CARTESIAN_POINT('',(5.93000000000004,3.45499999999998,5.54999999999997));
#4412=CARTESIAN_POINT('',(6.57000000000004,3.45499999999998,5.54999999999996));
#4413=CARTESIAN_POINT('',(5.93000000000004,3.45499999999998,5.54999999999997));
#4414=CARTESIAN_POINT('Origin',(4.07000000000004,4.09499999999998,5.54999999999998));
#4415=CARTESIAN_POINT('',(4.07000000000004,3.45499999999998,5.54999999999998));
#4416=CARTESIAN_POINT('',(4.07000000000004,4.09499999999998,5.54999999999998));
#4417=CARTESIAN_POINT('',(4.07000000000004,3.45499999999998,5.54999999999998));
#4418=CARTESIAN_POINT('Origin',(-8.42999999999996,3.45499999999998,5.55000000000007));
#4419=CARTESIAN_POINT('',(-8.42999999999996,3.45499999999998,5.55000000000007));
#4420=CARTESIAN_POINT('',(-8.42999999999996,3.45499999999998,5.55000000000007));
#4421=CARTESIAN_POINT('',(-8.42999999999996,3.45499999999998,5.55000000000007));
#4422=CARTESIAN_POINT('Origin',(-3.42999999999996,3.45499999999998,5.55000000000003));
#4423=CARTESIAN_POINT('',(-3.42999999999996,3.45499999999998,5.55000000000003));
#4424=CARTESIAN_POINT('',(-3.42999999999996,3.45499999999998,5.55000000000003));
#4425=CARTESIAN_POINT('',(-4.06999999999996,3.45499999999998,5.55000000000004));
#4426=CARTESIAN_POINT('',(-3.42999999999996,3.45499999999998,5.55000000000003));
#4427=CARTESIAN_POINT('',(-4.06999999999996,3.45499999999998,5.55000000000004));
#4428=CARTESIAN_POINT('Origin',(1.57000000000004,4.09499999999998,5.55));
#4429=CARTESIAN_POINT('',(1.57000000000004,4.09499999999998,5.55));
#4430=CARTESIAN_POINT('',(1.57000000000004,4.09499999999998,5.55));
#4431=CARTESIAN_POINT('',(1.57000000000004,3.45499999999998,5.55));
#4432=CARTESIAN_POINT('',(1.57000000000004,4.09499999999998,5.55));
#4433=CARTESIAN_POINT('',(1.57000000000004,3.45499999999998,5.55));
#4434=CARTESIAN_POINT('Origin',(-8.42999999999996,4.09499999999998,5.55000000000007));
#4435=CARTESIAN_POINT('',(-8.42999999999996,4.09499999999998,5.55000000000007));
#4436=CARTESIAN_POINT('',(-8.42999999999996,4.09499999999998,5.55000000000007));
#4437=CARTESIAN_POINT('',(-8.42999999999996,4.09499999999998,5.55000000000007));
#4438=CARTESIAN_POINT('Origin',(9.07000000000004,4.09499999999998,5.54999999999995));
#4439=CARTESIAN_POINT('',(9.07000000000004,4.09499999999998,5.54999999999995));
#4440=CARTESIAN_POINT('',(9.07000000000004,4.09499999999998,5.54999999999995));
#4441=CARTESIAN_POINT('',(9.07000000000004,4.09499999999998,5.54999999999995));
#4442=CARTESIAN_POINT('Origin',(6.57000000000004,4.09499999999998,5.54999999999996));
#4443=CARTESIAN_POINT('',(5.93000000000004,4.09499999999998,5.54999999999997));
#4444=CARTESIAN_POINT('',(5.93000000000004,4.09499999999998,5.54999999999997));
#4445=CARTESIAN_POINT('',(6.57000000000004,4.09499999999998,5.54999999999996));
#4446=CARTESIAN_POINT('',(6.57000000000004,4.09499999999998,5.54999999999996));
#4447=CARTESIAN_POINT('',(6.57000000000004,4.09499999999998,5.54999999999996));
#4448=CARTESIAN_POINT('Origin',(9.07000000000004,4.09499999999998,5.54999999999995));
#4449=CARTESIAN_POINT('',(8.43000000000004,4.09499999999998,5.54999999999995));
#4450=CARTESIAN_POINT('',(8.43000000000004,4.09499999999998,5.54999999999995));
#4451=CARTESIAN_POINT('',(9.07000000000004,4.09499999999998,5.54999999999995));
#4452=CARTESIAN_POINT('Origin',(-5.92999999999996,4.09499999999998,5.55000000000005));
#4453=CARTESIAN_POINT('',(-6.56999999999996,4.09499999999998,5.55000000000006));
#4454=CARTESIAN_POINT('',(-6.56999999999996,4.09499999999998,5.55000000000006));
#4455=CARTESIAN_POINT('',(-5.92999999999996,4.09499999999998,5.55000000000005));
#4456=CARTESIAN_POINT('',(-5.92999999999996,4.09499999999998,5.55000000000005));
#4457=CARTESIAN_POINT('',(-5.92999999999996,4.09499999999998,5.55000000000005));
#4458=CARTESIAN_POINT('Origin',(-3.42999999999996,4.09499999999998,5.55000000000003));
#4459=CARTESIAN_POINT('',(-3.42999999999996,4.09499999999998,5.55000000000003));
#4460=CARTESIAN_POINT('',(-3.42999999999996,4.09499999999998,5.55000000000003));
#4461=CARTESIAN_POINT('',(-3.42999999999996,4.09499999999998,5.55000000000003));
#4462=CARTESIAN_POINT('Origin',(-3.42999999999996,4.09499999999998,5.55000000000003));
#4463=CARTESIAN_POINT('',(-4.06999999999996,4.09499999999998,5.55000000000004));
#4464=CARTESIAN_POINT('',(-4.06999999999996,4.09499999999998,5.55000000000004));
#4465=CARTESIAN_POINT('',(-3.42999999999996,4.09499999999998,5.55000000000003));
#4466=CARTESIAN_POINT('Origin',(1.57000000000004,3.45499999999998,5.55));
#4467=CARTESIAN_POINT('',(0.930000000000041,3.45499999999998,5.55));
#4468=CARTESIAN_POINT('',(1.57000000000004,3.45499999999998,5.55));
#4469=CARTESIAN_POINT('',(0.930000000000041,3.45499999999998,5.55));
#4470=CARTESIAN_POINT('Origin',(-0.92999999999996,3.45499999999998,5.55000000000001));
#4471=CARTESIAN_POINT('',(-1.56999999999996,3.45499999999998,5.55000000000002));
#4472=CARTESIAN_POINT('',(-0.92999999999996,3.45499999999998,5.55000000000001));
#4473=CARTESIAN_POINT('',(-1.56999999999996,3.45499999999998,5.55000000000002));
#4474=CARTESIAN_POINT('Origin',(-6.56999999999996,4.09499999999998,5.55000000000006));
#4475=CARTESIAN_POINT('',(-6.56999999999996,4.09499999999998,5.55000000000006));
#4476=CARTESIAN_POINT('Origin',(-8.42999999999996,4.09499999999998,5.55000000000007));
#4477=CARTESIAN_POINT('',(-8.42999999999996,4.09499999999998,5.55000000000007));
#4478=CARTESIAN_POINT('Origin',(5.93000000000004,4.09499999999998,5.54999999999997));
#4479=CARTESIAN_POINT('',(5.93000000000004,4.09499999999998,5.54999999999997));
#4480=CARTESIAN_POINT('Origin',(8.43000000000004,4.09499999999998,5.54999999999995));
#4481=CARTESIAN_POINT('',(8.43000000000004,4.09499999999998,5.54999999999995));
#4482=CARTESIAN_POINT('Origin',(1.57000000000004,4.09499999999998,5.55));
#4483=CARTESIAN_POINT('',(0.930000000000041,4.09499999999998,5.55));
#4484=CARTESIAN_POINT('',(0.930000000000041,4.09499999999998,5.55));
#4485=CARTESIAN_POINT('',(1.57000000000004,4.09499999999998,5.55));
#4486=CARTESIAN_POINT('Origin',(-5.92999999999996,4.09499999999998,5.55000000000005));
#4487=CARTESIAN_POINT('',(-5.92999999999996,4.09499999999998,5.55000000000005));
#4488=CARTESIAN_POINT('Origin',(-4.06999999999996,4.09499999999998,5.55000000000004));
#4489=CARTESIAN_POINT('',(-4.06999999999996,4.09499999999998,5.55000000000004));
#4490=CARTESIAN_POINT('Origin',(6.57000000000004,4.09499999999998,5.54999999999996));
#4491=CARTESIAN_POINT('',(6.57000000000004,4.09499999999998,5.54999999999996));
#4492=CARTESIAN_POINT('Origin',(-0.92999999999996,4.09499999999998,5.55000000000002));
#4493=CARTESIAN_POINT('',(-1.56999999999996,4.09499999999998,5.55000000000002));
#4494=CARTESIAN_POINT('',(-1.56999999999996,4.09499999999998,5.55000000000002));
#4495=CARTESIAN_POINT('',(-0.92999999999996,4.09499999999998,5.55000000000002));
#4496=CARTESIAN_POINT('Origin',(0.930000000000041,4.09499999999998,5.55));
#4497=CARTESIAN_POINT('',(0.930000000000041,4.09499999999998,5.55));
#4498=CARTESIAN_POINT('Origin',(4.07000000000004,3.45499999999998,5.54999999999998));
#4499=CARTESIAN_POINT('',(4.07000000000004,3.45499999999998,5.54999999999998));
#4500=CARTESIAN_POINT('Origin',(-1.56999999999996,4.09499999999998,5.55000000000002));
#4501=CARTESIAN_POINT('',(-1.56999999999996,4.09499999999998,5.55000000000002));
#4502=CARTESIAN_POINT('Origin',(4.07000000000004,3.45499999999998,5.54999999999998));
#4503=CARTESIAN_POINT('Origin',(-0.92999999999996,3.45499999999998,5.55000000000001));
#4504=CARTESIAN_POINT('Origin',(9.07000000000004,3.45499999999998,5.54999999999994));
#4505=CARTESIAN_POINT('Origin',(-5.92999999999996,3.45499999999998,5.55000000000005));
#4506=CARTESIAN_POINT('Origin',(-8.42999999999996,3.45499999999998,5.55000000000007));
#4507=CARTESIAN_POINT('Origin',(6.57000000000004,3.45499999999998,5.54999999999996));
#4508=CARTESIAN_POINT('Origin',(-3.42999999999996,3.45499999999998,5.55000000000003));
#4509=CARTESIAN_POINT('Origin',(1.57000000000004,3.45499999999998,5.55));
#4510=UNCERTAINTY_MEASURE_WITH_UNIT(LENGTH_MEASURE(0.01),#4514,
'DISTANCE_ACCURACY_VALUE',
'Maximum model space distance between geometric entities at asserted c
onnectivities');
#4511=UNCERTAINTY_MEASURE_WITH_UNIT(LENGTH_MEASURE(0.01),#4514,
'DISTANCE_ACCURACY_VALUE',
'Maximum model space distance between geometric entities at asserted c
onnectivities');
#4512=(
GEOMETRIC_REPRESENTATION_CONTEXT(3)
GLOBAL_UNCERTAINTY_ASSIGNED_CONTEXT((#4510))
GLOBAL_UNIT_ASSIGNED_CONTEXT((#4514,#4516,#4517))
REPRESENTATION_CONTEXT('','3D')
);
#4513=(
GEOMETRIC_REPRESENTATION_CONTEXT(3)
GLOBAL_UNCERTAINTY_ASSIGNED_CONTEXT((#4511))
GLOBAL_UNIT_ASSIGNED_CONTEXT((#4514,#4516,#4517))
REPRESENTATION_CONTEXT('','3D')
);
#4514=(
LENGTH_UNIT()
NAMED_UNIT(*)
SI_UNIT(.MILLI.,.METRE.)
);
#4515=(
LENGTH_UNIT()
NAMED_UNIT(*)
SI_UNIT($,.METRE.)
);
#4516=(
NAMED_UNIT(*)
PLANE_ANGLE_UNIT()
SI_UNIT($,.RADIAN.)
);
#4517=(
NAMED_UNIT(*)
SI_UNIT($,.STERADIAN.)
SOLID_ANGLE_UNIT()
);
#4518=SHAPE_DEFINITION_REPRESENTATION(#4519,#4520);
#4519=PRODUCT_DEFINITION_SHAPE('',$,#4522);
#4520=SHAPE_REPRESENTATION('',(#2858),#4512);
#4521=PRODUCT_DEFINITION_CONTEXT('part definition',#4526,'design');
#4522=PRODUCT_DEFINITION('S8B-XH-A','S8B-XH-A v2',#4523,#4521);
#4523=PRODUCT_DEFINITION_FORMATION('',$,#4528);
#4524=PRODUCT_RELATED_PRODUCT_CATEGORY('S8B-XH-A v2','S8B-XH-A v2',(#4528));
#4525=APPLICATION_PROTOCOL_DEFINITION('international standard',
'automotive_design',2009,#4526);
#4526=APPLICATION_CONTEXT(
'Core Data for Automotive Mechanical Design Process');
#4527=PRODUCT_CONTEXT('part definition',#4526,'mechanical');
#4528=PRODUCT('S8B-XH-A','S8B-XH-A v2',$,(#4527));
#4529=PRESENTATION_STYLE_ASSIGNMENT((#4531));
#4530=PRESENTATION_STYLE_ASSIGNMENT((#4532));
#4531=SURFACE_STYLE_USAGE(.BOTH.,#4533);
#4532=SURFACE_STYLE_USAGE(.BOTH.,#4534);
#4533=SURFACE_SIDE_STYLE('',(#4535));
#4534=SURFACE_SIDE_STYLE('',(#4536));
#4535=SURFACE_STYLE_FILL_AREA(#4537);
#4536=SURFACE_STYLE_FILL_AREA(#4538);
#4537=FILL_AREA_STYLE('Steel - Satin',(#4539));
#4538=FILL_AREA_STYLE('ABS (White)',(#4540));
#4539=FILL_AREA_STYLE_COLOUR('Steel - Satin',#4541);
#4540=FILL_AREA_STYLE_COLOUR('ABS (White)',#4542);
#4541=COLOUR_RGB('Steel - Satin',0.627450980392157,0.627450980392157,0.627450980392157);
#4542=COLOUR_RGB('ABS (White)',1.,1.,1.);
ENDSEC;
END-ISO-10303-21;
