ISO-10303-21;
HEADER;
/* Generated by software containing ST-Developer
 * from STEP Tools, Inc. (www.steptools.com) 
 */

FILE_DESCRIPTION(
/* description */ ('Designed by EasyEDA Pro'),
/* implementation_level */ '2;1');

FILE_NAME(
/* name */ 'HDGC2001WR-S-2P.step',
/* time_stamp */ '2026-09-25T18:43:39+02:00',
/* author */ (''),
/* organization */ (''),
/* preprocessor_version */ 'ST-DEVELOPER v20.2',
/* originating_system */ 'Autodesk Translation Framework v15.15.0.0',
/* authorisation */ '');

FILE_SCHEMA (('AUTOMOTIVE_DESIGN { 1 0 10303 214 3 1 1 }'));
ENDSEC;

DATA;
#10=MECHANICAL_DESIGN_GEOMETRIC_PRESENTATION_REPRESENTATION('',(#3196,#3197,
#3198,#3199,#3200,#3201,#3202,#3203,#3204,#3205,#3206,#3207,#3208,#3209,
#3210,#3211,#3212,#3213,#3214,#3215,#3216,#3217,#3218,#3219,#3220,#3221,
#3222,#3223,#3224,#3225,#3226,#3227,#3228,#3229,#3230,#3231,#3232,#3233,
#3234,#3235,#3236,#3237,#3238,#3239,#3240,#3241,#3242,#3243,#3244,#3245,
#3246,#3247,#3248,#3249,#3250,#3251,#3252,#3253,#3254,#3255,#3256,#3257,
#3258,#3259,#3260,#3261,#3262,#3263,#3264,#3265,#3266,#3267,#3268,#3269,
#3270,#3271,#3272,#3273,#3274,#3275,#3276,#3277,#3278,#3279,#3280,#3281,
#3282,#3283,#3284,#3285,#3286,#3287,#3288,#3289,#3290,#3291,#3292,#3293,
#3294,#3295,#3296,#3297,#3298,#3299,#3300,#3301,#3302,#3303,#3304,#3305,
#3306,#3307,#3308,#3309,#3310,#3311,#3312,#3313,#3314,#3315,#3316,#3317,
#3318,#3319,#3320,#3321,#3322,#3323,#3324,#3325,#3326,#3327,#3328,#3329,
#3330,#3331,#3332,#3333,#3334,#3335,#3336,#3337,#3338,#3339,#3340,#3341,
#3342,#3343,#3344,#3345,#3346,#3347,#3348,#3349,#3350,#3351,#3352,#3353,
#3354,#3355,#3356,#3357,#3358,#3359,#3360,#3361,#3362,#3363,#3364,#3365,
#3366,#3367,#3368,#3369,#3370),#5593);
#11=SHAPE_REPRESENTATION_RELATIONSHIP('SRR','None',#5600,#12);
#12=ADVANCED_BREP_SHAPE_REPRESENTATION('',(#13),#5592);
#13=MANIFOLD_SOLID_BREP('Body1',#3545);
#14=FACE_BOUND('',#300,.T.);
#15=FACE_BOUND('',#328,.T.);
#16=FACE_BOUND('',#344,.T.);
#17=FACE_BOUND('',#345,.T.);
#18=CIRCLE('',#3565,0.2);
#19=CIRCLE('',#3566,0.2);
#20=CIRCLE('',#3567,0.2);
#21=CIRCLE('',#3569,0.2);
#22=CIRCLE('',#3570,0.2);
#23=CIRCLE('',#3571,0.2);
#24=CIRCLE('',#3574,0.525454458474);
#25=CIRCLE('',#3575,0.525454458474);
#26=CIRCLE('',#3579,0.2);
#27=CIRCLE('',#3580,0.2);
#28=CIRCLE('',#3581,0.2);
#29=CIRCLE('',#3583,0.2);
#30=CIRCLE('',#3584,0.2);
#31=CIRCLE('',#3585,0.2);
#32=CIRCLE('',#3588,0.525454458474);
#33=CIRCLE('',#3591,0.525454458474);
#34=CIRCLE('',#3613,0.2);
#35=CIRCLE('',#3614,0.2);
#36=CIRCLE('',#3617,0.2);
#37=CIRCLE('',#3621,0.2);
#38=CIRCLE('',#3641,0.049999999999);
#39=CIRCLE('',#3642,0.75);
#40=CIRCLE('',#3643,0.249999999999);
#41=CIRCLE('',#3644,0.549999999999);
#42=CIRCLE('',#3646,0.249999999999);
#43=CIRCLE('',#3651,0.049999999999);
#44=CIRCLE('',#3654,0.75);
#45=CIRCLE('',#3675,0.049999999999);
#46=CIRCLE('',#3676,0.75);
#47=CIRCLE('',#3677,0.249999999999);
#48=CIRCLE('',#3678,0.549999999999);
#49=CIRCLE('',#3680,0.249999999999);
#50=CIRCLE('',#3685,0.049999999999);
#51=CIRCLE('',#3688,0.75);
#52=CIRCLE('',#3750,0.549999999999);
#53=CIRCLE('',#3754,0.549999999999);
#54=CYLINDRICAL_SURFACE('',#3564,0.2);
#55=CYLINDRICAL_SURFACE('',#3568,0.2);
#56=CYLINDRICAL_SURFACE('',#3573,0.525454458474);
#57=CYLINDRICAL_SURFACE('',#3578,0.2);
#58=CYLINDRICAL_SURFACE('',#3582,0.2);
#59=CYLINDRICAL_SURFACE('',#3590,0.525454458474);
#60=CYLINDRICAL_SURFACE('',#3612,0.2);
#61=CYLINDRICAL_SURFACE('',#3620,0.2);
#62=CYLINDRICAL_SURFACE('',#3645,0.249999999999);
#63=CYLINDRICAL_SURFACE('',#3650,0.05);
#64=CYLINDRICAL_SURFACE('',#3653,0.75);
#65=CYLINDRICAL_SURFACE('',#3679,0.249999999999);
#66=CYLINDRICAL_SURFACE('',#3684,0.05);
#67=CYLINDRICAL_SURFACE('',#3687,0.75);
#68=CYLINDRICAL_SURFACE('',#3749,0.55);
#69=CYLINDRICAL_SURFACE('',#3753,0.55);
#70=FACE_OUTER_BOUND('',#244,.T.);
#71=FACE_OUTER_BOUND('',#245,.T.);
#72=FACE_OUTER_BOUND('',#246,.T.);
#73=FACE_OUTER_BOUND('',#247,.T.);
#74=FACE_OUTER_BOUND('',#248,.T.);
#75=FACE_OUTER_BOUND('',#249,.T.);
#76=FACE_OUTER_BOUND('',#250,.T.);
#77=FACE_OUTER_BOUND('',#251,.T.);
#78=FACE_OUTER_BOUND('',#252,.T.);
#79=FACE_OUTER_BOUND('',#253,.T.);
#80=FACE_OUTER_BOUND('',#254,.T.);
#81=FACE_OUTER_BOUND('',#255,.T.);
#82=FACE_OUTER_BOUND('',#256,.T.);
#83=FACE_OUTER_BOUND('',#257,.T.);
#84=FACE_OUTER_BOUND('',#258,.T.);
#85=FACE_OUTER_BOUND('',#259,.T.);
#86=FACE_OUTER_BOUND('',#260,.T.);
#87=FACE_OUTER_BOUND('',#261,.T.);
#88=FACE_OUTER_BOUND('',#262,.T.);
#89=FACE_OUTER_BOUND('',#263,.T.);
#90=FACE_OUTER_BOUND('',#264,.T.);
#91=FACE_OUTER_BOUND('',#265,.T.);
#92=FACE_OUTER_BOUND('',#266,.T.);
#93=FACE_OUTER_BOUND('',#267,.T.);
#94=FACE_OUTER_BOUND('',#268,.T.);
#95=FACE_OUTER_BOUND('',#269,.T.);
#96=FACE_OUTER_BOUND('',#270,.T.);
#97=FACE_OUTER_BOUND('',#271,.T.);
#98=FACE_OUTER_BOUND('',#272,.T.);
#99=FACE_OUTER_BOUND('',#273,.T.);
#100=FACE_OUTER_BOUND('',#274,.T.);
#101=FACE_OUTER_BOUND('',#275,.T.);
#102=FACE_OUTER_BOUND('',#276,.T.);
#103=FACE_OUTER_BOUND('',#277,.T.);
#104=FACE_OUTER_BOUND('',#278,.T.);
#105=FACE_OUTER_BOUND('',#279,.T.);
#106=FACE_OUTER_BOUND('',#280,.T.);
#107=FACE_OUTER_BOUND('',#281,.T.);
#108=FACE_OUTER_BOUND('',#282,.T.);
#109=FACE_OUTER_BOUND('',#283,.T.);
#110=FACE_OUTER_BOUND('',#284,.T.);
#111=FACE_OUTER_BOUND('',#285,.T.);
#112=FACE_OUTER_BOUND('',#286,.T.);
#113=FACE_OUTER_BOUND('',#287,.T.);
#114=FACE_OUTER_BOUND('',#288,.T.);
#115=FACE_OUTER_BOUND('',#289,.T.);
#116=FACE_OUTER_BOUND('',#290,.T.);
#117=FACE_OUTER_BOUND('',#291,.T.);
#118=FACE_OUTER_BOUND('',#292,.T.);
#119=FACE_OUTER_BOUND('',#293,.T.);
#120=FACE_OUTER_BOUND('',#294,.T.);
#121=FACE_OUTER_BOUND('',#295,.T.);
#122=FACE_OUTER_BOUND('',#296,.T.);
#123=FACE_OUTER_BOUND('',#297,.T.);
#124=FACE_OUTER_BOUND('',#298,.T.);
#125=FACE_OUTER_BOUND('',#299,.T.);
#126=FACE_OUTER_BOUND('',#301,.T.);
#127=FACE_OUTER_BOUND('',#302,.T.);
#128=FACE_OUTER_BOUND('',#303,.T.);
#129=FACE_OUTER_BOUND('',#304,.T.);
#130=FACE_OUTER_BOUND('',#305,.T.);
#131=FACE_OUTER_BOUND('',#306,.T.);
#132=FACE_OUTER_BOUND('',#307,.T.);
#133=FACE_OUTER_BOUND('',#308,.T.);
#134=FACE_OUTER_BOUND('',#309,.T.);
#135=FACE_OUTER_BOUND('',#310,.T.);
#136=FACE_OUTER_BOUND('',#311,.T.);
#137=FACE_OUTER_BOUND('',#312,.T.);
#138=FACE_OUTER_BOUND('',#313,.T.);
#139=FACE_OUTER_BOUND('',#314,.T.);
#140=FACE_OUTER_BOUND('',#315,.T.);
#141=FACE_OUTER_BOUND('',#316,.T.);
#142=FACE_OUTER_BOUND('',#317,.T.);
#143=FACE_OUTER_BOUND('',#318,.T.);
#144=FACE_OUTER_BOUND('',#319,.T.);
#145=FACE_OUTER_BOUND('',#320,.T.);
#146=FACE_OUTER_BOUND('',#321,.T.);
#147=FACE_OUTER_BOUND('',#322,.T.);
#148=FACE_OUTER_BOUND('',#323,.T.);
#149=FACE_OUTER_BOUND('',#324,.T.);
#150=FACE_OUTER_BOUND('',#325,.T.);
#151=FACE_OUTER_BOUND('',#326,.T.);
#152=FACE_OUTER_BOUND('',#327,.T.);
#153=FACE_OUTER_BOUND('',#329,.T.);
#154=FACE_OUTER_BOUND('',#330,.T.);
#155=FACE_OUTER_BOUND('',#331,.T.);
#156=FACE_OUTER_BOUND('',#332,.T.);
#157=FACE_OUTER_BOUND('',#333,.T.);
#158=FACE_OUTER_BOUND('',#334,.T.);
#159=FACE_OUTER_BOUND('',#335,.T.);
#160=FACE_OUTER_BOUND('',#336,.T.);
#161=FACE_OUTER_BOUND('',#337,.T.);
#162=FACE_OUTER_BOUND('',#338,.T.);
#163=FACE_OUTER_BOUND('',#339,.T.);
#164=FACE_OUTER_BOUND('',#340,.T.);
#165=FACE_OUTER_BOUND('',#341,.T.);
#166=FACE_OUTER_BOUND('',#342,.T.);
#167=FACE_OUTER_BOUND('',#343,.T.);
#168=FACE_OUTER_BOUND('',#346,.T.);
#169=FACE_OUTER_BOUND('',#347,.T.);
#170=FACE_OUTER_BOUND('',#348,.T.);
#171=FACE_OUTER_BOUND('',#349,.T.);
#172=FACE_OUTER_BOUND('',#350,.T.);
#173=FACE_OUTER_BOUND('',#351,.T.);
#174=FACE_OUTER_BOUND('',#352,.T.);
#175=FACE_OUTER_BOUND('',#353,.T.);
#176=FACE_OUTER_BOUND('',#354,.T.);
#177=FACE_OUTER_BOUND('',#355,.T.);
#178=FACE_OUTER_BOUND('',#356,.T.);
#179=FACE_OUTER_BOUND('',#357,.T.);
#180=FACE_OUTER_BOUND('',#358,.T.);
#181=FACE_OUTER_BOUND('',#359,.T.);
#182=FACE_OUTER_BOUND('',#360,.T.);
#183=FACE_OUTER_BOUND('',#361,.T.);
#184=FACE_OUTER_BOUND('',#362,.T.);
#185=FACE_OUTER_BOUND('',#363,.T.);
#186=FACE_OUTER_BOUND('',#364,.T.);
#187=FACE_OUTER_BOUND('',#365,.T.);
#188=FACE_OUTER_BOUND('',#366,.T.);
#189=FACE_OUTER_BOUND('',#367,.T.);
#190=FACE_OUTER_BOUND('',#368,.T.);
#191=FACE_OUTER_BOUND('',#369,.T.);
#192=FACE_OUTER_BOUND('',#370,.T.);
#193=FACE_OUTER_BOUND('',#371,.T.);
#194=FACE_OUTER_BOUND('',#372,.T.);
#195=FACE_OUTER_BOUND('',#373,.T.);
#196=FACE_OUTER_BOUND('',#374,.T.);
#197=FACE_OUTER_BOUND('',#375,.T.);
#198=FACE_OUTER_BOUND('',#376,.T.);
#199=FACE_OUTER_BOUND('',#377,.T.);
#200=FACE_OUTER_BOUND('',#378,.T.);
#201=FACE_OUTER_BOUND('',#379,.T.);
#202=FACE_OUTER_BOUND('',#380,.T.);
#203=FACE_OUTER_BOUND('',#381,.T.);
#204=FACE_OUTER_BOUND('',#382,.T.);
#205=FACE_OUTER_BOUND('',#383,.T.);
#206=FACE_OUTER_BOUND('',#384,.T.);
#207=FACE_OUTER_BOUND('',#385,.T.);
#208=FACE_OUTER_BOUND('',#386,.T.);
#209=FACE_OUTER_BOUND('',#387,.T.);
#210=FACE_OUTER_BOUND('',#388,.T.);
#211=FACE_OUTER_BOUND('',#389,.T.);
#212=FACE_OUTER_BOUND('',#390,.T.);
#213=FACE_OUTER_BOUND('',#391,.T.);
#214=FACE_OUTER_BOUND('',#392,.T.);
#215=FACE_OUTER_BOUND('',#393,.T.);
#216=FACE_OUTER_BOUND('',#394,.T.);
#217=FACE_OUTER_BOUND('',#395,.T.);
#218=FACE_OUTER_BOUND('',#396,.T.);
#219=FACE_OUTER_BOUND('',#397,.T.);
#220=FACE_OUTER_BOUND('',#398,.T.);
#221=FACE_OUTER_BOUND('',#399,.T.);
#222=FACE_OUTER_BOUND('',#400,.T.);
#223=FACE_OUTER_BOUND('',#401,.T.);
#224=FACE_OUTER_BOUND('',#402,.T.);
#225=FACE_OUTER_BOUND('',#403,.T.);
#226=FACE_OUTER_BOUND('',#404,.T.);
#227=FACE_OUTER_BOUND('',#405,.T.);
#228=FACE_OUTER_BOUND('',#406,.T.);
#229=FACE_OUTER_BOUND('',#407,.T.);
#230=FACE_OUTER_BOUND('',#408,.T.);
#231=FACE_OUTER_BOUND('',#409,.T.);
#232=FACE_OUTER_BOUND('',#410,.T.);
#233=FACE_OUTER_BOUND('',#411,.T.);
#234=FACE_OUTER_BOUND('',#412,.T.);
#235=FACE_OUTER_BOUND('',#413,.T.);
#236=FACE_OUTER_BOUND('',#414,.T.);
#237=FACE_OUTER_BOUND('',#415,.T.);
#238=FACE_OUTER_BOUND('',#416,.T.);
#239=FACE_OUTER_BOUND('',#417,.T.);
#240=FACE_OUTER_BOUND('',#418,.T.);
#241=FACE_OUTER_BOUND('',#419,.T.);
#242=FACE_OUTER_BOUND('',#420,.T.);
#243=FACE_OUTER_BOUND('',#421,.T.);
#244=EDGE_LOOP('',(#2086,#2087,#2088,#2089));
#245=EDGE_LOOP('',(#2090,#2091,#2092,#2093));
#246=EDGE_LOOP('',(#2094,#2095,#2096,#2097));
#247=EDGE_LOOP('',(#2098,#2099,#2100,#2101));
#248=EDGE_LOOP('',(#2102,#2103,#2104,#2105));
#249=EDGE_LOOP('',(#2106,#2107,#2108,#2109,#2110));
#250=EDGE_LOOP('',(#2111,#2112,#2113,#2114,#2115));
#251=EDGE_LOOP('',(#2116,#2117,#2118,#2119));
#252=EDGE_LOOP('',(#2120,#2121,#2122,#2123));
#253=EDGE_LOOP('',(#2124,#2125,#2126,#2127,#2128,#2129));
#254=EDGE_LOOP('',(#2130,#2131,#2132,#2133));
#255=EDGE_LOOP('',(#2134,#2135,#2136,#2137,#2138));
#256=EDGE_LOOP('',(#2139,#2140,#2141,#2142,#2143));
#257=EDGE_LOOP('',(#2144,#2145,#2146,#2147));
#258=EDGE_LOOP('',(#2148,#2149,#2150,#2151,#2152,#2153));
#259=EDGE_LOOP('',(#2154,#2155,#2156,#2157,#2158,#2159,#2160,#2161,#2162,
#2163,#2164,#2165,#2166,#2167,#2168,#2169,#2170,#2171,#2172,#2173,#2174,
#2175,#2176,#2177));
#260=EDGE_LOOP('',(#2178,#2179,#2180,#2181));
#261=EDGE_LOOP('',(#2182,#2183,#2184,#2185));
#262=EDGE_LOOP('',(#2186,#2187,#2188,#2189));
#263=EDGE_LOOP('',(#2190,#2191,#2192,#2193));
#264=EDGE_LOOP('',(#2194,#2195,#2196,#2197));
#265=EDGE_LOOP('',(#2198,#2199,#2200,#2201));
#266=EDGE_LOOP('',(#2202,#2203,#2204,#2205));
#267=EDGE_LOOP('',(#2206,#2207,#2208,#2209));
#268=EDGE_LOOP('',(#2210,#2211,#2212,#2213));
#269=EDGE_LOOP('',(#2214,#2215,#2216,#2217));
#270=EDGE_LOOP('',(#2218,#2219,#2220,#2221));
#271=EDGE_LOOP('',(#2222,#2223,#2224,#2225));
#272=EDGE_LOOP('',(#2226,#2227,#2228,#2229));
#273=EDGE_LOOP('',(#2230,#2231,#2232,#2233));
#274=EDGE_LOOP('',(#2234,#2235,#2236,#2237));
#275=EDGE_LOOP('',(#2238,#2239,#2240,#2241));
#276=EDGE_LOOP('',(#2242,#2243,#2244,#2245));
#277=EDGE_LOOP('',(#2246,#2247,#2248,#2249));
#278=EDGE_LOOP('',(#2250,#2251,#2252,#2253));
#279=EDGE_LOOP('',(#2254,#2255,#2256,#2257));
#280=EDGE_LOOP('',(#2258,#2259,#2260,#2261));
#281=EDGE_LOOP('',(#2262,#2263,#2264,#2265));
#282=EDGE_LOOP('',(#2266,#2267,#2268,#2269));
#283=EDGE_LOOP('',(#2270,#2271,#2272,#2273,#2274,#2275,#2276,#2277,#2278,
#2279,#2280));
#284=EDGE_LOOP('',(#2281,#2282,#2283,#2284));
#285=EDGE_LOOP('',(#2285,#2286,#2287,#2288));
#286=EDGE_LOOP('',(#2289,#2290,#2291,#2292));
#287=EDGE_LOOP('',(#2293,#2294,#2295,#2296));
#288=EDGE_LOOP('',(#2297,#2298,#2299,#2300));
#289=EDGE_LOOP('',(#2301,#2302,#2303,#2304));
#290=EDGE_LOOP('',(#2305,#2306,#2307,#2308));
#291=EDGE_LOOP('',(#2309,#2310,#2311,#2312));
#292=EDGE_LOOP('',(#2313,#2314,#2315,#2316));
#293=EDGE_LOOP('',(#2317,#2318,#2319,#2320));
#294=EDGE_LOOP('',(#2321,#2322,#2323,#2324));
#295=EDGE_LOOP('',(#2325,#2326,#2327,#2328));
#296=EDGE_LOOP('',(#2329,#2330,#2331,#2332));
#297=EDGE_LOOP('',(#2333,#2334,#2335,#2336));
#298=EDGE_LOOP('',(#2337,#2338,#2339,#2340));
#299=EDGE_LOOP('',(#2341,#2342,#2343,#2344,#2345,#2346));
#300=EDGE_LOOP('',(#2347,#2348,#2349,#2350));
#301=EDGE_LOOP('',(#2351,#2352,#2353,#2354));
#302=EDGE_LOOP('',(#2355,#2356,#2357,#2358));
#303=EDGE_LOOP('',(#2359,#2360,#2361,#2362));
#304=EDGE_LOOP('',(#2363,#2364,#2365,#2366));
#305=EDGE_LOOP('',(#2367,#2368,#2369,#2370));
#306=EDGE_LOOP('',(#2371,#2372,#2373,#2374,#2375,#2376,#2377,#2378,#2379,
#2380,#2381,#2382));
#307=EDGE_LOOP('',(#2383,#2384,#2385,#2386));
#308=EDGE_LOOP('',(#2387,#2388,#2389,#2390));
#309=EDGE_LOOP('',(#2391,#2392,#2393,#2394));
#310=EDGE_LOOP('',(#2395,#2396,#2397,#2398));
#311=EDGE_LOOP('',(#2399,#2400,#2401,#2402));
#312=EDGE_LOOP('',(#2403,#2404,#2405,#2406));
#313=EDGE_LOOP('',(#2407,#2408,#2409,#2410));
#314=EDGE_LOOP('',(#2411,#2412,#2413,#2414));
#315=EDGE_LOOP('',(#2415,#2416,#2417,#2418));
#316=EDGE_LOOP('',(#2419,#2420,#2421,#2422));
#317=EDGE_LOOP('',(#2423,#2424,#2425,#2426));
#318=EDGE_LOOP('',(#2427,#2428,#2429,#2430));
#319=EDGE_LOOP('',(#2431,#2432,#2433,#2434));
#320=EDGE_LOOP('',(#2435,#2436,#2437,#2438));
#321=EDGE_LOOP('',(#2439,#2440,#2441,#2442));
#322=EDGE_LOOP('',(#2443,#2444,#2445,#2446));
#323=EDGE_LOOP('',(#2447,#2448,#2449,#2450));
#324=EDGE_LOOP('',(#2451,#2452,#2453,#2454));
#325=EDGE_LOOP('',(#2455,#2456,#2457,#2458));
#326=EDGE_LOOP('',(#2459,#2460,#2461,#2462));
#327=EDGE_LOOP('',(#2463,#2464,#2465,#2466,#2467,#2468));
#328=EDGE_LOOP('',(#2469,#2470,#2471,#2472));
#329=EDGE_LOOP('',(#2473,#2474,#2475,#2476));
#330=EDGE_LOOP('',(#2477,#2478,#2479,#2480));
#331=EDGE_LOOP('',(#2481,#2482,#2483,#2484));
#332=EDGE_LOOP('',(#2485,#2486,#2487,#2488));
#333=EDGE_LOOP('',(#2489,#2490,#2491,#2492));
#334=EDGE_LOOP('',(#2493,#2494,#2495,#2496,#2497,#2498,#2499,#2500,#2501,
#2502,#2503,#2504));
#335=EDGE_LOOP('',(#2505,#2506,#2507,#2508));
#336=EDGE_LOOP('',(#2509,#2510,#2511,#2512));
#337=EDGE_LOOP('',(#2513,#2514,#2515,#2516));
#338=EDGE_LOOP('',(#2517,#2518,#2519,#2520));
#339=EDGE_LOOP('',(#2521,#2522,#2523,#2524));
#340=EDGE_LOOP('',(#2525,#2526,#2527,#2528));
#341=EDGE_LOOP('',(#2529,#2530,#2531,#2532));
#342=EDGE_LOOP('',(#2533,#2534,#2535,#2536));
#343=EDGE_LOOP('',(#2537,#2538,#2539,#2540,#2541,#2542,#2543,#2544,#2545,
#2546,#2547,#2548,#2549,#2550,#2551,#2552,#2553,#2554,#2555,#2556));
#344=EDGE_LOOP('',(#2557,#2558,#2559,#2560));
#345=EDGE_LOOP('',(#2561,#2562,#2563,#2564));
#346=EDGE_LOOP('',(#2565,#2566,#2567,#2568));
#347=EDGE_LOOP('',(#2569,#2570,#2571,#2572));
#348=EDGE_LOOP('',(#2573,#2574,#2575,#2576));
#349=EDGE_LOOP('',(#2577,#2578,#2579,#2580));
#350=EDGE_LOOP('',(#2581,#2582,#2583,#2584,#2585,#2586,#2587,#2588));
#351=EDGE_LOOP('',(#2589,#2590,#2591,#2592,#2593,#2594,#2595,#2596));
#352=EDGE_LOOP('',(#2597,#2598,#2599,#2600));
#353=EDGE_LOOP('',(#2601,#2602,#2603,#2604));
#354=EDGE_LOOP('',(#2605,#2606,#2607,#2608));
#355=EDGE_LOOP('',(#2609,#2610,#2611,#2612));
#356=EDGE_LOOP('',(#2613,#2614,#2615,#2616));
#357=EDGE_LOOP('',(#2617,#2618,#2619,#2620));
#358=EDGE_LOOP('',(#2621,#2622,#2623,#2624));
#359=EDGE_LOOP('',(#2625,#2626,#2627,#2628));
#360=EDGE_LOOP('',(#2629,#2630,#2631,#2632));
#361=EDGE_LOOP('',(#2633,#2634,#2635,#2636));
#362=EDGE_LOOP('',(#2637,#2638,#2639,#2640));
#363=EDGE_LOOP('',(#2641,#2642,#2643,#2644,#2645));
#364=EDGE_LOOP('',(#2646,#2647,#2648,#2649,#2650,#2651,#2652,#2653,#2654,
#2655));
#365=EDGE_LOOP('',(#2656,#2657,#2658,#2659));
#366=EDGE_LOOP('',(#2660,#2661,#2662,#2663));
#367=EDGE_LOOP('',(#2664,#2665,#2666,#2667));
#368=EDGE_LOOP('',(#2668,#2669,#2670,#2671));
#369=EDGE_LOOP('',(#2672,#2673,#2674,#2675,#2676,#2677));
#370=EDGE_LOOP('',(#2678,#2679,#2680,#2681,#2682,#2683));
#371=EDGE_LOOP('',(#2684,#2685,#2686,#2687,#2688,#2689,#2690,#2691,#2692,
#2693));
#372=EDGE_LOOP('',(#2694,#2695,#2696,#2697));
#373=EDGE_LOOP('',(#2698,#2699,#2700,#2701));
#374=EDGE_LOOP('',(#2702,#2703,#2704,#2705));
#375=EDGE_LOOP('',(#2706,#2707,#2708,#2709));
#376=EDGE_LOOP('',(#2710,#2711,#2712,#2713));
#377=EDGE_LOOP('',(#2714,#2715,#2716,#2717));
#378=EDGE_LOOP('',(#2718,#2719,#2720,#2721));
#379=EDGE_LOOP('',(#2722,#2723,#2724,#2725));
#380=EDGE_LOOP('',(#2726,#2727,#2728,#2729,#2730,#2731,#2732,#2733,#2734));
#381=EDGE_LOOP('',(#2735,#2736,#2737,#2738,#2739,#2740,#2741,#2742,#2743,
#2744,#2745,#2746,#2747,#2748,#2749,#2750,#2751,#2752,#2753,#2754));
#382=EDGE_LOOP('',(#2755,#2756,#2757,#2758,#2759,#2760,#2761,#2762,#2763,
#2764,#2765,#2766,#2767,#2768));
#383=EDGE_LOOP('',(#2769,#2770,#2771,#2772,#2773,#2774,#2775,#2776,#2777,
#2778,#2779,#2780,#2781,#2782,#2783,#2784));
#384=EDGE_LOOP('',(#2785,#2786,#2787,#2788));
#385=EDGE_LOOP('',(#2789,#2790,#2791,#2792,#2793));
#386=EDGE_LOOP('',(#2794,#2795,#2796,#2797,#2798,#2799,#2800,#2801,#2802));
#387=EDGE_LOOP('',(#2803,#2804,#2805,#2806));
#388=EDGE_LOOP('',(#2807,#2808,#2809,#2810,#2811));
#389=EDGE_LOOP('',(#2812,#2813,#2814,#2815));
#390=EDGE_LOOP('',(#2816,#2817,#2818,#2819));
#391=EDGE_LOOP('',(#2820,#2821,#2822,#2823,#2824,#2825));
#392=EDGE_LOOP('',(#2826,#2827,#2828,#2829,#2830,#2831));
#393=EDGE_LOOP('',(#2832,#2833,#2834,#2835));
#394=EDGE_LOOP('',(#2836,#2837,#2838,#2839,#2840,#2841,#2842,#2843,#2844,
#2845,#2846,#2847));
#395=EDGE_LOOP('',(#2848,#2849,#2850,#2851,#2852,#2853,#2854,#2855));
#396=EDGE_LOOP('',(#2856,#2857,#2858,#2859,#2860,#2861));
#397=EDGE_LOOP('',(#2862,#2863,#2864,#2865,#2866,#2867));
#398=EDGE_LOOP('',(#2868,#2869,#2870,#2871));
#399=EDGE_LOOP('',(#2872,#2873,#2874,#2875));
#400=EDGE_LOOP('',(#2876,#2877,#2878,#2879));
#401=EDGE_LOOP('',(#2880,#2881,#2882,#2883));
#402=EDGE_LOOP('',(#2884,#2885,#2886,#2887));
#403=EDGE_LOOP('',(#2888,#2889,#2890,#2891,#2892,#2893,#2894,#2895,#2896,
#2897,#2898,#2899,#2900,#2901,#2902,#2903,#2904,#2905,#2906,#2907,#2908,
#2909,#2910,#2911,#2912,#2913,#2914,#2915,#2916,#2917,#2918,#2919));
#404=EDGE_LOOP('',(#2920,#2921,#2922,#2923));
#405=EDGE_LOOP('',(#2924,#2925,#2926,#2927,#2928,#2929,#2930,#2931,#2932,
#2933,#2934,#2935));
#406=EDGE_LOOP('',(#2936,#2937,#2938,#2939));
#407=EDGE_LOOP('',(#2940,#2941,#2942,#2943));
#408=EDGE_LOOP('',(#2944,#2945,#2946,#2947,#2948,#2949,#2950,#2951,#2952,
#2953,#2954,#2955));
#409=EDGE_LOOP('',(#2956,#2957,#2958,#2959));
#410=EDGE_LOOP('',(#2960,#2961,#2962,#2963));
#411=EDGE_LOOP('',(#2964,#2965,#2966,#2967));
#412=EDGE_LOOP('',(#2968,#2969,#2970,#2971));
#413=EDGE_LOOP('',(#2972,#2973,#2974,#2975,#2976,#2977,#2978,#2979,#2980,
#2981,#2982,#2983,#2984,#2985));
#414=EDGE_LOOP('',(#2986,#2987,#2988,#2989));
#415=EDGE_LOOP('',(#2990,#2991,#2992,#2993,#2994));
#416=EDGE_LOOP('',(#2995,#2996,#2997,#2998));
#417=EDGE_LOOP('',(#2999,#3000,#3001,#3002,#3003,#3004,#3005,#3006,#3007,
#3008,#3009));
#418=EDGE_LOOP('',(#3010,#3011,#3012,#3013));
#419=EDGE_LOOP('',(#3014,#3015,#3016,#3017,#3018,#3019,#3020,#3021));
#420=EDGE_LOOP('',(#3022,#3023,#3024,#3025,#3026,#3027,#3028,#3029));
#421=EDGE_LOOP('',(#3030,#3031,#3032,#3033,#3034,#3035,#3036,#3037));
#422=LINE('',#4635,#862);
#423=LINE('',#4637,#863);
#424=LINE('',#4639,#864);
#425=LINE('',#4640,#865);
#426=LINE('',#4643,#866);
#427=LINE('',#4645,#867);
#428=LINE('',#4646,#868);
#429=LINE('',#4650,#869);
#430=LINE('',#4652,#870);
#431=LINE('',#4654,#871);
#432=LINE('',#4655,#872);
#433=LINE('',#4658,#873);
#434=LINE('',#4660,#874);
#435=LINE('',#4661,#875);
#436=LINE('',#4665,#876);
#437=LINE('',#4667,#877);
#438=LINE('',#4669,#878);
#439=LINE('',#4670,#879);
#440=LINE('',#4677,#880);
#441=LINE('',#4684,#881);
#442=LINE('',#4688,#882);
#443=LINE('',#4692,#883);
#444=LINE('',#4694,#884);
#445=LINE('',#4695,#885);
#446=LINE('',#4700,#886);
#447=LINE('',#4704,#887);
#448=LINE('',#4706,#888);
#449=LINE('',#4708,#889);
#450=LINE('',#4709,#890);
#451=LINE('',#4717,#891);
#452=LINE('',#4725,#892);
#453=LINE('',#4728,#893);
#454=LINE('',#4731,#894);
#455=LINE('',#4733,#895);
#456=LINE('',#4734,#896);
#457=LINE('',#4736,#897);
#458=LINE('',#4741,#898);
#459=LINE('',#4742,#899);
#460=LINE('',#4744,#900);
#461=LINE('',#4746,#901);
#462=LINE('',#4748,#902);
#463=LINE('',#4750,#903);
#464=LINE('',#4752,#904);
#465=LINE('',#4754,#905);
#466=LINE('',#4756,#906);
#467=LINE('',#4758,#907);
#468=LINE('',#4760,#908);
#469=LINE('',#4762,#909);
#470=LINE('',#4764,#910);
#471=LINE('',#4766,#911);
#472=LINE('',#4768,#912);
#473=LINE('',#4770,#913);
#474=LINE('',#4772,#914);
#475=LINE('',#4774,#915);
#476=LINE('',#4776,#916);
#477=LINE('',#4778,#917);
#478=LINE('',#4779,#918);
#479=LINE('',#4780,#919);
#480=LINE('',#4786,#920);
#481=LINE('',#4788,#921);
#482=LINE('',#4790,#922);
#483=LINE('',#4791,#923);
#484=LINE('',#4795,#924);
#485=LINE('',#4796,#925);
#486=LINE('',#4797,#926);
#487=LINE('',#4801,#927);
#488=LINE('',#4802,#928);
#489=LINE('',#4803,#929);
#490=LINE('',#4807,#930);
#491=LINE('',#4808,#931);
#492=LINE('',#4809,#932);
#493=LINE('',#4813,#933);
#494=LINE('',#4814,#934);
#495=LINE('',#4815,#935);
#496=LINE('',#4819,#936);
#497=LINE('',#4820,#937);
#498=LINE('',#4821,#938);
#499=LINE('',#4825,#939);
#500=LINE('',#4826,#940);
#501=LINE('',#4827,#941);
#502=LINE('',#4831,#942);
#503=LINE('',#4833,#943);
#504=LINE('',#4835,#944);
#505=LINE('',#4836,#945);
#506=LINE('',#4840,#946);
#507=LINE('',#4841,#947);
#508=LINE('',#4842,#948);
#509=LINE('',#4846,#949);
#510=LINE('',#4847,#950);
#511=LINE('',#4848,#951);
#512=LINE('',#4852,#952);
#513=LINE('',#4854,#953);
#514=LINE('',#4856,#954);
#515=LINE('',#4857,#955);
#516=LINE('',#4860,#956);
#517=LINE('',#4862,#957);
#518=LINE('',#4863,#958);
#519=LINE('',#4866,#959);
#520=LINE('',#4868,#960);
#521=LINE('',#4869,#961);
#522=LINE('',#4873,#962);
#523=LINE('',#4875,#963);
#524=LINE('',#4877,#964);
#525=LINE('',#4878,#965);
#526=LINE('',#4881,#966);
#527=LINE('',#4883,#967);
#528=LINE('',#4884,#968);
#529=LINE('',#4887,#969);
#530=LINE('',#4889,#970);
#531=LINE('',#4890,#971);
#532=LINE('',#4894,#972);
#533=LINE('',#4896,#973);
#534=LINE('',#4898,#974);
#535=LINE('',#4899,#975);
#536=LINE('',#4903,#976);
#537=LINE('',#4905,#977);
#538=LINE('',#4907,#978);
#539=LINE('',#4908,#979);
#540=LINE('',#4912,#980);
#541=LINE('',#4914,#981);
#542=LINE('',#4916,#982);
#543=LINE('',#4917,#983);
#544=LINE('',#4921,#984);
#545=LINE('',#4923,#985);
#546=LINE('',#4925,#986);
#547=LINE('',#4926,#987);
#548=LINE('',#4932,#988);
#549=LINE('',#4935,#989);
#550=LINE('',#4939,#990);
#551=LINE('',#4940,#991);
#552=LINE('',#4941,#992);
#553=LINE('',#4944,#993);
#554=LINE('',#4948,#994);
#555=LINE('',#4950,#995);
#556=LINE('',#4952,#996);
#557=LINE('',#4953,#997);
#558=LINE('',#4956,#998);
#559=LINE('',#4957,#999);
#560=LINE('',#4960,#1000);
#561=LINE('',#4962,#1001);
#562=LINE('',#4963,#1002);
#563=LINE('',#4967,#1003);
#564=LINE('',#4969,#1004);
#565=LINE('',#4973,#1005);
#566=LINE('',#4975,#1006);
#567=LINE('',#4977,#1007);
#568=LINE('',#4978,#1008);
#569=LINE('',#4982,#1009);
#570=LINE('',#4984,#1010);
#571=LINE('',#4986,#1011);
#572=LINE('',#4987,#1012);
#573=LINE('',#4991,#1013);
#574=LINE('',#4993,#1014);
#575=LINE('',#4995,#1015);
#576=LINE('',#4996,#1016);
#577=LINE('',#4998,#1017);
#578=LINE('',#4999,#1018);
#579=LINE('',#5001,#1019);
#580=LINE('',#5002,#1020);
#581=LINE('',#5005,#1021);
#582=LINE('',#5007,#1022);
#583=LINE('',#5008,#1023);
#584=LINE('',#5011,#1024);
#585=LINE('',#5013,#1025);
#586=LINE('',#5014,#1026);
#587=LINE('',#5016,#1027);
#588=LINE('',#5018,#1028);
#589=LINE('',#5022,#1029);
#590=LINE('',#5024,#1030);
#591=LINE('',#5025,#1031);
#592=LINE('',#5028,#1032);
#593=LINE('',#5030,#1033);
#594=LINE('',#5032,#1034);
#595=LINE('',#5033,#1035);
#596=LINE('',#5036,#1036);
#597=LINE('',#5037,#1037);
#598=LINE('',#5041,#1038);
#599=LINE('',#5043,#1039);
#600=LINE('',#5045,#1040);
#601=LINE('',#5046,#1041);
#602=LINE('',#5048,#1042);
#603=LINE('',#5049,#1043);
#604=LINE('',#5053,#1044);
#605=LINE('',#5055,#1045);
#606=LINE('',#5057,#1046);
#607=LINE('',#5058,#1047);
#608=LINE('',#5062,#1048);
#609=LINE('',#5064,#1049);
#610=LINE('',#5066,#1050);
#611=LINE('',#5067,#1051);
#612=LINE('',#5070,#1052);
#613=LINE('',#5074,#1053);
#614=LINE('',#5076,#1054);
#615=LINE('',#5080,#1055);
#616=LINE('',#5085,#1056);
#617=LINE('',#5088,#1057);
#618=LINE('',#5089,#1058);
#619=LINE('',#5091,#1059);
#620=LINE('',#5094,#1060);
#621=LINE('',#5095,#1061);
#622=LINE('',#5099,#1062);
#623=LINE('',#5102,#1063);
#624=LINE('',#5103,#1064);
#625=LINE('',#5109,#1065);
#626=LINE('',#5111,#1066);
#627=LINE('',#5113,#1067);
#628=LINE('',#5114,#1068);
#629=LINE('',#5116,#1069);
#630=LINE('',#5117,#1070);
#631=LINE('',#5121,#1071);
#632=LINE('',#5123,#1072);
#633=LINE('',#5125,#1073);
#634=LINE('',#5126,#1074);
#635=LINE('',#5130,#1075);
#636=LINE('',#5132,#1076);
#637=LINE('',#5134,#1077);
#638=LINE('',#5135,#1078);
#639=LINE('',#5139,#1079);
#640=LINE('',#5141,#1080);
#641=LINE('',#5143,#1081);
#642=LINE('',#5144,#1082);
#643=LINE('',#5146,#1083);
#644=LINE('',#5147,#1084);
#645=LINE('',#5149,#1085);
#646=LINE('',#5150,#1086);
#647=LINE('',#5153,#1087);
#648=LINE('',#5155,#1088);
#649=LINE('',#5156,#1089);
#650=LINE('',#5159,#1090);
#651=LINE('',#5161,#1091);
#652=LINE('',#5162,#1092);
#653=LINE('',#5164,#1093);
#654=LINE('',#5166,#1094);
#655=LINE('',#5170,#1095);
#656=LINE('',#5172,#1096);
#657=LINE('',#5173,#1097);
#658=LINE('',#5176,#1098);
#659=LINE('',#5178,#1099);
#660=LINE('',#5180,#1100);
#661=LINE('',#5181,#1101);
#662=LINE('',#5184,#1102);
#663=LINE('',#5185,#1103);
#664=LINE('',#5189,#1104);
#665=LINE('',#5191,#1105);
#666=LINE('',#5193,#1106);
#667=LINE('',#5194,#1107);
#668=LINE('',#5196,#1108);
#669=LINE('',#5197,#1109);
#670=LINE('',#5201,#1110);
#671=LINE('',#5203,#1111);
#672=LINE('',#5205,#1112);
#673=LINE('',#5206,#1113);
#674=LINE('',#5210,#1114);
#675=LINE('',#5212,#1115);
#676=LINE('',#5214,#1116);
#677=LINE('',#5215,#1117);
#678=LINE('',#5218,#1118);
#679=LINE('',#5222,#1119);
#680=LINE('',#5224,#1120);
#681=LINE('',#5228,#1121);
#682=LINE('',#5233,#1122);
#683=LINE('',#5236,#1123);
#684=LINE('',#5237,#1124);
#685=LINE('',#5239,#1125);
#686=LINE('',#5242,#1126);
#687=LINE('',#5243,#1127);
#688=LINE('',#5247,#1128);
#689=LINE('',#5250,#1129);
#690=LINE('',#5251,#1130);
#691=LINE('',#5257,#1131);
#692=LINE('',#5259,#1132);
#693=LINE('',#5261,#1133);
#694=LINE('',#5262,#1134);
#695=LINE('',#5264,#1135);
#696=LINE('',#5265,#1136);
#697=LINE('',#5266,#1137);
#698=LINE('',#5267,#1138);
#699=LINE('',#5268,#1139);
#700=LINE('',#5269,#1140);
#701=LINE('',#5270,#1141);
#702=LINE('',#5271,#1142);
#703=LINE('',#5272,#1143);
#704=LINE('',#5274,#1144);
#705=LINE('',#5276,#1145);
#706=LINE('',#5279,#1146);
#707=LINE('',#5281,#1147);
#708=LINE('',#5282,#1148);
#709=LINE('',#5285,#1149);
#710=LINE('',#5287,#1150);
#711=LINE('',#5288,#1151);
#712=LINE('',#5291,#1152);
#713=LINE('',#5293,#1153);
#714=LINE('',#5294,#1154);
#715=LINE('',#5296,#1155);
#716=LINE('',#5297,#1156);
#717=LINE('',#5300,#1157);
#718=LINE('',#5302,#1158);
#719=LINE('',#5303,#1159);
#720=LINE('',#5305,#1160);
#721=LINE('',#5306,#1161);
#722=LINE('',#5310,#1162);
#723=LINE('',#5312,#1163);
#724=LINE('',#5314,#1164);
#725=LINE('',#5315,#1165);
#726=LINE('',#5319,#1166);
#727=LINE('',#5320,#1167);
#728=LINE('',#5321,#1168);
#729=LINE('',#5324,#1169);
#730=LINE('',#5325,#1170);
#731=LINE('',#5328,#1171);
#732=LINE('',#5329,#1172);
#733=LINE('',#5333,#1173);
#734=LINE('',#5334,#1174);
#735=LINE('',#5335,#1175);
#736=LINE('',#5338,#1176);
#737=LINE('',#5339,#1177);
#738=LINE('',#5342,#1178);
#739=LINE('',#5343,#1179);
#740=LINE('',#5347,#1180);
#741=LINE('',#5348,#1181);
#742=LINE('',#5349,#1182);
#743=LINE('',#5352,#1183);
#744=LINE('',#5353,#1184);
#745=LINE('',#5356,#1185);
#746=LINE('',#5357,#1186);
#747=LINE('',#5360,#1187);
#748=LINE('',#5362,#1188);
#749=LINE('',#5363,#1189);
#750=LINE('',#5365,#1190);
#751=LINE('',#5369,#1191);
#752=LINE('',#5371,#1192);
#753=LINE('',#5373,#1193);
#754=LINE('',#5375,#1194);
#755=LINE('',#5377,#1195);
#756=LINE('',#5379,#1196);
#757=LINE('',#5381,#1197);
#758=LINE('',#5383,#1198);
#759=LINE('',#5385,#1199);
#760=LINE('',#5386,#1200);
#761=LINE('',#5389,#1201);
#762=LINE('',#5391,#1202);
#763=LINE('',#5392,#1203);
#764=LINE('',#5395,#1204);
#765=LINE('',#5396,#1205);
#766=LINE('',#5400,#1206);
#767=LINE('',#5401,#1207);
#768=LINE('',#5402,#1208);
#769=LINE('',#5405,#1209);
#770=LINE('',#5406,#1210);
#771=LINE('',#5410,#1211);
#772=LINE('',#5412,#1212);
#773=LINE('',#5414,#1213);
#774=LINE('',#5416,#1214);
#775=LINE('',#5418,#1215);
#776=LINE('',#5419,#1216);
#777=LINE('',#5422,#1217);
#778=LINE('',#5423,#1218);
#779=LINE('',#5425,#1219);
#780=LINE('',#5426,#1220);
#781=LINE('',#5430,#1221);
#782=LINE('',#5432,#1222);
#783=LINE('',#5434,#1223);
#784=LINE('',#5436,#1224);
#785=LINE('',#5438,#1225);
#786=LINE('',#5440,#1226);
#787=LINE('',#5442,#1227);
#788=LINE('',#5444,#1228);
#789=LINE('',#5446,#1229);
#790=LINE('',#5447,#1230);
#791=LINE('',#5450,#1231);
#792=LINE('',#5452,#1232);
#793=LINE('',#5453,#1233);
#794=LINE('',#5456,#1234);
#795=LINE('',#5457,#1235);
#796=LINE('',#5461,#1236);
#797=LINE('',#5462,#1237);
#798=LINE('',#5463,#1238);
#799=LINE('',#5466,#1239);
#800=LINE('',#5468,#1240);
#801=LINE('',#5469,#1241);
#802=LINE('',#5471,#1242);
#803=LINE('',#5474,#1243);
#804=LINE('',#5475,#1244);
#805=LINE('',#5477,#1245);
#806=LINE('',#5479,#1246);
#807=LINE('',#5482,#1247);
#808=LINE('',#5483,#1248);
#809=LINE('',#5485,#1249);
#810=LINE('',#5487,#1250);
#811=LINE('',#5488,#1251);
#812=LINE('',#5490,#1252);
#813=LINE('',#5492,#1253);
#814=LINE('',#5493,#1254);
#815=LINE('',#5494,#1255);
#816=LINE('',#5495,#1256);
#817=LINE('',#5497,#1257);
#818=LINE('',#5498,#1258);
#819=LINE('',#5501,#1259);
#820=LINE('',#5502,#1260);
#821=LINE('',#5503,#1261);
#822=LINE('',#5505,#1262);
#823=LINE('',#5506,#1263);
#824=LINE('',#5508,#1264);
#825=LINE('',#5512,#1265);
#826=LINE('',#5513,#1266);
#827=LINE('',#5514,#1267);
#828=LINE('',#5515,#1268);
#829=LINE('',#5517,#1269);
#830=LINE('',#5522,#1270);
#831=LINE('',#5524,#1271);
#832=LINE('',#5526,#1272);
#833=LINE('',#5527,#1273);
#834=LINE('',#5529,#1274);
#835=LINE('',#5530,#1275);
#836=LINE('',#5532,#1276);
#837=LINE('',#5534,#1277);
#838=LINE('',#5535,#1278);
#839=LINE('',#5537,#1279);
#840=LINE('',#5539,#1280);
#841=LINE('',#5542,#1281);
#842=LINE('',#5543,#1282);
#843=LINE('',#5546,#1283);
#844=LINE('',#5548,#1284);
#845=LINE('',#5550,#1285);
#846=LINE('',#5552,#1286);
#847=LINE('',#5555,#1287);
#848=LINE('',#5556,#1288);
#849=LINE('',#5557,#1289);
#850=LINE('',#5561,#1290);
#851=LINE('',#5566,#1291);
#852=LINE('',#5570,#1292);
#853=LINE('',#5572,#1293);
#854=LINE('',#5574,#1294);
#855=LINE('',#5576,#1295);
#856=LINE('',#5578,#1296);
#857=LINE('',#5580,#1297);
#858=LINE('',#5582,#1298);
#859=LINE('',#5584,#1299);
#860=LINE('',#5586,#1300);
#861=LINE('',#5588,#1301);
#862=VECTOR('',#3773,999.999999998769);
#863=VECTOR('',#3774,1000.);
#864=VECTOR('',#3775,999.999999998769);
#865=VECTOR('',#3776,1000.);
#866=VECTOR('',#3779,1000.);
#867=VECTOR('',#3780,1000.);
#868=VECTOR('',#3781,1000.);
#869=VECTOR('',#3784,1000.);
#870=VECTOR('',#3785,1000.);
#871=VECTOR('',#3786,1000.);
#872=VECTOR('',#3787,1000.);
#873=VECTOR('',#3790,999.999999998769);
#874=VECTOR('',#3791,999.999999998769);
#875=VECTOR('',#3792,1000.);
#876=VECTOR('',#3795,1000.);
#877=VECTOR('',#3796,1000.);
#878=VECTOR('',#3797,1000.);
#879=VECTOR('',#3798,1000.);
#880=VECTOR('',#3805,1000.);
#881=VECTOR('',#3812,1000.);
#882=VECTOR('',#3815,1000.);
#883=VECTOR('',#3820,1000.);
#884=VECTOR('',#3821,1000.);
#885=VECTOR('',#3822,1000.);
#886=VECTOR('',#3831,1000.);
#887=VECTOR('',#3834,1000.);
#888=VECTOR('',#3835,1000.);
#889=VECTOR('',#3836,1000.);
#890=VECTOR('',#3837,1000.);
#891=VECTOR('',#3846,1000.);
#892=VECTOR('',#3853,1000.);
#893=VECTOR('',#3856,1000.);
#894=VECTOR('',#3859,1000.);
#895=VECTOR('',#3860,1000.);
#896=VECTOR('',#3861,1000.);
#897=VECTOR('',#3864,1000.);
#898=VECTOR('',#3869,1000.);
#899=VECTOR('',#3870,1000.);
#900=VECTOR('',#3871,1000.);
#901=VECTOR('',#3872,1000.);
#902=VECTOR('',#3873,1000.);
#903=VECTOR('',#3874,1000.);
#904=VECTOR('',#3875,1000.);
#905=VECTOR('',#3876,1000.);
#906=VECTOR('',#3877,1000.);
#907=VECTOR('',#3878,1000.);
#908=VECTOR('',#3879,1000.);
#909=VECTOR('',#3880,1000.);
#910=VECTOR('',#3881,1000.);
#911=VECTOR('',#3882,1000.);
#912=VECTOR('',#3883,1000.);
#913=VECTOR('',#3884,1000.);
#914=VECTOR('',#3885,1000.);
#915=VECTOR('',#3886,1000.);
#916=VECTOR('',#3887,1000.);
#917=VECTOR('',#3888,1000.);
#918=VECTOR('',#3889,1000.);
#919=VECTOR('',#3890,1000.);
#920=VECTOR('',#3897,999.999999999226);
#921=VECTOR('',#3898,1000.);
#922=VECTOR('',#3899,999.999999998915);
#923=VECTOR('',#3900,1000.);
#924=VECTOR('',#3903,999.999999998916);
#925=VECTOR('',#3904,1000.);
#926=VECTOR('',#3905,1000.);
#927=VECTOR('',#3908,999.999999998916);
#928=VECTOR('',#3909,1000.);
#929=VECTOR('',#3910,1000.);
#930=VECTOR('',#3913,999.999999998916);
#931=VECTOR('',#3914,1000.);
#932=VECTOR('',#3915,1000.);
#933=VECTOR('',#3918,999.999999998916);
#934=VECTOR('',#3919,1000.);
#935=VECTOR('',#3920,1000.);
#936=VECTOR('',#3923,999.999999998916);
#937=VECTOR('',#3924,1000.);
#938=VECTOR('',#3925,1000.);
#939=VECTOR('',#3928,999.999999999226);
#940=VECTOR('',#3929,1000.);
#941=VECTOR('',#3930,1000.);
#942=VECTOR('',#3933,999.999999998916);
#943=VECTOR('',#3934,1000.);
#944=VECTOR('',#3935,999.999999999225);
#945=VECTOR('',#3936,1000.);
#946=VECTOR('',#3939,999.999999998916);
#947=VECTOR('',#3940,1000.);
#948=VECTOR('',#3941,1000.);
#949=VECTOR('',#3944,999.999999999226);
#950=VECTOR('',#3945,1000.);
#951=VECTOR('',#3946,1000.);
#952=VECTOR('',#3949,1000.);
#953=VECTOR('',#3950,1000.);
#954=VECTOR('',#3951,1000.);
#955=VECTOR('',#3952,1000.);
#956=VECTOR('',#3955,1000.);
#957=VECTOR('',#3956,1000.);
#958=VECTOR('',#3957,1000.);
#959=VECTOR('',#3960,1000.);
#960=VECTOR('',#3961,1000.);
#961=VECTOR('',#3962,1000.);
#962=VECTOR('',#3965,1000.);
#963=VECTOR('',#3966,1000.);
#964=VECTOR('',#3967,1000.);
#965=VECTOR('',#3968,1000.);
#966=VECTOR('',#3971,1000.);
#967=VECTOR('',#3972,1000.);
#968=VECTOR('',#3973,1000.);
#969=VECTOR('',#3976,1000.);
#970=VECTOR('',#3977,1000.);
#971=VECTOR('',#3978,1000.);
#972=VECTOR('',#3981,1000.);
#973=VECTOR('',#3982,1000.);
#974=VECTOR('',#3983,1000.);
#975=VECTOR('',#3984,1000.);
#976=VECTOR('',#3987,1000.);
#977=VECTOR('',#3988,1000.);
#978=VECTOR('',#3989,1000.);
#979=VECTOR('',#3990,1000.);
#980=VECTOR('',#3993,1000.);
#981=VECTOR('',#3994,1000.);
#982=VECTOR('',#3995,1000.);
#983=VECTOR('',#3996,1000.);
#984=VECTOR('',#3999,1000.);
#985=VECTOR('',#4000,1000.);
#986=VECTOR('',#4001,1000.);
#987=VECTOR('',#4002,1000.);
#988=VECTOR('',#4007,1000.);
#989=VECTOR('',#4010,1000.);
#990=VECTOR('',#4013,1000.);
#991=VECTOR('',#4014,1000.);
#992=VECTOR('',#4015,1000.);
#993=VECTOR('',#4018,1000.);
#994=VECTOR('',#4021,1000.);
#995=VECTOR('',#4022,1000.);
#996=VECTOR('',#4023,1000.);
#997=VECTOR('',#4024,1000.);
#998=VECTOR('',#4027,1000.);
#999=VECTOR('',#4028,1000.);
#1000=VECTOR('',#4031,1000.);
#1001=VECTOR('',#4032,1000.);
#1002=VECTOR('',#4033,1000.);
#1003=VECTOR('',#4038,1000.);
#1004=VECTOR('',#4041,1000.);
#1005=VECTOR('',#4044,999.999999999226);
#1006=VECTOR('',#4045,1000.);
#1007=VECTOR('',#4046,999.999999999226);
#1008=VECTOR('',#4047,1000.);
#1009=VECTOR('',#4050,1000.);
#1010=VECTOR('',#4051,1000.);
#1011=VECTOR('',#4052,1000.);
#1012=VECTOR('',#4053,1000.);
#1013=VECTOR('',#4056,1000.);
#1014=VECTOR('',#4057,1000.);
#1015=VECTOR('',#4058,1000.);
#1016=VECTOR('',#4059,1000.);
#1017=VECTOR('',#4062,1000.);
#1018=VECTOR('',#4063,1000.);
#1019=VECTOR('',#4066,1000.);
#1020=VECTOR('',#4067,1000.);
#1021=VECTOR('',#4070,999.999999998769);
#1022=VECTOR('',#4071,1000.);
#1023=VECTOR('',#4072,999.999999998769);
#1024=VECTOR('',#4075,999.999999998769);
#1025=VECTOR('',#4076,999.999999998769);
#1026=VECTOR('',#4077,1000.);
#1027=VECTOR('',#4080,1000.);
#1028=VECTOR('',#4083,1000.);
#1029=VECTOR('',#4088,1000.);
#1030=VECTOR('',#4089,1000.);
#1031=VECTOR('',#4090,1000.);
#1032=VECTOR('',#4093,1000.);
#1033=VECTOR('',#4094,1000.);
#1034=VECTOR('',#4095,1000.);
#1035=VECTOR('',#4096,1000.);
#1036=VECTOR('',#4099,1000.);
#1037=VECTOR('',#4100,1000.);
#1038=VECTOR('',#4103,999.999999998769);
#1039=VECTOR('',#4104,1000.);
#1040=VECTOR('',#4105,999.999999998769);
#1041=VECTOR('',#4106,1000.);
#1042=VECTOR('',#4109,1000.);
#1043=VECTOR('',#4110,1000.);
#1044=VECTOR('',#4113,1000.);
#1045=VECTOR('',#4114,1000.);
#1046=VECTOR('',#4115,1000.);
#1047=VECTOR('',#4116,1000.);
#1048=VECTOR('',#4119,1000.);
#1049=VECTOR('',#4120,1000.);
#1050=VECTOR('',#4121,1000.);
#1051=VECTOR('',#4122,1000.);
#1052=VECTOR('',#4125,1000.);
#1053=VECTOR('',#4128,1000.);
#1054=VECTOR('',#4131,1000.);
#1055=VECTOR('',#4134,1000.);
#1056=VECTOR('',#4141,1000.);
#1057=VECTOR('',#4144,1000.);
#1058=VECTOR('',#4145,1000.);
#1059=VECTOR('',#4148,1000.);
#1060=VECTOR('',#4151,1000.);
#1061=VECTOR('',#4152,1000.);
#1062=VECTOR('',#4157,1000.);
#1063=VECTOR('',#4160,1000.);
#1064=VECTOR('',#4161,1000.);
#1065=VECTOR('',#4168,1000.);
#1066=VECTOR('',#4169,1000.);
#1067=VECTOR('',#4170,1000.);
#1068=VECTOR('',#4171,1000.);
#1069=VECTOR('',#4174,1000.);
#1070=VECTOR('',#4175,1000.);
#1071=VECTOR('',#4178,999.999999999226);
#1072=VECTOR('',#4179,1000.);
#1073=VECTOR('',#4180,999.999999999226);
#1074=VECTOR('',#4181,1000.);
#1075=VECTOR('',#4184,1000.);
#1076=VECTOR('',#4185,1000.);
#1077=VECTOR('',#4186,1000.);
#1078=VECTOR('',#4187,1000.);
#1079=VECTOR('',#4190,1000.);
#1080=VECTOR('',#4191,1000.);
#1081=VECTOR('',#4192,1000.);
#1082=VECTOR('',#4193,1000.);
#1083=VECTOR('',#4196,1000.);
#1084=VECTOR('',#4197,1000.);
#1085=VECTOR('',#4200,1000.);
#1086=VECTOR('',#4201,1000.);
#1087=VECTOR('',#4204,999.999999998769);
#1088=VECTOR('',#4205,1000.);
#1089=VECTOR('',#4206,999.999999998769);
#1090=VECTOR('',#4209,999.999999998769);
#1091=VECTOR('',#4210,999.999999998769);
#1092=VECTOR('',#4211,1000.);
#1093=VECTOR('',#4214,1000.);
#1094=VECTOR('',#4217,1000.);
#1095=VECTOR('',#4222,1000.);
#1096=VECTOR('',#4223,1000.);
#1097=VECTOR('',#4224,1000.);
#1098=VECTOR('',#4227,1000.);
#1099=VECTOR('',#4228,1000.);
#1100=VECTOR('',#4229,1000.);
#1101=VECTOR('',#4230,1000.);
#1102=VECTOR('',#4233,1000.);
#1103=VECTOR('',#4234,1000.);
#1104=VECTOR('',#4237,999.999999998769);
#1105=VECTOR('',#4238,1000.);
#1106=VECTOR('',#4239,999.999999998769);
#1107=VECTOR('',#4240,1000.);
#1108=VECTOR('',#4243,1000.);
#1109=VECTOR('',#4244,1000.);
#1110=VECTOR('',#4247,1000.);
#1111=VECTOR('',#4248,1000.);
#1112=VECTOR('',#4249,1000.);
#1113=VECTOR('',#4250,1000.);
#1114=VECTOR('',#4253,1000.);
#1115=VECTOR('',#4254,1000.);
#1116=VECTOR('',#4255,1000.);
#1117=VECTOR('',#4256,1000.);
#1118=VECTOR('',#4259,1000.);
#1119=VECTOR('',#4262,1000.);
#1120=VECTOR('',#4265,1000.);
#1121=VECTOR('',#4268,1000.);
#1122=VECTOR('',#4275,1000.);
#1123=VECTOR('',#4278,1000.);
#1124=VECTOR('',#4279,1000.);
#1125=VECTOR('',#4282,1000.);
#1126=VECTOR('',#4285,1000.);
#1127=VECTOR('',#4286,1000.);
#1128=VECTOR('',#4291,1000.);
#1129=VECTOR('',#4294,1000.);
#1130=VECTOR('',#4295,1000.);
#1131=VECTOR('',#4302,1000.);
#1132=VECTOR('',#4303,1000.);
#1133=VECTOR('',#4304,1000.);
#1134=VECTOR('',#4305,1000.);
#1135=VECTOR('',#4308,1000.);
#1136=VECTOR('',#4309,1000.);
#1137=VECTOR('',#4310,1000.);
#1138=VECTOR('',#4311,1000.);
#1139=VECTOR('',#4312,1000.);
#1140=VECTOR('',#4313,1000.);
#1141=VECTOR('',#4314,1000.);
#1142=VECTOR('',#4315,1000.);
#1143=VECTOR('',#4316,1000.);
#1144=VECTOR('',#4319,1000.);
#1145=VECTOR('',#4322,1000.);
#1146=VECTOR('',#4325,1000.);
#1147=VECTOR('',#4326,999.999999998791);
#1148=VECTOR('',#4327,1000.);
#1149=VECTOR('',#4330,1000.);
#1150=VECTOR('',#4331,1000.);
#1151=VECTOR('',#4332,1000.);
#1152=VECTOR('',#4335,1000.);
#1153=VECTOR('',#4336,1000.);
#1154=VECTOR('',#4337,1000.);
#1155=VECTOR('',#4338,1000.);
#1156=VECTOR('',#4339,1000.);
#1157=VECTOR('',#4342,1000.);
#1158=VECTOR('',#4343,1000.);
#1159=VECTOR('',#4344,1000.);
#1160=VECTOR('',#4345,1000.);
#1161=VECTOR('',#4346,1000.);
#1162=VECTOR('',#4349,1000.);
#1163=VECTOR('',#4350,1000.);
#1164=VECTOR('',#4351,1000.);
#1165=VECTOR('',#4352,1000.);
#1166=VECTOR('',#4355,1000.);
#1167=VECTOR('',#4356,1000.);
#1168=VECTOR('',#4357,1000.);
#1169=VECTOR('',#4360,1000.);
#1170=VECTOR('',#4361,1000.);
#1171=VECTOR('',#4364,1000.);
#1172=VECTOR('',#4365,1000.);
#1173=VECTOR('',#4368,1000.);
#1174=VECTOR('',#4369,1000.);
#1175=VECTOR('',#4370,1000.);
#1176=VECTOR('',#4373,1000.);
#1177=VECTOR('',#4374,1000.);
#1178=VECTOR('',#4377,1000.);
#1179=VECTOR('',#4378,1000.);
#1180=VECTOR('',#4381,1000.);
#1181=VECTOR('',#4382,1000.);
#1182=VECTOR('',#4383,1000.);
#1183=VECTOR('',#4386,1000.);
#1184=VECTOR('',#4387,1000.);
#1185=VECTOR('',#4390,1000.);
#1186=VECTOR('',#4391,1000.);
#1187=VECTOR('',#4394,1000.);
#1188=VECTOR('',#4395,1000.);
#1189=VECTOR('',#4396,1000.);
#1190=VECTOR('',#4399,1000.);
#1191=VECTOR('',#4402,1000.);
#1192=VECTOR('',#4403,1000.);
#1193=VECTOR('',#4404,1000.);
#1194=VECTOR('',#4405,1000.);
#1195=VECTOR('',#4406,1000.);
#1196=VECTOR('',#4407,1000.);
#1197=VECTOR('',#4408,1000.);
#1198=VECTOR('',#4409,1000.);
#1199=VECTOR('',#4410,1000.);
#1200=VECTOR('',#4411,1000.);
#1201=VECTOR('',#4414,1000.);
#1202=VECTOR('',#4415,1000.);
#1203=VECTOR('',#4416,1000.);
#1204=VECTOR('',#4419,1000.);
#1205=VECTOR('',#4420,1000.);
#1206=VECTOR('',#4423,1000.);
#1207=VECTOR('',#4424,1000.);
#1208=VECTOR('',#4425,1000.);
#1209=VECTOR('',#4428,1000.);
#1210=VECTOR('',#4429,1000.);
#1211=VECTOR('',#4432,1000.);
#1212=VECTOR('',#4433,1000.);
#1213=VECTOR('',#4434,1000.);
#1214=VECTOR('',#4435,1000.);
#1215=VECTOR('',#4436,1000.);
#1216=VECTOR('',#4437,1000.);
#1217=VECTOR('',#4440,1000.);
#1218=VECTOR('',#4441,1000.);
#1219=VECTOR('',#4442,1000.);
#1220=VECTOR('',#4443,1000.);
#1221=VECTOR('',#4446,1000.);
#1222=VECTOR('',#4447,1000.);
#1223=VECTOR('',#4448,1000.);
#1224=VECTOR('',#4449,1000.);
#1225=VECTOR('',#4450,1000.);
#1226=VECTOR('',#4451,1000.);
#1227=VECTOR('',#4452,1000.);
#1228=VECTOR('',#4453,1000.);
#1229=VECTOR('',#4454,1000.);
#1230=VECTOR('',#4455,1000.);
#1231=VECTOR('',#4458,1000.);
#1232=VECTOR('',#4459,1000.);
#1233=VECTOR('',#4460,1000.);
#1234=VECTOR('',#4463,1000.);
#1235=VECTOR('',#4464,1000.);
#1236=VECTOR('',#4467,1000.);
#1237=VECTOR('',#4468,1000.);
#1238=VECTOR('',#4469,1000.);
#1239=VECTOR('',#4472,1000.);
#1240=VECTOR('',#4473,1000.);
#1241=VECTOR('',#4474,999.999999998792);
#1242=VECTOR('',#4477,1000.);
#1243=VECTOR('',#4480,1000.);
#1244=VECTOR('',#4481,1000.);
#1245=VECTOR('',#4484,1000.);
#1246=VECTOR('',#4487,1000.);
#1247=VECTOR('',#4490,1000.);
#1248=VECTOR('',#4491,1000.);
#1249=VECTOR('',#4492,1000.);
#1250=VECTOR('',#4493,1000.);
#1251=VECTOR('',#4494,1000.);
#1252=VECTOR('',#4497,1000.);
#1253=VECTOR('',#4498,1000.);
#1254=VECTOR('',#4499,1000.);
#1255=VECTOR('',#4500,1000.);
#1256=VECTOR('',#4501,1000.);
#1257=VECTOR('',#4502,1000.);
#1258=VECTOR('',#4503,1000.);
#1259=VECTOR('',#4506,1000.);
#1260=VECTOR('',#4507,1000.);
#1261=VECTOR('',#4508,1000.);
#1262=VECTOR('',#4511,1000.);
#1263=VECTOR('',#4512,1000.);
#1264=VECTOR('',#4515,1000.);
#1265=VECTOR('',#4520,1000.);
#1266=VECTOR('',#4521,1000.);
#1267=VECTOR('',#4522,1000.);
#1268=VECTOR('',#4523,1000.);
#1269=VECTOR('',#4526,1000.);
#1270=VECTOR('',#4531,1000.);
#1271=VECTOR('',#4532,999.999999998792);
#1272=VECTOR('',#4533,1000.);
#1273=VECTOR('',#4534,999.999999998792);
#1274=VECTOR('',#4537,1000.);
#1275=VECTOR('',#4538,1000.);
#1276=VECTOR('',#4541,1000.);
#1277=VECTOR('',#4544,1000.);
#1278=VECTOR('',#4545,1000.);
#1279=VECTOR('',#4548,1000.);
#1280=VECTOR('',#4551,1000.);
#1281=VECTOR('',#4556,1000.);
#1282=VECTOR('',#4557,1000.);
#1283=VECTOR('',#4562,1000.);
#1284=VECTOR('',#4565,1000.);
#1285=VECTOR('',#4568,1000.);
#1286=VECTOR('',#4571,1000.);
#1287=VECTOR('',#4576,1000.);
#1288=VECTOR('',#4577,1000.);
#1289=VECTOR('',#4578,1000.);
#1290=VECTOR('',#4585,1000.);
#1291=VECTOR('',#4594,1000.);
#1292=VECTOR('',#4601,1000.);
#1293=VECTOR('',#4604,1000.);
#1294=VECTOR('',#4607,1000.);
#1295=VECTOR('',#4610,1000.);
#1296=VECTOR('',#4613,1000.);
#1297=VECTOR('',#4616,1000.);
#1298=VECTOR('',#4619,1000.);
#1299=VECTOR('',#4622,1000.);
#1300=VECTOR('',#4625,1000.);
#1301=VECTOR('',#4628,1000.);
#1302=VERTEX_POINT('',#4633);
#1303=VERTEX_POINT('',#4634);
#1304=VERTEX_POINT('',#4636);
#1305=VERTEX_POINT('',#4638);
#1306=VERTEX_POINT('',#4642);
#1307=VERTEX_POINT('',#4644);
#1308=VERTEX_POINT('',#4648);
#1309=VERTEX_POINT('',#4649);
#1310=VERTEX_POINT('',#4651);
#1311=VERTEX_POINT('',#4653);
#1312=VERTEX_POINT('',#4657);
#1313=VERTEX_POINT('',#4659);
#1314=VERTEX_POINT('',#4663);
#1315=VERTEX_POINT('',#4664);
#1316=VERTEX_POINT('',#4666);
#1317=VERTEX_POINT('',#4668);
#1318=VERTEX_POINT('',#4672);
#1319=VERTEX_POINT('',#4674);
#1320=VERTEX_POINT('',#4676);
#1321=VERTEX_POINT('',#4680);
#1322=VERTEX_POINT('',#4681);
#1323=VERTEX_POINT('',#4683);
#1324=VERTEX_POINT('',#4685);
#1325=VERTEX_POINT('',#4687);
#1326=VERTEX_POINT('',#4691);
#1327=VERTEX_POINT('',#4693);
#1328=VERTEX_POINT('',#4702);
#1329=VERTEX_POINT('',#4703);
#1330=VERTEX_POINT('',#4705);
#1331=VERTEX_POINT('',#4707);
#1332=VERTEX_POINT('',#4711);
#1333=VERTEX_POINT('',#4712);
#1334=VERTEX_POINT('',#4715);
#1335=VERTEX_POINT('',#4719);
#1336=VERTEX_POINT('',#4720);
#1337=VERTEX_POINT('',#4722);
#1338=VERTEX_POINT('',#4724);
#1339=VERTEX_POINT('',#4726);
#1340=VERTEX_POINT('',#4730);
#1341=VERTEX_POINT('',#4732);
#1342=VERTEX_POINT('',#4739);
#1343=VERTEX_POINT('',#4740);
#1344=VERTEX_POINT('',#4743);
#1345=VERTEX_POINT('',#4745);
#1346=VERTEX_POINT('',#4747);
#1347=VERTEX_POINT('',#4749);
#1348=VERTEX_POINT('',#4751);
#1349=VERTEX_POINT('',#4753);
#1350=VERTEX_POINT('',#4755);
#1351=VERTEX_POINT('',#4757);
#1352=VERTEX_POINT('',#4759);
#1353=VERTEX_POINT('',#4761);
#1354=VERTEX_POINT('',#4763);
#1355=VERTEX_POINT('',#4765);
#1356=VERTEX_POINT('',#4767);
#1357=VERTEX_POINT('',#4769);
#1358=VERTEX_POINT('',#4771);
#1359=VERTEX_POINT('',#4773);
#1360=VERTEX_POINT('',#4775);
#1361=VERTEX_POINT('',#4777);
#1362=VERTEX_POINT('',#4784);
#1363=VERTEX_POINT('',#4785);
#1364=VERTEX_POINT('',#4787);
#1365=VERTEX_POINT('',#4789);
#1366=VERTEX_POINT('',#4793);
#1367=VERTEX_POINT('',#4794);
#1368=VERTEX_POINT('',#4799);
#1369=VERTEX_POINT('',#4800);
#1370=VERTEX_POINT('',#4805);
#1371=VERTEX_POINT('',#4806);
#1372=VERTEX_POINT('',#4811);
#1373=VERTEX_POINT('',#4812);
#1374=VERTEX_POINT('',#4817);
#1375=VERTEX_POINT('',#4818);
#1376=VERTEX_POINT('',#4823);
#1377=VERTEX_POINT('',#4824);
#1378=VERTEX_POINT('',#4829);
#1379=VERTEX_POINT('',#4830);
#1380=VERTEX_POINT('',#4832);
#1381=VERTEX_POINT('',#4834);
#1382=VERTEX_POINT('',#4838);
#1383=VERTEX_POINT('',#4839);
#1384=VERTEX_POINT('',#4844);
#1385=VERTEX_POINT('',#4845);
#1386=VERTEX_POINT('',#4850);
#1387=VERTEX_POINT('',#4851);
#1388=VERTEX_POINT('',#4853);
#1389=VERTEX_POINT('',#4855);
#1390=VERTEX_POINT('',#4859);
#1391=VERTEX_POINT('',#4861);
#1392=VERTEX_POINT('',#4865);
#1393=VERTEX_POINT('',#4867);
#1394=VERTEX_POINT('',#4871);
#1395=VERTEX_POINT('',#4872);
#1396=VERTEX_POINT('',#4874);
#1397=VERTEX_POINT('',#4876);
#1398=VERTEX_POINT('',#4880);
#1399=VERTEX_POINT('',#4882);
#1400=VERTEX_POINT('',#4886);
#1401=VERTEX_POINT('',#4888);
#1402=VERTEX_POINT('',#4892);
#1403=VERTEX_POINT('',#4893);
#1404=VERTEX_POINT('',#4895);
#1405=VERTEX_POINT('',#4897);
#1406=VERTEX_POINT('',#4901);
#1407=VERTEX_POINT('',#4902);
#1408=VERTEX_POINT('',#4904);
#1409=VERTEX_POINT('',#4906);
#1410=VERTEX_POINT('',#4910);
#1411=VERTEX_POINT('',#4911);
#1412=VERTEX_POINT('',#4913);
#1413=VERTEX_POINT('',#4915);
#1414=VERTEX_POINT('',#4919);
#1415=VERTEX_POINT('',#4920);
#1416=VERTEX_POINT('',#4922);
#1417=VERTEX_POINT('',#4924);
#1418=VERTEX_POINT('',#4928);
#1419=VERTEX_POINT('',#4929);
#1420=VERTEX_POINT('',#4931);
#1421=VERTEX_POINT('',#4933);
#1422=VERTEX_POINT('',#4937);
#1423=VERTEX_POINT('',#4938);
#1424=VERTEX_POINT('',#4943);
#1425=VERTEX_POINT('',#4945);
#1426=VERTEX_POINT('',#4947);
#1427=VERTEX_POINT('',#4949);
#1428=VERTEX_POINT('',#4951);
#1429=VERTEX_POINT('',#4955);
#1430=VERTEX_POINT('',#4959);
#1431=VERTEX_POINT('',#4961);
#1432=VERTEX_POINT('',#4965);
#1433=VERTEX_POINT('',#4971);
#1434=VERTEX_POINT('',#4972);
#1435=VERTEX_POINT('',#4974);
#1436=VERTEX_POINT('',#4976);
#1437=VERTEX_POINT('',#4980);
#1438=VERTEX_POINT('',#4981);
#1439=VERTEX_POINT('',#4983);
#1440=VERTEX_POINT('',#4985);
#1441=VERTEX_POINT('',#4989);
#1442=VERTEX_POINT('',#4990);
#1443=VERTEX_POINT('',#4992);
#1444=VERTEX_POINT('',#4994);
#1445=VERTEX_POINT('',#5004);
#1446=VERTEX_POINT('',#5006);
#1447=VERTEX_POINT('',#5010);
#1448=VERTEX_POINT('',#5012);
#1449=VERTEX_POINT('',#5021);
#1450=VERTEX_POINT('',#5023);
#1451=VERTEX_POINT('',#5027);
#1452=VERTEX_POINT('',#5029);
#1453=VERTEX_POINT('',#5031);
#1454=VERTEX_POINT('',#5035);
#1455=VERTEX_POINT('',#5039);
#1456=VERTEX_POINT('',#5040);
#1457=VERTEX_POINT('',#5042);
#1458=VERTEX_POINT('',#5044);
#1459=VERTEX_POINT('',#5051);
#1460=VERTEX_POINT('',#5052);
#1461=VERTEX_POINT('',#5054);
#1462=VERTEX_POINT('',#5056);
#1463=VERTEX_POINT('',#5060);
#1464=VERTEX_POINT('',#5061);
#1465=VERTEX_POINT('',#5063);
#1466=VERTEX_POINT('',#5065);
#1467=VERTEX_POINT('',#5069);
#1468=VERTEX_POINT('',#5071);
#1469=VERTEX_POINT('',#5073);
#1470=VERTEX_POINT('',#5077);
#1471=VERTEX_POINT('',#5079);
#1472=VERTEX_POINT('',#5083);
#1473=VERTEX_POINT('',#5087);
#1474=VERTEX_POINT('',#5093);
#1475=VERTEX_POINT('',#5097);
#1476=VERTEX_POINT('',#5101);
#1477=VERTEX_POINT('',#5107);
#1478=VERTEX_POINT('',#5108);
#1479=VERTEX_POINT('',#5110);
#1480=VERTEX_POINT('',#5112);
#1481=VERTEX_POINT('',#5119);
#1482=VERTEX_POINT('',#5120);
#1483=VERTEX_POINT('',#5122);
#1484=VERTEX_POINT('',#5124);
#1485=VERTEX_POINT('',#5128);
#1486=VERTEX_POINT('',#5129);
#1487=VERTEX_POINT('',#5131);
#1488=VERTEX_POINT('',#5133);
#1489=VERTEX_POINT('',#5137);
#1490=VERTEX_POINT('',#5138);
#1491=VERTEX_POINT('',#5140);
#1492=VERTEX_POINT('',#5142);
#1493=VERTEX_POINT('',#5152);
#1494=VERTEX_POINT('',#5154);
#1495=VERTEX_POINT('',#5158);
#1496=VERTEX_POINT('',#5160);
#1497=VERTEX_POINT('',#5169);
#1498=VERTEX_POINT('',#5171);
#1499=VERTEX_POINT('',#5175);
#1500=VERTEX_POINT('',#5177);
#1501=VERTEX_POINT('',#5179);
#1502=VERTEX_POINT('',#5183);
#1503=VERTEX_POINT('',#5187);
#1504=VERTEX_POINT('',#5188);
#1505=VERTEX_POINT('',#5190);
#1506=VERTEX_POINT('',#5192);
#1507=VERTEX_POINT('',#5199);
#1508=VERTEX_POINT('',#5200);
#1509=VERTEX_POINT('',#5202);
#1510=VERTEX_POINT('',#5204);
#1511=VERTEX_POINT('',#5208);
#1512=VERTEX_POINT('',#5209);
#1513=VERTEX_POINT('',#5211);
#1514=VERTEX_POINT('',#5213);
#1515=VERTEX_POINT('',#5217);
#1516=VERTEX_POINT('',#5219);
#1517=VERTEX_POINT('',#5221);
#1518=VERTEX_POINT('',#5225);
#1519=VERTEX_POINT('',#5227);
#1520=VERTEX_POINT('',#5231);
#1521=VERTEX_POINT('',#5235);
#1522=VERTEX_POINT('',#5241);
#1523=VERTEX_POINT('',#5245);
#1524=VERTEX_POINT('',#5249);
#1525=VERTEX_POINT('',#5255);
#1526=VERTEX_POINT('',#5256);
#1527=VERTEX_POINT('',#5258);
#1528=VERTEX_POINT('',#5260);
#1529=VERTEX_POINT('',#5278);
#1530=VERTEX_POINT('',#5280);
#1531=VERTEX_POINT('',#5284);
#1532=VERTEX_POINT('',#5286);
#1533=VERTEX_POINT('',#5290);
#1534=VERTEX_POINT('',#5292);
#1535=VERTEX_POINT('',#5295);
#1536=VERTEX_POINT('',#5299);
#1537=VERTEX_POINT('',#5301);
#1538=VERTEX_POINT('',#5304);
#1539=VERTEX_POINT('',#5308);
#1540=VERTEX_POINT('',#5309);
#1541=VERTEX_POINT('',#5311);
#1542=VERTEX_POINT('',#5313);
#1543=VERTEX_POINT('',#5317);
#1544=VERTEX_POINT('',#5318);
#1545=VERTEX_POINT('',#5323);
#1546=VERTEX_POINT('',#5327);
#1547=VERTEX_POINT('',#5331);
#1548=VERTEX_POINT('',#5332);
#1549=VERTEX_POINT('',#5337);
#1550=VERTEX_POINT('',#5341);
#1551=VERTEX_POINT('',#5345);
#1552=VERTEX_POINT('',#5346);
#1553=VERTEX_POINT('',#5351);
#1554=VERTEX_POINT('',#5355);
#1555=VERTEX_POINT('',#5359);
#1556=VERTEX_POINT('',#5361);
#1557=VERTEX_POINT('',#5367);
#1558=VERTEX_POINT('',#5368);
#1559=VERTEX_POINT('',#5370);
#1560=VERTEX_POINT('',#5372);
#1561=VERTEX_POINT('',#5374);
#1562=VERTEX_POINT('',#5376);
#1563=VERTEX_POINT('',#5378);
#1564=VERTEX_POINT('',#5380);
#1565=VERTEX_POINT('',#5382);
#1566=VERTEX_POINT('',#5384);
#1567=VERTEX_POINT('',#5388);
#1568=VERTEX_POINT('',#5390);
#1569=VERTEX_POINT('',#5394);
#1570=VERTEX_POINT('',#5398);
#1571=VERTEX_POINT('',#5399);
#1572=VERTEX_POINT('',#5404);
#1573=VERTEX_POINT('',#5408);
#1574=VERTEX_POINT('',#5409);
#1575=VERTEX_POINT('',#5411);
#1576=VERTEX_POINT('',#5413);
#1577=VERTEX_POINT('',#5415);
#1578=VERTEX_POINT('',#5417);
#1579=VERTEX_POINT('',#5421);
#1580=VERTEX_POINT('',#5424);
#1581=VERTEX_POINT('',#5428);
#1582=VERTEX_POINT('',#5429);
#1583=VERTEX_POINT('',#5431);
#1584=VERTEX_POINT('',#5433);
#1585=VERTEX_POINT('',#5435);
#1586=VERTEX_POINT('',#5437);
#1587=VERTEX_POINT('',#5439);
#1588=VERTEX_POINT('',#5441);
#1589=VERTEX_POINT('',#5443);
#1590=VERTEX_POINT('',#5445);
#1591=VERTEX_POINT('',#5449);
#1592=VERTEX_POINT('',#5451);
#1593=VERTEX_POINT('',#5455);
#1594=VERTEX_POINT('',#5459);
#1595=VERTEX_POINT('',#5460);
#1596=VERTEX_POINT('',#5465);
#1597=VERTEX_POINT('',#5467);
#1598=VERTEX_POINT('',#5473);
#1599=VERTEX_POINT('',#5481);
#1600=VERTEX_POINT('',#5484);
#1601=VERTEX_POINT('',#5486);
#1602=VERTEX_POINT('',#5491);
#1603=VERTEX_POINT('',#5496);
#1604=VERTEX_POINT('',#5500);
#1605=VERTEX_POINT('',#5511);
#1606=VERTEX_POINT('',#5520);
#1607=VERTEX_POINT('',#5521);
#1608=VERTEX_POINT('',#5523);
#1609=VERTEX_POINT('',#5525);
#1610=EDGE_CURVE('',#1302,#1303,#422,.T.);
#1611=EDGE_CURVE('',#1304,#1302,#423,.T.);
#1612=EDGE_CURVE('',#1305,#1304,#424,.T.);
#1613=EDGE_CURVE('',#1303,#1305,#425,.T.);
#1614=EDGE_CURVE('',#1306,#1304,#426,.T.);
#1615=EDGE_CURVE('',#1307,#1302,#427,.T.);
#1616=EDGE_CURVE('',#1306,#1307,#428,.T.);
#1617=EDGE_CURVE('',#1308,#1309,#429,.T.);
#1618=EDGE_CURVE('',#1309,#1310,#430,.T.);
#1619=EDGE_CURVE('',#1311,#1310,#431,.T.);
#1620=EDGE_CURVE('',#1308,#1311,#432,.T.);
#1621=EDGE_CURVE('',#1310,#1312,#433,.T.);
#1622=EDGE_CURVE('',#1313,#1309,#434,.T.);
#1623=EDGE_CURVE('',#1312,#1313,#435,.T.);
#1624=EDGE_CURVE('',#1314,#1315,#436,.T.);
#1625=EDGE_CURVE('',#1316,#1314,#437,.T.);
#1626=EDGE_CURVE('',#1316,#1317,#438,.T.);
#1627=EDGE_CURVE('',#1317,#1315,#439,.T.);
#1628=EDGE_CURVE('',#1315,#1318,#18,.T.);
#1629=EDGE_CURVE('',#1317,#1319,#19,.T.);
#1630=EDGE_CURVE('',#1319,#1320,#440,.T.);
#1631=EDGE_CURVE('',#1318,#1320,#20,.T.);
#1632=EDGE_CURVE('',#1321,#1322,#21,.T.);
#1633=EDGE_CURVE('',#1323,#1321,#441,.T.);
#1634=EDGE_CURVE('',#1323,#1324,#22,.T.);
#1635=EDGE_CURVE('',#1324,#1325,#442,.T.);
#1636=EDGE_CURVE('',#1322,#1325,#23,.T.);
#1637=EDGE_CURVE('',#1325,#1326,#443,.T.);
#1638=EDGE_CURVE('',#1324,#1327,#444,.T.);
#1639=EDGE_CURVE('',#1327,#1326,#445,.T.);
#1640=EDGE_CURVE('',#1326,#1314,#24,.T.);
#1641=EDGE_CURVE('',#1327,#1316,#25,.T.);
#1642=EDGE_CURVE('',#1318,#1322,#446,.T.);
#1643=EDGE_CURVE('',#1328,#1329,#447,.T.);
#1644=EDGE_CURVE('',#1330,#1329,#448,.T.);
#1645=EDGE_CURVE('',#1331,#1330,#449,.T.);
#1646=EDGE_CURVE('',#1331,#1328,#450,.T.);
#1647=EDGE_CURVE('',#1332,#1333,#26,.T.);
#1648=EDGE_CURVE('',#1333,#1328,#27,.T.);
#1649=EDGE_CURVE('',#1334,#1331,#28,.T.);
#1650=EDGE_CURVE('',#1334,#1332,#451,.T.);
#1651=EDGE_CURVE('',#1335,#1336,#29,.T.);
#1652=EDGE_CURVE('',#1336,#1337,#30,.T.);
#1653=EDGE_CURVE('',#1338,#1337,#452,.T.);
#1654=EDGE_CURVE('',#1339,#1338,#31,.T.);
#1655=EDGE_CURVE('',#1339,#1335,#453,.T.);
#1656=EDGE_CURVE('',#1340,#1335,#454,.T.);
#1657=EDGE_CURVE('',#1341,#1339,#455,.T.);
#1658=EDGE_CURVE('',#1341,#1340,#456,.T.);
#1659=EDGE_CURVE('',#1333,#1336,#457,.T.);
#1660=EDGE_CURVE('',#1329,#1340,#32,.T.);
#1661=EDGE_CURVE('',#1342,#1343,#458,.T.);
#1662=EDGE_CURVE('',#1342,#1336,#459,.T.);
#1663=EDGE_CURVE('',#1333,#1344,#460,.T.);
#1664=EDGE_CURVE('',#1344,#1345,#461,.T.);
#1665=EDGE_CURVE('',#1346,#1345,#462,.T.);
#1666=EDGE_CURVE('',#1347,#1346,#463,.T.);
#1667=EDGE_CURVE('',#1348,#1347,#464,.T.);
#1668=EDGE_CURVE('',#1349,#1348,#465,.T.);
#1669=EDGE_CURVE('',#1350,#1349,#466,.T.);
#1670=EDGE_CURVE('',#1351,#1350,#467,.T.);
#1671=EDGE_CURVE('',#1352,#1351,#468,.T.);
#1672=EDGE_CURVE('',#1353,#1352,#469,.T.);
#1673=EDGE_CURVE('',#1354,#1353,#470,.T.);
#1674=EDGE_CURVE('',#1355,#1354,#471,.T.);
#1675=EDGE_CURVE('',#1356,#1355,#472,.T.);
#1676=EDGE_CURVE('',#1357,#1356,#473,.T.);
#1677=EDGE_CURVE('',#1357,#1358,#474,.T.);
#1678=EDGE_CURVE('',#1359,#1358,#475,.T.);
#1679=EDGE_CURVE('',#1360,#1359,#476,.T.);
#1680=EDGE_CURVE('',#1361,#1360,#477,.T.);
#1681=EDGE_CURVE('',#1322,#1361,#478,.T.);
#1682=EDGE_CURVE('',#1343,#1318,#479,.T.);
#1683=EDGE_CURVE('',#1330,#1341,#33,.T.);
#1684=EDGE_CURVE('',#1362,#1363,#480,.T.);
#1685=EDGE_CURVE('',#1364,#1362,#481,.T.);
#1686=EDGE_CURVE('',#1364,#1365,#482,.T.);
#1687=EDGE_CURVE('',#1363,#1365,#483,.T.);
#1688=EDGE_CURVE('',#1366,#1367,#484,.T.);
#1689=EDGE_CURVE('',#1365,#1367,#485,.T.);
#1690=EDGE_CURVE('',#1366,#1364,#486,.T.);
#1691=EDGE_CURVE('',#1368,#1369,#487,.T.);
#1692=EDGE_CURVE('',#1367,#1369,#488,.T.);
#1693=EDGE_CURVE('',#1368,#1366,#489,.T.);
#1694=EDGE_CURVE('',#1370,#1371,#490,.T.);
#1695=EDGE_CURVE('',#1369,#1371,#491,.T.);
#1696=EDGE_CURVE('',#1370,#1368,#492,.T.);
#1697=EDGE_CURVE('',#1372,#1373,#493,.T.);
#1698=EDGE_CURVE('',#1371,#1373,#494,.T.);
#1699=EDGE_CURVE('',#1372,#1370,#495,.T.);
#1700=EDGE_CURVE('',#1374,#1375,#496,.T.);
#1701=EDGE_CURVE('',#1373,#1375,#497,.T.);
#1702=EDGE_CURVE('',#1374,#1372,#498,.T.);
#1703=EDGE_CURVE('',#1376,#1377,#499,.T.);
#1704=EDGE_CURVE('',#1375,#1376,#500,.T.);
#1705=EDGE_CURVE('',#1377,#1374,#501,.T.);
#1706=EDGE_CURVE('',#1378,#1379,#502,.T.);
#1707=EDGE_CURVE('',#1380,#1379,#503,.T.);
#1708=EDGE_CURVE('',#1381,#1380,#504,.T.);
#1709=EDGE_CURVE('',#1378,#1381,#505,.T.);
#1710=EDGE_CURVE('',#1382,#1383,#506,.T.);
#1711=EDGE_CURVE('',#1379,#1383,#507,.T.);
#1712=EDGE_CURVE('',#1382,#1378,#508,.T.);
#1713=EDGE_CURVE('',#1384,#1385,#509,.T.);
#1714=EDGE_CURVE('',#1383,#1384,#510,.T.);
#1715=EDGE_CURVE('',#1385,#1382,#511,.T.);
#1716=EDGE_CURVE('',#1386,#1387,#512,.T.);
#1717=EDGE_CURVE('',#1388,#1387,#513,.T.);
#1718=EDGE_CURVE('',#1389,#1388,#514,.T.);
#1719=EDGE_CURVE('',#1389,#1386,#515,.T.);
#1720=EDGE_CURVE('',#1390,#1387,#516,.T.);
#1721=EDGE_CURVE('',#1391,#1390,#517,.T.);
#1722=EDGE_CURVE('',#1391,#1388,#518,.T.);
#1723=EDGE_CURVE('',#1392,#1390,#519,.T.);
#1724=EDGE_CURVE('',#1393,#1392,#520,.T.);
#1725=EDGE_CURVE('',#1393,#1391,#521,.T.);
#1726=EDGE_CURVE('',#1394,#1395,#522,.T.);
#1727=EDGE_CURVE('',#1396,#1394,#523,.T.);
#1728=EDGE_CURVE('',#1396,#1397,#524,.T.);
#1729=EDGE_CURVE('',#1397,#1395,#525,.T.);
#1730=EDGE_CURVE('',#1394,#1398,#526,.T.);
#1731=EDGE_CURVE('',#1399,#1398,#527,.T.);
#1732=EDGE_CURVE('',#1396,#1399,#528,.T.);
#1733=EDGE_CURVE('',#1395,#1400,#529,.T.);
#1734=EDGE_CURVE('',#1397,#1401,#530,.T.);
#1735=EDGE_CURVE('',#1401,#1400,#531,.T.);
#1736=EDGE_CURVE('',#1402,#1403,#532,.T.);
#1737=EDGE_CURVE('',#1404,#1403,#533,.T.);
#1738=EDGE_CURVE('',#1405,#1404,#534,.T.);
#1739=EDGE_CURVE('',#1405,#1402,#535,.T.);
#1740=EDGE_CURVE('',#1406,#1407,#536,.T.);
#1741=EDGE_CURVE('',#1408,#1406,#537,.T.);
#1742=EDGE_CURVE('',#1408,#1409,#538,.T.);
#1743=EDGE_CURVE('',#1409,#1407,#539,.T.);
#1744=EDGE_CURVE('',#1410,#1411,#540,.T.);
#1745=EDGE_CURVE('',#1411,#1412,#541,.T.);
#1746=EDGE_CURVE('',#1412,#1413,#542,.T.);
#1747=EDGE_CURVE('',#1413,#1410,#543,.T.);
#1748=EDGE_CURVE('',#1414,#1415,#544,.T.);
#1749=EDGE_CURVE('',#1415,#1416,#545,.T.);
#1750=EDGE_CURVE('',#1416,#1417,#546,.T.);
#1751=EDGE_CURVE('',#1417,#1414,#547,.T.);
#1752=EDGE_CURVE('',#1418,#1419,#34,.T.);
#1753=EDGE_CURVE('',#1420,#1418,#548,.T.);
#1754=EDGE_CURVE('',#1420,#1421,#35,.T.);
#1755=EDGE_CURVE('',#1421,#1419,#549,.T.);
#1756=EDGE_CURVE('',#1422,#1423,#550,.T.);
#1757=EDGE_CURVE('',#1419,#1422,#551,.T.);
#1758=EDGE_CURVE('',#1421,#1423,#552,.T.);
#1759=EDGE_CURVE('',#1338,#1424,#553,.T.);
#1760=EDGE_CURVE('',#1424,#1425,#36,.T.);
#1761=EDGE_CURVE('',#1425,#1426,#554,.T.);
#1762=EDGE_CURVE('',#1426,#1427,#555,.T.);
#1763=EDGE_CURVE('',#1427,#1428,#556,.T.);
#1764=EDGE_CURVE('',#1428,#1334,#557,.T.);
#1765=EDGE_CURVE('',#1429,#1428,#558,.T.);
#1766=EDGE_CURVE('',#1429,#1332,#559,.T.);
#1767=EDGE_CURVE('',#1426,#1430,#560,.T.);
#1768=EDGE_CURVE('',#1425,#1431,#561,.T.);
#1769=EDGE_CURVE('',#1431,#1430,#562,.T.);
#1770=EDGE_CURVE('',#1432,#1431,#37,.T.);
#1771=EDGE_CURVE('',#1424,#1432,#563,.T.);
#1772=EDGE_CURVE('',#1337,#1432,#564,.T.);
#1773=EDGE_CURVE('',#1433,#1434,#565,.T.);
#1774=EDGE_CURVE('',#1433,#1435,#566,.T.);
#1775=EDGE_CURVE('',#1436,#1435,#567,.T.);
#1776=EDGE_CURVE('',#1434,#1436,#568,.T.);
#1777=EDGE_CURVE('',#1437,#1438,#569,.T.);
#1778=EDGE_CURVE('',#1438,#1439,#570,.T.);
#1779=EDGE_CURVE('',#1440,#1439,#571,.T.);
#1780=EDGE_CURVE('',#1440,#1437,#572,.T.);
#1781=EDGE_CURVE('',#1441,#1442,#573,.T.);
#1782=EDGE_CURVE('',#1443,#1441,#574,.T.);
#1783=EDGE_CURVE('',#1443,#1444,#575,.T.);
#1784=EDGE_CURVE('',#1444,#1442,#576,.T.);
#1785=EDGE_CURVE('',#1441,#1438,#577,.T.);
#1786=EDGE_CURVE('',#1437,#1443,#578,.T.);
#1787=EDGE_CURVE('',#1442,#1439,#579,.T.);
#1788=EDGE_CURVE('',#1444,#1440,#580,.T.);
#1789=EDGE_CURVE('',#1444,#1445,#581,.T.);
#1790=EDGE_CURVE('',#1446,#1445,#582,.T.);
#1791=EDGE_CURVE('',#1440,#1446,#583,.T.);
#1792=EDGE_CURVE('',#1447,#1443,#584,.T.);
#1793=EDGE_CURVE('',#1448,#1437,#585,.T.);
#1794=EDGE_CURVE('',#1447,#1448,#586,.T.);
#1795=EDGE_CURVE('',#1445,#1447,#587,.T.);
#1796=EDGE_CURVE('',#1448,#1446,#588,.T.);
#1797=EDGE_CURVE('',#1449,#1433,#589,.T.);
#1798=EDGE_CURVE('',#1450,#1434,#590,.T.);
#1799=EDGE_CURVE('',#1450,#1449,#591,.T.);
#1800=EDGE_CURVE('',#1436,#1451,#592,.T.);
#1801=EDGE_CURVE('',#1451,#1452,#593,.T.);
#1802=EDGE_CURVE('',#1452,#1453,#594,.T.);
#1803=EDGE_CURVE('',#1453,#1450,#595,.T.);
#1804=EDGE_CURVE('',#1435,#1454,#596,.T.);
#1805=EDGE_CURVE('',#1454,#1451,#597,.T.);
#1806=EDGE_CURVE('',#1455,#1456,#598,.T.);
#1807=EDGE_CURVE('',#1457,#1456,#599,.T.);
#1808=EDGE_CURVE('',#1457,#1458,#600,.T.);
#1809=EDGE_CURVE('',#1455,#1458,#601,.T.);
#1810=EDGE_CURVE('',#1458,#1303,#602,.T.);
#1811=EDGE_CURVE('',#1302,#1457,#603,.T.);
#1812=EDGE_CURVE('',#1459,#1460,#604,.T.);
#1813=EDGE_CURVE('',#1459,#1461,#605,.T.);
#1814=EDGE_CURVE('',#1461,#1462,#606,.T.);
#1815=EDGE_CURVE('',#1460,#1462,#607,.T.);
#1816=EDGE_CURVE('',#1463,#1464,#608,.T.);
#1817=EDGE_CURVE('',#1463,#1465,#609,.T.);
#1818=EDGE_CURVE('',#1465,#1466,#610,.T.);
#1819=EDGE_CURVE('',#1464,#1466,#611,.T.);
#1820=EDGE_CURVE('',#1467,#1457,#612,.T.);
#1821=EDGE_CURVE('',#1468,#1467,#38,.T.);
#1822=EDGE_CURVE('',#1469,#1468,#613,.T.);
#1823=EDGE_CURVE('',#1466,#1469,#39,.T.);
#1824=EDGE_CURVE('',#1465,#1460,#614,.T.);
#1825=EDGE_CURVE('',#1462,#1470,#40,.T.);
#1826=EDGE_CURVE('',#1470,#1471,#615,.T.);
#1827=EDGE_CURVE('',#1471,#1307,#41,.T.);
#1828=EDGE_CURVE('',#1461,#1472,#42,.T.);
#1829=EDGE_CURVE('',#1472,#1470,#616,.T.);
#1830=EDGE_CURVE('',#1472,#1473,#617,.T.);
#1831=EDGE_CURVE('',#1473,#1471,#618,.T.);
#1832=EDGE_CURVE('',#1305,#1455,#619,.T.);
#1833=EDGE_CURVE('',#1474,#1456,#620,.T.);
#1834=EDGE_CURVE('',#1474,#1467,#621,.T.);
#1835=EDGE_CURVE('',#1475,#1474,#43,.T.);
#1836=EDGE_CURVE('',#1475,#1468,#622,.T.);
#1837=EDGE_CURVE('',#1476,#1475,#623,.T.);
#1838=EDGE_CURVE('',#1476,#1469,#624,.T.);
#1839=EDGE_CURVE('',#1464,#1476,#44,.T.);
#1840=EDGE_CURVE('',#1477,#1478,#625,.T.);
#1841=EDGE_CURVE('',#1478,#1479,#626,.T.);
#1842=EDGE_CURVE('',#1479,#1480,#627,.T.);
#1843=EDGE_CURVE('',#1480,#1477,#628,.T.);
#1844=EDGE_CURVE('',#1402,#1353,#629,.T.);
#1845=EDGE_CURVE('',#1405,#1354,#630,.T.);
#1846=EDGE_CURVE('',#1481,#1482,#631,.T.);
#1847=EDGE_CURVE('',#1481,#1483,#632,.T.);
#1848=EDGE_CURVE('',#1484,#1483,#633,.T.);
#1849=EDGE_CURVE('',#1482,#1484,#634,.T.);
#1850=EDGE_CURVE('',#1485,#1486,#635,.T.);
#1851=EDGE_CURVE('',#1486,#1487,#636,.T.);
#1852=EDGE_CURVE('',#1488,#1487,#637,.T.);
#1853=EDGE_CURVE('',#1488,#1485,#638,.T.);
#1854=EDGE_CURVE('',#1489,#1490,#639,.T.);
#1855=EDGE_CURVE('',#1491,#1489,#640,.T.);
#1856=EDGE_CURVE('',#1491,#1492,#641,.T.);
#1857=EDGE_CURVE('',#1492,#1490,#642,.T.);
#1858=EDGE_CURVE('',#1489,#1486,#643,.T.);
#1859=EDGE_CURVE('',#1485,#1491,#644,.T.);
#1860=EDGE_CURVE('',#1490,#1487,#645,.T.);
#1861=EDGE_CURVE('',#1492,#1488,#646,.T.);
#1862=EDGE_CURVE('',#1492,#1493,#647,.T.);
#1863=EDGE_CURVE('',#1494,#1493,#648,.T.);
#1864=EDGE_CURVE('',#1488,#1494,#649,.T.);
#1865=EDGE_CURVE('',#1495,#1491,#650,.T.);
#1866=EDGE_CURVE('',#1496,#1485,#651,.T.);
#1867=EDGE_CURVE('',#1495,#1496,#652,.T.);
#1868=EDGE_CURVE('',#1493,#1495,#653,.T.);
#1869=EDGE_CURVE('',#1496,#1494,#654,.T.);
#1870=EDGE_CURVE('',#1484,#1497,#655,.T.);
#1871=EDGE_CURVE('',#1483,#1498,#656,.T.);
#1872=EDGE_CURVE('',#1497,#1498,#657,.T.);
#1873=EDGE_CURVE('',#1499,#1482,#658,.T.);
#1874=EDGE_CURVE('',#1497,#1500,#659,.T.);
#1875=EDGE_CURVE('',#1500,#1501,#660,.T.);
#1876=EDGE_CURVE('',#1501,#1499,#661,.T.);
#1877=EDGE_CURVE('',#1502,#1481,#662,.T.);
#1878=EDGE_CURVE('',#1499,#1502,#663,.T.);
#1879=EDGE_CURVE('',#1503,#1504,#664,.T.);
#1880=EDGE_CURVE('',#1505,#1504,#665,.T.);
#1881=EDGE_CURVE('',#1505,#1506,#666,.T.);
#1882=EDGE_CURVE('',#1503,#1506,#667,.T.);
#1883=EDGE_CURVE('',#1506,#1312,#668,.T.);
#1884=EDGE_CURVE('',#1310,#1505,#669,.T.);
#1885=EDGE_CURVE('',#1507,#1508,#670,.T.);
#1886=EDGE_CURVE('',#1507,#1509,#671,.T.);
#1887=EDGE_CURVE('',#1509,#1510,#672,.T.);
#1888=EDGE_CURVE('',#1508,#1510,#673,.T.);
#1889=EDGE_CURVE('',#1511,#1512,#674,.T.);
#1890=EDGE_CURVE('',#1511,#1513,#675,.T.);
#1891=EDGE_CURVE('',#1513,#1514,#676,.T.);
#1892=EDGE_CURVE('',#1512,#1514,#677,.T.);
#1893=EDGE_CURVE('',#1515,#1505,#678,.T.);
#1894=EDGE_CURVE('',#1516,#1515,#45,.T.);
#1895=EDGE_CURVE('',#1517,#1516,#679,.T.);
#1896=EDGE_CURVE('',#1514,#1517,#46,.T.);
#1897=EDGE_CURVE('',#1513,#1508,#680,.T.);
#1898=EDGE_CURVE('',#1510,#1518,#47,.T.);
#1899=EDGE_CURVE('',#1518,#1519,#681,.T.);
#1900=EDGE_CURVE('',#1519,#1311,#48,.T.);
#1901=EDGE_CURVE('',#1509,#1520,#49,.T.);
#1902=EDGE_CURVE('',#1520,#1518,#682,.T.);
#1903=EDGE_CURVE('',#1520,#1521,#683,.T.);
#1904=EDGE_CURVE('',#1521,#1519,#684,.T.);
#1905=EDGE_CURVE('',#1313,#1503,#685,.T.);
#1906=EDGE_CURVE('',#1522,#1504,#686,.T.);
#1907=EDGE_CURVE('',#1522,#1515,#687,.T.);
#1908=EDGE_CURVE('',#1523,#1522,#50,.T.);
#1909=EDGE_CURVE('',#1523,#1516,#688,.T.);
#1910=EDGE_CURVE('',#1524,#1523,#689,.T.);
#1911=EDGE_CURVE('',#1524,#1517,#690,.T.);
#1912=EDGE_CURVE('',#1512,#1524,#51,.T.);
#1913=EDGE_CURVE('',#1525,#1526,#691,.T.);
#1914=EDGE_CURVE('',#1526,#1527,#692,.T.);
#1915=EDGE_CURVE('',#1527,#1528,#693,.T.);
#1916=EDGE_CURVE('',#1528,#1525,#694,.T.);
#1917=EDGE_CURVE('',#1389,#1350,#695,.T.);
#1918=EDGE_CURVE('',#1527,#1393,#696,.T.);
#1919=EDGE_CURVE('',#1526,#1409,#697,.T.);
#1920=EDGE_CURVE('',#1479,#1408,#698,.T.);
#1921=EDGE_CURVE('',#1478,#1401,#699,.T.);
#1922=EDGE_CURVE('',#1399,#1355,#700,.T.);
#1923=EDGE_CURVE('',#1404,#1351,#701,.T.);
#1924=EDGE_CURVE('',#1463,#1459,#702,.T.);
#1925=EDGE_CURVE('',#1511,#1507,#703,.T.);
#1926=EDGE_CURVE('',#1386,#1349,#704,.T.);
#1927=EDGE_CURVE('',#1403,#1352,#705,.T.);
#1928=EDGE_CURVE('',#1347,#1529,#706,.T.);
#1929=EDGE_CURVE('',#1530,#1529,#707,.T.);
#1930=EDGE_CURVE('',#1348,#1530,#708,.T.);
#1931=EDGE_CURVE('',#1531,#1382,#709,.T.);
#1932=EDGE_CURVE('',#1532,#1378,#710,.T.);
#1933=EDGE_CURVE('',#1531,#1532,#711,.T.);
#1934=EDGE_CURVE('',#1385,#1533,#712,.T.);
#1935=EDGE_CURVE('',#1534,#1531,#713,.T.);
#1936=EDGE_CURVE('',#1534,#1375,#714,.T.);
#1937=EDGE_CURVE('',#1535,#1376,#715,.T.);
#1938=EDGE_CURVE('',#1533,#1535,#716,.T.);
#1939=EDGE_CURVE('',#1536,#1381,#717,.T.);
#1940=EDGE_CURVE('',#1537,#1536,#718,.T.);
#1941=EDGE_CURVE('',#1363,#1537,#719,.T.);
#1942=EDGE_CURVE('',#1538,#1365,#720,.T.);
#1943=EDGE_CURVE('',#1532,#1538,#721,.T.);
#1944=EDGE_CURVE('',#1539,#1540,#722,.T.);
#1945=EDGE_CURVE('',#1540,#1541,#723,.T.);
#1946=EDGE_CURVE('',#1541,#1542,#724,.T.);
#1947=EDGE_CURVE('',#1542,#1539,#725,.T.);
#1948=EDGE_CURVE('',#1543,#1544,#726,.T.);
#1949=EDGE_CURVE('',#1541,#1544,#727,.T.);
#1950=EDGE_CURVE('',#1540,#1543,#728,.T.);
#1951=EDGE_CURVE('',#1544,#1545,#729,.T.);
#1952=EDGE_CURVE('',#1542,#1545,#730,.T.);
#1953=EDGE_CURVE('',#1546,#1543,#731,.T.);
#1954=EDGE_CURVE('',#1539,#1546,#732,.T.);
#1955=EDGE_CURVE('',#1547,#1548,#733,.T.);
#1956=EDGE_CURVE('',#1414,#1548,#734,.T.);
#1957=EDGE_CURVE('',#1417,#1547,#735,.T.);
#1958=EDGE_CURVE('',#1548,#1549,#736,.T.);
#1959=EDGE_CURVE('',#1415,#1549,#737,.T.);
#1960=EDGE_CURVE('',#1549,#1550,#738,.T.);
#1961=EDGE_CURVE('',#1416,#1550,#739,.T.);
#1962=EDGE_CURVE('',#1551,#1552,#740,.T.);
#1963=EDGE_CURVE('',#1413,#1552,#741,.T.);
#1964=EDGE_CURVE('',#1412,#1551,#742,.T.);
#1965=EDGE_CURVE('',#1552,#1553,#743,.T.);
#1966=EDGE_CURVE('',#1410,#1553,#744,.T.);
#1967=EDGE_CURVE('',#1554,#1551,#745,.T.);
#1968=EDGE_CURVE('',#1411,#1554,#746,.T.);
#1969=EDGE_CURVE('',#1344,#1555,#747,.T.);
#1970=EDGE_CURVE('',#1555,#1556,#748,.T.);
#1971=EDGE_CURVE('',#1345,#1556,#749,.T.);
#1972=EDGE_CURVE('',#1555,#1429,#750,.T.);
#1973=EDGE_CURVE('',#1557,#1558,#751,.T.);
#1974=EDGE_CURVE('',#1559,#1558,#752,.T.);
#1975=EDGE_CURVE('',#1560,#1559,#753,.T.);
#1976=EDGE_CURVE('',#1561,#1560,#754,.T.);
#1977=EDGE_CURVE('',#1562,#1561,#755,.T.);
#1978=EDGE_CURVE('',#1563,#1562,#756,.T.);
#1979=EDGE_CURVE('',#1564,#1563,#757,.T.);
#1980=EDGE_CURVE('',#1565,#1564,#758,.T.);
#1981=EDGE_CURVE('',#1566,#1565,#759,.T.);
#1982=EDGE_CURVE('',#1566,#1557,#760,.T.);
#1983=EDGE_CURVE('',#1564,#1567,#761,.T.);
#1984=EDGE_CURVE('',#1563,#1568,#762,.T.);
#1985=EDGE_CURVE('',#1568,#1567,#763,.T.);
#1986=EDGE_CURVE('',#1562,#1569,#764,.T.);
#1987=EDGE_CURVE('',#1569,#1568,#765,.T.);
#1988=EDGE_CURVE('',#1570,#1571,#766,.T.);
#1989=EDGE_CURVE('',#1561,#1570,#767,.T.);
#1990=EDGE_CURVE('',#1560,#1571,#768,.T.);
#1991=EDGE_CURVE('',#1572,#1567,#769,.T.);
#1992=EDGE_CURVE('',#1565,#1572,#770,.T.);
#1993=EDGE_CURVE('',#1573,#1574,#771,.T.);
#1994=EDGE_CURVE('',#1574,#1575,#772,.T.);
#1995=EDGE_CURVE('',#1576,#1575,#773,.T.);
#1996=EDGE_CURVE('',#1576,#1577,#774,.T.);
#1997=EDGE_CURVE('',#1577,#1578,#775,.T.);
#1998=EDGE_CURVE('',#1573,#1578,#776,.T.);
#1999=EDGE_CURVE('',#1422,#1579,#777,.T.);
#2000=EDGE_CURVE('',#1423,#1573,#778,.T.);
#2001=EDGE_CURVE('',#1578,#1580,#779,.T.);
#2002=EDGE_CURVE('',#1579,#1580,#780,.T.);
#2003=EDGE_CURVE('',#1581,#1582,#781,.T.);
#2004=EDGE_CURVE('',#1582,#1583,#782,.T.);
#2005=EDGE_CURVE('',#1583,#1584,#783,.T.);
#2006=EDGE_CURVE('',#1584,#1585,#784,.T.);
#2007=EDGE_CURVE('',#1585,#1586,#785,.T.);
#2008=EDGE_CURVE('',#1586,#1587,#786,.T.);
#2009=EDGE_CURVE('',#1587,#1588,#787,.T.);
#2010=EDGE_CURVE('',#1588,#1589,#788,.T.);
#2011=EDGE_CURVE('',#1589,#1590,#789,.T.);
#2012=EDGE_CURVE('',#1590,#1581,#790,.T.);
#2013=EDGE_CURVE('',#1586,#1591,#791,.T.);
#2014=EDGE_CURVE('',#1592,#1591,#792,.T.);
#2015=EDGE_CURVE('',#1587,#1592,#793,.T.);
#2016=EDGE_CURVE('',#1585,#1593,#794,.T.);
#2017=EDGE_CURVE('',#1591,#1593,#795,.T.);
#2018=EDGE_CURVE('',#1594,#1595,#796,.T.);
#2019=EDGE_CURVE('',#1589,#1595,#797,.T.);
#2020=EDGE_CURVE('',#1594,#1588,#798,.T.);
#2021=EDGE_CURVE('',#1596,#1530,#799,.T.);
#2022=EDGE_CURVE('',#1597,#1529,#800,.T.);
#2023=EDGE_CURVE('',#1596,#1597,#801,.T.);
#2024=EDGE_CURVE('',#1597,#1346,#802,.T.);
#2025=EDGE_CURVE('',#1598,#1593,#803,.T.);
#2026=EDGE_CURVE('',#1584,#1598,#804,.T.);
#2027=EDGE_CURVE('',#1592,#1594,#805,.T.);
#2028=EDGE_CURVE('',#1569,#1570,#806,.T.);
#2029=EDGE_CURVE('',#1384,#1599,#807,.T.);
#2030=EDGE_CURVE('',#1566,#1533,#808,.T.);
#2031=EDGE_CURVE('',#1600,#1572,#809,.T.);
#2032=EDGE_CURVE('',#1601,#1600,#810,.T.);
#2033=EDGE_CURVE('',#1599,#1601,#811,.T.);
#2034=EDGE_CURVE('',#1553,#1547,#812,.T.);
#2035=EDGE_CURVE('',#1602,#1554,#813,.T.);
#2036=EDGE_CURVE('',#1602,#1571,#814,.T.);
#2037=EDGE_CURVE('',#1559,#1545,#815,.T.);
#2038=EDGE_CURVE('',#1546,#1590,#816,.T.);
#2039=EDGE_CURVE('',#1595,#1603,#817,.T.);
#2040=EDGE_CURVE('',#1550,#1603,#818,.T.);
#2041=EDGE_CURVE('',#1556,#1604,#819,.T.);
#2042=EDGE_CURVE('',#1604,#1600,#820,.T.);
#2043=EDGE_CURVE('',#1602,#1596,#821,.T.);
#2044=EDGE_CURVE('',#1362,#1581,#822,.T.);
#2045=EDGE_CURVE('',#1558,#1377,#823,.T.);
#2046=EDGE_CURVE('',#1557,#1535,#824,.T.);
#2047=EDGE_CURVE('',#1605,#1380,#825,.T.);
#2048=EDGE_CURVE('',#1579,#1605,#826,.T.);
#2049=EDGE_CURVE('',#1598,#1580,#827,.T.);
#2050=EDGE_CURVE('',#1536,#1583,#828,.T.);
#2051=EDGE_CURVE('',#1537,#1582,#829,.T.);
#2052=EDGE_CURVE('',#1606,#1607,#830,.T.);
#2053=EDGE_CURVE('',#1606,#1608,#831,.T.);
#2054=EDGE_CURVE('',#1608,#1609,#832,.T.);
#2055=EDGE_CURVE('',#1609,#1607,#833,.T.);
#2056=EDGE_CURVE('',#1500,#1371,#834,.T.);
#2057=EDGE_CURVE('',#1501,#1373,#835,.T.);
#2058=EDGE_CURVE('',#1502,#1534,#836,.T.);
#2059=EDGE_CURVE('',#1452,#1367,#837,.T.);
#2060=EDGE_CURVE('',#1538,#1454,#838,.T.);
#2061=EDGE_CURVE('',#1453,#1369,#839,.T.);
#2062=EDGE_CURVE('',#1449,#1498,#840,.T.);
#2063=EDGE_CURVE('',#1430,#1601,#841,.T.);
#2064=EDGE_CURVE('',#1427,#1604,#842,.T.);
#2065=EDGE_CURVE('',#1480,#1406,#843,.T.);
#2066=EDGE_CURVE('',#1477,#1400,#844,.T.);
#2067=EDGE_CURVE('',#1528,#1392,#845,.T.);
#2068=EDGE_CURVE('',#1525,#1407,#846,.T.);
#2069=EDGE_CURVE('',#1603,#1609,#847,.T.);
#2070=EDGE_CURVE('',#1608,#1357,#848,.T.);
#2071=EDGE_CURVE('',#1398,#1356,#849,.T.);
#2072=EDGE_CURVE('',#1473,#1306,#52,.T.);
#2073=EDGE_CURVE('',#1456,#1304,#850,.T.);
#2074=EDGE_CURVE('',#1521,#1308,#53,.T.);
#2075=EDGE_CURVE('',#1504,#1309,#851,.T.);
#2076=EDGE_CURVE('',#1606,#1358,#852,.T.);
#2077=EDGE_CURVE('',#1607,#1359,#853,.T.);
#2078=EDGE_CURVE('',#1360,#1577,#854,.T.);
#2079=EDGE_CURVE('',#1361,#1576,#855,.T.);
#2080=EDGE_CURVE('',#1575,#1321,#856,.T.);
#2081=EDGE_CURVE('',#1574,#1323,#857,.T.);
#2082=EDGE_CURVE('',#1319,#1420,#858,.T.);
#2083=EDGE_CURVE('',#1320,#1418,#859,.T.);
#2084=EDGE_CURVE('',#1605,#1343,#860,.T.);
#2085=EDGE_CURVE('',#1599,#1342,#861,.T.);
#2086=ORIENTED_EDGE('',*,*,#1610,.F.);
#2087=ORIENTED_EDGE('',*,*,#1611,.F.);
#2088=ORIENTED_EDGE('',*,*,#1612,.F.);
#2089=ORIENTED_EDGE('',*,*,#1613,.F.);
#2090=ORIENTED_EDGE('',*,*,#1614,.T.);
#2091=ORIENTED_EDGE('',*,*,#1611,.T.);
#2092=ORIENTED_EDGE('',*,*,#1615,.F.);
#2093=ORIENTED_EDGE('',*,*,#1616,.F.);
#2094=ORIENTED_EDGE('',*,*,#1617,.T.);
#2095=ORIENTED_EDGE('',*,*,#1618,.T.);
#2096=ORIENTED_EDGE('',*,*,#1619,.F.);
#2097=ORIENTED_EDGE('',*,*,#1620,.F.);
#2098=ORIENTED_EDGE('',*,*,#1621,.F.);
#2099=ORIENTED_EDGE('',*,*,#1618,.F.);
#2100=ORIENTED_EDGE('',*,*,#1622,.F.);
#2101=ORIENTED_EDGE('',*,*,#1623,.F.);
#2102=ORIENTED_EDGE('',*,*,#1624,.F.);
#2103=ORIENTED_EDGE('',*,*,#1625,.F.);
#2104=ORIENTED_EDGE('',*,*,#1626,.T.);
#2105=ORIENTED_EDGE('',*,*,#1627,.T.);
#2106=ORIENTED_EDGE('',*,*,#1628,.F.);
#2107=ORIENTED_EDGE('',*,*,#1627,.F.);
#2108=ORIENTED_EDGE('',*,*,#1629,.T.);
#2109=ORIENTED_EDGE('',*,*,#1630,.T.);
#2110=ORIENTED_EDGE('',*,*,#1631,.F.);
#2111=ORIENTED_EDGE('',*,*,#1632,.F.);
#2112=ORIENTED_EDGE('',*,*,#1633,.F.);
#2113=ORIENTED_EDGE('',*,*,#1634,.T.);
#2114=ORIENTED_EDGE('',*,*,#1635,.T.);
#2115=ORIENTED_EDGE('',*,*,#1636,.F.);
#2116=ORIENTED_EDGE('',*,*,#1637,.F.);
#2117=ORIENTED_EDGE('',*,*,#1635,.F.);
#2118=ORIENTED_EDGE('',*,*,#1638,.T.);
#2119=ORIENTED_EDGE('',*,*,#1639,.T.);
#2120=ORIENTED_EDGE('',*,*,#1640,.F.);
#2121=ORIENTED_EDGE('',*,*,#1639,.F.);
#2122=ORIENTED_EDGE('',*,*,#1641,.T.);
#2123=ORIENTED_EDGE('',*,*,#1625,.T.);
#2124=ORIENTED_EDGE('',*,*,#1628,.T.);
#2125=ORIENTED_EDGE('',*,*,#1642,.T.);
#2126=ORIENTED_EDGE('',*,*,#1636,.T.);
#2127=ORIENTED_EDGE('',*,*,#1637,.T.);
#2128=ORIENTED_EDGE('',*,*,#1640,.T.);
#2129=ORIENTED_EDGE('',*,*,#1624,.T.);
#2130=ORIENTED_EDGE('',*,*,#1643,.T.);
#2131=ORIENTED_EDGE('',*,*,#1644,.F.);
#2132=ORIENTED_EDGE('',*,*,#1645,.F.);
#2133=ORIENTED_EDGE('',*,*,#1646,.T.);
#2134=ORIENTED_EDGE('',*,*,#1647,.T.);
#2135=ORIENTED_EDGE('',*,*,#1648,.T.);
#2136=ORIENTED_EDGE('',*,*,#1646,.F.);
#2137=ORIENTED_EDGE('',*,*,#1649,.F.);
#2138=ORIENTED_EDGE('',*,*,#1650,.T.);
#2139=ORIENTED_EDGE('',*,*,#1651,.T.);
#2140=ORIENTED_EDGE('',*,*,#1652,.T.);
#2141=ORIENTED_EDGE('',*,*,#1653,.F.);
#2142=ORIENTED_EDGE('',*,*,#1654,.F.);
#2143=ORIENTED_EDGE('',*,*,#1655,.T.);
#2144=ORIENTED_EDGE('',*,*,#1656,.T.);
#2145=ORIENTED_EDGE('',*,*,#1655,.F.);
#2146=ORIENTED_EDGE('',*,*,#1657,.F.);
#2147=ORIENTED_EDGE('',*,*,#1658,.T.);
#2148=ORIENTED_EDGE('',*,*,#1648,.F.);
#2149=ORIENTED_EDGE('',*,*,#1659,.T.);
#2150=ORIENTED_EDGE('',*,*,#1651,.F.);
#2151=ORIENTED_EDGE('',*,*,#1656,.F.);
#2152=ORIENTED_EDGE('',*,*,#1660,.F.);
#2153=ORIENTED_EDGE('',*,*,#1643,.F.);
#2154=ORIENTED_EDGE('',*,*,#1661,.F.);
#2155=ORIENTED_EDGE('',*,*,#1662,.T.);
#2156=ORIENTED_EDGE('',*,*,#1659,.F.);
#2157=ORIENTED_EDGE('',*,*,#1663,.T.);
#2158=ORIENTED_EDGE('',*,*,#1664,.T.);
#2159=ORIENTED_EDGE('',*,*,#1665,.F.);
#2160=ORIENTED_EDGE('',*,*,#1666,.F.);
#2161=ORIENTED_EDGE('',*,*,#1667,.F.);
#2162=ORIENTED_EDGE('',*,*,#1668,.F.);
#2163=ORIENTED_EDGE('',*,*,#1669,.F.);
#2164=ORIENTED_EDGE('',*,*,#1670,.F.);
#2165=ORIENTED_EDGE('',*,*,#1671,.F.);
#2166=ORIENTED_EDGE('',*,*,#1672,.F.);
#2167=ORIENTED_EDGE('',*,*,#1673,.F.);
#2168=ORIENTED_EDGE('',*,*,#1674,.F.);
#2169=ORIENTED_EDGE('',*,*,#1675,.F.);
#2170=ORIENTED_EDGE('',*,*,#1676,.F.);
#2171=ORIENTED_EDGE('',*,*,#1677,.T.);
#2172=ORIENTED_EDGE('',*,*,#1678,.F.);
#2173=ORIENTED_EDGE('',*,*,#1679,.F.);
#2174=ORIENTED_EDGE('',*,*,#1680,.F.);
#2175=ORIENTED_EDGE('',*,*,#1681,.F.);
#2176=ORIENTED_EDGE('',*,*,#1642,.F.);
#2177=ORIENTED_EDGE('',*,*,#1682,.F.);
#2178=ORIENTED_EDGE('',*,*,#1683,.F.);
#2179=ORIENTED_EDGE('',*,*,#1644,.T.);
#2180=ORIENTED_EDGE('',*,*,#1660,.T.);
#2181=ORIENTED_EDGE('',*,*,#1658,.F.);
#2182=ORIENTED_EDGE('',*,*,#1684,.F.);
#2183=ORIENTED_EDGE('',*,*,#1685,.F.);
#2184=ORIENTED_EDGE('',*,*,#1686,.T.);
#2185=ORIENTED_EDGE('',*,*,#1687,.F.);
#2186=ORIENTED_EDGE('',*,*,#1688,.T.);
#2187=ORIENTED_EDGE('',*,*,#1689,.F.);
#2188=ORIENTED_EDGE('',*,*,#1686,.F.);
#2189=ORIENTED_EDGE('',*,*,#1690,.F.);
#2190=ORIENTED_EDGE('',*,*,#1691,.T.);
#2191=ORIENTED_EDGE('',*,*,#1692,.F.);
#2192=ORIENTED_EDGE('',*,*,#1688,.F.);
#2193=ORIENTED_EDGE('',*,*,#1693,.F.);
#2194=ORIENTED_EDGE('',*,*,#1694,.T.);
#2195=ORIENTED_EDGE('',*,*,#1695,.F.);
#2196=ORIENTED_EDGE('',*,*,#1691,.F.);
#2197=ORIENTED_EDGE('',*,*,#1696,.F.);
#2198=ORIENTED_EDGE('',*,*,#1697,.T.);
#2199=ORIENTED_EDGE('',*,*,#1698,.F.);
#2200=ORIENTED_EDGE('',*,*,#1694,.F.);
#2201=ORIENTED_EDGE('',*,*,#1699,.F.);
#2202=ORIENTED_EDGE('',*,*,#1700,.T.);
#2203=ORIENTED_EDGE('',*,*,#1701,.F.);
#2204=ORIENTED_EDGE('',*,*,#1697,.F.);
#2205=ORIENTED_EDGE('',*,*,#1702,.F.);
#2206=ORIENTED_EDGE('',*,*,#1703,.F.);
#2207=ORIENTED_EDGE('',*,*,#1704,.F.);
#2208=ORIENTED_EDGE('',*,*,#1700,.F.);
#2209=ORIENTED_EDGE('',*,*,#1705,.F.);
#2210=ORIENTED_EDGE('',*,*,#1706,.T.);
#2211=ORIENTED_EDGE('',*,*,#1707,.F.);
#2212=ORIENTED_EDGE('',*,*,#1708,.F.);
#2213=ORIENTED_EDGE('',*,*,#1709,.F.);
#2214=ORIENTED_EDGE('',*,*,#1710,.T.);
#2215=ORIENTED_EDGE('',*,*,#1711,.F.);
#2216=ORIENTED_EDGE('',*,*,#1706,.F.);
#2217=ORIENTED_EDGE('',*,*,#1712,.F.);
#2218=ORIENTED_EDGE('',*,*,#1713,.F.);
#2219=ORIENTED_EDGE('',*,*,#1714,.F.);
#2220=ORIENTED_EDGE('',*,*,#1710,.F.);
#2221=ORIENTED_EDGE('',*,*,#1715,.F.);
#2222=ORIENTED_EDGE('',*,*,#1716,.T.);
#2223=ORIENTED_EDGE('',*,*,#1717,.F.);
#2224=ORIENTED_EDGE('',*,*,#1718,.F.);
#2225=ORIENTED_EDGE('',*,*,#1719,.T.);
#2226=ORIENTED_EDGE('',*,*,#1720,.F.);
#2227=ORIENTED_EDGE('',*,*,#1721,.F.);
#2228=ORIENTED_EDGE('',*,*,#1722,.T.);
#2229=ORIENTED_EDGE('',*,*,#1717,.T.);
#2230=ORIENTED_EDGE('',*,*,#1723,.F.);
#2231=ORIENTED_EDGE('',*,*,#1724,.F.);
#2232=ORIENTED_EDGE('',*,*,#1725,.T.);
#2233=ORIENTED_EDGE('',*,*,#1721,.T.);
#2234=ORIENTED_EDGE('',*,*,#1726,.F.);
#2235=ORIENTED_EDGE('',*,*,#1727,.F.);
#2236=ORIENTED_EDGE('',*,*,#1728,.T.);
#2237=ORIENTED_EDGE('',*,*,#1729,.T.);
#2238=ORIENTED_EDGE('',*,*,#1730,.T.);
#2239=ORIENTED_EDGE('',*,*,#1731,.F.);
#2240=ORIENTED_EDGE('',*,*,#1732,.F.);
#2241=ORIENTED_EDGE('',*,*,#1727,.T.);
#2242=ORIENTED_EDGE('',*,*,#1733,.F.);
#2243=ORIENTED_EDGE('',*,*,#1729,.F.);
#2244=ORIENTED_EDGE('',*,*,#1734,.T.);
#2245=ORIENTED_EDGE('',*,*,#1735,.T.);
#2246=ORIENTED_EDGE('',*,*,#1736,.T.);
#2247=ORIENTED_EDGE('',*,*,#1737,.F.);
#2248=ORIENTED_EDGE('',*,*,#1738,.F.);
#2249=ORIENTED_EDGE('',*,*,#1739,.T.);
#2250=ORIENTED_EDGE('',*,*,#1740,.F.);
#2251=ORIENTED_EDGE('',*,*,#1741,.F.);
#2252=ORIENTED_EDGE('',*,*,#1742,.T.);
#2253=ORIENTED_EDGE('',*,*,#1743,.T.);
#2254=ORIENTED_EDGE('',*,*,#1744,.T.);
#2255=ORIENTED_EDGE('',*,*,#1745,.T.);
#2256=ORIENTED_EDGE('',*,*,#1746,.T.);
#2257=ORIENTED_EDGE('',*,*,#1747,.T.);
#2258=ORIENTED_EDGE('',*,*,#1748,.T.);
#2259=ORIENTED_EDGE('',*,*,#1749,.T.);
#2260=ORIENTED_EDGE('',*,*,#1750,.T.);
#2261=ORIENTED_EDGE('',*,*,#1751,.T.);
#2262=ORIENTED_EDGE('',*,*,#1752,.F.);
#2263=ORIENTED_EDGE('',*,*,#1753,.F.);
#2264=ORIENTED_EDGE('',*,*,#1754,.T.);
#2265=ORIENTED_EDGE('',*,*,#1755,.T.);
#2266=ORIENTED_EDGE('',*,*,#1756,.F.);
#2267=ORIENTED_EDGE('',*,*,#1757,.F.);
#2268=ORIENTED_EDGE('',*,*,#1755,.F.);
#2269=ORIENTED_EDGE('',*,*,#1758,.T.);
#2270=ORIENTED_EDGE('',*,*,#1759,.T.);
#2271=ORIENTED_EDGE('',*,*,#1760,.T.);
#2272=ORIENTED_EDGE('',*,*,#1761,.T.);
#2273=ORIENTED_EDGE('',*,*,#1762,.T.);
#2274=ORIENTED_EDGE('',*,*,#1763,.T.);
#2275=ORIENTED_EDGE('',*,*,#1764,.T.);
#2276=ORIENTED_EDGE('',*,*,#1649,.T.);
#2277=ORIENTED_EDGE('',*,*,#1645,.T.);
#2278=ORIENTED_EDGE('',*,*,#1683,.T.);
#2279=ORIENTED_EDGE('',*,*,#1657,.T.);
#2280=ORIENTED_EDGE('',*,*,#1654,.T.);
#2281=ORIENTED_EDGE('',*,*,#1764,.F.);
#2282=ORIENTED_EDGE('',*,*,#1765,.F.);
#2283=ORIENTED_EDGE('',*,*,#1766,.T.);
#2284=ORIENTED_EDGE('',*,*,#1650,.F.);
#2285=ORIENTED_EDGE('',*,*,#1767,.F.);
#2286=ORIENTED_EDGE('',*,*,#1761,.F.);
#2287=ORIENTED_EDGE('',*,*,#1768,.T.);
#2288=ORIENTED_EDGE('',*,*,#1769,.T.);
#2289=ORIENTED_EDGE('',*,*,#1770,.T.);
#2290=ORIENTED_EDGE('',*,*,#1768,.F.);
#2291=ORIENTED_EDGE('',*,*,#1760,.F.);
#2292=ORIENTED_EDGE('',*,*,#1771,.T.);
#2293=ORIENTED_EDGE('',*,*,#1772,.T.);
#2294=ORIENTED_EDGE('',*,*,#1771,.F.);
#2295=ORIENTED_EDGE('',*,*,#1759,.F.);
#2296=ORIENTED_EDGE('',*,*,#1653,.T.);
#2297=ORIENTED_EDGE('',*,*,#1773,.F.);
#2298=ORIENTED_EDGE('',*,*,#1774,.T.);
#2299=ORIENTED_EDGE('',*,*,#1775,.F.);
#2300=ORIENTED_EDGE('',*,*,#1776,.F.);
#2301=ORIENTED_EDGE('',*,*,#1777,.T.);
#2302=ORIENTED_EDGE('',*,*,#1778,.T.);
#2303=ORIENTED_EDGE('',*,*,#1779,.F.);
#2304=ORIENTED_EDGE('',*,*,#1780,.T.);
#2305=ORIENTED_EDGE('',*,*,#1781,.F.);
#2306=ORIENTED_EDGE('',*,*,#1782,.F.);
#2307=ORIENTED_EDGE('',*,*,#1783,.T.);
#2308=ORIENTED_EDGE('',*,*,#1784,.T.);
#2309=ORIENTED_EDGE('',*,*,#1782,.T.);
#2310=ORIENTED_EDGE('',*,*,#1785,.T.);
#2311=ORIENTED_EDGE('',*,*,#1777,.F.);
#2312=ORIENTED_EDGE('',*,*,#1786,.T.);
#2313=ORIENTED_EDGE('',*,*,#1787,.F.);
#2314=ORIENTED_EDGE('',*,*,#1784,.F.);
#2315=ORIENTED_EDGE('',*,*,#1788,.T.);
#2316=ORIENTED_EDGE('',*,*,#1779,.T.);
#2317=ORIENTED_EDGE('',*,*,#1789,.T.);
#2318=ORIENTED_EDGE('',*,*,#1790,.F.);
#2319=ORIENTED_EDGE('',*,*,#1791,.F.);
#2320=ORIENTED_EDGE('',*,*,#1788,.F.);
#2321=ORIENTED_EDGE('',*,*,#1792,.T.);
#2322=ORIENTED_EDGE('',*,*,#1786,.F.);
#2323=ORIENTED_EDGE('',*,*,#1793,.F.);
#2324=ORIENTED_EDGE('',*,*,#1794,.F.);
#2325=ORIENTED_EDGE('',*,*,#1789,.F.);
#2326=ORIENTED_EDGE('',*,*,#1783,.F.);
#2327=ORIENTED_EDGE('',*,*,#1792,.F.);
#2328=ORIENTED_EDGE('',*,*,#1795,.F.);
#2329=ORIENTED_EDGE('',*,*,#1793,.T.);
#2330=ORIENTED_EDGE('',*,*,#1780,.F.);
#2331=ORIENTED_EDGE('',*,*,#1791,.T.);
#2332=ORIENTED_EDGE('',*,*,#1796,.F.);
#2333=ORIENTED_EDGE('',*,*,#1794,.T.);
#2334=ORIENTED_EDGE('',*,*,#1796,.T.);
#2335=ORIENTED_EDGE('',*,*,#1790,.T.);
#2336=ORIENTED_EDGE('',*,*,#1795,.T.);
#2337=ORIENTED_EDGE('',*,*,#1797,.T.);
#2338=ORIENTED_EDGE('',*,*,#1773,.T.);
#2339=ORIENTED_EDGE('',*,*,#1798,.F.);
#2340=ORIENTED_EDGE('',*,*,#1799,.T.);
#2341=ORIENTED_EDGE('',*,*,#1798,.T.);
#2342=ORIENTED_EDGE('',*,*,#1776,.T.);
#2343=ORIENTED_EDGE('',*,*,#1800,.T.);
#2344=ORIENTED_EDGE('',*,*,#1801,.T.);
#2345=ORIENTED_EDGE('',*,*,#1802,.T.);
#2346=ORIENTED_EDGE('',*,*,#1803,.T.);
#2347=ORIENTED_EDGE('',*,*,#1785,.F.);
#2348=ORIENTED_EDGE('',*,*,#1781,.T.);
#2349=ORIENTED_EDGE('',*,*,#1787,.T.);
#2350=ORIENTED_EDGE('',*,*,#1778,.F.);
#2351=ORIENTED_EDGE('',*,*,#1800,.F.);
#2352=ORIENTED_EDGE('',*,*,#1775,.T.);
#2353=ORIENTED_EDGE('',*,*,#1804,.T.);
#2354=ORIENTED_EDGE('',*,*,#1805,.T.);
#2355=ORIENTED_EDGE('',*,*,#1806,.T.);
#2356=ORIENTED_EDGE('',*,*,#1807,.F.);
#2357=ORIENTED_EDGE('',*,*,#1808,.T.);
#2358=ORIENTED_EDGE('',*,*,#1809,.F.);
#2359=ORIENTED_EDGE('',*,*,#1810,.F.);
#2360=ORIENTED_EDGE('',*,*,#1808,.F.);
#2361=ORIENTED_EDGE('',*,*,#1811,.F.);
#2362=ORIENTED_EDGE('',*,*,#1610,.T.);
#2363=ORIENTED_EDGE('',*,*,#1812,.F.);
#2364=ORIENTED_EDGE('',*,*,#1813,.T.);
#2365=ORIENTED_EDGE('',*,*,#1814,.T.);
#2366=ORIENTED_EDGE('',*,*,#1815,.F.);
#2367=ORIENTED_EDGE('',*,*,#1816,.F.);
#2368=ORIENTED_EDGE('',*,*,#1817,.T.);
#2369=ORIENTED_EDGE('',*,*,#1818,.T.);
#2370=ORIENTED_EDGE('',*,*,#1819,.F.);
#2371=ORIENTED_EDGE('',*,*,#1811,.T.);
#2372=ORIENTED_EDGE('',*,*,#1820,.F.);
#2373=ORIENTED_EDGE('',*,*,#1821,.F.);
#2374=ORIENTED_EDGE('',*,*,#1822,.F.);
#2375=ORIENTED_EDGE('',*,*,#1823,.F.);
#2376=ORIENTED_EDGE('',*,*,#1818,.F.);
#2377=ORIENTED_EDGE('',*,*,#1824,.T.);
#2378=ORIENTED_EDGE('',*,*,#1815,.T.);
#2379=ORIENTED_EDGE('',*,*,#1825,.T.);
#2380=ORIENTED_EDGE('',*,*,#1826,.T.);
#2381=ORIENTED_EDGE('',*,*,#1827,.T.);
#2382=ORIENTED_EDGE('',*,*,#1615,.T.);
#2383=ORIENTED_EDGE('',*,*,#1825,.F.);
#2384=ORIENTED_EDGE('',*,*,#1814,.F.);
#2385=ORIENTED_EDGE('',*,*,#1828,.T.);
#2386=ORIENTED_EDGE('',*,*,#1829,.T.);
#2387=ORIENTED_EDGE('',*,*,#1826,.F.);
#2388=ORIENTED_EDGE('',*,*,#1829,.F.);
#2389=ORIENTED_EDGE('',*,*,#1830,.T.);
#2390=ORIENTED_EDGE('',*,*,#1831,.T.);
#2391=ORIENTED_EDGE('',*,*,#1832,.T.);
#2392=ORIENTED_EDGE('',*,*,#1809,.T.);
#2393=ORIENTED_EDGE('',*,*,#1810,.T.);
#2394=ORIENTED_EDGE('',*,*,#1613,.T.);
#2395=ORIENTED_EDGE('',*,*,#1820,.T.);
#2396=ORIENTED_EDGE('',*,*,#1807,.T.);
#2397=ORIENTED_EDGE('',*,*,#1833,.F.);
#2398=ORIENTED_EDGE('',*,*,#1834,.T.);
#2399=ORIENTED_EDGE('',*,*,#1821,.T.);
#2400=ORIENTED_EDGE('',*,*,#1834,.F.);
#2401=ORIENTED_EDGE('',*,*,#1835,.F.);
#2402=ORIENTED_EDGE('',*,*,#1836,.T.);
#2403=ORIENTED_EDGE('',*,*,#1822,.T.);
#2404=ORIENTED_EDGE('',*,*,#1836,.F.);
#2405=ORIENTED_EDGE('',*,*,#1837,.F.);
#2406=ORIENTED_EDGE('',*,*,#1838,.T.);
#2407=ORIENTED_EDGE('',*,*,#1823,.T.);
#2408=ORIENTED_EDGE('',*,*,#1838,.F.);
#2409=ORIENTED_EDGE('',*,*,#1839,.F.);
#2410=ORIENTED_EDGE('',*,*,#1819,.T.);
#2411=ORIENTED_EDGE('',*,*,#1840,.T.);
#2412=ORIENTED_EDGE('',*,*,#1841,.T.);
#2413=ORIENTED_EDGE('',*,*,#1842,.T.);
#2414=ORIENTED_EDGE('',*,*,#1843,.T.);
#2415=ORIENTED_EDGE('',*,*,#1844,.F.);
#2416=ORIENTED_EDGE('',*,*,#1739,.F.);
#2417=ORIENTED_EDGE('',*,*,#1845,.T.);
#2418=ORIENTED_EDGE('',*,*,#1673,.T.);
#2419=ORIENTED_EDGE('',*,*,#1846,.F.);
#2420=ORIENTED_EDGE('',*,*,#1847,.T.);
#2421=ORIENTED_EDGE('',*,*,#1848,.F.);
#2422=ORIENTED_EDGE('',*,*,#1849,.F.);
#2423=ORIENTED_EDGE('',*,*,#1850,.T.);
#2424=ORIENTED_EDGE('',*,*,#1851,.T.);
#2425=ORIENTED_EDGE('',*,*,#1852,.F.);
#2426=ORIENTED_EDGE('',*,*,#1853,.T.);
#2427=ORIENTED_EDGE('',*,*,#1854,.F.);
#2428=ORIENTED_EDGE('',*,*,#1855,.F.);
#2429=ORIENTED_EDGE('',*,*,#1856,.T.);
#2430=ORIENTED_EDGE('',*,*,#1857,.T.);
#2431=ORIENTED_EDGE('',*,*,#1855,.T.);
#2432=ORIENTED_EDGE('',*,*,#1858,.T.);
#2433=ORIENTED_EDGE('',*,*,#1850,.F.);
#2434=ORIENTED_EDGE('',*,*,#1859,.T.);
#2435=ORIENTED_EDGE('',*,*,#1860,.F.);
#2436=ORIENTED_EDGE('',*,*,#1857,.F.);
#2437=ORIENTED_EDGE('',*,*,#1861,.T.);
#2438=ORIENTED_EDGE('',*,*,#1852,.T.);
#2439=ORIENTED_EDGE('',*,*,#1862,.T.);
#2440=ORIENTED_EDGE('',*,*,#1863,.F.);
#2441=ORIENTED_EDGE('',*,*,#1864,.F.);
#2442=ORIENTED_EDGE('',*,*,#1861,.F.);
#2443=ORIENTED_EDGE('',*,*,#1865,.T.);
#2444=ORIENTED_EDGE('',*,*,#1859,.F.);
#2445=ORIENTED_EDGE('',*,*,#1866,.F.);
#2446=ORIENTED_EDGE('',*,*,#1867,.F.);
#2447=ORIENTED_EDGE('',*,*,#1862,.F.);
#2448=ORIENTED_EDGE('',*,*,#1856,.F.);
#2449=ORIENTED_EDGE('',*,*,#1865,.F.);
#2450=ORIENTED_EDGE('',*,*,#1868,.F.);
#2451=ORIENTED_EDGE('',*,*,#1866,.T.);
#2452=ORIENTED_EDGE('',*,*,#1853,.F.);
#2453=ORIENTED_EDGE('',*,*,#1864,.T.);
#2454=ORIENTED_EDGE('',*,*,#1869,.F.);
#2455=ORIENTED_EDGE('',*,*,#1867,.T.);
#2456=ORIENTED_EDGE('',*,*,#1869,.T.);
#2457=ORIENTED_EDGE('',*,*,#1863,.T.);
#2458=ORIENTED_EDGE('',*,*,#1868,.T.);
#2459=ORIENTED_EDGE('',*,*,#1870,.F.);
#2460=ORIENTED_EDGE('',*,*,#1848,.T.);
#2461=ORIENTED_EDGE('',*,*,#1871,.T.);
#2462=ORIENTED_EDGE('',*,*,#1872,.F.);
#2463=ORIENTED_EDGE('',*,*,#1873,.T.);
#2464=ORIENTED_EDGE('',*,*,#1849,.T.);
#2465=ORIENTED_EDGE('',*,*,#1870,.T.);
#2466=ORIENTED_EDGE('',*,*,#1874,.T.);
#2467=ORIENTED_EDGE('',*,*,#1875,.T.);
#2468=ORIENTED_EDGE('',*,*,#1876,.T.);
#2469=ORIENTED_EDGE('',*,*,#1858,.F.);
#2470=ORIENTED_EDGE('',*,*,#1854,.T.);
#2471=ORIENTED_EDGE('',*,*,#1860,.T.);
#2472=ORIENTED_EDGE('',*,*,#1851,.F.);
#2473=ORIENTED_EDGE('',*,*,#1877,.T.);
#2474=ORIENTED_EDGE('',*,*,#1846,.T.);
#2475=ORIENTED_EDGE('',*,*,#1873,.F.);
#2476=ORIENTED_EDGE('',*,*,#1878,.T.);
#2477=ORIENTED_EDGE('',*,*,#1879,.T.);
#2478=ORIENTED_EDGE('',*,*,#1880,.F.);
#2479=ORIENTED_EDGE('',*,*,#1881,.T.);
#2480=ORIENTED_EDGE('',*,*,#1882,.F.);
#2481=ORIENTED_EDGE('',*,*,#1883,.F.);
#2482=ORIENTED_EDGE('',*,*,#1881,.F.);
#2483=ORIENTED_EDGE('',*,*,#1884,.F.);
#2484=ORIENTED_EDGE('',*,*,#1621,.T.);
#2485=ORIENTED_EDGE('',*,*,#1885,.F.);
#2486=ORIENTED_EDGE('',*,*,#1886,.T.);
#2487=ORIENTED_EDGE('',*,*,#1887,.T.);
#2488=ORIENTED_EDGE('',*,*,#1888,.F.);
#2489=ORIENTED_EDGE('',*,*,#1889,.F.);
#2490=ORIENTED_EDGE('',*,*,#1890,.T.);
#2491=ORIENTED_EDGE('',*,*,#1891,.T.);
#2492=ORIENTED_EDGE('',*,*,#1892,.F.);
#2493=ORIENTED_EDGE('',*,*,#1884,.T.);
#2494=ORIENTED_EDGE('',*,*,#1893,.F.);
#2495=ORIENTED_EDGE('',*,*,#1894,.F.);
#2496=ORIENTED_EDGE('',*,*,#1895,.F.);
#2497=ORIENTED_EDGE('',*,*,#1896,.F.);
#2498=ORIENTED_EDGE('',*,*,#1891,.F.);
#2499=ORIENTED_EDGE('',*,*,#1897,.T.);
#2500=ORIENTED_EDGE('',*,*,#1888,.T.);
#2501=ORIENTED_EDGE('',*,*,#1898,.T.);
#2502=ORIENTED_EDGE('',*,*,#1899,.T.);
#2503=ORIENTED_EDGE('',*,*,#1900,.T.);
#2504=ORIENTED_EDGE('',*,*,#1619,.T.);
#2505=ORIENTED_EDGE('',*,*,#1898,.F.);
#2506=ORIENTED_EDGE('',*,*,#1887,.F.);
#2507=ORIENTED_EDGE('',*,*,#1901,.T.);
#2508=ORIENTED_EDGE('',*,*,#1902,.T.);
#2509=ORIENTED_EDGE('',*,*,#1899,.F.);
#2510=ORIENTED_EDGE('',*,*,#1902,.F.);
#2511=ORIENTED_EDGE('',*,*,#1903,.T.);
#2512=ORIENTED_EDGE('',*,*,#1904,.T.);
#2513=ORIENTED_EDGE('',*,*,#1905,.T.);
#2514=ORIENTED_EDGE('',*,*,#1882,.T.);
#2515=ORIENTED_EDGE('',*,*,#1883,.T.);
#2516=ORIENTED_EDGE('',*,*,#1623,.T.);
#2517=ORIENTED_EDGE('',*,*,#1893,.T.);
#2518=ORIENTED_EDGE('',*,*,#1880,.T.);
#2519=ORIENTED_EDGE('',*,*,#1906,.F.);
#2520=ORIENTED_EDGE('',*,*,#1907,.T.);
#2521=ORIENTED_EDGE('',*,*,#1894,.T.);
#2522=ORIENTED_EDGE('',*,*,#1907,.F.);
#2523=ORIENTED_EDGE('',*,*,#1908,.F.);
#2524=ORIENTED_EDGE('',*,*,#1909,.T.);
#2525=ORIENTED_EDGE('',*,*,#1895,.T.);
#2526=ORIENTED_EDGE('',*,*,#1909,.F.);
#2527=ORIENTED_EDGE('',*,*,#1910,.F.);
#2528=ORIENTED_EDGE('',*,*,#1911,.T.);
#2529=ORIENTED_EDGE('',*,*,#1896,.T.);
#2530=ORIENTED_EDGE('',*,*,#1911,.F.);
#2531=ORIENTED_EDGE('',*,*,#1912,.F.);
#2532=ORIENTED_EDGE('',*,*,#1892,.T.);
#2533=ORIENTED_EDGE('',*,*,#1913,.T.);
#2534=ORIENTED_EDGE('',*,*,#1914,.T.);
#2535=ORIENTED_EDGE('',*,*,#1915,.T.);
#2536=ORIENTED_EDGE('',*,*,#1916,.T.);
#2537=ORIENTED_EDGE('',*,*,#1917,.F.);
#2538=ORIENTED_EDGE('',*,*,#1718,.T.);
#2539=ORIENTED_EDGE('',*,*,#1722,.F.);
#2540=ORIENTED_EDGE('',*,*,#1725,.F.);
#2541=ORIENTED_EDGE('',*,*,#1918,.F.);
#2542=ORIENTED_EDGE('',*,*,#1914,.F.);
#2543=ORIENTED_EDGE('',*,*,#1919,.T.);
#2544=ORIENTED_EDGE('',*,*,#1742,.F.);
#2545=ORIENTED_EDGE('',*,*,#1920,.F.);
#2546=ORIENTED_EDGE('',*,*,#1841,.F.);
#2547=ORIENTED_EDGE('',*,*,#1921,.T.);
#2548=ORIENTED_EDGE('',*,*,#1734,.F.);
#2549=ORIENTED_EDGE('',*,*,#1728,.F.);
#2550=ORIENTED_EDGE('',*,*,#1732,.T.);
#2551=ORIENTED_EDGE('',*,*,#1922,.T.);
#2552=ORIENTED_EDGE('',*,*,#1674,.T.);
#2553=ORIENTED_EDGE('',*,*,#1845,.F.);
#2554=ORIENTED_EDGE('',*,*,#1738,.T.);
#2555=ORIENTED_EDGE('',*,*,#1923,.T.);
#2556=ORIENTED_EDGE('',*,*,#1670,.T.);
#2557=ORIENTED_EDGE('',*,*,#1817,.F.);
#2558=ORIENTED_EDGE('',*,*,#1924,.T.);
#2559=ORIENTED_EDGE('',*,*,#1812,.T.);
#2560=ORIENTED_EDGE('',*,*,#1824,.F.);
#2561=ORIENTED_EDGE('',*,*,#1890,.F.);
#2562=ORIENTED_EDGE('',*,*,#1925,.T.);
#2563=ORIENTED_EDGE('',*,*,#1885,.T.);
#2564=ORIENTED_EDGE('',*,*,#1897,.F.);
#2565=ORIENTED_EDGE('',*,*,#1926,.F.);
#2566=ORIENTED_EDGE('',*,*,#1719,.F.);
#2567=ORIENTED_EDGE('',*,*,#1917,.T.);
#2568=ORIENTED_EDGE('',*,*,#1669,.T.);
#2569=ORIENTED_EDGE('',*,*,#1923,.F.);
#2570=ORIENTED_EDGE('',*,*,#1737,.T.);
#2571=ORIENTED_EDGE('',*,*,#1927,.T.);
#2572=ORIENTED_EDGE('',*,*,#1671,.T.);
#2573=ORIENTED_EDGE('',*,*,#1928,.T.);
#2574=ORIENTED_EDGE('',*,*,#1929,.F.);
#2575=ORIENTED_EDGE('',*,*,#1930,.F.);
#2576=ORIENTED_EDGE('',*,*,#1667,.T.);
#2577=ORIENTED_EDGE('',*,*,#1931,.T.);
#2578=ORIENTED_EDGE('',*,*,#1712,.T.);
#2579=ORIENTED_EDGE('',*,*,#1932,.F.);
#2580=ORIENTED_EDGE('',*,*,#1933,.F.);
#2581=ORIENTED_EDGE('',*,*,#1934,.F.);
#2582=ORIENTED_EDGE('',*,*,#1715,.T.);
#2583=ORIENTED_EDGE('',*,*,#1931,.F.);
#2584=ORIENTED_EDGE('',*,*,#1935,.F.);
#2585=ORIENTED_EDGE('',*,*,#1936,.T.);
#2586=ORIENTED_EDGE('',*,*,#1704,.T.);
#2587=ORIENTED_EDGE('',*,*,#1937,.F.);
#2588=ORIENTED_EDGE('',*,*,#1938,.F.);
#2589=ORIENTED_EDGE('',*,*,#1932,.T.);
#2590=ORIENTED_EDGE('',*,*,#1709,.T.);
#2591=ORIENTED_EDGE('',*,*,#1939,.F.);
#2592=ORIENTED_EDGE('',*,*,#1940,.F.);
#2593=ORIENTED_EDGE('',*,*,#1941,.F.);
#2594=ORIENTED_EDGE('',*,*,#1687,.T.);
#2595=ORIENTED_EDGE('',*,*,#1942,.F.);
#2596=ORIENTED_EDGE('',*,*,#1943,.F.);
#2597=ORIENTED_EDGE('',*,*,#1944,.T.);
#2598=ORIENTED_EDGE('',*,*,#1945,.T.);
#2599=ORIENTED_EDGE('',*,*,#1946,.T.);
#2600=ORIENTED_EDGE('',*,*,#1947,.T.);
#2601=ORIENTED_EDGE('',*,*,#1948,.T.);
#2602=ORIENTED_EDGE('',*,*,#1949,.F.);
#2603=ORIENTED_EDGE('',*,*,#1945,.F.);
#2604=ORIENTED_EDGE('',*,*,#1950,.T.);
#2605=ORIENTED_EDGE('',*,*,#1951,.T.);
#2606=ORIENTED_EDGE('',*,*,#1952,.F.);
#2607=ORIENTED_EDGE('',*,*,#1946,.F.);
#2608=ORIENTED_EDGE('',*,*,#1949,.T.);
#2609=ORIENTED_EDGE('',*,*,#1953,.T.);
#2610=ORIENTED_EDGE('',*,*,#1950,.F.);
#2611=ORIENTED_EDGE('',*,*,#1944,.F.);
#2612=ORIENTED_EDGE('',*,*,#1954,.T.);
#2613=ORIENTED_EDGE('',*,*,#1955,.T.);
#2614=ORIENTED_EDGE('',*,*,#1956,.F.);
#2615=ORIENTED_EDGE('',*,*,#1751,.F.);
#2616=ORIENTED_EDGE('',*,*,#1957,.T.);
#2617=ORIENTED_EDGE('',*,*,#1958,.T.);
#2618=ORIENTED_EDGE('',*,*,#1959,.F.);
#2619=ORIENTED_EDGE('',*,*,#1748,.F.);
#2620=ORIENTED_EDGE('',*,*,#1956,.T.);
#2621=ORIENTED_EDGE('',*,*,#1960,.T.);
#2622=ORIENTED_EDGE('',*,*,#1961,.F.);
#2623=ORIENTED_EDGE('',*,*,#1749,.F.);
#2624=ORIENTED_EDGE('',*,*,#1959,.T.);
#2625=ORIENTED_EDGE('',*,*,#1962,.T.);
#2626=ORIENTED_EDGE('',*,*,#1963,.F.);
#2627=ORIENTED_EDGE('',*,*,#1746,.F.);
#2628=ORIENTED_EDGE('',*,*,#1964,.T.);
#2629=ORIENTED_EDGE('',*,*,#1965,.T.);
#2630=ORIENTED_EDGE('',*,*,#1966,.F.);
#2631=ORIENTED_EDGE('',*,*,#1747,.F.);
#2632=ORIENTED_EDGE('',*,*,#1963,.T.);
#2633=ORIENTED_EDGE('',*,*,#1967,.T.);
#2634=ORIENTED_EDGE('',*,*,#1964,.F.);
#2635=ORIENTED_EDGE('',*,*,#1745,.F.);
#2636=ORIENTED_EDGE('',*,*,#1968,.T.);
#2637=ORIENTED_EDGE('',*,*,#1969,.T.);
#2638=ORIENTED_EDGE('',*,*,#1970,.T.);
#2639=ORIENTED_EDGE('',*,*,#1971,.F.);
#2640=ORIENTED_EDGE('',*,*,#1664,.F.);
#2641=ORIENTED_EDGE('',*,*,#1766,.F.);
#2642=ORIENTED_EDGE('',*,*,#1972,.F.);
#2643=ORIENTED_EDGE('',*,*,#1969,.F.);
#2644=ORIENTED_EDGE('',*,*,#1663,.F.);
#2645=ORIENTED_EDGE('',*,*,#1647,.F.);
#2646=ORIENTED_EDGE('',*,*,#1973,.T.);
#2647=ORIENTED_EDGE('',*,*,#1974,.F.);
#2648=ORIENTED_EDGE('',*,*,#1975,.F.);
#2649=ORIENTED_EDGE('',*,*,#1976,.F.);
#2650=ORIENTED_EDGE('',*,*,#1977,.F.);
#2651=ORIENTED_EDGE('',*,*,#1978,.F.);
#2652=ORIENTED_EDGE('',*,*,#1979,.F.);
#2653=ORIENTED_EDGE('',*,*,#1980,.F.);
#2654=ORIENTED_EDGE('',*,*,#1981,.F.);
#2655=ORIENTED_EDGE('',*,*,#1982,.T.);
#2656=ORIENTED_EDGE('',*,*,#1983,.F.);
#2657=ORIENTED_EDGE('',*,*,#1979,.T.);
#2658=ORIENTED_EDGE('',*,*,#1984,.T.);
#2659=ORIENTED_EDGE('',*,*,#1985,.T.);
#2660=ORIENTED_EDGE('',*,*,#1984,.F.);
#2661=ORIENTED_EDGE('',*,*,#1978,.T.);
#2662=ORIENTED_EDGE('',*,*,#1986,.T.);
#2663=ORIENTED_EDGE('',*,*,#1987,.T.);
#2664=ORIENTED_EDGE('',*,*,#1988,.F.);
#2665=ORIENTED_EDGE('',*,*,#1989,.F.);
#2666=ORIENTED_EDGE('',*,*,#1976,.T.);
#2667=ORIENTED_EDGE('',*,*,#1990,.T.);
#2668=ORIENTED_EDGE('',*,*,#1983,.T.);
#2669=ORIENTED_EDGE('',*,*,#1991,.F.);
#2670=ORIENTED_EDGE('',*,*,#1992,.F.);
#2671=ORIENTED_EDGE('',*,*,#1980,.T.);
#2672=ORIENTED_EDGE('',*,*,#1993,.T.);
#2673=ORIENTED_EDGE('',*,*,#1994,.T.);
#2674=ORIENTED_EDGE('',*,*,#1995,.F.);
#2675=ORIENTED_EDGE('',*,*,#1996,.T.);
#2676=ORIENTED_EDGE('',*,*,#1997,.T.);
#2677=ORIENTED_EDGE('',*,*,#1998,.F.);
#2678=ORIENTED_EDGE('',*,*,#1999,.F.);
#2679=ORIENTED_EDGE('',*,*,#1756,.T.);
#2680=ORIENTED_EDGE('',*,*,#2000,.T.);
#2681=ORIENTED_EDGE('',*,*,#1998,.T.);
#2682=ORIENTED_EDGE('',*,*,#2001,.T.);
#2683=ORIENTED_EDGE('',*,*,#2002,.F.);
#2684=ORIENTED_EDGE('',*,*,#2003,.T.);
#2685=ORIENTED_EDGE('',*,*,#2004,.T.);
#2686=ORIENTED_EDGE('',*,*,#2005,.T.);
#2687=ORIENTED_EDGE('',*,*,#2006,.T.);
#2688=ORIENTED_EDGE('',*,*,#2007,.T.);
#2689=ORIENTED_EDGE('',*,*,#2008,.T.);
#2690=ORIENTED_EDGE('',*,*,#2009,.T.);
#2691=ORIENTED_EDGE('',*,*,#2010,.T.);
#2692=ORIENTED_EDGE('',*,*,#2011,.T.);
#2693=ORIENTED_EDGE('',*,*,#2012,.T.);
#2694=ORIENTED_EDGE('',*,*,#2013,.T.);
#2695=ORIENTED_EDGE('',*,*,#2014,.F.);
#2696=ORIENTED_EDGE('',*,*,#2015,.F.);
#2697=ORIENTED_EDGE('',*,*,#2008,.F.);
#2698=ORIENTED_EDGE('',*,*,#2016,.T.);
#2699=ORIENTED_EDGE('',*,*,#2017,.F.);
#2700=ORIENTED_EDGE('',*,*,#2013,.F.);
#2701=ORIENTED_EDGE('',*,*,#2007,.F.);
#2702=ORIENTED_EDGE('',*,*,#2018,.T.);
#2703=ORIENTED_EDGE('',*,*,#2019,.F.);
#2704=ORIENTED_EDGE('',*,*,#2010,.F.);
#2705=ORIENTED_EDGE('',*,*,#2020,.F.);
#2706=ORIENTED_EDGE('',*,*,#2021,.T.);
#2707=ORIENTED_EDGE('',*,*,#1929,.T.);
#2708=ORIENTED_EDGE('',*,*,#2022,.F.);
#2709=ORIENTED_EDGE('',*,*,#2023,.F.);
#2710=ORIENTED_EDGE('',*,*,#2024,.F.);
#2711=ORIENTED_EDGE('',*,*,#2022,.T.);
#2712=ORIENTED_EDGE('',*,*,#1928,.F.);
#2713=ORIENTED_EDGE('',*,*,#1666,.T.);
#2714=ORIENTED_EDGE('',*,*,#2025,.T.);
#2715=ORIENTED_EDGE('',*,*,#2016,.F.);
#2716=ORIENTED_EDGE('',*,*,#2006,.F.);
#2717=ORIENTED_EDGE('',*,*,#2026,.T.);
#2718=ORIENTED_EDGE('',*,*,#2015,.T.);
#2719=ORIENTED_EDGE('',*,*,#2027,.T.);
#2720=ORIENTED_EDGE('',*,*,#2020,.T.);
#2721=ORIENTED_EDGE('',*,*,#2009,.F.);
#2722=ORIENTED_EDGE('',*,*,#2028,.F.);
#2723=ORIENTED_EDGE('',*,*,#1986,.F.);
#2724=ORIENTED_EDGE('',*,*,#1977,.T.);
#2725=ORIENTED_EDGE('',*,*,#1989,.T.);
#2726=ORIENTED_EDGE('',*,*,#2029,.F.);
#2727=ORIENTED_EDGE('',*,*,#1713,.T.);
#2728=ORIENTED_EDGE('',*,*,#1934,.T.);
#2729=ORIENTED_EDGE('',*,*,#2030,.F.);
#2730=ORIENTED_EDGE('',*,*,#1981,.T.);
#2731=ORIENTED_EDGE('',*,*,#1992,.T.);
#2732=ORIENTED_EDGE('',*,*,#2031,.F.);
#2733=ORIENTED_EDGE('',*,*,#2032,.F.);
#2734=ORIENTED_EDGE('',*,*,#2033,.F.);
#2735=ORIENTED_EDGE('',*,*,#1960,.F.);
#2736=ORIENTED_EDGE('',*,*,#1958,.F.);
#2737=ORIENTED_EDGE('',*,*,#1955,.F.);
#2738=ORIENTED_EDGE('',*,*,#2034,.F.);
#2739=ORIENTED_EDGE('',*,*,#1965,.F.);
#2740=ORIENTED_EDGE('',*,*,#1962,.F.);
#2741=ORIENTED_EDGE('',*,*,#1967,.F.);
#2742=ORIENTED_EDGE('',*,*,#2035,.F.);
#2743=ORIENTED_EDGE('',*,*,#2036,.T.);
#2744=ORIENTED_EDGE('',*,*,#1990,.F.);
#2745=ORIENTED_EDGE('',*,*,#1975,.T.);
#2746=ORIENTED_EDGE('',*,*,#2037,.T.);
#2747=ORIENTED_EDGE('',*,*,#1951,.F.);
#2748=ORIENTED_EDGE('',*,*,#1948,.F.);
#2749=ORIENTED_EDGE('',*,*,#1953,.F.);
#2750=ORIENTED_EDGE('',*,*,#2038,.T.);
#2751=ORIENTED_EDGE('',*,*,#2011,.F.);
#2752=ORIENTED_EDGE('',*,*,#2019,.T.);
#2753=ORIENTED_EDGE('',*,*,#2039,.T.);
#2754=ORIENTED_EDGE('',*,*,#2040,.F.);
#2755=ORIENTED_EDGE('',*,*,#1971,.T.);
#2756=ORIENTED_EDGE('',*,*,#2041,.T.);
#2757=ORIENTED_EDGE('',*,*,#2042,.T.);
#2758=ORIENTED_EDGE('',*,*,#2031,.T.);
#2759=ORIENTED_EDGE('',*,*,#1991,.T.);
#2760=ORIENTED_EDGE('',*,*,#1985,.F.);
#2761=ORIENTED_EDGE('',*,*,#1987,.F.);
#2762=ORIENTED_EDGE('',*,*,#2028,.T.);
#2763=ORIENTED_EDGE('',*,*,#1988,.T.);
#2764=ORIENTED_EDGE('',*,*,#2036,.F.);
#2765=ORIENTED_EDGE('',*,*,#2043,.T.);
#2766=ORIENTED_EDGE('',*,*,#2023,.T.);
#2767=ORIENTED_EDGE('',*,*,#2024,.T.);
#2768=ORIENTED_EDGE('',*,*,#1665,.T.);
#2769=ORIENTED_EDGE('',*,*,#1690,.T.);
#2770=ORIENTED_EDGE('',*,*,#1685,.T.);
#2771=ORIENTED_EDGE('',*,*,#2044,.T.);
#2772=ORIENTED_EDGE('',*,*,#2012,.F.);
#2773=ORIENTED_EDGE('',*,*,#2038,.F.);
#2774=ORIENTED_EDGE('',*,*,#1954,.F.);
#2775=ORIENTED_EDGE('',*,*,#1947,.F.);
#2776=ORIENTED_EDGE('',*,*,#1952,.T.);
#2777=ORIENTED_EDGE('',*,*,#2037,.F.);
#2778=ORIENTED_EDGE('',*,*,#1974,.T.);
#2779=ORIENTED_EDGE('',*,*,#2045,.T.);
#2780=ORIENTED_EDGE('',*,*,#1705,.T.);
#2781=ORIENTED_EDGE('',*,*,#1702,.T.);
#2782=ORIENTED_EDGE('',*,*,#1699,.T.);
#2783=ORIENTED_EDGE('',*,*,#1696,.T.);
#2784=ORIENTED_EDGE('',*,*,#1693,.T.);
#2785=ORIENTED_EDGE('',*,*,#2030,.T.);
#2786=ORIENTED_EDGE('',*,*,#1938,.T.);
#2787=ORIENTED_EDGE('',*,*,#2046,.F.);
#2788=ORIENTED_EDGE('',*,*,#1982,.F.);
#2789=ORIENTED_EDGE('',*,*,#1937,.T.);
#2790=ORIENTED_EDGE('',*,*,#1703,.T.);
#2791=ORIENTED_EDGE('',*,*,#2045,.F.);
#2792=ORIENTED_EDGE('',*,*,#1973,.F.);
#2793=ORIENTED_EDGE('',*,*,#2046,.T.);
#2794=ORIENTED_EDGE('',*,*,#1939,.T.);
#2795=ORIENTED_EDGE('',*,*,#1708,.T.);
#2796=ORIENTED_EDGE('',*,*,#2047,.F.);
#2797=ORIENTED_EDGE('',*,*,#2048,.F.);
#2798=ORIENTED_EDGE('',*,*,#2002,.T.);
#2799=ORIENTED_EDGE('',*,*,#2049,.F.);
#2800=ORIENTED_EDGE('',*,*,#2026,.F.);
#2801=ORIENTED_EDGE('',*,*,#2005,.F.);
#2802=ORIENTED_EDGE('',*,*,#2050,.F.);
#2803=ORIENTED_EDGE('',*,*,#2051,.F.);
#2804=ORIENTED_EDGE('',*,*,#1940,.T.);
#2805=ORIENTED_EDGE('',*,*,#2050,.T.);
#2806=ORIENTED_EDGE('',*,*,#2004,.F.);
#2807=ORIENTED_EDGE('',*,*,#2044,.F.);
#2808=ORIENTED_EDGE('',*,*,#1684,.T.);
#2809=ORIENTED_EDGE('',*,*,#1941,.T.);
#2810=ORIENTED_EDGE('',*,*,#2051,.T.);
#2811=ORIENTED_EDGE('',*,*,#2003,.F.);
#2812=ORIENTED_EDGE('',*,*,#2052,.F.);
#2813=ORIENTED_EDGE('',*,*,#2053,.T.);
#2814=ORIENTED_EDGE('',*,*,#2054,.T.);
#2815=ORIENTED_EDGE('',*,*,#2055,.T.);
#2816=ORIENTED_EDGE('',*,*,#2056,.T.);
#2817=ORIENTED_EDGE('',*,*,#1698,.T.);
#2818=ORIENTED_EDGE('',*,*,#2057,.F.);
#2819=ORIENTED_EDGE('',*,*,#1875,.F.);
#2820=ORIENTED_EDGE('',*,*,#2057,.T.);
#2821=ORIENTED_EDGE('',*,*,#1701,.T.);
#2822=ORIENTED_EDGE('',*,*,#1936,.F.);
#2823=ORIENTED_EDGE('',*,*,#2058,.F.);
#2824=ORIENTED_EDGE('',*,*,#1878,.F.);
#2825=ORIENTED_EDGE('',*,*,#1876,.F.);
#2826=ORIENTED_EDGE('',*,*,#1942,.T.);
#2827=ORIENTED_EDGE('',*,*,#1689,.T.);
#2828=ORIENTED_EDGE('',*,*,#2059,.F.);
#2829=ORIENTED_EDGE('',*,*,#1801,.F.);
#2830=ORIENTED_EDGE('',*,*,#1805,.F.);
#2831=ORIENTED_EDGE('',*,*,#2060,.F.);
#2832=ORIENTED_EDGE('',*,*,#2059,.T.);
#2833=ORIENTED_EDGE('',*,*,#1692,.T.);
#2834=ORIENTED_EDGE('',*,*,#2061,.F.);
#2835=ORIENTED_EDGE('',*,*,#1802,.F.);
#2836=ORIENTED_EDGE('',*,*,#2060,.T.);
#2837=ORIENTED_EDGE('',*,*,#1804,.F.);
#2838=ORIENTED_EDGE('',*,*,#1774,.F.);
#2839=ORIENTED_EDGE('',*,*,#1797,.F.);
#2840=ORIENTED_EDGE('',*,*,#2062,.T.);
#2841=ORIENTED_EDGE('',*,*,#1871,.F.);
#2842=ORIENTED_EDGE('',*,*,#1847,.F.);
#2843=ORIENTED_EDGE('',*,*,#1877,.F.);
#2844=ORIENTED_EDGE('',*,*,#2058,.T.);
#2845=ORIENTED_EDGE('',*,*,#1935,.T.);
#2846=ORIENTED_EDGE('',*,*,#1933,.T.);
#2847=ORIENTED_EDGE('',*,*,#1943,.T.);
#2848=ORIENTED_EDGE('',*,*,#2061,.T.);
#2849=ORIENTED_EDGE('',*,*,#1695,.T.);
#2850=ORIENTED_EDGE('',*,*,#2056,.F.);
#2851=ORIENTED_EDGE('',*,*,#1874,.F.);
#2852=ORIENTED_EDGE('',*,*,#1872,.T.);
#2853=ORIENTED_EDGE('',*,*,#2062,.F.);
#2854=ORIENTED_EDGE('',*,*,#1799,.F.);
#2855=ORIENTED_EDGE('',*,*,#1803,.F.);
#2856=ORIENTED_EDGE('',*,*,#1762,.F.);
#2857=ORIENTED_EDGE('',*,*,#1767,.T.);
#2858=ORIENTED_EDGE('',*,*,#2063,.T.);
#2859=ORIENTED_EDGE('',*,*,#2032,.T.);
#2860=ORIENTED_EDGE('',*,*,#2042,.F.);
#2861=ORIENTED_EDGE('',*,*,#2064,.F.);
#2862=ORIENTED_EDGE('',*,*,#1972,.T.);
#2863=ORIENTED_EDGE('',*,*,#1765,.T.);
#2864=ORIENTED_EDGE('',*,*,#1763,.F.);
#2865=ORIENTED_EDGE('',*,*,#2064,.T.);
#2866=ORIENTED_EDGE('',*,*,#2041,.F.);
#2867=ORIENTED_EDGE('',*,*,#1970,.F.);
#2868=ORIENTED_EDGE('',*,*,#1741,.T.);
#2869=ORIENTED_EDGE('',*,*,#2065,.F.);
#2870=ORIENTED_EDGE('',*,*,#1842,.F.);
#2871=ORIENTED_EDGE('',*,*,#1920,.T.);
#2872=ORIENTED_EDGE('',*,*,#1735,.F.);
#2873=ORIENTED_EDGE('',*,*,#1921,.F.);
#2874=ORIENTED_EDGE('',*,*,#1840,.F.);
#2875=ORIENTED_EDGE('',*,*,#2066,.T.);
#2876=ORIENTED_EDGE('',*,*,#1724,.T.);
#2877=ORIENTED_EDGE('',*,*,#2067,.F.);
#2878=ORIENTED_EDGE('',*,*,#1915,.F.);
#2879=ORIENTED_EDGE('',*,*,#1918,.T.);
#2880=ORIENTED_EDGE('',*,*,#1743,.F.);
#2881=ORIENTED_EDGE('',*,*,#1919,.F.);
#2882=ORIENTED_EDGE('',*,*,#1913,.F.);
#2883=ORIENTED_EDGE('',*,*,#2068,.T.);
#2884=ORIENTED_EDGE('',*,*,#1927,.F.);
#2885=ORIENTED_EDGE('',*,*,#1736,.F.);
#2886=ORIENTED_EDGE('',*,*,#1844,.T.);
#2887=ORIENTED_EDGE('',*,*,#1672,.T.);
#2888=ORIENTED_EDGE('',*,*,#1930,.T.);
#2889=ORIENTED_EDGE('',*,*,#2021,.F.);
#2890=ORIENTED_EDGE('',*,*,#2043,.F.);
#2891=ORIENTED_EDGE('',*,*,#2035,.T.);
#2892=ORIENTED_EDGE('',*,*,#1968,.F.);
#2893=ORIENTED_EDGE('',*,*,#1744,.F.);
#2894=ORIENTED_EDGE('',*,*,#1966,.T.);
#2895=ORIENTED_EDGE('',*,*,#2034,.T.);
#2896=ORIENTED_EDGE('',*,*,#1957,.F.);
#2897=ORIENTED_EDGE('',*,*,#1750,.F.);
#2898=ORIENTED_EDGE('',*,*,#1961,.T.);
#2899=ORIENTED_EDGE('',*,*,#2040,.T.);
#2900=ORIENTED_EDGE('',*,*,#2069,.T.);
#2901=ORIENTED_EDGE('',*,*,#2054,.F.);
#2902=ORIENTED_EDGE('',*,*,#2070,.T.);
#2903=ORIENTED_EDGE('',*,*,#1676,.T.);
#2904=ORIENTED_EDGE('',*,*,#2071,.F.);
#2905=ORIENTED_EDGE('',*,*,#1730,.F.);
#2906=ORIENTED_EDGE('',*,*,#1726,.T.);
#2907=ORIENTED_EDGE('',*,*,#1733,.T.);
#2908=ORIENTED_EDGE('',*,*,#2066,.F.);
#2909=ORIENTED_EDGE('',*,*,#1843,.F.);
#2910=ORIENTED_EDGE('',*,*,#2065,.T.);
#2911=ORIENTED_EDGE('',*,*,#1740,.T.);
#2912=ORIENTED_EDGE('',*,*,#2068,.F.);
#2913=ORIENTED_EDGE('',*,*,#1916,.F.);
#2914=ORIENTED_EDGE('',*,*,#2067,.T.);
#2915=ORIENTED_EDGE('',*,*,#1723,.T.);
#2916=ORIENTED_EDGE('',*,*,#1720,.T.);
#2917=ORIENTED_EDGE('',*,*,#1716,.F.);
#2918=ORIENTED_EDGE('',*,*,#1926,.T.);
#2919=ORIENTED_EDGE('',*,*,#1668,.T.);
#2920=ORIENTED_EDGE('',*,*,#1827,.F.);
#2921=ORIENTED_EDGE('',*,*,#1831,.F.);
#2922=ORIENTED_EDGE('',*,*,#2072,.T.);
#2923=ORIENTED_EDGE('',*,*,#1616,.T.);
#2924=ORIENTED_EDGE('',*,*,#2072,.F.);
#2925=ORIENTED_EDGE('',*,*,#1830,.F.);
#2926=ORIENTED_EDGE('',*,*,#1828,.F.);
#2927=ORIENTED_EDGE('',*,*,#1813,.F.);
#2928=ORIENTED_EDGE('',*,*,#1924,.F.);
#2929=ORIENTED_EDGE('',*,*,#1816,.T.);
#2930=ORIENTED_EDGE('',*,*,#1839,.T.);
#2931=ORIENTED_EDGE('',*,*,#1837,.T.);
#2932=ORIENTED_EDGE('',*,*,#1835,.T.);
#2933=ORIENTED_EDGE('',*,*,#1833,.T.);
#2934=ORIENTED_EDGE('',*,*,#2073,.T.);
#2935=ORIENTED_EDGE('',*,*,#1614,.F.);
#2936=ORIENTED_EDGE('',*,*,#2073,.F.);
#2937=ORIENTED_EDGE('',*,*,#1806,.F.);
#2938=ORIENTED_EDGE('',*,*,#1832,.F.);
#2939=ORIENTED_EDGE('',*,*,#1612,.T.);
#2940=ORIENTED_EDGE('',*,*,#1900,.F.);
#2941=ORIENTED_EDGE('',*,*,#1904,.F.);
#2942=ORIENTED_EDGE('',*,*,#2074,.T.);
#2943=ORIENTED_EDGE('',*,*,#1620,.T.);
#2944=ORIENTED_EDGE('',*,*,#2074,.F.);
#2945=ORIENTED_EDGE('',*,*,#1903,.F.);
#2946=ORIENTED_EDGE('',*,*,#1901,.F.);
#2947=ORIENTED_EDGE('',*,*,#1886,.F.);
#2948=ORIENTED_EDGE('',*,*,#1925,.F.);
#2949=ORIENTED_EDGE('',*,*,#1889,.T.);
#2950=ORIENTED_EDGE('',*,*,#1912,.T.);
#2951=ORIENTED_EDGE('',*,*,#1910,.T.);
#2952=ORIENTED_EDGE('',*,*,#1908,.T.);
#2953=ORIENTED_EDGE('',*,*,#1906,.T.);
#2954=ORIENTED_EDGE('',*,*,#2075,.T.);
#2955=ORIENTED_EDGE('',*,*,#1617,.F.);
#2956=ORIENTED_EDGE('',*,*,#2075,.F.);
#2957=ORIENTED_EDGE('',*,*,#1879,.F.);
#2958=ORIENTED_EDGE('',*,*,#1905,.F.);
#2959=ORIENTED_EDGE('',*,*,#1622,.T.);
#2960=ORIENTED_EDGE('',*,*,#1922,.F.);
#2961=ORIENTED_EDGE('',*,*,#1731,.T.);
#2962=ORIENTED_EDGE('',*,*,#2071,.T.);
#2963=ORIENTED_EDGE('',*,*,#1675,.T.);
#2964=ORIENTED_EDGE('',*,*,#2070,.F.);
#2965=ORIENTED_EDGE('',*,*,#2053,.F.);
#2966=ORIENTED_EDGE('',*,*,#2076,.T.);
#2967=ORIENTED_EDGE('',*,*,#1677,.F.);
#2968=ORIENTED_EDGE('',*,*,#2076,.F.);
#2969=ORIENTED_EDGE('',*,*,#2052,.T.);
#2970=ORIENTED_EDGE('',*,*,#2077,.T.);
#2971=ORIENTED_EDGE('',*,*,#1678,.T.);
#2972=ORIENTED_EDGE('',*,*,#2077,.F.);
#2973=ORIENTED_EDGE('',*,*,#2055,.F.);
#2974=ORIENTED_EDGE('',*,*,#2069,.F.);
#2975=ORIENTED_EDGE('',*,*,#2039,.F.);
#2976=ORIENTED_EDGE('',*,*,#2018,.F.);
#2977=ORIENTED_EDGE('',*,*,#2027,.F.);
#2978=ORIENTED_EDGE('',*,*,#2014,.T.);
#2979=ORIENTED_EDGE('',*,*,#2017,.T.);
#2980=ORIENTED_EDGE('',*,*,#2025,.F.);
#2981=ORIENTED_EDGE('',*,*,#2049,.T.);
#2982=ORIENTED_EDGE('',*,*,#2001,.F.);
#2983=ORIENTED_EDGE('',*,*,#1997,.F.);
#2984=ORIENTED_EDGE('',*,*,#2078,.F.);
#2985=ORIENTED_EDGE('',*,*,#1679,.T.);
#2986=ORIENTED_EDGE('',*,*,#2078,.T.);
#2987=ORIENTED_EDGE('',*,*,#1996,.F.);
#2988=ORIENTED_EDGE('',*,*,#2079,.F.);
#2989=ORIENTED_EDGE('',*,*,#1680,.T.);
#2990=ORIENTED_EDGE('',*,*,#2079,.T.);
#2991=ORIENTED_EDGE('',*,*,#1995,.T.);
#2992=ORIENTED_EDGE('',*,*,#2080,.T.);
#2993=ORIENTED_EDGE('',*,*,#1632,.T.);
#2994=ORIENTED_EDGE('',*,*,#1681,.T.);
#2995=ORIENTED_EDGE('',*,*,#2080,.F.);
#2996=ORIENTED_EDGE('',*,*,#1994,.F.);
#2997=ORIENTED_EDGE('',*,*,#2081,.T.);
#2998=ORIENTED_EDGE('',*,*,#1633,.T.);
#2999=ORIENTED_EDGE('',*,*,#2081,.F.);
#3000=ORIENTED_EDGE('',*,*,#1993,.F.);
#3001=ORIENTED_EDGE('',*,*,#2000,.F.);
#3002=ORIENTED_EDGE('',*,*,#1758,.F.);
#3003=ORIENTED_EDGE('',*,*,#1754,.F.);
#3004=ORIENTED_EDGE('',*,*,#2082,.F.);
#3005=ORIENTED_EDGE('',*,*,#1629,.F.);
#3006=ORIENTED_EDGE('',*,*,#1626,.F.);
#3007=ORIENTED_EDGE('',*,*,#1641,.F.);
#3008=ORIENTED_EDGE('',*,*,#1638,.F.);
#3009=ORIENTED_EDGE('',*,*,#1634,.F.);
#3010=ORIENTED_EDGE('',*,*,#2082,.T.);
#3011=ORIENTED_EDGE('',*,*,#1753,.T.);
#3012=ORIENTED_EDGE('',*,*,#2083,.F.);
#3013=ORIENTED_EDGE('',*,*,#1630,.F.);
#3014=ORIENTED_EDGE('',*,*,#2083,.T.);
#3015=ORIENTED_EDGE('',*,*,#1752,.T.);
#3016=ORIENTED_EDGE('',*,*,#1757,.T.);
#3017=ORIENTED_EDGE('',*,*,#1999,.T.);
#3018=ORIENTED_EDGE('',*,*,#2048,.T.);
#3019=ORIENTED_EDGE('',*,*,#2084,.T.);
#3020=ORIENTED_EDGE('',*,*,#1682,.T.);
#3021=ORIENTED_EDGE('',*,*,#1631,.T.);
#3022=ORIENTED_EDGE('',*,*,#2084,.F.);
#3023=ORIENTED_EDGE('',*,*,#2047,.T.);
#3024=ORIENTED_EDGE('',*,*,#1707,.T.);
#3025=ORIENTED_EDGE('',*,*,#1711,.T.);
#3026=ORIENTED_EDGE('',*,*,#1714,.T.);
#3027=ORIENTED_EDGE('',*,*,#2029,.T.);
#3028=ORIENTED_EDGE('',*,*,#2085,.T.);
#3029=ORIENTED_EDGE('',*,*,#1661,.T.);
#3030=ORIENTED_EDGE('',*,*,#2085,.F.);
#3031=ORIENTED_EDGE('',*,*,#2033,.T.);
#3032=ORIENTED_EDGE('',*,*,#2063,.F.);
#3033=ORIENTED_EDGE('',*,*,#1769,.F.);
#3034=ORIENTED_EDGE('',*,*,#1770,.F.);
#3035=ORIENTED_EDGE('',*,*,#1772,.F.);
#3036=ORIENTED_EDGE('',*,*,#1652,.F.);
#3037=ORIENTED_EDGE('',*,*,#1662,.F.);
#3038=PLANE('',#3559);
#3039=PLANE('',#3560);
#3040=PLANE('',#3561);
#3041=PLANE('',#3562);
#3042=PLANE('',#3563);
#3043=PLANE('',#3572);
#3044=PLANE('',#3576);
#3045=PLANE('',#3577);
#3046=PLANE('',#3586);
#3047=PLANE('',#3587);
#3048=PLANE('',#3589);
#3049=PLANE('',#3592);
#3050=PLANE('',#3593);
#3051=PLANE('',#3594);
#3052=PLANE('',#3595);
#3053=PLANE('',#3596);
#3054=PLANE('',#3597);
#3055=PLANE('',#3598);
#3056=PLANE('',#3599);
#3057=PLANE('',#3600);
#3058=PLANE('',#3601);
#3059=PLANE('',#3602);
#3060=PLANE('',#3603);
#3061=PLANE('',#3604);
#3062=PLANE('',#3605);
#3063=PLANE('',#3606);
#3064=PLANE('',#3607);
#3065=PLANE('',#3608);
#3066=PLANE('',#3609);
#3067=PLANE('',#3610);
#3068=PLANE('',#3611);
#3069=PLANE('',#3615);
#3070=PLANE('',#3616);
#3071=PLANE('',#3618);
#3072=PLANE('',#3619);
#3073=PLANE('',#3622);
#3074=PLANE('',#3623);
#3075=PLANE('',#3624);
#3076=PLANE('',#3625);
#3077=PLANE('',#3626);
#3078=PLANE('',#3627);
#3079=PLANE('',#3628);
#3080=PLANE('',#3629);
#3081=PLANE('',#3630);
#3082=PLANE('',#3631);
#3083=PLANE('',#3632);
#3084=PLANE('',#3633);
#3085=PLANE('',#3634);
#3086=PLANE('',#3635);
#3087=PLANE('',#3636);
#3088=PLANE('',#3637);
#3089=PLANE('',#3638);
#3090=PLANE('',#3639);
#3091=PLANE('',#3640);
#3092=PLANE('',#3647);
#3093=PLANE('',#3648);
#3094=PLANE('',#3649);
#3095=PLANE('',#3652);
#3096=PLANE('',#3655);
#3097=PLANE('',#3656);
#3098=PLANE('',#3657);
#3099=PLANE('',#3658);
#3100=PLANE('',#3659);
#3101=PLANE('',#3660);
#3102=PLANE('',#3661);
#3103=PLANE('',#3662);
#3104=PLANE('',#3663);
#3105=PLANE('',#3664);
#3106=PLANE('',#3665);
#3107=PLANE('',#3666);
#3108=PLANE('',#3667);
#3109=PLANE('',#3668);
#3110=PLANE('',#3669);
#3111=PLANE('',#3670);
#3112=PLANE('',#3671);
#3113=PLANE('',#3672);
#3114=PLANE('',#3673);
#3115=PLANE('',#3674);
#3116=PLANE('',#3681);
#3117=PLANE('',#3682);
#3118=PLANE('',#3683);
#3119=PLANE('',#3686);
#3120=PLANE('',#3689);
#3121=PLANE('',#3690);
#3122=PLANE('',#3691);
#3123=PLANE('',#3692);
#3124=PLANE('',#3693);
#3125=PLANE('',#3694);
#3126=PLANE('',#3695);
#3127=PLANE('',#3696);
#3128=PLANE('',#3697);
#3129=PLANE('',#3698);
#3130=PLANE('',#3699);
#3131=PLANE('',#3700);
#3132=PLANE('',#3701);
#3133=PLANE('',#3702);
#3134=PLANE('',#3703);
#3135=PLANE('',#3704);
#3136=PLANE('',#3705);
#3137=PLANE('',#3706);
#3138=PLANE('',#3707);
#3139=PLANE('',#3708);
#3140=PLANE('',#3709);
#3141=PLANE('',#3710);
#3142=PLANE('',#3711);
#3143=PLANE('',#3712);
#3144=PLANE('',#3713);
#3145=PLANE('',#3714);
#3146=PLANE('',#3715);
#3147=PLANE('',#3716);
#3148=PLANE('',#3717);
#3149=PLANE('',#3718);
#3150=PLANE('',#3719);
#3151=PLANE('',#3720);
#3152=PLANE('',#3721);
#3153=PLANE('',#3722);
#3154=PLANE('',#3723);
#3155=PLANE('',#3724);
#3156=PLANE('',#3725);
#3157=PLANE('',#3726);
#3158=PLANE('',#3727);
#3159=PLANE('',#3728);
#3160=PLANE('',#3729);
#3161=PLANE('',#3730);
#3162=PLANE('',#3731);
#3163=PLANE('',#3732);
#3164=PLANE('',#3733);
#3165=PLANE('',#3734);
#3166=PLANE('',#3735);
#3167=PLANE('',#3736);
#3168=PLANE('',#3737);
#3169=PLANE('',#3738);
#3170=PLANE('',#3739);
#3171=PLANE('',#3740);
#3172=PLANE('',#3741);
#3173=PLANE('',#3742);
#3174=PLANE('',#3743);
#3175=PLANE('',#3744);
#3176=PLANE('',#3745);
#3177=PLANE('',#3746);
#3178=PLANE('',#3747);
#3179=PLANE('',#3748);
#3180=PLANE('',#3751);
#3181=PLANE('',#3752);
#3182=PLANE('',#3755);
#3183=PLANE('',#3756);
#3184=PLANE('',#3757);
#3185=PLANE('',#3758);
#3186=PLANE('',#3759);
#3187=PLANE('',#3760);
#3188=PLANE('',#3761);
#3189=PLANE('',#3762);
#3190=PLANE('',#3763);
#3191=PLANE('',#3764);
#3192=PLANE('',#3765);
#3193=PLANE('',#3766);
#3194=PLANE('',#3767);
#3195=PLANE('',#3768);
#3196=STYLED_ITEM('',(#5611),#3371);
#3197=STYLED_ITEM('',(#5611),#3372);
#3198=STYLED_ITEM('',(#5611),#3373);
#3199=STYLED_ITEM('',(#5611),#3374);
#3200=STYLED_ITEM('',(#5611),#3375);
#3201=STYLED_ITEM('',(#5611),#3376);
#3202=STYLED_ITEM('',(#5611),#3377);
#3203=STYLED_ITEM('',(#5611),#3378);
#3204=STYLED_ITEM('',(#5611),#3379);
#3205=STYLED_ITEM('',(#5611),#3380);
#3206=STYLED_ITEM('',(#5611),#3381);
#3207=STYLED_ITEM('',(#5611),#3382);
#3208=STYLED_ITEM('',(#5611),#3383);
#3209=STYLED_ITEM('',(#5611),#3384);
#3210=STYLED_ITEM('',(#5611),#3385);
#3211=STYLED_ITEM('',(#5612),#3386);
#3212=STYLED_ITEM('',(#5611),#3387);
#3213=STYLED_ITEM('',(#5612),#3388);
#3214=STYLED_ITEM('',(#5612),#3389);
#3215=STYLED_ITEM('',(#5612),#3390);
#3216=STYLED_ITEM('',(#5612),#3391);
#3217=STYLED_ITEM('',(#5612),#3392);
#3218=STYLED_ITEM('',(#5612),#3393);
#3219=STYLED_ITEM('',(#5612),#3394);
#3220=STYLED_ITEM('',(#5612),#3395);
#3221=STYLED_ITEM('',(#5612),#3396);
#3222=STYLED_ITEM('',(#5612),#3397);
#3223=STYLED_ITEM('',(#5612),#3398);
#3224=STYLED_ITEM('',(#5612),#3399);
#3225=STYLED_ITEM('',(#5612),#3400);
#3226=STYLED_ITEM('',(#5612),#3401);
#3227=STYLED_ITEM('',(#5612),#3402);
#3228=STYLED_ITEM('',(#5612),#3403);
#3229=STYLED_ITEM('',(#5612),#3404);
#3230=STYLED_ITEM('',(#5612),#3405);
#3231=STYLED_ITEM('',(#5612),#3406);
#3232=STYLED_ITEM('',(#5612),#3407);
#3233=STYLED_ITEM('',(#5611),#3408);
#3234=STYLED_ITEM('',(#5611),#3409);
#3235=STYLED_ITEM('',(#5611),#3410);
#3236=STYLED_ITEM('',(#5611),#3411);
#3237=STYLED_ITEM('',(#5611),#3412);
#3238=STYLED_ITEM('',(#5611),#3413);
#3239=STYLED_ITEM('',(#5611),#3414);
#3240=STYLED_ITEM('',(#5612),#3415);
#3241=STYLED_ITEM('',(#5611),#3416);
#3242=STYLED_ITEM('',(#5611),#3417);
#3243=STYLED_ITEM('',(#5611),#3418);
#3244=STYLED_ITEM('',(#5611),#3419);
#3245=STYLED_ITEM('',(#5611),#3420);
#3246=STYLED_ITEM('',(#5611),#3421);
#3247=STYLED_ITEM('',(#5611),#3422);
#3248=STYLED_ITEM('',(#5611),#3423);
#3249=STYLED_ITEM('',(#5611),#3424);
#3250=STYLED_ITEM('',(#5612),#3425);
#3251=STYLED_ITEM('',(#5612),#3426);
#3252=STYLED_ITEM('',(#5612),#3427);
#3253=STYLED_ITEM('',(#5611),#3428);
#3254=STYLED_ITEM('',(#5611),#3429);
#3255=STYLED_ITEM('',(#5611),#3430);
#3256=STYLED_ITEM('',(#5611),#3431);
#3257=STYLED_ITEM('',(#5611),#3432);
#3258=STYLED_ITEM('',(#5611),#3433);
#3259=STYLED_ITEM('',(#5611),#3434);
#3260=STYLED_ITEM('',(#5611),#3435);
#3261=STYLED_ITEM('',(#5611),#3436);
#3262=STYLED_ITEM('',(#5611),#3437);
#3263=STYLED_ITEM('',(#5611),#3438);
#3264=STYLED_ITEM('',(#5611),#3439);
#3265=STYLED_ITEM('',(#5612),#3440);
#3266=STYLED_ITEM('',(#5612),#3441);
#3267=STYLED_ITEM('',(#5612),#3442);
#3268=STYLED_ITEM('',(#5611),#3443);
#3269=STYLED_ITEM('',(#5611),#3444);
#3270=STYLED_ITEM('',(#5611),#3445);
#3271=STYLED_ITEM('',(#5611),#3446);
#3272=STYLED_ITEM('',(#5611),#3447);
#3273=STYLED_ITEM('',(#5611),#3448);
#3274=STYLED_ITEM('',(#5611),#3449);
#3275=STYLED_ITEM('',(#5611),#3450);
#3276=STYLED_ITEM('',(#5611),#3451);
#3277=STYLED_ITEM('',(#5612),#3452);
#3278=STYLED_ITEM('',(#5612),#3453);
#3279=STYLED_ITEM('',(#5612),#3454);
#3280=STYLED_ITEM('',(#5611),#3455);
#3281=STYLED_ITEM('',(#5611),#3456);
#3282=STYLED_ITEM('',(#5611),#3457);
#3283=STYLED_ITEM('',(#5611),#3458);
#3284=STYLED_ITEM('',(#5611),#3459);
#3285=STYLED_ITEM('',(#5611),#3460);
#3286=STYLED_ITEM('',(#5611),#3461);
#3287=STYLED_ITEM('',(#5611),#3462);
#3288=STYLED_ITEM('',(#5611),#3463);
#3289=STYLED_ITEM('',(#5611),#3464);
#3290=STYLED_ITEM('',(#5611),#3465);
#3291=STYLED_ITEM('',(#5611),#3466);
#3292=STYLED_ITEM('',(#5612),#3467);
#3293=STYLED_ITEM('',(#5612),#3468);
#3294=STYLED_ITEM('',(#5612),#3469);
#3295=STYLED_ITEM('',(#5612),#3470);
#3296=STYLED_ITEM('',(#5612),#3471);
#3297=STYLED_ITEM('',(#5612),#3472);
#3298=STYLED_ITEM('',(#5612),#3473);
#3299=STYLED_ITEM('',(#5612),#3474);
#3300=STYLED_ITEM('',(#5612),#3475);
#3301=STYLED_ITEM('',(#5612),#3476);
#3302=STYLED_ITEM('',(#5612),#3477);
#3303=STYLED_ITEM('',(#5612),#3478);
#3304=STYLED_ITEM('',(#5612),#3479);
#3305=STYLED_ITEM('',(#5612),#3480);
#3306=STYLED_ITEM('',(#5612),#3481);
#3307=STYLED_ITEM('',(#5612),#3482);
#3308=STYLED_ITEM('',(#5612),#3483);
#3309=STYLED_ITEM('',(#5612),#3484);
#3310=STYLED_ITEM('',(#5612),#3485);
#3311=STYLED_ITEM('',(#5612),#3486);
#3312=STYLED_ITEM('',(#5612),#3487);
#3313=STYLED_ITEM('',(#5612),#3488);
#3314=STYLED_ITEM('',(#5612),#3489);
#3315=STYLED_ITEM('',(#5612),#3490);
#3316=STYLED_ITEM('',(#5612),#3491);
#3317=STYLED_ITEM('',(#5612),#3492);
#3318=STYLED_ITEM('',(#5612),#3493);
#3319=STYLED_ITEM('',(#5612),#3494);
#3320=STYLED_ITEM('',(#5612),#3495);
#3321=STYLED_ITEM('',(#5612),#3496);
#3322=STYLED_ITEM('',(#5612),#3497);
#3323=STYLED_ITEM('',(#5612),#3498);
#3324=STYLED_ITEM('',(#5612),#3499);
#3325=STYLED_ITEM('',(#5612),#3500);
#3326=STYLED_ITEM('',(#5612),#3501);
#3327=STYLED_ITEM('',(#5612),#3502);
#3328=STYLED_ITEM('',(#5612),#3503);
#3329=STYLED_ITEM('',(#5612),#3504);
#3330=STYLED_ITEM('',(#5612),#3505);
#3331=STYLED_ITEM('',(#5612),#3506);
#3332=STYLED_ITEM('',(#5612),#3507);
#3333=STYLED_ITEM('',(#5612),#3508);
#3334=STYLED_ITEM('',(#5612),#3509);
#3335=STYLED_ITEM('',(#5612),#3510);
#3336=STYLED_ITEM('',(#5612),#3511);
#3337=STYLED_ITEM('',(#5612),#3512);
#3338=STYLED_ITEM('',(#5612),#3513);
#3339=STYLED_ITEM('',(#5612),#3514);
#3340=STYLED_ITEM('',(#5612),#3515);
#3341=STYLED_ITEM('',(#5612),#3516);
#3342=STYLED_ITEM('',(#5612),#3517);
#3343=STYLED_ITEM('',(#5612),#3518);
#3344=STYLED_ITEM('',(#5612),#3519);
#3345=STYLED_ITEM('',(#5612),#3520);
#3346=STYLED_ITEM('',(#5612),#3521);
#3347=STYLED_ITEM('',(#5612),#3522);
#3348=STYLED_ITEM('',(#5612),#3523);
#3349=STYLED_ITEM('',(#5612),#3524);
#3350=STYLED_ITEM('',(#5612),#3525);
#3351=STYLED_ITEM('',(#5612),#3526);
#3352=STYLED_ITEM('',(#5611),#3527);
#3353=STYLED_ITEM('',(#5611),#3528);
#3354=STYLED_ITEM('',(#5611),#3529);
#3355=STYLED_ITEM('',(#5611),#3530);
#3356=STYLED_ITEM('',(#5611),#3531);
#3357=STYLED_ITEM('',(#5611),#3532);
#3358=STYLED_ITEM('',(#5612),#3533);
#3359=STYLED_ITEM('',(#5612),#3534);
#3360=STYLED_ITEM('',(#5612),#3535);
#3361=STYLED_ITEM('',(#5612),#3536);
#3362=STYLED_ITEM('',(#5612),#3537);
#3363=STYLED_ITEM('',(#5612),#3538);
#3364=STYLED_ITEM('',(#5611),#3539);
#3365=STYLED_ITEM('',(#5611),#3540);
#3366=STYLED_ITEM('',(#5611),#3541);
#3367=STYLED_ITEM('',(#5612),#3542);
#3368=STYLED_ITEM('',(#5612),#3543);
#3369=STYLED_ITEM('',(#5612),#3544);
#3370=STYLED_ITEM('',(#5610),#13);
#3371=ADVANCED_FACE('',(#70),#3038,.F.);
#3372=ADVANCED_FACE('',(#71),#3039,.T.);
#3373=ADVANCED_FACE('',(#72),#3040,.T.);
#3374=ADVANCED_FACE('',(#73),#3041,.F.);
#3375=ADVANCED_FACE('',(#74),#3042,.T.);
#3376=ADVANCED_FACE('',(#75),#54,.T.);
#3377=ADVANCED_FACE('',(#76),#55,.T.);
#3378=ADVANCED_FACE('',(#77),#3043,.T.);
#3379=ADVANCED_FACE('',(#78),#56,.F.);
#3380=ADVANCED_FACE('',(#79),#3044,.F.);
#3381=ADVANCED_FACE('',(#80),#3045,.F.);
#3382=ADVANCED_FACE('',(#81),#57,.T.);
#3383=ADVANCED_FACE('',(#82),#58,.T.);
#3384=ADVANCED_FACE('',(#83),#3046,.F.);
#3385=ADVANCED_FACE('',(#84),#3047,.F.);
#3386=ADVANCED_FACE('',(#85),#3048,.F.);
#3387=ADVANCED_FACE('',(#86),#59,.F.);
#3388=ADVANCED_FACE('',(#87),#3049,.F.);
#3389=ADVANCED_FACE('',(#88),#3050,.F.);
#3390=ADVANCED_FACE('',(#89),#3051,.F.);
#3391=ADVANCED_FACE('',(#90),#3052,.F.);
#3392=ADVANCED_FACE('',(#91),#3053,.F.);
#3393=ADVANCED_FACE('',(#92),#3054,.F.);
#3394=ADVANCED_FACE('',(#93),#3055,.F.);
#3395=ADVANCED_FACE('',(#94),#3056,.F.);
#3396=ADVANCED_FACE('',(#95),#3057,.F.);
#3397=ADVANCED_FACE('',(#96),#3058,.F.);
#3398=ADVANCED_FACE('',(#97),#3059,.F.);
#3399=ADVANCED_FACE('',(#98),#3060,.T.);
#3400=ADVANCED_FACE('',(#99),#3061,.T.);
#3401=ADVANCED_FACE('',(#100),#3062,.T.);
#3402=ADVANCED_FACE('',(#101),#3063,.F.);
#3403=ADVANCED_FACE('',(#102),#3064,.T.);
#3404=ADVANCED_FACE('',(#103),#3065,.F.);
#3405=ADVANCED_FACE('',(#104),#3066,.T.);
#3406=ADVANCED_FACE('',(#105),#3067,.T.);
#3407=ADVANCED_FACE('',(#106),#3068,.T.);
#3408=ADVANCED_FACE('',(#107),#60,.T.);
#3409=ADVANCED_FACE('',(#108),#3069,.T.);
#3410=ADVANCED_FACE('',(#109),#3070,.T.);
#3411=ADVANCED_FACE('',(#110),#3071,.F.);
#3412=ADVANCED_FACE('',(#111),#3072,.F.);
#3413=ADVANCED_FACE('',(#112),#61,.T.);
#3414=ADVANCED_FACE('',(#113),#3073,.F.);
#3415=ADVANCED_FACE('',(#114),#3074,.F.);
#3416=ADVANCED_FACE('',(#115),#3075,.T.);
#3417=ADVANCED_FACE('',(#116),#3076,.F.);
#3418=ADVANCED_FACE('',(#117),#3077,.T.);
#3419=ADVANCED_FACE('',(#118),#3078,.F.);
#3420=ADVANCED_FACE('',(#119),#3079,.T.);
#3421=ADVANCED_FACE('',(#120),#3080,.F.);
#3422=ADVANCED_FACE('',(#121),#3081,.T.);
#3423=ADVANCED_FACE('',(#122),#3082,.F.);
#3424=ADVANCED_FACE('',(#123),#3083,.T.);
#3425=ADVANCED_FACE('',(#124),#3084,.F.);
#3426=ADVANCED_FACE('',(#125,#14),#3085,.F.);
#3427=ADVANCED_FACE('',(#126),#3086,.F.);
#3428=ADVANCED_FACE('',(#127),#3087,.T.);
#3429=ADVANCED_FACE('',(#128),#3088,.T.);
#3430=ADVANCED_FACE('',(#129),#3089,.T.);
#3431=ADVANCED_FACE('',(#130),#3090,.F.);
#3432=ADVANCED_FACE('',(#131),#3091,.F.);
#3433=ADVANCED_FACE('',(#132),#62,.F.);
#3434=ADVANCED_FACE('',(#133),#3092,.T.);
#3435=ADVANCED_FACE('',(#134),#3093,.T.);
#3436=ADVANCED_FACE('',(#135),#3094,.F.);
#3437=ADVANCED_FACE('',(#136),#63,.F.);
#3438=ADVANCED_FACE('',(#137),#3095,.F.);
#3439=ADVANCED_FACE('',(#138),#64,.T.);
#3440=ADVANCED_FACE('',(#139),#3096,.T.);
#3441=ADVANCED_FACE('',(#140),#3097,.F.);
#3442=ADVANCED_FACE('',(#141),#3098,.F.);
#3443=ADVANCED_FACE('',(#142),#3099,.T.);
#3444=ADVANCED_FACE('',(#143),#3100,.F.);
#3445=ADVANCED_FACE('',(#144),#3101,.T.);
#3446=ADVANCED_FACE('',(#145),#3102,.F.);
#3447=ADVANCED_FACE('',(#146),#3103,.T.);
#3448=ADVANCED_FACE('',(#147),#3104,.F.);
#3449=ADVANCED_FACE('',(#148),#3105,.T.);
#3450=ADVANCED_FACE('',(#149),#3106,.F.);
#3451=ADVANCED_FACE('',(#150),#3107,.T.);
#3452=ADVANCED_FACE('',(#151),#3108,.F.);
#3453=ADVANCED_FACE('',(#152,#15),#3109,.F.);
#3454=ADVANCED_FACE('',(#153),#3110,.F.);
#3455=ADVANCED_FACE('',(#154),#3111,.T.);
#3456=ADVANCED_FACE('',(#155),#3112,.T.);
#3457=ADVANCED_FACE('',(#156),#3113,.T.);
#3458=ADVANCED_FACE('',(#157),#3114,.F.);
#3459=ADVANCED_FACE('',(#158),#3115,.F.);
#3460=ADVANCED_FACE('',(#159),#65,.F.);
#3461=ADVANCED_FACE('',(#160),#3116,.T.);
#3462=ADVANCED_FACE('',(#161),#3117,.T.);
#3463=ADVANCED_FACE('',(#162),#3118,.F.);
#3464=ADVANCED_FACE('',(#163),#66,.F.);
#3465=ADVANCED_FACE('',(#164),#3119,.F.);
#3466=ADVANCED_FACE('',(#165),#67,.T.);
#3467=ADVANCED_FACE('',(#166),#3120,.T.);
#3468=ADVANCED_FACE('',(#167,#16,#17),#3121,.F.);
#3469=ADVANCED_FACE('',(#168),#3122,.F.);
#3470=ADVANCED_FACE('',(#169),#3123,.F.);
#3471=ADVANCED_FACE('',(#170),#3124,.F.);
#3472=ADVANCED_FACE('',(#171),#3125,.F.);
#3473=ADVANCED_FACE('',(#172),#3126,.F.);
#3474=ADVANCED_FACE('',(#173),#3127,.F.);
#3475=ADVANCED_FACE('',(#174),#3128,.T.);
#3476=ADVANCED_FACE('',(#175),#3129,.F.);
#3477=ADVANCED_FACE('',(#176),#3130,.F.);
#3478=ADVANCED_FACE('',(#177),#3131,.F.);
#3479=ADVANCED_FACE('',(#178),#3132,.F.);
#3480=ADVANCED_FACE('',(#179),#3133,.F.);
#3481=ADVANCED_FACE('',(#180),#3134,.F.);
#3482=ADVANCED_FACE('',(#181),#3135,.F.);
#3483=ADVANCED_FACE('',(#182),#3136,.F.);
#3484=ADVANCED_FACE('',(#183),#3137,.F.);
#3485=ADVANCED_FACE('',(#184),#3138,.T.);
#3486=ADVANCED_FACE('',(#185),#3139,.T.);
#3487=ADVANCED_FACE('',(#186),#3140,.T.);
#3488=ADVANCED_FACE('',(#187),#3141,.T.);
#3489=ADVANCED_FACE('',(#188),#3142,.T.);
#3490=ADVANCED_FACE('',(#189),#3143,.T.);
#3491=ADVANCED_FACE('',(#190),#3144,.T.);
#3492=ADVANCED_FACE('',(#191),#3145,.F.);
#3493=ADVANCED_FACE('',(#192),#3146,.F.);
#3494=ADVANCED_FACE('',(#193),#3147,.T.);
#3495=ADVANCED_FACE('',(#194),#3148,.F.);
#3496=ADVANCED_FACE('',(#195),#3149,.F.);
#3497=ADVANCED_FACE('',(#196),#3150,.F.);
#3498=ADVANCED_FACE('',(#197),#3151,.F.);
#3499=ADVANCED_FACE('',(#198),#3152,.F.);
#3500=ADVANCED_FACE('',(#199),#3153,.F.);
#3501=ADVANCED_FACE('',(#200),#3154,.F.);
#3502=ADVANCED_FACE('',(#201),#3155,.T.);
#3503=ADVANCED_FACE('',(#202),#3156,.F.);
#3504=ADVANCED_FACE('',(#203),#3157,.T.);
#3505=ADVANCED_FACE('',(#204),#3158,.F.);
#3506=ADVANCED_FACE('',(#205),#3159,.F.);
#3507=ADVANCED_FACE('',(#206),#3160,.F.);
#3508=ADVANCED_FACE('',(#207),#3161,.F.);
#3509=ADVANCED_FACE('',(#208),#3162,.F.);
#3510=ADVANCED_FACE('',(#209),#3163,.F.);
#3511=ADVANCED_FACE('',(#210),#3164,.F.);
#3512=ADVANCED_FACE('',(#211),#3165,.F.);
#3513=ADVANCED_FACE('',(#212),#3166,.F.);
#3514=ADVANCED_FACE('',(#213),#3167,.F.);
#3515=ADVANCED_FACE('',(#214),#3168,.F.);
#3516=ADVANCED_FACE('',(#215),#3169,.F.);
#3517=ADVANCED_FACE('',(#216),#3170,.T.);
#3518=ADVANCED_FACE('',(#217),#3171,.F.);
#3519=ADVANCED_FACE('',(#218),#3172,.T.);
#3520=ADVANCED_FACE('',(#219),#3173,.T.);
#3521=ADVANCED_FACE('',(#220),#3174,.F.);
#3522=ADVANCED_FACE('',(#221),#3175,.F.);
#3523=ADVANCED_FACE('',(#222),#3176,.F.);
#3524=ADVANCED_FACE('',(#223),#3177,.F.);
#3525=ADVANCED_FACE('',(#224),#3178,.F.);
#3526=ADVANCED_FACE('',(#225),#3179,.F.);
#3527=ADVANCED_FACE('',(#226),#68,.T.);
#3528=ADVANCED_FACE('',(#227),#3180,.T.);
#3529=ADVANCED_FACE('',(#228),#3181,.F.);
#3530=ADVANCED_FACE('',(#229),#69,.T.);
#3531=ADVANCED_FACE('',(#230),#3182,.T.);
#3532=ADVANCED_FACE('',(#231),#3183,.F.);
#3533=ADVANCED_FACE('',(#232),#3184,.F.);
#3534=ADVANCED_FACE('',(#233),#3185,.F.);
#3535=ADVANCED_FACE('',(#234),#3186,.F.);
#3536=ADVANCED_FACE('',(#235),#3187,.F.);
#3537=ADVANCED_FACE('',(#236),#3188,.F.);
#3538=ADVANCED_FACE('',(#237),#3189,.T.);
#3539=ADVANCED_FACE('',(#238),#3190,.T.);
#3540=ADVANCED_FACE('',(#239),#3191,.T.);
#3541=ADVANCED_FACE('',(#240),#3192,.T.);
#3542=ADVANCED_FACE('',(#241),#3193,.T.);
#3543=ADVANCED_FACE('',(#242),#3194,.F.);
#3544=ADVANCED_FACE('',(#243),#3195,.T.);
#3545=CLOSED_SHELL('',(#3371,#3372,#3373,#3374,#3375,#3376,#3377,#3378,
#3379,#3380,#3381,#3382,#3383,#3384,#3385,#3386,#3387,#3388,#3389,#3390,
#3391,#3392,#3393,#3394,#3395,#3396,#3397,#3398,#3399,#3400,#3401,#3402,
#3403,#3404,#3405,#3406,#3407,#3408,#3409,#3410,#3411,#3412,#3413,#3414,
#3415,#3416,#3417,#3418,#3419,#3420,#3421,#3422,#3423,#3424,#3425,#3426,
#3427,#3428,#3429,#3430,#3431,#3432,#3433,#3434,#3435,#3436,#3437,#3438,
#3439,#3440,#3441,#3442,#3443,#3444,#3445,#3446,#3447,#3448,#3449,#3450,
#3451,#3452,#3453,#3454,#3455,#3456,#3457,#3458,#3459,#3460,#3461,#3462,
#3463,#3464,#3465,#3466,#3467,#3468,#3469,#3470,#3471,#3472,#3473,#3474,
#3475,#3476,#3477,#3478,#3479,#3480,#3481,#3482,#3483,#3484,#3485,#3486,
#3487,#3488,#3489,#3490,#3491,#3492,#3493,#3494,#3495,#3496,#3497,#3498,
#3499,#3500,#3501,#3502,#3503,#3504,#3505,#3506,#3507,#3508,#3509,#3510,
#3511,#3512,#3513,#3514,#3515,#3516,#3517,#3518,#3519,#3520,#3521,#3522,
#3523,#3524,#3525,#3526,#3527,#3528,#3529,#3530,#3531,#3532,#3533,#3534,
#3535,#3536,#3537,#3538,#3539,#3540,#3541,#3542,#3543,#3544));
#3546=DERIVED_UNIT_ELEMENT(#3548,1.);
#3547=DERIVED_UNIT_ELEMENT(#5595,-3.);
#3548=(
MASS_UNIT()
NAMED_UNIT(*)
SI_UNIT(.KILO.,.GRAM.)
);
#3549=DERIVED_UNIT((#3546,#3547));
#3550=MEASURE_REPRESENTATION_ITEM('density measure',
POSITIVE_RATIO_MEASURE(7850.),#3549);
#3551=PROPERTY_DEFINITION_REPRESENTATION(#3556,#3553);
#3552=PROPERTY_DEFINITION_REPRESENTATION(#3557,#3554);
#3553=REPRESENTATION('material name',(#3555),#5592);
#3554=REPRESENTATION('density',(#3550),#5592);
#3555=DESCRIPTIVE_REPRESENTATION_ITEM('Steel','Steel');
#3556=PROPERTY_DEFINITION('material property','material name',#5602);
#3557=PROPERTY_DEFINITION('material property','density of part',#5602);
#3558=AXIS2_PLACEMENT_3D('',#4631,#3769,#3770);
#3559=AXIS2_PLACEMENT_3D('',#4632,#3771,#3772);
#3560=AXIS2_PLACEMENT_3D('',#4641,#3777,#3778);
#3561=AXIS2_PLACEMENT_3D('',#4647,#3782,#3783);
#3562=AXIS2_PLACEMENT_3D('',#4656,#3788,#3789);
#3563=AXIS2_PLACEMENT_3D('',#4662,#3793,#3794);
#3564=AXIS2_PLACEMENT_3D('',#4671,#3799,#3800);
#3565=AXIS2_PLACEMENT_3D('',#4673,#3801,#3802);
#3566=AXIS2_PLACEMENT_3D('',#4675,#3803,#3804);
#3567=AXIS2_PLACEMENT_3D('',#4678,#3806,#3807);
#3568=AXIS2_PLACEMENT_3D('',#4679,#3808,#3809);
#3569=AXIS2_PLACEMENT_3D('',#4682,#3810,#3811);
#3570=AXIS2_PLACEMENT_3D('',#4686,#3813,#3814);
#3571=AXIS2_PLACEMENT_3D('',#4689,#3816,#3817);
#3572=AXIS2_PLACEMENT_3D('',#4690,#3818,#3819);
#3573=AXIS2_PLACEMENT_3D('',#4696,#3823,#3824);
#3574=AXIS2_PLACEMENT_3D('',#4697,#3825,#3826);
#3575=AXIS2_PLACEMENT_3D('',#4698,#3827,#3828);
#3576=AXIS2_PLACEMENT_3D('',#4699,#3829,#3830);
#3577=AXIS2_PLACEMENT_3D('',#4701,#3832,#3833);
#3578=AXIS2_PLACEMENT_3D('',#4710,#3838,#3839);
#3579=AXIS2_PLACEMENT_3D('',#4713,#3840,#3841);
#3580=AXIS2_PLACEMENT_3D('',#4714,#3842,#3843);
#3581=AXIS2_PLACEMENT_3D('',#4716,#3844,#3845);
#3582=AXIS2_PLACEMENT_3D('',#4718,#3847,#3848);
#3583=AXIS2_PLACEMENT_3D('',#4721,#3849,#3850);
#3584=AXIS2_PLACEMENT_3D('',#4723,#3851,#3852);
#3585=AXIS2_PLACEMENT_3D('',#4727,#3854,#3855);
#3586=AXIS2_PLACEMENT_3D('',#4729,#3857,#3858);
#3587=AXIS2_PLACEMENT_3D('',#4735,#3862,#3863);
#3588=AXIS2_PLACEMENT_3D('',#4737,#3865,#3866);
#3589=AXIS2_PLACEMENT_3D('',#4738,#3867,#3868);
#3590=AXIS2_PLACEMENT_3D('',#4781,#3891,#3892);
#3591=AXIS2_PLACEMENT_3D('',#4782,#3893,#3894);
#3592=AXIS2_PLACEMENT_3D('',#4783,#3895,#3896);
#3593=AXIS2_PLACEMENT_3D('',#4792,#3901,#3902);
#3594=AXIS2_PLACEMENT_3D('',#4798,#3906,#3907);
#3595=AXIS2_PLACEMENT_3D('',#4804,#3911,#3912);
#3596=AXIS2_PLACEMENT_3D('',#4810,#3916,#3917);
#3597=AXIS2_PLACEMENT_3D('',#4816,#3921,#3922);
#3598=AXIS2_PLACEMENT_3D('',#4822,#3926,#3927);
#3599=AXIS2_PLACEMENT_3D('',#4828,#3931,#3932);
#3600=AXIS2_PLACEMENT_3D('',#4837,#3937,#3938);
#3601=AXIS2_PLACEMENT_3D('',#4843,#3942,#3943);
#3602=AXIS2_PLACEMENT_3D('',#4849,#3947,#3948);
#3603=AXIS2_PLACEMENT_3D('',#4858,#3953,#3954);
#3604=AXIS2_PLACEMENT_3D('',#4864,#3958,#3959);
#3605=AXIS2_PLACEMENT_3D('',#4870,#3963,#3964);
#3606=AXIS2_PLACEMENT_3D('',#4879,#3969,#3970);
#3607=AXIS2_PLACEMENT_3D('',#4885,#3974,#3975);
#3608=AXIS2_PLACEMENT_3D('',#4891,#3979,#3980);
#3609=AXIS2_PLACEMENT_3D('',#4900,#3985,#3986);
#3610=AXIS2_PLACEMENT_3D('',#4909,#3991,#3992);
#3611=AXIS2_PLACEMENT_3D('',#4918,#3997,#3998);
#3612=AXIS2_PLACEMENT_3D('',#4927,#4003,#4004);
#3613=AXIS2_PLACEMENT_3D('',#4930,#4005,#4006);
#3614=AXIS2_PLACEMENT_3D('',#4934,#4008,#4009);
#3615=AXIS2_PLACEMENT_3D('',#4936,#4011,#4012);
#3616=AXIS2_PLACEMENT_3D('',#4942,#4016,#4017);
#3617=AXIS2_PLACEMENT_3D('',#4946,#4019,#4020);
#3618=AXIS2_PLACEMENT_3D('',#4954,#4025,#4026);
#3619=AXIS2_PLACEMENT_3D('',#4958,#4029,#4030);
#3620=AXIS2_PLACEMENT_3D('',#4964,#4034,#4035);
#3621=AXIS2_PLACEMENT_3D('',#4966,#4036,#4037);
#3622=AXIS2_PLACEMENT_3D('',#4968,#4039,#4040);
#3623=AXIS2_PLACEMENT_3D('',#4970,#4042,#4043);
#3624=AXIS2_PLACEMENT_3D('',#4979,#4048,#4049);
#3625=AXIS2_PLACEMENT_3D('',#4988,#4054,#4055);
#3626=AXIS2_PLACEMENT_3D('',#4997,#4060,#4061);
#3627=AXIS2_PLACEMENT_3D('',#5000,#4064,#4065);
#3628=AXIS2_PLACEMENT_3D('',#5003,#4068,#4069);
#3629=AXIS2_PLACEMENT_3D('',#5009,#4073,#4074);
#3630=AXIS2_PLACEMENT_3D('',#5015,#4078,#4079);
#3631=AXIS2_PLACEMENT_3D('',#5017,#4081,#4082);
#3632=AXIS2_PLACEMENT_3D('',#5019,#4084,#4085);
#3633=AXIS2_PLACEMENT_3D('',#5020,#4086,#4087);
#3634=AXIS2_PLACEMENT_3D('',#5026,#4091,#4092);
#3635=AXIS2_PLACEMENT_3D('',#5034,#4097,#4098);
#3636=AXIS2_PLACEMENT_3D('',#5038,#4101,#4102);
#3637=AXIS2_PLACEMENT_3D('',#5047,#4107,#4108);
#3638=AXIS2_PLACEMENT_3D('',#5050,#4111,#4112);
#3639=AXIS2_PLACEMENT_3D('',#5059,#4117,#4118);
#3640=AXIS2_PLACEMENT_3D('',#5068,#4123,#4124);
#3641=AXIS2_PLACEMENT_3D('',#5072,#4126,#4127);
#3642=AXIS2_PLACEMENT_3D('',#5075,#4129,#4130);
#3643=AXIS2_PLACEMENT_3D('',#5078,#4132,#4133);
#3644=AXIS2_PLACEMENT_3D('',#5081,#4135,#4136);
#3645=AXIS2_PLACEMENT_3D('',#5082,#4137,#4138);
#3646=AXIS2_PLACEMENT_3D('',#5084,#4139,#4140);
#3647=AXIS2_PLACEMENT_3D('',#5086,#4142,#4143);
#3648=AXIS2_PLACEMENT_3D('',#5090,#4146,#4147);
#3649=AXIS2_PLACEMENT_3D('',#5092,#4149,#4150);
#3650=AXIS2_PLACEMENT_3D('',#5096,#4153,#4154);
#3651=AXIS2_PLACEMENT_3D('',#5098,#4155,#4156);
#3652=AXIS2_PLACEMENT_3D('',#5100,#4158,#4159);
#3653=AXIS2_PLACEMENT_3D('',#5104,#4162,#4163);
#3654=AXIS2_PLACEMENT_3D('',#5105,#4164,#4165);
#3655=AXIS2_PLACEMENT_3D('',#5106,#4166,#4167);
#3656=AXIS2_PLACEMENT_3D('',#5115,#4172,#4173);
#3657=AXIS2_PLACEMENT_3D('',#5118,#4176,#4177);
#3658=AXIS2_PLACEMENT_3D('',#5127,#4182,#4183);
#3659=AXIS2_PLACEMENT_3D('',#5136,#4188,#4189);
#3660=AXIS2_PLACEMENT_3D('',#5145,#4194,#4195);
#3661=AXIS2_PLACEMENT_3D('',#5148,#4198,#4199);
#3662=AXIS2_PLACEMENT_3D('',#5151,#4202,#4203);
#3663=AXIS2_PLACEMENT_3D('',#5157,#4207,#4208);
#3664=AXIS2_PLACEMENT_3D('',#5163,#4212,#4213);
#3665=AXIS2_PLACEMENT_3D('',#5165,#4215,#4216);
#3666=AXIS2_PLACEMENT_3D('',#5167,#4218,#4219);
#3667=AXIS2_PLACEMENT_3D('',#5168,#4220,#4221);
#3668=AXIS2_PLACEMENT_3D('',#5174,#4225,#4226);
#3669=AXIS2_PLACEMENT_3D('',#5182,#4231,#4232);
#3670=AXIS2_PLACEMENT_3D('',#5186,#4235,#4236);
#3671=AXIS2_PLACEMENT_3D('',#5195,#4241,#4242);
#3672=AXIS2_PLACEMENT_3D('',#5198,#4245,#4246);
#3673=AXIS2_PLACEMENT_3D('',#5207,#4251,#4252);
#3674=AXIS2_PLACEMENT_3D('',#5216,#4257,#4258);
#3675=AXIS2_PLACEMENT_3D('',#5220,#4260,#4261);
#3676=AXIS2_PLACEMENT_3D('',#5223,#4263,#4264);
#3677=AXIS2_PLACEMENT_3D('',#5226,#4266,#4267);
#3678=AXIS2_PLACEMENT_3D('',#5229,#4269,#4270);
#3679=AXIS2_PLACEMENT_3D('',#5230,#4271,#4272);
#3680=AXIS2_PLACEMENT_3D('',#5232,#4273,#4274);
#3681=AXIS2_PLACEMENT_3D('',#5234,#4276,#4277);
#3682=AXIS2_PLACEMENT_3D('',#5238,#4280,#4281);
#3683=AXIS2_PLACEMENT_3D('',#5240,#4283,#4284);
#3684=AXIS2_PLACEMENT_3D('',#5244,#4287,#4288);
#3685=AXIS2_PLACEMENT_3D('',#5246,#4289,#4290);
#3686=AXIS2_PLACEMENT_3D('',#5248,#4292,#4293);
#3687=AXIS2_PLACEMENT_3D('',#5252,#4296,#4297);
#3688=AXIS2_PLACEMENT_3D('',#5253,#4298,#4299);
#3689=AXIS2_PLACEMENT_3D('',#5254,#4300,#4301);
#3690=AXIS2_PLACEMENT_3D('',#5263,#4306,#4307);
#3691=AXIS2_PLACEMENT_3D('',#5273,#4317,#4318);
#3692=AXIS2_PLACEMENT_3D('',#5275,#4320,#4321);
#3693=AXIS2_PLACEMENT_3D('',#5277,#4323,#4324);
#3694=AXIS2_PLACEMENT_3D('',#5283,#4328,#4329);
#3695=AXIS2_PLACEMENT_3D('',#5289,#4333,#4334);
#3696=AXIS2_PLACEMENT_3D('',#5298,#4340,#4341);
#3697=AXIS2_PLACEMENT_3D('',#5307,#4347,#4348);
#3698=AXIS2_PLACEMENT_3D('',#5316,#4353,#4354);
#3699=AXIS2_PLACEMENT_3D('',#5322,#4358,#4359);
#3700=AXIS2_PLACEMENT_3D('',#5326,#4362,#4363);
#3701=AXIS2_PLACEMENT_3D('',#5330,#4366,#4367);
#3702=AXIS2_PLACEMENT_3D('',#5336,#4371,#4372);
#3703=AXIS2_PLACEMENT_3D('',#5340,#4375,#4376);
#3704=AXIS2_PLACEMENT_3D('',#5344,#4379,#4380);
#3705=AXIS2_PLACEMENT_3D('',#5350,#4384,#4385);
#3706=AXIS2_PLACEMENT_3D('',#5354,#4388,#4389);
#3707=AXIS2_PLACEMENT_3D('',#5358,#4392,#4393);
#3708=AXIS2_PLACEMENT_3D('',#5364,#4397,#4398);
#3709=AXIS2_PLACEMENT_3D('',#5366,#4400,#4401);
#3710=AXIS2_PLACEMENT_3D('',#5387,#4412,#4413);
#3711=AXIS2_PLACEMENT_3D('',#5393,#4417,#4418);
#3712=AXIS2_PLACEMENT_3D('',#5397,#4421,#4422);
#3713=AXIS2_PLACEMENT_3D('',#5403,#4426,#4427);
#3714=AXIS2_PLACEMENT_3D('',#5407,#4430,#4431);
#3715=AXIS2_PLACEMENT_3D('',#5420,#4438,#4439);
#3716=AXIS2_PLACEMENT_3D('',#5427,#4444,#4445);
#3717=AXIS2_PLACEMENT_3D('',#5448,#4456,#4457);
#3718=AXIS2_PLACEMENT_3D('',#5454,#4461,#4462);
#3719=AXIS2_PLACEMENT_3D('',#5458,#4465,#4466);
#3720=AXIS2_PLACEMENT_3D('',#5464,#4470,#4471);
#3721=AXIS2_PLACEMENT_3D('',#5470,#4475,#4476);
#3722=AXIS2_PLACEMENT_3D('',#5472,#4478,#4479);
#3723=AXIS2_PLACEMENT_3D('',#5476,#4482,#4483);
#3724=AXIS2_PLACEMENT_3D('',#5478,#4485,#4486);
#3725=AXIS2_PLACEMENT_3D('',#5480,#4488,#4489);
#3726=AXIS2_PLACEMENT_3D('',#5489,#4495,#4496);
#3727=AXIS2_PLACEMENT_3D('',#5499,#4504,#4505);
#3728=AXIS2_PLACEMENT_3D('',#5504,#4509,#4510);
#3729=AXIS2_PLACEMENT_3D('',#5507,#4513,#4514);
#3730=AXIS2_PLACEMENT_3D('',#5509,#4516,#4517);
#3731=AXIS2_PLACEMENT_3D('',#5510,#4518,#4519);
#3732=AXIS2_PLACEMENT_3D('',#5516,#4524,#4525);
#3733=AXIS2_PLACEMENT_3D('',#5518,#4527,#4528);
#3734=AXIS2_PLACEMENT_3D('',#5519,#4529,#4530);
#3735=AXIS2_PLACEMENT_3D('',#5528,#4535,#4536);
#3736=AXIS2_PLACEMENT_3D('',#5531,#4539,#4540);
#3737=AXIS2_PLACEMENT_3D('',#5533,#4542,#4543);
#3738=AXIS2_PLACEMENT_3D('',#5536,#4546,#4547);
#3739=AXIS2_PLACEMENT_3D('',#5538,#4549,#4550);
#3740=AXIS2_PLACEMENT_3D('',#5540,#4552,#4553);
#3741=AXIS2_PLACEMENT_3D('',#5541,#4554,#4555);
#3742=AXIS2_PLACEMENT_3D('',#5544,#4558,#4559);
#3743=AXIS2_PLACEMENT_3D('',#5545,#4560,#4561);
#3744=AXIS2_PLACEMENT_3D('',#5547,#4563,#4564);
#3745=AXIS2_PLACEMENT_3D('',#5549,#4566,#4567);
#3746=AXIS2_PLACEMENT_3D('',#5551,#4569,#4570);
#3747=AXIS2_PLACEMENT_3D('',#5553,#4572,#4573);
#3748=AXIS2_PLACEMENT_3D('',#5554,#4574,#4575);
#3749=AXIS2_PLACEMENT_3D('',#5558,#4579,#4580);
#3750=AXIS2_PLACEMENT_3D('',#5559,#4581,#4582);
#3751=AXIS2_PLACEMENT_3D('',#5560,#4583,#4584);
#3752=AXIS2_PLACEMENT_3D('',#5562,#4586,#4587);
#3753=AXIS2_PLACEMENT_3D('',#5563,#4588,#4589);
#3754=AXIS2_PLACEMENT_3D('',#5564,#4590,#4591);
#3755=AXIS2_PLACEMENT_3D('',#5565,#4592,#4593);
#3756=AXIS2_PLACEMENT_3D('',#5567,#4595,#4596);
#3757=AXIS2_PLACEMENT_3D('',#5568,#4597,#4598);
#3758=AXIS2_PLACEMENT_3D('',#5569,#4599,#4600);
#3759=AXIS2_PLACEMENT_3D('',#5571,#4602,#4603);
#3760=AXIS2_PLACEMENT_3D('',#5573,#4605,#4606);
#3761=AXIS2_PLACEMENT_3D('',#5575,#4608,#4609);
#3762=AXIS2_PLACEMENT_3D('',#5577,#4611,#4612);
#3763=AXIS2_PLACEMENT_3D('',#5579,#4614,#4615);
#3764=AXIS2_PLACEMENT_3D('',#5581,#4617,#4618);
#3765=AXIS2_PLACEMENT_3D('',#5583,#4620,#4621);
#3766=AXIS2_PLACEMENT_3D('',#5585,#4623,#4624);
#3767=AXIS2_PLACEMENT_3D('',#5587,#4626,#4627);
#3768=AXIS2_PLACEMENT_3D('',#5589,#4629,#4630);
#3769=DIRECTION('axis',(0.,0.,1.));
#3770=DIRECTION('refdir',(1.,0.,0.));
#3771=DIRECTION('center_axis',(1.38777878077989E-17,-0.49999999999944,0.866025403784762));
#3772=DIRECTION('ref_axis',(1.,2.77555756156289E-17,0.));
#3773=DIRECTION('',(-0.447213595499551,0.774596669241954,0.447213595499551));
#3774=DIRECTION('',(1.,2.77555756156289E-17,0.));
#3775=DIRECTION('',(-0.447213595499551,-0.774596669241954,-0.447213595499551));
#3776=DIRECTION('',(-1.,-2.77555756156289E-17,0.));
#3777=DIRECTION('center_axis',(5.731934358294E-33,-2.06514699521E-16,-1.));
#3778=DIRECTION('ref_axis',(2.77555756156289E-17,-1.,2.06514699521E-16));
#3779=DIRECTION('',(-2.77555756156289E-17,1.,-2.06514699521E-16));
#3780=DIRECTION('',(-2.77555756156289E-17,1.,-2.06514699521E-16));
#3781=DIRECTION('',(1.,2.77555756156289E-17,0.));
#3782=DIRECTION('center_axis',(5.731934358294E-33,-2.06514699521E-16,-1.));
#3783=DIRECTION('ref_axis',(2.77555756156289E-17,-1.,2.06514699521E-16));
#3784=DIRECTION('',(-2.77555756156289E-17,1.,-2.06514699521E-16));
#3785=DIRECTION('',(1.,2.77555756156289E-17,0.));
#3786=DIRECTION('',(-2.77555756156289E-17,1.,-2.06514699521E-16));
#3787=DIRECTION('',(1.,2.77555756156289E-17,0.));
#3788=DIRECTION('center_axis',(1.38777878077989E-17,-0.49999999999944,0.866025403784762));
#3789=DIRECTION('ref_axis',(1.,2.77555756156289E-17,0.));
#3790=DIRECTION('',(-0.447213595499551,0.774596669241954,0.447213595499551));
#3791=DIRECTION('',(-0.447213595499551,-0.774596669241954,-0.447213595499551));
#3792=DIRECTION('',(-1.,-2.77555756156289E-17,0.));
#3793=DIRECTION('center_axis',(2.03326815860577E-33,-7.325620577153E-17,
-1.));
#3794=DIRECTION('ref_axis',(2.77555756156289E-17,-1.,7.325620577153E-17));
#3795=DIRECTION('',(2.77555756156289E-17,-1.,7.325620577153E-17));
#3796=DIRECTION('',(-1.,-2.77555756156289E-17,0.));
#3797=DIRECTION('',(2.77555756156289E-17,-1.,7.325620577153E-17));
#3798=DIRECTION('',(-1.,-2.77555756156289E-17,0.));
#3799=DIRECTION('center_axis',(-1.,-2.77555756156289E-17,0.));
#3800=DIRECTION('ref_axis',(0.,0.,-1.));
#3801=DIRECTION('center_axis',(-1.,-2.77555756156289E-17,0.));
#3802=DIRECTION('ref_axis',(0.,0.,1.));
#3803=DIRECTION('center_axis',(-1.,-2.77555756156289E-17,0.));
#3804=DIRECTION('ref_axis',(0.,0.,1.));
#3805=DIRECTION('',(-1.,-2.77555756156289E-17,0.));
#3806=DIRECTION('center_axis',(-1.,-2.77555756156289E-17,0.));
#3807=DIRECTION('ref_axis',(0.,0.,1.));
#3808=DIRECTION('center_axis',(-1.,-2.77555756156289E-17,0.));
#3809=DIRECTION('ref_axis',(0.,0.,-1.));
#3810=DIRECTION('center_axis',(-1.,-2.77555756156289E-17,0.));
#3811=DIRECTION('ref_axis',(0.,0.,-1.));
#3812=DIRECTION('',(-1.,-2.77555756156289E-17,0.));
#3813=DIRECTION('center_axis',(-1.,-2.77555756156289E-17,0.));
#3814=DIRECTION('ref_axis',(0.,0.,-1.));
#3815=DIRECTION('',(-1.,-2.77555756156289E-17,0.));
#3816=DIRECTION('center_axis',(-1.,-2.77555756156289E-17,0.));
#3817=DIRECTION('ref_axis',(0.,0.,-1.));
#3818=DIRECTION('center_axis',(3.44127286897866E-33,-1.239849216833E-16,
-1.));
#3819=DIRECTION('ref_axis',(2.77555756156289E-17,-1.,1.239849216833E-16));
#3820=DIRECTION('',(2.77555756156289E-17,-1.,1.239849216833E-16));
#3821=DIRECTION('',(2.77555756156289E-17,-1.,1.239849216833E-16));
#3822=DIRECTION('',(-1.,-2.77555756156289E-17,0.));
#3823=DIRECTION('center_axis',(-1.,-2.77555756156289E-17,0.));
#3824=DIRECTION('ref_axis',(-2.3391257142777E-29,8.42758855615504E-13,1.));
#3825=DIRECTION('center_axis',(1.,2.77555756156289E-17,0.));
#3826=DIRECTION('ref_axis',(0.,0.,-1.));
#3827=DIRECTION('center_axis',(1.,2.77555756156289E-17,0.));
#3828=DIRECTION('ref_axis',(0.,0.,-1.));
#3829=DIRECTION('center_axis',(1.,2.77555756156289E-17,0.));
#3830=DIRECTION('ref_axis',(0.,0.,-1.));
#3831=DIRECTION('',(-2.77555756156289E-17,1.,0.));
#3832=DIRECTION('center_axis',(-3.44127286897866E-33,1.239849216833E-16,
1.));
#3833=DIRECTION('ref_axis',(-2.77555756156289E-17,1.,-1.239849216833E-16));
#3834=DIRECTION('',(2.77555756156289E-17,-1.,1.239849216833E-16));
#3835=DIRECTION('',(1.,2.77555756156289E-17,0.));
#3836=DIRECTION('',(2.77555756156289E-17,-1.,1.239849216833E-16));
#3837=DIRECTION('',(1.,2.77555756156289E-17,0.));
#3838=DIRECTION('center_axis',(1.,2.77555756156289E-17,0.));
#3839=DIRECTION('ref_axis',(0.,0.,1.));
#3840=DIRECTION('center_axis',(-1.,-2.77555756156289E-17,0.));
#3841=DIRECTION('ref_axis',(0.,0.,-1.));
#3842=DIRECTION('center_axis',(-1.,-2.77555756156289E-17,0.));
#3843=DIRECTION('ref_axis',(0.,0.,-1.));
#3844=DIRECTION('center_axis',(-1.,-2.77555756156289E-17,0.));
#3845=DIRECTION('ref_axis',(0.,0.,-1.));
#3846=DIRECTION('',(1.,2.77555756156289E-17,0.));
#3847=DIRECTION('center_axis',(1.,2.77555756156289E-17,0.));
#3848=DIRECTION('ref_axis',(0.,0.,1.));
#3849=DIRECTION('center_axis',(-1.,-2.77555756156289E-17,0.));
#3850=DIRECTION('ref_axis',(0.,0.,1.));
#3851=DIRECTION('center_axis',(-1.,-2.77555756156289E-17,0.));
#3852=DIRECTION('ref_axis',(0.,0.,1.));
#3853=DIRECTION('',(1.,2.77555756156289E-17,0.));
#3854=DIRECTION('center_axis',(-1.,-2.77555756156289E-17,0.));
#3855=DIRECTION('ref_axis',(0.,0.,1.));
#3856=DIRECTION('',(1.,2.77555756156289E-17,0.));
#3857=DIRECTION('center_axis',(-2.03326815860577E-33,7.325620577153E-17,
1.));
#3858=DIRECTION('ref_axis',(-2.77555756156289E-17,1.,-7.325620577153E-17));
#3859=DIRECTION('',(2.77555756156289E-17,-1.,7.325620577153E-17));
#3860=DIRECTION('',(2.77555756156289E-17,-1.,7.325620577153E-17));
#3861=DIRECTION('',(1.,2.77555756156289E-17,0.));
#3862=DIRECTION('center_axis',(-1.,-2.77555756156289E-17,0.));
#3863=DIRECTION('ref_axis',(0.,0.,-1.));
#3864=DIRECTION('',(2.77555756156289E-17,-1.,0.));
#3865=DIRECTION('center_axis',(1.,2.77555756156289E-17,0.));
#3866=DIRECTION('ref_axis',(0.,0.,-1.));
#3867=DIRECTION('center_axis',(0.,0.,1.));
#3868=DIRECTION('ref_axis',(-1.,-2.77555756156289E-17,0.));
#3869=DIRECTION('',(1.,2.77555756156289E-17,0.));
#3870=DIRECTION('',(-2.77555756156289E-17,1.,1.222605721148E-16));
#3871=DIRECTION('',(-2.77555756156289E-17,1.,1.222605721148E-16));
#3872=DIRECTION('',(-1.,-2.77555756156289E-17,0.));
#3873=DIRECTION('',(2.56008664559929E-16,-1.,0.));
#3874=DIRECTION('',(-1.,-2.77555756156289E-17,0.));
#3875=DIRECTION('',(-2.77555756156289E-17,1.,0.));
#3876=DIRECTION('',(-1.,-2.77555756156289E-17,0.));
#3877=DIRECTION('',(-5.69856661858329E-16,1.,0.));
#3878=DIRECTION('',(-1.,-2.77555756156289E-17,0.));
#3879=DIRECTION('',(-5.14345510627071E-16,-1.,0.));
#3880=DIRECTION('',(-1.,-2.77555756156289E-17,0.));
#3881=DIRECTION('',(-5.69856661858329E-16,1.,0.));
#3882=DIRECTION('',(-1.,-2.77555756156289E-17,0.));
#3883=DIRECTION('',(-5.14345510627071E-16,-1.,0.));
#3884=DIRECTION('',(-1.,-2.77555756156289E-17,0.));
#3885=DIRECTION('',(-2.77555756156289E-17,1.,0.));
#3886=DIRECTION('',(-1.,-2.77555756156289E-17,0.));
#3887=DIRECTION('',(-1.41882120087729E-16,1.,0.));
#3888=DIRECTION('',(1.,2.77555756156289E-17,0.));
#3889=DIRECTION('',(-2.77555756156289E-17,1.,1.222605721148E-16));
#3890=DIRECTION('',(-2.77555756156289E-17,1.,1.222605721148E-16));
#3891=DIRECTION('center_axis',(1.,2.77555756156289E-17,0.));
#3892=DIRECTION('ref_axis',(0.,0.,1.));
#3893=DIRECTION('center_axis',(1.,2.77555756156289E-17,0.));
#3894=DIRECTION('ref_axis',(0.,0.,-1.));
#3895=DIRECTION('center_axis',(0.707106781186548,0.707106781186548,7.86304316248409E-17));
#3896=DIRECTION('ref_axis',(-1.1120022281905E-16,-5.01573836659476E-29,
1.));
#3897=DIRECTION('',(-0.707106781186548,0.707106781186548,0.));
#3898=DIRECTION('',(1.11200222819E-16,3.08642619292754E-33,-1.));
#3899=DIRECTION('',(-0.577350269189626,0.577350269189626,-0.577350269189626));
#3900=DIRECTION('',(-1.11200222819E-16,-3.08642619292754E-33,1.));
#3901=DIRECTION('center_axis',(-1.96261557335472E-17,0.707106781186548,
0.707106781186548));
#3902=DIRECTION('ref_axis',(-1.,-2.77555756156289E-17,0.));
#3903=DIRECTION('',(-0.577350269189626,0.577350269189626,-0.577350269189626));
#3904=DIRECTION('',(-1.,-2.77555756156289E-17,0.));
#3905=DIRECTION('',(1.,2.77555756156289E-17,0.));
#3906=DIRECTION('center_axis',(0.707106781186548,0.707106781186548,-1.75233533335336E-15));
#3907=DIRECTION('ref_axis',(2.47817639425295E-15,9.4808237606165E-28,1.));
#3908=DIRECTION('',(-0.577350269189626,0.577350269189626,-0.577350269189626));
#3909=DIRECTION('',(2.478176394252E-15,6.8783212299528E-32,1.));
#3910=DIRECTION('',(-2.478176394252E-15,-6.8783212299528E-32,-1.));
#3911=DIRECTION('center_axis',(-3.80401077306327E-16,0.707106781186548,
0.707106781186548));
#3912=DIRECTION('ref_axis',(-1.,-2.7755575615786E-17,-5.10212787052157E-16));
#3913=DIRECTION('',(0.577350269189626,0.577350269189626,-0.577350269189626));
#3914=DIRECTION('',(-1.,-2.77555756156289E-17,-5.10212787052E-16));
#3915=DIRECTION('',(1.,2.77555756156289E-17,5.10212787052E-16));
#3916=DIRECTION('center_axis',(-0.707106781186548,0.707106781186548,0.));
#3917=DIRECTION('ref_axis',(0.,0.,-1.));
#3918=DIRECTION('',(0.577350269189626,0.577350269189626,-0.577350269189626));
#3919=DIRECTION('',(0.,0.,-1.));
#3920=DIRECTION('',(0.,0.,1.));
#3921=DIRECTION('center_axis',(-4.28504400182664E-16,0.707106781186548,
0.707106781186548));
#3922=DIRECTION('ref_axis',(-1.,-2.77555756158001E-17,-5.78241158659071E-16));
#3923=DIRECTION('',(0.577350269189626,0.577350269189626,-0.577350269189626));
#3924=DIRECTION('',(-1.,-2.77555756156289E-17,-5.782411586589E-16));
#3925=DIRECTION('',(1.,2.77555756156289E-17,5.782411586589E-16));
#3926=DIRECTION('center_axis',(-0.707106781186548,0.707106781186548,-7.86304316248409E-17));
#3927=DIRECTION('ref_axis',(1.1120022281905E-16,-5.01512108135617E-29,-1.));
#3928=DIRECTION('',(-0.707106781186548,-0.707106781186548,0.));
#3929=DIRECTION('',(1.11200222819E-16,3.08642619292754E-33,-1.));
#3930=DIRECTION('',(-1.11200222819E-16,-3.08642619292754E-33,1.));
#3931=DIRECTION('center_axis',(0.707106781186548,0.707106781186548,7.86304316248409E-17));
#3932=DIRECTION('ref_axis',(-1.1120022281905E-16,-5.01573836659476E-29,
1.));
#3933=DIRECTION('',(0.577350269189626,-0.577350269189626,-0.577350269189626));
#3934=DIRECTION('',(1.11200222819E-16,3.08642619292754E-33,-1.));
#3935=DIRECTION('',(0.707106781186548,-0.707106781186548,0.));
#3936=DIRECTION('',(-1.11200222819E-16,-3.08642619292754E-33,1.));
#3937=DIRECTION('center_axis',(6.1932004728396E-17,0.707106781186548,-0.707106781186548));
#3938=DIRECTION('ref_axis',(1.,2.77555756155383E-17,1.15340656647391E-16));
#3939=DIRECTION('',(-0.577350269189626,-0.577350269189626,-0.577350269189626));
#3940=DIRECTION('',(-1.,-2.77555756156289E-17,-1.153406566473E-16));
#3941=DIRECTION('',(1.,2.77555756156289E-17,1.153406566473E-16));
#3942=DIRECTION('center_axis',(-0.707106781186548,0.707106781186548,-7.86304316248409E-17));
#3943=DIRECTION('ref_axis',(1.1120022281905E-16,-5.01512108135617E-29,-1.));
#3944=DIRECTION('',(0.707106781186548,0.707106781186548,0.));
#3945=DIRECTION('',(-1.11200222819E-16,-3.08642619292754E-33,1.));
#3946=DIRECTION('',(1.11200222819E-16,3.08642619292754E-33,-1.));
#3947=DIRECTION('center_axis',(0.,0.,-1.));
#3948=DIRECTION('ref_axis',(1.,2.77555756156289E-17,0.));
#3949=DIRECTION('',(-1.,-2.77555756156289E-17,0.));
#3950=DIRECTION('',(-2.77555756156289E-17,1.,0.));
#3951=DIRECTION('',(-1.,-2.77555756156289E-17,0.));
#3952=DIRECTION('',(-2.77555756156289E-17,1.,0.));
#3953=DIRECTION('center_axis',(1.,2.77555756156289E-17,0.));
#3954=DIRECTION('ref_axis',(0.,0.,1.));
#3955=DIRECTION('',(0.,0.,-1.));
#3956=DIRECTION('',(-2.77555756156289E-17,1.,0.));
#3957=DIRECTION('',(0.,0.,-1.));
#3958=DIRECTION('center_axis',(0.,0.,-1.));
#3959=DIRECTION('ref_axis',(1.,2.77555756156289E-17,0.));
#3960=DIRECTION('',(-1.,-2.77555756156289E-17,0.));
#3961=DIRECTION('',(-2.77555756156289E-17,1.,0.));
#3962=DIRECTION('',(-1.,-2.77555756156289E-17,0.));
#3963=DIRECTION('center_axis',(-1.,-2.77555756156289E-17,0.));
#3964=DIRECTION('ref_axis',(0.,0.,-1.));
#3965=DIRECTION('',(0.,0.,1.));
#3966=DIRECTION('',(-2.77555756156289E-17,1.,0.));
#3967=DIRECTION('',(0.,0.,1.));
#3968=DIRECTION('',(-2.77555756156289E-17,1.,0.));
#3969=DIRECTION('center_axis',(0.,0.,-1.));
#3970=DIRECTION('ref_axis',(1.,2.77555756156289E-17,0.));
#3971=DIRECTION('',(-1.,-2.77555756156289E-17,0.));
#3972=DIRECTION('',(-2.77555756156289E-17,1.,0.));
#3973=DIRECTION('',(-1.,-2.77555756156289E-17,0.));
#3974=DIRECTION('center_axis',(0.,0.,-1.));
#3975=DIRECTION('ref_axis',(1.,2.77555756156289E-17,0.));
#3976=DIRECTION('',(-1.,-2.77555756156289E-17,0.));
#3977=DIRECTION('',(-1.,-2.77555756156289E-17,0.));
#3978=DIRECTION('',(-2.77555756156289E-17,1.,0.));
#3979=DIRECTION('center_axis',(0.,0.,-1.));
#3980=DIRECTION('ref_axis',(1.,2.77555756156289E-17,0.));
#3981=DIRECTION('',(-1.,-2.77555756156289E-17,0.));
#3982=DIRECTION('',(-2.77555756156289E-17,1.,0.));
#3983=DIRECTION('',(-1.,-2.77555756156289E-17,0.));
#3984=DIRECTION('',(-2.77555756156289E-17,1.,0.));
#3985=DIRECTION('center_axis',(0.,0.,-1.));
#3986=DIRECTION('ref_axis',(1.,2.77555756156289E-17,0.));
#3987=DIRECTION('',(-1.,-2.77555756156289E-17,0.));
#3988=DIRECTION('',(-2.77555756156289E-17,1.,0.));
#3989=DIRECTION('',(-1.,-2.77555756156289E-17,0.));
#3990=DIRECTION('',(-2.77555756156289E-17,1.,0.));
#3991=DIRECTION('center_axis',(0.,0.,1.));
#3992=DIRECTION('ref_axis',(-1.,-2.77555756156289E-17,0.));
#3993=DIRECTION('',(-1.,-2.77555756156289E-17,0.));
#3994=DIRECTION('',(2.77555756156289E-17,-1.,0.));
#3995=DIRECTION('',(1.,-5.14345510627071E-16,0.));
#3996=DIRECTION('',(-2.77555756156289E-17,1.,0.));
#3997=DIRECTION('center_axis',(0.,0.,1.));
#3998=DIRECTION('ref_axis',(-1.,-2.77555756156289E-17,0.));
#3999=DIRECTION('',(1.,5.69856661858329E-16,0.));
#4000=DIRECTION('',(1.52944786465271E-16,1.,0.));
#4001=DIRECTION('',(-1.,-5.69856661858329E-16,0.));
#4002=DIRECTION('',(-3.33645148546171E-16,-1.,0.));
#4003=DIRECTION('center_axis',(-1.,-2.77555756156289E-17,0.));
#4004=DIRECTION('ref_axis',(0.,0.,-1.));
#4005=DIRECTION('center_axis',(-1.,-2.77555756156289E-17,0.));
#4006=DIRECTION('ref_axis',(0.,0.,-1.));
#4007=DIRECTION('',(-1.,-2.77555756156289E-17,0.));
#4008=DIRECTION('center_axis',(-1.,-2.77555756156289E-17,0.));
#4009=DIRECTION('ref_axis',(0.,0.,-1.));
#4010=DIRECTION('',(-1.,-2.77555756156289E-17,0.));
#4011=DIRECTION('center_axis',(-9.62964972193447E-33,3.469446951953E-16,
1.));
#4012=DIRECTION('ref_axis',(-2.77555756156289E-17,1.,-3.469446951953E-16));
#4013=DIRECTION('',(1.,2.77555756156289E-17,0.));
#4014=DIRECTION('',(-2.77555756156289E-17,1.,-3.469446951953E-16));
#4015=DIRECTION('',(-2.77555756156289E-17,1.,-3.469446951953E-16));
#4016=DIRECTION('center_axis',(-1.,-2.77555756156289E-17,0.));
#4017=DIRECTION('ref_axis',(0.,0.,-1.));
#4018=DIRECTION('',(0.,0.,1.));
#4019=DIRECTION('center_axis',(-1.,-2.77555756156289E-17,0.));
#4020=DIRECTION('ref_axis',(0.,0.,-1.));
#4021=DIRECTION('',(-2.77555756156289E-17,1.,-3.469446951953E-16));
#4022=DIRECTION('',(6.33529586969439E-33,-2.282530889443E-16,-1.));
#4023=DIRECTION('',(-2.77555756156289E-17,1.,1.301042606982E-16));
#4024=DIRECTION('',(-1.43152560089926E-33,5.157614530225E-17,-1.));
#4025=DIRECTION('center_axis',(2.77555756156289E-17,-1.,-5.157614530225E-17));
#4026=DIRECTION('ref_axis',(1.43152560089926E-33,-5.157614530225E-17,1.));
#4027=DIRECTION('',(-1.,-2.77555756156289E-17,0.));
#4028=DIRECTION('',(-1.43152560089926E-33,5.157614530225E-17,-1.));
#4029=DIRECTION('center_axis',(9.62964972193447E-33,-3.469446951953E-16,
-1.));
#4030=DIRECTION('ref_axis',(2.77555756156289E-17,-1.,3.469446951953E-16));
#4031=DIRECTION('',(1.,2.77555756156289E-17,0.));
#4032=DIRECTION('',(1.,2.77555756156289E-17,0.));
#4033=DIRECTION('',(-2.77555756156289E-17,1.,-3.469446951953E-16));
#4034=DIRECTION('center_axis',(1.,2.77555756156289E-17,0.));
#4035=DIRECTION('ref_axis',(0.,0.,1.));
#4036=DIRECTION('center_axis',(-1.,-2.77555756156289E-17,0.));
#4037=DIRECTION('ref_axis',(0.,0.,-1.));
#4038=DIRECTION('',(1.,2.77555756156289E-17,0.));
#4039=DIRECTION('center_axis',(-2.77555756156289E-17,1.,0.));
#4040=DIRECTION('ref_axis',(0.,0.,-1.));
#4041=DIRECTION('',(0.,0.,1.));
#4042=DIRECTION('center_axis',(-1.96261557335472E-17,0.707106781186548,
0.707106781186548));
#4043=DIRECTION('ref_axis',(1.,2.77555756156289E-17,0.));
#4044=DIRECTION('',(7.85989794521829E-17,-0.707106781186548,0.707106781186548));
#4045=DIRECTION('',(1.,2.77555756156289E-17,0.));
#4046=DIRECTION('',(-1.96261557335472E-17,0.707106781186548,-0.707106781186548));
#4047=DIRECTION('',(1.,2.77555756156289E-17,0.));
#4048=DIRECTION('center_axis',(2.61675264183026E-33,-9.427844978134E-17,
-1.));
#4049=DIRECTION('ref_axis',(2.77555756156289E-17,-1.,9.427844978134E-17));
#4050=DIRECTION('',(-2.77555756156289E-17,1.,-9.427844978134E-17));
#4051=DIRECTION('',(1.,2.77555756156289E-17,0.));
#4052=DIRECTION('',(-2.77555756156289E-17,1.,-9.427844978134E-17));
#4053=DIRECTION('',(-1.,-2.77555756156289E-17,0.));
#4054=DIRECTION('center_axis',(2.61675264183026E-33,-9.427844978134E-17,
-1.));
#4055=DIRECTION('ref_axis',(2.77555756156289E-17,-1.,9.427844978134E-17));
#4056=DIRECTION('',(1.,2.77555756156289E-17,0.));
#4057=DIRECTION('',(-2.77555756156289E-17,1.,-9.427844978134E-17));
#4058=DIRECTION('',(1.,2.77555756156289E-17,0.));
#4059=DIRECTION('',(-2.77555756156289E-17,1.,-9.427844978134E-17));
#4060=DIRECTION('center_axis',(-1.,-2.77555756156289E-17,0.));
#4061=DIRECTION('ref_axis',(0.,0.,-1.));
#4062=DIRECTION('',(0.,0.,-1.));
#4063=DIRECTION('',(0.,0.,1.));
#4064=DIRECTION('center_axis',(-1.,-2.77555756156289E-17,0.));
#4065=DIRECTION('ref_axis',(0.,0.,-1.));
#4066=DIRECTION('',(0.,0.,-1.));
#4067=DIRECTION('',(0.,0.,-1.));
#4068=DIRECTION('center_axis',(0.866025403784762,-0.49999999999944,0.));
#4069=DIRECTION('ref_axis',(0.,0.,1.));
#4070=DIRECTION('',(-0.447213595499551,-0.774596669241954,-0.447213595499551));
#4071=DIRECTION('',(0.,0.,1.));
#4072=DIRECTION('',(-0.447213595499551,-0.774596669241954,0.447213595499551));
#4073=DIRECTION('center_axis',(0.866025403784762,0.49999999999944,0.));
#4074=DIRECTION('ref_axis',(0.,0.,-1.));
#4075=DIRECTION('',(-0.447213595499551,0.774596669241954,0.447213595499551));
#4076=DIRECTION('',(-0.447213595499551,0.774596669241954,-0.447213595499551));
#4077=DIRECTION('',(0.,0.,-1.));
#4078=DIRECTION('center_axis',(1.38777878077989E-17,-0.49999999999944,0.866025403784762));
#4079=DIRECTION('ref_axis',(-1.,-2.77555756156289E-17,0.));
#4080=DIRECTION('',(-1.,-2.77555756156289E-17,0.));
#4081=DIRECTION('center_axis',(-1.38777878077989E-17,0.49999999999944,0.866025403784762));
#4082=DIRECTION('ref_axis',(1.,2.77555756156289E-17,0.));
#4083=DIRECTION('',(1.,2.77555756156289E-17,0.));
#4084=DIRECTION('center_axis',(2.77555756156289E-17,-1.,0.));
#4085=DIRECTION('ref_axis',(0.,0.,1.));
#4086=DIRECTION('center_axis',(1.,2.77555756156289E-17,-8.340016711426E-17));
#4087=DIRECTION('ref_axis',(8.340016711426E-17,2.31481964469593E-33,1.));
#4088=DIRECTION('',(-8.340016711426E-17,-2.31481964469593E-33,-1.));
#4089=DIRECTION('',(-8.340016711426E-17,-2.31481964469593E-33,-1.));
#4090=DIRECTION('',(-2.77555756156289E-17,1.,0.));
#4091=DIRECTION('center_axis',(-2.77555756156289E-17,1.,0.));
#4092=DIRECTION('ref_axis',(0.,0.,-1.));
#4093=DIRECTION('',(0.,0.,1.));
#4094=DIRECTION('',(-1.,-2.77555756156289E-17,0.));
#4095=DIRECTION('',(2.478176394252E-15,6.8783212299528E-32,1.));
#4096=DIRECTION('',(-1.,-2.77555756156289E-17,0.));
#4097=DIRECTION('center_axis',(-1.,-2.77555756156289E-17,0.));
#4098=DIRECTION('ref_axis',(0.,0.,-1.));
#4099=DIRECTION('',(0.,0.,1.));
#4100=DIRECTION('',(2.77555756156289E-17,-1.,0.));
#4101=DIRECTION('center_axis',(-1.38777878077989E-17,0.49999999999944,0.866025403784762));
#4102=DIRECTION('ref_axis',(-1.,-2.77555756156289E-17,0.));
#4103=DIRECTION('',(-0.447213595499551,-0.774596669241954,0.447213595499551));
#4104=DIRECTION('',(-1.,-2.77555756156289E-17,0.));
#4105=DIRECTION('',(-0.447213595499551,0.774596669241954,-0.447213595499551));
#4106=DIRECTION('',(1.,2.77555756156289E-17,0.));
#4107=DIRECTION('center_axis',(0.866025403784762,0.49999999999944,0.));
#4108=DIRECTION('ref_axis',(0.,0.,-1.));
#4109=DIRECTION('',(0.,0.,-1.));
#4110=DIRECTION('',(0.,0.,1.));
#4111=DIRECTION('center_axis',(2.61675264183026E-33,-9.427844978134E-17,
-1.));
#4112=DIRECTION('ref_axis',(2.77555756156289E-17,-1.,9.427844978134E-17));
#4113=DIRECTION('',(1.,2.77555756156289E-17,0.));
#4114=DIRECTION('',(-2.77555756156289E-17,1.,-9.427844978134E-17));
#4115=DIRECTION('',(1.,2.77555756156289E-17,0.));
#4116=DIRECTION('',(-2.77555756156289E-17,1.,-9.427844978134E-17));
#4117=DIRECTION('center_axis',(2.61675264183026E-33,-9.427844978134E-17,
-1.));
#4118=DIRECTION('ref_axis',(2.77555756156289E-17,-1.,9.427844978134E-17));
#4119=DIRECTION('',(-2.77555756156289E-17,1.,-9.427844978134E-17));
#4120=DIRECTION('',(1.,2.77555756156289E-17,0.));
#4121=DIRECTION('',(-2.77555756156289E-17,1.,-9.427844978134E-17));
#4122=DIRECTION('',(1.,2.77555756156289E-17,0.));
#4123=DIRECTION('center_axis',(-1.,-2.77555756156289E-17,0.));
#4124=DIRECTION('ref_axis',(0.,0.,-1.));
#4125=DIRECTION('',(-2.77555756156289E-17,1.,-2.06514699521E-16));
#4126=DIRECTION('center_axis',(1.,2.77555756156289E-17,0.));
#4127=DIRECTION('ref_axis',(0.,0.,-1.));
#4128=DIRECTION('',(0.,0.,-1.));
#4129=DIRECTION('center_axis',(-1.,-2.77555756156289E-17,0.));
#4130=DIRECTION('ref_axis',(0.,0.,-1.));
#4131=DIRECTION('',(0.,0.,-1.));
#4132=DIRECTION('center_axis',(-1.,-2.77555756156289E-17,0.));
#4133=DIRECTION('ref_axis',(0.,0.,-1.));
#4134=DIRECTION('',(0.,0.,-1.));
#4135=DIRECTION('center_axis',(1.,2.77555756156289E-17,0.));
#4136=DIRECTION('ref_axis',(0.,0.,-1.));
#4137=DIRECTION('center_axis',(1.,2.77555756156289E-17,0.));
#4138=DIRECTION('ref_axis',(0.,0.,1.));
#4139=DIRECTION('center_axis',(-1.,-2.77555756156289E-17,0.));
#4140=DIRECTION('ref_axis',(0.,0.,-1.));
#4141=DIRECTION('',(1.,2.77555756156289E-17,0.));
#4142=DIRECTION('center_axis',(2.77555756156289E-17,-1.,0.));
#4143=DIRECTION('ref_axis',(0.,0.,1.));
#4144=DIRECTION('',(0.,0.,-1.));
#4145=DIRECTION('',(1.,2.77555756156289E-17,0.));
#4146=DIRECTION('center_axis',(-2.77555756156289E-17,1.,0.));
#4147=DIRECTION('ref_axis',(0.,0.,-1.));
#4148=DIRECTION('',(0.,0.,1.));
#4149=DIRECTION('center_axis',(5.731934358294E-33,-2.06514699521E-16,-1.));
#4150=DIRECTION('ref_axis',(2.77555756156289E-17,-1.,2.06514699521E-16));
#4151=DIRECTION('',(-2.77555756156289E-17,1.,-2.06514699521E-16));
#4152=DIRECTION('',(1.,2.77555756156289E-17,0.));
#4153=DIRECTION('center_axis',(1.,2.77555756156289E-17,0.));
#4154=DIRECTION('ref_axis',(0.,0.,1.));
#4155=DIRECTION('center_axis',(1.,2.77555756156289E-17,0.));
#4156=DIRECTION('ref_axis',(0.,0.,-1.));
#4157=DIRECTION('',(1.,2.77555756156289E-17,0.));
#4158=DIRECTION('center_axis',(2.77555756156289E-17,-1.,0.));
#4159=DIRECTION('ref_axis',(0.,0.,1.));
#4160=DIRECTION('',(0.,0.,-1.));
#4161=DIRECTION('',(1.,2.77555756156289E-17,0.));
#4162=DIRECTION('center_axis',(1.,2.77555756156289E-17,0.));
#4163=DIRECTION('ref_axis',(0.,0.,1.));
#4164=DIRECTION('center_axis',(-1.,-2.77555756156289E-17,0.));
#4165=DIRECTION('ref_axis',(0.,0.,-1.));
#4166=DIRECTION('center_axis',(0.,0.,-1.));
#4167=DIRECTION('ref_axis',(1.,2.77555756156289E-17,0.));
#4168=DIRECTION('',(-5.14345510627071E-16,-1.,0.));
#4169=DIRECTION('',(-1.,-2.77555756156289E-17,0.));
#4170=DIRECTION('',(-5.69856661858329E-16,1.,0.));
#4171=DIRECTION('',(1.,2.77555756156289E-17,0.));
#4172=DIRECTION('center_axis',(-1.,-5.69856661858329E-16,0.));
#4173=DIRECTION('ref_axis',(5.69856661858329E-16,-1.,0.));
#4174=DIRECTION('',(0.,0.,-1.));
#4175=DIRECTION('',(0.,0.,-1.));
#4176=DIRECTION('center_axis',(-1.96261557335472E-17,0.707106781186548,
0.707106781186548));
#4177=DIRECTION('ref_axis',(1.,2.77555756156289E-17,0.));
#4178=DIRECTION('',(7.85989794521829E-17,-0.707106781186548,0.707106781186548));
#4179=DIRECTION('',(1.,2.77555756156289E-17,0.));
#4180=DIRECTION('',(-1.96261557335472E-17,0.707106781186548,-0.707106781186548));
#4181=DIRECTION('',(1.,2.77555756156289E-17,0.));
#4182=DIRECTION('center_axis',(2.61675264183026E-33,-9.427844978134E-17,
-1.));
#4183=DIRECTION('ref_axis',(2.77555756156289E-17,-1.,9.427844978134E-17));
#4184=DIRECTION('',(-2.77555756156289E-17,1.,-9.427844978134E-17));
#4185=DIRECTION('',(1.,2.77555756156289E-17,0.));
#4186=DIRECTION('',(-2.77555756156289E-17,1.,-9.427844978134E-17));
#4187=DIRECTION('',(-1.,-2.77555756156289E-17,0.));
#4188=DIRECTION('center_axis',(2.61675264183026E-33,-9.427844978134E-17,
-1.));
#4189=DIRECTION('ref_axis',(2.77555756156289E-17,-1.,9.427844978134E-17));
#4190=DIRECTION('',(1.,2.77555756156289E-17,0.));
#4191=DIRECTION('',(-2.77555756156289E-17,1.,-9.427844978134E-17));
#4192=DIRECTION('',(1.,2.77555756156289E-17,0.));
#4193=DIRECTION('',(-2.77555756156289E-17,1.,-9.427844978134E-17));
#4194=DIRECTION('center_axis',(-1.,-2.77555756156289E-17,0.));
#4195=DIRECTION('ref_axis',(0.,0.,-1.));
#4196=DIRECTION('',(0.,0.,-1.));
#4197=DIRECTION('',(0.,0.,1.));
#4198=DIRECTION('center_axis',(-1.,-2.77555756156289E-17,0.));
#4199=DIRECTION('ref_axis',(0.,0.,-1.));
#4200=DIRECTION('',(0.,0.,-1.));
#4201=DIRECTION('',(0.,0.,-1.));
#4202=DIRECTION('center_axis',(0.866025403784762,-0.49999999999944,0.));
#4203=DIRECTION('ref_axis',(0.,0.,1.));
#4204=DIRECTION('',(-0.447213595499551,-0.774596669241954,-0.447213595499551));
#4205=DIRECTION('',(0.,0.,1.));
#4206=DIRECTION('',(-0.447213595499551,-0.774596669241954,0.447213595499551));
#4207=DIRECTION('center_axis',(0.866025403784762,0.49999999999944,0.));
#4208=DIRECTION('ref_axis',(0.,0.,-1.));
#4209=DIRECTION('',(-0.447213595499551,0.774596669241954,0.447213595499551));
#4210=DIRECTION('',(-0.447213595499551,0.774596669241954,-0.447213595499551));
#4211=DIRECTION('',(0.,0.,-1.));
#4212=DIRECTION('center_axis',(1.38777878077989E-17,-0.49999999999944,0.866025403784762));
#4213=DIRECTION('ref_axis',(-1.,-2.77555756156289E-17,0.));
#4214=DIRECTION('',(-1.,-2.77555756156289E-17,0.));
#4215=DIRECTION('center_axis',(-1.38777878077989E-17,0.49999999999944,0.866025403784762));
#4216=DIRECTION('ref_axis',(1.,2.77555756156289E-17,0.));
#4217=DIRECTION('',(1.,2.77555756156289E-17,0.));
#4218=DIRECTION('center_axis',(2.77555756156289E-17,-1.,0.));
#4219=DIRECTION('ref_axis',(0.,0.,1.));
#4220=DIRECTION('center_axis',(-1.,-2.77555756156289E-17,0.));
#4221=DIRECTION('ref_axis',(0.,0.,-1.));
#4222=DIRECTION('',(0.,0.,1.));
#4223=DIRECTION('',(0.,0.,1.));
#4224=DIRECTION('',(-2.77555756156289E-17,1.,0.));
#4225=DIRECTION('center_axis',(-2.77555756156289E-17,1.,0.));
#4226=DIRECTION('ref_axis',(0.,0.,-1.));
#4227=DIRECTION('',(-8.340016711426E-17,-2.31481964469593E-33,-1.));
#4228=DIRECTION('',(-1.,-2.77555756156289E-17,0.));
#4229=DIRECTION('',(0.,0.,-1.));
#4230=DIRECTION('',(-1.,-2.77555756156289E-17,-5.782411586589E-16));
#4231=DIRECTION('center_axis',(1.,2.77555756156289E-17,-8.340016711426E-17));
#4232=DIRECTION('ref_axis',(8.340016711426E-17,2.31481964469593E-33,1.));
#4233=DIRECTION('',(-8.340016711426E-17,-2.31481964469593E-33,-1.));
#4234=DIRECTION('',(-2.77555756156289E-17,1.,0.));
#4235=DIRECTION('center_axis',(-1.38777878077989E-17,0.49999999999944,0.866025403784762));
#4236=DIRECTION('ref_axis',(-1.,-2.77555756156289E-17,0.));
#4237=DIRECTION('',(-0.447213595499551,-0.774596669241954,0.447213595499551));
#4238=DIRECTION('',(-1.,-2.77555756156289E-17,0.));
#4239=DIRECTION('',(-0.447213595499551,0.774596669241954,-0.447213595499551));
#4240=DIRECTION('',(1.,2.77555756156289E-17,0.));
#4241=DIRECTION('center_axis',(0.866025403784762,0.49999999999944,0.));
#4242=DIRECTION('ref_axis',(0.,0.,-1.));
#4243=DIRECTION('',(0.,0.,-1.));
#4244=DIRECTION('',(0.,0.,1.));
#4245=DIRECTION('center_axis',(2.61675264183026E-33,-9.427844978134E-17,
-1.));
#4246=DIRECTION('ref_axis',(2.77555756156289E-17,-1.,9.427844978134E-17));
#4247=DIRECTION('',(1.,2.77555756156289E-17,0.));
#4248=DIRECTION('',(-2.77555756156289E-17,1.,-9.427844978134E-17));
#4249=DIRECTION('',(1.,2.77555756156289E-17,0.));
#4250=DIRECTION('',(-2.77555756156289E-17,1.,-9.427844978134E-17));
#4251=DIRECTION('center_axis',(2.61675264183026E-33,-9.427844978134E-17,
-1.));
#4252=DIRECTION('ref_axis',(2.77555756156289E-17,-1.,9.427844978134E-17));
#4253=DIRECTION('',(-2.77555756156289E-17,1.,-9.427844978134E-17));
#4254=DIRECTION('',(1.,2.77555756156289E-17,0.));
#4255=DIRECTION('',(-2.77555756156289E-17,1.,-9.427844978134E-17));
#4256=DIRECTION('',(1.,2.77555756156289E-17,0.));
#4257=DIRECTION('center_axis',(-1.,-2.77555756156289E-17,0.));
#4258=DIRECTION('ref_axis',(0.,0.,-1.));
#4259=DIRECTION('',(-2.77555756156289E-17,1.,-2.06514699521E-16));
#4260=DIRECTION('center_axis',(1.,2.77555756156289E-17,0.));
#4261=DIRECTION('ref_axis',(0.,0.,-1.));
#4262=DIRECTION('',(0.,0.,-1.));
#4263=DIRECTION('center_axis',(-1.,-2.77555756156289E-17,0.));
#4264=DIRECTION('ref_axis',(0.,0.,-1.));
#4265=DIRECTION('',(0.,0.,-1.));
#4266=DIRECTION('center_axis',(-1.,-2.77555756156289E-17,0.));
#4267=DIRECTION('ref_axis',(0.,0.,-1.));
#4268=DIRECTION('',(0.,0.,-1.));
#4269=DIRECTION('center_axis',(1.,2.77555756156289E-17,0.));
#4270=DIRECTION('ref_axis',(0.,0.,-1.));
#4271=DIRECTION('center_axis',(1.,2.77555756156289E-17,0.));
#4272=DIRECTION('ref_axis',(0.,0.,1.));
#4273=DIRECTION('center_axis',(-1.,-2.77555756156289E-17,0.));
#4274=DIRECTION('ref_axis',(0.,0.,-1.));
#4275=DIRECTION('',(1.,2.77555756156289E-17,0.));
#4276=DIRECTION('center_axis',(2.77555756156289E-17,-1.,0.));
#4277=DIRECTION('ref_axis',(0.,0.,1.));
#4278=DIRECTION('',(0.,0.,-1.));
#4279=DIRECTION('',(1.,2.77555756156289E-17,0.));
#4280=DIRECTION('center_axis',(-2.77555756156289E-17,1.,0.));
#4281=DIRECTION('ref_axis',(0.,0.,-1.));
#4282=DIRECTION('',(0.,0.,1.));
#4283=DIRECTION('center_axis',(5.731934358294E-33,-2.06514699521E-16,-1.));
#4284=DIRECTION('ref_axis',(2.77555756156289E-17,-1.,2.06514699521E-16));
#4285=DIRECTION('',(-2.77555756156289E-17,1.,-2.06514699521E-16));
#4286=DIRECTION('',(1.,2.77555756156289E-17,0.));
#4287=DIRECTION('center_axis',(1.,2.77555756156289E-17,0.));
#4288=DIRECTION('ref_axis',(0.,0.,1.));
#4289=DIRECTION('center_axis',(1.,2.77555756156289E-17,0.));
#4290=DIRECTION('ref_axis',(0.,0.,-1.));
#4291=DIRECTION('',(1.,2.77555756156289E-17,0.));
#4292=DIRECTION('center_axis',(2.77555756156289E-17,-1.,0.));
#4293=DIRECTION('ref_axis',(0.,0.,1.));
#4294=DIRECTION('',(0.,0.,-1.));
#4295=DIRECTION('',(1.,2.77555756156289E-17,0.));
#4296=DIRECTION('center_axis',(1.,2.77555756156289E-17,0.));
#4297=DIRECTION('ref_axis',(0.,0.,1.));
#4298=DIRECTION('center_axis',(-1.,-2.77555756156289E-17,0.));
#4299=DIRECTION('ref_axis',(0.,0.,-1.));
#4300=DIRECTION('center_axis',(0.,0.,-1.));
#4301=DIRECTION('ref_axis',(1.,2.77555756156289E-17,0.));
#4302=DIRECTION('',(-5.14345510627071E-16,-1.,0.));
#4303=DIRECTION('',(-1.,-2.77555756156289E-17,0.));
#4304=DIRECTION('',(-5.69856661858329E-16,1.,0.));
#4305=DIRECTION('',(1.,2.77555756156289E-17,0.));
#4306=DIRECTION('center_axis',(2.77555756156289E-17,-1.,0.));
#4307=DIRECTION('ref_axis',(0.,0.,1.));
#4308=DIRECTION('',(0.,0.,-1.));
#4309=DIRECTION('',(0.,0.,-1.));
#4310=DIRECTION('',(0.,0.,-1.));
#4311=DIRECTION('',(0.,0.,-1.));
#4312=DIRECTION('',(0.,0.,-1.));
#4313=DIRECTION('',(0.,0.,-1.));
#4314=DIRECTION('',(0.,0.,-1.));
#4315=DIRECTION('',(0.,0.,-1.));
#4316=DIRECTION('',(0.,0.,-1.));
#4317=DIRECTION('center_axis',(-1.,-5.69856661858329E-16,0.));
#4318=DIRECTION('ref_axis',(5.69856661858329E-16,-1.,0.));
#4319=DIRECTION('',(0.,0.,-1.));
#4320=DIRECTION('center_axis',(1.,-5.14345510627071E-16,0.));
#4321=DIRECTION('ref_axis',(5.14345510627071E-16,1.,0.));
#4322=DIRECTION('',(0.,0.,-1.));
#4323=DIRECTION('center_axis',(-1.,-2.77555756156289E-17,2.168404344971E-16));
#4324=DIRECTION('ref_axis',(-2.168404344971E-16,-6.01853107621009E-33,-1.));
#4325=DIRECTION('',(2.168404344971E-16,6.01853107621009E-33,1.));
#4326=DIRECTION('',(-1.36603659766083E-16,0.853743356398032,-0.520694038189629));
#4327=DIRECTION('',(2.168404344971E-16,6.01853107621009E-33,1.));
#4328=DIRECTION('center_axis',(1.153406566473E-16,3.20134631713043E-33,
-1.));
#4329=DIRECTION('ref_axis',(1.,2.77555756156289E-17,1.153406566473E-16));
#4330=DIRECTION('',(2.77555756156289E-17,-1.,0.));
#4331=DIRECTION('',(2.77555756156289E-17,-1.,0.));
#4332=DIRECTION('',(1.,2.77555756156289E-17,1.153406566473E-16));
#4333=DIRECTION('center_axis',(-1.,-2.77555756156289E-17,-1.11200222819E-16));
#4334=DIRECTION('ref_axis',(1.11200222819E-16,3.08642619292754E-33,-1.));
#4335=DIRECTION('',(-2.77555756156289E-17,1.,0.));
#4336=DIRECTION('',(1.11200222819E-16,3.08642619292754E-33,-1.));
#4337=DIRECTION('',(2.77555756156289E-17,-1.,0.));
#4338=DIRECTION('',(2.77555756156289E-17,-1.,0.));
#4339=DIRECTION('',(-1.11200222819E-16,-3.08642619292754E-33,1.));
#4340=DIRECTION('center_axis',(1.,2.77555756156289E-17,1.11200222819E-16));
#4341=DIRECTION('ref_axis',(-1.11200222819E-16,-3.08642619292754E-33,1.));
#4342=DIRECTION('',(2.77555756156289E-17,-1.,0.));
#4343=DIRECTION('',(1.11200222819E-16,3.08642619292754E-33,-1.));
#4344=DIRECTION('',(-2.77555756156289E-17,1.,0.));
#4345=DIRECTION('',(2.77555756156289E-17,-1.,0.));
#4346=DIRECTION('',(-1.11200222819E-16,-3.08642619292754E-33,1.));
#4347=DIRECTION('center_axis',(0.,0.,1.));
#4348=DIRECTION('ref_axis',(-1.,-2.77555756156289E-17,0.));
#4349=DIRECTION('',(-2.77555756156289E-17,1.,0.));
#4350=DIRECTION('',(-1.,5.14345510627071E-16,0.));
#4351=DIRECTION('',(-5.91788522947471E-16,-1.,0.));
#4352=DIRECTION('',(1.,2.77555756156289E-17,0.));
#4353=DIRECTION('center_axis',(5.14345510627071E-16,1.,0.));
#4354=DIRECTION('ref_axis',(-1.,5.14345510627071E-16,0.));
#4355=DIRECTION('',(-1.,5.14345510627071E-16,0.));
#4356=DIRECTION('',(0.,0.,1.));
#4357=DIRECTION('',(0.,0.,1.));
#4358=DIRECTION('center_axis',(-1.,5.91788522947471E-16,0.));
#4359=DIRECTION('ref_axis',(-5.91788522947471E-16,-1.,0.));
#4360=DIRECTION('',(-5.91788522947471E-16,-1.,0.));
#4361=DIRECTION('',(0.,0.,1.));
#4362=DIRECTION('center_axis',(1.,2.77555756156289E-17,0.));
#4363=DIRECTION('ref_axis',(0.,0.,1.));
#4364=DIRECTION('',(-2.77555756156289E-17,1.,0.));
#4365=DIRECTION('',(0.,0.,1.));
#4366=DIRECTION('center_axis',(-1.,3.33645148546171E-16,0.));
#4367=DIRECTION('ref_axis',(-3.33645148546171E-16,-1.,0.));
#4368=DIRECTION('',(-3.33645148546171E-16,-1.,0.));
#4369=DIRECTION('',(0.,0.,1.));
#4370=DIRECTION('',(0.,0.,1.));
#4371=DIRECTION('center_axis',(5.69856661858329E-16,-1.,0.));
#4372=DIRECTION('ref_axis',(1.,5.69856661858329E-16,0.));
#4373=DIRECTION('',(1.,5.69856661858329E-16,0.));
#4374=DIRECTION('',(0.,0.,1.));
#4375=DIRECTION('center_axis',(1.,2.77555756156289E-17,0.));
#4376=DIRECTION('ref_axis',(0.,0.,1.));
#4377=DIRECTION('',(-2.77555756156289E-17,1.,0.));
#4378=DIRECTION('',(0.,0.,1.));
#4379=DIRECTION('center_axis',(-5.14345510627071E-16,-1.,0.));
#4380=DIRECTION('ref_axis',(1.,-5.14345510627071E-16,0.));
#4381=DIRECTION('',(1.,-5.14345510627071E-16,0.));
#4382=DIRECTION('',(0.,0.,1.));
#4383=DIRECTION('',(0.,0.,1.));
#4384=DIRECTION('center_axis',(1.,3.89156299777429E-16,0.));
#4385=DIRECTION('ref_axis',(-3.89156299777429E-16,1.,0.));
#4386=DIRECTION('',(-3.89156299777429E-16,1.,0.));
#4387=DIRECTION('',(0.,0.,1.));
#4388=DIRECTION('center_axis',(-1.,-2.77555756156289E-17,0.));
#4389=DIRECTION('ref_axis',(0.,0.,-1.));
#4390=DIRECTION('',(2.77555756156289E-17,-1.,0.));
#4391=DIRECTION('',(0.,0.,1.));
#4392=DIRECTION('center_axis',(2.77555756156289E-17,-1.,0.));
#4393=DIRECTION('ref_axis',(0.,0.,1.));
#4394=DIRECTION('',(0.,0.,1.));
#4395=DIRECTION('',(-1.,-2.77555756156289E-17,0.));
#4396=DIRECTION('',(0.,0.,1.));
#4397=DIRECTION('center_axis',(-1.,-2.77555756156289E-17,0.));
#4398=DIRECTION('ref_axis',(0.,0.,1.));
#4399=DIRECTION('',(2.77555756156289E-17,-1.,-1.301042606982E-16));
#4400=DIRECTION('center_axis',(-1.,-2.77555756156289E-17,0.));
#4401=DIRECTION('ref_axis',(0.,0.,1.));
#4402=DIRECTION('',(2.77555756156289E-17,-1.,0.));
#4403=DIRECTION('',(0.,0.,-1.));
#4404=DIRECTION('',(2.77555756156289E-17,-1.,0.));
#4405=DIRECTION('',(0.,0.,1.));
#4406=DIRECTION('',(2.77555756156289E-17,-1.,0.));
#4407=DIRECTION('',(0.,0.,1.));
#4408=DIRECTION('',(2.77555756156289E-17,-1.,0.));
#4409=DIRECTION('',(0.,0.,1.));
#4410=DIRECTION('',(-2.77555756156289E-17,1.,1.760439891142E-16));
#4411=DIRECTION('',(0.,0.,1.));
#4412=DIRECTION('center_axis',(0.,0.,-1.));
#4413=DIRECTION('ref_axis',(1.,2.77555756156289E-17,0.));
#4414=DIRECTION('',(-1.,-2.77555756156289E-17,0.));
#4415=DIRECTION('',(-1.,-2.77555756156289E-17,0.));
#4416=DIRECTION('',(-2.77555756156289E-17,1.,0.));
#4417=DIRECTION('center_axis',(2.77555756156289E-17,-1.,0.));
#4418=DIRECTION('ref_axis',(0.,0.,1.));
#4419=DIRECTION('',(-1.,-2.77555756156289E-17,0.));
#4420=DIRECTION('',(0.,0.,-1.));
#4421=DIRECTION('center_axis',(2.77555756156289E-17,-1.,0.));
#4422=DIRECTION('ref_axis',(0.,0.,1.));
#4423=DIRECTION('',(0.,0.,1.));
#4424=DIRECTION('',(-1.,-2.77555756156289E-17,0.));
#4425=DIRECTION('',(-1.,-2.77555756156289E-17,0.));
#4426=DIRECTION('center_axis',(2.77555756156289E-17,-1.,0.));
#4427=DIRECTION('ref_axis',(0.,0.,1.));
#4428=DIRECTION('',(0.,0.,1.));
#4429=DIRECTION('',(-1.,-2.77555756156289E-17,0.));
#4430=DIRECTION('center_axis',(3.61111864572439E-33,-1.301042606982E-16,
1.));
#4431=DIRECTION('ref_axis',(-2.77555756156289E-17,1.,1.301042606982E-16));
#4432=DIRECTION('',(-2.77555756156289E-17,1.,1.301042606982E-16));
#4433=DIRECTION('',(-1.,-2.77555756156289E-17,0.));
#4434=DIRECTION('',(2.77555756156289E-17,-1.,-1.301042606982E-16));
#4435=DIRECTION('',(1.,2.77555756156289E-17,0.));
#4436=DIRECTION('',(2.77555756156289E-17,-1.,-1.301042606982E-16));
#4437=DIRECTION('',(1.,2.77555756156289E-17,0.));
#4438=DIRECTION('center_axis',(-2.77555756156289E-17,1.,-2.282530889443E-16));
#4439=DIRECTION('ref_axis',(6.33529586969439E-33,-2.282530889443E-16,-1.));
#4440=DIRECTION('',(-6.33529586969439E-33,2.282530889443E-16,1.));
#4441=DIRECTION('',(6.33529586969439E-33,-2.282530889443E-16,-1.));
#4442=DIRECTION('',(-6.33529586969439E-33,2.282530889443E-16,1.));
#4443=DIRECTION('',(1.,2.77555756156289E-17,0.));
#4444=DIRECTION('center_axis',(1.,2.77555756156289E-17,0.));
#4445=DIRECTION('ref_axis',(0.,0.,1.));
#4446=DIRECTION('',(-2.77555756156289E-17,1.,0.));
#4447=DIRECTION('',(0.,0.,-1.));
#4448=DIRECTION('',(-2.77555756156289E-17,1.,1.647449359529E-16));
#4449=DIRECTION('',(0.,0.,1.));
#4450=DIRECTION('',(2.77555756156289E-17,-1.,0.));
#4451=DIRECTION('',(0.,0.,1.));
#4452=DIRECTION('',(2.77555756156289E-17,-1.,0.));
#4453=DIRECTION('',(0.,0.,1.));
#4454=DIRECTION('',(2.77555756156289E-17,-1.,0.));
#4455=DIRECTION('',(0.,0.,-1.));
#4456=DIRECTION('center_axis',(-2.77555756156289E-17,1.,0.));
#4457=DIRECTION('ref_axis',(0.,0.,-1.));
#4458=DIRECTION('',(1.,2.77555756156289E-17,0.));
#4459=DIRECTION('',(0.,0.,-1.));
#4460=DIRECTION('',(1.,2.77555756156289E-17,0.));
#4461=DIRECTION('center_axis',(0.,0.,1.));
#4462=DIRECTION('ref_axis',(-1.,-2.77555756156289E-17,0.));
#4463=DIRECTION('',(1.,2.77555756156289E-17,0.));
#4464=DIRECTION('',(-2.77555756156289E-17,1.,0.));
#4465=DIRECTION('center_axis',(-2.77555756156289E-17,1.,0.));
#4466=DIRECTION('ref_axis',(0.,0.,-1.));
#4467=DIRECTION('',(0.,0.,1.));
#4468=DIRECTION('',(1.,2.77555756156289E-17,0.));
#4469=DIRECTION('',(-1.,-2.77555756156289E-17,0.));
#4470=DIRECTION('center_axis',(1.44521627495794E-17,-0.520694038189629,
-0.853743356398032));
#4471=DIRECTION('ref_axis',(2.36961382848464E-17,-0.853743356398032,0.520694038189629));
#4472=DIRECTION('',(1.,2.77555756156289E-17,0.));
#4473=DIRECTION('',(1.,2.77555756156289E-17,0.));
#4474=DIRECTION('',(-2.36961382848464E-17,0.853743356398032,-0.520694038189629));
#4475=DIRECTION('center_axis',(2.77555756156289E-17,-1.,0.));
#4476=DIRECTION('ref_axis',(0.,0.,1.));
#4477=DIRECTION('',(0.,0.,-1.));
#4478=DIRECTION('center_axis',(-2.77555756156289E-17,1.,0.));
#4479=DIRECTION('ref_axis',(0.,0.,-1.));
#4480=DIRECTION('',(0.,0.,1.));
#4481=DIRECTION('',(1.,2.77555756156289E-17,0.));
#4482=DIRECTION('center_axis',(8.60417280041659E-33,-3.099979953423E-16,
1.));
#4483=DIRECTION('ref_axis',(-2.77555756156289E-17,1.,3.099979953423E-16));
#4484=DIRECTION('',(2.77555756156289E-17,-1.,-3.099979953423E-16));
#4485=DIRECTION('center_axis',(-8.60417280041659E-33,3.099979953423E-16,
-1.));
#4486=DIRECTION('ref_axis',(2.77555756156289E-17,-1.,-3.099979953423E-16));
#4487=DIRECTION('',(2.77555756156289E-17,-1.,-3.099979953423E-16));
#4488=DIRECTION('center_axis',(0.,0.,-1.));
#4489=DIRECTION('ref_axis',(1.,2.77555756156289E-17,0.));
#4490=DIRECTION('',(-1.,-2.77555756156289E-17,0.));
#4491=DIRECTION('',(1.,2.77555756156289E-17,0.));
#4492=DIRECTION('',(-2.77555756156289E-17,1.,0.));
#4493=DIRECTION('',(-1.,-2.77555756156289E-17,0.));
#4494=DIRECTION('',(-2.77555756156289E-17,1.,0.));
#4495=DIRECTION('center_axis',(0.,0.,1.));
#4496=DIRECTION('ref_axis',(-1.,-2.77555756156289E-17,0.));
#4497=DIRECTION('',(1.,2.77555756156289E-17,0.));
#4498=DIRECTION('',(1.,2.77555756156289E-17,0.));
#4499=DIRECTION('',(2.56008664559929E-16,-1.,0.));
#4500=DIRECTION('',(1.,2.77555756156289E-17,0.));
#4501=DIRECTION('',(1.,2.77555756156289E-17,0.));
#4502=DIRECTION('',(-1.41882120087729E-16,1.,0.));
#4503=DIRECTION('',(1.,2.77555756156289E-17,0.));
#4504=DIRECTION('center_axis',(1.,2.56008664559929E-16,0.));
#4505=DIRECTION('ref_axis',(-2.56008664559929E-16,1.,0.));
#4506=DIRECTION('',(2.77555756156289E-17,-1.,-1.301042606982E-16));
#4507=DIRECTION('',(-6.33529586969439E-33,2.282530889443E-16,1.));
#4508=DIRECTION('',(0.,0.,-1.));
#4509=DIRECTION('center_axis',(-2.77555756156289E-17,1.,0.));
#4510=DIRECTION('ref_axis',(0.,0.,-1.));
#4511=DIRECTION('',(1.,2.77555756156289E-17,0.));
#4512=DIRECTION('',(1.,2.77555756156289E-17,0.));
#4513=DIRECTION('center_axis',(-2.77555756156289E-17,1.,0.));
#4514=DIRECTION('ref_axis',(0.,0.,-1.));
#4515=DIRECTION('',(1.,2.77555756156289E-17,0.));
#4516=DIRECTION('center_axis',(0.,0.,1.));
#4517=DIRECTION('ref_axis',(-1.,-2.77555756156289E-17,0.));
#4518=DIRECTION('center_axis',(0.,0.,-1.));
#4519=DIRECTION('ref_axis',(1.,2.77555756156289E-17,0.));
#4520=DIRECTION('',(-1.,-2.77555756156289E-17,0.));
#4521=DIRECTION('',(2.77555756156289E-17,-1.,0.));
#4522=DIRECTION('',(1.41882120087729E-16,-1.,0.));
#4523=DIRECTION('',(1.,2.77555756156289E-17,0.));
#4524=DIRECTION('center_axis',(-2.77555756156289E-17,1.,0.));
#4525=DIRECTION('ref_axis',(0.,0.,-1.));
#4526=DIRECTION('',(1.,2.77555756156289E-17,0.));
#4527=DIRECTION('center_axis',(0.,0.,1.));
#4528=DIRECTION('ref_axis',(-1.,-2.77555756156289E-17,0.));
#4529=DIRECTION('center_axis',(1.44521627495794E-17,-0.520694038189629,
-0.853743356398032));
#4530=DIRECTION('ref_axis',(2.36961382848464E-17,-0.853743356398032,0.520694038189629));
#4531=DIRECTION('',(1.,2.77555756156289E-17,0.));
#4532=DIRECTION('',(8.01498990254746E-17,-0.853743356398032,0.520694038189629));
#4533=DIRECTION('',(1.,2.77555756156289E-17,0.));
#4534=DIRECTION('',(-2.36961382848464E-17,0.853743356398032,-0.520694038189629));
#4535=DIRECTION('center_axis',(-1.,-2.77555756156289E-17,0.));
#4536=DIRECTION('ref_axis',(0.,0.,-1.));
#4537=DIRECTION('',(2.77555756156289E-17,-1.,0.));
#4538=DIRECTION('',(2.77555756156289E-17,-1.,0.));
#4539=DIRECTION('center_axis',(-5.782411586589E-16,-1.6049416203226E-32,
1.));
#4540=DIRECTION('ref_axis',(-1.,-2.77555756156289E-17,-5.782411586589E-16));
#4541=DIRECTION('',(-1.,-2.77555756156289E-17,-5.782411586589E-16));
#4542=DIRECTION('center_axis',(0.,0.,1.));
#4543=DIRECTION('ref_axis',(-1.,-2.77555756156289E-17,0.));
#4544=DIRECTION('',(2.77555756156289E-17,-1.,0.));
#4545=DIRECTION('',(-1.,-2.77555756156289E-17,0.));
#4546=DIRECTION('center_axis',(1.,2.77555756156289E-17,-2.478176394252E-15));
#4547=DIRECTION('ref_axis',(2.478176394252E-15,6.8783212299528E-32,1.));
#4548=DIRECTION('',(2.77555756156289E-17,-1.,0.));
#4549=DIRECTION('center_axis',(2.77555756156289E-17,-1.,0.));
#4550=DIRECTION('ref_axis',(0.,0.,1.));
#4551=DIRECTION('',(-1.,-2.77555756156289E-17,-5.10212787052E-16));
#4552=DIRECTION('center_axis',(-5.10212787052E-16,-1.41612495910826E-32,
1.));
#4553=DIRECTION('ref_axis',(-1.,-2.77555756156289E-17,-5.10212787052E-16));
#4554=DIRECTION('center_axis',(2.77555756156289E-17,-1.,2.282530889443E-16));
#4555=DIRECTION('ref_axis',(-6.33529586969439E-33,2.282530889443E-16,1.));
#4556=DIRECTION('',(-6.33529586969439E-33,2.282530889443E-16,1.));
#4557=DIRECTION('',(-1.,-2.77555756156289E-17,0.));
#4558=DIRECTION('center_axis',(-3.61111864572439E-33,1.301042606982E-16,
-1.));
#4559=DIRECTION('ref_axis',(2.77555756156289E-17,-1.,-1.301042606982E-16));
#4560=DIRECTION('center_axis',(-1.,-5.69856661858329E-16,0.));
#4561=DIRECTION('ref_axis',(5.69856661858329E-16,-1.,0.));
#4562=DIRECTION('',(0.,0.,-1.));
#4563=DIRECTION('center_axis',(1.,-5.14345510627071E-16,0.));
#4564=DIRECTION('ref_axis',(5.14345510627071E-16,1.,0.));
#4565=DIRECTION('',(0.,0.,-1.));
#4566=DIRECTION('center_axis',(-1.,-5.69856661858329E-16,0.));
#4567=DIRECTION('ref_axis',(5.69856661858329E-16,-1.,0.));
#4568=DIRECTION('',(0.,0.,-1.));
#4569=DIRECTION('center_axis',(1.,-5.14345510627071E-16,0.));
#4570=DIRECTION('ref_axis',(5.14345510627071E-16,1.,0.));
#4571=DIRECTION('',(0.,0.,-1.));
#4572=DIRECTION('center_axis',(2.77555756156289E-17,-1.,0.));
#4573=DIRECTION('ref_axis',(0.,0.,1.));
#4574=DIRECTION('center_axis',(2.77555756156289E-17,-1.,0.));
#4575=DIRECTION('ref_axis',(0.,0.,1.));
#4576=DIRECTION('',(0.,0.,-1.));
#4577=DIRECTION('',(-1.084202172485E-16,-3.00926553810366E-33,-1.));
#4578=DIRECTION('',(0.,0.,-1.));
#4579=DIRECTION('center_axis',(1.,2.77555756156289E-17,0.));
#4580=DIRECTION('ref_axis',(0.,0.,1.));
#4581=DIRECTION('center_axis',(1.,2.77555756156289E-17,0.));
#4582=DIRECTION('ref_axis',(0.,0.,-1.));
#4583=DIRECTION('center_axis',(-1.,-2.77555756156289E-17,0.));
#4584=DIRECTION('ref_axis',(0.,0.,-1.));
#4585=DIRECTION('',(0.,0.,-1.));
#4586=DIRECTION('center_axis',(0.866025403784762,-0.49999999999944,0.));
#4587=DIRECTION('ref_axis',(0.,0.,1.));
#4588=DIRECTION('center_axis',(1.,2.77555756156289E-17,0.));
#4589=DIRECTION('ref_axis',(0.,0.,1.));
#4590=DIRECTION('center_axis',(1.,2.77555756156289E-17,0.));
#4591=DIRECTION('ref_axis',(0.,0.,-1.));
#4592=DIRECTION('center_axis',(-1.,-2.77555756156289E-17,0.));
#4593=DIRECTION('ref_axis',(0.,0.,-1.));
#4594=DIRECTION('',(0.,0.,-1.));
#4595=DIRECTION('center_axis',(0.866025403784762,-0.49999999999944,0.));
#4596=DIRECTION('ref_axis',(0.,0.,1.));
#4597=DIRECTION('center_axis',(1.,-5.14345510627071E-16,0.));
#4598=DIRECTION('ref_axis',(5.14345510627071E-16,1.,0.));
#4599=DIRECTION('center_axis',(1.,2.77555756156289E-17,-1.084202172485E-16));
#4600=DIRECTION('ref_axis',(1.084202172485E-16,3.00926553810366E-33,1.));
#4601=DIRECTION('',(-1.084202172485E-16,-3.00926553810366E-33,-1.));
#4602=DIRECTION('center_axis',(2.77555756156289E-17,-1.,0.));
#4603=DIRECTION('ref_axis',(0.,0.,1.));
#4604=DIRECTION('',(0.,0.,-1.));
#4605=DIRECTION('center_axis',(-1.,-1.41882120087729E-16,0.));
#4606=DIRECTION('ref_axis',(1.41882120087729E-16,-1.,0.));
#4607=DIRECTION('',(0.,0.,1.));
#4608=DIRECTION('center_axis',(-2.77555756156289E-17,1.,0.));
#4609=DIRECTION('ref_axis',(0.,0.,-1.));
#4610=DIRECTION('',(0.,0.,1.));
#4611=DIRECTION('center_axis',(1.,2.77555756156289E-17,0.));
#4612=DIRECTION('ref_axis',(0.,0.,1.));
#4613=DIRECTION('',(-1.43152560089926E-33,5.157614530225E-17,-1.));
#4614=DIRECTION('center_axis',(-2.77555756156289E-17,1.,5.157614530225E-17));
#4615=DIRECTION('ref_axis',(-1.43152560089926E-33,5.157614530225E-17,-1.));
#4616=DIRECTION('',(-1.43152560089926E-33,5.157614530225E-17,-1.));
#4617=DIRECTION('center_axis',(1.,2.77555756156289E-17,0.));
#4618=DIRECTION('ref_axis',(0.,0.,-1.));
#4619=DIRECTION('',(0.,0.,1.));
#4620=DIRECTION('center_axis',(2.77555756156289E-17,-1.,0.));
#4621=DIRECTION('ref_axis',(0.,0.,1.));
#4622=DIRECTION('',(0.,0.,1.));
#4623=DIRECTION('center_axis',(1.,2.77555756156289E-17,0.));
#4624=DIRECTION('ref_axis',(0.,0.,1.));
#4625=DIRECTION('',(0.,0.,-1.));
#4626=DIRECTION('center_axis',(-2.77555756156289E-17,1.,0.));
#4627=DIRECTION('ref_axis',(0.,0.,-1.));
#4628=DIRECTION('',(0.,0.,-1.));
#4629=DIRECTION('center_axis',(-1.,-2.77555756156289E-17,0.));
#4630=DIRECTION('ref_axis',(0.,0.,1.));
#4631=CARTESIAN_POINT('',(0.,0.,0.));
#4632=CARTESIAN_POINT('Origin',(4.75,0.799999999999,-0.1));
#4633=CARTESIAN_POINT('',(5.25,0.799999999999,-0.1));
#4634=CARTESIAN_POINT('',(5.134529946162,0.999999999998999,0.015470053837));
#4635=CARTESIAN_POINT('',(5.14,0.990525588831999,0.009999999999));
#4636=CARTESIAN_POINT('',(4.75,0.799999999999,-0.1));
#4637=CARTESIAN_POINT('',(4.75,0.799999999999,-0.1));
#4638=CARTESIAN_POINT('',(4.865470053837,0.999999999998999,0.015470053837));
#4639=CARTESIAN_POINT('',(4.75,0.799999999999,-0.1));
#4640=CARTESIAN_POINT('',(4.75,0.999999999998999,0.015470053837));
#4641=CARTESIAN_POINT('Origin',(4.75,-1.1,-0.1));
#4642=CARTESIAN_POINT('',(4.75,-1.1,-0.1));
#4643=CARTESIAN_POINT('',(4.75,-1.1,-0.1));
#4644=CARTESIAN_POINT('',(5.25,-1.1,-0.1));
#4645=CARTESIAN_POINT('',(5.25,-1.1,-0.1));
#4646=CARTESIAN_POINT('',(4.75,-1.1,-0.1));
#4647=CARTESIAN_POINT('Origin',(2.75,-1.1,-0.1));
#4648=CARTESIAN_POINT('',(2.75,-1.1,-0.1));
#4649=CARTESIAN_POINT('',(2.75,0.799999999999,-0.1));
#4650=CARTESIAN_POINT('',(2.75,-1.1,-0.1));
#4651=CARTESIAN_POINT('',(3.25,0.799999999999,-0.1));
#4652=CARTESIAN_POINT('',(2.75,0.799999999999,-0.1));
#4653=CARTESIAN_POINT('',(3.25,-1.1,-0.1));
#4654=CARTESIAN_POINT('',(3.25,-1.1,-0.1));
#4655=CARTESIAN_POINT('',(2.75,-1.1,-0.1));
#4656=CARTESIAN_POINT('Origin',(2.75,0.799999999999,-0.1));
#4657=CARTESIAN_POINT('',(3.134529946163,0.999999999998999,0.015470053837));
#4658=CARTESIAN_POINT('',(3.140000000001,0.990525588831999,0.009999999999));
#4659=CARTESIAN_POINT('',(2.865470053838,0.999999999998999,0.015470053837));
#4660=CARTESIAN_POINT('',(2.75,0.799999999999,-0.1));
#4661=CARTESIAN_POINT('',(2.75,0.999999999998999,0.015470053837));
#4662=CARTESIAN_POINT('Origin',(7.549999999999,-7.379999999999,-0.12));
#4663=CARTESIAN_POINT('',(7.25,-7.009996475702,-0.12));
#4664=CARTESIAN_POINT('',(7.25,-7.379999999999,-0.12));
#4665=CARTESIAN_POINT('',(7.25,-7.379999999999,-0.12));
#4666=CARTESIAN_POINT('',(7.549999999999,-7.009996475702,-0.12));
#4667=CARTESIAN_POINT('',(7.549999999999,-7.009996475702,-0.12));
#4668=CARTESIAN_POINT('',(7.549999999999,-7.379999999999,-0.12));
#4669=CARTESIAN_POINT('',(7.549999999999,-7.379999999999,-0.12));
#4670=CARTESIAN_POINT('',(7.549999999999,-7.379999999999,-0.12));
#4671=CARTESIAN_POINT('Origin',(7.549999999999,-7.379999999999,0.0799999999989998));
#4672=CARTESIAN_POINT('',(7.25,-7.563303027798,0.));
#4673=CARTESIAN_POINT('Origin',(7.25,-7.379999999999,0.0799999999989998));
#4674=CARTESIAN_POINT('',(7.549999999999,-7.579999999999,0.0800000000000001));
#4675=CARTESIAN_POINT('Origin',(7.549999999999,-7.379999999999,0.0799999999989998));
#4676=CARTESIAN_POINT('',(7.25,-7.579999999999,0.0800000000000001));
#4677=CARTESIAN_POINT('',(7.549999999999,-7.579999999999,0.0800000000000001));
#4678=CARTESIAN_POINT('Origin',(7.25,-7.379999999999,0.0799999999989998));
#4679=CARTESIAN_POINT('Origin',(7.549999999999,-4.879999999999,0.0799999999989998));
#4680=CARTESIAN_POINT('',(7.25,-4.679999999999,0.0799999999989998));
#4681=CARTESIAN_POINT('',(7.25,-4.696696972201,5.55111512312578E-16));
#4682=CARTESIAN_POINT('Origin',(7.25,-4.879999999999,0.0799999999989998));
#4683=CARTESIAN_POINT('',(7.549999999999,-4.679999999999,0.0799999999989998));
#4684=CARTESIAN_POINT('',(7.549999999999,-4.679999999999,0.0799999999989998));
#4685=CARTESIAN_POINT('',(7.549999999999,-4.879999999999,-0.12));
#4686=CARTESIAN_POINT('Origin',(7.549999999999,-4.879999999999,0.0799999999989998));
#4687=CARTESIAN_POINT('',(7.25,-4.879999999999,-0.12));
#4688=CARTESIAN_POINT('',(7.549999999999,-4.879999999999,-0.12));
#4689=CARTESIAN_POINT('Origin',(7.25,-4.879999999999,0.0799999999989998));
#4690=CARTESIAN_POINT('Origin',(7.549999999999,-6.519617984033,-0.12));
#4691=CARTESIAN_POINT('',(7.25,-6.519617984033,-0.12));
#4692=CARTESIAN_POINT('',(7.25,-6.519617984033,-0.12));
#4693=CARTESIAN_POINT('',(7.549999999999,-6.519617984033,-0.12));
#4694=CARTESIAN_POINT('',(7.549999999999,-6.519617984033,-0.12));
#4695=CARTESIAN_POINT('',(7.549999999999,-6.519617984033,-0.12));
#4696=CARTESIAN_POINT('Origin',(7.549999999999,-6.764807229868,-0.584741456788));
#4697=CARTESIAN_POINT('Origin',(7.25,-6.764807229868,-0.584741456788));
#4698=CARTESIAN_POINT('Origin',(7.549999999999,-6.764807229868,-0.584741456788));
#4699=CARTESIAN_POINT('Origin',(7.25,-6.764807229868,-0.584741456788));
#4700=CARTESIAN_POINT('',(7.25,-3.8,0.));
#4701=CARTESIAN_POINT('Origin',(0.450000000001,-6.519617984033,-0.12));
#4702=CARTESIAN_POINT('',(0.75,-4.879999999999,-0.12));
#4703=CARTESIAN_POINT('',(0.75,-6.519617984033,-0.12));
#4704=CARTESIAN_POINT('',(0.75,-6.519617984033,-0.12));
#4705=CARTESIAN_POINT('',(0.450000000001,-6.519617984033,-0.12));
#4706=CARTESIAN_POINT('',(0.450000000001,-6.519617984033,-0.12));
#4707=CARTESIAN_POINT('',(0.450000000001,-4.879999999999,-0.12));
#4708=CARTESIAN_POINT('',(0.450000000001,-6.519617984033,-0.12));
#4709=CARTESIAN_POINT('',(0.450000000001,-4.879999999999,-0.12));
#4710=CARTESIAN_POINT('Origin',(0.450000000001,-4.879999999999,0.0799999999989998));
#4711=CARTESIAN_POINT('',(0.75,-4.679999999999,0.0799999999989998));
#4712=CARTESIAN_POINT('',(0.75,-4.696696972201,5.55111512312578E-16));
#4713=CARTESIAN_POINT('Origin',(0.75,-4.879999999999,0.0799999999989998));
#4714=CARTESIAN_POINT('Origin',(0.75,-4.879999999999,0.0799999999989998));
#4715=CARTESIAN_POINT('',(0.450000000001,-4.679999999999,0.0799999999989998));
#4716=CARTESIAN_POINT('Origin',(0.450000000001,-4.879999999999,0.0799999999989998));
#4717=CARTESIAN_POINT('',(0.450000000001,-4.679999999999,0.0799999999989998));
#4718=CARTESIAN_POINT('Origin',(0.450000000001,-7.379999999999,0.0799999999989998));
#4719=CARTESIAN_POINT('',(0.75,-7.379999999999,-0.12));
#4720=CARTESIAN_POINT('',(0.75,-7.563303027798,0.));
#4721=CARTESIAN_POINT('Origin',(0.75,-7.379999999999,0.0799999999989998));
#4722=CARTESIAN_POINT('',(0.75,-7.579999999999,0.0800000000000001));
#4723=CARTESIAN_POINT('Origin',(0.75,-7.379999999999,0.0799999999989998));
#4724=CARTESIAN_POINT('',(0.450000000001,-7.579999999999,0.0800000000000001));
#4725=CARTESIAN_POINT('',(0.450000000001,-7.579999999999,0.0800000000000001));
#4726=CARTESIAN_POINT('',(0.450000000001,-7.379999999999,-0.12));
#4727=CARTESIAN_POINT('Origin',(0.450000000001,-7.379999999999,0.0799999999989998));
#4728=CARTESIAN_POINT('',(0.450000000001,-7.379999999999,-0.12));
#4729=CARTESIAN_POINT('Origin',(0.450000000001,-7.379999999999,-0.12));
#4730=CARTESIAN_POINT('',(0.75,-7.009996475702,-0.12));
#4731=CARTESIAN_POINT('',(0.75,-7.379999999999,-0.12));
#4732=CARTESIAN_POINT('',(0.450000000001,-7.009996475702,-0.12));
#4733=CARTESIAN_POINT('',(0.450000000001,-7.379999999999,-0.12));
#4734=CARTESIAN_POINT('',(0.450000000001,-7.009996475702,-0.12));
#4735=CARTESIAN_POINT('Origin',(0.75,-6.764807229868,-0.584741456788));
#4736=CARTESIAN_POINT('',(0.75,-3.8,0.));
#4737=CARTESIAN_POINT('Origin',(0.75,-6.764807229868,-0.584741456788));
#4738=CARTESIAN_POINT('Origin',(4.,-3.8,0.));
#4739=CARTESIAN_POINT('',(0.75,-7.599999999999,0.));
#4740=CARTESIAN_POINT('',(7.25,-7.599999999999,0.));
#4741=CARTESIAN_POINT('',(8.,-7.599999999999,0.));
#4742=CARTESIAN_POINT('',(0.75,-7.599999999999,0.));
#4743=CARTESIAN_POINT('',(0.75,-4.6,5.55111512312578E-16));
#4744=CARTESIAN_POINT('',(0.75,-7.599999999999,0.));
#4745=CARTESIAN_POINT('',(0.,-4.6,5.55111512312578E-16));
#4746=CARTESIAN_POINT('',(0.75,-4.6,5.55111512312578E-16));
#4747=CARTESIAN_POINT('',(0.,-5.55111512312578E-16,0.));
#4748=CARTESIAN_POINT('',(1.00031094518727E-12,-7.599999999999,0.));
#4749=CARTESIAN_POINT('',(1.,-5.55111512312578E-16,0.));
#4750=CARTESIAN_POINT('',(8.,-5.55111512312578E-16,0.));
#4751=CARTESIAN_POINT('',(1.,-1.600000000001,0.));
#4752=CARTESIAN_POINT('',(1.,-8.811102550927,0.));
#4753=CARTESIAN_POINT('',(2.700000000001,-1.6,0.));
#4754=CARTESIAN_POINT('',(7.,-1.600000000001,0.));
#4755=CARTESIAN_POINT('',(2.700000000001,-2.,0.));
#4756=CARTESIAN_POINT('',(2.700000000001,-1.6,0.));
#4757=CARTESIAN_POINT('',(3.3,-2.,0.));
#4758=CARTESIAN_POINT('',(3.3,-2.,0.));
#4759=CARTESIAN_POINT('',(3.300000000001,-1.6,0.));
#4760=CARTESIAN_POINT('',(3.300000000001,-1.6,0.));
#4761=CARTESIAN_POINT('',(4.7,-1.6,0.));
#4762=CARTESIAN_POINT('',(7.,-1.600000000001,0.));
#4763=CARTESIAN_POINT('',(4.7,-2.,0.));
#4764=CARTESIAN_POINT('',(4.7,-1.6,0.));
#4765=CARTESIAN_POINT('',(5.3,-2.,0.));
#4766=CARTESIAN_POINT('',(5.3,-2.,0.));
#4767=CARTESIAN_POINT('',(5.3,-1.6,0.));
#4768=CARTESIAN_POINT('',(5.3,-1.6,0.));
#4769=CARTESIAN_POINT('',(7.,-1.600000000001,0.));
#4770=CARTESIAN_POINT('',(7.,-1.600000000001,0.));
#4771=CARTESIAN_POINT('',(7.,-5.55111512312578E-16,0.));
#4772=CARTESIAN_POINT('',(7.,-8.811102550927,0.));
#4773=CARTESIAN_POINT('',(8.,-5.55111512312578E-16,0.));
#4774=CARTESIAN_POINT('',(8.,-5.55111512312578E-16,0.));
#4775=CARTESIAN_POINT('',(8.,-4.6,5.55111512312578E-16));
#4776=CARTESIAN_POINT('',(8.,-7.599999999999,0.));
#4777=CARTESIAN_POINT('',(7.25,-4.6,5.55111512312578E-16));
#4778=CARTESIAN_POINT('',(7.25,-4.6,5.55111512312578E-16));
#4779=CARTESIAN_POINT('',(7.25,-7.599999999999,0.));
#4780=CARTESIAN_POINT('',(7.25,-7.599999999999,0.));
#4781=CARTESIAN_POINT('Origin',(0.450000000001,-6.764807229868,-0.584741456788));
#4782=CARTESIAN_POINT('Origin',(0.450000000001,-6.764807229868,-0.584741456788));
#4783=CARTESIAN_POINT('Origin',(6.35,-7.4,0.6));
#4784=CARTESIAN_POINT('',(6.549999999999,-7.599999999999,3.5));
#4785=CARTESIAN_POINT('',(6.35,-7.4,3.5));
#4786=CARTESIAN_POINT('',(6.35,-7.4,3.499999999999));
#4787=CARTESIAN_POINT('',(6.549999999999,-7.599999999999,4.699999999999));
#4788=CARTESIAN_POINT('',(6.549999999999,-7.599999999999,5.5));
#4789=CARTESIAN_POINT('',(6.349999999999,-7.4,4.5));
#4790=CARTESIAN_POINT('',(5.05,-6.1,3.2));
#4791=CARTESIAN_POINT('',(6.35,-7.4,0.6));
#4792=CARTESIAN_POINT('Origin',(6.349999999999,-7.4,4.5));
#4793=CARTESIAN_POINT('',(5.049999999999,-7.599999999999,4.699999999999));
#4794=CARTESIAN_POINT('',(4.849999999999,-7.4,4.5));
#4795=CARTESIAN_POINT('',(4.849999999999,-7.4,4.5));
#4796=CARTESIAN_POINT('',(6.349999999999,-7.4,4.5));
#4797=CARTESIAN_POINT('',(8.,-7.599999999999,4.699999999999));
#4798=CARTESIAN_POINT('Origin',(4.849999999999,-7.4,4.5));
#4799=CARTESIAN_POINT('',(5.049999999999,-7.599999999999,5.049999999999));
#4800=CARTESIAN_POINT('',(4.85,-7.4,4.85));
#4801=CARTESIAN_POINT('',(4.733333333333,-7.283333333333,4.733333333333));
#4802=CARTESIAN_POINT('',(4.849999999999,-7.4,4.5));
#4803=CARTESIAN_POINT('',(5.049999999999,-7.599999999999,5.5));
#4804=CARTESIAN_POINT('Origin',(4.85,-7.4,4.85));
#4805=CARTESIAN_POINT('',(2.950000000001,-7.599999999999,5.049999999999));
#4806=CARTESIAN_POINT('',(3.15,-7.4,4.849999999999));
#4807=CARTESIAN_POINT('',(3.266666666667,-7.283333333333,4.733333333333));
#4808=CARTESIAN_POINT('',(4.85,-7.4,4.85));
#4809=CARTESIAN_POINT('',(8.,-7.599999999999,5.049999999999));
#4810=CARTESIAN_POINT('Origin',(3.15,-7.4,4.5));
#4811=CARTESIAN_POINT('',(2.950000000001,-7.599999999999,4.699999999999));
#4812=CARTESIAN_POINT('',(3.15,-7.4,4.5));
#4813=CARTESIAN_POINT('',(3.15,-7.4,4.5));
#4814=CARTESIAN_POINT('',(3.15,-7.4,4.5));
#4815=CARTESIAN_POINT('',(2.950000000001,-7.599999999999,5.5));
#4816=CARTESIAN_POINT('Origin',(3.15,-7.4,4.5));
#4817=CARTESIAN_POINT('',(1.450000000001,-7.599999999999,4.699999999999));
#4818=CARTESIAN_POINT('',(1.65,-7.4,4.499999999999));
#4819=CARTESIAN_POINT('',(2.950000000001,-6.1,3.199999999999));
#4820=CARTESIAN_POINT('',(3.15,-7.4,4.5));
#4821=CARTESIAN_POINT('',(8.,-7.599999999999,4.7));
#4822=CARTESIAN_POINT('Origin',(1.65,-7.4,0.6));
#4823=CARTESIAN_POINT('',(1.65,-7.4,3.5));
#4824=CARTESIAN_POINT('',(1.450000000001,-7.599999999999,3.5));
#4825=CARTESIAN_POINT('',(1.65,-7.4,3.5));
#4826=CARTESIAN_POINT('',(1.65,-7.4,0.6));
#4827=CARTESIAN_POINT('',(1.450000000001,-7.599999999999,5.499999999999));
#4828=CARTESIAN_POINT('Origin',(6.35,-7.399999999999,0.6));
#4829=CARTESIAN_POINT('',(6.35,-7.399999999999,0.6));
#4830=CARTESIAN_POINT('',(6.549999999999,-7.599999999999,0.4));
#4831=CARTESIAN_POINT('',(6.35,-7.399999999999,0.6));
#4832=CARTESIAN_POINT('',(6.549999999999,-7.599999999999,2.7));
#4833=CARTESIAN_POINT('',(6.549999999999,-7.599999999999,5.5));
#4834=CARTESIAN_POINT('',(6.35,-7.399999999999,2.7));
#4835=CARTESIAN_POINT('',(6.35,-7.399999999999,2.7));
#4836=CARTESIAN_POINT('',(6.35,-7.399999999999,0.6));
#4837=CARTESIAN_POINT('Origin',(6.35,-7.399999999999,0.6));
#4838=CARTESIAN_POINT('',(1.65,-7.399999999999,0.6));
#4839=CARTESIAN_POINT('',(1.450000000001,-7.599999999999,0.4));
#4840=CARTESIAN_POINT('',(3.216666666667,-5.833333333333,2.166666666666));
#4841=CARTESIAN_POINT('',(8.,-7.599999999999,0.4));
#4842=CARTESIAN_POINT('',(6.35,-7.399999999999,0.6));
#4843=CARTESIAN_POINT('Origin',(1.65,-7.399999999999,0.6));
#4844=CARTESIAN_POINT('',(1.450000000001,-7.599999999999,2.7));
#4845=CARTESIAN_POINT('',(1.65,-7.399999999999,2.7));
#4846=CARTESIAN_POINT('',(1.65,-7.399999999999,2.7));
#4847=CARTESIAN_POINT('',(1.450000000001,-7.599999999999,5.499999999999));
#4848=CARTESIAN_POINT('',(1.65,-7.399999999999,0.6));
#4849=CARTESIAN_POINT('Origin',(4.,-2.,1.));
#4850=CARTESIAN_POINT('',(2.700000000001,-1.6,1.));
#4851=CARTESIAN_POINT('',(1.3,-1.6,1.));
#4852=CARTESIAN_POINT('',(4.,-1.6,1.));
#4853=CARTESIAN_POINT('',(1.3,-2.,1.));
#4854=CARTESIAN_POINT('',(1.3,-2.,1.));
#4855=CARTESIAN_POINT('',(2.700000000001,-2.,1.));
#4856=CARTESIAN_POINT('',(4.,-2.,1.));
#4857=CARTESIAN_POINT('',(2.700000000001,-2.,1.));
#4858=CARTESIAN_POINT('Origin',(1.3,-2.,0.));
#4859=CARTESIAN_POINT('',(1.3,-1.6,2.6));
#4860=CARTESIAN_POINT('',(1.3,-1.6,0.));
#4861=CARTESIAN_POINT('',(1.3,-2.,2.6));
#4862=CARTESIAN_POINT('',(1.3,-2.,2.6));
#4863=CARTESIAN_POINT('',(1.3,-2.,0.));
#4864=CARTESIAN_POINT('Origin',(4.,-2.,2.6));
#4865=CARTESIAN_POINT('',(2.700000000001,-1.6,2.6));
#4866=CARTESIAN_POINT('',(4.,-1.6,2.6));
#4867=CARTESIAN_POINT('',(2.700000000001,-2.,2.6));
#4868=CARTESIAN_POINT('',(2.700000000001,-2.,2.6));
#4869=CARTESIAN_POINT('',(4.,-2.,2.6));
#4870=CARTESIAN_POINT('Origin',(6.7,-2.,0.));
#4871=CARTESIAN_POINT('',(6.7,-1.6,1.));
#4872=CARTESIAN_POINT('',(6.7,-1.6,2.6));
#4873=CARTESIAN_POINT('',(6.7,-1.6,0.));
#4874=CARTESIAN_POINT('',(6.7,-2.,1.));
#4875=CARTESIAN_POINT('',(6.7,-2.,1.));
#4876=CARTESIAN_POINT('',(6.7,-2.,2.6));
#4877=CARTESIAN_POINT('',(6.7,-2.,0.));
#4878=CARTESIAN_POINT('',(6.7,-2.,2.6));
#4879=CARTESIAN_POINT('Origin',(4.,-2.,1.));
#4880=CARTESIAN_POINT('',(5.3,-1.6,1.));
#4881=CARTESIAN_POINT('',(4.,-1.6,1.));
#4882=CARTESIAN_POINT('',(5.3,-2.,1.));
#4883=CARTESIAN_POINT('',(5.3,-2.,1.));
#4884=CARTESIAN_POINT('',(4.,-2.,1.));
#4885=CARTESIAN_POINT('Origin',(4.,-2.,2.6));
#4886=CARTESIAN_POINT('',(5.3,-1.6,2.6));
#4887=CARTESIAN_POINT('',(4.,-1.6,2.6));
#4888=CARTESIAN_POINT('',(5.3,-2.,2.6));
#4889=CARTESIAN_POINT('',(4.,-2.,2.6));
#4890=CARTESIAN_POINT('',(5.3,-2.,2.6));
#4891=CARTESIAN_POINT('Origin',(4.,-2.,1.));
#4892=CARTESIAN_POINT('',(4.7,-1.6,1.));
#4893=CARTESIAN_POINT('',(3.300000000001,-1.6,1.));
#4894=CARTESIAN_POINT('',(4.,-1.6,1.));
#4895=CARTESIAN_POINT('',(3.300000000001,-2.,1.));
#4896=CARTESIAN_POINT('',(3.300000000001,-2.,1.));
#4897=CARTESIAN_POINT('',(4.7,-2.,1.));
#4898=CARTESIAN_POINT('',(4.,-2.,1.));
#4899=CARTESIAN_POINT('',(4.7,-2.,1.));
#4900=CARTESIAN_POINT('Origin',(4.,-2.,2.6));
#4901=CARTESIAN_POINT('',(4.7,-1.6,2.6));
#4902=CARTESIAN_POINT('',(3.300000000001,-1.6,2.6));
#4903=CARTESIAN_POINT('',(4.,-1.6,2.6));
#4904=CARTESIAN_POINT('',(4.7,-2.,2.6));
#4905=CARTESIAN_POINT('',(4.7,-2.,2.6));
#4906=CARTESIAN_POINT('',(3.300000000001,-2.,2.6));
#4907=CARTESIAN_POINT('',(4.,-2.,2.6));
#4908=CARTESIAN_POINT('',(3.300000000001,-2.,2.6));
#4909=CARTESIAN_POINT('Origin',(4.,-3.8,4.699999999999));
#4910=CARTESIAN_POINT('',(2.600000000001,-1.6,4.699999999999));
#4911=CARTESIAN_POINT('',(1.8,-1.6,4.699999999999));
#4912=CARTESIAN_POINT('',(2.600000000001,-1.6,4.699999999999));
#4913=CARTESIAN_POINT('',(1.8,-6.399999999999,4.699999999999));
#4914=CARTESIAN_POINT('',(1.8,-1.6,4.699999999999));
#4915=CARTESIAN_POINT('',(2.600000000001,-6.4,4.699999999999));
#4916=CARTESIAN_POINT('',(1.8,-6.399999999999,4.699999999999));
#4917=CARTESIAN_POINT('',(2.600000000001,-6.4,4.699999999999));
#4918=CARTESIAN_POINT('Origin',(4.,-3.8,4.699999999999));
#4919=CARTESIAN_POINT('',(5.399999999999,-6.4,4.699999999999));
#4920=CARTESIAN_POINT('',(6.2,-6.399999999999,4.699999999999));
#4921=CARTESIAN_POINT('',(5.399999999999,-6.4,4.699999999999));
#4922=CARTESIAN_POINT('',(6.2,-1.6,4.699999999999));
#4923=CARTESIAN_POINT('',(6.2,-6.399999999999,4.699999999999));
#4924=CARTESIAN_POINT('',(5.4,-1.600000000001,4.699999999999));
#4925=CARTESIAN_POINT('',(6.2,-1.6,4.699999999999));
#4926=CARTESIAN_POINT('',(5.4,-1.600000000001,4.699999999999));
#4927=CARTESIAN_POINT('Origin',(7.549999999999,-7.379999999999,2.18213882044));
#4928=CARTESIAN_POINT('',(7.25,-7.579999999999,2.18213882044));
#4929=CARTESIAN_POINT('',(7.25,-7.379999999999,2.38213882044));
#4930=CARTESIAN_POINT('Origin',(7.25,-7.379999999999,2.18213882044));
#4931=CARTESIAN_POINT('',(7.549999999999,-7.579999999999,2.18213882044));
#4932=CARTESIAN_POINT('',(7.549999999999,-7.579999999999,2.18213882044));
#4933=CARTESIAN_POINT('',(7.549999999999,-7.379999999999,2.38213882044));
#4934=CARTESIAN_POINT('Origin',(7.549999999999,-7.379999999999,2.18213882044));
#4935=CARTESIAN_POINT('',(7.549999999999,-7.379999999999,2.38213882044));
#4936=CARTESIAN_POINT('Origin',(7.549999999999,-7.379999999999,2.38213882044));
#4937=CARTESIAN_POINT('',(7.25,-7.099999999999,2.38213882044));
#4938=CARTESIAN_POINT('',(7.549999999999,-7.099999999999,2.38213882044));
#4939=CARTESIAN_POINT('',(7.25,-7.099999999999,2.38213882044));
#4940=CARTESIAN_POINT('',(7.25,-7.379999999999,2.38213882044));
#4941=CARTESIAN_POINT('',(7.549999999999,-7.379999999999,2.38213882044));
#4942=CARTESIAN_POINT('Origin',(0.450000000001,-6.764807229868,-0.584741456788));
#4943=CARTESIAN_POINT('',(0.450000000001,-7.579999999999,2.18213882044));
#4944=CARTESIAN_POINT('',(0.450000000001,-7.579999999999,2.18213882044));
#4945=CARTESIAN_POINT('',(0.450000000001,-7.379999999999,2.38213882044));
#4946=CARTESIAN_POINT('Origin',(0.450000000001,-7.379999999999,2.18213882044));
#4947=CARTESIAN_POINT('',(0.450000000001,-7.099999999999,2.38213882044));
#4948=CARTESIAN_POINT('',(0.450000000001,-7.379999999999,2.38213882044));
#4949=CARTESIAN_POINT('',(0.450000000001,-7.099999999999,0.8));
#4950=CARTESIAN_POINT('',(0.450000000001,-7.099999999999,0.8));
#4951=CARTESIAN_POINT('',(0.450000000001,-4.679999999999,0.8));
#4952=CARTESIAN_POINT('',(0.450000000001,-7.099999999999,0.8));
#4953=CARTESIAN_POINT('',(0.450000000001,-4.679999999999,2.18213882044));
#4954=CARTESIAN_POINT('Origin',(0.450000000001,-4.679999999999,2.18213882044));
#4955=CARTESIAN_POINT('',(0.75,-4.679999999999,0.8));
#4956=CARTESIAN_POINT('',(0.75,-4.679999999999,0.8));
#4957=CARTESIAN_POINT('',(0.75,-4.679999999999,2.18213882044));
#4958=CARTESIAN_POINT('Origin',(0.450000000001,-7.379999999999,2.38213882044));
#4959=CARTESIAN_POINT('',(0.75,-7.099999999999,2.38213882044));
#4960=CARTESIAN_POINT('',(0.75,-7.099999999999,2.38213882044));
#4961=CARTESIAN_POINT('',(0.75,-7.379999999999,2.38213882044));
#4962=CARTESIAN_POINT('',(0.450000000001,-7.379999999999,2.38213882044));
#4963=CARTESIAN_POINT('',(0.75,-7.379999999999,2.38213882044));
#4964=CARTESIAN_POINT('Origin',(0.450000000001,-7.379999999999,2.18213882044));
#4965=CARTESIAN_POINT('',(0.75,-7.579999999999,2.18213882044));
#4966=CARTESIAN_POINT('Origin',(0.75,-7.379999999999,2.18213882044));
#4967=CARTESIAN_POINT('',(0.450000000001,-7.579999999999,2.18213882044));
#4968=CARTESIAN_POINT('Origin',(0.450000000001,-7.579999999999,2.18213882044));
#4969=CARTESIAN_POINT('',(0.75,-7.579999999999,2.18213882044));
#4970=CARTESIAN_POINT('Origin',(6.,-4.279999999999,2.449999999999));
#4971=CARTESIAN_POINT('',(4.374999999999,-4.079999999999,2.249999999999));
#4972=CARTESIAN_POINT('',(4.374999999999,-4.279999999999,2.449999999999));
#4973=CARTESIAN_POINT('',(4.374999999999,-4.279999999999,2.449999999999));
#4974=CARTESIAN_POINT('',(5.624999999999,-4.079999999999,2.249999999999));
#4975=CARTESIAN_POINT('',(4.374999999999,-4.079999999999,2.249999999999));
#4976=CARTESIAN_POINT('',(5.624999999999,-4.279999999999,2.449999999999));
#4977=CARTESIAN_POINT('',(5.624999999999,-4.279999999999,2.449999999999));
#4978=CARTESIAN_POINT('',(6.,-4.279999999999,2.449999999999));
#4979=CARTESIAN_POINT('Origin',(4.75,-6.499999999999,2.85));
#4980=CARTESIAN_POINT('',(4.75,-6.299999999999,2.85));
#4981=CARTESIAN_POINT('',(4.75,-4.279999999999,2.85));
#4982=CARTESIAN_POINT('',(4.75,-6.499999999999,2.85));
#4983=CARTESIAN_POINT('',(5.25,-4.279999999999,2.849999999999));
#4984=CARTESIAN_POINT('',(4.75,-4.279999999999,2.85));
#4985=CARTESIAN_POINT('',(5.25,-6.299999999999,2.85));
#4986=CARTESIAN_POINT('',(5.25,-6.499999999999,2.85));
#4987=CARTESIAN_POINT('',(4.75,-6.299999999999,2.85));
#4988=CARTESIAN_POINT('Origin',(4.75,-6.499999999999,3.349999999999));
#4989=CARTESIAN_POINT('',(4.75,-4.279999999999,3.349999999999));
#4990=CARTESIAN_POINT('',(5.25,-4.279999999999,3.349999999999));
#4991=CARTESIAN_POINT('',(4.75,-4.279999999999,3.349999999999));
#4992=CARTESIAN_POINT('',(4.75,-6.299999999999,3.349999999999));
#4993=CARTESIAN_POINT('',(4.75,-6.499999999999,3.349999999999));
#4994=CARTESIAN_POINT('',(5.25,-6.299999999999,3.349999999999));
#4995=CARTESIAN_POINT('',(5.25,-6.299999999999,3.349999999999));
#4996=CARTESIAN_POINT('',(5.25,-6.499999999999,3.349999999999));
#4997=CARTESIAN_POINT('Origin',(4.75,-1.1,0.45));
#4998=CARTESIAN_POINT('',(4.75,-4.279999999999,0.45));
#4999=CARTESIAN_POINT('',(4.75,-6.299999999999,0.45));
#5000=CARTESIAN_POINT('Origin',(5.25,-1.1,0.45));
#5001=CARTESIAN_POINT('',(5.25,-4.279999999999,0.45));
#5002=CARTESIAN_POINT('',(5.25,-6.299999999999,2.85));
#5003=CARTESIAN_POINT('Origin',(5.25,-6.299999999999,0.45));
#5004=CARTESIAN_POINT('',(5.134529946162,-6.499999999999,3.234529946162));
#5005=CARTESIAN_POINT('',(4.67,-7.304589468389,2.77));
#5006=CARTESIAN_POINT('',(5.134529946162,-6.499999999999,2.965470053837));
#5007=CARTESIAN_POINT('',(5.134529946162,-6.499999999999,3.349999999999));
#5008=CARTESIAN_POINT('',(5.729999999999,-5.468615612366,2.37));
#5009=CARTESIAN_POINT('Origin',(4.865470053837,-6.499999999999,3.349999999999));
#5010=CARTESIAN_POINT('',(4.865470053837,-6.499999999999,3.234529946162));
#5011=CARTESIAN_POINT('',(4.749999999999,-6.299999999999,3.349999999999));
#5012=CARTESIAN_POINT('',(4.865470053837,-6.499999999999,2.965470053837));
#5013=CARTESIAN_POINT('',(4.94237604307,-6.633205080756,3.04237604307));
#5014=CARTESIAN_POINT('',(4.865470053837,-6.499999999999,3.349999999999));
#5015=CARTESIAN_POINT('Origin',(4.75,-6.299999999999,3.349999999999));
#5016=CARTESIAN_POINT('',(4.75,-6.499999999999,3.234529946162));
#5017=CARTESIAN_POINT('Origin',(4.75,-6.499999999999,2.965470053837));
#5018=CARTESIAN_POINT('',(4.75,-6.499999999999,2.965470053837));
#5019=CARTESIAN_POINT('Origin',(4.75,-6.499999999999,3.349999999999));
#5020=CARTESIAN_POINT('Origin',(4.374999999999,-4.279999999999,2.249999999999));
#5021=CARTESIAN_POINT('',(4.374999999999,-4.079999999999,4.85));
#5022=CARTESIAN_POINT('',(4.374999999999,-4.079999999999,2.249999999999));
#5023=CARTESIAN_POINT('',(4.374999999999,-4.279999999999,4.85));
#5024=CARTESIAN_POINT('',(4.374999999999,-4.279999999999,2.249999999999));
#5025=CARTESIAN_POINT('',(4.374999999999,-4.279999999999,4.849999999999));
#5026=CARTESIAN_POINT('Origin',(6.,-4.279999999999,0.));
#5027=CARTESIAN_POINT('',(5.624999999999,-4.279999999999,4.5));
#5028=CARTESIAN_POINT('',(5.624999999999,-4.279999999999,2.249999999999));
#5029=CARTESIAN_POINT('',(4.849999999999,-4.279999999999,4.5));
#5030=CARTESIAN_POINT('',(6.349999999999,-4.279999999999,4.5));
#5031=CARTESIAN_POINT('',(4.85,-4.279999999999,4.85));
#5032=CARTESIAN_POINT('',(4.849999999999,-4.279999999999,4.5));
#5033=CARTESIAN_POINT('',(4.374999999999,-4.279999999999,4.849999999999));
#5034=CARTESIAN_POINT('Origin',(5.624999999999,-4.279999999999,2.249999999999));
#5035=CARTESIAN_POINT('',(5.624999999999,-4.079999999999,4.5));
#5036=CARTESIAN_POINT('',(5.624999999999,-4.079999999999,2.249999999999));
#5037=CARTESIAN_POINT('',(5.624999999999,-4.079999999999,4.5));
#5038=CARTESIAN_POINT('Origin',(4.75,0.999999999998999,0.284529946162));
#5039=CARTESIAN_POINT('',(4.865470053837,0.999999999998999,0.284529946162));
#5040=CARTESIAN_POINT('',(4.75,0.799999999999,0.399999999999));
#5041=CARTESIAN_POINT('',(4.94237604307,1.133205080756,0.207623956929));
#5042=CARTESIAN_POINT('',(5.25,0.799999999999,0.399999999999));
#5043=CARTESIAN_POINT('',(4.75,0.799999999999,0.399999999999));
#5044=CARTESIAN_POINT('',(5.134529946162,0.999999999998999,0.284529946162));
#5045=CARTESIAN_POINT('',(5.26,0.782679491923999,0.409999999999));
#5046=CARTESIAN_POINT('',(5.25,0.999999999998999,0.284529946162));
#5047=CARTESIAN_POINT('Origin',(5.25,0.799999999999,0.45));
#5048=CARTESIAN_POINT('',(5.134529946162,0.999999999998999,-0.1));
#5049=CARTESIAN_POINT('',(5.25,0.799999999999,0.399999999999));
#5050=CARTESIAN_POINT('Origin',(4.75,-6.499999999999,2.85));
#5051=CARTESIAN_POINT('',(4.75,-2.,2.849999999999));
#5052=CARTESIAN_POINT('',(5.25,-2.,2.849999999999));
#5053=CARTESIAN_POINT('',(5.3,-2.,2.849999999999));
#5054=CARTESIAN_POINT('',(4.75,-1.9,2.849999999999));
#5055=CARTESIAN_POINT('',(4.75,-6.499999999999,2.85));
#5056=CARTESIAN_POINT('',(5.25,-1.9,2.849999999999));
#5057=CARTESIAN_POINT('',(4.75,-1.9,2.849999999999));
#5058=CARTESIAN_POINT('',(5.25,-6.499999999999,2.85));
#5059=CARTESIAN_POINT('Origin',(4.75,-6.499999999999,3.349999999999));
#5060=CARTESIAN_POINT('',(4.75,-2.,3.349999999999));
#5061=CARTESIAN_POINT('',(4.75,-1.9,3.349999999999));
#5062=CARTESIAN_POINT('',(4.75,-6.499999999999,3.349999999999));
#5063=CARTESIAN_POINT('',(5.25,-2.,3.349999999999));
#5064=CARTESIAN_POINT('',(5.3,-2.,3.349999999999));
#5065=CARTESIAN_POINT('',(5.25,-1.9,3.349999999999));
#5066=CARTESIAN_POINT('',(5.25,-6.499999999999,3.349999999999));
#5067=CARTESIAN_POINT('',(4.75,-1.9,3.349999999999));
#5068=CARTESIAN_POINT('Origin',(5.25,-1.1,0.45));
#5069=CARTESIAN_POINT('',(5.25,-1.1,0.399999999999));
#5070=CARTESIAN_POINT('',(5.25,-1.1,0.399999999999));
#5071=CARTESIAN_POINT('',(5.25,-1.15,0.45));
#5072=CARTESIAN_POINT('Origin',(5.25,-1.1,0.45));
#5073=CARTESIAN_POINT('',(5.25,-1.15,2.6));
#5074=CARTESIAN_POINT('',(5.25,-1.15,2.6));
#5075=CARTESIAN_POINT('Origin',(5.25,-1.9,2.599999999999));
#5076=CARTESIAN_POINT('',(5.25,-2.,3.5));
#5077=CARTESIAN_POINT('',(5.25,-1.65,2.6));
#5078=CARTESIAN_POINT('Origin',(5.25,-1.9,2.599999999999));
#5079=CARTESIAN_POINT('',(5.25,-1.65,0.449999999999));
#5080=CARTESIAN_POINT('',(5.25,-1.65,2.6));
#5081=CARTESIAN_POINT('Origin',(5.25,-1.1,0.45));
#5082=CARTESIAN_POINT('Origin',(4.75,-1.9,2.599999999999));
#5083=CARTESIAN_POINT('',(4.75,-1.65,2.6));
#5084=CARTESIAN_POINT('Origin',(4.75,-1.9,2.599999999999));
#5085=CARTESIAN_POINT('',(4.75,-1.65,2.6));
#5086=CARTESIAN_POINT('Origin',(4.75,-1.65,2.6));
#5087=CARTESIAN_POINT('',(4.75,-1.65,0.449999999999));
#5088=CARTESIAN_POINT('',(4.75,-1.65,2.6));
#5089=CARTESIAN_POINT('',(4.75,-1.65,0.449999999999));
#5090=CARTESIAN_POINT('Origin',(4.75,0.999999999998999,-0.1));
#5091=CARTESIAN_POINT('',(4.865470053837,0.999999999998999,-0.1));
#5092=CARTESIAN_POINT('Origin',(4.75,-1.1,0.399999999999));
#5093=CARTESIAN_POINT('',(4.75,-1.1,0.399999999999));
#5094=CARTESIAN_POINT('',(4.75,-1.1,0.399999999999));
#5095=CARTESIAN_POINT('',(4.75,-1.1,0.399999999999));
#5096=CARTESIAN_POINT('Origin',(4.75,-1.1,0.45));
#5097=CARTESIAN_POINT('',(4.75,-1.15,0.45));
#5098=CARTESIAN_POINT('Origin',(4.75,-1.1,0.45));
#5099=CARTESIAN_POINT('',(4.75,-1.15,0.45));
#5100=CARTESIAN_POINT('Origin',(4.75,-1.15,2.6));
#5101=CARTESIAN_POINT('',(4.75,-1.15,2.6));
#5102=CARTESIAN_POINT('',(4.75,-1.15,2.6));
#5103=CARTESIAN_POINT('',(4.75,-1.15,2.6));
#5104=CARTESIAN_POINT('Origin',(4.75,-1.9,2.599999999999));
#5105=CARTESIAN_POINT('Origin',(4.75,-1.9,2.599999999999));
#5106=CARTESIAN_POINT('Origin',(6.,-3.8,3.5));
#5107=CARTESIAN_POINT('',(5.3,-1.6,3.5));
#5108=CARTESIAN_POINT('',(5.3,-2.,3.5));
#5109=CARTESIAN_POINT('',(5.3,-1.6,3.5));
#5110=CARTESIAN_POINT('',(4.7,-2.,3.5));
#5111=CARTESIAN_POINT('',(5.3,-2.,3.5));
#5112=CARTESIAN_POINT('',(4.7,-1.6,3.5));
#5113=CARTESIAN_POINT('',(4.7,-1.6,3.5));
#5114=CARTESIAN_POINT('',(5.3,-1.6,3.5));
#5115=CARTESIAN_POINT('Origin',(4.7,-1.6,3.5));
#5116=CARTESIAN_POINT('',(4.7,-1.6,3.5));
#5117=CARTESIAN_POINT('',(4.7,-2.,3.5));
#5118=CARTESIAN_POINT('Origin',(4.,-4.279999999999,2.449999999999));
#5119=CARTESIAN_POINT('',(2.375,-4.079999999999,2.249999999999));
#5120=CARTESIAN_POINT('',(2.375,-4.279999999999,2.449999999999));
#5121=CARTESIAN_POINT('',(2.375,-4.279999999999,2.449999999999));
#5122=CARTESIAN_POINT('',(3.625,-4.079999999999,2.249999999999));
#5123=CARTESIAN_POINT('',(2.375,-4.079999999999,2.249999999999));
#5124=CARTESIAN_POINT('',(3.625,-4.279999999999,2.449999999999));
#5125=CARTESIAN_POINT('',(3.625,-4.279999999999,2.449999999999));
#5126=CARTESIAN_POINT('',(4.,-4.279999999999,2.449999999999));
#5127=CARTESIAN_POINT('Origin',(2.75,-6.499999999999,2.85));
#5128=CARTESIAN_POINT('',(2.75,-6.299999999999,2.85));
#5129=CARTESIAN_POINT('',(2.75,-4.279999999999,2.85));
#5130=CARTESIAN_POINT('',(2.75,-6.499999999999,2.85));
#5131=CARTESIAN_POINT('',(3.25,-4.279999999999,2.849999999999));
#5132=CARTESIAN_POINT('',(2.75,-4.279999999999,2.85));
#5133=CARTESIAN_POINT('',(3.25,-6.299999999999,2.85));
#5134=CARTESIAN_POINT('',(3.25,-6.499999999999,2.85));
#5135=CARTESIAN_POINT('',(2.75,-6.299999999999,2.85));
#5136=CARTESIAN_POINT('Origin',(2.75,-6.499999999999,3.349999999999));
#5137=CARTESIAN_POINT('',(2.75,-4.279999999999,3.349999999999));
#5138=CARTESIAN_POINT('',(3.25,-4.279999999999,3.349999999999));
#5139=CARTESIAN_POINT('',(2.75,-4.279999999999,3.349999999999));
#5140=CARTESIAN_POINT('',(2.75,-6.299999999999,3.349999999999));
#5141=CARTESIAN_POINT('',(2.75,-6.499999999999,3.349999999999));
#5142=CARTESIAN_POINT('',(3.25,-6.299999999999,3.349999999999));
#5143=CARTESIAN_POINT('',(3.25,-6.299999999999,3.349999999999));
#5144=CARTESIAN_POINT('',(3.25,-6.499999999999,3.349999999999));
#5145=CARTESIAN_POINT('Origin',(2.75,-1.1,0.45));
#5146=CARTESIAN_POINT('',(2.75,-4.279999999999,0.45));
#5147=CARTESIAN_POINT('',(2.75,-6.299999999999,0.45));
#5148=CARTESIAN_POINT('Origin',(3.25,-1.1,0.45));
#5149=CARTESIAN_POINT('',(3.25,-4.279999999999,0.45));
#5150=CARTESIAN_POINT('',(3.25,-6.299999999999,2.85));
#5151=CARTESIAN_POINT('Origin',(3.25,-6.299999999999,0.45));
#5152=CARTESIAN_POINT('',(3.134529946163,-6.499999999999,3.234529946162));
#5153=CARTESIAN_POINT('',(2.670000000001,-7.304589468389,2.77));
#5154=CARTESIAN_POINT('',(3.134529946163,-6.499999999999,2.965470053837));
#5155=CARTESIAN_POINT('',(3.134529946163,-6.499999999999,3.349999999999));
#5156=CARTESIAN_POINT('',(3.73,-5.468615612366,2.37));
#5157=CARTESIAN_POINT('Origin',(2.865470053838,-6.499999999999,3.349999999999));
#5158=CARTESIAN_POINT('',(2.865470053838,-6.499999999999,3.234529946162));
#5159=CARTESIAN_POINT('',(2.75,-6.299999999999,3.349999999999));
#5160=CARTESIAN_POINT('',(2.865470053838,-6.499999999999,2.965470053837));
#5161=CARTESIAN_POINT('',(2.942376043071,-6.633205080756,3.04237604307));
#5162=CARTESIAN_POINT('',(2.865470053838,-6.499999999999,3.349999999999));
#5163=CARTESIAN_POINT('Origin',(2.75,-6.299999999999,3.349999999999));
#5164=CARTESIAN_POINT('',(2.75,-6.499999999999,3.234529946162));
#5165=CARTESIAN_POINT('Origin',(2.75,-6.499999999999,2.965470053837));
#5166=CARTESIAN_POINT('',(2.75,-6.499999999999,2.965470053837));
#5167=CARTESIAN_POINT('Origin',(2.75,-6.499999999999,3.349999999999));
#5168=CARTESIAN_POINT('Origin',(3.625,-4.279999999999,2.249999999999));
#5169=CARTESIAN_POINT('',(3.625,-4.279999999999,4.849999999999));
#5170=CARTESIAN_POINT('',(3.625,-4.279999999999,2.249999999999));
#5171=CARTESIAN_POINT('',(3.625,-4.079999999999,4.849999999999));
#5172=CARTESIAN_POINT('',(3.625,-4.079999999999,2.249999999999));
#5173=CARTESIAN_POINT('',(3.625,-4.279999999999,4.849999999999));
#5174=CARTESIAN_POINT('Origin',(4.,-4.279999999999,0.));
#5175=CARTESIAN_POINT('',(2.375,-4.279999999999,4.499999999999));
#5176=CARTESIAN_POINT('',(2.375,-4.279999999999,2.249999999999));
#5177=CARTESIAN_POINT('',(3.15,-4.279999999999,4.849999999999));
#5178=CARTESIAN_POINT('',(2.375,-4.279999999999,4.849999999999));
#5179=CARTESIAN_POINT('',(3.15,-4.279999999999,4.5));
#5180=CARTESIAN_POINT('',(3.15,-4.279999999999,4.5));
#5181=CARTESIAN_POINT('',(3.15,-4.279999999999,4.5));
#5182=CARTESIAN_POINT('Origin',(2.375,-4.279999999999,2.249999999999));
#5183=CARTESIAN_POINT('',(2.375,-4.079999999999,4.499999999999));
#5184=CARTESIAN_POINT('',(2.375,-4.079999999999,2.249999999999));
#5185=CARTESIAN_POINT('',(2.375,-4.079999999999,4.499999999999));
#5186=CARTESIAN_POINT('Origin',(2.75,0.999999999998999,0.284529946162));
#5187=CARTESIAN_POINT('',(2.865470053838,0.999999999998999,0.284529946162));
#5188=CARTESIAN_POINT('',(2.75,0.799999999999,0.399999999999));
#5189=CARTESIAN_POINT('',(2.942376043071,1.133205080756,0.207623956929));
#5190=CARTESIAN_POINT('',(3.25,0.799999999999,0.399999999999));
#5191=CARTESIAN_POINT('',(2.75,0.799999999999,0.399999999999));
#5192=CARTESIAN_POINT('',(3.134529946163,0.999999999998999,0.284529946162));
#5193=CARTESIAN_POINT('',(3.26,0.782679491923999,0.409999999999));
#5194=CARTESIAN_POINT('',(3.25,0.999999999998999,0.284529946162));
#5195=CARTESIAN_POINT('Origin',(3.25,0.799999999999,0.45));
#5196=CARTESIAN_POINT('',(3.134529946163,0.999999999998999,-0.1));
#5197=CARTESIAN_POINT('',(3.25,0.799999999999,0.399999999999));
#5198=CARTESIAN_POINT('Origin',(2.75,-6.499999999999,2.85));
#5199=CARTESIAN_POINT('',(2.750000000001,-2.,2.849999999999));
#5200=CARTESIAN_POINT('',(3.25,-2.,2.849999999999));
#5201=CARTESIAN_POINT('',(3.3,-2.,2.849999999999));
#5202=CARTESIAN_POINT('',(2.75,-1.9,2.849999999999));
#5203=CARTESIAN_POINT('',(2.75,-6.499999999999,2.85));
#5204=CARTESIAN_POINT('',(3.25,-1.9,2.849999999999));
#5205=CARTESIAN_POINT('',(2.75,-1.9,2.849999999999));
#5206=CARTESIAN_POINT('',(3.25,-6.499999999999,2.85));
#5207=CARTESIAN_POINT('Origin',(2.75,-6.499999999999,3.349999999999));
#5208=CARTESIAN_POINT('',(2.750000000001,-2.,3.349999999999));
#5209=CARTESIAN_POINT('',(2.75,-1.9,3.349999999999));
#5210=CARTESIAN_POINT('',(2.75,-6.499999999999,3.349999999999));
#5211=CARTESIAN_POINT('',(3.25,-2.,3.349999999999));
#5212=CARTESIAN_POINT('',(3.3,-2.,3.349999999999));
#5213=CARTESIAN_POINT('',(3.25,-1.9,3.349999999999));
#5214=CARTESIAN_POINT('',(3.25,-6.499999999999,3.349999999999));
#5215=CARTESIAN_POINT('',(2.75,-1.9,3.349999999999));
#5216=CARTESIAN_POINT('Origin',(3.25,-1.1,0.45));
#5217=CARTESIAN_POINT('',(3.25,-1.1,0.399999999999));
#5218=CARTESIAN_POINT('',(3.25,-1.1,0.399999999999));
#5219=CARTESIAN_POINT('',(3.25,-1.15,0.45));
#5220=CARTESIAN_POINT('Origin',(3.25,-1.1,0.45));
#5221=CARTESIAN_POINT('',(3.25,-1.15,2.6));
#5222=CARTESIAN_POINT('',(3.25,-1.15,2.6));
#5223=CARTESIAN_POINT('Origin',(3.25,-1.9,2.599999999999));
#5224=CARTESIAN_POINT('',(3.25,-2.,3.5));
#5225=CARTESIAN_POINT('',(3.25,-1.65,2.6));
#5226=CARTESIAN_POINT('Origin',(3.25,-1.9,2.599999999999));
#5227=CARTESIAN_POINT('',(3.25,-1.65,0.449999999999));
#5228=CARTESIAN_POINT('',(3.25,-1.65,2.6));
#5229=CARTESIAN_POINT('Origin',(3.25,-1.1,0.45));
#5230=CARTESIAN_POINT('Origin',(2.75,-1.9,2.599999999999));
#5231=CARTESIAN_POINT('',(2.75,-1.65,2.6));
#5232=CARTESIAN_POINT('Origin',(2.75,-1.9,2.599999999999));
#5233=CARTESIAN_POINT('',(2.75,-1.65,2.6));
#5234=CARTESIAN_POINT('Origin',(2.75,-1.65,2.6));
#5235=CARTESIAN_POINT('',(2.75,-1.65,0.449999999999));
#5236=CARTESIAN_POINT('',(2.75,-1.65,2.6));
#5237=CARTESIAN_POINT('',(2.75,-1.65,0.449999999999));
#5238=CARTESIAN_POINT('Origin',(2.75,0.999999999998999,-0.1));
#5239=CARTESIAN_POINT('',(2.865470053838,0.999999999998999,-0.1));
#5240=CARTESIAN_POINT('Origin',(2.75,-1.1,0.399999999999));
#5241=CARTESIAN_POINT('',(2.75,-1.1,0.399999999999));
#5242=CARTESIAN_POINT('',(2.75,-1.1,0.399999999999));
#5243=CARTESIAN_POINT('',(2.75,-1.1,0.399999999999));
#5244=CARTESIAN_POINT('Origin',(2.75,-1.1,0.45));
#5245=CARTESIAN_POINT('',(2.75,-1.15,0.45));
#5246=CARTESIAN_POINT('Origin',(2.75,-1.1,0.45));
#5247=CARTESIAN_POINT('',(2.75,-1.15,0.45));
#5248=CARTESIAN_POINT('Origin',(2.75,-1.15,2.6));
#5249=CARTESIAN_POINT('',(2.75,-1.15,2.6));
#5250=CARTESIAN_POINT('',(2.75,-1.15,2.6));
#5251=CARTESIAN_POINT('',(2.75,-1.15,2.6));
#5252=CARTESIAN_POINT('Origin',(2.75,-1.9,2.599999999999));
#5253=CARTESIAN_POINT('Origin',(2.75,-1.9,2.599999999999));
#5254=CARTESIAN_POINT('Origin',(4.,-3.8,3.5));
#5255=CARTESIAN_POINT('',(3.300000000001,-1.6,3.5));
#5256=CARTESIAN_POINT('',(3.3,-2.,3.5));
#5257=CARTESIAN_POINT('',(3.300000000001,-1.6,3.5));
#5258=CARTESIAN_POINT('',(2.700000000001,-2.,3.5));
#5259=CARTESIAN_POINT('',(3.3,-2.,3.5));
#5260=CARTESIAN_POINT('',(2.700000000001,-1.6,3.5));
#5261=CARTESIAN_POINT('',(2.700000000001,-1.6,3.5));
#5262=CARTESIAN_POINT('',(3.300000000001,-1.6,3.5));
#5263=CARTESIAN_POINT('Origin',(3.3,-2.,3.5));
#5264=CARTESIAN_POINT('',(2.700000000001,-2.,3.5));
#5265=CARTESIAN_POINT('',(2.700000000001,-2.,3.5));
#5266=CARTESIAN_POINT('',(3.3,-2.,3.5));
#5267=CARTESIAN_POINT('',(4.7,-2.,3.5));
#5268=CARTESIAN_POINT('',(5.3,-2.,3.5));
#5269=CARTESIAN_POINT('',(5.3,-2.,3.5));
#5270=CARTESIAN_POINT('',(3.3,-2.,3.5));
#5271=CARTESIAN_POINT('',(4.75,-2.,3.5));
#5272=CARTESIAN_POINT('',(2.75,-2.,3.5));
#5273=CARTESIAN_POINT('Origin',(2.700000000001,-1.6,3.5));
#5274=CARTESIAN_POINT('',(2.700000000001,-1.6,3.5));
#5275=CARTESIAN_POINT('Origin',(3.300000000001,-1.6,3.5));
#5276=CARTESIAN_POINT('',(3.300000000001,-1.6,3.5));
#5277=CARTESIAN_POINT('Origin',(1.,-8.811102550927,4.));
#5278=CARTESIAN_POINT('',(1.,-1.00031094518727E-12,2.999999999999));
#5279=CARTESIAN_POINT('',(1.,-5.55111512312578E-16,4.));
#5280=CARTESIAN_POINT('',(1.,-1.600000000001,3.975832438238));
#5281=CARTESIAN_POINT('',(1.,-1.6,3.975832438238));
#5282=CARTESIAN_POINT('',(1.,-1.600000000001,4.));
#5283=CARTESIAN_POINT('Origin',(6.35,-4.079999999999,0.6));
#5284=CARTESIAN_POINT('',(1.65,-4.079999999999,0.6));
#5285=CARTESIAN_POINT('',(1.65,-4.079999999999,0.6));
#5286=CARTESIAN_POINT('',(6.35,-4.079999999999,0.6));
#5287=CARTESIAN_POINT('',(6.35,-4.079999999999,0.6));
#5288=CARTESIAN_POINT('',(6.35,-4.079999999999,0.6));
#5289=CARTESIAN_POINT('Origin',(1.65,-4.079999999999,0.6));
#5290=CARTESIAN_POINT('',(1.65,-6.099999999999,2.7));
#5291=CARTESIAN_POINT('',(1.65,-9.099999999999,2.7));
#5292=CARTESIAN_POINT('',(1.65,-4.079999999999,4.499999999999));
#5293=CARTESIAN_POINT('',(1.65,-4.079999999999,0.6));
#5294=CARTESIAN_POINT('',(1.65,-4.079999999999,4.499999999999));
#5295=CARTESIAN_POINT('',(1.65,-6.099999999999,3.5));
#5296=CARTESIAN_POINT('',(1.65,-9.099999999999,3.5));
#5297=CARTESIAN_POINT('',(1.65,-6.099999999999,2.7));
#5298=CARTESIAN_POINT('Origin',(6.35,-4.079999999999,0.6));
#5299=CARTESIAN_POINT('',(6.35,-6.099999999999,2.7));
#5300=CARTESIAN_POINT('',(6.35,-9.099999999999,2.7));
#5301=CARTESIAN_POINT('',(6.35,-6.099999999999,3.5));
#5302=CARTESIAN_POINT('',(6.35,-6.099999999999,2.7));
#5303=CARTESIAN_POINT('',(6.35,-9.099999999999,3.5));
#5304=CARTESIAN_POINT('',(6.349999999999,-4.079999999999,4.5));
#5305=CARTESIAN_POINT('',(6.349999999999,-4.079999999999,4.5));
#5306=CARTESIAN_POINT('',(6.35,-4.079999999999,0.6));
#5307=CARTESIAN_POINT('Origin',(4.,-3.8,5.099999999999));
#5308=CARTESIAN_POINT('',(2.600000000001,-7.599999999999,5.099999999999));
#5309=CARTESIAN_POINT('',(2.600000000001,-6.9,5.099999999999));
#5310=CARTESIAN_POINT('',(2.600000000001,-7.599999999999,5.099999999999));
#5311=CARTESIAN_POINT('',(1.800000000001,-6.9,5.099999999999));
#5312=CARTESIAN_POINT('',(2.600000000001,-6.9,5.099999999999));
#5313=CARTESIAN_POINT('',(1.800000000001,-7.599999999999,5.099999999999));
#5314=CARTESIAN_POINT('',(1.800000000001,-7.599999999999,5.099999999999));
#5315=CARTESIAN_POINT('',(2.600000000001,-7.599999999999,5.099999999999));
#5316=CARTESIAN_POINT('Origin',(2.600000000001,-6.9,5.099999999999));
#5317=CARTESIAN_POINT('',(2.600000000001,-6.9,5.5));
#5318=CARTESIAN_POINT('',(1.800000000001,-6.9,5.5));
#5319=CARTESIAN_POINT('',(2.600000000001,-6.9,5.5));
#5320=CARTESIAN_POINT('',(1.800000000001,-6.9,5.099999999999));
#5321=CARTESIAN_POINT('',(2.600000000001,-6.9,5.099999999999));
#5322=CARTESIAN_POINT('Origin',(1.800000000001,-7.599999999999,5.099999999999));
#5323=CARTESIAN_POINT('',(1.800000000001,-7.599999999999,5.5));
#5324=CARTESIAN_POINT('',(1.800000000001,-7.599999999999,5.5));
#5325=CARTESIAN_POINT('',(1.800000000001,-7.599999999999,5.099999999999));
#5326=CARTESIAN_POINT('Origin',(2.600000000001,-7.599999999999,5.099999999999));
#5327=CARTESIAN_POINT('',(2.600000000001,-7.599999999999,5.5));
#5328=CARTESIAN_POINT('',(2.600000000001,-7.599999999999,5.5));
#5329=CARTESIAN_POINT('',(2.600000000001,-7.599999999999,5.099999999999));
#5330=CARTESIAN_POINT('Origin',(5.4,-1.600000000001,5.099999999999));
#5331=CARTESIAN_POINT('',(5.4,-1.600000000001,5.5));
#5332=CARTESIAN_POINT('',(5.399999999999,-6.4,5.5));
#5333=CARTESIAN_POINT('',(5.4,-1.600000000001,5.5));
#5334=CARTESIAN_POINT('',(5.399999999999,-6.4,5.099999999999));
#5335=CARTESIAN_POINT('',(5.4,-1.600000000001,5.099999999999));
#5336=CARTESIAN_POINT('Origin',(6.2,-6.399999999999,5.099999999999));
#5337=CARTESIAN_POINT('',(6.2,-6.399999999999,5.5));
#5338=CARTESIAN_POINT('',(6.2,-6.399999999999,5.5));
#5339=CARTESIAN_POINT('',(6.2,-6.399999999999,5.099999999999));
#5340=CARTESIAN_POINT('Origin',(6.2,-1.6,5.099999999999));
#5341=CARTESIAN_POINT('',(6.2,-1.6,5.5));
#5342=CARTESIAN_POINT('',(6.2,-1.6,5.5));
#5343=CARTESIAN_POINT('',(6.2,-1.6,5.099999999999));
#5344=CARTESIAN_POINT('Origin',(1.8,-6.399999999999,5.099999999999));
#5345=CARTESIAN_POINT('',(1.8,-6.399999999999,5.5));
#5346=CARTESIAN_POINT('',(2.600000000001,-6.4,5.5));
#5347=CARTESIAN_POINT('',(1.8,-6.399999999999,5.5));
#5348=CARTESIAN_POINT('',(2.600000000001,-6.4,5.099999999999));
#5349=CARTESIAN_POINT('',(1.8,-6.399999999999,5.099999999999));
#5350=CARTESIAN_POINT('Origin',(2.6,-1.600000000001,5.099999999999));
#5351=CARTESIAN_POINT('',(2.6,-1.600000000001,5.5));
#5352=CARTESIAN_POINT('',(2.6,-1.600000000001,5.5));
#5353=CARTESIAN_POINT('',(2.6,-1.600000000001,5.099999999999));
#5354=CARTESIAN_POINT('Origin',(1.8,-1.6,5.099999999999));
#5355=CARTESIAN_POINT('',(1.8,-1.6,5.5));
#5356=CARTESIAN_POINT('',(1.8,-1.6,5.5));
#5357=CARTESIAN_POINT('',(1.8,-1.6,5.099999999999));
#5358=CARTESIAN_POINT('Origin',(0.75,-4.6,3.667817163446E-16));
#5359=CARTESIAN_POINT('',(0.75,-4.6,0.8));
#5360=CARTESIAN_POINT('',(0.75,-4.6,5.55111512312578E-16));
#5361=CARTESIAN_POINT('',(0.,-4.6,0.8));
#5362=CARTESIAN_POINT('',(0.75,-4.6,0.8));
#5363=CARTESIAN_POINT('',(0.,-4.6,5.55111512312578E-16));
#5364=CARTESIAN_POINT('Origin',(0.75,-3.8,0.));
#5365=CARTESIAN_POINT('',(0.75,-7.099999999999,0.8));
#5366=CARTESIAN_POINT('Origin',(0.75,-3.8,0.));
#5367=CARTESIAN_POINT('',(0.75,-6.099999999999,3.5));
#5368=CARTESIAN_POINT('',(0.75,-7.599999999999,3.5));
#5369=CARTESIAN_POINT('',(0.75,-9.099999999999,3.5));
#5370=CARTESIAN_POINT('',(0.75,-7.599999999999,5.5));
#5371=CARTESIAN_POINT('',(0.75,-7.599999999999,0.));
#5372=CARTESIAN_POINT('',(0.75,-6.990118172337,5.5));
#5373=CARTESIAN_POINT('',(0.75,-7.599999999999,5.5));
#5374=CARTESIAN_POINT('',(0.75,-6.990118172337,4.8));
#5375=CARTESIAN_POINT('',(0.75,-6.990118172337,4.8));
#5376=CARTESIAN_POINT('',(0.75,-4.467561761546,4.8));
#5377=CARTESIAN_POINT('',(0.75,-6.990118172337,4.8));
#5378=CARTESIAN_POINT('',(0.75,-4.467561761546,3.615467239527));
#5379=CARTESIAN_POINT('',(0.75,-4.467561761546,3.615467239527));
#5380=CARTESIAN_POINT('',(0.75,-2.004081632654,3.615467239527));
#5381=CARTESIAN_POINT('',(0.75,-4.467561761546,3.615467239527));
#5382=CARTESIAN_POINT('',(0.75,-2.004081632654,2.7));
#5383=CARTESIAN_POINT('',(0.75,-2.004081632654,2.7));
#5384=CARTESIAN_POINT('',(0.75,-6.099999999999,2.7));
#5385=CARTESIAN_POINT('',(0.75,-4.467561761546,2.7));
#5386=CARTESIAN_POINT('',(0.75,-6.099999999999,2.7));
#5387=CARTESIAN_POINT('Origin',(0.75,-4.467561761546,3.615467239527));
#5388=CARTESIAN_POINT('',(0.,-2.004081632654,3.615467239527));
#5389=CARTESIAN_POINT('',(0.75,-2.004081632654,3.615467239527));
#5390=CARTESIAN_POINT('',(0.,-4.467561761546,3.615467239527));
#5391=CARTESIAN_POINT('',(0.75,-4.467561761546,3.615467239527));
#5392=CARTESIAN_POINT('',(0.,-4.467561761546,3.615467239527));
#5393=CARTESIAN_POINT('Origin',(0.75,-4.467561761546,3.615467239527));
#5394=CARTESIAN_POINT('',(0.,-4.467561761546,4.8));
#5395=CARTESIAN_POINT('',(0.75,-4.467561761546,4.8));
#5396=CARTESIAN_POINT('',(0.,-4.467561761546,4.8));
#5397=CARTESIAN_POINT('Origin',(0.75,-6.990118172337,4.8));
#5398=CARTESIAN_POINT('',(0.,-6.990118172337,4.799999999999));
#5399=CARTESIAN_POINT('',(0.,-6.990118172337,5.5));
#5400=CARTESIAN_POINT('',(0.,-6.990118172337,4.8));
#5401=CARTESIAN_POINT('',(0.2,-6.990118172337,4.799999999999));
#5402=CARTESIAN_POINT('',(0.75,-6.990118172337,5.5));
#5403=CARTESIAN_POINT('Origin',(0.2,-2.004081632654,2.7));
#5404=CARTESIAN_POINT('',(0.,-2.004081632654,2.7));
#5405=CARTESIAN_POINT('',(0.,-2.004081632654,2.7));
#5406=CARTESIAN_POINT('',(0.2,-2.004081632654,2.7));
#5407=CARTESIAN_POINT('Origin',(7.25,-7.099999999999,0.8));
#5408=CARTESIAN_POINT('',(7.549999999999,-7.099999999999,0.8));
#5409=CARTESIAN_POINT('',(7.549999999999,-4.679999999999,0.8));
#5410=CARTESIAN_POINT('',(7.549999999999,-7.099999999999,0.8));
#5411=CARTESIAN_POINT('',(7.25,-4.679999999999,0.8));
#5412=CARTESIAN_POINT('',(7.25,-4.679999999999,0.8));
#5413=CARTESIAN_POINT('',(7.25,-4.6,0.8));
#5414=CARTESIAN_POINT('',(7.25,-7.099999999999,0.8));
#5415=CARTESIAN_POINT('',(8.,-4.6,0.8));
#5416=CARTESIAN_POINT('',(7.25,-4.6,0.8));
#5417=CARTESIAN_POINT('',(8.,-7.099999999999,0.8));
#5418=CARTESIAN_POINT('',(8.,-7.099999999999,0.8));
#5419=CARTESIAN_POINT('',(7.25,-7.099999999999,0.8));
#5420=CARTESIAN_POINT('Origin',(7.25,-7.099999999999,0.8));
#5421=CARTESIAN_POINT('',(7.25,-7.099999999999,2.7));
#5422=CARTESIAN_POINT('',(7.25,-7.099999999999,0.8));
#5423=CARTESIAN_POINT('',(7.549999999999,-7.099999999999,0.8));
#5424=CARTESIAN_POINT('',(8.,-7.099999999999,2.7));
#5425=CARTESIAN_POINT('',(8.,-7.099999999999,0.8));
#5426=CARTESIAN_POINT('',(7.25,-7.099999999999,2.7));
#5427=CARTESIAN_POINT('Origin',(7.25,-3.8,0.));
#5428=CARTESIAN_POINT('',(7.25,-7.599999999999,3.5));
#5429=CARTESIAN_POINT('',(7.25,-6.099999999999,3.5));
#5430=CARTESIAN_POINT('',(7.25,-9.099999999999,3.5));
#5431=CARTESIAN_POINT('',(7.25,-6.099999999999,2.7));
#5432=CARTESIAN_POINT('',(7.25,-6.099999999999,2.7));
#5433=CARTESIAN_POINT('',(7.25,-2.004081632654,2.7));
#5434=CARTESIAN_POINT('',(7.25,-7.099999999999,2.7));
#5435=CARTESIAN_POINT('',(7.25,-2.004081632654,3.615467239527));
#5436=CARTESIAN_POINT('',(7.25,-2.004081632654,2.7));
#5437=CARTESIAN_POINT('',(7.25,-4.467561761546,3.615467239527));
#5438=CARTESIAN_POINT('',(7.25,-4.467561761546,3.615467239527));
#5439=CARTESIAN_POINT('',(7.25,-4.467561761546,4.8));
#5440=CARTESIAN_POINT('',(7.25,-4.467561761546,3.615467239527));
#5441=CARTESIAN_POINT('',(7.25,-6.990118172337,4.8));
#5442=CARTESIAN_POINT('',(7.25,-6.990118172337,4.8));
#5443=CARTESIAN_POINT('',(7.25,-6.990118172337,5.5));
#5444=CARTESIAN_POINT('',(7.25,-6.990118172337,4.8));
#5445=CARTESIAN_POINT('',(7.25,-7.599999999999,5.5));
#5446=CARTESIAN_POINT('',(7.25,-7.599999999999,5.5));
#5447=CARTESIAN_POINT('',(7.25,-7.599999999999,4.826530612244));
#5448=CARTESIAN_POINT('Origin',(7.25,-4.467561761546,3.615467239527));
#5449=CARTESIAN_POINT('',(8.,-4.467561761546,3.615467239527));
#5450=CARTESIAN_POINT('',(7.25,-4.467561761546,3.615467239527));
#5451=CARTESIAN_POINT('',(8.,-4.467561761546,4.8));
#5452=CARTESIAN_POINT('',(8.,-4.467561761546,4.8));
#5453=CARTESIAN_POINT('',(7.25,-4.467561761546,4.8));
#5454=CARTESIAN_POINT('Origin',(7.25,-4.467561761546,3.615467239527));
#5455=CARTESIAN_POINT('',(8.,-2.004081632654,3.615467239527));
#5456=CARTESIAN_POINT('',(7.25,-2.004081632654,3.615467239527));
#5457=CARTESIAN_POINT('',(8.,-4.467561761546,3.615467239527));
#5458=CARTESIAN_POINT('Origin',(7.25,-6.990118172337,4.8));
#5459=CARTESIAN_POINT('',(8.,-6.990118172337,4.8));
#5460=CARTESIAN_POINT('',(8.,-6.990118172337,5.5));
#5461=CARTESIAN_POINT('',(8.,-6.990118172337,4.8));
#5462=CARTESIAN_POINT('',(7.25,-6.990118172337,5.5));
#5463=CARTESIAN_POINT('',(7.8,-6.990118172337,4.799999999999));
#5464=CARTESIAN_POINT('Origin',(0.,-1.6,3.975832438238));
#5465=CARTESIAN_POINT('',(0.,-1.6,3.975832438238));
#5466=CARTESIAN_POINT('',(0.,-1.6,3.975832438238));
#5467=CARTESIAN_POINT('',(0.,-1.00031094518727E-12,2.999999999999));
#5468=CARTESIAN_POINT('',(0.,-1.00031094518727E-12,2.999999999999));
#5469=CARTESIAN_POINT('',(0.,-1.6,3.975832438238));
#5470=CARTESIAN_POINT('Origin',(8.,-5.55111512312578E-16,5.5));
#5471=CARTESIAN_POINT('',(0.,-5.55111512312578E-16,5.5));
#5472=CARTESIAN_POINT('Origin',(7.8,-2.004081632654,2.7));
#5473=CARTESIAN_POINT('',(8.,-2.004081632654,2.7));
#5474=CARTESIAN_POINT('',(8.,-2.004081632654,2.7));
#5475=CARTESIAN_POINT('',(7.8,-2.004081632654,2.7));
#5476=CARTESIAN_POINT('Origin',(7.8,-7.599999999999,4.799999999999));
#5477=CARTESIAN_POINT('',(8.,-7.599999999999,4.799999999999));
#5478=CARTESIAN_POINT('Origin',(0.2,-7.599999999999,4.799999999999));
#5479=CARTESIAN_POINT('',(0.,-7.599999999999,4.799999999999));
#5480=CARTESIAN_POINT('Origin',(0.,-9.099999999999,2.7));
#5481=CARTESIAN_POINT('',(0.75,-7.599999999999,2.7));
#5482=CARTESIAN_POINT('',(8.,-7.599999999999,2.7));
#5483=CARTESIAN_POINT('',(0.,-6.099999999999,2.7));
#5484=CARTESIAN_POINT('',(0.,-7.099999999999,2.7));
#5485=CARTESIAN_POINT('',(0.,-9.099999999999,2.7));
#5486=CARTESIAN_POINT('',(0.75,-7.099999999999,2.7));
#5487=CARTESIAN_POINT('',(0.75,-7.099999999999,2.7));
#5488=CARTESIAN_POINT('',(0.75,-9.099999999999,2.7));
#5489=CARTESIAN_POINT('Origin',(4.,-3.8,5.5));
#5490=CARTESIAN_POINT('',(0.,-1.6,5.5));
#5491=CARTESIAN_POINT('',(0.,-1.600000000001,5.5));
#5492=CARTESIAN_POINT('',(0.,-1.6,5.5));
#5493=CARTESIAN_POINT('',(1.00031094518727E-12,-7.599999999999,5.5));
#5494=CARTESIAN_POINT('',(8.,-7.599999999999,5.5));
#5495=CARTESIAN_POINT('',(8.,-7.599999999999,5.5));
#5496=CARTESIAN_POINT('',(8.,-1.6,5.5));
#5497=CARTESIAN_POINT('',(8.,-7.599999999999,5.5));
#5498=CARTESIAN_POINT('',(0.,-1.6,5.5));
#5499=CARTESIAN_POINT('Origin',(1.00031094518727E-12,-7.599999999999,5.5));
#5500=CARTESIAN_POINT('',(0.,-7.099999999999,0.8));
#5501=CARTESIAN_POINT('',(0.,-7.099999999999,0.8));
#5502=CARTESIAN_POINT('',(0.,-7.099999999999,0.8));
#5503=CARTESIAN_POINT('',(0.,-1.6,5.5));
#5504=CARTESIAN_POINT('Origin',(8.,-7.599999999999,5.5));
#5505=CARTESIAN_POINT('',(8.,-7.599999999999,3.5));
#5506=CARTESIAN_POINT('',(8.,-7.599999999999,3.5));
#5507=CARTESIAN_POINT('Origin',(0.,-6.099999999999,2.7));
#5508=CARTESIAN_POINT('',(0.,-6.099999999999,3.5));
#5509=CARTESIAN_POINT('Origin',(0.,-9.099999999999,3.5));
#5510=CARTESIAN_POINT('Origin',(0.,-9.099999999999,2.7));
#5511=CARTESIAN_POINT('',(7.25,-7.599999999999,2.7));
#5512=CARTESIAN_POINT('',(8.,-7.599999999999,2.7));
#5513=CARTESIAN_POINT('',(7.25,-9.099999999999,2.7));
#5514=CARTESIAN_POINT('',(8.,-7.599999999999,2.7));
#5515=CARTESIAN_POINT('',(0.,-6.099999999999,2.7));
#5516=CARTESIAN_POINT('Origin',(0.,-6.099999999999,2.7));
#5517=CARTESIAN_POINT('',(0.,-6.099999999999,3.5));
#5518=CARTESIAN_POINT('Origin',(0.,-9.099999999999,3.5));
#5519=CARTESIAN_POINT('Origin',(0.,-1.6,3.975832438238));
#5520=CARTESIAN_POINT('',(7.,-5.55111512312578E-16,2.999999999999));
#5521=CARTESIAN_POINT('',(8.,-1.00031094518727E-12,2.999999999999));
#5522=CARTESIAN_POINT('',(0.,-1.00031094518727E-12,2.999999999999));
#5523=CARTESIAN_POINT('',(7.,-1.600000000001,3.975832438238));
#5524=CARTESIAN_POINT('',(7.,-1.6,3.975832438238));
#5525=CARTESIAN_POINT('',(8.,-1.6,3.975832438238));
#5526=CARTESIAN_POINT('',(0.,-1.6,3.975832438238));
#5527=CARTESIAN_POINT('',(8.,-1.6,3.975832438238));
#5528=CARTESIAN_POINT('Origin',(3.15,-4.079999999999,4.5));
#5529=CARTESIAN_POINT('',(3.15,-4.079999999999,4.849999999999));
#5530=CARTESIAN_POINT('',(3.15,-4.079999999999,4.5));
#5531=CARTESIAN_POINT('Origin',(3.15,-4.079999999999,4.5));
#5532=CARTESIAN_POINT('',(3.15,-4.079999999999,4.5));
#5533=CARTESIAN_POINT('Origin',(6.349999999999,-4.079999999999,4.5));
#5534=CARTESIAN_POINT('',(4.849999999999,-4.079999999999,4.5));
#5535=CARTESIAN_POINT('',(6.349999999999,-4.079999999999,4.5));
#5536=CARTESIAN_POINT('Origin',(4.849999999999,-4.079999999999,4.5));
#5537=CARTESIAN_POINT('',(4.85,-4.079999999999,4.85));
#5538=CARTESIAN_POINT('Origin',(4.,-4.079999999999,0.));
#5539=CARTESIAN_POINT('',(4.85,-4.079999999999,4.85));
#5540=CARTESIAN_POINT('Origin',(4.85,-4.079999999999,4.85));
#5541=CARTESIAN_POINT('Origin',(0.75,-7.099999999999,0.8));
#5542=CARTESIAN_POINT('',(0.75,-7.099999999999,0.8));
#5543=CARTESIAN_POINT('',(0.75,-7.099999999999,0.8));
#5544=CARTESIAN_POINT('Origin',(0.75,-7.099999999999,0.8));
#5545=CARTESIAN_POINT('Origin',(4.7,-1.6,3.5));
#5546=CARTESIAN_POINT('',(4.7,-1.6,3.5));
#5547=CARTESIAN_POINT('Origin',(5.3,-1.6,3.5));
#5548=CARTESIAN_POINT('',(5.3,-1.6,3.5));
#5549=CARTESIAN_POINT('Origin',(2.700000000001,-1.6,3.5));
#5550=CARTESIAN_POINT('',(2.700000000001,-1.6,3.5));
#5551=CARTESIAN_POINT('Origin',(3.300000000001,-1.6,3.5));
#5552=CARTESIAN_POINT('',(3.300000000001,-1.6,3.5));
#5553=CARTESIAN_POINT('Origin',(0.,-1.6,5.5));
#5554=CARTESIAN_POINT('Origin',(0.,-1.6,5.5));
#5555=CARTESIAN_POINT('',(8.,-1.6,5.5));
#5556=CARTESIAN_POINT('',(7.,-1.600000000001,4.));
#5557=CARTESIAN_POINT('',(5.3,-1.6,3.5));
#5558=CARTESIAN_POINT('Origin',(4.75,-1.1,0.45));
#5559=CARTESIAN_POINT('Origin',(4.75,-1.1,0.45));
#5560=CARTESIAN_POINT('Origin',(4.75,-1.1,0.45));
#5561=CARTESIAN_POINT('',(4.75,0.799999999999,0.45));
#5562=CARTESIAN_POINT('Origin',(4.865470053837,0.999999999998999,-0.1));
#5563=CARTESIAN_POINT('Origin',(2.75,-1.1,0.45));
#5564=CARTESIAN_POINT('Origin',(2.75,-1.1,0.45));
#5565=CARTESIAN_POINT('Origin',(2.75,-1.1,0.45));
#5566=CARTESIAN_POINT('',(2.75,0.799999999999,0.45));
#5567=CARTESIAN_POINT('Origin',(2.865470053838,0.999999999998999,-0.1));
#5568=CARTESIAN_POINT('Origin',(5.3,-1.6,3.5));
#5569=CARTESIAN_POINT('Origin',(7.,-8.811102550927,4.));
#5570=CARTESIAN_POINT('',(7.,-5.55111512312578E-16,4.));
#5571=CARTESIAN_POINT('Origin',(8.,-5.55111512312578E-16,5.5));
#5572=CARTESIAN_POINT('',(8.,-5.55111512312578E-16,5.5));
#5573=CARTESIAN_POINT('Origin',(8.,-7.599999999999,5.5));
#5574=CARTESIAN_POINT('',(8.,-4.6,5.55111512312578E-16));
#5575=CARTESIAN_POINT('Origin',(7.25,-4.6,3.667817163446E-16));
#5576=CARTESIAN_POINT('',(7.25,-4.6,3.667817163446E-16));
#5577=CARTESIAN_POINT('Origin',(7.25,-3.8,0.));
#5578=CARTESIAN_POINT('',(7.25,-4.679999999999,2.18213882044));
#5579=CARTESIAN_POINT('Origin',(7.549999999999,-4.679999999999,2.18213882044));
#5580=CARTESIAN_POINT('',(7.549999999999,-4.679999999999,2.18213882044));
#5581=CARTESIAN_POINT('Origin',(7.549999999999,-6.764807229868,-0.584741456788));
#5582=CARTESIAN_POINT('',(7.549999999999,-7.579999999999,2.18213882044));
#5583=CARTESIAN_POINT('Origin',(7.549999999999,-7.579999999999,2.18213882044));
#5584=CARTESIAN_POINT('',(7.25,-7.579999999999,2.18213882044));
#5585=CARTESIAN_POINT('Origin',(7.25,-3.8,0.));
#5586=CARTESIAN_POINT('',(7.25,-7.599999999999,4.826530612244));
#5587=CARTESIAN_POINT('Origin',(8.,-7.599999999999,5.5));
#5588=CARTESIAN_POINT('',(0.75,-7.599999999999,0.));
#5589=CARTESIAN_POINT('Origin',(0.75,-3.8,0.));
#5590=UNCERTAINTY_MEASURE_WITH_UNIT(LENGTH_MEASURE(0.01),#5594,
'DISTANCE_ACCURACY_VALUE',
'Maximum model space distance between geometric entities at asserted c
onnectivities');
#5591=UNCERTAINTY_MEASURE_WITH_UNIT(LENGTH_MEASURE(0.01),#5594,
'DISTANCE_ACCURACY_VALUE',
'Maximum model space distance between geometric entities at asserted c
onnectivities');
#5592=(
GEOMETRIC_REPRESENTATION_CONTEXT(3)
GLOBAL_UNCERTAINTY_ASSIGNED_CONTEXT((#5590))
GLOBAL_UNIT_ASSIGNED_CONTEXT((#5594,#5596,#5597))
REPRESENTATION_CONTEXT('','3D')
);
#5593=(
GEOMETRIC_REPRESENTATION_CONTEXT(3)
GLOBAL_UNCERTAINTY_ASSIGNED_CONTEXT((#5591))
GLOBAL_UNIT_ASSIGNED_CONTEXT((#5594,#5596,#5597))
REPRESENTATION_CONTEXT('','3D')
);
#5594=(
LENGTH_UNIT()
NAMED_UNIT(*)
SI_UNIT(.MILLI.,.METRE.)
);
#5595=(
LENGTH_UNIT()
NAMED_UNIT(*)
SI_UNIT($,.METRE.)
);
#5596=(
NAMED_UNIT(*)
PLANE_ANGLE_UNIT()
SI_UNIT($,.RADIAN.)
);
#5597=(
NAMED_UNIT(*)
SI_UNIT($,.STERADIAN.)
SOLID_ANGLE_UNIT()
);
#5598=SHAPE_DEFINITION_REPRESENTATION(#5599,#5600);
#5599=PRODUCT_DEFINITION_SHAPE('',$,#5602);
#5600=SHAPE_REPRESENTATION('',(#3558),#5592);
#5601=PRODUCT_DEFINITION_CONTEXT('part definition',#5606,'design');
#5602=PRODUCT_DEFINITION('2026-09-25-16-37-15-863','HDGC2001WR-S-2P',#5603,
#5601);
#5603=PRODUCT_DEFINITION_FORMATION('',$,#5608);
#5604=PRODUCT_RELATED_PRODUCT_CATEGORY('HDGC2001WR-S-2P',
'HDGC2001WR-S-2P',(#5608));
#5605=APPLICATION_PROTOCOL_DEFINITION('international standard',
'automotive_design',2009,#5606);
#5606=APPLICATION_CONTEXT(
'Core Data for Automotive Mechanical Design Process');
#5607=PRODUCT_CONTEXT('part definition',#5606,'mechanical');
#5608=PRODUCT('2026-09-25-16-37-15-863','HDGC2001WR-S-2P',
'Designed by EasyEDA Pro',(#5607));
#5609=PRESENTATION_STYLE_ASSIGNMENT((#5613));
#5610=PRESENTATION_STYLE_ASSIGNMENT((#5614));
#5611=PRESENTATION_STYLE_ASSIGNMENT((#5615));
#5612=PRESENTATION_STYLE_ASSIGNMENT((#5616));
#5613=SURFACE_STYLE_USAGE(.BOTH.,#5617);
#5614=SURFACE_STYLE_USAGE(.BOTH.,#5618);
#5615=SURFACE_STYLE_USAGE(.BOTH.,#5619);
#5616=SURFACE_STYLE_USAGE(.BOTH.,#5620);
#5617=SURFACE_SIDE_STYLE('',(#5621));
#5618=SURFACE_SIDE_STYLE('',(#5622));
#5619=SURFACE_SIDE_STYLE('',(#5623));
#5620=SURFACE_SIDE_STYLE('',(#5624));
#5621=SURFACE_STYLE_FILL_AREA(#5625);
#5622=SURFACE_STYLE_FILL_AREA(#5626);
#5623=SURFACE_STYLE_FILL_AREA(#5627);
#5624=SURFACE_STYLE_FILL_AREA(#5628);
#5625=FILL_AREA_STYLE('Steel - Satin',(#5629));
#5626=FILL_AREA_STYLE('Opaque(255,255,255)',(#5630));
#5627=FILL_AREA_STYLE('Opaque(170,178,196)',(#5631));
#5628=FILL_AREA_STYLE('Opaque(255,240,207)',(#5632));
#5629=FILL_AREA_STYLE_COLOUR('Steel - Satin',#5633);
#5630=FILL_AREA_STYLE_COLOUR('Opaque(255,255,255)',#5634);
#5631=FILL_AREA_STYLE_COLOUR('Opaque(170,178,196)',#5635);
#5632=FILL_AREA_STYLE_COLOUR('Opaque(255,240,207)',#5636);
#5633=COLOUR_RGB('Steel - Satin',0.627450980392157,0.627450980392157,0.627450980392157);
#5634=COLOUR_RGB('Opaque(255,255,255)',1.,1.,1.);
#5635=COLOUR_RGB('Opaque(170,178,196)',0.666666666666667,0.698039215686274,
0.768627450980392);
#5636=COLOUR_RGB('Opaque(255,240,207)',1.,0.941176470588235,0.811764705882353);
ENDSEC;
END-ISO-10303-21;
