ISO-10303-21;
HEADER;
FILE_DESCRIPTION (( 'STEP AP214' ),
    '1' );
FILE_NAME ('A6D_2103.step',
    '2018-02-13T22:29:02',
    ( 'OSMC1.0    ' ),
    ( ' ' ),
    'SwSTEP 2.0',
    'SolidWorks 2002025',
    '' );
FILE_SCHEMA (( 'AUTOMOTIVE_DESIGN' ));
ENDSEC;

DATA;
#1 = ORIENTED_EDGE ( 'NONE', *, *, #214, .F. ) ;
#2 = EDGE_CURVE ( 'NONE', #238, #97, #361, .T. ) ;
#3 = EDGE_CURVE ( 'NONE', #1915, #2428, #365, .T. ) ;
#4 = EDGE_CURVE ( 'NONE', #16, #2262, #397, .T. ) ;
#5 = VERTEX_POINT ( 'NONE', #401 ) ;
#6 = ORIENTED_EDGE ( 'NONE', *, *, #2334, .T. ) ;
#7 = ORIENTED_EDGE ( 'NONE', *, *, #1301, .T. ) ;
#8 = VERTEX_POINT ( 'NONE', #408 ) ;
#9 = ORIENTED_EDGE ( 'NONE', *, *, #711, .T. ) ;
#10 = ORIENTED_EDGE ( 'NONE', *, *, #2227, .T. ) ;
#11 = ORIENTED_EDGE ( 'NONE', *, *, #106, .F. ) ;
#12 = EDGE_CURVE ( 'NONE', #625, #283, #409, .T. ) ;
#13 = EDGE_CURVE ( 'NONE', #29, #110, #414, .T. ) ;
#14 = ORIENTED_EDGE ( 'NONE', *, *, #1829, .F. ) ;
#15 = EDGE_CURVE ( 'NONE', #2274, #174, #422, .T. ) ;
#16 = VERTEX_POINT ( 'NONE', #427 ) ;
#17 = EDGE_CURVE ( 'NONE', #178, #16, #434, .T. ) ;
#18 = VERTEX_POINT ( 'NONE', #438 ) ;
#19 = VERTEX_POINT ( 'NONE', #439 ) ;
#20 = EDGE_LOOP ( 'NONE', ( #2431, #248, #642, #177 ) ) ;
#21 = ORIENTED_EDGE ( 'NONE', *, *, #106, .T. ) ;
#22 = ORIENTED_EDGE ( 'NONE', *, *, #133, .T. ) ;
#23 = ORIENTED_EDGE ( 'NONE', *, *, #2452, .T. ) ;
#24 = ORIENTED_EDGE ( 'NONE', *, *, #340, .F. ) ;
#25 = VERTEX_POINT ( 'NONE', #440 ) ;
#26 = VERTEX_POINT ( 'NONE', #441 ) ;
#27 = ORIENTED_EDGE ( 'NONE', *, *, #2310, .F. ) ;
#28 = EDGE_LOOP ( 'NONE', ( #91, #99, #119, #2398 ) ) ;
#29 = VERTEX_POINT ( 'NONE', #442 ) ;
#30 = EDGE_CURVE ( 'NONE', #1889, #2451, #443, .T. ) ;
#31 = EDGE_LOOP ( 'NONE', ( #2281, #589, #2402, #102 ) ) ;
#32 = ADVANCED_FACE ( 'NONE', ( #462 ), #463, .T. ) ;
#33 = EDGE_LOOP ( 'NONE', ( #285, #2378, #1827, #1917, #276, #299 ) ) ;
#34 = EDGE_CURVE ( 'NONE', #18, #134, #470, .T. ) ;
#35 = EDGE_CURVE ( 'NONE', #238, #74, #474, .T. ) ;
#36 = VERTEX_POINT ( 'NONE', #482 ) ;
#37 = ORIENTED_EDGE ( 'NONE', *, *, #35, .T. ) ;
#38 = ORIENTED_EDGE ( 'NONE', *, *, #2395, .T. ) ;
#39 = EDGE_CURVE ( 'NONE', #1996, #110, #483, .T. ) ;
#40 = EDGE_CURVE ( 'NONE', #184, #2217, #488, .T. ) ;
#41 = ORIENTED_EDGE ( 'NONE', *, *, #2292, .F. ) ;
#42 = ORIENTED_EDGE ( 'NONE', *, *, #2443, .F. ) ;
#43 = EDGE_LOOP ( 'NONE', ( #295, #261, #467, #1934 ) ) ;
#44 = EDGE_LOOP ( 'NONE', ( #140, #2216, #24, #324, #11, #65, #2279, #2473 ) ) ;
#45 = EDGE_LOOP ( 'NONE', ( #22, #2240, #2353, #2335 ) ) ;
#46 = EDGE_LOOP ( 'NONE', ( #1665, #103, #2409, #2423 ) ) ;
#47 = ORIENTED_EDGE ( 'NONE', *, *, #2280, .T. ) ;
#48 = ORIENTED_EDGE ( 'NONE', *, *, #519, .F. ) ;
#49 = EDGE_CURVE ( 'NONE', #1891, #2243, #499, .T. ) ;
#50 = EDGE_CURVE ( 'NONE', #2441, #131, #505, .T. ) ;
#51 = ORIENTED_EDGE ( 'NONE', *, *, #150, .T. ) ;
#52 = EDGE_CURVE ( 'NONE', #2333, #1303, #509, .T. ) ;
#53 = EDGE_LOOP ( 'NONE', ( #96, #124, #42, #79 ) ) ;
#54 = EDGE_LOOP ( 'NONE', ( #2282, #2218, #2372, #162 ) ) ;
#55 = EDGE_LOOP ( 'NONE', ( #215, #2307, #2362, #173 ) ) ;
#56 = EDGE_CURVE ( 'NONE', #1303, #274, #514, .T. ) ;
#57 = VERTEX_POINT ( 'NONE', #518 ) ;
#58 = ORIENTED_EDGE ( 'NONE', *, *, #52, .F. ) ;
#59 = EDGE_LOOP ( 'NONE', ( #2323, #2343, #2287, #212 ) ) ;
#60 = EDGE_CURVE ( 'NONE', #94, #2492, #520, .T. ) ;
#61 = EDGE_LOOP ( 'NONE', ( #160, #125, #624, #23 ) ) ;
#62 = EDGE_LOOP ( 'NONE', ( #850, #199, #2432, #2486 ) ) ;
#63 = ORIENTED_EDGE ( 'NONE', *, *, #1581, .F. ) ;
#64 = VERTEX_POINT ( 'NONE', #524 ) ;
#65 = ORIENTED_EDGE ( 'NONE', *, *, #13, .F. ) ;
#66 = ORIENTED_EDGE ( 'NONE', *, *, #321, .F. ) ;
#67 = EDGE_CURVE ( 'NONE', #93, #36, #525, .T. ) ;
#68 = EDGE_CURVE ( 'NONE', #2252, #1303, #529, .T. ) ;
#69 = EDGE_CURVE ( 'NONE', #2262, #76, #534, .T. ) ;
#70 = EDGE_LOOP ( 'NONE', ( #1895, #182, #2219, #1770, #230, #536, #2247, #2237 ) ) ;
#71 = EDGE_CURVE ( 'NONE', #113, #2233, #540, .T. ) ;
#72 = VERTEX_POINT ( 'NONE', #544 ) ;
#73 = ORIENTED_EDGE ( 'NONE', *, *, #848, .F. ) ;
#74 = VERTEX_POINT ( 'NONE', #545 ) ;
#75 = ADVANCED_FACE ( 'NONE', ( #546 ), #547, .F. ) ;
#76 = VERTEX_POINT ( 'NONE', #561 ) ;
#77 = EDGE_LOOP ( 'NONE', ( #2438, #2410, #172, #2283, #1235, #2255, #377, #2329 ) ) ;
#78 = EDGE_LOOP ( 'NONE', ( #9, #1869, #80, #219 ) ) ;
#79 = ORIENTED_EDGE ( 'NONE', *, *, #246, .F. ) ;
#80 = ORIENTED_EDGE ( 'NONE', *, *, #1043, .F. ) ;
#81 = ORIENTED_EDGE ( 'NONE', *, *, #280, .T. ) ;
#82 = ORIENTED_EDGE ( 'NONE', *, *, #127, .F. ) ;
#83 = EDGE_LOOP ( 'NONE', ( #258, #2299, #2342, #2226 ) ) ;
#84 = ORIENTED_EDGE ( 'NONE', *, *, #1459, .F. ) ;
#85 = ORIENTED_EDGE ( 'NONE', *, *, #2417, .T. ) ;
#86 = EDGE_LOOP ( 'NONE', ( #37, #7, #41, #2277 ) ) ;
#87 = ORIENTED_EDGE ( 'NONE', *, *, #13, .T. ) ;
#88 = EDGE_CURVE ( 'NONE', #2243, #121, #566, .T. ) ;
#89 = VERTEX_POINT ( 'NONE', #570 ) ;
#90 = ORIENTED_EDGE ( 'NONE', *, *, #2384, .T. ) ;
#91 = ORIENTED_EDGE ( 'NONE', *, *, #2290, .F. ) ;
#92 = ORIENTED_EDGE ( 'NONE', *, *, #2502, .F. ) ;
#93 = VERTEX_POINT ( 'NONE', #577 ) ;
#94 = VERTEX_POINT ( 'NONE', #578 ) ;
#95 = EDGE_CURVE ( 'NONE', #590, #228, #579, .T. ) ;
#96 = ORIENTED_EDGE ( 'NONE', *, *, #56, .F. ) ;
#97 = VERTEX_POINT ( 'NONE', #583 ) ;
#98 = EDGE_CURVE ( 'NONE', #1408, #1339, #584, .T. ) ;
#99 = ORIENTED_EDGE ( 'NONE', *, *, #181, .F. ) ;
#100 = VERTEX_POINT ( 'NONE', #588 ) ;
#101 = ORIENTED_EDGE ( 'NONE', *, *, #2303, .T. ) ;
#102 = ORIENTED_EDGE ( 'NONE', *, *, #15, .T. ) ;
#103 = ORIENTED_EDGE ( 'NONE', *, *, #95, .F. ) ;
#104 = EDGE_LOOP ( 'NONE', ( #2319, #1321, #2408, #2474 ) ) ;
#105 = EDGE_LOOP ( 'NONE', ( #211, #2465, #2444, #1994 ) ) ;
#106 = EDGE_CURVE ( 'NONE', #110, #1079, #595, .T. ) ;
#107 = ORIENTED_EDGE ( 'NONE', *, *, #60, .T. ) ;
#108 = ORIENTED_EDGE ( 'NONE', *, *, #2443, .T. ) ;
#109 = EDGE_LOOP ( 'NONE', ( #138, #1183, #1974, #1769 ) ) ;
#110 = VERTEX_POINT ( 'NONE', #599 ) ;
#111 = EDGE_LOOP ( 'NONE', ( #21, #432, #537, #1509 ) ) ;
#112 = EDGE_LOOP ( 'NONE', ( #1082, #2487, #297, #301, #2390, #2460, #180, #2394 ) ) ;
#113 = VERTEX_POINT ( 'NONE', #601 ) ;
#114 = VERTEX_POINT ( 'NONE', #609 ) ;
#115 = EDGE_CURVE ( 'NONE', #2446, #121, #610, .T. ) ;
#116 = EDGE_CURVE ( 'NONE', #25, #57, #614, .T. ) ;
#117 = ORIENTED_EDGE ( 'NONE', *, *, #2472, .T. ) ;
#118 = VERTEX_POINT ( 'NONE', #618 ) ;
#119 = ORIENTED_EDGE ( 'NONE', *, *, #50, .F. ) ;
#120 = EDGE_CURVE ( 'NONE', #1891, #184, #619, .T. ) ;
#121 = VERTEX_POINT ( 'NONE', #623 ) ;
#122 = ORIENTED_EDGE ( 'NONE', *, *, #2393, .F. ) ;
#123 = EDGE_LOOP ( 'NONE', ( #484, #1060, #305, #2120 ) ) ;
#124 = ORIENTED_EDGE ( 'NONE', *, *, #68, .F. ) ;
#125 = ORIENTED_EDGE ( 'NONE', *, *, #30, .F. ) ;
#126 = EDGE_CURVE ( 'NONE', #868, #2345, #632, .T. ) ;
#127 = EDGE_CURVE ( 'NONE', #2496, #118, #636, .T. ) ;
#128 = ORIENTED_EDGE ( 'NONE', *, *, #146, .F. ) ;
#129 = EDGE_LOOP ( 'NONE', ( #304, #2430, #2454, #1828 ) ) ;
#130 = VERTEX_POINT ( 'NONE', #641 ) ;
#131 = VERTEX_POINT ( 'NONE', #646 ) ;
#132 = ORIENTED_EDGE ( 'NONE', *, *, #150, .F. ) ;
#133 = EDGE_CURVE ( 'NONE', #2223, #394, #647, .T. ) ;
#134 = VERTEX_POINT ( 'NONE', #652 ) ;
#135 = ORIENTED_EDGE ( 'NONE', *, *, #151, .F. ) ;
#136 = ADVANCED_FACE ( 'NONE', ( #653 ), #654, .T. ) ;
#137 = EDGE_CURVE ( 'NONE', #1913, #2366, #659, .T. ) ;
#138 = ORIENTED_EDGE ( 'NONE', *, *, #1823, .T. ) ;
#139 = ORIENTED_EDGE ( 'NONE', *, *, #1133, .T. ) ;
#140 = ORIENTED_EDGE ( 'NONE', *, *, #1133, .F. ) ;
#141 = ORIENTED_EDGE ( 'NONE', *, *, #35, .F. ) ;
#142 = ORIENTED_EDGE ( 'NONE', *, *, #1528, .T. ) ;
#143 = ORIENTED_EDGE ( 'NONE', *, *, #67, .T. ) ;
#144 = EDGE_CURVE ( 'NONE', #5, #283, #683, .T. ) ;
#145 = VERTEX_POINT ( 'NONE', #687 ) ;
#146 = EDGE_CURVE ( 'NONE', #1870, #235, #688, .T. ) ;
#147 = EDGE_LOOP ( 'NONE', ( #411, #1995, #1954, #81 ) ) ;
#148 = VERTEX_POINT ( 'NONE', #693 ) ;
#149 = EDGE_CURVE ( 'NONE', #2376, #992, #699, .T. ) ;
#150 = EDGE_CURVE ( 'NONE', #166, #121, #703, .T. ) ;
#151 = EDGE_CURVE ( 'NONE', #2416, #94, #712, .T. ) ;
#152 = EDGE_CURVE ( 'NONE', #26, #2497, #716, .T. ) ;
#153 = ORIENTED_EDGE ( 'NONE', *, *, #56, .T. ) ;
#154 = ORIENTED_EDGE ( 'NONE', *, *, #831, .F. ) ;
#155 = ORIENTED_EDGE ( 'NONE', *, *, #1546, .T. ) ;
#156 = EDGE_CURVE ( 'NONE', #1935, #247, #735, .T. ) ;
#157 = EDGE_CURVE ( 'NONE', #1339, #868, #740, .T. ) ;
#158 = ORIENTED_EDGE ( 'NONE', *, *, #2355, .T. ) ;
#159 = ORIENTED_EDGE ( 'NONE', *, *, #2259, .F. ) ;
#160 = ORIENTED_EDGE ( 'NONE', *, *, #745, .T. ) ;
#161 = ORIENTED_EDGE ( 'NONE', *, *, #1338, .T. ) ;
#162 = ORIENTED_EDGE ( 'NONE', *, *, #341, .T. ) ;
#163 = ADVANCED_FACE ( 'NONE', ( #812 ), #830, .F. ) ;
#164 = ORIENTED_EDGE ( 'NONE', *, *, #115, .F. ) ;
#165 = ORIENTED_EDGE ( 'NONE', *, *, #1546, .F. ) ;
#166 = VERTEX_POINT ( 'NONE', #840 ) ;
#167 = EDGE_CURVE ( 'NONE', #114, #2358, #845, .T. ) ;
#168 = ORIENTED_EDGE ( 'NONE', *, *, #69, .F. ) ;
#169 = ORIENTED_EDGE ( 'NONE', *, *, #1043, .T. ) ;
#170 = ADVANCED_FACE ( 'NONE', ( #857 ), #858, .F. ) ;
#171 = ORIENTED_EDGE ( 'NONE', *, *, #2478, .F. ) ;
#172 = ORIENTED_EDGE ( 'NONE', *, *, #194, .F. ) ;
#173 = ORIENTED_EDGE ( 'NONE', *, *, #321, .T. ) ;
#174 = VERTEX_POINT ( 'NONE', #900 ) ;
#175 = EDGE_CURVE ( 'NONE', #2173, #134, #927, .T. ) ;
#176 = ORIENTED_EDGE ( 'NONE', *, *, #745, .F. ) ;
#177 = ORIENTED_EDGE ( 'NONE', *, *, #95, .T. ) ;
#178 = VERTEX_POINT ( 'NONE', #936 ) ;
#179 = ORIENTED_EDGE ( 'NONE', *, *, #203, .F. ) ;
#180 = ORIENTED_EDGE ( 'NONE', *, *, #2322, .T. ) ;
#181 = EDGE_CURVE ( 'NONE', #131, #2345, #973, .T. ) ;
#182 = ORIENTED_EDGE ( 'NONE', *, *, #2395, .F. ) ;
#183 = ORIENTED_EDGE ( 'NONE', *, *, #1890, .T. ) ;
#184 = VERTEX_POINT ( 'NONE', #977 ) ;
#185 = ORIENTED_EDGE ( 'NONE', *, *, #191, .F. ) ;
#186 = ADVANCED_FACE ( 'NONE', ( #990 ), #993, .T. ) ;
#187 = EDGE_CURVE ( 'NONE', #196, #867, #999, .T. ) ;
#188 = EDGE_CURVE ( 'NONE', #2305, #2498, #1013, .T. ) ;
#189 = ADVANCED_FACE ( 'NONE', ( #1017, #1018, #1019 ), #1037, .T. ) ;
#190 = ORIENTED_EDGE ( 'NONE', *, *, #2450, .T. ) ;
#191 = EDGE_CURVE ( 'NONE', #2155, #1850, #1042, .T. ) ;
#192 = ORIENTED_EDGE ( 'NONE', *, *, #187, .F. ) ;
#193 = ORIENTED_EDGE ( 'NONE', *, *, #241, .T. ) ;
#194 = EDGE_CURVE ( 'NONE', #466, #2459, #1105, .T. ) ;
#195 = ADVANCED_FACE ( 'NONE', ( #1113 ), #1114, .F. ) ;
#196 = VERTEX_POINT ( 'NONE', #1126 ) ;
#197 = EDGE_CURVE ( 'NONE', #2305, #274, #1135, .T. ) ;
#198 = ORIENTED_EDGE ( 'NONE', *, *, #2292, .T. ) ;
#199 = ORIENTED_EDGE ( 'NONE', *, *, #2484, .T. ) ;
#200 = EDGE_CURVE ( 'NONE', #2407, #1935, #1139, .T. ) ;
#201 = ORIENTED_EDGE ( 'NONE', *, *, #2354, .F. ) ;
#202 = ORIENTED_EDGE ( 'NONE', *, *, #1751, .T. ) ;
#203 = EDGE_CURVE ( 'NONE', #2467, #178, #1162, .T. ) ;
#204 = ADVANCED_FACE ( 'NONE', ( #1170 ), #1188, .F. ) ;
#205 = ORIENTED_EDGE ( 'NONE', *, *, #2248, .T. ) ;
#206 = EDGE_LOOP ( 'NONE', ( #6, #2330, #298, #920 ) ) ;
#207 = EDGE_CURVE ( 'NONE', #2446, #1913, #1208, .T. ) ;
#208 = ORIENTED_EDGE ( 'NONE', *, *, #234, .T. ) ;
#209 = ADVANCED_FACE ( 'NONE', ( #1224 ), #1242, .T. ) ;
#210 = EDGE_LOOP ( 'NONE', ( #1851, #1955, #2489, #2462 ) ) ;
#211 = ORIENTED_EDGE ( 'NONE', *, *, #2349, .T. ) ;
#212 = ORIENTED_EDGE ( 'NONE', *, *, #2456, .F. ) ;
#213 = EDGE_LOOP ( 'NONE', ( #2275, #2295, #1912, #2491 ) ) ;
#214 = EDGE_CURVE ( 'NONE', #114, #26, #1251, .T. ) ;
#215 = ORIENTED_EDGE ( 'NONE', *, *, #2434, .T. ) ;
#216 = EDGE_CURVE ( 'NONE', #1996, #1915, #1293, .T. ) ;
#217 = ORIENTED_EDGE ( 'NONE', *, *, #2263, .F. ) ;
#218 = ORIENTED_EDGE ( 'NONE', *, *, #2355, .F. ) ;
#219 = ORIENTED_EDGE ( 'NONE', *, *, #1826, .F. ) ;
#220 = ORIENTED_EDGE ( 'NONE', *, *, #2303, .F. ) ;
#221 = ORIENTED_EDGE ( 'NONE', *, *, #69, .T. ) ;
#222 = ORIENTED_EDGE ( 'NONE', *, *, #144, .F. ) ;
#223 = ORIENTED_EDGE ( 'NONE', *, *, #232, .T. ) ;
#224 = ORIENTED_EDGE ( 'NONE', *, *, #2315, .F. ) ;
#225 = EDGE_LOOP ( 'NONE', ( #292, #122, #63, #142 ) ) ;
#226 = ORIENTED_EDGE ( 'NONE', *, *, #281, .T. ) ;
#227 = ADVANCED_FACE ( 'NONE', ( #1368 ), #1369, .T. ) ;
#228 = VERTEX_POINT ( 'NONE', #1374 ) ;
#229 = ORIENTED_EDGE ( 'NONE', *, *, #239, .T. ) ;
#230 = ORIENTED_EDGE ( 'NONE', *, *, #216, .F. ) ;
#231 = EDGE_CURVE ( 'NONE', #2446, #2256, #1394, .T. ) ;
#232 = EDGE_CURVE ( 'NONE', #813, #2459, #1402, .T. ) ;
#233 = ORIENTED_EDGE ( 'NONE', *, *, #207, .F. ) ;
#234 = EDGE_CURVE ( 'NONE', #247, #2288, #1444, .T. ) ;
#235 = VERTEX_POINT ( 'NONE', #1452 ) ;
#236 = EDGE_CURVE ( 'NONE', #2327, #2119, #1453, .T. ) ;
#237 = ORIENTED_EDGE ( 'NONE', *, *, #4, .F. ) ;
#238 = VERTEX_POINT ( 'NONE', #1468 ) ;
#239 = EDGE_CURVE ( 'NONE', #2288, #2407, #1470, .T. ) ;
#240 = ADVANCED_FACE ( 'NONE', ( #1518 ), #1519, .F. ) ;
#241 = EDGE_CURVE ( 'NONE', #2016, #625, #1544, .T. ) ;
#242 = ORIENTED_EDGE ( 'NONE', *, *, #2493, .T. ) ;
#243 = ORIENTED_EDGE ( 'NONE', *, *, #256, .F. ) ;
#244 = VERTEX_POINT ( 'NONE', #1553 ) ;
#245 = EDGE_CURVE ( 'NONE', #2461, #2016, #1554, .T. ) ;
#246 = EDGE_CURVE ( 'NONE', #274, #1894, #1558, .T. ) ;
#247 = VERTEX_POINT ( 'NONE', #1562 ) ;
#248 = ORIENTED_EDGE ( 'NONE', *, *, #2379, .F. ) ;
#249 = ORIENTED_EDGE ( 'NONE', *, *, #2298, .T. ) ;
#250 = ADVANCED_FACE ( 'NONE', ( #1587 ), #1604, .T. ) ;
#251 = VERTEX_POINT ( 'NONE', #1609 ) ;
#252 = ADVANCED_FACE ( 'NONE', ( #1610 ), #1627, .F. ) ;
#253 = ADVANCED_FACE ( 'NONE', ( #1639 ), #1640, .F. ) ;
#254 = ADVANCED_FACE ( 'NONE', ( #1649 ), #1650, .T. ) ;
#255 = ADVANCED_FACE ( 'NONE', ( #1655 ), #1656, .T. ) ;
#256 = EDGE_CURVE ( 'NONE', #2221, #332, #1669, .T. ) ;
#257 = ORIENTED_EDGE ( 'NONE', *, *, #2447, .T. ) ;
#258 = ORIENTED_EDGE ( 'NONE', *, *, #2291, .F. ) ;
#259 = EDGE_LOOP ( 'NONE', ( #192, #2260, #1341, #2495 ) ) ;
#260 = ADVANCED_FACE ( 'NONE', ( #1719 ), #1720, .T. ) ;
#261 = ORIENTED_EDGE ( 'NONE', *, *, #1301, .F. ) ;
#262 = VERTEX_POINT ( 'NONE', #1735 ) ;
#263 = ORIENTED_EDGE ( 'NONE', *, *, #2468, .T. ) ;
#264 = ADVANCED_FACE ( 'NONE', ( #1768 ), #1771, .F. ) ;
#265 = ORIENTED_EDGE ( 'NONE', *, *, #555, .T. ) ;
#266 = EDGE_LOOP ( 'NONE', ( #2347, #1061, #101, #2236 ) ) ;
#267 = ORIENTED_EDGE ( 'NONE', *, *, #1733, .F. ) ;
#268 = EDGE_CURVE ( 'NONE', #2268, #1580, #1814, .T. ) ;
#269 = ADVANCED_FACE ( 'NONE', ( #1819 ), #1820, .F. ) ;
#270 = EDGE_CURVE ( 'NONE', #76, #178, #1840, .T. ) ;
#271 = VERTEX_POINT ( 'NONE', #1844 ) ;
#272 = ORIENTED_EDGE ( 'NONE', *, *, #175, .F. ) ;
#273 = ORIENTED_EDGE ( 'NONE', *, *, #2286, .T. ) ;
#274 = VERTEX_POINT ( 'NONE', #1853 ) ;
#275 = ORIENTED_EDGE ( 'NONE', *, *, #1752, .T. ) ;
#276 = ORIENTED_EDGE ( 'NONE', *, *, #2480, .F. ) ;
#277 = ORIENTED_EDGE ( 'NONE', *, *, #296, .F. ) ;
#278 = ORIENTED_EDGE ( 'NONE', *, *, #2280, .F. ) ;
#279 = ADVANCED_FACE ( 'NONE', ( #1861 ), #1881, .F. ) ;
#280 = EDGE_CURVE ( 'NONE', #2243, #2217, #1887, .T. ) ;
#281 = EDGE_CURVE ( 'NONE', #244, #18, #1898, .T. ) ;
#282 = EDGE_CURVE ( 'NONE', #1079, #2441, #1902, .T. ) ;
#283 = VERTEX_POINT ( 'NONE', #1910 ) ;
#284 = ORIENTED_EDGE ( 'NONE', *, *, #1806, .F. ) ;
#285 = ORIENTED_EDGE ( 'NONE', *, *, #2314, .F. ) ;
#286 = ORIENTED_EDGE ( 'NONE', *, *, #2417, .F. ) ;
#287 = ORIENTED_EDGE ( 'NONE', *, *, #2360, .T. ) ;
#288 = EDGE_CURVE ( 'NONE', #251, #2416, #1921, .T. ) ;
#289 = ADVANCED_FACE ( 'NONE', ( #1926 ), #1946, .F. ) ;
#290 = ADVANCED_FACE ( 'NONE', ( #1951 ), #1952, .T. ) ;
#291 = ORIENTED_EDGE ( 'NONE', *, *, #316, .T. ) ;
#292 = ORIENTED_EDGE ( 'NONE', *, *, #2306, .T. ) ;
#293 = ORIENTED_EDGE ( 'NONE', *, *, #2248, .F. ) ;
#294 = ADVANCED_FACE ( 'NONE', ( #1980 ), #1981, .F. ) ;
#295 = ORIENTED_EDGE ( 'NONE', *, *, #232, .F. ) ;
#296 = EDGE_CURVE ( 'NONE', #57, #2121, #1990, .T. ) ;
#297 = ORIENTED_EDGE ( 'NONE', *, *, #2477, .F. ) ;
#298 = ORIENTED_EDGE ( 'NONE', *, *, #2102, .T. ) ;
#299 = ORIENTED_EDGE ( 'NONE', *, *, #1823, .F. ) ;
#300 = ORIENTED_EDGE ( 'NONE', *, *, #2429, .T. ) ;
#301 = ORIENTED_EDGE ( 'NONE', *, *, #2381, .F. ) ;
#302 = ADVANCED_FACE ( 'NONE', ( #2008 ), #2027, .F. ) ;
#303 = ADVANCED_FACE ( 'NONE', ( #2032, #2033, #2034 ), #2053, .F. ) ;
#304 = ORIENTED_EDGE ( 'NONE', *, *, #152, .F. ) ;
#305 = ORIENTED_EDGE ( 'NONE', *, *, #1080, .T. ) ;
#306 = ORIENTED_EDGE ( 'NONE', *, *, #2475, .F. ) ;
#307 = ORIENTED_EDGE ( 'NONE', *, *, #341, .F. ) ;
#308 = ORIENTED_EDGE ( 'NONE', *, *, #216, .T. ) ;
#309 = ORIENTED_EDGE ( 'NONE', *, *, #315, .F. ) ;
#310 = ORIENTED_EDGE ( 'NONE', *, *, #2429, .F. ) ;
#311 = ADVANCED_FACE ( 'NONE', ( #2062 ), #2063, .T. ) ;
#312 = ORIENTED_EDGE ( 'NONE', *, *, #2051, .F. ) ;
#313 = CLOSED_SHELL ( 'NONE', ( #869, #303, #322, #189, #318, #327, #2225, #302, #2339, #449, #240, #778, #2369, #2069, #1787, #1664, #1893, #814, #163, #2015, #289, #1375, #2174, #227, #2172, #294, #2359, #195, #2455, #75, #254, #2276, #330, #260, #2436, #1134, #170, #323, #1824, #2052, #1527, #643, #32, #311, #264, #1914, #957, #186, #1234, #269, #2301, #2234, #253, #2239, #204, #1302, #1026, #1598, #1529, #2258, #279, #252, #2220, #136, #290, #2371, #255, #2230, #209, #250 ) ) ;
#314 = ORIENTED_EDGE ( 'NONE', *, *, #200, .T. ) ;
#315 = EDGE_CURVE ( 'NONE', #466, #992, #2084, .T. ) ;
#316 = EDGE_CURVE ( 'NONE', #2297, #2262, #2088, .T. ) ;
#317 = ORIENTED_EDGE ( 'NONE', *, *, #316, .F. ) ;
#318 = ADVANCED_FACE ( 'NONE', ( #2092, #2093, #2094 ), #2111, .F. ) ;
#319 = VERTEX_POINT ( 'NONE', #2116 ) ;
#320 = ORIENTED_EDGE ( 'NONE', *, *, #137, .F. ) ;
#321 = EDGE_CURVE ( 'NONE', #2490, #148, #2117, .T. ) ;
#322 = ADVANCED_FACE ( 'NONE', ( #2125 ), #2142, .F. ) ;
#323 = ADVANCED_FACE ( 'NONE', ( #2147 ), #2148, .F. ) ;
#324 = ORIENTED_EDGE ( 'NONE', *, *, #282, .F. ) ;
#325 = ORIENTED_EDGE ( 'NONE', *, *, #2102, .F. ) ;
#326 = VERTEX_POINT ( 'NONE', #2153 ) ;
#327 = ADVANCED_FACE ( 'NONE', ( #2154 ), #2156, .T. ) ;
#328 = ORIENTED_EDGE ( 'NONE', *, *, #556, .F. ) ;
#329 = ORIENTED_EDGE ( 'NONE', *, *, #127, .T. ) ;
#330 = ADVANCED_FACE ( 'NONE', ( #2171 ), #2175, .F. ) ;
#331 = EDGE_CURVE ( 'NONE', #2451, #174, #2180, .T. ) ;
#332 = VERTEX_POINT ( 'NONE', #2184 ) ;
#333 = FACE_OUTER_BOUND ( 'NONE', #2241, .T. ) ;
#334 = COLOUR_RGB ( '',0.0000000000000000000, 0.0000000000000000000, 0.0000000000000000000 ) ;
#335 = FILL_AREA_STYLE_COLOUR ( '', #334 ) ;
#336 = FILL_AREA_STYLE ('',( #335 ) ) ;
#337 = SURFACE_STYLE_FILL_AREA ( #336 ) ;
#338 = SURFACE_SIDE_STYLE ('',( #337 ) ) ;
#339 = SURFACE_STYLE_USAGE ( .BOTH. , #338 ) ;
#340 = EDGE_CURVE ( 'NONE', #2441, #1408, #2185, .T. ) ;
#341 = EDGE_CURVE ( 'NONE', #235, #2269, #2189, .T. ) ;
#342 = ORIENTED_EDGE ( 'NONE', *, *, #2450, .F. ) ;
#343 = PRESENTATION_STYLE_ASSIGNMENT (( #339 ) ) ;
#344 = STYLED_ITEM ( 'NONE', ( #343 ), #2015 ) ;
#345 = PRESENTATION_LAYER_ASSIGNMENT (  '', '', ( #344 ) ) ;
#346 = MECHANICAL_DESIGN_GEOMETRIC_PRESENTATION_REPRESENTATION (  '', ( #344 ), #351 ) ;
#347 =( LENGTH_UNIT ( ) NAMED_UNIT ( * ) SI_UNIT ( .MILLI., .METRE. ) );
#348 =( NAMED_UNIT ( * ) PLANE_ANGLE_UNIT ( ) SI_UNIT ( $, .RADIAN. ) );
#349 =( NAMED_UNIT ( * ) SI_UNIT ( $, .STERADIAN. ) SOLID_ANGLE_UNIT ( ) );
#350 = UNCERTAINTY_MEASURE_WITH_UNIT (LENGTH_MEASURE( 1.000000000000000100E-005 ), #347, 'distance_accuracy_value', 'NONE');
#351 =( GEOMETRIC_REPRESENTATION_CONTEXT ( 3 ) GLOBAL_UNCERTAINTY_ASSIGNED_CONTEXT ( ( #350 ) ) GLOBAL_UNIT_ASSIGNED_CONTEXT ( ( #347, #348, #349 ) ) REPRESENTATION_CONTEXT ( 'NONE', 'WORKASPACE' ) );
#352 = PLANE ( 'NONE',  #353 ) ;
#353 = AXIS2_PLACEMENT_3D ( 'NONE', #354, #355, #356 ) ;
#354 = CARTESIAN_POINT ( 'NONE',  ( 1.940000000000000200, 3.950000000000000200, -1.899999999999999900 ) ) ;
#355 = DIRECTION ( 'NONE',  ( -1.000000000000000000, 0.0000000000000000000, 0.0000000000000000000 ) ) ;
#356 = DIRECTION ( 'NONE',  ( 0.0000000000000000000, 0.0000000000000000000, 1.000000000000000000 ) ) ;
#357 = CARTESIAN_POINT ( 'NONE',  ( -0.5999999999999999800, 4.400000000000000400, 1.899999999999999900 ) ) ;
#358 = CARTESIAN_POINT ( 'NONE',  ( 2.040000000000000000, 5.100000000000000500, 0.9499999999999999600 ) ) ;
#359 = ORIENTED_EDGE ( 'NONE', *, *, #430, .F. ) ;
#360 = ORIENTED_EDGE ( 'NONE', *, *, #207, .T. ) ;
#361 = LINE ( 'NONE', #362, #363 ) ;
#362 = CARTESIAN_POINT ( 'NONE',  ( 3.140000000000000100, 1.750000000000000000, -3.299999999999999800 ) ) ;
#363 = VECTOR ( 'NONE', #364, 1000.000000000000000 ) ;
#364 = DIRECTION ( 'NONE',  ( -1.000000000000000000, 0.0000000000000000000, 0.0000000000000000000 ) ) ;
#365 = LINE ( 'NONE', #366, #367 ) ;
#366 = CARTESIAN_POINT ( 'NONE',  ( 0.5999999999999999800, 1.750000000000000000, 3.299999999999999800 ) ) ;
#367 = VECTOR ( 'NONE', #368, 1000.000000000000000 ) ;
#368 = DIRECTION ( 'NONE',  ( 0.0000000000000000000, 0.0000000000000000000, -1.000000000000000000 ) ) ;
#369 = LINE ( 'NONE', #370, #371 ) ;
#370 = CARTESIAN_POINT ( 'NONE',  ( -0.5999999999999999800, 2.000000000000000000, -3.810000000000000100 ) ) ;
#371 = VECTOR ( 'NONE', #372, 999.9999999999998900 ) ;
#372 = DIRECTION ( 'NONE',  ( 0.0000000000000000000, -0.9986295347545741700, -0.05233595624294021300 ) ) ;
#373 = FACE_OUTER_BOUND ( 'NONE', #225, .T. ) ;
#374 = FACE_BOUND ( 'NONE', #2439, .T. ) ;
#375 = COLOUR_RGB ( '',0.0000000000000000000, 0.0000000000000000000, 0.0000000000000000000 ) ;
#376 = FILL_AREA_STYLE_COLOUR ( '', #375 ) ;
#377 = ORIENTED_EDGE ( 'NONE', *, *, #146, .T. ) ;
#378 = FILL_AREA_STYLE ('',( #376 ) ) ;
#379 = SURFACE_STYLE_FILL_AREA ( #378 ) ;
#380 = SURFACE_SIDE_STYLE ('',( #379 ) ) ;
#381 = SURFACE_STYLE_USAGE ( .BOTH. , #380 ) ;
#382 = PRESENTATION_STYLE_ASSIGNMENT (( #381 ) ) ;
#383 = STYLED_ITEM ( 'NONE', ( #382 ), #2052 ) ;
#384 = PRESENTATION_LAYER_ASSIGNMENT (  '', '', ( #383 ) ) ;
#385 = MECHANICAL_DESIGN_GEOMETRIC_PRESENTATION_REPRESENTATION (  '', ( #383 ), #390 ) ;
#386 =( LENGTH_UNIT ( ) NAMED_UNIT ( * ) SI_UNIT ( .MILLI., .METRE. ) );
#387 =( NAMED_UNIT ( * ) PLANE_ANGLE_UNIT ( ) SI_UNIT ( $, .RADIAN. ) );
#388 =( NAMED_UNIT ( * ) SI_UNIT ( $, .STERADIAN. ) SOLID_ANGLE_UNIT ( ) );
#389 = UNCERTAINTY_MEASURE_WITH_UNIT (LENGTH_MEASURE( 1.000000000000000100E-005 ), #386, 'distance_accuracy_value', 'NONE');
#390 =( GEOMETRIC_REPRESENTATION_CONTEXT ( 3 ) GLOBAL_UNCERTAINTY_ASSIGNED_CONTEXT ( ( #389 ) ) GLOBAL_UNIT_ASSIGNED_CONTEXT ( ( #386, #387, #388 ) ) REPRESENTATION_CONTEXT ( 'NONE', 'WORKASPACE' ) );
#391 = PLANE ( 'NONE',  #392 ) ;
#392 = AXIS2_PLACEMENT_3D ( 'NONE', #393, #395, #396 ) ;
#393 = CARTESIAN_POINT ( 'NONE',  ( 1.940000000000000200, 3.950000000000000200, -1.899999999999999900 ) ) ;
#394 = VERTEX_POINT ( 'NONE', #651 ) ;
#395 = DIRECTION ( 'NONE',  ( 0.0000000000000000000, -1.000000000000000000, 0.0000000000000000000 ) ) ;
#396 = DIRECTION ( 'NONE',  ( 0.0000000000000000000, 0.0000000000000000000, -1.000000000000000000 ) ) ;
#397 = LINE ( 'NONE', #398, #399 ) ;
#398 = CARTESIAN_POINT ( 'NONE',  ( 2.040000000000000000, 3.950000000000000200, -3.331780381102265400E-016 ) ) ;
#399 = VECTOR ( 'NONE', #400, 1000.000000000000000 ) ;
#400 = DIRECTION ( 'NONE',  ( -1.000000000000000000, 0.0000000000000000000, 0.0000000000000000000 ) ) ;
#401 = CARTESIAN_POINT ( 'NONE',  ( -0.5999999999999999800, 3.950000000000000200, 1.899999999999999900 ) ) ;
#402 = FACE_OUTER_BOUND ( 'NONE', #2348, .T. ) ;
#403 = PLANE ( 'NONE',  #404 ) ;
#404 = AXIS2_PLACEMENT_3D ( 'NONE', #405, #406, #407 ) ;
#405 = CARTESIAN_POINT ( 'NONE',  ( -0.5999999999999999800, 1.750000000000000000, -3.299999999999999800 ) ) ;
#406 = DIRECTION ( 'NONE',  ( -1.000000000000000000, 0.0000000000000000000, 0.0000000000000000000 ) ) ;
#407 = DIRECTION ( 'NONE',  ( 0.0000000000000000000, 0.0000000000000000000, -1.000000000000000000 ) ) ;
#408 = CARTESIAN_POINT ( 'NONE',  ( 0.5000000000000000000, 3.950000000000000200, 0.9499999999999999600 ) ) ;
#409 = LINE ( 'NONE', #410, #412 ) ;
#410 = CARTESIAN_POINT ( 'NONE',  ( 0.5999999999999999800, 4.400000000000000400, 1.899999999999999900 ) ) ;
#411 = ORIENTED_EDGE ( 'NONE', *, *, #40, .F. ) ;
#412 = VECTOR ( 'NONE', #413, 1000.000000000000000 ) ;
#413 = DIRECTION ( 'NONE',  ( 0.0000000000000000000, -1.000000000000000000, 0.0000000000000000000 ) ) ;
#414 = LINE ( 'NONE', #415, #416 ) ;
#415 = CARTESIAN_POINT ( 'NONE',  ( 0.5999999999999999800, 2.000000000000000000, 3.810000000000000100 ) ) ;
#416 = VECTOR ( 'NONE', #417, 999.9999999999998900 ) ;
#417 = DIRECTION ( 'NONE',  ( 0.0000000000000000000, -0.9986295347545741700, 0.05233595624294021300 ) ) ;
#418 = LINE ( 'NONE', #419, #420 ) ;
#419 = CARTESIAN_POINT ( 'NONE',  ( -0.5000000000000000000, 5.100000000000000500, 0.9499999999999999600 ) ) ;
#420 = VECTOR ( 'NONE', #421, 1000.000000000000000 ) ;
#421 = DIRECTION ( 'NONE',  ( 1.000000000000000000, 0.0000000000000000000, 0.0000000000000000000 ) ) ;
#422 = LINE ( 'NONE', #423, #424 ) ;
#423 = CARTESIAN_POINT ( 'NONE',  ( 3.140000000000000100, 2.000000000000000000, 3.299999999999999800 ) ) ;
#424 = VECTOR ( 'NONE', #425, 1000.000000000000000 ) ;
#425 = DIRECTION ( 'NONE',  ( -1.000000000000000000, 0.0000000000000000000, 0.0000000000000000000 ) ) ;
#426 = CARTESIAN_POINT ( 'NONE',  ( 1.940000000000000200, -2.147073645314200200E-016, 3.914815558566074700 ) ) ;
#427 = CARTESIAN_POINT ( 'NONE',  ( 3.040000000000000000, 3.950000000000000200, -4.336808689942019700E-016 ) ) ;
#428 = ORIENTED_EDGE ( 'NONE', *, *, #2412, .F. ) ;
#429 = ORIENTED_EDGE ( 'NONE', *, *, #126, .T. ) ;
#430 = EDGE_CURVE ( 'NONE', #2269, #2496, #667, .T. ) ;
#431 = EDGE_LOOP ( 'NONE', ( #779, #1975, #429, #2483 ) ) ;
#432 = ORIENTED_EDGE ( 'NONE', *, *, #2191, .T. ) ;
#433 = CARTESIAN_POINT ( 'NONE',  ( 1.940000000000000200, 3.950000000000000200, 1.899999999999999900 ) ) ;
#434 = LINE ( 'NONE', #435, #436 ) ;
#435 = CARTESIAN_POINT ( 'NONE',  ( 3.040000000000000000, 3.950000000000000200, -3.331780381102265400E-016 ) ) ;
#436 = VECTOR ( 'NONE', #437, 1000.000000000000000 ) ;
#437 = DIRECTION ( 'NONE',  ( 0.0000000000000000000, 0.0000000000000000000, -1.000000000000000000 ) ) ;
#438 = CARTESIAN_POINT ( 'NONE',  ( -0.5999999999999999800, 2.000000000000000000, 3.810000000000000100 ) ) ;
#439 = CARTESIAN_POINT ( 'NONE',  ( -0.5000000000000000000, 3.950000000000000200, 0.9499999999999999600 ) ) ;
#440 = CARTESIAN_POINT ( 'NONE',  ( 1.940000000000000200, 4.400000000000000400, -1.899999999999999900 ) ) ;
#441 = CARTESIAN_POINT ( 'NONE',  ( -0.5999999999999999800, 1.750000000000000000, -3.572758858321280200 ) ) ;
#442 = CARTESIAN_POINT ( 'NONE',  ( 0.5999999999999999800, 2.000000000000000000, 3.810000000000000100 ) ) ;
#443 = LINE ( 'NONE', #444, #445 ) ;
#444 = CARTESIAN_POINT ( 'NONE',  ( 3.140000000000000100, 1.750000000000000000, 3.299999999999999800 ) ) ;
#445 = VECTOR ( 'NONE', #446, 1000.000000000000000 ) ;
#446 = DIRECTION ( 'NONE',  ( -1.000000000000000000, 0.0000000000000000000, 0.0000000000000000000 ) ) ;
#447 = CARTESIAN_POINT ( 'NONE',  ( 2.790000000000000000, -2.032581895899730100E-016, 3.914815558566074700 ) ) ;
#448 = FACE_OUTER_BOUND ( 'NONE', #61, .T. ) ;
#449 = ADVANCED_FACE ( 'NONE', ( #677 ), #678, .F. ) ;
#450 = PLANE ( 'NONE',  #451 ) ;
#451 = AXIS2_PLACEMENT_3D ( 'NONE', #452, #453, #454 ) ;
#452 = CARTESIAN_POINT ( 'NONE',  ( 3.140000000000000100, 1.750000000000000000, 3.299999999999999800 ) ) ;
#453 = DIRECTION ( 'NONE',  ( 0.0000000000000000000, 1.000000000000000000, 0.0000000000000000000 ) ) ;
#454 = DIRECTION ( 'NONE',  ( 0.0000000000000000000, 0.0000000000000000000, 1.000000000000000000 ) ) ;
#455 = CARTESIAN_POINT ( 'NONE',  ( -0.5999999999999999800, 2.542738569745875100E-017, 3.664472472066595100 ) ) ;
#456 = FACE_OUTER_BOUND ( 'NONE', #31, .T. ) ;
#457 = PLANE ( 'NONE',  #458 ) ;
#458 = AXIS2_PLACEMENT_3D ( 'NONE', #459, #460, #461 ) ;
#459 = CARTESIAN_POINT ( 'NONE',  ( 3.140000000000000100, 2.000000000000000000, 3.299999999999999800 ) ) ;
#460 = DIRECTION ( 'NONE',  ( 0.0000000000000000000, -1.000000000000000000, 0.0000000000000000000 ) ) ;
#461 = DIRECTION ( 'NONE',  ( 0.0000000000000000000, 0.0000000000000000000, -1.000000000000000000 ) ) ;
#462 = FACE_OUTER_BOUND ( 'NONE', #2433, .T. ) ;
#463 = PLANE ( 'NONE',  #464 ) ;
#464 = AXIS2_PLACEMENT_3D ( 'NONE', #465, #468, #469 ) ;
#465 = CARTESIAN_POINT ( 'NONE',  ( 1.940000000000000200, 2.847363708691910200E-017, 4.103483563985010500 ) ) ;
#466 = VERTEX_POINT ( 'NONE', #692 ) ;
#467 = ORIENTED_EDGE ( 'NONE', *, *, #607, .T. ) ;
#468 = DIRECTION ( 'NONE',  ( 0.0000000000000000000, -1.000000000000000000, 6.938893903907229900E-018 ) ) ;
#469 = DIRECTION ( 'NONE',  ( 0.0000000000000000000, -6.938893903907229900E-018, -1.000000000000000000 ) ) ;
#470 = LINE ( 'NONE', #471, #472 ) ;
#471 = CARTESIAN_POINT ( 'NONE',  ( -0.5999999999999999800, 2.000000000000000000, 3.810000000000000100 ) ) ;
#472 = VECTOR ( 'NONE', #473, 999.9999999999998900 ) ;
#473 = DIRECTION ( 'NONE',  ( 0.0000000000000000000, -0.9986295347545741700, 0.05233595624294021300 ) ) ;
#474 = LINE ( 'NONE', #475, #476 ) ;
#475 = CARTESIAN_POINT ( 'NONE',  ( 3.140000000000000100, 2.000000000000000000, -3.299999999999999800 ) ) ;
#476 = VECTOR ( 'NONE', #477, 1000.000000000000000 ) ;
#477 = DIRECTION ( 'NONE',  ( 0.0000000000000000000, 1.000000000000000000, -1.734723475976805100E-015 ) ) ;
#478 = LINE ( 'NONE', #479, #480 ) ;
#479 = CARTESIAN_POINT ( 'NONE',  ( 0.2500000000000170400, 2.847363708691910200E-017, 4.103483563985010500 ) ) ;
#480 = VECTOR ( 'NONE', #481, 1000.000000000000000 ) ;
#481 = DIRECTION ( 'NONE',  ( 0.0000000000000000000, -6.938893903907229900E-018, -1.000000000000000000 ) ) ;
#482 = CARTESIAN_POINT ( 'NONE',  ( 1.940000000000000200, 1.750000000000000000, -3.572758858321280200 ) ) ;
#483 = LINE ( 'NONE', #485, #486 ) ;
#484 = ORIENTED_EDGE ( 'NONE', *, *, #282, .T. ) ;
#485 = CARTESIAN_POINT ( 'NONE',  ( 0.5999999999999999800, 0.0000000000000000000, 3.299999999999999800 ) ) ;
#486 = VECTOR ( 'NONE', #487, 1000.000000000000000 ) ;
#487 = DIRECTION ( 'NONE',  ( 0.0000000000000000000, 6.938893903907229900E-018, 1.000000000000000000 ) ) ;
#488 = LINE ( 'NONE', #489, #490 ) ;
#489 = CARTESIAN_POINT ( 'NONE',  ( -0.5999999999999999800, 2.000000000000000000, -3.299999999999999800 ) ) ;
#490 = VECTOR ( 'NONE', #491, 1000.000000000000000 ) ;
#491 = DIRECTION ( 'NONE',  ( 0.0000000000000000000, 0.0000000000000000000, -1.000000000000000000 ) ) ;
#492 = CARTESIAN_POINT ( 'NONE',  ( -0.5999999999999999800, 2.000000000000000000, -3.810000000000000100 ) ) ;
#493 = FACE_OUTER_BOUND ( 'NONE', #2385, .T. ) ;
#494 = PLANE ( 'NONE',  #495 ) ;
#495 = AXIS2_PLACEMENT_3D ( 'NONE', #496, #497, #498 ) ;
#496 = CARTESIAN_POINT ( 'NONE',  ( 3.140000000000000100, -3.600000000000000100, 4.103483563985010500 ) ) ;
#497 = DIRECTION ( 'NONE',  ( 0.0000000000000000000, 1.000000000000000000, 0.0000000000000000000 ) ) ;
#498 = DIRECTION ( 'NONE',  ( 0.0000000000000000000, 0.0000000000000000000, 1.000000000000000000 ) ) ;
#499 = LINE ( 'NONE', #500, #503 ) ;
#500 = CARTESIAN_POINT ( 'NONE',  ( 0.5999999999999999800, 2.000000000000000000, -3.299999999999999800 ) ) ;
#501 = ORIENTED_EDGE ( 'NONE', *, *, #607, .F. ) ;
#502 = ORIENTED_EDGE ( 'NONE', *, *, #270, .T. ) ;
#503 = VECTOR ( 'NONE', #504, 1000.000000000000000 ) ;
#504 = DIRECTION ( 'NONE',  ( 0.0000000000000000000, 0.0000000000000000000, -1.000000000000000000 ) ) ;
#505 = LINE ( 'NONE', #506, #507 ) ;
#506 = CARTESIAN_POINT ( 'NONE',  ( 0.2500000000000000000, -3.600000000000000100, 4.103483563985010500 ) ) ;
#507 = VECTOR ( 'NONE', #508, 1000.000000000000000 ) ;
#508 = DIRECTION ( 'NONE',  ( 2.899170457442679700E-032, 0.0000000000000000000, -1.000000000000000000 ) ) ;
#509 = LINE ( 'NONE', #510, #511 ) ;
#510 = CARTESIAN_POINT ( 'NONE',  ( -2.279999999999999800, 4.400000000000000400, -3.299999999999999800 ) ) ;
#511 = VECTOR ( 'NONE', #512, 1000.000000000000000 ) ;
#512 = DIRECTION ( 'NONE',  ( 0.0000000000000000000, -1.000000000000000000, 0.0000000000000000000 ) ) ;
#513 = CARTESIAN_POINT ( 'NONE',  ( 0.5000000000000000000, 5.100000000000000500, 0.9499999999999999600 ) ) ;
#514 = LINE ( 'NONE', #515, #516 ) ;
#515 = CARTESIAN_POINT ( 'NONE',  ( -2.279999999999999800, 1.000000000000000000, -3.299999999999999800 ) ) ;
#516 = VECTOR ( 'NONE', #517, 1000.000000000000000 ) ;
#517 = DIRECTION ( 'NONE',  ( -1.314184451497581800E-016, 0.0000000000000000000, 1.000000000000000000 ) ) ;
#518 = CARTESIAN_POINT ( 'NONE',  ( 1.940000000000000200, 4.400000000000000400, 1.899999999999999900 ) ) ;
#519 = EDGE_CURVE ( 'NONE', #2331, #2333, #707, .T. ) ;
#520 = LINE ( 'NONE', #521, #522 ) ;
#521 = CARTESIAN_POINT ( 'NONE',  ( -0.2500000000000000000, -3.600000000000000100, -4.103483563985010500 ) ) ;
#522 = VECTOR ( 'NONE', #523, 1000.000000000000000 ) ;
#523 = DIRECTION ( 'NONE',  ( -2.899170457442679700E-032, 0.0000000000000000000, 1.000000000000000000 ) ) ;
#524 = CARTESIAN_POINT ( 'NONE',  ( 3.140000000000000100, 3.950000000000000200, 1.899999999999999900 ) ) ;
#525 = LINE ( 'NONE', #526, #527 ) ;
#526 = CARTESIAN_POINT ( 'NONE',  ( 3.140000000000000100, 1.750000000000000000, -3.572758858321280200 ) ) ;
#527 = VECTOR ( 'NONE', #528, 1000.000000000000000 ) ;
#528 = DIRECTION ( 'NONE',  ( -1.000000000000000000, 0.0000000000000000000, 0.0000000000000000000 ) ) ;
#529 = LINE ( 'NONE', #530, #531 ) ;
#530 = CARTESIAN_POINT ( 'NONE',  ( -2.279999999999999800, 1.000000000000000000, -3.299999999999999800 ) ) ;
#531 = VECTOR ( 'NONE', #532, 1000.000000000000000 ) ;
#532 = DIRECTION ( 'NONE',  ( -1.000000000000000000, 0.0000000000000000000, 0.0000000000000000000 ) ) ;
#533 = CARTESIAN_POINT ( 'NONE',  ( 3.140000000000000100, 3.950000000000000200, -1.899999999999999900 ) ) ;
#534 = LINE ( 'NONE', #535, #538 ) ;
#535 = CARTESIAN_POINT ( 'NONE',  ( 2.040000000000000000, 3.950000000000000200, -3.331780381102265400E-016 ) ) ;
#536 = ORIENTED_EDGE ( 'NONE', *, *, #2289, .F. ) ;
#537 = ORIENTED_EDGE ( 'NONE', *, *, #2289, .T. ) ;
#538 = VECTOR ( 'NONE', #539, 1000.000000000000000 ) ;
#539 = DIRECTION ( 'NONE',  ( 0.0000000000000000000, 0.0000000000000000000, 1.000000000000000000 ) ) ;
#540 = LINE ( 'NONE', #541, #542 ) ;
#541 = CARTESIAN_POINT ( 'NONE',  ( 2.790000000000000000, 1.750000000000000000, -3.572758858321280200 ) ) ;
#542 = VECTOR ( 'NONE', #543, 999.9999999999998900 ) ;
#543 = DIRECTION ( 'NONE',  ( -4.172418954928725900E-015, -0.9986295347545741700, -0.05233595624294031000 ) ) ;
#544 = CARTESIAN_POINT ( 'NONE',  ( -0.2500000000000170400, -4.209671761454725100E-016, -3.664472472066595100 ) ) ;
#545 = CARTESIAN_POINT ( 'NONE',  ( 3.140000000000000100, 2.000000000000000000, -3.299999999999999800 ) ) ;
#546 = FACE_OUTER_BOUND ( 'NONE', #109, .T. ) ;
#547 = PLANE ( 'NONE',  #548 ) ;
#548 = AXIS2_PLACEMENT_3D ( 'NONE', #549, #550, #551 ) ;
#549 = CARTESIAN_POINT ( 'NONE',  ( 0.5999999999999999800, 1.750000000000000000, 3.299999999999999800 ) ) ;
#550 = DIRECTION ( 'NONE',  ( 0.0000000000000000000, 1.000000000000000000, 0.0000000000000000000 ) ) ;
#551 = DIRECTION ( 'NONE',  ( 0.0000000000000000000, 0.0000000000000000000, 1.000000000000000000 ) ) ;
#552 = FACE_OUTER_BOUND ( 'NONE', #129, .T. ) ;
#553 = PLANE ( 'NONE',  #557 ) ;
#554 = EDGE_CURVE ( 'NONE', #1700, #244, #721, .T. ) ;
#555 = EDGE_CURVE ( 'NONE', #2498, #1894, #725, .T. ) ;
#556 = EDGE_CURVE ( 'NONE', #394, #2418, #731, .T. ) ;
#557 = AXIS2_PLACEMENT_3D ( 'NONE', #558, #559, #560 ) ;
#558 = CARTESIAN_POINT ( 'NONE',  ( 0.5999999999999999800, 1.750000000000000000, -3.299999999999999800 ) ) ;
#559 = DIRECTION ( 'NONE',  ( 0.0000000000000000000, -1.000000000000000000, 0.0000000000000000000 ) ) ;
#560 = DIRECTION ( 'NONE',  ( 0.0000000000000000000, 0.0000000000000000000, -1.000000000000000000 ) ) ;
#561 = CARTESIAN_POINT ( 'NONE',  ( 2.040000000000000000, 3.950000000000000200, 0.9499999999999999600 ) ) ;
#562 = LINE ( 'NONE', #563, #564 ) ;
#563 = CARTESIAN_POINT ( 'NONE',  ( 4.819999999999999400, 4.400000000000000400, -3.299999999999999800 ) ) ;
#564 = VECTOR ( 'NONE', #565, 1000.000000000000000 ) ;
#565 = DIRECTION ( 'NONE',  ( 0.0000000000000000000, -1.000000000000000000, 0.0000000000000000000 ) ) ;
#566 = LINE ( 'NONE', #567, #568 ) ;
#567 = CARTESIAN_POINT ( 'NONE',  ( 0.5999999999999999800, 2.000000000000000000, -3.810000000000000100 ) ) ;
#568 = VECTOR ( 'NONE', #569, 999.9999999999998900 ) ;
#569 = DIRECTION ( 'NONE',  ( 0.0000000000000000000, -0.9986295347545741700, -0.05233595624294021300 ) ) ;
#570 = CARTESIAN_POINT ( 'NONE',  ( 1.940000000000000200, 3.950000000000000200, -1.899999999999999900 ) ) ;
#571 = FACE_OUTER_BOUND ( 'NONE', #28, .T. ) ;
#572 = PLANE ( 'NONE',  #573 ) ;
#573 = AXIS2_PLACEMENT_3D ( 'NONE', #574, #575, #576 ) ;
#574 = CARTESIAN_POINT ( 'NONE',  ( 0.5999999999999999800, -3.600000000000000100, 4.103483563985010500 ) ) ;
#575 = DIRECTION ( 'NONE',  ( 0.0000000000000000000, 1.000000000000000000, 0.0000000000000000000 ) ) ;
#576 = DIRECTION ( 'NONE',  ( 0.0000000000000000000, 0.0000000000000000000, 1.000000000000000000 ) ) ;
#577 = CARTESIAN_POINT ( 'NONE',  ( 3.140000000000000100, 1.750000000000000000, -3.572758858321280200 ) ) ;
#578 = CARTESIAN_POINT ( 'NONE',  ( -0.2500000000000000000, -3.600000000000000100, -4.103483563985010500 ) ) ;
#579 = LINE ( 'NONE', #580, #581 ) ;
#580 = CARTESIAN_POINT ( 'NONE',  ( -0.5999999999999999800, 3.950000000000000200, -1.899999999999999900 ) ) ;
#581 = VECTOR ( 'NONE', #582, 1000.000000000000000 ) ;
#582 = DIRECTION ( 'NONE',  ( 1.000000000000000000, 0.0000000000000000000, 0.0000000000000000000 ) ) ;
#583 = CARTESIAN_POINT ( 'NONE',  ( 1.940000000000000200, 1.750000000000000000, -3.299999999999999800 ) ) ;
#584 = LINE ( 'NONE', #585, #586 ) ;
#585 = CARTESIAN_POINT ( 'NONE',  ( -0.2500000000000254800, 2.000000000000000000, 3.810000000000000100 ) ) ;
#586 = VECTOR ( 'NONE', #587, 999.9999999999998900 ) ;
#587 = DIRECTION ( 'NONE',  ( -4.172418954928725900E-015, 0.9986295347545741700, -0.05233595624294021300 ) ) ;
#588 = CARTESIAN_POINT ( 'NONE',  ( 0.5000000000000000000, 3.950000000000000200, -4.336808689942019700E-016 ) ) ;
#589 = ORIENTED_EDGE ( 'NONE', *, *, #2322, .F. ) ;
#590 = VERTEX_POINT ( 'NONE', #739 ) ;
#591 = LINE ( 'NONE', #592, #593 ) ;
#592 = CARTESIAN_POINT ( 'NONE',  ( 0.5999999999999999800, 2.000000000000000000, 3.299999999999999800 ) ) ;
#593 = VECTOR ( 'NONE', #594, 1000.000000000000000 ) ;
#594 = DIRECTION ( 'NONE',  ( 0.0000000000000000000, 1.000000000000000000, 1.734723475976805100E-015 ) ) ;
#595 = LINE ( 'NONE', #596, #597 ) ;
#596 = CARTESIAN_POINT ( 'NONE',  ( 0.5999999999999999800, 0.0000000000000000000, 3.914815558566074700 ) ) ;
#597 = VECTOR ( 'NONE', #598, 1000.000000000000000 ) ;
#598 = DIRECTION ( 'NONE',  ( -1.000000000000000000, 0.0000000000000000000, 0.0000000000000000000 ) ) ;
#599 = CARTESIAN_POINT ( 'NONE',  ( 0.5999999999999999800, 2.716448981425530000E-017, 3.914815558566074700 ) ) ;
#600 = CARTESIAN_POINT ( 'NONE',  ( 2.790000000000000000, -3.600000000000000100, -3.853140477485530000 ) ) ;
#601 = CARTESIAN_POINT ( 'NONE',  ( 2.790000000000000000, 2.542738569745875100E-017, -3.664472472066595100 ) ) ;
#602 = FACE_OUTER_BOUND ( 'NONE', #2470, .T. ) ;
#603 = PLANE ( 'NONE',  #604 ) ;
#604 = AXIS2_PLACEMENT_3D ( 'NONE', #605, #606, #608 ) ;
#605 = CARTESIAN_POINT ( 'NONE',  ( 0.2500000000000170400, 2.847363708691910200E-017, -4.103483563985010500 ) ) ;
#606 = DIRECTION ( 'NONE',  ( -1.000000000000000000, 4.178144957383170500E-015, 2.899170457442679700E-032 ) ) ;
#607 = EDGE_CURVE ( 'NONE', #74, #466, #744, .T. ) ;
#608 = DIRECTION ( 'NONE',  ( -4.178144957383170500E-015, -1.000000000000000000, 0.0000000000000000000 ) ) ;
#609 = CARTESIAN_POINT ( 'NONE',  ( -0.5999999999999999800, -1.071556993412680000E-016, -3.664472472066595100 ) ) ;
#610 = LINE ( 'NONE', #611, #612 ) ;
#611 = CARTESIAN_POINT ( 'NONE',  ( 0.5999999999999999800, 0.0000000000000000000, -3.299999999999999800 ) ) ;
#612 = VECTOR ( 'NONE', #613, 1000.000000000000000 ) ;
#613 = DIRECTION ( 'NONE',  ( 0.0000000000000000000, 6.938893903907229900E-018, -1.000000000000000000 ) ) ;
#614 = LINE ( 'NONE', #615, #616 ) ;
#615 = CARTESIAN_POINT ( 'NONE',  ( 1.940000000000000200, 4.400000000000000400, 1.899999999999999900 ) ) ;
#616 = VECTOR ( 'NONE', #617, 1000.000000000000000 ) ;
#617 = DIRECTION ( 'NONE',  ( 0.0000000000000000000, 0.0000000000000000000, 1.000000000000000000 ) ) ;
#618 = CARTESIAN_POINT ( 'NONE',  ( 1.940000000000000200, -1.071556993412680000E-016, -3.664472472066595100 ) ) ;
#619 = LINE ( 'NONE', #620, #621 ) ;
#620 = CARTESIAN_POINT ( 'NONE',  ( 0.5999999999999999800, 2.000000000000000000, -3.299999999999999800 ) ) ;
#621 = VECTOR ( 'NONE', #622, 1000.000000000000000 ) ;
#622 = DIRECTION ( 'NONE',  ( -1.000000000000000000, 0.0000000000000000000, 0.0000000000000000000 ) ) ;
#623 = CARTESIAN_POINT ( 'NONE',  ( 0.5999999999999999800, -2.147073645314200200E-016, -3.914815558566074700 ) ) ;
#624 = ORIENTED_EDGE ( 'NONE', *, *, #2302, .F. ) ;
#625 = VERTEX_POINT ( 'NONE', #754 ) ;
#626 = FACE_OUTER_BOUND ( 'NONE', #2317, .T. ) ;
#627 = PLANE ( 'NONE',  #628 ) ;
#628 = AXIS2_PLACEMENT_3D ( 'NONE', #629, #630, #631 ) ;
#629 = CARTESIAN_POINT ( 'NONE',  ( 0.5999999999999999800, -3.600000000000000100, -4.103483563985010500 ) ) ;
#630 = DIRECTION ( 'NONE',  ( 0.0000000000000000000, -1.000000000000000000, 0.0000000000000000000 ) ) ;
#631 = DIRECTION ( 'NONE',  ( 0.0000000000000000000, 0.0000000000000000000, -1.000000000000000000 ) ) ;
#632 = LINE ( 'NONE', #633, #634 ) ;
#633 = CARTESIAN_POINT ( 'NONE',  ( -0.2500000000000245400, 1.750000000000000000, 3.572758858321280200 ) ) ;
#634 = VECTOR ( 'NONE', #635, 999.9999999999998900 ) ;
#635 = DIRECTION ( 'NONE',  ( 4.172418954928725900E-015, -0.9986295347545741700, 0.05233595624294031000 ) ) ;
#636 = LINE ( 'NONE', #637, #638 ) ;
#637 = CARTESIAN_POINT ( 'NONE',  ( 3.140000000000000100, 0.0000000000000000000, -3.664472472066595100 ) ) ;
#638 = VECTOR ( 'NONE', #639, 1000.000000000000000 ) ;
#639 = DIRECTION ( 'NONE',  ( -1.000000000000000000, 0.0000000000000000000, 0.0000000000000000000 ) ) ;
#640 = CARTESIAN_POINT ( 'NONE',  ( 0.5999999999999999800, 2.000000000000000000, -3.810000000000000100 ) ) ;
#641 = CARTESIAN_POINT ( 'NONE',  ( 0.5999999999999999800, 4.400000000000000400, -1.899999999999999900 ) ) ;
#642 = ORIENTED_EDGE ( 'NONE', *, *, #919, .F. ) ;
#643 = ADVANCED_FACE ( 'NONE', ( #768 ), #769, .F. ) ;
#644 = EDGE_LOOP ( 'NONE', ( #66, #2392, #923, #2364, #2375, #263 ) ) ;
#645 = ORIENTED_EDGE ( 'NONE', *, *, #236, .F. ) ;
#646 = CARTESIAN_POINT ( 'NONE',  ( 0.2500000000000000000, -3.600000000000000100, 3.853140477485530000 ) ) ;
#647 = LINE ( 'NONE', #648, #649 ) ;
#648 = CARTESIAN_POINT ( 'NONE',  ( 3.140000000000000100, 4.400000000000000400, -1.899999999999999900 ) ) ;
#649 = VECTOR ( 'NONE', #650, 1000.000000000000000 ) ;
#650 = DIRECTION ( 'NONE',  ( 0.0000000000000000000, 1.000000000000000000, 0.0000000000000000000 ) ) ;
#651 = CARTESIAN_POINT ( 'NONE',  ( 3.140000000000000100, 4.400000000000000400, -1.899999999999999900 ) ) ;
#652 = CARTESIAN_POINT ( 'NONE',  ( -0.5999999999999999800, -2.147073645314200200E-016, 3.914815558566074700 ) ) ;
#653 = FACE_OUTER_BOUND ( 'NONE', #2224, .T. ) ;
#654 = PLANE ( 'NONE',  #655 ) ;
#655 = AXIS2_PLACEMENT_3D ( 'NONE', #656, #657, #658 ) ;
#656 = CARTESIAN_POINT ( 'NONE',  ( 2.790000000000000000, 2.847363708691910200E-017, 4.103483563985010500 ) ) ;
#657 = DIRECTION ( 'NONE',  ( 1.000000000000000000, -4.178144957383170500E-015, 2.899170457442679700E-032 ) ) ;
#658 = DIRECTION ( 'NONE',  ( 4.178144957383170500E-015, 1.000000000000000000, 0.0000000000000000000 ) ) ;
#659 = LINE ( 'NONE', #660, #661 ) ;
#660 = CARTESIAN_POINT ( 'NONE',  ( 0.5999999999999999800, 1.750000000000000000, -3.299999999999999800 ) ) ;
#661 = VECTOR ( 'NONE', #662, 1000.000000000000000 ) ;
#662 = DIRECTION ( 'NONE',  ( 0.0000000000000000000, 0.0000000000000000000, 1.000000000000000000 ) ) ;
#663 = LINE ( 'NONE', #664, #665 ) ;
#664 = CARTESIAN_POINT ( 'NONE',  ( -0.2500000000000170400, 2.847363708691910200E-017, -4.103483563985010500 ) ) ;
#665 = VECTOR ( 'NONE', #666, 1000.000000000000000 ) ;
#666 = DIRECTION ( 'NONE',  ( 0.0000000000000000000, -6.938893903907229900E-018, 1.000000000000000000 ) ) ;
#667 = LINE ( 'NONE', #668, #669 ) ;
#668 = CARTESIAN_POINT ( 'NONE',  ( 2.289999999999974700, 1.750000000000000000, -3.572758858321280200 ) ) ;
#669 = VECTOR ( 'NONE', #670, 999.9999999999998900 ) ;
#670 = DIRECTION ( 'NONE',  ( -4.172418954928725900E-015, 0.9986295347545741700, 0.05233595624294031000 ) ) ;
#671 = FACE_OUTER_BOUND ( 'NONE', #2411, .T. ) ;
#672 = PLANE ( 'NONE',  #673 ) ;
#673 = AXIS2_PLACEMENT_3D ( 'NONE', #674, #675, #676 ) ;
#674 = CARTESIAN_POINT ( 'NONE',  ( 1.940000000000000200, 1.750000000000000000, -3.299999999999999800 ) ) ;
#675 = DIRECTION ( 'NONE',  ( -1.000000000000000000, 0.0000000000000000000, 0.0000000000000000000 ) ) ;
#676 = DIRECTION ( 'NONE',  ( 0.0000000000000000000, 0.0000000000000000000, -1.000000000000000000 ) ) ;
#677 = FACE_OUTER_BOUND ( 'NONE', #1682, .T. ) ;
#678 = PLANE ( 'NONE',  #679 ) ;
#679 = AXIS2_PLACEMENT_3D ( 'NONE', #680, #681, #682 ) ;
#680 = CARTESIAN_POINT ( 'NONE',  ( 0.5999999999999999800, 1.750000000000000000, -3.299999999999999800 ) ) ;
#681 = DIRECTION ( 'NONE',  ( -1.000000000000000000, 0.0000000000000000000, 0.0000000000000000000 ) ) ;
#682 = DIRECTION ( 'NONE',  ( 0.0000000000000000000, 0.0000000000000000000, -1.000000000000000000 ) ) ;
#683 = LINE ( 'NONE', #684, #685 ) ;
#684 = CARTESIAN_POINT ( 'NONE',  ( -0.5999999999999999800, 3.950000000000000200, 1.899999999999999900 ) ) ;
#685 = VECTOR ( 'NONE', #686, 1000.000000000000000 ) ;
#686 = DIRECTION ( 'NONE',  ( 1.000000000000000000, 0.0000000000000000000, 0.0000000000000000000 ) ) ;
#687 = CARTESIAN_POINT ( 'NONE',  ( -0.5999999999999999800, 1.750000000000000000, 3.299999999999999800 ) ) ;
#688 = LINE ( 'NONE', #689, #690 ) ;
#689 = CARTESIAN_POINT ( 'NONE',  ( 3.140000000000000100, -3.600000000000000100, -4.103483563985010500 ) ) ;
#690 = VECTOR ( 'NONE', #691, 1000.000000000000000 ) ;
#691 = DIRECTION ( 'NONE',  ( -1.000000000000000000, 0.0000000000000000000, 0.0000000000000000000 ) ) ;
#692 = CARTESIAN_POINT ( 'NONE',  ( 3.140000000000000100, 2.000000000000000000, -3.810000000000000100 ) ) ;
#693 = CARTESIAN_POINT ( 'NONE',  ( 3.140000000000000100, 2.716448981425530000E-017, 3.914815558566074700 ) ) ;
#694 = EDGE_CURVE ( 'NONE', #1915, #326, #836, .T. ) ;
#695 = LINE ( 'NONE', #696, #697 ) ;
#696 = CARTESIAN_POINT ( 'NONE',  ( 0.2500000000000245400, 1.750000000000000000, -3.572758858321280200 ) ) ;
#697 = VECTOR ( 'NONE', #698, 999.9999999999998900 ) ;
#698 = DIRECTION ( 'NONE',  ( -4.172418954928725900E-015, -0.9986295347545741700, -0.05233595624294031000 ) ) ;
#699 = LINE ( 'NONE', #700, #701 ) ;
#700 = CARTESIAN_POINT ( 'NONE',  ( 3.140000000000000100, 0.0000000000000000000, -3.299999999999999800 ) ) ;
#701 = VECTOR ( 'NONE', #702, 1000.000000000000000 ) ;
#702 = DIRECTION ( 'NONE',  ( 0.0000000000000000000, 6.938893903907229900E-018, -1.000000000000000000 ) ) ;
#703 = LINE ( 'NONE', #704, #705 ) ;
#704 = CARTESIAN_POINT ( 'NONE',  ( 0.5999999999999999800, 0.0000000000000000000, -3.914815558566074700 ) ) ;
#705 = VECTOR ( 'NONE', #706, 1000.000000000000000 ) ;
#706 = DIRECTION ( 'NONE',  ( 1.000000000000000000, 0.0000000000000000000, 0.0000000000000000000 ) ) ;
#707 = LINE ( 'NONE', #708, #709 ) ;
#708 = CARTESIAN_POINT ( 'NONE',  ( -2.279999999999999800, 4.400000000000000400, -3.299999999999999800 ) ) ;
#709 = VECTOR ( 'NONE', #710, 1000.000000000000000 ) ;
#710 = DIRECTION ( 'NONE',  ( -1.000000000000000000, 0.0000000000000000000, 0.0000000000000000000 ) ) ;
#711 = EDGE_CURVE ( 'NONE', #2366, #1891, #841, .T. ) ;
#712 = LINE ( 'NONE', #713, #714 ) ;
#713 = CARTESIAN_POINT ( 'NONE',  ( 0.5999999999999999800, -3.600000000000000100, -4.103483563985010500 ) ) ;
#714 = VECTOR ( 'NONE', #715, 1000.000000000000000 ) ;
#715 = DIRECTION ( 'NONE',  ( -1.000000000000000000, 0.0000000000000000000, 0.0000000000000000000 ) ) ;
#716 = LINE ( 'NONE', #717, #718 ) ;
#717 = CARTESIAN_POINT ( 'NONE',  ( -0.5999999999999999800, 1.750000000000000000, -3.299999999999999800 ) ) ;
#718 = VECTOR ( 'NONE', #719, 1000.000000000000000 ) ;
#719 = DIRECTION ( 'NONE',  ( 0.0000000000000000000, 0.0000000000000000000, 1.000000000000000000 ) ) ;
#720 = CARTESIAN_POINT ( 'NONE',  ( -0.2500000000000000000, -3.600000000000000100, 3.853140477485530000 ) ) ;
#721 = LINE ( 'NONE', #722, #723 ) ;
#722 = CARTESIAN_POINT ( 'NONE',  ( 0.5999999999999999800, 2.000000000000000000, 3.299999999999999800 ) ) ;
#723 = VECTOR ( 'NONE', #724, 1000.000000000000000 ) ;
#724 = DIRECTION ( 'NONE',  ( -1.000000000000000000, 0.0000000000000000000, 0.0000000000000000000 ) ) ;
#725 = LINE ( 'NONE', #726, #727 ) ;
#726 = CARTESIAN_POINT ( 'NONE',  ( 4.819999999999999400, 4.400000000000000400, 3.299999999999999800 ) ) ;
#727 = VECTOR ( 'NONE', #729, 1000.000000000000000 ) ;
#728 = VERTEX_POINT ( 'NONE', #852 ) ;
#729 = DIRECTION ( 'NONE',  ( 0.0000000000000000000, -1.000000000000000000, 0.0000000000000000000 ) ) ;
#730 = CARTESIAN_POINT ( 'NONE',  ( 4.819999999999999400, 1.000000000000000000, -3.299999999999999800 ) ) ;
#731 = LINE ( 'NONE', #732, #733 ) ;
#732 = CARTESIAN_POINT ( 'NONE',  ( 3.140000000000000100, 4.400000000000000400, 1.899999999999999900 ) ) ;
#733 = VECTOR ( 'NONE', #734, 1000.000000000000000 ) ;
#734 = DIRECTION ( 'NONE',  ( 0.0000000000000000000, 0.0000000000000000000, 1.000000000000000000 ) ) ;
#735 = LINE ( 'NONE', #736, #737 ) ;
#736 = CARTESIAN_POINT ( 'NONE',  ( 2.290000000000000000, 2.847363708691910200E-017, 4.103483563985010500 ) ) ;
#737 = VECTOR ( 'NONE', #738, 1000.000000000000000 ) ;
#738 = DIRECTION ( 'NONE',  ( 0.0000000000000000000, -6.938893903907229900E-018, -1.000000000000000000 ) ) ;
#739 = CARTESIAN_POINT ( 'NONE',  ( -0.5999999999999999800, 3.950000000000000200, -1.899999999999999900 ) ) ;
#740 = LINE ( 'NONE', #741, #742 ) ;
#741 = CARTESIAN_POINT ( 'NONE',  ( -0.2500000000000170400, 2.847363708691910200E-017, 4.103483563985010500 ) ) ;
#742 = VECTOR ( 'NONE', #743, 1000.000000000000000 ) ;
#743 = DIRECTION ( 'NONE',  ( 0.0000000000000000000, -6.938893903907229900E-018, -1.000000000000000000 ) ) ;
#744 = LINE ( 'NONE', #746, #747 ) ;
#745 = EDGE_CURVE ( 'NONE', #1580, #2451, #853, .T. ) ;
#746 = CARTESIAN_POINT ( 'NONE',  ( 3.140000000000000100, 2.000000000000000000, -3.299999999999999800 ) ) ;
#747 = VECTOR ( 'NONE', #748, 1000.000000000000000 ) ;
#748 = DIRECTION ( 'NONE',  ( 0.0000000000000000000, 0.0000000000000000000, -1.000000000000000000 ) ) ;
#749 = LINE ( 'NONE', #750, #751 ) ;
#750 = CARTESIAN_POINT ( 'NONE',  ( 3.140000000000000100, 0.0000000000000000000, -3.664472472066595100 ) ) ;
#751 = VECTOR ( 'NONE', #752, 1000.000000000000000 ) ;
#752 = DIRECTION ( 'NONE',  ( -1.000000000000000000, 0.0000000000000000000, 0.0000000000000000000 ) ) ;
#753 = CARTESIAN_POINT ( 'NONE',  ( 0.2500000000000170400, 2.542738569745875100E-017, -3.664472472066595100 ) ) ;
#754 = CARTESIAN_POINT ( 'NONE',  ( 0.5999999999999999800, 4.400000000000000400, 1.899999999999999900 ) ) ;
#755 = LINE ( 'NONE', #756, #757 ) ;
#756 = CARTESIAN_POINT ( 'NONE',  ( 2.040000000000000000, 6.479311422413369200, 0.9499999999999999600 ) ) ;
#757 = VECTOR ( 'NONE', #758, 1000.000000000000000 ) ;
#758 = DIRECTION ( 'NONE',  ( 0.0000000000000000000, -1.000000000000000000, 0.0000000000000000000 ) ) ;
#759 = LINE ( 'NONE', #760, #761 ) ;
#760 = CARTESIAN_POINT ( 'NONE',  ( -0.5999999999999999800, 4.400000000000000400, 1.899999999999999900 ) ) ;
#761 = VECTOR ( 'NONE', #762, 1000.000000000000000 ) ;
#762 = DIRECTION ( 'NONE',  ( 0.0000000000000000000, -1.000000000000000000, 0.0000000000000000000 ) ) ;
#763 = LINE ( 'NONE', #764, #765 ) ;
#764 = CARTESIAN_POINT ( 'NONE',  ( 3.140000000000000100, 0.0000000000000000000, -3.914815558566074700 ) ) ;
#765 = VECTOR ( 'NONE', #766, 1000.000000000000000 ) ;
#766 = DIRECTION ( 'NONE',  ( 1.000000000000000000, 0.0000000000000000000, 0.0000000000000000000 ) ) ;
#767 = CARTESIAN_POINT ( 'NONE',  ( -0.5999999999999999800, 2.716448981425530000E-017, -3.914815558566074700 ) ) ;
#768 = FACE_OUTER_BOUND ( 'NONE', #1115, .T. ) ;
#769 = PLANE ( 'NONE',  #770 ) ;
#770 = AXIS2_PLACEMENT_3D ( 'NONE', #771, #772, #773 ) ;
#771 = CARTESIAN_POINT ( 'NONE',  ( 3.140000000000000100, 1.750000000000000000, 3.572758858321280200 ) ) ;
#772 = DIRECTION ( 'NONE',  ( 0.0000000000000000000, 0.05233595624294031000, 0.9986295347545741700 ) ) ;
#773 = DIRECTION ( 'NONE',  ( 0.0000000000000000000, -0.9986295347545741700, 0.05233595624294031000 ) ) ;
#774 = FACE_OUTER_BOUND ( 'NONE', #2229, .T. ) ;
#775 = PLANE ( 'NONE',  #776 ) ;
#776 = AXIS2_PLACEMENT_3D ( 'NONE', #777, #781, #782 ) ;
#777 = CARTESIAN_POINT ( 'NONE',  ( 0.5999999999999999800, 1.750000000000000000, 3.299999999999999800 ) ) ;
#778 = ADVANCED_FACE ( 'NONE', ( #863 ), #864, .T. ) ;
#779 = ORIENTED_EDGE ( 'NONE', *, *, #98, .T. ) ;
#780 = ORIENTED_EDGE ( 'NONE', *, *, #268, .T. ) ;
#781 = DIRECTION ( 'NONE',  ( -1.000000000000000000, 0.0000000000000000000, 0.0000000000000000000 ) ) ;
#782 = DIRECTION ( 'NONE',  ( 0.0000000000000000000, 0.0000000000000000000, 1.000000000000000000 ) ) ;
#783 = LINE ( 'NONE', #784, #785 ) ;
#784 = CARTESIAN_POINT ( 'NONE',  ( 2.040000000000000000, 5.100000000000000500, -3.331780381102265400E-016 ) ) ;
#785 = VECTOR ( 'NONE', #786, 1000.000000000000000 ) ;
#786 = DIRECTION ( 'NONE',  ( -1.000000000000000000, 0.0000000000000000000, 0.0000000000000000000 ) ) ;
#787 = FACE_OUTER_BOUND ( 'NONE', #2422, .T. ) ;
#788 = COLOUR_RGB ( '',0.8313725490196077800, 0.6509803921568627600, 0.1686274509803921700 ) ;
#789 = FILL_AREA_STYLE_COLOUR ( '', #788 ) ;
#790 = FILL_AREA_STYLE ('',( #789 ) ) ;
#791 = SURFACE_STYLE_FILL_AREA ( #790 ) ;
#792 = SURFACE_SIDE_STYLE ('',( #791 ) ) ;
#793 = SURFACE_STYLE_USAGE ( .BOTH. , #792 ) ;
#794 = PRESENTATION_STYLE_ASSIGNMENT (( #793 ) ) ;
#795 = STYLED_ITEM ( 'NONE', ( #794 ), #2258 ) ;
#796 = PRESENTATION_LAYER_ASSIGNMENT (  '', '', ( #795 ) ) ;
#797 = MECHANICAL_DESIGN_GEOMETRIC_PRESENTATION_REPRESENTATION (  '', ( #795 ), #802 ) ;
#798 =( LENGTH_UNIT ( ) NAMED_UNIT ( * ) SI_UNIT ( .MILLI., .METRE. ) );
#799 =( NAMED_UNIT ( * ) PLANE_ANGLE_UNIT ( ) SI_UNIT ( $, .RADIAN. ) );
#800 =( NAMED_UNIT ( * ) SI_UNIT ( $, .STERADIAN. ) SOLID_ANGLE_UNIT ( ) );
#801 = UNCERTAINTY_MEASURE_WITH_UNIT (LENGTH_MEASURE( 1.000000000000000100E-005 ), #798, 'distance_accuracy_value', 'NONE');
#802 =( GEOMETRIC_REPRESENTATION_CONTEXT ( 3 ) GLOBAL_UNCERTAINTY_ASSIGNED_CONTEXT ( ( #801 ) ) GLOBAL_UNIT_ASSIGNED_CONTEXT ( ( #798, #799, #800 ) ) REPRESENTATION_CONTEXT ( 'NONE', 'WORKASPACE' ) );
#803 = PLANE ( 'NONE',  #804 ) ;
#804 = AXIS2_PLACEMENT_3D ( 'NONE', #805, #806, #807 ) ;
#805 = CARTESIAN_POINT ( 'NONE',  ( 2.040000000000000000, 6.479311422413369200, -3.331780381102265400E-016 ) ) ;
#806 = DIRECTION ( 'NONE',  ( 1.000000000000000000, 0.0000000000000000000, 0.0000000000000000000 ) ) ;
#807 = DIRECTION ( 'NONE',  ( 0.0000000000000000000, 0.0000000000000000000, -1.000000000000000000 ) ) ;
#808 = LINE ( 'NONE', #809, #810 ) ;
#809 = CARTESIAN_POINT ( 'NONE',  ( -0.5000000000000000000, 3.950000000000000200, -3.331780381102265400E-016 ) ) ;
#810 = VECTOR ( 'NONE', #811, 1000.000000000000000 ) ;
#811 = DIRECTION ( 'NONE',  ( 0.0000000000000000000, 0.0000000000000000000, 1.000000000000000000 ) ) ;
#812 = FACE_OUTER_BOUND ( 'NONE', #20, .T. ) ;
#813 = VERTEX_POINT ( 'NONE', #899 ) ;
#814 = ADVANCED_FACE ( 'NONE', ( #901 ), #917, .F. ) ;
#815 = COLOUR_RGB ( '',0.0000000000000000000, 0.0000000000000000000, 0.0000000000000000000 ) ;
#816 = FILL_AREA_STYLE_COLOUR ( '', #815 ) ;
#817 = FILL_AREA_STYLE ('',( #816 ) ) ;
#818 = SURFACE_STYLE_FILL_AREA ( #817 ) ;
#819 = SURFACE_SIDE_STYLE ('',( #818 ) ) ;
#820 = SURFACE_STYLE_USAGE ( .BOTH. , #819 ) ;
#821 = PRESENTATION_STYLE_ASSIGNMENT (( #820 ) ) ;
#822 = STYLED_ITEM ( 'NONE', ( #821 ), #163 ) ;
#823 = PRESENTATION_LAYER_ASSIGNMENT (  '', '', ( #822 ) ) ;
#824 = MECHANICAL_DESIGN_GEOMETRIC_PRESENTATION_REPRESENTATION (  '', ( #822 ), #829 ) ;
#825 =( LENGTH_UNIT ( ) NAMED_UNIT ( * ) SI_UNIT ( .MILLI., .METRE. ) );
#826 =( NAMED_UNIT ( * ) PLANE_ANGLE_UNIT ( ) SI_UNIT ( $, .RADIAN. ) );
#827 =( NAMED_UNIT ( * ) SI_UNIT ( $, .STERADIAN. ) SOLID_ANGLE_UNIT ( ) );
#828 = UNCERTAINTY_MEASURE_WITH_UNIT (LENGTH_MEASURE( 1.000000000000000100E-005 ), #825, 'distance_accuracy_value', 'NONE');
#829 =( GEOMETRIC_REPRESENTATION_CONTEXT ( 3 ) GLOBAL_UNCERTAINTY_ASSIGNED_CONTEXT ( ( #828 ) ) GLOBAL_UNIT_ASSIGNED_CONTEXT ( ( #825, #826, #827 ) ) REPRESENTATION_CONTEXT ( 'NONE', 'WORKASPACE' ) );
#830 = PLANE ( 'NONE',  #832 ) ;
#831 = EDGE_CURVE ( 'NONE', #2268, #247, #932, .T. ) ;
#832 = AXIS2_PLACEMENT_3D ( 'NONE', #833, #834, #835 ) ;
#833 = CARTESIAN_POINT ( 'NONE',  ( -0.5999999999999999800, 4.400000000000000400, -1.899999999999999900 ) ) ;
#834 = DIRECTION ( 'NONE',  ( 0.0000000000000000000, 0.0000000000000000000, -1.000000000000000000 ) ) ;
#835 = DIRECTION ( 'NONE',  ( -1.000000000000000000, 0.0000000000000000000, 0.0000000000000000000 ) ) ;
#836 = LINE ( 'NONE', #837, #838 ) ;
#837 = CARTESIAN_POINT ( 'NONE',  ( 0.5999999999999999800, 1.750000000000000000, 3.572758858321280200 ) ) ;
#838 = VECTOR ( 'NONE', #839, 1000.000000000000000 ) ;
#839 = DIRECTION ( 'NONE',  ( -1.000000000000000000, 0.0000000000000000000, 0.0000000000000000000 ) ) ;
#840 = CARTESIAN_POINT ( 'NONE',  ( 0.2500000000000170400, 2.716448981425530000E-017, -3.914815558566074700 ) ) ;
#841 = LINE ( 'NONE', #842, #843 ) ;
#842 = CARTESIAN_POINT ( 'NONE',  ( 0.5999999999999999800, 2.000000000000000000, -3.299999999999999800 ) ) ;
#843 = VECTOR ( 'NONE', #844, 1000.000000000000000 ) ;
#844 = DIRECTION ( 'NONE',  ( 0.0000000000000000000, 1.000000000000000000, -1.734723475976805100E-015 ) ) ;
#845 = LINE ( 'NONE', #846, #847 ) ;
#846 = CARTESIAN_POINT ( 'NONE',  ( -0.5999999999999999800, 0.0000000000000000000, -3.299999999999999800 ) ) ;
#847 = VECTOR ( 'NONE', #851, 1000.000000000000000 ) ;
#848 = EDGE_CURVE ( 'NONE', #2416, #166, #937, .T. ) ;
#849 = ORIENTED_EDGE ( 'NONE', *, *, #116, .T. ) ;
#850 = ORIENTED_EDGE ( 'NONE', *, *, #116, .F. ) ;
#851 = DIRECTION ( 'NONE',  ( 0.0000000000000000000, 6.938893903907229900E-018, -1.000000000000000000 ) ) ;
#852 = CARTESIAN_POINT ( 'NONE',  ( 2.790000000000000000, -3.600000000000000100, 3.853140477485530000 ) ) ;
#853 = LINE ( 'NONE', #854, #855 ) ;
#854 = CARTESIAN_POINT ( 'NONE',  ( 1.940000000000000200, 1.750000000000000000, 3.299999999999999800 ) ) ;
#855 = VECTOR ( 'NONE', #856, 1000.000000000000000 ) ;
#856 = DIRECTION ( 'NONE',  ( 0.0000000000000000000, 0.0000000000000000000, -1.000000000000000000 ) ) ;
#857 = FACE_OUTER_BOUND ( 'NONE', #105, .T. ) ;
#858 = PLANE ( 'NONE',  #859 ) ;
#859 = AXIS2_PLACEMENT_3D ( 'NONE', #860, #861, #862 ) ;
#860 = CARTESIAN_POINT ( 'NONE',  ( 3.140000000000000100, 2.847363708691910200E-017, -4.103483563985010500 ) ) ;
#861 = DIRECTION ( 'NONE',  ( 0.0000000000000000000, 1.000000000000000000, 6.938893903907229900E-018 ) ) ;
#862 = DIRECTION ( 'NONE',  ( 0.0000000000000000000, -6.938893903907229900E-018, 1.000000000000000000 ) ) ;
#863 = FACE_OUTER_BOUND ( 'NONE', #1081, .T. ) ;
#864 = PLANE ( 'NONE',  #865 ) ;
#865 = AXIS2_PLACEMENT_3D ( 'NONE', #866, #870, #871 ) ;
#866 = CARTESIAN_POINT ( 'NONE',  ( 3.140000000000000100, 1.750000000000000000, -3.299999999999999800 ) ) ;
#867 = VERTEX_POINT ( 'NONE', #947 ) ;
#868 = VERTEX_POINT ( 'NONE', #948 ) ;
#869 = ADVANCED_FACE ( 'NONE', ( #949 ), #967, .F. ) ;
#870 = DIRECTION ( 'NONE',  ( 0.0000000000000000000, -1.000000000000000000, 0.0000000000000000000 ) ) ;
#871 = DIRECTION ( 'NONE',  ( 0.0000000000000000000, 0.0000000000000000000, -1.000000000000000000 ) ) ;
#872 = CARTESIAN_POINT ( 'NONE',  ( 2.040000000000000000, 3.950000000000000200, -3.331780381102265400E-016 ) ) ;
#873 = LINE ( 'NONE', #874, #875 ) ;
#874 = CARTESIAN_POINT ( 'NONE',  ( 3.140000000000000100, 0.0000000000000000000, 3.664472472066595100 ) ) ;
#875 = VECTOR ( 'NONE', #876, 1000.000000000000000 ) ;
#876 = DIRECTION ( 'NONE',  ( 1.000000000000000000, 0.0000000000000000000, 0.0000000000000000000 ) ) ;
#877 = LINE ( 'NONE', #878, #879 ) ;
#878 = CARTESIAN_POINT ( 'NONE',  ( -0.5000000000000000000, 3.950000000000000200, 0.9499999999999999600 ) ) ;
#879 = VECTOR ( 'NONE', #880, 1000.000000000000000 ) ;
#880 = DIRECTION ( 'NONE',  ( 1.000000000000000000, 0.0000000000000000000, 0.0000000000000000000 ) ) ;
#881 = CARTESIAN_POINT ( 'NONE',  ( 0.5999999999999999800, 1.750000000000000000, -3.299999999999999800 ) ) ;
#882 = FACE_OUTER_BOUND ( 'NONE', #147, .T. ) ;
#883 = PLANE ( 'NONE',  #884 ) ;
#884 = AXIS2_PLACEMENT_3D ( 'NONE', #885, #887, #888 ) ;
#885 = CARTESIAN_POINT ( 'NONE',  ( 0.5999999999999999800, 2.000000000000000000, -3.299999999999999800 ) ) ;
#886 = ORIENTED_EDGE ( 'NONE', *, *, #245, .T. ) ;
#887 = DIRECTION ( 'NONE',  ( 0.0000000000000000000, 1.000000000000000000, 0.0000000000000000000 ) ) ;
#888 = DIRECTION ( 'NONE',  ( 0.0000000000000000000, 0.0000000000000000000, 1.000000000000000000 ) ) ;
#889 = LINE ( 'NONE', #890, #891 ) ;
#890 = CARTESIAN_POINT ( 'NONE',  ( 0.5000000000000000000, 6.479311422413369200, -3.331780381102265400E-016 ) ) ;
#891 = VECTOR ( 'NONE', #892, 1000.000000000000000 ) ;
#892 = DIRECTION ( 'NONE',  ( 0.0000000000000000000, -1.000000000000000000, 0.0000000000000000000 ) ) ;
#893 = FACE_OUTER_BOUND ( 'NONE', #431, .T. ) ;
#894 = PLANE ( 'NONE',  #895 ) ;
#895 = AXIS2_PLACEMENT_3D ( 'NONE', #896, #897, #898 ) ;
#896 = CARTESIAN_POINT ( 'NONE',  ( -0.2500000000000170400, 2.847363708691910200E-017, 4.103483563985010500 ) ) ;
#897 = DIRECTION ( 'NONE',  ( -1.000000000000000000, -4.178144957383170500E-015, 2.899170457442679700E-032 ) ) ;
#898 = DIRECTION ( 'NONE',  ( 4.178144957383170500E-015, -1.000000000000000000, 0.0000000000000000000 ) ) ;
#899 = CARTESIAN_POINT ( 'NONE',  ( 1.940000000000000200, 2.000000000000000000, -3.299999999999999800 ) ) ;
#900 = CARTESIAN_POINT ( 'NONE',  ( 1.940000000000000200, 2.000000000000000000, 3.299999999999999800 ) ) ;
#901 = FACE_OUTER_BOUND ( 'NONE', #2368, .T. ) ;
#902 = COLOUR_RGB ( '',0.0000000000000000000, 0.0000000000000000000, 0.0000000000000000000 ) ;
#903 = FILL_AREA_STYLE_COLOUR ( '', #902 ) ;
#904 = FILL_AREA_STYLE ('',( #903 ) ) ;
#905 = SURFACE_STYLE_FILL_AREA ( #904 ) ;
#906 = SURFACE_SIDE_STYLE ('',( #905 ) ) ;
#907 = SURFACE_STYLE_USAGE ( .BOTH. , #906 ) ;
#908 = PRESENTATION_STYLE_ASSIGNMENT (( #907 ) ) ;
#909 = STYLED_ITEM ( 'NONE', ( #908 ), #814 ) ;
#910 = PRESENTATION_LAYER_ASSIGNMENT (  '', '', ( #909 ) ) ;
#911 = MECHANICAL_DESIGN_GEOMETRIC_PRESENTATION_REPRESENTATION (  '', ( #909 ), #916 ) ;
#912 =( LENGTH_UNIT ( ) NAMED_UNIT ( * ) SI_UNIT ( .MILLI., .METRE. ) );
#913 =( NAMED_UNIT ( * ) PLANE_ANGLE_UNIT ( ) SI_UNIT ( $, .RADIAN. ) );
#914 =( NAMED_UNIT ( * ) SI_UNIT ( $, .STERADIAN. ) SOLID_ANGLE_UNIT ( ) );
#915 = UNCERTAINTY_MEASURE_WITH_UNIT (LENGTH_MEASURE( 1.000000000000000100E-005 ), #912, 'distance_accuracy_value', 'NONE');
#916 =( GEOMETRIC_REPRESENTATION_CONTEXT ( 3 ) GLOBAL_UNCERTAINTY_ASSIGNED_CONTEXT ( ( #915 ) ) GLOBAL_UNIT_ASSIGNED_CONTEXT ( ( #912, #913, #914 ) ) REPRESENTATION_CONTEXT ( 'NONE', 'WORKASPACE' ) );
#917 = PLANE ( 'NONE',  #918 ) ;
#918 = AXIS2_PLACEMENT_3D ( 'NONE', #924, #925, #926 ) ;
#919 = EDGE_CURVE ( 'NONE', #590, #2461, #982, .T. ) ;
#920 = ORIENTED_EDGE ( 'NONE', *, *, #256, .T. ) ;
#921 = ORIENTED_EDGE ( 'NONE', *, *, #2501, .T. ) ;
#922 = EDGE_LOOP ( 'NONE', ( #1458, #2338, #502, #179 ) ) ;
#923 = ORIENTED_EDGE ( 'NONE', *, *, #2302, .T. ) ;
#924 = CARTESIAN_POINT ( 'NONE',  ( -0.5999999999999999800, 4.400000000000000400, 1.899999999999999900 ) ) ;
#925 = DIRECTION ( 'NONE',  ( 0.0000000000000000000, 0.0000000000000000000, 1.000000000000000000 ) ) ;
#926 = DIRECTION ( 'NONE',  ( 1.000000000000000000, 0.0000000000000000000, 0.0000000000000000000 ) ) ;
#927 = LINE ( 'NONE', #928, #929 ) ;
#928 = CARTESIAN_POINT ( 'NONE',  ( -0.5999999999999999800, 0.0000000000000000000, 3.299999999999999800 ) ) ;
#929 = VECTOR ( 'NONE', #930, 1000.000000000000000 ) ;
#930 = DIRECTION ( 'NONE',  ( 0.0000000000000000000, 6.938893903907229900E-018, 1.000000000000000000 ) ) ;
#931 = CARTESIAN_POINT ( 'NONE',  ( 2.790000000000000000, 2.716448981425530000E-017, -3.914815558566074700 ) ) ;
#932 = LINE ( 'NONE', #933, #934 ) ;
#933 = CARTESIAN_POINT ( 'NONE',  ( 3.140000000000000100, 0.0000000000000000000, 3.664472472066595100 ) ) ;
#934 = VECTOR ( 'NONE', #935, 1000.000000000000000 ) ;
#935 = DIRECTION ( 'NONE',  ( 1.000000000000000000, 0.0000000000000000000, 0.0000000000000000000 ) ) ;
#936 = CARTESIAN_POINT ( 'NONE',  ( 3.040000000000000000, 3.950000000000000200, 0.9499999999999999600 ) ) ;
#937 = LINE ( 'NONE', #938, #939 ) ;
#938 = CARTESIAN_POINT ( 'NONE',  ( 0.2500000000000254800, 2.000000000000000000, -3.810000000000000100 ) ) ;
#939 = VECTOR ( 'NONE', #941, 999.9999999999998900 ) ;
#940 = EDGE_LOOP ( 'NONE', ( #139, #272, #38, #2320 ) ) ;
#941 = DIRECTION ( 'NONE',  ( 4.172418954928725900E-015, 0.9986295347545741700, 0.05233595624294021300 ) ) ;
#942 = CARTESIAN_POINT ( 'NONE',  ( 3.140000000000000100, 2.542738569745875100E-017, -3.664472472066595100 ) ) ;
#943 = LINE ( 'NONE', #944, #945 ) ;
#944 = CARTESIAN_POINT ( 'NONE',  ( -0.5999999999999999800, 4.400000000000000400, -1.899999999999999900 ) ) ;
#945 = VECTOR ( 'NONE', #946, 1000.000000000000000 ) ;
#946 = DIRECTION ( 'NONE',  ( 1.000000000000000000, 0.0000000000000000000, 0.0000000000000000000 ) ) ;
#947 = CARTESIAN_POINT ( 'NONE',  ( -0.5000000000000000000, 5.100000000000000500, 0.9499999999999999600 ) ) ;
#948 = CARTESIAN_POINT ( 'NONE',  ( -0.2500000000000170400, 2.542738569745875100E-017, 3.664472472066595100 ) ) ;
#949 = FACE_OUTER_BOUND ( 'NONE', #1852, .T. ) ;
#950 = COLOUR_RGB ( '',0.0000000000000000000, 0.0000000000000000000, 0.0000000000000000000 ) ;
#951 = FILL_AREA_STYLE_COLOUR ( '', #950 ) ;
#952 = FILL_AREA_STYLE ('',( #951 ) ) ;
#953 = SURFACE_STYLE_FILL_AREA ( #952 ) ;
#954 = SURFACE_SIDE_STYLE ('',( #953 ) ) ;
#955 = SURFACE_STYLE_USAGE ( .BOTH. , #954 ) ;
#956 = PRESENTATION_STYLE_ASSIGNMENT (( #955 ) ) ;
#957 = ADVANCED_FACE ( 'NONE', ( #1003 ), #1004, .T. ) ;
#958 = EDGE_LOOP ( 'NONE', ( #159, #2396, #267, #1358 ) ) ;
#959 = STYLED_ITEM ( 'NONE', ( #956 ), #869 ) ;
#960 = PRESENTATION_LAYER_ASSIGNMENT (  '', '', ( #959 ) ) ;
#961 = MECHANICAL_DESIGN_GEOMETRIC_PRESENTATION_REPRESENTATION (  '', ( #959 ), #966 ) ;
#962 =( LENGTH_UNIT ( ) NAMED_UNIT ( * ) SI_UNIT ( .MILLI., .METRE. ) );
#963 =( NAMED_UNIT ( * ) PLANE_ANGLE_UNIT ( ) SI_UNIT ( $, .RADIAN. ) );
#964 =( NAMED_UNIT ( * ) SI_UNIT ( $, .STERADIAN. ) SOLID_ANGLE_UNIT ( ) );
#965 = UNCERTAINTY_MEASURE_WITH_UNIT (LENGTH_MEASURE( 1.000000000000000100E-005 ), #962, 'distance_accuracy_value', 'NONE');
#966 =( GEOMETRIC_REPRESENTATION_CONTEXT ( 3 ) GLOBAL_UNCERTAINTY_ASSIGNED_CONTEXT ( ( #965 ) ) GLOBAL_UNIT_ASSIGNED_CONTEXT ( ( #962, #963, #964 ) ) REPRESENTATION_CONTEXT ( 'NONE', 'WORKASPACE' ) );
#967 = PLANE ( 'NONE',  #968 ) ;
#968 = AXIS2_PLACEMENT_3D ( 'NONE', #969, #970, #971 ) ;
#969 = CARTESIAN_POINT ( 'NONE',  ( 4.819999999999999400, 4.400000000000000400, -3.299999999999999800 ) ) ;
#970 = DIRECTION ( 'NONE',  ( -1.000000000000000000, 0.0000000000000000000, 1.314184451497581800E-016 ) ) ;
#971 = DIRECTION ( 'NONE',  ( 1.314184451497581800E-016, 0.0000000000000000000, 1.000000000000000000 ) ) ;
#972 = CARTESIAN_POINT ( 'NONE',  ( 1.940000000000000200, 2.542738569745875100E-017, 3.664472472066595100 ) ) ;
#973 = LINE ( 'NONE', #974, #975 ) ;
#974 = CARTESIAN_POINT ( 'NONE',  ( 0.5999999999999999800, -3.600000000000000100, 3.853140477485530000 ) ) ;
#975 = VECTOR ( 'NONE', #976, 1000.000000000000000 ) ;
#976 = DIRECTION ( 'NONE',  ( -1.000000000000000000, 0.0000000000000000000, 0.0000000000000000000 ) ) ;
#977 = CARTESIAN_POINT ( 'NONE',  ( -0.5999999999999999800, 2.000000000000000000, -3.299999999999999800 ) ) ;
#978 = LINE ( 'NONE', #979, #980 ) ;
#979 = CARTESIAN_POINT ( 'NONE',  ( 2.790000000000000000, 2.000000000000000000, 3.810000000000000100 ) ) ;
#980 = VECTOR ( 'NONE', #981, 999.9999999999998900 ) ;
#981 = DIRECTION ( 'NONE',  ( -4.172418954928725900E-015, -0.9986295347545741700, 0.05233595624294021300 ) ) ;
#982 = LINE ( 'NONE', #983, #984 ) ;
#983 = CARTESIAN_POINT ( 'NONE',  ( -0.5999999999999999800, 4.400000000000000400, -1.899999999999999900 ) ) ;
#984 = VECTOR ( 'NONE', #985, 1000.000000000000000 ) ;
#985 = DIRECTION ( 'NONE',  ( 0.0000000000000000000, 1.000000000000000000, 0.0000000000000000000 ) ) ;
#986 = LINE ( 'NONE', #987, #988 ) ;
#987 = CARTESIAN_POINT ( 'NONE',  ( 2.790000000000000000, -3.600000000000000100, -4.103483563985010500 ) ) ;
#988 = VECTOR ( 'NONE', #989, 1000.000000000000000 ) ;
#989 = DIRECTION ( 'NONE',  ( -2.899170457442679700E-032, 0.0000000000000000000, -1.000000000000000000 ) ) ;
#990 = FACE_OUTER_BOUND ( 'NONE', #940, .T. ) ;
#991 = ORIENTED_EDGE ( 'NONE', *, *, #280, .F. ) ;
#992 = VERTEX_POINT ( 'NONE', #1055 ) ;
#993 = PLANE ( 'NONE',  #994 ) ;
#994 = AXIS2_PLACEMENT_3D ( 'NONE', #995, #996, #997 ) ;
#995 = CARTESIAN_POINT ( 'NONE',  ( -0.5999999999999999800, 2.847363708691910200E-017, 4.103483563985010500 ) ) ;
#996 = DIRECTION ( 'NONE',  ( 0.0000000000000000000, -1.000000000000000000, 6.938893903907229900E-018 ) ) ;
#997 = DIRECTION ( 'NONE',  ( 0.0000000000000000000, -6.938893903907229900E-018, -1.000000000000000000 ) ) ;
#998 = CARTESIAN_POINT ( 'NONE',  ( 2.290000000000000000, -3.600000000000000100, -3.853140477485530000 ) ) ;
#999 = LINE ( 'NONE', #1000, #1001 ) ;
#1000 = CARTESIAN_POINT ( 'NONE',  ( -0.5000000000000000000, 5.100000000000000500, -3.331780381102265400E-016 ) ) ;
#1001 = VECTOR ( 'NONE', #1002, 1000.000000000000000 ) ;
#1002 = DIRECTION ( 'NONE',  ( 0.0000000000000000000, 0.0000000000000000000, 1.000000000000000000 ) ) ;
#1003 = FACE_OUTER_BOUND ( 'NONE', #111, .T. ) ;
#1004 = PLANE ( 'NONE',  #1005 ) ;
#1005 = AXIS2_PLACEMENT_3D ( 'NONE', #1006, #1007, #1008 ) ;
#1006 = CARTESIAN_POINT ( 'NONE',  ( 0.5999999999999999800, 2.847363708691910200E-017, 4.103483563985010500 ) ) ;
#1007 = DIRECTION ( 'NONE',  ( 0.0000000000000000000, -1.000000000000000000, 6.938893903907229900E-018 ) ) ;
#1008 = DIRECTION ( 'NONE',  ( 0.0000000000000000000, -6.938893903907229900E-018, -1.000000000000000000 ) ) ;
#1009 = LINE ( 'NONE', #1010, #1011 ) ;
#1010 = CARTESIAN_POINT ( 'NONE',  ( 3.140000000000000100, 1.750000000000000000, 3.572758858321280200 ) ) ;
#1011 = VECTOR ( 'NONE', #1012, 999.9999999999998900 ) ;
#1012 = DIRECTION ( 'NONE',  ( 0.0000000000000000000, 0.9986295347545741700, -0.05233595624294031000 ) ) ;
#1013 = LINE ( 'NONE', #1014, #1015 ) ;
#1014 = CARTESIAN_POINT ( 'NONE',  ( -2.279999999999999800, 4.400000000000000400, 3.299999999999999800 ) ) ;
#1015 = VECTOR ( 'NONE', #1016, 1000.000000000000000 ) ;
#1016 = DIRECTION ( 'NONE',  ( 1.000000000000000000, 0.0000000000000000000, 0.0000000000000000000 ) ) ;
#1017 = FACE_BOUND ( 'NONE', #62, .T. ) ;
#1018 = FACE_OUTER_BOUND ( 'NONE', #1997, .T. ) ;
#1019 = FACE_BOUND ( 'NONE', #213, .T. ) ;
#1020 = COLOUR_RGB ( '',0.0000000000000000000, 0.0000000000000000000, 0.0000000000000000000 ) ;
#1021 = FILL_AREA_STYLE_COLOUR ( '', #1020 ) ;
#1022 = FILL_AREA_STYLE ('',( #1021 ) ) ;
#1023 = SURFACE_STYLE_FILL_AREA ( #1022 ) ;
#1024 = SURFACE_SIDE_STYLE ('',( #1023 ) ) ;
#1025 = ORIENTED_EDGE ( 'NONE', *, *, #133, .F. ) ;
#1026 = ADVANCED_FACE ( 'NONE', ( #1071 ), #1091, .F. ) ;
#1027 = SURFACE_STYLE_USAGE ( .BOTH. , #1024 ) ;
#1028 = PRESENTATION_STYLE_ASSIGNMENT (( #1027 ) ) ;
#1029 = STYLED_ITEM ( 'NONE', ( #1028 ), #189 ) ;
#1030 = PRESENTATION_LAYER_ASSIGNMENT (  '', '', ( #1029 ) ) ;
#1031 = MECHANICAL_DESIGN_GEOMETRIC_PRESENTATION_REPRESENTATION (  '', ( #1029 ), #1036 ) ;
#1032 =( LENGTH_UNIT ( ) NAMED_UNIT ( * ) SI_UNIT ( .MILLI., .METRE. ) );
#1033 =( NAMED_UNIT ( * ) PLANE_ANGLE_UNIT ( ) SI_UNIT ( $, .RADIAN. ) );
#1034 =( NAMED_UNIT ( * ) SI_UNIT ( $, .STERADIAN. ) SOLID_ANGLE_UNIT ( ) );
#1035 = UNCERTAINTY_MEASURE_WITH_UNIT (LENGTH_MEASURE( 1.000000000000000100E-005 ), #1032, 'distance_accuracy_value', 'NONE');
#1036 =( GEOMETRIC_REPRESENTATION_CONTEXT ( 3 ) GLOBAL_UNCERTAINTY_ASSIGNED_CONTEXT ( ( #1035 ) ) GLOBAL_UNIT_ASSIGNED_CONTEXT ( ( #1032, #1033, #1034 ) ) REPRESENTATION_CONTEXT ( 'NONE', 'WORKASPACE' ) );
#1037 = PLANE ( 'NONE',  #1038 ) ;
#1038 = AXIS2_PLACEMENT_3D ( 'NONE', #1039, #1040, #1041 ) ;
#1039 = CARTESIAN_POINT ( 'NONE',  ( -2.279999999999999800, 4.400000000000000400, -3.299999999999999800 ) ) ;
#1040 = DIRECTION ( 'NONE',  ( 0.0000000000000000000, 1.000000000000000000, 0.0000000000000000000 ) ) ;
#1041 = DIRECTION ( 'NONE',  ( 0.0000000000000000000, 0.0000000000000000000, 1.000000000000000000 ) ) ;
#1042 = LINE ( 'NONE', #1044, #1045 ) ;
#1043 = EDGE_CURVE ( 'NONE', #2497, #184, #1101, .T. ) ;
#1044 = CARTESIAN_POINT ( 'NONE',  ( 2.790000000000000000, 2.847363708691910200E-017, 4.103483563985010500 ) ) ;
#1045 = VECTOR ( 'NONE', #1046, 1000.000000000000000 ) ;
#1046 = DIRECTION ( 'NONE',  ( 0.0000000000000000000, -6.938893903907229900E-018, -1.000000000000000000 ) ) ;
#1047 = LINE ( 'NONE', #1048, #1049 ) ;
#1048 = CARTESIAN_POINT ( 'NONE',  ( 3.140000000000000100, 0.0000000000000000000, -3.914815558566074700 ) ) ;
#1049 = VECTOR ( 'NONE', #1050, 1000.000000000000000 ) ;
#1050 = DIRECTION ( 'NONE',  ( 1.000000000000000000, 0.0000000000000000000, 0.0000000000000000000 ) ) ;
#1051 = LINE ( 'NONE', #1052, #1053 ) ;
#1052 = CARTESIAN_POINT ( 'NONE',  ( -0.5000000000000000000, 6.479311422413369200, -3.331780381102265400E-016 ) ) ;
#1053 = VECTOR ( 'NONE', #1054, 1000.000000000000000 ) ;
#1054 = DIRECTION ( 'NONE',  ( 0.0000000000000000000, -1.000000000000000000, 0.0000000000000000000 ) ) ;
#1055 = CARTESIAN_POINT ( 'NONE',  ( 3.140000000000000100, -2.147073645314200200E-016, -3.914815558566074700 ) ) ;
#1056 = LINE ( 'NONE', #1057, #1058 ) ;
#1057 = CARTESIAN_POINT ( 'NONE',  ( 1.940000000000000200, 3.950000000000000200, -1.899999999999999900 ) ) ;
#1058 = VECTOR ( 'NONE', #1059, 1000.000000000000000 ) ;
#1059 = DIRECTION ( 'NONE',  ( 1.000000000000000000, 0.0000000000000000000, 0.0000000000000000000 ) ) ;
#1060 = ORIENTED_EDGE ( 'NONE', *, *, #50, .T. ) ;
#1061 = ORIENTED_EDGE ( 'NONE', *, *, #167, .T. ) ;
#1062 = ORIENTED_EDGE ( 'NONE', *, *, #288, .T. ) ;
#1063 = LINE ( 'NONE', #1064, #1065 ) ;
#1064 = CARTESIAN_POINT ( 'NONE',  ( 0.5999999999999999800, 0.0000000000000000000, 3.664472472066595100 ) ) ;
#1065 = VECTOR ( 'NONE', #1066, 1000.000000000000000 ) ;
#1066 = DIRECTION ( 'NONE',  ( 1.000000000000000000, 0.0000000000000000000, 0.0000000000000000000 ) ) ;
#1067 = LINE ( 'NONE', #1068, #1069 ) ;
#1068 = CARTESIAN_POINT ( 'NONE',  ( -2.279999999999999800, 4.400000000000000400, -3.299999999999999800 ) ) ;
#1069 = VECTOR ( 'NONE', #1070, 1000.000000000000000 ) ;
#1070 = DIRECTION ( 'NONE',  ( -1.314184451497581800E-016, 0.0000000000000000000, 1.000000000000000000 ) ) ;
#1071 = FACE_OUTER_BOUND ( 'NONE', #104, .T. ) ;
#1072 = COLOUR_RGB ( '',0.8313725490196077800, 0.6509803921568627600, 0.1686274509803921700 ) ;
#1073 = FILL_AREA_STYLE_COLOUR ( '', #1072 ) ;
#1074 = FILL_AREA_STYLE ('',( #1073 ) ) ;
#1075 = SURFACE_STYLE_FILL_AREA ( #1074 ) ;
#1076 = SURFACE_SIDE_STYLE ('',( #1075 ) ) ;
#1077 = SURFACE_STYLE_USAGE ( .BOTH. , #1076 ) ;
#1078 = PRESENTATION_STYLE_ASSIGNMENT (( #1077 ) ) ;
#1079 = VERTEX_POINT ( 'NONE', #1121 ) ;
#1080 = EDGE_CURVE ( 'NONE', #131, #1973, #1122, .T. ) ;
#1081 = EDGE_LOOP ( 'NONE', ( #84, #2271, #85, #2453 ) ) ;
#1082 = ORIENTED_EDGE ( 'NONE', *, *, #2493, .F. ) ;
#1083 = STYLED_ITEM ( 'NONE', ( #1078 ), #1026 ) ;
#1084 = PRESENTATION_LAYER_ASSIGNMENT (  '', '', ( #1083 ) ) ;
#1085 = MECHANICAL_DESIGN_GEOMETRIC_PRESENTATION_REPRESENTATION (  '', ( #1083 ), #1090 ) ;
#1086 =( LENGTH_UNIT ( ) NAMED_UNIT ( * ) SI_UNIT ( .MILLI., .METRE. ) );
#1087 =( NAMED_UNIT ( * ) PLANE_ANGLE_UNIT ( ) SI_UNIT ( $, .RADIAN. ) );
#1088 =( NAMED_UNIT ( * ) SI_UNIT ( $, .STERADIAN. ) SOLID_ANGLE_UNIT ( ) );
#1089 = UNCERTAINTY_MEASURE_WITH_UNIT (LENGTH_MEASURE( 1.000000000000000100E-005 ), #1086, 'distance_accuracy_value', 'NONE');
#1090 =( GEOMETRIC_REPRESENTATION_CONTEXT ( 3 ) GLOBAL_UNCERTAINTY_ASSIGNED_CONTEXT ( ( #1089 ) ) GLOBAL_UNIT_ASSIGNED_CONTEXT ( ( #1086, #1087, #1088 ) ) REPRESENTATION_CONTEXT ( 'NONE', 'WORKASPACE' ) );
#1091 = PLANE ( 'NONE',  #1092 ) ;
#1092 = AXIS2_PLACEMENT_3D ( 'NONE', #1093, #1094, #1095 ) ;
#1093 = CARTESIAN_POINT ( 'NONE',  ( -0.5000000000000000000, 6.479311422413369200, -3.331780381102265400E-016 ) ) ;
#1094 = DIRECTION ( 'NONE',  ( 0.0000000000000000000, 0.0000000000000000000, 1.000000000000000000 ) ) ;
#1095 = DIRECTION ( 'NONE',  ( 1.000000000000000000, 0.0000000000000000000, 0.0000000000000000000 ) ) ;
#1096 = LINE ( 'NONE', #1097, #1098 ) ;
#1097 = CARTESIAN_POINT ( 'NONE',  ( 3.140000000000000100, 2.000000000000000000, 3.299999999999999800 ) ) ;
#1098 = VECTOR ( 'NONE', #1099, 1000.000000000000000 ) ;
#1099 = DIRECTION ( 'NONE',  ( 0.0000000000000000000, 0.0000000000000000000, 1.000000000000000000 ) ) ;
#1100 = CARTESIAN_POINT ( 'NONE',  ( 3.140000000000000100, 2.000000000000000000, 3.299999999999999800 ) ) ;
#1101 = LINE ( 'NONE', #1102, #1103 ) ;
#1102 = CARTESIAN_POINT ( 'NONE',  ( -0.5999999999999999800, 2.000000000000000000, -3.299999999999999800 ) ) ;
#1103 = VECTOR ( 'NONE', #1104, 1000.000000000000000 ) ;
#1104 = DIRECTION ( 'NONE',  ( 0.0000000000000000000, 1.000000000000000000, -1.734723475976805100E-015 ) ) ;
#1105 = LINE ( 'NONE', #1106, #1107 ) ;
#1106 = CARTESIAN_POINT ( 'NONE',  ( 3.140000000000000100, 2.000000000000000000, -3.810000000000000100 ) ) ;
#1107 = VECTOR ( 'NONE', #1108, 1000.000000000000000 ) ;
#1108 = DIRECTION ( 'NONE',  ( -1.000000000000000000, 0.0000000000000000000, 0.0000000000000000000 ) ) ;
#1109 = LINE ( 'NONE', #1110, #1111 ) ;
#1110 = CARTESIAN_POINT ( 'NONE',  ( 2.790000000000000000, 2.000000000000000000, -3.810000000000000100 ) ) ;
#1111 = VECTOR ( 'NONE', #1112, 999.9999999999998900 ) ;
#1112 = DIRECTION ( 'NONE',  ( 4.172418954928725900E-015, 0.9986295347545741700, 0.05233595624294021300 ) ) ;
#1113 = FACE_OUTER_BOUND ( 'NONE', #2296, .T. ) ;
#1114 = PLANE ( 'NONE',  #1117 ) ;
#1115 = EDGE_LOOP ( 'NONE', ( #2309, #154, #780, #2267, #2284, #217, #310, #2482 ) ) ;
#1116 = ORIENTED_EDGE ( 'NONE', *, *, #115, .T. ) ;
#1117 = AXIS2_PLACEMENT_3D ( 'NONE', #1118, #1119, #1120 ) ;
#1118 = CARTESIAN_POINT ( 'NONE',  ( 0.5999999999999999800, 2.000000000000000000, 3.299999999999999800 ) ) ;
#1119 = DIRECTION ( 'NONE',  ( 0.0000000000000000000, -1.000000000000000000, 0.0000000000000000000 ) ) ;
#1120 = DIRECTION ( 'NONE',  ( 0.0000000000000000000, 0.0000000000000000000, -1.000000000000000000 ) ) ;
#1121 = CARTESIAN_POINT ( 'NONE',  ( 0.2500000000000170400, -2.032581895899730100E-016, 3.914815558566074700 ) ) ;
#1122 = LINE ( 'NONE', #1123, #1124 ) ;
#1123 = CARTESIAN_POINT ( 'NONE',  ( 0.2500000000000245400, 1.750000000000000000, 3.572758858321280200 ) ) ;
#1124 = VECTOR ( 'NONE', #1125, 999.9999999999998900 ) ;
#1125 = DIRECTION ( 'NONE',  ( 4.172418954928725900E-015, 0.9986295347545741700, -0.05233595624294031000 ) ) ;
#1126 = CARTESIAN_POINT ( 'NONE',  ( -0.5000000000000000000, 5.100000000000000500, -3.331780381102265400E-016 ) ) ;
#1127 = FACE_OUTER_BOUND ( 'NONE', #2351, .T. ) ;
#1128 = PLANE ( 'NONE',  #1129 ) ;
#1129 = AXIS2_PLACEMENT_3D ( 'NONE', #1130, #1131, #1132 ) ;
#1130 = CARTESIAN_POINT ( 'NONE',  ( 0.5999999999999999800, 1.750000000000000000, -3.572758858321280200 ) ) ;
#1131 = DIRECTION ( 'NONE',  ( 0.0000000000000000000, -0.05233595624294031000, 0.9986295347545741700 ) ) ;
#1132 = DIRECTION ( 'NONE',  ( 0.0000000000000000000, -0.9986295347545741700, -0.05233595624294031000 ) ) ;
#1133 = EDGE_CURVE ( 'NONE', #1339, #134, #1144, .T. ) ;
#1134 = ADVANCED_FACE ( 'NONE', ( #1152 ), #1153, .F. ) ;
#1135 = LINE ( 'NONE', #1136, #1137 ) ;
#1136 = CARTESIAN_POINT ( 'NONE',  ( -2.279999999999999800, 4.400000000000000400, 3.299999999999999800 ) ) ;
#1137 = VECTOR ( 'NONE', #1138, 1000.000000000000000 ) ;
#1138 = DIRECTION ( 'NONE',  ( 0.0000000000000000000, -1.000000000000000000, 0.0000000000000000000 ) ) ;
#1139 = LINE ( 'NONE', #1140, #1141 ) ;
#1140 = CARTESIAN_POINT ( 'NONE',  ( 2.289999999999974700, 2.000000000000000000, 3.810000000000000100 ) ) ;
#1141 = VECTOR ( 'NONE', #1142, 999.9999999999998900 ) ;
#1142 = DIRECTION ( 'NONE',  ( -4.172418954928725900E-015, 0.9986295347545741700, -0.05233595624294021300 ) ) ;
#1143 = CARTESIAN_POINT ( 'NONE',  ( 2.290000000000000000, -3.600000000000000100, 4.103483563985010500 ) ) ;
#1144 = LINE ( 'NONE', #1145, #1146 ) ;
#1145 = CARTESIAN_POINT ( 'NONE',  ( 0.5999999999999999800, 0.0000000000000000000, 3.914815558566074700 ) ) ;
#1146 = VECTOR ( 'NONE', #1147, 1000.000000000000000 ) ;
#1147 = DIRECTION ( 'NONE',  ( -1.000000000000000000, 0.0000000000000000000, 0.0000000000000000000 ) ) ;
#1148 = LINE ( 'NONE', #1149, #1150 ) ;
#1149 = CARTESIAN_POINT ( 'NONE',  ( 0.5999999999999999800, 0.0000000000000000000, -3.664472472066595100 ) ) ;
#1150 = VECTOR ( 'NONE', #1151, 1000.000000000000000 ) ;
#1151 = DIRECTION ( 'NONE',  ( -1.000000000000000000, 0.0000000000000000000, 0.0000000000000000000 ) ) ;
#1152 = FACE_OUTER_BOUND ( 'NONE', #2278, .T. ) ;
#1153 = PLANE ( 'NONE',  #1154 ) ;
#1154 = AXIS2_PLACEMENT_3D ( 'NONE', #1155, #1156, #1157 ) ;
#1155 = CARTESIAN_POINT ( 'NONE',  ( 0.5999999999999999800, 2.847363708691910200E-017, -4.103483563985010500 ) ) ;
#1156 = DIRECTION ( 'NONE',  ( 0.0000000000000000000, 1.000000000000000000, 6.938893903907229900E-018 ) ) ;
#1157 = DIRECTION ( 'NONE',  ( 0.0000000000000000000, -6.938893903907229900E-018, 1.000000000000000000 ) ) ;
#1158 = LINE ( 'NONE', #1159, #1160 ) ;
#1159 = CARTESIAN_POINT ( 'NONE',  ( -0.5000000000000000000, 3.950000000000000200, -3.331780381102265400E-016 ) ) ;
#1160 = VECTOR ( 'NONE', #1161, 1000.000000000000000 ) ;
#1161 = DIRECTION ( 'NONE',  ( -1.000000000000000000, 0.0000000000000000000, 0.0000000000000000000 ) ) ;
#1162 = LINE ( 'NONE', #1163, #1164 ) ;
#1163 = CARTESIAN_POINT ( 'NONE',  ( 3.040000000000000000, 6.479311422413369200, 0.9499999999999999600 ) ) ;
#1164 = VECTOR ( 'NONE', #1165, 1000.000000000000000 ) ;
#1165 = DIRECTION ( 'NONE',  ( 0.0000000000000000000, -1.000000000000000000, 0.0000000000000000000 ) ) ;
#1166 = LINE ( 'NONE', #1167, #1168 ) ;
#1167 = CARTESIAN_POINT ( 'NONE',  ( 3.140000000000000100, 4.400000000000000400, 1.899999999999999900 ) ) ;
#1168 = VECTOR ( 'NONE', #1169, 1000.000000000000000 ) ;
#1169 = DIRECTION ( 'NONE',  ( 0.0000000000000000000, -1.000000000000000000, 0.0000000000000000000 ) ) ;
#1170 = FACE_OUTER_BOUND ( 'NONE', #2479, .T. ) ;
#1171 = COLOUR_RGB ( '',0.8313725490196077800, 0.6509803921568627600, 0.1686274509803921700 ) ;
#1172 = FILL_AREA_STYLE_COLOUR ( '', #1171 ) ;
#1173 = FILL_AREA_STYLE ('',( #1172 ) ) ;
#1174 = SURFACE_STYLE_FILL_AREA ( #1173 ) ;
#1175 = SURFACE_SIDE_STYLE ('',( #1174 ) ) ;
#1176 = SURFACE_STYLE_USAGE ( .BOTH. , #1175 ) ;
#1177 = PRESENTATION_STYLE_ASSIGNMENT (( #1176 ) ) ;
#1178 = STYLED_ITEM ( 'NONE', ( #1177 ), #204 ) ;
#1179 = PRESENTATION_LAYER_ASSIGNMENT (  '', '', ( #1178 ) ) ;
#1180 = MECHANICAL_DESIGN_GEOMETRIC_PRESENTATION_REPRESENTATION (  '', ( #1178 ), #1187 ) ;
#1181 =( LENGTH_UNIT ( ) NAMED_UNIT ( * ) SI_UNIT ( .MILLI., .METRE. ) );
#1182 =( NAMED_UNIT ( * ) PLANE_ANGLE_UNIT ( ) SI_UNIT ( $, .RADIAN. ) );
#1183 = ORIENTED_EDGE ( 'NONE', *, *, #2421, .F. ) ;
#1184 = ORIENTED_EDGE ( 'NONE', *, *, #49, .F. ) ;
#1185 =( NAMED_UNIT ( * ) SI_UNIT ( $, .STERADIAN. ) SOLID_ANGLE_UNIT ( ) );
#1186 = UNCERTAINTY_MEASURE_WITH_UNIT (LENGTH_MEASURE( 1.000000000000000100E-005 ), #1181, 'distance_accuracy_value', 'NONE');
#1187 =( GEOMETRIC_REPRESENTATION_CONTEXT ( 3 ) GLOBAL_UNCERTAINTY_ASSIGNED_CONTEXT ( ( #1186 ) ) GLOBAL_UNIT_ASSIGNED_CONTEXT ( ( #1181, #1182, #1185 ) ) REPRESENTATION_CONTEXT ( 'NONE', 'WORKASPACE' ) );
#1188 = PLANE ( 'NONE',  #1189 ) ;
#1189 = AXIS2_PLACEMENT_3D ( 'NONE', #1190, #1191, #1192 ) ;
#1190 = CARTESIAN_POINT ( 'NONE',  ( 0.5000000000000000000, 6.479311422413369200, -3.331780381102265400E-016 ) ) ;
#1191 = DIRECTION ( 'NONE',  ( -1.000000000000000000, 0.0000000000000000000, 0.0000000000000000000 ) ) ;
#1192 = DIRECTION ( 'NONE',  ( 0.0000000000000000000, 0.0000000000000000000, 1.000000000000000000 ) ) ;
#1193 = CARTESIAN_POINT ( 'NONE',  ( 0.2500000000000000000, -3.600000000000000100, -4.103483563985010500 ) ) ;
#1194 = LINE ( 'NONE', #1195, #1196 ) ;
#1195 = CARTESIAN_POINT ( 'NONE',  ( 3.140000000000000100, 1.750000000000000000, -3.299999999999999800 ) ) ;
#1196 = VECTOR ( 'NONE', #1197, 1000.000000000000000 ) ;
#1197 = DIRECTION ( 'NONE',  ( 0.0000000000000000000, 0.0000000000000000000, 1.000000000000000000 ) ) ;
#1198 = CARTESIAN_POINT ( 'NONE',  ( 3.140000000000000100, 4.400000000000000400, 1.899999999999999900 ) ) ;
#1199 = CARTESIAN_POINT ( 'NONE',  ( 1.940000000000000200, 2.716448981425530000E-017, -3.914815558566074700 ) ) ;
#1200 = LINE ( 'NONE', #1201, #1202 ) ;
#1201 = CARTESIAN_POINT ( 'NONE',  ( 0.5999999999999999800, 1.750000000000000000, 3.299999999999999800 ) ) ;
#1202 = VECTOR ( 'NONE', #1203, 1000.000000000000000 ) ;
#1203 = DIRECTION ( 'NONE',  ( -1.000000000000000000, 0.0000000000000000000, 0.0000000000000000000 ) ) ;
#1204 = LINE ( 'NONE', #1205, #1206 ) ;
#1205 = CARTESIAN_POINT ( 'NONE',  ( 1.940000000000000200, 2.000000000000000000, -3.810000000000000100 ) ) ;
#1206 = VECTOR ( 'NONE', #1207, 999.9999999999998900 ) ;
#1207 = DIRECTION ( 'NONE',  ( 0.0000000000000000000, -0.9986295347545741700, -0.05233595624294021300 ) ) ;
#1208 = LINE ( 'NONE', #1209, #1210 ) ;
#1209 = CARTESIAN_POINT ( 'NONE',  ( 0.5999999999999999800, 1.750000000000000000, -3.572758858321280200 ) ) ;
#1210 = VECTOR ( 'NONE', #1211, 999.9999999999998900 ) ;
#1211 = DIRECTION ( 'NONE',  ( 0.0000000000000000000, 0.9986295347545741700, 0.05233595624294031000 ) ) ;
#1212 = FACE_OUTER_BOUND ( 'NONE', #2427, .T. ) ;
#1213 = PLANE ( 'NONE',  #1214 ) ;
#1214 = AXIS2_PLACEMENT_3D ( 'NONE', #1215, #1216, #1218 ) ;
#1215 = CARTESIAN_POINT ( 'NONE',  ( 3.140000000000000100, -3.600000000000000100, -4.103483563985010500 ) ) ;
#1216 = DIRECTION ( 'NONE',  ( 0.0000000000000000000, -1.000000000000000000, 0.0000000000000000000 ) ) ;
#1217 = ORIENTED_EDGE ( 'NONE', *, *, #2458, .F. ) ;
#1218 = DIRECTION ( 'NONE',  ( 0.0000000000000000000, 0.0000000000000000000, -1.000000000000000000 ) ) ;
#1219 = CARTESIAN_POINT ( 'NONE',  ( 0.5999999999999999800, 1.750000000000000000, 3.299999999999999800 ) ) ;
#1220 = LINE ( 'NONE', #1221, #1222 ) ;
#1221 = CARTESIAN_POINT ( 'NONE',  ( 2.790000000000000000, 1.750000000000000000, 3.572758858321280200 ) ) ;
#1222 = VECTOR ( 'NONE', #1223, 999.9999999999998900 ) ;
#1223 = DIRECTION ( 'NONE',  ( 4.172418954928725900E-015, 0.9986295347545741700, -0.05233595624294031000 ) ) ;
#1224 = FACE_OUTER_BOUND ( 'NONE', #206, .T. ) ;
#1225 = COLOUR_RGB ( '',0.8313725490196077800, 0.6509803921568627600, 0.1686274509803921700 ) ;
#1226 = FILL_AREA_STYLE_COLOUR ( '', #1225 ) ;
#1227 = FILL_AREA_STYLE ('',( #1226 ) ) ;
#1228 = SURFACE_STYLE_FILL_AREA ( #1227 ) ;
#1229 = SURFACE_SIDE_STYLE ('',( #1228 ) ) ;
#1230 = SURFACE_STYLE_USAGE ( .BOTH. , #1229 ) ;
#1231 = PRESENTATION_STYLE_ASSIGNMENT (( #1230 ) ) ;
#1232 = STYLED_ITEM ( 'NONE', ( #1231 ), #209 ) ;
#1233 = PRESENTATION_LAYER_ASSIGNMENT (  '', '', ( #1232 ) ) ;
#1234 = ADVANCED_FACE ( 'NONE', ( #1212 ), #1213, .T. ) ;
#1235 = ORIENTED_EDGE ( 'NONE', *, *, #2356, .F. ) ;
#1236 = MECHANICAL_DESIGN_GEOMETRIC_PRESENTATION_REPRESENTATION (  '', ( #1232 ), #1241 ) ;
#1237 =( LENGTH_UNIT ( ) NAMED_UNIT ( * ) SI_UNIT ( .MILLI., .METRE. ) );
#1238 =( NAMED_UNIT ( * ) PLANE_ANGLE_UNIT ( ) SI_UNIT ( $, .RADIAN. ) );
#1239 =( NAMED_UNIT ( * ) SI_UNIT ( $, .STERADIAN. ) SOLID_ANGLE_UNIT ( ) );
#1240 = UNCERTAINTY_MEASURE_WITH_UNIT (LENGTH_MEASURE( 1.000000000000000100E-005 ), #1237, 'distance_accuracy_value', 'NONE');
#1241 =( GEOMETRIC_REPRESENTATION_CONTEXT ( 3 ) GLOBAL_UNCERTAINTY_ASSIGNED_CONTEXT ( ( #1240 ) ) GLOBAL_UNIT_ASSIGNED_CONTEXT ( ( #1237, #1238, #1239 ) ) REPRESENTATION_CONTEXT ( 'NONE', 'WORKASPACE' ) );
#1242 = PLANE ( 'NONE',  #1243 ) ;
#1243 = AXIS2_PLACEMENT_3D ( 'NONE', #1244, #1245, #1246 ) ;
#1244 = CARTESIAN_POINT ( 'NONE',  ( -2.279999999999999800, 5.100000000000000500, -3.299999999999999800 ) ) ;
#1245 = DIRECTION ( 'NONE',  ( 0.0000000000000000000, 1.000000000000000000, 0.0000000000000000000 ) ) ;
#1246 = DIRECTION ( 'NONE',  ( 0.0000000000000000000, 0.0000000000000000000, 1.000000000000000000 ) ) ;
#1247 = LINE ( 'NONE', #1248, #1249 ) ;
#1248 = CARTESIAN_POINT ( 'NONE',  ( 3.140000000000000100, 2.000000000000000000, -3.299999999999999800 ) ) ;
#1249 = VECTOR ( 'NONE', #1250, 1000.000000000000000 ) ;
#1250 = DIRECTION ( 'NONE',  ( -1.000000000000000000, 0.0000000000000000000, 0.0000000000000000000 ) ) ;
#1251 = LINE ( 'NONE', #1253, #1254 ) ;
#1252 = ORIENTED_EDGE ( 'NONE', *, *, #1492, .T. ) ;
#1253 = CARTESIAN_POINT ( 'NONE',  ( -0.5999999999999999800, 1.750000000000000000, -3.572758858321280200 ) ) ;
#1254 = VECTOR ( 'NONE', #1255, 999.9999999999998900 ) ;
#1255 = DIRECTION ( 'NONE',  ( 0.0000000000000000000, 0.9986295347545741700, 0.05233595624294031000 ) ) ;
#1256 = FACE_OUTER_BOUND ( 'NONE', #2249, .T. ) ;
#1257 = COLOUR_RGB ( '',0.8313725490196077800, 0.6509803921568627600, 0.1686274509803921700 ) ;
#1258 = FILL_AREA_STYLE_COLOUR ( '', #1257 ) ;
#1259 = FILL_AREA_STYLE ('',( #1258 ) ) ;
#1260 = SURFACE_STYLE_FILL_AREA ( #1259 ) ;
#1261 = SURFACE_SIDE_STYLE ('',( #1260 ) ) ;
#1262 = SURFACE_STYLE_USAGE ( .BOTH. , #1261 ) ;
#1263 = PRESENTATION_STYLE_ASSIGNMENT (( #1262 ) ) ;
#1264 = STYLED_ITEM ( 'NONE', ( #1263 ), #1302 ) ;
#1265 = PRESENTATION_LAYER_ASSIGNMENT (  '', '', ( #1264 ) ) ;
#1266 = MECHANICAL_DESIGN_GEOMETRIC_PRESENTATION_REPRESENTATION (  '', ( #1264 ), #1271 ) ;
#1267 =( LENGTH_UNIT ( ) NAMED_UNIT ( * ) SI_UNIT ( .MILLI., .METRE. ) );
#1268 =( NAMED_UNIT ( * ) PLANE_ANGLE_UNIT ( ) SI_UNIT ( $, .RADIAN. ) );
#1269 =( NAMED_UNIT ( * ) SI_UNIT ( $, .STERADIAN. ) SOLID_ANGLE_UNIT ( ) );
#1270 = UNCERTAINTY_MEASURE_WITH_UNIT (LENGTH_MEASURE( 1.000000000000000100E-005 ), #1267, 'distance_accuracy_value', 'NONE');
#1271 =( GEOMETRIC_REPRESENTATION_CONTEXT ( 3 ) GLOBAL_UNCERTAINTY_ASSIGNED_CONTEXT ( ( #1270 ) ) GLOBAL_UNIT_ASSIGNED_CONTEXT ( ( #1267, #1268, #1269 ) ) REPRESENTATION_CONTEXT ( 'NONE', 'WORKASPACE' ) );
#1272 = PLANE ( 'NONE',  #1273 ) ;
#1273 = AXIS2_PLACEMENT_3D ( 'NONE', #1274, #1275, #1276 ) ;
#1274 = CARTESIAN_POINT ( 'NONE',  ( -0.5000000000000000000, 6.479311422413369200, 0.9499999999999999600 ) ) ;
#1275 = DIRECTION ( 'NONE',  ( 0.0000000000000000000, 0.0000000000000000000, -1.000000000000000000 ) ) ;
#1276 = DIRECTION ( 'NONE',  ( -1.000000000000000000, 0.0000000000000000000, 0.0000000000000000000 ) ) ;
#1277 = LINE ( 'NONE', #1278, #1279 ) ;
#1278 = CARTESIAN_POINT ( 'NONE',  ( 3.140000000000000100, 0.0000000000000000000, 3.914815558566074700 ) ) ;
#1279 = VECTOR ( 'NONE', #1280, 1000.000000000000000 ) ;
#1280 = DIRECTION ( 'NONE',  ( -1.000000000000000000, 0.0000000000000000000, 0.0000000000000000000 ) ) ;
#1281 = CARTESIAN_POINT ( 'NONE',  ( 2.290000000000000000, 1.358224490712764100E-017, -3.914815558566074700 ) ) ;
#1282 = FACE_OUTER_BOUND ( 'NONE', #2261, .T. ) ;
#1283 = PLANE ( 'NONE',  #1284 ) ;
#1284 = AXIS2_PLACEMENT_3D ( 'NONE', #1285, #1286, #1287 ) ;
#1285 = CARTESIAN_POINT ( 'NONE',  ( 0.5999999999999999800, 2.000000000000000000, -3.810000000000000100 ) ) ;
#1286 = DIRECTION ( 'NONE',  ( 0.0000000000000000000, 0.05233595624294021300, -0.9986295347545741700 ) ) ;
#1287 = DIRECTION ( 'NONE',  ( 0.0000000000000000000, 0.9986295347545741700, 0.05233595624294021300 ) ) ;
#1288 = LINE ( 'NONE', #1289, #1290 ) ;
#1289 = CARTESIAN_POINT ( 'NONE',  ( -0.2500000000000254800, 2.000000000000000000, -3.810000000000000100 ) ) ;
#1290 = VECTOR ( 'NONE', #1291, 999.9999999999998900 ) ;
#1291 = DIRECTION ( 'NONE',  ( 4.172418954928725900E-015, -0.9986295347545741700, -0.05233595624294021300 ) ) ;
#1292 = CARTESIAN_POINT ( 'NONE',  ( -2.279999999999999800, 1.000000000000000000, -3.299999999999999800 ) ) ;
#1293 = LINE ( 'NONE', #1294, #1295 ) ;
#1294 = CARTESIAN_POINT ( 'NONE',  ( 0.5999999999999999800, 1.750000000000000000, 3.572758858321280200 ) ) ;
#1295 = VECTOR ( 'NONE', #1296, 999.9999999999998900 ) ;
#1296 = DIRECTION ( 'NONE',  ( 0.0000000000000000000, 0.9986295347545741700, -0.05233595624294031000 ) ) ;
#1297 = LINE ( 'NONE', #1298, #1299 ) ;
#1298 = CARTESIAN_POINT ( 'NONE',  ( 0.5999999999999999800, 2.000000000000000000, 3.810000000000000100 ) ) ;
#1299 = VECTOR ( 'NONE', #1300, 1000.000000000000000 ) ;
#1300 = DIRECTION ( 'NONE',  ( -1.000000000000000000, 0.0000000000000000000, 0.0000000000000000000 ) ) ;
#1301 = EDGE_CURVE ( 'NONE', #74, #813, #1247, .T. ) ;
#1302 = ADVANCED_FACE ( 'NONE', ( #1256 ), #1272, .F. ) ;
#1303 = VERTEX_POINT ( 'NONE', #1292 ) ;
#1304 = LINE ( 'NONE', #1305, #1306 ) ;
#1305 = CARTESIAN_POINT ( 'NONE',  ( 0.2500000000000170400, 2.847363708691910200E-017, -4.103483563985010500 ) ) ;
#1306 = VECTOR ( 'NONE', #1307, 1000.000000000000000 ) ;
#1307 = DIRECTION ( 'NONE',  ( 0.0000000000000000000, -6.938893903907229900E-018, 1.000000000000000000 ) ) ;
#1308 = CARTESIAN_POINT ( 'NONE',  ( -0.2500000000000170400, 1.358224490712764100E-017, 3.914815558566074700 ) ) ;
#1309 = CARTESIAN_POINT ( 'NONE',  ( 0.2500000000000000000, -3.600000000000000100, 4.103483563985010500 ) ) ;
#1310 = LINE ( 'NONE', #1311, #1312 ) ;
#1311 = CARTESIAN_POINT ( 'NONE',  ( 0.5999999999999999800, 3.950000000000000200, -1.899999999999999900 ) ) ;
#1312 = VECTOR ( 'NONE', #1313, 1000.000000000000000 ) ;
#1313 = DIRECTION ( 'NONE',  ( 0.0000000000000000000, 0.0000000000000000000, -1.000000000000000000 ) ) ;
#1314 = LINE ( 'NONE', #1315, #1316 ) ;
#1315 = CARTESIAN_POINT ( 'NONE',  ( 4.819999999999999400, 1.000000000000000000, -3.299999999999999800 ) ) ;
#1316 = VECTOR ( 'NONE', #1317, 1000.000000000000000 ) ;
#1317 = DIRECTION ( 'NONE',  ( -1.314184451497581800E-016, 0.0000000000000000000, -1.000000000000000000 ) ) ;
#1318 = CARTESIAN_POINT ( 'NONE',  ( 0.5999999999999999800, 2.542738569745875100E-017, -3.664472472066595100 ) ) ;
#1319 = FACE_OUTER_BOUND ( 'NONE', #59, .T. ) ;
#1320 = EDGE_CURVE ( 'NONE', #29, #18, #1297, .T. ) ;
#1321 = ORIENTED_EDGE ( 'NONE', *, *, #2370, .T. ) ;
#1322 = COLOUR_RGB ( '',0.0000000000000000000, 0.0000000000000000000, 0.0000000000000000000 ) ;
#1323 = FILL_AREA_STYLE_COLOUR ( '', #1322 ) ;
#1324 = FILL_AREA_STYLE ('',( #1323 ) ) ;
#1325 = SURFACE_STYLE_FILL_AREA ( #1324 ) ;
#1326 = SURFACE_SIDE_STYLE ('',( #1325 ) ) ;
#1327 = SURFACE_STYLE_USAGE ( .BOTH. , #1326 ) ;
#1328 = PRESENTATION_STYLE_ASSIGNMENT (( #1327 ) ) ;
#1329 = STYLED_ITEM ( 'NONE', ( #1328 ), #1375 ) ;
#1330 = PRESENTATION_LAYER_ASSIGNMENT (  '', '', ( #1329 ) ) ;
#1331 = MECHANICAL_DESIGN_GEOMETRIC_PRESENTATION_REPRESENTATION (  '', ( #1329 ), #1336 ) ;
#1332 =( LENGTH_UNIT ( ) NAMED_UNIT ( * ) SI_UNIT ( .MILLI., .METRE. ) );
#1333 =( NAMED_UNIT ( * ) PLANE_ANGLE_UNIT ( ) SI_UNIT ( $, .RADIAN. ) );
#1334 =( NAMED_UNIT ( * ) SI_UNIT ( $, .STERADIAN. ) SOLID_ANGLE_UNIT ( ) );
#1335 = UNCERTAINTY_MEASURE_WITH_UNIT (LENGTH_MEASURE( 1.000000000000000100E-005 ), #1332, 'distance_accuracy_value', 'NONE');
#1336 =( GEOMETRIC_REPRESENTATION_CONTEXT ( 3 ) GLOBAL_UNCERTAINTY_ASSIGNED_CONTEXT ( ( #1335 ) ) GLOBAL_UNIT_ASSIGNED_CONTEXT ( ( #1332, #1333, #1334 ) ) REPRESENTATION_CONTEXT ( 'NONE', 'WORKASPACE' ) );
#1337 = PLANE ( 'NONE',  #1342 ) ;
#1338 = EDGE_CURVE ( 'NONE', #166, #2256, #1304, .T. ) ;
#1339 = VERTEX_POINT ( 'NONE', #1308 ) ;
#1340 = ORIENTED_EDGE ( 'NONE', *, *, #2502, .T. ) ;
#1341 = ORIENTED_EDGE ( 'NONE', *, *, #2259, .T. ) ;
#1342 = AXIS2_PLACEMENT_3D ( 'NONE', #1343, #1344, #1345 ) ;
#1343 = CARTESIAN_POINT ( 'NONE',  ( 0.5999999999999999800, 3.950000000000000200, -1.899999999999999900 ) ) ;
#1344 = DIRECTION ( 'NONE',  ( -1.000000000000000000, 0.0000000000000000000, 0.0000000000000000000 ) ) ;
#1345 = DIRECTION ( 'NONE',  ( 0.0000000000000000000, 0.0000000000000000000, 1.000000000000000000 ) ) ;
#1346 = LINE ( 'NONE', #1347, #1348 ) ;
#1347 = CARTESIAN_POINT ( 'NONE',  ( 0.5999999999999999800, 1.750000000000000000, -3.572758858321280200 ) ) ;
#1348 = VECTOR ( 'NONE', #1349, 1000.000000000000000 ) ;
#1349 = DIRECTION ( 'NONE',  ( -1.000000000000000000, 0.0000000000000000000, 0.0000000000000000000 ) ) ;
#1350 = LINE ( 'NONE', #1351, #1352 ) ;
#1351 = CARTESIAN_POINT ( 'NONE',  ( 3.040000000000000000, 6.479311422413369200, -3.331780381102265400E-016 ) ) ;
#1352 = VECTOR ( 'NONE', #1353, 1000.000000000000000 ) ;
#1353 = DIRECTION ( 'NONE',  ( 0.0000000000000000000, -1.000000000000000000, 0.0000000000000000000 ) ) ;
#1354 = CARTESIAN_POINT ( 'NONE',  ( -0.2500000000000000000, -3.600000000000000100, 4.103483563985010500 ) ) ;
#1355 = CARTESIAN_POINT ( 'NONE',  ( 1.940000000000000200, 1.750000000000000000, 3.299999999999999800 ) ) ;
#1356 = LINE ( 'NONE', #1357, #1359 ) ;
#1357 = CARTESIAN_POINT ( 'NONE',  ( 3.140000000000000100, 1.750000000000000000, 3.572758858321280200 ) ) ;
#1358 = ORIENTED_EDGE ( 'NONE', *, *, #2365, .F. ) ;
#1359 = VECTOR ( 'NONE', #1360, 1000.000000000000000 ) ;
#1360 = DIRECTION ( 'NONE',  ( -1.000000000000000000, 0.0000000000000000000, 0.0000000000000000000 ) ) ;
#1361 = CARTESIAN_POINT ( 'NONE',  ( -0.2500000000000170400, 1.358224490712764100E-017, -3.914815558566074700 ) ) ;
#1362 = FACE_OUTER_BOUND ( 'NONE', #33, .T. ) ;
#1363 = PLANE ( 'NONE',  #1364 ) ;
#1364 = AXIS2_PLACEMENT_3D ( 'NONE', #1365, #1366, #1367 ) ;
#1365 = CARTESIAN_POINT ( 'NONE',  ( -0.5999999999999999800, 1.750000000000000000, 3.299999999999999800 ) ) ;
#1366 = DIRECTION ( 'NONE',  ( -1.000000000000000000, 0.0000000000000000000, 0.0000000000000000000 ) ) ;
#1367 = DIRECTION ( 'NONE',  ( 0.0000000000000000000, 0.0000000000000000000, 1.000000000000000000 ) ) ;
#1368 = FACE_OUTER_BOUND ( 'NONE', #2463, .T. ) ;
#1369 = PLANE ( 'NONE',  #1370 ) ;
#1370 = AXIS2_PLACEMENT_3D ( 'NONE', #1371, #1372, #1373 ) ;
#1371 = CARTESIAN_POINT ( 'NONE',  ( 1.940000000000000200, 1.750000000000000000, 3.299999999999999800 ) ) ;
#1372 = DIRECTION ( 'NONE',  ( -1.000000000000000000, 0.0000000000000000000, 0.0000000000000000000 ) ) ;
#1373 = DIRECTION ( 'NONE',  ( 0.0000000000000000000, 0.0000000000000000000, 1.000000000000000000 ) ) ;
#1374 = CARTESIAN_POINT ( 'NONE',  ( 0.5999999999999999800, 3.950000000000000200, -1.899999999999999900 ) ) ;
#1375 = ADVANCED_FACE ( 'NONE', ( #1319 ), #1337, .T. ) ;
#1376 = LINE ( 'NONE', #1377, #1378 ) ;
#1377 = CARTESIAN_POINT ( 'NONE',  ( 0.5999999999999999800, 4.400000000000000400, 1.899999999999999900 ) ) ;
#1378 = VECTOR ( 'NONE', #1379, 1000.000000000000000 ) ;
#1379 = DIRECTION ( 'NONE',  ( 0.0000000000000000000, 0.0000000000000000000, 1.000000000000000000 ) ) ;
#1380 = LINE ( 'NONE', #1381, #1382 ) ;
#1381 = CARTESIAN_POINT ( 'NONE',  ( 1.940000000000000200, 1.750000000000000000, -3.299999999999999800 ) ) ;
#1382 = VECTOR ( 'NONE', #1383, 1000.000000000000000 ) ;
#1383 = DIRECTION ( 'NONE',  ( 0.0000000000000000000, 0.0000000000000000000, 1.000000000000000000 ) ) ;
#1384 = LINE ( 'NONE', #1385, #1386 ) ;
#1385 = CARTESIAN_POINT ( 'NONE',  ( 3.140000000000000100, -3.600000000000000100, 3.853140477485530000 ) ) ;
#1386 = VECTOR ( 'NONE', #1387, 1000.000000000000000 ) ;
#1387 = DIRECTION ( 'NONE',  ( -1.000000000000000000, 0.0000000000000000000, 0.0000000000000000000 ) ) ;
#1388 = CARTESIAN_POINT ( 'NONE',  ( 1.940000000000000200, 2.000000000000000000, -3.810000000000000100 ) ) ;
#1389 = CARTESIAN_POINT ( 'NONE',  ( -0.5999999999999999800, 4.400000000000000400, -1.899999999999999900 ) ) ;
#1390 = LINE ( 'NONE', #1391, #1392 ) ;
#1391 = CARTESIAN_POINT ( 'NONE',  ( 2.290000000000000000, 2.847363708691910200E-017, -4.103483563985010500 ) ) ;
#1392 = VECTOR ( 'NONE', #1393, 1000.000000000000000 ) ;
#1393 = DIRECTION ( 'NONE',  ( 0.0000000000000000000, -6.938893903907229900E-018, 1.000000000000000000 ) ) ;
#1394 = LINE ( 'NONE', #1395, #1396 ) ;
#1395 = CARTESIAN_POINT ( 'NONE',  ( 0.5999999999999999800, 0.0000000000000000000, -3.664472472066595100 ) ) ;
#1396 = VECTOR ( 'NONE', #1397, 1000.000000000000000 ) ;
#1397 = DIRECTION ( 'NONE',  ( -1.000000000000000000, 0.0000000000000000000, 0.0000000000000000000 ) ) ;
#1398 = LINE ( 'NONE', #1399, #1400 ) ;
#1399 = CARTESIAN_POINT ( 'NONE',  ( 2.040000000000000000, 5.100000000000000500, -3.331780381102265400E-016 ) ) ;
#1400 = VECTOR ( 'NONE', #1401, 1000.000000000000000 ) ;
#1401 = DIRECTION ( 'NONE',  ( 0.0000000000000000000, 0.0000000000000000000, 1.000000000000000000 ) ) ;
#1402 = LINE ( 'NONE', #1403, #1404 ) ;
#1403 = CARTESIAN_POINT ( 'NONE',  ( 1.940000000000000200, 2.000000000000000000, -3.299999999999999800 ) ) ;
#1404 = VECTOR ( 'NONE', #1405, 1000.000000000000000 ) ;
#1405 = DIRECTION ( 'NONE',  ( 0.0000000000000000000, 0.0000000000000000000, -1.000000000000000000 ) ) ;
#1406 = FACE_OUTER_BOUND ( 'NONE', #112, .T. ) ;
#1407 = PLANE ( 'NONE',  #1409 ) ;
#1408 = VERTEX_POINT ( 'NONE', #1354 ) ;
#1409 = AXIS2_PLACEMENT_3D ( 'NONE', #1410, #1411, #1412 ) ;
#1410 = CARTESIAN_POINT ( 'NONE',  ( 3.140000000000000100, 2.000000000000000000, 3.810000000000000100 ) ) ;
#1411 = DIRECTION ( 'NONE',  ( 0.0000000000000000000, -0.05233595624294021300, -0.9986295347545741700 ) ) ;
#1412 = DIRECTION ( 'NONE',  ( 0.0000000000000000000, 0.9986295347545741700, -0.05233595624294021300 ) ) ;
#1413 = LINE ( 'NONE', #1414, #1415 ) ;
#1414 = CARTESIAN_POINT ( 'NONE',  ( 0.5999999999999999800, 4.400000000000000400, -1.899999999999999900 ) ) ;
#1415 = VECTOR ( 'NONE', #1416, 1000.000000000000000 ) ;
#1416 = DIRECTION ( 'NONE',  ( 0.0000000000000000000, 1.000000000000000000, 0.0000000000000000000 ) ) ;
#1417 = LINE ( 'NONE', #1418, #1419 ) ;
#1418 = CARTESIAN_POINT ( 'NONE',  ( 1.940000000000000200, 3.950000000000000200, 1.899999999999999900 ) ) ;
#1419 = VECTOR ( 'NONE', #1420, 1000.000000000000000 ) ;
#1420 = DIRECTION ( 'NONE',  ( 1.000000000000000000, 0.0000000000000000000, 0.0000000000000000000 ) ) ;
#1421 = FACE_OUTER_BOUND ( 'NONE', #922, .T. ) ;
#1422 = COLOUR_RGB ( '',0.8313725490196077800, 0.6509803921568627600, 0.1686274509803921700 ) ;
#1423 = FILL_AREA_STYLE_COLOUR ( '', #1422 ) ;
#1424 = FILL_AREA_STYLE ('',( #1423 ) ) ;
#1425 = VERTEX_POINT ( 'NONE', #1361 ) ;
#1426 = SURFACE_STYLE_FILL_AREA ( #1424 ) ;
#1427 = SURFACE_SIDE_STYLE ('',( #1426 ) ) ;
#1428 = SURFACE_STYLE_USAGE ( .BOTH. , #1427 ) ;
#1429 = PRESENTATION_STYLE_ASSIGNMENT (( #1428 ) ) ;
#1430 = STYLED_ITEM ( 'NONE', ( #1429 ), #1529 ) ;
#1431 = PRESENTATION_LAYER_ASSIGNMENT (  '', '', ( #1430 ) ) ;
#1432 = MECHANICAL_DESIGN_GEOMETRIC_PRESENTATION_REPRESENTATION (  '', ( #1430 ), #1437 ) ;
#1433 =( LENGTH_UNIT ( ) NAMED_UNIT ( * ) SI_UNIT ( .MILLI., .METRE. ) );
#1434 =( NAMED_UNIT ( * ) PLANE_ANGLE_UNIT ( ) SI_UNIT ( $, .RADIAN. ) );
#1435 =( NAMED_UNIT ( * ) SI_UNIT ( $, .STERADIAN. ) SOLID_ANGLE_UNIT ( ) );
#1436 = UNCERTAINTY_MEASURE_WITH_UNIT (LENGTH_MEASURE( 1.000000000000000100E-005 ), #1433, 'distance_accuracy_value', 'NONE');
#1437 =( GEOMETRIC_REPRESENTATION_CONTEXT ( 3 ) GLOBAL_UNCERTAINTY_ASSIGNED_CONTEXT ( ( #1436 ) ) GLOBAL_UNIT_ASSIGNED_CONTEXT ( ( #1433, #1434, #1435 ) ) REPRESENTATION_CONTEXT ( 'NONE', 'WORKASPACE' ) );
#1438 = PLANE ( 'NONE',  #1439 ) ;
#1439 = AXIS2_PLACEMENT_3D ( 'NONE', #1440, #1441, #1442 ) ;
#1440 = CARTESIAN_POINT ( 'NONE',  ( 2.040000000000000000, 6.479311422413369200, 0.9499999999999999600 ) ) ;
#1441 = DIRECTION ( 'NONE',  ( 0.0000000000000000000, 0.0000000000000000000, -1.000000000000000000 ) ) ;
#1442 = DIRECTION ( 'NONE',  ( -1.000000000000000000, 0.0000000000000000000, 0.0000000000000000000 ) ) ;
#1443 = CARTESIAN_POINT ( 'NONE',  ( 3.040000000000000000, 5.100000000000000500, 0.9499999999999999600 ) ) ;
#1444 = LINE ( 'NONE', #1445, #1446 ) ;
#1445 = CARTESIAN_POINT ( 'NONE',  ( 2.289999999999974700, 1.750000000000000000, 3.572758858321280200 ) ) ;
#1446 = VECTOR ( 'NONE', #1447, 999.9999999999998900 ) ;
#1447 = DIRECTION ( 'NONE',  ( 4.172418954928725900E-015, -0.9986295347545741700, 0.05233595624294031000 ) ) ;
#1448 = LINE ( 'NONE', #1449, #1450 ) ;
#1449 = CARTESIAN_POINT ( 'NONE',  ( 1.940000000000000200, 1.750000000000000000, -3.572758858321280200 ) ) ;
#1450 = VECTOR ( 'NONE', #1451, 999.9999999999998900 ) ;
#1451 = DIRECTION ( 'NONE',  ( 0.0000000000000000000, 0.9986295347545741700, 0.05233595624294031000 ) ) ;
#1452 = CARTESIAN_POINT ( 'NONE',  ( 2.290000000000000000, -3.600000000000000100, -4.103483563985010500 ) ) ;
#1453 = LINE ( 'NONE', #1454, #1455 ) ;
#1454 = CARTESIAN_POINT ( 'NONE',  ( 1.940000000000000200, 2.000000000000000000, 3.810000000000000100 ) ) ;
#1455 = VECTOR ( 'NONE', #1456, 999.9999999999998900 ) ;
#1456 = DIRECTION ( 'NONE',  ( 0.0000000000000000000, -0.9986295347545741700, 0.05233595624294021300 ) ) ;
#1457 = LINE ( 'NONE', #1460, #1461 ) ;
#1458 = ORIENTED_EDGE ( 'NONE', *, *, #1751, .F. ) ;
#1459 = EDGE_CURVE ( 'NONE', #36, #97, #1380, .T. ) ;
#1460 = CARTESIAN_POINT ( 'NONE',  ( 3.140000000000000100, 2.000000000000000000, 3.810000000000000100 ) ) ;
#1461 = VECTOR ( 'NONE', #1462, 999.9999999999998900 ) ;
#1462 = DIRECTION ( 'NONE',  ( 0.0000000000000000000, -0.9986295347545741700, 0.05233595624294021300 ) ) ;
#1463 = CARTESIAN_POINT ( 'NONE',  ( 2.290000000000000000, -3.600000000000000100, 3.853140477485530000 ) ) ;
#1464 = LINE ( 'NONE', #1465, #1466 ) ;
#1465 = CARTESIAN_POINT ( 'NONE',  ( 1.940000000000000200, 4.400000000000000400, 1.899999999999999900 ) ) ;
#1466 = VECTOR ( 'NONE', #1467, 1000.000000000000000 ) ;
#1467 = DIRECTION ( 'NONE',  ( 1.000000000000000000, 0.0000000000000000000, 0.0000000000000000000 ) ) ;
#1468 = CARTESIAN_POINT ( 'NONE',  ( 3.140000000000000100, 1.750000000000000000, -3.299999999999999800 ) ) ;
#1469 = CARTESIAN_POINT ( 'NONE',  ( 1.940000000000000200, 1.750000000000000000, 3.572758858321280200 ) ) ;
#1470 = LINE ( 'NONE', #1471, #1472 ) ;
#1471 = CARTESIAN_POINT ( 'NONE',  ( 2.290000000000000000, -3.600000000000000100, 4.103483563985010500 ) ) ;
#1472 = VECTOR ( 'NONE', #1473, 1000.000000000000000 ) ;
#1473 = DIRECTION ( 'NONE',  ( 2.899170457442679700E-032, 0.0000000000000000000, 1.000000000000000000 ) ) ;
#1474 = LINE ( 'NONE', #1475, #1476 ) ;
#1475 = CARTESIAN_POINT ( 'NONE',  ( -0.2500000000000245400, 1.750000000000000000, -3.572758858321280200 ) ) ;
#1476 = VECTOR ( 'NONE', #1477, 999.9999999999998900 ) ;
#1477 = DIRECTION ( 'NONE',  ( -4.172418954928725900E-015, 0.9986295347545741700, 0.05233595624294031000 ) ) ;
#1478 = LINE ( 'NONE', #1479, #1480 ) ;
#1479 = CARTESIAN_POINT ( 'NONE',  ( 0.5999999999999999800, 0.0000000000000000000, 3.664472472066595100 ) ) ;
#1480 = VECTOR ( 'NONE', #1481, 1000.000000000000000 ) ;
#1481 = DIRECTION ( 'NONE',  ( 1.000000000000000000, 0.0000000000000000000, 0.0000000000000000000 ) ) ;
#1482 = LINE ( 'NONE', #1483, #1484 ) ;
#1483 = CARTESIAN_POINT ( 'NONE',  ( 1.940000000000000200, 3.950000000000000200, -1.899999999999999900 ) ) ;
#1484 = VECTOR ( 'NONE', #1485, 1000.000000000000000 ) ;
#1485 = DIRECTION ( 'NONE',  ( 0.0000000000000000000, 0.0000000000000000000, -1.000000000000000000 ) ) ;
#1486 = LINE ( 'NONE', #1487, #1488 ) ;
#1487 = CARTESIAN_POINT ( 'NONE',  ( -0.2500000000000000000, -3.600000000000000100, 4.103483563985010500 ) ) ;
#1488 = VECTOR ( 'NONE', #1489, 1000.000000000000000 ) ;
#1489 = DIRECTION ( 'NONE',  ( 2.899170457442679700E-032, 0.0000000000000000000, 1.000000000000000000 ) ) ;
#1490 = FACE_OUTER_BOUND ( 'NONE', #259, .T. ) ;
#1491 = COLOUR_RGB ( '',0.8313725490196077800, 0.6509803921568627600, 0.1686274509803921700 ) ;
#1492 = EDGE_CURVE ( 'NONE', #2435, #2496, #1390, .T. ) ;
#1493 = FILL_AREA_STYLE_COLOUR ( '', #1491 ) ;
#1494 = FILL_AREA_STYLE ('',( #1493 ) ) ;
#1495 = SURFACE_STYLE_FILL_AREA ( #1494 ) ;
#1496 = SURFACE_SIDE_STYLE ('',( #1495 ) ) ;
#1497 = SURFACE_STYLE_USAGE ( .BOTH. , #1496 ) ;
#1498 = PRESENTATION_STYLE_ASSIGNMENT (( #1497 ) ) ;
#1499 = STYLED_ITEM ( 'NONE', ( #1498 ), #1598 ) ;
#1500 = PRESENTATION_LAYER_ASSIGNMENT (  '', '', ( #1499 ) ) ;
#1501 = MECHANICAL_DESIGN_GEOMETRIC_PRESENTATION_REPRESENTATION (  '', ( #1499 ), #1506 ) ;
#1502 =( LENGTH_UNIT ( ) NAMED_UNIT ( * ) SI_UNIT ( .MILLI., .METRE. ) );
#1503 =( NAMED_UNIT ( * ) PLANE_ANGLE_UNIT ( ) SI_UNIT ( $, .RADIAN. ) );
#1504 =( NAMED_UNIT ( * ) SI_UNIT ( $, .STERADIAN. ) SOLID_ANGLE_UNIT ( ) );
#1505 = UNCERTAINTY_MEASURE_WITH_UNIT (LENGTH_MEASURE( 1.000000000000000100E-005 ), #1502, 'distance_accuracy_value', 'NONE');
#1506 =( GEOMETRIC_REPRESENTATION_CONTEXT ( 3 ) GLOBAL_UNCERTAINTY_ASSIGNED_CONTEXT ( ( #1505 ) ) GLOBAL_UNIT_ASSIGNED_CONTEXT ( ( #1502, #1503, #1504 ) ) REPRESENTATION_CONTEXT ( 'NONE', 'WORKASPACE' ) );
#1507 = PLANE ( 'NONE',  #1508 ) ;
#1508 = AXIS2_PLACEMENT_3D ( 'NONE', #1511, #1512, #1513 ) ;
#1509 = ORIENTED_EDGE ( 'NONE', *, *, #39, .T. ) ;
#1510 = EDGE_LOOP ( 'NONE', ( #2399, #2469, #277, #117 ) ) ;
#1511 = CARTESIAN_POINT ( 'NONE',  ( -0.5000000000000000000, 6.479311422413369200, -3.331780381102265400E-016 ) ) ;
#1512 = DIRECTION ( 'NONE',  ( 1.000000000000000000, 0.0000000000000000000, 0.0000000000000000000 ) ) ;
#1513 = DIRECTION ( 'NONE',  ( 0.0000000000000000000, 0.0000000000000000000, -1.000000000000000000 ) ) ;
#1514 = LINE ( 'NONE', #1515, #1516 ) ;
#1515 = CARTESIAN_POINT ( 'NONE',  ( 3.140000000000000100, 2.000000000000000000, 3.299999999999999800 ) ) ;
#1516 = VECTOR ( 'NONE', #1517, 1000.000000000000000 ) ;
#1517 = DIRECTION ( 'NONE',  ( 0.0000000000000000000, 1.000000000000000000, 1.734723475976805100E-015 ) ) ;
#1518 = FACE_OUTER_BOUND ( 'NONE', #2138, .T. ) ;
#1519 = PLANE ( 'NONE',  #1520 ) ;
#1520 = AXIS2_PLACEMENT_3D ( 'NONE', #1521, #1522, #1523 ) ;
#1521 = CARTESIAN_POINT ( 'NONE',  ( 3.140000000000000100, 1.750000000000000000, -3.299999999999999800 ) ) ;
#1522 = DIRECTION ( 'NONE',  ( -1.000000000000000000, 0.0000000000000000000, 0.0000000000000000000 ) ) ;
#1523 = DIRECTION ( 'NONE',  ( 0.0000000000000000000, 0.0000000000000000000, -1.000000000000000000 ) ) ;
#1524 = CARTESIAN_POINT ( 'NONE',  ( 3.040000000000000000, 5.100000000000000500, -3.331780381102265400E-016 ) ) ;
#1525 = LINE ( 'NONE', #1526, #1530 ) ;
#1526 = CARTESIAN_POINT ( 'NONE',  ( 3.140000000000000100, -3.600000000000000100, 4.103483563985010500 ) ) ;
#1527 = ADVANCED_FACE ( 'NONE', ( #1406 ), #1407, .F. ) ;
#1528 = EDGE_CURVE ( 'NONE', #2121, #64, #1417, .T. ) ;
#1529 = ADVANCED_FACE ( 'NONE', ( #1421 ), #1438, .F. ) ;
#1530 = VECTOR ( 'NONE', #1531, 1000.000000000000000 ) ;
#1531 = DIRECTION ( 'NONE',  ( -1.000000000000000000, 0.0000000000000000000, 0.0000000000000000000 ) ) ;
#1532 = LINE ( 'NONE', #1533, #1534 ) ;
#1533 = CARTESIAN_POINT ( 'NONE',  ( 1.940000000000000200, 2.000000000000000000, -3.299999999999999800 ) ) ;
#1534 = VECTOR ( 'NONE', #1535, 1000.000000000000000 ) ;
#1535 = DIRECTION ( 'NONE',  ( 0.0000000000000000000, 1.000000000000000000, -1.734723475976805100E-015 ) ) ;
#1536 = LINE ( 'NONE', #1537, #1538 ) ;
#1537 = CARTESIAN_POINT ( 'NONE',  ( 1.940000000000000200, 0.0000000000000000000, 3.299999999999999800 ) ) ;
#1538 = VECTOR ( 'NONE', #1539, 1000.000000000000000 ) ;
#1539 = DIRECTION ( 'NONE',  ( 0.0000000000000000000, 6.938893903907229900E-018, 1.000000000000000000 ) ) ;
#1540 = LINE ( 'NONE', #1541, #1542 ) ;
#1541 = CARTESIAN_POINT ( 'NONE',  ( -0.5999999999999999800, 2.000000000000000000, 3.299999999999999800 ) ) ;
#1542 = VECTOR ( 'NONE', #1543, 1000.000000000000000 ) ;
#1543 = DIRECTION ( 'NONE',  ( 0.0000000000000000000, 1.000000000000000000, 1.734723475976805100E-015 ) ) ;
#1544 = LINE ( 'NONE', #1545, #1547 ) ;
#1545 = CARTESIAN_POINT ( 'NONE',  ( -0.5999999999999999800, 4.400000000000000400, 1.899999999999999900 ) ) ;
#1546 = EDGE_CURVE ( 'NONE', #118, #36, #1448, .T. ) ;
#1547 = VECTOR ( 'NONE', #1548, 1000.000000000000000 ) ;
#1548 = DIRECTION ( 'NONE',  ( 1.000000000000000000, 0.0000000000000000000, 0.0000000000000000000 ) ) ;
#1549 = LINE ( 'NONE', #1550, #1551 ) ;
#1550 = CARTESIAN_POINT ( 'NONE',  ( 1.940000000000000200, 4.400000000000000400, -1.899999999999999900 ) ) ;
#1551 = VECTOR ( 'NONE', #1552, 1000.000000000000000 ) ;
#1552 = DIRECTION ( 'NONE',  ( 1.000000000000000000, 0.0000000000000000000, 0.0000000000000000000 ) ) ;
#1553 = CARTESIAN_POINT ( 'NONE',  ( -0.5999999999999999800, 2.000000000000000000, 3.299999999999999800 ) ) ;
#1554 = LINE ( 'NONE', #1555, #1556 ) ;
#1555 = CARTESIAN_POINT ( 'NONE',  ( -0.5999999999999999800, 4.400000000000000400, 1.899999999999999900 ) ) ;
#1556 = VECTOR ( 'NONE', #1557, 1000.000000000000000 ) ;
#1557 = DIRECTION ( 'NONE',  ( 0.0000000000000000000, 0.0000000000000000000, 1.000000000000000000 ) ) ;
#1558 = LINE ( 'NONE', #1559, #1560 ) ;
#1559 = CARTESIAN_POINT ( 'NONE',  ( -2.279999999999999800, 1.000000000000000000, 3.299999999999999800 ) ) ;
#1560 = VECTOR ( 'NONE', #1561, 1000.000000000000000 ) ;
#1561 = DIRECTION ( 'NONE',  ( 1.000000000000000000, 0.0000000000000000000, 0.0000000000000000000 ) ) ;
#1562 = CARTESIAN_POINT ( 'NONE',  ( 2.290000000000000000, 2.542738569745875100E-017, 3.664472472066595100 ) ) ;
#1563 = ORIENTED_EDGE ( 'NONE', *, *, #1459, .T. ) ;
#1564 = FACE_OUTER_BOUND ( 'NONE', #2325, .T. ) ;
#1565 = COLOUR_RGB ( '',0.0000000000000000000, 0.0000000000000000000, 0.0000000000000000000 ) ;
#1566 = FILL_AREA_STYLE_COLOUR ( '', #1565 ) ;
#1567 = FILL_AREA_STYLE ('',( #1566 ) ) ;
#1568 = SURFACE_STYLE_FILL_AREA ( #1567 ) ;
#1569 = SURFACE_SIDE_STYLE ('',( #1568 ) ) ;
#1570 = SURFACE_STYLE_USAGE ( .BOTH. , #1569 ) ;
#1571 = PRESENTATION_STYLE_ASSIGNMENT (( #1570 ) ) ;
#1572 = STYLED_ITEM ( 'NONE', ( #1571 ), #1664 ) ;
#1573 = PRESENTATION_LAYER_ASSIGNMENT (  '', '', ( #1572 ) ) ;
#1574 = MECHANICAL_DESIGN_GEOMETRIC_PRESENTATION_REPRESENTATION (  '', ( #1572 ), #1579 ) ;
#1575 =( LENGTH_UNIT ( ) NAMED_UNIT ( * ) SI_UNIT ( .MILLI., .METRE. ) );
#1576 =( NAMED_UNIT ( * ) PLANE_ANGLE_UNIT ( ) SI_UNIT ( $, .RADIAN. ) );
#1577 =( NAMED_UNIT ( * ) SI_UNIT ( $, .STERADIAN. ) SOLID_ANGLE_UNIT ( ) );
#1578 = UNCERTAINTY_MEASURE_WITH_UNIT (LENGTH_MEASURE( 1.000000000000000100E-005 ), #1575, 'distance_accuracy_value', 'NONE');
#1579 =( GEOMETRIC_REPRESENTATION_CONTEXT ( 3 ) GLOBAL_UNCERTAINTY_ASSIGNED_CONTEXT ( ( #1578 ) ) GLOBAL_UNIT_ASSIGNED_CONTEXT ( ( #1575, #1576, #1577 ) ) REPRESENTATION_CONTEXT ( 'NONE', 'WORKASPACE' ) );
#1580 = VERTEX_POINT ( 'NONE', #1469 ) ;
#1581 = EDGE_CURVE ( 'NONE', #2121, #89, #1482, .T. ) ;
#1582 = PLANE ( 'NONE',  #1583 ) ;
#1583 = AXIS2_PLACEMENT_3D ( 'NONE', #1584, #1585, #1586 ) ;
#1584 = CARTESIAN_POINT ( 'NONE',  ( 3.140000000000000100, 3.950000000000000200, -1.899999999999999900 ) ) ;
#1585 = DIRECTION ( 'NONE',  ( -1.000000000000000000, 0.0000000000000000000, 0.0000000000000000000 ) ) ;
#1586 = DIRECTION ( 'NONE',  ( 0.0000000000000000000, 0.0000000000000000000, 1.000000000000000000 ) ) ;
#1587 = FACE_OUTER_BOUND ( 'NONE', #2257, .T. ) ;
#1588 = COLOUR_RGB ( '',0.8313725490196077800, 0.6509803921568627600, 0.1686274509803921700 ) ;
#1589 = FILL_AREA_STYLE_COLOUR ( '', #1588 ) ;
#1590 = FILL_AREA_STYLE ('',( #1589 ) ) ;
#1591 = SURFACE_STYLE_FILL_AREA ( #1590 ) ;
#1592 = SURFACE_SIDE_STYLE ('',( #1591 ) ) ;
#1593 = SURFACE_STYLE_USAGE ( .BOTH. , #1592 ) ;
#1594 = PRESENTATION_STYLE_ASSIGNMENT (( #1593 ) ) ;
#1595 = STYLED_ITEM ( 'NONE', ( #1594 ), #250 ) ;
#1596 = PRESENTATION_LAYER_ASSIGNMENT (  '', '', ( #1595 ) ) ;
#1597 = MECHANICAL_DESIGN_GEOMETRIC_PRESENTATION_REPRESENTATION (  '', ( #1595 ), #1603 ) ;
#1598 = ADVANCED_FACE ( 'NONE', ( #1490 ), #1507, .F. ) ;
#1599 =( LENGTH_UNIT ( ) NAMED_UNIT ( * ) SI_UNIT ( .MILLI., .METRE. ) );
#1600 =( NAMED_UNIT ( * ) PLANE_ANGLE_UNIT ( ) SI_UNIT ( $, .RADIAN. ) );
#1601 =( NAMED_UNIT ( * ) SI_UNIT ( $, .STERADIAN. ) SOLID_ANGLE_UNIT ( ) );
#1602 = UNCERTAINTY_MEASURE_WITH_UNIT (LENGTH_MEASURE( 1.000000000000000100E-005 ), #1599, 'distance_accuracy_value', 'NONE');
#1603 =( GEOMETRIC_REPRESENTATION_CONTEXT ( 3 ) GLOBAL_UNCERTAINTY_ASSIGNED_CONTEXT ( ( #1602 ) ) GLOBAL_UNIT_ASSIGNED_CONTEXT ( ( #1599, #1600, #1601 ) ) REPRESENTATION_CONTEXT ( 'NONE', 'WORKASPACE' ) );
#1604 = PLANE ( 'NONE',  #1605 ) ;
#1605 = AXIS2_PLACEMENT_3D ( 'NONE', #1606, #1607, #1608 ) ;
#1606 = CARTESIAN_POINT ( 'NONE',  ( -2.279999999999999800, 5.100000000000000500, -3.299999999999999800 ) ) ;
#1607 = DIRECTION ( 'NONE',  ( 0.0000000000000000000, 1.000000000000000000, 0.0000000000000000000 ) ) ;
#1608 = DIRECTION ( 'NONE',  ( 0.0000000000000000000, 0.0000000000000000000, 1.000000000000000000 ) ) ;
#1609 = CARTESIAN_POINT ( 'NONE',  ( 0.2500000000000000000, -3.600000000000000100, -3.853140477485530000 ) ) ;
#1610 = FACE_OUTER_BOUND ( 'NONE', #2404, .T. ) ;
#1611 = COLOUR_RGB ( '',0.8313725490196077800, 0.6509803921568627600, 0.1686274509803921700 ) ;
#1612 = FILL_AREA_STYLE_COLOUR ( '', #1611 ) ;
#1613 = FILL_AREA_STYLE ('',( #1612 ) ) ;
#1614 = SURFACE_STYLE_FILL_AREA ( #1613 ) ;
#1615 = ORIENTED_EDGE ( 'NONE', *, *, #1752, .F. ) ;
#1616 = SURFACE_SIDE_STYLE ('',( #1614 ) ) ;
#1617 = SURFACE_STYLE_USAGE ( .BOTH. , #1616 ) ;
#1618 = PRESENTATION_STYLE_ASSIGNMENT (( #1617 ) ) ;
#1619 = STYLED_ITEM ( 'NONE', ( #1618 ), #252 ) ;
#1620 = PRESENTATION_LAYER_ASSIGNMENT (  '', '', ( #1619 ) ) ;
#1621 = MECHANICAL_DESIGN_GEOMETRIC_PRESENTATION_REPRESENTATION (  '', ( #1619 ), #1626 ) ;
#1622 =( LENGTH_UNIT ( ) NAMED_UNIT ( * ) SI_UNIT ( .MILLI., .METRE. ) );
#1623 =( NAMED_UNIT ( * ) PLANE_ANGLE_UNIT ( ) SI_UNIT ( $, .RADIAN. ) );
#1624 =( NAMED_UNIT ( * ) SI_UNIT ( $, .STERADIAN. ) SOLID_ANGLE_UNIT ( ) );
#1625 = UNCERTAINTY_MEASURE_WITH_UNIT (LENGTH_MEASURE( 1.000000000000000100E-005 ), #1622, 'distance_accuracy_value', 'NONE');
#1626 =( GEOMETRIC_REPRESENTATION_CONTEXT ( 3 ) GLOBAL_UNCERTAINTY_ASSIGNED_CONTEXT ( ( #1625 ) ) GLOBAL_UNIT_ASSIGNED_CONTEXT ( ( #1622, #1623, #1624 ) ) REPRESENTATION_CONTEXT ( 'NONE', 'WORKASPACE' ) );
#1627 = PLANE ( 'NONE',  #1628 ) ;
#1628 = AXIS2_PLACEMENT_3D ( 'NONE', #1629, #1630, #1631 ) ;
#1629 = CARTESIAN_POINT ( 'NONE',  ( 2.040000000000000000, 6.479311422413369200, -3.331780381102265400E-016 ) ) ;
#1630 = DIRECTION ( 'NONE',  ( 0.0000000000000000000, 0.0000000000000000000, 1.000000000000000000 ) ) ;
#1631 = DIRECTION ( 'NONE',  ( 1.000000000000000000, 0.0000000000000000000, 0.0000000000000000000 ) ) ;
#1632 = LINE ( 'NONE', #1633, #1634 ) ;
#1633 = CARTESIAN_POINT ( 'NONE',  ( -0.5000000000000000000, 6.479311422413369200, 0.9499999999999999600 ) ) ;
#1634 = VECTOR ( 'NONE', #1635, 1000.000000000000000 ) ;
#1635 = DIRECTION ( 'NONE',  ( 0.0000000000000000000, -1.000000000000000000, 0.0000000000000000000 ) ) ;
#1636 = CARTESIAN_POINT ( 'NONE',  ( 3.140000000000000100, -1.071556993412680000E-016, 3.664472472066595100 ) ) ;
#1637 = CARTESIAN_POINT ( 'NONE',  ( 0.5999999999999999800, 2.000000000000000000, 3.299999999999999800 ) ) ;
#1638 = CARTESIAN_POINT ( 'NONE',  ( -0.2500000000000000000, -3.600000000000000100, -3.853140477485530000 ) ) ;
#1639 = FACE_OUTER_BOUND ( 'NONE', #2485, .T. ) ;
#1640 = PLANE ( 'NONE',  #1641 ) ;
#1641 = AXIS2_PLACEMENT_3D ( 'NONE', #1642, #1643, #1644 ) ;
#1642 = CARTESIAN_POINT ( 'NONE',  ( -0.2500000000000170400, 2.847363708691910200E-017, -4.103483563985010500 ) ) ;
#1643 = DIRECTION ( 'NONE',  ( 1.000000000000000000, 4.178144957383170500E-015, 2.899170457442679700E-032 ) ) ;
#1644 = DIRECTION ( 'NONE',  ( -4.178144957383170500E-015, 1.000000000000000000, 0.0000000000000000000 ) ) ;
#1645 = LINE ( 'NONE', #1646, #1647 ) ;
#1646 = CARTESIAN_POINT ( 'NONE',  ( 3.140000000000000100, 0.0000000000000000000, 3.914815558566074700 ) ) ;
#1647 = VECTOR ( 'NONE', #1648, 1000.000000000000000 ) ;
#1648 = DIRECTION ( 'NONE',  ( -1.000000000000000000, 0.0000000000000000000, 0.0000000000000000000 ) ) ;
#1649 = FACE_OUTER_BOUND ( 'NONE', #77, .T. ) ;
#1650 = PLANE ( 'NONE',  #1651 ) ;
#1651 = AXIS2_PLACEMENT_3D ( 'NONE', #1652, #1653, #1654 ) ;
#1652 = CARTESIAN_POINT ( 'NONE',  ( 3.140000000000000100, 2.000000000000000000, -3.810000000000000100 ) ) ;
#1653 = DIRECTION ( 'NONE',  ( 0.0000000000000000000, 0.05233595624294021300, -0.9986295347545741700 ) ) ;
#1654 = DIRECTION ( 'NONE',  ( 0.0000000000000000000, 0.9986295347545741700, 0.05233595624294021300 ) ) ;
#1655 = FACE_OUTER_BOUND ( 'NONE', #123, .T. ) ;
#1656 = PLANE ( 'NONE',  #1657 ) ;
#1657 = AXIS2_PLACEMENT_3D ( 'NONE', #1658, #1659, #1660 ) ;
#1658 = CARTESIAN_POINT ( 'NONE',  ( 0.2500000000000170400, 2.847363708691910200E-017, 4.103483563985010500 ) ) ;
#1659 = DIRECTION ( 'NONE',  ( 1.000000000000000000, -4.178144957383170500E-015, 2.899170457442679700E-032 ) ) ;
#1660 = DIRECTION ( 'NONE',  ( 4.178144957383170500E-015, 1.000000000000000000, 0.0000000000000000000 ) ) ;
#1661 = LINE ( 'NONE', #1662, #1663 ) ;
#1662 = CARTESIAN_POINT ( 'NONE',  ( 0.5000000000000000000, 3.950000000000000200, -3.331780381102265400E-016 ) ) ;
#1663 = VECTOR ( 'NONE', #1666, 1000.000000000000000 ) ;
#1664 = ADVANCED_FACE ( 'NONE', ( #1564 ), #1582, .T. ) ;
#1665 = ORIENTED_EDGE ( 'NONE', *, *, #2442, .T. ) ;
#1666 = DIRECTION ( 'NONE',  ( 0.0000000000000000000, 0.0000000000000000000, -1.000000000000000000 ) ) ;
#1667 = CARTESIAN_POINT ( 'NONE',  ( 2.290000000000000000, -4.209671761454725100E-016, -3.664472472066595100 ) ) ;
#1668 = CARTESIAN_POINT ( 'NONE',  ( 2.040000000000000000, 5.100000000000000500, -3.331780381102265400E-016 ) ) ;
#1669 = LINE ( 'NONE', #1670, #1671 ) ;
#1670 = CARTESIAN_POINT ( 'NONE',  ( 0.5000000000000000000, 5.100000000000000500, -3.331780381102265400E-016 ) ) ;
#1671 = VECTOR ( 'NONE', #1672, 1000.000000000000000 ) ;
#1672 = DIRECTION ( 'NONE',  ( 0.0000000000000000000, 0.0000000000000000000, -1.000000000000000000 ) ) ;
#1673 = CARTESIAN_POINT ( 'NONE',  ( -0.5999999999999999800, 1.750000000000000000, -3.299999999999999800 ) ) ;
#1674 = CARTESIAN_POINT ( 'NONE',  ( 4.819999999999999400, 4.400000000000000400, 3.299999999999999800 ) ) ;
#1675 = LINE ( 'NONE', #1676, #1677 ) ;
#1676 = CARTESIAN_POINT ( 'NONE',  ( 1.940000000000000200, 2.000000000000000000, 3.299999999999999800 ) ) ;
#1677 = VECTOR ( 'NONE', #1678, 1000.000000000000000 ) ;
#1678 = DIRECTION ( 'NONE',  ( 0.0000000000000000000, 0.0000000000000000000, 1.000000000000000000 ) ) ;
#1679 = LINE ( 'NONE', #1680, #1681 ) ;
#1680 = CARTESIAN_POINT ( 'NONE',  ( 2.040000000000000000, 5.100000000000000500, 0.9499999999999999600 ) ) ;
#1681 = VECTOR ( 'NONE', #1684, 1000.000000000000000 ) ;
#1682 = EDGE_LOOP ( 'NONE', ( #233, #1116, #2380, #1184, #2361, #320 ) ) ;
#1683 = ORIENTED_EDGE ( 'NONE', *, *, #2365, .T. ) ;
#1684 = DIRECTION ( 'NONE',  ( 1.000000000000000000, 0.0000000000000000000, 0.0000000000000000000 ) ) ;
#1685 = LINE ( 'NONE', #1686, #1687 ) ;
#1686 = CARTESIAN_POINT ( 'NONE',  ( 2.790000000000000000, -3.600000000000000100, 4.103483563985010500 ) ) ;
#1687 = VECTOR ( 'NONE', #1688, 1000.000000000000000 ) ;
#1688 = DIRECTION ( 'NONE',  ( 2.899170457442679700E-032, 0.0000000000000000000, -1.000000000000000000 ) ) ;
#1689 = LINE ( 'NONE', #1690, #1691 ) ;
#1690 = CARTESIAN_POINT ( 'NONE',  ( 0.5000000000000000000, 6.479311422413369200, 0.9499999999999999600 ) ) ;
#1691 = VECTOR ( 'NONE', #1692, 1000.000000000000000 ) ;
#1692 = DIRECTION ( 'NONE',  ( 0.0000000000000000000, -1.000000000000000000, 0.0000000000000000000 ) ) ;
#1693 = LINE ( 'NONE', #1694, #1695 ) ;
#1694 = CARTESIAN_POINT ( 'NONE',  ( 3.140000000000000100, -3.600000000000000100, -3.853140477485530000 ) ) ;
#1695 = VECTOR ( 'NONE', #1696, 1000.000000000000000 ) ;
#1696 = DIRECTION ( 'NONE',  ( -1.000000000000000000, 0.0000000000000000000, 0.0000000000000000000 ) ) ;
#1697 = FACE_OUTER_BOUND ( 'NONE', #2254, .T. ) ;
#1698 = COLOUR_RGB ( '',0.0000000000000000000, 0.0000000000000000000, 0.0000000000000000000 ) ;
#1699 = FILL_AREA_STYLE_COLOUR ( '', #1698 ) ;
#1700 = VERTEX_POINT ( 'NONE', #1637 ) ;
#1701 = FILL_AREA_STYLE ('',( #1699 ) ) ;
#1702 = SURFACE_STYLE_FILL_AREA ( #1701 ) ;
#1703 = SURFACE_SIDE_STYLE ('',( #1702 ) ) ;
#1704 = SURFACE_STYLE_USAGE ( .BOTH. , #1703 ) ;
#1705 = PRESENTATION_STYLE_ASSIGNMENT (( #1704 ) ) ;
#1706 = STYLED_ITEM ( 'NONE', ( #1705 ), #1787 ) ;
#1707 = PRESENTATION_LAYER_ASSIGNMENT (  '', '', ( #1706 ) ) ;
#1708 = MECHANICAL_DESIGN_GEOMETRIC_PRESENTATION_REPRESENTATION (  '', ( #1706 ), #1713 ) ;
#1709 =( LENGTH_UNIT ( ) NAMED_UNIT ( * ) SI_UNIT ( .MILLI., .METRE. ) );
#1710 =( NAMED_UNIT ( * ) PLANE_ANGLE_UNIT ( ) SI_UNIT ( $, .RADIAN. ) );
#1711 =( NAMED_UNIT ( * ) SI_UNIT ( $, .STERADIAN. ) SOLID_ANGLE_UNIT ( ) );
#1712 = UNCERTAINTY_MEASURE_WITH_UNIT (LENGTH_MEASURE( 1.000000000000000100E-005 ), #1709, 'distance_accuracy_value', 'NONE');
#1713 =( GEOMETRIC_REPRESENTATION_CONTEXT ( 3 ) GLOBAL_UNCERTAINTY_ASSIGNED_CONTEXT ( ( #1712 ) ) GLOBAL_UNIT_ASSIGNED_CONTEXT ( ( #1709, #1710, #1711 ) ) REPRESENTATION_CONTEXT ( 'NONE', 'WORKASPACE' ) );
#1714 = PLANE ( 'NONE',  #1715 ) ;
#1715 = AXIS2_PLACEMENT_3D ( 'NONE', #1716, #1717, #1718 ) ;
#1716 = CARTESIAN_POINT ( 'NONE',  ( -0.5999999999999999800, 3.950000000000000200, -1.899999999999999900 ) ) ;
#1717 = DIRECTION ( 'NONE',  ( -1.000000000000000000, 0.0000000000000000000, 0.0000000000000000000 ) ) ;
#1718 = DIRECTION ( 'NONE',  ( 0.0000000000000000000, 0.0000000000000000000, 1.000000000000000000 ) ) ;
#1719 = FACE_OUTER_BOUND ( 'NONE', #2440, .T. ) ;
#1720 = PLANE ( 'NONE',  #1721 ) ;
#1721 = AXIS2_PLACEMENT_3D ( 'NONE', #1722, #1723, #1724 ) ;
#1722 = CARTESIAN_POINT ( 'NONE',  ( 3.140000000000000100, 1.750000000000000000, -3.572758858321280200 ) ) ;
#1723 = DIRECTION ( 'NONE',  ( 0.0000000000000000000, -0.05233595624294031000, 0.9986295347545741700 ) ) ;
#1724 = DIRECTION ( 'NONE',  ( 0.0000000000000000000, -0.9986295347545741700, -0.05233595624294031000 ) ) ;
#1725 = LINE ( 'NONE', #1726, #1727 ) ;
#1726 = CARTESIAN_POINT ( 'NONE',  ( 1.940000000000000200, 0.0000000000000000000, -3.299999999999999800 ) ) ;
#1727 = VECTOR ( 'NONE', #1728, 1000.000000000000000 ) ;
#1728 = DIRECTION ( 'NONE',  ( 0.0000000000000000000, 6.938893903907229900E-018, -1.000000000000000000 ) ) ;
#1729 = LINE ( 'NONE', #1730, #1731 ) ;
#1730 = CARTESIAN_POINT ( 'NONE',  ( 3.040000000000000000, 5.100000000000000500, -3.331780381102265400E-016 ) ) ;
#1731 = VECTOR ( 'NONE', #1732, 1000.000000000000000 ) ;
#1732 = DIRECTION ( 'NONE',  ( 0.0000000000000000000, 0.0000000000000000000, -1.000000000000000000 ) ) ;
#1733 = EDGE_CURVE ( 'NONE', #8, #100, #1661, .T. ) ;
#1734 = ORIENTED_EDGE ( 'NONE', *, *, #39, .F. ) ;
#1735 = CARTESIAN_POINT ( 'NONE',  ( 2.790000000000000000, -3.600000000000000100, 4.103483563985010500 ) ) ;
#1736 = LINE ( 'NONE', #1737, #1738 ) ;
#1737 = CARTESIAN_POINT ( 'NONE',  ( -0.5999999999999999800, 1.750000000000000000, 3.299999999999999800 ) ) ;
#1738 = VECTOR ( 'NONE', #1739, 1000.000000000000000 ) ;
#1739 = DIRECTION ( 'NONE',  ( 0.0000000000000000000, 0.0000000000000000000, -1.000000000000000000 ) ) ;
#1740 = FACE_OUTER_BOUND ( 'NONE', #46, .T. ) ;
#1741 = FACE_BOUND ( 'NONE', #958, .T. ) ;
#1742 = COLOUR_RGB ( '',0.0000000000000000000, 0.0000000000000000000, 0.0000000000000000000 ) ;
#1743 = FILL_AREA_STYLE_COLOUR ( '', #1742 ) ;
#1744 = FILL_AREA_STYLE ('',( #1743 ) ) ;
#1745 = SURFACE_STYLE_FILL_AREA ( #1744 ) ;
#1746 = SURFACE_SIDE_STYLE ('',( #1745 ) ) ;
#1747 = SURFACE_STYLE_USAGE ( .BOTH. , #1746 ) ;
#1748 = PRESENTATION_STYLE_ASSIGNMENT (( #1747 ) ) ;
#1749 = STYLED_ITEM ( 'NONE', ( #1748 ), #1824 ) ;
#1750 = PRESENTATION_LAYER_ASSIGNMENT (  '', '', ( #1749 ) ) ;
#1751 = EDGE_CURVE ( 'NONE', #2017, #2467, #1679, .T. ) ;
#1752 = EDGE_CURVE ( 'NONE', #2221, #8, #1689, .T. ) ;
#1753 = MECHANICAL_DESIGN_GEOMETRIC_PRESENTATION_REPRESENTATION (  '', ( #1749 ), #1758 ) ;
#1754 =( LENGTH_UNIT ( ) NAMED_UNIT ( * ) SI_UNIT ( .MILLI., .METRE. ) );
#1755 =( NAMED_UNIT ( * ) PLANE_ANGLE_UNIT ( ) SI_UNIT ( $, .RADIAN. ) );
#1756 =( NAMED_UNIT ( * ) SI_UNIT ( $, .STERADIAN. ) SOLID_ANGLE_UNIT ( ) );
#1757 = UNCERTAINTY_MEASURE_WITH_UNIT (LENGTH_MEASURE( 1.000000000000000100E-005 ), #1754, 'distance_accuracy_value', 'NONE');
#1758 =( GEOMETRIC_REPRESENTATION_CONTEXT ( 3 ) GLOBAL_UNCERTAINTY_ASSIGNED_CONTEXT ( ( #1757 ) ) GLOBAL_UNIT_ASSIGNED_CONTEXT ( ( #1754, #1755, #1756 ) ) REPRESENTATION_CONTEXT ( 'NONE', 'WORKASPACE' ) );
#1759 = PLANE ( 'NONE',  #1760 ) ;
#1760 = AXIS2_PLACEMENT_3D ( 'NONE', #1761, #1762, #1763 ) ;
#1761 = CARTESIAN_POINT ( 'NONE',  ( -0.5999999999999999800, 3.950000000000000200, -1.899999999999999900 ) ) ;
#1762 = DIRECTION ( 'NONE',  ( 0.0000000000000000000, -1.000000000000000000, 0.0000000000000000000 ) ) ;
#1763 = DIRECTION ( 'NONE',  ( 0.0000000000000000000, 0.0000000000000000000, -1.000000000000000000 ) ) ;
#1764 = LINE ( 'NONE', #1765, #1766 ) ;
#1765 = CARTESIAN_POINT ( 'NONE',  ( 0.5999999999999999800, 1.750000000000000000, -3.299999999999999800 ) ) ;
#1766 = VECTOR ( 'NONE', #1767, 1000.000000000000000 ) ;
#1767 = DIRECTION ( 'NONE',  ( -1.000000000000000000, 0.0000000000000000000, 0.0000000000000000000 ) ) ;
#1768 = FACE_OUTER_BOUND ( 'NONE', #70, .T. ) ;
#1769 = ORIENTED_EDGE ( 'NONE', *, *, #694, .T. ) ;
#1770 = ORIENTED_EDGE ( 'NONE', *, *, #694, .F. ) ;
#1771 = PLANE ( 'NONE',  #1772 ) ;
#1772 = AXIS2_PLACEMENT_3D ( 'NONE', #1773, #1774, #1775 ) ;
#1773 = CARTESIAN_POINT ( 'NONE',  ( 0.5999999999999999800, 1.750000000000000000, 3.572758858321280200 ) ) ;
#1774 = DIRECTION ( 'NONE',  ( 0.0000000000000000000, 0.05233595624294031000, 0.9986295347545741700 ) ) ;
#1775 = DIRECTION ( 'NONE',  ( 0.0000000000000000000, -0.9986295347545741700, 0.05233595624294031000 ) ) ;
#1776 = LINE ( 'NONE', #1777, #1778 ) ;
#1777 = CARTESIAN_POINT ( 'NONE',  ( 3.140000000000000100, 1.750000000000000000, -3.572758858321280200 ) ) ;
#1778 = VECTOR ( 'NONE', #1779, 999.9999999999998900 ) ;
#1779 = DIRECTION ( 'NONE',  ( 0.0000000000000000000, 0.9986295347545741700, 0.05233595624294031000 ) ) ;
#1780 = CARTESIAN_POINT ( 'NONE',  ( 2.790000000000000000, -4.209671761454725100E-016, 3.664472472066595100 ) ) ;
#1781 = CARTESIAN_POINT ( 'NONE',  ( 2.790000000000000000, -3.600000000000000100, -4.103483563985010500 ) ) ;
#1782 = CARTESIAN_POINT ( 'NONE',  ( 3.140000000000000100, 2.000000000000000000, 3.810000000000000100 ) ) ;
#1783 = CARTESIAN_POINT ( 'NONE',  ( 3.140000000000000100, 1.750000000000000000, 3.299999999999999800 ) ) ;
#1784 = LINE ( 'NONE', #1785, #1786 ) ;
#1785 = CARTESIAN_POINT ( 'NONE',  ( -0.5999999999999999800, 3.950000000000000200, -1.899999999999999900 ) ) ;
#1786 = VECTOR ( 'NONE', #1788, 1000.000000000000000 ) ;
#1787 = ADVANCED_FACE ( 'NONE', ( #1697 ), #1714, .F. ) ;
#1788 = DIRECTION ( 'NONE',  ( 0.0000000000000000000, 0.0000000000000000000, -1.000000000000000000 ) ) ;
#1789 = CARTESIAN_POINT ( 'NONE',  ( 0.5999999999999999800, 2.000000000000000000, -3.299999999999999800 ) ) ;
#1790 = FACE_OUTER_BOUND ( 'NONE', #45, .T. ) ;
#1791 = COLOUR_RGB ( '',0.0000000000000000000, 0.0000000000000000000, 0.0000000000000000000 ) ;
#1792 = FILL_AREA_STYLE_COLOUR ( '', #1791 ) ;
#1793 = FILL_AREA_STYLE ('',( #1792 ) ) ;
#1794 = SURFACE_STYLE_FILL_AREA ( #1793 ) ;
#1795 = SURFACE_SIDE_STYLE ('',( #1794 ) ) ;
#1796 = SURFACE_STYLE_USAGE ( .BOTH. , #1795 ) ;
#1797 = PRESENTATION_STYLE_ASSIGNMENT (( #1796 ) ) ;
#1798 = STYLED_ITEM ( 'NONE', ( #1797 ), #1893 ) ;
#1799 = PRESENTATION_LAYER_ASSIGNMENT (  '', '', ( #1798 ) ) ;
#1800 = MECHANICAL_DESIGN_GEOMETRIC_PRESENTATION_REPRESENTATION (  '', ( #1798 ), #1808 ) ;
#1801 =( LENGTH_UNIT ( ) NAMED_UNIT ( * ) SI_UNIT ( .MILLI., .METRE. ) );
#1802 =( NAMED_UNIT ( * ) PLANE_ANGLE_UNIT ( ) SI_UNIT ( $, .RADIAN. ) );
#1803 =( NAMED_UNIT ( * ) SI_UNIT ( $, .STERADIAN. ) SOLID_ANGLE_UNIT ( ) );
#1804 = ORIENTED_EDGE ( 'NONE', *, *, #17, .T. ) ;
#1805 = ORIENTED_EDGE ( 'NONE', *, *, #1581, .T. ) ;
#1806 = EDGE_CURVE ( 'NONE', #118, #2420, #1725, .T. ) ;
#1807 = UNCERTAINTY_MEASURE_WITH_UNIT (LENGTH_MEASURE( 1.000000000000000100E-005 ), #1801, 'distance_accuracy_value', 'NONE');
#1808 =( GEOMETRIC_REPRESENTATION_CONTEXT ( 3 ) GLOBAL_UNCERTAINTY_ASSIGNED_CONTEXT ( ( #1807 ) ) GLOBAL_UNIT_ASSIGNED_CONTEXT ( ( #1801, #1802, #1803 ) ) REPRESENTATION_CONTEXT ( 'NONE', 'WORKASPACE' ) );
#1809 = PLANE ( 'NONE',  #1810 ) ;
#1810 = AXIS2_PLACEMENT_3D ( 'NONE', #1811, #1812, #1813 ) ;
#1811 = CARTESIAN_POINT ( 'NONE',  ( 1.940000000000000200, 4.400000000000000400, -1.899999999999999900 ) ) ;
#1812 = DIRECTION ( 'NONE',  ( 0.0000000000000000000, 0.0000000000000000000, -1.000000000000000000 ) ) ;
#1813 = DIRECTION ( 'NONE',  ( -1.000000000000000000, 0.0000000000000000000, 0.0000000000000000000 ) ) ;
#1814 = LINE ( 'NONE', #1815, #1816 ) ;
#1815 = CARTESIAN_POINT ( 'NONE',  ( 1.940000000000000200, 1.750000000000000000, 3.572758858321280200 ) ) ;
#1816 = VECTOR ( 'NONE', #1817, 999.9999999999998900 ) ;
#1817 = DIRECTION ( 'NONE',  ( 0.0000000000000000000, 0.9986295347545741700, -0.05233595624294031000 ) ) ;
#1818 = CARTESIAN_POINT ( 'NONE',  ( 4.819999999999999400, 1.000000000000000000, 3.299999999999999800 ) ) ;
#1819 = FACE_OUTER_BOUND ( 'NONE', #54, .T. ) ;
#1820 = PLANE ( 'NONE',  #1821 ) ;
#1821 = AXIS2_PLACEMENT_3D ( 'NONE', #1822, #1830, #1831 ) ;
#1822 = CARTESIAN_POINT ( 'NONE',  ( 2.290000000000000000, 2.847363708691910200E-017, -4.103483563985010500 ) ) ;
#1823 = EDGE_CURVE ( 'NONE', #326, #145, #1736, .T. ) ;
#1824 = ADVANCED_FACE ( 'NONE', ( #1740, #1741 ), #1759, .F. ) ;
#1825 = ORIENTED_EDGE ( 'NONE', *, *, #555, .F. ) ;
#1826 = EDGE_CURVE ( 'NONE', #2366, #2497, #1764, .T. ) ;
#1827 = ORIENTED_EDGE ( 'NONE', *, *, #34, .F. ) ;
#1828 = ORIENTED_EDGE ( 'NONE', *, *, #1826, .T. ) ;
#1829 = EDGE_CURVE ( 'NONE', #2376, #93, #1776, .T. ) ;
#1830 = DIRECTION ( 'NONE',  ( 1.000000000000000000, 4.178144957383170500E-015, 2.899170457442679700E-032 ) ) ;
#1831 = DIRECTION ( 'NONE',  ( -4.178144957383170500E-015, 1.000000000000000000, 0.0000000000000000000 ) ) ;
#1832 = CARTESIAN_POINT ( 'NONE',  ( 0.5999999999999999800, 1.750000000000000000, -3.572758858321280200 ) ) ;
#1833 = FACE_OUTER_BOUND ( 'NONE', #44, .T. ) ;
#1834 = PLANE ( 'NONE',  #1835 ) ;
#1835 = AXIS2_PLACEMENT_3D ( 'NONE', #1836, #1837, #1838 ) ;
#1836 = CARTESIAN_POINT ( 'NONE',  ( 0.5999999999999999800, 2.000000000000000000, 3.810000000000000100 ) ) ;
#1837 = DIRECTION ( 'NONE',  ( 0.0000000000000000000, -0.05233595624294021300, -0.9986295347545741700 ) ) ;
#1838 = DIRECTION ( 'NONE',  ( 0.0000000000000000000, 0.9986295347545741700, -0.05233595624294021300 ) ) ;
#1839 = CARTESIAN_POINT ( 'NONE',  ( 0.5999999999999999800, 1.750000000000000000, 3.572758858321280200 ) ) ;
#1840 = LINE ( 'NONE', #1841, #1842 ) ;
#1841 = CARTESIAN_POINT ( 'NONE',  ( 2.040000000000000000, 3.950000000000000200, 0.9499999999999999600 ) ) ;
#1842 = VECTOR ( 'NONE', #1843, 1000.000000000000000 ) ;
#1843 = DIRECTION ( 'NONE',  ( 1.000000000000000000, 0.0000000000000000000, 0.0000000000000000000 ) ) ;
#1844 = CARTESIAN_POINT ( 'NONE',  ( -0.5000000000000000000, 3.950000000000000200, -3.331780381102265400E-016 ) ) ;
#1845 = CARTESIAN_POINT ( 'NONE',  ( 2.290000000000000000, 1.358224490712764100E-017, 3.914815558566074700 ) ) ;
#1846 = ORIENTED_EDGE ( 'NONE', *, *, #1829, .T. ) ;
#1847 = ORIENTED_EDGE ( 'NONE', *, *, #848, .T. ) ;
#1848 = ORIENTED_EDGE ( 'NONE', *, *, #1806, .T. ) ;
#1849 = ORIENTED_EDGE ( 'NONE', *, *, #1320, .F. ) ;
#1850 = VERTEX_POINT ( 'NONE', #1780 ) ;
#1851 = ORIENTED_EDGE ( 'NONE', *, *, #2231, .F. ) ;
#1852 = EDGE_LOOP ( 'NONE', ( #108, #2405, #2050, #265 ) ) ;
#1853 = CARTESIAN_POINT ( 'NONE',  ( -2.279999999999999800, 1.000000000000000000, 3.299999999999999800 ) ) ;
#1854 = FACE_OUTER_BOUND ( 'NONE', #2377, .T. ) ;
#1855 = PLANE ( 'NONE',  #1856 ) ;
#1856 = AXIS2_PLACEMENT_3D ( 'NONE', #1857, #1858, #1859 ) ;
#1857 = CARTESIAN_POINT ( 'NONE',  ( 2.790000000000000000, 2.847363708691910200E-017, -4.103483563985010500 ) ) ;
#1858 = DIRECTION ( 'NONE',  ( -1.000000000000000000, 4.178144957383170500E-015, 2.899170457442679700E-032 ) ) ;
#1859 = DIRECTION ( 'NONE',  ( -4.178144957383170500E-015, -1.000000000000000000, 0.0000000000000000000 ) ) ;
#1860 = CARTESIAN_POINT ( 'NONE',  ( 0.2500000000000170400, -4.209671761454725100E-016, 3.664472472066595100 ) ) ;
#1861 = FACE_OUTER_BOUND ( 'NONE', #2449, .T. ) ;
#1862 = COLOUR_RGB ( '',0.8313725490196077800, 0.6509803921568627600, 0.1686274509803921700 ) ;
#1863 = FILL_AREA_STYLE_COLOUR ( '', #1862 ) ;
#1864 = FILL_AREA_STYLE ('',( #1863 ) ) ;
#1865 = SURFACE_STYLE_FILL_AREA ( #1864 ) ;
#1866 = SURFACE_SIDE_STYLE ('',( #1865 ) ) ;
#1867 = SURFACE_STYLE_USAGE ( .BOTH. , #1866 ) ;
#1868 = PRESENTATION_STYLE_ASSIGNMENT (( #1867 ) ) ;
#1869 = ORIENTED_EDGE ( 'NONE', *, *, #120, .T. ) ;
#1870 = VERTEX_POINT ( 'NONE', #1781 ) ;
#1871 = VERTEX_POINT ( 'NONE', #1782 ) ;
#1872 = ORIENTED_EDGE ( 'NONE', *, *, #203, .T. ) ;
#1873 = STYLED_ITEM ( 'NONE', ( #1868 ), #279 ) ;
#1874 = PRESENTATION_LAYER_ASSIGNMENT (  '', '', ( #1873 ) ) ;
#1875 = MECHANICAL_DESIGN_GEOMETRIC_PRESENTATION_REPRESENTATION (  '', ( #1873 ), #1880 ) ;
#1876 =( LENGTH_UNIT ( ) NAMED_UNIT ( * ) SI_UNIT ( .MILLI., .METRE. ) );
#1877 =( NAMED_UNIT ( * ) PLANE_ANGLE_UNIT ( ) SI_UNIT ( $, .RADIAN. ) );
#1878 =( NAMED_UNIT ( * ) SI_UNIT ( $, .STERADIAN. ) SOLID_ANGLE_UNIT ( ) );
#1879 = UNCERTAINTY_MEASURE_WITH_UNIT (LENGTH_MEASURE( 1.000000000000000100E-005 ), #1876, 'distance_accuracy_value', 'NONE');
#1880 =( GEOMETRIC_REPRESENTATION_CONTEXT ( 3 ) GLOBAL_UNCERTAINTY_ASSIGNED_CONTEXT ( ( #1879 ) ) GLOBAL_UNIT_ASSIGNED_CONTEXT ( ( #1876, #1877, #1878 ) ) REPRESENTATION_CONTEXT ( 'NONE', 'WORKASPACE' ) );
#1881 = PLANE ( 'NONE',  #1882 ) ;
#1882 = AXIS2_PLACEMENT_3D ( 'NONE', #1883, #1884, #1885 ) ;
#1883 = CARTESIAN_POINT ( 'NONE',  ( 3.040000000000000000, 6.479311422413369200, -3.331780381102265400E-016 ) ) ;
#1884 = DIRECTION ( 'NONE',  ( -1.000000000000000000, 0.0000000000000000000, 0.0000000000000000000 ) ) ;
#1885 = DIRECTION ( 'NONE',  ( 0.0000000000000000000, 0.0000000000000000000, 1.000000000000000000 ) ) ;
#1886 = CARTESIAN_POINT ( 'NONE',  ( 0.5999999999999999800, -1.071556993412680000E-016, 3.664472472066595100 ) ) ;
#1887 = LINE ( 'NONE', #1888, #1896 ) ;
#1888 = CARTESIAN_POINT ( 'NONE',  ( 0.5999999999999999800, 2.000000000000000000, -3.810000000000000100 ) ) ;
#1889 = VERTEX_POINT ( 'NONE', #1783 ) ;
#1890 = EDGE_CURVE ( 'NONE', #5, #590, #1784, .T. ) ;
#1891 = VERTEX_POINT ( 'NONE', #1789 ) ;
#1892 = ORIENTED_EDGE ( 'NONE', *, *, #197, .F. ) ;
#1893 = ADVANCED_FACE ( 'NONE', ( #1790 ), #1809, .F. ) ;
#1894 = VERTEX_POINT ( 'NONE', #1818 ) ;
#1895 = ORIENTED_EDGE ( 'NONE', *, *, #126, .F. ) ;
#1896 = VECTOR ( 'NONE', #1897, 1000.000000000000000 ) ;
#1897 = DIRECTION ( 'NONE',  ( -1.000000000000000000, 0.0000000000000000000, 0.0000000000000000000 ) ) ;
#1898 = LINE ( 'NONE', #1899, #1900 ) ;
#1899 = CARTESIAN_POINT ( 'NONE',  ( -0.5999999999999999800, 2.000000000000000000, 3.299999999999999800 ) ) ;
#1900 = VECTOR ( 'NONE', #1901, 1000.000000000000000 ) ;
#1901 = DIRECTION ( 'NONE',  ( 0.0000000000000000000, 0.0000000000000000000, 1.000000000000000000 ) ) ;
#1902 = LINE ( 'NONE', #1903, #1904 ) ;
#1903 = CARTESIAN_POINT ( 'NONE',  ( 0.2500000000000254800, 2.000000000000000000, 3.810000000000000100 ) ) ;
#1904 = VECTOR ( 'NONE', #1905, 999.9999999999998900 ) ;
#1905 = DIRECTION ( 'NONE',  ( -4.172418954928725900E-015, -0.9986295347545741700, 0.05233595624294021300 ) ) ;
#1906 = LINE ( 'NONE', #1907, #1908 ) ;
#1907 = CARTESIAN_POINT ( 'NONE',  ( 3.140000000000000100, 1.750000000000000000, 3.299999999999999800 ) ) ;
#1908 = VECTOR ( 'NONE', #1909, 1000.000000000000000 ) ;
#1909 = DIRECTION ( 'NONE',  ( 0.0000000000000000000, 0.0000000000000000000, -1.000000000000000000 ) ) ;
#1910 = CARTESIAN_POINT ( 'NONE',  ( 0.5999999999999999800, 3.950000000000000200, 1.899999999999999900 ) ) ;
#1911 = LINE ( 'NONE', #1918, #1919 ) ;
#1912 = ORIENTED_EDGE ( 'NONE', *, *, #241, .F. ) ;
#1913 = VERTEX_POINT ( 'NONE', #1832 ) ;
#1914 = ADVANCED_FACE ( 'NONE', ( #1833 ), #1834, .F. ) ;
#1915 = VERTEX_POINT ( 'NONE', #1839 ) ;
#1916 = ORIENTED_EDGE ( 'NONE', *, *, #2306, .F. ) ;
#1917 = ORIENTED_EDGE ( 'NONE', *, *, #281, .F. ) ;
#1918 = CARTESIAN_POINT ( 'NONE',  ( 0.5999999999999999800, 0.0000000000000000000, -3.914815558566074700 ) ) ;
#1919 = VECTOR ( 'NONE', #1920, 1000.000000000000000 ) ;
#1920 = DIRECTION ( 'NONE',  ( 1.000000000000000000, 0.0000000000000000000, 0.0000000000000000000 ) ) ;
#1921 = LINE ( 'NONE', #1922, #1923 ) ;
#1922 = CARTESIAN_POINT ( 'NONE',  ( 0.2500000000000000000, -3.600000000000000100, -4.103483563985010500 ) ) ;
#1923 = VECTOR ( 'NONE', #1924, 1000.000000000000000 ) ;
#1924 = DIRECTION ( 'NONE',  ( -2.899170457442679700E-032, 0.0000000000000000000, -1.000000000000000000 ) ) ;
#1925 = CARTESIAN_POINT ( 'NONE',  ( -2.279999999999999800, 4.400000000000000400, 3.299999999999999800 ) ) ;
#1926 = FACE_OUTER_BOUND ( 'NONE', #1510, .T. ) ;
#1927 = COLOUR_RGB ( '',0.0000000000000000000, 0.0000000000000000000, 0.0000000000000000000 ) ;
#1928 = FILL_AREA_STYLE_COLOUR ( '', #1927 ) ;
#1929 = FILL_AREA_STYLE ('',( #1928 ) ) ;
#1930 = SURFACE_STYLE_FILL_AREA ( #1929 ) ;
#1931 = SURFACE_SIDE_STYLE ('',( #1930 ) ) ;
#1932 = SURFACE_STYLE_USAGE ( .BOTH. , #1931 ) ;
#1933 = PRESENTATION_STYLE_ASSIGNMENT (( #1932 ) ) ;
#1934 = ORIENTED_EDGE ( 'NONE', *, *, #194, .T. ) ;
#1935 = VERTEX_POINT ( 'NONE', #1845 ) ;
#1936 = ORIENTED_EDGE ( 'NONE', *, *, #2231, .T. ) ;
#1937 = ORIENTED_EDGE ( 'NONE', *, *, #152, .T. ) ;
#1938 = STYLED_ITEM ( 'NONE', ( #1933 ), #289 ) ;
#1939 = PRESENTATION_LAYER_ASSIGNMENT (  '', '', ( #1938 ) ) ;
#1940 = MECHANICAL_DESIGN_GEOMETRIC_PRESENTATION_REPRESENTATION (  '', ( #1938 ), #1945 ) ;
#1941 =( LENGTH_UNIT ( ) NAMED_UNIT ( * ) SI_UNIT ( .MILLI., .METRE. ) );
#1942 =( NAMED_UNIT ( * ) PLANE_ANGLE_UNIT ( ) SI_UNIT ( $, .RADIAN. ) );
#1943 =( NAMED_UNIT ( * ) SI_UNIT ( $, .STERADIAN. ) SOLID_ANGLE_UNIT ( ) );
#1944 = UNCERTAINTY_MEASURE_WITH_UNIT (LENGTH_MEASURE( 1.000000000000000100E-005 ), #1941, 'distance_accuracy_value', 'NONE');
#1945 =( GEOMETRIC_REPRESENTATION_CONTEXT ( 3 ) GLOBAL_UNCERTAINTY_ASSIGNED_CONTEXT ( ( #1944 ) ) GLOBAL_UNIT_ASSIGNED_CONTEXT ( ( #1941, #1942, #1943 ) ) REPRESENTATION_CONTEXT ( 'NONE', 'WORKASPACE' ) );
#1946 = PLANE ( 'NONE',  #1947 ) ;
#1947 = AXIS2_PLACEMENT_3D ( 'NONE', #1948, #1949, #1950 ) ;
#1948 = CARTESIAN_POINT ( 'NONE',  ( 1.940000000000000200, 4.400000000000000400, 1.899999999999999900 ) ) ;
#1949 = DIRECTION ( 'NONE',  ( 0.0000000000000000000, 0.0000000000000000000, 1.000000000000000000 ) ) ;
#1950 = DIRECTION ( 'NONE',  ( 1.000000000000000000, 0.0000000000000000000, 0.0000000000000000000 ) ) ;
#1951 = FACE_OUTER_BOUND ( 'NONE', #1976, .T. ) ;
#1952 = PLANE ( 'NONE',  #1953 ) ;
#1953 = AXIS2_PLACEMENT_3D ( 'NONE', #1956, #1957, #1958 ) ;
#1954 = ORIENTED_EDGE ( 'NONE', *, *, #49, .T. ) ;
#1955 = ORIENTED_EDGE ( 'NONE', *, *, #2421, .T. ) ;
#1956 = CARTESIAN_POINT ( 'NONE',  ( 2.290000000000000000, 2.847363708691910200E-017, 4.103483563985010500 ) ) ;
#1957 = DIRECTION ( 'NONE',  ( -1.000000000000000000, -4.178144957383170500E-015, 2.899170457442679700E-032 ) ) ;
#1958 = DIRECTION ( 'NONE',  ( 4.178144957383170500E-015, -1.000000000000000000, 0.0000000000000000000 ) ) ;
#1959 = LINE ( 'NONE', #1960, #1961 ) ;
#1960 = CARTESIAN_POINT ( 'NONE',  ( 3.140000000000000100, 3.950000000000000200, -1.899999999999999900 ) ) ;
#1961 = VECTOR ( 'NONE', #1962, 1000.000000000000000 ) ;
#1962 = DIRECTION ( 'NONE',  ( 0.0000000000000000000, 0.0000000000000000000, -1.000000000000000000 ) ) ;
#1963 = LINE ( 'NONE', #1964, #1965 ) ;
#1964 = CARTESIAN_POINT ( 'NONE',  ( 1.940000000000000200, 4.400000000000000400, -1.899999999999999900 ) ) ;
#1965 = VECTOR ( 'NONE', #1966, 1000.000000000000000 ) ;
#1966 = DIRECTION ( 'NONE',  ( 0.0000000000000000000, 1.000000000000000000, 0.0000000000000000000 ) ) ;
#1967 = LINE ( 'NONE', #1968, #1969 ) ;
#1968 = CARTESIAN_POINT ( 'NONE',  ( 0.5999999999999999800, 2.000000000000000000, 3.299999999999999800 ) ) ;
#1969 = VECTOR ( 'NONE', #1970, 1000.000000000000000 ) ;
#1970 = DIRECTION ( 'NONE',  ( 0.0000000000000000000, 0.0000000000000000000, 1.000000000000000000 ) ) ;
#1971 = LINE ( 'NONE', #1977, #1978 ) ;
#1972 = ORIENTED_EDGE ( 'NONE', *, *, #246, .T. ) ;
#1973 = VERTEX_POINT ( 'NONE', #1860 ) ;
#1974 = ORIENTED_EDGE ( 'NONE', *, *, #3, .F. ) ;
#1975 = ORIENTED_EDGE ( 'NONE', *, *, #157, .T. ) ;
#1976 = EDGE_LOOP ( 'NONE', ( #314, #2471, #208, #229 ) ) ;
#1977 = CARTESIAN_POINT ( 'NONE',  ( 2.790000000000000000, 2.847363708691910200E-017, -4.103483563985010500 ) ) ;
#1978 = VECTOR ( 'NONE', #1979, 1000.000000000000000 ) ;
#1979 = DIRECTION ( 'NONE',  ( 0.0000000000000000000, -6.938893903907229900E-018, 1.000000000000000000 ) ) ;
#1980 = FACE_OUTER_BOUND ( 'NONE', #644, .T. ) ;
#1981 = PLANE ( 'NONE',  #1982 ) ;
#1982 = AXIS2_PLACEMENT_3D ( 'NONE', #1983, #1984, #1985 ) ;
#1983 = CARTESIAN_POINT ( 'NONE',  ( 3.140000000000000100, 1.750000000000000000, 3.299999999999999800 ) ) ;
#1984 = DIRECTION ( 'NONE',  ( -1.000000000000000000, 0.0000000000000000000, 0.0000000000000000000 ) ) ;
#1985 = DIRECTION ( 'NONE',  ( 0.0000000000000000000, 0.0000000000000000000, 1.000000000000000000 ) ) ;
#1986 = LINE ( 'NONE', #1987, #1988 ) ;
#1987 = CARTESIAN_POINT ( 'NONE',  ( -0.5999999999999999800, 1.750000000000000000, 3.572758858321280200 ) ) ;
#1988 = VECTOR ( 'NONE', #1989, 999.9999999999998900 ) ;
#1989 = DIRECTION ( 'NONE',  ( 0.0000000000000000000, 0.9986295347545741700, -0.05233595624294031000 ) ) ;
#1990 = LINE ( 'NONE', #1991, #1992 ) ;
#1991 = CARTESIAN_POINT ( 'NONE',  ( 1.940000000000000200, 4.400000000000000400, 1.899999999999999900 ) ) ;
#1992 = VECTOR ( 'NONE', #1999, 1000.000000000000000 ) ;
#1993 = ORIENTED_EDGE ( 'NONE', *, *, #288, .F. ) ;
#1994 = ORIENTED_EDGE ( 'NONE', *, *, #149, .F. ) ;
#1995 = ORIENTED_EDGE ( 'NONE', *, *, #120, .F. ) ;
#1996 = VERTEX_POINT ( 'NONE', #1886 ) ;
#1997 = EDGE_LOOP ( 'NONE', ( #2481, #2265, #2383, #2403 ) ) ;
#1998 = ORIENTED_EDGE ( 'NONE', *, *, #68, .T. ) ;
#1999 = DIRECTION ( 'NONE',  ( 0.0000000000000000000, -1.000000000000000000, 0.0000000000000000000 ) ) ;
#2000 = LINE ( 'NONE', #2001, #2002 ) ;
#2001 = CARTESIAN_POINT ( 'NONE',  ( 0.5999999999999999800, -3.600000000000000100, -3.853140477485530000 ) ) ;
#2002 = VECTOR ( 'NONE', #2003, 1000.000000000000000 ) ;
#2003 = DIRECTION ( 'NONE',  ( -1.000000000000000000, 0.0000000000000000000, 0.0000000000000000000 ) ) ;
#2004 = LINE ( 'NONE', #2005, #2006 ) ;
#2005 = CARTESIAN_POINT ( 'NONE',  ( 4.819999999999999400, 4.400000000000000400, -3.299999999999999800 ) ) ;
#2006 = VECTOR ( 'NONE', #2007, 1000.000000000000000 ) ;
#2007 = DIRECTION ( 'NONE',  ( -1.314184451497581800E-016, 0.0000000000000000000, -1.000000000000000000 ) ) ;
#2008 = FACE_OUTER_BOUND ( 'NONE', #2228, .T. ) ;
#2009 = COLOUR_RGB ( '',0.0000000000000000000, 0.0000000000000000000, 0.0000000000000000000 ) ;
#2010 = FILL_AREA_STYLE_COLOUR ( '', #2009 ) ;
#2011 = FILL_AREA_STYLE ('',( #2010 ) ) ;
#2012 = SURFACE_STYLE_FILL_AREA ( #2011 ) ;
#2013 = SURFACE_SIDE_STYLE ('',( #2012 ) ) ;
#2014 = SURFACE_STYLE_USAGE ( .BOTH. , #2013 ) ;
#2015 = ADVANCED_FACE ( 'NONE', ( #333 ), #352, .F. ) ;
#2016 = VERTEX_POINT ( 'NONE', #357 ) ;
#2017 = VERTEX_POINT ( 'NONE', #358 ) ;
#2018 = PRESENTATION_STYLE_ASSIGNMENT (( #2014 ) ) ;
#2019 = STYLED_ITEM ( 'NONE', ( #2018 ), #302 ) ;
#2020 = PRESENTATION_LAYER_ASSIGNMENT (  '', '', ( #2019 ) ) ;
#2021 = MECHANICAL_DESIGN_GEOMETRIC_PRESENTATION_REPRESENTATION (  '', ( #2019 ), #2026 ) ;
#2022 =( LENGTH_UNIT ( ) NAMED_UNIT ( * ) SI_UNIT ( .MILLI., .METRE. ) );
#2023 =( NAMED_UNIT ( * ) PLANE_ANGLE_UNIT ( ) SI_UNIT ( $, .RADIAN. ) );
#2024 =( NAMED_UNIT ( * ) SI_UNIT ( $, .STERADIAN. ) SOLID_ANGLE_UNIT ( ) );
#2025 = UNCERTAINTY_MEASURE_WITH_UNIT (LENGTH_MEASURE( 1.000000000000000100E-005 ), #2022, 'distance_accuracy_value', 'NONE');
#2026 =( GEOMETRIC_REPRESENTATION_CONTEXT ( 3 ) GLOBAL_UNCERTAINTY_ASSIGNED_CONTEXT ( ( #2025 ) ) GLOBAL_UNIT_ASSIGNED_CONTEXT ( ( #2022, #2023, #2024 ) ) REPRESENTATION_CONTEXT ( 'NONE', 'WORKASPACE' ) );
#2027 = PLANE ( 'NONE',  #2028 ) ;
#2028 = AXIS2_PLACEMENT_3D ( 'NONE', #2029, #2030, #2031 ) ;
#2029 = CARTESIAN_POINT ( 'NONE',  ( -2.279999999999999800, 4.400000000000000400, -3.299999999999999800 ) ) ;
#2030 = DIRECTION ( 'NONE',  ( 1.000000000000000000, 0.0000000000000000000, 1.314184451497581800E-016 ) ) ;
#2031 = DIRECTION ( 'NONE',  ( 1.314184451497581800E-016, 0.0000000000000000000, -1.000000000000000000 ) ) ;
#2032 = FACE_BOUND ( 'NONE', #78, .T. ) ;
#2033 = FACE_OUTER_BOUND ( 'NONE', #2425, .T. ) ;
#2034 = FACE_BOUND ( 'NONE', #86, .T. ) ;
#2035 = COLOUR_RGB ( '',0.0000000000000000000, 0.0000000000000000000, 0.0000000000000000000 ) ;
#2036 = FILL_AREA_STYLE_COLOUR ( '', #2035 ) ;
#2037 = FILL_AREA_STYLE ('',( #2036 ) ) ;
#2038 = SURFACE_STYLE_FILL_AREA ( #2037 ) ;
#2039 = SURFACE_SIDE_STYLE ('',( #2038 ) ) ;
#2040 = SURFACE_STYLE_USAGE ( .BOTH. , #2039 ) ;
#2041 = PRESENTATION_STYLE_ASSIGNMENT (( #2040 ) ) ;
#2042 = STYLED_ITEM ( 'NONE', ( #2041 ), #303 ) ;
#2043 = PRESENTATION_LAYER_ASSIGNMENT (  '', '', ( #2042 ) ) ;
#2044 = MECHANICAL_DESIGN_GEOMETRIC_PRESENTATION_REPRESENTATION (  '', ( #2042 ), #2049 ) ;
#2045 =( LENGTH_UNIT ( ) NAMED_UNIT ( * ) SI_UNIT ( .MILLI., .METRE. ) );
#2046 =( NAMED_UNIT ( * ) PLANE_ANGLE_UNIT ( ) SI_UNIT ( $, .RADIAN. ) );
#2047 =( NAMED_UNIT ( * ) SI_UNIT ( $, .STERADIAN. ) SOLID_ANGLE_UNIT ( ) );
#2048 = UNCERTAINTY_MEASURE_WITH_UNIT (LENGTH_MEASURE( 1.000000000000000100E-005 ), #2045, 'distance_accuracy_value', 'NONE');
#2049 =( GEOMETRIC_REPRESENTATION_CONTEXT ( 3 ) GLOBAL_UNCERTAINTY_ASSIGNED_CONTEXT ( ( #2048 ) ) GLOBAL_UNIT_ASSIGNED_CONTEXT ( ( #2045, #2046, #2047 ) ) REPRESENTATION_CONTEXT ( 'NONE', 'WORKASPACE' ) );
#2050 = ORIENTED_EDGE ( 'NONE', *, *, #2318, .F. ) ;
#2051 = EDGE_CURVE ( 'NONE', #2217, #2358, #369, .T. ) ;
#2052 = ADVANCED_FACE ( 'NONE', ( #373, #374 ), #391, .F. ) ;
#2053 = PLANE ( 'NONE',  #2054 ) ;
#2054 = AXIS2_PLACEMENT_3D ( 'NONE', #2055, #2056, #2057 ) ;
#2055 = CARTESIAN_POINT ( 'NONE',  ( -2.279999999999999800, 4.400000000000000400, -3.299999999999999800 ) ) ;
#2056 = DIRECTION ( 'NONE',  ( 0.0000000000000000000, 0.0000000000000000000, 1.000000000000000000 ) ) ;
#2057 = DIRECTION ( 'NONE',  ( 1.000000000000000000, 0.0000000000000000000, 0.0000000000000000000 ) ) ;
#2058 = LINE ( 'NONE', #2059, #2060 ) ;
#2059 = CARTESIAN_POINT ( 'NONE',  ( 3.140000000000000100, 2.000000000000000000, 3.810000000000000100 ) ) ;
#2060 = VECTOR ( 'NONE', #2061, 1000.000000000000000 ) ;
#2061 = DIRECTION ( 'NONE',  ( -1.000000000000000000, 0.0000000000000000000, 0.0000000000000000000 ) ) ;
#2062 = FACE_OUTER_BOUND ( 'NONE', #55, .T. ) ;
#2063 = PLANE ( 'NONE',  #2064 ) ;
#2064 = AXIS2_PLACEMENT_3D ( 'NONE', #2065, #2066, #2067 ) ;
#2065 = CARTESIAN_POINT ( 'NONE',  ( 3.140000000000000100, 2.847363708691910200E-017, 4.103483563985010500 ) ) ;
#2066 = DIRECTION ( 'NONE',  ( 0.0000000000000000000, -1.000000000000000000, 6.938893903907229900E-018 ) ) ;
#2067 = DIRECTION ( 'NONE',  ( 0.0000000000000000000, -6.938893903907229900E-018, -1.000000000000000000 ) ) ;
#2068 = COLOUR_RGB ( '',1.000000000000000000, 1.000000000000000000, 0.5019607843137254800 ) ;
#2069 = ADVANCED_FACE ( 'NONE', ( #402 ), #403, .T. ) ;
#2070 = FILL_AREA_STYLE_COLOUR ( '', #2068 ) ;
#2071 = FILL_AREA_STYLE ('',( #2070 ) ) ;
#2072 = SURFACE_STYLE_FILL_AREA ( #2071 ) ;
#2073 = SURFACE_SIDE_STYLE ('',( #2072 ) ) ;
#2074 = SURFACE_STYLE_USAGE ( .BOTH. , #2073 ) ;
#2075 = PRESENTATION_STYLE_ASSIGNMENT (( #2074 ) ) ;
#2076 = STYLED_ITEM ( 'NONE', ( #2075 ), #2324 ) ;
#2077 = PRESENTATION_LAYER_ASSIGNMENT (  '', '', ( #2076 ) ) ;
#2078 = MECHANICAL_DESIGN_GEOMETRIC_PRESENTATION_REPRESENTATION (  '', ( #2076 ), #2083 ) ;
#2079 =( LENGTH_UNIT ( ) NAMED_UNIT ( * ) SI_UNIT ( .MILLI., .METRE. ) );
#2080 =( NAMED_UNIT ( * ) PLANE_ANGLE_UNIT ( ) SI_UNIT ( $, .RADIAN. ) );
#2081 =( NAMED_UNIT ( * ) SI_UNIT ( $, .STERADIAN. ) SOLID_ANGLE_UNIT ( ) );
#2082 = UNCERTAINTY_MEASURE_WITH_UNIT (LENGTH_MEASURE( 1.000000000000000100E-005 ), #2079, 'distance_accuracy_value', 'NONE');
#2083 =( GEOMETRIC_REPRESENTATION_CONTEXT ( 3 ) GLOBAL_UNCERTAINTY_ASSIGNED_CONTEXT ( ( #2082 ) ) GLOBAL_UNIT_ASSIGNED_CONTEXT ( ( #2079, #2080, #2081 ) ) REPRESENTATION_CONTEXT ( 'NONE', 'WORKASPACE' ) );
#2084 = LINE ( 'NONE', #2085, #2086 ) ;
#2085 = CARTESIAN_POINT ( 'NONE',  ( 3.140000000000000100, 2.000000000000000000, -3.810000000000000100 ) ) ;
#2086 = VECTOR ( 'NONE', #2087, 999.9999999999998900 ) ;
#2087 = DIRECTION ( 'NONE',  ( 0.0000000000000000000, -0.9986295347545741700, -0.05233595624294021300 ) ) ;
#2088 = LINE ( 'NONE', #2089, #2090 ) ;
#2089 = CARTESIAN_POINT ( 'NONE',  ( 2.040000000000000000, 6.479311422413369200, -3.331780381102265400E-016 ) ) ;
#2090 = VECTOR ( 'NONE', #2091, 1000.000000000000000 ) ;
#2091 = DIRECTION ( 'NONE',  ( 0.0000000000000000000, -1.000000000000000000, 0.0000000000000000000 ) ) ;
#2092 = FACE_BOUND ( 'NONE', #210, .T. ) ;
#2093 = FACE_OUTER_BOUND ( 'NONE', #2238, .T. ) ;
#2094 = FACE_BOUND ( 'NONE', #83, .T. ) ;
#2095 = COLOUR_RGB ( '',0.0000000000000000000, 0.0000000000000000000, 0.0000000000000000000 ) ;
#2096 = FILL_AREA_STYLE_COLOUR ( '', #2095 ) ;
#2097 = FILL_AREA_STYLE ('',( #2096 ) ) ;
#2098 = SURFACE_STYLE_FILL_AREA ( #2097 ) ;
#2099 = SURFACE_SIDE_STYLE ('',( #2098 ) ) ;
#2100 = SURFACE_STYLE_USAGE ( .BOTH. , #2099 ) ;
#2101 = PRESENTATION_STYLE_ASSIGNMENT (( #2100 ) ) ;
#2102 = EDGE_CURVE ( 'NONE', #867, #2221, #418, .T. ) ;
#2103 = STYLED_ITEM ( 'NONE', ( #2101 ), #318 ) ;
#2104 = PRESENTATION_LAYER_ASSIGNMENT (  '', '', ( #2103 ) ) ;
#2105 = MECHANICAL_DESIGN_GEOMETRIC_PRESENTATION_REPRESENTATION (  '', ( #2103 ), #2110 ) ;
#2106 =( LENGTH_UNIT ( ) NAMED_UNIT ( * ) SI_UNIT ( .MILLI., .METRE. ) );
#2107 =( NAMED_UNIT ( * ) PLANE_ANGLE_UNIT ( ) SI_UNIT ( $, .RADIAN. ) );
#2108 =( NAMED_UNIT ( * ) SI_UNIT ( $, .STERADIAN. ) SOLID_ANGLE_UNIT ( ) );
#2109 = UNCERTAINTY_MEASURE_WITH_UNIT (LENGTH_MEASURE( 1.000000000000000100E-005 ), #2106, 'distance_accuracy_value', 'NONE');
#2110 =( GEOMETRIC_REPRESENTATION_CONTEXT ( 3 ) GLOBAL_UNCERTAINTY_ASSIGNED_CONTEXT ( ( #2109 ) ) GLOBAL_UNIT_ASSIGNED_CONTEXT ( ( #2106, #2107, #2108 ) ) REPRESENTATION_CONTEXT ( 'NONE', 'WORKASPACE' ) );
#2111 = PLANE ( 'NONE',  #2112 ) ;
#2112 = AXIS2_PLACEMENT_3D ( 'NONE', #2113, #2114, #2115 ) ;
#2113 = CARTESIAN_POINT ( 'NONE',  ( -2.279999999999999800, 4.400000000000000400, 3.299999999999999800 ) ) ;
#2114 = DIRECTION ( 'NONE',  ( 0.0000000000000000000, 0.0000000000000000000, -1.000000000000000000 ) ) ;
#2115 = DIRECTION ( 'NONE',  ( -1.000000000000000000, 0.0000000000000000000, 0.0000000000000000000 ) ) ;
#2116 = CARTESIAN_POINT ( 'NONE',  ( 3.140000000000000100, 1.750000000000000000, 3.572758858321280200 ) ) ;
#2117 = LINE ( 'NONE', #2118, #2122 ) ;
#2118 = CARTESIAN_POINT ( 'NONE',  ( 3.140000000000000100, 0.0000000000000000000, 3.299999999999999800 ) ) ;
#2119 = VERTEX_POINT ( 'NONE', #426 ) ;
#2120 = ORIENTED_EDGE ( 'NONE', *, *, #2191, .F. ) ;
#2121 = VERTEX_POINT ( 'NONE', #433 ) ;
#2122 = VECTOR ( 'NONE', #2123, 1000.000000000000000 ) ;
#2123 = DIRECTION ( 'NONE',  ( 0.0000000000000000000, 6.938893903907229900E-018, 1.000000000000000000 ) ) ;
#2124 = CARTESIAN_POINT ( 'NONE',  ( 1.940000000000000200, 2.000000000000000000, 3.810000000000000100 ) ) ;
#2125 = FACE_OUTER_BOUND ( 'NONE', #53, .T. ) ;
#2126 = COLOUR_RGB ( '',0.0000000000000000000, 0.0000000000000000000, 0.0000000000000000000 ) ;
#2127 = FILL_AREA_STYLE_COLOUR ( '', #2126 ) ;
#2128 = FILL_AREA_STYLE ('',( #2127 ) ) ;
#2129 = SURFACE_STYLE_FILL_AREA ( #2128 ) ;
#2130 = SURFACE_SIDE_STYLE ('',( #2129 ) ) ;
#2131 = SURFACE_STYLE_USAGE ( .BOTH. , #2130 ) ;
#2132 = PRESENTATION_STYLE_ASSIGNMENT (( #2131 ) ) ;
#2133 = STYLED_ITEM ( 'NONE', ( #2132 ), #322 ) ;
#2134 = PRESENTATION_LAYER_ASSIGNMENT (  '', '', ( #2133 ) ) ;
#2135 = MECHANICAL_DESIGN_GEOMETRIC_PRESENTATION_REPRESENTATION (  '', ( #2133 ), #2141 ) ;
#2136 =( LENGTH_UNIT ( ) NAMED_UNIT ( * ) SI_UNIT ( .MILLI., .METRE. ) );
#2137 =( NAMED_UNIT ( * ) PLANE_ANGLE_UNIT ( ) SI_UNIT ( $, .RADIAN. ) );
#2138 = EDGE_LOOP ( 'NONE', ( #14, #2494, #309, #501, #141, #286 ) ) ;
#2139 =( NAMED_UNIT ( * ) SI_UNIT ( $, .STERADIAN. ) SOLID_ANGLE_UNIT ( ) );
#2140 = UNCERTAINTY_MEASURE_WITH_UNIT (LENGTH_MEASURE( 1.000000000000000100E-005 ), #2136, 'distance_accuracy_value', 'NONE');
#2141 =( GEOMETRIC_REPRESENTATION_CONTEXT ( 3 ) GLOBAL_UNCERTAINTY_ASSIGNED_CONTEXT ( ( #2140 ) ) GLOBAL_UNIT_ASSIGNED_CONTEXT ( ( #2136, #2137, #2139 ) ) REPRESENTATION_CONTEXT ( 'NONE', 'WORKASPACE' ) );
#2142 = PLANE ( 'NONE',  #2143 ) ;
#2143 = AXIS2_PLACEMENT_3D ( 'NONE', #2144, #2145, #2146 ) ;
#2144 = CARTESIAN_POINT ( 'NONE',  ( -2.279999999999999800, 1.000000000000000000, -3.299999999999999800 ) ) ;
#2145 = DIRECTION ( 'NONE',  ( 0.0000000000000000000, 1.000000000000000000, 0.0000000000000000000 ) ) ;
#2146 = DIRECTION ( 'NONE',  ( 0.0000000000000000000, 0.0000000000000000000, 1.000000000000000000 ) ) ;
#2147 = FACE_OUTER_BOUND ( 'NONE', #266, .T. ) ;
#2148 = PLANE ( 'NONE',  #2149 ) ;
#2149 = AXIS2_PLACEMENT_3D ( 'NONE', #2150, #2151, #2152 ) ;
#2150 = CARTESIAN_POINT ( 'NONE',  ( -0.5999999999999999800, 2.847363708691910200E-017, -4.103483563985010500 ) ) ;
#2151 = DIRECTION ( 'NONE',  ( 0.0000000000000000000, 1.000000000000000000, 6.938893903907229900E-018 ) ) ;
#2152 = DIRECTION ( 'NONE',  ( 0.0000000000000000000, -6.938893903907229900E-018, 1.000000000000000000 ) ) ;
#2153 = CARTESIAN_POINT ( 'NONE',  ( -0.5999999999999999800, 1.750000000000000000, 3.572758858321280200 ) ) ;
#2154 = FACE_OUTER_BOUND ( 'NONE', #43, .T. ) ;
#2155 = VERTEX_POINT ( 'NONE', #447 ) ;
#2156 = PLANE ( 'NONE',  #2157 ) ;
#2157 = AXIS2_PLACEMENT_3D ( 'NONE', #2158, #2159, #2160 ) ;
#2158 = CARTESIAN_POINT ( 'NONE',  ( 3.140000000000000100, 2.000000000000000000, -3.299999999999999800 ) ) ;
#2159 = DIRECTION ( 'NONE',  ( 0.0000000000000000000, 1.000000000000000000, 0.0000000000000000000 ) ) ;
#2160 = DIRECTION ( 'NONE',  ( 0.0000000000000000000, 0.0000000000000000000, 1.000000000000000000 ) ) ;
#2161 = CARTESIAN_POINT ( 'NONE',  ( 4.819999999999999400, 4.400000000000000400, -3.299999999999999800 ) ) ;
#2162 = LINE ( 'NONE', #2163, #2164 ) ;
#2163 = CARTESIAN_POINT ( 'NONE',  ( 2.289999999999974700, 2.000000000000000000, -3.810000000000000100 ) ) ;
#2164 = VECTOR ( 'NONE', #2165, 999.9999999999998900 ) ;
#2165 = DIRECTION ( 'NONE',  ( 4.172418954928725900E-015, -0.9986295347545741700, -0.05233595624294021300 ) ) ;
#2166 = CARTESIAN_POINT ( 'NONE',  ( -2.279999999999999800, 4.400000000000000400, -3.299999999999999800 ) ) ;
#2167 = LINE ( 'NONE', #2168, #2169 ) ;
#2168 = CARTESIAN_POINT ( 'NONE',  ( -0.5000000000000000000, 5.100000000000000500, -3.331780381102265400E-016 ) ) ;
#2169 = VECTOR ( 'NONE', #2170, 1000.000000000000000 ) ;
#2170 = DIRECTION ( 'NONE',  ( -1.000000000000000000, 0.0000000000000000000, 0.0000000000000000000 ) ) ;
#2171 = FACE_OUTER_BOUND ( 'NONE', #2304, .T. ) ;
#2172 = ADVANCED_FACE ( 'NONE', ( #448 ), #450, .F. ) ;
#2173 = VERTEX_POINT ( 'NONE', #455 ) ;
#2174 = ADVANCED_FACE ( 'NONE', ( #456 ), #457, .F. ) ;
#2175 = PLANE ( 'NONE',  #2176 ) ;
#2176 = AXIS2_PLACEMENT_3D ( 'NONE', #2177, #2178, #2179 ) ;
#2177 = CARTESIAN_POINT ( 'NONE',  ( 1.940000000000000200, 2.847363708691910200E-017, -4.103483563985010500 ) ) ;
#2178 = DIRECTION ( 'NONE',  ( 0.0000000000000000000, 1.000000000000000000, 6.938893903907229900E-018 ) ) ;
#2179 = DIRECTION ( 'NONE',  ( 0.0000000000000000000, -6.938893903907229900E-018, 1.000000000000000000 ) ) ;
#2180 = LINE ( 'NONE', #2181, #2182 ) ;
#2181 = CARTESIAN_POINT ( 'NONE',  ( 1.940000000000000200, 2.000000000000000000, 3.299999999999999800 ) ) ;
#2182 = VECTOR ( 'NONE', #2183, 1000.000000000000000 ) ;
#2183 = DIRECTION ( 'NONE',  ( 0.0000000000000000000, 1.000000000000000000, 1.734723475976805100E-015 ) ) ;
#2184 = CARTESIAN_POINT ( 'NONE',  ( 0.5000000000000000000, 5.100000000000000500, -3.331780381102265400E-016 ) ) ;
#2185 = LINE ( 'NONE', #2186, #2187 ) ;
#2186 = CARTESIAN_POINT ( 'NONE',  ( 0.5999999999999999800, -3.600000000000000100, 4.103483563985010500 ) ) ;
#2187 = VECTOR ( 'NONE', #2188, 1000.000000000000000 ) ;
#2188 = DIRECTION ( 'NONE',  ( -1.000000000000000000, 0.0000000000000000000, 0.0000000000000000000 ) ) ;
#2189 = LINE ( 'NONE', #2190, #2192 ) ;
#2190 = CARTESIAN_POINT ( 'NONE',  ( 2.290000000000000000, -3.600000000000000100, -4.103483563985010500 ) ) ;
#2191 = EDGE_CURVE ( 'NONE', #1079, #1973, #478, .T. ) ;
#2192 = VECTOR ( 'NONE', #2193, 1000.000000000000000 ) ;
#2193 = DIRECTION ( 'NONE',  ( -2.899170457442679700E-032, 0.0000000000000000000, 1.000000000000000000 ) ) ;
#2194 =( LENGTH_UNIT ( ) NAMED_UNIT ( * ) SI_UNIT ( .MILLI., .METRE. ) );
#2195 =( NAMED_UNIT ( * ) PLANE_ANGLE_UNIT ( ) SI_UNIT ( $, .RADIAN. ) );
#2196 =( NAMED_UNIT ( * ) SI_UNIT ( $, .STERADIAN. ) SOLID_ANGLE_UNIT ( ) );
#2197 = UNCERTAINTY_MEASURE_WITH_UNIT (LENGTH_MEASURE( 1.000000000000000100E-005 ), #2194, 'distance_accuracy_value', 'NONE');
#2198 =( GEOMETRIC_REPRESENTATION_CONTEXT ( 3 ) GLOBAL_UNCERTAINTY_ASSIGNED_CONTEXT ( ( #2197 ) ) GLOBAL_UNIT_ASSIGNED_CONTEXT ( ( #2194, #2195, #2196 ) ) REPRESENTATION_CONTEXT ( 'NONE', 'WORKASPACE' ) );
#2199 = ADVANCED_BREP_SHAPE_REPRESENTATION ( 'A6D_2103', ( #2324, #2200 ), #2198 ) ;
#2200 = AXIS2_PLACEMENT_3D ( 'NONE', #2201, #2202, #2203 ) ;
#2201 = CARTESIAN_POINT ( 'NONE',  ( 0.0000000000000000000, 0.0000000000000000000, 0.0000000000000000000 ) ) ;
#2202 = DIRECTION ( 'NONE',  ( 0.0000000000000000000, 0.0000000000000000000, 1.000000000000000000 ) ) ;
#2203 = DIRECTION ( 'NONE',  ( 1.000000000000000000, 0.0000000000000000000, 0.0000000000000000000 ) ) ;
#2204 = APPLICATION_CONTEXT ( 'automotive_design' ) ;
#2205 = APPLICATION_PROTOCOL_DEFINITION ( 'draft international standard', 'automotive_design', 1998, #2204 ) ;
#2206 = PRODUCT_CONTEXT ( 'NONE', #2204, 'mechanical' ) ;
#2207 = PRODUCT ( 'A6D_2103', 'A6D_2103', '', ( #2206 ) ) ;
#2208 = APPLICATION_CONTEXT ( 'automotive_design' ) ;
#2209 = APPLICATION_PROTOCOL_DEFINITION ( 'draft international standard', 'automotive_design', 1998, #2208 ) ;
#2210 = PRODUCT_DEFINITION_CONTEXT ( 'detailed design', #2208, 'design' ) ;
#2211 = PRODUCT_DEFINITION ( 'UNKNOWN', '', #2212, #2210 ) ;
#2212 = PRODUCT_DEFINITION_FORMATION_WITH_SPECIFIED_SOURCE ( 'ANY', '', #2207, .NOT_KNOWN. ) ;
#2213 = PRODUCT_RELATED_PRODUCT_CATEGORY ( 'part', '', ( #2207 ) ) ;
#2214 = PRODUCT_DEFINITION_SHAPE ( 'NONE', 'NONE',  #2211 ) ;
#2215 = SHAPE_DEFINITION_REPRESENTATION ( #2214, #2199 ) ;
#2216 = ORIENTED_EDGE ( 'NONE', *, *, #98, .F. ) ;
#2217 = VERTEX_POINT ( 'NONE', #492 ) ;
#2218 = ORIENTED_EDGE ( 'NONE', *, *, #1492, .F. ) ;
#2219 = ORIENTED_EDGE ( 'NONE', *, *, #2314, .T. ) ;
#2220 = ADVANCED_FACE ( 'NONE', ( #493 ), #494, .F. ) ;
#2221 = VERTEX_POINT ( 'NONE', #513 ) ;
#2222 = ORIENTED_EDGE ( 'NONE', *, *, #231, .F. ) ;
#2223 = VERTEX_POINT ( 'NONE', #533 ) ;
#2224 = EDGE_LOOP ( 'NONE', ( #2437, #921, #300, #185 ) ) ;
#2225 = ADVANCED_FACE ( 'NONE', ( #552 ), #553, .T. ) ;
#2226 = ORIENTED_EDGE ( 'NONE', *, *, #15, .F. ) ;
#2227 = EDGE_CURVE ( 'NONE', #2331, #2252, #562, .T. ) ;
#2228 = EDGE_LOOP ( 'NONE', ( #153, #1892, #2244, #2328 ) ) ;
#2229 = EDGE_LOOP ( 'NONE', ( #1734, #308, #2311, #1936, #2253, #87 ) ) ;
#2230 = ADVANCED_FACE ( 'NONE', ( #571 ), #572, .F. ) ;
#2231 = EDGE_CURVE ( 'NONE', #2428, #1700, #591, .T. ) ;
#2232 = ORIENTED_EDGE ( 'NONE', *, *, #270, .F. ) ;
#2233 = VERTEX_POINT ( 'NONE', #600 ) ;
#2234 = ADVANCED_FACE ( 'NONE', ( #602 ), #603, .F. ) ;
#2235 = ORIENTED_EDGE ( 'NONE', *, *, #2488, .T. ) ;
#2236 = ORIENTED_EDGE ( 'NONE', *, *, #2245, .T. ) ;
#2237 = ORIENTED_EDGE ( 'NONE', *, *, #181, .T. ) ;
#2238 = EDGE_LOOP ( 'NONE', ( #1972, #1825, #2285, #2266 ) ) ;
#2239 = ADVANCED_FACE ( 'NONE', ( #626 ), #627, .T. ) ;
#2240 = ORIENTED_EDGE ( 'NONE', *, *, #2484, .F. ) ;
#2241 = EDGE_LOOP ( 'NONE', ( #2346, #849, #2387, #1805 ) ) ;
#2242 = ORIENTED_EDGE ( 'NONE', *, *, #2286, .F. ) ;
#2243 = VERTEX_POINT ( 'NONE', #640 ) ;
#2244 = ORIENTED_EDGE ( 'NONE', *, *, #2397, .F. ) ;
#2245 = EDGE_CURVE ( 'NONE', #1425, #72, #663, .T. ) ;
#2246 = ORIENTED_EDGE ( 'NONE', *, *, #214, .T. ) ;
#2247 = ORIENTED_EDGE ( 'NONE', *, *, #1080, .F. ) ;
#2248 = EDGE_CURVE ( 'NONE', #2256, #251, #695, .T. ) ;
#2249 = EDGE_LOOP ( 'NONE', ( #325, #2235, #1683, #1615 ) ) ;
#2250 = ORIENTED_EDGE ( 'NONE', *, *, #2475, .T. ) ;
#2251 = ORIENTED_EDGE ( 'NONE', *, *, #88, .T. ) ;
#2252 = VERTEX_POINT ( 'NONE', #730 ) ;
#2253 = ORIENTED_EDGE ( 'NONE', *, *, #2310, .T. ) ;
#2254 = EDGE_LOOP ( 'NONE', ( #2448, #886, #158, #183 ) ) ;
#2255 = ORIENTED_EDGE ( 'NONE', *, *, #2400, .F. ) ;
#2256 = VERTEX_POINT ( 'NONE', #753 ) ;
#2257 = EDGE_LOOP ( 'NONE', ( #273, #202, #249, #287 ) ) ;
#2258 = ADVANCED_FACE ( 'NONE', ( #787 ), #803, .F. ) ;
#2259 = EDGE_CURVE ( 'NONE', #271, #19, #808, .T. ) ;
#2260 = ORIENTED_EDGE ( 'NONE', *, *, #2272, .T. ) ;
#2261 = EDGE_LOOP ( 'NONE', ( #220, #312, #991, #2251, #132, #73, #2500, #278 ) ) ;
#2262 = VERTEX_POINT ( 'NONE', #872 ) ;
#2263 = EDGE_CURVE ( 'NONE', #1850, #2490, #873, .T. ) ;
#2264 = ORIENTED_EDGE ( 'NONE', *, *, #831, .T. ) ;
#2265 = ORIENTED_EDGE ( 'NONE', *, *, #188, .T. ) ;
#2266 = ORIENTED_EDGE ( 'NONE', *, *, #197, .T. ) ;
#2267 = ORIENTED_EDGE ( 'NONE', *, *, #2452, .F. ) ;
#2268 = VERTEX_POINT ( 'NONE', #972 ) ;
#2269 = VERTEX_POINT ( 'NONE', #998 ) ;
#2270 = ORIENTED_EDGE ( 'NONE', *, *, #4, .T. ) ;
#2271 = ORIENTED_EDGE ( 'NONE', *, *, #67, .F. ) ;
#2272 = EDGE_CURVE ( 'NONE', #196, #271, #1051, .T. ) ;
#2273 = EDGE_CURVE ( 'NONE', #2274, #1871, #1096, .T. ) ;
#2274 = VERTEX_POINT ( 'NONE', #1100 ) ;
#2275 = ORIENTED_EDGE ( 'NONE', *, *, #2379, .T. ) ;
#2276 = ADVANCED_FACE ( 'NONE', ( #1127 ), #1128, .T. ) ;
#2277 = ORIENTED_EDGE ( 'NONE', *, *, #2, .F. ) ;
#2278 = EDGE_LOOP ( 'NONE', ( #2367, #2505, #51, #164 ) ) ;
#2279 = ORIENTED_EDGE ( 'NONE', *, *, #1320, .T. ) ;
#2280 = EDGE_CURVE ( 'NONE', #1425, #94, #1288, .T. ) ;
#2281 = ORIENTED_EDGE ( 'NONE', *, *, #2499, .T. ) ;
#2282 = ORIENTED_EDGE ( 'NONE', *, *, #430, .T. ) ;
#2283 = ORIENTED_EDGE ( 'NONE', *, *, #315, .T. ) ;
#2284 = ORIENTED_EDGE ( 'NONE', *, *, #2389, .F. ) ;
#2285 = ORIENTED_EDGE ( 'NONE', *, *, #188, .F. ) ;
#2286 = EDGE_CURVE ( 'NONE', #2297, #2017, #1398, .T. ) ;
#2287 = ORIENTED_EDGE ( 'NONE', *, *, #12, .F. ) ;
#2288 = VERTEX_POINT ( 'NONE', #1463 ) ;
#2289 = EDGE_CURVE ( 'NONE', #1973, #1996, #1478, .T. ) ;
#2290 = EDGE_CURVE ( 'NONE', #2345, #1408, #1486, .T. ) ;
#2291 = EDGE_CURVE ( 'NONE', #1889, #2274, #1514, .T. ) ;
#2292 = EDGE_CURVE ( 'NONE', #97, #813, #1532, .T. ) ;
#2293 = ORIENTED_EDGE ( 'NONE', *, *, #2298, .F. ) ;
#2294 = ORIENTED_EDGE ( 'NONE', *, *, #71, .T. ) ;
#2295 = ORIENTED_EDGE ( 'NONE', *, *, #2456, .T. ) ;
#2296 = EDGE_LOOP ( 'NONE', ( #226, #1849, #27, #2350 ) ) ;
#2297 = VERTEX_POINT ( 'NONE', #1668 ) ;
#2298 = EDGE_CURVE ( 'NONE', #2467, #2476, #1729, .T. ) ;
#2299 = ORIENTED_EDGE ( 'NONE', *, *, #30, .T. ) ;
#2300 = ORIENTED_EDGE ( 'NONE', *, *, #2312, .T. ) ;
#2301 = ADVANCED_FACE ( 'NONE', ( #1854 ), #1855, .F. ) ;
#2302 = EDGE_CURVE ( 'NONE', #319, #1889, #1906, .T. ) ;
#2303 = EDGE_CURVE ( 'NONE', #2358, #1425, #1911, .T. ) ;
#2304 = EDGE_LOOP ( 'NONE', ( #329, #1848, #2504, #1252 ) ) ;
#2305 = VERTEX_POINT ( 'NONE', #1925 ) ;
#2306 = EDGE_CURVE ( 'NONE', #64, #2223, #1959, .T. ) ;
#2307 = ORIENTED_EDGE ( 'NONE', *, *, #191, .T. ) ;
#2308 = EDGE_CURVE ( 'NONE', #89, #25, #1963, .T. ) ;
#2309 = ORIENTED_EDGE ( 'NONE', *, *, #234, .F. ) ;
#2310 = EDGE_CURVE ( 'NONE', #1700, #29, #1967, .T. ) ;
#2311 = ORIENTED_EDGE ( 'NONE', *, *, #3, .T. ) ;
#2312 = EDGE_CURVE ( 'NONE', #2374, #113, #1971, .T. ) ;
#2313 = ORIENTED_EDGE ( 'NONE', *, *, #2477, .T. ) ;
#2314 = EDGE_CURVE ( 'NONE', #2173, #326, #1986, .T. ) ;
#2315 = EDGE_CURVE ( 'NONE', #251, #2492, #2000, .T. ) ;
#2316 = ORIENTED_EDGE ( 'NONE', *, *, #2400, .T. ) ;
#2317 = EDGE_LOOP ( 'NONE', ( #2321, #135, #1993, #2382 ) ) ;
#2318 = EDGE_CURVE ( 'NONE', #2498, #2331, #2004, .T. ) ;
#2319 = ORIENTED_EDGE ( 'NONE', *, *, #2334, .F. ) ;
#2320 = ORIENTED_EDGE ( 'NONE', *, *, #157, .F. ) ;
#2321 = ORIENTED_EDGE ( 'NONE', *, *, #60, .F. ) ;
#2322 = EDGE_CURVE ( 'NONE', #1871, #2327, #2058, .T. ) ;
#2323 = ORIENTED_EDGE ( 'NONE', *, *, #2466, .F. ) ;
#2324 = MANIFOLD_SOLID_BREP ( 'NONE', #313 ) ;
#2325 = EDGE_LOOP ( 'NONE', ( #1025, #1916, #2386, #328 ) ) ;
#2326 = ORIENTED_EDGE ( 'NONE', *, *, #1733, .T. ) ;
#2327 = VERTEX_POINT ( 'NONE', #2124 ) ;
#2328 = ORIENTED_EDGE ( 'NONE', *, *, #52, .T. ) ;
#2329 = ORIENTED_EDGE ( 'NONE', *, *, #2332, .F. ) ;
#2330 = ORIENTED_EDGE ( 'NONE', *, *, #187, .T. ) ;
#2331 = VERTEX_POINT ( 'NONE', #2161 ) ;
#2332 = EDGE_CURVE ( 'NONE', #2435, #235, #2162, .T. ) ;
#2333 = VERTEX_POINT ( 'NONE', #2166 ) ;
#2334 = EDGE_CURVE ( 'NONE', #332, #196, #2167, .T. ) ;
#2335 = ORIENTED_EDGE ( 'NONE', *, *, #2393, .T. ) ;
#2336 = ORIENTED_EDGE ( 'NONE', *, *, #2478, .T. ) ;
#2337 = ORIENTED_EDGE ( 'NONE', *, *, #2349, .F. ) ;
#2338 = ORIENTED_EDGE ( 'NONE', *, *, #2354, .T. ) ;
#2339 = ADVANCED_FACE ( 'NONE', ( #671 ), #672, .T. ) ;
#2340 = ORIENTED_EDGE ( 'NONE', *, *, #156, .F. ) ;
#2341 = ORIENTED_EDGE ( 'NONE', *, *, #2370, .F. ) ;
#2342 = ORIENTED_EDGE ( 'NONE', *, *, #331, .T. ) ;
#2343 = ORIENTED_EDGE ( 'NONE', *, *, #2442, .F. ) ;
#2344 = ORIENTED_EDGE ( 'NONE', *, *, #2360, .F. ) ;
#2345 = VERTEX_POINT ( 'NONE', #720 ) ;
#2346 = ORIENTED_EDGE ( 'NONE', *, *, #2308, .T. ) ;
#2347 = ORIENTED_EDGE ( 'NONE', *, *, #2412, .T. ) ;
#2348 = EDGE_LOOP ( 'NONE', ( #2426, #2246, #1937, #169, #2388, #2401 ) ) ;
#2349 = EDGE_CURVE ( 'NONE', #2376, #113, #749, .T. ) ;
#2350 = ORIENTED_EDGE ( 'NONE', *, *, #554, .T. ) ;
#2351 = EDGE_LOOP ( 'NONE', ( #428, #306, #224, #293, #2222, #360, #257, #1 ) ) ;
#2352 = ORIENTED_EDGE ( 'NONE', *, *, #71, .F. ) ;
#2353 = ORIENTED_EDGE ( 'NONE', *, *, #2308, .F. ) ;
#2354 = EDGE_CURVE ( 'NONE', #2017, #76, #755, .T. ) ;
#2355 = EDGE_CURVE ( 'NONE', #2016, #5, #759, .T. ) ;
#2356 = EDGE_CURVE ( 'NONE', #2374, #992, #763, .T. ) ;
#2357 = ORIENTED_EDGE ( 'NONE', *, *, #2384, .F. ) ;
#2358 = VERTEX_POINT ( 'NONE', #767 ) ;
#2359 = ADVANCED_FACE ( 'NONE', ( #774 ), #775, .F. ) ;
#2360 = EDGE_CURVE ( 'NONE', #2476, #2297, #783, .T. ) ;
#2361 = ORIENTED_EDGE ( 'NONE', *, *, #711, .F. ) ;
#2362 = ORIENTED_EDGE ( 'NONE', *, *, #2263, .T. ) ;
#2363 = ORIENTED_EDGE ( 'NONE', *, *, #17, .F. ) ;
#2364 = ORIENTED_EDGE ( 'NONE', *, *, #2291, .T. ) ;
#2365 = EDGE_CURVE ( 'NONE', #19, #8, #877, .T. ) ;
#2366 = VERTEX_POINT ( 'NONE', #881 ) ;
#2367 = ORIENTED_EDGE ( 'NONE', *, *, #231, .T. ) ;
#2368 = EDGE_LOOP ( 'NONE', ( #2503, #222, #218, #193 ) ) ;
#2369 = ADVANCED_FACE ( 'NONE', ( #882 ), #883, .T. ) ;
#2370 = EDGE_CURVE ( 'NONE', #332, #100, #889, .T. ) ;
#2371 = ADVANCED_FACE ( 'NONE', ( #893 ), #894, .T. ) ;
#2372 = ORIENTED_EDGE ( 'NONE', *, *, #2332, .T. ) ;
#2373 = ORIENTED_EDGE ( 'NONE', *, *, #2245, .F. ) ;
#2374 = VERTEX_POINT ( 'NONE', #931 ) ;
#2375 = ORIENTED_EDGE ( 'NONE', *, *, #2273, .T. ) ;
#2376 = VERTEX_POINT ( 'NONE', #942 ) ;
#2377 = EDGE_LOOP ( 'NONE', ( #2294, #90, #2316, #2300 ) ) ;
#2378 = ORIENTED_EDGE ( 'NONE', *, *, #175, .T. ) ;
#2379 = EDGE_CURVE ( 'NONE', #2461, #130, #943, .T. ) ;
#2380 = ORIENTED_EDGE ( 'NONE', *, *, #88, .F. ) ;
#2381 = EDGE_CURVE ( 'NONE', #2155, #262, #978, .T. ) ;
#2382 = ORIENTED_EDGE ( 'NONE', *, *, #2315, .T. ) ;
#2383 = ORIENTED_EDGE ( 'NONE', *, *, #2318, .T. ) ;
#2384 = EDGE_CURVE ( 'NONE', #2233, #1870, #986, .T. ) ;
#2385 = EDGE_LOOP ( 'NONE', ( #2419, #1217, #2457, #2313 ) ) ;
#2386 = ORIENTED_EDGE ( 'NONE', *, *, #2415, .F. ) ;
#2387 = ORIENTED_EDGE ( 'NONE', *, *, #296, .T. ) ;
#2388 = ORIENTED_EDGE ( 'NONE', *, *, #40, .T. ) ;
#2389 = EDGE_CURVE ( 'NONE', #2490, #319, #1009, .T. ) ;
#2390 = ORIENTED_EDGE ( 'NONE', *, *, #2434, .F. ) ;
#2391 = EDGE_CURVE ( 'NONE', #2420, #2435, #1047, .T. ) ;
#2392 = ORIENTED_EDGE ( 'NONE', *, *, #2389, .T. ) ;
#2393 = EDGE_CURVE ( 'NONE', #89, #2223, #1056, .T. ) ;
#2394 = ORIENTED_EDGE ( 'NONE', *, *, #236, .T. ) ;
#2395 = EDGE_CURVE ( 'NONE', #2173, #868, #1063, .T. ) ;
#2396 = ORIENTED_EDGE ( 'NONE', *, *, #2413, .F. ) ;
#2397 = EDGE_CURVE ( 'NONE', #2333, #2305, #1067, .T. ) ;
#2398 = ORIENTED_EDGE ( 'NONE', *, *, #340, .T. ) ;
#2399 = ORIENTED_EDGE ( 'NONE', *, *, #2415, .T. ) ;
#2400 = EDGE_CURVE ( 'NONE', #1870, #2374, #1109, .T. ) ;
#2401 = ORIENTED_EDGE ( 'NONE', *, *, #2051, .T. ) ;
#2402 = ORIENTED_EDGE ( 'NONE', *, *, #2273, .F. ) ;
#2403 = ORIENTED_EDGE ( 'NONE', *, *, #519, .T. ) ;
#2404 = EDGE_LOOP ( 'NONE', ( #2344, #190, #2270, #317 ) ) ;
#2405 = ORIENTED_EDGE ( 'NONE', *, *, #2227, .F. ) ;
#2406 = ORIENTED_EDGE ( 'NONE', *, *, #268, .F. ) ;
#2407 = VERTEX_POINT ( 'NONE', #1143 ) ;
#2408 = ORIENTED_EDGE ( 'NONE', *, *, #2413, .T. ) ;
#2409 = ORIENTED_EDGE ( 'NONE', *, *, #1890, .F. ) ;
#2410 = ORIENTED_EDGE ( 'NONE', *, *, #2424, .F. ) ;
#2411 = EDGE_LOOP ( 'NONE', ( #284, #155, #1563, #198, #223, #2414 ) ) ;
#2412 = EDGE_CURVE ( 'NONE', #72, #114, #1148, .T. ) ;
#2413 = EDGE_CURVE ( 'NONE', #100, #271, #1158, .T. ) ;
#2414 = ORIENTED_EDGE ( 'NONE', *, *, #2424, .T. ) ;
#2415 = EDGE_CURVE ( 'NONE', #2418, #64, #1166, .T. ) ;
#2416 = VERTEX_POINT ( 'NONE', #1193 ) ;
#2417 = EDGE_CURVE ( 'NONE', #93, #238, #1194, .T. ) ;
#2418 = VERTEX_POINT ( 'NONE', #1198 ) ;
#2419 = ORIENTED_EDGE ( 'NONE', *, *, #239, .F. ) ;
#2420 = VERTEX_POINT ( 'NONE', #1199 ) ;
#2421 = EDGE_CURVE ( 'NONE', #2428, #145, #1200, .T. ) ;
#2422 = EDGE_LOOP ( 'NONE', ( #2242, #291, #221, #201 ) ) ;
#2423 = ORIENTED_EDGE ( 'NONE', *, *, #144, .T. ) ;
#2424 = EDGE_CURVE ( 'NONE', #2459, #2420, #1204, .T. ) ;
#2425 = EDGE_LOOP ( 'NONE', ( #1998, #58, #48, #10 ) ) ;
#2426 = ORIENTED_EDGE ( 'NONE', *, *, #167, .F. ) ;
#2427 = EDGE_LOOP ( 'NONE', ( #307, #128, #2357, #1340 ) ) ;
#2428 = VERTEX_POINT ( 'NONE', #1219 ) ;
#2429 = EDGE_CURVE ( 'NONE', #728, #1850, #1220, .T. ) ;
#2430 = ORIENTED_EDGE ( 'NONE', *, *, #2447, .F. ) ;
#2431 = ORIENTED_EDGE ( 'NONE', *, *, #2466, .T. ) ;
#2432 = ORIENTED_EDGE ( 'NONE', *, *, #556, .T. ) ;
#2433 = EDGE_LOOP ( 'NONE', ( #242, #171, #2264, #2340 ) ) ;
#2434 = EDGE_CURVE ( 'NONE', #148, #2155, #1277, .T. ) ;
#2435 = VERTEX_POINT ( 'NONE', #1281 ) ;
#2436 = ADVANCED_FACE ( 'NONE', ( #1282 ), #1283, .T. ) ;
#2437 = ORIENTED_EDGE ( 'NONE', *, *, #2381, .T. ) ;
#2438 = ORIENTED_EDGE ( 'NONE', *, *, #2391, .F. ) ;
#2439 = EDGE_LOOP ( 'NONE', ( #168, #237, #2363, #2232 ) ) ;
#2440 = EDGE_LOOP ( 'NONE', ( #82, #359, #92, #2352, #2337, #1846, #143, #165 ) ) ;
#2441 = VERTEX_POINT ( 'NONE', #1309 ) ;
#2442 = EDGE_CURVE ( 'NONE', #283, #228, #1310, .T. ) ;
#2443 = EDGE_CURVE ( 'NONE', #1894, #2252, #1314, .T. ) ;
#2444 = ORIENTED_EDGE ( 'NONE', *, *, #2356, .T. ) ;
#2445 = ORIENTED_EDGE ( 'NONE', *, *, #2499, .F. ) ;
#2446 = VERTEX_POINT ( 'NONE', #1318 ) ;
#2447 = EDGE_CURVE ( 'NONE', #1913, #26, #1346, .T. ) ;
#2448 = ORIENTED_EDGE ( 'NONE', *, *, #919, .T. ) ;
#2449 = EDGE_LOOP ( 'NONE', ( #2293, #1872, #1804, #342 ) ) ;
#2450 = EDGE_CURVE ( 'NONE', #2476, #16, #1350, .T. ) ;
#2451 = VERTEX_POINT ( 'NONE', #1355 ) ;
#2452 = EDGE_CURVE ( 'NONE', #319, #1580, #1356, .T. ) ;
#2453 = ORIENTED_EDGE ( 'NONE', *, *, #2, .T. ) ;
#2454 = ORIENTED_EDGE ( 'NONE', *, *, #137, .T. ) ;
#2455 = ADVANCED_FACE ( 'NONE', ( #1362 ), #1363, .T. ) ;
#2456 = EDGE_CURVE ( 'NONE', #130, #625, #1376, .T. ) ;
#2457 = ORIENTED_EDGE ( 'NONE', *, *, #2501, .F. ) ;
#2458 = EDGE_CURVE ( 'NONE', #728, #2288, #1384, .T. ) ;
#2459 = VERTEX_POINT ( 'NONE', #1388 ) ;
#2460 = ORIENTED_EDGE ( 'NONE', *, *, #2468, .F. ) ;
#2461 = VERTEX_POINT ( 'NONE', #1389 ) ;
#2462 = ORIENTED_EDGE ( 'NONE', *, *, #554, .F. ) ;
#2463 = EDGE_LOOP ( 'NONE', ( #2406, #2336, #645, #2445, #2464, #176 ) ) ;
#2464 = ORIENTED_EDGE ( 'NONE', *, *, #331, .F. ) ;
#2465 = ORIENTED_EDGE ( 'NONE', *, *, #2312, .F. ) ;
#2466 = EDGE_CURVE ( 'NONE', #228, #130, #1413, .T. ) ;
#2467 = VERTEX_POINT ( 'NONE', #1443 ) ;
#2468 = EDGE_CURVE ( 'NONE', #1871, #148, #1457, .T. ) ;
#2469 = ORIENTED_EDGE ( 'NONE', *, *, #1528, .F. ) ;
#2470 = EDGE_LOOP ( 'NONE', ( #205, #1062, #1847, #161 ) ) ;
#2471 = ORIENTED_EDGE ( 'NONE', *, *, #156, .T. ) ;
#2472 = EDGE_CURVE ( 'NONE', #57, #2418, #1464, .T. ) ;
#2473 = ORIENTED_EDGE ( 'NONE', *, *, #34, .T. ) ;
#2474 = ORIENTED_EDGE ( 'NONE', *, *, #2272, .F. ) ;
#2475 = EDGE_CURVE ( 'NONE', #2492, #72, #1474, .T. ) ;
#2476 = VERTEX_POINT ( 'NONE', #1524 ) ;
#2477 = EDGE_CURVE ( 'NONE', #262, #2407, #1525, .T. ) ;
#2478 = EDGE_CURVE ( 'NONE', #2268, #2119, #1536, .T. ) ;
#2479 = EDGE_LOOP ( 'NONE', ( #243, #275, #2326, #2341 ) ) ;
#2480 = EDGE_CURVE ( 'NONE', #145, #244, #1540, .T. ) ;
#2481 = ORIENTED_EDGE ( 'NONE', *, *, #2397, .T. ) ;
#2482 = ORIENTED_EDGE ( 'NONE', *, *, #2458, .T. ) ;
#2483 = ORIENTED_EDGE ( 'NONE', *, *, #2290, .T. ) ;
#2484 = EDGE_CURVE ( 'NONE', #25, #394, #1549, .T. ) ;
#2485 = EDGE_LOOP ( 'NONE', ( #2250, #2373, #47, #107 ) ) ;
#2486 = ORIENTED_EDGE ( 'NONE', *, *, #2472, .F. ) ;
#2487 = ORIENTED_EDGE ( 'NONE', *, *, #200, .F. ) ;
#2488 = EDGE_CURVE ( 'NONE', #867, #19, #1632, .T. ) ;
#2489 = ORIENTED_EDGE ( 'NONE', *, *, #2480, .T. ) ;
#2490 = VERTEX_POINT ( 'NONE', #1636 ) ;
#2491 = ORIENTED_EDGE ( 'NONE', *, *, #245, .F. ) ;
#2492 = VERTEX_POINT ( 'NONE', #1638 ) ;
#2493 = EDGE_CURVE ( 'NONE', #1935, #2119, #1645, .T. ) ;
#2494 = ORIENTED_EDGE ( 'NONE', *, *, #149, .T. ) ;
#2495 = ORIENTED_EDGE ( 'NONE', *, *, #2488, .F. ) ;
#2496 = VERTEX_POINT ( 'NONE', #1667 ) ;
#2497 = VERTEX_POINT ( 'NONE', #1673 ) ;
#2498 = VERTEX_POINT ( 'NONE', #1674 ) ;
#2499 = EDGE_CURVE ( 'NONE', #174, #2327, #1675, .T. ) ;
#2500 = ORIENTED_EDGE ( 'NONE', *, *, #151, .T. ) ;
#2501 = EDGE_CURVE ( 'NONE', #262, #728, #1685, .T. ) ;
#2502 = EDGE_CURVE ( 'NONE', #2233, #2269, #1693, .T. ) ;
#2503 = ORIENTED_EDGE ( 'NONE', *, *, #12, .T. ) ;
#2504 = ORIENTED_EDGE ( 'NONE', *, *, #2391, .T. ) ;
#2505 = ORIENTED_EDGE ( 'NONE', *, *, #1338, .F. ) ;
ENDSEC;
END-ISO-10303-21;
