ISO-10303-21;
HEADER;
FILE_DESCRIPTION((''),'2;1');
FILE_NAME('C-1825057-4','2011-03-02T',('workeradm'),('Tyco Electronics Ltd.'),
'PRO/ENGINEER BY PARAMETRIC TECHNOLOGY CORPORATION, 2009300',
'PRO/ENGINEER BY PARAMETRIC TECHNOLOGY CORPORATION, 2009300','');
FILE_SCHEMA(('AUTOMOTIVE_DESIGN { 1 0 10303 214 1 1 1 1 }'));
ENDSEC;
DATA;
#1=DRAUGHTING_PRE_DEFINED_COLOUR('black');
#2=COLOUR_RGB('',0.E0,0.E0,3.6E-1);
#3=COLOUR_RGB('',0.E0,0.E0,4.8E-1);
#4=DRAUGHTING_PRE_DEFINED_COLOUR('blue');
#5=COLOUR_RGB('',0.E0,3.6E-1,9.E-2);
#6=COLOUR_RGB('',0.E0,3.6E-1,2.7E-1);
#7=COLOUR_RGB('',0.E0,5.6E-1,6.4E-1);
#8=COLOUR_RGB('',0.E0,5.8E-1,8.E-1);
#9=COLOUR_RGB('',0.E0,7.1E-1,6.6E-1);
#10=COLOUR_RGB('',0.E0,7.13E-1,0.E0);
#11=COLOUR_RGB('',0.E0,9.5E-1,8.4E-1);
#12=DRAUGHTING_PRE_DEFINED_COLOUR('green');
#13=DRAUGHTING_PRE_DEFINED_COLOUR('cyan');
#14=COLOUR_RGB('',4.E-2,0.E0,1.6E-1);
#15=COLOUR_RGB('',9.E-2,0.E0,1.2E-1);
#16=COLOUR_RGB('',1.E-1,0.E0,2.5E-1);
#17=COLOUR_RGB('',1.6E-1,3.2E-2,0.E0);
#18=COLOUR_RGB('',1.6E-1,4.6E-1,6.5E-1);
#19=COLOUR_RGB('',1.6E-1,1.E0,1.6E-1);
#20=COLOUR_RGB('',2.E-1,3.2E-2,0.E0);
#21=COLOUR_RGB('',3.1E-1,3.1E-1,5.6E-1);
#22=COLOUR_RGB('',3.2E-1,1.5E-1,0.E0);
#23=COLOUR_RGB('',4.E-1,4.E-1,4.E-1);
#24=COLOUR_RGB('',4.2E-1,4.2E-1,1.E0);
#25=COLOUR_RGB('',4.4E-1,8.5E-1,1.E0);
#26=COLOUR_RGB('',4.9E-1,4.9E-1,0.E0);
#27=COLOUR_RGB('',4.9E-1,1.E0,0.E0);
#28=COLOUR_RGB('',5.E-1,0.E0,0.E0);
#29=COLOUR_RGB('',5.E-1,0.E0,2.3E-1);
#30=COLOUR_RGB('',5.E-1,5.E-1,5.E-1);
#31=COLOUR_RGB('',5.3E-1,0.E0,0.E0);
#32=COLOUR_RGB('',5.4E-1,0.E0,4.4E-1);
#33=COLOUR_RGB('',5.5E-1,3.E-1,0.E0);
#34=COLOUR_RGB('',5.6E-1,1.E-1,5.E-2);
#35=COLOUR_RGB('',5.8E-1,2.2E-1,1.E-2);
#36=COLOUR_RGB('',6.E-1,6.E-1,6.E-1);
#37=COLOUR_RGB('',6.2E-1,0.E0,5.5E-1);
#38=COLOUR_RGB('',6.4E-1,0.E0,2.5E-1);
#39=COLOUR_RGB('',6.4E-1,1.E-2,0.E0);
#40=COLOUR_RGB('',6.8E-1,7.5E-1,1.E0);
#41=COLOUR_RGB('',7.1E-1,3.1E-1,0.E0);
#42=COLOUR_RGB('',7.2E-1,7.2E-1,7.2E-1);
#43=COLOUR_RGB('',7.4E-1,1.E0,2.6E-1);
#44=COLOUR_RGB('',7.5E-1,3.E-2,0.E0);
#45=COLOUR_RGB('',7.6E-1,0.E0,4.7E-1);
#46=COLOUR_RGB('',8.1E-1,4.E-2,0.E0);
#47=COLOUR_RGB('',8.1E-1,6.1E-1,0.E0);
#48=COLOUR_RGB('',8.2E-1,4.E-2,6.6E-1);
#49=COLOUR_RGB('',8.5E-1,8.5E-1,8.5E-1);
#50=COLOUR_RGB('',8.784E-1,9.49E-1,1.E0);
#51=COLOUR_RGB('',9.E-1,1.E0,0.E0);
#52=COLOUR_RGB('',9.37E-1,7.85E-1,0.E0);
#53=COLOUR_RGB('',9.5E-1,2.2E-1,8.1E-1);
#54=COLOUR_RGB('',9.6E-1,3.7E-1,3.E-1);
#55=COLOUR_RGB('',9.6E-1,7.1E-1,3.75E-1);
#56=DRAUGHTING_PRE_DEFINED_COLOUR('red');
#57=COLOUR_RGB('',1.E0,0.E0,6.1E-1);
#58=COLOUR_RGB('',1.E0,4.E-2,0.E0);
#59=COLOUR_RGB('',1.E0,2.3E-1,0.E0);
#60=COLOUR_RGB('',1.E0,3.5E-1,5.2E-1);
#61=COLOUR_RGB('',1.E0,3.6E-1,0.E0);
#62=COLOUR_RGB('',1.E0,4.9E-1,3.7E-1);
#63=COLOUR_RGB('',1.E0,5.E-1,0.E0);
#64=COLOUR_RGB('',1.E0,5.6E-1,7.8E-1);
#65=COLOUR_RGB('',1.E0,6.4E-1,4.9E-1);
#66=COLOUR_RGB('',1.E0,6.7E-1,0.E0);
#67=COLOUR_RGB('',1.E0,7.6E-1,6.5E-1);
#68=COLOUR_RGB('',1.E0,8.6E-1,4.E-2);
#69=COLOUR_RGB('',1.E0,9.8E-1,7.2E-1);
#70=DRAUGHTING_PRE_DEFINED_COLOUR('yellow');
#71=DRAUGHTING_PRE_DEFINED_COLOUR('white');
#72=DIRECTION('',(0.E0,-1.E0,0.E0));
#73=VECTOR('',#72,2.842519685039E-1);
#74=CARTESIAN_POINT('',(-2.89E-1,1.421259842520E-1,0.E0));
#75=LINE('',#74,#73);
#76=DIRECTION('',(0.E0,-5.192983825600E-2,-9.986507356923E-1));
#77=VECTOR('',#76,9.855817788205E-2);
#78=CARTESIAN_POINT('',(-2.89E-1,-1.421259842520E-1,0.E0));
#79=LINE('',#78,#77);
#80=DIRECTION('',(0.E0,1.857284241659E-1,-9.826011156399E-1));
#81=VECTOR('',#80,4.027555283594E-2);
#82=CARTESIAN_POINT('',(-2.89E-1,-1.472440944882E-1,-9.842519685039E-2));
#83=LINE('',#82,#81);
#84=DIRECTION('',(0.E0,1.E0,0.E0));
#85=VECTOR('',#84,2.795275590551E-1);
#86=CARTESIAN_POINT('',(-2.89E-1,-1.397637795276E-1,-1.38E-1));
#87=LINE('',#86,#85);
#88=DIRECTION('',(0.E0,1.857284241659E-1,9.826011156399E-1));
#89=VECTOR('',#88,4.027555283594E-2);
#90=CARTESIAN_POINT('',(-2.89E-1,1.397637795276E-1,-1.38E-1));
#91=LINE('',#90,#89);
#92=DIRECTION('',(0.E0,-5.192983825600E-2,9.986507356923E-1));
#93=VECTOR('',#92,9.855817788205E-2);
#94=CARTESIAN_POINT('',(-2.89E-1,1.472440944882E-1,-9.842519685039E-2));
#95=LINE('',#94,#93);
#96=DIRECTION('',(1.E0,0.E0,0.E0));
#97=VECTOR('',#96,5.78E-1);
#98=CARTESIAN_POINT('',(-2.89E-1,1.421259842520E-1,0.E0));
#99=LINE('',#98,#97);
#100=DIRECTION('',(0.E0,-1.E0,0.E0));
#101=VECTOR('',#100,8.090551181102E-2);
#102=CARTESIAN_POINT('',(-1.669527559055E-1,7.480314960630E-2,0.E0));
#103=LINE('',#102,#101);
#104=DIRECTION('',(-1.E0,0.E0,0.E0));
#105=VECTOR('',#104,5.511811023620E-2);
#106=CARTESIAN_POINT('',(-1.669527559055E-1,7.480314960630E-2,0.E0));
#107=LINE('',#106,#105);
#108=DIRECTION('',(0.E0,-1.E0,0.E0));
#109=VECTOR('',#108,8.090551181102E-2);
#110=CARTESIAN_POINT('',(-2.220708661417E-1,7.480314960630E-2,0.E0));
#111=LINE('',#110,#109);
#112=DIRECTION('',(0.E0,1.E0,0.E0));
#113=VECTOR('',#112,3.897637795276E-2);
#114=CARTESIAN_POINT('',(-2.220708661417E-1,-4.507874015748E-2,0.E0));
#115=LINE('',#114,#113);
#116=DIRECTION('',(0.E0,-1.E0,0.E0));
#117=VECTOR('',#116,2.972440944882E-2);
#118=CARTESIAN_POINT('',(-2.220708661417E-1,-4.507874015748E-2,0.E0));
#119=LINE('',#118,#117);
#120=DIRECTION('',(-1.E0,0.E0,0.E0));
#121=VECTOR('',#120,5.511811023620E-2);
#122=CARTESIAN_POINT('',(-1.669527559055E-1,-7.480314960630E-2,0.E0));
#123=LINE('',#122,#121);
#124=DIRECTION('',(0.E0,-1.E0,0.E0));
#125=VECTOR('',#124,2.972440944882E-2);
#126=CARTESIAN_POINT('',(-1.669527559055E-1,-4.507874015748E-2,0.E0));
#127=LINE('',#126,#125);
#128=DIRECTION('',(0.E0,1.E0,0.E0));
#129=VECTOR('',#128,3.897637795276E-2);
#130=CARTESIAN_POINT('',(-1.669527559055E-1,-4.507874015748E-2,0.E0));
#131=LINE('',#130,#129);
#132=DIRECTION('',(0.E0,1.E0,0.E0));
#133=VECTOR('',#132,8.090551181102E-2);
#134=CARTESIAN_POINT('',(-6.695275590553E-2,-6.102362204724E-3,0.E0));
#135=LINE('',#134,#133);
#136=DIRECTION('',(-1.E0,0.E0,0.E0));
#137=VECTOR('',#136,5.511811023620E-2);
#138=CARTESIAN_POINT('',(-6.695275590553E-2,7.480314960630E-2,0.E0));
#139=LINE('',#138,#137);
#140=DIRECTION('',(0.E0,1.E0,0.E0));
#141=VECTOR('',#140,8.090551181102E-2);
#142=CARTESIAN_POINT('',(-1.220708661417E-1,-6.102362204724E-3,0.E0));
#143=LINE('',#142,#141);
#144=DIRECTION('',(0.E0,1.E0,0.E0));
#145=VECTOR('',#144,3.897637795276E-2);
#146=CARTESIAN_POINT('',(-1.220708661417E-1,-4.507874015748E-2,0.E0));
#147=LINE('',#146,#145);
#148=DIRECTION('',(0.E0,1.E0,0.E0));
#149=VECTOR('',#148,2.972440944882E-2);
#150=CARTESIAN_POINT('',(-1.220708661417E-1,-7.480314960630E-2,0.E0));
#151=LINE('',#150,#149);
#152=DIRECTION('',(-1.E0,0.E0,0.E0));
#153=VECTOR('',#152,5.511811023620E-2);
#154=CARTESIAN_POINT('',(-6.695275590553E-2,-7.480314960630E-2,0.E0));
#155=LINE('',#154,#153);
#156=DIRECTION('',(0.E0,1.E0,0.E0));
#157=VECTOR('',#156,2.972440944882E-2);
#158=CARTESIAN_POINT('',(-6.695275590553E-2,-7.480314960630E-2,0.E0));
#159=LINE('',#158,#157);
#160=DIRECTION('',(0.E0,1.E0,0.E0));
#161=VECTOR('',#160,3.897637795276E-2);
#162=CARTESIAN_POINT('',(-6.695275590553E-2,-4.507874015748E-2,0.E0));
#163=LINE('',#162,#161);
#164=DIRECTION('',(0.E0,1.E0,0.E0));
#165=VECTOR('',#164,8.090551181102E-2);
#166=CARTESIAN_POINT('',(3.304724409447E-2,-6.102362204724E-3,0.E0));
#167=LINE('',#166,#165);
#168=DIRECTION('',(-1.E0,0.E0,0.E0));
#169=VECTOR('',#168,5.511811023620E-2);
#170=CARTESIAN_POINT('',(3.304724409447E-2,7.480314960630E-2,0.E0));
#171=LINE('',#170,#169);
#172=DIRECTION('',(0.E0,1.E0,0.E0));
#173=VECTOR('',#172,8.090551181102E-2);
#174=CARTESIAN_POINT('',(-2.207086614173E-2,-6.102362204724E-3,0.E0));
#175=LINE('',#174,#173);
#176=DIRECTION('',(0.E0,1.E0,0.E0));
#177=VECTOR('',#176,3.897637795276E-2);
#178=CARTESIAN_POINT('',(-2.207086614173E-2,-4.507874015748E-2,0.E0));
#179=LINE('',#178,#177);
#180=DIRECTION('',(0.E0,1.E0,0.E0));
#181=VECTOR('',#180,2.972440944882E-2);
#182=CARTESIAN_POINT('',(-2.207086614173E-2,-7.480314960630E-2,0.E0));
#183=LINE('',#182,#181);
#184=DIRECTION('',(-1.E0,0.E0,0.E0));
#185=VECTOR('',#184,5.511811023620E-2);
#186=CARTESIAN_POINT('',(3.304724409447E-2,-7.480314960630E-2,0.E0));
#187=LINE('',#186,#185);
#188=DIRECTION('',(0.E0,1.E0,0.E0));
#189=VECTOR('',#188,2.972440944882E-2);
#190=CARTESIAN_POINT('',(3.304724409447E-2,-7.480314960630E-2,0.E0));
#191=LINE('',#190,#189);
#192=DIRECTION('',(0.E0,1.E0,0.E0));
#193=VECTOR('',#192,3.897637795276E-2);
#194=CARTESIAN_POINT('',(3.304724409447E-2,-4.507874015748E-2,0.E0));
#195=LINE('',#194,#193);
#196=DIRECTION('',(0.E0,1.E0,0.E0));
#197=VECTOR('',#196,8.090551181102E-2);
#198=CARTESIAN_POINT('',(1.330472440945E-1,-6.102362204724E-3,0.E0));
#199=LINE('',#198,#197);
#200=DIRECTION('',(-1.E0,0.E0,0.E0));
#201=VECTOR('',#200,5.511811023620E-2);
#202=CARTESIAN_POINT('',(1.330472440945E-1,7.480314960630E-2,0.E0));
#203=LINE('',#202,#201);
#204=DIRECTION('',(0.E0,1.E0,0.E0));
#205=VECTOR('',#204,8.090551181102E-2);
#206=CARTESIAN_POINT('',(7.792913385827E-2,-6.102362204724E-3,0.E0));
#207=LINE('',#206,#205);
#208=DIRECTION('',(0.E0,1.E0,0.E0));
#209=VECTOR('',#208,3.897637795276E-2);
#210=CARTESIAN_POINT('',(7.792913385827E-2,-4.507874015748E-2,0.E0));
#211=LINE('',#210,#209);
#212=DIRECTION('',(0.E0,1.E0,0.E0));
#213=VECTOR('',#212,2.972440944882E-2);
#214=CARTESIAN_POINT('',(7.792913385827E-2,-7.480314960630E-2,0.E0));
#215=LINE('',#214,#213);
#216=DIRECTION('',(-1.E0,0.E0,0.E0));
#217=VECTOR('',#216,5.511811023620E-2);
#218=CARTESIAN_POINT('',(1.330472440945E-1,-7.480314960630E-2,0.E0));
#219=LINE('',#218,#217);
#220=DIRECTION('',(0.E0,1.E0,0.E0));
#221=VECTOR('',#220,2.972440944882E-2);
#222=CARTESIAN_POINT('',(1.330472440945E-1,-7.480314960630E-2,0.E0));
#223=LINE('',#222,#221);
#224=DIRECTION('',(0.E0,1.E0,0.E0));
#225=VECTOR('',#224,3.897637795276E-2);
#226=CARTESIAN_POINT('',(1.330472440945E-1,-4.507874015748E-2,0.E0));
#227=LINE('',#226,#225);
#228=DIRECTION('',(0.E0,1.E0,0.E0));
#229=VECTOR('',#228,8.090551181102E-2);
#230=CARTESIAN_POINT('',(2.330472440945E-1,-6.102362204724E-3,0.E0));
#231=LINE('',#230,#229);
#232=DIRECTION('',(-1.E0,0.E0,0.E0));
#233=VECTOR('',#232,5.511811023620E-2);
#234=CARTESIAN_POINT('',(2.330472440945E-1,7.480314960630E-2,0.E0));
#235=LINE('',#234,#233);
#236=DIRECTION('',(0.E0,1.E0,0.E0));
#237=VECTOR('',#236,8.090551181102E-2);
#238=CARTESIAN_POINT('',(1.779291338583E-1,-6.102362204724E-3,0.E0));
#239=LINE('',#238,#237);
#240=DIRECTION('',(0.E0,1.E0,0.E0));
#241=VECTOR('',#240,3.897637795276E-2);
#242=CARTESIAN_POINT('',(1.779291338583E-1,-4.507874015748E-2,0.E0));
#243=LINE('',#242,#241);
#244=DIRECTION('',(0.E0,1.E0,0.E0));
#245=VECTOR('',#244,2.972440944882E-2);
#246=CARTESIAN_POINT('',(1.779291338583E-1,-7.480314960630E-2,0.E0));
#247=LINE('',#246,#245);
#248=DIRECTION('',(-1.E0,0.E0,0.E0));
#249=VECTOR('',#248,5.511811023620E-2);
#250=CARTESIAN_POINT('',(2.330472440945E-1,-7.480314960630E-2,0.E0));
#251=LINE('',#250,#249);
#252=DIRECTION('',(0.E0,1.E0,0.E0));
#253=VECTOR('',#252,2.972440944882E-2);
#254=CARTESIAN_POINT('',(2.330472440945E-1,-7.480314960630E-2,0.E0));
#255=LINE('',#254,#253);
#256=DIRECTION('',(0.E0,1.E0,0.E0));
#257=VECTOR('',#256,3.897637795276E-2);
#258=CARTESIAN_POINT('',(2.330472440945E-1,-4.507874015748E-2,0.E0));
#259=LINE('',#258,#257);
#260=DIRECTION('',(0.E0,1.E0,0.E0));
#261=VECTOR('',#260,3.E-2);
#262=CARTESIAN_POINT('',(-1.815E-1,-1.25E-1,0.E0));
#263=LINE('',#262,#261);
#264=DIRECTION('',(-1.E0,0.E0,0.E0));
#265=VECTOR('',#264,3.75E-3);
#266=CARTESIAN_POINT('',(-1.815E-1,-9.5E-2,0.E0));
#267=LINE('',#266,#265);
#268=DIRECTION('',(-6.428712937139E-1,-7.659742160926E-1,0.E0));
#269=VECTOR('',#268,5.833204930237E-3);
#270=CARTESIAN_POINT('',(-1.8525E-1,-9.5E-2,0.E0));
#271=LINE('',#270,#269);
#272=DIRECTION('',(0.E0,-1.E0,0.E0));
#273=VECTOR('',#272,5.106384158134E-3);
#274=CARTESIAN_POINT('',(-1.89E-1,-9.946808457375E-2,0.E0));
#275=LINE('',#274,#273);
#276=DIRECTION('',(6.428711427642E-1,7.659743427825E-1,0.E0));
#277=VECTOR('',#276,5.833206299906E-3);
#278=CARTESIAN_POINT('',(-1.89E-1,-1.045744687319E-1,0.E0));
#279=LINE('',#278,#277);
#280=DIRECTION('',(0.E0,-1.E0,0.E0));
#281=VECTOR('',#280,2.489361763E-2);
#282=CARTESIAN_POINT('',(-1.8525E-1,-1.001063823700E-1,0.E0));
#283=LINE('',#282,#281);
#284=DIRECTION('',(1.E0,0.E0,0.E0));
#285=VECTOR('',#284,3.75E-3);
#286=CARTESIAN_POINT('',(-1.8525E-1,-1.25E-1,0.E0));
#287=LINE('',#286,#285);
#288=DIRECTION('',(-9.797707111493E-1,-2.001233458994E-1,0.E0));
#289=VECTOR('',#288,3.189521909004E-3);
#290=CARTESIAN_POINT('',(-2.589999997020E-1,1.3E-1,0.E0));
#291=LINE('',#290,#289);
#292=DIRECTION('',(-8.906053088238E-1,-4.547770705465E-1,0.E0));
#293=VECTOR('',#292,2.807079941310E-3);
#294=CARTESIAN_POINT('',(-2.621249998510E-1,1.293617022038E-1,0.E0));
#295=LINE('',#294,#293);
#296=DIRECTION('',(-6.996248138976E-1,-7.145104056477E-1,0.E0));
#297=VECTOR('',#296,3.573343599780E-3);
#298=CARTESIAN_POINT('',(-2.646250001490E-1,1.280851066113E-1,0.E0));
#299=LINE('',#298,#297);
#300=DIRECTION('',(-4.397134905391E-1,-8.981380997586E-1,0.E0));
#301=VECTOR('',#300,2.842760134197E-3);
#302=CARTESIAN_POINT('',(-2.67125E-1,1.255319154263E-1,0.E0));
#303=LINE('',#302,#301);
#304=DIRECTION('',(-1.921827552310E-1,-9.813591537209E-1,0.E0));
#305=VECTOR('',#304,3.252112906152E-3);
#306=CARTESIAN_POINT('',(-2.683749999814E-1,1.229787242413E-1,0.E0));
#307=LINE('',#306,#305);
#308=DIRECTION('',(0.E0,-1.E0,0.E0));
#309=VECTOR('',#308,9.574467837811E-3);
#310=CARTESIAN_POINT('',(-2.69E-1,1.197872334719E-1,0.E0));
#311=LINE('',#310,#309);
#312=DIRECTION('',(1.921828589308E-1,-9.813591334130E-1,0.E0));
#313=VECTOR('',#312,3.252111151345E-3);
#314=CARTESIAN_POINT('',(-2.69E-1,1.102127656341E-1,0.E0));
#315=LINE('',#314,#313);
#316=DIRECTION('',(4.397134284359E-1,-8.981381301632E-1,0.E0));
#317=VECTOR('',#316,2.842760535697E-3);
#318=CARTESIAN_POINT('',(-2.683749999814E-1,1.070212766528E-1,0.E0));
#319=LINE('',#318,#317);
#320=DIRECTION('',(6.996247826288E-1,-7.145104362650E-1,0.E0));
#321=VECTOR('',#320,3.573343759486E-3);
#322=CARTESIAN_POINT('',(-2.67125E-1,1.044680850208E-1,0.E0));
#323=LINE('',#322,#321);
#324=DIRECTION('',(8.906052846357E-1,-4.547771179149E-1,0.E0));
#325=VECTOR('',#324,2.807080017548E-3);
#326=CARTESIAN_POINT('',(-2.646250001490E-1,1.019148936123E-1,0.E0));
#327=LINE('',#326,#325);
#328=DIRECTION('',(9.797707077141E-1,-2.001233627174E-1,0.E0));
#329=VECTOR('',#328,3.189521920187E-3);
#330=CARTESIAN_POINT('',(-2.621249998510E-1,1.006382978521E-1,0.E0));
#331=LINE('',#330,#329);
#332=DIRECTION('',(1.E0,0.E0,0.E0));
#333=VECTOR('',#332,4.999999701977E-3);
#334=CARTESIAN_POINT('',(-2.589999997020E-1,1.E-1,0.E0));
#335=LINE('',#334,#333);
#336=DIRECTION('',(9.797707133274E-1,2.001233352361E-1,0.E0));
#337=VECTOR('',#336,3.189522358179E-3);
#338=CARTESIAN_POINT('',(-2.54E-1,1.E-1,0.E0));
#339=LINE('',#338,#337);
#340=DIRECTION('',(8.906052187617E-1,4.547772469181E-1,0.E0));
#341=VECTOR('',#340,2.807079221285E-3);
#342=CARTESIAN_POINT('',(-2.508749994040E-1,1.006382978521E-1,0.E0));
#343=LINE('',#342,#341);
#344=DIRECTION('',(6.996247187608E-1,7.145104988024E-1,0.E0));
#345=VECTOR('',#344,3.573343446729E-3);
#346=CARTESIAN_POINT('',(-2.48375E-1,1.019148936123E-1,0.E0));
#347=LINE('',#346,#345);
#348=DIRECTION('',(4.397136028534E-1,8.981380447713E-1,0.E0));
#349=VECTOR('',#348,2.842760805977E-3);
#350=CARTESIAN_POINT('',(-2.458750005960E-1,1.044680850208E-1,0.E0));
#351=LINE('',#350,#349);
#352=DIRECTION('',(1.921826769044E-1,9.813591690599E-1,0.E0));
#353=VECTOR('',#352,3.252111033216E-3);
#354=CARTESIAN_POINT('',(-2.44625E-1,1.070212766528E-1,0.E0));
#355=LINE('',#354,#353);
#356=DIRECTION('',(0.E0,1.E0,0.E0));
#357=VECTOR('',#356,9.574467837811E-3);
#358=CARTESIAN_POINT('',(-2.440000005960E-1,1.102127656341E-1,0.E0));
#359=LINE('',#358,#357);
#360=DIRECTION('',(-1.921825732045E-1,9.813591893677E-1,0.E0));
#361=VECTOR('',#360,3.252112788023E-3);
#362=CARTESIAN_POINT('',(-2.440000005960E-1,1.197872334719E-1,0.E0));
#363=LINE('',#362,#361);
#364=DIRECTION('',(-4.397136649566E-1,8.981380143666E-1,0.E0));
#365=VECTOR('',#364,2.842760404478E-3);
#366=CARTESIAN_POINT('',(-2.44625E-1,1.229787242413E-1,0.E0));
#367=LINE('',#366,#365);
#368=DIRECTION('',(-6.996247500295E-1,7.145104681851E-1,0.E0));
#369=VECTOR('',#368,3.573343287024E-3);
#370=CARTESIAN_POINT('',(-2.458750005960E-1,1.255319154263E-1,0.E0));
#371=LINE('',#370,#369);
#372=DIRECTION('',(-8.906052429498E-1,4.547771995498E-1,0.E0));
#373=VECTOR('',#372,2.807079145047E-3);
#374=CARTESIAN_POINT('',(-2.48375E-1,1.280851066113E-1,0.E0));
#375=LINE('',#374,#373);
#376=DIRECTION('',(-9.797707167625E-1,2.001233184180E-1,0.E0));
#377=VECTOR('',#376,3.189522346996E-3);
#378=CARTESIAN_POINT('',(-2.508749994040E-1,1.293617022038E-1,0.E0));
#379=LINE('',#378,#377);
#380=DIRECTION('',(-1.E0,0.E0,0.E0));
#381=VECTOR('',#380,4.999999701977E-3);
#382=CARTESIAN_POINT('',(-2.54E-1,1.3E-1,0.E0));
#383=LINE('',#382,#381);
#384=DIRECTION('',(1.E0,0.E0,0.E0));
#385=VECTOR('',#384,4.999999701977E-3);
#386=CARTESIAN_POINT('',(-2.589999997020E-1,1.261702132225E-1,0.E0));
#387=LINE('',#386,#385);
#388=DIRECTION('',(9.689177035558E-1,-2.473832729514E-1,0.E0));
#389=VECTOR('',#388,2.580197879323E-3);
#390=CARTESIAN_POINT('',(-2.54E-1,1.261702132225E-1,0.E0));
#391=LINE('',#390,#389);
#392=DIRECTION('',(8.265992787996E-1,-5.627909312417E-1,0.E0));
#393=VECTOR('',#392,2.268330070071E-3);
#394=CARTESIAN_POINT('',(-2.515000005960E-1,1.255319154263E-1,0.E0));
#395=LINE('',#394,#393);
#396=DIRECTION('',(5.466223714738E-1,-8.373792348777E-1,0.E0));
#397=VECTOR('',#396,2.286771748248E-3);
#398=CARTESIAN_POINT('',(-2.496250005960E-1,1.242553198338E-1,0.E0));
#399=LINE('',#398,#397);
#400=DIRECTION('',(2.377711385310E-1,-9.713212062349E-1,0.E0));
#401=VECTOR('',#400,2.628575561419E-3);
#402=CARTESIAN_POINT('',(-2.48375E-1,1.223404246569E-1,0.E0));
#403=LINE('',#402,#401);
#404=DIRECTION('',(0.E0,-1.E0,0.E0));
#405=VECTOR('',#404,9.574467837811E-3);
#406=CARTESIAN_POINT('',(-2.477500005960E-1,1.197872334719E-1,0.E0));
#407=LINE('',#406,#405);
#408=DIRECTION('',(-2.377711385311E-1,-9.713212062349E-1,0.E0));
#409=VECTOR('',#408,2.628575561419E-3);
#410=CARTESIAN_POINT('',(-2.477500005960E-1,1.102127656341E-1,0.E0));
#411=LINE('',#410,#409);
#412=DIRECTION('',(-5.466227293958E-1,-8.373790012342E-1,0.E0));
#413=VECTOR('',#412,2.286770250897E-3);
#414=CARTESIAN_POINT('',(-2.48375E-1,1.076595744491E-1,0.E0));
#415=LINE('',#414,#413);
#416=DIRECTION('',(-8.265991871191E-1,-5.627910658975E-1,0.E0));
#417=VECTOR('',#416,2.268330321658E-3);
#418=CARTESIAN_POINT('',(-2.496250005960E-1,1.057446810603E-1,0.E0));
#419=LINE('',#418,#417);
#420=DIRECTION('',(-9.689177035558E-1,-2.473832729514E-1,0.E0));
#421=VECTOR('',#420,2.580197879323E-3);
#422=CARTESIAN_POINT('',(-2.515000005960E-1,1.044680850208E-1,0.E0));
#423=LINE('',#422,#421);
#424=DIRECTION('',(-1.E0,0.E0,0.E0));
#425=VECTOR('',#424,4.999999701977E-3);
#426=CARTESIAN_POINT('',(-2.54E-1,1.038297872245E-1,0.E0));
#427=LINE('',#426,#425);
#428=DIRECTION('',(-9.689177247618E-1,2.473831898946E-1,0.E0));
#429=VECTOR('',#428,2.580198745603E-3);
#430=CARTESIAN_POINT('',(-2.589999997020E-1,1.038297872245E-1,0.E0));
#431=LINE('',#430,#429);
#432=DIRECTION('',(-8.265991871191E-1,5.627910658975E-1,0.E0));
#433=VECTOR('',#432,2.268330321658E-3);
#434=CARTESIAN_POINT('',(-2.615E-1,1.044680850208E-1,0.E0));
#435=LINE('',#434,#433);
#436=DIRECTION('',(-5.466225923193E-1,8.373790907147E-1,0.E0));
#437=VECTOR('',#436,2.286770006538E-3);
#438=CARTESIAN_POINT('',(-2.63375E-1,1.057446810603E-1,0.E0));
#439=LINE('',#438,#437);
#440=DIRECTION('',(-2.377712989836E-1,9.713211669575E-1,0.E0));
#441=VECTOR('',#440,2.628575667711E-3);
#442=CARTESIAN_POINT('',(-2.646250001490E-1,1.076595744491E-1,0.E0));
#443=LINE('',#442,#441);
#444=DIRECTION('',(0.E0,1.E0,0.E0));
#445=VECTOR('',#444,9.574467837810E-3);
#446=CARTESIAN_POINT('',(-2.6525E-1,1.102127656341E-1,0.E0));
#447=LINE('',#446,#445);
#448=DIRECTION('',(2.377712989836E-1,9.713211669575E-1,0.E0));
#449=VECTOR('',#448,2.628575667711E-3);
#450=CARTESIAN_POINT('',(-2.6525E-1,1.197872334719E-1,0.E0));
#451=LINE('',#450,#449);
#452=DIRECTION('',(5.466222343973E-1,8.373793243581E-1,0.E0));
#453=VECTOR('',#452,2.286771503888E-3);
#454=CARTESIAN_POINT('',(-2.646250001490E-1,1.223404246569E-1,0.E0));
#455=LINE('',#454,#453);
#456=DIRECTION('',(8.265992787996E-1,5.627909312417E-1,0.E0));
#457=VECTOR('',#456,2.268330070071E-3);
#458=CARTESIAN_POINT('',(-2.63375E-1,1.242553198338E-1,0.E0));
#459=LINE('',#458,#457);
#460=DIRECTION('',(9.689177247618E-1,2.473831898946E-1,0.E0));
#461=VECTOR('',#460,2.580198745603E-3);
#462=CARTESIAN_POINT('',(-2.615E-1,1.255319154263E-1,0.E0));
#463=LINE('',#462,#461);
#464=DIRECTION('',(0.E0,1.E0,0.E0));
#465=VECTOR('',#464,2.617021322250E-2);
#466=CARTESIAN_POINT('',(-2.3525E-1,1.E-1,0.E0));
#467=LINE('',#466,#465);
#468=DIRECTION('',(5.126339427469E-1,-8.586072680474E-1,0.E0));
#469=VECTOR('',#468,3.047984124572E-2);
#470=CARTESIAN_POINT('',(-2.3525E-1,1.261702132225E-1,0.E0));
#471=LINE('',#470,#469);
#472=DIRECTION('',(1.E0,0.E0,0.E0));
#473=VECTOR('',#472,5.625E-3);
#474=CARTESIAN_POINT('',(-2.196249988079E-1,1.E-1,0.E0));
#475=LINE('',#474,#473);
#476=DIRECTION('',(0.E0,1.E0,0.E0));
#477=VECTOR('',#476,3.E-2);
#478=CARTESIAN_POINT('',(-2.139999988079E-1,1.E-1,0.E0));
#479=LINE('',#478,#477);
#480=DIRECTION('',(-1.E0,0.E0,0.E0));
#481=VECTOR('',#480,3.75E-3);
#482=CARTESIAN_POINT('',(-2.139999988079E-1,1.3E-1,0.E0));
#483=LINE('',#482,#481);
#484=DIRECTION('',(0.E0,-1.E0,0.E0));
#485=VECTOR('',#484,2.553191497922E-2);
#486=CARTESIAN_POINT('',(-2.177499988079E-1,1.3E-1,0.E0));
#487=LINE('',#486,#485);
#488=DIRECTION('',(-5.219890180595E-1,8.529522055926E-1,0.E0));
#489=VECTOR('',#488,2.993358222397E-2);
#490=CARTESIAN_POINT('',(-2.177499988079E-1,1.044680850208E-1,0.E0));
#491=LINE('',#490,#489);
#492=DIRECTION('',(-1.E0,0.E0,0.E0));
#493=VECTOR('',#492,5.625E-3);
#494=CARTESIAN_POINT('',(-2.33375E-1,1.3E-1,0.E0));
#495=LINE('',#494,#493);
#496=DIRECTION('',(0.E0,-1.E0,0.E0));
#497=VECTOR('',#496,3.E-2);
#498=CARTESIAN_POINT('',(-2.39E-1,1.3E-1,0.E0));
#499=LINE('',#498,#497);
#500=DIRECTION('',(1.E0,0.E0,0.E0));
#501=VECTOR('',#500,3.75E-3);
#502=CARTESIAN_POINT('',(-2.39E-1,1.E-1,0.E0));
#503=LINE('',#502,#501);
#504=DIRECTION('',(1.E0,0.E0,0.E0));
#505=VECTOR('',#504,6.259842519685E-2);
#506=CARTESIAN_POINT('',(1.741889763780E-1,1.472440944882E-1,
-9.842519685039E-2));
#507=LINE('',#506,#505);
#508=DIRECTION('',(1.E0,0.E0,0.E0));
#509=VECTOR('',#508,5.221259842520E-2);
#510=CARTESIAN_POINT('',(2.367874015748E-1,1.472440944882E-1,
-9.842519685039E-2));
#511=LINE('',#510,#509);
#512=DIRECTION('',(1.E0,0.E0,0.E0));
#513=VECTOR('',#512,6.318897637795E-2);
#514=CARTESIAN_POINT('',(-2.89E-1,1.472440944882E-1,-9.842519685039E-2));
#515=LINE('',#514,#513);
#516=DIRECTION('',(1.E0,0.E0,0.E0));
#517=VECTOR('',#516,6.259842519685E-2);
#518=CARTESIAN_POINT('',(-2.258110236220E-1,1.472440944882E-1,
-9.842519685039E-2));
#519=LINE('',#518,#517);
#520=DIRECTION('',(1.E0,0.E0,0.E0));
#521=VECTOR('',#520,3.740157480315E-2);
#522=CARTESIAN_POINT('',(-1.632125984252E-1,1.472440944882E-1,
-9.842519685039E-2));
#523=LINE('',#522,#521);
#524=DIRECTION('',(1.E0,0.E0,0.E0));
#525=VECTOR('',#524,6.259842519685E-2);
#526=CARTESIAN_POINT('',(-1.258110236220E-1,1.472440944882E-1,
-9.842519685039E-2));
#527=LINE('',#526,#525);
#528=DIRECTION('',(1.E0,0.E0,0.E0));
#529=VECTOR('',#528,3.740157480315E-2);
#530=CARTESIAN_POINT('',(-6.321259842520E-2,1.472440944882E-1,
-9.842519685039E-2));
#531=LINE('',#530,#529);
#532=DIRECTION('',(1.E0,0.E0,0.E0));
#533=VECTOR('',#532,6.259842519685E-2);
#534=CARTESIAN_POINT('',(-2.581102362205E-2,1.472440944882E-1,
-9.842519685039E-2));
#535=LINE('',#534,#533);
#536=DIRECTION('',(1.E0,0.E0,0.E0));
#537=VECTOR('',#536,3.740157480315E-2);
#538=CARTESIAN_POINT('',(3.678740157480E-2,1.472440944882E-1,
-9.842519685039E-2));
#539=LINE('',#538,#537);
#540=DIRECTION('',(1.E0,0.E0,0.E0));
#541=VECTOR('',#540,6.259842519685E-2);
#542=CARTESIAN_POINT('',(7.418897637795E-2,1.472440944882E-1,
-9.842519685039E-2));
#543=LINE('',#542,#541);
#544=DIRECTION('',(1.E0,0.E0,0.E0));
#545=VECTOR('',#544,3.740157480315E-2);
#546=CARTESIAN_POINT('',(1.367874015748E-1,1.472440944882E-1,
-9.842519685039E-2));
#547=LINE('',#546,#545);
#548=CARTESIAN_POINT('',(2.367874015748E-1,1.431236529057E-1,
-1.096955988470E-1));
#549=DIRECTION('',(1.E0,0.E0,0.E0));
#550=DIRECTION('',(0.E0,9.985198854962E-1,5.438785037747E-2));
#551=AXIS2_PLACEMENT_3D('',#548,#549,#550);
#553=DIRECTION('',(0.E0,5.438785037747E-2,-9.985198854962E-1));
#554=VECTOR('',#553,2.899997864652E-2);
#555=CARTESIAN_POINT('',(2.367874015748E-1,1.551058915317E-1,
-1.090429446425E-1));
#556=LINE('',#555,#554);
#557=DIRECTION('',(0.E0,1.E0,0.E0));
#558=VECTOR('',#557,9.842519685039E-3);
#559=CARTESIAN_POINT('',(2.367874015748E-1,1.468406183462E-1,-1.38E-1));
#560=LINE('',#559,#558);
#561=DIRECTION('',(0.E0,-5.438785037747E-2,9.985198854962E-1));
#562=VECTOR('',#561,2.910779705558E-2);
#563=CARTESIAN_POINT('',(2.367874015748E-1,1.468406183462E-1,-1.38E-1));
#564=LINE('',#563,#562);
#565=CARTESIAN_POINT('',(2.367874015748E-1,-1.431236529057E-1,
-1.096955988470E-1));
#566=DIRECTION('',(1.E0,0.E0,0.E0));
#567=DIRECTION('',(0.E0,-3.433701318730E-1,9.392001663849E-1));
#568=AXIS2_PLACEMENT_3D('',#565,#566,#567);
#570=DIRECTION('',(0.E0,-5.438785037747E-2,-9.985198854962E-1));
#571=VECTOR('',#570,2.910779705558E-2);
#572=CARTESIAN_POINT('',(2.367874015748E-1,-1.452575078351E-1,
-1.089352858170E-1));
#573=LINE('',#572,#571);
#574=DIRECTION('',(0.E0,1.E0,0.E0));
#575=VECTOR('',#574,9.842519685039E-3);
#576=CARTESIAN_POINT('',(2.367874015748E-1,-1.566831380312E-1,-1.38E-1));
#577=LINE('',#576,#575);
#578=DIRECTION('',(0.E0,5.438785037747E-2,9.985198854962E-1));
#579=VECTOR('',#578,2.899997864652E-2);
#580=CARTESIAN_POINT('',(2.367874015748E-1,-1.566831380312E-1,-1.38E-1));
#581=LINE('',#580,#579);
#582=DIRECTION('',(1.E0,0.E0,0.E0));
#583=VECTOR('',#582,6.259842519685E-2);
#584=CARTESIAN_POINT('',(1.741889763780E-1,1.551058915317E-1,
-1.090429446425E-1));
#585=LINE('',#584,#583);
#586=DIRECTION('',(3.858074839162E-1,5.017710553595E-2,-9.212137881264E-1));
#587=VECTOR('',#586,5.000249965827E-2);
#588=CARTESIAN_POINT('',(1.741889763780E-1,1.566831380312E-1,-1.38E-1));
#589=LINE('',#588,#587);
#590=DIRECTION('',(0.E0,-5.438785037747E-2,9.985198854962E-1));
#591=VECTOR('',#590,1.060624964503E-1);
#592=CARTESIAN_POINT('',(1.934803149606E-1,1.649606299213E-1,
-2.899685039370E-1));
#593=LINE('',#592,#591);
#594=DIRECTION('',(0.E0,-5.438785037747E-2,9.985198854962E-1));
#595=VECTOR('',#594,1.060624964503E-1);
#596=CARTESIAN_POINT('',(2.174960629921E-1,1.649606299213E-1,
-2.899685039370E-1));
#597=LINE('',#596,#595);
#598=DIRECTION('',(3.858074839162E-1,-5.017710553595E-2,9.212137881264E-1));
#599=VECTOR('',#598,5.000249965827E-2);
#600=CARTESIAN_POINT('',(2.174960629921E-1,1.591921187337E-1,
-1.840629921260E-1));
#601=LINE('',#600,#599);
#602=CARTESIAN_POINT('',(1.741889763780E-1,1.431236529057E-1,
-1.096955988470E-1));
#603=DIRECTION('',(-1.E0,0.E0,0.E0));
#604=DIRECTION('',(0.E0,3.433701318730E-1,9.392001663849E-1));
#605=AXIS2_PLACEMENT_3D('',#602,#603,#604);
#607=DIRECTION('',(0.E0,-5.438785037747E-2,9.985198854962E-1));
#608=VECTOR('',#607,2.910779705558E-2);
#609=CARTESIAN_POINT('',(1.741889763780E-1,1.468406183462E-1,-1.38E-1));
#610=LINE('',#609,#608);
#611=DIRECTION('',(0.E0,1.E0,0.E0));
#612=VECTOR('',#611,9.842519685039E-3);
#613=CARTESIAN_POINT('',(1.741889763780E-1,1.468406183462E-1,-1.38E-1));
#614=LINE('',#613,#612);
#615=DIRECTION('',(0.E0,5.438785037747E-2,-9.985198854962E-1));
#616=VECTOR('',#615,2.899997864652E-2);
#617=CARTESIAN_POINT('',(1.741889763780E-1,1.551058915317E-1,
-1.090429446425E-1));
#618=LINE('',#617,#616);
#619=CARTESIAN_POINT('',(1.741889763780E-1,-1.431236529057E-1,
-1.096955988470E-1));
#620=DIRECTION('',(-1.E0,0.E0,0.E0));
#621=DIRECTION('',(0.E0,-9.985198854962E-1,5.438785037752E-2));
#622=AXIS2_PLACEMENT_3D('',#619,#620,#621);
#624=DIRECTION('',(0.E0,5.438785037747E-2,9.985198854962E-1));
#625=VECTOR('',#624,2.899997864652E-2);
#626=CARTESIAN_POINT('',(1.741889763780E-1,-1.566831380312E-1,-1.38E-1));
#627=LINE('',#626,#625);
#628=DIRECTION('',(0.E0,1.E0,0.E0));
#629=VECTOR('',#628,9.842519685039E-3);
#630=CARTESIAN_POINT('',(1.741889763780E-1,-1.566831380312E-1,-1.38E-1));
#631=LINE('',#630,#629);
#632=DIRECTION('',(0.E0,-5.438785037747E-2,-9.985198854962E-1));
#633=VECTOR('',#632,2.910779705558E-2);
#634=CARTESIAN_POINT('',(1.741889763780E-1,-1.452575078351E-1,
-1.089352858170E-1));
#635=LINE('',#634,#633);
#636=DIRECTION('',(0.E0,1.857284241659E-1,9.826011156399E-1));
#637=VECTOR('',#636,1.069619075262E-2);
#638=CARTESIAN_POINT('',(2.367874015748E-1,1.452575078351E-1,
-1.089352858170E-1));
#639=LINE('',#638,#637);
#640=DIRECTION('',(-1.E0,0.E0,0.E0));
#641=VECTOR('',#640,6.259842519685E-2);
#642=CARTESIAN_POINT('',(2.367874015748E-1,1.452575078351E-1,
-1.089352858170E-1));
#643=LINE('',#642,#641);
#644=DIRECTION('',(0.E0,1.857284241659E-1,9.826011156399E-1));
#645=VECTOR('',#644,1.069619075262E-2);
#646=CARTESIAN_POINT('',(1.741889763780E-1,1.452575078351E-1,
-1.089352858170E-1));
#647=LINE('',#646,#645);
#648=DIRECTION('',(0.E0,1.857284241659E-1,9.826011156399E-1));
#649=VECTOR('',#648,1.069619075262E-2);
#650=CARTESIAN_POINT('',(1.367874015748E-1,1.452575078351E-1,
-1.089352858170E-1));
#651=LINE('',#650,#649);
#652=DIRECTION('',(-1.E0,0.E0,0.E0));
#653=VECTOR('',#652,6.259842519685E-2);
#654=CARTESIAN_POINT('',(1.367874015748E-1,1.452575078351E-1,
-1.089352858170E-1));
#655=LINE('',#654,#653);
#656=DIRECTION('',(0.E0,1.857284241659E-1,9.826011156399E-1));
#657=VECTOR('',#656,1.069619075262E-2);
#658=CARTESIAN_POINT('',(7.418897637795E-2,1.452575078351E-1,
-1.089352858170E-1));
#659=LINE('',#658,#657);
#660=DIRECTION('',(0.E0,1.857284241659E-1,9.826011156399E-1));
#661=VECTOR('',#660,1.069619075262E-2);
#662=CARTESIAN_POINT('',(3.678740157480E-2,1.452575078351E-1,
-1.089352858170E-1));
#663=LINE('',#662,#661);
#664=DIRECTION('',(-1.E0,0.E0,0.E0));
#665=VECTOR('',#664,6.259842519685E-2);
#666=CARTESIAN_POINT('',(3.678740157480E-2,1.452575078351E-1,
-1.089352858170E-1));
#667=LINE('',#666,#665);
#668=DIRECTION('',(0.E0,1.857284241659E-1,9.826011156399E-1));
#669=VECTOR('',#668,1.069619075262E-2);
#670=CARTESIAN_POINT('',(-2.581102362205E-2,1.452575078351E-1,
-1.089352858170E-1));
#671=LINE('',#670,#669);
#672=DIRECTION('',(0.E0,1.857284241659E-1,9.826011156399E-1));
#673=VECTOR('',#672,1.069619075262E-2);
#674=CARTESIAN_POINT('',(-6.321259842520E-2,1.452575078351E-1,
-1.089352858170E-1));
#675=LINE('',#674,#673);
#676=DIRECTION('',(-1.E0,0.E0,0.E0));
#677=VECTOR('',#676,6.259842519685E-2);
#678=CARTESIAN_POINT('',(-6.321259842520E-2,1.452575078351E-1,
-1.089352858170E-1));
#679=LINE('',#678,#677);
#680=DIRECTION('',(0.E0,1.857284241659E-1,9.826011156399E-1));
#681=VECTOR('',#680,1.069619075262E-2);
#682=CARTESIAN_POINT('',(-1.258110236220E-1,1.452575078351E-1,
-1.089352858170E-1));
#683=LINE('',#682,#681);
#684=DIRECTION('',(0.E0,1.857284241659E-1,9.826011156399E-1));
#685=VECTOR('',#684,1.069619075262E-2);
#686=CARTESIAN_POINT('',(-1.632125984252E-1,1.452575078351E-1,
-1.089352858170E-1));
#687=LINE('',#686,#685);
#688=DIRECTION('',(-1.E0,0.E0,0.E0));
#689=VECTOR('',#688,6.259842519685E-2);
#690=CARTESIAN_POINT('',(-1.632125984252E-1,1.452575078351E-1,
-1.089352858170E-1));
#691=LINE('',#690,#689);
#692=DIRECTION('',(0.E0,1.857284241659E-1,9.826011156399E-1));
#693=VECTOR('',#692,1.069619075262E-2);
#694=CARTESIAN_POINT('',(-2.258110236220E-1,1.452575078351E-1,
-1.089352858170E-1));
#695=LINE('',#694,#693);
#696=DIRECTION('',(1.E0,0.E0,0.E0));
#697=VECTOR('',#696,5.78E-1);
#698=CARTESIAN_POINT('',(-2.89E-1,1.397637795276E-1,-1.38E-1));
#699=LINE('',#698,#697);
#700=DIRECTION('',(3.858074839162E-1,5.017710553595E-2,-9.212137881264E-1));
#701=VECTOR('',#700,5.000249965827E-2);
#702=CARTESIAN_POINT('',(1.741889763780E-1,1.468406183462E-1,-1.38E-1));
#703=LINE('',#702,#701);
#704=DIRECTION('',(3.858074839162E-1,-5.017710553595E-2,9.212137881264E-1));
#705=VECTOR('',#704,5.000249965827E-2);
#706=CARTESIAN_POINT('',(2.174960629921E-1,1.493495990486E-1,
-1.840629921260E-1));
#707=LINE('',#706,#705);
#708=DIRECTION('',(0.E0,-5.438785037747E-2,9.985198854962E-1));
#709=VECTOR('',#708,1.060624964503E-1);
#710=CARTESIAN_POINT('',(2.174960629921E-1,1.551181102362E-1,
-2.899685039370E-1));
#711=LINE('',#710,#709);
#712=DIRECTION('',(-1.E0,0.E0,0.E0));
#713=VECTOR('',#712,2.401574803150E-2);
#714=CARTESIAN_POINT('',(2.174960629921E-1,1.551181102362E-1,
-2.899685039370E-1));
#715=LINE('',#714,#713);
#716=DIRECTION('',(0.E0,-5.438785037747E-2,9.985198854962E-1));
#717=VECTOR('',#716,1.060624964503E-1);
#718=CARTESIAN_POINT('',(1.934803149606E-1,1.551181102362E-1,
-2.899685039370E-1));
#719=LINE('',#718,#717);
#720=DIRECTION('',(0.E0,1.E0,0.E0));
#721=VECTOR('',#720,9.842519685039E-3);
#722=CARTESIAN_POINT('',(1.934803149606E-1,-1.591921187337E-1,
-1.840629921260E-1));
#723=LINE('',#722,#721);
#724=DIRECTION('',(0.E0,1.E0,0.E0));
#725=VECTOR('',#724,9.842519685039E-3);
#726=CARTESIAN_POINT('',(1.934803149606E-1,1.493495990486E-1,
-1.840629921260E-1));
#727=LINE('',#726,#725);
#728=DIRECTION('',(1.E0,0.E0,0.E0));
#729=VECTOR('',#728,6.259842519685E-2);
#730=CARTESIAN_POINT('',(1.741889763780E-1,-1.551058915317E-1,
-1.090429446425E-1));
#731=LINE('',#730,#729);
#732=DIRECTION('',(3.858074839162E-1,5.017710553595E-2,9.212137881264E-1));
#733=VECTOR('',#732,5.000249965827E-2);
#734=CARTESIAN_POINT('',(2.174960629921E-1,-1.591921187337E-1,
-1.840629921260E-1));
#735=LINE('',#734,#733);
#736=DIRECTION('',(0.E0,5.438785037747E-2,9.985198854962E-1));
#737=VECTOR('',#736,1.060624964503E-1);
#738=CARTESIAN_POINT('',(2.174960629921E-1,-1.649606299213E-1,
-2.899685039370E-1));
#739=LINE('',#738,#737);
#740=DIRECTION('',(-1.E0,0.E0,0.E0));
#741=VECTOR('',#740,2.401574803150E-2);
#742=CARTESIAN_POINT('',(2.174960629921E-1,-1.649606299213E-1,
-2.899685039370E-1));
#743=LINE('',#742,#741);
#744=DIRECTION('',(0.E0,5.438785037747E-2,9.985198854962E-1));
#745=VECTOR('',#744,1.060624964503E-1);
#746=CARTESIAN_POINT('',(1.934803149606E-1,-1.649606299213E-1,
-2.899685039370E-1));
#747=LINE('',#746,#745);
#748=DIRECTION('',(3.858074839162E-1,-5.017710553595E-2,-9.212137881264E-1));
#749=VECTOR('',#748,5.000249965827E-2);
#750=CARTESIAN_POINT('',(1.741889763780E-1,-1.566831380312E-1,-1.38E-1));
#751=LINE('',#750,#749);
#752=DIRECTION('',(1.E0,0.E0,0.E0));
#753=VECTOR('',#752,6.259842519685E-2);
#754=CARTESIAN_POINT('',(1.741889763780E-1,-1.472440944882E-1,
-9.842519685039E-2));
#755=LINE('',#754,#753);
#756=DIRECTION('',(1.E0,0.E0,0.E0));
#757=VECTOR('',#756,6.259842519685E-2);
#758=CARTESIAN_POINT('',(7.418897637795E-2,-1.472440944882E-1,
-9.842519685039E-2));
#759=LINE('',#758,#757);
#760=DIRECTION('',(1.E0,0.E0,0.E0));
#761=VECTOR('',#760,6.259842519685E-2);
#762=CARTESIAN_POINT('',(-2.581102362205E-2,-1.472440944882E-1,
-9.842519685039E-2));
#763=LINE('',#762,#761);
#764=DIRECTION('',(1.E0,0.E0,0.E0));
#765=VECTOR('',#764,6.259842519685E-2);
#766=CARTESIAN_POINT('',(-1.258110236220E-1,-1.472440944882E-1,
-9.842519685039E-2));
#767=LINE('',#766,#765);
#768=DIRECTION('',(1.E0,0.E0,0.E0));
#769=VECTOR('',#768,6.259842519685E-2);
#770=CARTESIAN_POINT('',(-2.258110236220E-1,-1.472440944882E-1,
-9.842519685039E-2));
#771=LINE('',#770,#769);
#772=DIRECTION('',(1.E0,0.E0,0.E0));
#773=VECTOR('',#772,5.78E-1);
#774=CARTESIAN_POINT('',(-2.89E-1,-1.421259842520E-1,0.E0));
#775=LINE('',#774,#773);
#776=DIRECTION('',(0.E0,1.857284241659E-1,-9.826011156399E-1));
#777=VECTOR('',#776,1.069619075262E-2);
#778=CARTESIAN_POINT('',(2.367874015748E-1,-1.472440944882E-1,
-9.842519685039E-2));
#779=LINE('',#778,#777);
#780=DIRECTION('',(1.E0,0.E0,0.E0));
#781=VECTOR('',#780,5.221259842520E-2);
#782=CARTESIAN_POINT('',(2.367874015748E-1,-1.472440944882E-1,
-9.842519685039E-2));
#783=LINE('',#782,#781);
#784=DIRECTION('',(1.E0,0.E0,0.E0));
#785=VECTOR('',#784,6.318897637795E-2);
#786=CARTESIAN_POINT('',(-2.89E-1,-1.472440944882E-1,-9.842519685039E-2));
#787=LINE('',#786,#785);
#788=DIRECTION('',(0.E0,1.857284241659E-1,-9.826011156399E-1));
#789=VECTOR('',#788,1.069619075262E-2);
#790=CARTESIAN_POINT('',(-2.258110236220E-1,-1.472440944882E-1,
-9.842519685039E-2));
#791=LINE('',#790,#789);
#792=DIRECTION('',(-1.E0,0.E0,0.E0));
#793=VECTOR('',#792,6.259842519685E-2);
#794=CARTESIAN_POINT('',(-1.632125984252E-1,-1.452575078351E-1,
-1.089352858170E-1));
#795=LINE('',#794,#793);
#796=DIRECTION('',(0.E0,1.857284241659E-1,-9.826011156399E-1));
#797=VECTOR('',#796,1.069619075262E-2);
#798=CARTESIAN_POINT('',(-1.632125984252E-1,-1.472440944882E-1,
-9.842519685039E-2));
#799=LINE('',#798,#797);
#800=DIRECTION('',(1.E0,-2.448918261160E-14,0.E0));
#801=VECTOR('',#800,3.740157480315E-2);
#802=CARTESIAN_POINT('',(-1.632125984252E-1,-1.472440944882E-1,
-9.842519685039E-2));
#803=LINE('',#802,#801);
#804=DIRECTION('',(0.E0,1.857284241660E-1,-9.826011156399E-1));
#805=VECTOR('',#804,1.069619075262E-2);
#806=CARTESIAN_POINT('',(-1.258110236220E-1,-1.472440944882E-1,
-9.842519685039E-2));
#807=LINE('',#806,#805);
#808=DIRECTION('',(-1.E0,0.E0,0.E0));
#809=VECTOR('',#808,6.259842519685E-2);
#810=CARTESIAN_POINT('',(-6.321259842520E-2,-1.452575078351E-1,
-1.089352858170E-1));
#811=LINE('',#810,#809);
#812=DIRECTION('',(0.E0,1.857284241660E-1,-9.826011156399E-1));
#813=VECTOR('',#812,1.069619075262E-2);
#814=CARTESIAN_POINT('',(-6.321259842520E-2,-1.472440944882E-1,
-9.842519685039E-2));
#815=LINE('',#814,#813);
#816=DIRECTION('',(1.E0,4.526788300932E-14,0.E0));
#817=VECTOR('',#816,3.740157480315E-2);
#818=CARTESIAN_POINT('',(-6.321259842520E-2,-1.472440944882E-1,
-9.842519685039E-2));
#819=LINE('',#818,#817);
#820=DIRECTION('',(0.E0,1.857284241659E-1,-9.826011156399E-1));
#821=VECTOR('',#820,1.069619075262E-2);
#822=CARTESIAN_POINT('',(-2.581102362205E-2,-1.472440944882E-1,
-9.842519685039E-2));
#823=LINE('',#822,#821);
#824=DIRECTION('',(-1.E0,0.E0,0.E0));
#825=VECTOR('',#824,6.259842519685E-2);
#826=CARTESIAN_POINT('',(3.678740157480E-2,-1.452575078351E-1,
-1.089352858170E-1));
#827=LINE('',#826,#825);
#828=DIRECTION('',(0.E0,1.857284241659E-1,-9.826011156399E-1));
#829=VECTOR('',#828,1.069619075262E-2);
#830=CARTESIAN_POINT('',(3.678740157480E-2,-1.472440944882E-1,
-9.842519685039E-2));
#831=LINE('',#830,#829);
#832=DIRECTION('',(1.E0,-2.819966482548E-14,0.E0));
#833=VECTOR('',#832,3.740157480315E-2);
#834=CARTESIAN_POINT('',(3.678740157480E-2,-1.472440944882E-1,
-9.842519685039E-2));
#835=LINE('',#834,#833);
#836=DIRECTION('',(0.E0,1.857284241660E-1,-9.826011156399E-1));
#837=VECTOR('',#836,1.069619075262E-2);
#838=CARTESIAN_POINT('',(7.418897637795E-2,-1.472440944882E-1,
-9.842519685039E-2));
#839=LINE('',#838,#837);
#840=DIRECTION('',(-1.E0,0.E0,0.E0));
#841=VECTOR('',#840,6.259842519685E-2);
#842=CARTESIAN_POINT('',(1.367874015748E-1,-1.452575078351E-1,
-1.089352858170E-1));
#843=LINE('',#842,#841);
#844=DIRECTION('',(0.E0,1.857284241660E-1,-9.826011156399E-1));
#845=VECTOR('',#844,1.069619075262E-2);
#846=CARTESIAN_POINT('',(1.367874015748E-1,-1.472440944882E-1,
-9.842519685039E-2));
#847=LINE('',#846,#845);
#848=DIRECTION('',(1.E0,2.226289328327E-14,0.E0));
#849=VECTOR('',#848,3.740157480315E-2);
#850=CARTESIAN_POINT('',(1.367874015748E-1,-1.472440944882E-1,
-9.842519685039E-2));
#851=LINE('',#850,#849);
#852=DIRECTION('',(0.E0,1.857284241659E-1,-9.826011156399E-1));
#853=VECTOR('',#852,1.069619075262E-2);
#854=CARTESIAN_POINT('',(1.741889763780E-1,-1.472440944882E-1,
-9.842519685039E-2));
#855=LINE('',#854,#853);
#856=DIRECTION('',(-1.E0,0.E0,0.E0));
#857=VECTOR('',#856,6.259842519685E-2);
#858=CARTESIAN_POINT('',(2.367874015748E-1,-1.452575078351E-1,
-1.089352858170E-1));
#859=LINE('',#858,#857);
#860=DIRECTION('',(0.E0,-1.E0,0.E0));
#861=VECTOR('',#860,2.842519685039E-1);
#862=CARTESIAN_POINT('',(2.89E-1,1.421259842520E-1,0.E0));
#863=LINE('',#862,#861);
#864=DIRECTION('',(0.E0,-5.192983825600E-2,9.986507356923E-1));
#865=VECTOR('',#864,9.855817788205E-2);
#866=CARTESIAN_POINT('',(2.89E-1,1.472440944882E-1,-9.842519685039E-2));
#867=LINE('',#866,#865);
#868=DIRECTION('',(0.E0,1.857284241659E-1,9.826011156399E-1));
#869=VECTOR('',#868,4.027555283594E-2);
#870=CARTESIAN_POINT('',(2.89E-1,1.397637795276E-1,-1.38E-1));
#871=LINE('',#870,#869);
#872=DIRECTION('',(0.E0,1.E0,0.E0));
#873=VECTOR('',#872,2.795275590551E-1);
#874=CARTESIAN_POINT('',(2.89E-1,-1.397637795276E-1,-1.38E-1));
#875=LINE('',#874,#873);
#876=DIRECTION('',(0.E0,1.857284241659E-1,-9.826011156399E-1));
#877=VECTOR('',#876,4.027555283594E-2);
#878=CARTESIAN_POINT('',(2.89E-1,-1.472440944882E-1,-9.842519685039E-2));
#879=LINE('',#878,#877);
#880=DIRECTION('',(0.E0,-5.192983825600E-2,-9.986507356923E-1));
#881=VECTOR('',#880,9.855817788205E-2);
#882=CARTESIAN_POINT('',(2.89E-1,-1.421259842520E-1,0.E0));
#883=LINE('',#882,#881);
#884=DIRECTION('',(1.E0,0.E0,0.E0));
#885=VECTOR('',#884,5.78E-1);
#886=CARTESIAN_POINT('',(-2.89E-1,-1.397637795276E-1,-1.38E-1));
#887=LINE('',#886,#885);
#888=CARTESIAN_POINT('',(-2.258110236220E-1,1.431236529057E-1,
-1.096955988470E-1));
#889=DIRECTION('',(-1.E0,0.E0,0.E0));
#890=DIRECTION('',(0.E0,3.433701318730E-1,9.392001663849E-1));
#891=AXIS2_PLACEMENT_3D('',#888,#889,#890);
#893=DIRECTION('',(0.E0,-5.438785037747E-2,9.985198854962E-1));
#894=VECTOR('',#893,2.910779705558E-2);
#895=CARTESIAN_POINT('',(-2.258110236220E-1,1.468406183462E-1,-1.38E-1));
#896=LINE('',#895,#894);
#897=DIRECTION('',(0.E0,1.E0,0.E0));
#898=VECTOR('',#897,9.842519685039E-3);
#899=CARTESIAN_POINT('',(-2.258110236220E-1,1.468406183462E-1,-1.38E-1));
#900=LINE('',#899,#898);
#901=DIRECTION('',(0.E0,5.438785037747E-2,-9.985198854962E-1));
#902=VECTOR('',#901,2.899997864652E-2);
#903=CARTESIAN_POINT('',(-2.258110236220E-1,1.551058915317E-1,
-1.090429446425E-1));
#904=LINE('',#903,#902);
#905=CARTESIAN_POINT('',(-2.258110236220E-1,-1.431236529057E-1,
-1.096955988470E-1));
#906=DIRECTION('',(-1.E0,0.E0,0.E0));
#907=DIRECTION('',(0.E0,-9.985198854962E-1,5.438785037747E-2));
#908=AXIS2_PLACEMENT_3D('',#905,#906,#907);
#910=DIRECTION('',(0.E0,5.438785037747E-2,9.985198854962E-1));
#911=VECTOR('',#910,2.899997864652E-2);
#912=CARTESIAN_POINT('',(-2.258110236220E-1,-1.566831380312E-1,-1.38E-1));
#913=LINE('',#912,#911);
#914=DIRECTION('',(0.E0,1.E0,0.E0));
#915=VECTOR('',#914,9.842519685039E-3);
#916=CARTESIAN_POINT('',(-2.258110236220E-1,-1.566831380312E-1,-1.38E-1));
#917=LINE('',#916,#915);
#918=DIRECTION('',(0.E0,-5.438785037747E-2,-9.985198854962E-1));
#919=VECTOR('',#918,2.910779705558E-2);
#920=CARTESIAN_POINT('',(-2.258110236220E-1,-1.452575078351E-1,
-1.089352858170E-1));
#921=LINE('',#920,#919);
#922=CARTESIAN_POINT('',(-1.632125984252E-1,1.431236529057E-1,
-1.096955988470E-1));
#923=DIRECTION('',(1.E0,0.E0,0.E0));
#924=DIRECTION('',(0.E0,9.985198854962E-1,5.438785037747E-2));
#925=AXIS2_PLACEMENT_3D('',#922,#923,#924);
#927=DIRECTION('',(0.E0,5.438785037747E-2,-9.985198854962E-1));
#928=VECTOR('',#927,2.899997864652E-2);
#929=CARTESIAN_POINT('',(-1.632125984252E-1,1.551058915317E-1,
-1.090429446425E-1));
#930=LINE('',#929,#928);
#931=DIRECTION('',(0.E0,1.E0,0.E0));
#932=VECTOR('',#931,9.842519685039E-3);
#933=CARTESIAN_POINT('',(-1.632125984252E-1,1.468406183462E-1,-1.38E-1));
#934=LINE('',#933,#932);
#935=DIRECTION('',(0.E0,-5.438785037747E-2,9.985198854962E-1));
#936=VECTOR('',#935,2.910779705558E-2);
#937=CARTESIAN_POINT('',(-1.632125984252E-1,1.468406183462E-1,-1.38E-1));
#938=LINE('',#937,#936);
#939=CARTESIAN_POINT('',(-1.632125984252E-1,-1.431236529057E-1,
-1.096955988470E-1));
#940=DIRECTION('',(1.E0,0.E0,0.E0));
#941=DIRECTION('',(0.E0,-3.433701318731E-1,9.392001663849E-1));
#942=AXIS2_PLACEMENT_3D('',#939,#940,#941);
#944=DIRECTION('',(0.E0,-5.438785037747E-2,-9.985198854962E-1));
#945=VECTOR('',#944,2.910779705558E-2);
#946=CARTESIAN_POINT('',(-1.632125984252E-1,-1.452575078351E-1,
-1.089352858170E-1));
#947=LINE('',#946,#945);
#948=DIRECTION('',(0.E0,1.E0,0.E0));
#949=VECTOR('',#948,9.842519685039E-3);
#950=CARTESIAN_POINT('',(-1.632125984252E-1,-1.566831380312E-1,-1.38E-1));
#951=LINE('',#950,#949);
#952=DIRECTION('',(0.E0,5.438785037747E-2,9.985198854962E-1));
#953=VECTOR('',#952,2.899997864652E-2);
#954=CARTESIAN_POINT('',(-1.632125984252E-1,-1.566831380312E-1,-1.38E-1));
#955=LINE('',#954,#953);
#956=DIRECTION('',(1.E0,0.E0,0.E0));
#957=VECTOR('',#956,6.259842519685E-2);
#958=CARTESIAN_POINT('',(-2.258110236220E-1,1.551058915317E-1,
-1.090429446425E-1));
#959=LINE('',#958,#957);
#960=DIRECTION('',(3.858074839162E-1,5.017710553595E-2,-9.212137881264E-1));
#961=VECTOR('',#960,5.000249965827E-2);
#962=CARTESIAN_POINT('',(-2.258110236220E-1,1.566831380312E-1,-1.38E-1));
#963=LINE('',#962,#961);
#964=DIRECTION('',(0.E0,-5.438785037747E-2,9.985198854962E-1));
#965=VECTOR('',#964,1.060624964503E-1);
#966=CARTESIAN_POINT('',(-2.065196850394E-1,1.649606299213E-1,
-2.899685039370E-1));
#967=LINE('',#966,#965);
#968=DIRECTION('',(0.E0,-5.438785037747E-2,9.985198854962E-1));
#969=VECTOR('',#968,1.060624964503E-1);
#970=CARTESIAN_POINT('',(-1.825039370079E-1,1.649606299213E-1,
-2.899685039370E-1));
#971=LINE('',#970,#969);
#972=DIRECTION('',(3.858074839162E-1,-5.017710553595E-2,9.212137881264E-1));
#973=VECTOR('',#972,5.000249965827E-2);
#974=CARTESIAN_POINT('',(-1.825039370079E-1,1.591921187337E-1,
-1.840629921260E-1));
#975=LINE('',#974,#973);
#976=DIRECTION('',(1.E0,0.E0,0.E0));
#977=VECTOR('',#976,6.259842519685E-2);
#978=CARTESIAN_POINT('',(-2.258110236220E-1,-1.551058915317E-1,
-1.090429446425E-1));
#979=LINE('',#978,#977);
#980=DIRECTION('',(3.858074839162E-1,5.017710553595E-2,9.212137881264E-1));
#981=VECTOR('',#980,5.000249965827E-2);
#982=CARTESIAN_POINT('',(-1.825039370079E-1,-1.591921187337E-1,
-1.840629921260E-1));
#983=LINE('',#982,#981);
#984=DIRECTION('',(0.E0,5.438785037747E-2,9.985198854962E-1));
#985=VECTOR('',#984,1.060624964503E-1);
#986=CARTESIAN_POINT('',(-1.825039370079E-1,-1.649606299213E-1,
-2.899685039370E-1));
#987=LINE('',#986,#985);
#988=DIRECTION('',(-1.E0,0.E0,0.E0));
#989=VECTOR('',#988,2.401574803150E-2);
#990=CARTESIAN_POINT('',(-1.825039370079E-1,-1.649606299213E-1,
-2.899685039370E-1));
#991=LINE('',#990,#989);
#992=DIRECTION('',(0.E0,5.438785037747E-2,9.985198854962E-1));
#993=VECTOR('',#992,1.060624964503E-1);
#994=CARTESIAN_POINT('',(-2.065196850394E-1,-1.649606299213E-1,
-2.899685039370E-1));
#995=LINE('',#994,#993);
#996=DIRECTION('',(3.858074839162E-1,-5.017710553595E-2,-9.212137881264E-1));
#997=VECTOR('',#996,5.000249965827E-2);
#998=CARTESIAN_POINT('',(-2.258110236220E-1,-1.566831380312E-1,-1.38E-1));
#999=LINE('',#998,#997);
#1000=DIRECTION('',(0.E0,1.E0,0.E0));
#1001=VECTOR('',#1000,9.842519685039E-3);
#1002=CARTESIAN_POINT('',(-1.825039370079E-1,-1.591921187337E-1,
-1.840629921260E-1));
#1003=LINE('',#1002,#1001);
#1004=DIRECTION('',(0.E0,1.E0,0.E0));
#1005=VECTOR('',#1004,9.842519685039E-3);
#1006=CARTESIAN_POINT('',(-1.825039370079E-1,1.493495990486E-1,
-1.840629921260E-1));
#1007=LINE('',#1006,#1005);
#1008=DIRECTION('',(3.858074839162E-1,-5.017710553595E-2,-9.212137881264E-1));
#1009=VECTOR('',#1008,5.000249965827E-2);
#1010=CARTESIAN_POINT('',(-2.258110236220E-1,-1.468406183462E-1,-1.38E-1));
#1011=LINE('',#1010,#1009);
#1012=DIRECTION('',(0.E0,5.438785037747E-2,9.985198854962E-1));
#1013=VECTOR('',#1012,1.060624964503E-1);
#1014=CARTESIAN_POINT('',(-2.065196850394E-1,-1.551181102362E-1,
-2.899685039370E-1));
#1015=LINE('',#1014,#1013);
#1016=DIRECTION('',(0.E0,5.438785037747E-2,9.985198854962E-1));
#1017=VECTOR('',#1016,1.060624964503E-1);
#1018=CARTESIAN_POINT('',(-1.825039370079E-1,-1.551181102362E-1,
-2.899685039370E-1));
#1019=LINE('',#1018,#1017);
#1020=DIRECTION('',(3.858074839162E-1,5.017710553595E-2,9.212137881264E-1));
#1021=VECTOR('',#1020,5.000249965827E-2);
#1022=CARTESIAN_POINT('',(-1.825039370079E-1,-1.493495990486E-1,
-1.840629921260E-1));
#1023=LINE('',#1022,#1021);
#1024=DIRECTION('',(0.E0,1.E0,0.E0));
#1025=VECTOR('',#1024,9.842519685039E-3);
#1026=CARTESIAN_POINT('',(-2.065196850394E-1,1.493495990486E-1,
-1.840629921260E-1));
#1027=LINE('',#1026,#1025);
#1028=DIRECTION('',(0.E0,1.E0,0.E0));
#1029=VECTOR('',#1028,9.842519685039E-3);
#1030=CARTESIAN_POINT('',(-2.065196850394E-1,-1.591921187337E-1,
-1.840629921260E-1));
#1031=LINE('',#1030,#1029);
#1032=DIRECTION('',(0.E0,-1.E0,0.E0));
#1033=VECTOR('',#1032,9.842519685039E-3);
#1034=CARTESIAN_POINT('',(-2.065196850394E-1,1.649606299213E-1,
-2.899685039370E-1));
#1035=LINE('',#1034,#1033);
#1036=DIRECTION('',(0.E0,-1.E0,0.E0));
#1037=VECTOR('',#1036,9.842519685039E-3);
#1038=CARTESIAN_POINT('',(-1.825039370079E-1,1.649606299213E-1,
-2.899685039370E-1));
#1039=LINE('',#1038,#1037);
#1040=DIRECTION('',(-1.E0,0.E0,0.E0));
#1041=VECTOR('',#1040,2.401574803150E-2);
#1042=CARTESIAN_POINT('',(-1.825039370079E-1,1.649606299213E-1,
-2.899685039370E-1));
#1043=LINE('',#1042,#1041);
#1044=DIRECTION('',(3.858074839162E-1,5.017710553595E-2,-9.212137881264E-1));
#1045=VECTOR('',#1044,5.000249965827E-2);
#1046=CARTESIAN_POINT('',(-2.258110236220E-1,1.468406183462E-1,-1.38E-1));
#1047=LINE('',#1046,#1045);
#1048=DIRECTION('',(3.858074839162E-1,-5.017710553595E-2,9.212137881264E-1));
#1049=VECTOR('',#1048,5.000249965827E-2);
#1050=CARTESIAN_POINT('',(-1.825039370079E-1,1.493495990486E-1,
-1.840629921260E-1));
#1051=LINE('',#1050,#1049);
#1052=DIRECTION('',(0.E0,-5.438785037747E-2,9.985198854962E-1));
#1053=VECTOR('',#1052,1.060624964503E-1);
#1054=CARTESIAN_POINT('',(-1.825039370079E-1,1.551181102362E-1,
-2.899685039370E-1));
#1055=LINE('',#1054,#1053);
#1056=DIRECTION('',(-1.E0,0.E0,0.E0));
#1057=VECTOR('',#1056,2.401574803150E-2);
#1058=CARTESIAN_POINT('',(-1.825039370079E-1,1.551181102362E-1,
-2.899685039370E-1));
#1059=LINE('',#1058,#1057);
#1060=DIRECTION('',(0.E0,-5.438785037747E-2,9.985198854962E-1));
#1061=VECTOR('',#1060,1.060624964503E-1);
#1062=CARTESIAN_POINT('',(-2.065196850394E-1,1.551181102362E-1,
-2.899685039370E-1));
#1063=LINE('',#1062,#1061);
#1064=DIRECTION('',(0.E0,-1.E0,0.E0));
#1065=VECTOR('',#1064,9.842519685039E-3);
#1066=CARTESIAN_POINT('',(-2.065196850394E-1,-1.551181102362E-1,
-2.899685039370E-1));
#1067=LINE('',#1066,#1065);
#1068=DIRECTION('',(0.E0,-1.E0,0.E0));
#1069=VECTOR('',#1068,9.842519685039E-3);
#1070=CARTESIAN_POINT('',(-1.825039370079E-1,-1.551181102362E-1,
-2.899685039370E-1));
#1071=LINE('',#1070,#1069);
#1072=DIRECTION('',(-1.E0,0.E0,0.E0));
#1073=VECTOR('',#1072,2.401574803150E-2);
#1074=CARTESIAN_POINT('',(-1.825039370079E-1,-1.551181102362E-1,
-2.899685039370E-1));
#1075=LINE('',#1074,#1073);
#1076=CARTESIAN_POINT('',(-1.258110236220E-1,1.431236529057E-1,
-1.096955988470E-1));
#1077=DIRECTION('',(-1.E0,0.E0,0.E0));
#1078=DIRECTION('',(0.E0,3.433701318730E-1,9.392001663849E-1));
#1079=AXIS2_PLACEMENT_3D('',#1076,#1077,#1078);
#1081=DIRECTION('',(0.E0,-5.438785037747E-2,9.985198854962E-1));
#1082=VECTOR('',#1081,2.910779705558E-2);
#1083=CARTESIAN_POINT('',(-1.258110236220E-1,1.468406183462E-1,-1.38E-1));
#1084=LINE('',#1083,#1082);
#1085=DIRECTION('',(0.E0,1.E0,0.E0));
#1086=VECTOR('',#1085,9.842519685039E-3);
#1087=CARTESIAN_POINT('',(-1.258110236220E-1,1.468406183462E-1,-1.38E-1));
#1088=LINE('',#1087,#1086);
#1089=DIRECTION('',(0.E0,5.438785037747E-2,-9.985198854962E-1));
#1090=VECTOR('',#1089,2.899997864652E-2);
#1091=CARTESIAN_POINT('',(-1.258110236220E-1,1.551058915317E-1,
-1.090429446425E-1));
#1092=LINE('',#1091,#1090);
#1093=CARTESIAN_POINT('',(-1.258110236220E-1,-1.431236529057E-1,
-1.096955988470E-1));
#1094=DIRECTION('',(-1.E0,0.E0,0.E0));
#1095=DIRECTION('',(0.E0,-9.985198854962E-1,5.438785037745E-2));
#1096=AXIS2_PLACEMENT_3D('',#1093,#1094,#1095);
#1098=DIRECTION('',(0.E0,5.438785037747E-2,9.985198854962E-1));
#1099=VECTOR('',#1098,2.899997864652E-2);
#1100=CARTESIAN_POINT('',(-1.258110236220E-1,-1.566831380312E-1,-1.38E-1));
#1101=LINE('',#1100,#1099);
#1102=DIRECTION('',(0.E0,1.E0,0.E0));
#1103=VECTOR('',#1102,9.842519685039E-3);
#1104=CARTESIAN_POINT('',(-1.258110236220E-1,-1.566831380312E-1,-1.38E-1));
#1105=LINE('',#1104,#1103);
#1106=DIRECTION('',(0.E0,-5.438785037747E-2,-9.985198854962E-1));
#1107=VECTOR('',#1106,2.910779705558E-2);
#1108=CARTESIAN_POINT('',(-1.258110236220E-1,-1.452575078351E-1,
-1.089352858170E-1));
#1109=LINE('',#1108,#1107);
#1110=CARTESIAN_POINT('',(-6.321259842520E-2,1.431236529057E-1,
-1.096955988470E-1));
#1111=DIRECTION('',(1.E0,0.E0,0.E0));
#1112=DIRECTION('',(0.E0,9.985198854962E-1,5.438785037747E-2));
#1113=AXIS2_PLACEMENT_3D('',#1110,#1111,#1112);
#1115=DIRECTION('',(0.E0,5.438785037747E-2,-9.985198854962E-1));
#1116=VECTOR('',#1115,2.899997864652E-2);
#1117=CARTESIAN_POINT('',(-6.321259842520E-2,1.551058915317E-1,
-1.090429446425E-1));
#1118=LINE('',#1117,#1116);
#1119=DIRECTION('',(0.E0,1.E0,0.E0));
#1120=VECTOR('',#1119,9.842519685039E-3);
#1121=CARTESIAN_POINT('',(-6.321259842520E-2,1.468406183462E-1,-1.38E-1));
#1122=LINE('',#1121,#1120);
#1123=DIRECTION('',(0.E0,-5.438785037747E-2,9.985198854962E-1));
#1124=VECTOR('',#1123,2.910779705558E-2);
#1125=CARTESIAN_POINT('',(-6.321259842520E-2,1.468406183462E-1,-1.38E-1));
#1126=LINE('',#1125,#1124);
#1127=CARTESIAN_POINT('',(-6.321259842520E-2,-1.431236529057E-1,
-1.096955988470E-1));
#1128=DIRECTION('',(1.E0,0.E0,0.E0));
#1129=DIRECTION('',(0.E0,-3.433701318731E-1,9.392001663849E-1));
#1130=AXIS2_PLACEMENT_3D('',#1127,#1128,#1129);
#1132=DIRECTION('',(0.E0,-5.438785037747E-2,-9.985198854962E-1));
#1133=VECTOR('',#1132,2.910779705558E-2);
#1134=CARTESIAN_POINT('',(-6.321259842520E-2,-1.452575078351E-1,
-1.089352858170E-1));
#1135=LINE('',#1134,#1133);
#1136=DIRECTION('',(0.E0,1.E0,0.E0));
#1137=VECTOR('',#1136,9.842519685039E-3);
#1138=CARTESIAN_POINT('',(-6.321259842520E-2,-1.566831380312E-1,-1.38E-1));
#1139=LINE('',#1138,#1137);
#1140=DIRECTION('',(0.E0,5.438785037747E-2,9.985198854962E-1));
#1141=VECTOR('',#1140,2.899997864652E-2);
#1142=CARTESIAN_POINT('',(-6.321259842520E-2,-1.566831380312E-1,-1.38E-1));
#1143=LINE('',#1142,#1141);
#1144=DIRECTION('',(1.E0,0.E0,0.E0));
#1145=VECTOR('',#1144,6.259842519685E-2);
#1146=CARTESIAN_POINT('',(-1.258110236220E-1,1.551058915317E-1,
-1.090429446425E-1));
#1147=LINE('',#1146,#1145);
#1148=DIRECTION('',(3.858074839162E-1,5.017710553595E-2,-9.212137881264E-1));
#1149=VECTOR('',#1148,5.000249965827E-2);
#1150=CARTESIAN_POINT('',(-1.258110236220E-1,1.566831380312E-1,-1.38E-1));
#1151=LINE('',#1150,#1149);
#1152=DIRECTION('',(0.E0,-5.438785037747E-2,9.985198854962E-1));
#1153=VECTOR('',#1152,1.060624964503E-1);
#1154=CARTESIAN_POINT('',(-1.065196850394E-1,1.649606299213E-1,
-2.899685039370E-1));
#1155=LINE('',#1154,#1153);
#1156=DIRECTION('',(0.E0,-5.438785037747E-2,9.985198854962E-1));
#1157=VECTOR('',#1156,1.060624964503E-1);
#1158=CARTESIAN_POINT('',(-8.250393700787E-2,1.649606299213E-1,
-2.899685039370E-1));
#1159=LINE('',#1158,#1157);
#1160=DIRECTION('',(3.858074839162E-1,-5.017710553595E-2,9.212137881264E-1));
#1161=VECTOR('',#1160,5.000249965827E-2);
#1162=CARTESIAN_POINT('',(-8.250393700787E-2,1.591921187337E-1,
-1.840629921260E-1));
#1163=LINE('',#1162,#1161);
#1164=DIRECTION('',(0.E0,1.E0,0.E0));
#1165=VECTOR('',#1164,9.842519685039E-3);
#1166=CARTESIAN_POINT('',(-1.065196850394E-1,-1.591921187337E-1,
-1.840629921260E-1));
#1167=LINE('',#1166,#1165);
#1168=DIRECTION('',(0.E0,1.E0,0.E0));
#1169=VECTOR('',#1168,9.842519685039E-3);
#1170=CARTESIAN_POINT('',(-1.065196850394E-1,1.493495990486E-1,
-1.840629921260E-1));
#1171=LINE('',#1170,#1169);
#1172=DIRECTION('',(1.E0,0.E0,0.E0));
#1173=VECTOR('',#1172,6.259842519685E-2);
#1174=CARTESIAN_POINT('',(-1.258110236220E-1,-1.551058915317E-1,
-1.090429446425E-1));
#1175=LINE('',#1174,#1173);
#1176=DIRECTION('',(3.858074839162E-1,5.017710553595E-2,9.212137881264E-1));
#1177=VECTOR('',#1176,5.000249965827E-2);
#1178=CARTESIAN_POINT('',(-8.250393700787E-2,-1.591921187337E-1,
-1.840629921260E-1));
#1179=LINE('',#1178,#1177);
#1180=DIRECTION('',(0.E0,5.438785037747E-2,9.985198854962E-1));
#1181=VECTOR('',#1180,1.060624964503E-1);
#1182=CARTESIAN_POINT('',(-8.250393700787E-2,-1.649606299213E-1,
-2.899685039370E-1));
#1183=LINE('',#1182,#1181);
#1184=DIRECTION('',(-1.E0,0.E0,0.E0));
#1185=VECTOR('',#1184,2.401574803150E-2);
#1186=CARTESIAN_POINT('',(-8.250393700787E-2,-1.649606299213E-1,
-2.899685039370E-1));
#1187=LINE('',#1186,#1185);
#1188=DIRECTION('',(0.E0,5.438785037747E-2,9.985198854962E-1));
#1189=VECTOR('',#1188,1.060624964503E-1);
#1190=CARTESIAN_POINT('',(-1.065196850394E-1,-1.649606299213E-1,
-2.899685039370E-1));
#1191=LINE('',#1190,#1189);
#1192=DIRECTION('',(3.858074839162E-1,-5.017710553595E-2,-9.212137881264E-1));
#1193=VECTOR('',#1192,5.000249965827E-2);
#1194=CARTESIAN_POINT('',(-1.258110236220E-1,-1.566831380312E-1,-1.38E-1));
#1195=LINE('',#1194,#1193);
#1196=DIRECTION('',(0.E0,1.E0,0.E0));
#1197=VECTOR('',#1196,9.842519685039E-3);
#1198=CARTESIAN_POINT('',(-8.250393700787E-2,-1.591921187337E-1,
-1.840629921260E-1));
#1199=LINE('',#1198,#1197);
#1200=DIRECTION('',(0.E0,1.E0,0.E0));
#1201=VECTOR('',#1200,9.842519685039E-3);
#1202=CARTESIAN_POINT('',(-8.250393700787E-2,1.493495990486E-1,
-1.840629921260E-1));
#1203=LINE('',#1202,#1201);
#1204=DIRECTION('',(3.858074839162E-1,-5.017710553595E-2,-9.212137881264E-1));
#1205=VECTOR('',#1204,5.000249965827E-2);
#1206=CARTESIAN_POINT('',(-1.258110236220E-1,-1.468406183462E-1,-1.38E-1));
#1207=LINE('',#1206,#1205);
#1208=DIRECTION('',(0.E0,5.438785037747E-2,9.985198854962E-1));
#1209=VECTOR('',#1208,1.060624964503E-1);
#1210=CARTESIAN_POINT('',(-1.065196850394E-1,-1.551181102362E-1,
-2.899685039370E-1));
#1211=LINE('',#1210,#1209);
#1212=DIRECTION('',(0.E0,5.438785037747E-2,9.985198854962E-1));
#1213=VECTOR('',#1212,1.060624964503E-1);
#1214=CARTESIAN_POINT('',(-8.250393700787E-2,-1.551181102362E-1,
-2.899685039370E-1));
#1215=LINE('',#1214,#1213);
#1216=DIRECTION('',(3.858074839162E-1,5.017710553595E-2,9.212137881264E-1));
#1217=VECTOR('',#1216,5.000249965827E-2);
#1218=CARTESIAN_POINT('',(-8.250393700787E-2,-1.493495990486E-1,
-1.840629921260E-1));
#1219=LINE('',#1218,#1217);
#1220=DIRECTION('',(0.E0,-1.E0,0.E0));
#1221=VECTOR('',#1220,9.842519685039E-3);
#1222=CARTESIAN_POINT('',(-1.065196850394E-1,-1.551181102362E-1,
-2.899685039370E-1));
#1223=LINE('',#1222,#1221);
#1224=DIRECTION('',(0.E0,-1.E0,0.E0));
#1225=VECTOR('',#1224,9.842519685039E-3);
#1226=CARTESIAN_POINT('',(-8.250393700787E-2,-1.551181102362E-1,
-2.899685039370E-1));
#1227=LINE('',#1226,#1225);
#1228=DIRECTION('',(-1.E0,0.E0,0.E0));
#1229=VECTOR('',#1228,2.401574803150E-2);
#1230=CARTESIAN_POINT('',(-8.250393700787E-2,-1.551181102362E-1,
-2.899685039370E-1));
#1231=LINE('',#1230,#1229);
#1232=DIRECTION('',(0.E0,-1.E0,0.E0));
#1233=VECTOR('',#1232,9.842519685039E-3);
#1234=CARTESIAN_POINT('',(-1.065196850394E-1,1.649606299213E-1,
-2.899685039370E-1));
#1235=LINE('',#1234,#1233);
#1236=DIRECTION('',(0.E0,-1.E0,0.E0));
#1237=VECTOR('',#1236,9.842519685039E-3);
#1238=CARTESIAN_POINT('',(-8.250393700787E-2,1.649606299213E-1,
-2.899685039370E-1));
#1239=LINE('',#1238,#1237);
#1240=DIRECTION('',(-1.E0,0.E0,0.E0));
#1241=VECTOR('',#1240,2.401574803150E-2);
#1242=CARTESIAN_POINT('',(-8.250393700787E-2,1.649606299213E-1,
-2.899685039370E-1));
#1243=LINE('',#1242,#1241);
#1244=DIRECTION('',(3.858074839162E-1,5.017710553595E-2,-9.212137881264E-1));
#1245=VECTOR('',#1244,5.000249965827E-2);
#1246=CARTESIAN_POINT('',(-1.258110236220E-1,1.468406183462E-1,-1.38E-1));
#1247=LINE('',#1246,#1245);
#1248=DIRECTION('',(3.858074839162E-1,-5.017710553595E-2,9.212137881264E-1));
#1249=VECTOR('',#1248,5.000249965827E-2);
#1250=CARTESIAN_POINT('',(-8.250393700787E-2,1.493495990486E-1,
-1.840629921260E-1));
#1251=LINE('',#1250,#1249);
#1252=DIRECTION('',(0.E0,-5.438785037747E-2,9.985198854962E-1));
#1253=VECTOR('',#1252,1.060624964503E-1);
#1254=CARTESIAN_POINT('',(-8.250393700787E-2,1.551181102362E-1,
-2.899685039370E-1));
#1255=LINE('',#1254,#1253);
#1256=DIRECTION('',(-1.E0,0.E0,0.E0));
#1257=VECTOR('',#1256,2.401574803150E-2);
#1258=CARTESIAN_POINT('',(-8.250393700787E-2,1.551181102362E-1,
-2.899685039370E-1));
#1259=LINE('',#1258,#1257);
#1260=DIRECTION('',(0.E0,-5.438785037747E-2,9.985198854962E-1));
#1261=VECTOR('',#1260,1.060624964503E-1);
#1262=CARTESIAN_POINT('',(-1.065196850394E-1,1.551181102362E-1,
-2.899685039370E-1));
#1263=LINE('',#1262,#1261);
#1264=CARTESIAN_POINT('',(-2.581102362205E-2,1.431236529057E-1,
-1.096955988470E-1));
#1265=DIRECTION('',(-1.E0,0.E0,0.E0));
#1266=DIRECTION('',(0.E0,3.433701318730E-1,9.392001663849E-1));
#1267=AXIS2_PLACEMENT_3D('',#1264,#1265,#1266);
#1269=DIRECTION('',(0.E0,-5.438785037747E-2,9.985198854962E-1));
#1270=VECTOR('',#1269,2.910779705558E-2);
#1271=CARTESIAN_POINT('',(-2.581102362205E-2,1.468406183462E-1,-1.38E-1));
#1272=LINE('',#1271,#1270);
#1273=DIRECTION('',(0.E0,1.E0,0.E0));
#1274=VECTOR('',#1273,9.842519685039E-3);
#1275=CARTESIAN_POINT('',(-2.581102362205E-2,1.468406183462E-1,-1.38E-1));
#1276=LINE('',#1275,#1274);
#1277=DIRECTION('',(0.E0,5.438785037747E-2,-9.985198854962E-1));
#1278=VECTOR('',#1277,2.899997864652E-2);
#1279=CARTESIAN_POINT('',(-2.581102362205E-2,1.551058915317E-1,
-1.090429446425E-1));
#1280=LINE('',#1279,#1278);
#1281=CARTESIAN_POINT('',(-2.581102362205E-2,-1.431236529057E-1,
-1.096955988470E-1));
#1282=DIRECTION('',(-1.E0,0.E0,0.E0));
#1283=DIRECTION('',(0.E0,-9.985198854962E-1,5.438785037755E-2));
#1284=AXIS2_PLACEMENT_3D('',#1281,#1282,#1283);
#1286=DIRECTION('',(0.E0,5.438785037747E-2,9.985198854962E-1));
#1287=VECTOR('',#1286,2.899997864652E-2);
#1288=CARTESIAN_POINT('',(-2.581102362205E-2,-1.566831380312E-1,-1.38E-1));
#1289=LINE('',#1288,#1287);
#1290=DIRECTION('',(0.E0,1.E0,0.E0));
#1291=VECTOR('',#1290,9.842519685039E-3);
#1292=CARTESIAN_POINT('',(-2.581102362205E-2,-1.566831380312E-1,-1.38E-1));
#1293=LINE('',#1292,#1291);
#1294=DIRECTION('',(0.E0,-5.438785037747E-2,-9.985198854962E-1));
#1295=VECTOR('',#1294,2.910779705558E-2);
#1296=CARTESIAN_POINT('',(-2.581102362205E-2,-1.452575078351E-1,
-1.089352858170E-1));
#1297=LINE('',#1296,#1295);
#1298=CARTESIAN_POINT('',(3.678740157480E-2,1.431236529057E-1,
-1.096955988470E-1));
#1299=DIRECTION('',(1.E0,0.E0,0.E0));
#1300=DIRECTION('',(0.E0,9.985198854962E-1,5.438785037747E-2));
#1301=AXIS2_PLACEMENT_3D('',#1298,#1299,#1300);
#1303=DIRECTION('',(0.E0,5.438785037747E-2,-9.985198854962E-1));
#1304=VECTOR('',#1303,2.899997864652E-2);
#1305=CARTESIAN_POINT('',(3.678740157480E-2,1.551058915317E-1,
-1.090429446425E-1));
#1306=LINE('',#1305,#1304);
#1307=DIRECTION('',(0.E0,1.E0,0.E0));
#1308=VECTOR('',#1307,9.842519685039E-3);
#1309=CARTESIAN_POINT('',(3.678740157480E-2,1.468406183462E-1,-1.38E-1));
#1310=LINE('',#1309,#1308);
#1311=DIRECTION('',(0.E0,-5.438785037747E-2,9.985198854962E-1));
#1312=VECTOR('',#1311,2.910779705558E-2);
#1313=CARTESIAN_POINT('',(3.678740157480E-2,1.468406183462E-1,-1.38E-1));
#1314=LINE('',#1313,#1312);
#1315=CARTESIAN_POINT('',(3.678740157480E-2,-1.431236529057E-1,
-1.096955988470E-1));
#1316=DIRECTION('',(1.E0,0.E0,0.E0));
#1317=DIRECTION('',(0.E0,-3.433701318730E-1,9.392001663849E-1));
#1318=AXIS2_PLACEMENT_3D('',#1315,#1316,#1317);
#1320=DIRECTION('',(0.E0,-5.438785037747E-2,-9.985198854962E-1));
#1321=VECTOR('',#1320,2.910779705558E-2);
#1322=CARTESIAN_POINT('',(3.678740157480E-2,-1.452575078351E-1,
-1.089352858170E-1));
#1323=LINE('',#1322,#1321);
#1324=DIRECTION('',(0.E0,1.E0,0.E0));
#1325=VECTOR('',#1324,9.842519685039E-3);
#1326=CARTESIAN_POINT('',(3.678740157480E-2,-1.566831380312E-1,-1.38E-1));
#1327=LINE('',#1326,#1325);
#1328=DIRECTION('',(0.E0,5.438785037747E-2,9.985198854962E-1));
#1329=VECTOR('',#1328,2.899997864652E-2);
#1330=CARTESIAN_POINT('',(3.678740157480E-2,-1.566831380312E-1,-1.38E-1));
#1331=LINE('',#1330,#1329);
#1332=DIRECTION('',(1.E0,0.E0,0.E0));
#1333=VECTOR('',#1332,6.259842519685E-2);
#1334=CARTESIAN_POINT('',(-2.581102362205E-2,1.551058915317E-1,
-1.090429446425E-1));
#1335=LINE('',#1334,#1333);
#1336=DIRECTION('',(3.858074839162E-1,5.017710553595E-2,-9.212137881264E-1));
#1337=VECTOR('',#1336,5.000249965827E-2);
#1338=CARTESIAN_POINT('',(-2.581102362205E-2,1.566831380312E-1,-1.38E-1));
#1339=LINE('',#1338,#1337);
#1340=DIRECTION('',(0.E0,-5.438785037747E-2,9.985198854962E-1));
#1341=VECTOR('',#1340,1.060624964503E-1);
#1342=CARTESIAN_POINT('',(-6.519685039370E-3,1.649606299213E-1,
-2.899685039370E-1));
#1343=LINE('',#1342,#1341);
#1344=DIRECTION('',(0.E0,-5.438785037747E-2,9.985198854962E-1));
#1345=VECTOR('',#1344,1.060624964503E-1);
#1346=CARTESIAN_POINT('',(1.749606299213E-2,1.649606299213E-1,
-2.899685039370E-1));
#1347=LINE('',#1346,#1345);
#1348=DIRECTION('',(3.858074839162E-1,-5.017710553595E-2,9.212137881264E-1));
#1349=VECTOR('',#1348,5.000249965827E-2);
#1350=CARTESIAN_POINT('',(1.749606299213E-2,1.591921187337E-1,
-1.840629921260E-1));
#1351=LINE('',#1350,#1349);
#1352=DIRECTION('',(0.E0,1.E0,0.E0));
#1353=VECTOR('',#1352,9.842519685039E-3);
#1354=CARTESIAN_POINT('',(-6.519685039370E-3,-1.591921187337E-1,
-1.840629921260E-1));
#1355=LINE('',#1354,#1353);
#1356=DIRECTION('',(0.E0,1.E0,0.E0));
#1357=VECTOR('',#1356,9.842519685039E-3);
#1358=CARTESIAN_POINT('',(-6.519685039370E-3,1.493495990486E-1,
-1.840629921260E-1));
#1359=LINE('',#1358,#1357);
#1360=DIRECTION('',(1.E0,0.E0,0.E0));
#1361=VECTOR('',#1360,6.259842519685E-2);
#1362=CARTESIAN_POINT('',(-2.581102362205E-2,-1.551058915317E-1,
-1.090429446425E-1));
#1363=LINE('',#1362,#1361);
#1364=DIRECTION('',(3.858074839162E-1,5.017710553595E-2,9.212137881264E-1));
#1365=VECTOR('',#1364,5.000249965827E-2);
#1366=CARTESIAN_POINT('',(1.749606299213E-2,-1.591921187337E-1,
-1.840629921260E-1));
#1367=LINE('',#1366,#1365);
#1368=DIRECTION('',(0.E0,5.438785037747E-2,9.985198854962E-1));
#1369=VECTOR('',#1368,1.060624964503E-1);
#1370=CARTESIAN_POINT('',(1.749606299213E-2,-1.649606299213E-1,
-2.899685039370E-1));
#1371=LINE('',#1370,#1369);
#1372=DIRECTION('',(-1.E0,0.E0,0.E0));
#1373=VECTOR('',#1372,2.401574803150E-2);
#1374=CARTESIAN_POINT('',(1.749606299213E-2,-1.649606299213E-1,
-2.899685039370E-1));
#1375=LINE('',#1374,#1373);
#1376=DIRECTION('',(0.E0,5.438785037747E-2,9.985198854962E-1));
#1377=VECTOR('',#1376,1.060624964503E-1);
#1378=CARTESIAN_POINT('',(-6.519685039370E-3,-1.649606299213E-1,
-2.899685039370E-1));
#1379=LINE('',#1378,#1377);
#1380=DIRECTION('',(3.858074839162E-1,-5.017710553595E-2,-9.212137881264E-1));
#1381=VECTOR('',#1380,5.000249965827E-2);
#1382=CARTESIAN_POINT('',(-2.581102362205E-2,-1.566831380312E-1,-1.38E-1));
#1383=LINE('',#1382,#1381);
#1384=DIRECTION('',(0.E0,1.E0,0.E0));
#1385=VECTOR('',#1384,9.842519685039E-3);
#1386=CARTESIAN_POINT('',(1.749606299213E-2,-1.591921187337E-1,
-1.840629921260E-1));
#1387=LINE('',#1386,#1385);
#1388=DIRECTION('',(0.E0,1.E0,0.E0));
#1389=VECTOR('',#1388,9.842519685039E-3);
#1390=CARTESIAN_POINT('',(1.749606299213E-2,1.493495990486E-1,
-1.840629921260E-1));
#1391=LINE('',#1390,#1389);
#1392=DIRECTION('',(3.858074839162E-1,-5.017710553595E-2,-9.212137881264E-1));
#1393=VECTOR('',#1392,5.000249965827E-2);
#1394=CARTESIAN_POINT('',(-2.581102362205E-2,-1.468406183462E-1,-1.38E-1));
#1395=LINE('',#1394,#1393);
#1396=DIRECTION('',(0.E0,5.438785037747E-2,9.985198854962E-1));
#1397=VECTOR('',#1396,1.060624964503E-1);
#1398=CARTESIAN_POINT('',(-6.519685039370E-3,-1.551181102362E-1,
-2.899685039370E-1));
#1399=LINE('',#1398,#1397);
#1400=DIRECTION('',(0.E0,5.438785037747E-2,9.985198854962E-1));
#1401=VECTOR('',#1400,1.060624964503E-1);
#1402=CARTESIAN_POINT('',(1.749606299213E-2,-1.551181102362E-1,
-2.899685039370E-1));
#1403=LINE('',#1402,#1401);
#1404=DIRECTION('',(3.858074839162E-1,5.017710553595E-2,9.212137881264E-1));
#1405=VECTOR('',#1404,5.000249965827E-2);
#1406=CARTESIAN_POINT('',(1.749606299213E-2,-1.493495990486E-1,
-1.840629921260E-1));
#1407=LINE('',#1406,#1405);
#1408=DIRECTION('',(0.E0,-1.E0,0.E0));
#1409=VECTOR('',#1408,9.842519685039E-3);
#1410=CARTESIAN_POINT('',(-6.519685039370E-3,-1.551181102362E-1,
-2.899685039370E-1));
#1411=LINE('',#1410,#1409);
#1412=DIRECTION('',(0.E0,-1.E0,0.E0));
#1413=VECTOR('',#1412,9.842519685039E-3);
#1414=CARTESIAN_POINT('',(1.749606299213E-2,-1.551181102362E-1,
-2.899685039370E-1));
#1415=LINE('',#1414,#1413);
#1416=DIRECTION('',(-1.E0,0.E0,0.E0));
#1417=VECTOR('',#1416,2.401574803150E-2);
#1418=CARTESIAN_POINT('',(1.749606299213E-2,-1.551181102362E-1,
-2.899685039370E-1));
#1419=LINE('',#1418,#1417);
#1420=DIRECTION('',(0.E0,-1.E0,0.E0));
#1421=VECTOR('',#1420,9.842519685039E-3);
#1422=CARTESIAN_POINT('',(-6.519685039370E-3,1.649606299213E-1,
-2.899685039370E-1));
#1423=LINE('',#1422,#1421);
#1424=DIRECTION('',(0.E0,-1.E0,0.E0));
#1425=VECTOR('',#1424,9.842519685039E-3);
#1426=CARTESIAN_POINT('',(1.749606299213E-2,1.649606299213E-1,
-2.899685039370E-1));
#1427=LINE('',#1426,#1425);
#1428=DIRECTION('',(-1.E0,0.E0,0.E0));
#1429=VECTOR('',#1428,2.401574803150E-2);
#1430=CARTESIAN_POINT('',(1.749606299213E-2,1.649606299213E-1,
-2.899685039370E-1));
#1431=LINE('',#1430,#1429);
#1432=DIRECTION('',(3.858074839162E-1,5.017710553595E-2,-9.212137881264E-1));
#1433=VECTOR('',#1432,5.000249965827E-2);
#1434=CARTESIAN_POINT('',(-2.581102362205E-2,1.468406183462E-1,-1.38E-1));
#1435=LINE('',#1434,#1433);
#1436=DIRECTION('',(3.858074839162E-1,-5.017710553595E-2,9.212137881264E-1));
#1437=VECTOR('',#1436,5.000249965827E-2);
#1438=CARTESIAN_POINT('',(1.749606299213E-2,1.493495990486E-1,
-1.840629921260E-1));
#1439=LINE('',#1438,#1437);
#1440=DIRECTION('',(0.E0,-5.438785037747E-2,9.985198854962E-1));
#1441=VECTOR('',#1440,1.060624964503E-1);
#1442=CARTESIAN_POINT('',(1.749606299213E-2,1.551181102362E-1,
-2.899685039370E-1));
#1443=LINE('',#1442,#1441);
#1444=DIRECTION('',(-1.E0,0.E0,0.E0));
#1445=VECTOR('',#1444,2.401574803150E-2);
#1446=CARTESIAN_POINT('',(1.749606299213E-2,1.551181102362E-1,
-2.899685039370E-1));
#1447=LINE('',#1446,#1445);
#1448=DIRECTION('',(0.E0,-5.438785037747E-2,9.985198854962E-1));
#1449=VECTOR('',#1448,1.060624964503E-1);
#1450=CARTESIAN_POINT('',(-6.519685039370E-3,1.551181102362E-1,
-2.899685039370E-1));
#1451=LINE('',#1450,#1449);
#1452=CARTESIAN_POINT('',(7.418897637795E-2,1.431236529057E-1,
-1.096955988470E-1));
#1453=DIRECTION('',(-1.E0,0.E0,0.E0));
#1454=DIRECTION('',(0.E0,3.433701318730E-1,9.392001663849E-1));
#1455=AXIS2_PLACEMENT_3D('',#1452,#1453,#1454);
#1457=DIRECTION('',(0.E0,-5.438785037747E-2,9.985198854962E-1));
#1458=VECTOR('',#1457,2.910779705558E-2);
#1459=CARTESIAN_POINT('',(7.418897637795E-2,1.468406183462E-1,-1.38E-1));
#1460=LINE('',#1459,#1458);
#1461=DIRECTION('',(0.E0,1.E0,0.E0));
#1462=VECTOR('',#1461,9.842519685039E-3);
#1463=CARTESIAN_POINT('',(7.418897637795E-2,1.468406183462E-1,-1.38E-1));
#1464=LINE('',#1463,#1462);
#1465=DIRECTION('',(0.E0,5.438785037747E-2,-9.985198854962E-1));
#1466=VECTOR('',#1465,2.899997864652E-2);
#1467=CARTESIAN_POINT('',(7.418897637795E-2,1.551058915317E-1,
-1.090429446425E-1));
#1468=LINE('',#1467,#1466);
#1469=CARTESIAN_POINT('',(7.418897637795E-2,-1.431236529057E-1,
-1.096955988470E-1));
#1470=DIRECTION('',(-1.E0,0.E0,0.E0));
#1471=DIRECTION('',(0.E0,-9.985198854962E-1,5.438785037742E-2));
#1472=AXIS2_PLACEMENT_3D('',#1469,#1470,#1471);
#1474=DIRECTION('',(0.E0,5.438785037747E-2,9.985198854962E-1));
#1475=VECTOR('',#1474,2.899997864652E-2);
#1476=CARTESIAN_POINT('',(7.418897637795E-2,-1.566831380312E-1,-1.38E-1));
#1477=LINE('',#1476,#1475);
#1478=DIRECTION('',(0.E0,1.E0,0.E0));
#1479=VECTOR('',#1478,9.842519685039E-3);
#1480=CARTESIAN_POINT('',(7.418897637795E-2,-1.566831380312E-1,-1.38E-1));
#1481=LINE('',#1480,#1479);
#1482=DIRECTION('',(0.E0,-5.438785037747E-2,-9.985198854962E-1));
#1483=VECTOR('',#1482,2.910779705558E-2);
#1484=CARTESIAN_POINT('',(7.418897637795E-2,-1.452575078351E-1,
-1.089352858170E-1));
#1485=LINE('',#1484,#1483);
#1486=CARTESIAN_POINT('',(1.367874015748E-1,1.431236529057E-1,
-1.096955988470E-1));
#1487=DIRECTION('',(1.E0,0.E0,0.E0));
#1488=DIRECTION('',(0.E0,9.985198854962E-1,5.438785037747E-2));
#1489=AXIS2_PLACEMENT_3D('',#1486,#1487,#1488);
#1491=DIRECTION('',(0.E0,5.438785037747E-2,-9.985198854962E-1));
#1492=VECTOR('',#1491,2.899997864652E-2);
#1493=CARTESIAN_POINT('',(1.367874015748E-1,1.551058915317E-1,
-1.090429446425E-1));
#1494=LINE('',#1493,#1492);
#1495=DIRECTION('',(0.E0,1.E0,0.E0));
#1496=VECTOR('',#1495,9.842519685039E-3);
#1497=CARTESIAN_POINT('',(1.367874015748E-1,1.468406183462E-1,-1.38E-1));
#1498=LINE('',#1497,#1496);
#1499=DIRECTION('',(0.E0,-5.438785037747E-2,9.985198854962E-1));
#1500=VECTOR('',#1499,2.910779705558E-2);
#1501=CARTESIAN_POINT('',(1.367874015748E-1,1.468406183462E-1,-1.38E-1));
#1502=LINE('',#1501,#1500);
#1503=CARTESIAN_POINT('',(1.367874015748E-1,-1.431236529057E-1,
-1.096955988470E-1));
#1504=DIRECTION('',(1.E0,0.E0,0.E0));
#1505=DIRECTION('',(0.E0,-3.433701318731E-1,9.392001663849E-1));
#1506=AXIS2_PLACEMENT_3D('',#1503,#1504,#1505);
#1508=DIRECTION('',(0.E0,-5.438785037747E-2,-9.985198854962E-1));
#1509=VECTOR('',#1508,2.910779705558E-2);
#1510=CARTESIAN_POINT('',(1.367874015748E-1,-1.452575078351E-1,
-1.089352858170E-1));
#1511=LINE('',#1510,#1509);
#1512=DIRECTION('',(0.E0,1.E0,0.E0));
#1513=VECTOR('',#1512,9.842519685039E-3);
#1514=CARTESIAN_POINT('',(1.367874015748E-1,-1.566831380312E-1,-1.38E-1));
#1515=LINE('',#1514,#1513);
#1516=DIRECTION('',(0.E0,5.438785037747E-2,9.985198854962E-1));
#1517=VECTOR('',#1516,2.899997864652E-2);
#1518=CARTESIAN_POINT('',(1.367874015748E-1,-1.566831380312E-1,-1.38E-1));
#1519=LINE('',#1518,#1517);
#1520=DIRECTION('',(1.E0,0.E0,0.E0));
#1521=VECTOR('',#1520,6.259842519685E-2);
#1522=CARTESIAN_POINT('',(7.418897637795E-2,1.551058915317E-1,
-1.090429446425E-1));
#1523=LINE('',#1522,#1521);
#1524=DIRECTION('',(3.858074839162E-1,5.017710553595E-2,-9.212137881264E-1));
#1525=VECTOR('',#1524,5.000249965827E-2);
#1526=CARTESIAN_POINT('',(7.418897637795E-2,1.566831380312E-1,-1.38E-1));
#1527=LINE('',#1526,#1525);
#1528=DIRECTION('',(0.E0,-5.438785037747E-2,9.985198854962E-1));
#1529=VECTOR('',#1528,1.060624964503E-1);
#1530=CARTESIAN_POINT('',(9.348031496063E-2,1.649606299213E-1,
-2.899685039370E-1));
#1531=LINE('',#1530,#1529);
#1532=DIRECTION('',(0.E0,-5.438785037747E-2,9.985198854962E-1));
#1533=VECTOR('',#1532,1.060624964503E-1);
#1534=CARTESIAN_POINT('',(1.174960629921E-1,1.649606299213E-1,
-2.899685039370E-1));
#1535=LINE('',#1534,#1533);
#1536=DIRECTION('',(3.858074839162E-1,-5.017710553595E-2,9.212137881264E-1));
#1537=VECTOR('',#1536,5.000249965827E-2);
#1538=CARTESIAN_POINT('',(1.174960629921E-1,1.591921187337E-1,
-1.840629921260E-1));
#1539=LINE('',#1538,#1537);
#1540=DIRECTION('',(0.E0,1.E0,0.E0));
#1541=VECTOR('',#1540,9.842519685039E-3);
#1542=CARTESIAN_POINT('',(9.348031496063E-2,-1.591921187337E-1,
-1.840629921260E-1));
#1543=LINE('',#1542,#1541);
#1544=DIRECTION('',(0.E0,1.E0,0.E0));
#1545=VECTOR('',#1544,9.842519685039E-3);
#1546=CARTESIAN_POINT('',(9.348031496063E-2,1.493495990486E-1,
-1.840629921260E-1));
#1547=LINE('',#1546,#1545);
#1548=DIRECTION('',(1.E0,0.E0,0.E0));
#1549=VECTOR('',#1548,6.259842519685E-2);
#1550=CARTESIAN_POINT('',(7.418897637795E-2,-1.551058915317E-1,
-1.090429446425E-1));
#1551=LINE('',#1550,#1549);
#1552=DIRECTION('',(3.858074839162E-1,5.017710553595E-2,9.212137881264E-1));
#1553=VECTOR('',#1552,5.000249965827E-2);
#1554=CARTESIAN_POINT('',(1.174960629921E-1,-1.591921187337E-1,
-1.840629921260E-1));
#1555=LINE('',#1554,#1553);
#1556=DIRECTION('',(0.E0,5.438785037747E-2,9.985198854962E-1));
#1557=VECTOR('',#1556,1.060624964503E-1);
#1558=CARTESIAN_POINT('',(1.174960629921E-1,-1.649606299213E-1,
-2.899685039370E-1));
#1559=LINE('',#1558,#1557);
#1560=DIRECTION('',(-1.E0,0.E0,0.E0));
#1561=VECTOR('',#1560,2.401574803150E-2);
#1562=CARTESIAN_POINT('',(1.174960629921E-1,-1.649606299213E-1,
-2.899685039370E-1));
#1563=LINE('',#1562,#1561);
#1564=DIRECTION('',(0.E0,5.438785037747E-2,9.985198854962E-1));
#1565=VECTOR('',#1564,1.060624964503E-1);
#1566=CARTESIAN_POINT('',(9.348031496063E-2,-1.649606299213E-1,
-2.899685039370E-1));
#1567=LINE('',#1566,#1565);
#1568=DIRECTION('',(3.858074839162E-1,-5.017710553595E-2,-9.212137881264E-1));
#1569=VECTOR('',#1568,5.000249965827E-2);
#1570=CARTESIAN_POINT('',(7.418897637795E-2,-1.566831380312E-1,-1.38E-1));
#1571=LINE('',#1570,#1569);
#1572=DIRECTION('',(0.E0,1.E0,0.E0));
#1573=VECTOR('',#1572,9.842519685039E-3);
#1574=CARTESIAN_POINT('',(1.174960629921E-1,-1.591921187337E-1,
-1.840629921260E-1));
#1575=LINE('',#1574,#1573);
#1576=DIRECTION('',(0.E0,1.E0,0.E0));
#1577=VECTOR('',#1576,9.842519685039E-3);
#1578=CARTESIAN_POINT('',(1.174960629921E-1,1.493495990486E-1,
-1.840629921260E-1));
#1579=LINE('',#1578,#1577);
#1580=DIRECTION('',(3.858074839162E-1,-5.017710553595E-2,-9.212137881264E-1));
#1581=VECTOR('',#1580,5.000249965827E-2);
#1582=CARTESIAN_POINT('',(7.418897637795E-2,-1.468406183462E-1,-1.38E-1));
#1583=LINE('',#1582,#1581);
#1584=DIRECTION('',(0.E0,5.438785037747E-2,9.985198854962E-1));
#1585=VECTOR('',#1584,1.060624964503E-1);
#1586=CARTESIAN_POINT('',(9.348031496063E-2,-1.551181102362E-1,
-2.899685039370E-1));
#1587=LINE('',#1586,#1585);
#1588=DIRECTION('',(0.E0,5.438785037747E-2,9.985198854962E-1));
#1589=VECTOR('',#1588,1.060624964503E-1);
#1590=CARTESIAN_POINT('',(1.174960629921E-1,-1.551181102362E-1,
-2.899685039370E-1));
#1591=LINE('',#1590,#1589);
#1592=DIRECTION('',(3.858074839162E-1,5.017710553595E-2,9.212137881264E-1));
#1593=VECTOR('',#1592,5.000249965827E-2);
#1594=CARTESIAN_POINT('',(1.174960629921E-1,-1.493495990486E-1,
-1.840629921260E-1));
#1595=LINE('',#1594,#1593);
#1596=DIRECTION('',(0.E0,-1.E0,0.E0));
#1597=VECTOR('',#1596,9.842519685039E-3);
#1598=CARTESIAN_POINT('',(9.348031496063E-2,-1.551181102362E-1,
-2.899685039370E-1));
#1599=LINE('',#1598,#1597);
#1600=DIRECTION('',(0.E0,-1.E0,0.E0));
#1601=VECTOR('',#1600,9.842519685039E-3);
#1602=CARTESIAN_POINT('',(1.174960629921E-1,-1.551181102362E-1,
-2.899685039370E-1));
#1603=LINE('',#1602,#1601);
#1604=DIRECTION('',(-1.E0,0.E0,0.E0));
#1605=VECTOR('',#1604,2.401574803150E-2);
#1606=CARTESIAN_POINT('',(1.174960629921E-1,-1.551181102362E-1,
-2.899685039370E-1));
#1607=LINE('',#1606,#1605);
#1608=DIRECTION('',(0.E0,-1.E0,0.E0));
#1609=VECTOR('',#1608,9.842519685039E-3);
#1610=CARTESIAN_POINT('',(9.348031496063E-2,1.649606299213E-1,
-2.899685039370E-1));
#1611=LINE('',#1610,#1609);
#1612=DIRECTION('',(0.E0,-1.E0,0.E0));
#1613=VECTOR('',#1612,9.842519685039E-3);
#1614=CARTESIAN_POINT('',(1.174960629921E-1,1.649606299213E-1,
-2.899685039370E-1));
#1615=LINE('',#1614,#1613);
#1616=DIRECTION('',(-1.E0,0.E0,0.E0));
#1617=VECTOR('',#1616,2.401574803150E-2);
#1618=CARTESIAN_POINT('',(1.174960629921E-1,1.649606299213E-1,
-2.899685039370E-1));
#1619=LINE('',#1618,#1617);
#1620=DIRECTION('',(3.858074839162E-1,5.017710553595E-2,-9.212137881264E-1));
#1621=VECTOR('',#1620,5.000249965827E-2);
#1622=CARTESIAN_POINT('',(7.418897637795E-2,1.468406183462E-1,-1.38E-1));
#1623=LINE('',#1622,#1621);
#1624=DIRECTION('',(3.858074839162E-1,-5.017710553595E-2,9.212137881264E-1));
#1625=VECTOR('',#1624,5.000249965827E-2);
#1626=CARTESIAN_POINT('',(1.174960629921E-1,1.493495990486E-1,
-1.840629921260E-1));
#1627=LINE('',#1626,#1625);
#1628=DIRECTION('',(0.E0,-5.438785037747E-2,9.985198854962E-1));
#1629=VECTOR('',#1628,1.060624964503E-1);
#1630=CARTESIAN_POINT('',(1.174960629921E-1,1.551181102362E-1,
-2.899685039370E-1));
#1631=LINE('',#1630,#1629);
#1632=DIRECTION('',(-1.E0,0.E0,0.E0));
#1633=VECTOR('',#1632,2.401574803150E-2);
#1634=CARTESIAN_POINT('',(1.174960629921E-1,1.551181102362E-1,
-2.899685039370E-1));
#1635=LINE('',#1634,#1633);
#1636=DIRECTION('',(0.E0,-5.438785037747E-2,9.985198854962E-1));
#1637=VECTOR('',#1636,1.060624964503E-1);
#1638=CARTESIAN_POINT('',(9.348031496063E-2,1.551181102362E-1,
-2.899685039370E-1));
#1639=LINE('',#1638,#1637);
#1640=DIRECTION('',(3.858074839162E-1,-5.017710553595E-2,-9.212137881264E-1));
#1641=VECTOR('',#1640,5.000249965827E-2);
#1642=CARTESIAN_POINT('',(1.741889763780E-1,-1.468406183462E-1,-1.38E-1));
#1643=LINE('',#1642,#1641);
#1644=DIRECTION('',(0.E0,5.438785037747E-2,9.985198854962E-1));
#1645=VECTOR('',#1644,1.060624964503E-1);
#1646=CARTESIAN_POINT('',(1.934803149606E-1,-1.551181102362E-1,
-2.899685039370E-1));
#1647=LINE('',#1646,#1645);
#1648=DIRECTION('',(0.E0,5.438785037747E-2,9.985198854962E-1));
#1649=VECTOR('',#1648,1.060624964503E-1);
#1650=CARTESIAN_POINT('',(2.174960629921E-1,-1.551181102362E-1,
-2.899685039370E-1));
#1651=LINE('',#1650,#1649);
#1652=DIRECTION('',(3.858074839162E-1,5.017710553595E-2,9.212137881264E-1));
#1653=VECTOR('',#1652,5.000249965827E-2);
#1654=CARTESIAN_POINT('',(2.174960629921E-1,-1.493495990486E-1,
-1.840629921260E-1));
#1655=LINE('',#1654,#1653);
#1656=DIRECTION('',(0.E0,-1.E0,0.E0));
#1657=VECTOR('',#1656,9.842519685039E-3);
#1658=CARTESIAN_POINT('',(1.934803149606E-1,-1.551181102362E-1,
-2.899685039370E-1));
#1659=LINE('',#1658,#1657);
#1660=DIRECTION('',(0.E0,-1.E0,0.E0));
#1661=VECTOR('',#1660,9.842519685039E-3);
#1662=CARTESIAN_POINT('',(2.174960629921E-1,-1.551181102362E-1,
-2.899685039370E-1));
#1663=LINE('',#1662,#1661);
#1664=DIRECTION('',(-1.E0,0.E0,0.E0));
#1665=VECTOR('',#1664,2.401574803150E-2);
#1666=CARTESIAN_POINT('',(2.174960629921E-1,-1.551181102362E-1,
-2.899685039370E-1));
#1667=LINE('',#1666,#1665);
#1668=DIRECTION('',(0.E0,1.E0,0.E0));
#1669=VECTOR('',#1668,9.842519685039E-3);
#1670=CARTESIAN_POINT('',(2.174960629921E-1,-1.591921187337E-1,
-1.840629921260E-1));
#1671=LINE('',#1670,#1669);
#1672=DIRECTION('',(0.E0,1.E0,0.E0));
#1673=VECTOR('',#1672,9.842519685039E-3);
#1674=CARTESIAN_POINT('',(2.174960629921E-1,1.493495990486E-1,
-1.840629921260E-1));
#1675=LINE('',#1674,#1673);
#1676=DIRECTION('',(0.E0,-1.E0,0.E0));
#1677=VECTOR('',#1676,9.842519685039E-3);
#1678=CARTESIAN_POINT('',(1.934803149606E-1,1.649606299213E-1,
-2.899685039370E-1));
#1679=LINE('',#1678,#1677);
#1680=DIRECTION('',(0.E0,-1.E0,0.E0));
#1681=VECTOR('',#1680,9.842519685039E-3);
#1682=CARTESIAN_POINT('',(2.174960629921E-1,1.649606299213E-1,
-2.899685039370E-1));
#1683=LINE('',#1682,#1681);
#1684=DIRECTION('',(-1.E0,0.E0,0.E0));
#1685=VECTOR('',#1684,2.401574803150E-2);
#1686=CARTESIAN_POINT('',(2.174960629921E-1,1.649606299213E-1,
-2.899685039370E-1));
#1687=LINE('',#1686,#1685);
#1688=DIRECTION('',(0.E0,0.E0,1.E0));
#1689=VECTOR('',#1688,1.716139579678E-2);
#1690=CARTESIAN_POINT('',(-1.669527559055E-1,-4.507874015748E-2,
-1.716139579678E-2));
#1691=LINE('',#1690,#1689);
#1692=DIRECTION('',(0.E0,-8.660254037844E-1,5.E-1));
#1693=VECTOR('',#1692,3.432279159356E-2);
#1694=CARTESIAN_POINT('',(-1.669527559055E-1,-4.507874015748E-2,
-1.716139579678E-2));
#1695=LINE('',#1694,#1693);
#1696=DIRECTION('',(0.E0,0.E0,1.E0));
#1697=VECTOR('',#1696,3.937007874016E-2);
#1698=CARTESIAN_POINT('',(-1.669527559055E-1,-6.102362204724E-3,
-3.937007874016E-2));
#1699=LINE('',#1698,#1697);
#1700=DIRECTION('',(0.E0,-1.E0,0.E0));
#1701=VECTOR('',#1700,5.118110236220E-2);
#1702=CARTESIAN_POINT('',(-1.669527559055E-1,4.507874015748E-2,
-3.937007874016E-2));
#1703=LINE('',#1702,#1701);
#1704=DIRECTION('',(0.E0,0.E0,-1.E0));
#1705=VECTOR('',#1704,2.220868294338E-2);
#1706=CARTESIAN_POINT('',(-1.669527559055E-1,4.507874015748E-2,
-1.716139579678E-2));
#1707=LINE('',#1706,#1705);
#1708=DIRECTION('',(0.E0,-8.660254037844E-1,-5.E-1));
#1709=VECTOR('',#1708,3.432279159356E-2);
#1710=CARTESIAN_POINT('',(-1.669527559055E-1,7.480314960630E-2,0.E0));
#1711=LINE('',#1710,#1709);
#1712=DIRECTION('',(0.E0,0.E0,1.E0));
#1713=VECTOR('',#1712,1.716139579678E-2);
#1714=CARTESIAN_POINT('',(-2.220708661417E-1,-4.507874015748E-2,
-1.716139579678E-2));
#1715=LINE('',#1714,#1713);
#1716=DIRECTION('',(0.E0,-8.660254037844E-1,5.E-1));
#1717=VECTOR('',#1716,3.432279159356E-2);
#1718=CARTESIAN_POINT('',(-2.220708661417E-1,-4.507874015748E-2,
-1.716139579678E-2));
#1719=LINE('',#1718,#1717);
#1720=DIRECTION('',(0.E0,0.E0,1.E0));
#1721=VECTOR('',#1720,3.937007874016E-2);
#1722=CARTESIAN_POINT('',(-2.220708661417E-1,-6.102362204724E-3,
-3.937007874016E-2));
#1723=LINE('',#1722,#1721);
#1724=DIRECTION('',(0.E0,-8.660254037844E-1,-5.E-1));
#1725=VECTOR('',#1724,3.432279159356E-2);
#1726=CARTESIAN_POINT('',(-2.220708661417E-1,7.480314960630E-2,0.E0));
#1727=LINE('',#1726,#1725);
#1728=DIRECTION('',(0.E0,0.E0,-1.E0));
#1729=VECTOR('',#1728,2.220868294338E-2);
#1730=CARTESIAN_POINT('',(-2.220708661417E-1,4.507874015748E-2,
-1.716139579678E-2));
#1731=LINE('',#1730,#1729);
#1732=DIRECTION('',(0.E0,-1.E0,0.E0));
#1733=VECTOR('',#1732,5.118110236220E-2);
#1734=CARTESIAN_POINT('',(-2.220708661417E-1,4.507874015748E-2,
-3.937007874016E-2));
#1735=LINE('',#1734,#1733);
#1736=DIRECTION('',(-1.E0,0.E0,0.E0));
#1737=VECTOR('',#1736,5.511811023620E-2);
#1738=CARTESIAN_POINT('',(-1.669527559055E-1,-4.507874015748E-2,
-1.716139579678E-2));
#1739=LINE('',#1738,#1737);
#1740=DIRECTION('',(-1.E0,0.E0,0.E0));
#1741=VECTOR('',#1740,5.511811023620E-2);
#1742=CARTESIAN_POINT('',(-1.669527559055E-1,-6.102362204724E-3,
3.897637795276E-2));
#1743=LINE('',#1742,#1741);
#1744=DIRECTION('',(-1.E0,0.E0,0.E0));
#1745=VECTOR('',#1744,5.511811023620E-2);
#1746=CARTESIAN_POINT('',(-1.669527559055E-1,-6.102362204724E-3,
-3.937007874016E-2));
#1747=LINE('',#1746,#1745);
#1748=DIRECTION('',(1.E0,0.E0,0.E0));
#1749=VECTOR('',#1748,5.511811023620E-2);
#1750=CARTESIAN_POINT('',(-2.220708661417E-1,4.507874015748E-2,
-3.937007874016E-2));
#1751=LINE('',#1750,#1749);
#1752=DIRECTION('',(1.E0,0.E0,0.E0));
#1753=VECTOR('',#1752,5.511811023620E-2);
#1754=CARTESIAN_POINT('',(-2.220708661417E-1,4.507874015748E-2,
-1.716139579678E-2));
#1755=LINE('',#1754,#1753);
#1756=DIRECTION('',(0.E0,0.E0,1.E0));
#1757=VECTOR('',#1756,3.897637795276E-2);
#1758=CARTESIAN_POINT('',(-1.669527559055E-1,-4.507874015748E-2,0.E0));
#1759=LINE('',#1758,#1757);
#1760=DIRECTION('',(0.E0,1.E0,0.E0));
#1761=VECTOR('',#1760,3.897637795276E-2);
#1762=CARTESIAN_POINT('',(-1.669527559055E-1,-4.507874015748E-2,
3.897637795276E-2));
#1763=LINE('',#1762,#1761);
#1764=DIRECTION('',(0.E0,0.E0,-1.E0));
#1765=VECTOR('',#1764,3.897637795276E-2);
#1766=CARTESIAN_POINT('',(-1.669527559055E-1,-6.102362204724E-3,
3.897637795276E-2));
#1767=LINE('',#1766,#1765);
#1768=DIRECTION('',(-1.E0,0.E0,0.E0));
#1769=VECTOR('',#1768,5.511811023620E-2);
#1770=CARTESIAN_POINT('',(-1.669527559055E-1,-4.507874015748E-2,
3.897637795276E-2));
#1771=LINE('',#1770,#1769);
#1772=DIRECTION('',(0.E0,0.E0,-1.E0));
#1773=VECTOR('',#1772,3.897637795276E-2);
#1774=CARTESIAN_POINT('',(-2.220708661417E-1,-6.102362204724E-3,
3.897637795276E-2));
#1775=LINE('',#1774,#1773);
#1776=DIRECTION('',(0.E0,1.E0,0.E0));
#1777=VECTOR('',#1776,3.897637795276E-2);
#1778=CARTESIAN_POINT('',(-2.220708661417E-1,-4.507874015748E-2,
3.897637795276E-2));
#1779=LINE('',#1778,#1777);
#1780=DIRECTION('',(0.E0,0.E0,1.E0));
#1781=VECTOR('',#1780,3.897637795276E-2);
#1782=CARTESIAN_POINT('',(-2.220708661417E-1,-4.507874015748E-2,0.E0));
#1783=LINE('',#1782,#1781);
#1784=DIRECTION('',(0.E0,0.E0,1.E0));
#1785=VECTOR('',#1784,1.716139579678E-2);
#1786=CARTESIAN_POINT('',(-6.695275590553E-2,-4.507874015748E-2,
-1.716139579678E-2));
#1787=LINE('',#1786,#1785);
#1788=DIRECTION('',(0.E0,-8.660254037844E-1,5.E-1));
#1789=VECTOR('',#1788,3.432279159356E-2);
#1790=CARTESIAN_POINT('',(-6.695275590553E-2,-4.507874015748E-2,
-1.716139579678E-2));
#1791=LINE('',#1790,#1789);
#1792=DIRECTION('',(0.E0,0.E0,1.E0));
#1793=VECTOR('',#1792,3.937007874016E-2);
#1794=CARTESIAN_POINT('',(-6.695275590553E-2,-6.102362204724E-3,
-3.937007874016E-2));
#1795=LINE('',#1794,#1793);
#1796=DIRECTION('',(0.E0,-1.E0,0.E0));
#1797=VECTOR('',#1796,5.118110236220E-2);
#1798=CARTESIAN_POINT('',(-6.695275590553E-2,4.507874015748E-2,
-3.937007874016E-2));
#1799=LINE('',#1798,#1797);
#1800=DIRECTION('',(0.E0,0.E0,-1.E0));
#1801=VECTOR('',#1800,2.220868294338E-2);
#1802=CARTESIAN_POINT('',(-6.695275590553E-2,4.507874015748E-2,
-1.716139579678E-2));
#1803=LINE('',#1802,#1801);
#1804=DIRECTION('',(0.E0,-8.660254037844E-1,-5.E-1));
#1805=VECTOR('',#1804,3.432279159356E-2);
#1806=CARTESIAN_POINT('',(-6.695275590553E-2,7.480314960630E-2,0.E0));
#1807=LINE('',#1806,#1805);
#1808=DIRECTION('',(0.E0,0.E0,1.E0));
#1809=VECTOR('',#1808,3.897637795276E-2);
#1810=CARTESIAN_POINT('',(-6.695275590553E-2,-4.507874015748E-2,0.E0));
#1811=LINE('',#1810,#1809);
#1812=DIRECTION('',(0.E0,1.E0,0.E0));
#1813=VECTOR('',#1812,3.897637795276E-2);
#1814=CARTESIAN_POINT('',(-6.695275590553E-2,-4.507874015748E-2,
3.897637795276E-2));
#1815=LINE('',#1814,#1813);
#1816=DIRECTION('',(0.E0,0.E0,-1.E0));
#1817=VECTOR('',#1816,3.897637795276E-2);
#1818=CARTESIAN_POINT('',(-6.695275590553E-2,-6.102362204724E-3,
3.897637795276E-2));
#1819=LINE('',#1818,#1817);
#1820=DIRECTION('',(-1.E0,0.E0,0.E0));
#1821=VECTOR('',#1820,5.511811023620E-2);
#1822=CARTESIAN_POINT('',(-6.695275590553E-2,-4.507874015748E-2,
3.897637795276E-2));
#1823=LINE('',#1822,#1821);
#1824=DIRECTION('',(0.E0,0.E0,1.E0));
#1825=VECTOR('',#1824,3.897637795276E-2);
#1826=CARTESIAN_POINT('',(-1.220708661417E-1,-4.507874015748E-2,0.E0));
#1827=LINE('',#1826,#1825);
#1828=DIRECTION('',(0.E0,0.E0,-1.E0));
#1829=VECTOR('',#1828,3.897637795276E-2);
#1830=CARTESIAN_POINT('',(-1.220708661417E-1,-6.102362204724E-3,
3.897637795276E-2));
#1831=LINE('',#1830,#1829);
#1832=DIRECTION('',(0.E0,1.E0,0.E0));
#1833=VECTOR('',#1832,3.897637795276E-2);
#1834=CARTESIAN_POINT('',(-1.220708661417E-1,-4.507874015748E-2,
3.897637795276E-2));
#1835=LINE('',#1834,#1833);
#1836=DIRECTION('',(-1.E0,0.E0,0.E0));
#1837=VECTOR('',#1836,5.511811023620E-2);
#1838=CARTESIAN_POINT('',(-6.695275590553E-2,-6.102362204724E-3,
3.897637795276E-2));
#1839=LINE('',#1838,#1837);
#1840=DIRECTION('',(0.E0,0.E0,1.E0));
#1841=VECTOR('',#1840,1.716139579678E-2);
#1842=CARTESIAN_POINT('',(-1.220708661417E-1,-4.507874015748E-2,
-1.716139579678E-2));
#1843=LINE('',#1842,#1841);
#1844=DIRECTION('',(0.E0,-8.660254037844E-1,5.E-1));
#1845=VECTOR('',#1844,3.432279159356E-2);
#1846=CARTESIAN_POINT('',(-1.220708661417E-1,-4.507874015748E-2,
-1.716139579678E-2));
#1847=LINE('',#1846,#1845);
#1848=DIRECTION('',(0.E0,0.E0,1.E0));
#1849=VECTOR('',#1848,3.937007874016E-2);
#1850=CARTESIAN_POINT('',(-1.220708661417E-1,-6.102362204724E-3,
-3.937007874016E-2));
#1851=LINE('',#1850,#1849);
#1852=DIRECTION('',(0.E0,-8.660254037844E-1,-5.E-1));
#1853=VECTOR('',#1852,3.432279159356E-2);
#1854=CARTESIAN_POINT('',(-1.220708661417E-1,7.480314960630E-2,0.E0));
#1855=LINE('',#1854,#1853);
#1856=DIRECTION('',(0.E0,0.E0,-1.E0));
#1857=VECTOR('',#1856,2.220868294338E-2);
#1858=CARTESIAN_POINT('',(-1.220708661417E-1,4.507874015748E-2,
-1.716139579678E-2));
#1859=LINE('',#1858,#1857);
#1860=DIRECTION('',(0.E0,-1.E0,0.E0));
#1861=VECTOR('',#1860,5.118110236220E-2);
#1862=CARTESIAN_POINT('',(-1.220708661417E-1,4.507874015748E-2,
-3.937007874016E-2));
#1863=LINE('',#1862,#1861);
#1864=DIRECTION('',(-1.E0,0.E0,0.E0));
#1865=VECTOR('',#1864,5.511811023620E-2);
#1866=CARTESIAN_POINT('',(-6.695275590553E-2,-4.507874015748E-2,
-1.716139579678E-2));
#1867=LINE('',#1866,#1865);
#1868=DIRECTION('',(1.E0,0.E0,0.E0));
#1869=VECTOR('',#1868,5.511811023620E-2);
#1870=CARTESIAN_POINT('',(-1.220708661417E-1,4.507874015748E-2,
-1.716139579678E-2));
#1871=LINE('',#1870,#1869);
#1872=DIRECTION('',(-1.E0,0.E0,0.E0));
#1873=VECTOR('',#1872,5.511811023620E-2);
#1874=CARTESIAN_POINT('',(-6.695275590553E-2,-6.102362204724E-3,
-3.937007874016E-2));
#1875=LINE('',#1874,#1873);
#1876=DIRECTION('',(1.E0,0.E0,0.E0));
#1877=VECTOR('',#1876,5.511811023620E-2);
#1878=CARTESIAN_POINT('',(-1.220708661417E-1,4.507874015748E-2,
-3.937007874016E-2));
#1879=LINE('',#1878,#1877);
#1880=DIRECTION('',(0.E0,0.E0,1.E0));
#1881=VECTOR('',#1880,1.716139579678E-2);
#1882=CARTESIAN_POINT('',(3.304724409447E-2,-4.507874015748E-2,
-1.716139579678E-2));
#1883=LINE('',#1882,#1881);
#1884=DIRECTION('',(0.E0,-8.660254037844E-1,5.E-1));
#1885=VECTOR('',#1884,3.432279159356E-2);
#1886=CARTESIAN_POINT('',(3.304724409447E-2,-4.507874015748E-2,
-1.716139579678E-2));
#1887=LINE('',#1886,#1885);
#1888=DIRECTION('',(0.E0,0.E0,1.E0));
#1889=VECTOR('',#1888,3.937007874016E-2);
#1890=CARTESIAN_POINT('',(3.304724409447E-2,-6.102362204724E-3,
-3.937007874016E-2));
#1891=LINE('',#1890,#1889);
#1892=DIRECTION('',(0.E0,-1.E0,0.E0));
#1893=VECTOR('',#1892,5.118110236220E-2);
#1894=CARTESIAN_POINT('',(3.304724409447E-2,4.507874015748E-2,
-3.937007874016E-2));
#1895=LINE('',#1894,#1893);
#1896=DIRECTION('',(0.E0,0.E0,-1.E0));
#1897=VECTOR('',#1896,2.220868294338E-2);
#1898=CARTESIAN_POINT('',(3.304724409447E-2,4.507874015748E-2,
-1.716139579678E-2));
#1899=LINE('',#1898,#1897);
#1900=DIRECTION('',(0.E0,-8.660254037844E-1,-5.E-1));
#1901=VECTOR('',#1900,3.432279159356E-2);
#1902=CARTESIAN_POINT('',(3.304724409447E-2,7.480314960630E-2,0.E0));
#1903=LINE('',#1902,#1901);
#1904=DIRECTION('',(0.E0,0.E0,1.E0));
#1905=VECTOR('',#1904,3.897637795276E-2);
#1906=CARTESIAN_POINT('',(3.304724409447E-2,-4.507874015748E-2,0.E0));
#1907=LINE('',#1906,#1905);
#1908=DIRECTION('',(0.E0,1.E0,0.E0));
#1909=VECTOR('',#1908,3.897637795276E-2);
#1910=CARTESIAN_POINT('',(3.304724409447E-2,-4.507874015748E-2,
3.897637795276E-2));
#1911=LINE('',#1910,#1909);
#1912=DIRECTION('',(0.E0,0.E0,-1.E0));
#1913=VECTOR('',#1912,3.897637795276E-2);
#1914=CARTESIAN_POINT('',(3.304724409447E-2,-6.102362204724E-3,
3.897637795276E-2));
#1915=LINE('',#1914,#1913);
#1916=DIRECTION('',(-1.E0,0.E0,0.E0));
#1917=VECTOR('',#1916,5.511811023620E-2);
#1918=CARTESIAN_POINT('',(3.304724409447E-2,-4.507874015748E-2,
3.897637795276E-2));
#1919=LINE('',#1918,#1917);
#1920=DIRECTION('',(0.E0,0.E0,1.E0));
#1921=VECTOR('',#1920,3.897637795276E-2);
#1922=CARTESIAN_POINT('',(-2.207086614173E-2,-4.507874015748E-2,0.E0));
#1923=LINE('',#1922,#1921);
#1924=DIRECTION('',(0.E0,0.E0,-1.E0));
#1925=VECTOR('',#1924,3.897637795276E-2);
#1926=CARTESIAN_POINT('',(-2.207086614173E-2,-6.102362204724E-3,
3.897637795276E-2));
#1927=LINE('',#1926,#1925);
#1928=DIRECTION('',(0.E0,1.E0,0.E0));
#1929=VECTOR('',#1928,3.897637795276E-2);
#1930=CARTESIAN_POINT('',(-2.207086614173E-2,-4.507874015748E-2,
3.897637795276E-2));
#1931=LINE('',#1930,#1929);
#1932=DIRECTION('',(-1.E0,0.E0,0.E0));
#1933=VECTOR('',#1932,5.511811023620E-2);
#1934=CARTESIAN_POINT('',(3.304724409447E-2,-6.102362204724E-3,
3.897637795276E-2));
#1935=LINE('',#1934,#1933);
#1936=DIRECTION('',(0.E0,0.E0,1.E0));
#1937=VECTOR('',#1936,1.716139579678E-2);
#1938=CARTESIAN_POINT('',(-2.207086614173E-2,-4.507874015748E-2,
-1.716139579678E-2));
#1939=LINE('',#1938,#1937);
#1940=DIRECTION('',(0.E0,-8.660254037844E-1,5.E-1));
#1941=VECTOR('',#1940,3.432279159356E-2);
#1942=CARTESIAN_POINT('',(-2.207086614173E-2,-4.507874015748E-2,
-1.716139579678E-2));
#1943=LINE('',#1942,#1941);
#1944=DIRECTION('',(0.E0,0.E0,1.E0));
#1945=VECTOR('',#1944,3.937007874016E-2);
#1946=CARTESIAN_POINT('',(-2.207086614173E-2,-6.102362204724E-3,
-3.937007874016E-2));
#1947=LINE('',#1946,#1945);
#1948=DIRECTION('',(0.E0,-8.660254037844E-1,-5.E-1));
#1949=VECTOR('',#1948,3.432279159356E-2);
#1950=CARTESIAN_POINT('',(-2.207086614173E-2,7.480314960630E-2,0.E0));
#1951=LINE('',#1950,#1949);
#1952=DIRECTION('',(0.E0,0.E0,-1.E0));
#1953=VECTOR('',#1952,2.220868294338E-2);
#1954=CARTESIAN_POINT('',(-2.207086614173E-2,4.507874015748E-2,
-1.716139579678E-2));
#1955=LINE('',#1954,#1953);
#1956=DIRECTION('',(0.E0,-1.E0,0.E0));
#1957=VECTOR('',#1956,5.118110236220E-2);
#1958=CARTESIAN_POINT('',(-2.207086614173E-2,4.507874015748E-2,
-3.937007874016E-2));
#1959=LINE('',#1958,#1957);
#1960=DIRECTION('',(-1.E0,0.E0,0.E0));
#1961=VECTOR('',#1960,5.511811023620E-2);
#1962=CARTESIAN_POINT('',(3.304724409447E-2,-4.507874015748E-2,
-1.716139579678E-2));
#1963=LINE('',#1962,#1961);
#1964=DIRECTION('',(1.E0,0.E0,0.E0));
#1965=VECTOR('',#1964,5.511811023620E-2);
#1966=CARTESIAN_POINT('',(-2.207086614173E-2,4.507874015748E-2,
-1.716139579678E-2));
#1967=LINE('',#1966,#1965);
#1968=DIRECTION('',(-1.E0,0.E0,0.E0));
#1969=VECTOR('',#1968,5.511811023620E-2);
#1970=CARTESIAN_POINT('',(3.304724409447E-2,-6.102362204724E-3,
-3.937007874016E-2));
#1971=LINE('',#1970,#1969);
#1972=DIRECTION('',(1.E0,0.E0,0.E0));
#1973=VECTOR('',#1972,5.511811023620E-2);
#1974=CARTESIAN_POINT('',(-2.207086614173E-2,4.507874015748E-2,
-3.937007874016E-2));
#1975=LINE('',#1974,#1973);
#1976=DIRECTION('',(0.E0,0.E0,1.E0));
#1977=VECTOR('',#1976,1.716139579678E-2);
#1978=CARTESIAN_POINT('',(1.330472440945E-1,-4.507874015748E-2,
-1.716139579678E-2));
#1979=LINE('',#1978,#1977);
#1980=DIRECTION('',(0.E0,-8.660254037844E-1,5.E-1));
#1981=VECTOR('',#1980,3.432279159356E-2);
#1982=CARTESIAN_POINT('',(1.330472440945E-1,-4.507874015748E-2,
-1.716139579678E-2));
#1983=LINE('',#1982,#1981);
#1984=DIRECTION('',(0.E0,0.E0,1.E0));
#1985=VECTOR('',#1984,3.937007874016E-2);
#1986=CARTESIAN_POINT('',(1.330472440945E-1,-6.102362204724E-3,
-3.937007874016E-2));
#1987=LINE('',#1986,#1985);
#1988=DIRECTION('',(0.E0,-1.E0,0.E0));
#1989=VECTOR('',#1988,5.118110236220E-2);
#1990=CARTESIAN_POINT('',(1.330472440945E-1,4.507874015748E-2,
-3.937007874016E-2));
#1991=LINE('',#1990,#1989);
#1992=DIRECTION('',(0.E0,0.E0,-1.E0));
#1993=VECTOR('',#1992,2.220868294338E-2);
#1994=CARTESIAN_POINT('',(1.330472440945E-1,4.507874015748E-2,
-1.716139579678E-2));
#1995=LINE('',#1994,#1993);
#1996=DIRECTION('',(0.E0,-8.660254037844E-1,-5.E-1));
#1997=VECTOR('',#1996,3.432279159356E-2);
#1998=CARTESIAN_POINT('',(1.330472440945E-1,7.480314960630E-2,0.E0));
#1999=LINE('',#1998,#1997);
#2000=DIRECTION('',(0.E0,0.E0,1.E0));
#2001=VECTOR('',#2000,3.897637795276E-2);
#2002=CARTESIAN_POINT('',(1.330472440945E-1,-4.507874015748E-2,0.E0));
#2003=LINE('',#2002,#2001);
#2004=DIRECTION('',(0.E0,1.E0,0.E0));
#2005=VECTOR('',#2004,3.897637795276E-2);
#2006=CARTESIAN_POINT('',(1.330472440945E-1,-4.507874015748E-2,
3.897637795276E-2));
#2007=LINE('',#2006,#2005);
#2008=DIRECTION('',(0.E0,0.E0,-1.E0));
#2009=VECTOR('',#2008,3.897637795276E-2);
#2010=CARTESIAN_POINT('',(1.330472440945E-1,-6.102362204724E-3,
3.897637795276E-2));
#2011=LINE('',#2010,#2009);
#2012=DIRECTION('',(-1.E0,0.E0,0.E0));
#2013=VECTOR('',#2012,5.511811023620E-2);
#2014=CARTESIAN_POINT('',(1.330472440945E-1,-4.507874015748E-2,
3.897637795276E-2));
#2015=LINE('',#2014,#2013);
#2016=DIRECTION('',(0.E0,0.E0,1.E0));
#2017=VECTOR('',#2016,3.897637795276E-2);
#2018=CARTESIAN_POINT('',(7.792913385827E-2,-4.507874015748E-2,0.E0));
#2019=LINE('',#2018,#2017);
#2020=DIRECTION('',(0.E0,0.E0,-1.E0));
#2021=VECTOR('',#2020,3.897637795276E-2);
#2022=CARTESIAN_POINT('',(7.792913385827E-2,-6.102362204724E-3,
3.897637795276E-2));
#2023=LINE('',#2022,#2021);
#2024=DIRECTION('',(0.E0,1.E0,0.E0));
#2025=VECTOR('',#2024,3.897637795276E-2);
#2026=CARTESIAN_POINT('',(7.792913385827E-2,-4.507874015748E-2,
3.897637795276E-2));
#2027=LINE('',#2026,#2025);
#2028=DIRECTION('',(-1.E0,0.E0,0.E0));
#2029=VECTOR('',#2028,5.511811023620E-2);
#2030=CARTESIAN_POINT('',(1.330472440945E-1,-6.102362204724E-3,
3.897637795276E-2));
#2031=LINE('',#2030,#2029);
#2032=DIRECTION('',(0.E0,0.E0,1.E0));
#2033=VECTOR('',#2032,1.716139579678E-2);
#2034=CARTESIAN_POINT('',(7.792913385827E-2,-4.507874015748E-2,
-1.716139579678E-2));
#2035=LINE('',#2034,#2033);
#2036=DIRECTION('',(0.E0,-8.660254037844E-1,5.E-1));
#2037=VECTOR('',#2036,3.432279159356E-2);
#2038=CARTESIAN_POINT('',(7.792913385827E-2,-4.507874015748E-2,
-1.716139579678E-2));
#2039=LINE('',#2038,#2037);
#2040=DIRECTION('',(0.E0,0.E0,1.E0));
#2041=VECTOR('',#2040,3.937007874016E-2);
#2042=CARTESIAN_POINT('',(7.792913385827E-2,-6.102362204724E-3,
-3.937007874016E-2));
#2043=LINE('',#2042,#2041);
#2044=DIRECTION('',(0.E0,-8.660254037844E-1,-5.E-1));
#2045=VECTOR('',#2044,3.432279159356E-2);
#2046=CARTESIAN_POINT('',(7.792913385827E-2,7.480314960630E-2,0.E0));
#2047=LINE('',#2046,#2045);
#2048=DIRECTION('',(0.E0,0.E0,-1.E0));
#2049=VECTOR('',#2048,2.220868294338E-2);
#2050=CARTESIAN_POINT('',(7.792913385827E-2,4.507874015748E-2,
-1.716139579678E-2));
#2051=LINE('',#2050,#2049);
#2052=DIRECTION('',(0.E0,-1.E0,0.E0));
#2053=VECTOR('',#2052,5.118110236220E-2);
#2054=CARTESIAN_POINT('',(7.792913385827E-2,4.507874015748E-2,
-3.937007874016E-2));
#2055=LINE('',#2054,#2053);
#2056=DIRECTION('',(-1.E0,0.E0,0.E0));
#2057=VECTOR('',#2056,5.511811023620E-2);
#2058=CARTESIAN_POINT('',(1.330472440945E-1,-4.507874015748E-2,
-1.716139579678E-2));
#2059=LINE('',#2058,#2057);
#2060=DIRECTION('',(1.E0,0.E0,0.E0));
#2061=VECTOR('',#2060,5.511811023620E-2);
#2062=CARTESIAN_POINT('',(7.792913385827E-2,4.507874015748E-2,
-1.716139579678E-2));
#2063=LINE('',#2062,#2061);
#2064=DIRECTION('',(-1.E0,0.E0,0.E0));
#2065=VECTOR('',#2064,5.511811023620E-2);
#2066=CARTESIAN_POINT('',(1.330472440945E-1,-6.102362204724E-3,
-3.937007874016E-2));
#2067=LINE('',#2066,#2065);
#2068=DIRECTION('',(1.E0,0.E0,0.E0));
#2069=VECTOR('',#2068,5.511811023620E-2);
#2070=CARTESIAN_POINT('',(7.792913385827E-2,4.507874015748E-2,
-3.937007874016E-2));
#2071=LINE('',#2070,#2069);
#2072=DIRECTION('',(0.E0,0.E0,1.E0));
#2073=VECTOR('',#2072,1.716139579678E-2);
#2074=CARTESIAN_POINT('',(2.330472440945E-1,-4.507874015748E-2,
-1.716139579678E-2));
#2075=LINE('',#2074,#2073);
#2076=DIRECTION('',(0.E0,-8.660254037844E-1,5.E-1));
#2077=VECTOR('',#2076,3.432279159356E-2);
#2078=CARTESIAN_POINT('',(2.330472440945E-1,-4.507874015748E-2,
-1.716139579678E-2));
#2079=LINE('',#2078,#2077);
#2080=DIRECTION('',(0.E0,0.E0,1.E0));
#2081=VECTOR('',#2080,3.937007874016E-2);
#2082=CARTESIAN_POINT('',(2.330472440945E-1,-6.102362204724E-3,
-3.937007874016E-2));
#2083=LINE('',#2082,#2081);
#2084=DIRECTION('',(0.E0,-1.E0,0.E0));
#2085=VECTOR('',#2084,5.118110236220E-2);
#2086=CARTESIAN_POINT('',(2.330472440945E-1,4.507874015748E-2,
-3.937007874016E-2));
#2087=LINE('',#2086,#2085);
#2088=DIRECTION('',(0.E0,0.E0,-1.E0));
#2089=VECTOR('',#2088,2.220868294338E-2);
#2090=CARTESIAN_POINT('',(2.330472440945E-1,4.507874015748E-2,
-1.716139579678E-2));
#2091=LINE('',#2090,#2089);
#2092=DIRECTION('',(0.E0,-8.660254037844E-1,-5.E-1));
#2093=VECTOR('',#2092,3.432279159356E-2);
#2094=CARTESIAN_POINT('',(2.330472440945E-1,7.480314960630E-2,0.E0));
#2095=LINE('',#2094,#2093);
#2096=DIRECTION('',(0.E0,0.E0,1.E0));
#2097=VECTOR('',#2096,3.897637795276E-2);
#2098=CARTESIAN_POINT('',(2.330472440945E-1,-4.507874015748E-2,0.E0));
#2099=LINE('',#2098,#2097);
#2100=DIRECTION('',(0.E0,1.E0,0.E0));
#2101=VECTOR('',#2100,3.897637795276E-2);
#2102=CARTESIAN_POINT('',(2.330472440945E-1,-4.507874015748E-2,
3.897637795276E-2));
#2103=LINE('',#2102,#2101);
#2104=DIRECTION('',(0.E0,0.E0,-1.E0));
#2105=VECTOR('',#2104,3.897637795276E-2);
#2106=CARTESIAN_POINT('',(2.330472440945E-1,-6.102362204724E-3,
3.897637795276E-2));
#2107=LINE('',#2106,#2105);
#2108=DIRECTION('',(-1.E0,0.E0,0.E0));
#2109=VECTOR('',#2108,5.511811023620E-2);
#2110=CARTESIAN_POINT('',(2.330472440945E-1,-4.507874015748E-2,
3.897637795276E-2));
#2111=LINE('',#2110,#2109);
#2112=DIRECTION('',(0.E0,0.E0,1.E0));
#2113=VECTOR('',#2112,3.897637795276E-2);
#2114=CARTESIAN_POINT('',(1.779291338583E-1,-4.507874015748E-2,0.E0));
#2115=LINE('',#2114,#2113);
#2116=DIRECTION('',(0.E0,0.E0,-1.E0));
#2117=VECTOR('',#2116,3.897637795276E-2);
#2118=CARTESIAN_POINT('',(1.779291338583E-1,-6.102362204724E-3,
3.897637795276E-2));
#2119=LINE('',#2118,#2117);
#2120=DIRECTION('',(0.E0,1.E0,0.E0));
#2121=VECTOR('',#2120,3.897637795276E-2);
#2122=CARTESIAN_POINT('',(1.779291338583E-1,-4.507874015748E-2,
3.897637795276E-2));
#2123=LINE('',#2122,#2121);
#2124=DIRECTION('',(-1.E0,0.E0,0.E0));
#2125=VECTOR('',#2124,5.511811023620E-2);
#2126=CARTESIAN_POINT('',(2.330472440945E-1,-6.102362204724E-3,
3.897637795276E-2));
#2127=LINE('',#2126,#2125);
#2128=DIRECTION('',(0.E0,0.E0,1.E0));
#2129=VECTOR('',#2128,1.716139579678E-2);
#2130=CARTESIAN_POINT('',(1.779291338583E-1,-4.507874015748E-2,
-1.716139579678E-2));
#2131=LINE('',#2130,#2129);
#2132=DIRECTION('',(0.E0,-8.660254037844E-1,5.E-1));
#2133=VECTOR('',#2132,3.432279159356E-2);
#2134=CARTESIAN_POINT('',(1.779291338583E-1,-4.507874015748E-2,
-1.716139579678E-2));
#2135=LINE('',#2134,#2133);
#2136=DIRECTION('',(0.E0,0.E0,1.E0));
#2137=VECTOR('',#2136,3.937007874016E-2);
#2138=CARTESIAN_POINT('',(1.779291338583E-1,-6.102362204724E-3,
-3.937007874016E-2));
#2139=LINE('',#2138,#2137);
#2140=DIRECTION('',(0.E0,-8.660254037844E-1,-5.E-1));
#2141=VECTOR('',#2140,3.432279159356E-2);
#2142=CARTESIAN_POINT('',(1.779291338583E-1,7.480314960630E-2,0.E0));
#2143=LINE('',#2142,#2141);
#2144=DIRECTION('',(0.E0,0.E0,-1.E0));
#2145=VECTOR('',#2144,2.220868294338E-2);
#2146=CARTESIAN_POINT('',(1.779291338583E-1,4.507874015748E-2,
-1.716139579678E-2));
#2147=LINE('',#2146,#2145);
#2148=DIRECTION('',(0.E0,-1.E0,0.E0));
#2149=VECTOR('',#2148,5.118110236220E-2);
#2150=CARTESIAN_POINT('',(1.779291338583E-1,4.507874015748E-2,
-3.937007874016E-2));
#2151=LINE('',#2150,#2149);
#2152=DIRECTION('',(-1.E0,0.E0,0.E0));
#2153=VECTOR('',#2152,5.511811023620E-2);
#2154=CARTESIAN_POINT('',(2.330472440945E-1,-4.507874015748E-2,
-1.716139579678E-2));
#2155=LINE('',#2154,#2153);
#2156=DIRECTION('',(1.E0,0.E0,0.E0));
#2157=VECTOR('',#2156,5.511811023620E-2);
#2158=CARTESIAN_POINT('',(1.779291338583E-1,4.507874015748E-2,
-1.716139579678E-2));
#2159=LINE('',#2158,#2157);
#2160=DIRECTION('',(-1.E0,0.E0,0.E0));
#2161=VECTOR('',#2160,5.511811023620E-2);
#2162=CARTESIAN_POINT('',(2.330472440945E-1,-6.102362204724E-3,
-3.937007874016E-2));
#2163=LINE('',#2162,#2161);
#2164=DIRECTION('',(1.E0,0.E0,0.E0));
#2165=VECTOR('',#2164,5.511811023620E-2);
#2166=CARTESIAN_POINT('',(1.779291338583E-1,4.507874015748E-2,
-3.937007874016E-2));
#2167=LINE('',#2166,#2165);
#2168=DIRECTION('',(0.E0,0.E0,-1.E0));
#2169=VECTOR('',#2168,5.E-3);
#2170=CARTESIAN_POINT('',(-1.815E-1,-1.25E-1,0.E0));
#2171=LINE('',#2170,#2169);
#2172=DIRECTION('',(0.E0,0.E0,-1.E0));
#2173=VECTOR('',#2172,5.E-3);
#2174=CARTESIAN_POINT('',(-1.8525E-1,-1.25E-1,0.E0));
#2175=LINE('',#2174,#2173);
#2176=DIRECTION('',(0.E0,0.E0,-1.E0));
#2177=VECTOR('',#2176,5.E-3);
#2178=CARTESIAN_POINT('',(-1.8525E-1,-1.001063823700E-1,0.E0));
#2179=LINE('',#2178,#2177);
#2180=DIRECTION('',(0.E0,0.E0,-1.E0));
#2181=VECTOR('',#2180,5.E-3);
#2182=CARTESIAN_POINT('',(-1.89E-1,-1.045744687319E-1,0.E0));
#2183=LINE('',#2182,#2181);
#2184=DIRECTION('',(0.E0,0.E0,-1.E0));
#2185=VECTOR('',#2184,5.E-3);
#2186=CARTESIAN_POINT('',(-1.89E-1,-9.946808457375E-2,0.E0));
#2187=LINE('',#2186,#2185);
#2188=DIRECTION('',(0.E0,0.E0,-1.E0));
#2189=VECTOR('',#2188,5.E-3);
#2190=CARTESIAN_POINT('',(-1.8525E-1,-9.5E-2,0.E0));
#2191=LINE('',#2190,#2189);
#2192=DIRECTION('',(0.E0,0.E0,-1.E0));
#2193=VECTOR('',#2192,5.E-3);
#2194=CARTESIAN_POINT('',(-1.815E-1,-9.5E-2,0.E0));
#2195=LINE('',#2194,#2193);
#2196=DIRECTION('',(0.E0,1.E0,0.E0));
#2197=VECTOR('',#2196,3.E-2);
#2198=CARTESIAN_POINT('',(-1.815E-1,-1.25E-1,-5.E-3));
#2199=LINE('',#2198,#2197);
#2200=DIRECTION('',(1.E0,0.E0,0.E0));
#2201=VECTOR('',#2200,3.75E-3);
#2202=CARTESIAN_POINT('',(-1.8525E-1,-1.25E-1,-5.E-3));
#2203=LINE('',#2202,#2201);
#2204=DIRECTION('',(0.E0,-1.E0,0.E0));
#2205=VECTOR('',#2204,2.489361763E-2);
#2206=CARTESIAN_POINT('',(-1.8525E-1,-1.001063823700E-1,-5.E-3));
#2207=LINE('',#2206,#2205);
#2208=DIRECTION('',(6.428711427642E-1,7.659743427825E-1,0.E0));
#2209=VECTOR('',#2208,5.833206299906E-3);
#2210=CARTESIAN_POINT('',(-1.89E-1,-1.045744687319E-1,-5.E-3));
#2211=LINE('',#2210,#2209);
#2212=DIRECTION('',(0.E0,-1.E0,0.E0));
#2213=VECTOR('',#2212,5.106384158134E-3);
#2214=CARTESIAN_POINT('',(-1.89E-1,-9.946808457375E-2,-5.E-3));
#2215=LINE('',#2214,#2213);
#2216=DIRECTION('',(-6.428712937139E-1,-7.659742160926E-1,0.E0));
#2217=VECTOR('',#2216,5.833204930237E-3);
#2218=CARTESIAN_POINT('',(-1.8525E-1,-9.5E-2,-5.E-3));
#2219=LINE('',#2218,#2217);
#2220=DIRECTION('',(-1.E0,0.E0,0.E0));
#2221=VECTOR('',#2220,3.75E-3);
#2222=CARTESIAN_POINT('',(-1.815E-1,-9.5E-2,-5.E-3));
#2223=LINE('',#2222,#2221);
#2224=DIRECTION('',(-9.797707111493E-1,-2.001233458994E-1,0.E0));
#2225=VECTOR('',#2224,3.189521909004E-3);
#2226=CARTESIAN_POINT('',(-2.589999997020E-1,1.3E-1,-5.E-3));
#2227=LINE('',#2226,#2225);
#2228=DIRECTION('',(-1.E0,0.E0,0.E0));
#2229=VECTOR('',#2228,4.999999701977E-3);
#2230=CARTESIAN_POINT('',(-2.54E-1,1.3E-1,-5.E-3));
#2231=LINE('',#2230,#2229);
#2232=DIRECTION('',(-9.797707167625E-1,2.001233184180E-1,0.E0));
#2233=VECTOR('',#2232,3.189522346996E-3);
#2234=CARTESIAN_POINT('',(-2.508749994040E-1,1.293617022038E-1,-5.E-3));
#2235=LINE('',#2234,#2233);
#2236=DIRECTION('',(-8.906052429498E-1,4.547771995498E-1,0.E0));
#2237=VECTOR('',#2236,2.807079145047E-3);
#2238=CARTESIAN_POINT('',(-2.48375E-1,1.280851066113E-1,-5.E-3));
#2239=LINE('',#2238,#2237);
#2240=DIRECTION('',(-6.996247500295E-1,7.145104681851E-1,0.E0));
#2241=VECTOR('',#2240,3.573343287024E-3);
#2242=CARTESIAN_POINT('',(-2.458750005960E-1,1.255319154263E-1,-5.E-3));
#2243=LINE('',#2242,#2241);
#2244=DIRECTION('',(-4.397136649566E-1,8.981380143666E-1,0.E0));
#2245=VECTOR('',#2244,2.842760404478E-3);
#2246=CARTESIAN_POINT('',(-2.44625E-1,1.229787242413E-1,-5.E-3));
#2247=LINE('',#2246,#2245);
#2248=DIRECTION('',(-1.921825732045E-1,9.813591893677E-1,0.E0));
#2249=VECTOR('',#2248,3.252112788023E-3);
#2250=CARTESIAN_POINT('',(-2.440000005960E-1,1.197872334719E-1,-5.E-3));
#2251=LINE('',#2250,#2249);
#2252=DIRECTION('',(0.E0,1.E0,0.E0));
#2253=VECTOR('',#2252,9.574467837810E-3);
#2254=CARTESIAN_POINT('',(-2.440000005960E-1,1.102127656341E-1,-5.E-3));
#2255=LINE('',#2254,#2253);
#2256=DIRECTION('',(1.921826769043E-1,9.813591690599E-1,0.E0));
#2257=VECTOR('',#2256,3.252111033216E-3);
#2258=CARTESIAN_POINT('',(-2.44625E-1,1.070212766528E-1,-5.E-3));
#2259=LINE('',#2258,#2257);
#2260=DIRECTION('',(4.397136028534E-1,8.981380447713E-1,0.E0));
#2261=VECTOR('',#2260,2.842760805977E-3);
#2262=CARTESIAN_POINT('',(-2.458750005960E-1,1.044680850208E-1,-5.E-3));
#2263=LINE('',#2262,#2261);
#2264=DIRECTION('',(6.996247187608E-1,7.145104988025E-1,0.E0));
#2265=VECTOR('',#2264,3.573343446729E-3);
#2266=CARTESIAN_POINT('',(-2.48375E-1,1.019148936123E-1,-5.E-3));
#2267=LINE('',#2266,#2265);
#2268=DIRECTION('',(8.906052187617E-1,4.547772469181E-1,0.E0));
#2269=VECTOR('',#2268,2.807079221285E-3);
#2270=CARTESIAN_POINT('',(-2.508749994040E-1,1.006382978521E-1,-5.E-3));
#2271=LINE('',#2270,#2269);
#2272=DIRECTION('',(9.797707133274E-1,2.001233352361E-1,0.E0));
#2273=VECTOR('',#2272,3.189522358179E-3);
#2274=CARTESIAN_POINT('',(-2.54E-1,1.E-1,-5.E-3));
#2275=LINE('',#2274,#2273);
#2276=DIRECTION('',(1.E0,0.E0,0.E0));
#2277=VECTOR('',#2276,4.999999701977E-3);
#2278=CARTESIAN_POINT('',(-2.589999997020E-1,1.E-1,-5.E-3));
#2279=LINE('',#2278,#2277);
#2280=DIRECTION('',(9.797707077141E-1,-2.001233627174E-1,0.E0));
#2281=VECTOR('',#2280,3.189521920187E-3);
#2282=CARTESIAN_POINT('',(-2.621249998510E-1,1.006382978521E-1,-5.E-3));
#2283=LINE('',#2282,#2281);
#2284=DIRECTION('',(8.906052846357E-1,-4.547771179149E-1,0.E0));
#2285=VECTOR('',#2284,2.807080017548E-3);
#2286=CARTESIAN_POINT('',(-2.646250001490E-1,1.019148936123E-1,-5.E-3));
#2287=LINE('',#2286,#2285);
#2288=DIRECTION('',(6.996247826288E-1,-7.145104362650E-1,0.E0));
#2289=VECTOR('',#2288,3.573343759486E-3);
#2290=CARTESIAN_POINT('',(-2.67125E-1,1.044680850208E-1,-5.E-3));
#2291=LINE('',#2290,#2289);
#2292=DIRECTION('',(4.397134284359E-1,-8.981381301632E-1,0.E0));
#2293=VECTOR('',#2292,2.842760535697E-3);
#2294=CARTESIAN_POINT('',(-2.683749999814E-1,1.070212766528E-1,-5.E-3));
#2295=LINE('',#2294,#2293);
#2296=DIRECTION('',(1.921828589309E-1,-9.813591334130E-1,0.E0));
#2297=VECTOR('',#2296,3.252111151345E-3);
#2298=CARTESIAN_POINT('',(-2.69E-1,1.102127656341E-1,-5.E-3));
#2299=LINE('',#2298,#2297);
#2300=DIRECTION('',(0.E0,-1.E0,0.E0));
#2301=VECTOR('',#2300,9.574467837810E-3);
#2302=CARTESIAN_POINT('',(-2.69E-1,1.197872334719E-1,-5.E-3));
#2303=LINE('',#2302,#2301);
#2304=DIRECTION('',(-1.921827552309E-1,-9.813591537209E-1,0.E0));
#2305=VECTOR('',#2304,3.252112906152E-3);
#2306=CARTESIAN_POINT('',(-2.683749999814E-1,1.229787242413E-1,-5.E-3));
#2307=LINE('',#2306,#2305);
#2308=DIRECTION('',(-4.397134905392E-1,-8.981380997585E-1,0.E0));
#2309=VECTOR('',#2308,2.842760134198E-3);
#2310=CARTESIAN_POINT('',(-2.67125E-1,1.255319154263E-1,-5.E-3));
#2311=LINE('',#2310,#2309);
#2312=DIRECTION('',(-6.996248138976E-1,-7.145104056477E-1,0.E0));
#2313=VECTOR('',#2312,3.573343599780E-3);
#2314=CARTESIAN_POINT('',(-2.646250001490E-1,1.280851066113E-1,-5.E-3));
#2315=LINE('',#2314,#2313);
#2316=DIRECTION('',(-8.906053088238E-1,-4.547770705465E-1,0.E0));
#2317=VECTOR('',#2316,2.807079941310E-3);
#2318=CARTESIAN_POINT('',(-2.621249998510E-1,1.293617022038E-1,-5.E-3));
#2319=LINE('',#2318,#2317);
#2320=DIRECTION('',(1.E0,0.E0,0.E0));
#2321=VECTOR('',#2320,4.999999701977E-3);
#2322=CARTESIAN_POINT('',(-2.589999997020E-1,1.261702132225E-1,-5.E-3));
#2323=LINE('',#2322,#2321);
#2324=DIRECTION('',(9.689177247618E-1,2.473831898946E-1,0.E0));
#2325=VECTOR('',#2324,2.580198745603E-3);
#2326=CARTESIAN_POINT('',(-2.615E-1,1.255319154263E-1,-5.E-3));
#2327=LINE('',#2326,#2325);
#2328=DIRECTION('',(8.265992787996E-1,5.627909312417E-1,0.E0));
#2329=VECTOR('',#2328,2.268330070071E-3);
#2330=CARTESIAN_POINT('',(-2.63375E-1,1.242553198338E-1,-5.E-3));
#2331=LINE('',#2330,#2329);
#2332=DIRECTION('',(5.466222343973E-1,8.373793243581E-1,0.E0));
#2333=VECTOR('',#2332,2.286771503888E-3);
#2334=CARTESIAN_POINT('',(-2.646250001490E-1,1.223404246569E-1,-5.E-3));
#2335=LINE('',#2334,#2333);
#2336=DIRECTION('',(2.377712989836E-1,9.713211669575E-1,0.E0));
#2337=VECTOR('',#2336,2.628575667711E-3);
#2338=CARTESIAN_POINT('',(-2.6525E-1,1.197872334719E-1,-5.E-3));
#2339=LINE('',#2338,#2337);
#2340=DIRECTION('',(0.E0,1.E0,0.E0));
#2341=VECTOR('',#2340,9.574467837810E-3);
#2342=CARTESIAN_POINT('',(-2.6525E-1,1.102127656341E-1,-5.E-3));
#2343=LINE('',#2342,#2341);
#2344=DIRECTION('',(-2.377712989836E-1,9.713211669575E-1,0.E0));
#2345=VECTOR('',#2344,2.628575667711E-3);
#2346=CARTESIAN_POINT('',(-2.646250001490E-1,1.076595744491E-1,-5.E-3));
#2347=LINE('',#2346,#2345);
#2348=DIRECTION('',(-5.466225923193E-1,8.373790907147E-1,0.E0));
#2349=VECTOR('',#2348,2.286770006538E-3);
#2350=CARTESIAN_POINT('',(-2.63375E-1,1.057446810603E-1,-5.E-3));
#2351=LINE('',#2350,#2349);
#2352=DIRECTION('',(-8.265991871191E-1,5.627910658975E-1,0.E0));
#2353=VECTOR('',#2352,2.268330321658E-3);
#2354=CARTESIAN_POINT('',(-2.615E-1,1.044680850208E-1,-5.E-3));
#2355=LINE('',#2354,#2353);
#2356=DIRECTION('',(-9.689177247618E-1,2.473831898946E-1,0.E0));
#2357=VECTOR('',#2356,2.580198745603E-3);
#2358=CARTESIAN_POINT('',(-2.589999997020E-1,1.038297872245E-1,-5.E-3));
#2359=LINE('',#2358,#2357);
#2360=DIRECTION('',(-1.E0,0.E0,0.E0));
#2361=VECTOR('',#2360,4.999999701977E-3);
#2362=CARTESIAN_POINT('',(-2.54E-1,1.038297872245E-1,-5.E-3));
#2363=LINE('',#2362,#2361);
#2364=DIRECTION('',(-9.689177035558E-1,-2.473832729514E-1,0.E0));
#2365=VECTOR('',#2364,2.580197879323E-3);
#2366=CARTESIAN_POINT('',(-2.515000005960E-1,1.044680850208E-1,-5.E-3));
#2367=LINE('',#2366,#2365);
#2368=DIRECTION('',(-8.265991871191E-1,-5.627910658975E-1,0.E0));
#2369=VECTOR('',#2368,2.268330321658E-3);
#2370=CARTESIAN_POINT('',(-2.496250005960E-1,1.057446810603E-1,-5.E-3));
#2371=LINE('',#2370,#2369);
#2372=DIRECTION('',(-5.466227293958E-1,-8.373790012342E-1,0.E0));
#2373=VECTOR('',#2372,2.286770250897E-3);
#2374=CARTESIAN_POINT('',(-2.48375E-1,1.076595744491E-1,-5.E-3));
#2375=LINE('',#2374,#2373);
#2376=DIRECTION('',(-2.377711385310E-1,-9.713212062349E-1,0.E0));
#2377=VECTOR('',#2376,2.628575561419E-3);
#2378=CARTESIAN_POINT('',(-2.477500005960E-1,1.102127656341E-1,-5.E-3));
#2379=LINE('',#2378,#2377);
#2380=DIRECTION('',(0.E0,-1.E0,0.E0));
#2381=VECTOR('',#2380,9.574467837810E-3);
#2382=CARTESIAN_POINT('',(-2.477500005960E-1,1.197872334719E-1,-5.E-3));
#2383=LINE('',#2382,#2381);
#2384=DIRECTION('',(2.377711385310E-1,-9.713212062349E-1,0.E0));
#2385=VECTOR('',#2384,2.628575561419E-3);
#2386=CARTESIAN_POINT('',(-2.48375E-1,1.223404246569E-1,-5.E-3));
#2387=LINE('',#2386,#2385);
#2388=DIRECTION('',(5.466223714738E-1,-8.373792348777E-1,0.E0));
#2389=VECTOR('',#2388,2.286771748248E-3);
#2390=CARTESIAN_POINT('',(-2.496250005960E-1,1.242553198338E-1,-5.E-3));
#2391=LINE('',#2390,#2389);
#2392=DIRECTION('',(8.265992787996E-1,-5.627909312417E-1,0.E0));
#2393=VECTOR('',#2392,2.268330070071E-3);
#2394=CARTESIAN_POINT('',(-2.515000005960E-1,1.255319154263E-1,-5.E-3));
#2395=LINE('',#2394,#2393);
#2396=DIRECTION('',(9.689177035558E-1,-2.473832729514E-1,0.E0));
#2397=VECTOR('',#2396,2.580197879323E-3);
#2398=CARTESIAN_POINT('',(-2.54E-1,1.261702132225E-1,-5.E-3));
#2399=LINE('',#2398,#2397);
#2400=DIRECTION('',(0.E0,1.E0,0.E0));
#2401=VECTOR('',#2400,2.617021322250E-2);
#2402=CARTESIAN_POINT('',(-2.3525E-1,1.E-1,-5.E-3));
#2403=LINE('',#2402,#2401);
#2404=DIRECTION('',(1.E0,0.E0,0.E0));
#2405=VECTOR('',#2404,3.75E-3);
#2406=CARTESIAN_POINT('',(-2.39E-1,1.E-1,-5.E-3));
#2407=LINE('',#2406,#2405);
#2408=DIRECTION('',(0.E0,-1.E0,0.E0));
#2409=VECTOR('',#2408,3.E-2);
#2410=CARTESIAN_POINT('',(-2.39E-1,1.3E-1,-5.E-3));
#2411=LINE('',#2410,#2409);
#2412=DIRECTION('',(-1.E0,0.E0,0.E0));
#2413=VECTOR('',#2412,5.625E-3);
#2414=CARTESIAN_POINT('',(-2.33375E-1,1.3E-1,-5.E-3));
#2415=LINE('',#2414,#2413);
#2416=DIRECTION('',(-5.219890180595E-1,8.529522055926E-1,0.E0));
#2417=VECTOR('',#2416,2.993358222397E-2);
#2418=CARTESIAN_POINT('',(-2.177499988079E-1,1.044680850208E-1,-5.E-3));
#2419=LINE('',#2418,#2417);
#2420=DIRECTION('',(0.E0,-1.E0,0.E0));
#2421=VECTOR('',#2420,2.553191497922E-2);
#2422=CARTESIAN_POINT('',(-2.177499988079E-1,1.3E-1,-5.E-3));
#2423=LINE('',#2422,#2421);
#2424=DIRECTION('',(-1.E0,0.E0,0.E0));
#2425=VECTOR('',#2424,3.75E-3);
#2426=CARTESIAN_POINT('',(-2.139999988079E-1,1.3E-1,-5.E-3));
#2427=LINE('',#2426,#2425);
#2428=DIRECTION('',(0.E0,1.E0,0.E0));
#2429=VECTOR('',#2428,3.E-2);
#2430=CARTESIAN_POINT('',(-2.139999988079E-1,1.E-1,-5.E-3));
#2431=LINE('',#2430,#2429);
#2432=DIRECTION('',(1.E0,0.E0,0.E0));
#2433=VECTOR('',#2432,5.625E-3);
#2434=CARTESIAN_POINT('',(-2.196249988079E-1,1.E-1,-5.E-3));
#2435=LINE('',#2434,#2433);
#2436=DIRECTION('',(5.126339427469E-1,-8.586072680474E-1,0.E0));
#2437=VECTOR('',#2436,3.047984124572E-2);
#2438=CARTESIAN_POINT('',(-2.3525E-1,1.261702132225E-1,-5.E-3));
#2439=LINE('',#2438,#2437);
#2440=DIRECTION('',(0.E0,0.E0,-1.E0));
#2441=VECTOR('',#2440,5.E-3);
#2442=CARTESIAN_POINT('',(-2.589999997020E-1,1.3E-1,0.E0));
#2443=LINE('',#2442,#2441);
#2444=DIRECTION('',(0.E0,0.E0,-1.E0));
#2445=VECTOR('',#2444,5.E-3);
#2446=CARTESIAN_POINT('',(-2.54E-1,1.3E-1,0.E0));
#2447=LINE('',#2446,#2445);
#2448=DIRECTION('',(1.110223024625E-14,0.E0,-1.E0));
#2449=VECTOR('',#2448,5.E-3);
#2450=CARTESIAN_POINT('',(-2.508749994040E-1,1.293617022038E-1,0.E0));
#2451=LINE('',#2450,#2449);
#2452=DIRECTION('',(0.E0,0.E0,-1.E0));
#2453=VECTOR('',#2452,5.E-3);
#2454=CARTESIAN_POINT('',(-2.48375E-1,1.280851066113E-1,0.E0));
#2455=LINE('',#2454,#2453);
#2456=DIRECTION('',(0.E0,0.E0,-1.E0));
#2457=VECTOR('',#2456,5.E-3);
#2458=CARTESIAN_POINT('',(-2.458750005960E-1,1.255319154263E-1,0.E0));
#2459=LINE('',#2458,#2457);
#2460=DIRECTION('',(0.E0,0.E0,-1.E0));
#2461=VECTOR('',#2460,5.E-3);
#2462=CARTESIAN_POINT('',(-2.44625E-1,1.229787242413E-1,0.E0));
#2463=LINE('',#2462,#2461);
#2464=DIRECTION('',(0.E0,0.E0,-1.E0));
#2465=VECTOR('',#2464,5.E-3);
#2466=CARTESIAN_POINT('',(-2.440000005960E-1,1.197872334719E-1,0.E0));
#2467=LINE('',#2466,#2465);
#2468=DIRECTION('',(0.E0,0.E0,-1.E0));
#2469=VECTOR('',#2468,5.E-3);
#2470=CARTESIAN_POINT('',(-2.440000005960E-1,1.102127656341E-1,0.E0));
#2471=LINE('',#2470,#2469);
#2472=DIRECTION('',(0.E0,0.E0,-1.E0));
#2473=VECTOR('',#2472,5.E-3);
#2474=CARTESIAN_POINT('',(-2.44625E-1,1.070212766528E-1,0.E0));
#2475=LINE('',#2474,#2473);
#2476=DIRECTION('',(0.E0,0.E0,-1.E0));
#2477=VECTOR('',#2476,5.E-3);
#2478=CARTESIAN_POINT('',(-2.458750005960E-1,1.044680850208E-1,0.E0));
#2479=LINE('',#2478,#2477);
#2480=DIRECTION('',(0.E0,0.E0,-1.E0));
#2481=VECTOR('',#2480,5.E-3);
#2482=CARTESIAN_POINT('',(-2.48375E-1,1.019148936123E-1,0.E0));
#2483=LINE('',#2482,#2481);
#2484=DIRECTION('',(-1.110223024625E-14,0.E0,-1.E0));
#2485=VECTOR('',#2484,5.E-3);
#2486=CARTESIAN_POINT('',(-2.508749994040E-1,1.006382978521E-1,0.E0));
#2487=LINE('',#2486,#2485);
#2488=DIRECTION('',(0.E0,0.E0,-1.E0));
#2489=VECTOR('',#2488,5.E-3);
#2490=CARTESIAN_POINT('',(-2.54E-1,1.E-1,0.E0));
#2491=LINE('',#2490,#2489);
#2492=DIRECTION('',(0.E0,0.E0,-1.E0));
#2493=VECTOR('',#2492,5.E-3);
#2494=CARTESIAN_POINT('',(-2.589999997020E-1,1.E-1,0.E0));
#2495=LINE('',#2494,#2493);
#2496=DIRECTION('',(0.E0,0.E0,-1.E0));
#2497=VECTOR('',#2496,5.E-3);
#2498=CARTESIAN_POINT('',(-2.621249998510E-1,1.006382978521E-1,0.E0));
#2499=LINE('',#2498,#2497);
#2500=DIRECTION('',(0.E0,0.E0,-1.E0));
#2501=VECTOR('',#2500,5.E-3);
#2502=CARTESIAN_POINT('',(-2.646250001490E-1,1.019148936123E-1,0.E0));
#2503=LINE('',#2502,#2501);
#2504=DIRECTION('',(0.E0,0.E0,-1.E0));
#2505=VECTOR('',#2504,5.E-3);
#2506=CARTESIAN_POINT('',(-2.67125E-1,1.044680850208E-1,0.E0));
#2507=LINE('',#2506,#2505);
#2508=DIRECTION('',(0.E0,0.E0,-1.E0));
#2509=VECTOR('',#2508,5.E-3);
#2510=CARTESIAN_POINT('',(-2.683749999814E-1,1.070212766528E-1,0.E0));
#2511=LINE('',#2510,#2509);
#2512=DIRECTION('',(0.E0,0.E0,-1.E0));
#2513=VECTOR('',#2512,5.E-3);
#2514=CARTESIAN_POINT('',(-2.69E-1,1.102127656341E-1,0.E0));
#2515=LINE('',#2514,#2513);
#2516=DIRECTION('',(0.E0,-3.053113317719E-14,-1.E0));
#2517=VECTOR('',#2516,5.E-3);
#2518=CARTESIAN_POINT('',(-2.69E-1,1.197872334719E-1,0.E0));
#2519=LINE('',#2518,#2517);
#2520=DIRECTION('',(0.E0,0.E0,-1.E0));
#2521=VECTOR('',#2520,5.E-3);
#2522=CARTESIAN_POINT('',(-2.683749999814E-1,1.229787242413E-1,0.E0));
#2523=LINE('',#2522,#2521);
#2524=DIRECTION('',(0.E0,0.E0,-1.E0));
#2525=VECTOR('',#2524,5.E-3);
#2526=CARTESIAN_POINT('',(-2.67125E-1,1.255319154263E-1,0.E0));
#2527=LINE('',#2526,#2525);
#2528=DIRECTION('',(0.E0,0.E0,-1.E0));
#2529=VECTOR('',#2528,5.E-3);
#2530=CARTESIAN_POINT('',(-2.646250001490E-1,1.280851066113E-1,0.E0));
#2531=LINE('',#2530,#2529);
#2532=DIRECTION('',(0.E0,0.E0,-1.E0));
#2533=VECTOR('',#2532,5.E-3);
#2534=CARTESIAN_POINT('',(-2.621249998510E-1,1.293617022038E-1,0.E0));
#2535=LINE('',#2534,#2533);
#2536=DIRECTION('',(0.E0,0.E0,-1.E0));
#2537=VECTOR('',#2536,5.E-3);
#2538=CARTESIAN_POINT('',(-2.589999997020E-1,1.261702132225E-1,0.E0));
#2539=LINE('',#2538,#2537);
#2540=DIRECTION('',(0.E0,0.E0,-1.E0));
#2541=VECTOR('',#2540,5.E-3);
#2542=CARTESIAN_POINT('',(-2.615E-1,1.255319154263E-1,0.E0));
#2543=LINE('',#2542,#2541);
#2544=DIRECTION('',(1.110223024625E-14,0.E0,-1.E0));
#2545=VECTOR('',#2544,5.E-3);
#2546=CARTESIAN_POINT('',(-2.63375E-1,1.242553198338E-1,0.E0));
#2547=LINE('',#2546,#2545);
#2548=DIRECTION('',(0.E0,0.E0,-1.E0));
#2549=VECTOR('',#2548,5.E-3);
#2550=CARTESIAN_POINT('',(-2.646250001490E-1,1.223404246569E-1,0.E0));
#2551=LINE('',#2550,#2549);
#2552=DIRECTION('',(0.E0,0.E0,-1.E0));
#2553=VECTOR('',#2552,5.E-3);
#2554=CARTESIAN_POINT('',(-2.6525E-1,1.197872334719E-1,0.E0));
#2555=LINE('',#2554,#2553);
#2556=DIRECTION('',(0.E0,0.E0,-1.E0));
#2557=VECTOR('',#2556,5.E-3);
#2558=CARTESIAN_POINT('',(-2.6525E-1,1.102127656341E-1,0.E0));
#2559=LINE('',#2558,#2557);
#2560=DIRECTION('',(0.E0,0.E0,-1.E0));
#2561=VECTOR('',#2560,5.E-3);
#2562=CARTESIAN_POINT('',(-2.646250001490E-1,1.076595744491E-1,0.E0));
#2563=LINE('',#2562,#2561);
#2564=DIRECTION('',(0.E0,0.E0,-1.E0));
#2565=VECTOR('',#2564,5.E-3);
#2566=CARTESIAN_POINT('',(-2.63375E-1,1.057446810603E-1,0.E0));
#2567=LINE('',#2566,#2565);
#2568=DIRECTION('',(0.E0,0.E0,-1.E0));
#2569=VECTOR('',#2568,5.E-3);
#2570=CARTESIAN_POINT('',(-2.615E-1,1.044680850208E-1,0.E0));
#2571=LINE('',#2570,#2569);
#2572=DIRECTION('',(0.E0,0.E0,-1.E0));
#2573=VECTOR('',#2572,5.E-3);
#2574=CARTESIAN_POINT('',(-2.589999997020E-1,1.038297872245E-1,0.E0));
#2575=LINE('',#2574,#2573);
#2576=DIRECTION('',(0.E0,0.E0,-1.E0));
#2577=VECTOR('',#2576,5.E-3);
#2578=CARTESIAN_POINT('',(-2.54E-1,1.038297872245E-1,0.E0));
#2579=LINE('',#2578,#2577);
#2580=DIRECTION('',(1.110223024625E-14,0.E0,-1.E0));
#2581=VECTOR('',#2580,5.E-3);
#2582=CARTESIAN_POINT('',(-2.515000005960E-1,1.044680850208E-1,0.E0));
#2583=LINE('',#2582,#2581);
#2584=DIRECTION('',(0.E0,0.E0,-1.E0));
#2585=VECTOR('',#2584,5.E-3);
#2586=CARTESIAN_POINT('',(-2.496250005960E-1,1.057446810603E-1,0.E0));
#2587=LINE('',#2586,#2585);
#2588=DIRECTION('',(1.110223024625E-14,0.E0,-1.E0));
#2589=VECTOR('',#2588,5.E-3);
#2590=CARTESIAN_POINT('',(-2.48375E-1,1.076595744491E-1,0.E0));
#2591=LINE('',#2590,#2589);
#2592=DIRECTION('',(0.E0,0.E0,-1.E0));
#2593=VECTOR('',#2592,5.E-3);
#2594=CARTESIAN_POINT('',(-2.477500005960E-1,1.102127656341E-1,0.E0));
#2595=LINE('',#2594,#2593);
#2596=DIRECTION('',(0.E0,0.E0,-1.E0));
#2597=VECTOR('',#2596,5.E-3);
#2598=CARTESIAN_POINT('',(-2.477500005960E-1,1.197872334719E-1,0.E0));
#2599=LINE('',#2598,#2597);
#2600=DIRECTION('',(0.E0,0.E0,-1.E0));
#2601=VECTOR('',#2600,5.E-3);
#2602=CARTESIAN_POINT('',(-2.48375E-1,1.223404246569E-1,0.E0));
#2603=LINE('',#2602,#2601);
#2604=DIRECTION('',(0.E0,0.E0,-1.E0));
#2605=VECTOR('',#2604,5.E-3);
#2606=CARTESIAN_POINT('',(-2.496250005960E-1,1.242553198338E-1,0.E0));
#2607=LINE('',#2606,#2605);
#2608=DIRECTION('',(0.E0,0.E0,-1.E0));
#2609=VECTOR('',#2608,5.E-3);
#2610=CARTESIAN_POINT('',(-2.515000005960E-1,1.255319154263E-1,0.E0));
#2611=LINE('',#2610,#2609);
#2612=DIRECTION('',(0.E0,0.E0,-1.E0));
#2613=VECTOR('',#2612,5.E-3);
#2614=CARTESIAN_POINT('',(-2.54E-1,1.261702132225E-1,0.E0));
#2615=LINE('',#2614,#2613);
#2616=DIRECTION('',(0.E0,0.E0,-1.E0));
#2617=VECTOR('',#2616,5.E-3);
#2618=CARTESIAN_POINT('',(-2.3525E-1,1.E-1,0.E0));
#2619=LINE('',#2618,#2617);
#2620=DIRECTION('',(0.E0,0.E0,-1.E0));
#2621=VECTOR('',#2620,5.E-3);
#2622=CARTESIAN_POINT('',(-2.39E-1,1.E-1,0.E0));
#2623=LINE('',#2622,#2621);
#2624=DIRECTION('',(0.E0,0.E0,-1.E0));
#2625=VECTOR('',#2624,5.E-3);
#2626=CARTESIAN_POINT('',(-2.39E-1,1.3E-1,0.E0));
#2627=LINE('',#2626,#2625);
#2628=DIRECTION('',(-1.110223024625E-14,0.E0,-1.E0));
#2629=VECTOR('',#2628,5.E-3);
#2630=CARTESIAN_POINT('',(-2.33375E-1,1.3E-1,0.E0));
#2631=LINE('',#2630,#2629);
#2632=DIRECTION('',(0.E0,0.E0,-1.E0));
#2633=VECTOR('',#2632,5.E-3);
#2634=CARTESIAN_POINT('',(-2.177499988079E-1,1.044680850208E-1,0.E0));
#2635=LINE('',#2634,#2633);
#2636=DIRECTION('',(0.E0,0.E0,-1.E0));
#2637=VECTOR('',#2636,5.E-3);
#2638=CARTESIAN_POINT('',(-2.177499988079E-1,1.3E-1,0.E0));
#2639=LINE('',#2638,#2637);
#2640=DIRECTION('',(0.E0,0.E0,-1.E0));
#2641=VECTOR('',#2640,5.E-3);
#2642=CARTESIAN_POINT('',(-2.139999988079E-1,1.3E-1,0.E0));
#2643=LINE('',#2642,#2641);
#2644=DIRECTION('',(0.E0,0.E0,-1.E0));
#2645=VECTOR('',#2644,5.E-3);
#2646=CARTESIAN_POINT('',(-2.139999988079E-1,1.E-1,0.E0));
#2647=LINE('',#2646,#2645);
#2648=DIRECTION('',(0.E0,0.E0,-1.E0));
#2649=VECTOR('',#2648,5.E-3);
#2650=CARTESIAN_POINT('',(-2.196249988079E-1,1.E-1,0.E0));
#2651=LINE('',#2650,#2649);
#2652=DIRECTION('',(0.E0,0.E0,-1.E0));
#2653=VECTOR('',#2652,5.E-3);
#2654=CARTESIAN_POINT('',(-2.3525E-1,1.261702132225E-1,0.E0));
#2655=LINE('',#2654,#2653);
#2656=CARTESIAN_POINT('',(-2.89E-1,1.421259842520E-1,0.E0));
#2657=CARTESIAN_POINT('',(-2.89E-1,-1.421259842520E-1,0.E0));
#2658=VERTEX_POINT('',#2656);
#2659=VERTEX_POINT('',#2657);
#2660=CARTESIAN_POINT('',(-2.89E-1,-1.472440944882E-1,-9.842519685039E-2));
#2661=VERTEX_POINT('',#2660);
#2662=CARTESIAN_POINT('',(-2.89E-1,-1.397637795276E-1,-1.38E-1));
#2663=VERTEX_POINT('',#2662);
#2664=CARTESIAN_POINT('',(-2.89E-1,1.397637795276E-1,-1.38E-1));
#2665=VERTEX_POINT('',#2664);
#2666=CARTESIAN_POINT('',(-2.89E-1,1.472440944882E-1,-9.842519685039E-2));
#2667=VERTEX_POINT('',#2666);
#2668=CARTESIAN_POINT('',(2.89E-1,1.421259842520E-1,0.E0));
#2669=CARTESIAN_POINT('',(2.89E-1,-1.421259842520E-1,0.E0));
#2670=VERTEX_POINT('',#2668);
#2671=VERTEX_POINT('',#2669);
#2672=CARTESIAN_POINT('',(2.89E-1,-1.472440944882E-1,-9.842519685039E-2));
#2673=VERTEX_POINT('',#2672);
#2674=CARTESIAN_POINT('',(2.89E-1,-1.397637795276E-1,-1.38E-1));
#2675=VERTEX_POINT('',#2674);
#2676=CARTESIAN_POINT('',(2.89E-1,1.397637795276E-1,-1.38E-1));
#2677=VERTEX_POINT('',#2676);
#2678=CARTESIAN_POINT('',(2.89E-1,1.472440944882E-1,-9.842519685039E-2));
#2679=VERTEX_POINT('',#2678);
#2680=CARTESIAN_POINT('',(-2.220708661417E-1,4.507874015748E-2,
-1.716139579678E-2));
#2681=CARTESIAN_POINT('',(-2.220708661417E-1,4.507874015748E-2,
-3.937007874016E-2));
#2682=VERTEX_POINT('',#2680);
#2683=VERTEX_POINT('',#2681);
#2684=CARTESIAN_POINT('',(-1.669527559055E-1,4.507874015748E-2,
-1.716139579678E-2));
#2685=CARTESIAN_POINT('',(-1.669527559055E-1,4.507874015748E-2,
-3.937007874016E-2));
#2686=VERTEX_POINT('',#2684);
#2687=VERTEX_POINT('',#2685);
#2688=CARTESIAN_POINT('',(-1.669527559055E-1,7.480314960630E-2,0.E0));
#2689=CARTESIAN_POINT('',(-2.220708661417E-1,7.480314960630E-2,0.E0));
#2690=VERTEX_POINT('',#2688);
#2691=VERTEX_POINT('',#2689);
#2692=CARTESIAN_POINT('',(-1.669527559055E-1,-7.480314960630E-2,0.E0));
#2693=CARTESIAN_POINT('',(-2.220708661417E-1,-7.480314960630E-2,0.E0));
#2694=VERTEX_POINT('',#2692);
#2695=VERTEX_POINT('',#2693);
#2696=CARTESIAN_POINT('',(-1.669527559055E-1,-4.507874015748E-2,
3.897637795276E-2));
#2697=CARTESIAN_POINT('',(-1.669527559055E-1,-6.102362204724E-3,
3.897637795276E-2));
#2698=VERTEX_POINT('',#2696);
#2699=VERTEX_POINT('',#2697);
#2700=CARTESIAN_POINT('',(-2.220708661417E-1,-4.507874015748E-2,
3.897637795276E-2));
#2701=CARTESIAN_POINT('',(-2.220708661417E-1,-6.102362204724E-3,
3.897637795276E-2));
#2702=VERTEX_POINT('',#2700);
#2703=VERTEX_POINT('',#2701);
#2704=CARTESIAN_POINT('',(-1.669527559055E-1,-4.507874015748E-2,0.E0));
#2705=CARTESIAN_POINT('',(-1.669527559055E-1,-6.102362204724E-3,0.E0));
#2706=VERTEX_POINT('',#2704);
#2707=VERTEX_POINT('',#2705);
#2708=CARTESIAN_POINT('',(-2.220708661417E-1,-4.507874015748E-2,0.E0));
#2709=CARTESIAN_POINT('',(-2.220708661417E-1,-6.102362204724E-3,0.E0));
#2710=VERTEX_POINT('',#2708);
#2711=VERTEX_POINT('',#2709);
#2712=CARTESIAN_POINT('',(-2.220708661417E-1,-4.507874015748E-2,
-1.716139579678E-2));
#2713=VERTEX_POINT('',#2712);
#2714=CARTESIAN_POINT('',(-2.220708661417E-1,-6.102362204724E-3,
-3.937007874016E-2));
#2715=VERTEX_POINT('',#2714);
#2716=CARTESIAN_POINT('',(-1.669527559055E-1,-4.507874015748E-2,
-1.716139579678E-2));
#2717=VERTEX_POINT('',#2716);
#2718=CARTESIAN_POINT('',(-1.669527559055E-1,-6.102362204724E-3,
-3.937007874016E-2));
#2719=VERTEX_POINT('',#2718);
#2720=CARTESIAN_POINT('',(-1.632125984252E-1,-1.452575078351E-1,
-1.089352858170E-1));
#2721=CARTESIAN_POINT('',(-2.258110236220E-1,-1.452575078351E-1,
-1.089352858170E-1));
#2722=VERTEX_POINT('',#2720);
#2723=VERTEX_POINT('',#2721);
#2724=CARTESIAN_POINT('',(-1.632125984252E-1,1.452575078351E-1,
-1.089352858170E-1));
#2725=CARTESIAN_POINT('',(-2.258110236220E-1,1.452575078351E-1,
-1.089352858170E-1));
#2726=VERTEX_POINT('',#2724);
#2727=VERTEX_POINT('',#2725);
#2728=CARTESIAN_POINT('',(-1.632125984252E-1,-1.566831380312E-1,-1.38E-1));
#2729=CARTESIAN_POINT('',(-1.632125984252E-1,-1.468406183462E-1,-1.38E-1));
#2730=VERTEX_POINT('',#2728);
#2731=VERTEX_POINT('',#2729);
#2732=CARTESIAN_POINT('',(-1.632125984252E-1,1.468406183462E-1,-1.38E-1));
#2733=CARTESIAN_POINT('',(-1.632125984252E-1,1.566831380312E-1,-1.38E-1));
#2734=VERTEX_POINT('',#2732);
#2735=VERTEX_POINT('',#2733);
#2736=CARTESIAN_POINT('',(-2.258110236220E-1,-1.566831380312E-1,-1.38E-1));
#2737=CARTESIAN_POINT('',(-2.258110236220E-1,-1.468406183462E-1,-1.38E-1));
#2738=VERTEX_POINT('',#2736);
#2739=VERTEX_POINT('',#2737);
#2740=CARTESIAN_POINT('',(-2.258110236220E-1,1.468406183462E-1,-1.38E-1));
#2741=CARTESIAN_POINT('',(-2.258110236220E-1,1.566831380312E-1,-1.38E-1));
#2742=VERTEX_POINT('',#2740);
#2743=VERTEX_POINT('',#2741);
#2744=CARTESIAN_POINT('',(-2.065196850394E-1,1.649606299213E-1,
-2.899685039370E-1));
#2745=CARTESIAN_POINT('',(-2.065196850394E-1,1.551181102362E-1,
-2.899685039370E-1));
#2746=VERTEX_POINT('',#2744);
#2747=VERTEX_POINT('',#2745);
#2748=CARTESIAN_POINT('',(-1.825039370079E-1,1.649606299213E-1,
-2.899685039370E-1));
#2749=CARTESIAN_POINT('',(-1.825039370079E-1,1.551181102362E-1,
-2.899685039370E-1));
#2750=VERTEX_POINT('',#2748);
#2751=VERTEX_POINT('',#2749);
#2752=CARTESIAN_POINT('',(-2.065196850394E-1,1.493495990486E-1,
-1.840629921260E-1));
#2753=VERTEX_POINT('',#2752);
#2754=CARTESIAN_POINT('',(-1.825039370079E-1,1.493495990486E-1,
-1.840629921260E-1));
#2755=VERTEX_POINT('',#2754);
#2756=CARTESIAN_POINT('',(-2.065196850394E-1,1.591921187337E-1,
-1.840629921260E-1));
#2757=VERTEX_POINT('',#2756);
#2758=CARTESIAN_POINT('',(-1.825039370079E-1,1.591921187337E-1,
-1.840629921260E-1));
#2759=VERTEX_POINT('',#2758);
#2760=CARTESIAN_POINT('',(-2.065196850394E-1,-1.591921187337E-1,
-1.840629921260E-1));
#2761=VERTEX_POINT('',#2760);
#2762=CARTESIAN_POINT('',(-2.065196850394E-1,-1.649606299213E-1,
-2.899685039370E-1));
#2763=VERTEX_POINT('',#2762);
#2764=CARTESIAN_POINT('',(-1.825039370079E-1,-1.649606299213E-1,
-2.899685039370E-1));
#2765=CARTESIAN_POINT('',(-1.825039370079E-1,-1.591921187337E-1,
-1.840629921260E-1));
#2766=VERTEX_POINT('',#2764);
#2767=VERTEX_POINT('',#2765);
#2768=CARTESIAN_POINT('',(-2.065196850394E-1,-1.493495990486E-1,
-1.840629921260E-1));
#2769=VERTEX_POINT('',#2768);
#2770=CARTESIAN_POINT('',(-2.065196850394E-1,-1.551181102362E-1,
-2.899685039370E-1));
#2771=VERTEX_POINT('',#2770);
#2772=CARTESIAN_POINT('',(-1.825039370079E-1,-1.551181102362E-1,
-2.899685039370E-1));
#2773=CARTESIAN_POINT('',(-1.825039370079E-1,-1.493495990486E-1,
-1.840629921260E-1));
#2774=VERTEX_POINT('',#2772);
#2775=VERTEX_POINT('',#2773);
#2776=CARTESIAN_POINT('',(-1.815E-1,-1.25E-1,-5.E-3));
#2777=CARTESIAN_POINT('',(-1.815E-1,-9.5E-2,-5.E-3));
#2778=VERTEX_POINT('',#2776);
#2779=VERTEX_POINT('',#2777);
#2780=CARTESIAN_POINT('',(-1.8525E-1,-9.5E-2,-5.E-3));
#2781=VERTEX_POINT('',#2780);
#2782=CARTESIAN_POINT('',(-1.89E-1,-9.946808457375E-2,-5.E-3));
#2783=VERTEX_POINT('',#2782);
#2784=CARTESIAN_POINT('',(-1.89E-1,-1.045744687319E-1,-5.E-3));
#2785=VERTEX_POINT('',#2784);
#2786=CARTESIAN_POINT('',(-1.8525E-1,-1.001063823700E-1,-5.E-3));
#2787=VERTEX_POINT('',#2786);
#2788=CARTESIAN_POINT('',(-1.8525E-1,-1.25E-1,-5.E-3));
#2789=VERTEX_POINT('',#2788);
#2790=CARTESIAN_POINT('',(-2.589999997020E-1,1.3E-1,-5.E-3));
#2791=CARTESIAN_POINT('',(-2.621249998510E-1,1.293617022038E-1,-5.E-3));
#2792=VERTEX_POINT('',#2790);
#2793=VERTEX_POINT('',#2791);
#2794=CARTESIAN_POINT('',(-2.646250001490E-1,1.280851066113E-1,-5.E-3));
#2795=VERTEX_POINT('',#2794);
#2796=CARTESIAN_POINT('',(-2.67125E-1,1.255319154263E-1,-5.E-3));
#2797=VERTEX_POINT('',#2796);
#2798=CARTESIAN_POINT('',(-2.683749999814E-1,1.229787242413E-1,-5.E-3));
#2799=VERTEX_POINT('',#2798);
#2800=CARTESIAN_POINT('',(-2.69E-1,1.197872334719E-1,-5.E-3));
#2801=VERTEX_POINT('',#2800);
#2802=CARTESIAN_POINT('',(-2.69E-1,1.102127656341E-1,-5.E-3));
#2803=VERTEX_POINT('',#2802);
#2804=CARTESIAN_POINT('',(-2.683749999814E-1,1.070212766528E-1,-5.E-3));
#2805=VERTEX_POINT('',#2804);
#2806=CARTESIAN_POINT('',(-2.67125E-1,1.044680850208E-1,-5.E-3));
#2807=VERTEX_POINT('',#2806);
#2808=CARTESIAN_POINT('',(-2.646250001490E-1,1.019148936123E-1,-5.E-3));
#2809=VERTEX_POINT('',#2808);
#2810=CARTESIAN_POINT('',(-2.621249998510E-1,1.006382978521E-1,-5.E-3));
#2811=VERTEX_POINT('',#2810);
#2812=CARTESIAN_POINT('',(-2.589999997020E-1,1.E-1,-5.E-3));
#2813=VERTEX_POINT('',#2812);
#2814=CARTESIAN_POINT('',(-2.54E-1,1.E-1,-5.E-3));
#2815=VERTEX_POINT('',#2814);
#2816=CARTESIAN_POINT('',(-2.508749994040E-1,1.006382978521E-1,-5.E-3));
#2817=VERTEX_POINT('',#2816);
#2818=CARTESIAN_POINT('',(-2.48375E-1,1.019148936123E-1,-5.E-3));
#2819=VERTEX_POINT('',#2818);
#2820=CARTESIAN_POINT('',(-2.458750005960E-1,1.044680850208E-1,-5.E-3));
#2821=VERTEX_POINT('',#2820);
#2822=CARTESIAN_POINT('',(-2.44625E-1,1.070212766528E-1,-5.E-3));
#2823=VERTEX_POINT('',#2822);
#2824=CARTESIAN_POINT('',(-2.440000005960E-1,1.102127656341E-1,-5.E-3));
#2825=VERTEX_POINT('',#2824);
#2826=CARTESIAN_POINT('',(-2.440000005960E-1,1.197872334719E-1,-5.E-3));
#2827=VERTEX_POINT('',#2826);
#2828=CARTESIAN_POINT('',(-2.44625E-1,1.229787242413E-1,-5.E-3));
#2829=VERTEX_POINT('',#2828);
#2830=CARTESIAN_POINT('',(-2.458750005960E-1,1.255319154263E-1,-5.E-3));
#2831=VERTEX_POINT('',#2830);
#2832=CARTESIAN_POINT('',(-2.48375E-1,1.280851066113E-1,-5.E-3));
#2833=VERTEX_POINT('',#2832);
#2834=CARTESIAN_POINT('',(-2.508749994040E-1,1.293617022038E-1,-5.E-3));
#2835=VERTEX_POINT('',#2834);
#2836=CARTESIAN_POINT('',(-2.54E-1,1.3E-1,-5.E-3));
#2837=VERTEX_POINT('',#2836);
#2838=CARTESIAN_POINT('',(-2.589999997020E-1,1.261702132225E-1,-5.E-3));
#2839=CARTESIAN_POINT('',(-2.54E-1,1.261702132225E-1,-5.E-3));
#2840=VERTEX_POINT('',#2838);
#2841=VERTEX_POINT('',#2839);
#2842=CARTESIAN_POINT('',(-2.515000005960E-1,1.255319154263E-1,-5.E-3));
#2843=VERTEX_POINT('',#2842);
#2844=CARTESIAN_POINT('',(-2.496250005960E-1,1.242553198338E-1,-5.E-3));
#2845=VERTEX_POINT('',#2844);
#2846=CARTESIAN_POINT('',(-2.48375E-1,1.223404246569E-1,-5.E-3));
#2847=VERTEX_POINT('',#2846);
#2848=CARTESIAN_POINT('',(-2.477500005960E-1,1.197872334719E-1,-5.E-3));
#2849=VERTEX_POINT('',#2848);
#2850=CARTESIAN_POINT('',(-2.477500005960E-1,1.102127656341E-1,-5.E-3));
#2851=VERTEX_POINT('',#2850);
#2852=CARTESIAN_POINT('',(-2.48375E-1,1.076595744491E-1,-5.E-3));
#2853=VERTEX_POINT('',#2852);
#2854=CARTESIAN_POINT('',(-2.496250005960E-1,1.057446810603E-1,-5.E-3));
#2855=VERTEX_POINT('',#2854);
#2856=CARTESIAN_POINT('',(-2.515000005960E-1,1.044680850208E-1,-5.E-3));
#2857=VERTEX_POINT('',#2856);
#2858=CARTESIAN_POINT('',(-2.54E-1,1.038297872245E-1,-5.E-3));
#2859=VERTEX_POINT('',#2858);
#2860=CARTESIAN_POINT('',(-2.589999997020E-1,1.038297872245E-1,-5.E-3));
#2861=VERTEX_POINT('',#2860);
#2862=CARTESIAN_POINT('',(-2.615E-1,1.044680850208E-1,-5.E-3));
#2863=VERTEX_POINT('',#2862);
#2864=CARTESIAN_POINT('',(-2.63375E-1,1.057446810603E-1,-5.E-3));
#2865=VERTEX_POINT('',#2864);
#2866=CARTESIAN_POINT('',(-2.646250001490E-1,1.076595744491E-1,-5.E-3));
#2867=VERTEX_POINT('',#2866);
#2868=CARTESIAN_POINT('',(-2.6525E-1,1.102127656341E-1,-5.E-3));
#2869=VERTEX_POINT('',#2868);
#2870=CARTESIAN_POINT('',(-2.6525E-1,1.197872334719E-1,-5.E-3));
#2871=VERTEX_POINT('',#2870);
#2872=CARTESIAN_POINT('',(-2.646250001490E-1,1.223404246569E-1,-5.E-3));
#2873=VERTEX_POINT('',#2872);
#2874=CARTESIAN_POINT('',(-2.63375E-1,1.242553198338E-1,-5.E-3));
#2875=VERTEX_POINT('',#2874);
#2876=CARTESIAN_POINT('',(-2.615E-1,1.255319154263E-1,-5.E-3));
#2877=VERTEX_POINT('',#2876);
#2878=CARTESIAN_POINT('',(-2.3525E-1,1.E-1,-5.E-3));
#2879=CARTESIAN_POINT('',(-2.3525E-1,1.261702132225E-1,-5.E-3));
#2880=VERTEX_POINT('',#2878);
#2881=VERTEX_POINT('',#2879);
#2882=CARTESIAN_POINT('',(-2.196249988079E-1,1.E-1,-5.E-3));
#2883=VERTEX_POINT('',#2882);
#2884=CARTESIAN_POINT('',(-2.139999988079E-1,1.E-1,-5.E-3));
#2885=VERTEX_POINT('',#2884);
#2886=CARTESIAN_POINT('',(-2.139999988079E-1,1.3E-1,-5.E-3));
#2887=VERTEX_POINT('',#2886);
#2888=CARTESIAN_POINT('',(-2.177499988079E-1,1.3E-1,-5.E-3));
#2889=VERTEX_POINT('',#2888);
#2890=CARTESIAN_POINT('',(-2.177499988079E-1,1.044680850208E-1,-5.E-3));
#2891=VERTEX_POINT('',#2890);
#2892=CARTESIAN_POINT('',(-2.33375E-1,1.3E-1,-5.E-3));
#2893=VERTEX_POINT('',#2892);
#2894=CARTESIAN_POINT('',(-2.39E-1,1.3E-1,-5.E-3));
#2895=VERTEX_POINT('',#2894);
#2896=CARTESIAN_POINT('',(-2.39E-1,1.E-1,-5.E-3));
#2897=VERTEX_POINT('',#2896);
#2898=CARTESIAN_POINT('',(-1.815E-1,-1.25E-1,0.E0));
#2899=CARTESIAN_POINT('',(-1.815E-1,-9.5E-2,0.E0));
#2900=VERTEX_POINT('',#2898);
#2901=VERTEX_POINT('',#2899);
#2902=CARTESIAN_POINT('',(-1.8525E-1,-9.5E-2,0.E0));
#2903=VERTEX_POINT('',#2902);
#2904=CARTESIAN_POINT('',(-1.89E-1,-9.946808457375E-2,0.E0));
#2905=VERTEX_POINT('',#2904);
#2906=CARTESIAN_POINT('',(-1.89E-1,-1.045744687319E-1,0.E0));
#2907=VERTEX_POINT('',#2906);
#2908=CARTESIAN_POINT('',(-1.8525E-1,-1.001063823700E-1,0.E0));
#2909=VERTEX_POINT('',#2908);
#2910=CARTESIAN_POINT('',(-1.8525E-1,-1.25E-1,0.E0));
#2911=VERTEX_POINT('',#2910);
#2912=CARTESIAN_POINT('',(-2.589999997020E-1,1.3E-1,0.E0));
#2913=CARTESIAN_POINT('',(-2.621249998510E-1,1.293617022038E-1,0.E0));
#2914=VERTEX_POINT('',#2912);
#2915=VERTEX_POINT('',#2913);
#2916=CARTESIAN_POINT('',(-2.646250001490E-1,1.280851066113E-1,0.E0));
#2917=VERTEX_POINT('',#2916);
#2918=CARTESIAN_POINT('',(-2.67125E-1,1.255319154263E-1,0.E0));
#2919=VERTEX_POINT('',#2918);
#2920=CARTESIAN_POINT('',(-2.683749999814E-1,1.229787242413E-1,0.E0));
#2921=VERTEX_POINT('',#2920);
#2922=CARTESIAN_POINT('',(-2.69E-1,1.197872334719E-1,0.E0));
#2923=VERTEX_POINT('',#2922);
#2924=CARTESIAN_POINT('',(-2.69E-1,1.102127656341E-1,0.E0));
#2925=VERTEX_POINT('',#2924);
#2926=CARTESIAN_POINT('',(-2.683749999814E-1,1.070212766528E-1,0.E0));
#2927=VERTEX_POINT('',#2926);
#2928=CARTESIAN_POINT('',(-2.67125E-1,1.044680850208E-1,0.E0));
#2929=VERTEX_POINT('',#2928);
#2930=CARTESIAN_POINT('',(-2.646250001490E-1,1.019148936123E-1,0.E0));
#2931=VERTEX_POINT('',#2930);
#2932=CARTESIAN_POINT('',(-2.621249998510E-1,1.006382978521E-1,0.E0));
#2933=VERTEX_POINT('',#2932);
#2934=CARTESIAN_POINT('',(-2.589999997020E-1,1.E-1,0.E0));
#2935=VERTEX_POINT('',#2934);
#2936=CARTESIAN_POINT('',(-2.54E-1,1.E-1,0.E0));
#2937=VERTEX_POINT('',#2936);
#2938=CARTESIAN_POINT('',(-2.508749994040E-1,1.006382978521E-1,0.E0));
#2939=VERTEX_POINT('',#2938);
#2940=CARTESIAN_POINT('',(-2.48375E-1,1.019148936123E-1,0.E0));
#2941=VERTEX_POINT('',#2940);
#2942=CARTESIAN_POINT('',(-2.458750005960E-1,1.044680850208E-1,0.E0));
#2943=VERTEX_POINT('',#2942);
#2944=CARTESIAN_POINT('',(-2.44625E-1,1.070212766528E-1,0.E0));
#2945=VERTEX_POINT('',#2944);
#2946=CARTESIAN_POINT('',(-2.440000005960E-1,1.102127656341E-1,0.E0));
#2947=VERTEX_POINT('',#2946);
#2948=CARTESIAN_POINT('',(-2.440000005960E-1,1.197872334719E-1,0.E0));
#2949=VERTEX_POINT('',#2948);
#2950=CARTESIAN_POINT('',(-2.44625E-1,1.229787242413E-1,0.E0));
#2951=VERTEX_POINT('',#2950);
#2952=CARTESIAN_POINT('',(-2.458750005960E-1,1.255319154263E-1,0.E0));
#2953=VERTEX_POINT('',#2952);
#2954=CARTESIAN_POINT('',(-2.48375E-1,1.280851066113E-1,0.E0));
#2955=VERTEX_POINT('',#2954);
#2956=CARTESIAN_POINT('',(-2.508749994040E-1,1.293617022038E-1,0.E0));
#2957=VERTEX_POINT('',#2956);
#2958=CARTESIAN_POINT('',(-2.54E-1,1.3E-1,0.E0));
#2959=VERTEX_POINT('',#2958);
#2960=CARTESIAN_POINT('',(-2.589999997020E-1,1.261702132225E-1,0.E0));
#2961=CARTESIAN_POINT('',(-2.54E-1,1.261702132225E-1,0.E0));
#2962=VERTEX_POINT('',#2960);
#2963=VERTEX_POINT('',#2961);
#2964=CARTESIAN_POINT('',(-2.515000005960E-1,1.255319154263E-1,0.E0));
#2965=VERTEX_POINT('',#2964);
#2966=CARTESIAN_POINT('',(-2.496250005960E-1,1.242553198338E-1,0.E0));
#2967=VERTEX_POINT('',#2966);
#2968=CARTESIAN_POINT('',(-2.48375E-1,1.223404246569E-1,0.E0));
#2969=VERTEX_POINT('',#2968);
#2970=CARTESIAN_POINT('',(-2.477500005960E-1,1.197872334719E-1,0.E0));
#2971=VERTEX_POINT('',#2970);
#2972=CARTESIAN_POINT('',(-2.477500005960E-1,1.102127656341E-1,0.E0));
#2973=VERTEX_POINT('',#2972);
#2974=CARTESIAN_POINT('',(-2.48375E-1,1.076595744491E-1,0.E0));
#2975=VERTEX_POINT('',#2974);
#2976=CARTESIAN_POINT('',(-2.496250005960E-1,1.057446810603E-1,0.E0));
#2977=VERTEX_POINT('',#2976);
#2978=CARTESIAN_POINT('',(-2.515000005960E-1,1.044680850208E-1,0.E0));
#2979=VERTEX_POINT('',#2978);
#2980=CARTESIAN_POINT('',(-2.54E-1,1.038297872245E-1,0.E0));
#2981=VERTEX_POINT('',#2980);
#2982=CARTESIAN_POINT('',(-2.589999997020E-1,1.038297872245E-1,0.E0));
#2983=VERTEX_POINT('',#2982);
#2984=CARTESIAN_POINT('',(-2.615E-1,1.044680850208E-1,0.E0));
#2985=VERTEX_POINT('',#2984);
#2986=CARTESIAN_POINT('',(-2.63375E-1,1.057446810603E-1,0.E0));
#2987=VERTEX_POINT('',#2986);
#2988=CARTESIAN_POINT('',(-2.646250001490E-1,1.076595744491E-1,0.E0));
#2989=VERTEX_POINT('',#2988);
#2990=CARTESIAN_POINT('',(-2.6525E-1,1.102127656341E-1,0.E0));
#2991=VERTEX_POINT('',#2990);
#2992=CARTESIAN_POINT('',(-2.6525E-1,1.197872334719E-1,0.E0));
#2993=VERTEX_POINT('',#2992);
#2994=CARTESIAN_POINT('',(-2.646250001490E-1,1.223404246569E-1,0.E0));
#2995=VERTEX_POINT('',#2994);
#2996=CARTESIAN_POINT('',(-2.63375E-1,1.242553198338E-1,0.E0));
#2997=VERTEX_POINT('',#2996);
#2998=CARTESIAN_POINT('',(-2.615E-1,1.255319154263E-1,0.E0));
#2999=VERTEX_POINT('',#2998);
#3000=CARTESIAN_POINT('',(-2.3525E-1,1.E-1,0.E0));
#3001=CARTESIAN_POINT('',(-2.3525E-1,1.261702132225E-1,0.E0));
#3002=VERTEX_POINT('',#3000);
#3003=VERTEX_POINT('',#3001);
#3004=CARTESIAN_POINT('',(-2.196249988079E-1,1.E-1,0.E0));
#3005=VERTEX_POINT('',#3004);
#3006=CARTESIAN_POINT('',(-2.139999988079E-1,1.E-1,0.E0));
#3007=VERTEX_POINT('',#3006);
#3008=CARTESIAN_POINT('',(-2.139999988079E-1,1.3E-1,0.E0));
#3009=VERTEX_POINT('',#3008);
#3010=CARTESIAN_POINT('',(-2.177499988079E-1,1.3E-1,0.E0));
#3011=VERTEX_POINT('',#3010);
#3012=CARTESIAN_POINT('',(-2.177499988079E-1,1.044680850208E-1,0.E0));
#3013=VERTEX_POINT('',#3012);
#3014=CARTESIAN_POINT('',(-2.33375E-1,1.3E-1,0.E0));
#3015=VERTEX_POINT('',#3014);
#3016=CARTESIAN_POINT('',(-2.39E-1,1.3E-1,0.E0));
#3017=VERTEX_POINT('',#3016);
#3018=CARTESIAN_POINT('',(-2.39E-1,1.E-1,0.E0));
#3019=VERTEX_POINT('',#3018);
#3020=CARTESIAN_POINT('',(-1.632125984252E-1,1.551058915317E-1,
-1.090429446425E-1));
#3021=CARTESIAN_POINT('',(-1.632125984252E-1,1.472440944882E-1,
-9.842519685039E-2));
#3022=VERTEX_POINT('',#3020);
#3023=VERTEX_POINT('',#3021);
#3024=CARTESIAN_POINT('',(-2.258110236220E-1,1.472440944882E-1,
-9.842519685039E-2));
#3025=VERTEX_POINT('',#3024);
#3026=CARTESIAN_POINT('',(-2.258110236220E-1,1.551058915317E-1,
-1.090429446425E-1));
#3027=VERTEX_POINT('',#3026);
#3028=CARTESIAN_POINT('',(-1.632125984252E-1,-1.472440944882E-1,
-9.842519685039E-2));
#3029=CARTESIAN_POINT('',(-1.632125984252E-1,-1.551058915317E-1,
-1.090429446425E-1));
#3030=VERTEX_POINT('',#3028);
#3031=VERTEX_POINT('',#3029);
#3032=CARTESIAN_POINT('',(-2.258110236220E-1,-1.551058915317E-1,
-1.090429446425E-1));
#3033=VERTEX_POINT('',#3032);
#3034=CARTESIAN_POINT('',(-2.258110236220E-1,-1.472440944882E-1,
-9.842519685039E-2));
#3035=VERTEX_POINT('',#3034);
#3036=CARTESIAN_POINT('',(-1.220708661417E-1,4.507874015748E-2,
-1.716139579678E-2));
#3037=CARTESIAN_POINT('',(-1.220708661417E-1,4.507874015748E-2,
-3.937007874016E-2));
#3038=VERTEX_POINT('',#3036);
#3039=VERTEX_POINT('',#3037);
#3040=CARTESIAN_POINT('',(-6.695275590553E-2,4.507874015748E-2,
-1.716139579678E-2));
#3041=CARTESIAN_POINT('',(-6.695275590553E-2,4.507874015748E-2,
-3.937007874016E-2));
#3042=VERTEX_POINT('',#3040);
#3043=VERTEX_POINT('',#3041);
#3044=CARTESIAN_POINT('',(-1.220708661417E-1,7.480314960630E-2,0.E0));
#3045=VERTEX_POINT('',#3044);
#3046=CARTESIAN_POINT('',(-6.695275590553E-2,7.480314960630E-2,0.E0));
#3047=VERTEX_POINT('',#3046);
#3048=CARTESIAN_POINT('',(-6.695275590553E-2,-4.507874015748E-2,
3.897637795276E-2));
#3049=CARTESIAN_POINT('',(-6.695275590553E-2,-6.102362204724E-3,
3.897637795276E-2));
#3050=VERTEX_POINT('',#3048);
#3051=VERTEX_POINT('',#3049);
#3052=CARTESIAN_POINT('',(-1.220708661417E-1,-4.507874015748E-2,
3.897637795276E-2));
#3053=CARTESIAN_POINT('',(-1.220708661417E-1,-6.102362204724E-3,
3.897637795276E-2));
#3054=VERTEX_POINT('',#3052);
#3055=VERTEX_POINT('',#3053);
#3056=CARTESIAN_POINT('',(-6.695275590553E-2,-4.507874015748E-2,0.E0));
#3057=VERTEX_POINT('',#3056);
#3058=CARTESIAN_POINT('',(-6.695275590553E-2,-6.102362204724E-3,0.E0));
#3059=VERTEX_POINT('',#3058);
#3060=CARTESIAN_POINT('',(-1.220708661417E-1,-4.507874015748E-2,0.E0));
#3061=VERTEX_POINT('',#3060);
#3062=CARTESIAN_POINT('',(-1.220708661417E-1,-6.102362204724E-3,0.E0));
#3063=VERTEX_POINT('',#3062);
#3064=CARTESIAN_POINT('',(-1.065196850394E-1,-1.591921187337E-1,
-1.840629921260E-1));
#3065=CARTESIAN_POINT('',(-1.065196850394E-1,-1.493495990486E-1,
-1.840629921260E-1));
#3066=VERTEX_POINT('',#3064);
#3067=VERTEX_POINT('',#3065);
#3068=CARTESIAN_POINT('',(-1.065196850394E-1,1.493495990486E-1,
-1.840629921260E-1));
#3069=CARTESIAN_POINT('',(-1.065196850394E-1,1.591921187337E-1,
-1.840629921260E-1));
#3070=VERTEX_POINT('',#3068);
#3071=VERTEX_POINT('',#3069);
#3072=CARTESIAN_POINT('',(-8.250393700787E-2,-1.591921187337E-1,
-1.840629921260E-1));
#3073=CARTESIAN_POINT('',(-8.250393700787E-2,-1.493495990486E-1,
-1.840629921260E-1));
#3074=VERTEX_POINT('',#3072);
#3075=VERTEX_POINT('',#3073);
#3076=CARTESIAN_POINT('',(-8.250393700787E-2,1.493495990486E-1,
-1.840629921260E-1));
#3077=CARTESIAN_POINT('',(-8.250393700787E-2,1.591921187337E-1,
-1.840629921260E-1));
#3078=VERTEX_POINT('',#3076);
#3079=VERTEX_POINT('',#3077);
#3080=CARTESIAN_POINT('',(-2.207086614173E-2,4.507874015748E-2,
-1.716139579678E-2));
#3081=CARTESIAN_POINT('',(-2.207086614173E-2,4.507874015748E-2,
-3.937007874016E-2));
#3082=VERTEX_POINT('',#3080);
#3083=VERTEX_POINT('',#3081);
#3084=CARTESIAN_POINT('',(3.304724409447E-2,4.507874015748E-2,
-1.716139579678E-2));
#3085=CARTESIAN_POINT('',(3.304724409447E-2,4.507874015748E-2,
-3.937007874016E-2));
#3086=VERTEX_POINT('',#3084);
#3087=VERTEX_POINT('',#3085);
#3088=CARTESIAN_POINT('',(-2.207086614173E-2,7.480314960630E-2,0.E0));
#3089=VERTEX_POINT('',#3088);
#3090=CARTESIAN_POINT('',(3.304724409447E-2,7.480314960630E-2,0.E0));
#3091=VERTEX_POINT('',#3090);
#3092=CARTESIAN_POINT('',(3.304724409447E-2,-4.507874015748E-2,
3.897637795276E-2));
#3093=CARTESIAN_POINT('',(3.304724409447E-2,-6.102362204724E-3,
3.897637795276E-2));
#3094=VERTEX_POINT('',#3092);
#3095=VERTEX_POINT('',#3093);
#3096=CARTESIAN_POINT('',(-2.207086614173E-2,-4.507874015748E-2,
3.897637795276E-2));
#3097=CARTESIAN_POINT('',(-2.207086614173E-2,-6.102362204724E-3,
3.897637795276E-2));
#3098=VERTEX_POINT('',#3096);
#3099=VERTEX_POINT('',#3097);
#3100=CARTESIAN_POINT('',(3.304724409447E-2,-4.507874015748E-2,0.E0));
#3101=VERTEX_POINT('',#3100);
#3102=CARTESIAN_POINT('',(3.304724409447E-2,-6.102362204724E-3,0.E0));
#3103=VERTEX_POINT('',#3102);
#3104=CARTESIAN_POINT('',(-2.207086614173E-2,-4.507874015748E-2,0.E0));
#3105=VERTEX_POINT('',#3104);
#3106=CARTESIAN_POINT('',(-2.207086614173E-2,-6.102362204724E-3,0.E0));
#3107=VERTEX_POINT('',#3106);
#3108=CARTESIAN_POINT('',(-6.519685039370E-3,-1.591921187337E-1,
-1.840629921260E-1));
#3109=CARTESIAN_POINT('',(-6.519685039370E-3,-1.493495990486E-1,
-1.840629921260E-1));
#3110=VERTEX_POINT('',#3108);
#3111=VERTEX_POINT('',#3109);
#3112=CARTESIAN_POINT('',(-6.519685039370E-3,1.493495990486E-1,
-1.840629921260E-1));
#3113=CARTESIAN_POINT('',(-6.519685039370E-3,1.591921187337E-1,
-1.840629921260E-1));
#3114=VERTEX_POINT('',#3112);
#3115=VERTEX_POINT('',#3113);
#3116=CARTESIAN_POINT('',(1.749606299213E-2,-1.591921187337E-1,
-1.840629921260E-1));
#3117=CARTESIAN_POINT('',(1.749606299213E-2,-1.493495990486E-1,
-1.840629921260E-1));
#3118=VERTEX_POINT('',#3116);
#3119=VERTEX_POINT('',#3117);
#3120=CARTESIAN_POINT('',(1.749606299213E-2,1.493495990486E-1,
-1.840629921260E-1));
#3121=CARTESIAN_POINT('',(1.749606299213E-2,1.591921187337E-1,
-1.840629921260E-1));
#3122=VERTEX_POINT('',#3120);
#3123=VERTEX_POINT('',#3121);
#3124=CARTESIAN_POINT('',(7.792913385827E-2,4.507874015748E-2,
-1.716139579678E-2));
#3125=CARTESIAN_POINT('',(7.792913385827E-2,4.507874015748E-2,
-3.937007874016E-2));
#3126=VERTEX_POINT('',#3124);
#3127=VERTEX_POINT('',#3125);
#3128=CARTESIAN_POINT('',(1.330472440945E-1,4.507874015748E-2,
-1.716139579678E-2));
#3129=CARTESIAN_POINT('',(1.330472440945E-1,4.507874015748E-2,
-3.937007874016E-2));
#3130=VERTEX_POINT('',#3128);
#3131=VERTEX_POINT('',#3129);
#3132=CARTESIAN_POINT('',(7.792913385827E-2,7.480314960630E-2,0.E0));
#3133=VERTEX_POINT('',#3132);
#3134=CARTESIAN_POINT('',(1.330472440945E-1,7.480314960630E-2,0.E0));
#3135=VERTEX_POINT('',#3134);
#3136=CARTESIAN_POINT('',(1.330472440945E-1,-4.507874015748E-2,
3.897637795276E-2));
#3137=CARTESIAN_POINT('',(1.330472440945E-1,-6.102362204724E-3,
3.897637795276E-2));
#3138=VERTEX_POINT('',#3136);
#3139=VERTEX_POINT('',#3137);
#3140=CARTESIAN_POINT('',(7.792913385827E-2,-4.507874015748E-2,
3.897637795276E-2));
#3141=CARTESIAN_POINT('',(7.792913385827E-2,-6.102362204724E-3,
3.897637795276E-2));
#3142=VERTEX_POINT('',#3140);
#3143=VERTEX_POINT('',#3141);
#3144=CARTESIAN_POINT('',(1.330472440945E-1,-4.507874015748E-2,0.E0));
#3145=VERTEX_POINT('',#3144);
#3146=CARTESIAN_POINT('',(1.330472440945E-1,-6.102362204724E-3,0.E0));
#3147=VERTEX_POINT('',#3146);
#3148=CARTESIAN_POINT('',(7.792913385827E-2,-4.507874015748E-2,0.E0));
#3149=VERTEX_POINT('',#3148);
#3150=CARTESIAN_POINT('',(7.792913385827E-2,-6.102362204724E-3,0.E0));
#3151=VERTEX_POINT('',#3150);
#3152=CARTESIAN_POINT('',(9.348031496063E-2,-1.591921187337E-1,
-1.840629921260E-1));
#3153=CARTESIAN_POINT('',(9.348031496063E-2,-1.493495990486E-1,
-1.840629921260E-1));
#3154=VERTEX_POINT('',#3152);
#3155=VERTEX_POINT('',#3153);
#3156=CARTESIAN_POINT('',(9.348031496063E-2,1.493495990486E-1,
-1.840629921260E-1));
#3157=CARTESIAN_POINT('',(9.348031496063E-2,1.591921187337E-1,
-1.840629921260E-1));
#3158=VERTEX_POINT('',#3156);
#3159=VERTEX_POINT('',#3157);
#3160=CARTESIAN_POINT('',(1.174960629921E-1,-1.591921187337E-1,
-1.840629921260E-1));
#3161=CARTESIAN_POINT('',(1.174960629921E-1,-1.493495990486E-1,
-1.840629921260E-1));
#3162=VERTEX_POINT('',#3160);
#3163=VERTEX_POINT('',#3161);
#3164=CARTESIAN_POINT('',(1.174960629921E-1,1.493495990486E-1,
-1.840629921260E-1));
#3165=CARTESIAN_POINT('',(1.174960629921E-1,1.591921187337E-1,
-1.840629921260E-1));
#3166=VERTEX_POINT('',#3164);
#3167=VERTEX_POINT('',#3165);
#3168=CARTESIAN_POINT('',(1.779291338583E-1,4.507874015748E-2,
-1.716139579678E-2));
#3169=CARTESIAN_POINT('',(1.779291338583E-1,4.507874015748E-2,
-3.937007874016E-2));
#3170=VERTEX_POINT('',#3168);
#3171=VERTEX_POINT('',#3169);
#3172=CARTESIAN_POINT('',(2.330472440945E-1,4.507874015748E-2,
-1.716139579678E-2));
#3173=CARTESIAN_POINT('',(2.330472440945E-1,4.507874015748E-2,
-3.937007874016E-2));
#3174=VERTEX_POINT('',#3172);
#3175=VERTEX_POINT('',#3173);
#3176=CARTESIAN_POINT('',(1.779291338583E-1,7.480314960630E-2,0.E0));
#3177=VERTEX_POINT('',#3176);
#3178=CARTESIAN_POINT('',(2.330472440945E-1,7.480314960630E-2,0.E0));
#3179=VERTEX_POINT('',#3178);
#3180=CARTESIAN_POINT('',(2.330472440945E-1,-4.507874015748E-2,
3.897637795276E-2));
#3181=CARTESIAN_POINT('',(2.330472440945E-1,-6.102362204724E-3,
3.897637795276E-2));
#3182=VERTEX_POINT('',#3180);
#3183=VERTEX_POINT('',#3181);
#3184=CARTESIAN_POINT('',(1.779291338583E-1,-4.507874015748E-2,
3.897637795276E-2));
#3185=CARTESIAN_POINT('',(1.779291338583E-1,-6.102362204724E-3,
3.897637795276E-2));
#3186=VERTEX_POINT('',#3184);
#3187=VERTEX_POINT('',#3185);
#3188=CARTESIAN_POINT('',(2.330472440945E-1,-4.507874015748E-2,0.E0));
#3189=VERTEX_POINT('',#3188);
#3190=CARTESIAN_POINT('',(2.330472440945E-1,-6.102362204724E-3,0.E0));
#3191=VERTEX_POINT('',#3190);
#3192=CARTESIAN_POINT('',(1.779291338583E-1,-4.507874015748E-2,0.E0));
#3193=VERTEX_POINT('',#3192);
#3194=CARTESIAN_POINT('',(1.779291338583E-1,-6.102362204724E-3,0.E0));
#3195=VERTEX_POINT('',#3194);
#3196=CARTESIAN_POINT('',(1.934803149606E-1,-1.591921187337E-1,
-1.840629921260E-1));
#3197=CARTESIAN_POINT('',(1.934803149606E-1,-1.493495990486E-1,
-1.840629921260E-1));
#3198=VERTEX_POINT('',#3196);
#3199=VERTEX_POINT('',#3197);
#3200=CARTESIAN_POINT('',(1.934803149606E-1,1.493495990486E-1,
-1.840629921260E-1));
#3201=CARTESIAN_POINT('',(1.934803149606E-1,1.591921187337E-1,
-1.840629921260E-1));
#3202=VERTEX_POINT('',#3200);
#3203=VERTEX_POINT('',#3201);
#3204=CARTESIAN_POINT('',(2.174960629921E-1,-1.591921187337E-1,
-1.840629921260E-1));
#3205=CARTESIAN_POINT('',(2.174960629921E-1,-1.493495990486E-1,
-1.840629921260E-1));
#3206=VERTEX_POINT('',#3204);
#3207=VERTEX_POINT('',#3205);
#3208=CARTESIAN_POINT('',(2.174960629921E-1,1.493495990486E-1,
-1.840629921260E-1));
#3209=CARTESIAN_POINT('',(2.174960629921E-1,1.591921187337E-1,
-1.840629921260E-1));
#3210=VERTEX_POINT('',#3208);
#3211=VERTEX_POINT('',#3209);
#3212=CARTESIAN_POINT('',(-6.695275590553E-2,-7.480314960630E-2,0.E0));
#3213=CARTESIAN_POINT('',(-1.220708661417E-1,-7.480314960630E-2,0.E0));
#3214=VERTEX_POINT('',#3212);
#3215=VERTEX_POINT('',#3213);
#3216=CARTESIAN_POINT('',(-1.220708661417E-1,-4.507874015748E-2,
-1.716139579678E-2));
#3217=VERTEX_POINT('',#3216);
#3218=CARTESIAN_POINT('',(-1.220708661417E-1,-6.102362204724E-3,
-3.937007874016E-2));
#3219=VERTEX_POINT('',#3218);
#3220=CARTESIAN_POINT('',(-6.695275590553E-2,-4.507874015748E-2,
-1.716139579678E-2));
#3221=VERTEX_POINT('',#3220);
#3222=CARTESIAN_POINT('',(-6.695275590553E-2,-6.102362204724E-3,
-3.937007874016E-2));
#3223=VERTEX_POINT('',#3222);
#3224=CARTESIAN_POINT('',(-6.321259842520E-2,-1.452575078351E-1,
-1.089352858170E-1));
#3225=CARTESIAN_POINT('',(-1.258110236220E-1,-1.452575078351E-1,
-1.089352858170E-1));
#3226=VERTEX_POINT('',#3224);
#3227=VERTEX_POINT('',#3225);
#3228=CARTESIAN_POINT('',(-6.321259842520E-2,1.452575078351E-1,
-1.089352858170E-1));
#3229=CARTESIAN_POINT('',(-1.258110236220E-1,1.452575078351E-1,
-1.089352858170E-1));
#3230=VERTEX_POINT('',#3228);
#3231=VERTEX_POINT('',#3229);
#3232=CARTESIAN_POINT('',(-6.321259842520E-2,-1.566831380312E-1,-1.38E-1));
#3233=CARTESIAN_POINT('',(-6.321259842520E-2,-1.468406183462E-1,-1.38E-1));
#3234=VERTEX_POINT('',#3232);
#3235=VERTEX_POINT('',#3233);
#3236=CARTESIAN_POINT('',(-6.321259842520E-2,1.468406183462E-1,-1.38E-1));
#3237=CARTESIAN_POINT('',(-6.321259842520E-2,1.566831380312E-1,-1.38E-1));
#3238=VERTEX_POINT('',#3236);
#3239=VERTEX_POINT('',#3237);
#3240=CARTESIAN_POINT('',(-1.258110236220E-1,-1.566831380312E-1,-1.38E-1));
#3241=CARTESIAN_POINT('',(-1.258110236220E-1,-1.468406183462E-1,-1.38E-1));
#3242=VERTEX_POINT('',#3240);
#3243=VERTEX_POINT('',#3241);
#3244=CARTESIAN_POINT('',(-1.258110236220E-1,1.468406183462E-1,-1.38E-1));
#3245=CARTESIAN_POINT('',(-1.258110236220E-1,1.566831380312E-1,-1.38E-1));
#3246=VERTEX_POINT('',#3244);
#3247=VERTEX_POINT('',#3245);
#3248=CARTESIAN_POINT('',(-1.065196850394E-1,1.649606299213E-1,
-2.899685039370E-1));
#3249=CARTESIAN_POINT('',(-1.065196850394E-1,1.551181102362E-1,
-2.899685039370E-1));
#3250=VERTEX_POINT('',#3248);
#3251=VERTEX_POINT('',#3249);
#3252=CARTESIAN_POINT('',(-8.250393700787E-2,1.649606299213E-1,
-2.899685039370E-1));
#3253=CARTESIAN_POINT('',(-8.250393700787E-2,1.551181102362E-1,
-2.899685039370E-1));
#3254=VERTEX_POINT('',#3252);
#3255=VERTEX_POINT('',#3253);
#3256=CARTESIAN_POINT('',(-1.065196850394E-1,-1.649606299213E-1,
-2.899685039370E-1));
#3257=VERTEX_POINT('',#3256);
#3258=CARTESIAN_POINT('',(-8.250393700787E-2,-1.649606299213E-1,
-2.899685039370E-1));
#3259=VERTEX_POINT('',#3258);
#3260=CARTESIAN_POINT('',(-1.065196850394E-1,-1.551181102362E-1,
-2.899685039370E-1));
#3261=VERTEX_POINT('',#3260);
#3262=CARTESIAN_POINT('',(-8.250393700787E-2,-1.551181102362E-1,
-2.899685039370E-1));
#3263=VERTEX_POINT('',#3262);
#3264=CARTESIAN_POINT('',(-6.321259842520E-2,1.551058915317E-1,
-1.090429446425E-1));
#3265=CARTESIAN_POINT('',(-6.321259842520E-2,1.472440944882E-1,
-9.842519685039E-2));
#3266=VERTEX_POINT('',#3264);
#3267=VERTEX_POINT('',#3265);
#3268=CARTESIAN_POINT('',(-1.258110236220E-1,1.472440944882E-1,
-9.842519685039E-2));
#3269=VERTEX_POINT('',#3268);
#3270=CARTESIAN_POINT('',(-1.258110236220E-1,1.551058915317E-1,
-1.090429446425E-1));
#3271=VERTEX_POINT('',#3270);
#3272=CARTESIAN_POINT('',(-6.321259842520E-2,-1.472440944882E-1,
-9.842519685039E-2));
#3273=CARTESIAN_POINT('',(-6.321259842520E-2,-1.551058915317E-1,
-1.090429446425E-1));
#3274=VERTEX_POINT('',#3272);
#3275=VERTEX_POINT('',#3273);
#3276=CARTESIAN_POINT('',(-1.258110236220E-1,-1.551058915317E-1,
-1.090429446425E-1));
#3277=VERTEX_POINT('',#3276);
#3278=CARTESIAN_POINT('',(-1.258110236220E-1,-1.472440944882E-1,
-9.842519685039E-2));
#3279=VERTEX_POINT('',#3278);
#3280=CARTESIAN_POINT('',(3.304724409447E-2,-7.480314960630E-2,0.E0));
#3281=CARTESIAN_POINT('',(-2.207086614173E-2,-7.480314960630E-2,0.E0));
#3282=VERTEX_POINT('',#3280);
#3283=VERTEX_POINT('',#3281);
#3284=CARTESIAN_POINT('',(-2.207086614173E-2,-4.507874015748E-2,
-1.716139579678E-2));
#3285=VERTEX_POINT('',#3284);
#3286=CARTESIAN_POINT('',(-2.207086614173E-2,-6.102362204724E-3,
-3.937007874016E-2));
#3287=VERTEX_POINT('',#3286);
#3288=CARTESIAN_POINT('',(3.304724409447E-2,-4.507874015748E-2,
-1.716139579678E-2));
#3289=VERTEX_POINT('',#3288);
#3290=CARTESIAN_POINT('',(3.304724409447E-2,-6.102362204724E-3,
-3.937007874016E-2));
#3291=VERTEX_POINT('',#3290);
#3292=CARTESIAN_POINT('',(3.678740157480E-2,-1.452575078351E-1,
-1.089352858170E-1));
#3293=CARTESIAN_POINT('',(-2.581102362205E-2,-1.452575078351E-1,
-1.089352858170E-1));
#3294=VERTEX_POINT('',#3292);
#3295=VERTEX_POINT('',#3293);
#3296=CARTESIAN_POINT('',(3.678740157480E-2,1.452575078351E-1,
-1.089352858170E-1));
#3297=CARTESIAN_POINT('',(-2.581102362205E-2,1.452575078351E-1,
-1.089352858170E-1));
#3298=VERTEX_POINT('',#3296);
#3299=VERTEX_POINT('',#3297);
#3300=CARTESIAN_POINT('',(3.678740157480E-2,-1.566831380312E-1,-1.38E-1));
#3301=CARTESIAN_POINT('',(3.678740157480E-2,-1.468406183462E-1,-1.38E-1));
#3302=VERTEX_POINT('',#3300);
#3303=VERTEX_POINT('',#3301);
#3304=CARTESIAN_POINT('',(3.678740157480E-2,1.468406183462E-1,-1.38E-1));
#3305=CARTESIAN_POINT('',(3.678740157480E-2,1.566831380312E-1,-1.38E-1));
#3306=VERTEX_POINT('',#3304);
#3307=VERTEX_POINT('',#3305);
#3308=CARTESIAN_POINT('',(-2.581102362205E-2,-1.566831380312E-1,-1.38E-1));
#3309=CARTESIAN_POINT('',(-2.581102362205E-2,-1.468406183462E-1,-1.38E-1));
#3310=VERTEX_POINT('',#3308);
#3311=VERTEX_POINT('',#3309);
#3312=CARTESIAN_POINT('',(-2.581102362205E-2,1.468406183462E-1,-1.38E-1));
#3313=CARTESIAN_POINT('',(-2.581102362205E-2,1.566831380312E-1,-1.38E-1));
#3314=VERTEX_POINT('',#3312);
#3315=VERTEX_POINT('',#3313);
#3316=CARTESIAN_POINT('',(-6.519685039370E-3,1.649606299213E-1,
-2.899685039370E-1));
#3317=CARTESIAN_POINT('',(-6.519685039370E-3,1.551181102362E-1,
-2.899685039370E-1));
#3318=VERTEX_POINT('',#3316);
#3319=VERTEX_POINT('',#3317);
#3320=CARTESIAN_POINT('',(1.749606299213E-2,1.649606299213E-1,
-2.899685039370E-1));
#3321=CARTESIAN_POINT('',(1.749606299213E-2,1.551181102362E-1,
-2.899685039370E-1));
#3322=VERTEX_POINT('',#3320);
#3323=VERTEX_POINT('',#3321);
#3324=CARTESIAN_POINT('',(-6.519685039370E-3,-1.649606299213E-1,
-2.899685039370E-1));
#3325=VERTEX_POINT('',#3324);
#3326=CARTESIAN_POINT('',(1.749606299213E-2,-1.649606299213E-1,
-2.899685039370E-1));
#3327=VERTEX_POINT('',#3326);
#3328=CARTESIAN_POINT('',(-6.519685039370E-3,-1.551181102362E-1,
-2.899685039370E-1));
#3329=VERTEX_POINT('',#3328);
#3330=CARTESIAN_POINT('',(1.749606299213E-2,-1.551181102362E-1,
-2.899685039370E-1));
#3331=VERTEX_POINT('',#3330);
#3332=CARTESIAN_POINT('',(3.678740157480E-2,1.551058915317E-1,
-1.090429446425E-1));
#3333=CARTESIAN_POINT('',(3.678740157480E-2,1.472440944882E-1,
-9.842519685039E-2));
#3334=VERTEX_POINT('',#3332);
#3335=VERTEX_POINT('',#3333);
#3336=CARTESIAN_POINT('',(-2.581102362205E-2,1.472440944882E-1,
-9.842519685039E-2));
#3337=VERTEX_POINT('',#3336);
#3338=CARTESIAN_POINT('',(-2.581102362205E-2,1.551058915317E-1,
-1.090429446425E-1));
#3339=VERTEX_POINT('',#3338);
#3340=CARTESIAN_POINT('',(3.678740157480E-2,-1.472440944882E-1,
-9.842519685039E-2));
#3341=CARTESIAN_POINT('',(3.678740157480E-2,-1.551058915317E-1,
-1.090429446425E-1));
#3342=VERTEX_POINT('',#3340);
#3343=VERTEX_POINT('',#3341);
#3344=CARTESIAN_POINT('',(-2.581102362205E-2,-1.551058915317E-1,
-1.090429446425E-1));
#3345=VERTEX_POINT('',#3344);
#3346=CARTESIAN_POINT('',(-2.581102362205E-2,-1.472440944882E-1,
-9.842519685039E-2));
#3347=VERTEX_POINT('',#3346);
#3348=CARTESIAN_POINT('',(1.330472440945E-1,-7.480314960630E-2,0.E0));
#3349=CARTESIAN_POINT('',(7.792913385827E-2,-7.480314960630E-2,0.E0));
#3350=VERTEX_POINT('',#3348);
#3351=VERTEX_POINT('',#3349);
#3352=CARTESIAN_POINT('',(7.792913385827E-2,-4.507874015748E-2,
-1.716139579678E-2));
#3353=VERTEX_POINT('',#3352);
#3354=CARTESIAN_POINT('',(7.792913385827E-2,-6.102362204724E-3,
-3.937007874016E-2));
#3355=VERTEX_POINT('',#3354);
#3356=CARTESIAN_POINT('',(1.330472440945E-1,-4.507874015748E-2,
-1.716139579678E-2));
#3357=VERTEX_POINT('',#3356);
#3358=CARTESIAN_POINT('',(1.330472440945E-1,-6.102362204724E-3,
-3.937007874016E-2));
#3359=VERTEX_POINT('',#3358);
#3360=CARTESIAN_POINT('',(1.367874015748E-1,-1.452575078351E-1,
-1.089352858170E-1));
#3361=CARTESIAN_POINT('',(7.418897637795E-2,-1.452575078351E-1,
-1.089352858170E-1));
#3362=VERTEX_POINT('',#3360);
#3363=VERTEX_POINT('',#3361);
#3364=CARTESIAN_POINT('',(1.367874015748E-1,1.452575078351E-1,
-1.089352858170E-1));
#3365=CARTESIAN_POINT('',(7.418897637795E-2,1.452575078351E-1,
-1.089352858170E-1));
#3366=VERTEX_POINT('',#3364);
#3367=VERTEX_POINT('',#3365);
#3368=CARTESIAN_POINT('',(1.367874015748E-1,-1.566831380312E-1,-1.38E-1));
#3369=CARTESIAN_POINT('',(1.367874015748E-1,-1.468406183462E-1,-1.38E-1));
#3370=VERTEX_POINT('',#3368);
#3371=VERTEX_POINT('',#3369);
#3372=CARTESIAN_POINT('',(1.367874015748E-1,1.468406183462E-1,-1.38E-1));
#3373=CARTESIAN_POINT('',(1.367874015748E-1,1.566831380312E-1,-1.38E-1));
#3374=VERTEX_POINT('',#3372);
#3375=VERTEX_POINT('',#3373);
#3376=CARTESIAN_POINT('',(7.418897637795E-2,-1.566831380312E-1,-1.38E-1));
#3377=CARTESIAN_POINT('',(7.418897637795E-2,-1.468406183462E-1,-1.38E-1));
#3378=VERTEX_POINT('',#3376);
#3379=VERTEX_POINT('',#3377);
#3380=CARTESIAN_POINT('',(7.418897637795E-2,1.468406183462E-1,-1.38E-1));
#3381=CARTESIAN_POINT('',(7.418897637795E-2,1.566831380312E-1,-1.38E-1));
#3382=VERTEX_POINT('',#3380);
#3383=VERTEX_POINT('',#3381);
#3384=CARTESIAN_POINT('',(9.348031496063E-2,1.649606299213E-1,
-2.899685039370E-1));
#3385=CARTESIAN_POINT('',(9.348031496063E-2,1.551181102362E-1,
-2.899685039370E-1));
#3386=VERTEX_POINT('',#3384);
#3387=VERTEX_POINT('',#3385);
#3388=CARTESIAN_POINT('',(1.174960629921E-1,1.649606299213E-1,
-2.899685039370E-1));
#3389=CARTESIAN_POINT('',(1.174960629921E-1,1.551181102362E-1,
-2.899685039370E-1));
#3390=VERTEX_POINT('',#3388);
#3391=VERTEX_POINT('',#3389);
#3392=CARTESIAN_POINT('',(9.348031496063E-2,-1.649606299213E-1,
-2.899685039370E-1));
#3393=VERTEX_POINT('',#3392);
#3394=CARTESIAN_POINT('',(1.174960629921E-1,-1.649606299213E-1,
-2.899685039370E-1));
#3395=VERTEX_POINT('',#3394);
#3396=CARTESIAN_POINT('',(9.348031496063E-2,-1.551181102362E-1,
-2.899685039370E-1));
#3397=VERTEX_POINT('',#3396);
#3398=CARTESIAN_POINT('',(1.174960629921E-1,-1.551181102362E-1,
-2.899685039370E-1));
#3399=VERTEX_POINT('',#3398);
#3400=CARTESIAN_POINT('',(1.367874015748E-1,1.551058915317E-1,
-1.090429446425E-1));
#3401=CARTESIAN_POINT('',(1.367874015748E-1,1.472440944882E-1,
-9.842519685039E-2));
#3402=VERTEX_POINT('',#3400);
#3403=VERTEX_POINT('',#3401);
#3404=CARTESIAN_POINT('',(7.418897637795E-2,1.472440944882E-1,
-9.842519685039E-2));
#3405=VERTEX_POINT('',#3404);
#3406=CARTESIAN_POINT('',(7.418897637795E-2,1.551058915317E-1,
-1.090429446425E-1));
#3407=VERTEX_POINT('',#3406);
#3408=CARTESIAN_POINT('',(1.367874015748E-1,-1.472440944882E-1,
-9.842519685039E-2));
#3409=CARTESIAN_POINT('',(1.367874015748E-1,-1.551058915317E-1,
-1.090429446425E-1));
#3410=VERTEX_POINT('',#3408);
#3411=VERTEX_POINT('',#3409);
#3412=CARTESIAN_POINT('',(7.418897637795E-2,-1.551058915317E-1,
-1.090429446425E-1));
#3413=VERTEX_POINT('',#3412);
#3414=CARTESIAN_POINT('',(7.418897637795E-2,-1.472440944882E-1,
-9.842519685039E-2));
#3415=VERTEX_POINT('',#3414);
#3416=CARTESIAN_POINT('',(2.330472440945E-1,-7.480314960630E-2,0.E0));
#3417=CARTESIAN_POINT('',(1.779291338583E-1,-7.480314960630E-2,0.E0));
#3418=VERTEX_POINT('',#3416);
#3419=VERTEX_POINT('',#3417);
#3420=CARTESIAN_POINT('',(1.779291338583E-1,-4.507874015748E-2,
-1.716139579678E-2));
#3421=VERTEX_POINT('',#3420);
#3422=CARTESIAN_POINT('',(1.779291338583E-1,-6.102362204724E-3,
-3.937007874016E-2));
#3423=VERTEX_POINT('',#3422);
#3424=CARTESIAN_POINT('',(2.330472440945E-1,-4.507874015748E-2,
-1.716139579678E-2));
#3425=VERTEX_POINT('',#3424);
#3426=CARTESIAN_POINT('',(2.330472440945E-1,-6.102362204724E-3,
-3.937007874016E-2));
#3427=VERTEX_POINT('',#3426);
#3428=CARTESIAN_POINT('',(2.367874015748E-1,-1.452575078351E-1,
-1.089352858170E-1));
#3429=CARTESIAN_POINT('',(1.741889763780E-1,-1.452575078351E-1,
-1.089352858170E-1));
#3430=VERTEX_POINT('',#3428);
#3431=VERTEX_POINT('',#3429);
#3432=CARTESIAN_POINT('',(2.367874015748E-1,1.452575078351E-1,
-1.089352858170E-1));
#3433=CARTESIAN_POINT('',(1.741889763780E-1,1.452575078351E-1,
-1.089352858170E-1));
#3434=VERTEX_POINT('',#3432);
#3435=VERTEX_POINT('',#3433);
#3436=CARTESIAN_POINT('',(2.367874015748E-1,-1.566831380312E-1,-1.38E-1));
#3437=CARTESIAN_POINT('',(2.367874015748E-1,-1.468406183462E-1,-1.38E-1));
#3438=VERTEX_POINT('',#3436);
#3439=VERTEX_POINT('',#3437);
#3440=CARTESIAN_POINT('',(2.367874015748E-1,1.468406183462E-1,-1.38E-1));
#3441=CARTESIAN_POINT('',(2.367874015748E-1,1.566831380312E-1,-1.38E-1));
#3442=VERTEX_POINT('',#3440);
#3443=VERTEX_POINT('',#3441);
#3444=CARTESIAN_POINT('',(1.741889763780E-1,-1.566831380312E-1,-1.38E-1));
#3445=CARTESIAN_POINT('',(1.741889763780E-1,-1.468406183462E-1,-1.38E-1));
#3446=VERTEX_POINT('',#3444);
#3447=VERTEX_POINT('',#3445);
#3448=CARTESIAN_POINT('',(1.741889763780E-1,1.468406183462E-1,-1.38E-1));
#3449=CARTESIAN_POINT('',(1.741889763780E-1,1.566831380312E-1,-1.38E-1));
#3450=VERTEX_POINT('',#3448);
#3451=VERTEX_POINT('',#3449);
#3452=CARTESIAN_POINT('',(1.934803149606E-1,1.649606299213E-1,
-2.899685039370E-1));
#3453=CARTESIAN_POINT('',(1.934803149606E-1,1.551181102362E-1,
-2.899685039370E-1));
#3454=VERTEX_POINT('',#3452);
#3455=VERTEX_POINT('',#3453);
#3456=CARTESIAN_POINT('',(2.174960629921E-1,1.649606299213E-1,
-2.899685039370E-1));
#3457=CARTESIAN_POINT('',(2.174960629921E-1,1.551181102362E-1,
-2.899685039370E-1));
#3458=VERTEX_POINT('',#3456);
#3459=VERTEX_POINT('',#3457);
#3460=CARTESIAN_POINT('',(1.934803149606E-1,-1.649606299213E-1,
-2.899685039370E-1));
#3461=VERTEX_POINT('',#3460);
#3462=CARTESIAN_POINT('',(2.174960629921E-1,-1.649606299213E-1,
-2.899685039370E-1));
#3463=VERTEX_POINT('',#3462);
#3464=CARTESIAN_POINT('',(1.934803149606E-1,-1.551181102362E-1,
-2.899685039370E-1));
#3465=VERTEX_POINT('',#3464);
#3466=CARTESIAN_POINT('',(2.174960629921E-1,-1.551181102362E-1,
-2.899685039370E-1));
#3467=VERTEX_POINT('',#3466);
#3468=CARTESIAN_POINT('',(2.367874015748E-1,1.551058915317E-1,
-1.090429446425E-1));
#3469=CARTESIAN_POINT('',(2.367874015748E-1,1.472440944882E-1,
-9.842519685039E-2));
#3470=VERTEX_POINT('',#3468);
#3471=VERTEX_POINT('',#3469);
#3472=CARTESIAN_POINT('',(1.741889763780E-1,1.472440944882E-1,
-9.842519685039E-2));
#3473=VERTEX_POINT('',#3472);
#3474=CARTESIAN_POINT('',(1.741889763780E-1,1.551058915317E-1,
-1.090429446425E-1));
#3475=VERTEX_POINT('',#3474);
#3476=CARTESIAN_POINT('',(2.367874015748E-1,-1.472440944882E-1,
-9.842519685039E-2));
#3477=CARTESIAN_POINT('',(2.367874015748E-1,-1.551058915317E-1,
-1.090429446425E-1));
#3478=VERTEX_POINT('',#3476);
#3479=VERTEX_POINT('',#3477);
#3480=CARTESIAN_POINT('',(1.741889763780E-1,-1.551058915317E-1,
-1.090429446425E-1));
#3481=VERTEX_POINT('',#3480);
#3482=CARTESIAN_POINT('',(1.741889763780E-1,-1.472440944882E-1,
-9.842519685039E-2));
#3483=VERTEX_POINT('',#3482);
#3484=CARTESIAN_POINT('',(-2.89E-1,0.E0,0.E0));
#3485=DIRECTION('',(1.E0,0.E0,0.E0));
#3486=DIRECTION('',(0.E0,0.E0,-1.E0));
#3487=AXIS2_PLACEMENT_3D('',#3484,#3485,#3486);
#3488=PLANE('',#3487);
#3490=ORIENTED_EDGE('',*,*,#3489,.T.);
#3492=ORIENTED_EDGE('',*,*,#3491,.T.);
#3494=ORIENTED_EDGE('',*,*,#3493,.T.);
#3496=ORIENTED_EDGE('',*,*,#3495,.T.);
#3498=ORIENTED_EDGE('',*,*,#3497,.T.);
#3500=ORIENTED_EDGE('',*,*,#3499,.T.);
#3501=EDGE_LOOP('',(#3490,#3492,#3494,#3496,#3498,#3500));
#3502=FACE_OUTER_BOUND('',#3501,.F.);
#3503=ADVANCED_FACE('',(#3502),#3488,.F.);
#3504=CARTESIAN_POINT('',(-2.89E-1,1.421259842520E-1,0.E0));
#3505=DIRECTION('',(0.E0,0.E0,1.E0));
#3506=DIRECTION('',(0.E0,-1.E0,0.E0));
#3507=AXIS2_PLACEMENT_3D('',#3504,#3505,#3506);
#3508=PLANE('',#3507);
#3509=ORIENTED_EDGE('',*,*,#3489,.F.);
#3511=ORIENTED_EDGE('',*,*,#3510,.T.);
#3513=ORIENTED_EDGE('',*,*,#3512,.T.);
#3515=ORIENTED_EDGE('',*,*,#3514,.F.);
#3516=EDGE_LOOP('',(#3509,#3511,#3513,#3515));
#3517=FACE_OUTER_BOUND('',#3516,.F.);
#3519=ORIENTED_EDGE('',*,*,#3518,.F.);
#3521=ORIENTED_EDGE('',*,*,#3520,.T.);
#3523=ORIENTED_EDGE('',*,*,#3522,.T.);
#3525=ORIENTED_EDGE('',*,*,#3524,.F.);
#3527=ORIENTED_EDGE('',*,*,#3526,.T.);
#3529=ORIENTED_EDGE('',*,*,#3528,.F.);
#3531=ORIENTED_EDGE('',*,*,#3530,.F.);
#3533=ORIENTED_EDGE('',*,*,#3532,.T.);
#3534=EDGE_LOOP('',(#3519,#3521,#3523,#3525,#3527,#3529,#3531,#3533));
#3535=FACE_BOUND('',#3534,.F.);
#3537=ORIENTED_EDGE('',*,*,#3536,.T.);
#3539=ORIENTED_EDGE('',*,*,#3538,.T.);
#3541=ORIENTED_EDGE('',*,*,#3540,.F.);
#3543=ORIENTED_EDGE('',*,*,#3542,.F.);
#3545=ORIENTED_EDGE('',*,*,#3544,.F.);
#3547=ORIENTED_EDGE('',*,*,#3546,.F.);
#3549=ORIENTED_EDGE('',*,*,#3548,.T.);
#3551=ORIENTED_EDGE('',*,*,#3550,.T.);
#3552=EDGE_LOOP('',(#3537,#3539,#3541,#3543,#3545,#3547,#3549,#3551));
#3553=FACE_BOUND('',#3552,.F.);
#3555=ORIENTED_EDGE('',*,*,#3554,.T.);
#3557=ORIENTED_EDGE('',*,*,#3556,.T.);
#3559=ORIENTED_EDGE('',*,*,#3558,.F.);
#3561=ORIENTED_EDGE('',*,*,#3560,.F.);
#3563=ORIENTED_EDGE('',*,*,#3562,.F.);
#3565=ORIENTED_EDGE('',*,*,#3564,.F.);
#3567=ORIENTED_EDGE('',*,*,#3566,.T.);
#3569=ORIENTED_EDGE('',*,*,#3568,.T.);
#3570=EDGE_LOOP('',(#3555,#3557,#3559,#3561,#3563,#3565,#3567,#3569));
#3571=FACE_BOUND('',#3570,.F.);
#3573=ORIENTED_EDGE('',*,*,#3572,.T.);
#3575=ORIENTED_EDGE('',*,*,#3574,.T.);
#3577=ORIENTED_EDGE('',*,*,#3576,.F.);
#3579=ORIENTED_EDGE('',*,*,#3578,.F.);
#3581=ORIENTED_EDGE('',*,*,#3580,.F.);
#3583=ORIENTED_EDGE('',*,*,#3582,.F.);
#3585=ORIENTED_EDGE('',*,*,#3584,.T.);
#3587=ORIENTED_EDGE('',*,*,#3586,.T.);
#3588=EDGE_LOOP('',(#3573,#3575,#3577,#3579,#3581,#3583,#3585,#3587));
#3589=FACE_BOUND('',#3588,.F.);
#3591=ORIENTED_EDGE('',*,*,#3590,.T.);
#3593=ORIENTED_EDGE('',*,*,#3592,.T.);
#3595=ORIENTED_EDGE('',*,*,#3594,.F.);
#3597=ORIENTED_EDGE('',*,*,#3596,.F.);
#3599=ORIENTED_EDGE('',*,*,#3598,.F.);
#3601=ORIENTED_EDGE('',*,*,#3600,.F.);
#3603=ORIENTED_EDGE('',*,*,#3602,.T.);
#3605=ORIENTED_EDGE('',*,*,#3604,.T.);
#3606=EDGE_LOOP('',(#3591,#3593,#3595,#3597,#3599,#3601,#3603,#3605));
#3607=FACE_BOUND('',#3606,.F.);
#3609=ORIENTED_EDGE('',*,*,#3608,.T.);
#3611=ORIENTED_EDGE('',*,*,#3610,.T.);
#3613=ORIENTED_EDGE('',*,*,#3612,.T.);
#3615=ORIENTED_EDGE('',*,*,#3614,.T.);
#3617=ORIENTED_EDGE('',*,*,#3616,.T.);
#3619=ORIENTED_EDGE('',*,*,#3618,.T.);
#3621=ORIENTED_EDGE('',*,*,#3620,.T.);
#3622=EDGE_LOOP('',(#3609,#3611,#3613,#3615,#3617,#3619,#3621));
#3623=FACE_BOUND('',#3622,.F.);
#3625=ORIENTED_EDGE('',*,*,#3624,.T.);
#3627=ORIENTED_EDGE('',*,*,#3626,.T.);
#3629=ORIENTED_EDGE('',*,*,#3628,.T.);
#3631=ORIENTED_EDGE('',*,*,#3630,.T.);
#3633=ORIENTED_EDGE('',*,*,#3632,.T.);
#3635=ORIENTED_EDGE('',*,*,#3634,.T.);
#3637=ORIENTED_EDGE('',*,*,#3636,.T.);
#3639=ORIENTED_EDGE('',*,*,#3638,.T.);
#3641=ORIENTED_EDGE('',*,*,#3640,.T.);
#3643=ORIENTED_EDGE('',*,*,#3642,.T.);
#3645=ORIENTED_EDGE('',*,*,#3644,.T.);
#3647=ORIENTED_EDGE('',*,*,#3646,.T.);
#3649=ORIENTED_EDGE('',*,*,#3648,.T.);
#3651=ORIENTED_EDGE('',*,*,#3650,.T.);
#3653=ORIENTED_EDGE('',*,*,#3652,.T.);
#3655=ORIENTED_EDGE('',*,*,#3654,.T.);
#3657=ORIENTED_EDGE('',*,*,#3656,.T.);
#3659=ORIENTED_EDGE('',*,*,#3658,.T.);
#3661=ORIENTED_EDGE('',*,*,#3660,.T.);
#3663=ORIENTED_EDGE('',*,*,#3662,.T.);
#3665=ORIENTED_EDGE('',*,*,#3664,.T.);
#3667=ORIENTED_EDGE('',*,*,#3666,.T.);
#3669=ORIENTED_EDGE('',*,*,#3668,.T.);
#3671=ORIENTED_EDGE('',*,*,#3670,.T.);
#3672=EDGE_LOOP('',(#3625,#3627,#3629,#3631,#3633,#3635,#3637,#3639,#3641,#3643,
#3645,#3647,#3649,#3651,#3653,#3655,#3657,#3659,#3661,#3663,#3665,#3667,#3669,
#3671));
#3673=FACE_BOUND('',#3672,.F.);
#3675=ORIENTED_EDGE('',*,*,#3674,.T.);
#3677=ORIENTED_EDGE('',*,*,#3676,.T.);
#3679=ORIENTED_EDGE('',*,*,#3678,.T.);
#3681=ORIENTED_EDGE('',*,*,#3680,.T.);
#3683=ORIENTED_EDGE('',*,*,#3682,.T.);
#3685=ORIENTED_EDGE('',*,*,#3684,.T.);
#3687=ORIENTED_EDGE('',*,*,#3686,.T.);
#3689=ORIENTED_EDGE('',*,*,#3688,.T.);
#3691=ORIENTED_EDGE('',*,*,#3690,.T.);
#3693=ORIENTED_EDGE('',*,*,#3692,.T.);
#3694=EDGE_LOOP('',(#3675,#3677,#3679,#3681,#3683,#3685,#3687,#3689,#3691,
#3693));
#3695=FACE_BOUND('',#3694,.F.);
#3696=ADVANCED_FACE('',(#3517,#3535,#3553,#3571,#3589,#3607,#3623,#3673,#3695),
#3508,.T.);
#3697=CARTESIAN_POINT('',(-2.89E-1,1.421259842520E-1,0.E0));
#3698=DIRECTION('',(0.E0,0.E0,1.E0));
#3699=DIRECTION('',(0.E0,-1.E0,0.E0));
#3700=AXIS2_PLACEMENT_3D('',#3697,#3698,#3699);
#3701=PLANE('',#3700);
#3703=ORIENTED_EDGE('',*,*,#3702,.T.);
#3705=ORIENTED_EDGE('',*,*,#3704,.T.);
#3707=ORIENTED_EDGE('',*,*,#3706,.T.);
#3709=ORIENTED_EDGE('',*,*,#3708,.T.);
#3711=ORIENTED_EDGE('',*,*,#3710,.T.);
#3713=ORIENTED_EDGE('',*,*,#3712,.T.);
#3715=ORIENTED_EDGE('',*,*,#3714,.T.);
#3717=ORIENTED_EDGE('',*,*,#3716,.T.);
#3719=ORIENTED_EDGE('',*,*,#3718,.T.);
#3721=ORIENTED_EDGE('',*,*,#3720,.T.);
#3723=ORIENTED_EDGE('',*,*,#3722,.T.);
#3725=ORIENTED_EDGE('',*,*,#3724,.T.);
#3727=ORIENTED_EDGE('',*,*,#3726,.T.);
#3729=ORIENTED_EDGE('',*,*,#3728,.T.);
#3731=ORIENTED_EDGE('',*,*,#3730,.T.);
#3733=ORIENTED_EDGE('',*,*,#3732,.T.);
#3735=ORIENTED_EDGE('',*,*,#3734,.T.);
#3737=ORIENTED_EDGE('',*,*,#3736,.T.);
#3739=ORIENTED_EDGE('',*,*,#3738,.T.);
#3741=ORIENTED_EDGE('',*,*,#3740,.T.);
#3742=EDGE_LOOP('',(#3703,#3705,#3707,#3709,#3711,#3713,#3715,#3717,#3719,#3721,
#3723,#3725,#3727,#3729,#3731,#3733,#3735,#3737,#3739,#3741));
#3743=FACE_OUTER_BOUND('',#3742,.F.);
#3744=ADVANCED_FACE('',(#3743),#3701,.T.);
#3745=CARTESIAN_POINT('',(-2.89E-1,1.472440944882E-1,-9.842519685039E-2));
#3746=DIRECTION('',(0.E0,9.986507356923E-1,5.192983825600E-2));
#3747=DIRECTION('',(0.E0,-5.192983825600E-2,9.986507356923E-1));
#3748=AXIS2_PLACEMENT_3D('',#3745,#3746,#3747);
#3749=PLANE('',#3748);
#3751=ORIENTED_EDGE('',*,*,#3750,.T.);
#3753=ORIENTED_EDGE('',*,*,#3752,.T.);
#3755=ORIENTED_EDGE('',*,*,#3754,.T.);
#3756=ORIENTED_EDGE('',*,*,#3510,.F.);
#3757=ORIENTED_EDGE('',*,*,#3499,.F.);
#3759=ORIENTED_EDGE('',*,*,#3758,.T.);
#3761=ORIENTED_EDGE('',*,*,#3760,.T.);
#3763=ORIENTED_EDGE('',*,*,#3762,.T.);
#3765=ORIENTED_EDGE('',*,*,#3764,.T.);
#3767=ORIENTED_EDGE('',*,*,#3766,.T.);
#3769=ORIENTED_EDGE('',*,*,#3768,.T.);
#3771=ORIENTED_EDGE('',*,*,#3770,.T.);
#3773=ORIENTED_EDGE('',*,*,#3772,.T.);
#3775=ORIENTED_EDGE('',*,*,#3774,.T.);
#3776=EDGE_LOOP('',(#3751,#3753,#3755,#3756,#3757,#3759,#3761,#3763,#3765,#3767,
#3769,#3771,#3773,#3775));
#3777=FACE_OUTER_BOUND('',#3776,.F.);
#3778=ADVANCED_FACE('',(#3777),#3749,.T.);
#3779=CARTESIAN_POINT('',(-1.0424808E0,1.431236529057E-1,-1.096955988470E-1));
#3780=DIRECTION('',(1.E0,0.E0,0.E0));
#3781=DIRECTION('',(0.E0,9.985198854962E-1,5.438785037748E-2));
#3782=AXIS2_PLACEMENT_3D('',#3779,#3780,#3781);
#3783=CYLINDRICAL_SURFACE('',#3782,1.2E-2);
#3785=ORIENTED_EDGE('',*,*,#3784,.T.);
#3786=ORIENTED_EDGE('',*,*,#3750,.F.);
#3788=ORIENTED_EDGE('',*,*,#3787,.T.);
#3790=ORIENTED_EDGE('',*,*,#3789,.T.);
#3791=EDGE_LOOP('',(#3785,#3786,#3788,#3790));
#3792=FACE_OUTER_BOUND('',#3791,.F.);
#3793=ADVANCED_FACE('',(#3792),#3783,.T.);
#3794=CARTESIAN_POINT('',(2.367874015748E-1,0.E0,0.E0));
#3795=DIRECTION('',(-1.E0,0.E0,0.E0));
#3796=DIRECTION('',(0.E0,0.E0,1.E0));
#3797=AXIS2_PLACEMENT_3D('',#3794,#3795,#3796);
#3798=PLANE('',#3797);
#3799=ORIENTED_EDGE('',*,*,#3784,.F.);
#3801=ORIENTED_EDGE('',*,*,#3800,.T.);
#3803=ORIENTED_EDGE('',*,*,#3802,.F.);
#3805=ORIENTED_EDGE('',*,*,#3804,.T.);
#3807=ORIENTED_EDGE('',*,*,#3806,.T.);
#3808=EDGE_LOOP('',(#3799,#3801,#3803,#3805,#3807));
#3809=FACE_OUTER_BOUND('',#3808,.F.);
#3810=ADVANCED_FACE('',(#3809),#3798,.F.);
#3811=CARTESIAN_POINT('',(2.367874015748E-1,0.E0,0.E0));
#3812=DIRECTION('',(-1.E0,0.E0,0.E0));
#3813=DIRECTION('',(0.E0,0.E0,1.E0));
#3814=AXIS2_PLACEMENT_3D('',#3811,#3812,#3813);
#3815=PLANE('',#3814);
#3817=ORIENTED_EDGE('',*,*,#3816,.F.);
#3819=ORIENTED_EDGE('',*,*,#3818,.T.);
#3821=ORIENTED_EDGE('',*,*,#3820,.T.);
#3823=ORIENTED_EDGE('',*,*,#3822,.F.);
#3825=ORIENTED_EDGE('',*,*,#3824,.T.);
#3826=EDGE_LOOP('',(#3817,#3819,#3821,#3823,#3825));
#3827=FACE_OUTER_BOUND('',#3826,.F.);
#3828=ADVANCED_FACE('',(#3827),#3815,.F.);
#3829=CARTESIAN_POINT('',(2.367874015748E-1,1.545275590551E-1,
-9.842519685039E-2));
#3830=DIRECTION('',(0.E0,9.985198854962E-1,5.438785037747E-2));
#3831=DIRECTION('',(0.E0,5.438785037747E-2,-9.985198854962E-1));
#3832=AXIS2_PLACEMENT_3D('',#3829,#3830,#3831);
#3833=PLANE('',#3832);
#3834=ORIENTED_EDGE('',*,*,#3789,.F.);
#3836=ORIENTED_EDGE('',*,*,#3835,.T.);
#3838=ORIENTED_EDGE('',*,*,#3837,.T.);
#3840=ORIENTED_EDGE('',*,*,#3839,.F.);
#3842=ORIENTED_EDGE('',*,*,#3841,.F.);
#3844=ORIENTED_EDGE('',*,*,#3843,.T.);
#3846=ORIENTED_EDGE('',*,*,#3845,.T.);
#3847=ORIENTED_EDGE('',*,*,#3800,.F.);
#3848=EDGE_LOOP('',(#3834,#3836,#3838,#3840,#3842,#3844,#3846,#3847));
#3849=FACE_OUTER_BOUND('',#3848,.F.);
#3850=ADVANCED_FACE('',(#3849),#3833,.T.);
#3851=CARTESIAN_POINT('',(1.741889763780E-1,0.E0,0.E0));
#3852=DIRECTION('',(-1.E0,0.E0,0.E0));
#3853=DIRECTION('',(0.E0,0.E0,1.E0));
#3854=AXIS2_PLACEMENT_3D('',#3851,#3852,#3853);
#3855=PLANE('',#3854);
#3856=ORIENTED_EDGE('',*,*,#3787,.F.);
#3858=ORIENTED_EDGE('',*,*,#3857,.F.);
#3860=ORIENTED_EDGE('',*,*,#3859,.F.);
#3862=ORIENTED_EDGE('',*,*,#3861,.T.);
#3863=ORIENTED_EDGE('',*,*,#3835,.F.);
#3864=EDGE_LOOP('',(#3856,#3858,#3860,#3862,#3863));
#3865=FACE_OUTER_BOUND('',#3864,.F.);
#3866=ADVANCED_FACE('',(#3865),#3855,.T.);
#3867=CARTESIAN_POINT('',(1.741889763780E-1,0.E0,0.E0));
#3868=DIRECTION('',(-1.E0,0.E0,0.E0));
#3869=DIRECTION('',(0.E0,0.E0,1.E0));
#3870=AXIS2_PLACEMENT_3D('',#3867,#3868,#3869);
#3871=PLANE('',#3870);
#3873=ORIENTED_EDGE('',*,*,#3872,.F.);
#3875=ORIENTED_EDGE('',*,*,#3874,.F.);
#3877=ORIENTED_EDGE('',*,*,#3876,.T.);
#3879=ORIENTED_EDGE('',*,*,#3878,.F.);
#3881=ORIENTED_EDGE('',*,*,#3880,.F.);
#3882=EDGE_LOOP('',(#3873,#3875,#3877,#3879,#3881));
#3883=FACE_OUTER_BOUND('',#3882,.F.);
#3884=ADVANCED_FACE('',(#3883),#3871,.T.);
#3885=CARTESIAN_POINT('',(-2.89E-1,1.397637795276E-1,-1.38E-1));
#3886=DIRECTION('',(0.E0,9.826011156399E-1,-1.857284241659E-1));
#3887=DIRECTION('',(0.E0,1.857284241659E-1,9.826011156399E-1));
#3888=AXIS2_PLACEMENT_3D('',#3885,#3886,#3887);
#3889=PLANE('',#3888);
#3890=ORIENTED_EDGE('',*,*,#3806,.F.);
#3892=ORIENTED_EDGE('',*,*,#3891,.T.);
#3893=ORIENTED_EDGE('',*,*,#3857,.T.);
#3894=ORIENTED_EDGE('',*,*,#3774,.F.);
#3896=ORIENTED_EDGE('',*,*,#3895,.F.);
#3898=ORIENTED_EDGE('',*,*,#3897,.T.);
#3900=ORIENTED_EDGE('',*,*,#3899,.T.);
#3901=ORIENTED_EDGE('',*,*,#3770,.F.);
#3903=ORIENTED_EDGE('',*,*,#3902,.F.);
#3905=ORIENTED_EDGE('',*,*,#3904,.T.);
#3907=ORIENTED_EDGE('',*,*,#3906,.T.);
#3908=ORIENTED_EDGE('',*,*,#3766,.F.);
#3910=ORIENTED_EDGE('',*,*,#3909,.F.);
#3912=ORIENTED_EDGE('',*,*,#3911,.T.);
#3914=ORIENTED_EDGE('',*,*,#3913,.T.);
#3915=ORIENTED_EDGE('',*,*,#3762,.F.);
#3917=ORIENTED_EDGE('',*,*,#3916,.F.);
#3919=ORIENTED_EDGE('',*,*,#3918,.T.);
#3921=ORIENTED_EDGE('',*,*,#3920,.T.);
#3922=ORIENTED_EDGE('',*,*,#3758,.F.);
#3923=ORIENTED_EDGE('',*,*,#3497,.F.);
#3925=ORIENTED_EDGE('',*,*,#3924,.T.);
#3927=ORIENTED_EDGE('',*,*,#3926,.T.);
#3928=ORIENTED_EDGE('',*,*,#3752,.F.);
#3929=EDGE_LOOP('',(#3890,#3892,#3893,#3894,#3896,#3898,#3900,#3901,#3903,#3905,
#3907,#3908,#3910,#3912,#3914,#3915,#3917,#3919,#3921,#3922,#3923,#3925,#3927,
#3928));
#3930=FACE_OUTER_BOUND('',#3929,.F.);
#3931=ADVANCED_FACE('',(#3930),#3889,.T.);
#3932=CARTESIAN_POINT('',(2.367874015748E-1,1.551181102362E-1,
-2.899685039370E-1));
#3933=DIRECTION('',(0.E0,-9.985198854962E-1,-5.438785037747E-2));
#3934=DIRECTION('',(0.E0,-5.438785037747E-2,9.985198854962E-1));
#3935=AXIS2_PLACEMENT_3D('',#3932,#3933,#3934);
#3936=PLANE('',#3935);
#3938=ORIENTED_EDGE('',*,*,#3937,.F.);
#3939=ORIENTED_EDGE('',*,*,#3859,.T.);
#3940=ORIENTED_EDGE('',*,*,#3891,.F.);
#3941=ORIENTED_EDGE('',*,*,#3804,.F.);
#3943=ORIENTED_EDGE('',*,*,#3942,.F.);
#3945=ORIENTED_EDGE('',*,*,#3944,.F.);
#3947=ORIENTED_EDGE('',*,*,#3946,.T.);
#3949=ORIENTED_EDGE('',*,*,#3948,.T.);
#3950=EDGE_LOOP('',(#3938,#3939,#3940,#3941,#3943,#3945,#3947,#3949));
#3951=FACE_OUTER_BOUND('',#3950,.F.);
#3952=ADVANCED_FACE('',(#3951),#3936,.T.);
#3953=CARTESIAN_POINT('',(1.741889763780E-1,-1.771653543307E-1,-1.38E-1));
#3954=DIRECTION('',(9.223756718657E-1,0.E0,3.862940847985E-1));
#3955=DIRECTION('',(3.862940847985E-1,0.E0,-9.223756718657E-1));
#3956=AXIS2_PLACEMENT_3D('',#3953,#3954,#3955);
#3957=PLANE('',#3956);
#3959=ORIENTED_EDGE('',*,*,#3958,.T.);
#3961=ORIENTED_EDGE('',*,*,#3960,.F.);
#3962=ORIENTED_EDGE('',*,*,#3876,.F.);
#3964=ORIENTED_EDGE('',*,*,#3963,.T.);
#3965=EDGE_LOOP('',(#3959,#3961,#3962,#3964));
#3966=FACE_OUTER_BOUND('',#3965,.F.);
#3967=ADVANCED_FACE('',(#3966),#3957,.F.);
#3968=CARTESIAN_POINT('',(1.741889763780E-1,-1.771653543307E-1,-1.38E-1));
#3969=DIRECTION('',(9.223756718657E-1,0.E0,3.862940847985E-1));
#3970=DIRECTION('',(3.862940847985E-1,0.E0,-9.223756718657E-1));
#3971=AXIS2_PLACEMENT_3D('',#3968,#3969,#3970);
#3972=PLANE('',#3971);
#3974=ORIENTED_EDGE('',*,*,#3973,.T.);
#3975=ORIENTED_EDGE('',*,*,#3837,.F.);
#3976=ORIENTED_EDGE('',*,*,#3861,.F.);
#3977=ORIENTED_EDGE('',*,*,#3937,.T.);
#3978=EDGE_LOOP('',(#3974,#3975,#3976,#3977));
#3979=FACE_OUTER_BOUND('',#3978,.F.);
#3980=ADVANCED_FACE('',(#3979),#3972,.F.);
#3981=CARTESIAN_POINT('',(1.934803149606E-1,-1.771653543307E-1,
-1.840629921260E-1));
#3982=DIRECTION('',(1.E0,0.E0,0.E0));
#3983=DIRECTION('',(0.E0,0.E0,-1.E0));
#3984=AXIS2_PLACEMENT_3D('',#3981,#3982,#3983);
#3985=PLANE('',#3984);
#3986=ORIENTED_EDGE('',*,*,#3958,.F.);
#3988=ORIENTED_EDGE('',*,*,#3987,.F.);
#3990=ORIENTED_EDGE('',*,*,#3989,.F.);
#3992=ORIENTED_EDGE('',*,*,#3991,.T.);
#3993=EDGE_LOOP('',(#3986,#3988,#3990,#3992));
#3994=FACE_OUTER_BOUND('',#3993,.F.);
#3995=ADVANCED_FACE('',(#3994),#3985,.F.);
#3996=CARTESIAN_POINT('',(1.934803149606E-1,-1.771653543307E-1,
-1.840629921260E-1));
#3997=DIRECTION('',(1.E0,0.E0,0.E0));
#3998=DIRECTION('',(0.E0,0.E0,-1.E0));
#3999=AXIS2_PLACEMENT_3D('',#3996,#3997,#3998);
#4000=PLANE('',#3999);
#4001=ORIENTED_EDGE('',*,*,#3973,.F.);
#4002=ORIENTED_EDGE('',*,*,#3948,.F.);
#4004=ORIENTED_EDGE('',*,*,#4003,.F.);
#4005=ORIENTED_EDGE('',*,*,#3839,.T.);
#4006=EDGE_LOOP('',(#4001,#4002,#4004,#4005));
#4007=FACE_OUTER_BOUND('',#4006,.F.);
#4008=ADVANCED_FACE('',(#4007),#4000,.F.);
#4009=CARTESIAN_POINT('',(2.367874015748E-1,-1.649606299213E-1,
-2.899685039370E-1));
#4010=DIRECTION('',(0.E0,-9.985198854962E-1,5.438785037747E-2));
#4011=DIRECTION('',(0.E0,5.438785037747E-2,9.985198854962E-1));
#4012=AXIS2_PLACEMENT_3D('',#4009,#4010,#4011);
#4013=PLANE('',#4012);
#4015=ORIENTED_EDGE('',*,*,#4014,.T.);
#4016=ORIENTED_EDGE('',*,*,#3824,.F.);
#4018=ORIENTED_EDGE('',*,*,#4017,.F.);
#4020=ORIENTED_EDGE('',*,*,#4019,.F.);
#4022=ORIENTED_EDGE('',*,*,#4021,.T.);
#4023=ORIENTED_EDGE('',*,*,#3987,.T.);
#4024=ORIENTED_EDGE('',*,*,#3963,.F.);
#4025=ORIENTED_EDGE('',*,*,#3874,.T.);
#4026=EDGE_LOOP('',(#4015,#4016,#4018,#4020,#4022,#4023,#4024,#4025));
#4027=FACE_OUTER_BOUND('',#4026,.F.);
#4028=ADVANCED_FACE('',(#4027),#4013,.T.);
#4029=CARTESIAN_POINT('',(-9.491619892759E-1,-1.431236529057E-1,
-1.096955988470E-1));
#4030=DIRECTION('',(1.E0,0.E0,0.E0));
#4031=DIRECTION('',(0.E0,-3.433701318725E-1,9.392001663851E-1));
#4032=AXIS2_PLACEMENT_3D('',#4029,#4030,#4031);
#4033=CYLINDRICAL_SURFACE('',#4032,1.2E-2);
#4034=ORIENTED_EDGE('',*,*,#3816,.T.);
#4035=ORIENTED_EDGE('',*,*,#4014,.F.);
#4036=ORIENTED_EDGE('',*,*,#3872,.T.);
#4038=ORIENTED_EDGE('',*,*,#4037,.T.);
#4039=EDGE_LOOP('',(#4034,#4035,#4036,#4038));
#4040=FACE_OUTER_BOUND('',#4039,.F.);
#4041=ADVANCED_FACE('',(#4040),#4033,.T.);
#4042=CARTESIAN_POINT('',(-2.89E-1,-1.421259842520E-1,0.E0));
#4043=DIRECTION('',(0.E0,-9.986507356923E-1,5.192983825600E-2));
#4044=DIRECTION('',(0.E0,-5.192983825600E-2,-9.986507356923E-1));
#4045=AXIS2_PLACEMENT_3D('',#4042,#4043,#4044);
#4046=PLANE('',#4045);
#4047=ORIENTED_EDGE('',*,*,#4037,.F.);
#4049=ORIENTED_EDGE('',*,*,#4048,.F.);
#4051=ORIENTED_EDGE('',*,*,#4050,.F.);
#4053=ORIENTED_EDGE('',*,*,#4052,.F.);
#4055=ORIENTED_EDGE('',*,*,#4054,.F.);
#4057=ORIENTED_EDGE('',*,*,#4056,.F.);
#4059=ORIENTED_EDGE('',*,*,#4058,.F.);
#4061=ORIENTED_EDGE('',*,*,#4060,.F.);
#4063=ORIENTED_EDGE('',*,*,#4062,.F.);
#4065=ORIENTED_EDGE('',*,*,#4064,.F.);
#4066=ORIENTED_EDGE('',*,*,#3491,.F.);
#4067=ORIENTED_EDGE('',*,*,#3514,.T.);
#4069=ORIENTED_EDGE('',*,*,#4068,.T.);
#4071=ORIENTED_EDGE('',*,*,#4070,.F.);
#4072=EDGE_LOOP('',(#4047,#4049,#4051,#4053,#4055,#4057,#4059,#4061,#4063,#4065,
#4066,#4067,#4069,#4071));
#4073=FACE_OUTER_BOUND('',#4072,.F.);
#4074=ADVANCED_FACE('',(#4073),#4046,.T.);
#4075=CARTESIAN_POINT('',(-2.89E-1,-1.472440944882E-1,-9.842519685039E-2));
#4076=DIRECTION('',(0.E0,-9.826011156399E-1,-1.857284241659E-1));
#4077=DIRECTION('',(0.E0,1.857284241659E-1,-9.826011156399E-1));
#4078=AXIS2_PLACEMENT_3D('',#4075,#4076,#4077);
#4079=PLANE('',#4078);
#4080=ORIENTED_EDGE('',*,*,#3818,.F.);
#4081=ORIENTED_EDGE('',*,*,#4070,.T.);
#4083=ORIENTED_EDGE('',*,*,#4082,.T.);
#4085=ORIENTED_EDGE('',*,*,#4084,.F.);
#4086=ORIENTED_EDGE('',*,*,#3493,.F.);
#4087=ORIENTED_EDGE('',*,*,#4064,.T.);
#4089=ORIENTED_EDGE('',*,*,#4088,.T.);
#4091=ORIENTED_EDGE('',*,*,#4090,.F.);
#4093=ORIENTED_EDGE('',*,*,#4092,.F.);
#4094=ORIENTED_EDGE('',*,*,#4060,.T.);
#4096=ORIENTED_EDGE('',*,*,#4095,.T.);
#4098=ORIENTED_EDGE('',*,*,#4097,.F.);
#4100=ORIENTED_EDGE('',*,*,#4099,.F.);
#4101=ORIENTED_EDGE('',*,*,#4056,.T.);
#4103=ORIENTED_EDGE('',*,*,#4102,.T.);
#4105=ORIENTED_EDGE('',*,*,#4104,.F.);
#4107=ORIENTED_EDGE('',*,*,#4106,.F.);
#4108=ORIENTED_EDGE('',*,*,#4052,.T.);
#4110=ORIENTED_EDGE('',*,*,#4109,.T.);
#4112=ORIENTED_EDGE('',*,*,#4111,.F.);
#4114=ORIENTED_EDGE('',*,*,#4113,.F.);
#4115=ORIENTED_EDGE('',*,*,#4048,.T.);
#4116=ORIENTED_EDGE('',*,*,#3880,.T.);
#4118=ORIENTED_EDGE('',*,*,#4117,.F.);
#4119=EDGE_LOOP('',(#4080,#4081,#4083,#4085,#4086,#4087,#4089,#4091,#4093,#4094,
#4096,#4098,#4100,#4101,#4103,#4105,#4107,#4108,#4110,#4112,#4114,#4115,#4116,
#4118));
#4120=FACE_OUTER_BOUND('',#4119,.F.);
#4121=ADVANCED_FACE('',(#4120),#4079,.T.);
#4122=CARTESIAN_POINT('',(2.89E-1,0.E0,0.E0));
#4123=DIRECTION('',(1.E0,0.E0,0.E0));
#4124=DIRECTION('',(0.E0,0.E0,-1.E0));
#4125=AXIS2_PLACEMENT_3D('',#4122,#4123,#4124);
#4126=PLANE('',#4125);
#4127=ORIENTED_EDGE('',*,*,#3512,.F.);
#4128=ORIENTED_EDGE('',*,*,#3754,.F.);
#4129=ORIENTED_EDGE('',*,*,#3926,.F.);
#4131=ORIENTED_EDGE('',*,*,#4130,.F.);
#4132=ORIENTED_EDGE('',*,*,#4082,.F.);
#4133=ORIENTED_EDGE('',*,*,#4068,.F.);
#4134=EDGE_LOOP('',(#4127,#4128,#4129,#4131,#4132,#4133));
#4135=FACE_OUTER_BOUND('',#4134,.F.);
#4136=ADVANCED_FACE('',(#4135),#4126,.T.);
#4137=CARTESIAN_POINT('',(-2.89E-1,-1.397637795276E-1,-1.38E-1));
#4138=DIRECTION('',(0.E0,0.E0,-1.E0));
#4139=DIRECTION('',(0.E0,1.E0,0.E0));
#4140=AXIS2_PLACEMENT_3D('',#4137,#4138,#4139);
#4141=PLANE('',#4140);
#4142=ORIENTED_EDGE('',*,*,#3495,.F.);
#4143=ORIENTED_EDGE('',*,*,#4084,.T.);
#4144=ORIENTED_EDGE('',*,*,#4130,.T.);
#4145=ORIENTED_EDGE('',*,*,#3924,.F.);
#4146=EDGE_LOOP('',(#4142,#4143,#4144,#4145));
#4147=FACE_OUTER_BOUND('',#4146,.F.);
#4148=ADVANCED_FACE('',(#4147),#4141,.T.);
#4149=CARTESIAN_POINT('',(-2.258110236220E-1,0.E0,0.E0));
#4150=DIRECTION('',(-1.E0,0.E0,0.E0));
#4151=DIRECTION('',(0.E0,0.E0,1.E0));
#4152=AXIS2_PLACEMENT_3D('',#4149,#4150,#4151);
#4153=PLANE('',#4152);
#4155=ORIENTED_EDGE('',*,*,#4154,.F.);
#4156=ORIENTED_EDGE('',*,*,#3920,.F.);
#4158=ORIENTED_EDGE('',*,*,#4157,.F.);
#4160=ORIENTED_EDGE('',*,*,#4159,.T.);
#4162=ORIENTED_EDGE('',*,*,#4161,.F.);
#4163=EDGE_LOOP('',(#4155,#4156,#4158,#4160,#4162));
#4164=FACE_OUTER_BOUND('',#4163,.F.);
#4165=ADVANCED_FACE('',(#4164),#4153,.T.);
#4166=CARTESIAN_POINT('',(-2.258110236220E-1,0.E0,0.E0));
#4167=DIRECTION('',(-1.E0,0.E0,0.E0));
#4168=DIRECTION('',(0.E0,0.E0,1.E0));
#4169=AXIS2_PLACEMENT_3D('',#4166,#4167,#4168);
#4170=PLANE('',#4169);
#4172=ORIENTED_EDGE('',*,*,#4171,.F.);
#4174=ORIENTED_EDGE('',*,*,#4173,.F.);
#4176=ORIENTED_EDGE('',*,*,#4175,.T.);
#4178=ORIENTED_EDGE('',*,*,#4177,.F.);
#4179=ORIENTED_EDGE('',*,*,#4088,.F.);
#4180=EDGE_LOOP('',(#4172,#4174,#4176,#4178,#4179));
#4181=FACE_OUTER_BOUND('',#4180,.F.);
#4182=ADVANCED_FACE('',(#4181),#4170,.T.);
#4183=CARTESIAN_POINT('',(-1.0424808E0,1.431236529057E-1,-1.096955988470E-1));
#4184=DIRECTION('',(1.E0,0.E0,0.E0));
#4185=DIRECTION('',(0.E0,9.985198854962E-1,5.438785037748E-2));
#4186=AXIS2_PLACEMENT_3D('',#4183,#4184,#4185);
#4187=CYLINDRICAL_SURFACE('',#4186,1.2E-2);
#4189=ORIENTED_EDGE('',*,*,#4188,.T.);
#4190=ORIENTED_EDGE('',*,*,#3760,.F.);
#4191=ORIENTED_EDGE('',*,*,#4154,.T.);
#4193=ORIENTED_EDGE('',*,*,#4192,.T.);
#4194=EDGE_LOOP('',(#4189,#4190,#4191,#4193));
#4195=FACE_OUTER_BOUND('',#4194,.F.);
#4196=ADVANCED_FACE('',(#4195),#4187,.T.);
#4197=CARTESIAN_POINT('',(-1.632125984252E-1,0.E0,0.E0));
#4198=DIRECTION('',(-1.E0,0.E0,0.E0));
#4199=DIRECTION('',(0.E0,0.E0,1.E0));
#4200=AXIS2_PLACEMENT_3D('',#4197,#4198,#4199);
#4201=PLANE('',#4200);
#4202=ORIENTED_EDGE('',*,*,#4188,.F.);
#4204=ORIENTED_EDGE('',*,*,#4203,.T.);
#4206=ORIENTED_EDGE('',*,*,#4205,.F.);
#4208=ORIENTED_EDGE('',*,*,#4207,.T.);
#4209=ORIENTED_EDGE('',*,*,#3916,.T.);
#4210=EDGE_LOOP('',(#4202,#4204,#4206,#4208,#4209));
#4211=FACE_OUTER_BOUND('',#4210,.F.);
#4212=ADVANCED_FACE('',(#4211),#4201,.F.);
#4213=CARTESIAN_POINT('',(-1.632125984252E-1,0.E0,0.E0));
#4214=DIRECTION('',(-1.E0,0.E0,0.E0));
#4215=DIRECTION('',(0.E0,0.E0,1.E0));
#4216=AXIS2_PLACEMENT_3D('',#4213,#4214,#4215);
#4217=PLANE('',#4216);
#4219=ORIENTED_EDGE('',*,*,#4218,.F.);
#4220=ORIENTED_EDGE('',*,*,#4092,.T.);
#4222=ORIENTED_EDGE('',*,*,#4221,.T.);
#4224=ORIENTED_EDGE('',*,*,#4223,.F.);
#4226=ORIENTED_EDGE('',*,*,#4225,.T.);
#4227=EDGE_LOOP('',(#4219,#4220,#4222,#4224,#4226));
#4228=FACE_OUTER_BOUND('',#4227,.F.);
#4229=ADVANCED_FACE('',(#4228),#4217,.F.);
#4230=CARTESIAN_POINT('',(-1.632125984252E-1,1.545275590551E-1,
-9.842519685039E-2));
#4231=DIRECTION('',(0.E0,9.985198854962E-1,5.438785037747E-2));
#4232=DIRECTION('',(0.E0,5.438785037747E-2,-9.985198854962E-1));
#4233=AXIS2_PLACEMENT_3D('',#4230,#4231,#4232);
#4234=PLANE('',#4233);
#4235=ORIENTED_EDGE('',*,*,#4192,.F.);
#4236=ORIENTED_EDGE('',*,*,#4161,.T.);
#4238=ORIENTED_EDGE('',*,*,#4237,.T.);
#4240=ORIENTED_EDGE('',*,*,#4239,.F.);
#4242=ORIENTED_EDGE('',*,*,#4241,.F.);
#4244=ORIENTED_EDGE('',*,*,#4243,.T.);
#4246=ORIENTED_EDGE('',*,*,#4245,.T.);
#4247=ORIENTED_EDGE('',*,*,#4203,.F.);
#4248=EDGE_LOOP('',(#4235,#4236,#4238,#4240,#4242,#4244,#4246,#4247));
#4249=FACE_OUTER_BOUND('',#4248,.F.);
#4250=ADVANCED_FACE('',(#4249),#4234,.T.);
#4251=CARTESIAN_POINT('',(-2.258110236220E-1,-1.771653543307E-1,-1.38E-1));
#4252=DIRECTION('',(9.223756718657E-1,0.E0,3.862940847985E-1));
#4253=DIRECTION('',(3.862940847985E-1,0.E0,-9.223756718657E-1));
#4254=AXIS2_PLACEMENT_3D('',#4251,#4252,#4253);
#4255=PLANE('',#4254);
#4256=ORIENTED_EDGE('',*,*,#4175,.F.);
#4258=ORIENTED_EDGE('',*,*,#4257,.T.);
#4260=ORIENTED_EDGE('',*,*,#4259,.T.);
#4262=ORIENTED_EDGE('',*,*,#4261,.F.);
#4263=EDGE_LOOP('',(#4256,#4258,#4260,#4262));
#4264=FACE_OUTER_BOUND('',#4263,.F.);
#4265=ADVANCED_FACE('',(#4264),#4255,.F.);
#4266=CARTESIAN_POINT('',(-2.258110236220E-1,-1.771653543307E-1,-1.38E-1));
#4267=DIRECTION('',(9.223756718657E-1,0.E0,3.862940847985E-1));
#4268=DIRECTION('',(3.862940847985E-1,0.E0,-9.223756718657E-1));
#4269=AXIS2_PLACEMENT_3D('',#4266,#4267,#4268);
#4270=PLANE('',#4269);
#4271=ORIENTED_EDGE('',*,*,#4159,.F.);
#4273=ORIENTED_EDGE('',*,*,#4272,.T.);
#4275=ORIENTED_EDGE('',*,*,#4274,.T.);
#4276=ORIENTED_EDGE('',*,*,#4237,.F.);
#4277=EDGE_LOOP('',(#4271,#4273,#4275,#4276));
#4278=FACE_OUTER_BOUND('',#4277,.F.);
#4279=ADVANCED_FACE('',(#4278),#4270,.F.);
#4280=CARTESIAN_POINT('',(-1.632125984252E-1,-1.649606299213E-1,
-2.899685039370E-1));
#4281=DIRECTION('',(0.E0,-9.985198854962E-1,5.438785037747E-2));
#4282=DIRECTION('',(0.E0,5.438785037747E-2,9.985198854962E-1));
#4283=AXIS2_PLACEMENT_3D('',#4280,#4281,#4282);
#4284=PLANE('',#4283);
#4286=ORIENTED_EDGE('',*,*,#4285,.T.);
#4287=ORIENTED_EDGE('',*,*,#4225,.F.);
#4289=ORIENTED_EDGE('',*,*,#4288,.F.);
#4291=ORIENTED_EDGE('',*,*,#4290,.F.);
#4293=ORIENTED_EDGE('',*,*,#4292,.T.);
#4295=ORIENTED_EDGE('',*,*,#4294,.T.);
#4296=ORIENTED_EDGE('',*,*,#4257,.F.);
#4297=ORIENTED_EDGE('',*,*,#4173,.T.);
#4298=EDGE_LOOP('',(#4286,#4287,#4289,#4291,#4293,#4295,#4296,#4297));
#4299=FACE_OUTER_BOUND('',#4298,.F.);
#4300=ADVANCED_FACE('',(#4299),#4284,.T.);
#4301=CARTESIAN_POINT('',(-1.0424808E0,-1.431236529057E-1,-1.096955988470E-1));
#4302=DIRECTION('',(1.E0,0.E0,0.E0));
#4303=DIRECTION('',(0.E0,-3.433701318728E-1,9.392001663850E-1));
#4304=AXIS2_PLACEMENT_3D('',#4301,#4302,#4303);
#4305=CYLINDRICAL_SURFACE('',#4304,1.2E-2);
#4306=ORIENTED_EDGE('',*,*,#4218,.T.);
#4307=ORIENTED_EDGE('',*,*,#4285,.F.);
#4308=ORIENTED_EDGE('',*,*,#4171,.T.);
#4309=ORIENTED_EDGE('',*,*,#4062,.T.);
#4310=EDGE_LOOP('',(#4306,#4307,#4308,#4309));
#4311=FACE_OUTER_BOUND('',#4310,.F.);
#4312=ADVANCED_FACE('',(#4311),#4305,.T.);
#4313=CARTESIAN_POINT('',(-1.825039370079E-1,-1.771653543307E-1,
-1.840629921260E-1));
#4314=DIRECTION('',(-9.223756718657E-1,0.E0,3.862940847985E-1));
#4315=DIRECTION('',(3.862940847985E-1,0.E0,9.223756718657E-1));
#4316=AXIS2_PLACEMENT_3D('',#4313,#4314,#4315);
#4317=PLANE('',#4316);
#4318=ORIENTED_EDGE('',*,*,#4223,.T.);
#4320=ORIENTED_EDGE('',*,*,#4319,.F.);
#4322=ORIENTED_EDGE('',*,*,#4321,.F.);
#4323=ORIENTED_EDGE('',*,*,#4288,.T.);
#4324=EDGE_LOOP('',(#4318,#4320,#4322,#4323));
#4325=FACE_OUTER_BOUND('',#4324,.F.);
#4326=ADVANCED_FACE('',(#4325),#4317,.F.);
#4327=CARTESIAN_POINT('',(-1.825039370079E-1,-1.771653543307E-1,
-1.840629921260E-1));
#4328=DIRECTION('',(-9.223756718657E-1,0.E0,3.862940847985E-1));
#4329=DIRECTION('',(3.862940847985E-1,0.E0,9.223756718657E-1));
#4330=AXIS2_PLACEMENT_3D('',#4327,#4328,#4329);
#4331=PLANE('',#4330);
#4332=ORIENTED_EDGE('',*,*,#4205,.T.);
#4333=ORIENTED_EDGE('',*,*,#4245,.F.);
#4335=ORIENTED_EDGE('',*,*,#4334,.F.);
#4337=ORIENTED_EDGE('',*,*,#4336,.T.);
#4338=EDGE_LOOP('',(#4332,#4333,#4335,#4337));
#4339=FACE_OUTER_BOUND('',#4338,.F.);
#4340=ADVANCED_FACE('',(#4339),#4331,.F.);
#4341=CARTESIAN_POINT('',(-1.632125984252E-1,-1.452575078351E-1,
-1.089352858170E-1));
#4342=DIRECTION('',(0.E0,9.985198854962E-1,-5.438785037747E-2));
#4343=DIRECTION('',(0.E0,-5.438785037747E-2,-9.985198854962E-1));
#4344=AXIS2_PLACEMENT_3D('',#4341,#4342,#4343);
#4345=PLANE('',#4344);
#4346=ORIENTED_EDGE('',*,*,#4261,.T.);
#4348=ORIENTED_EDGE('',*,*,#4347,.F.);
#4350=ORIENTED_EDGE('',*,*,#4349,.F.);
#4352=ORIENTED_EDGE('',*,*,#4351,.T.);
#4353=ORIENTED_EDGE('',*,*,#4319,.T.);
#4354=ORIENTED_EDGE('',*,*,#4221,.F.);
#4355=ORIENTED_EDGE('',*,*,#4090,.T.);
#4356=ORIENTED_EDGE('',*,*,#4177,.T.);
#4357=EDGE_LOOP('',(#4346,#4348,#4350,#4352,#4353,#4354,#4355,#4356));
#4358=FACE_OUTER_BOUND('',#4357,.F.);
#4359=ADVANCED_FACE('',(#4358),#4345,.T.);
#4360=CARTESIAN_POINT('',(-2.065196850394E-1,-1.771653543307E-1,
-1.840629921260E-1));
#4361=DIRECTION('',(1.E0,0.E0,0.E0));
#4362=DIRECTION('',(0.E0,0.E0,-1.E0));
#4363=AXIS2_PLACEMENT_3D('',#4360,#4361,#4362);
#4364=PLANE('',#4363);
#4366=ORIENTED_EDGE('',*,*,#4365,.F.);
#4367=ORIENTED_EDGE('',*,*,#4239,.T.);
#4368=ORIENTED_EDGE('',*,*,#4274,.F.);
#4370=ORIENTED_EDGE('',*,*,#4369,.F.);
#4371=EDGE_LOOP('',(#4366,#4367,#4368,#4370));
#4372=FACE_OUTER_BOUND('',#4371,.F.);
#4373=ADVANCED_FACE('',(#4372),#4364,.F.);
#4374=CARTESIAN_POINT('',(-2.065196850394E-1,-1.771653543307E-1,
-1.840629921260E-1));
#4375=DIRECTION('',(1.E0,0.E0,0.E0));
#4376=DIRECTION('',(0.E0,0.E0,-1.E0));
#4377=AXIS2_PLACEMENT_3D('',#4374,#4375,#4376);
#4378=PLANE('',#4377);
#4379=ORIENTED_EDGE('',*,*,#4294,.F.);
#4381=ORIENTED_EDGE('',*,*,#4380,.F.);
#4382=ORIENTED_EDGE('',*,*,#4347,.T.);
#4383=ORIENTED_EDGE('',*,*,#4259,.F.);
#4384=EDGE_LOOP('',(#4379,#4381,#4382,#4383));
#4385=FACE_OUTER_BOUND('',#4384,.F.);
#4386=ADVANCED_FACE('',(#4385),#4378,.F.);
#4387=CARTESIAN_POINT('',(-1.632125984252E-1,1.649606299213E-1,
-2.899685039370E-1));
#4388=DIRECTION('',(0.E0,0.E0,-1.E0));
#4389=DIRECTION('',(0.E0,-1.E0,0.E0));
#4390=AXIS2_PLACEMENT_3D('',#4387,#4388,#4389);
#4391=PLANE('',#4390);
#4392=ORIENTED_EDGE('',*,*,#4365,.T.);
#4394=ORIENTED_EDGE('',*,*,#4393,.F.);
#4396=ORIENTED_EDGE('',*,*,#4395,.F.);
#4397=ORIENTED_EDGE('',*,*,#4241,.T.);
#4398=EDGE_LOOP('',(#4392,#4394,#4396,#4397));
#4399=FACE_OUTER_BOUND('',#4398,.F.);
#4400=ADVANCED_FACE('',(#4399),#4391,.T.);
#4401=CARTESIAN_POINT('',(-1.632125984252E-1,1.551181102362E-1,
-2.899685039370E-1));
#4402=DIRECTION('',(0.E0,-9.985198854962E-1,-5.438785037747E-2));
#4403=DIRECTION('',(0.E0,-5.438785037747E-2,9.985198854962E-1));
#4404=AXIS2_PLACEMENT_3D('',#4401,#4402,#4403);
#4405=PLANE('',#4404);
#4406=ORIENTED_EDGE('',*,*,#4272,.F.);
#4407=ORIENTED_EDGE('',*,*,#4157,.T.);
#4408=ORIENTED_EDGE('',*,*,#3918,.F.);
#4409=ORIENTED_EDGE('',*,*,#4207,.F.);
#4410=ORIENTED_EDGE('',*,*,#4336,.F.);
#4412=ORIENTED_EDGE('',*,*,#4411,.F.);
#4413=ORIENTED_EDGE('',*,*,#4393,.T.);
#4414=ORIENTED_EDGE('',*,*,#4369,.T.);
#4415=EDGE_LOOP('',(#4406,#4407,#4408,#4409,#4410,#4412,#4413,#4414));
#4416=FACE_OUTER_BOUND('',#4415,.F.);
#4417=ADVANCED_FACE('',(#4416),#4405,.T.);
#4418=CARTESIAN_POINT('',(-1.825039370079E-1,-1.771653543307E-1,
-2.899685039370E-1));
#4419=DIRECTION('',(-1.E0,0.E0,0.E0));
#4420=DIRECTION('',(0.E0,0.E0,1.E0));
#4421=AXIS2_PLACEMENT_3D('',#4418,#4419,#4420);
#4422=PLANE('',#4421);
#4423=ORIENTED_EDGE('',*,*,#4395,.T.);
#4424=ORIENTED_EDGE('',*,*,#4411,.T.);
#4425=ORIENTED_EDGE('',*,*,#4334,.T.);
#4426=ORIENTED_EDGE('',*,*,#4243,.F.);
#4427=EDGE_LOOP('',(#4423,#4424,#4425,#4426));
#4428=FACE_OUTER_BOUND('',#4427,.F.);
#4429=ADVANCED_FACE('',(#4428),#4422,.F.);
#4430=CARTESIAN_POINT('',(-1.825039370079E-1,-1.771653543307E-1,
-2.899685039370E-1));
#4431=DIRECTION('',(-1.E0,0.E0,0.E0));
#4432=DIRECTION('',(0.E0,0.E0,1.E0));
#4433=AXIS2_PLACEMENT_3D('',#4430,#4431,#4432);
#4434=PLANE('',#4433);
#4435=ORIENTED_EDGE('',*,*,#4290,.T.);
#4436=ORIENTED_EDGE('',*,*,#4321,.T.);
#4437=ORIENTED_EDGE('',*,*,#4351,.F.);
#4439=ORIENTED_EDGE('',*,*,#4438,.T.);
#4440=EDGE_LOOP('',(#4435,#4436,#4437,#4439));
#4441=FACE_OUTER_BOUND('',#4440,.F.);
#4442=ADVANCED_FACE('',(#4441),#4434,.F.);
#4443=CARTESIAN_POINT('',(-1.632125984252E-1,-1.551181102362E-1,
-2.899685039370E-1));
#4444=DIRECTION('',(0.E0,0.E0,-1.E0));
#4445=DIRECTION('',(0.E0,-1.E0,0.E0));
#4446=AXIS2_PLACEMENT_3D('',#4443,#4444,#4445);
#4447=PLANE('',#4446);
#4448=ORIENTED_EDGE('',*,*,#4380,.T.);
#4449=ORIENTED_EDGE('',*,*,#4292,.F.);
#4450=ORIENTED_EDGE('',*,*,#4438,.F.);
#4451=ORIENTED_EDGE('',*,*,#4349,.T.);
#4452=EDGE_LOOP('',(#4448,#4449,#4450,#4451));
#4453=FACE_OUTER_BOUND('',#4452,.F.);
#4454=ADVANCED_FACE('',(#4453),#4447,.T.);
#4455=CARTESIAN_POINT('',(-1.258110236220E-1,0.E0,0.E0));
#4456=DIRECTION('',(-1.E0,0.E0,0.E0));
#4457=DIRECTION('',(0.E0,0.E0,1.E0));
#4458=AXIS2_PLACEMENT_3D('',#4455,#4456,#4457);
#4459=PLANE('',#4458);
#4461=ORIENTED_EDGE('',*,*,#4460,.F.);
#4462=ORIENTED_EDGE('',*,*,#3913,.F.);
#4464=ORIENTED_EDGE('',*,*,#4463,.F.);
#4466=ORIENTED_EDGE('',*,*,#4465,.T.);
#4468=ORIENTED_EDGE('',*,*,#4467,.F.);
#4469=EDGE_LOOP('',(#4461,#4462,#4464,#4466,#4468));
#4470=FACE_OUTER_BOUND('',#4469,.F.);
#4471=ADVANCED_FACE('',(#4470),#4459,.T.);
#4472=CARTESIAN_POINT('',(-1.258110236220E-1,0.E0,0.E0));
#4473=DIRECTION('',(-1.E0,0.E0,0.E0));
#4474=DIRECTION('',(0.E0,0.E0,1.E0));
#4475=AXIS2_PLACEMENT_3D('',#4472,#4473,#4474);
#4476=PLANE('',#4475);
#4478=ORIENTED_EDGE('',*,*,#4477,.F.);
#4480=ORIENTED_EDGE('',*,*,#4479,.F.);
#4482=ORIENTED_EDGE('',*,*,#4481,.T.);
#4484=ORIENTED_EDGE('',*,*,#4483,.F.);
#4485=ORIENTED_EDGE('',*,*,#4095,.F.);
#4486=EDGE_LOOP('',(#4478,#4480,#4482,#4484,#4485));
#4487=FACE_OUTER_BOUND('',#4486,.F.);
#4488=ADVANCED_FACE('',(#4487),#4476,.T.);
#4489=CARTESIAN_POINT('',(-1.004602415537E0,1.431236529057E-1,
-1.096955988470E-1));
#4490=DIRECTION('',(1.E0,0.E0,0.E0));
#4491=DIRECTION('',(0.E0,9.985198854962E-1,5.438785037748E-2));
#4492=AXIS2_PLACEMENT_3D('',#4489,#4490,#4491);
#4493=CYLINDRICAL_SURFACE('',#4492,1.2E-2);
#4495=ORIENTED_EDGE('',*,*,#4494,.T.);
#4496=ORIENTED_EDGE('',*,*,#3764,.F.);
#4497=ORIENTED_EDGE('',*,*,#4460,.T.);
#4499=ORIENTED_EDGE('',*,*,#4498,.T.);
#4500=EDGE_LOOP('',(#4495,#4496,#4497,#4499));
#4501=FACE_OUTER_BOUND('',#4500,.F.);
#4502=ADVANCED_FACE('',(#4501),#4493,.T.);
#4503=CARTESIAN_POINT('',(-6.321259842520E-2,0.E0,0.E0));
#4504=DIRECTION('',(-1.E0,0.E0,0.E0));
#4505=DIRECTION('',(0.E0,0.E0,1.E0));
#4506=AXIS2_PLACEMENT_3D('',#4503,#4504,#4505);
#4507=PLANE('',#4506);
#4508=ORIENTED_EDGE('',*,*,#4494,.F.);
#4510=ORIENTED_EDGE('',*,*,#4509,.T.);
#4512=ORIENTED_EDGE('',*,*,#4511,.F.);
#4514=ORIENTED_EDGE('',*,*,#4513,.T.);
#4515=ORIENTED_EDGE('',*,*,#3909,.T.);
#4516=EDGE_LOOP('',(#4508,#4510,#4512,#4514,#4515));
#4517=FACE_OUTER_BOUND('',#4516,.F.);
#4518=ADVANCED_FACE('',(#4517),#4507,.F.);
#4519=CARTESIAN_POINT('',(-6.321259842520E-2,0.E0,0.E0));
#4520=DIRECTION('',(-1.E0,0.E0,0.E0));
#4521=DIRECTION('',(0.E0,0.E0,1.E0));
#4522=AXIS2_PLACEMENT_3D('',#4519,#4520,#4521);
#4523=PLANE('',#4522);
#4525=ORIENTED_EDGE('',*,*,#4524,.F.);
#4526=ORIENTED_EDGE('',*,*,#4099,.T.);
#4528=ORIENTED_EDGE('',*,*,#4527,.T.);
#4530=ORIENTED_EDGE('',*,*,#4529,.F.);
#4532=ORIENTED_EDGE('',*,*,#4531,.T.);
#4533=EDGE_LOOP('',(#4525,#4526,#4528,#4530,#4532));
#4534=FACE_OUTER_BOUND('',#4533,.F.);
#4535=ADVANCED_FACE('',(#4534),#4523,.F.);
#4536=CARTESIAN_POINT('',(-6.321259842520E-2,1.545275590551E-1,
-9.842519685039E-2));
#4537=DIRECTION('',(0.E0,9.985198854962E-1,5.438785037747E-2));
#4538=DIRECTION('',(0.E0,5.438785037747E-2,-9.985198854962E-1));
#4539=AXIS2_PLACEMENT_3D('',#4536,#4537,#4538);
#4540=PLANE('',#4539);
#4541=ORIENTED_EDGE('',*,*,#4498,.F.);
#4542=ORIENTED_EDGE('',*,*,#4467,.T.);
#4544=ORIENTED_EDGE('',*,*,#4543,.T.);
#4546=ORIENTED_EDGE('',*,*,#4545,.F.);
#4548=ORIENTED_EDGE('',*,*,#4547,.F.);
#4550=ORIENTED_EDGE('',*,*,#4549,.T.);
#4552=ORIENTED_EDGE('',*,*,#4551,.T.);
#4553=ORIENTED_EDGE('',*,*,#4509,.F.);
#4554=EDGE_LOOP('',(#4541,#4542,#4544,#4546,#4548,#4550,#4552,#4553));
#4555=FACE_OUTER_BOUND('',#4554,.F.);
#4556=ADVANCED_FACE('',(#4555),#4540,.T.);
#4557=CARTESIAN_POINT('',(-1.258110236220E-1,-1.771653543307E-1,-1.38E-1));
#4558=DIRECTION('',(9.223756718657E-1,0.E0,3.862940847985E-1));
#4559=DIRECTION('',(3.862940847985E-1,0.E0,-9.223756718657E-1));
#4560=AXIS2_PLACEMENT_3D('',#4557,#4558,#4559);
#4561=PLANE('',#4560);
#4563=ORIENTED_EDGE('',*,*,#4562,.T.);
#4565=ORIENTED_EDGE('',*,*,#4564,.F.);
#4566=ORIENTED_EDGE('',*,*,#4481,.F.);
#4568=ORIENTED_EDGE('',*,*,#4567,.T.);
#4569=EDGE_LOOP('',(#4563,#4565,#4566,#4568));
#4570=FACE_OUTER_BOUND('',#4569,.F.);
#4571=ADVANCED_FACE('',(#4570),#4561,.F.);
#4572=CARTESIAN_POINT('',(-1.258110236220E-1,-1.771653543307E-1,-1.38E-1));
#4573=DIRECTION('',(9.223756718657E-1,0.E0,3.862940847985E-1));
#4574=DIRECTION('',(3.862940847985E-1,0.E0,-9.223756718657E-1));
#4575=AXIS2_PLACEMENT_3D('',#4572,#4573,#4574);
#4576=PLANE('',#4575);
#4578=ORIENTED_EDGE('',*,*,#4577,.T.);
#4579=ORIENTED_EDGE('',*,*,#4543,.F.);
#4580=ORIENTED_EDGE('',*,*,#4465,.F.);
#4582=ORIENTED_EDGE('',*,*,#4581,.T.);
#4583=EDGE_LOOP('',(#4578,#4579,#4580,#4582));
#4584=FACE_OUTER_BOUND('',#4583,.F.);
#4585=ADVANCED_FACE('',(#4584),#4576,.F.);
#4586=CARTESIAN_POINT('',(-1.065196850394E-1,-1.771653543307E-1,
-1.840629921260E-1));
#4587=DIRECTION('',(1.E0,0.E0,0.E0));
#4588=DIRECTION('',(0.E0,0.E0,-1.E0));
#4589=AXIS2_PLACEMENT_3D('',#4586,#4587,#4588);
#4590=PLANE('',#4589);
#4591=ORIENTED_EDGE('',*,*,#4562,.F.);
#4593=ORIENTED_EDGE('',*,*,#4592,.F.);
#4595=ORIENTED_EDGE('',*,*,#4594,.F.);
#4597=ORIENTED_EDGE('',*,*,#4596,.T.);
#4598=EDGE_LOOP('',(#4591,#4593,#4595,#4597));
#4599=FACE_OUTER_BOUND('',#4598,.F.);
#4600=ADVANCED_FACE('',(#4599),#4590,.F.);
#4601=CARTESIAN_POINT('',(-1.065196850394E-1,-1.771653543307E-1,
-1.840629921260E-1));
#4602=DIRECTION('',(1.E0,0.E0,0.E0));
#4603=DIRECTION('',(0.E0,0.E0,-1.E0));
#4604=AXIS2_PLACEMENT_3D('',#4601,#4602,#4603);
#4605=PLANE('',#4604);
#4606=ORIENTED_EDGE('',*,*,#4577,.F.);
#4608=ORIENTED_EDGE('',*,*,#4607,.F.);
#4610=ORIENTED_EDGE('',*,*,#4609,.F.);
#4611=ORIENTED_EDGE('',*,*,#4545,.T.);
#4612=EDGE_LOOP('',(#4606,#4608,#4610,#4611));
#4613=FACE_OUTER_BOUND('',#4612,.F.);
#4614=ADVANCED_FACE('',(#4613),#4605,.F.);
#4615=CARTESIAN_POINT('',(-6.321259842520E-2,-1.649606299213E-1,
-2.899685039370E-1));
#4616=DIRECTION('',(0.E0,-9.985198854962E-1,5.438785037747E-2));
#4617=DIRECTION('',(0.E0,5.438785037747E-2,9.985198854962E-1));
#4618=AXIS2_PLACEMENT_3D('',#4615,#4616,#4617);
#4619=PLANE('',#4618);
#4621=ORIENTED_EDGE('',*,*,#4620,.T.);
#4622=ORIENTED_EDGE('',*,*,#4531,.F.);
#4624=ORIENTED_EDGE('',*,*,#4623,.F.);
#4626=ORIENTED_EDGE('',*,*,#4625,.F.);
#4628=ORIENTED_EDGE('',*,*,#4627,.T.);
#4629=ORIENTED_EDGE('',*,*,#4592,.T.);
#4630=ORIENTED_EDGE('',*,*,#4567,.F.);
#4631=ORIENTED_EDGE('',*,*,#4479,.T.);
#4632=EDGE_LOOP('',(#4621,#4622,#4624,#4626,#4628,#4629,#4630,#4631));
#4633=FACE_OUTER_BOUND('',#4632,.F.);
#4634=ADVANCED_FACE('',(#4633),#4619,.T.);
#4635=CARTESIAN_POINT('',(-1.0424808E0,-1.431236529057E-1,-1.096955988470E-1));
#4636=DIRECTION('',(1.E0,0.E0,0.E0));
#4637=DIRECTION('',(0.E0,-3.433701318734E-1,9.392001663848E-1));
#4638=AXIS2_PLACEMENT_3D('',#4635,#4636,#4637);
#4639=CYLINDRICAL_SURFACE('',#4638,1.2E-2);
#4640=ORIENTED_EDGE('',*,*,#4524,.T.);
#4641=ORIENTED_EDGE('',*,*,#4620,.F.);
#4642=ORIENTED_EDGE('',*,*,#4477,.T.);
#4643=ORIENTED_EDGE('',*,*,#4058,.T.);
#4644=EDGE_LOOP('',(#4640,#4641,#4642,#4643));
#4645=FACE_OUTER_BOUND('',#4644,.F.);
#4646=ADVANCED_FACE('',(#4645),#4639,.T.);
#4647=CARTESIAN_POINT('',(-8.250393700787E-2,-1.771653543307E-1,
-1.840629921260E-1));
#4648=DIRECTION('',(-9.223756718657E-1,0.E0,3.862940847985E-1));
#4649=DIRECTION('',(3.862940847985E-1,0.E0,9.223756718657E-1));
#4650=AXIS2_PLACEMENT_3D('',#4647,#4648,#4649);
#4651=PLANE('',#4650);
#4653=ORIENTED_EDGE('',*,*,#4652,.F.);
#4654=ORIENTED_EDGE('',*,*,#4623,.T.);
#4655=ORIENTED_EDGE('',*,*,#4529,.T.);
#4657=ORIENTED_EDGE('',*,*,#4656,.F.);
#4658=EDGE_LOOP('',(#4653,#4654,#4655,#4657));
#4659=FACE_OUTER_BOUND('',#4658,.F.);
#4660=ADVANCED_FACE('',(#4659),#4651,.F.);
#4661=CARTESIAN_POINT('',(-8.250393700787E-2,-1.771653543307E-1,
-1.840629921260E-1));
#4662=DIRECTION('',(-9.223756718657E-1,0.E0,3.862940847985E-1));
#4663=DIRECTION('',(3.862940847985E-1,0.E0,9.223756718657E-1));
#4664=AXIS2_PLACEMENT_3D('',#4661,#4662,#4663);
#4665=PLANE('',#4664);
#4667=ORIENTED_EDGE('',*,*,#4666,.F.);
#4669=ORIENTED_EDGE('',*,*,#4668,.T.);
#4670=ORIENTED_EDGE('',*,*,#4511,.T.);
#4671=ORIENTED_EDGE('',*,*,#4551,.F.);
#4672=EDGE_LOOP('',(#4667,#4669,#4670,#4671));
#4673=FACE_OUTER_BOUND('',#4672,.F.);
#4674=ADVANCED_FACE('',(#4673),#4665,.F.);
#4675=CARTESIAN_POINT('',(-8.250393700787E-2,-1.771653543307E-1,
-2.899685039370E-1));
#4676=DIRECTION('',(-1.E0,0.E0,0.E0));
#4677=DIRECTION('',(0.E0,0.E0,1.E0));
#4678=AXIS2_PLACEMENT_3D('',#4675,#4676,#4677);
#4679=PLANE('',#4678);
#4680=ORIENTED_EDGE('',*,*,#4652,.T.);
#4682=ORIENTED_EDGE('',*,*,#4681,.F.);
#4684=ORIENTED_EDGE('',*,*,#4683,.T.);
#4685=ORIENTED_EDGE('',*,*,#4625,.T.);
#4686=EDGE_LOOP('',(#4680,#4682,#4684,#4685));
#4687=FACE_OUTER_BOUND('',#4686,.F.);
#4688=ADVANCED_FACE('',(#4687),#4679,.F.);
#4689=CARTESIAN_POINT('',(-8.250393700787E-2,-1.771653543307E-1,
-2.899685039370E-1));
#4690=DIRECTION('',(-1.E0,0.E0,0.E0));
#4691=DIRECTION('',(0.E0,0.E0,1.E0));
#4692=AXIS2_PLACEMENT_3D('',#4689,#4690,#4691);
#4693=PLANE('',#4692);
#4694=ORIENTED_EDGE('',*,*,#4666,.T.);
#4695=ORIENTED_EDGE('',*,*,#4549,.F.);
#4697=ORIENTED_EDGE('',*,*,#4696,.T.);
#4699=ORIENTED_EDGE('',*,*,#4698,.T.);
#4700=EDGE_LOOP('',(#4694,#4695,#4697,#4699));
#4701=FACE_OUTER_BOUND('',#4700,.F.);
#4702=ADVANCED_FACE('',(#4701),#4693,.F.);
#4703=CARTESIAN_POINT('',(-6.321259842520E-2,-1.452575078351E-1,
-1.089352858170E-1));
#4704=DIRECTION('',(0.E0,9.985198854962E-1,-5.438785037747E-2));
#4705=DIRECTION('',(0.E0,-5.438785037747E-2,-9.985198854962E-1));
#4706=AXIS2_PLACEMENT_3D('',#4703,#4704,#4705);
#4707=PLANE('',#4706);
#4708=ORIENTED_EDGE('',*,*,#4564,.T.);
#4709=ORIENTED_EDGE('',*,*,#4596,.F.);
#4711=ORIENTED_EDGE('',*,*,#4710,.F.);
#4712=ORIENTED_EDGE('',*,*,#4681,.T.);
#4713=ORIENTED_EDGE('',*,*,#4656,.T.);
#4714=ORIENTED_EDGE('',*,*,#4527,.F.);
#4715=ORIENTED_EDGE('',*,*,#4097,.T.);
#4716=ORIENTED_EDGE('',*,*,#4483,.T.);
#4717=EDGE_LOOP('',(#4708,#4709,#4711,#4712,#4713,#4714,#4715,#4716));
#4718=FACE_OUTER_BOUND('',#4717,.F.);
#4719=ADVANCED_FACE('',(#4718),#4707,.T.);
#4720=CARTESIAN_POINT('',(-6.321259842520E-2,-1.551181102362E-1,
-2.899685039370E-1));
#4721=DIRECTION('',(0.E0,0.E0,-1.E0));
#4722=DIRECTION('',(0.E0,-1.E0,0.E0));
#4723=AXIS2_PLACEMENT_3D('',#4720,#4721,#4722);
#4724=PLANE('',#4723);
#4725=ORIENTED_EDGE('',*,*,#4594,.T.);
#4726=ORIENTED_EDGE('',*,*,#4627,.F.);
#4727=ORIENTED_EDGE('',*,*,#4683,.F.);
#4728=ORIENTED_EDGE('',*,*,#4710,.T.);
#4729=EDGE_LOOP('',(#4725,#4726,#4727,#4728));
#4730=FACE_OUTER_BOUND('',#4729,.F.);
#4731=ADVANCED_FACE('',(#4730),#4724,.T.);
#4732=CARTESIAN_POINT('',(-6.321259842520E-2,1.649606299213E-1,
-2.899685039370E-1));
#4733=DIRECTION('',(0.E0,0.E0,-1.E0));
#4734=DIRECTION('',(0.E0,-1.E0,0.E0));
#4735=AXIS2_PLACEMENT_3D('',#4732,#4733,#4734);
#4736=PLANE('',#4735);
#4737=ORIENTED_EDGE('',*,*,#4609,.T.);
#4739=ORIENTED_EDGE('',*,*,#4738,.F.);
#4740=ORIENTED_EDGE('',*,*,#4696,.F.);
#4741=ORIENTED_EDGE('',*,*,#4547,.T.);
#4742=EDGE_LOOP('',(#4737,#4739,#4740,#4741));
#4743=FACE_OUTER_BOUND('',#4742,.F.);
#4744=ADVANCED_FACE('',(#4743),#4736,.T.);
#4745=CARTESIAN_POINT('',(-6.321259842520E-2,1.551181102362E-1,
-2.899685039370E-1));
#4746=DIRECTION('',(0.E0,-9.985198854962E-1,-5.438785037747E-2));
#4747=DIRECTION('',(0.E0,-5.438785037747E-2,9.985198854962E-1));
#4748=AXIS2_PLACEMENT_3D('',#4745,#4746,#4747);
#4749=PLANE('',#4748);
#4750=ORIENTED_EDGE('',*,*,#4581,.F.);
#4751=ORIENTED_EDGE('',*,*,#4463,.T.);
#4752=ORIENTED_EDGE('',*,*,#3911,.F.);
#4753=ORIENTED_EDGE('',*,*,#4513,.F.);
#4754=ORIENTED_EDGE('',*,*,#4668,.F.);
#4755=ORIENTED_EDGE('',*,*,#4698,.F.);
#4756=ORIENTED_EDGE('',*,*,#4738,.T.);
#4757=ORIENTED_EDGE('',*,*,#4607,.T.);
#4758=EDGE_LOOP('',(#4750,#4751,#4752,#4753,#4754,#4755,#4756,#4757));
#4759=FACE_OUTER_BOUND('',#4758,.F.);
#4760=ADVANCED_FACE('',(#4759),#4749,.T.);
#4761=CARTESIAN_POINT('',(-2.581102362205E-2,0.E0,0.E0));
#4762=DIRECTION('',(-1.E0,0.E0,0.E0));
#4763=DIRECTION('',(0.E0,0.E0,1.E0));
#4764=AXIS2_PLACEMENT_3D('',#4761,#4762,#4763);
#4765=PLANE('',#4764);
#4767=ORIENTED_EDGE('',*,*,#4766,.F.);
#4768=ORIENTED_EDGE('',*,*,#3906,.F.);
#4770=ORIENTED_EDGE('',*,*,#4769,.F.);
#4772=ORIENTED_EDGE('',*,*,#4771,.T.);
#4774=ORIENTED_EDGE('',*,*,#4773,.F.);
#4775=EDGE_LOOP('',(#4767,#4768,#4770,#4772,#4774));
#4776=FACE_OUTER_BOUND('',#4775,.F.);
#4777=ADVANCED_FACE('',(#4776),#4765,.T.);
#4778=CARTESIAN_POINT('',(-2.581102362205E-2,0.E0,0.E0));
#4779=DIRECTION('',(-1.E0,0.E0,0.E0));
#4780=DIRECTION('',(0.E0,0.E0,1.E0));
#4781=AXIS2_PLACEMENT_3D('',#4778,#4779,#4780);
#4782=PLANE('',#4781);
#4784=ORIENTED_EDGE('',*,*,#4783,.F.);
#4786=ORIENTED_EDGE('',*,*,#4785,.F.);
#4788=ORIENTED_EDGE('',*,*,#4787,.T.);
#4790=ORIENTED_EDGE('',*,*,#4789,.F.);
#4791=ORIENTED_EDGE('',*,*,#4102,.F.);
#4792=EDGE_LOOP('',(#4784,#4786,#4788,#4790,#4791));
#4793=FACE_OUTER_BOUND('',#4792,.F.);
#4794=ADVANCED_FACE('',(#4793),#4782,.T.);
#4795=CARTESIAN_POINT('',(-1.011238071772E0,1.431236529057E-1,
-1.096955988470E-1));
#4796=DIRECTION('',(1.E0,0.E0,0.E0));
#4797=DIRECTION('',(0.E0,9.985198854962E-1,5.438785037747E-2));
#4798=AXIS2_PLACEMENT_3D('',#4795,#4796,#4797);
#4799=CYLINDRICAL_SURFACE('',#4798,1.2E-2);
#4801=ORIENTED_EDGE('',*,*,#4800,.T.);
#4802=ORIENTED_EDGE('',*,*,#3768,.F.);
#4803=ORIENTED_EDGE('',*,*,#4766,.T.);
#4805=ORIENTED_EDGE('',*,*,#4804,.T.);
#4806=EDGE_LOOP('',(#4801,#4802,#4803,#4805));
#4807=FACE_OUTER_BOUND('',#4806,.F.);
#4808=ADVANCED_FACE('',(#4807),#4799,.T.);
#4809=CARTESIAN_POINT('',(3.678740157480E-2,0.E0,0.E0));
#4810=DIRECTION('',(-1.E0,0.E0,0.E0));
#4811=DIRECTION('',(0.E0,0.E0,1.E0));
#4812=AXIS2_PLACEMENT_3D('',#4809,#4810,#4811);
#4813=PLANE('',#4812);
#4814=ORIENTED_EDGE('',*,*,#4800,.F.);
#4816=ORIENTED_EDGE('',*,*,#4815,.T.);
#4818=ORIENTED_EDGE('',*,*,#4817,.F.);
#4820=ORIENTED_EDGE('',*,*,#4819,.T.);
#4821=ORIENTED_EDGE('',*,*,#3902,.T.);
#4822=EDGE_LOOP('',(#4814,#4816,#4818,#4820,#4821));
#4823=FACE_OUTER_BOUND('',#4822,.F.);
#4824=ADVANCED_FACE('',(#4823),#4813,.F.);
#4825=CARTESIAN_POINT('',(3.678740157480E-2,0.E0,0.E0));
#4826=DIRECTION('',(-1.E0,0.E0,0.E0));
#4827=DIRECTION('',(0.E0,0.E0,1.E0));
#4828=AXIS2_PLACEMENT_3D('',#4825,#4826,#4827);
#4829=PLANE('',#4828);
#4831=ORIENTED_EDGE('',*,*,#4830,.F.);
#4832=ORIENTED_EDGE('',*,*,#4106,.T.);
#4834=ORIENTED_EDGE('',*,*,#4833,.T.);
#4836=ORIENTED_EDGE('',*,*,#4835,.F.);
#4838=ORIENTED_EDGE('',*,*,#4837,.T.);
#4839=EDGE_LOOP('',(#4831,#4832,#4834,#4836,#4838));
#4840=FACE_OUTER_BOUND('',#4839,.F.);
#4841=ADVANCED_FACE('',(#4840),#4829,.F.);
#4842=CARTESIAN_POINT('',(3.678740157480E-2,1.545275590551E-1,
-9.842519685039E-2));
#4843=DIRECTION('',(0.E0,9.985198854962E-1,5.438785037747E-2));
#4844=DIRECTION('',(0.E0,5.438785037747E-2,-9.985198854962E-1));
#4845=AXIS2_PLACEMENT_3D('',#4842,#4843,#4844);
#4846=PLANE('',#4845);
#4847=ORIENTED_EDGE('',*,*,#4804,.F.);
#4848=ORIENTED_EDGE('',*,*,#4773,.T.);
#4850=ORIENTED_EDGE('',*,*,#4849,.T.);
#4852=ORIENTED_EDGE('',*,*,#4851,.F.);
#4854=ORIENTED_EDGE('',*,*,#4853,.F.);
#4856=ORIENTED_EDGE('',*,*,#4855,.T.);
#4858=ORIENTED_EDGE('',*,*,#4857,.T.);
#4859=ORIENTED_EDGE('',*,*,#4815,.F.);
#4860=EDGE_LOOP('',(#4847,#4848,#4850,#4852,#4854,#4856,#4858,#4859));
#4861=FACE_OUTER_BOUND('',#4860,.F.);
#4862=ADVANCED_FACE('',(#4861),#4846,.T.);
#4863=CARTESIAN_POINT('',(-2.581102362205E-2,-1.771653543307E-1,-1.38E-1));
#4864=DIRECTION('',(9.223756718657E-1,0.E0,3.862940847985E-1));
#4865=DIRECTION('',(3.862940847985E-1,0.E0,-9.223756718657E-1));
#4866=AXIS2_PLACEMENT_3D('',#4863,#4864,#4865);
#4867=PLANE('',#4866);
#4869=ORIENTED_EDGE('',*,*,#4868,.T.);
#4871=ORIENTED_EDGE('',*,*,#4870,.F.);
#4872=ORIENTED_EDGE('',*,*,#4787,.F.);
#4874=ORIENTED_EDGE('',*,*,#4873,.T.);
#4875=EDGE_LOOP('',(#4869,#4871,#4872,#4874));
#4876=FACE_OUTER_BOUND('',#4875,.F.);
#4877=ADVANCED_FACE('',(#4876),#4867,.F.);
#4878=CARTESIAN_POINT('',(-2.581102362205E-2,-1.771653543307E-1,-1.38E-1));
#4879=DIRECTION('',(9.223756718657E-1,0.E0,3.862940847985E-1));
#4880=DIRECTION('',(3.862940847985E-1,0.E0,-9.223756718657E-1));
#4881=AXIS2_PLACEMENT_3D('',#4878,#4879,#4880);
#4882=PLANE('',#4881);
#4884=ORIENTED_EDGE('',*,*,#4883,.T.);
#4885=ORIENTED_EDGE('',*,*,#4849,.F.);
#4886=ORIENTED_EDGE('',*,*,#4771,.F.);
#4888=ORIENTED_EDGE('',*,*,#4887,.T.);
#4889=EDGE_LOOP('',(#4884,#4885,#4886,#4888));
#4890=FACE_OUTER_BOUND('',#4889,.F.);
#4891=ADVANCED_FACE('',(#4890),#4882,.F.);
#4892=CARTESIAN_POINT('',(-6.519685039370E-3,-1.771653543307E-1,
-1.840629921260E-1));
#4893=DIRECTION('',(1.E0,0.E0,0.E0));
#4894=DIRECTION('',(0.E0,0.E0,-1.E0));
#4895=AXIS2_PLACEMENT_3D('',#4892,#4893,#4894);
#4896=PLANE('',#4895);
#4897=ORIENTED_EDGE('',*,*,#4868,.F.);
#4899=ORIENTED_EDGE('',*,*,#4898,.F.);
#4901=ORIENTED_EDGE('',*,*,#4900,.F.);
#4903=ORIENTED_EDGE('',*,*,#4902,.T.);
#4904=EDGE_LOOP('',(#4897,#4899,#4901,#4903));
#4905=FACE_OUTER_BOUND('',#4904,.F.);
#4906=ADVANCED_FACE('',(#4905),#4896,.F.);
#4907=CARTESIAN_POINT('',(-6.519685039370E-3,-1.771653543307E-1,
-1.840629921260E-1));
#4908=DIRECTION('',(1.E0,0.E0,0.E0));
#4909=DIRECTION('',(0.E0,0.E0,-1.E0));
#4910=AXIS2_PLACEMENT_3D('',#4907,#4908,#4909);
#4911=PLANE('',#4910);
#4912=ORIENTED_EDGE('',*,*,#4883,.F.);
#4914=ORIENTED_EDGE('',*,*,#4913,.F.);
#4916=ORIENTED_EDGE('',*,*,#4915,.F.);
#4917=ORIENTED_EDGE('',*,*,#4851,.T.);
#4918=EDGE_LOOP('',(#4912,#4914,#4916,#4917));
#4919=FACE_OUTER_BOUND('',#4918,.F.);
#4920=ADVANCED_FACE('',(#4919),#4911,.F.);
#4921=CARTESIAN_POINT('',(3.678740157480E-2,-1.649606299213E-1,
-2.899685039370E-1));
#4922=DIRECTION('',(0.E0,-9.985198854962E-1,5.438785037747E-2));
#4923=DIRECTION('',(0.E0,5.438785037747E-2,9.985198854962E-1));
#4924=AXIS2_PLACEMENT_3D('',#4921,#4922,#4923);
#4925=PLANE('',#4924);
#4927=ORIENTED_EDGE('',*,*,#4926,.T.);
#4928=ORIENTED_EDGE('',*,*,#4837,.F.);
#4930=ORIENTED_EDGE('',*,*,#4929,.F.);
#4932=ORIENTED_EDGE('',*,*,#4931,.F.);
#4934=ORIENTED_EDGE('',*,*,#4933,.T.);
#4935=ORIENTED_EDGE('',*,*,#4898,.T.);
#4936=ORIENTED_EDGE('',*,*,#4873,.F.);
#4937=ORIENTED_EDGE('',*,*,#4785,.T.);
#4938=EDGE_LOOP('',(#4927,#4928,#4930,#4932,#4934,#4935,#4936,#4937));
#4939=FACE_OUTER_BOUND('',#4938,.F.);
#4940=ADVANCED_FACE('',(#4939),#4925,.T.);
#4941=CARTESIAN_POINT('',(-9.599816235229E-1,-1.431236529057E-1,
-1.096955988470E-1));
#4942=DIRECTION('',(1.E0,0.E0,0.E0));
#4943=DIRECTION('',(0.E0,-3.433701318728E-1,9.392001663850E-1));
#4944=AXIS2_PLACEMENT_3D('',#4941,#4942,#4943);
#4945=CYLINDRICAL_SURFACE('',#4944,1.2E-2);
#4946=ORIENTED_EDGE('',*,*,#4830,.T.);
#4947=ORIENTED_EDGE('',*,*,#4926,.F.);
#4948=ORIENTED_EDGE('',*,*,#4783,.T.);
#4949=ORIENTED_EDGE('',*,*,#4054,.T.);
#4950=EDGE_LOOP('',(#4946,#4947,#4948,#4949));
#4951=FACE_OUTER_BOUND('',#4950,.F.);
#4952=ADVANCED_FACE('',(#4951),#4945,.T.);
#4953=CARTESIAN_POINT('',(1.749606299213E-2,-1.771653543307E-1,
-1.840629921260E-1));
#4954=DIRECTION('',(-9.223756718657E-1,0.E0,3.862940847985E-1));
#4955=DIRECTION('',(3.862940847985E-1,0.E0,9.223756718657E-1));
#4956=AXIS2_PLACEMENT_3D('',#4953,#4954,#4955);
#4957=PLANE('',#4956);
#4959=ORIENTED_EDGE('',*,*,#4958,.F.);
#4960=ORIENTED_EDGE('',*,*,#4929,.T.);
#4961=ORIENTED_EDGE('',*,*,#4835,.T.);
#4963=ORIENTED_EDGE('',*,*,#4962,.F.);
#4964=EDGE_LOOP('',(#4959,#4960,#4961,#4963));
#4965=FACE_OUTER_BOUND('',#4964,.F.);
#4966=ADVANCED_FACE('',(#4965),#4957,.F.);
#4967=CARTESIAN_POINT('',(1.749606299213E-2,-1.771653543307E-1,
-1.840629921260E-1));
#4968=DIRECTION('',(-9.223756718657E-1,0.E0,3.862940847985E-1));
#4969=DIRECTION('',(3.862940847985E-1,0.E0,9.223756718657E-1));
#4970=AXIS2_PLACEMENT_3D('',#4967,#4968,#4969);
#4971=PLANE('',#4970);
#4973=ORIENTED_EDGE('',*,*,#4972,.F.);
#4975=ORIENTED_EDGE('',*,*,#4974,.T.);
#4976=ORIENTED_EDGE('',*,*,#4817,.T.);
#4977=ORIENTED_EDGE('',*,*,#4857,.F.);
#4978=EDGE_LOOP('',(#4973,#4975,#4976,#4977));
#4979=FACE_OUTER_BOUND('',#4978,.F.);
#4980=ADVANCED_FACE('',(#4979),#4971,.F.);
#4981=CARTESIAN_POINT('',(1.749606299213E-2,-1.771653543307E-1,
-2.899685039370E-1));
#4982=DIRECTION('',(-1.E0,0.E0,0.E0));
#4983=DIRECTION('',(0.E0,0.E0,1.E0));
#4984=AXIS2_PLACEMENT_3D('',#4981,#4982,#4983);
#4985=PLANE('',#4984);
#4986=ORIENTED_EDGE('',*,*,#4958,.T.);
#4988=ORIENTED_EDGE('',*,*,#4987,.F.);
#4990=ORIENTED_EDGE('',*,*,#4989,.T.);
#4991=ORIENTED_EDGE('',*,*,#4931,.T.);
#4992=EDGE_LOOP('',(#4986,#4988,#4990,#4991));
#4993=FACE_OUTER_BOUND('',#4992,.F.);
#4994=ADVANCED_FACE('',(#4993),#4985,.F.);
#4995=CARTESIAN_POINT('',(1.749606299213E-2,-1.771653543307E-1,
-2.899685039370E-1));
#4996=DIRECTION('',(-1.E0,0.E0,0.E0));
#4997=DIRECTION('',(0.E0,0.E0,1.E0));
#4998=AXIS2_PLACEMENT_3D('',#4995,#4996,#4997);
#4999=PLANE('',#4998);
#5000=ORIENTED_EDGE('',*,*,#4972,.T.);
#5001=ORIENTED_EDGE('',*,*,#4855,.F.);
#5003=ORIENTED_EDGE('',*,*,#5002,.T.);
#5005=ORIENTED_EDGE('',*,*,#5004,.T.);
#5006=EDGE_LOOP('',(#5000,#5001,#5003,#5005));
#5007=FACE_OUTER_BOUND('',#5006,.F.);
#5008=ADVANCED_FACE('',(#5007),#4999,.F.);
#5009=CARTESIAN_POINT('',(3.678740157480E-2,-1.452575078351E-1,
-1.089352858170E-1));
#5010=DIRECTION('',(0.E0,9.985198854962E-1,-5.438785037747E-2));
#5011=DIRECTION('',(0.E0,-5.438785037747E-2,-9.985198854962E-1));
#5012=AXIS2_PLACEMENT_3D('',#5009,#5010,#5011);
#5013=PLANE('',#5012);
#5014=ORIENTED_EDGE('',*,*,#4870,.T.);
#5015=ORIENTED_EDGE('',*,*,#4902,.F.);
#5017=ORIENTED_EDGE('',*,*,#5016,.F.);
#5018=ORIENTED_EDGE('',*,*,#4987,.T.);
#5019=ORIENTED_EDGE('',*,*,#4962,.T.);
#5020=ORIENTED_EDGE('',*,*,#4833,.F.);
#5021=ORIENTED_EDGE('',*,*,#4104,.T.);
#5022=ORIENTED_EDGE('',*,*,#4789,.T.);
#5023=EDGE_LOOP('',(#5014,#5015,#5017,#5018,#5019,#5020,#5021,#5022));
#5024=FACE_OUTER_BOUND('',#5023,.F.);
#5025=ADVANCED_FACE('',(#5024),#5013,.T.);
#5026=CARTESIAN_POINT('',(3.678740157480E-2,-1.551181102362E-1,
-2.899685039370E-1));
#5027=DIRECTION('',(0.E0,0.E0,-1.E0));
#5028=DIRECTION('',(0.E0,-1.E0,0.E0));
#5029=AXIS2_PLACEMENT_3D('',#5026,#5027,#5028);
#5030=PLANE('',#5029);
#5031=ORIENTED_EDGE('',*,*,#4900,.T.);
#5032=ORIENTED_EDGE('',*,*,#4933,.F.);
#5033=ORIENTED_EDGE('',*,*,#4989,.F.);
#5034=ORIENTED_EDGE('',*,*,#5016,.T.);
#5035=EDGE_LOOP('',(#5031,#5032,#5033,#5034));
#5036=FACE_OUTER_BOUND('',#5035,.F.);
#5037=ADVANCED_FACE('',(#5036),#5030,.T.);
#5038=CARTESIAN_POINT('',(3.678740157480E-2,1.649606299213E-1,
-2.899685039370E-1));
#5039=DIRECTION('',(0.E0,0.E0,-1.E0));
#5040=DIRECTION('',(0.E0,-1.E0,0.E0));
#5041=AXIS2_PLACEMENT_3D('',#5038,#5039,#5040);
#5042=PLANE('',#5041);
#5043=ORIENTED_EDGE('',*,*,#4915,.T.);
#5045=ORIENTED_EDGE('',*,*,#5044,.F.);
#5046=ORIENTED_EDGE('',*,*,#5002,.F.);
#5047=ORIENTED_EDGE('',*,*,#4853,.T.);
#5048=EDGE_LOOP('',(#5043,#5045,#5046,#5047));
#5049=FACE_OUTER_BOUND('',#5048,.F.);
#5050=ADVANCED_FACE('',(#5049),#5042,.T.);
#5051=CARTESIAN_POINT('',(3.678740157480E-2,1.551181102362E-1,
-2.899685039370E-1));
#5052=DIRECTION('',(0.E0,-9.985198854962E-1,-5.438785037747E-2));
#5053=DIRECTION('',(0.E0,-5.438785037747E-2,9.985198854962E-1));
#5054=AXIS2_PLACEMENT_3D('',#5051,#5052,#5053);
#5055=PLANE('',#5054);
#5056=ORIENTED_EDGE('',*,*,#4887,.F.);
#5057=ORIENTED_EDGE('',*,*,#4769,.T.);
#5058=ORIENTED_EDGE('',*,*,#3904,.F.);
#5059=ORIENTED_EDGE('',*,*,#4819,.F.);
#5060=ORIENTED_EDGE('',*,*,#4974,.F.);
#5061=ORIENTED_EDGE('',*,*,#5004,.F.);
#5062=ORIENTED_EDGE('',*,*,#5044,.T.);
#5063=ORIENTED_EDGE('',*,*,#4913,.T.);
#5064=EDGE_LOOP('',(#5056,#5057,#5058,#5059,#5060,#5061,#5062,#5063));
#5065=FACE_OUTER_BOUND('',#5064,.F.);
#5066=ADVANCED_FACE('',(#5065),#5055,.T.);
#5067=CARTESIAN_POINT('',(7.418897637795E-2,0.E0,0.E0));
#5068=DIRECTION('',(-1.E0,0.E0,0.E0));
#5069=DIRECTION('',(0.E0,0.E0,1.E0));
#5070=AXIS2_PLACEMENT_3D('',#5067,#5068,#5069);
#5071=PLANE('',#5070);
#5073=ORIENTED_EDGE('',*,*,#5072,.F.);
#5074=ORIENTED_EDGE('',*,*,#3899,.F.);
#5076=ORIENTED_EDGE('',*,*,#5075,.F.);
#5078=ORIENTED_EDGE('',*,*,#5077,.T.);
#5080=ORIENTED_EDGE('',*,*,#5079,.F.);
#5081=EDGE_LOOP('',(#5073,#5074,#5076,#5078,#5080));
#5082=FACE_OUTER_BOUND('',#5081,.F.);
#5083=ADVANCED_FACE('',(#5082),#5071,.T.);
#5084=CARTESIAN_POINT('',(7.418897637795E-2,0.E0,0.E0));
#5085=DIRECTION('',(-1.E0,0.E0,0.E0));
#5086=DIRECTION('',(0.E0,0.E0,1.E0));
#5087=AXIS2_PLACEMENT_3D('',#5084,#5085,#5086);
#5088=PLANE('',#5087);
#5090=ORIENTED_EDGE('',*,*,#5089,.F.);
#5092=ORIENTED_EDGE('',*,*,#5091,.F.);
#5094=ORIENTED_EDGE('',*,*,#5093,.T.);
#5096=ORIENTED_EDGE('',*,*,#5095,.F.);
#5097=ORIENTED_EDGE('',*,*,#4109,.F.);
#5098=EDGE_LOOP('',(#5090,#5092,#5094,#5096,#5097));
#5099=FACE_OUTER_BOUND('',#5098,.F.);
#5100=ADVANCED_FACE('',(#5099),#5088,.T.);
#5101=CARTESIAN_POINT('',(-1.0424808E0,1.431236529057E-1,-1.096955988470E-1));
#5102=DIRECTION('',(1.E0,0.E0,0.E0));
#5103=DIRECTION('',(0.E0,9.985198854962E-1,5.438785037748E-2));
#5104=AXIS2_PLACEMENT_3D('',#5101,#5102,#5103);
#5105=CYLINDRICAL_SURFACE('',#5104,1.2E-2);
#5107=ORIENTED_EDGE('',*,*,#5106,.T.);
#5108=ORIENTED_EDGE('',*,*,#3772,.F.);
#5109=ORIENTED_EDGE('',*,*,#5072,.T.);
#5111=ORIENTED_EDGE('',*,*,#5110,.T.);
#5112=EDGE_LOOP('',(#5107,#5108,#5109,#5111));
#5113=FACE_OUTER_BOUND('',#5112,.F.);
#5114=ADVANCED_FACE('',(#5113),#5105,.T.);
#5115=CARTESIAN_POINT('',(1.367874015748E-1,0.E0,0.E0));
#5116=DIRECTION('',(-1.E0,0.E0,0.E0));
#5117=DIRECTION('',(0.E0,0.E0,1.E0));
#5118=AXIS2_PLACEMENT_3D('',#5115,#5116,#5117);
#5119=PLANE('',#5118);
#5120=ORIENTED_EDGE('',*,*,#5106,.F.);
#5122=ORIENTED_EDGE('',*,*,#5121,.T.);
#5124=ORIENTED_EDGE('',*,*,#5123,.F.);
#5126=ORIENTED_EDGE('',*,*,#5125,.T.);
#5127=ORIENTED_EDGE('',*,*,#3895,.T.);
#5128=EDGE_LOOP('',(#5120,#5122,#5124,#5126,#5127));
#5129=FACE_OUTER_BOUND('',#5128,.F.);
#5130=ADVANCED_FACE('',(#5129),#5119,.F.);
#5131=CARTESIAN_POINT('',(1.367874015748E-1,0.E0,0.E0));
#5132=DIRECTION('',(-1.E0,0.E0,0.E0));
#5133=DIRECTION('',(0.E0,0.E0,1.E0));
#5134=AXIS2_PLACEMENT_3D('',#5131,#5132,#5133);
#5135=PLANE('',#5134);
#5137=ORIENTED_EDGE('',*,*,#5136,.F.);
#5138=ORIENTED_EDGE('',*,*,#4113,.T.);
#5140=ORIENTED_EDGE('',*,*,#5139,.T.);
#5142=ORIENTED_EDGE('',*,*,#5141,.F.);
#5144=ORIENTED_EDGE('',*,*,#5143,.T.);
#5145=EDGE_LOOP('',(#5137,#5138,#5140,#5142,#5144));
#5146=FACE_OUTER_BOUND('',#5145,.F.);
#5147=ADVANCED_FACE('',(#5146),#5135,.F.);
#5148=CARTESIAN_POINT('',(1.367874015748E-1,1.545275590551E-1,
-9.842519685039E-2));
#5149=DIRECTION('',(0.E0,9.985198854962E-1,5.438785037747E-2));
#5150=DIRECTION('',(0.E0,5.438785037747E-2,-9.985198854962E-1));
#5151=AXIS2_PLACEMENT_3D('',#5148,#5149,#5150);
#5152=PLANE('',#5151);
#5153=ORIENTED_EDGE('',*,*,#5110,.F.);
#5154=ORIENTED_EDGE('',*,*,#5079,.T.);
#5156=ORIENTED_EDGE('',*,*,#5155,.T.);
#5158=ORIENTED_EDGE('',*,*,#5157,.F.);
#5160=ORIENTED_EDGE('',*,*,#5159,.F.);
#5162=ORIENTED_EDGE('',*,*,#5161,.T.);
#5164=ORIENTED_EDGE('',*,*,#5163,.T.);
#5165=ORIENTED_EDGE('',*,*,#5121,.F.);
#5166=EDGE_LOOP('',(#5153,#5154,#5156,#5158,#5160,#5162,#5164,#5165));
#5167=FACE_OUTER_BOUND('',#5166,.F.);
#5168=ADVANCED_FACE('',(#5167),#5152,.T.);
#5169=CARTESIAN_POINT('',(7.418897637795E-2,-1.771653543307E-1,-1.38E-1));
#5170=DIRECTION('',(9.223756718657E-1,0.E0,3.862940847985E-1));
#5171=DIRECTION('',(3.862940847985E-1,0.E0,-9.223756718657E-1));
#5172=AXIS2_PLACEMENT_3D('',#5169,#5170,#5171);
#5173=PLANE('',#5172);
#5175=ORIENTED_EDGE('',*,*,#5174,.T.);
#5177=ORIENTED_EDGE('',*,*,#5176,.F.);
#5178=ORIENTED_EDGE('',*,*,#5093,.F.);
#5180=ORIENTED_EDGE('',*,*,#5179,.T.);
#5181=EDGE_LOOP('',(#5175,#5177,#5178,#5180));
#5182=FACE_OUTER_BOUND('',#5181,.F.);
#5183=ADVANCED_FACE('',(#5182),#5173,.F.);
#5184=CARTESIAN_POINT('',(7.418897637795E-2,-1.771653543307E-1,-1.38E-1));
#5185=DIRECTION('',(9.223756718657E-1,0.E0,3.862940847985E-1));
#5186=DIRECTION('',(3.862940847985E-1,0.E0,-9.223756718657E-1));
#5187=AXIS2_PLACEMENT_3D('',#5184,#5185,#5186);
#5188=PLANE('',#5187);
#5190=ORIENTED_EDGE('',*,*,#5189,.T.);
#5191=ORIENTED_EDGE('',*,*,#5155,.F.);
#5192=ORIENTED_EDGE('',*,*,#5077,.F.);
#5194=ORIENTED_EDGE('',*,*,#5193,.T.);
#5195=EDGE_LOOP('',(#5190,#5191,#5192,#5194));
#5196=FACE_OUTER_BOUND('',#5195,.F.);
#5197=ADVANCED_FACE('',(#5196),#5188,.F.);
#5198=CARTESIAN_POINT('',(9.348031496063E-2,-1.771653543307E-1,
-1.840629921260E-1));
#5199=DIRECTION('',(1.E0,0.E0,0.E0));
#5200=DIRECTION('',(0.E0,0.E0,-1.E0));
#5201=AXIS2_PLACEMENT_3D('',#5198,#5199,#5200);
#5202=PLANE('',#5201);
#5203=ORIENTED_EDGE('',*,*,#5174,.F.);
#5205=ORIENTED_EDGE('',*,*,#5204,.F.);
#5207=ORIENTED_EDGE('',*,*,#5206,.F.);
#5209=ORIENTED_EDGE('',*,*,#5208,.T.);
#5210=EDGE_LOOP('',(#5203,#5205,#5207,#5209));
#5211=FACE_OUTER_BOUND('',#5210,.F.);
#5212=ADVANCED_FACE('',(#5211),#5202,.F.);
#5213=CARTESIAN_POINT('',(9.348031496063E-2,-1.771653543307E-1,
-1.840629921260E-1));
#5214=DIRECTION('',(1.E0,0.E0,0.E0));
#5215=DIRECTION('',(0.E0,0.E0,-1.E0));
#5216=AXIS2_PLACEMENT_3D('',#5213,#5214,#5215);
#5217=PLANE('',#5216);
#5218=ORIENTED_EDGE('',*,*,#5189,.F.);
#5220=ORIENTED_EDGE('',*,*,#5219,.F.);
#5222=ORIENTED_EDGE('',*,*,#5221,.F.);
#5223=ORIENTED_EDGE('',*,*,#5157,.T.);
#5224=EDGE_LOOP('',(#5218,#5220,#5222,#5223));
#5225=FACE_OUTER_BOUND('',#5224,.F.);
#5226=ADVANCED_FACE('',(#5225),#5217,.F.);
#5227=CARTESIAN_POINT('',(1.367874015748E-1,-1.649606299213E-1,
-2.899685039370E-1));
#5228=DIRECTION('',(0.E0,-9.985198854962E-1,5.438785037747E-2));
#5229=DIRECTION('',(0.E0,5.438785037747E-2,9.985198854962E-1));
#5230=AXIS2_PLACEMENT_3D('',#5227,#5228,#5229);
#5231=PLANE('',#5230);
#5233=ORIENTED_EDGE('',*,*,#5232,.T.);
#5234=ORIENTED_EDGE('',*,*,#5143,.F.);
#5236=ORIENTED_EDGE('',*,*,#5235,.F.);
#5238=ORIENTED_EDGE('',*,*,#5237,.F.);
#5240=ORIENTED_EDGE('',*,*,#5239,.T.);
#5241=ORIENTED_EDGE('',*,*,#5204,.T.);
#5242=ORIENTED_EDGE('',*,*,#5179,.F.);
#5243=ORIENTED_EDGE('',*,*,#5091,.T.);
#5244=EDGE_LOOP('',(#5233,#5234,#5236,#5238,#5240,#5241,#5242,#5243));
#5245=FACE_OUTER_BOUND('',#5244,.F.);
#5246=ADVANCED_FACE('',(#5245),#5231,.T.);
#5247=CARTESIAN_POINT('',(-8.655870652446E-1,-1.431236529057E-1,
-1.096955988470E-1));
#5248=DIRECTION('',(1.E0,0.E0,0.E0));
#5249=DIRECTION('',(0.E0,-3.433701318733E-1,9.392001663848E-1));
#5250=AXIS2_PLACEMENT_3D('',#5247,#5248,#5249);
#5251=CYLINDRICAL_SURFACE('',#5250,1.2E-2);
#5252=ORIENTED_EDGE('',*,*,#5136,.T.);
#5253=ORIENTED_EDGE('',*,*,#5232,.F.);
#5254=ORIENTED_EDGE('',*,*,#5089,.T.);
#5255=ORIENTED_EDGE('',*,*,#4050,.T.);
#5256=EDGE_LOOP('',(#5252,#5253,#5254,#5255));
#5257=FACE_OUTER_BOUND('',#5256,.F.);
#5258=ADVANCED_FACE('',(#5257),#5251,.T.);
#5259=CARTESIAN_POINT('',(1.174960629921E-1,-1.771653543307E-1,
-1.840629921260E-1));
#5260=DIRECTION('',(-9.223756718657E-1,0.E0,3.862940847985E-1));
#5261=DIRECTION('',(3.862940847985E-1,0.E0,9.223756718657E-1));
#5262=AXIS2_PLACEMENT_3D('',#5259,#5260,#5261);
#5263=PLANE('',#5262);
#5265=ORIENTED_EDGE('',*,*,#5264,.F.);
#5266=ORIENTED_EDGE('',*,*,#5235,.T.);
#5267=ORIENTED_EDGE('',*,*,#5141,.T.);
#5269=ORIENTED_EDGE('',*,*,#5268,.F.);
#5270=EDGE_LOOP('',(#5265,#5266,#5267,#5269));
#5271=FACE_OUTER_BOUND('',#5270,.F.);
#5272=ADVANCED_FACE('',(#5271),#5263,.F.);
#5273=CARTESIAN_POINT('',(1.174960629921E-1,-1.771653543307E-1,
-1.840629921260E-1));
#5274=DIRECTION('',(-9.223756718657E-1,0.E0,3.862940847985E-1));
#5275=DIRECTION('',(3.862940847985E-1,0.E0,9.223756718657E-1));
#5276=AXIS2_PLACEMENT_3D('',#5273,#5274,#5275);
#5277=PLANE('',#5276);
#5279=ORIENTED_EDGE('',*,*,#5278,.F.);
#5281=ORIENTED_EDGE('',*,*,#5280,.T.);
#5282=ORIENTED_EDGE('',*,*,#5123,.T.);
#5283=ORIENTED_EDGE('',*,*,#5163,.F.);
#5284=EDGE_LOOP('',(#5279,#5281,#5282,#5283));
#5285=FACE_OUTER_BOUND('',#5284,.F.);
#5286=ADVANCED_FACE('',(#5285),#5277,.F.);
#5287=CARTESIAN_POINT('',(1.174960629921E-1,-1.771653543307E-1,
-2.899685039370E-1));
#5288=DIRECTION('',(-1.E0,0.E0,0.E0));
#5289=DIRECTION('',(0.E0,0.E0,1.E0));
#5290=AXIS2_PLACEMENT_3D('',#5287,#5288,#5289);
#5291=PLANE('',#5290);
#5292=ORIENTED_EDGE('',*,*,#5264,.T.);
#5294=ORIENTED_EDGE('',*,*,#5293,.F.);
#5296=ORIENTED_EDGE('',*,*,#5295,.T.);
#5297=ORIENTED_EDGE('',*,*,#5237,.T.);
#5298=EDGE_LOOP('',(#5292,#5294,#5296,#5297));
#5299=FACE_OUTER_BOUND('',#5298,.F.);
#5300=ADVANCED_FACE('',(#5299),#5291,.F.);
#5301=CARTESIAN_POINT('',(1.174960629921E-1,-1.771653543307E-1,
-2.899685039370E-1));
#5302=DIRECTION('',(-1.E0,0.E0,0.E0));
#5303=DIRECTION('',(0.E0,0.E0,1.E0));
#5304=AXIS2_PLACEMENT_3D('',#5301,#5302,#5303);
#5305=PLANE('',#5304);
#5306=ORIENTED_EDGE('',*,*,#5278,.T.);
#5307=ORIENTED_EDGE('',*,*,#5161,.F.);
#5309=ORIENTED_EDGE('',*,*,#5308,.T.);
#5311=ORIENTED_EDGE('',*,*,#5310,.T.);
#5312=EDGE_LOOP('',(#5306,#5307,#5309,#5311));
#5313=FACE_OUTER_BOUND('',#5312,.F.);
#5314=ADVANCED_FACE('',(#5313),#5305,.F.);
#5315=CARTESIAN_POINT('',(1.367874015748E-1,-1.452575078351E-1,
-1.089352858170E-1));
#5316=DIRECTION('',(0.E0,9.985198854962E-1,-5.438785037747E-2));
#5317=DIRECTION('',(0.E0,-5.438785037747E-2,-9.985198854962E-1));
#5318=AXIS2_PLACEMENT_3D('',#5315,#5316,#5317);
#5319=PLANE('',#5318);
#5320=ORIENTED_EDGE('',*,*,#5176,.T.);
#5321=ORIENTED_EDGE('',*,*,#5208,.F.);
#5323=ORIENTED_EDGE('',*,*,#5322,.F.);
#5324=ORIENTED_EDGE('',*,*,#5293,.T.);
#5325=ORIENTED_EDGE('',*,*,#5268,.T.);
#5326=ORIENTED_EDGE('',*,*,#5139,.F.);
#5327=ORIENTED_EDGE('',*,*,#4111,.T.);
#5328=ORIENTED_EDGE('',*,*,#5095,.T.);
#5329=EDGE_LOOP('',(#5320,#5321,#5323,#5324,#5325,#5326,#5327,#5328));
#5330=FACE_OUTER_BOUND('',#5329,.F.);
#5331=ADVANCED_FACE('',(#5330),#5319,.T.);
#5332=CARTESIAN_POINT('',(1.367874015748E-1,-1.551181102362E-1,
-2.899685039370E-1));
#5333=DIRECTION('',(0.E0,0.E0,-1.E0));
#5334=DIRECTION('',(0.E0,-1.E0,0.E0));
#5335=AXIS2_PLACEMENT_3D('',#5332,#5333,#5334);
#5336=PLANE('',#5335);
#5337=ORIENTED_EDGE('',*,*,#5206,.T.);
#5338=ORIENTED_EDGE('',*,*,#5239,.F.);
#5339=ORIENTED_EDGE('',*,*,#5295,.F.);
#5340=ORIENTED_EDGE('',*,*,#5322,.T.);
#5341=EDGE_LOOP('',(#5337,#5338,#5339,#5340));
#5342=FACE_OUTER_BOUND('',#5341,.F.);
#5343=ADVANCED_FACE('',(#5342),#5336,.T.);
#5344=CARTESIAN_POINT('',(1.367874015748E-1,1.649606299213E-1,
-2.899685039370E-1));
#5345=DIRECTION('',(0.E0,0.E0,-1.E0));
#5346=DIRECTION('',(0.E0,-1.E0,0.E0));
#5347=AXIS2_PLACEMENT_3D('',#5344,#5345,#5346);
#5348=PLANE('',#5347);
#5349=ORIENTED_EDGE('',*,*,#5221,.T.);
#5351=ORIENTED_EDGE('',*,*,#5350,.F.);
#5352=ORIENTED_EDGE('',*,*,#5308,.F.);
#5353=ORIENTED_EDGE('',*,*,#5159,.T.);
#5354=EDGE_LOOP('',(#5349,#5351,#5352,#5353));
#5355=FACE_OUTER_BOUND('',#5354,.F.);
#5356=ADVANCED_FACE('',(#5355),#5348,.T.);
#5357=CARTESIAN_POINT('',(1.367874015748E-1,1.551181102362E-1,
-2.899685039370E-1));
#5358=DIRECTION('',(0.E0,-9.985198854962E-1,-5.438785037747E-2));
#5359=DIRECTION('',(0.E0,-5.438785037747E-2,9.985198854962E-1));
#5360=AXIS2_PLACEMENT_3D('',#5357,#5358,#5359);
#5361=PLANE('',#5360);
#5362=ORIENTED_EDGE('',*,*,#5193,.F.);
#5363=ORIENTED_EDGE('',*,*,#5075,.T.);
#5364=ORIENTED_EDGE('',*,*,#3897,.F.);
#5365=ORIENTED_EDGE('',*,*,#5125,.F.);
#5366=ORIENTED_EDGE('',*,*,#5280,.F.);
#5367=ORIENTED_EDGE('',*,*,#5310,.F.);
#5368=ORIENTED_EDGE('',*,*,#5350,.T.);
#5369=ORIENTED_EDGE('',*,*,#5219,.T.);
#5370=EDGE_LOOP('',(#5362,#5363,#5364,#5365,#5366,#5367,#5368,#5369));
#5371=FACE_OUTER_BOUND('',#5370,.F.);
#5372=ADVANCED_FACE('',(#5371),#5361,.T.);
#5373=CARTESIAN_POINT('',(2.367874015748E-1,-1.452575078351E-1,
-1.089352858170E-1));
#5374=DIRECTION('',(0.E0,9.985198854962E-1,-5.438785037747E-2));
#5375=DIRECTION('',(0.E0,-5.438785037747E-2,-9.985198854962E-1));
#5376=AXIS2_PLACEMENT_3D('',#5373,#5374,#5375);
#5377=PLANE('',#5376);
#5378=ORIENTED_EDGE('',*,*,#3960,.T.);
#5379=ORIENTED_EDGE('',*,*,#3991,.F.);
#5381=ORIENTED_EDGE('',*,*,#5380,.F.);
#5383=ORIENTED_EDGE('',*,*,#5382,.T.);
#5385=ORIENTED_EDGE('',*,*,#5384,.T.);
#5386=ORIENTED_EDGE('',*,*,#3820,.F.);
#5387=ORIENTED_EDGE('',*,*,#4117,.T.);
#5388=ORIENTED_EDGE('',*,*,#3878,.T.);
#5389=EDGE_LOOP('',(#5378,#5379,#5381,#5383,#5385,#5386,#5387,#5388));
#5390=FACE_OUTER_BOUND('',#5389,.F.);
#5391=ADVANCED_FACE('',(#5390),#5377,.T.);
#5392=CARTESIAN_POINT('',(2.367874015748E-1,-1.551181102362E-1,
-2.899685039370E-1));
#5393=DIRECTION('',(0.E0,0.E0,-1.E0));
#5394=DIRECTION('',(0.E0,-1.E0,0.E0));
#5395=AXIS2_PLACEMENT_3D('',#5392,#5393,#5394);
#5396=PLANE('',#5395);
#5397=ORIENTED_EDGE('',*,*,#3989,.T.);
#5398=ORIENTED_EDGE('',*,*,#4021,.F.);
#5400=ORIENTED_EDGE('',*,*,#5399,.F.);
#5401=ORIENTED_EDGE('',*,*,#5380,.T.);
#5402=EDGE_LOOP('',(#5397,#5398,#5400,#5401));
#5403=FACE_OUTER_BOUND('',#5402,.F.);
#5404=ADVANCED_FACE('',(#5403),#5396,.T.);
#5405=CARTESIAN_POINT('',(2.174960629921E-1,-1.771653543307E-1,
-2.899685039370E-1));
#5406=DIRECTION('',(-1.E0,0.E0,0.E0));
#5407=DIRECTION('',(0.E0,0.E0,1.E0));
#5408=AXIS2_PLACEMENT_3D('',#5405,#5406,#5407);
#5409=PLANE('',#5408);
#5411=ORIENTED_EDGE('',*,*,#5410,.T.);
#5412=ORIENTED_EDGE('',*,*,#5382,.F.);
#5413=ORIENTED_EDGE('',*,*,#5399,.T.);
#5414=ORIENTED_EDGE('',*,*,#4019,.T.);
#5415=EDGE_LOOP('',(#5411,#5412,#5413,#5414));
#5416=FACE_OUTER_BOUND('',#5415,.F.);
#5417=ADVANCED_FACE('',(#5416),#5409,.F.);
#5418=CARTESIAN_POINT('',(2.174960629921E-1,-1.771653543307E-1,
-2.899685039370E-1));
#5419=DIRECTION('',(-1.E0,0.E0,0.E0));
#5420=DIRECTION('',(0.E0,0.E0,1.E0));
#5421=AXIS2_PLACEMENT_3D('',#5418,#5419,#5420);
#5422=PLANE('',#5421);
#5424=ORIENTED_EDGE('',*,*,#5423,.T.);
#5425=ORIENTED_EDGE('',*,*,#3843,.F.);
#5427=ORIENTED_EDGE('',*,*,#5426,.T.);
#5428=ORIENTED_EDGE('',*,*,#3944,.T.);
#5429=EDGE_LOOP('',(#5424,#5425,#5427,#5428));
#5430=FACE_OUTER_BOUND('',#5429,.F.);
#5431=ADVANCED_FACE('',(#5430),#5422,.F.);
#5432=CARTESIAN_POINT('',(2.174960629921E-1,-1.771653543307E-1,
-1.840629921260E-1));
#5433=DIRECTION('',(-9.223756718657E-1,0.E0,3.862940847985E-1));
#5434=DIRECTION('',(3.862940847985E-1,0.E0,9.223756718657E-1));
#5435=AXIS2_PLACEMENT_3D('',#5432,#5433,#5434);
#5436=PLANE('',#5435);
#5437=ORIENTED_EDGE('',*,*,#5410,.F.);
#5438=ORIENTED_EDGE('',*,*,#4017,.T.);
#5439=ORIENTED_EDGE('',*,*,#3822,.T.);
#5440=ORIENTED_EDGE('',*,*,#5384,.F.);
#5441=EDGE_LOOP('',(#5437,#5438,#5439,#5440));
#5442=FACE_OUTER_BOUND('',#5441,.F.);
#5443=ADVANCED_FACE('',(#5442),#5436,.F.);
#5444=CARTESIAN_POINT('',(2.174960629921E-1,-1.771653543307E-1,
-1.840629921260E-1));
#5445=DIRECTION('',(-9.223756718657E-1,0.E0,3.862940847985E-1));
#5446=DIRECTION('',(3.862940847985E-1,0.E0,9.223756718657E-1));
#5447=AXIS2_PLACEMENT_3D('',#5444,#5445,#5446);
#5448=PLANE('',#5447);
#5449=ORIENTED_EDGE('',*,*,#5423,.F.);
#5450=ORIENTED_EDGE('',*,*,#3942,.T.);
#5451=ORIENTED_EDGE('',*,*,#3802,.T.);
#5452=ORIENTED_EDGE('',*,*,#3845,.F.);
#5453=EDGE_LOOP('',(#5449,#5450,#5451,#5452));
#5454=FACE_OUTER_BOUND('',#5453,.F.);
#5455=ADVANCED_FACE('',(#5454),#5448,.F.);
#5456=CARTESIAN_POINT('',(2.367874015748E-1,1.649606299213E-1,
-2.899685039370E-1));
#5457=DIRECTION('',(0.E0,0.E0,-1.E0));
#5458=DIRECTION('',(0.E0,-1.E0,0.E0));
#5459=AXIS2_PLACEMENT_3D('',#5456,#5457,#5458);
#5460=PLANE('',#5459);
#5461=ORIENTED_EDGE('',*,*,#4003,.T.);
#5462=ORIENTED_EDGE('',*,*,#3946,.F.);
#5463=ORIENTED_EDGE('',*,*,#5426,.F.);
#5464=ORIENTED_EDGE('',*,*,#3841,.T.);
#5465=EDGE_LOOP('',(#5461,#5462,#5463,#5464));
#5466=FACE_OUTER_BOUND('',#5465,.F.);
#5467=ADVANCED_FACE('',(#5466),#5460,.T.);
#5468=CARTESIAN_POINT('',(-1.669527559055E-1,0.E0,0.E0));
#5469=DIRECTION('',(-1.E0,0.E0,0.E0));
#5470=DIRECTION('',(0.E0,0.E0,1.E0));
#5471=AXIS2_PLACEMENT_3D('',#5468,#5469,#5470);
#5472=PLANE('',#5471);
#5474=ORIENTED_EDGE('',*,*,#5473,.T.);
#5475=ORIENTED_EDGE('',*,*,#3530,.T.);
#5477=ORIENTED_EDGE('',*,*,#5476,.F.);
#5478=EDGE_LOOP('',(#5474,#5475,#5477));
#5479=FACE_OUTER_BOUND('',#5478,.F.);
#5480=ADVANCED_FACE('',(#5479),#5472,.T.);
#5481=CARTESIAN_POINT('',(-1.669527559055E-1,0.E0,0.E0));
#5482=DIRECTION('',(-1.E0,0.E0,0.E0));
#5483=DIRECTION('',(0.E0,0.E0,1.E0));
#5484=AXIS2_PLACEMENT_3D('',#5481,#5482,#5483);
#5485=PLANE('',#5484);
#5487=ORIENTED_EDGE('',*,*,#5486,.F.);
#5489=ORIENTED_EDGE('',*,*,#5488,.F.);
#5491=ORIENTED_EDGE('',*,*,#5490,.F.);
#5493=ORIENTED_EDGE('',*,*,#5492,.F.);
#5494=ORIENTED_EDGE('',*,*,#3518,.T.);
#5495=EDGE_LOOP('',(#5487,#5489,#5491,#5493,#5494));
#5496=FACE_OUTER_BOUND('',#5495,.F.);
#5497=ADVANCED_FACE('',(#5496),#5485,.T.);
#5498=CARTESIAN_POINT('',(-1.669527559055E-1,-4.507874015748E-2,
-3.937007874016E-2));
#5499=DIRECTION('',(0.E0,-1.E0,0.E0));
#5500=DIRECTION('',(0.E0,0.E0,1.E0));
#5501=AXIS2_PLACEMENT_3D('',#5498,#5499,#5500);
#5502=PLANE('',#5501);
#5504=ORIENTED_EDGE('',*,*,#5503,.T.);
#5506=ORIENTED_EDGE('',*,*,#5505,.T.);
#5508=ORIENTED_EDGE('',*,*,#5507,.F.);
#5510=ORIENTED_EDGE('',*,*,#5509,.F.);
#5511=ORIENTED_EDGE('',*,*,#5473,.F.);
#5513=ORIENTED_EDGE('',*,*,#5512,.T.);
#5514=EDGE_LOOP('',(#5504,#5506,#5508,#5510,#5511,#5513));
#5515=FACE_OUTER_BOUND('',#5514,.F.);
#5516=ADVANCED_FACE('',(#5515),#5502,.T.);
#5517=CARTESIAN_POINT('',(-2.220708661417E-1,0.E0,0.E0));
#5518=DIRECTION('',(-1.E0,0.E0,0.E0));
#5519=DIRECTION('',(0.E0,0.E0,1.E0));
#5520=AXIS2_PLACEMENT_3D('',#5517,#5518,#5519);
#5521=PLANE('',#5520);
#5522=ORIENTED_EDGE('',*,*,#5503,.F.);
#5524=ORIENTED_EDGE('',*,*,#5523,.T.);
#5525=ORIENTED_EDGE('',*,*,#3526,.F.);
#5526=EDGE_LOOP('',(#5522,#5524,#5525));
#5527=FACE_OUTER_BOUND('',#5526,.F.);
#5528=ADVANCED_FACE('',(#5527),#5521,.F.);
#5529=CARTESIAN_POINT('',(-2.220708661417E-1,0.E0,0.E0));
#5530=DIRECTION('',(-1.E0,0.E0,0.E0));
#5531=DIRECTION('',(0.E0,0.E0,1.E0));
#5532=AXIS2_PLACEMENT_3D('',#5529,#5530,#5531);
#5533=PLANE('',#5532);
#5535=ORIENTED_EDGE('',*,*,#5534,.T.);
#5536=ORIENTED_EDGE('',*,*,#3522,.F.);
#5538=ORIENTED_EDGE('',*,*,#5537,.T.);
#5540=ORIENTED_EDGE('',*,*,#5539,.T.);
#5542=ORIENTED_EDGE('',*,*,#5541,.T.);
#5543=EDGE_LOOP('',(#5535,#5536,#5538,#5540,#5542));
#5544=FACE_OUTER_BOUND('',#5543,.F.);
#5545=ADVANCED_FACE('',(#5544),#5533,.F.);
#5546=CARTESIAN_POINT('',(-2.220708661417E-1,-4.507874015748E-2,
-1.716139579678E-2));
#5547=DIRECTION('',(0.E0,-5.E-1,-8.660254037844E-1));
#5548=DIRECTION('',(0.E0,-8.660254037844E-1,5.E-1));
#5549=AXIS2_PLACEMENT_3D('',#5546,#5547,#5548);
#5550=PLANE('',#5549);
#5551=ORIENTED_EDGE('',*,*,#5512,.F.);
#5552=ORIENTED_EDGE('',*,*,#5476,.T.);
#5553=ORIENTED_EDGE('',*,*,#3528,.T.);
#5554=ORIENTED_EDGE('',*,*,#5523,.F.);
#5555=EDGE_LOOP('',(#5551,#5552,#5553,#5554));
#5556=FACE_OUTER_BOUND('',#5555,.F.);
#5557=ADVANCED_FACE('',(#5556),#5550,.F.);
#5558=CARTESIAN_POINT('',(-1.669527559055E-1,-6.102362204724E-3,
3.897637795276E-2));
#5559=DIRECTION('',(0.E0,1.E0,0.E0));
#5560=DIRECTION('',(0.E0,0.E0,-1.E0));
#5561=AXIS2_PLACEMENT_3D('',#5558,#5559,#5560);
#5562=PLANE('',#5561);
#5563=ORIENTED_EDGE('',*,*,#5534,.F.);
#5565=ORIENTED_EDGE('',*,*,#5564,.F.);
#5566=ORIENTED_EDGE('',*,*,#5486,.T.);
#5568=ORIENTED_EDGE('',*,*,#5567,.F.);
#5570=ORIENTED_EDGE('',*,*,#5569,.T.);
#5572=ORIENTED_EDGE('',*,*,#5571,.T.);
#5573=EDGE_LOOP('',(#5563,#5565,#5566,#5568,#5570,#5572));
#5574=FACE_OUTER_BOUND('',#5573,.F.);
#5575=ADVANCED_FACE('',(#5574),#5562,.T.);
#5576=CARTESIAN_POINT('',(-2.220708661417E-1,4.507874015748E-2,
-3.937007874016E-2));
#5577=DIRECTION('',(0.E0,0.E0,-1.E0));
#5578=DIRECTION('',(0.E0,-1.E0,0.E0));
#5579=AXIS2_PLACEMENT_3D('',#5576,#5577,#5578);
#5580=PLANE('',#5579);
#5581=ORIENTED_EDGE('',*,*,#5564,.T.);
#5582=ORIENTED_EDGE('',*,*,#5541,.F.);
#5584=ORIENTED_EDGE('',*,*,#5583,.T.);
#5585=ORIENTED_EDGE('',*,*,#5488,.T.);
#5586=EDGE_LOOP('',(#5581,#5582,#5584,#5585));
#5587=FACE_OUTER_BOUND('',#5586,.F.);
#5588=ADVANCED_FACE('',(#5587),#5580,.F.);
#5589=CARTESIAN_POINT('',(-2.220708661417E-1,4.507874015748E-2,
-1.716139579678E-2));
#5590=DIRECTION('',(0.E0,1.E0,0.E0));
#5591=DIRECTION('',(0.E0,0.E0,-1.E0));
#5592=AXIS2_PLACEMENT_3D('',#5589,#5590,#5591);
#5593=PLANE('',#5592);
#5594=ORIENTED_EDGE('',*,*,#5539,.F.);
#5596=ORIENTED_EDGE('',*,*,#5595,.T.);
#5597=ORIENTED_EDGE('',*,*,#5490,.T.);
#5598=ORIENTED_EDGE('',*,*,#5583,.F.);
#5599=EDGE_LOOP('',(#5594,#5596,#5597,#5598));
#5600=FACE_OUTER_BOUND('',#5599,.F.);
#5601=ADVANCED_FACE('',(#5600),#5593,.F.);
#5602=CARTESIAN_POINT('',(-2.220708661417E-1,7.480314960630E-2,0.E0));
#5603=DIRECTION('',(0.E0,5.E-1,-8.660254037844E-1));
#5604=DIRECTION('',(0.E0,-8.660254037844E-1,-5.E-1));
#5605=AXIS2_PLACEMENT_3D('',#5602,#5603,#5604);
#5606=PLANE('',#5605);
#5607=ORIENTED_EDGE('',*,*,#3520,.F.);
#5608=ORIENTED_EDGE('',*,*,#5492,.T.);
#5609=ORIENTED_EDGE('',*,*,#5595,.F.);
#5610=ORIENTED_EDGE('',*,*,#5537,.F.);
#5611=EDGE_LOOP('',(#5607,#5608,#5609,#5610));
#5612=FACE_OUTER_BOUND('',#5611,.F.);
#5613=ADVANCED_FACE('',(#5612),#5606,.F.);
#5614=CARTESIAN_POINT('',(-1.669527559055E-1,0.E0,0.E0));
#5615=DIRECTION('',(-1.E0,0.E0,0.E0));
#5616=DIRECTION('',(0.E0,0.E0,1.E0));
#5617=AXIS2_PLACEMENT_3D('',#5614,#5615,#5616);
#5618=PLANE('',#5617);
#5619=ORIENTED_EDGE('',*,*,#3532,.F.);
#5620=ORIENTED_EDGE('',*,*,#5509,.T.);
#5622=ORIENTED_EDGE('',*,*,#5621,.T.);
#5623=ORIENTED_EDGE('',*,*,#5567,.T.);
#5624=EDGE_LOOP('',(#5619,#5620,#5622,#5623));
#5625=FACE_OUTER_BOUND('',#5624,.F.);
#5626=ADVANCED_FACE('',(#5625),#5618,.F.);
#5627=CARTESIAN_POINT('',(-1.669527559055E-1,-4.507874015748E-2,
3.897637795276E-2));
#5628=DIRECTION('',(0.E0,0.E0,1.E0));
#5629=DIRECTION('',(0.E0,1.E0,0.E0));
#5630=AXIS2_PLACEMENT_3D('',#5627,#5628,#5629);
#5631=PLANE('',#5630);
#5632=ORIENTED_EDGE('',*,*,#5621,.F.);
#5633=ORIENTED_EDGE('',*,*,#5507,.T.);
#5635=ORIENTED_EDGE('',*,*,#5634,.T.);
#5636=ORIENTED_EDGE('',*,*,#5569,.F.);
#5637=EDGE_LOOP('',(#5632,#5633,#5635,#5636));
#5638=FACE_OUTER_BOUND('',#5637,.F.);
#5639=ADVANCED_FACE('',(#5638),#5631,.T.);
#5640=CARTESIAN_POINT('',(-2.220708661417E-1,0.E0,0.E0));
#5641=DIRECTION('',(-1.E0,0.E0,0.E0));
#5642=DIRECTION('',(0.E0,0.E0,1.E0));
#5643=AXIS2_PLACEMENT_3D('',#5640,#5641,#5642);
#5644=PLANE('',#5643);
#5645=ORIENTED_EDGE('',*,*,#3524,.T.);
#5646=ORIENTED_EDGE('',*,*,#5571,.F.);
#5647=ORIENTED_EDGE('',*,*,#5634,.F.);
#5648=ORIENTED_EDGE('',*,*,#5505,.F.);
#5649=EDGE_LOOP('',(#5645,#5646,#5647,#5648));
#5650=FACE_OUTER_BOUND('',#5649,.F.);
#5651=ADVANCED_FACE('',(#5650),#5644,.T.);
#5652=CARTESIAN_POINT('',(-6.695275590553E-2,0.E0,0.E0));
#5653=DIRECTION('',(-1.E0,0.E0,0.E0));
#5654=DIRECTION('',(0.E0,0.E0,1.E0));
#5655=AXIS2_PLACEMENT_3D('',#5652,#5653,#5654);
#5656=PLANE('',#5655);
#5658=ORIENTED_EDGE('',*,*,#5657,.T.);
#5659=ORIENTED_EDGE('',*,*,#3548,.F.);
#5661=ORIENTED_EDGE('',*,*,#5660,.F.);
#5662=EDGE_LOOP('',(#5658,#5659,#5661));
#5663=FACE_OUTER_BOUND('',#5662,.F.);
#5664=ADVANCED_FACE('',(#5663),#5656,.T.);
#5665=CARTESIAN_POINT('',(-6.695275590553E-2,0.E0,0.E0));
#5666=DIRECTION('',(-1.E0,0.E0,0.E0));
#5667=DIRECTION('',(0.E0,0.E0,1.E0));
#5668=AXIS2_PLACEMENT_3D('',#5665,#5666,#5667);
#5669=PLANE('',#5668);
#5671=ORIENTED_EDGE('',*,*,#5670,.F.);
#5673=ORIENTED_EDGE('',*,*,#5672,.F.);
#5675=ORIENTED_EDGE('',*,*,#5674,.F.);
#5677=ORIENTED_EDGE('',*,*,#5676,.F.);
#5678=ORIENTED_EDGE('',*,*,#3536,.F.);
#5679=EDGE_LOOP('',(#5671,#5673,#5675,#5677,#5678));
#5680=FACE_OUTER_BOUND('',#5679,.F.);
#5681=ADVANCED_FACE('',(#5680),#5669,.T.);
#5682=CARTESIAN_POINT('',(-6.695275590553E-2,-4.507874015748E-2,
-3.937007874016E-2));
#5683=DIRECTION('',(0.E0,-1.E0,0.E0));
#5684=DIRECTION('',(0.E0,0.E0,1.E0));
#5685=AXIS2_PLACEMENT_3D('',#5682,#5683,#5684);
#5686=PLANE('',#5685);
#5688=ORIENTED_EDGE('',*,*,#5687,.F.);
#5689=ORIENTED_EDGE('',*,*,#5657,.F.);
#5691=ORIENTED_EDGE('',*,*,#5690,.T.);
#5693=ORIENTED_EDGE('',*,*,#5692,.T.);
#5695=ORIENTED_EDGE('',*,*,#5694,.T.);
#5697=ORIENTED_EDGE('',*,*,#5696,.F.);
#5698=EDGE_LOOP('',(#5688,#5689,#5691,#5693,#5695,#5697));
#5699=FACE_OUTER_BOUND('',#5698,.F.);
#5700=ADVANCED_FACE('',(#5699),#5686,.T.);
#5701=CARTESIAN_POINT('',(-6.695275590553E-2,0.E0,0.E0));
#5702=DIRECTION('',(-1.E0,0.E0,0.E0));
#5703=DIRECTION('',(0.E0,0.E0,1.E0));
#5704=AXIS2_PLACEMENT_3D('',#5701,#5702,#5703);
#5705=PLANE('',#5704);
#5706=ORIENTED_EDGE('',*,*,#5687,.T.);
#5708=ORIENTED_EDGE('',*,*,#5707,.T.);
#5710=ORIENTED_EDGE('',*,*,#5709,.T.);
#5711=ORIENTED_EDGE('',*,*,#3550,.F.);
#5712=EDGE_LOOP('',(#5706,#5708,#5710,#5711));
#5713=FACE_OUTER_BOUND('',#5712,.F.);
#5714=ADVANCED_FACE('',(#5713),#5705,.F.);
#5715=CARTESIAN_POINT('',(-6.695275590553E-2,-4.507874015748E-2,
3.897637795276E-2));
#5716=DIRECTION('',(0.E0,0.E0,1.E0));
#5717=DIRECTION('',(0.E0,1.E0,0.E0));
#5718=AXIS2_PLACEMENT_3D('',#5715,#5716,#5717);
#5719=PLANE('',#5718);
#5720=ORIENTED_EDGE('',*,*,#5707,.F.);
#5721=ORIENTED_EDGE('',*,*,#5696,.T.);
#5723=ORIENTED_EDGE('',*,*,#5722,.T.);
#5725=ORIENTED_EDGE('',*,*,#5724,.F.);
#5726=EDGE_LOOP('',(#5720,#5721,#5723,#5725));
#5727=FACE_OUTER_BOUND('',#5726,.F.);
#5728=ADVANCED_FACE('',(#5727),#5719,.T.);
#5729=CARTESIAN_POINT('',(-1.220708661417E-1,0.E0,0.E0));
#5730=DIRECTION('',(-1.E0,0.E0,0.E0));
#5731=DIRECTION('',(0.E0,0.E0,1.E0));
#5732=AXIS2_PLACEMENT_3D('',#5729,#5730,#5731);
#5733=PLANE('',#5732);
#5734=ORIENTED_EDGE('',*,*,#5694,.F.);
#5735=ORIENTED_EDGE('',*,*,#3542,.T.);
#5737=ORIENTED_EDGE('',*,*,#5736,.F.);
#5738=ORIENTED_EDGE('',*,*,#5722,.F.);
#5739=EDGE_LOOP('',(#5734,#5735,#5737,#5738));
#5740=FACE_OUTER_BOUND('',#5739,.F.);
#5741=ADVANCED_FACE('',(#5740),#5733,.T.);
#5742=CARTESIAN_POINT('',(-6.695275590553E-2,-6.102362204724E-3,
3.897637795276E-2));
#5743=DIRECTION('',(0.E0,1.E0,0.E0));
#5744=DIRECTION('',(0.E0,0.E0,-1.E0));
#5745=AXIS2_PLACEMENT_3D('',#5742,#5743,#5744);
#5746=PLANE('',#5745);
#5747=ORIENTED_EDGE('',*,*,#5709,.F.);
#5748=ORIENTED_EDGE('',*,*,#5724,.T.);
#5749=ORIENTED_EDGE('',*,*,#5736,.T.);
#5751=ORIENTED_EDGE('',*,*,#5750,.F.);
#5753=ORIENTED_EDGE('',*,*,#5752,.F.);
#5754=ORIENTED_EDGE('',*,*,#5670,.T.);
#5755=EDGE_LOOP('',(#5747,#5748,#5749,#5751,#5753,#5754));
#5756=FACE_OUTER_BOUND('',#5755,.F.);
#5757=ADVANCED_FACE('',(#5756),#5746,.T.);
#5758=CARTESIAN_POINT('',(-1.220708661417E-1,0.E0,0.E0));
#5759=DIRECTION('',(-1.E0,0.E0,0.E0));
#5760=DIRECTION('',(0.E0,0.E0,1.E0));
#5761=AXIS2_PLACEMENT_3D('',#5758,#5759,#5760);
#5762=PLANE('',#5761);
#5763=ORIENTED_EDGE('',*,*,#5692,.F.);
#5765=ORIENTED_EDGE('',*,*,#5764,.T.);
#5766=ORIENTED_EDGE('',*,*,#3544,.T.);
#5767=EDGE_LOOP('',(#5763,#5765,#5766));
#5768=FACE_OUTER_BOUND('',#5767,.F.);
#5769=ADVANCED_FACE('',(#5768),#5762,.F.);
#5770=CARTESIAN_POINT('',(-1.220708661417E-1,0.E0,0.E0));
#5771=DIRECTION('',(-1.E0,0.E0,0.E0));
#5772=DIRECTION('',(0.E0,0.E0,1.E0));
#5773=AXIS2_PLACEMENT_3D('',#5770,#5771,#5772);
#5774=PLANE('',#5773);
#5775=ORIENTED_EDGE('',*,*,#5750,.T.);
#5776=ORIENTED_EDGE('',*,*,#3540,.T.);
#5778=ORIENTED_EDGE('',*,*,#5777,.T.);
#5780=ORIENTED_EDGE('',*,*,#5779,.T.);
#5782=ORIENTED_EDGE('',*,*,#5781,.T.);
#5783=EDGE_LOOP('',(#5775,#5776,#5778,#5780,#5782));
#5784=FACE_OUTER_BOUND('',#5783,.F.);
#5785=ADVANCED_FACE('',(#5784),#5774,.F.);
#5786=CARTESIAN_POINT('',(-1.220708661417E-1,-4.507874015748E-2,
-1.716139579678E-2));
#5787=DIRECTION('',(0.E0,-5.E-1,-8.660254037844E-1));
#5788=DIRECTION('',(0.E0,-8.660254037844E-1,5.E-1));
#5789=AXIS2_PLACEMENT_3D('',#5786,#5787,#5788);
#5790=PLANE('',#5789);
#5791=ORIENTED_EDGE('',*,*,#5690,.F.);
#5792=ORIENTED_EDGE('',*,*,#5660,.T.);
#5793=ORIENTED_EDGE('',*,*,#3546,.T.);
#5794=ORIENTED_EDGE('',*,*,#5764,.F.);
#5795=EDGE_LOOP('',(#5791,#5792,#5793,#5794));
#5796=FACE_OUTER_BOUND('',#5795,.F.);
#5797=ADVANCED_FACE('',(#5796),#5790,.F.);
#5798=CARTESIAN_POINT('',(-1.220708661417E-1,7.480314960630E-2,0.E0));
#5799=DIRECTION('',(0.E0,5.E-1,-8.660254037844E-1));
#5800=DIRECTION('',(0.E0,-8.660254037844E-1,-5.E-1));
#5801=AXIS2_PLACEMENT_3D('',#5798,#5799,#5800);
#5802=PLANE('',#5801);
#5803=ORIENTED_EDGE('',*,*,#5777,.F.);
#5804=ORIENTED_EDGE('',*,*,#3538,.F.);
#5805=ORIENTED_EDGE('',*,*,#5676,.T.);
#5807=ORIENTED_EDGE('',*,*,#5806,.F.);
#5808=EDGE_LOOP('',(#5803,#5804,#5805,#5807));
#5809=FACE_OUTER_BOUND('',#5808,.F.);
#5810=ADVANCED_FACE('',(#5809),#5802,.F.);
#5811=CARTESIAN_POINT('',(-1.220708661417E-1,4.507874015748E-2,
-1.716139579678E-2));
#5812=DIRECTION('',(0.E0,1.E0,0.E0));
#5813=DIRECTION('',(0.E0,0.E0,-1.E0));
#5814=AXIS2_PLACEMENT_3D('',#5811,#5812,#5813);
#5815=PLANE('',#5814);
#5816=ORIENTED_EDGE('',*,*,#5779,.F.);
#5817=ORIENTED_EDGE('',*,*,#5806,.T.);
#5818=ORIENTED_EDGE('',*,*,#5674,.T.);
#5820=ORIENTED_EDGE('',*,*,#5819,.F.);
#5821=EDGE_LOOP('',(#5816,#5817,#5818,#5820));
#5822=FACE_OUTER_BOUND('',#5821,.F.);
#5823=ADVANCED_FACE('',(#5822),#5815,.F.);
#5824=CARTESIAN_POINT('',(-1.220708661417E-1,4.507874015748E-2,
-3.937007874016E-2));
#5825=DIRECTION('',(0.E0,0.E0,-1.E0));
#5826=DIRECTION('',(0.E0,-1.E0,0.E0));
#5827=AXIS2_PLACEMENT_3D('',#5824,#5825,#5826);
#5828=PLANE('',#5827);
#5829=ORIENTED_EDGE('',*,*,#5752,.T.);
#5830=ORIENTED_EDGE('',*,*,#5781,.F.);
#5831=ORIENTED_EDGE('',*,*,#5819,.T.);
#5832=ORIENTED_EDGE('',*,*,#5672,.T.);
#5833=EDGE_LOOP('',(#5829,#5830,#5831,#5832));
#5834=FACE_OUTER_BOUND('',#5833,.F.);
#5835=ADVANCED_FACE('',(#5834),#5828,.F.);
#5836=CARTESIAN_POINT('',(3.304724409447E-2,0.E0,0.E0));
#5837=DIRECTION('',(-1.E0,0.E0,0.E0));
#5838=DIRECTION('',(0.E0,0.E0,1.E0));
#5839=AXIS2_PLACEMENT_3D('',#5836,#5837,#5838);
#5840=PLANE('',#5839);
#5842=ORIENTED_EDGE('',*,*,#5841,.T.);
#5843=ORIENTED_EDGE('',*,*,#3566,.F.);
#5845=ORIENTED_EDGE('',*,*,#5844,.F.);
#5846=EDGE_LOOP('',(#5842,#5843,#5845));
#5847=FACE_OUTER_BOUND('',#5846,.F.);
#5848=ADVANCED_FACE('',(#5847),#5840,.T.);
#5849=CARTESIAN_POINT('',(3.304724409447E-2,0.E0,0.E0));
#5850=DIRECTION('',(-1.E0,0.E0,0.E0));
#5851=DIRECTION('',(0.E0,0.E0,1.E0));
#5852=AXIS2_PLACEMENT_3D('',#5849,#5850,#5851);
#5853=PLANE('',#5852);
#5855=ORIENTED_EDGE('',*,*,#5854,.F.);
#5857=ORIENTED_EDGE('',*,*,#5856,.F.);
#5859=ORIENTED_EDGE('',*,*,#5858,.F.);
#5861=ORIENTED_EDGE('',*,*,#5860,.F.);
#5862=ORIENTED_EDGE('',*,*,#3554,.F.);
#5863=EDGE_LOOP('',(#5855,#5857,#5859,#5861,#5862));
#5864=FACE_OUTER_BOUND('',#5863,.F.);
#5865=ADVANCED_FACE('',(#5864),#5853,.T.);
#5866=CARTESIAN_POINT('',(3.304724409447E-2,-4.507874015748E-2,
-3.937007874016E-2));
#5867=DIRECTION('',(0.E0,-1.E0,0.E0));
#5868=DIRECTION('',(0.E0,0.E0,1.E0));
#5869=AXIS2_PLACEMENT_3D('',#5866,#5867,#5868);
#5870=PLANE('',#5869);
#5872=ORIENTED_EDGE('',*,*,#5871,.F.);
#5873=ORIENTED_EDGE('',*,*,#5841,.F.);
#5875=ORIENTED_EDGE('',*,*,#5874,.T.);
#5877=ORIENTED_EDGE('',*,*,#5876,.T.);
#5879=ORIENTED_EDGE('',*,*,#5878,.T.);
#5881=ORIENTED_EDGE('',*,*,#5880,.F.);
#5882=EDGE_LOOP('',(#5872,#5873,#5875,#5877,#5879,#5881));
#5883=FACE_OUTER_BOUND('',#5882,.F.);
#5884=ADVANCED_FACE('',(#5883),#5870,.T.);
#5885=CARTESIAN_POINT('',(3.304724409447E-2,0.E0,0.E0));
#5886=DIRECTION('',(-1.E0,0.E0,0.E0));
#5887=DIRECTION('',(0.E0,0.E0,1.E0));
#5888=AXIS2_PLACEMENT_3D('',#5885,#5886,#5887);
#5889=PLANE('',#5888);
#5890=ORIENTED_EDGE('',*,*,#5871,.T.);
#5892=ORIENTED_EDGE('',*,*,#5891,.T.);
#5894=ORIENTED_EDGE('',*,*,#5893,.T.);
#5895=ORIENTED_EDGE('',*,*,#3568,.F.);
#5896=EDGE_LOOP('',(#5890,#5892,#5894,#5895));
#5897=FACE_OUTER_BOUND('',#5896,.F.);
#5898=ADVANCED_FACE('',(#5897),#5889,.F.);
#5899=CARTESIAN_POINT('',(3.304724409447E-2,-4.507874015748E-2,
3.897637795276E-2));
#5900=DIRECTION('',(0.E0,0.E0,1.E0));
#5901=DIRECTION('',(0.E0,1.E0,0.E0));
#5902=AXIS2_PLACEMENT_3D('',#5899,#5900,#5901);
#5903=PLANE('',#5902);
#5904=ORIENTED_EDGE('',*,*,#5891,.F.);
#5905=ORIENTED_EDGE('',*,*,#5880,.T.);
#5907=ORIENTED_EDGE('',*,*,#5906,.T.);
#5909=ORIENTED_EDGE('',*,*,#5908,.F.);
#5910=EDGE_LOOP('',(#5904,#5905,#5907,#5909));
#5911=FACE_OUTER_BOUND('',#5910,.F.);
#5912=ADVANCED_FACE('',(#5911),#5903,.T.);
#5913=CARTESIAN_POINT('',(-2.207086614173E-2,0.E0,0.E0));
#5914=DIRECTION('',(-1.E0,0.E0,0.E0));
#5915=DIRECTION('',(0.E0,0.E0,1.E0));
#5916=AXIS2_PLACEMENT_3D('',#5913,#5914,#5915);
#5917=PLANE('',#5916);
#5918=ORIENTED_EDGE('',*,*,#5878,.F.);
#5919=ORIENTED_EDGE('',*,*,#3560,.T.);
#5921=ORIENTED_EDGE('',*,*,#5920,.F.);
#5922=ORIENTED_EDGE('',*,*,#5906,.F.);
#5923=EDGE_LOOP('',(#5918,#5919,#5921,#5922));
#5924=FACE_OUTER_BOUND('',#5923,.F.);
#5925=ADVANCED_FACE('',(#5924),#5917,.T.);
#5926=CARTESIAN_POINT('',(3.304724409447E-2,-6.102362204724E-3,
3.897637795276E-2));
#5927=DIRECTION('',(0.E0,1.E0,0.E0));
#5928=DIRECTION('',(0.E0,0.E0,-1.E0));
#5929=AXIS2_PLACEMENT_3D('',#5926,#5927,#5928);
#5930=PLANE('',#5929);
#5931=ORIENTED_EDGE('',*,*,#5893,.F.);
#5932=ORIENTED_EDGE('',*,*,#5908,.T.);
#5933=ORIENTED_EDGE('',*,*,#5920,.T.);
#5935=ORIENTED_EDGE('',*,*,#5934,.F.);
#5937=ORIENTED_EDGE('',*,*,#5936,.F.);
#5938=ORIENTED_EDGE('',*,*,#5854,.T.);
#5939=EDGE_LOOP('',(#5931,#5932,#5933,#5935,#5937,#5938));
#5940=FACE_OUTER_BOUND('',#5939,.F.);
#5941=ADVANCED_FACE('',(#5940),#5930,.T.);
#5942=CARTESIAN_POINT('',(-2.207086614173E-2,0.E0,0.E0));
#5943=DIRECTION('',(-1.E0,0.E0,0.E0));
#5944=DIRECTION('',(0.E0,0.E0,1.E0));
#5945=AXIS2_PLACEMENT_3D('',#5942,#5943,#5944);
#5946=PLANE('',#5945);
#5947=ORIENTED_EDGE('',*,*,#5876,.F.);
#5949=ORIENTED_EDGE('',*,*,#5948,.T.);
#5950=ORIENTED_EDGE('',*,*,#3562,.T.);
#5951=EDGE_LOOP('',(#5947,#5949,#5950));
#5952=FACE_OUTER_BOUND('',#5951,.F.);
#5953=ADVANCED_FACE('',(#5952),#5946,.F.);
#5954=CARTESIAN_POINT('',(-2.207086614173E-2,0.E0,0.E0));
#5955=DIRECTION('',(-1.E0,0.E0,0.E0));
#5956=DIRECTION('',(0.E0,0.E0,1.E0));
#5957=AXIS2_PLACEMENT_3D('',#5954,#5955,#5956);
#5958=PLANE('',#5957);
#5959=ORIENTED_EDGE('',*,*,#5934,.T.);
#5960=ORIENTED_EDGE('',*,*,#3558,.T.);
#5962=ORIENTED_EDGE('',*,*,#5961,.T.);
#5964=ORIENTED_EDGE('',*,*,#5963,.T.);
#5966=ORIENTED_EDGE('',*,*,#5965,.T.);
#5967=EDGE_LOOP('',(#5959,#5960,#5962,#5964,#5966));
#5968=FACE_OUTER_BOUND('',#5967,.F.);
#5969=ADVANCED_FACE('',(#5968),#5958,.F.);
#5970=CARTESIAN_POINT('',(-2.207086614173E-2,-4.507874015748E-2,
-1.716139579678E-2));
#5971=DIRECTION('',(0.E0,-5.E-1,-8.660254037844E-1));
#5972=DIRECTION('',(0.E0,-8.660254037844E-1,5.E-1));
#5973=AXIS2_PLACEMENT_3D('',#5970,#5971,#5972);
#5974=PLANE('',#5973);
#5975=ORIENTED_EDGE('',*,*,#5874,.F.);
#5976=ORIENTED_EDGE('',*,*,#5844,.T.);
#5977=ORIENTED_EDGE('',*,*,#3564,.T.);
#5978=ORIENTED_EDGE('',*,*,#5948,.F.);
#5979=EDGE_LOOP('',(#5975,#5976,#5977,#5978));
#5980=FACE_OUTER_BOUND('',#5979,.F.);
#5981=ADVANCED_FACE('',(#5980),#5974,.F.);
#5982=CARTESIAN_POINT('',(-2.207086614173E-2,7.480314960630E-2,0.E0));
#5983=DIRECTION('',(0.E0,5.E-1,-8.660254037844E-1));
#5984=DIRECTION('',(0.E0,-8.660254037844E-1,-5.E-1));
#5985=AXIS2_PLACEMENT_3D('',#5982,#5983,#5984);
#5986=PLANE('',#5985);
#5987=ORIENTED_EDGE('',*,*,#5961,.F.);
#5988=ORIENTED_EDGE('',*,*,#3556,.F.);
#5989=ORIENTED_EDGE('',*,*,#5860,.T.);
#5991=ORIENTED_EDGE('',*,*,#5990,.F.);
#5992=EDGE_LOOP('',(#5987,#5988,#5989,#5991));
#5993=FACE_OUTER_BOUND('',#5992,.F.);
#5994=ADVANCED_FACE('',(#5993),#5986,.F.);
#5995=CARTESIAN_POINT('',(-2.207086614173E-2,4.507874015748E-2,
-1.716139579678E-2));
#5996=DIRECTION('',(0.E0,1.E0,0.E0));
#5997=DIRECTION('',(0.E0,0.E0,-1.E0));
#5998=AXIS2_PLACEMENT_3D('',#5995,#5996,#5997);
#5999=PLANE('',#5998);
#6000=ORIENTED_EDGE('',*,*,#5963,.F.);
#6001=ORIENTED_EDGE('',*,*,#5990,.T.);
#6002=ORIENTED_EDGE('',*,*,#5858,.T.);
#6004=ORIENTED_EDGE('',*,*,#6003,.F.);
#6005=EDGE_LOOP('',(#6000,#6001,#6002,#6004));
#6006=FACE_OUTER_BOUND('',#6005,.F.);
#6007=ADVANCED_FACE('',(#6006),#5999,.F.);
#6008=CARTESIAN_POINT('',(-2.207086614173E-2,4.507874015748E-2,
-3.937007874016E-2));
#6009=DIRECTION('',(0.E0,0.E0,-1.E0));
#6010=DIRECTION('',(0.E0,-1.E0,0.E0));
#6011=AXIS2_PLACEMENT_3D('',#6008,#6009,#6010);
#6012=PLANE('',#6011);
#6013=ORIENTED_EDGE('',*,*,#5936,.T.);
#6014=ORIENTED_EDGE('',*,*,#5965,.F.);
#6015=ORIENTED_EDGE('',*,*,#6003,.T.);
#6016=ORIENTED_EDGE('',*,*,#5856,.T.);
#6017=EDGE_LOOP('',(#6013,#6014,#6015,#6016));
#6018=FACE_OUTER_BOUND('',#6017,.F.);
#6019=ADVANCED_FACE('',(#6018),#6012,.F.);
#6020=CARTESIAN_POINT('',(1.330472440945E-1,0.E0,0.E0));
#6021=DIRECTION('',(-1.E0,0.E0,0.E0));
#6022=DIRECTION('',(0.E0,0.E0,1.E0));
#6023=AXIS2_PLACEMENT_3D('',#6020,#6021,#6022);
#6024=PLANE('',#6023);
#6026=ORIENTED_EDGE('',*,*,#6025,.T.);
#6027=ORIENTED_EDGE('',*,*,#3584,.F.);
#6029=ORIENTED_EDGE('',*,*,#6028,.F.);
#6030=EDGE_LOOP('',(#6026,#6027,#6029));
#6031=FACE_OUTER_BOUND('',#6030,.F.);
#6032=ADVANCED_FACE('',(#6031),#6024,.T.);
#6033=CARTESIAN_POINT('',(1.330472440945E-1,0.E0,0.E0));
#6034=DIRECTION('',(-1.E0,0.E0,0.E0));
#6035=DIRECTION('',(0.E0,0.E0,1.E0));
#6036=AXIS2_PLACEMENT_3D('',#6033,#6034,#6035);
#6037=PLANE('',#6036);
#6039=ORIENTED_EDGE('',*,*,#6038,.F.);
#6041=ORIENTED_EDGE('',*,*,#6040,.F.);
#6043=ORIENTED_EDGE('',*,*,#6042,.F.);
#6045=ORIENTED_EDGE('',*,*,#6044,.F.);
#6046=ORIENTED_EDGE('',*,*,#3572,.F.);
#6047=EDGE_LOOP('',(#6039,#6041,#6043,#6045,#6046));
#6048=FACE_OUTER_BOUND('',#6047,.F.);
#6049=ADVANCED_FACE('',(#6048),#6037,.T.);
#6050=CARTESIAN_POINT('',(1.330472440945E-1,-4.507874015748E-2,
-3.937007874016E-2));
#6051=DIRECTION('',(0.E0,-1.E0,0.E0));
#6052=DIRECTION('',(0.E0,0.E0,1.E0));
#6053=AXIS2_PLACEMENT_3D('',#6050,#6051,#6052);
#6054=PLANE('',#6053);
#6056=ORIENTED_EDGE('',*,*,#6055,.F.);
#6057=ORIENTED_EDGE('',*,*,#6025,.F.);
#6059=ORIENTED_EDGE('',*,*,#6058,.T.);
#6061=ORIENTED_EDGE('',*,*,#6060,.T.);
#6063=ORIENTED_EDGE('',*,*,#6062,.T.);
#6065=ORIENTED_EDGE('',*,*,#6064,.F.);
#6066=EDGE_LOOP('',(#6056,#6057,#6059,#6061,#6063,#6065));
#6067=FACE_OUTER_BOUND('',#6066,.F.);
#6068=ADVANCED_FACE('',(#6067),#6054,.T.);
#6069=CARTESIAN_POINT('',(1.330472440945E-1,0.E0,0.E0));
#6070=DIRECTION('',(-1.E0,0.E0,0.E0));
#6071=DIRECTION('',(0.E0,0.E0,1.E0));
#6072=AXIS2_PLACEMENT_3D('',#6069,#6070,#6071);
#6073=PLANE('',#6072);
#6074=ORIENTED_EDGE('',*,*,#6055,.T.);
#6076=ORIENTED_EDGE('',*,*,#6075,.T.);
#6078=ORIENTED_EDGE('',*,*,#6077,.T.);
#6079=ORIENTED_EDGE('',*,*,#3586,.F.);
#6080=EDGE_LOOP('',(#6074,#6076,#6078,#6079));
#6081=FACE_OUTER_BOUND('',#6080,.F.);
#6082=ADVANCED_FACE('',(#6081),#6073,.F.);
#6083=CARTESIAN_POINT('',(1.330472440945E-1,-4.507874015748E-2,
3.897637795276E-2));
#6084=DIRECTION('',(0.E0,0.E0,1.E0));
#6085=DIRECTION('',(0.E0,1.E0,0.E0));
#6086=AXIS2_PLACEMENT_3D('',#6083,#6084,#6085);
#6087=PLANE('',#6086);
#6088=ORIENTED_EDGE('',*,*,#6075,.F.);
#6089=ORIENTED_EDGE('',*,*,#6064,.T.);
#6091=ORIENTED_EDGE('',*,*,#6090,.T.);
#6093=ORIENTED_EDGE('',*,*,#6092,.F.);
#6094=EDGE_LOOP('',(#6088,#6089,#6091,#6093));
#6095=FACE_OUTER_BOUND('',#6094,.F.);
#6096=ADVANCED_FACE('',(#6095),#6087,.T.);
#6097=CARTESIAN_POINT('',(7.792913385827E-2,0.E0,0.E0));
#6098=DIRECTION('',(-1.E0,0.E0,0.E0));
#6099=DIRECTION('',(0.E0,0.E0,1.E0));
#6100=AXIS2_PLACEMENT_3D('',#6097,#6098,#6099);
#6101=PLANE('',#6100);
#6102=ORIENTED_EDGE('',*,*,#6062,.F.);
#6103=ORIENTED_EDGE('',*,*,#3578,.T.);
#6105=ORIENTED_EDGE('',*,*,#6104,.F.);
#6106=ORIENTED_EDGE('',*,*,#6090,.F.);
#6107=EDGE_LOOP('',(#6102,#6103,#6105,#6106));
#6108=FACE_OUTER_BOUND('',#6107,.F.);
#6109=ADVANCED_FACE('',(#6108),#6101,.T.);
#6110=CARTESIAN_POINT('',(1.330472440945E-1,-6.102362204724E-3,
3.897637795276E-2));
#6111=DIRECTION('',(0.E0,1.E0,0.E0));
#6112=DIRECTION('',(0.E0,0.E0,-1.E0));
#6113=AXIS2_PLACEMENT_3D('',#6110,#6111,#6112);
#6114=PLANE('',#6113);
#6115=ORIENTED_EDGE('',*,*,#6077,.F.);
#6116=ORIENTED_EDGE('',*,*,#6092,.T.);
#6117=ORIENTED_EDGE('',*,*,#6104,.T.);
#6119=ORIENTED_EDGE('',*,*,#6118,.F.);
#6121=ORIENTED_EDGE('',*,*,#6120,.F.);
#6122=ORIENTED_EDGE('',*,*,#6038,.T.);
#6123=EDGE_LOOP('',(#6115,#6116,#6117,#6119,#6121,#6122));
#6124=FACE_OUTER_BOUND('',#6123,.F.);
#6125=ADVANCED_FACE('',(#6124),#6114,.T.);
#6126=CARTESIAN_POINT('',(7.792913385827E-2,0.E0,0.E0));
#6127=DIRECTION('',(-1.E0,0.E0,0.E0));
#6128=DIRECTION('',(0.E0,0.E0,1.E0));
#6129=AXIS2_PLACEMENT_3D('',#6126,#6127,#6128);
#6130=PLANE('',#6129);
#6131=ORIENTED_EDGE('',*,*,#6060,.F.);
#6133=ORIENTED_EDGE('',*,*,#6132,.T.);
#6134=ORIENTED_EDGE('',*,*,#3580,.T.);
#6135=EDGE_LOOP('',(#6131,#6133,#6134));
#6136=FACE_OUTER_BOUND('',#6135,.F.);
#6137=ADVANCED_FACE('',(#6136),#6130,.F.);
#6138=CARTESIAN_POINT('',(7.792913385827E-2,0.E0,0.E0));
#6139=DIRECTION('',(-1.E0,0.E0,0.E0));
#6140=DIRECTION('',(0.E0,0.E0,1.E0));
#6141=AXIS2_PLACEMENT_3D('',#6138,#6139,#6140);
#6142=PLANE('',#6141);
#6143=ORIENTED_EDGE('',*,*,#6118,.T.);
#6144=ORIENTED_EDGE('',*,*,#3576,.T.);
#6146=ORIENTED_EDGE('',*,*,#6145,.T.);
#6148=ORIENTED_EDGE('',*,*,#6147,.T.);
#6150=ORIENTED_EDGE('',*,*,#6149,.T.);
#6151=EDGE_LOOP('',(#6143,#6144,#6146,#6148,#6150));
#6152=FACE_OUTER_BOUND('',#6151,.F.);
#6153=ADVANCED_FACE('',(#6152),#6142,.F.);
#6154=CARTESIAN_POINT('',(7.792913385827E-2,-4.507874015748E-2,
-1.716139579678E-2));
#6155=DIRECTION('',(0.E0,-5.E-1,-8.660254037844E-1));
#6156=DIRECTION('',(0.E0,-8.660254037844E-1,5.E-1));
#6157=AXIS2_PLACEMENT_3D('',#6154,#6155,#6156);
#6158=PLANE('',#6157);
#6159=ORIENTED_EDGE('',*,*,#6058,.F.);
#6160=ORIENTED_EDGE('',*,*,#6028,.T.);
#6161=ORIENTED_EDGE('',*,*,#3582,.T.);
#6162=ORIENTED_EDGE('',*,*,#6132,.F.);
#6163=EDGE_LOOP('',(#6159,#6160,#6161,#6162));
#6164=FACE_OUTER_BOUND('',#6163,.F.);
#6165=ADVANCED_FACE('',(#6164),#6158,.F.);
#6166=CARTESIAN_POINT('',(7.792913385827E-2,7.480314960630E-2,0.E0));
#6167=DIRECTION('',(0.E0,5.E-1,-8.660254037844E-1));
#6168=DIRECTION('',(0.E0,-8.660254037844E-1,-5.E-1));
#6169=AXIS2_PLACEMENT_3D('',#6166,#6167,#6168);
#6170=PLANE('',#6169);
#6171=ORIENTED_EDGE('',*,*,#6145,.F.);
#6172=ORIENTED_EDGE('',*,*,#3574,.F.);
#6173=ORIENTED_EDGE('',*,*,#6044,.T.);
#6175=ORIENTED_EDGE('',*,*,#6174,.F.);
#6176=EDGE_LOOP('',(#6171,#6172,#6173,#6175));
#6177=FACE_OUTER_BOUND('',#6176,.F.);
#6178=ADVANCED_FACE('',(#6177),#6170,.F.);
#6179=CARTESIAN_POINT('',(7.792913385827E-2,4.507874015748E-2,
-1.716139579678E-2));
#6180=DIRECTION('',(0.E0,1.E0,0.E0));
#6181=DIRECTION('',(0.E0,0.E0,-1.E0));
#6182=AXIS2_PLACEMENT_3D('',#6179,#6180,#6181);
#6183=PLANE('',#6182);
#6184=ORIENTED_EDGE('',*,*,#6147,.F.);
#6185=ORIENTED_EDGE('',*,*,#6174,.T.);
#6186=ORIENTED_EDGE('',*,*,#6042,.T.);
#6188=ORIENTED_EDGE('',*,*,#6187,.F.);
#6189=EDGE_LOOP('',(#6184,#6185,#6186,#6188));
#6190=FACE_OUTER_BOUND('',#6189,.F.);
#6191=ADVANCED_FACE('',(#6190),#6183,.F.);
#6192=CARTESIAN_POINT('',(7.792913385827E-2,4.507874015748E-2,
-3.937007874016E-2));
#6193=DIRECTION('',(0.E0,0.E0,-1.E0));
#6194=DIRECTION('',(0.E0,-1.E0,0.E0));
#6195=AXIS2_PLACEMENT_3D('',#6192,#6193,#6194);
#6196=PLANE('',#6195);
#6197=ORIENTED_EDGE('',*,*,#6120,.T.);
#6198=ORIENTED_EDGE('',*,*,#6149,.F.);
#6199=ORIENTED_EDGE('',*,*,#6187,.T.);
#6200=ORIENTED_EDGE('',*,*,#6040,.T.);
#6201=EDGE_LOOP('',(#6197,#6198,#6199,#6200));
#6202=FACE_OUTER_BOUND('',#6201,.F.);
#6203=ADVANCED_FACE('',(#6202),#6196,.F.);
#6204=CARTESIAN_POINT('',(2.330472440945E-1,0.E0,0.E0));
#6205=DIRECTION('',(-1.E0,0.E0,0.E0));
#6206=DIRECTION('',(0.E0,0.E0,1.E0));
#6207=AXIS2_PLACEMENT_3D('',#6204,#6205,#6206);
#6208=PLANE('',#6207);
#6210=ORIENTED_EDGE('',*,*,#6209,.T.);
#6211=ORIENTED_EDGE('',*,*,#3602,.F.);
#6213=ORIENTED_EDGE('',*,*,#6212,.F.);
#6214=EDGE_LOOP('',(#6210,#6211,#6213));
#6215=FACE_OUTER_BOUND('',#6214,.F.);
#6216=ADVANCED_FACE('',(#6215),#6208,.T.);
#6217=CARTESIAN_POINT('',(2.330472440945E-1,0.E0,0.E0));
#6218=DIRECTION('',(-1.E0,0.E0,0.E0));
#6219=DIRECTION('',(0.E0,0.E0,1.E0));
#6220=AXIS2_PLACEMENT_3D('',#6217,#6218,#6219);
#6221=PLANE('',#6220);
#6223=ORIENTED_EDGE('',*,*,#6222,.F.);
#6225=ORIENTED_EDGE('',*,*,#6224,.F.);
#6227=ORIENTED_EDGE('',*,*,#6226,.F.);
#6229=ORIENTED_EDGE('',*,*,#6228,.F.);
#6230=ORIENTED_EDGE('',*,*,#3590,.F.);
#6231=EDGE_LOOP('',(#6223,#6225,#6227,#6229,#6230));
#6232=FACE_OUTER_BOUND('',#6231,.F.);
#6233=ADVANCED_FACE('',(#6232),#6221,.T.);
#6234=CARTESIAN_POINT('',(2.330472440945E-1,-4.507874015748E-2,
-3.937007874016E-2));
#6235=DIRECTION('',(0.E0,-1.E0,0.E0));
#6236=DIRECTION('',(0.E0,0.E0,1.E0));
#6237=AXIS2_PLACEMENT_3D('',#6234,#6235,#6236);
#6238=PLANE('',#6237);
#6240=ORIENTED_EDGE('',*,*,#6239,.F.);
#6241=ORIENTED_EDGE('',*,*,#6209,.F.);
#6243=ORIENTED_EDGE('',*,*,#6242,.T.);
#6245=ORIENTED_EDGE('',*,*,#6244,.T.);
#6247=ORIENTED_EDGE('',*,*,#6246,.T.);
#6249=ORIENTED_EDGE('',*,*,#6248,.F.);
#6250=EDGE_LOOP('',(#6240,#6241,#6243,#6245,#6247,#6249));
#6251=FACE_OUTER_BOUND('',#6250,.F.);
#6252=ADVANCED_FACE('',(#6251),#6238,.T.);
#6253=CARTESIAN_POINT('',(2.330472440945E-1,0.E0,0.E0));
#6254=DIRECTION('',(-1.E0,0.E0,0.E0));
#6255=DIRECTION('',(0.E0,0.E0,1.E0));
#6256=AXIS2_PLACEMENT_3D('',#6253,#6254,#6255);
#6257=PLANE('',#6256);
#6258=ORIENTED_EDGE('',*,*,#6239,.T.);
#6260=ORIENTED_EDGE('',*,*,#6259,.T.);
#6262=ORIENTED_EDGE('',*,*,#6261,.T.);
#6263=ORIENTED_EDGE('',*,*,#3604,.F.);
#6264=EDGE_LOOP('',(#6258,#6260,#6262,#6263));
#6265=FACE_OUTER_BOUND('',#6264,.F.);
#6266=ADVANCED_FACE('',(#6265),#6257,.F.);
#6267=CARTESIAN_POINT('',(2.330472440945E-1,-4.507874015748E-2,
3.897637795276E-2));
#6268=DIRECTION('',(0.E0,0.E0,1.E0));
#6269=DIRECTION('',(0.E0,1.E0,0.E0));
#6270=AXIS2_PLACEMENT_3D('',#6267,#6268,#6269);
#6271=PLANE('',#6270);
#6272=ORIENTED_EDGE('',*,*,#6259,.F.);
#6273=ORIENTED_EDGE('',*,*,#6248,.T.);
#6275=ORIENTED_EDGE('',*,*,#6274,.T.);
#6277=ORIENTED_EDGE('',*,*,#6276,.F.);
#6278=EDGE_LOOP('',(#6272,#6273,#6275,#6277));
#6279=FACE_OUTER_BOUND('',#6278,.F.);
#6280=ADVANCED_FACE('',(#6279),#6271,.T.);
#6281=CARTESIAN_POINT('',(1.779291338583E-1,0.E0,0.E0));
#6282=DIRECTION('',(-1.E0,0.E0,0.E0));
#6283=DIRECTION('',(0.E0,0.E0,1.E0));
#6284=AXIS2_PLACEMENT_3D('',#6281,#6282,#6283);
#6285=PLANE('',#6284);
#6286=ORIENTED_EDGE('',*,*,#6246,.F.);
#6287=ORIENTED_EDGE('',*,*,#3596,.T.);
#6289=ORIENTED_EDGE('',*,*,#6288,.F.);
#6290=ORIENTED_EDGE('',*,*,#6274,.F.);
#6291=EDGE_LOOP('',(#6286,#6287,#6289,#6290));
#6292=FACE_OUTER_BOUND('',#6291,.F.);
#6293=ADVANCED_FACE('',(#6292),#6285,.T.);
#6294=CARTESIAN_POINT('',(2.330472440945E-1,-6.102362204724E-3,
3.897637795276E-2));
#6295=DIRECTION('',(0.E0,1.E0,0.E0));
#6296=DIRECTION('',(0.E0,0.E0,-1.E0));
#6297=AXIS2_PLACEMENT_3D('',#6294,#6295,#6296);
#6298=PLANE('',#6297);
#6299=ORIENTED_EDGE('',*,*,#6261,.F.);
#6300=ORIENTED_EDGE('',*,*,#6276,.T.);
#6301=ORIENTED_EDGE('',*,*,#6288,.T.);
#6303=ORIENTED_EDGE('',*,*,#6302,.F.);
#6305=ORIENTED_EDGE('',*,*,#6304,.F.);
#6306=ORIENTED_EDGE('',*,*,#6222,.T.);
#6307=EDGE_LOOP('',(#6299,#6300,#6301,#6303,#6305,#6306));
#6308=FACE_OUTER_BOUND('',#6307,.F.);
#6309=ADVANCED_FACE('',(#6308),#6298,.T.);
#6310=CARTESIAN_POINT('',(1.779291338583E-1,0.E0,0.E0));
#6311=DIRECTION('',(-1.E0,0.E0,0.E0));
#6312=DIRECTION('',(0.E0,0.E0,1.E0));
#6313=AXIS2_PLACEMENT_3D('',#6310,#6311,#6312);
#6314=PLANE('',#6313);
#6315=ORIENTED_EDGE('',*,*,#6244,.F.);
#6317=ORIENTED_EDGE('',*,*,#6316,.T.);
#6318=ORIENTED_EDGE('',*,*,#3598,.T.);
#6319=EDGE_LOOP('',(#6315,#6317,#6318));
#6320=FACE_OUTER_BOUND('',#6319,.F.);
#6321=ADVANCED_FACE('',(#6320),#6314,.F.);
#6322=CARTESIAN_POINT('',(1.779291338583E-1,0.E0,0.E0));
#6323=DIRECTION('',(-1.E0,0.E0,0.E0));
#6324=DIRECTION('',(0.E0,0.E0,1.E0));
#6325=AXIS2_PLACEMENT_3D('',#6322,#6323,#6324);
#6326=PLANE('',#6325);
#6327=ORIENTED_EDGE('',*,*,#6302,.T.);
#6328=ORIENTED_EDGE('',*,*,#3594,.T.);
#6330=ORIENTED_EDGE('',*,*,#6329,.T.);
#6332=ORIENTED_EDGE('',*,*,#6331,.T.);
#6334=ORIENTED_EDGE('',*,*,#6333,.T.);
#6335=EDGE_LOOP('',(#6327,#6328,#6330,#6332,#6334));
#6336=FACE_OUTER_BOUND('',#6335,.F.);
#6337=ADVANCED_FACE('',(#6336),#6326,.F.);
#6338=CARTESIAN_POINT('',(1.779291338583E-1,-4.507874015748E-2,
-1.716139579678E-2));
#6339=DIRECTION('',(0.E0,-5.E-1,-8.660254037844E-1));
#6340=DIRECTION('',(0.E0,-8.660254037844E-1,5.E-1));
#6341=AXIS2_PLACEMENT_3D('',#6338,#6339,#6340);
#6342=PLANE('',#6341);
#6343=ORIENTED_EDGE('',*,*,#6242,.F.);
#6344=ORIENTED_EDGE('',*,*,#6212,.T.);
#6345=ORIENTED_EDGE('',*,*,#3600,.T.);
#6346=ORIENTED_EDGE('',*,*,#6316,.F.);
#6347=EDGE_LOOP('',(#6343,#6344,#6345,#6346));
#6348=FACE_OUTER_BOUND('',#6347,.F.);
#6349=ADVANCED_FACE('',(#6348),#6342,.F.);
#6350=CARTESIAN_POINT('',(1.779291338583E-1,7.480314960630E-2,0.E0));
#6351=DIRECTION('',(0.E0,5.E-1,-8.660254037844E-1));
#6352=DIRECTION('',(0.E0,-8.660254037844E-1,-5.E-1));
#6353=AXIS2_PLACEMENT_3D('',#6350,#6351,#6352);
#6354=PLANE('',#6353);
#6355=ORIENTED_EDGE('',*,*,#6329,.F.);
#6356=ORIENTED_EDGE('',*,*,#3592,.F.);
#6357=ORIENTED_EDGE('',*,*,#6228,.T.);
#6359=ORIENTED_EDGE('',*,*,#6358,.F.);
#6360=EDGE_LOOP('',(#6355,#6356,#6357,#6359));
#6361=FACE_OUTER_BOUND('',#6360,.F.);
#6362=ADVANCED_FACE('',(#6361),#6354,.F.);
#6363=CARTESIAN_POINT('',(1.779291338583E-1,4.507874015748E-2,
-1.716139579678E-2));
#6364=DIRECTION('',(0.E0,1.E0,0.E0));
#6365=DIRECTION('',(0.E0,0.E0,-1.E0));
#6366=AXIS2_PLACEMENT_3D('',#6363,#6364,#6365);
#6367=PLANE('',#6366);
#6368=ORIENTED_EDGE('',*,*,#6331,.F.);
#6369=ORIENTED_EDGE('',*,*,#6358,.T.);
#6370=ORIENTED_EDGE('',*,*,#6226,.T.);
#6372=ORIENTED_EDGE('',*,*,#6371,.F.);
#6373=EDGE_LOOP('',(#6368,#6369,#6370,#6372));
#6374=FACE_OUTER_BOUND('',#6373,.F.);
#6375=ADVANCED_FACE('',(#6374),#6367,.F.);
#6376=CARTESIAN_POINT('',(1.779291338583E-1,4.507874015748E-2,
-3.937007874016E-2));
#6377=DIRECTION('',(0.E0,0.E0,-1.E0));
#6378=DIRECTION('',(0.E0,-1.E0,0.E0));
#6379=AXIS2_PLACEMENT_3D('',#6376,#6377,#6378);
#6380=PLANE('',#6379);
#6381=ORIENTED_EDGE('',*,*,#6304,.T.);
#6382=ORIENTED_EDGE('',*,*,#6333,.F.);
#6383=ORIENTED_EDGE('',*,*,#6371,.T.);
#6384=ORIENTED_EDGE('',*,*,#6224,.T.);
#6385=EDGE_LOOP('',(#6381,#6382,#6383,#6384));
#6386=FACE_OUTER_BOUND('',#6385,.F.);
#6387=ADVANCED_FACE('',(#6386),#6380,.F.);
#6388=CARTESIAN_POINT('',(-1.815E-1,-1.25E-1,0.E0));
#6389=DIRECTION('',(1.E0,0.E0,0.E0));
#6390=DIRECTION('',(0.E0,1.E0,0.E0));
#6391=AXIS2_PLACEMENT_3D('',#6388,#6389,#6390);
#6392=PLANE('',#6391);
#6393=ORIENTED_EDGE('',*,*,#3608,.F.);
#6395=ORIENTED_EDGE('',*,*,#6394,.T.);
#6397=ORIENTED_EDGE('',*,*,#6396,.T.);
#6399=ORIENTED_EDGE('',*,*,#6398,.F.);
#6400=EDGE_LOOP('',(#6393,#6395,#6397,#6399));
#6401=FACE_OUTER_BOUND('',#6400,.F.);
#6402=ADVANCED_FACE('',(#6401),#6392,.F.);
#6403=CARTESIAN_POINT('',(-1.8525E-1,-1.25E-1,0.E0));
#6404=DIRECTION('',(0.E0,-1.E0,0.E0));
#6405=DIRECTION('',(1.E0,0.E0,0.E0));
#6406=AXIS2_PLACEMENT_3D('',#6403,#6404,#6405);
#6407=PLANE('',#6406);
#6408=ORIENTED_EDGE('',*,*,#3620,.F.);
#6410=ORIENTED_EDGE('',*,*,#6409,.T.);
#6412=ORIENTED_EDGE('',*,*,#6411,.T.);
#6413=ORIENTED_EDGE('',*,*,#6394,.F.);
#6414=EDGE_LOOP('',(#6408,#6410,#6412,#6413));
#6415=FACE_OUTER_BOUND('',#6414,.F.);
#6416=ADVANCED_FACE('',(#6415),#6407,.F.);
#6417=CARTESIAN_POINT('',(-1.8525E-1,-1.001063823700E-1,0.E0));
#6418=DIRECTION('',(-1.E0,0.E0,0.E0));
#6419=DIRECTION('',(0.E0,-1.E0,0.E0));
#6420=AXIS2_PLACEMENT_3D('',#6417,#6418,#6419);
#6421=PLANE('',#6420);
#6422=ORIENTED_EDGE('',*,*,#3618,.F.);
#6424=ORIENTED_EDGE('',*,*,#6423,.T.);
#6426=ORIENTED_EDGE('',*,*,#6425,.T.);
#6427=ORIENTED_EDGE('',*,*,#6409,.F.);
#6428=EDGE_LOOP('',(#6422,#6424,#6426,#6427));
#6429=FACE_OUTER_BOUND('',#6428,.F.);
#6430=ADVANCED_FACE('',(#6429),#6421,.F.);
#6431=CARTESIAN_POINT('',(-1.89E-1,-1.045744687319E-1,0.E0));
#6432=DIRECTION('',(7.659743427825E-1,-6.428711427642E-1,0.E0));
#6433=DIRECTION('',(6.428711427642E-1,7.659743427825E-1,0.E0));
#6434=AXIS2_PLACEMENT_3D('',#6431,#6432,#6433);
#6435=PLANE('',#6434);
#6436=ORIENTED_EDGE('',*,*,#3616,.F.);
#6438=ORIENTED_EDGE('',*,*,#6437,.T.);
#6440=ORIENTED_EDGE('',*,*,#6439,.T.);
#6441=ORIENTED_EDGE('',*,*,#6423,.F.);
#6442=EDGE_LOOP('',(#6436,#6438,#6440,#6441));
#6443=FACE_OUTER_BOUND('',#6442,.F.);
#6444=ADVANCED_FACE('',(#6443),#6435,.F.);
#6445=CARTESIAN_POINT('',(-1.89E-1,-9.946808457375E-2,0.E0));
#6446=DIRECTION('',(-1.E0,0.E0,0.E0));
#6447=DIRECTION('',(0.E0,-1.E0,0.E0));
#6448=AXIS2_PLACEMENT_3D('',#6445,#6446,#6447);
#6449=PLANE('',#6448);
#6450=ORIENTED_EDGE('',*,*,#3614,.F.);
#6452=ORIENTED_EDGE('',*,*,#6451,.T.);
#6454=ORIENTED_EDGE('',*,*,#6453,.T.);
#6455=ORIENTED_EDGE('',*,*,#6437,.F.);
#6456=EDGE_LOOP('',(#6450,#6452,#6454,#6455));
#6457=FACE_OUTER_BOUND('',#6456,.F.);
#6458=ADVANCED_FACE('',(#6457),#6449,.F.);
#6459=CARTESIAN_POINT('',(-1.8525E-1,-9.5E-2,0.E0));
#6460=DIRECTION('',(-7.659742160926E-1,6.428712937139E-1,0.E0));
#6461=DIRECTION('',(-6.428712937139E-1,-7.659742160926E-1,0.E0));
#6462=AXIS2_PLACEMENT_3D('',#6459,#6460,#6461);
#6463=PLANE('',#6462);
#6464=ORIENTED_EDGE('',*,*,#3612,.F.);
#6466=ORIENTED_EDGE('',*,*,#6465,.T.);
#6468=ORIENTED_EDGE('',*,*,#6467,.T.);
#6469=ORIENTED_EDGE('',*,*,#6451,.F.);
#6470=EDGE_LOOP('',(#6464,#6466,#6468,#6469));
#6471=FACE_OUTER_BOUND('',#6470,.F.);
#6472=ADVANCED_FACE('',(#6471),#6463,.F.);
#6473=CARTESIAN_POINT('',(-1.815E-1,-9.5E-2,0.E0));
#6474=DIRECTION('',(0.E0,1.E0,0.E0));
#6475=DIRECTION('',(-1.E0,0.E0,0.E0));
#6476=AXIS2_PLACEMENT_3D('',#6473,#6474,#6475);
#6477=PLANE('',#6476);
#6478=ORIENTED_EDGE('',*,*,#3610,.F.);
#6479=ORIENTED_EDGE('',*,*,#6398,.T.);
#6481=ORIENTED_EDGE('',*,*,#6480,.T.);
#6482=ORIENTED_EDGE('',*,*,#6465,.F.);
#6483=EDGE_LOOP('',(#6478,#6479,#6481,#6482));
#6484=FACE_OUTER_BOUND('',#6483,.F.);
#6485=ADVANCED_FACE('',(#6484),#6477,.F.);
#6486=CARTESIAN_POINT('',(-2.89E-1,0.E0,-5.E-3));
#6487=DIRECTION('',(0.E0,0.E0,1.E0));
#6488=DIRECTION('',(1.E0,0.E0,0.E0));
#6489=AXIS2_PLACEMENT_3D('',#6486,#6487,#6488);
#6490=PLANE('',#6489);
#6491=ORIENTED_EDGE('',*,*,#6396,.F.);
#6492=ORIENTED_EDGE('',*,*,#6411,.F.);
#6493=ORIENTED_EDGE('',*,*,#6425,.F.);
#6494=ORIENTED_EDGE('',*,*,#6439,.F.);
#6495=ORIENTED_EDGE('',*,*,#6453,.F.);
#6496=ORIENTED_EDGE('',*,*,#6467,.F.);
#6497=ORIENTED_EDGE('',*,*,#6480,.F.);
#6498=EDGE_LOOP('',(#6491,#6492,#6493,#6494,#6495,#6496,#6497));
#6499=FACE_OUTER_BOUND('',#6498,.F.);
#6500=ADVANCED_FACE('',(#6499),#6490,.T.);
#6501=CARTESIAN_POINT('',(-2.89E-1,0.E0,-5.E-3));
#6502=DIRECTION('',(0.E0,0.E0,1.E0));
#6503=DIRECTION('',(1.E0,0.E0,0.E0));
#6504=AXIS2_PLACEMENT_3D('',#6501,#6502,#6503);
#6505=PLANE('',#6504);
#6507=ORIENTED_EDGE('',*,*,#6506,.F.);
#6509=ORIENTED_EDGE('',*,*,#6508,.F.);
#6511=ORIENTED_EDGE('',*,*,#6510,.F.);
#6513=ORIENTED_EDGE('',*,*,#6512,.F.);
#6515=ORIENTED_EDGE('',*,*,#6514,.F.);
#6517=ORIENTED_EDGE('',*,*,#6516,.F.);
#6519=ORIENTED_EDGE('',*,*,#6518,.F.);
#6521=ORIENTED_EDGE('',*,*,#6520,.F.);
#6523=ORIENTED_EDGE('',*,*,#6522,.F.);
#6525=ORIENTED_EDGE('',*,*,#6524,.F.);
#6527=ORIENTED_EDGE('',*,*,#6526,.F.);
#6529=ORIENTED_EDGE('',*,*,#6528,.F.);
#6531=ORIENTED_EDGE('',*,*,#6530,.F.);
#6533=ORIENTED_EDGE('',*,*,#6532,.F.);
#6535=ORIENTED_EDGE('',*,*,#6534,.F.);
#6537=ORIENTED_EDGE('',*,*,#6536,.F.);
#6539=ORIENTED_EDGE('',*,*,#6538,.F.);
#6541=ORIENTED_EDGE('',*,*,#6540,.F.);
#6543=ORIENTED_EDGE('',*,*,#6542,.F.);
#6545=ORIENTED_EDGE('',*,*,#6544,.F.);
#6547=ORIENTED_EDGE('',*,*,#6546,.F.);
#6549=ORIENTED_EDGE('',*,*,#6548,.F.);
#6551=ORIENTED_EDGE('',*,*,#6550,.F.);
#6553=ORIENTED_EDGE('',*,*,#6552,.F.);
#6554=EDGE_LOOP('',(#6507,#6509,#6511,#6513,#6515,#6517,#6519,#6521,#6523,#6525,
#6527,#6529,#6531,#6533,#6535,#6537,#6539,#6541,#6543,#6545,#6547,#6549,#6551,
#6553));
#6555=FACE_OUTER_BOUND('',#6554,.F.);
#6557=ORIENTED_EDGE('',*,*,#6556,.F.);
#6559=ORIENTED_EDGE('',*,*,#6558,.F.);
#6561=ORIENTED_EDGE('',*,*,#6560,.F.);
#6563=ORIENTED_EDGE('',*,*,#6562,.F.);
#6565=ORIENTED_EDGE('',*,*,#6564,.F.);
#6567=ORIENTED_EDGE('',*,*,#6566,.F.);
#6569=ORIENTED_EDGE('',*,*,#6568,.F.);
#6571=ORIENTED_EDGE('',*,*,#6570,.F.);
#6573=ORIENTED_EDGE('',*,*,#6572,.F.);
#6575=ORIENTED_EDGE('',*,*,#6574,.F.);
#6577=ORIENTED_EDGE('',*,*,#6576,.F.);
#6579=ORIENTED_EDGE('',*,*,#6578,.F.);
#6581=ORIENTED_EDGE('',*,*,#6580,.F.);
#6583=ORIENTED_EDGE('',*,*,#6582,.F.);
#6585=ORIENTED_EDGE('',*,*,#6584,.F.);
#6587=ORIENTED_EDGE('',*,*,#6586,.F.);
#6589=ORIENTED_EDGE('',*,*,#6588,.F.);
#6591=ORIENTED_EDGE('',*,*,#6590,.F.);
#6593=ORIENTED_EDGE('',*,*,#6592,.F.);
#6595=ORIENTED_EDGE('',*,*,#6594,.F.);
#6596=EDGE_LOOP('',(#6557,#6559,#6561,#6563,#6565,#6567,#6569,#6571,#6573,#6575,
#6577,#6579,#6581,#6583,#6585,#6587,#6589,#6591,#6593,#6595));
#6597=FACE_BOUND('',#6596,.F.);
#6598=ADVANCED_FACE('',(#6555,#6597),#6505,.T.);
#6599=CARTESIAN_POINT('',(-2.89E-1,0.E0,-5.E-3));
#6600=DIRECTION('',(0.E0,0.E0,1.E0));
#6601=DIRECTION('',(1.E0,0.E0,0.E0));
#6602=AXIS2_PLACEMENT_3D('',#6599,#6600,#6601);
#6603=PLANE('',#6602);
#6605=ORIENTED_EDGE('',*,*,#6604,.F.);
#6607=ORIENTED_EDGE('',*,*,#6606,.F.);
#6609=ORIENTED_EDGE('',*,*,#6608,.F.);
#6611=ORIENTED_EDGE('',*,*,#6610,.F.);
#6613=ORIENTED_EDGE('',*,*,#6612,.F.);
#6615=ORIENTED_EDGE('',*,*,#6614,.F.);
#6617=ORIENTED_EDGE('',*,*,#6616,.F.);
#6619=ORIENTED_EDGE('',*,*,#6618,.F.);
#6621=ORIENTED_EDGE('',*,*,#6620,.F.);
#6623=ORIENTED_EDGE('',*,*,#6622,.F.);
#6624=EDGE_LOOP('',(#6605,#6607,#6609,#6611,#6613,#6615,#6617,#6619,#6621,
#6623));
#6625=FACE_OUTER_BOUND('',#6624,.F.);
#6626=ADVANCED_FACE('',(#6625),#6603,.T.);
#6627=CARTESIAN_POINT('',(-2.589999997020E-1,1.3E-1,0.E0));
#6628=DIRECTION('',(-2.001233458994E-1,9.797707111493E-1,0.E0));
#6629=DIRECTION('',(-9.797707111493E-1,-2.001233458994E-1,0.E0));
#6630=AXIS2_PLACEMENT_3D('',#6627,#6628,#6629);
#6631=PLANE('',#6630);
#6632=ORIENTED_EDGE('',*,*,#3624,.F.);
#6634=ORIENTED_EDGE('',*,*,#6633,.T.);
#6635=ORIENTED_EDGE('',*,*,#6506,.T.);
#6637=ORIENTED_EDGE('',*,*,#6636,.F.);
#6638=EDGE_LOOP('',(#6632,#6634,#6635,#6637));
#6639=FACE_OUTER_BOUND('',#6638,.F.);
#6640=ADVANCED_FACE('',(#6639),#6631,.F.);
#6641=CARTESIAN_POINT('',(-2.54E-1,1.3E-1,0.E0));
#6642=DIRECTION('',(0.E0,1.E0,0.E0));
#6643=DIRECTION('',(-1.E0,0.E0,0.E0));
#6644=AXIS2_PLACEMENT_3D('',#6641,#6642,#6643);
#6645=PLANE('',#6644);
#6646=ORIENTED_EDGE('',*,*,#3670,.F.);
#6648=ORIENTED_EDGE('',*,*,#6647,.T.);
#6649=ORIENTED_EDGE('',*,*,#6508,.T.);
#6650=ORIENTED_EDGE('',*,*,#6633,.F.);
#6651=EDGE_LOOP('',(#6646,#6648,#6649,#6650));
#6652=FACE_OUTER_BOUND('',#6651,.F.);
#6653=ADVANCED_FACE('',(#6652),#6645,.F.);
#6654=CARTESIAN_POINT('',(-2.508749994040E-1,1.293617022038E-1,0.E0));
#6655=DIRECTION('',(2.001233184180E-1,9.797707167625E-1,0.E0));
#6656=DIRECTION('',(-9.797707167625E-1,2.001233184180E-1,0.E0));
#6657=AXIS2_PLACEMENT_3D('',#6654,#6655,#6656);
#6658=PLANE('',#6657);
#6659=ORIENTED_EDGE('',*,*,#3668,.F.);
#6661=ORIENTED_EDGE('',*,*,#6660,.T.);
#6662=ORIENTED_EDGE('',*,*,#6510,.T.);
#6663=ORIENTED_EDGE('',*,*,#6647,.F.);
#6664=EDGE_LOOP('',(#6659,#6661,#6662,#6663));
#6665=FACE_OUTER_BOUND('',#6664,.F.);
#6666=ADVANCED_FACE('',(#6665),#6658,.F.);
#6667=CARTESIAN_POINT('',(-2.48375E-1,1.280851066113E-1,0.E0));
#6668=DIRECTION('',(4.547771995498E-1,8.906052429498E-1,0.E0));
#6669=DIRECTION('',(-8.906052429498E-1,4.547771995498E-1,0.E0));
#6670=AXIS2_PLACEMENT_3D('',#6667,#6668,#6669);
#6671=PLANE('',#6670);
#6672=ORIENTED_EDGE('',*,*,#3666,.F.);
#6674=ORIENTED_EDGE('',*,*,#6673,.T.);
#6675=ORIENTED_EDGE('',*,*,#6512,.T.);
#6676=ORIENTED_EDGE('',*,*,#6660,.F.);
#6677=EDGE_LOOP('',(#6672,#6674,#6675,#6676));
#6678=FACE_OUTER_BOUND('',#6677,.F.);
#6679=ADVANCED_FACE('',(#6678),#6671,.F.);
#6680=CARTESIAN_POINT('',(-2.458750005960E-1,1.255319154263E-1,0.E0));
#6681=DIRECTION('',(7.145104681851E-1,6.996247500295E-1,0.E0));
#6682=DIRECTION('',(-6.996247500295E-1,7.145104681851E-1,0.E0));
#6683=AXIS2_PLACEMENT_3D('',#6680,#6681,#6682);
#6684=PLANE('',#6683);
#6685=ORIENTED_EDGE('',*,*,#3664,.F.);
#6687=ORIENTED_EDGE('',*,*,#6686,.T.);
#6688=ORIENTED_EDGE('',*,*,#6514,.T.);
#6689=ORIENTED_EDGE('',*,*,#6673,.F.);
#6690=EDGE_LOOP('',(#6685,#6687,#6688,#6689));
#6691=FACE_OUTER_BOUND('',#6690,.F.);
#6692=ADVANCED_FACE('',(#6691),#6684,.F.);
#6693=CARTESIAN_POINT('',(-2.44625E-1,1.229787242413E-1,0.E0));
#6694=DIRECTION('',(8.981380143666E-1,4.397136649566E-1,0.E0));
#6695=DIRECTION('',(-4.397136649566E-1,8.981380143666E-1,0.E0));
#6696=AXIS2_PLACEMENT_3D('',#6693,#6694,#6695);
#6697=PLANE('',#6696);
#6698=ORIENTED_EDGE('',*,*,#3662,.F.);
#6700=ORIENTED_EDGE('',*,*,#6699,.T.);
#6701=ORIENTED_EDGE('',*,*,#6516,.T.);
#6702=ORIENTED_EDGE('',*,*,#6686,.F.);
#6703=EDGE_LOOP('',(#6698,#6700,#6701,#6702));
#6704=FACE_OUTER_BOUND('',#6703,.F.);
#6705=ADVANCED_FACE('',(#6704),#6697,.F.);
#6706=CARTESIAN_POINT('',(-2.440000005960E-1,1.197872334719E-1,0.E0));
#6707=DIRECTION('',(9.813591893677E-1,1.921825732045E-1,0.E0));
#6708=DIRECTION('',(-1.921825732045E-1,9.813591893677E-1,0.E0));
#6709=AXIS2_PLACEMENT_3D('',#6706,#6707,#6708);
#6710=PLANE('',#6709);
#6711=ORIENTED_EDGE('',*,*,#3660,.F.);
#6713=ORIENTED_EDGE('',*,*,#6712,.T.);
#6714=ORIENTED_EDGE('',*,*,#6518,.T.);
#6715=ORIENTED_EDGE('',*,*,#6699,.F.);
#6716=EDGE_LOOP('',(#6711,#6713,#6714,#6715));
#6717=FACE_OUTER_BOUND('',#6716,.F.);
#6718=ADVANCED_FACE('',(#6717),#6710,.F.);
#6719=CARTESIAN_POINT('',(-2.440000005960E-1,1.102127656341E-1,0.E0));
#6720=DIRECTION('',(1.E0,0.E0,0.E0));
#6721=DIRECTION('',(0.E0,1.E0,0.E0));
#6722=AXIS2_PLACEMENT_3D('',#6719,#6720,#6721);
#6723=PLANE('',#6722);
#6724=ORIENTED_EDGE('',*,*,#3658,.F.);
#6726=ORIENTED_EDGE('',*,*,#6725,.T.);
#6727=ORIENTED_EDGE('',*,*,#6520,.T.);
#6728=ORIENTED_EDGE('',*,*,#6712,.F.);
#6729=EDGE_LOOP('',(#6724,#6726,#6727,#6728));
#6730=FACE_OUTER_BOUND('',#6729,.F.);
#6731=ADVANCED_FACE('',(#6730),#6723,.F.);
#6732=CARTESIAN_POINT('',(-2.44625E-1,1.070212766528E-1,0.E0));
#6733=DIRECTION('',(9.813591690599E-1,-1.921826769043E-1,0.E0));
#6734=DIRECTION('',(1.921826769043E-1,9.813591690599E-1,0.E0));
#6735=AXIS2_PLACEMENT_3D('',#6732,#6733,#6734);
#6736=PLANE('',#6735);
#6737=ORIENTED_EDGE('',*,*,#3656,.F.);
#6739=ORIENTED_EDGE('',*,*,#6738,.T.);
#6740=ORIENTED_EDGE('',*,*,#6522,.T.);
#6741=ORIENTED_EDGE('',*,*,#6725,.F.);
#6742=EDGE_LOOP('',(#6737,#6739,#6740,#6741));
#6743=FACE_OUTER_BOUND('',#6742,.F.);
#6744=ADVANCED_FACE('',(#6743),#6736,.F.);
#6745=CARTESIAN_POINT('',(-2.458750005960E-1,1.044680850208E-1,0.E0));
#6746=DIRECTION('',(8.981380447713E-1,-4.397136028534E-1,0.E0));
#6747=DIRECTION('',(4.397136028534E-1,8.981380447713E-1,0.E0));
#6748=AXIS2_PLACEMENT_3D('',#6745,#6746,#6747);
#6749=PLANE('',#6748);
#6750=ORIENTED_EDGE('',*,*,#3654,.F.);
#6752=ORIENTED_EDGE('',*,*,#6751,.T.);
#6753=ORIENTED_EDGE('',*,*,#6524,.T.);
#6754=ORIENTED_EDGE('',*,*,#6738,.F.);
#6755=EDGE_LOOP('',(#6750,#6752,#6753,#6754));
#6756=FACE_OUTER_BOUND('',#6755,.F.);
#6757=ADVANCED_FACE('',(#6756),#6749,.F.);
#6758=CARTESIAN_POINT('',(-2.48375E-1,1.019148936123E-1,0.E0));
#6759=DIRECTION('',(7.145104988025E-1,-6.996247187608E-1,0.E0));
#6760=DIRECTION('',(6.996247187608E-1,7.145104988025E-1,0.E0));
#6761=AXIS2_PLACEMENT_3D('',#6758,#6759,#6760);
#6762=PLANE('',#6761);
#6763=ORIENTED_EDGE('',*,*,#3652,.F.);
#6765=ORIENTED_EDGE('',*,*,#6764,.T.);
#6766=ORIENTED_EDGE('',*,*,#6526,.T.);
#6767=ORIENTED_EDGE('',*,*,#6751,.F.);
#6768=EDGE_LOOP('',(#6763,#6765,#6766,#6767));
#6769=FACE_OUTER_BOUND('',#6768,.F.);
#6770=ADVANCED_FACE('',(#6769),#6762,.F.);
#6771=CARTESIAN_POINT('',(-2.508749994040E-1,1.006382978521E-1,0.E0));
#6772=DIRECTION('',(4.547772469181E-1,-8.906052187617E-1,0.E0));
#6773=DIRECTION('',(8.906052187617E-1,4.547772469181E-1,0.E0));
#6774=AXIS2_PLACEMENT_3D('',#6771,#6772,#6773);
#6775=PLANE('',#6774);
#6776=ORIENTED_EDGE('',*,*,#3650,.F.);
#6778=ORIENTED_EDGE('',*,*,#6777,.T.);
#6779=ORIENTED_EDGE('',*,*,#6528,.T.);
#6780=ORIENTED_EDGE('',*,*,#6764,.F.);
#6781=EDGE_LOOP('',(#6776,#6778,#6779,#6780));
#6782=FACE_OUTER_BOUND('',#6781,.F.);
#6783=ADVANCED_FACE('',(#6782),#6775,.F.);
#6784=CARTESIAN_POINT('',(-2.54E-1,1.E-1,0.E0));
#6785=DIRECTION('',(2.001233352361E-1,-9.797707133274E-1,0.E0));
#6786=DIRECTION('',(9.797707133274E-1,2.001233352361E-1,0.E0));
#6787=AXIS2_PLACEMENT_3D('',#6784,#6785,#6786);
#6788=PLANE('',#6787);
#6789=ORIENTED_EDGE('',*,*,#3648,.F.);
#6791=ORIENTED_EDGE('',*,*,#6790,.T.);
#6792=ORIENTED_EDGE('',*,*,#6530,.T.);
#6793=ORIENTED_EDGE('',*,*,#6777,.F.);
#6794=EDGE_LOOP('',(#6789,#6791,#6792,#6793));
#6795=FACE_OUTER_BOUND('',#6794,.F.);
#6796=ADVANCED_FACE('',(#6795),#6788,.F.);
#6797=CARTESIAN_POINT('',(-2.589999997020E-1,1.E-1,0.E0));
#6798=DIRECTION('',(0.E0,-1.E0,0.E0));
#6799=DIRECTION('',(1.E0,0.E0,0.E0));
#6800=AXIS2_PLACEMENT_3D('',#6797,#6798,#6799);
#6801=PLANE('',#6800);
#6802=ORIENTED_EDGE('',*,*,#3646,.F.);
#6804=ORIENTED_EDGE('',*,*,#6803,.T.);
#6805=ORIENTED_EDGE('',*,*,#6532,.T.);
#6806=ORIENTED_EDGE('',*,*,#6790,.F.);
#6807=EDGE_LOOP('',(#6802,#6804,#6805,#6806));
#6808=FACE_OUTER_BOUND('',#6807,.F.);
#6809=ADVANCED_FACE('',(#6808),#6801,.F.);
#6810=CARTESIAN_POINT('',(-2.621249998510E-1,1.006382978521E-1,0.E0));
#6811=DIRECTION('',(-2.001233627174E-1,-9.797707077141E-1,0.E0));
#6812=DIRECTION('',(9.797707077141E-1,-2.001233627174E-1,0.E0));
#6813=AXIS2_PLACEMENT_3D('',#6810,#6811,#6812);
#6814=PLANE('',#6813);
#6815=ORIENTED_EDGE('',*,*,#3644,.F.);
#6817=ORIENTED_EDGE('',*,*,#6816,.T.);
#6818=ORIENTED_EDGE('',*,*,#6534,.T.);
#6819=ORIENTED_EDGE('',*,*,#6803,.F.);
#6820=EDGE_LOOP('',(#6815,#6817,#6818,#6819));
#6821=FACE_OUTER_BOUND('',#6820,.F.);
#6822=ADVANCED_FACE('',(#6821),#6814,.F.);
#6823=CARTESIAN_POINT('',(-2.646250001490E-1,1.019148936123E-1,0.E0));
#6824=DIRECTION('',(-4.547771179149E-1,-8.906052846357E-1,0.E0));
#6825=DIRECTION('',(8.906052846357E-1,-4.547771179149E-1,0.E0));
#6826=AXIS2_PLACEMENT_3D('',#6823,#6824,#6825);
#6827=PLANE('',#6826);
#6828=ORIENTED_EDGE('',*,*,#3642,.F.);
#6830=ORIENTED_EDGE('',*,*,#6829,.T.);
#6831=ORIENTED_EDGE('',*,*,#6536,.T.);
#6832=ORIENTED_EDGE('',*,*,#6816,.F.);
#6833=EDGE_LOOP('',(#6828,#6830,#6831,#6832));
#6834=FACE_OUTER_BOUND('',#6833,.F.);
#6835=ADVANCED_FACE('',(#6834),#6827,.F.);
#6836=CARTESIAN_POINT('',(-2.67125E-1,1.044680850208E-1,0.E0));
#6837=DIRECTION('',(-7.145104362650E-1,-6.996247826288E-1,0.E0));
#6838=DIRECTION('',(6.996247826288E-1,-7.145104362650E-1,0.E0));
#6839=AXIS2_PLACEMENT_3D('',#6836,#6837,#6838);
#6840=PLANE('',#6839);
#6841=ORIENTED_EDGE('',*,*,#3640,.F.);
#6843=ORIENTED_EDGE('',*,*,#6842,.T.);
#6844=ORIENTED_EDGE('',*,*,#6538,.T.);
#6845=ORIENTED_EDGE('',*,*,#6829,.F.);
#6846=EDGE_LOOP('',(#6841,#6843,#6844,#6845));
#6847=FACE_OUTER_BOUND('',#6846,.F.);
#6848=ADVANCED_FACE('',(#6847),#6840,.F.);
#6849=CARTESIAN_POINT('',(-2.683749999814E-1,1.070212766528E-1,0.E0));
#6850=DIRECTION('',(-8.981381301632E-1,-4.397134284359E-1,0.E0));
#6851=DIRECTION('',(4.397134284359E-1,-8.981381301632E-1,0.E0));
#6852=AXIS2_PLACEMENT_3D('',#6849,#6850,#6851);
#6853=PLANE('',#6852);
#6854=ORIENTED_EDGE('',*,*,#3638,.F.);
#6856=ORIENTED_EDGE('',*,*,#6855,.T.);
#6857=ORIENTED_EDGE('',*,*,#6540,.T.);
#6858=ORIENTED_EDGE('',*,*,#6842,.F.);
#6859=EDGE_LOOP('',(#6854,#6856,#6857,#6858));
#6860=FACE_OUTER_BOUND('',#6859,.F.);
#6861=ADVANCED_FACE('',(#6860),#6853,.F.);
#6862=CARTESIAN_POINT('',(-2.69E-1,1.102127656341E-1,0.E0));
#6863=DIRECTION('',(-9.813591334130E-1,-1.921828589309E-1,0.E0));
#6864=DIRECTION('',(1.921828589309E-1,-9.813591334130E-1,0.E0));
#6865=AXIS2_PLACEMENT_3D('',#6862,#6863,#6864);
#6866=PLANE('',#6865);
#6867=ORIENTED_EDGE('',*,*,#3636,.F.);
#6869=ORIENTED_EDGE('',*,*,#6868,.T.);
#6870=ORIENTED_EDGE('',*,*,#6542,.T.);
#6871=ORIENTED_EDGE('',*,*,#6855,.F.);
#6872=EDGE_LOOP('',(#6867,#6869,#6870,#6871));
#6873=FACE_OUTER_BOUND('',#6872,.F.);
#6874=ADVANCED_FACE('',(#6873),#6866,.F.);
#6875=CARTESIAN_POINT('',(-2.69E-1,1.197872334719E-1,0.E0));
#6876=DIRECTION('',(-1.E0,0.E0,0.E0));
#6877=DIRECTION('',(0.E0,-1.E0,0.E0));
#6878=AXIS2_PLACEMENT_3D('',#6875,#6876,#6877);
#6879=PLANE('',#6878);
#6880=ORIENTED_EDGE('',*,*,#3634,.F.);
#6882=ORIENTED_EDGE('',*,*,#6881,.T.);
#6883=ORIENTED_EDGE('',*,*,#6544,.T.);
#6884=ORIENTED_EDGE('',*,*,#6868,.F.);
#6885=EDGE_LOOP('',(#6880,#6882,#6883,#6884));
#6886=FACE_OUTER_BOUND('',#6885,.F.);
#6887=ADVANCED_FACE('',(#6886),#6879,.F.);
#6888=CARTESIAN_POINT('',(-2.683749999814E-1,1.229787242413E-1,0.E0));
#6889=DIRECTION('',(-9.813591537209E-1,1.921827552310E-1,0.E0));
#6890=DIRECTION('',(-1.921827552310E-1,-9.813591537209E-1,0.E0));
#6891=AXIS2_PLACEMENT_3D('',#6888,#6889,#6890);
#6892=PLANE('',#6891);
#6893=ORIENTED_EDGE('',*,*,#3632,.F.);
#6895=ORIENTED_EDGE('',*,*,#6894,.T.);
#6896=ORIENTED_EDGE('',*,*,#6546,.T.);
#6897=ORIENTED_EDGE('',*,*,#6881,.F.);
#6898=EDGE_LOOP('',(#6893,#6895,#6896,#6897));
#6899=FACE_OUTER_BOUND('',#6898,.F.);
#6900=ADVANCED_FACE('',(#6899),#6892,.F.);
#6901=CARTESIAN_POINT('',(-2.67125E-1,1.255319154263E-1,0.E0));
#6902=DIRECTION('',(-8.981380997585E-1,4.397134905391E-1,0.E0));
#6903=DIRECTION('',(-4.397134905391E-1,-8.981380997585E-1,0.E0));
#6904=AXIS2_PLACEMENT_3D('',#6901,#6902,#6903);
#6905=PLANE('',#6904);
#6906=ORIENTED_EDGE('',*,*,#3630,.F.);
#6908=ORIENTED_EDGE('',*,*,#6907,.T.);
#6909=ORIENTED_EDGE('',*,*,#6548,.T.);
#6910=ORIENTED_EDGE('',*,*,#6894,.F.);
#6911=EDGE_LOOP('',(#6906,#6908,#6909,#6910));
#6912=FACE_OUTER_BOUND('',#6911,.F.);
#6913=ADVANCED_FACE('',(#6912),#6905,.F.);
#6914=CARTESIAN_POINT('',(-2.646250001490E-1,1.280851066113E-1,0.E0));
#6915=DIRECTION('',(-7.145104056477E-1,6.996248138976E-1,0.E0));
#6916=DIRECTION('',(-6.996248138976E-1,-7.145104056477E-1,0.E0));
#6917=AXIS2_PLACEMENT_3D('',#6914,#6915,#6916);
#6918=PLANE('',#6917);
#6919=ORIENTED_EDGE('',*,*,#3628,.F.);
#6921=ORIENTED_EDGE('',*,*,#6920,.T.);
#6922=ORIENTED_EDGE('',*,*,#6550,.T.);
#6923=ORIENTED_EDGE('',*,*,#6907,.F.);
#6924=EDGE_LOOP('',(#6919,#6921,#6922,#6923));
#6925=FACE_OUTER_BOUND('',#6924,.F.);
#6926=ADVANCED_FACE('',(#6925),#6918,.F.);
#6927=CARTESIAN_POINT('',(-2.621249998510E-1,1.293617022038E-1,0.E0));
#6928=DIRECTION('',(-4.547770705465E-1,8.906053088238E-1,0.E0));
#6929=DIRECTION('',(-8.906053088238E-1,-4.547770705465E-1,0.E0));
#6930=AXIS2_PLACEMENT_3D('',#6927,#6928,#6929);
#6931=PLANE('',#6930);
#6932=ORIENTED_EDGE('',*,*,#3626,.F.);
#6933=ORIENTED_EDGE('',*,*,#6636,.T.);
#6934=ORIENTED_EDGE('',*,*,#6552,.T.);
#6935=ORIENTED_EDGE('',*,*,#6920,.F.);
#6936=EDGE_LOOP('',(#6932,#6933,#6934,#6935));
#6937=FACE_OUTER_BOUND('',#6936,.F.);
#6938=ADVANCED_FACE('',(#6937),#6931,.F.);
#6939=CARTESIAN_POINT('',(-2.589999997020E-1,1.261702132225E-1,0.E0));
#6940=DIRECTION('',(0.E0,-1.E0,0.E0));
#6941=DIRECTION('',(1.E0,0.E0,0.E0));
#6942=AXIS2_PLACEMENT_3D('',#6939,#6940,#6941);
#6943=PLANE('',#6942);
#6944=ORIENTED_EDGE('',*,*,#3702,.F.);
#6946=ORIENTED_EDGE('',*,*,#6945,.T.);
#6947=ORIENTED_EDGE('',*,*,#6556,.T.);
#6949=ORIENTED_EDGE('',*,*,#6948,.F.);
#6950=EDGE_LOOP('',(#6944,#6946,#6947,#6949));
#6951=FACE_OUTER_BOUND('',#6950,.F.);
#6952=ADVANCED_FACE('',(#6951),#6943,.F.);
#6953=CARTESIAN_POINT('',(-2.615E-1,1.255319154263E-1,0.E0));
#6954=DIRECTION('',(2.473831898946E-1,-9.689177247618E-1,0.E0));
#6955=DIRECTION('',(9.689177247618E-1,2.473831898946E-1,0.E0));
#6956=AXIS2_PLACEMENT_3D('',#6953,#6954,#6955);
#6957=PLANE('',#6956);
#6958=ORIENTED_EDGE('',*,*,#3740,.F.);
#6960=ORIENTED_EDGE('',*,*,#6959,.T.);
#6961=ORIENTED_EDGE('',*,*,#6558,.T.);
#6962=ORIENTED_EDGE('',*,*,#6945,.F.);
#6963=EDGE_LOOP('',(#6958,#6960,#6961,#6962));
#6964=FACE_OUTER_BOUND('',#6963,.F.);
#6965=ADVANCED_FACE('',(#6964),#6957,.F.);
#6966=CARTESIAN_POINT('',(-2.63375E-1,1.242553198338E-1,0.E0));
#6967=DIRECTION('',(5.627909312417E-1,-8.265992787996E-1,0.E0));
#6968=DIRECTION('',(8.265992787996E-1,5.627909312417E-1,0.E0));
#6969=AXIS2_PLACEMENT_3D('',#6966,#6967,#6968);
#6970=PLANE('',#6969);
#6971=ORIENTED_EDGE('',*,*,#3738,.F.);
#6973=ORIENTED_EDGE('',*,*,#6972,.T.);
#6974=ORIENTED_EDGE('',*,*,#6560,.T.);
#6975=ORIENTED_EDGE('',*,*,#6959,.F.);
#6976=EDGE_LOOP('',(#6971,#6973,#6974,#6975));
#6977=FACE_OUTER_BOUND('',#6976,.F.);
#6978=ADVANCED_FACE('',(#6977),#6970,.F.);
#6979=CARTESIAN_POINT('',(-2.646250001490E-1,1.223404246569E-1,0.E0));
#6980=DIRECTION('',(8.373793243581E-1,-5.466222343973E-1,0.E0));
#6981=DIRECTION('',(5.466222343973E-1,8.373793243581E-1,0.E0));
#6982=AXIS2_PLACEMENT_3D('',#6979,#6980,#6981);
#6983=PLANE('',#6982);
#6984=ORIENTED_EDGE('',*,*,#3736,.F.);
#6986=ORIENTED_EDGE('',*,*,#6985,.T.);
#6987=ORIENTED_EDGE('',*,*,#6562,.T.);
#6988=ORIENTED_EDGE('',*,*,#6972,.F.);
#6989=EDGE_LOOP('',(#6984,#6986,#6987,#6988));
#6990=FACE_OUTER_BOUND('',#6989,.F.);
#6991=ADVANCED_FACE('',(#6990),#6983,.F.);
#6992=CARTESIAN_POINT('',(-2.6525E-1,1.197872334719E-1,0.E0));
#6993=DIRECTION('',(9.713211669575E-1,-2.377712989836E-1,0.E0));
#6994=DIRECTION('',(2.377712989836E-1,9.713211669575E-1,0.E0));
#6995=AXIS2_PLACEMENT_3D('',#6992,#6993,#6994);
#6996=PLANE('',#6995);
#6997=ORIENTED_EDGE('',*,*,#3734,.F.);
#6999=ORIENTED_EDGE('',*,*,#6998,.T.);
#7000=ORIENTED_EDGE('',*,*,#6564,.T.);
#7001=ORIENTED_EDGE('',*,*,#6985,.F.);
#7002=EDGE_LOOP('',(#6997,#6999,#7000,#7001));
#7003=FACE_OUTER_BOUND('',#7002,.F.);
#7004=ADVANCED_FACE('',(#7003),#6996,.F.);
#7005=CARTESIAN_POINT('',(-2.6525E-1,1.102127656341E-1,0.E0));
#7006=DIRECTION('',(1.E0,0.E0,0.E0));
#7007=DIRECTION('',(0.E0,1.E0,0.E0));
#7008=AXIS2_PLACEMENT_3D('',#7005,#7006,#7007);
#7009=PLANE('',#7008);
#7010=ORIENTED_EDGE('',*,*,#3732,.F.);
#7012=ORIENTED_EDGE('',*,*,#7011,.T.);
#7013=ORIENTED_EDGE('',*,*,#6566,.T.);
#7014=ORIENTED_EDGE('',*,*,#6998,.F.);
#7015=EDGE_LOOP('',(#7010,#7012,#7013,#7014));
#7016=FACE_OUTER_BOUND('',#7015,.F.);
#7017=ADVANCED_FACE('',(#7016),#7009,.F.);
#7018=CARTESIAN_POINT('',(-2.646250001490E-1,1.076595744491E-1,0.E0));
#7019=DIRECTION('',(9.713211669575E-1,2.377712989836E-1,0.E0));
#7020=DIRECTION('',(-2.377712989836E-1,9.713211669575E-1,0.E0));
#7021=AXIS2_PLACEMENT_3D('',#7018,#7019,#7020);
#7022=PLANE('',#7021);
#7023=ORIENTED_EDGE('',*,*,#3730,.F.);
#7025=ORIENTED_EDGE('',*,*,#7024,.T.);
#7026=ORIENTED_EDGE('',*,*,#6568,.T.);
#7027=ORIENTED_EDGE('',*,*,#7011,.F.);
#7028=EDGE_LOOP('',(#7023,#7025,#7026,#7027));
#7029=FACE_OUTER_BOUND('',#7028,.F.);
#7030=ADVANCED_FACE('',(#7029),#7022,.F.);
#7031=CARTESIAN_POINT('',(-2.63375E-1,1.057446810603E-1,0.E0));
#7032=DIRECTION('',(8.373790907147E-1,5.466225923193E-1,0.E0));
#7033=DIRECTION('',(-5.466225923193E-1,8.373790907147E-1,0.E0));
#7034=AXIS2_PLACEMENT_3D('',#7031,#7032,#7033);
#7035=PLANE('',#7034);
#7036=ORIENTED_EDGE('',*,*,#3728,.F.);
#7038=ORIENTED_EDGE('',*,*,#7037,.T.);
#7039=ORIENTED_EDGE('',*,*,#6570,.T.);
#7040=ORIENTED_EDGE('',*,*,#7024,.F.);
#7041=EDGE_LOOP('',(#7036,#7038,#7039,#7040));
#7042=FACE_OUTER_BOUND('',#7041,.F.);
#7043=ADVANCED_FACE('',(#7042),#7035,.F.);
#7044=CARTESIAN_POINT('',(-2.615E-1,1.044680850208E-1,0.E0));
#7045=DIRECTION('',(5.627910658975E-1,8.265991871191E-1,0.E0));
#7046=DIRECTION('',(-8.265991871191E-1,5.627910658975E-1,0.E0));
#7047=AXIS2_PLACEMENT_3D('',#7044,#7045,#7046);
#7048=PLANE('',#7047);
#7049=ORIENTED_EDGE('',*,*,#3726,.F.);
#7051=ORIENTED_EDGE('',*,*,#7050,.T.);
#7052=ORIENTED_EDGE('',*,*,#6572,.T.);
#7053=ORIENTED_EDGE('',*,*,#7037,.F.);
#7054=EDGE_LOOP('',(#7049,#7051,#7052,#7053));
#7055=FACE_OUTER_BOUND('',#7054,.F.);
#7056=ADVANCED_FACE('',(#7055),#7048,.F.);
#7057=CARTESIAN_POINT('',(-2.589999997020E-1,1.038297872245E-1,0.E0));
#7058=DIRECTION('',(2.473831898946E-1,9.689177247618E-1,0.E0));
#7059=DIRECTION('',(-9.689177247618E-1,2.473831898946E-1,0.E0));
#7060=AXIS2_PLACEMENT_3D('',#7057,#7058,#7059);
#7061=PLANE('',#7060);
#7062=ORIENTED_EDGE('',*,*,#3724,.F.);
#7064=ORIENTED_EDGE('',*,*,#7063,.T.);
#7065=ORIENTED_EDGE('',*,*,#6574,.T.);
#7066=ORIENTED_EDGE('',*,*,#7050,.F.);
#7067=EDGE_LOOP('',(#7062,#7064,#7065,#7066));
#7068=FACE_OUTER_BOUND('',#7067,.F.);
#7069=ADVANCED_FACE('',(#7068),#7061,.F.);
#7070=CARTESIAN_POINT('',(-2.54E-1,1.038297872245E-1,0.E0));
#7071=DIRECTION('',(0.E0,1.E0,0.E0));
#7072=DIRECTION('',(-1.E0,0.E0,0.E0));
#7073=AXIS2_PLACEMENT_3D('',#7070,#7071,#7072);
#7074=PLANE('',#7073);
#7075=ORIENTED_EDGE('',*,*,#3722,.F.);
#7077=ORIENTED_EDGE('',*,*,#7076,.T.);
#7078=ORIENTED_EDGE('',*,*,#6576,.T.);
#7079=ORIENTED_EDGE('',*,*,#7063,.F.);
#7080=EDGE_LOOP('',(#7075,#7077,#7078,#7079));
#7081=FACE_OUTER_BOUND('',#7080,.F.);
#7082=ADVANCED_FACE('',(#7081),#7074,.F.);
#7083=CARTESIAN_POINT('',(-2.515000005960E-1,1.044680850208E-1,0.E0));
#7084=DIRECTION('',(-2.473832729514E-1,9.689177035558E-1,0.E0));
#7085=DIRECTION('',(-9.689177035558E-1,-2.473832729514E-1,0.E0));
#7086=AXIS2_PLACEMENT_3D('',#7083,#7084,#7085);
#7087=PLANE('',#7086);
#7088=ORIENTED_EDGE('',*,*,#3720,.F.);
#7090=ORIENTED_EDGE('',*,*,#7089,.T.);
#7091=ORIENTED_EDGE('',*,*,#6578,.T.);
#7092=ORIENTED_EDGE('',*,*,#7076,.F.);
#7093=EDGE_LOOP('',(#7088,#7090,#7091,#7092));
#7094=FACE_OUTER_BOUND('',#7093,.F.);
#7095=ADVANCED_FACE('',(#7094),#7087,.F.);
#7096=CARTESIAN_POINT('',(-2.496250005960E-1,1.057446810603E-1,0.E0));
#7097=DIRECTION('',(-5.627910658975E-1,8.265991871191E-1,0.E0));
#7098=DIRECTION('',(-8.265991871191E-1,-5.627910658975E-1,0.E0));
#7099=AXIS2_PLACEMENT_3D('',#7096,#7097,#7098);
#7100=PLANE('',#7099);
#7101=ORIENTED_EDGE('',*,*,#3718,.F.);
#7103=ORIENTED_EDGE('',*,*,#7102,.T.);
#7104=ORIENTED_EDGE('',*,*,#6580,.T.);
#7105=ORIENTED_EDGE('',*,*,#7089,.F.);
#7106=EDGE_LOOP('',(#7101,#7103,#7104,#7105));
#7107=FACE_OUTER_BOUND('',#7106,.F.);
#7108=ADVANCED_FACE('',(#7107),#7100,.F.);
#7109=CARTESIAN_POINT('',(-2.48375E-1,1.076595744491E-1,0.E0));
#7110=DIRECTION('',(-8.373790012342E-1,5.466227293958E-1,0.E0));
#7111=DIRECTION('',(-5.466227293958E-1,-8.373790012342E-1,0.E0));
#7112=AXIS2_PLACEMENT_3D('',#7109,#7110,#7111);
#7113=PLANE('',#7112);
#7114=ORIENTED_EDGE('',*,*,#3716,.F.);
#7116=ORIENTED_EDGE('',*,*,#7115,.T.);
#7117=ORIENTED_EDGE('',*,*,#6582,.T.);
#7118=ORIENTED_EDGE('',*,*,#7102,.F.);
#7119=EDGE_LOOP('',(#7114,#7116,#7117,#7118));
#7120=FACE_OUTER_BOUND('',#7119,.F.);
#7121=ADVANCED_FACE('',(#7120),#7113,.F.);
#7122=CARTESIAN_POINT('',(-2.477500005960E-1,1.102127656341E-1,0.E0));
#7123=DIRECTION('',(-9.713212062349E-1,2.377711385310E-1,0.E0));
#7124=DIRECTION('',(-2.377711385310E-1,-9.713212062349E-1,0.E0));
#7125=AXIS2_PLACEMENT_3D('',#7122,#7123,#7124);
#7126=PLANE('',#7125);
#7127=ORIENTED_EDGE('',*,*,#3714,.F.);
#7129=ORIENTED_EDGE('',*,*,#7128,.T.);
#7130=ORIENTED_EDGE('',*,*,#6584,.T.);
#7131=ORIENTED_EDGE('',*,*,#7115,.F.);
#7132=EDGE_LOOP('',(#7127,#7129,#7130,#7131));
#7133=FACE_OUTER_BOUND('',#7132,.F.);
#7134=ADVANCED_FACE('',(#7133),#7126,.F.);
#7135=CARTESIAN_POINT('',(-2.477500005960E-1,1.197872334719E-1,0.E0));
#7136=DIRECTION('',(-1.E0,0.E0,0.E0));
#7137=DIRECTION('',(0.E0,-1.E0,0.E0));
#7138=AXIS2_PLACEMENT_3D('',#7135,#7136,#7137);
#7139=PLANE('',#7138);
#7140=ORIENTED_EDGE('',*,*,#3712,.F.);
#7142=ORIENTED_EDGE('',*,*,#7141,.T.);
#7143=ORIENTED_EDGE('',*,*,#6586,.T.);
#7144=ORIENTED_EDGE('',*,*,#7128,.F.);
#7145=EDGE_LOOP('',(#7140,#7142,#7143,#7144));
#7146=FACE_OUTER_BOUND('',#7145,.F.);
#7147=ADVANCED_FACE('',(#7146),#7139,.F.);
#7148=CARTESIAN_POINT('',(-2.48375E-1,1.223404246569E-1,0.E0));
#7149=DIRECTION('',(-9.713212062349E-1,-2.377711385310E-1,0.E0));
#7150=DIRECTION('',(2.377711385310E-1,-9.713212062349E-1,0.E0));
#7151=AXIS2_PLACEMENT_3D('',#7148,#7149,#7150);
#7152=PLANE('',#7151);
#7153=ORIENTED_EDGE('',*,*,#3710,.F.);
#7155=ORIENTED_EDGE('',*,*,#7154,.T.);
#7156=ORIENTED_EDGE('',*,*,#6588,.T.);
#7157=ORIENTED_EDGE('',*,*,#7141,.F.);
#7158=EDGE_LOOP('',(#7153,#7155,#7156,#7157));
#7159=FACE_OUTER_BOUND('',#7158,.F.);
#7160=ADVANCED_FACE('',(#7159),#7152,.F.);
#7161=CARTESIAN_POINT('',(-2.496250005960E-1,1.242553198338E-1,0.E0));
#7162=DIRECTION('',(-8.373792348777E-1,-5.466223714738E-1,0.E0));
#7163=DIRECTION('',(5.466223714738E-1,-8.373792348777E-1,0.E0));
#7164=AXIS2_PLACEMENT_3D('',#7161,#7162,#7163);
#7165=PLANE('',#7164);
#7166=ORIENTED_EDGE('',*,*,#3708,.F.);
#7168=ORIENTED_EDGE('',*,*,#7167,.T.);
#7169=ORIENTED_EDGE('',*,*,#6590,.T.);
#7170=ORIENTED_EDGE('',*,*,#7154,.F.);
#7171=EDGE_LOOP('',(#7166,#7168,#7169,#7170));
#7172=FACE_OUTER_BOUND('',#7171,.F.);
#7173=ADVANCED_FACE('',(#7172),#7165,.F.);
#7174=CARTESIAN_POINT('',(-2.515000005960E-1,1.255319154263E-1,0.E0));
#7175=DIRECTION('',(-5.627909312417E-1,-8.265992787996E-1,0.E0));
#7176=DIRECTION('',(8.265992787996E-1,-5.627909312417E-1,0.E0));
#7177=AXIS2_PLACEMENT_3D('',#7174,#7175,#7176);
#7178=PLANE('',#7177);
#7179=ORIENTED_EDGE('',*,*,#3706,.F.);
#7181=ORIENTED_EDGE('',*,*,#7180,.T.);
#7182=ORIENTED_EDGE('',*,*,#6592,.T.);
#7183=ORIENTED_EDGE('',*,*,#7167,.F.);
#7184=EDGE_LOOP('',(#7179,#7181,#7182,#7183));
#7185=FACE_OUTER_BOUND('',#7184,.F.);
#7186=ADVANCED_FACE('',(#7185),#7178,.F.);
#7187=CARTESIAN_POINT('',(-2.54E-1,1.261702132225E-1,0.E0));
#7188=DIRECTION('',(-2.473832729514E-1,-9.689177035558E-1,0.E0));
#7189=DIRECTION('',(9.689177035558E-1,-2.473832729514E-1,0.E0));
#7190=AXIS2_PLACEMENT_3D('',#7187,#7188,#7189);
#7191=PLANE('',#7190);
#7192=ORIENTED_EDGE('',*,*,#3704,.F.);
#7193=ORIENTED_EDGE('',*,*,#6948,.T.);
#7194=ORIENTED_EDGE('',*,*,#6594,.T.);
#7195=ORIENTED_EDGE('',*,*,#7180,.F.);
#7196=EDGE_LOOP('',(#7192,#7193,#7194,#7195));
#7197=FACE_OUTER_BOUND('',#7196,.F.);
#7198=ADVANCED_FACE('',(#7197),#7191,.F.);
#7199=CARTESIAN_POINT('',(-2.3525E-1,1.E-1,0.E0));
#7200=DIRECTION('',(1.E0,0.E0,0.E0));
#7201=DIRECTION('',(0.E0,1.E0,0.E0));
#7202=AXIS2_PLACEMENT_3D('',#7199,#7200,#7201);
#7203=PLANE('',#7202);
#7204=ORIENTED_EDGE('',*,*,#3674,.F.);
#7206=ORIENTED_EDGE('',*,*,#7205,.T.);
#7207=ORIENTED_EDGE('',*,*,#6604,.T.);
#7209=ORIENTED_EDGE('',*,*,#7208,.F.);
#7210=EDGE_LOOP('',(#7204,#7206,#7207,#7209));
#7211=FACE_OUTER_BOUND('',#7210,.F.);
#7212=ADVANCED_FACE('',(#7211),#7203,.F.);
#7213=CARTESIAN_POINT('',(-2.39E-1,1.E-1,0.E0));
#7214=DIRECTION('',(0.E0,-1.E0,0.E0));
#7215=DIRECTION('',(1.E0,0.E0,0.E0));
#7216=AXIS2_PLACEMENT_3D('',#7213,#7214,#7215);
#7217=PLANE('',#7216);
#7218=ORIENTED_EDGE('',*,*,#3692,.F.);
#7220=ORIENTED_EDGE('',*,*,#7219,.T.);
#7221=ORIENTED_EDGE('',*,*,#6606,.T.);
#7222=ORIENTED_EDGE('',*,*,#7205,.F.);
#7223=EDGE_LOOP('',(#7218,#7220,#7221,#7222));
#7224=FACE_OUTER_BOUND('',#7223,.F.);
#7225=ADVANCED_FACE('',(#7224),#7217,.F.);
#7226=CARTESIAN_POINT('',(-2.39E-1,1.3E-1,0.E0));
#7227=DIRECTION('',(-1.E0,0.E0,0.E0));
#7228=DIRECTION('',(0.E0,-1.E0,0.E0));
#7229=AXIS2_PLACEMENT_3D('',#7226,#7227,#7228);
#7230=PLANE('',#7229);
#7231=ORIENTED_EDGE('',*,*,#3690,.F.);
#7233=ORIENTED_EDGE('',*,*,#7232,.T.);
#7234=ORIENTED_EDGE('',*,*,#6608,.T.);
#7235=ORIENTED_EDGE('',*,*,#7219,.F.);
#7236=EDGE_LOOP('',(#7231,#7233,#7234,#7235));
#7237=FACE_OUTER_BOUND('',#7236,.F.);
#7238=ADVANCED_FACE('',(#7237),#7230,.F.);
#7239=CARTESIAN_POINT('',(-2.33375E-1,1.3E-1,0.E0));
#7240=DIRECTION('',(0.E0,1.E0,0.E0));
#7241=DIRECTION('',(-1.E0,0.E0,0.E0));
#7242=AXIS2_PLACEMENT_3D('',#7239,#7240,#7241);
#7243=PLANE('',#7242);
#7244=ORIENTED_EDGE('',*,*,#3688,.F.);
#7246=ORIENTED_EDGE('',*,*,#7245,.T.);
#7247=ORIENTED_EDGE('',*,*,#6610,.T.);
#7248=ORIENTED_EDGE('',*,*,#7232,.F.);
#7249=EDGE_LOOP('',(#7244,#7246,#7247,#7248));
#7250=FACE_OUTER_BOUND('',#7249,.F.);
#7251=ADVANCED_FACE('',(#7250),#7243,.F.);
#7252=CARTESIAN_POINT('',(-2.177499988079E-1,1.044680850208E-1,0.E0));
#7253=DIRECTION('',(8.529522055926E-1,5.219890180595E-1,0.E0));
#7254=DIRECTION('',(-5.219890180595E-1,8.529522055926E-1,0.E0));
#7255=AXIS2_PLACEMENT_3D('',#7252,#7253,#7254);
#7256=PLANE('',#7255);
#7257=ORIENTED_EDGE('',*,*,#3686,.F.);
#7259=ORIENTED_EDGE('',*,*,#7258,.T.);
#7260=ORIENTED_EDGE('',*,*,#6612,.T.);
#7261=ORIENTED_EDGE('',*,*,#7245,.F.);
#7262=EDGE_LOOP('',(#7257,#7259,#7260,#7261));
#7263=FACE_OUTER_BOUND('',#7262,.F.);
#7264=ADVANCED_FACE('',(#7263),#7256,.F.);
#7265=CARTESIAN_POINT('',(-2.177499988079E-1,1.3E-1,0.E0));
#7266=DIRECTION('',(-1.E0,0.E0,0.E0));
#7267=DIRECTION('',(0.E0,-1.E0,0.E0));
#7268=AXIS2_PLACEMENT_3D('',#7265,#7266,#7267);
#7269=PLANE('',#7268);
#7270=ORIENTED_EDGE('',*,*,#3684,.F.);
#7272=ORIENTED_EDGE('',*,*,#7271,.T.);
#7273=ORIENTED_EDGE('',*,*,#6614,.T.);
#7274=ORIENTED_EDGE('',*,*,#7258,.F.);
#7275=EDGE_LOOP('',(#7270,#7272,#7273,#7274));
#7276=FACE_OUTER_BOUND('',#7275,.F.);
#7277=ADVANCED_FACE('',(#7276),#7269,.F.);
#7278=CARTESIAN_POINT('',(-2.139999988079E-1,1.3E-1,0.E0));
#7279=DIRECTION('',(0.E0,1.E0,0.E0));
#7280=DIRECTION('',(-1.E0,0.E0,0.E0));
#7281=AXIS2_PLACEMENT_3D('',#7278,#7279,#7280);
#7282=PLANE('',#7281);
#7283=ORIENTED_EDGE('',*,*,#3682,.F.);
#7285=ORIENTED_EDGE('',*,*,#7284,.T.);
#7286=ORIENTED_EDGE('',*,*,#6616,.T.);
#7287=ORIENTED_EDGE('',*,*,#7271,.F.);
#7288=EDGE_LOOP('',(#7283,#7285,#7286,#7287));
#7289=FACE_OUTER_BOUND('',#7288,.F.);
#7290=ADVANCED_FACE('',(#7289),#7282,.F.);
#7291=CARTESIAN_POINT('',(-2.139999988079E-1,1.E-1,0.E0));
#7292=DIRECTION('',(1.E0,0.E0,0.E0));
#7293=DIRECTION('',(0.E0,1.E0,0.E0));
#7294=AXIS2_PLACEMENT_3D('',#7291,#7292,#7293);
#7295=PLANE('',#7294);
#7296=ORIENTED_EDGE('',*,*,#3680,.F.);
#7298=ORIENTED_EDGE('',*,*,#7297,.T.);
#7299=ORIENTED_EDGE('',*,*,#6618,.T.);
#7300=ORIENTED_EDGE('',*,*,#7284,.F.);
#7301=EDGE_LOOP('',(#7296,#7298,#7299,#7300));
#7302=FACE_OUTER_BOUND('',#7301,.F.);
#7303=ADVANCED_FACE('',(#7302),#7295,.F.);
#7304=CARTESIAN_POINT('',(-2.196249988079E-1,1.E-1,0.E0));
#7305=DIRECTION('',(0.E0,-1.E0,0.E0));
#7306=DIRECTION('',(1.E0,0.E0,0.E0));
#7307=AXIS2_PLACEMENT_3D('',#7304,#7305,#7306);
#7308=PLANE('',#7307);
#7309=ORIENTED_EDGE('',*,*,#3678,.F.);
#7311=ORIENTED_EDGE('',*,*,#7310,.T.);
#7312=ORIENTED_EDGE('',*,*,#6620,.T.);
#7313=ORIENTED_EDGE('',*,*,#7297,.F.);
#7314=EDGE_LOOP('',(#7309,#7311,#7312,#7313));
#7315=FACE_OUTER_BOUND('',#7314,.F.);
#7316=ADVANCED_FACE('',(#7315),#7308,.F.);
#7317=CARTESIAN_POINT('',(-2.3525E-1,1.261702132225E-1,0.E0));
#7318=DIRECTION('',(-8.586072680474E-1,-5.126339427469E-1,0.E0));
#7319=DIRECTION('',(5.126339427469E-1,-8.586072680474E-1,0.E0));
#7320=AXIS2_PLACEMENT_3D('',#7317,#7318,#7319);
#7321=PLANE('',#7320);
#7322=ORIENTED_EDGE('',*,*,#3676,.F.);
#7323=ORIENTED_EDGE('',*,*,#7208,.T.);
#7324=ORIENTED_EDGE('',*,*,#6622,.T.);
#7325=ORIENTED_EDGE('',*,*,#7310,.F.);
#7326=EDGE_LOOP('',(#7322,#7323,#7324,#7325));
#7327=FACE_OUTER_BOUND('',#7326,.F.);
#7328=ADVANCED_FACE('',(#7327),#7321,.F.);
#7329=CLOSED_SHELL('',(#3503,#3696,#3744,#3778,#3793,#3810,#3828,#3850,#3866,
#3884,#3931,#3952,#3967,#3980,#3995,#4008,#4028,#4041,#4074,#4121,#4136,#4148,
#4165,#4182,#4196,#4212,#4229,#4250,#4265,#4279,#4300,#4312,#4326,#4340,#4359,
#4373,#4386,#4400,#4417,#4429,#4442,#4454,#4471,#4488,#4502,#4518,#4535,#4556,
#4571,#4585,#4600,#4614,#4634,#4646,#4660,#4674,#4688,#4702,#4719,#4731,#4744,
#4760,#4777,#4794,#4808,#4824,#4841,#4862,#4877,#4891,#4906,#4920,#4940,#4952,
#4966,#4980,#4994,#5008,#5025,#5037,#5050,#5066,#5083,#5100,#5114,#5130,#5147,
#5168,#5183,#5197,#5212,#5226,#5246,#5258,#5272,#5286,#5300,#5314,#5331,#5343,
#5356,#5372,#5391,#5404,#5417,#5431,#5443,#5455,#5467,#5480,#5497,#5516,#5528,
#5545,#5557,#5575,#5588,#5601,#5613,#5626,#5639,#5651,#5664,#5681,#5700,#5714,
#5728,#5741,#5757,#5769,#5785,#5797,#5810,#5823,#5835,#5848,#5865,#5884,#5898,
#5912,#5925,#5941,#5953,#5969,#5981,#5994,#6007,#6019,#6032,#6049,#6068,#6082,
#6096,#6109,#6125,#6137,#6153,#6165,#6178,#6191,#6203,#6216,#6233,#6252,#6266,
#6280,#6293,#6309,#6321,#6337,#6349,#6362,#6375,#6387,#6402,#6416,#6430,#6444,
#6458,#6472,#6485,#6500,#6598,#6626,#6640,#6653,#6666,#6679,#6692,#6705,#6718,
#6731,#6744,#6757,#6770,#6783,#6796,#6809,#6822,#6835,#6848,#6861,#6874,#6887,
#6900,#6913,#6926,#6938,#6952,#6965,#6978,#6991,#7004,#7017,#7030,#7043,#7056,
#7069,#7082,#7095,#7108,#7121,#7134,#7147,#7160,#7173,#7186,#7198,#7212,#7225,
#7238,#7251,#7264,#7277,#7290,#7303,#7316,#7328));
#7330=MANIFOLD_SOLID_BREP('',#7329);
#7331=DIMENSIONAL_EXPONENTS(1.E0,0.E0,0.E0,0.E0,0.E0,0.E0,0.E0);
#7332=(LENGTH_UNIT()NAMED_UNIT(*)SI_UNIT(.MILLI.,.METRE.));
#7333=LENGTH_MEASURE_WITH_UNIT(LENGTH_MEASURE(2.54E1),#7332);
#7334=(CONVERSION_BASED_UNIT('INCH',#7333)LENGTH_UNIT()NAMED_UNIT(#7331));
#7335=DIMENSIONAL_EXPONENTS(0.E0,0.E0,0.E0,0.E0,0.E0,0.E0,0.E0);
#7336=(NAMED_UNIT(*)PLANE_ANGLE_UNIT()SI_UNIT($,.RADIAN.));
#7337=PLANE_ANGLE_MEASURE_WITH_UNIT(PLANE_ANGLE_MEASURE(1.745329251994E-2),
#7336);
#7338=(CONVERSION_BASED_UNIT('DEGREE',#7337)NAMED_UNIT(#7335)PLANE_ANGLE_UNIT(
));
#7339=(NAMED_UNIT(*)SI_UNIT($,.STERADIAN.)SOLID_ANGLE_UNIT());
#7340=UNCERTAINTY_MEASURE_WITH_UNIT(LENGTH_MEASURE(7.423561698791E-5),#7334,
'distance_accuracy_value',
'Maximum model space distance between geometric entities at asserted connectivities');
#7341=(GEOMETRIC_REPRESENTATION_CONTEXT(3)GLOBAL_UNCERTAINTY_ASSIGNED_CONTEXT((
#7340))GLOBAL_UNIT_ASSIGNED_CONTEXT((#7334,#7338,#7339))REPRESENTATION_CONTEXT(
'ID1','3'));
#7343=APPLICATION_CONTEXT('automotive_design');
#7344=APPLICATION_PROTOCOL_DEFINITION('international standard',
'automotive_design',2001,#7343);
#7345=PRODUCT_DEFINITION_CONTEXT('part definition',#7343,'design');
#7346=PRODUCT_CONTEXT('',#7343,'mechanical');
#7347=PRODUCT('C-1825057-4','C-1825057-4','NOT SPECIFIED',(#7346));
#7348=PRODUCT_DEFINITION_FORMATION('1','LAST_VERSION',#7347);
#7355=DIMENSIONAL_EXPONENTS(1.E0,0.E0,0.E0,0.E0,0.E0,0.E0,0.E0);
#7356=(LENGTH_UNIT()NAMED_UNIT(*)SI_UNIT(.MILLI.,.METRE.));
#7357=LENGTH_MEASURE_WITH_UNIT(LENGTH_MEASURE(2.54E1),#7356);
#7358=(CONVERSION_BASED_UNIT('INCH',#7357)LENGTH_UNIT()NAMED_UNIT(#7355));
#7359=DERIVED_UNIT_ELEMENT(#7358,2.E0);
#7360=MEASURE_REPRESENTATION_ITEM('surface area measure',AREA_MEASURE(
8.238277559071E-1),#7557);
#7364=DIMENSIONAL_EXPONENTS(1.E0,0.E0,0.E0,0.E0,0.E0,0.E0,0.E0);
#7365=(LENGTH_UNIT()NAMED_UNIT(*)SI_UNIT(.MILLI.,.METRE.));
#7366=LENGTH_MEASURE_WITH_UNIT(LENGTH_MEASURE(2.54E1),#7365);
#7367=(CONVERSION_BASED_UNIT('INCH',#7366)LENGTH_UNIT()NAMED_UNIT(#7364));
#7368=DERIVED_UNIT_ELEMENT(#7367,3.E0);
#7369=MEASURE_REPRESENTATION_ITEM('volume measure',VOLUME_MEASURE(
2.341516719421E-2),#7558);
#7373=CARTESIAN_POINT('centre point',(1.301631181294E-4,-9.325579103390E-4,
-7.204271230770E-2));
#7377=DIMENSIONAL_EXPONENTS(1.E0,0.E0,0.E0,0.E0,0.E0,0.E0,0.E0);
#7378=(LENGTH_UNIT()NAMED_UNIT(*)SI_UNIT(.MILLI.,.METRE.));
#7379=LENGTH_MEASURE_WITH_UNIT(LENGTH_MEASURE(2.54E1),#7378);
#7380=(CONVERSION_BASED_UNIT('INCH',#7379)LENGTH_UNIT()NAMED_UNIT(#7377));
#7381=DERIVED_UNIT_ELEMENT(#7380,2.E0);
#7382=MEASURE_REPRESENTATION_ITEM('surface area measure',AREA_MEASURE(
8.238277559071E-1),#7559);
#7386=DIMENSIONAL_EXPONENTS(1.E0,0.E0,0.E0,0.E0,0.E0,0.E0,0.E0);
#7387=(LENGTH_UNIT()NAMED_UNIT(*)SI_UNIT(.MILLI.,.METRE.));
#7388=LENGTH_MEASURE_WITH_UNIT(LENGTH_MEASURE(2.54E1),#7387);
#7389=(CONVERSION_BASED_UNIT('INCH',#7388)LENGTH_UNIT()NAMED_UNIT(#7386));
#7390=DERIVED_UNIT_ELEMENT(#7389,3.E0);
#7391=MEASURE_REPRESENTATION_ITEM('volume measure',VOLUME_MEASURE(
2.341516719421E-2),#7560);
#7395=CARTESIAN_POINT('centre point',(1.301631181294E-4,-9.325579103390E-4,
-7.204271230770E-2));
#7400=PRODUCT_RELATED_PRODUCT_CATEGORY('part','',(#7347));
#7402=GENERAL_PROPERTY('user defined attribute','','');
#7403=GENERAL_PROPERTY_ASSOCIATION('user defined attribute','',#7402,#7401);
#7404=DESCRIPTIVE_REPRESENTATION_ITEM('PART_NO','1825057');
#7408=GENERAL_PROPERTY('user defined attribute','','');
#7409=GENERAL_PROPERTY_ASSOCIATION('user defined attribute','',#7408,#7407);
#7410=DESCRIPTIVE_REPRESENTATION_ITEM('DWG_TITLE','DIP SWITCH, ADE THRU HOLE');
#7414=GENERAL_PROPERTY('user defined attribute','','');
#7415=GENERAL_PROPERTY_ASSOCIATION('user defined attribute','',#7414,#7413);
#7416=DESCRIPTIVE_REPRESENTATION_ITEM('DWG_TITLE_2','-');
#7420=GENERAL_PROPERTY('user defined attribute','','');
#7421=GENERAL_PROPERTY_ASSOCIATION('user defined attribute','',#7420,#7419);
#7422=DESCRIPTIVE_REPRESENTATION_ITEM('DESC','DIP SWITCH, ADE THRU HOLE');
#7426=GENERAL_PROPERTY('user defined attribute','','');
#7427=GENERAL_PROPERTY_ASSOCIATION('user defined attribute','',#7426,#7425);
#7428=VALUE_REPRESENTATION_ITEM('SORT',NUMERIC_MEASURE(0.E0));
#7432=GENERAL_PROPERTY('user defined attribute','','');
#7433=GENERAL_PROPERTY_ASSOCIATION('user defined attribute','',#7432,#7431);
#7434=DESCRIPTIVE_REPRESENTATION_ITEM('TIR','1');
#7438=GENERAL_PROPERTY('user defined attribute','','');
#7439=GENERAL_PROPERTY_ASSOCIATION('user defined attribute','',#7438,#7437);
#7440=DESCRIPTIVE_REPRESENTATION_ITEM('DOC_STATUS','Active');
#7444=GENERAL_PROPERTY('user defined attribute','','');
#7445=GENERAL_PROPERTY_ASSOCIATION('user defined attribute','',#7444,#7443);
#7446=DESCRIPTIVE_REPRESENTATION_ITEM('PROI_CREATED_BY','US0TB846');
#7450=GENERAL_PROPERTY('user defined attribute','','');
#7451=GENERAL_PROPERTY_ASSOCIATION('user defined attribute','',#7450,#7449);
#7452=DESCRIPTIVE_REPRESENTATION_ITEM('PROI_CREATED_ON','2/10/2011 1:10:05 PM');
#7456=GENERAL_PROPERTY('user defined attribute','','');
#7457=GENERAL_PROPERTY_ASSOCIATION('user defined attribute','',#7456,#7455);
#7458=DESCRIPTIVE_REPRESENTATION_ITEM('PROI_LOCATION',
'Root Folder/EMCS MOD SVCS/GPL-353');
#7462=GENERAL_PROPERTY('user defined attribute','','');
#7463=GENERAL_PROPERTY_ASSOCIATION('user defined attribute','',#7462,#7461);
#7464=DESCRIPTIVE_REPRESENTATION_ITEM('PTC_COMMON_NAME','');
#7468=GENERAL_PROPERTY('user defined attribute','','');
#7469=GENERAL_PROPERTY_ASSOCIATION('user defined attribute','',#7468,#7467);
#7470=DESCRIPTIVE_REPRESENTATION_ITEM('DOC_LANGUAGE','English');
#7474=GENERAL_PROPERTY('user defined attribute','','');
#7475=GENERAL_PROPERTY_ASSOCIATION('user defined attribute','',#7474,#7473);
#7476=DESCRIPTIVE_REPRESENTATION_ITEM('REASON_DOC_CHANGE','Not Specified');
#7480=GENERAL_PROPERTY('user defined attribute','','');
#7481=GENERAL_PROPERTY_ASSOCIATION('user defined attribute','',#7480,#7479);
#7482=DESCRIPTIVE_REPRESENTATION_ITEM('SEND_WEIGHT','NO');
#7486=GENERAL_PROPERTY('user defined attribute','','');
#7487=GENERAL_PROPERTY_ASSOCIATION('user defined attribute','',#7486,#7485);
#7489=GENERAL_PROPERTY('user defined attribute','','');
#7490=GENERAL_PROPERTY_ASSOCIATION('user defined attribute','',#7489,#7488);
#7491=DESCRIPTIVE_REPRESENTATION_ITEM('PDMREV','');
#7495=GENERAL_PROPERTY('user defined attribute','','');
#7496=GENERAL_PROPERTY_ASSOCIATION('user defined attribute','',#7495,#7494);
#7497=DESCRIPTIVE_REPRESENTATION_ITEM('PDMDB','');
#7501=GENERAL_PROPERTY('user defined attribute','','');
#7502=GENERAL_PROPERTY_ASSOCIATION('user defined attribute','',#7501,#7500);
#7503=DESCRIPTIVE_REPRESENTATION_ITEM('PDMRL','');
#7507=GENERAL_PROPERTY('user defined attribute','','');
#7508=GENERAL_PROPERTY_ASSOCIATION('user defined attribute','',#7507,#7506);
#7509=DESCRIPTIVE_REPRESENTATION_ITEM('PROI_REVISION','');
#7513=GENERAL_PROPERTY('user defined attribute','','');
#7514=GENERAL_PROPERTY_ASSOCIATION('user defined attribute','',#7513,#7512);
#7515=DESCRIPTIVE_REPRESENTATION_ITEM('PROI_VERSION','');
#7519=GENERAL_PROPERTY('user defined attribute','','');
#7520=GENERAL_PROPERTY_ASSOCIATION('user defined attribute','',#7519,#7518);
#7521=DESCRIPTIVE_REPRESENTATION_ITEM('PROI_BRANCH','');
#7525=GENERAL_PROPERTY('user defined attribute','','');
#7526=GENERAL_PROPERTY_ASSOCIATION('user defined attribute','',#7525,#7524);
#7527=DESCRIPTIVE_REPRESENTATION_ITEM('PROI_RELEASE','');
#7531=GENERAL_PROPERTY('user defined attribute','','');
#7532=GENERAL_PROPERTY_ASSOCIATION('user defined attribute','',#7531,#7530);
#7533=DESCRIPTIVE_REPRESENTATION_ITEM('DWG_SIZE_P','');
#7537=GENERAL_PROPERTY('user defined attribute','','');
#7538=GENERAL_PROPERTY_ASSOCIATION('user defined attribute','',#7537,#7536);
#7539=DESCRIPTIVE_REPRESENTATION_ITEM('AMPTYPE','F');
#7543=GENERAL_PROPERTY('user defined attribute','','');
#7544=GENERAL_PROPERTY_ASSOCIATION('user defined attribute','',#7543,#7542);
#7546=GENERAL_PROPERTY('user defined attribute','','');
#7547=GENERAL_PROPERTY_ASSOCIATION('user defined attribute','',#7546,#7545);
#7548=DESCRIPTIVE_REPRESENTATION_ITEM('MOD_NUM','MOD37849');
#7552=GENERAL_PROPERTY('user defined attribute','','');
#7553=GENERAL_PROPERTY_ASSOCIATION('user defined attribute','',#7552,#7551);
#7554=DESCRIPTIVE_REPRESENTATION_ITEM('PART_REV','O');
#552=CIRCLE('',#551,1.2E-2);
#569=CIRCLE('',#568,1.2E-2);
#606=CIRCLE('',#605,1.2E-2);
#623=CIRCLE('',#622,1.2E-2);
#892=CIRCLE('',#891,1.2E-2);
#909=CIRCLE('',#908,1.2E-2);
#926=CIRCLE('',#925,1.2E-2);
#943=CIRCLE('',#942,1.2E-2);
#1080=CIRCLE('',#1079,1.2E-2);
#1097=CIRCLE('',#1096,1.2E-2);
#1114=CIRCLE('',#1113,1.2E-2);
#1131=CIRCLE('',#1130,1.2E-2);
#1268=CIRCLE('',#1267,1.2E-2);
#1285=CIRCLE('',#1284,1.2E-2);
#1302=CIRCLE('',#1301,1.2E-2);
#1319=CIRCLE('',#1318,1.2E-2);
#1456=CIRCLE('',#1455,1.2E-2);
#1473=CIRCLE('',#1472,1.2E-2);
#1490=CIRCLE('',#1489,1.2E-2);
#1507=CIRCLE('',#1506,1.2E-2);
#3489=EDGE_CURVE('',#2658,#2659,#75,.T.);
#3491=EDGE_CURVE('',#2659,#2661,#79,.T.);
#3493=EDGE_CURVE('',#2661,#2663,#83,.T.);
#3495=EDGE_CURVE('',#2663,#2665,#87,.T.);
#3497=EDGE_CURVE('',#2665,#2667,#91,.T.);
#3499=EDGE_CURVE('',#2667,#2658,#95,.T.);
#3510=EDGE_CURVE('',#2658,#2670,#99,.T.);
#3512=EDGE_CURVE('',#2670,#2671,#863,.T.);
#3514=EDGE_CURVE('',#2659,#2671,#775,.T.);
#3518=EDGE_CURVE('',#2690,#2707,#103,.T.);
#3520=EDGE_CURVE('',#2690,#2691,#107,.T.);
#3522=EDGE_CURVE('',#2691,#2711,#111,.T.);
#3524=EDGE_CURVE('',#2710,#2711,#115,.T.);
#3526=EDGE_CURVE('',#2710,#2695,#119,.T.);
#3528=EDGE_CURVE('',#2694,#2695,#123,.T.);
#3530=EDGE_CURVE('',#2706,#2694,#127,.T.);
#3532=EDGE_CURVE('',#2706,#2707,#131,.T.);
#3536=EDGE_CURVE('',#3059,#3047,#135,.T.);
#3538=EDGE_CURVE('',#3047,#3045,#139,.T.);
#3540=EDGE_CURVE('',#3063,#3045,#143,.T.);
#3542=EDGE_CURVE('',#3061,#3063,#147,.T.);
#3544=EDGE_CURVE('',#3215,#3061,#151,.T.);
#3546=EDGE_CURVE('',#3214,#3215,#155,.T.);
#3548=EDGE_CURVE('',#3214,#3057,#159,.T.);
#3550=EDGE_CURVE('',#3057,#3059,#163,.T.);
#3554=EDGE_CURVE('',#3103,#3091,#167,.T.);
#3556=EDGE_CURVE('',#3091,#3089,#171,.T.);
#3558=EDGE_CURVE('',#3107,#3089,#175,.T.);
#3560=EDGE_CURVE('',#3105,#3107,#179,.T.);
#3562=EDGE_CURVE('',#3283,#3105,#183,.T.);
#3564=EDGE_CURVE('',#3282,#3283,#187,.T.);
#3566=EDGE_CURVE('',#3282,#3101,#191,.T.);
#3568=EDGE_CURVE('',#3101,#3103,#195,.T.);
#3572=EDGE_CURVE('',#3147,#3135,#199,.T.);
#3574=EDGE_CURVE('',#3135,#3133,#203,.T.);
#3576=EDGE_CURVE('',#3151,#3133,#207,.T.);
#3578=EDGE_CURVE('',#3149,#3151,#211,.T.);
#3580=EDGE_CURVE('',#3351,#3149,#215,.T.);
#3582=EDGE_CURVE('',#3350,#3351,#219,.T.);
#3584=EDGE_CURVE('',#3350,#3145,#223,.T.);
#3586=EDGE_CURVE('',#3145,#3147,#227,.T.);
#3590=EDGE_CURVE('',#3191,#3179,#231,.T.);
#3592=EDGE_CURVE('',#3179,#3177,#235,.T.);
#3594=EDGE_CURVE('',#3195,#3177,#239,.T.);
#3596=EDGE_CURVE('',#3193,#3195,#243,.T.);
#3598=EDGE_CURVE('',#3419,#3193,#247,.T.);
#3600=EDGE_CURVE('',#3418,#3419,#251,.T.);
#3602=EDGE_CURVE('',#3418,#3189,#255,.T.);
#3604=EDGE_CURVE('',#3189,#3191,#259,.T.);
#3608=EDGE_CURVE('',#2900,#2901,#263,.T.);
#3610=EDGE_CURVE('',#2901,#2903,#267,.T.);
#3612=EDGE_CURVE('',#2903,#2905,#271,.T.);
#3614=EDGE_CURVE('',#2905,#2907,#275,.T.);
#3616=EDGE_CURVE('',#2907,#2909,#279,.T.);
#3618=EDGE_CURVE('',#2909,#2911,#283,.T.);
#3620=EDGE_CURVE('',#2911,#2900,#287,.T.);
#3624=EDGE_CURVE('',#2914,#2915,#291,.T.);
#3626=EDGE_CURVE('',#2915,#2917,#295,.T.);
#3628=EDGE_CURVE('',#2917,#2919,#299,.T.);
#3630=EDGE_CURVE('',#2919,#2921,#303,.T.);
#3632=EDGE_CURVE('',#2921,#2923,#307,.T.);
#3634=EDGE_CURVE('',#2923,#2925,#311,.T.);
#3636=EDGE_CURVE('',#2925,#2927,#315,.T.);
#3638=EDGE_CURVE('',#2927,#2929,#319,.T.);
#3640=EDGE_CURVE('',#2929,#2931,#323,.T.);
#3642=EDGE_CURVE('',#2931,#2933,#327,.T.);
#3644=EDGE_CURVE('',#2933,#2935,#331,.T.);
#3646=EDGE_CURVE('',#2935,#2937,#335,.T.);
#3648=EDGE_CURVE('',#2937,#2939,#339,.T.);
#3650=EDGE_CURVE('',#2939,#2941,#343,.T.);
#3652=EDGE_CURVE('',#2941,#2943,#347,.T.);
#3654=EDGE_CURVE('',#2943,#2945,#351,.T.);
#3656=EDGE_CURVE('',#2945,#2947,#355,.T.);
#3658=EDGE_CURVE('',#2947,#2949,#359,.T.);
#3660=EDGE_CURVE('',#2949,#2951,#363,.T.);
#3662=EDGE_CURVE('',#2951,#2953,#367,.T.);
#3664=EDGE_CURVE('',#2953,#2955,#371,.T.);
#3666=EDGE_CURVE('',#2955,#2957,#375,.T.);
#3668=EDGE_CURVE('',#2957,#2959,#379,.T.);
#3670=EDGE_CURVE('',#2959,#2914,#383,.T.);
#3674=EDGE_CURVE('',#3002,#3003,#467,.T.);
#3676=EDGE_CURVE('',#3003,#3005,#471,.T.);
#3678=EDGE_CURVE('',#3005,#3007,#475,.T.);
#3680=EDGE_CURVE('',#3007,#3009,#479,.T.);
#3682=EDGE_CURVE('',#3009,#3011,#483,.T.);
#3684=EDGE_CURVE('',#3011,#3013,#487,.T.);
#3686=EDGE_CURVE('',#3013,#3015,#491,.T.);
#3688=EDGE_CURVE('',#3015,#3017,#495,.T.);
#3690=EDGE_CURVE('',#3017,#3019,#499,.T.);
#3692=EDGE_CURVE('',#3019,#3002,#503,.T.);
#3702=EDGE_CURVE('',#2962,#2963,#387,.T.);
#3704=EDGE_CURVE('',#2963,#2965,#391,.T.);
#3706=EDGE_CURVE('',#2965,#2967,#395,.T.);
#3708=EDGE_CURVE('',#2967,#2969,#399,.T.);
#3710=EDGE_CURVE('',#2969,#2971,#403,.T.);
#3712=EDGE_CURVE('',#2971,#2973,#407,.T.);
#3714=EDGE_CURVE('',#2973,#2975,#411,.T.);
#3716=EDGE_CURVE('',#2975,#2977,#415,.T.);
#3718=EDGE_CURVE('',#2977,#2979,#419,.T.);
#3720=EDGE_CURVE('',#2979,#2981,#423,.T.);
#3722=EDGE_CURVE('',#2981,#2983,#427,.T.);
#3724=EDGE_CURVE('',#2983,#2985,#431,.T.);
#3726=EDGE_CURVE('',#2985,#2987,#435,.T.);
#3728=EDGE_CURVE('',#2987,#2989,#439,.T.);
#3730=EDGE_CURVE('',#2989,#2991,#443,.T.);
#3732=EDGE_CURVE('',#2991,#2993,#447,.T.);
#3734=EDGE_CURVE('',#2993,#2995,#451,.T.);
#3736=EDGE_CURVE('',#2995,#2997,#455,.T.);
#3738=EDGE_CURVE('',#2997,#2999,#459,.T.);
#3740=EDGE_CURVE('',#2999,#2962,#463,.T.);
#3750=EDGE_CURVE('',#3473,#3471,#507,.T.);
#3752=EDGE_CURVE('',#3471,#2679,#511,.T.);
#3754=EDGE_CURVE('',#2679,#2670,#867,.T.);
#3758=EDGE_CURVE('',#2667,#3025,#515,.T.);
#3760=EDGE_CURVE('',#3025,#3023,#519,.T.);
#3762=EDGE_CURVE('',#3023,#3269,#523,.T.);
#3764=EDGE_CURVE('',#3269,#3267,#527,.T.);
#3766=EDGE_CURVE('',#3267,#3337,#531,.T.);
#3768=EDGE_CURVE('',#3337,#3335,#535,.T.);
#3770=EDGE_CURVE('',#3335,#3405,#539,.T.);
#3772=EDGE_CURVE('',#3405,#3403,#543,.T.);
#3774=EDGE_CURVE('',#3403,#3473,#547,.T.);
#3784=EDGE_CURVE('',#3470,#3471,#552,.T.);
#3787=EDGE_CURVE('',#3473,#3475,#606,.T.);
#3789=EDGE_CURVE('',#3475,#3470,#585,.T.);
#3800=EDGE_CURVE('',#3470,#3443,#556,.T.);
#3802=EDGE_CURVE('',#3442,#3443,#560,.T.);
#3804=EDGE_CURVE('',#3442,#3434,#564,.T.);
#3806=EDGE_CURVE('',#3434,#3471,#639,.T.);
#3816=EDGE_CURVE('',#3478,#3479,#569,.T.);
#3818=EDGE_CURVE('',#3478,#3430,#779,.T.);
#3820=EDGE_CURVE('',#3430,#3439,#573,.T.);
#3822=EDGE_CURVE('',#3438,#3439,#577,.T.);
#3824=EDGE_CURVE('',#3438,#3479,#581,.T.);
#3835=EDGE_CURVE('',#3475,#3451,#618,.T.);
#3837=EDGE_CURVE('',#3451,#3203,#589,.T.);
#3839=EDGE_CURVE('',#3454,#3203,#593,.T.);
#3841=EDGE_CURVE('',#3458,#3454,#1687,.T.);
#3843=EDGE_CURVE('',#3458,#3211,#597,.T.);
#3845=EDGE_CURVE('',#3211,#3443,#601,.T.);
#3857=EDGE_CURVE('',#3435,#3473,#647,.T.);
#3859=EDGE_CURVE('',#3450,#3435,#610,.T.);
#3861=EDGE_CURVE('',#3450,#3451,#614,.T.);
#3872=EDGE_CURVE('',#3481,#3483,#623,.T.);
#3874=EDGE_CURVE('',#3446,#3481,#627,.T.);
#3876=EDGE_CURVE('',#3446,#3447,#631,.T.);
#3878=EDGE_CURVE('',#3431,#3447,#635,.T.);
#3880=EDGE_CURVE('',#3483,#3431,#855,.T.);
#3891=EDGE_CURVE('',#3434,#3435,#643,.T.);
#3895=EDGE_CURVE('',#3366,#3403,#651,.T.);
#3897=EDGE_CURVE('',#3366,#3367,#655,.T.);
#3899=EDGE_CURVE('',#3367,#3405,#659,.T.);
#3902=EDGE_CURVE('',#3298,#3335,#663,.T.);
#3904=EDGE_CURVE('',#3298,#3299,#667,.T.);
#3906=EDGE_CURVE('',#3299,#3337,#671,.T.);
#3909=EDGE_CURVE('',#3230,#3267,#675,.T.);
#3911=EDGE_CURVE('',#3230,#3231,#679,.T.);
#3913=EDGE_CURVE('',#3231,#3269,#683,.T.);
#3916=EDGE_CURVE('',#2726,#3023,#687,.T.);
#3918=EDGE_CURVE('',#2726,#2727,#691,.T.);
#3920=EDGE_CURVE('',#2727,#3025,#695,.T.);
#3924=EDGE_CURVE('',#2665,#2677,#699,.T.);
#3926=EDGE_CURVE('',#2677,#2679,#871,.T.);
#3937=EDGE_CURVE('',#3450,#3202,#703,.T.);
#3942=EDGE_CURVE('',#3210,#3442,#707,.T.);
#3944=EDGE_CURVE('',#3459,#3210,#711,.T.);
#3946=EDGE_CURVE('',#3459,#3455,#715,.T.);
#3948=EDGE_CURVE('',#3455,#3202,#719,.T.);
#3958=EDGE_CURVE('',#3198,#3199,#723,.T.);
#3960=EDGE_CURVE('',#3447,#3199,#1643,.T.);
#3963=EDGE_CURVE('',#3446,#3198,#751,.T.);
#3973=EDGE_CURVE('',#3202,#3203,#727,.T.);
#3987=EDGE_CURVE('',#3461,#3198,#747,.T.);
#3989=EDGE_CURVE('',#3465,#3461,#1659,.T.);
#3991=EDGE_CURVE('',#3465,#3199,#1647,.T.);
#4003=EDGE_CURVE('',#3454,#3455,#1679,.T.);
#4014=EDGE_CURVE('',#3481,#3479,#731,.T.);
#4017=EDGE_CURVE('',#3206,#3438,#735,.T.);
#4019=EDGE_CURVE('',#3463,#3206,#739,.T.);
#4021=EDGE_CURVE('',#3463,#3461,#743,.T.);
#4037=EDGE_CURVE('',#3483,#3478,#755,.T.);
#4048=EDGE_CURVE('',#3410,#3483,#851,.T.);
#4050=EDGE_CURVE('',#3415,#3410,#759,.T.);
#4052=EDGE_CURVE('',#3342,#3415,#835,.T.);
#4054=EDGE_CURVE('',#3347,#3342,#763,.T.);
#4056=EDGE_CURVE('',#3274,#3347,#819,.T.);
#4058=EDGE_CURVE('',#3279,#3274,#767,.T.);
#4060=EDGE_CURVE('',#3030,#3279,#803,.T.);
#4062=EDGE_CURVE('',#3035,#3030,#771,.T.);
#4064=EDGE_CURVE('',#2661,#3035,#787,.T.);
#4068=EDGE_CURVE('',#2671,#2673,#883,.T.);
#4070=EDGE_CURVE('',#3478,#2673,#783,.T.);
#4082=EDGE_CURVE('',#2673,#2675,#879,.T.);
#4084=EDGE_CURVE('',#2663,#2675,#887,.T.);
#4088=EDGE_CURVE('',#3035,#2723,#791,.T.);
#4090=EDGE_CURVE('',#2722,#2723,#795,.T.);
#4092=EDGE_CURVE('',#3030,#2722,#799,.T.);
#4095=EDGE_CURVE('',#3279,#3227,#807,.T.);
#4097=EDGE_CURVE('',#3226,#3227,#811,.T.);
#4099=EDGE_CURVE('',#3274,#3226,#815,.T.);
#4102=EDGE_CURVE('',#3347,#3295,#823,.T.);
#4104=EDGE_CURVE('',#3294,#3295,#827,.T.);
#4106=EDGE_CURVE('',#3342,#3294,#831,.T.);
#4109=EDGE_CURVE('',#3415,#3363,#839,.T.);
#4111=EDGE_CURVE('',#3362,#3363,#843,.T.);
#4113=EDGE_CURVE('',#3410,#3362,#847,.T.);
#4117=EDGE_CURVE('',#3430,#3431,#859,.T.);
#4130=EDGE_CURVE('',#2675,#2677,#875,.T.);
#4154=EDGE_CURVE('',#3025,#3027,#892,.T.);
#4157=EDGE_CURVE('',#2742,#2727,#896,.T.);
#4159=EDGE_CURVE('',#2742,#2743,#900,.T.);
#4161=EDGE_CURVE('',#3027,#2743,#904,.T.);
#4171=EDGE_CURVE('',#3033,#3035,#909,.T.);
#4173=EDGE_CURVE('',#2738,#3033,#913,.T.);
#4175=EDGE_CURVE('',#2738,#2739,#917,.T.);
#4177=EDGE_CURVE('',#2723,#2739,#921,.T.);
#4188=EDGE_CURVE('',#3022,#3023,#926,.T.);
#4192=EDGE_CURVE('',#3027,#3022,#959,.T.);
#4203=EDGE_CURVE('',#3022,#2735,#930,.T.);
#4205=EDGE_CURVE('',#2734,#2735,#934,.T.);
#4207=EDGE_CURVE('',#2734,#2726,#938,.T.);
#4218=EDGE_CURVE('',#3030,#3031,#943,.T.);
#4221=EDGE_CURVE('',#2722,#2731,#947,.T.);
#4223=EDGE_CURVE('',#2730,#2731,#951,.T.);
#4225=EDGE_CURVE('',#2730,#3031,#955,.T.);
#4237=EDGE_CURVE('',#2743,#2757,#963,.T.);
#4239=EDGE_CURVE('',#2746,#2757,#967,.T.);
#4241=EDGE_CURVE('',#2750,#2746,#1043,.T.);
#4243=EDGE_CURVE('',#2750,#2759,#971,.T.);
#4245=EDGE_CURVE('',#2759,#2735,#975,.T.);
#4257=EDGE_CURVE('',#2738,#2761,#999,.T.);
#4259=EDGE_CURVE('',#2761,#2769,#1031,.T.);
#4261=EDGE_CURVE('',#2739,#2769,#1011,.T.);
#4272=EDGE_CURVE('',#2742,#2753,#1047,.T.);
#4274=EDGE_CURVE('',#2753,#2757,#1027,.T.);
#4285=EDGE_CURVE('',#3033,#3031,#979,.T.);
#4288=EDGE_CURVE('',#2767,#2730,#983,.T.);
#4290=EDGE_CURVE('',#2766,#2767,#987,.T.);
#4292=EDGE_CURVE('',#2766,#2763,#991,.T.);
#4294=EDGE_CURVE('',#2763,#2761,#995,.T.);
#4319=EDGE_CURVE('',#2775,#2731,#1023,.T.);
#4321=EDGE_CURVE('',#2767,#2775,#1003,.T.);
#4334=EDGE_CURVE('',#2755,#2759,#1007,.T.);
#4336=EDGE_CURVE('',#2755,#2734,#1051,.T.);
#4347=EDGE_CURVE('',#2771,#2769,#1015,.T.);
#4349=EDGE_CURVE('',#2774,#2771,#1075,.T.);
#4351=EDGE_CURVE('',#2774,#2775,#1019,.T.);
#4365=EDGE_CURVE('',#2746,#2747,#1035,.T.);
#4369=EDGE_CURVE('',#2747,#2753,#1063,.T.);
#4380=EDGE_CURVE('',#2771,#2763,#1067,.T.);
#4393=EDGE_CURVE('',#2751,#2747,#1059,.T.);
#4395=EDGE_CURVE('',#2750,#2751,#1039,.T.);
#4411=EDGE_CURVE('',#2751,#2755,#1055,.T.);
#4438=EDGE_CURVE('',#2774,#2766,#1071,.T.);
#4460=EDGE_CURVE('',#3269,#3271,#1080,.T.);
#4463=EDGE_CURVE('',#3246,#3231,#1084,.T.);
#4465=EDGE_CURVE('',#3246,#3247,#1088,.T.);
#4467=EDGE_CURVE('',#3271,#3247,#1092,.T.);
#4477=EDGE_CURVE('',#3277,#3279,#1097,.T.);
#4479=EDGE_CURVE('',#3242,#3277,#1101,.T.);
#4481=EDGE_CURVE('',#3242,#3243,#1105,.T.);
#4483=EDGE_CURVE('',#3227,#3243,#1109,.T.);
#4494=EDGE_CURVE('',#3266,#3267,#1114,.T.);
#4498=EDGE_CURVE('',#3271,#3266,#1147,.T.);
#4509=EDGE_CURVE('',#3266,#3239,#1118,.T.);
#4511=EDGE_CURVE('',#3238,#3239,#1122,.T.);
#4513=EDGE_CURVE('',#3238,#3230,#1126,.T.);
#4524=EDGE_CURVE('',#3274,#3275,#1131,.T.);
#4527=EDGE_CURVE('',#3226,#3235,#1135,.T.);
#4529=EDGE_CURVE('',#3234,#3235,#1139,.T.);
#4531=EDGE_CURVE('',#3234,#3275,#1143,.T.);
#4543=EDGE_CURVE('',#3247,#3071,#1151,.T.);
#4545=EDGE_CURVE('',#3250,#3071,#1155,.T.);
#4547=EDGE_CURVE('',#3254,#3250,#1243,.T.);
#4549=EDGE_CURVE('',#3254,#3079,#1159,.T.);
#4551=EDGE_CURVE('',#3079,#3239,#1163,.T.);
#4562=EDGE_CURVE('',#3066,#3067,#1167,.T.);
#4564=EDGE_CURVE('',#3243,#3067,#1207,.T.);
#4567=EDGE_CURVE('',#3242,#3066,#1195,.T.);
#4577=EDGE_CURVE('',#3070,#3071,#1171,.T.);
#4581=EDGE_CURVE('',#3246,#3070,#1247,.T.);
#4592=EDGE_CURVE('',#3257,#3066,#1191,.T.);
#4594=EDGE_CURVE('',#3261,#3257,#1223,.T.);
#4596=EDGE_CURVE('',#3261,#3067,#1211,.T.);
#4607=EDGE_CURVE('',#3251,#3070,#1263,.T.);
#4609=EDGE_CURVE('',#3250,#3251,#1235,.T.);
#4620=EDGE_CURVE('',#3277,#3275,#1175,.T.);
#4623=EDGE_CURVE('',#3074,#3234,#1179,.T.);
#4625=EDGE_CURVE('',#3259,#3074,#1183,.T.);
#4627=EDGE_CURVE('',#3259,#3257,#1187,.T.);
#4652=EDGE_CURVE('',#3074,#3075,#1199,.T.);
#4656=EDGE_CURVE('',#3075,#3235,#1219,.T.);
#4666=EDGE_CURVE('',#3078,#3079,#1203,.T.);
#4668=EDGE_CURVE('',#3078,#3238,#1251,.T.);
#4681=EDGE_CURVE('',#3263,#3075,#1215,.T.);
#4683=EDGE_CURVE('',#3263,#3259,#1227,.T.);
#4696=EDGE_CURVE('',#3254,#3255,#1239,.T.);
#4698=EDGE_CURVE('',#3255,#3078,#1255,.T.);
#4710=EDGE_CURVE('',#3263,#3261,#1231,.T.);
#4738=EDGE_CURVE('',#3255,#3251,#1259,.T.);
#4766=EDGE_CURVE('',#3337,#3339,#1268,.T.);
#4769=EDGE_CURVE('',#3314,#3299,#1272,.T.);
#4771=EDGE_CURVE('',#3314,#3315,#1276,.T.);
#4773=EDGE_CURVE('',#3339,#3315,#1280,.T.);
#4783=EDGE_CURVE('',#3345,#3347,#1285,.T.);
#4785=EDGE_CURVE('',#3310,#3345,#1289,.T.);
#4787=EDGE_CURVE('',#3310,#3311,#1293,.T.);
#4789=EDGE_CURVE('',#3295,#3311,#1297,.T.);
#4800=EDGE_CURVE('',#3334,#3335,#1302,.T.);
#4804=EDGE_CURVE('',#3339,#3334,#1335,.T.);
#4815=EDGE_CURVE('',#3334,#3307,#1306,.T.);
#4817=EDGE_CURVE('',#3306,#3307,#1310,.T.);
#4819=EDGE_CURVE('',#3306,#3298,#1314,.T.);
#4830=EDGE_CURVE('',#3342,#3343,#1319,.T.);
#4833=EDGE_CURVE('',#3294,#3303,#1323,.T.);
#4835=EDGE_CURVE('',#3302,#3303,#1327,.T.);
#4837=EDGE_CURVE('',#3302,#3343,#1331,.T.);
#4849=EDGE_CURVE('',#3315,#3115,#1339,.T.);
#4851=EDGE_CURVE('',#3318,#3115,#1343,.T.);
#4853=EDGE_CURVE('',#3322,#3318,#1431,.T.);
#4855=EDGE_CURVE('',#3322,#3123,#1347,.T.);
#4857=EDGE_CURVE('',#3123,#3307,#1351,.T.);
#4868=EDGE_CURVE('',#3110,#3111,#1355,.T.);
#4870=EDGE_CURVE('',#3311,#3111,#1395,.T.);
#4873=EDGE_CURVE('',#3310,#3110,#1383,.T.);
#4883=EDGE_CURVE('',#3114,#3115,#1359,.T.);
#4887=EDGE_CURVE('',#3314,#3114,#1435,.T.);
#4898=EDGE_CURVE('',#3325,#3110,#1379,.T.);
#4900=EDGE_CURVE('',#3329,#3325,#1411,.T.);
#4902=EDGE_CURVE('',#3329,#3111,#1399,.T.);
#4913=EDGE_CURVE('',#3319,#3114,#1451,.T.);
#4915=EDGE_CURVE('',#3318,#3319,#1423,.T.);
#4926=EDGE_CURVE('',#3345,#3343,#1363,.T.);
#4929=EDGE_CURVE('',#3118,#3302,#1367,.T.);
#4931=EDGE_CURVE('',#3327,#3118,#1371,.T.);
#4933=EDGE_CURVE('',#3327,#3325,#1375,.T.);
#4958=EDGE_CURVE('',#3118,#3119,#1387,.T.);
#4962=EDGE_CURVE('',#3119,#3303,#1407,.T.);
#4972=EDGE_CURVE('',#3122,#3123,#1391,.T.);
#4974=EDGE_CURVE('',#3122,#3306,#1439,.T.);
#4987=EDGE_CURVE('',#3331,#3119,#1403,.T.);
#4989=EDGE_CURVE('',#3331,#3327,#1415,.T.);
#5002=EDGE_CURVE('',#3322,#3323,#1427,.T.);
#5004=EDGE_CURVE('',#3323,#3122,#1443,.T.);
#5016=EDGE_CURVE('',#3331,#3329,#1419,.T.);
#5044=EDGE_CURVE('',#3323,#3319,#1447,.T.);
#5072=EDGE_CURVE('',#3405,#3407,#1456,.T.);
#5075=EDGE_CURVE('',#3382,#3367,#1460,.T.);
#5077=EDGE_CURVE('',#3382,#3383,#1464,.T.);
#5079=EDGE_CURVE('',#3407,#3383,#1468,.T.);
#5089=EDGE_CURVE('',#3413,#3415,#1473,.T.);
#5091=EDGE_CURVE('',#3378,#3413,#1477,.T.);
#5093=EDGE_CURVE('',#3378,#3379,#1481,.T.);
#5095=EDGE_CURVE('',#3363,#3379,#1485,.T.);
#5106=EDGE_CURVE('',#3402,#3403,#1490,.T.);
#5110=EDGE_CURVE('',#3407,#3402,#1523,.T.);
#5121=EDGE_CURVE('',#3402,#3375,#1494,.T.);
#5123=EDGE_CURVE('',#3374,#3375,#1498,.T.);
#5125=EDGE_CURVE('',#3374,#3366,#1502,.T.);
#5136=EDGE_CURVE('',#3410,#3411,#1507,.T.);
#5139=EDGE_CURVE('',#3362,#3371,#1511,.T.);
#5141=EDGE_CURVE('',#3370,#3371,#1515,.T.);
#5143=EDGE_CURVE('',#3370,#3411,#1519,.T.);
#5155=EDGE_CURVE('',#3383,#3159,#1527,.T.);
#5157=EDGE_CURVE('',#3386,#3159,#1531,.T.);
#5159=EDGE_CURVE('',#3390,#3386,#1619,.T.);
#5161=EDGE_CURVE('',#3390,#3167,#1535,.T.);
#5163=EDGE_CURVE('',#3167,#3375,#1539,.T.);
#5174=EDGE_CURVE('',#3154,#3155,#1543,.T.);
#5176=EDGE_CURVE('',#3379,#3155,#1583,.T.);
#5179=EDGE_CURVE('',#3378,#3154,#1571,.T.);
#5189=EDGE_CURVE('',#3158,#3159,#1547,.T.);
#5193=EDGE_CURVE('',#3382,#3158,#1623,.T.);
#5204=EDGE_CURVE('',#3393,#3154,#1567,.T.);
#5206=EDGE_CURVE('',#3397,#3393,#1599,.T.);
#5208=EDGE_CURVE('',#3397,#3155,#1587,.T.);
#5219=EDGE_CURVE('',#3387,#3158,#1639,.T.);
#5221=EDGE_CURVE('',#3386,#3387,#1611,.T.);
#5232=EDGE_CURVE('',#3413,#3411,#1551,.T.);
#5235=EDGE_CURVE('',#3162,#3370,#1555,.T.);
#5237=EDGE_CURVE('',#3395,#3162,#1559,.T.);
#5239=EDGE_CURVE('',#3395,#3393,#1563,.T.);
#5264=EDGE_CURVE('',#3162,#3163,#1575,.T.);
#5268=EDGE_CURVE('',#3163,#3371,#1595,.T.);
#5278=EDGE_CURVE('',#3166,#3167,#1579,.T.);
#5280=EDGE_CURVE('',#3166,#3374,#1627,.T.);
#5293=EDGE_CURVE('',#3399,#3163,#1591,.T.);
#5295=EDGE_CURVE('',#3399,#3395,#1603,.T.);
#5308=EDGE_CURVE('',#3390,#3391,#1615,.T.);
#5310=EDGE_CURVE('',#3391,#3166,#1631,.T.);
#5322=EDGE_CURVE('',#3399,#3397,#1607,.T.);
#5350=EDGE_CURVE('',#3391,#3387,#1635,.T.);
#5380=EDGE_CURVE('',#3467,#3465,#1667,.T.);
#5382=EDGE_CURVE('',#3467,#3207,#1651,.T.);
#5384=EDGE_CURVE('',#3207,#3439,#1655,.T.);
#5399=EDGE_CURVE('',#3467,#3463,#1663,.T.);
#5410=EDGE_CURVE('',#3206,#3207,#1671,.T.);
#5423=EDGE_CURVE('',#3210,#3211,#1675,.T.);
#5426=EDGE_CURVE('',#3458,#3459,#1683,.T.);
#5473=EDGE_CURVE('',#2717,#2706,#1691,.T.);
#5476=EDGE_CURVE('',#2717,#2694,#1695,.T.);
#5486=EDGE_CURVE('',#2719,#2707,#1699,.T.);
#5488=EDGE_CURVE('',#2687,#2719,#1703,.T.);
#5490=EDGE_CURVE('',#2686,#2687,#1707,.T.);
#5492=EDGE_CURVE('',#2690,#2686,#1711,.T.);
#5503=EDGE_CURVE('',#2713,#2710,#1715,.T.);
#5505=EDGE_CURVE('',#2710,#2702,#1783,.T.);
#5507=EDGE_CURVE('',#2698,#2702,#1771,.T.);
#5509=EDGE_CURVE('',#2706,#2698,#1759,.T.);
#5512=EDGE_CURVE('',#2717,#2713,#1739,.T.);
#5523=EDGE_CURVE('',#2713,#2695,#1719,.T.);
#5534=EDGE_CURVE('',#2715,#2711,#1723,.T.);
#5537=EDGE_CURVE('',#2691,#2682,#1727,.T.);
#5539=EDGE_CURVE('',#2682,#2683,#1731,.T.);
#5541=EDGE_CURVE('',#2683,#2715,#1735,.T.);
#5564=EDGE_CURVE('',#2719,#2715,#1747,.T.);
#5567=EDGE_CURVE('',#2699,#2707,#1767,.T.);
#5569=EDGE_CURVE('',#2699,#2703,#1743,.T.);
#5571=EDGE_CURVE('',#2703,#2711,#1775,.T.);
#5583=EDGE_CURVE('',#2683,#2687,#1751,.T.);
#5595=EDGE_CURVE('',#2682,#2686,#1755,.T.);
#5621=EDGE_CURVE('',#2698,#2699,#1763,.T.);
#5634=EDGE_CURVE('',#2702,#2703,#1779,.T.);
#5657=EDGE_CURVE('',#3221,#3057,#1787,.T.);
#5660=EDGE_CURVE('',#3221,#3214,#1791,.T.);
#5670=EDGE_CURVE('',#3223,#3059,#1795,.T.);
#5672=EDGE_CURVE('',#3043,#3223,#1799,.T.);
#5674=EDGE_CURVE('',#3042,#3043,#1803,.T.);
#5676=EDGE_CURVE('',#3047,#3042,#1807,.T.);
#5687=EDGE_CURVE('',#3057,#3050,#1811,.T.);
#5690=EDGE_CURVE('',#3221,#3217,#1867,.T.);
#5692=EDGE_CURVE('',#3217,#3061,#1843,.T.);
#5694=EDGE_CURVE('',#3061,#3054,#1827,.T.);
#5696=EDGE_CURVE('',#3050,#3054,#1823,.T.);
#5707=EDGE_CURVE('',#3050,#3051,#1815,.T.);
#5709=EDGE_CURVE('',#3051,#3059,#1819,.T.);
#5722=EDGE_CURVE('',#3054,#3055,#1835,.T.);
#5724=EDGE_CURVE('',#3051,#3055,#1839,.T.);
#5736=EDGE_CURVE('',#3055,#3063,#1831,.T.);
#5750=EDGE_CURVE('',#3219,#3063,#1851,.T.);
#5752=EDGE_CURVE('',#3223,#3219,#1875,.T.);
#5764=EDGE_CURVE('',#3217,#3215,#1847,.T.);
#5777=EDGE_CURVE('',#3045,#3038,#1855,.T.);
#5779=EDGE_CURVE('',#3038,#3039,#1859,.T.);
#5781=EDGE_CURVE('',#3039,#3219,#1863,.T.);
#5806=EDGE_CURVE('',#3038,#3042,#1871,.T.);
#5819=EDGE_CURVE('',#3039,#3043,#1879,.T.);
#5841=EDGE_CURVE('',#3289,#3101,#1883,.T.);
#5844=EDGE_CURVE('',#3289,#3282,#1887,.T.);
#5854=EDGE_CURVE('',#3291,#3103,#1891,.T.);
#5856=EDGE_CURVE('',#3087,#3291,#1895,.T.);
#5858=EDGE_CURVE('',#3086,#3087,#1899,.T.);
#5860=EDGE_CURVE('',#3091,#3086,#1903,.T.);
#5871=EDGE_CURVE('',#3101,#3094,#1907,.T.);
#5874=EDGE_CURVE('',#3289,#3285,#1963,.T.);
#5876=EDGE_CURVE('',#3285,#3105,#1939,.T.);
#5878=EDGE_CURVE('',#3105,#3098,#1923,.T.);
#5880=EDGE_CURVE('',#3094,#3098,#1919,.T.);
#5891=EDGE_CURVE('',#3094,#3095,#1911,.T.);
#5893=EDGE_CURVE('',#3095,#3103,#1915,.T.);
#5906=EDGE_CURVE('',#3098,#3099,#1931,.T.);
#5908=EDGE_CURVE('',#3095,#3099,#1935,.T.);
#5920=EDGE_CURVE('',#3099,#3107,#1927,.T.);
#5934=EDGE_CURVE('',#3287,#3107,#1947,.T.);
#5936=EDGE_CURVE('',#3291,#3287,#1971,.T.);
#5948=EDGE_CURVE('',#3285,#3283,#1943,.T.);
#5961=EDGE_CURVE('',#3089,#3082,#1951,.T.);
#5963=EDGE_CURVE('',#3082,#3083,#1955,.T.);
#5965=EDGE_CURVE('',#3083,#3287,#1959,.T.);
#5990=EDGE_CURVE('',#3082,#3086,#1967,.T.);
#6003=EDGE_CURVE('',#3083,#3087,#1975,.T.);
#6025=EDGE_CURVE('',#3357,#3145,#1979,.T.);
#6028=EDGE_CURVE('',#3357,#3350,#1983,.T.);
#6038=EDGE_CURVE('',#3359,#3147,#1987,.T.);
#6040=EDGE_CURVE('',#3131,#3359,#1991,.T.);
#6042=EDGE_CURVE('',#3130,#3131,#1995,.T.);
#6044=EDGE_CURVE('',#3135,#3130,#1999,.T.);
#6055=EDGE_CURVE('',#3145,#3138,#2003,.T.);
#6058=EDGE_CURVE('',#3357,#3353,#2059,.T.);
#6060=EDGE_CURVE('',#3353,#3149,#2035,.T.);
#6062=EDGE_CURVE('',#3149,#3142,#2019,.T.);
#6064=EDGE_CURVE('',#3138,#3142,#2015,.T.);
#6075=EDGE_CURVE('',#3138,#3139,#2007,.T.);
#6077=EDGE_CURVE('',#3139,#3147,#2011,.T.);
#6090=EDGE_CURVE('',#3142,#3143,#2027,.T.);
#6092=EDGE_CURVE('',#3139,#3143,#2031,.T.);
#6104=EDGE_CURVE('',#3143,#3151,#2023,.T.);
#6118=EDGE_CURVE('',#3355,#3151,#2043,.T.);
#6120=EDGE_CURVE('',#3359,#3355,#2067,.T.);
#6132=EDGE_CURVE('',#3353,#3351,#2039,.T.);
#6145=EDGE_CURVE('',#3133,#3126,#2047,.T.);
#6147=EDGE_CURVE('',#3126,#3127,#2051,.T.);
#6149=EDGE_CURVE('',#3127,#3355,#2055,.T.);
#6174=EDGE_CURVE('',#3126,#3130,#2063,.T.);
#6187=EDGE_CURVE('',#3127,#3131,#2071,.T.);
#6209=EDGE_CURVE('',#3425,#3189,#2075,.T.);
#6212=EDGE_CURVE('',#3425,#3418,#2079,.T.);
#6222=EDGE_CURVE('',#3427,#3191,#2083,.T.);
#6224=EDGE_CURVE('',#3175,#3427,#2087,.T.);
#6226=EDGE_CURVE('',#3174,#3175,#2091,.T.);
#6228=EDGE_CURVE('',#3179,#3174,#2095,.T.);
#6239=EDGE_CURVE('',#3189,#3182,#2099,.T.);
#6242=EDGE_CURVE('',#3425,#3421,#2155,.T.);
#6244=EDGE_CURVE('',#3421,#3193,#2131,.T.);
#6246=EDGE_CURVE('',#3193,#3186,#2115,.T.);
#6248=EDGE_CURVE('',#3182,#3186,#2111,.T.);
#6259=EDGE_CURVE('',#3182,#3183,#2103,.T.);
#6261=EDGE_CURVE('',#3183,#3191,#2107,.T.);
#6274=EDGE_CURVE('',#3186,#3187,#2123,.T.);
#6276=EDGE_CURVE('',#3183,#3187,#2127,.T.);
#6288=EDGE_CURVE('',#3187,#3195,#2119,.T.);
#6302=EDGE_CURVE('',#3423,#3195,#2139,.T.);
#6304=EDGE_CURVE('',#3427,#3423,#2163,.T.);
#6316=EDGE_CURVE('',#3421,#3419,#2135,.T.);
#6329=EDGE_CURVE('',#3177,#3170,#2143,.T.);
#6331=EDGE_CURVE('',#3170,#3171,#2147,.T.);
#6333=EDGE_CURVE('',#3171,#3423,#2151,.T.);
#6358=EDGE_CURVE('',#3170,#3174,#2159,.T.);
#6371=EDGE_CURVE('',#3171,#3175,#2167,.T.);
#6394=EDGE_CURVE('',#2900,#2778,#2171,.T.);
#6396=EDGE_CURVE('',#2778,#2779,#2199,.T.);
#6398=EDGE_CURVE('',#2901,#2779,#2195,.T.);
#6409=EDGE_CURVE('',#2911,#2789,#2175,.T.);
#6411=EDGE_CURVE('',#2789,#2778,#2203,.T.);
#6423=EDGE_CURVE('',#2909,#2787,#2179,.T.);
#6425=EDGE_CURVE('',#2787,#2789,#2207,.T.);
#6437=EDGE_CURVE('',#2907,#2785,#2183,.T.);
#6439=EDGE_CURVE('',#2785,#2787,#2211,.T.);
#6451=EDGE_CURVE('',#2905,#2783,#2187,.T.);
#6453=EDGE_CURVE('',#2783,#2785,#2215,.T.);
#6465=EDGE_CURVE('',#2903,#2781,#2191,.T.);
#6467=EDGE_CURVE('',#2781,#2783,#2219,.T.);
#6480=EDGE_CURVE('',#2779,#2781,#2223,.T.);
#6506=EDGE_CURVE('',#2792,#2793,#2227,.T.);
#6508=EDGE_CURVE('',#2837,#2792,#2231,.T.);
#6510=EDGE_CURVE('',#2835,#2837,#2235,.T.);
#6512=EDGE_CURVE('',#2833,#2835,#2239,.T.);
#6514=EDGE_CURVE('',#2831,#2833,#2243,.T.);
#6516=EDGE_CURVE('',#2829,#2831,#2247,.T.);
#6518=EDGE_CURVE('',#2827,#2829,#2251,.T.);
#6520=EDGE_CURVE('',#2825,#2827,#2255,.T.);
#6522=EDGE_CURVE('',#2823,#2825,#2259,.T.);
#6524=EDGE_CURVE('',#2821,#2823,#2263,.T.);
#6526=EDGE_CURVE('',#2819,#2821,#2267,.T.);
#6528=EDGE_CURVE('',#2817,#2819,#2271,.T.);
#6530=EDGE_CURVE('',#2815,#2817,#2275,.T.);
#6532=EDGE_CURVE('',#2813,#2815,#2279,.T.);
#6534=EDGE_CURVE('',#2811,#2813,#2283,.T.);
#6536=EDGE_CURVE('',#2809,#2811,#2287,.T.);
#6538=EDGE_CURVE('',#2807,#2809,#2291,.T.);
#6540=EDGE_CURVE('',#2805,#2807,#2295,.T.);
#6542=EDGE_CURVE('',#2803,#2805,#2299,.T.);
#6544=EDGE_CURVE('',#2801,#2803,#2303,.T.);
#6546=EDGE_CURVE('',#2799,#2801,#2307,.T.);
#6548=EDGE_CURVE('',#2797,#2799,#2311,.T.);
#6550=EDGE_CURVE('',#2795,#2797,#2315,.T.);
#6552=EDGE_CURVE('',#2793,#2795,#2319,.T.);
#6556=EDGE_CURVE('',#2840,#2841,#2323,.T.);
#6558=EDGE_CURVE('',#2877,#2840,#2327,.T.);
#6560=EDGE_CURVE('',#2875,#2877,#2331,.T.);
#6562=EDGE_CURVE('',#2873,#2875,#2335,.T.);
#6564=EDGE_CURVE('',#2871,#2873,#2339,.T.);
#6566=EDGE_CURVE('',#2869,#2871,#2343,.T.);
#6568=EDGE_CURVE('',#2867,#2869,#2347,.T.);
#6570=EDGE_CURVE('',#2865,#2867,#2351,.T.);
#6572=EDGE_CURVE('',#2863,#2865,#2355,.T.);
#6574=EDGE_CURVE('',#2861,#2863,#2359,.T.);
#6576=EDGE_CURVE('',#2859,#2861,#2363,.T.);
#6578=EDGE_CURVE('',#2857,#2859,#2367,.T.);
#6580=EDGE_CURVE('',#2855,#2857,#2371,.T.);
#6582=EDGE_CURVE('',#2853,#2855,#2375,.T.);
#6584=EDGE_CURVE('',#2851,#2853,#2379,.T.);
#6586=EDGE_CURVE('',#2849,#2851,#2383,.T.);
#6588=EDGE_CURVE('',#2847,#2849,#2387,.T.);
#6590=EDGE_CURVE('',#2845,#2847,#2391,.T.);
#6592=EDGE_CURVE('',#2843,#2845,#2395,.T.);
#6594=EDGE_CURVE('',#2841,#2843,#2399,.T.);
#6604=EDGE_CURVE('',#2880,#2881,#2403,.T.);
#6606=EDGE_CURVE('',#2897,#2880,#2407,.T.);
#6608=EDGE_CURVE('',#2895,#2897,#2411,.T.);
#6610=EDGE_CURVE('',#2893,#2895,#2415,.T.);
#6612=EDGE_CURVE('',#2891,#2893,#2419,.T.);
#6614=EDGE_CURVE('',#2889,#2891,#2423,.T.);
#6616=EDGE_CURVE('',#2887,#2889,#2427,.T.);
#6618=EDGE_CURVE('',#2885,#2887,#2431,.T.);
#6620=EDGE_CURVE('',#2883,#2885,#2435,.T.);
#6622=EDGE_CURVE('',#2881,#2883,#2439,.T.);
#6633=EDGE_CURVE('',#2914,#2792,#2443,.T.);
#6636=EDGE_CURVE('',#2915,#2793,#2535,.T.);
#6647=EDGE_CURVE('',#2959,#2837,#2447,.T.);
#6660=EDGE_CURVE('',#2957,#2835,#2451,.T.);
#6673=EDGE_CURVE('',#2955,#2833,#2455,.T.);
#6686=EDGE_CURVE('',#2953,#2831,#2459,.T.);
#6699=EDGE_CURVE('',#2951,#2829,#2463,.T.);
#6712=EDGE_CURVE('',#2949,#2827,#2467,.T.);
#6725=EDGE_CURVE('',#2947,#2825,#2471,.T.);
#6738=EDGE_CURVE('',#2945,#2823,#2475,.T.);
#6751=EDGE_CURVE('',#2943,#2821,#2479,.T.);
#6764=EDGE_CURVE('',#2941,#2819,#2483,.T.);
#6777=EDGE_CURVE('',#2939,#2817,#2487,.T.);
#6790=EDGE_CURVE('',#2937,#2815,#2491,.T.);
#6803=EDGE_CURVE('',#2935,#2813,#2495,.T.);
#6816=EDGE_CURVE('',#2933,#2811,#2499,.T.);
#6829=EDGE_CURVE('',#2931,#2809,#2503,.T.);
#6842=EDGE_CURVE('',#2929,#2807,#2507,.T.);
#6855=EDGE_CURVE('',#2927,#2805,#2511,.T.);
#6868=EDGE_CURVE('',#2925,#2803,#2515,.T.);
#6881=EDGE_CURVE('',#2923,#2801,#2519,.T.);
#6894=EDGE_CURVE('',#2921,#2799,#2523,.T.);
#6907=EDGE_CURVE('',#2919,#2797,#2527,.T.);
#6920=EDGE_CURVE('',#2917,#2795,#2531,.T.);
#6945=EDGE_CURVE('',#2962,#2840,#2539,.T.);
#6948=EDGE_CURVE('',#2963,#2841,#2615,.T.);
#6959=EDGE_CURVE('',#2999,#2877,#2543,.T.);
#6972=EDGE_CURVE('',#2997,#2875,#2547,.T.);
#6985=EDGE_CURVE('',#2995,#2873,#2551,.T.);
#6998=EDGE_CURVE('',#2993,#2871,#2555,.T.);
#7011=EDGE_CURVE('',#2991,#2869,#2559,.T.);
#7024=EDGE_CURVE('',#2989,#2867,#2563,.T.);
#7037=EDGE_CURVE('',#2987,#2865,#2567,.T.);
#7050=EDGE_CURVE('',#2985,#2863,#2571,.T.);
#7063=EDGE_CURVE('',#2983,#2861,#2575,.T.);
#7076=EDGE_CURVE('',#2981,#2859,#2579,.T.);
#7089=EDGE_CURVE('',#2979,#2857,#2583,.T.);
#7102=EDGE_CURVE('',#2977,#2855,#2587,.T.);
#7115=EDGE_CURVE('',#2975,#2853,#2591,.T.);
#7128=EDGE_CURVE('',#2973,#2851,#2595,.T.);
#7141=EDGE_CURVE('',#2971,#2849,#2599,.T.);
#7154=EDGE_CURVE('',#2969,#2847,#2603,.T.);
#7167=EDGE_CURVE('',#2967,#2845,#2607,.T.);
#7180=EDGE_CURVE('',#2965,#2843,#2611,.T.);
#7205=EDGE_CURVE('',#3002,#2880,#2619,.T.);
#7208=EDGE_CURVE('',#3003,#2881,#2655,.T.);
#7219=EDGE_CURVE('',#3019,#2897,#2623,.T.);
#7232=EDGE_CURVE('',#3017,#2895,#2627,.T.);
#7245=EDGE_CURVE('',#3015,#2893,#2631,.T.);
#7258=EDGE_CURVE('',#3013,#2891,#2635,.T.);
#7271=EDGE_CURVE('',#3011,#2889,#2639,.T.);
#7284=EDGE_CURVE('',#3009,#2887,#2643,.T.);
#7297=EDGE_CURVE('',#3007,#2885,#2647,.T.);
#7310=EDGE_CURVE('',#3005,#2883,#2651,.T.);
#7342=ADVANCED_BREP_SHAPE_REPRESENTATION('',(#7330),#7341);
#7349=PRODUCT_DEFINITION('part definition','',#7348,#7345);
#7350=PRODUCT_DEFINITION_SHAPE('','SHAPE FOR C-1825057-4.',#7349);
#7351=SHAPE_ASPECT('','solid data associated with C-1825057-4',#7350,.F.);
#7352=PROPERTY_DEFINITION('',
'shape for solid data with which properties are associated',#7351);
#7353=SHAPE_REPRESENTATION('',(#7330),#7341);
#7354=SHAPE_DEFINITION_REPRESENTATION(#7352,#7353);
#7361=PROPERTY_DEFINITION('geometric_validation_property','area of C-1825057-4',
#7351);
#7362=REPRESENTATION('surface area',(#7360),#7341);
#7363=PROPERTY_DEFINITION_REPRESENTATION(#7361,#7362);
#7370=PROPERTY_DEFINITION('geometric_validation_property',
'volume of C-1825057-4',#7351);
#7371=REPRESENTATION('volume',(#7369),#7341);
#7372=PROPERTY_DEFINITION_REPRESENTATION(#7370,#7371);
#7374=PROPERTY_DEFINITION('geometric_validation_property',
'centroid of C-1825057-4',#7351);
#7375=REPRESENTATION('centroid',(#7373),#7341);
#7376=PROPERTY_DEFINITION_REPRESENTATION(#7374,#7375);
#7383=PROPERTY_DEFINITION('geometric_validation_property','area of C-1825057-4',
#7350);
#7384=REPRESENTATION('surface area',(#7382),#7341);
#7385=PROPERTY_DEFINITION_REPRESENTATION(#7383,#7384);
#7392=PROPERTY_DEFINITION('geometric_validation_property',
'volume of C-1825057-4',#7350);
#7393=REPRESENTATION('volume',(#7391),#7341);
#7394=PROPERTY_DEFINITION_REPRESENTATION(#7392,#7393);
#7396=PROPERTY_DEFINITION('geometric_validation_property',
'centroid of C-1825057-4',#7350);
#7397=REPRESENTATION('centroid',(#7395),#7341);
#7398=PROPERTY_DEFINITION_REPRESENTATION(#7396,#7397);
#7399=SHAPE_DEFINITION_REPRESENTATION(#7350,#7342);
#7401=PROPERTY_DEFINITION('user defined attribute','',#7349);
#7405=REPRESENTATION('',(#7404),#7341);
#7406=PROPERTY_DEFINITION_REPRESENTATION(#7401,#7405);
#7407=PROPERTY_DEFINITION('user defined attribute','',#7349);
#7411=REPRESENTATION('',(#7410),#7341);
#7412=PROPERTY_DEFINITION_REPRESENTATION(#7407,#7411);
#7413=PROPERTY_DEFINITION('user defined attribute','',#7349);
#7417=REPRESENTATION('',(#7416),#7341);
#7418=PROPERTY_DEFINITION_REPRESENTATION(#7413,#7417);
#7419=PROPERTY_DEFINITION('user defined attribute','',#7349);
#7423=REPRESENTATION('',(#7422),#7341);
#7424=PROPERTY_DEFINITION_REPRESENTATION(#7419,#7423);
#7425=PROPERTY_DEFINITION('user defined attribute','',#7349);
#7429=REPRESENTATION('',(#7428),#7341);
#7430=PROPERTY_DEFINITION_REPRESENTATION(#7425,#7429);
#7431=PROPERTY_DEFINITION('user defined attribute','',#7349);
#7435=REPRESENTATION('',(#7434),#7341);
#7436=PROPERTY_DEFINITION_REPRESENTATION(#7431,#7435);
#7437=PROPERTY_DEFINITION('user defined attribute','',#7349);
#7441=REPRESENTATION('',(#7440),#7341);
#7442=PROPERTY_DEFINITION_REPRESENTATION(#7437,#7441);
#7443=PROPERTY_DEFINITION('user defined attribute','',#7349);
#7447=REPRESENTATION('',(#7446),#7341);
#7448=PROPERTY_DEFINITION_REPRESENTATION(#7443,#7447);
#7449=PROPERTY_DEFINITION('user defined attribute','',#7349);
#7453=REPRESENTATION('',(#7452),#7341);
#7454=PROPERTY_DEFINITION_REPRESENTATION(#7449,#7453);
#7455=PROPERTY_DEFINITION('user defined attribute','',#7349);
#7459=REPRESENTATION('',(#7458),#7341);
#7460=PROPERTY_DEFINITION_REPRESENTATION(#7455,#7459);
#7461=PROPERTY_DEFINITION('user defined attribute','',#7349);
#7465=REPRESENTATION('',(#7464),#7341);
#7466=PROPERTY_DEFINITION_REPRESENTATION(#7461,#7465);
#7467=PROPERTY_DEFINITION('user defined attribute','',#7349);
#7471=REPRESENTATION('',(#7470),#7341);
#7472=PROPERTY_DEFINITION_REPRESENTATION(#7467,#7471);
#7473=PROPERTY_DEFINITION('user defined attribute','',#7349);
#7477=REPRESENTATION('',(#7476),#7341);
#7478=PROPERTY_DEFINITION_REPRESENTATION(#7473,#7477);
#7479=PROPERTY_DEFINITION('user defined attribute','',#7349);
#7483=REPRESENTATION('',(#7482),#7341);
#7484=PROPERTY_DEFINITION_REPRESENTATION(#7479,#7483);
#7485=PROPERTY_DEFINITION('user defined attribute','',#7349);
#7488=PROPERTY_DEFINITION('user defined attribute','',#7349);
#7492=REPRESENTATION('',(#7491),#7341);
#7493=PROPERTY_DEFINITION_REPRESENTATION(#7488,#7492);
#7494=PROPERTY_DEFINITION('user defined attribute','',#7349);
#7498=REPRESENTATION('',(#7497),#7341);
#7499=PROPERTY_DEFINITION_REPRESENTATION(#7494,#7498);
#7500=PROPERTY_DEFINITION('user defined attribute','',#7349);
#7504=REPRESENTATION('',(#7503),#7341);
#7505=PROPERTY_DEFINITION_REPRESENTATION(#7500,#7504);
#7506=PROPERTY_DEFINITION('user defined attribute','',#7349);
#7510=REPRESENTATION('',(#7509),#7341);
#7511=PROPERTY_DEFINITION_REPRESENTATION(#7506,#7510);
#7512=PROPERTY_DEFINITION('user defined attribute','',#7349);
#7516=REPRESENTATION('',(#7515),#7341);
#7517=PROPERTY_DEFINITION_REPRESENTATION(#7512,#7516);
#7518=PROPERTY_DEFINITION('user defined attribute','',#7349);
#7522=REPRESENTATION('',(#7521),#7341);
#7523=PROPERTY_DEFINITION_REPRESENTATION(#7518,#7522);
#7524=PROPERTY_DEFINITION('user defined attribute','',#7349);
#7528=REPRESENTATION('',(#7527),#7341);
#7529=PROPERTY_DEFINITION_REPRESENTATION(#7524,#7528);
#7530=PROPERTY_DEFINITION('user defined attribute','',#7349);
#7534=REPRESENTATION('',(#7533),#7341);
#7535=PROPERTY_DEFINITION_REPRESENTATION(#7530,#7534);
#7536=PROPERTY_DEFINITION('user defined attribute','',#7349);
#7540=REPRESENTATION('',(#7539),#7341);
#7541=PROPERTY_DEFINITION_REPRESENTATION(#7536,#7540);
#7542=PROPERTY_DEFINITION('user defined attribute','',#7349);
#7545=PROPERTY_DEFINITION('user defined attribute','',#7349);
#7549=REPRESENTATION('',(#7548),#7341);
#7550=PROPERTY_DEFINITION_REPRESENTATION(#7545,#7549);
#7551=PROPERTY_DEFINITION('user defined attribute','',#7349);
#7555=REPRESENTATION('',(#7554),#7341);
#7556=PROPERTY_DEFINITION_REPRESENTATION(#7551,#7555);
#7557=DERIVED_UNIT((#7359));
#7558=DERIVED_UNIT((#7368));
#7559=DERIVED_UNIT((#7381));
#7560=DERIVED_UNIT((#7390));
ENDSEC;
END-ISO-10303-21;
