ISO-10303-21;
HEADER;
/* Generated by software containing ST-Developer
 * from STEP Tools, Inc. (www.steptools.com) 
 */
/* OPTION: using custom renumber hook */

FILE_DESCRIPTION(
/* description */ ('STEP AP242',
'CAx-IF Rec.Pracs.---Representation and Presentation of Product Manufa
cturing Information (PMI)---4.0---2014-10-13',
'CAx-IF Rec.Pracs.---3D Tessellated Geometry---0.4---2014-09-14','2;1'),

/* implementation_level */ '2;1');

FILE_NAME(
/* name */ 'SS-10-15SPE',
/* time_stamp */ '2024-05-22T13:44:56+02:00',
/* author */ ('License CC BY-ND 4.0'),
/* organization */ ('CADENAS'),
/* preprocessor_version */ 'ST-DEVELOPER v19.3',
/* originating_system */ 'PARTsolutions',
/* authorisation */ '  ');

FILE_SCHEMA (('AP242_MANAGED_MODEL_BASED_3D_ENGINEERING_MIM_LF { 1 0 10303 442 1 1 4 }'));
ENDSEC;

DATA;
#10=CONICAL_SURFACE('',#5454,1.9,0.785398163397449);
#11=CONTEXT_DEPENDENT_SHAPE_REPRESENTATION(#15,#7587);
#12=CONTEXT_DEPENDENT_SHAPE_REPRESENTATION(#16,#7589);
#13=NEXT_ASSEMBLY_USAGE_OCCURRENCE('NAUO1','SS-10-5-w/o-body',
'SS-10-5-w/o-body',#7590,#7591,'');
#14=NEXT_ASSEMBLY_USAGE_OCCURRENCE('NAUO2','SS-10_5wokwo-knob',
'SS-10_5wokwo-knob',#7590,#7592,'');
#15=(
REPRESENTATION_RELATIONSHIP(' ',' ',#5177,#5176)
REPRESENTATION_RELATIONSHIP_WITH_TRANSFORMATION(#17)
SHAPE_REPRESENTATION_RELATIONSHIP()
);
#16=(
REPRESENTATION_RELATIONSHIP(' ',' ',#5178,#5176)
REPRESENTATION_RELATIONSHIP_WITH_TRANSFORMATION(#18)
SHAPE_REPRESENTATION_RELATIONSHIP()
);
#17=ITEM_DEFINED_TRANSFORMATION(' ',' ',#5179,#5451);
#18=ITEM_DEFINED_TRANSFORMATION(' ',' ',#5179,#5467);
#19=SHAPE_REPRESENTATION_RELATIONSHIP('','',#5177,#21);
#20=SHAPE_REPRESENTATION_RELATIONSHIP('','',#5178,#22);
#21=ADVANCED_BREP_SHAPE_REPRESENTATION('',(#5171),#7577);
#22=ADVANCED_BREP_SHAPE_REPRESENTATION('',(#5172),#7578);
#23=DRAUGHTING_PRE_DEFINED_COLOUR('white');
#24=TOROIDAL_SURFACE('',#5252,0.300000000000001,0.0999999999999985);
#25=TOROIDAL_SURFACE('',#5257,0.300000000000001,0.0999999999999985);
#26=TOROIDAL_SURFACE('',#5262,0.300000000000001,0.0999999999999985);
#27=TOROIDAL_SURFACE('',#5267,0.300000000000001,0.0999999999999985);
#28=CYLINDRICAL_SURFACE('',#5220,0.5);
#29=CYLINDRICAL_SURFACE('',#5224,0.5);
#30=CYLINDRICAL_SURFACE('',#5227,0.5);
#31=CYLINDRICAL_SURFACE('',#5229,0.5);
#32=CYLINDRICAL_SURFACE('',#5237,0.399999999999999);
#33=CYLINDRICAL_SURFACE('',#5238,0.399999999999999);
#34=CYLINDRICAL_SURFACE('',#5240,0.4);
#35=CYLINDRICAL_SURFACE('',#5241,0.4);
#36=CYLINDRICAL_SURFACE('',#5250,0.4);
#37=CYLINDRICAL_SURFACE('',#5255,0.4);
#38=CYLINDRICAL_SURFACE('',#5260,0.4);
#39=CYLINDRICAL_SURFACE('',#5265,0.4);
#40=CYLINDRICAL_SURFACE('',#5282,0.223000000000001);
#41=CYLINDRICAL_SURFACE('',#5284,0.339);
#42=CYLINDRICAL_SURFACE('',#5286,0.3);
#43=CYLINDRICAL_SURFACE('',#5290,0.15);
#44=CYLINDRICAL_SURFACE('',#5292,0.188999999999999);
#45=CYLINDRICAL_SURFACE('',#5294,0.373);
#46=CYLINDRICAL_SURFACE('',#5298,0.3);
#47=CYLINDRICAL_SURFACE('',#5300,0.275);
#48=CYLINDRICAL_SURFACE('',#5304,0.125);
#49=CYLINDRICAL_SURFACE('',#5308,0.112);
#50=CYLINDRICAL_SURFACE('',#5329,0.3);
#51=CYLINDRICAL_SURFACE('',#5332,0.300000000000001);
#52=CYLINDRICAL_SURFACE('',#5340,0.15);
#53=CYLINDRICAL_SURFACE('',#5343,0.15);
#54=CYLINDRICAL_SURFACE('',#5346,2.);
#55=CYLINDRICAL_SURFACE('',#5428,0.0999999999999999);
#56=CYLINDRICAL_SURFACE('',#5433,0.0999999999999999);
#57=CYLINDRICAL_SURFACE('',#5437,0.1);
#58=CYLINDRICAL_SURFACE('',#5442,0.1);
#59=CYLINDRICAL_SURFACE('',#5447,0.1);
#60=CYLINDRICAL_SURFACE('',#5456,2.);
#61=LINE('',#6494,#504);
#62=LINE('',#6498,#505);
#63=LINE('',#6502,#506);
#64=LINE('',#6504,#507);
#65=LINE('',#6506,#508);
#66=LINE('',#6508,#509);
#67=LINE('',#6510,#510);
#68=LINE('',#6512,#511);
#69=LINE('',#6516,#512);
#70=LINE('',#6517,#513);
#71=LINE('',#6520,#514);
#72=LINE('',#6528,#515);
#73=LINE('',#6530,#516);
#74=LINE('',#6538,#517);
#75=LINE('',#6540,#518);
#76=LINE('',#6541,#519);
#77=LINE('',#6544,#520);
#78=LINE('',#6546,#521);
#79=LINE('',#6550,#522);
#80=LINE('',#6554,#523);
#81=LINE('',#6557,#524);
#82=LINE('',#6560,#525);
#83=LINE('',#6562,#526);
#84=LINE('',#6564,#527);
#85=LINE('',#6566,#528);
#86=LINE('',#6568,#529);
#87=LINE('',#6570,#530);
#88=LINE('',#6574,#531);
#89=LINE('',#6576,#532);
#90=LINE('',#6580,#533);
#91=LINE('',#6582,#534);
#92=LINE('',#6586,#535);
#93=LINE('',#6588,#536);
#94=LINE('',#6591,#537);
#95=LINE('',#6594,#538);
#96=LINE('',#6596,#539);
#97=LINE('',#6598,#540);
#98=LINE('',#6600,#541);
#99=LINE('',#6602,#542);
#100=LINE('',#6604,#543);
#101=LINE('',#6606,#544);
#102=LINE('',#6608,#545);
#103=LINE('',#6610,#546);
#104=LINE('',#6612,#547);
#105=LINE('',#6616,#548);
#106=LINE('',#6620,#549);
#107=LINE('',#6624,#550);
#108=LINE('',#6628,#551);
#109=LINE('',#6632,#552);
#110=LINE('',#6636,#553);
#111=LINE('',#6640,#554);
#112=LINE('',#6644,#555);
#113=LINE('',#6648,#556);
#114=LINE('',#6652,#557);
#115=LINE('',#6662,#558);
#116=LINE('',#6665,#559);
#117=LINE('',#6667,#560);
#118=LINE('',#6669,#561);
#119=LINE('',#6670,#562);
#120=LINE('',#6673,#563);
#121=LINE('',#6675,#564);
#122=LINE('',#6677,#565);
#123=LINE('',#6679,#566);
#124=LINE('',#6681,#567);
#125=LINE('',#6683,#568);
#126=LINE('',#6685,#569);
#127=LINE('',#6687,#570);
#128=LINE('',#6689,#571);
#129=LINE('',#6691,#572);
#130=LINE('',#6693,#573);
#131=LINE('',#6695,#574);
#132=LINE('',#6697,#575);
#133=LINE('',#6699,#576);
#134=LINE('',#6701,#577);
#135=LINE('',#6705,#578);
#136=LINE('',#6709,#579);
#137=LINE('',#6711,#580);
#138=LINE('',#6713,#581);
#139=LINE('',#6715,#582);
#140=LINE('',#6717,#583);
#141=LINE('',#6719,#584);
#142=LINE('',#6721,#585);
#143=LINE('',#6723,#586);
#144=LINE('',#6725,#587);
#145=LINE('',#6727,#588);
#146=LINE('',#6729,#589);
#147=LINE('',#6731,#590);
#148=LINE('',#6733,#591);
#149=LINE('',#6735,#592);
#150=LINE('',#6737,#593);
#151=LINE('',#6739,#594);
#152=LINE('',#6741,#595);
#153=LINE('',#6745,#596);
#154=LINE('',#6749,#597);
#155=LINE('',#6751,#598);
#156=LINE('',#6754,#599);
#157=LINE('',#6755,#600);
#158=LINE('',#6757,#601);
#159=LINE('',#6759,#602);
#160=LINE('',#6760,#603);
#161=LINE('',#6762,#604);
#162=LINE('',#6764,#605);
#163=LINE('',#6765,#606);
#164=LINE('',#6767,#607);
#165=LINE('',#6769,#608);
#166=LINE('',#6770,#609);
#167=LINE('',#6772,#610);
#168=LINE('',#6774,#611);
#169=LINE('',#6775,#612);
#170=LINE('',#6777,#613);
#171=LINE('',#6779,#614);
#172=LINE('',#6781,#615);
#173=LINE('',#6782,#616);
#174=LINE('',#6784,#617);
#175=LINE('',#6786,#618);
#176=LINE('',#6787,#619);
#177=LINE('',#6789,#620);
#178=LINE('',#6791,#621);
#179=LINE('',#6792,#622);
#180=LINE('',#6794,#623);
#181=LINE('',#6796,#624);
#182=LINE('',#6797,#625);
#183=LINE('',#6799,#626);
#184=LINE('',#6801,#627);
#185=LINE('',#6803,#628);
#186=LINE('',#6806,#629);
#187=LINE('',#6808,#630);
#188=LINE('',#6809,#631);
#189=LINE('',#6811,#632);
#190=LINE('',#6813,#633);
#191=LINE('',#6819,#634);
#192=LINE('',#6821,#635);
#193=LINE('',#6823,#636);
#194=LINE('',#6824,#637);
#195=LINE('',#6826,#638);
#196=LINE('',#6830,#639);
#197=LINE('',#6832,#640);
#198=LINE('',#6834,#641);
#199=LINE('',#6840,#642);
#200=LINE('',#6842,#643);
#201=LINE('',#6844,#644);
#202=LINE('',#6850,#645);
#203=LINE('',#6855,#646);
#204=LINE('',#6857,#647);
#205=LINE('',#6859,#648);
#206=LINE('',#6862,#649);
#207=LINE('',#6865,#650);
#208=LINE('',#6868,#651);
#209=LINE('',#6871,#652);
#210=LINE('',#6873,#653);
#211=LINE('',#6875,#654);
#212=LINE('',#6877,#655);
#213=LINE('',#6878,#656);
#214=LINE('',#6880,#657);
#215=LINE('',#6881,#658);
#216=LINE('',#6913,#659);
#217=LINE('',#6915,#660);
#218=LINE('',#6917,#661);
#219=LINE('',#6919,#662);
#220=LINE('',#6921,#663);
#221=LINE('',#6923,#664);
#222=LINE('',#6925,#665);
#223=LINE('',#6927,#666);
#224=LINE('',#6929,#667);
#225=LINE('',#6931,#668);
#226=LINE('',#6933,#669);
#227=LINE('',#6935,#670);
#228=LINE('',#6937,#671);
#229=LINE('',#6939,#672);
#230=LINE('',#6942,#673);
#231=LINE('',#6944,#674);
#232=LINE('',#6946,#675);
#233=LINE('',#6948,#676);
#234=LINE('',#6950,#677);
#235=LINE('',#6952,#678);
#236=LINE('',#6954,#679);
#237=LINE('',#6956,#680);
#238=LINE('',#6958,#681);
#239=LINE('',#6960,#682);
#240=LINE('',#6964,#683);
#241=LINE('',#6968,#684);
#242=LINE('',#6972,#685);
#243=LINE('',#6974,#686);
#244=LINE('',#6976,#687);
#245=LINE('',#6978,#688);
#246=LINE('',#6980,#689);
#247=LINE('',#6984,#690);
#248=LINE('',#6991,#691);
#249=LINE('',#6993,#692);
#250=LINE('',#6995,#693);
#251=LINE('',#6997,#694);
#252=LINE('',#7001,#695);
#253=LINE('',#7005,#696);
#254=LINE('',#7007,#697);
#255=LINE('',#7009,#698);
#256=LINE('',#7011,#699);
#257=LINE('',#7013,#700);
#258=LINE('',#7017,#701);
#259=LINE('',#7019,#702);
#260=LINE('',#7021,#703);
#261=LINE('',#7023,#704);
#262=LINE('',#7025,#705);
#263=LINE('',#7029,#706);
#264=LINE('',#7032,#707);
#265=LINE('',#7034,#708);
#266=LINE('',#7036,#709);
#267=LINE('',#7038,#710);
#268=LINE('',#7040,#711);
#269=LINE('',#7042,#712);
#270=LINE('',#7044,#713);
#271=LINE('',#7046,#714);
#272=LINE('',#7048,#715);
#273=LINE('',#7050,#716);
#274=LINE('',#7052,#717);
#275=LINE('',#7054,#718);
#276=LINE('',#7056,#719);
#277=LINE('',#7058,#720);
#278=LINE('',#7060,#721);
#279=LINE('',#7062,#722);
#280=LINE('',#7064,#723);
#281=LINE('',#7066,#724);
#282=LINE('',#7068,#725);
#283=LINE('',#7070,#726);
#284=LINE('',#7072,#727);
#285=LINE('',#7074,#728);
#286=LINE('',#7077,#729);
#287=LINE('',#7079,#730);
#288=LINE('',#7081,#731);
#289=LINE('',#7083,#732);
#290=LINE('',#7085,#733);
#291=LINE('',#7087,#734);
#292=LINE('',#7089,#735);
#293=LINE('',#7090,#736);
#294=LINE('',#7092,#737);
#295=LINE('',#7096,#738);
#296=LINE('',#7098,#739);
#297=LINE('',#7100,#740);
#298=LINE('',#7102,#741);
#299=LINE('',#7106,#742);
#300=LINE('',#7108,#743);
#301=LINE('',#7110,#744);
#302=LINE('',#7114,#745);
#303=LINE('',#7116,#746);
#304=LINE('',#7118,#747);
#305=LINE('',#7120,#748);
#306=LINE('',#7122,#749);
#307=LINE('',#7124,#750);
#308=LINE('',#7126,#751);
#309=LINE('',#7128,#752);
#310=LINE('',#7130,#753);
#311=LINE('',#7132,#754);
#312=LINE('',#7134,#755);
#313=LINE('',#7136,#756);
#314=LINE('',#7138,#757);
#315=LINE('',#7142,#758);
#316=LINE('',#7144,#759);
#317=LINE('',#7151,#760);
#318=LINE('',#7155,#761);
#319=LINE('',#7156,#762);
#320=LINE('',#7160,#763);
#321=LINE('',#7161,#764);
#322=LINE('',#7165,#765);
#323=LINE('',#7166,#766);
#324=LINE('',#7170,#767);
#325=LINE('',#7171,#768);
#326=LINE('',#7175,#769);
#327=LINE('',#7178,#770);
#328=LINE('',#7180,#771);
#329=LINE('',#7182,#772);
#330=LINE('',#7184,#773);
#331=LINE('',#7186,#774);
#332=LINE('',#7188,#775);
#333=LINE('',#7191,#776);
#334=LINE('',#7193,#777);
#335=LINE('',#7195,#778);
#336=LINE('',#7197,#779);
#337=LINE('',#7199,#780);
#338=LINE('',#7201,#781);
#339=LINE('',#7203,#782);
#340=LINE('',#7205,#783);
#341=LINE('',#7207,#784);
#342=LINE('',#7210,#785);
#343=LINE('',#7212,#786);
#344=LINE('',#7214,#787);
#345=LINE('',#7216,#788);
#346=LINE('',#7218,#789);
#347=LINE('',#7220,#790);
#348=LINE('',#7222,#791);
#349=LINE('',#7224,#792);
#350=LINE('',#7226,#793);
#351=LINE('',#7229,#794);
#352=LINE('',#7231,#795);
#353=LINE('',#7233,#796);
#354=LINE('',#7235,#797);
#355=LINE('',#7237,#798);
#356=LINE('',#7239,#799);
#357=LINE('',#7241,#800);
#358=LINE('',#7243,#801);
#359=LINE('',#7245,#802);
#360=LINE('',#7248,#803);
#361=LINE('',#7250,#804);
#362=LINE('',#7252,#805);
#363=LINE('',#7254,#806);
#364=LINE('',#7256,#807);
#365=LINE('',#7258,#808);
#366=LINE('',#7260,#809);
#367=LINE('',#7262,#810);
#368=LINE('',#7264,#811);
#369=LINE('',#7267,#812);
#370=LINE('',#7269,#813);
#371=LINE('',#7271,#814);
#372=LINE('',#7273,#815);
#373=LINE('',#7275,#816);
#374=LINE('',#7277,#817);
#375=LINE('',#7279,#818);
#376=LINE('',#7281,#819);
#377=LINE('',#7283,#820);
#378=LINE('',#7286,#821);
#379=LINE('',#7288,#822);
#380=LINE('',#7290,#823);
#381=LINE('',#7292,#824);
#382=LINE('',#7294,#825);
#383=LINE('',#7296,#826);
#384=LINE('',#7298,#827);
#385=LINE('',#7300,#828);
#386=LINE('',#7302,#829);
#387=LINE('',#7305,#830);
#388=LINE('',#7307,#831);
#389=LINE('',#7309,#832);
#390=LINE('',#7311,#833);
#391=LINE('',#7313,#834);
#392=LINE('',#7315,#835);
#393=LINE('',#7317,#836);
#394=LINE('',#7319,#837);
#395=LINE('',#7321,#838);
#396=LINE('',#7324,#839);
#397=LINE('',#7326,#840);
#398=LINE('',#7328,#841);
#399=LINE('',#7330,#842);
#400=LINE('',#7332,#843);
#401=LINE('',#7334,#844);
#402=LINE('',#7336,#845);
#403=LINE('',#7338,#846);
#404=LINE('',#7340,#847);
#405=LINE('',#7342,#848);
#406=LINE('',#7344,#849);
#407=LINE('',#7347,#850);
#408=LINE('',#7349,#851);
#409=LINE('',#7351,#852);
#410=LINE('',#7353,#853);
#411=LINE('',#7355,#854);
#412=LINE('',#7357,#855);
#413=LINE('',#7359,#856);
#414=LINE('',#7361,#857);
#415=LINE('',#7364,#858);
#416=LINE('',#7366,#859);
#417=LINE('',#7368,#860);
#418=LINE('',#7370,#861);
#419=LINE('',#7372,#862);
#420=LINE('',#7374,#863);
#421=LINE('',#7376,#864);
#422=LINE('',#7378,#865);
#423=LINE('',#7381,#866);
#424=LINE('',#7383,#867);
#425=LINE('',#7385,#868);
#426=LINE('',#7387,#869);
#427=LINE('',#7389,#870);
#428=LINE('',#7391,#871);
#429=LINE('',#7393,#872);
#430=LINE('',#7395,#873);
#431=LINE('',#7398,#874);
#432=LINE('',#7400,#875);
#433=LINE('',#7402,#876);
#434=LINE('',#7404,#877);
#435=LINE('',#7406,#878);
#436=LINE('',#7408,#879);
#437=LINE('',#7410,#880);
#438=LINE('',#7412,#881);
#439=LINE('',#7415,#882);
#440=LINE('',#7417,#883);
#441=LINE('',#7419,#884);
#442=LINE('',#7421,#885);
#443=LINE('',#7423,#886);
#444=LINE('',#7425,#887);
#445=LINE('',#7427,#888);
#446=LINE('',#7429,#889);
#447=LINE('',#7432,#890);
#448=LINE('',#7434,#891);
#449=LINE('',#7436,#892);
#450=LINE('',#7438,#893);
#451=LINE('',#7440,#894);
#452=LINE('',#7442,#895);
#453=LINE('',#7444,#896);
#454=LINE('',#7446,#897);
#455=LINE('',#7449,#898);
#456=LINE('',#7451,#899);
#457=LINE('',#7453,#900);
#458=LINE('',#7455,#901);
#459=LINE('',#7457,#902);
#460=LINE('',#7459,#903);
#461=LINE('',#7461,#904);
#462=LINE('',#7463,#905);
#463=LINE('',#7466,#906);
#464=LINE('',#7468,#907);
#465=LINE('',#7470,#908);
#466=LINE('',#7472,#909);
#467=LINE('',#7477,#910);
#468=LINE('',#7479,#911);
#469=LINE('',#7481,#912);
#470=LINE('',#7483,#913);
#471=LINE('',#7488,#914);
#472=LINE('',#7490,#915);
#473=LINE('',#7494,#916);
#474=LINE('',#7496,#917);
#475=LINE('',#7499,#918);
#476=LINE('',#7501,#919);
#477=LINE('',#7505,#920);
#478=LINE('',#7507,#921);
#479=LINE('',#7510,#922);
#480=LINE('',#7512,#923);
#481=LINE('',#7516,#924);
#482=LINE('',#7518,#925);
#483=LINE('',#7524,#926);
#484=LINE('',#7527,#927);
#485=LINE('',#7529,#928);
#486=LINE('',#7531,#929);
#487=LINE('',#7533,#930);
#488=LINE('',#7535,#931);
#489=LINE('',#7537,#932);
#490=LINE('',#7546,#933);
#491=LINE('',#7548,#934);
#492=LINE('',#7550,#935);
#493=LINE('',#7552,#936);
#494=LINE('',#7554,#937);
#495=LINE('',#7556,#938);
#496=LINE('',#7558,#939);
#497=LINE('',#7560,#940);
#498=LINE('',#7562,#941);
#499=LINE('',#7564,#942);
#500=LINE('',#7566,#943);
#501=LINE('',#7568,#944);
#502=LINE('',#7570,#945);
#503=LINE('',#7572,#946);
#504=VECTOR('',#5474,1000.);
#505=VECTOR('',#5477,1000.);
#506=VECTOR('',#5480,1000.);
#507=VECTOR('',#5481,1000.);
#508=VECTOR('',#5482,1000.);
#509=VECTOR('',#5483,1000.);
#510=VECTOR('',#5484,1000.);
#511=VECTOR('',#5485,1000.);
#512=VECTOR('',#5488,1000.);
#513=VECTOR('',#5489,1000.);
#514=VECTOR('',#5490,1000.);
#515=VECTOR('',#5497,1000.);
#516=VECTOR('',#5498,1000.);
#517=VECTOR('',#5505,1000.);
#518=VECTOR('',#5506,1000.);
#519=VECTOR('',#5507,1000.);
#520=VECTOR('',#5508,1000.);
#521=VECTOR('',#5509,1000.);
#522=VECTOR('',#5512,1000.);
#523=VECTOR('',#5515,1000.);
#524=VECTOR('',#5518,1000.);
#525=VECTOR('',#5519,1000.);
#526=VECTOR('',#5520,1000.);
#527=VECTOR('',#5521,1000.);
#528=VECTOR('',#5522,1000.);
#529=VECTOR('',#5523,1000.);
#530=VECTOR('',#5524,1000.);
#531=VECTOR('',#5527,1000.);
#532=VECTOR('',#5528,1000.);
#533=VECTOR('',#5531,1000.);
#534=VECTOR('',#5532,1000.);
#535=VECTOR('',#5535,1000.);
#536=VECTOR('',#5536,1000.);
#537=VECTOR('',#5539,1000.);
#538=VECTOR('',#5540,1000.);
#539=VECTOR('',#5541,1000.);
#540=VECTOR('',#5542,1000.);
#541=VECTOR('',#5543,1000.);
#542=VECTOR('',#5544,1000.);
#543=VECTOR('',#5545,1000.);
#544=VECTOR('',#5546,1000.);
#545=VECTOR('',#5547,1000.);
#546=VECTOR('',#5548,1000.);
#547=VECTOR('',#5549,1000.);
#548=VECTOR('',#5552,1000.);
#549=VECTOR('',#5555,1000.);
#550=VECTOR('',#5558,1000.);
#551=VECTOR('',#5561,1000.);
#552=VECTOR('',#5564,1000.);
#553=VECTOR('',#5567,1000.);
#554=VECTOR('',#5570,1000.);
#555=VECTOR('',#5573,1000.);
#556=VECTOR('',#5576,1000.);
#557=VECTOR('',#5579,1000.);
#558=VECTOR('',#5590,1000.);
#559=VECTOR('',#5591,1000.);
#560=VECTOR('',#5592,1000.);
#561=VECTOR('',#5593,1000.);
#562=VECTOR('',#5594,1000.);
#563=VECTOR('',#5595,1000.);
#564=VECTOR('',#5596,1000.);
#565=VECTOR('',#5597,1000.);
#566=VECTOR('',#5598,1000.);
#567=VECTOR('',#5599,1000.);
#568=VECTOR('',#5600,1000.);
#569=VECTOR('',#5601,1000.);
#570=VECTOR('',#5602,1000.);
#571=VECTOR('',#5603,1000.);
#572=VECTOR('',#5604,1000.);
#573=VECTOR('',#5605,1000.);
#574=VECTOR('',#5606,1000.);
#575=VECTOR('',#5607,1000.);
#576=VECTOR('',#5608,1000.);
#577=VECTOR('',#5609,1000.);
#578=VECTOR('',#5612,1000.);
#579=VECTOR('',#5615,1000.);
#580=VECTOR('',#5616,1000.);
#581=VECTOR('',#5617,1000.);
#582=VECTOR('',#5618,1000.);
#583=VECTOR('',#5619,1000.);
#584=VECTOR('',#5620,1000.);
#585=VECTOR('',#5621,1000.);
#586=VECTOR('',#5622,1000.);
#587=VECTOR('',#5623,1000.);
#588=VECTOR('',#5624,1000.);
#589=VECTOR('',#5625,1000.);
#590=VECTOR('',#5626,1000.);
#591=VECTOR('',#5627,1000.);
#592=VECTOR('',#5628,1000.);
#593=VECTOR('',#5629,1000.);
#594=VECTOR('',#5630,1000.);
#595=VECTOR('',#5631,1000.);
#596=VECTOR('',#5634,1000.);
#597=VECTOR('',#5637,1000.);
#598=VECTOR('',#5640,1000.);
#599=VECTOR('',#5641,1000.);
#600=VECTOR('',#5642,1000.);
#601=VECTOR('',#5643,1000.);
#602=VECTOR('',#5644,1000.);
#603=VECTOR('',#5645,1000.);
#604=VECTOR('',#5646,1000.);
#605=VECTOR('',#5647,1000.);
#606=VECTOR('',#5648,1000.);
#607=VECTOR('',#5649,1000.);
#608=VECTOR('',#5650,1000.);
#609=VECTOR('',#5651,1000.);
#610=VECTOR('',#5652,1000.);
#611=VECTOR('',#5653,1000.);
#612=VECTOR('',#5654,1000.);
#613=VECTOR('',#5657,1000.);
#614=VECTOR('',#5658,1000.);
#615=VECTOR('',#5659,1000.);
#616=VECTOR('',#5660,1000.);
#617=VECTOR('',#5661,1000.);
#618=VECTOR('',#5662,1000.);
#619=VECTOR('',#5663,1000.);
#620=VECTOR('',#5664,1000.);
#621=VECTOR('',#5665,1000.);
#622=VECTOR('',#5666,1000.);
#623=VECTOR('',#5667,1000.);
#624=VECTOR('',#5668,1000.);
#625=VECTOR('',#5669,1000.);
#626=VECTOR('',#5670,1000.);
#627=VECTOR('',#5671,1000.);
#628=VECTOR('',#5674,1000.);
#629=VECTOR('',#5675,1000.);
#630=VECTOR('',#5676,1000.);
#631=VECTOR('',#5677,1000.);
#632=VECTOR('',#5678,1000.);
#633=VECTOR('',#5681,1000.);
#634=VECTOR('',#5688,1000.);
#635=VECTOR('',#5689,1000.);
#636=VECTOR('',#5690,1000.);
#637=VECTOR('',#5691,1000.);
#638=VECTOR('',#5694,1000.);
#639=VECTOR('',#5697,1000.);
#640=VECTOR('',#5700,1000.);
#641=VECTOR('',#5701,1000.);
#642=VECTOR('',#5710,1000.);
#643=VECTOR('',#5713,1000.);
#644=VECTOR('',#5716,1000.);
#645=VECTOR('',#5721,1000.);
#646=VECTOR('',#5728,1000.);
#647=VECTOR('',#5731,1000.);
#648=VECTOR('',#5734,1000.);
#649=VECTOR('',#5739,1000.);
#650=VECTOR('',#5744,1000.);
#651=VECTOR('',#5749,1000.);
#652=VECTOR('',#5750,1000.);
#653=VECTOR('',#5751,1000.);
#654=VECTOR('',#5752,1000.);
#655=VECTOR('',#5755,1000.);
#656=VECTOR('',#5756,1000.);
#657=VECTOR('',#5759,1000.);
#658=VECTOR('',#5760,1000.);
#659=VECTOR('',#5807,1000.);
#660=VECTOR('',#5808,1000.);
#661=VECTOR('',#5809,1000.);
#662=VECTOR('',#5812,1000.);
#663=VECTOR('',#5813,1000.);
#664=VECTOR('',#5816,1000.);
#665=VECTOR('',#5817,1000.);
#666=VECTOR('',#5820,1000.);
#667=VECTOR('',#5821,1000.);
#668=VECTOR('',#5824,1000.);
#669=VECTOR('',#5825,1000.);
#670=VECTOR('',#5828,1000.);
#671=VECTOR('',#5829,1000.);
#672=VECTOR('',#5832,1000.);
#673=VECTOR('',#5837,1000.);
#674=VECTOR('',#5838,1000.);
#675=VECTOR('',#5839,1000.);
#676=VECTOR('',#5842,1000.);
#677=VECTOR('',#5843,1000.);
#678=VECTOR('',#5846,1000.);
#679=VECTOR('',#5847,1000.);
#680=VECTOR('',#5850,1000.);
#681=VECTOR('',#5851,1000.);
#682=VECTOR('',#5854,1000.);
#683=VECTOR('',#5859,1000.);
#684=VECTOR('',#5864,1000.);
#685=VECTOR('',#5869,1000.);
#686=VECTOR('',#5870,1000.);
#687=VECTOR('',#5873,1000.);
#688=VECTOR('',#5874,1000.);
#689=VECTOR('',#5877,1000.);
#690=VECTOR('',#5882,1000.);
#691=VECTOR('',#5893,1000.);
#692=VECTOR('',#5894,1000.);
#693=VECTOR('',#5895,1000.);
#694=VECTOR('',#5898,1000.);
#695=VECTOR('',#5903,1000.);
#696=VECTOR('',#5908,1000.);
#697=VECTOR('',#5909,1000.);
#698=VECTOR('',#5912,1000.);
#699=VECTOR('',#5913,1000.);
#700=VECTOR('',#5916,1000.);
#701=VECTOR('',#5921,1000.);
#702=VECTOR('',#5922,1000.);
#703=VECTOR('',#5925,1000.);
#704=VECTOR('',#5926,1000.);
#705=VECTOR('',#5929,1000.);
#706=VECTOR('',#5934,1000.);
#707=VECTOR('',#5939,1000.);
#708=VECTOR('',#5940,1000.);
#709=VECTOR('',#5941,1000.);
#710=VECTOR('',#5944,1000.);
#711=VECTOR('',#5945,1000.);
#712=VECTOR('',#5948,1000.);
#713=VECTOR('',#5949,1000.);
#714=VECTOR('',#5952,1000.);
#715=VECTOR('',#5953,1000.);
#716=VECTOR('',#5956,1000.);
#717=VECTOR('',#5957,1000.);
#718=VECTOR('',#5960,1000.);
#719=VECTOR('',#5961,1000.);
#720=VECTOR('',#5964,1000.);
#721=VECTOR('',#5965,1000.);
#722=VECTOR('',#5968,1000.);
#723=VECTOR('',#5969,1000.);
#724=VECTOR('',#5972,1000.);
#725=VECTOR('',#5973,1000.);
#726=VECTOR('',#5976,1000.);
#727=VECTOR('',#5977,1000.);
#728=VECTOR('',#5980,1000.);
#729=VECTOR('',#5981,1000.);
#730=VECTOR('',#5982,1000.);
#731=VECTOR('',#5983,1000.);
#732=VECTOR('',#5986,1000.);
#733=VECTOR('',#5987,1000.);
#734=VECTOR('',#5988,1000.);
#735=VECTOR('',#5991,1000.);
#736=VECTOR('',#5992,1000.);
#737=VECTOR('',#5995,1000.);
#738=VECTOR('',#6002,1000.);
#739=VECTOR('',#6003,1000.);
#740=VECTOR('',#6004,1000.);
#741=VECTOR('',#6007,1000.);
#742=VECTOR('',#6012,1000.);
#743=VECTOR('',#6013,1000.);
#744=VECTOR('',#6016,1000.);
#745=VECTOR('',#6021,1000.);
#746=VECTOR('',#6022,1000.);
#747=VECTOR('',#6025,1000.);
#748=VECTOR('',#6026,1000.);
#749=VECTOR('',#6029,1000.);
#750=VECTOR('',#6030,1000.);
#751=VECTOR('',#6033,1000.);
#752=VECTOR('',#6034,1000.);
#753=VECTOR('',#6037,1000.);
#754=VECTOR('',#6038,1000.);
#755=VECTOR('',#6041,1000.);
#756=VECTOR('',#6042,1000.);
#757=VECTOR('',#6045,1000.);
#758=VECTOR('',#6050,1000.);
#759=VECTOR('',#6051,1000.);
#760=VECTOR('',#6062,1000.);
#761=VECTOR('',#6065,1000.);
#762=VECTOR('',#6066,1000.);
#763=VECTOR('',#6069,1000.);
#764=VECTOR('',#6070,1000.);
#765=VECTOR('',#6073,1000.);
#766=VECTOR('',#6074,1000.);
#767=VECTOR('',#6077,1000.);
#768=VECTOR('',#6078,1000.);
#769=VECTOR('',#6081,1000.);
#770=VECTOR('',#6086,1000.);
#771=VECTOR('',#6087,1000.);
#772=VECTOR('',#6088,1000.);
#773=VECTOR('',#6091,1000.);
#774=VECTOR('',#6094,1000.);
#775=VECTOR('',#6097,1000.);
#776=VECTOR('',#6098,1000.);
#777=VECTOR('',#6099,1000.);
#778=VECTOR('',#6100,1000.);
#779=VECTOR('',#6103,1000.);
#780=VECTOR('',#6104,1000.);
#781=VECTOR('',#6105,1000.);
#782=VECTOR('',#6108,1000.);
#783=VECTOR('',#6111,1000.);
#784=VECTOR('',#6114,1000.);
#785=VECTOR('',#6115,1000.);
#786=VECTOR('',#6116,1000.);
#787=VECTOR('',#6117,1000.);
#788=VECTOR('',#6120,1000.);
#789=VECTOR('',#6121,1000.);
#790=VECTOR('',#6122,1000.);
#791=VECTOR('',#6125,1000.);
#792=VECTOR('',#6128,1000.);
#793=VECTOR('',#6131,1000.);
#794=VECTOR('',#6132,1000.);
#795=VECTOR('',#6133,1000.);
#796=VECTOR('',#6134,1000.);
#797=VECTOR('',#6137,1000.);
#798=VECTOR('',#6138,1000.);
#799=VECTOR('',#6139,1000.);
#800=VECTOR('',#6142,1000.);
#801=VECTOR('',#6145,1000.);
#802=VECTOR('',#6148,1000.);
#803=VECTOR('',#6149,1000.);
#804=VECTOR('',#6150,1000.);
#805=VECTOR('',#6151,1000.);
#806=VECTOR('',#6154,1000.);
#807=VECTOR('',#6155,1000.);
#808=VECTOR('',#6158,1000.);
#809=VECTOR('',#6159,1000.);
#810=VECTOR('',#6162,1000.);
#811=VECTOR('',#6165,1000.);
#812=VECTOR('',#6166,1000.);
#813=VECTOR('',#6167,1000.);
#814=VECTOR('',#6168,1000.);
#815=VECTOR('',#6171,1000.);
#816=VECTOR('',#6172,1000.);
#817=VECTOR('',#6175,1000.);
#818=VECTOR('',#6176,1000.);
#819=VECTOR('',#6179,1000.);
#820=VECTOR('',#6182,1000.);
#821=VECTOR('',#6183,1000.);
#822=VECTOR('',#6184,1000.);
#823=VECTOR('',#6185,1000.);
#824=VECTOR('',#6188,1000.);
#825=VECTOR('',#6189,1000.);
#826=VECTOR('',#6192,1000.);
#827=VECTOR('',#6193,1000.);
#828=VECTOR('',#6196,1000.);
#829=VECTOR('',#6199,1000.);
#830=VECTOR('',#6200,1000.);
#831=VECTOR('',#6201,1000.);
#832=VECTOR('',#6202,1000.);
#833=VECTOR('',#6205,1000.);
#834=VECTOR('',#6206,1000.);
#835=VECTOR('',#6209,1000.);
#836=VECTOR('',#6210,1000.);
#837=VECTOR('',#6213,1000.);
#838=VECTOR('',#6216,1000.);
#839=VECTOR('',#6217,1000.);
#840=VECTOR('',#6218,1000.);
#841=VECTOR('',#6219,1000.);
#842=VECTOR('',#6222,1000.);
#843=VECTOR('',#6223,1000.);
#844=VECTOR('',#6224,1000.);
#845=VECTOR('',#6227,1000.);
#846=VECTOR('',#6228,1000.);
#847=VECTOR('',#6229,1000.);
#848=VECTOR('',#6232,1000.);
#849=VECTOR('',#6235,1000.);
#850=VECTOR('',#6240,1000.);
#851=VECTOR('',#6241,1000.);
#852=VECTOR('',#6242,1000.);
#853=VECTOR('',#6245,1000.);
#854=VECTOR('',#6246,1000.);
#855=VECTOR('',#6247,1000.);
#856=VECTOR('',#6250,1000.);
#857=VECTOR('',#6253,1000.);
#858=VECTOR('',#6258,1000.);
#859=VECTOR('',#6259,1000.);
#860=VECTOR('',#6260,1000.);
#861=VECTOR('',#6263,1000.);
#862=VECTOR('',#6264,1000.);
#863=VECTOR('',#6265,1000.);
#864=VECTOR('',#6268,1000.);
#865=VECTOR('',#6271,1000.);
#866=VECTOR('',#6276,1000.);
#867=VECTOR('',#6277,1000.);
#868=VECTOR('',#6278,1000.);
#869=VECTOR('',#6281,1000.);
#870=VECTOR('',#6282,1000.);
#871=VECTOR('',#6283,1000.);
#872=VECTOR('',#6286,1000.);
#873=VECTOR('',#6289,1000.);
#874=VECTOR('',#6294,1000.);
#875=VECTOR('',#6295,1000.);
#876=VECTOR('',#6296,1000.);
#877=VECTOR('',#6299,1000.);
#878=VECTOR('',#6300,1000.);
#879=VECTOR('',#6301,1000.);
#880=VECTOR('',#6304,1000.);
#881=VECTOR('',#6307,1000.);
#882=VECTOR('',#6312,1000.);
#883=VECTOR('',#6313,1000.);
#884=VECTOR('',#6314,1000.);
#885=VECTOR('',#6317,1000.);
#886=VECTOR('',#6318,1000.);
#887=VECTOR('',#6319,1000.);
#888=VECTOR('',#6322,1000.);
#889=VECTOR('',#6325,1000.);
#890=VECTOR('',#6330,1000.);
#891=VECTOR('',#6331,1000.);
#892=VECTOR('',#6332,1000.);
#893=VECTOR('',#6335,1000.);
#894=VECTOR('',#6336,1000.);
#895=VECTOR('',#6337,1000.);
#896=VECTOR('',#6340,1000.);
#897=VECTOR('',#6343,1000.);
#898=VECTOR('',#6348,1000.);
#899=VECTOR('',#6349,1000.);
#900=VECTOR('',#6350,1000.);
#901=VECTOR('',#6353,1000.);
#902=VECTOR('',#6354,1000.);
#903=VECTOR('',#6355,1000.);
#904=VECTOR('',#6358,1000.);
#905=VECTOR('',#6361,1000.);
#906=VECTOR('',#6366,1000.);
#907=VECTOR('',#6367,1000.);
#908=VECTOR('',#6370,1000.);
#909=VECTOR('',#6371,1000.);
#910=VECTOR('',#6380,1000.);
#911=VECTOR('',#6381,1000.);
#912=VECTOR('',#6384,1000.);
#913=VECTOR('',#6385,1000.);
#914=VECTOR('',#6394,1000.);
#915=VECTOR('',#6395,1000.);
#916=VECTOR('',#6400,1000.);
#917=VECTOR('',#6403,1000.);
#918=VECTOR('',#6408,1000.);
#919=VECTOR('',#6409,1000.);
#920=VECTOR('',#6414,1000.);
#921=VECTOR('',#6417,1000.);
#922=VECTOR('',#6422,1000.);
#923=VECTOR('',#6423,1000.);
#924=VECTOR('',#6428,1000.);
#925=VECTOR('',#6431,1000.);
#926=VECTOR('',#6440,1000.);
#927=VECTOR('',#6441,1000.);
#928=VECTOR('',#6442,1000.);
#929=VECTOR('',#6443,1000.);
#930=VECTOR('',#6444,1000.);
#931=VECTOR('',#6445,1000.);
#932=VECTOR('',#6446,1000.);
#933=VECTOR('',#6459,1000.);
#934=VECTOR('',#6460,1000.);
#935=VECTOR('',#6461,1000.);
#936=VECTOR('',#6464,1000.);
#937=VECTOR('',#6465,1000.);
#938=VECTOR('',#6468,1000.);
#939=VECTOR('',#6469,1000.);
#940=VECTOR('',#6472,1000.);
#941=VECTOR('',#6473,1000.);
#942=VECTOR('',#6476,1000.);
#943=VECTOR('',#6477,1000.);
#944=VECTOR('',#6480,1000.);
#945=VECTOR('',#6481,1000.);
#946=VECTOR('',#6484,1000.);
#947=ORIENTED_EDGE('',*,*,#1993,.F.);
#948=ORIENTED_EDGE('',*,*,#1994,.F.);
#949=ORIENTED_EDGE('',*,*,#1995,.T.);
#950=ORIENTED_EDGE('',*,*,#1996,.F.);
#951=ORIENTED_EDGE('',*,*,#1997,.T.);
#952=ORIENTED_EDGE('',*,*,#1998,.F.);
#953=ORIENTED_EDGE('',*,*,#1999,.F.);
#954=ORIENTED_EDGE('',*,*,#2000,.F.);
#955=ORIENTED_EDGE('',*,*,#2001,.F.);
#956=ORIENTED_EDGE('',*,*,#2002,.F.);
#957=ORIENTED_EDGE('',*,*,#2003,.F.);
#958=ORIENTED_EDGE('',*,*,#2004,.F.);
#959=ORIENTED_EDGE('',*,*,#2005,.F.);
#960=ORIENTED_EDGE('',*,*,#2006,.F.);
#961=ORIENTED_EDGE('',*,*,#2007,.F.);
#962=ORIENTED_EDGE('',*,*,#2008,.F.);
#963=ORIENTED_EDGE('',*,*,#2009,.T.);
#964=ORIENTED_EDGE('',*,*,#2010,.T.);
#965=ORIENTED_EDGE('',*,*,#2011,.F.);
#966=ORIENTED_EDGE('',*,*,#2012,.F.);
#967=ORIENTED_EDGE('',*,*,#2013,.F.);
#968=ORIENTED_EDGE('',*,*,#2014,.F.);
#969=ORIENTED_EDGE('',*,*,#2015,.T.);
#970=ORIENTED_EDGE('',*,*,#2016,.F.);
#971=ORIENTED_EDGE('',*,*,#2017,.F.);
#972=ORIENTED_EDGE('',*,*,#2018,.T.);
#973=ORIENTED_EDGE('',*,*,#2019,.T.);
#974=ORIENTED_EDGE('',*,*,#2020,.T.);
#975=ORIENTED_EDGE('',*,*,#2021,.T.);
#976=ORIENTED_EDGE('',*,*,#2022,.T.);
#977=ORIENTED_EDGE('',*,*,#2023,.T.);
#978=ORIENTED_EDGE('',*,*,#2024,.T.);
#979=ORIENTED_EDGE('',*,*,#2025,.T.);
#980=ORIENTED_EDGE('',*,*,#2026,.F.);
#981=ORIENTED_EDGE('',*,*,#2027,.F.);
#982=ORIENTED_EDGE('',*,*,#2028,.F.);
#983=ORIENTED_EDGE('',*,*,#2029,.F.);
#984=ORIENTED_EDGE('',*,*,#2030,.F.);
#985=ORIENTED_EDGE('',*,*,#2031,.F.);
#986=ORIENTED_EDGE('',*,*,#2032,.F.);
#987=ORIENTED_EDGE('',*,*,#2033,.F.);
#988=ORIENTED_EDGE('',*,*,#2034,.F.);
#989=ORIENTED_EDGE('',*,*,#2035,.F.);
#990=ORIENTED_EDGE('',*,*,#2036,.T.);
#991=ORIENTED_EDGE('',*,*,#2037,.F.);
#992=ORIENTED_EDGE('',*,*,#2038,.F.);
#993=ORIENTED_EDGE('',*,*,#2039,.T.);
#994=ORIENTED_EDGE('',*,*,#2040,.F.);
#995=ORIENTED_EDGE('',*,*,#2041,.F.);
#996=ORIENTED_EDGE('',*,*,#2042,.F.);
#997=ORIENTED_EDGE('',*,*,#2043,.F.);
#998=ORIENTED_EDGE('',*,*,#2044,.F.);
#999=ORIENTED_EDGE('',*,*,#2045,.F.);
#1000=ORIENTED_EDGE('',*,*,#2046,.F.);
#1001=ORIENTED_EDGE('',*,*,#2047,.F.);
#1002=ORIENTED_EDGE('',*,*,#2048,.F.);
#1003=ORIENTED_EDGE('',*,*,#2049,.F.);
#1004=ORIENTED_EDGE('',*,*,#2050,.F.);
#1005=ORIENTED_EDGE('',*,*,#2051,.F.);
#1006=ORIENTED_EDGE('',*,*,#2052,.F.);
#1007=ORIENTED_EDGE('',*,*,#2053,.F.);
#1008=ORIENTED_EDGE('',*,*,#2054,.F.);
#1009=ORIENTED_EDGE('',*,*,#2055,.F.);
#1010=ORIENTED_EDGE('',*,*,#2056,.F.);
#1011=ORIENTED_EDGE('',*,*,#2057,.F.);
#1012=ORIENTED_EDGE('',*,*,#2058,.F.);
#1013=ORIENTED_EDGE('',*,*,#2059,.F.);
#1014=ORIENTED_EDGE('',*,*,#2060,.F.);
#1015=ORIENTED_EDGE('',*,*,#2061,.F.);
#1016=ORIENTED_EDGE('',*,*,#2062,.F.);
#1017=ORIENTED_EDGE('',*,*,#2063,.F.);
#1018=ORIENTED_EDGE('',*,*,#2064,.F.);
#1019=ORIENTED_EDGE('',*,*,#2065,.F.);
#1020=ORIENTED_EDGE('',*,*,#2066,.F.);
#1021=ORIENTED_EDGE('',*,*,#2067,.F.);
#1022=ORIENTED_EDGE('',*,*,#2068,.F.);
#1023=ORIENTED_EDGE('',*,*,#2069,.F.);
#1024=ORIENTED_EDGE('',*,*,#2070,.F.);
#1025=ORIENTED_EDGE('',*,*,#2071,.F.);
#1026=ORIENTED_EDGE('',*,*,#2072,.F.);
#1027=ORIENTED_EDGE('',*,*,#2073,.F.);
#1028=ORIENTED_EDGE('',*,*,#2074,.F.);
#1029=ORIENTED_EDGE('',*,*,#2075,.F.);
#1030=ORIENTED_EDGE('',*,*,#2076,.F.);
#1031=ORIENTED_EDGE('',*,*,#2077,.F.);
#1032=ORIENTED_EDGE('',*,*,#2078,.F.);
#1033=ORIENTED_EDGE('',*,*,#2079,.T.);
#1034=ORIENTED_EDGE('',*,*,#2080,.T.);
#1035=ORIENTED_EDGE('',*,*,#2081,.F.);
#1036=ORIENTED_EDGE('',*,*,#2082,.T.);
#1037=ORIENTED_EDGE('',*,*,#2083,.T.);
#1038=ORIENTED_EDGE('',*,*,#2084,.T.);
#1039=ORIENTED_EDGE('',*,*,#2085,.F.);
#1040=ORIENTED_EDGE('',*,*,#2086,.T.);
#1041=ORIENTED_EDGE('',*,*,#2087,.T.);
#1042=ORIENTED_EDGE('',*,*,#2088,.T.);
#1043=ORIENTED_EDGE('',*,*,#2089,.F.);
#1044=ORIENTED_EDGE('',*,*,#2090,.T.);
#1045=ORIENTED_EDGE('',*,*,#2091,.T.);
#1046=ORIENTED_EDGE('',*,*,#2092,.T.);
#1047=ORIENTED_EDGE('',*,*,#2093,.F.);
#1048=ORIENTED_EDGE('',*,*,#2094,.T.);
#1049=ORIENTED_EDGE('',*,*,#2095,.T.);
#1050=ORIENTED_EDGE('',*,*,#2096,.T.);
#1051=ORIENTED_EDGE('',*,*,#2097,.F.);
#1052=ORIENTED_EDGE('',*,*,#2098,.F.);
#1053=ORIENTED_EDGE('',*,*,#2099,.F.);
#1054=ORIENTED_EDGE('',*,*,#2100,.F.);
#1055=ORIENTED_EDGE('',*,*,#2101,.F.);
#1056=ORIENTED_EDGE('',*,*,#2102,.T.);
#1057=ORIENTED_EDGE('',*,*,#2103,.T.);
#1058=ORIENTED_EDGE('',*,*,#2104,.T.);
#1059=ORIENTED_EDGE('',*,*,#2105,.F.);
#1060=ORIENTED_EDGE('',*,*,#2106,.T.);
#1061=ORIENTED_EDGE('',*,*,#2107,.T.);
#1062=ORIENTED_EDGE('',*,*,#2108,.T.);
#1063=ORIENTED_EDGE('',*,*,#2109,.F.);
#1064=ORIENTED_EDGE('',*,*,#2110,.T.);
#1065=ORIENTED_EDGE('',*,*,#2111,.T.);
#1066=ORIENTED_EDGE('',*,*,#2112,.T.);
#1067=ORIENTED_EDGE('',*,*,#2113,.F.);
#1068=ORIENTED_EDGE('',*,*,#2114,.T.);
#1069=ORIENTED_EDGE('',*,*,#2115,.T.);
#1070=ORIENTED_EDGE('',*,*,#2116,.T.);
#1071=ORIENTED_EDGE('',*,*,#2117,.F.);
#1072=ORIENTED_EDGE('',*,*,#2118,.F.);
#1073=ORIENTED_EDGE('',*,*,#2119,.F.);
#1074=ORIENTED_EDGE('',*,*,#2120,.F.);
#1075=ORIENTED_EDGE('',*,*,#2121,.F.);
#1076=ORIENTED_EDGE('',*,*,#2122,.T.);
#1077=ORIENTED_EDGE('',*,*,#2123,.T.);
#1078=ORIENTED_EDGE('',*,*,#2121,.T.);
#1079=ORIENTED_EDGE('',*,*,#2124,.T.);
#1080=ORIENTED_EDGE('',*,*,#2125,.F.);
#1081=ORIENTED_EDGE('',*,*,#2126,.F.);
#1082=ORIENTED_EDGE('',*,*,#2097,.T.);
#1083=ORIENTED_EDGE('',*,*,#2127,.F.);
#1084=ORIENTED_EDGE('',*,*,#2128,.T.);
#1085=ORIENTED_EDGE('',*,*,#2129,.T.);
#1086=ORIENTED_EDGE('',*,*,#2093,.T.);
#1087=ORIENTED_EDGE('',*,*,#2130,.F.);
#1088=ORIENTED_EDGE('',*,*,#2131,.T.);
#1089=ORIENTED_EDGE('',*,*,#2132,.T.);
#1090=ORIENTED_EDGE('',*,*,#2089,.T.);
#1091=ORIENTED_EDGE('',*,*,#2133,.F.);
#1092=ORIENTED_EDGE('',*,*,#2134,.T.);
#1093=ORIENTED_EDGE('',*,*,#2135,.T.);
#1094=ORIENTED_EDGE('',*,*,#2085,.T.);
#1095=ORIENTED_EDGE('',*,*,#2136,.F.);
#1096=ORIENTED_EDGE('',*,*,#2113,.T.);
#1097=ORIENTED_EDGE('',*,*,#2137,.F.);
#1098=ORIENTED_EDGE('',*,*,#2138,.T.);
#1099=ORIENTED_EDGE('',*,*,#2139,.T.);
#1100=ORIENTED_EDGE('',*,*,#2109,.T.);
#1101=ORIENTED_EDGE('',*,*,#2140,.F.);
#1102=ORIENTED_EDGE('',*,*,#2141,.T.);
#1103=ORIENTED_EDGE('',*,*,#2142,.T.);
#1104=ORIENTED_EDGE('',*,*,#2105,.T.);
#1105=ORIENTED_EDGE('',*,*,#2143,.F.);
#1106=ORIENTED_EDGE('',*,*,#2144,.T.);
#1107=ORIENTED_EDGE('',*,*,#2145,.T.);
#1108=ORIENTED_EDGE('',*,*,#2101,.T.);
#1109=ORIENTED_EDGE('',*,*,#2146,.T.);
#1110=ORIENTED_EDGE('',*,*,#2147,.F.);
#1111=ORIENTED_EDGE('',*,*,#2148,.F.);
#1112=ORIENTED_EDGE('',*,*,#2117,.T.);
#1113=ORIENTED_EDGE('',*,*,#2149,.F.);
#1114=ORIENTED_EDGE('',*,*,#2150,.T.);
#1115=ORIENTED_EDGE('',*,*,#2151,.T.);
#1116=ORIENTED_EDGE('',*,*,#2152,.T.);
#1117=ORIENTED_EDGE('',*,*,#2153,.T.);
#1118=ORIENTED_EDGE('',*,*,#2154,.T.);
#1119=ORIENTED_EDGE('',*,*,#2018,.F.);
#1120=ORIENTED_EDGE('',*,*,#2155,.F.);
#1121=ORIENTED_EDGE('',*,*,#2156,.T.);
#1122=ORIENTED_EDGE('',*,*,#2157,.T.);
#1123=ORIENTED_EDGE('',*,*,#2158,.T.);
#1124=ORIENTED_EDGE('',*,*,#2152,.F.);
#1125=ORIENTED_EDGE('',*,*,#2159,.T.);
#1126=ORIENTED_EDGE('',*,*,#2160,.T.);
#1127=ORIENTED_EDGE('',*,*,#2020,.F.);
#1128=ORIENTED_EDGE('',*,*,#2161,.F.);
#1129=ORIENTED_EDGE('',*,*,#2162,.T.);
#1130=ORIENTED_EDGE('',*,*,#2157,.F.);
#1131=ORIENTED_EDGE('',*,*,#2163,.T.);
#1132=ORIENTED_EDGE('',*,*,#2023,.F.);
#1133=ORIENTED_EDGE('',*,*,#2164,.F.);
#1134=ORIENTED_EDGE('',*,*,#2165,.T.);
#1135=ORIENTED_EDGE('',*,*,#2166,.T.);
#1136=ORIENTED_EDGE('',*,*,#2024,.F.);
#1137=ORIENTED_EDGE('',*,*,#2166,.F.);
#1138=ORIENTED_EDGE('',*,*,#2167,.T.);
#1139=ORIENTED_EDGE('',*,*,#2168,.T.);
#1140=ORIENTED_EDGE('',*,*,#2025,.F.);
#1141=ORIENTED_EDGE('',*,*,#2168,.F.);
#1142=ORIENTED_EDGE('',*,*,#2169,.T.);
#1143=ORIENTED_EDGE('',*,*,#2155,.T.);
#1144=ORIENTED_EDGE('',*,*,#2021,.F.);
#1145=ORIENTED_EDGE('',*,*,#2160,.F.);
#1146=ORIENTED_EDGE('',*,*,#2170,.T.);
#1147=ORIENTED_EDGE('',*,*,#2171,.T.);
#1148=ORIENTED_EDGE('',*,*,#2022,.F.);
#1149=ORIENTED_EDGE('',*,*,#2171,.F.);
#1150=ORIENTED_EDGE('',*,*,#2172,.T.);
#1151=ORIENTED_EDGE('',*,*,#2164,.T.);
#1152=ORIENTED_EDGE('',*,*,#2173,.T.);
#1153=ORIENTED_EDGE('',*,*,#2174,.T.);
#1154=ORIENTED_EDGE('',*,*,#2125,.T.);
#1155=ORIENTED_EDGE('',*,*,#2175,.T.);
#1156=ORIENTED_EDGE('',*,*,#2176,.T.);
#1157=ORIENTED_EDGE('',*,*,#2177,.T.);
#1158=ORIENTED_EDGE('',*,*,#2147,.T.);
#1159=ORIENTED_EDGE('',*,*,#2178,.T.);
#1160=ORIENTED_EDGE('',*,*,#2165,.F.);
#1161=ORIENTED_EDGE('',*,*,#2172,.F.);
#1162=ORIENTED_EDGE('',*,*,#2170,.F.);
#1163=ORIENTED_EDGE('',*,*,#2163,.F.);
#1164=ORIENTED_EDGE('',*,*,#2159,.F.);
#1165=ORIENTED_EDGE('',*,*,#2156,.F.);
#1166=ORIENTED_EDGE('',*,*,#2169,.F.);
#1167=ORIENTED_EDGE('',*,*,#2167,.F.);
#1168=ORIENTED_EDGE('',*,*,#2174,.F.);
#1169=ORIENTED_EDGE('',*,*,#2179,.F.);
#1170=ORIENTED_EDGE('',*,*,#2098,.T.);
#1171=ORIENTED_EDGE('',*,*,#2126,.T.);
#1172=ORIENTED_EDGE('',*,*,#2175,.F.);
#1173=ORIENTED_EDGE('',*,*,#2124,.F.);
#1174=ORIENTED_EDGE('',*,*,#2120,.T.);
#1175=ORIENTED_EDGE('',*,*,#2180,.T.);
#1176=ORIENTED_EDGE('',*,*,#2176,.F.);
#1177=ORIENTED_EDGE('',*,*,#2180,.F.);
#1178=ORIENTED_EDGE('',*,*,#2119,.T.);
#1179=ORIENTED_EDGE('',*,*,#2181,.T.);
#1180=ORIENTED_EDGE('',*,*,#2177,.F.);
#1181=ORIENTED_EDGE('',*,*,#2181,.F.);
#1182=ORIENTED_EDGE('',*,*,#2118,.T.);
#1183=ORIENTED_EDGE('',*,*,#2148,.T.);
#1184=ORIENTED_EDGE('',*,*,#2178,.F.);
#1185=ORIENTED_EDGE('',*,*,#2146,.F.);
#1186=ORIENTED_EDGE('',*,*,#2100,.T.);
#1187=ORIENTED_EDGE('',*,*,#2182,.T.);
#1188=ORIENTED_EDGE('',*,*,#2173,.F.);
#1189=ORIENTED_EDGE('',*,*,#2182,.F.);
#1190=ORIENTED_EDGE('',*,*,#2099,.T.);
#1191=ORIENTED_EDGE('',*,*,#2179,.T.);
#1192=ORIENTED_EDGE('',*,*,#2019,.F.);
#1193=ORIENTED_EDGE('',*,*,#2154,.F.);
#1194=ORIENTED_EDGE('',*,*,#2183,.T.);
#1195=ORIENTED_EDGE('',*,*,#2161,.T.);
#1196=ORIENTED_EDGE('',*,*,#2158,.F.);
#1197=ORIENTED_EDGE('',*,*,#2162,.F.);
#1198=ORIENTED_EDGE('',*,*,#2183,.F.);
#1199=ORIENTED_EDGE('',*,*,#2153,.F.);
#1200=ORIENTED_EDGE('',*,*,#2184,.F.);
#1201=ORIENTED_EDGE('',*,*,#2185,.F.);
#1202=ORIENTED_EDGE('',*,*,#2186,.T.);
#1203=ORIENTED_EDGE('',*,*,#2187,.T.);
#1204=ORIENTED_EDGE('',*,*,#2188,.F.);
#1205=ORIENTED_EDGE('',*,*,#2187,.F.);
#1206=ORIENTED_EDGE('',*,*,#2189,.T.);
#1207=ORIENTED_EDGE('',*,*,#2078,.T.);
#1208=ORIENTED_EDGE('',*,*,#2190,.F.);
#1209=ORIENTED_EDGE('',*,*,#2080,.F.);
#1210=ORIENTED_EDGE('',*,*,#2191,.T.);
#1211=ORIENTED_EDGE('',*,*,#2185,.T.);
#1212=ORIENTED_EDGE('',*,*,#2186,.F.);
#1213=ORIENTED_EDGE('',*,*,#2191,.F.);
#1214=ORIENTED_EDGE('',*,*,#2079,.F.);
#1215=ORIENTED_EDGE('',*,*,#2189,.F.);
#1216=ORIENTED_EDGE('',*,*,#2184,.T.);
#1217=ORIENTED_EDGE('',*,*,#2188,.T.);
#1218=ORIENTED_EDGE('',*,*,#2081,.T.);
#1219=ORIENTED_EDGE('',*,*,#2190,.T.);
#1220=ORIENTED_EDGE('',*,*,#2192,.F.);
#1221=ORIENTED_EDGE('',*,*,#2077,.T.);
#1222=ORIENTED_EDGE('',*,*,#2192,.T.);
#1223=ORIENTED_EDGE('',*,*,#2193,.F.);
#1224=ORIENTED_EDGE('',*,*,#2193,.T.);
#1225=ORIENTED_EDGE('',*,*,#2194,.F.);
#1226=ORIENTED_EDGE('',*,*,#2076,.T.);
#1227=ORIENTED_EDGE('',*,*,#2194,.T.);
#1228=ORIENTED_EDGE('',*,*,#2195,.F.);
#1229=ORIENTED_EDGE('',*,*,#2195,.T.);
#1230=ORIENTED_EDGE('',*,*,#2196,.F.);
#1231=ORIENTED_EDGE('',*,*,#2075,.T.);
#1232=ORIENTED_EDGE('',*,*,#2196,.T.);
#1233=ORIENTED_EDGE('',*,*,#2197,.F.);
#1234=ORIENTED_EDGE('',*,*,#2197,.T.);
#1235=ORIENTED_EDGE('',*,*,#2198,.F.);
#1236=ORIENTED_EDGE('',*,*,#2074,.T.);
#1237=ORIENTED_EDGE('',*,*,#2198,.T.);
#1238=ORIENTED_EDGE('',*,*,#2199,.F.);
#1239=ORIENTED_EDGE('',*,*,#2199,.T.);
#1240=ORIENTED_EDGE('',*,*,#2027,.T.);
#1241=ORIENTED_EDGE('',*,*,#2200,.F.);
#1242=ORIENTED_EDGE('',*,*,#2201,.F.);
#1243=ORIENTED_EDGE('',*,*,#2202,.T.);
#1244=ORIENTED_EDGE('',*,*,#2026,.T.);
#1245=ORIENTED_EDGE('',*,*,#2203,.F.);
#1246=ORIENTED_EDGE('',*,*,#2204,.F.);
#1247=ORIENTED_EDGE('',*,*,#2200,.T.);
#1248=ORIENTED_EDGE('',*,*,#2032,.T.);
#1249=ORIENTED_EDGE('',*,*,#2205,.F.);
#1250=ORIENTED_EDGE('',*,*,#2206,.F.);
#1251=ORIENTED_EDGE('',*,*,#2203,.T.);
#1252=ORIENTED_EDGE('',*,*,#2031,.T.);
#1253=ORIENTED_EDGE('',*,*,#2207,.F.);
#1254=ORIENTED_EDGE('',*,*,#2208,.F.);
#1255=ORIENTED_EDGE('',*,*,#2205,.T.);
#1256=ORIENTED_EDGE('',*,*,#2030,.T.);
#1257=ORIENTED_EDGE('',*,*,#2209,.F.);
#1258=ORIENTED_EDGE('',*,*,#2210,.F.);
#1259=ORIENTED_EDGE('',*,*,#2207,.T.);
#1260=ORIENTED_EDGE('',*,*,#2029,.T.);
#1261=ORIENTED_EDGE('',*,*,#2211,.F.);
#1262=ORIENTED_EDGE('',*,*,#2212,.F.);
#1263=ORIENTED_EDGE('',*,*,#2209,.T.);
#1264=ORIENTED_EDGE('',*,*,#2028,.T.);
#1265=ORIENTED_EDGE('',*,*,#2202,.F.);
#1266=ORIENTED_EDGE('',*,*,#2213,.F.);
#1267=ORIENTED_EDGE('',*,*,#2211,.T.);
#1268=ORIENTED_EDGE('',*,*,#2201,.T.);
#1269=ORIENTED_EDGE('',*,*,#2204,.T.);
#1270=ORIENTED_EDGE('',*,*,#2206,.T.);
#1271=ORIENTED_EDGE('',*,*,#2208,.T.);
#1272=ORIENTED_EDGE('',*,*,#2210,.T.);
#1273=ORIENTED_EDGE('',*,*,#2212,.T.);
#1274=ORIENTED_EDGE('',*,*,#2213,.T.);
#1275=ORIENTED_EDGE('',*,*,#2007,.T.);
#1276=ORIENTED_EDGE('',*,*,#2214,.F.);
#1277=ORIENTED_EDGE('',*,*,#2215,.F.);
#1278=ORIENTED_EDGE('',*,*,#2216,.T.);
#1279=ORIENTED_EDGE('',*,*,#2006,.T.);
#1280=ORIENTED_EDGE('',*,*,#2217,.F.);
#1281=ORIENTED_EDGE('',*,*,#2218,.F.);
#1282=ORIENTED_EDGE('',*,*,#2214,.T.);
#1283=ORIENTED_EDGE('',*,*,#2017,.T.);
#1284=ORIENTED_EDGE('',*,*,#2219,.F.);
#1285=ORIENTED_EDGE('',*,*,#2220,.F.);
#1286=ORIENTED_EDGE('',*,*,#2217,.T.);
#1287=ORIENTED_EDGE('',*,*,#2016,.T.);
#1288=ORIENTED_EDGE('',*,*,#2221,.F.);
#1289=ORIENTED_EDGE('',*,*,#2222,.F.);
#1290=ORIENTED_EDGE('',*,*,#2219,.T.);
#1291=ORIENTED_EDGE('',*,*,#2015,.F.);
#1292=ORIENTED_EDGE('',*,*,#2223,.F.);
#1293=ORIENTED_EDGE('',*,*,#2224,.T.);
#1294=ORIENTED_EDGE('',*,*,#2221,.T.);
#1295=ORIENTED_EDGE('',*,*,#2014,.T.);
#1296=ORIENTED_EDGE('',*,*,#2225,.F.);
#1297=ORIENTED_EDGE('',*,*,#2226,.F.);
#1298=ORIENTED_EDGE('',*,*,#2223,.T.);
#1299=ORIENTED_EDGE('',*,*,#2013,.T.);
#1300=ORIENTED_EDGE('',*,*,#2227,.F.);
#1301=ORIENTED_EDGE('',*,*,#2228,.F.);
#1302=ORIENTED_EDGE('',*,*,#2225,.T.);
#1303=ORIENTED_EDGE('',*,*,#2012,.T.);
#1304=ORIENTED_EDGE('',*,*,#2229,.F.);
#1305=ORIENTED_EDGE('',*,*,#2230,.F.);
#1306=ORIENTED_EDGE('',*,*,#2227,.T.);
#1307=ORIENTED_EDGE('',*,*,#2011,.T.);
#1308=ORIENTED_EDGE('',*,*,#2231,.F.);
#1309=ORIENTED_EDGE('',*,*,#2232,.F.);
#1310=ORIENTED_EDGE('',*,*,#2229,.T.);
#1311=ORIENTED_EDGE('',*,*,#2010,.F.);
#1312=ORIENTED_EDGE('',*,*,#2233,.F.);
#1313=ORIENTED_EDGE('',*,*,#2234,.T.);
#1314=ORIENTED_EDGE('',*,*,#2231,.T.);
#1315=ORIENTED_EDGE('',*,*,#2009,.F.);
#1316=ORIENTED_EDGE('',*,*,#2235,.F.);
#1317=ORIENTED_EDGE('',*,*,#2236,.T.);
#1318=ORIENTED_EDGE('',*,*,#2233,.T.);
#1319=ORIENTED_EDGE('',*,*,#2008,.T.);
#1320=ORIENTED_EDGE('',*,*,#2216,.F.);
#1321=ORIENTED_EDGE('',*,*,#2237,.F.);
#1322=ORIENTED_EDGE('',*,*,#2235,.T.);
#1323=ORIENTED_EDGE('',*,*,#2215,.T.);
#1324=ORIENTED_EDGE('',*,*,#2218,.T.);
#1325=ORIENTED_EDGE('',*,*,#2220,.T.);
#1326=ORIENTED_EDGE('',*,*,#2222,.T.);
#1327=ORIENTED_EDGE('',*,*,#2224,.F.);
#1328=ORIENTED_EDGE('',*,*,#2226,.T.);
#1329=ORIENTED_EDGE('',*,*,#2228,.T.);
#1330=ORIENTED_EDGE('',*,*,#2230,.T.);
#1331=ORIENTED_EDGE('',*,*,#2232,.T.);
#1332=ORIENTED_EDGE('',*,*,#2234,.F.);
#1333=ORIENTED_EDGE('',*,*,#2236,.F.);
#1334=ORIENTED_EDGE('',*,*,#2237,.T.);
#1335=ORIENTED_EDGE('',*,*,#2034,.T.);
#1336=ORIENTED_EDGE('',*,*,#2238,.F.);
#1337=ORIENTED_EDGE('',*,*,#2239,.F.);
#1338=ORIENTED_EDGE('',*,*,#2240,.T.);
#1339=ORIENTED_EDGE('',*,*,#2033,.T.);
#1340=ORIENTED_EDGE('',*,*,#2241,.F.);
#1341=ORIENTED_EDGE('',*,*,#2242,.F.);
#1342=ORIENTED_EDGE('',*,*,#2238,.T.);
#1343=ORIENTED_EDGE('',*,*,#2042,.T.);
#1344=ORIENTED_EDGE('',*,*,#2243,.F.);
#1345=ORIENTED_EDGE('',*,*,#2244,.F.);
#1346=ORIENTED_EDGE('',*,*,#2241,.T.);
#1347=ORIENTED_EDGE('',*,*,#2041,.T.);
#1348=ORIENTED_EDGE('',*,*,#2245,.F.);
#1349=ORIENTED_EDGE('',*,*,#2246,.F.);
#1350=ORIENTED_EDGE('',*,*,#2243,.T.);
#1351=ORIENTED_EDGE('',*,*,#2040,.T.);
#1352=ORIENTED_EDGE('',*,*,#2247,.F.);
#1353=ORIENTED_EDGE('',*,*,#2248,.F.);
#1354=ORIENTED_EDGE('',*,*,#2245,.T.);
#1355=ORIENTED_EDGE('',*,*,#2039,.F.);
#1356=ORIENTED_EDGE('',*,*,#2249,.F.);
#1357=ORIENTED_EDGE('',*,*,#2250,.T.);
#1358=ORIENTED_EDGE('',*,*,#2247,.T.);
#1359=ORIENTED_EDGE('',*,*,#2038,.T.);
#1360=ORIENTED_EDGE('',*,*,#2251,.F.);
#1361=ORIENTED_EDGE('',*,*,#2252,.F.);
#1362=ORIENTED_EDGE('',*,*,#2249,.T.);
#1363=ORIENTED_EDGE('',*,*,#2037,.T.);
#1364=ORIENTED_EDGE('',*,*,#2253,.F.);
#1365=ORIENTED_EDGE('',*,*,#2254,.F.);
#1366=ORIENTED_EDGE('',*,*,#2251,.T.);
#1367=ORIENTED_EDGE('',*,*,#2036,.F.);
#1368=ORIENTED_EDGE('',*,*,#2255,.F.);
#1369=ORIENTED_EDGE('',*,*,#2256,.T.);
#1370=ORIENTED_EDGE('',*,*,#2253,.T.);
#1371=ORIENTED_EDGE('',*,*,#2035,.T.);
#1372=ORIENTED_EDGE('',*,*,#2240,.F.);
#1373=ORIENTED_EDGE('',*,*,#2257,.F.);
#1374=ORIENTED_EDGE('',*,*,#2255,.T.);
#1375=ORIENTED_EDGE('',*,*,#2239,.T.);
#1376=ORIENTED_EDGE('',*,*,#2242,.T.);
#1377=ORIENTED_EDGE('',*,*,#2244,.T.);
#1378=ORIENTED_EDGE('',*,*,#2246,.T.);
#1379=ORIENTED_EDGE('',*,*,#2248,.T.);
#1380=ORIENTED_EDGE('',*,*,#2250,.F.);
#1381=ORIENTED_EDGE('',*,*,#2252,.T.);
#1382=ORIENTED_EDGE('',*,*,#2254,.T.);
#1383=ORIENTED_EDGE('',*,*,#2256,.F.);
#1384=ORIENTED_EDGE('',*,*,#2257,.T.);
#1385=ORIENTED_EDGE('',*,*,#2044,.T.);
#1386=ORIENTED_EDGE('',*,*,#2258,.F.);
#1387=ORIENTED_EDGE('',*,*,#2259,.F.);
#1388=ORIENTED_EDGE('',*,*,#2260,.T.);
#1389=ORIENTED_EDGE('',*,*,#2043,.T.);
#1390=ORIENTED_EDGE('',*,*,#2261,.F.);
#1391=ORIENTED_EDGE('',*,*,#2262,.F.);
#1392=ORIENTED_EDGE('',*,*,#2258,.T.);
#1393=ORIENTED_EDGE('',*,*,#2053,.T.);
#1394=ORIENTED_EDGE('',*,*,#2263,.F.);
#1395=ORIENTED_EDGE('',*,*,#2264,.F.);
#1396=ORIENTED_EDGE('',*,*,#2261,.T.);
#1397=ORIENTED_EDGE('',*,*,#2052,.T.);
#1398=ORIENTED_EDGE('',*,*,#2265,.F.);
#1399=ORIENTED_EDGE('',*,*,#2266,.F.);
#1400=ORIENTED_EDGE('',*,*,#2263,.T.);
#1401=ORIENTED_EDGE('',*,*,#2051,.T.);
#1402=ORIENTED_EDGE('',*,*,#2267,.F.);
#1403=ORIENTED_EDGE('',*,*,#2268,.F.);
#1404=ORIENTED_EDGE('',*,*,#2265,.T.);
#1405=ORIENTED_EDGE('',*,*,#2050,.T.);
#1406=ORIENTED_EDGE('',*,*,#2269,.F.);
#1407=ORIENTED_EDGE('',*,*,#2270,.F.);
#1408=ORIENTED_EDGE('',*,*,#2267,.T.);
#1409=ORIENTED_EDGE('',*,*,#2049,.T.);
#1410=ORIENTED_EDGE('',*,*,#2271,.F.);
#1411=ORIENTED_EDGE('',*,*,#2272,.F.);
#1412=ORIENTED_EDGE('',*,*,#2269,.T.);
#1413=ORIENTED_EDGE('',*,*,#2048,.T.);
#1414=ORIENTED_EDGE('',*,*,#2273,.F.);
#1415=ORIENTED_EDGE('',*,*,#2274,.F.);
#1416=ORIENTED_EDGE('',*,*,#2271,.T.);
#1417=ORIENTED_EDGE('',*,*,#2047,.T.);
#1418=ORIENTED_EDGE('',*,*,#2275,.F.);
#1419=ORIENTED_EDGE('',*,*,#2276,.F.);
#1420=ORIENTED_EDGE('',*,*,#2273,.T.);
#1421=ORIENTED_EDGE('',*,*,#2046,.T.);
#1422=ORIENTED_EDGE('',*,*,#2277,.F.);
#1423=ORIENTED_EDGE('',*,*,#2278,.F.);
#1424=ORIENTED_EDGE('',*,*,#2275,.T.);
#1425=ORIENTED_EDGE('',*,*,#2279,.F.);
#1426=ORIENTED_EDGE('',*,*,#2280,.F.);
#1427=ORIENTED_EDGE('',*,*,#2281,.T.);
#1428=ORIENTED_EDGE('',*,*,#2282,.T.);
#1429=ORIENTED_EDGE('',*,*,#2283,.F.);
#1430=ORIENTED_EDGE('',*,*,#2284,.F.);
#1431=ORIENTED_EDGE('',*,*,#2285,.T.);
#1432=ORIENTED_EDGE('',*,*,#2280,.T.);
#1433=ORIENTED_EDGE('',*,*,#2286,.F.);
#1434=ORIENTED_EDGE('',*,*,#2282,.F.);
#1435=ORIENTED_EDGE('',*,*,#2287,.T.);
#1436=ORIENTED_EDGE('',*,*,#2284,.T.);
#1437=ORIENTED_EDGE('',*,*,#2045,.T.);
#1438=ORIENTED_EDGE('',*,*,#2260,.F.);
#1439=ORIENTED_EDGE('',*,*,#2288,.F.);
#1440=ORIENTED_EDGE('',*,*,#2277,.T.);
#1441=ORIENTED_EDGE('',*,*,#2281,.F.);
#1442=ORIENTED_EDGE('',*,*,#2285,.F.);
#1443=ORIENTED_EDGE('',*,*,#2287,.F.);
#1444=ORIENTED_EDGE('',*,*,#2259,.T.);
#1445=ORIENTED_EDGE('',*,*,#2262,.T.);
#1446=ORIENTED_EDGE('',*,*,#2264,.T.);
#1447=ORIENTED_EDGE('',*,*,#2266,.T.);
#1448=ORIENTED_EDGE('',*,*,#2268,.T.);
#1449=ORIENTED_EDGE('',*,*,#2270,.T.);
#1450=ORIENTED_EDGE('',*,*,#2272,.T.);
#1451=ORIENTED_EDGE('',*,*,#2274,.T.);
#1452=ORIENTED_EDGE('',*,*,#2276,.T.);
#1453=ORIENTED_EDGE('',*,*,#2278,.T.);
#1454=ORIENTED_EDGE('',*,*,#2288,.T.);
#1455=ORIENTED_EDGE('',*,*,#2279,.T.);
#1456=ORIENTED_EDGE('',*,*,#2286,.T.);
#1457=ORIENTED_EDGE('',*,*,#2283,.T.);
#1458=ORIENTED_EDGE('',*,*,#1994,.T.);
#1459=ORIENTED_EDGE('',*,*,#2289,.F.);
#1460=ORIENTED_EDGE('',*,*,#2290,.F.);
#1461=ORIENTED_EDGE('',*,*,#2291,.T.);
#1462=ORIENTED_EDGE('',*,*,#1993,.T.);
#1463=ORIENTED_EDGE('',*,*,#2292,.F.);
#1464=ORIENTED_EDGE('',*,*,#2293,.F.);
#1465=ORIENTED_EDGE('',*,*,#2289,.T.);
#1466=ORIENTED_EDGE('',*,*,#2005,.T.);
#1467=ORIENTED_EDGE('',*,*,#2294,.F.);
#1468=ORIENTED_EDGE('',*,*,#2295,.F.);
#1469=ORIENTED_EDGE('',*,*,#2292,.T.);
#1470=ORIENTED_EDGE('',*,*,#2004,.T.);
#1471=ORIENTED_EDGE('',*,*,#2296,.F.);
#1472=ORIENTED_EDGE('',*,*,#2297,.F.);
#1473=ORIENTED_EDGE('',*,*,#2294,.T.);
#1474=ORIENTED_EDGE('',*,*,#2003,.T.);
#1475=ORIENTED_EDGE('',*,*,#2298,.F.);
#1476=ORIENTED_EDGE('',*,*,#2299,.F.);
#1477=ORIENTED_EDGE('',*,*,#2296,.T.);
#1478=ORIENTED_EDGE('',*,*,#2002,.T.);
#1479=ORIENTED_EDGE('',*,*,#2300,.F.);
#1480=ORIENTED_EDGE('',*,*,#2301,.F.);
#1481=ORIENTED_EDGE('',*,*,#2298,.T.);
#1482=ORIENTED_EDGE('',*,*,#2001,.T.);
#1483=ORIENTED_EDGE('',*,*,#2302,.F.);
#1484=ORIENTED_EDGE('',*,*,#2303,.F.);
#1485=ORIENTED_EDGE('',*,*,#2300,.T.);
#1486=ORIENTED_EDGE('',*,*,#2000,.T.);
#1487=ORIENTED_EDGE('',*,*,#2304,.F.);
#1488=ORIENTED_EDGE('',*,*,#2305,.F.);
#1489=ORIENTED_EDGE('',*,*,#2302,.T.);
#1490=ORIENTED_EDGE('',*,*,#1999,.T.);
#1491=ORIENTED_EDGE('',*,*,#2306,.F.);
#1492=ORIENTED_EDGE('',*,*,#2307,.F.);
#1493=ORIENTED_EDGE('',*,*,#2304,.T.);
#1494=ORIENTED_EDGE('',*,*,#1998,.T.);
#1495=ORIENTED_EDGE('',*,*,#2308,.F.);
#1496=ORIENTED_EDGE('',*,*,#2309,.F.);
#1497=ORIENTED_EDGE('',*,*,#2306,.T.);
#1498=ORIENTED_EDGE('',*,*,#1997,.F.);
#1499=ORIENTED_EDGE('',*,*,#2310,.F.);
#1500=ORIENTED_EDGE('',*,*,#2311,.T.);
#1501=ORIENTED_EDGE('',*,*,#2308,.T.);
#1502=ORIENTED_EDGE('',*,*,#1996,.T.);
#1503=ORIENTED_EDGE('',*,*,#2312,.F.);
#1504=ORIENTED_EDGE('',*,*,#2313,.F.);
#1505=ORIENTED_EDGE('',*,*,#2310,.T.);
#1506=ORIENTED_EDGE('',*,*,#1995,.F.);
#1507=ORIENTED_EDGE('',*,*,#2291,.F.);
#1508=ORIENTED_EDGE('',*,*,#2314,.T.);
#1509=ORIENTED_EDGE('',*,*,#2312,.T.);
#1510=ORIENTED_EDGE('',*,*,#2290,.T.);
#1511=ORIENTED_EDGE('',*,*,#2293,.T.);
#1512=ORIENTED_EDGE('',*,*,#2295,.T.);
#1513=ORIENTED_EDGE('',*,*,#2297,.T.);
#1514=ORIENTED_EDGE('',*,*,#2299,.T.);
#1515=ORIENTED_EDGE('',*,*,#2301,.T.);
#1516=ORIENTED_EDGE('',*,*,#2303,.T.);
#1517=ORIENTED_EDGE('',*,*,#2305,.T.);
#1518=ORIENTED_EDGE('',*,*,#2307,.T.);
#1519=ORIENTED_EDGE('',*,*,#2309,.T.);
#1520=ORIENTED_EDGE('',*,*,#2311,.F.);
#1521=ORIENTED_EDGE('',*,*,#2313,.T.);
#1522=ORIENTED_EDGE('',*,*,#2314,.F.);
#1523=ORIENTED_EDGE('',*,*,#2315,.F.);
#1524=ORIENTED_EDGE('',*,*,#2058,.T.);
#1525=ORIENTED_EDGE('',*,*,#2316,.F.);
#1526=ORIENTED_EDGE('',*,*,#2317,.T.);
#1527=ORIENTED_EDGE('',*,*,#2318,.T.);
#1528=ORIENTED_EDGE('',*,*,#2054,.T.);
#1529=ORIENTED_EDGE('',*,*,#2319,.F.);
#1530=ORIENTED_EDGE('',*,*,#2320,.T.);
#1531=ORIENTED_EDGE('',*,*,#2321,.T.);
#1532=ORIENTED_EDGE('',*,*,#2070,.T.);
#1533=ORIENTED_EDGE('',*,*,#2322,.F.);
#1534=ORIENTED_EDGE('',*,*,#2323,.T.);
#1535=ORIENTED_EDGE('',*,*,#2324,.T.);
#1536=ORIENTED_EDGE('',*,*,#2066,.T.);
#1537=ORIENTED_EDGE('',*,*,#2325,.F.);
#1538=ORIENTED_EDGE('',*,*,#2326,.T.);
#1539=ORIENTED_EDGE('',*,*,#2327,.T.);
#1540=ORIENTED_EDGE('',*,*,#2062,.T.);
#1541=ORIENTED_EDGE('',*,*,#2328,.F.);
#1542=ORIENTED_EDGE('',*,*,#2329,.T.);
#1543=ORIENTED_EDGE('',*,*,#2330,.T.);
#1544=ORIENTED_EDGE('',*,*,#2315,.T.);
#1545=ORIENTED_EDGE('',*,*,#2103,.F.);
#1546=ORIENTED_EDGE('',*,*,#2331,.F.);
#1547=ORIENTED_EDGE('',*,*,#2332,.T.);
#1548=ORIENTED_EDGE('',*,*,#2333,.T.);
#1549=ORIENTED_EDGE('',*,*,#2104,.F.);
#1550=ORIENTED_EDGE('',*,*,#2333,.F.);
#1551=ORIENTED_EDGE('',*,*,#2334,.T.);
#1552=ORIENTED_EDGE('',*,*,#2143,.T.);
#1553=ORIENTED_EDGE('',*,*,#2102,.F.);
#1554=ORIENTED_EDGE('',*,*,#2145,.F.);
#1555=ORIENTED_EDGE('',*,*,#2335,.T.);
#1556=ORIENTED_EDGE('',*,*,#2331,.T.);
#1557=ORIENTED_EDGE('',*,*,#2336,.F.);
#1558=ORIENTED_EDGE('',*,*,#2337,.T.);
#1559=ORIENTED_EDGE('',*,*,#2338,.F.);
#1560=ORIENTED_EDGE('',*,*,#2339,.F.);
#1561=ORIENTED_EDGE('',*,*,#2332,.F.);
#1562=ORIENTED_EDGE('',*,*,#2335,.F.);
#1563=ORIENTED_EDGE('',*,*,#2144,.F.);
#1564=ORIENTED_EDGE('',*,*,#2334,.F.);
#1565=ORIENTED_EDGE('',*,*,#2107,.F.);
#1566=ORIENTED_EDGE('',*,*,#2340,.F.);
#1567=ORIENTED_EDGE('',*,*,#2341,.T.);
#1568=ORIENTED_EDGE('',*,*,#2342,.T.);
#1569=ORIENTED_EDGE('',*,*,#2108,.F.);
#1570=ORIENTED_EDGE('',*,*,#2342,.F.);
#1571=ORIENTED_EDGE('',*,*,#2343,.T.);
#1572=ORIENTED_EDGE('',*,*,#2140,.T.);
#1573=ORIENTED_EDGE('',*,*,#2106,.F.);
#1574=ORIENTED_EDGE('',*,*,#2142,.F.);
#1575=ORIENTED_EDGE('',*,*,#2344,.T.);
#1576=ORIENTED_EDGE('',*,*,#2340,.T.);
#1577=ORIENTED_EDGE('',*,*,#2345,.F.);
#1578=ORIENTED_EDGE('',*,*,#2346,.T.);
#1579=ORIENTED_EDGE('',*,*,#2347,.F.);
#1580=ORIENTED_EDGE('',*,*,#2348,.F.);
#1581=ORIENTED_EDGE('',*,*,#2341,.F.);
#1582=ORIENTED_EDGE('',*,*,#2344,.F.);
#1583=ORIENTED_EDGE('',*,*,#2141,.F.);
#1584=ORIENTED_EDGE('',*,*,#2343,.F.);
#1585=ORIENTED_EDGE('',*,*,#2115,.F.);
#1586=ORIENTED_EDGE('',*,*,#2349,.F.);
#1587=ORIENTED_EDGE('',*,*,#2350,.T.);
#1588=ORIENTED_EDGE('',*,*,#2351,.T.);
#1589=ORIENTED_EDGE('',*,*,#2116,.F.);
#1590=ORIENTED_EDGE('',*,*,#2351,.F.);
#1591=ORIENTED_EDGE('',*,*,#2352,.T.);
#1592=ORIENTED_EDGE('',*,*,#2149,.T.);
#1593=ORIENTED_EDGE('',*,*,#2114,.F.);
#1594=ORIENTED_EDGE('',*,*,#2151,.F.);
#1595=ORIENTED_EDGE('',*,*,#2353,.T.);
#1596=ORIENTED_EDGE('',*,*,#2349,.T.);
#1597=ORIENTED_EDGE('',*,*,#2354,.F.);
#1598=ORIENTED_EDGE('',*,*,#2355,.T.);
#1599=ORIENTED_EDGE('',*,*,#2356,.F.);
#1600=ORIENTED_EDGE('',*,*,#2357,.F.);
#1601=ORIENTED_EDGE('',*,*,#2350,.F.);
#1602=ORIENTED_EDGE('',*,*,#2353,.F.);
#1603=ORIENTED_EDGE('',*,*,#2150,.F.);
#1604=ORIENTED_EDGE('',*,*,#2352,.F.);
#1605=ORIENTED_EDGE('',*,*,#2111,.F.);
#1606=ORIENTED_EDGE('',*,*,#2358,.F.);
#1607=ORIENTED_EDGE('',*,*,#2359,.T.);
#1608=ORIENTED_EDGE('',*,*,#2360,.T.);
#1609=ORIENTED_EDGE('',*,*,#2112,.F.);
#1610=ORIENTED_EDGE('',*,*,#2360,.F.);
#1611=ORIENTED_EDGE('',*,*,#2361,.T.);
#1612=ORIENTED_EDGE('',*,*,#2137,.T.);
#1613=ORIENTED_EDGE('',*,*,#2110,.F.);
#1614=ORIENTED_EDGE('',*,*,#2139,.F.);
#1615=ORIENTED_EDGE('',*,*,#2362,.T.);
#1616=ORIENTED_EDGE('',*,*,#2358,.T.);
#1617=ORIENTED_EDGE('',*,*,#2363,.F.);
#1618=ORIENTED_EDGE('',*,*,#2364,.T.);
#1619=ORIENTED_EDGE('',*,*,#2365,.F.);
#1620=ORIENTED_EDGE('',*,*,#2366,.F.);
#1621=ORIENTED_EDGE('',*,*,#2359,.F.);
#1622=ORIENTED_EDGE('',*,*,#2362,.F.);
#1623=ORIENTED_EDGE('',*,*,#2138,.F.);
#1624=ORIENTED_EDGE('',*,*,#2361,.F.);
#1625=ORIENTED_EDGE('',*,*,#2094,.F.);
#1626=ORIENTED_EDGE('',*,*,#2129,.F.);
#1627=ORIENTED_EDGE('',*,*,#2367,.T.);
#1628=ORIENTED_EDGE('',*,*,#2368,.T.);
#1629=ORIENTED_EDGE('',*,*,#2095,.F.);
#1630=ORIENTED_EDGE('',*,*,#2368,.F.);
#1631=ORIENTED_EDGE('',*,*,#2369,.T.);
#1632=ORIENTED_EDGE('',*,*,#2370,.T.);
#1633=ORIENTED_EDGE('',*,*,#2096,.F.);
#1634=ORIENTED_EDGE('',*,*,#2370,.F.);
#1635=ORIENTED_EDGE('',*,*,#2371,.T.);
#1636=ORIENTED_EDGE('',*,*,#2127,.T.);
#1637=ORIENTED_EDGE('',*,*,#2372,.F.);
#1638=ORIENTED_EDGE('',*,*,#2373,.T.);
#1639=ORIENTED_EDGE('',*,*,#2374,.F.);
#1640=ORIENTED_EDGE('',*,*,#2375,.F.);
#1641=ORIENTED_EDGE('',*,*,#2128,.F.);
#1642=ORIENTED_EDGE('',*,*,#2371,.F.);
#1643=ORIENTED_EDGE('',*,*,#2369,.F.);
#1644=ORIENTED_EDGE('',*,*,#2367,.F.);
#1645=ORIENTED_EDGE('',*,*,#2090,.F.);
#1646=ORIENTED_EDGE('',*,*,#2132,.F.);
#1647=ORIENTED_EDGE('',*,*,#2376,.T.);
#1648=ORIENTED_EDGE('',*,*,#2377,.T.);
#1649=ORIENTED_EDGE('',*,*,#2091,.F.);
#1650=ORIENTED_EDGE('',*,*,#2377,.F.);
#1651=ORIENTED_EDGE('',*,*,#2378,.T.);
#1652=ORIENTED_EDGE('',*,*,#2379,.T.);
#1653=ORIENTED_EDGE('',*,*,#2092,.F.);
#1654=ORIENTED_EDGE('',*,*,#2379,.F.);
#1655=ORIENTED_EDGE('',*,*,#2380,.T.);
#1656=ORIENTED_EDGE('',*,*,#2130,.T.);
#1657=ORIENTED_EDGE('',*,*,#2381,.F.);
#1658=ORIENTED_EDGE('',*,*,#2382,.T.);
#1659=ORIENTED_EDGE('',*,*,#2383,.F.);
#1660=ORIENTED_EDGE('',*,*,#2384,.F.);
#1661=ORIENTED_EDGE('',*,*,#2131,.F.);
#1662=ORIENTED_EDGE('',*,*,#2380,.F.);
#1663=ORIENTED_EDGE('',*,*,#2378,.F.);
#1664=ORIENTED_EDGE('',*,*,#2376,.F.);
#1665=ORIENTED_EDGE('',*,*,#2086,.F.);
#1666=ORIENTED_EDGE('',*,*,#2135,.F.);
#1667=ORIENTED_EDGE('',*,*,#2385,.T.);
#1668=ORIENTED_EDGE('',*,*,#2386,.T.);
#1669=ORIENTED_EDGE('',*,*,#2087,.F.);
#1670=ORIENTED_EDGE('',*,*,#2386,.F.);
#1671=ORIENTED_EDGE('',*,*,#2387,.T.);
#1672=ORIENTED_EDGE('',*,*,#2388,.T.);
#1673=ORIENTED_EDGE('',*,*,#2088,.F.);
#1674=ORIENTED_EDGE('',*,*,#2388,.F.);
#1675=ORIENTED_EDGE('',*,*,#2389,.T.);
#1676=ORIENTED_EDGE('',*,*,#2133,.T.);
#1677=ORIENTED_EDGE('',*,*,#2390,.F.);
#1678=ORIENTED_EDGE('',*,*,#2391,.T.);
#1679=ORIENTED_EDGE('',*,*,#2392,.F.);
#1680=ORIENTED_EDGE('',*,*,#2393,.F.);
#1681=ORIENTED_EDGE('',*,*,#2134,.F.);
#1682=ORIENTED_EDGE('',*,*,#2389,.F.);
#1683=ORIENTED_EDGE('',*,*,#2387,.F.);
#1684=ORIENTED_EDGE('',*,*,#2385,.F.);
#1685=ORIENTED_EDGE('',*,*,#2082,.F.);
#1686=ORIENTED_EDGE('',*,*,#2123,.F.);
#1687=ORIENTED_EDGE('',*,*,#2394,.T.);
#1688=ORIENTED_EDGE('',*,*,#2395,.T.);
#1689=ORIENTED_EDGE('',*,*,#2083,.F.);
#1690=ORIENTED_EDGE('',*,*,#2395,.F.);
#1691=ORIENTED_EDGE('',*,*,#2396,.T.);
#1692=ORIENTED_EDGE('',*,*,#2397,.T.);
#1693=ORIENTED_EDGE('',*,*,#2084,.F.);
#1694=ORIENTED_EDGE('',*,*,#2397,.F.);
#1695=ORIENTED_EDGE('',*,*,#2398,.T.);
#1696=ORIENTED_EDGE('',*,*,#2136,.T.);
#1697=ORIENTED_EDGE('',*,*,#2399,.F.);
#1698=ORIENTED_EDGE('',*,*,#2400,.T.);
#1699=ORIENTED_EDGE('',*,*,#2401,.F.);
#1700=ORIENTED_EDGE('',*,*,#2402,.F.);
#1701=ORIENTED_EDGE('',*,*,#2122,.F.);
#1702=ORIENTED_EDGE('',*,*,#2398,.F.);
#1703=ORIENTED_EDGE('',*,*,#2396,.F.);
#1704=ORIENTED_EDGE('',*,*,#2394,.F.);
#1705=ORIENTED_EDGE('',*,*,#2403,.F.);
#1706=ORIENTED_EDGE('',*,*,#2372,.T.);
#1707=ORIENTED_EDGE('',*,*,#2404,.T.);
#1708=ORIENTED_EDGE('',*,*,#2405,.F.);
#1709=ORIENTED_EDGE('',*,*,#2406,.T.);
#1710=ORIENTED_EDGE('',*,*,#2374,.T.);
#1711=ORIENTED_EDGE('',*,*,#2407,.F.);
#1712=ORIENTED_EDGE('',*,*,#2408,.T.);
#1713=ORIENTED_EDGE('',*,*,#2373,.F.);
#1714=ORIENTED_EDGE('',*,*,#2403,.T.);
#1715=ORIENTED_EDGE('',*,*,#2409,.T.);
#1716=ORIENTED_EDGE('',*,*,#2407,.T.);
#1717=ORIENTED_EDGE('',*,*,#2404,.F.);
#1718=ORIENTED_EDGE('',*,*,#2375,.T.);
#1719=ORIENTED_EDGE('',*,*,#2406,.F.);
#1720=ORIENTED_EDGE('',*,*,#2410,.F.);
#1721=ORIENTED_EDGE('',*,*,#2410,.T.);
#1722=ORIENTED_EDGE('',*,*,#2408,.F.);
#1723=ORIENTED_EDGE('',*,*,#2409,.F.);
#1724=ORIENTED_EDGE('',*,*,#2405,.T.);
#1725=ORIENTED_EDGE('',*,*,#2411,.F.);
#1726=ORIENTED_EDGE('',*,*,#2381,.T.);
#1727=ORIENTED_EDGE('',*,*,#2412,.T.);
#1728=ORIENTED_EDGE('',*,*,#2413,.F.);
#1729=ORIENTED_EDGE('',*,*,#2414,.T.);
#1730=ORIENTED_EDGE('',*,*,#2383,.T.);
#1731=ORIENTED_EDGE('',*,*,#2415,.F.);
#1732=ORIENTED_EDGE('',*,*,#2416,.T.);
#1733=ORIENTED_EDGE('',*,*,#2382,.F.);
#1734=ORIENTED_EDGE('',*,*,#2411,.T.);
#1735=ORIENTED_EDGE('',*,*,#2417,.T.);
#1736=ORIENTED_EDGE('',*,*,#2415,.T.);
#1737=ORIENTED_EDGE('',*,*,#2412,.F.);
#1738=ORIENTED_EDGE('',*,*,#2384,.T.);
#1739=ORIENTED_EDGE('',*,*,#2414,.F.);
#1740=ORIENTED_EDGE('',*,*,#2418,.F.);
#1741=ORIENTED_EDGE('',*,*,#2418,.T.);
#1742=ORIENTED_EDGE('',*,*,#2416,.F.);
#1743=ORIENTED_EDGE('',*,*,#2417,.F.);
#1744=ORIENTED_EDGE('',*,*,#2413,.T.);
#1745=ORIENTED_EDGE('',*,*,#2419,.F.);
#1746=ORIENTED_EDGE('',*,*,#2390,.T.);
#1747=ORIENTED_EDGE('',*,*,#2420,.T.);
#1748=ORIENTED_EDGE('',*,*,#2421,.F.);
#1749=ORIENTED_EDGE('',*,*,#2422,.T.);
#1750=ORIENTED_EDGE('',*,*,#2392,.T.);
#1751=ORIENTED_EDGE('',*,*,#2423,.F.);
#1752=ORIENTED_EDGE('',*,*,#2424,.T.);
#1753=ORIENTED_EDGE('',*,*,#2391,.F.);
#1754=ORIENTED_EDGE('',*,*,#2419,.T.);
#1755=ORIENTED_EDGE('',*,*,#2425,.T.);
#1756=ORIENTED_EDGE('',*,*,#2423,.T.);
#1757=ORIENTED_EDGE('',*,*,#2420,.F.);
#1758=ORIENTED_EDGE('',*,*,#2393,.T.);
#1759=ORIENTED_EDGE('',*,*,#2422,.F.);
#1760=ORIENTED_EDGE('',*,*,#2426,.F.);
#1761=ORIENTED_EDGE('',*,*,#2426,.T.);
#1762=ORIENTED_EDGE('',*,*,#2424,.F.);
#1763=ORIENTED_EDGE('',*,*,#2425,.F.);
#1764=ORIENTED_EDGE('',*,*,#2421,.T.);
#1765=ORIENTED_EDGE('',*,*,#2427,.F.);
#1766=ORIENTED_EDGE('',*,*,#2399,.T.);
#1767=ORIENTED_EDGE('',*,*,#2428,.T.);
#1768=ORIENTED_EDGE('',*,*,#2429,.F.);
#1769=ORIENTED_EDGE('',*,*,#2430,.T.);
#1770=ORIENTED_EDGE('',*,*,#2401,.T.);
#1771=ORIENTED_EDGE('',*,*,#2431,.F.);
#1772=ORIENTED_EDGE('',*,*,#2432,.T.);
#1773=ORIENTED_EDGE('',*,*,#2400,.F.);
#1774=ORIENTED_EDGE('',*,*,#2427,.T.);
#1775=ORIENTED_EDGE('',*,*,#2433,.T.);
#1776=ORIENTED_EDGE('',*,*,#2431,.T.);
#1777=ORIENTED_EDGE('',*,*,#2428,.F.);
#1778=ORIENTED_EDGE('',*,*,#2402,.T.);
#1779=ORIENTED_EDGE('',*,*,#2430,.F.);
#1780=ORIENTED_EDGE('',*,*,#2434,.F.);
#1781=ORIENTED_EDGE('',*,*,#2434,.T.);
#1782=ORIENTED_EDGE('',*,*,#2432,.F.);
#1783=ORIENTED_EDGE('',*,*,#2433,.F.);
#1784=ORIENTED_EDGE('',*,*,#2429,.T.);
#1785=ORIENTED_EDGE('',*,*,#2435,.F.);
#1786=ORIENTED_EDGE('',*,*,#2336,.T.);
#1787=ORIENTED_EDGE('',*,*,#2436,.T.);
#1788=ORIENTED_EDGE('',*,*,#2437,.F.);
#1789=ORIENTED_EDGE('',*,*,#2438,.T.);
#1790=ORIENTED_EDGE('',*,*,#2338,.T.);
#1791=ORIENTED_EDGE('',*,*,#2439,.F.);
#1792=ORIENTED_EDGE('',*,*,#2440,.T.);
#1793=ORIENTED_EDGE('',*,*,#2337,.F.);
#1794=ORIENTED_EDGE('',*,*,#2435,.T.);
#1795=ORIENTED_EDGE('',*,*,#2441,.T.);
#1796=ORIENTED_EDGE('',*,*,#2439,.T.);
#1797=ORIENTED_EDGE('',*,*,#2436,.F.);
#1798=ORIENTED_EDGE('',*,*,#2339,.T.);
#1799=ORIENTED_EDGE('',*,*,#2438,.F.);
#1800=ORIENTED_EDGE('',*,*,#2442,.F.);
#1801=ORIENTED_EDGE('',*,*,#2442,.T.);
#1802=ORIENTED_EDGE('',*,*,#2440,.F.);
#1803=ORIENTED_EDGE('',*,*,#2441,.F.);
#1804=ORIENTED_EDGE('',*,*,#2437,.T.);
#1805=ORIENTED_EDGE('',*,*,#2443,.F.);
#1806=ORIENTED_EDGE('',*,*,#2345,.T.);
#1807=ORIENTED_EDGE('',*,*,#2444,.T.);
#1808=ORIENTED_EDGE('',*,*,#2445,.F.);
#1809=ORIENTED_EDGE('',*,*,#2446,.T.);
#1810=ORIENTED_EDGE('',*,*,#2347,.T.);
#1811=ORIENTED_EDGE('',*,*,#2447,.F.);
#1812=ORIENTED_EDGE('',*,*,#2448,.T.);
#1813=ORIENTED_EDGE('',*,*,#2346,.F.);
#1814=ORIENTED_EDGE('',*,*,#2443,.T.);
#1815=ORIENTED_EDGE('',*,*,#2449,.T.);
#1816=ORIENTED_EDGE('',*,*,#2447,.T.);
#1817=ORIENTED_EDGE('',*,*,#2444,.F.);
#1818=ORIENTED_EDGE('',*,*,#2348,.T.);
#1819=ORIENTED_EDGE('',*,*,#2446,.F.);
#1820=ORIENTED_EDGE('',*,*,#2450,.F.);
#1821=ORIENTED_EDGE('',*,*,#2450,.T.);
#1822=ORIENTED_EDGE('',*,*,#2448,.F.);
#1823=ORIENTED_EDGE('',*,*,#2449,.F.);
#1824=ORIENTED_EDGE('',*,*,#2445,.T.);
#1825=ORIENTED_EDGE('',*,*,#2451,.F.);
#1826=ORIENTED_EDGE('',*,*,#2354,.T.);
#1827=ORIENTED_EDGE('',*,*,#2452,.T.);
#1828=ORIENTED_EDGE('',*,*,#2453,.F.);
#1829=ORIENTED_EDGE('',*,*,#2454,.T.);
#1830=ORIENTED_EDGE('',*,*,#2356,.T.);
#1831=ORIENTED_EDGE('',*,*,#2455,.F.);
#1832=ORIENTED_EDGE('',*,*,#2456,.T.);
#1833=ORIENTED_EDGE('',*,*,#2355,.F.);
#1834=ORIENTED_EDGE('',*,*,#2451,.T.);
#1835=ORIENTED_EDGE('',*,*,#2457,.T.);
#1836=ORIENTED_EDGE('',*,*,#2455,.T.);
#1837=ORIENTED_EDGE('',*,*,#2452,.F.);
#1838=ORIENTED_EDGE('',*,*,#2357,.T.);
#1839=ORIENTED_EDGE('',*,*,#2454,.F.);
#1840=ORIENTED_EDGE('',*,*,#2458,.F.);
#1841=ORIENTED_EDGE('',*,*,#2458,.T.);
#1842=ORIENTED_EDGE('',*,*,#2456,.F.);
#1843=ORIENTED_EDGE('',*,*,#2457,.F.);
#1844=ORIENTED_EDGE('',*,*,#2453,.T.);
#1845=ORIENTED_EDGE('',*,*,#2459,.F.);
#1846=ORIENTED_EDGE('',*,*,#2363,.T.);
#1847=ORIENTED_EDGE('',*,*,#2460,.T.);
#1848=ORIENTED_EDGE('',*,*,#2461,.F.);
#1849=ORIENTED_EDGE('',*,*,#2462,.T.);
#1850=ORIENTED_EDGE('',*,*,#2365,.T.);
#1851=ORIENTED_EDGE('',*,*,#2463,.F.);
#1852=ORIENTED_EDGE('',*,*,#2464,.T.);
#1853=ORIENTED_EDGE('',*,*,#2364,.F.);
#1854=ORIENTED_EDGE('',*,*,#2459,.T.);
#1855=ORIENTED_EDGE('',*,*,#2465,.T.);
#1856=ORIENTED_EDGE('',*,*,#2463,.T.);
#1857=ORIENTED_EDGE('',*,*,#2460,.F.);
#1858=ORIENTED_EDGE('',*,*,#2366,.T.);
#1859=ORIENTED_EDGE('',*,*,#2462,.F.);
#1860=ORIENTED_EDGE('',*,*,#2466,.F.);
#1861=ORIENTED_EDGE('',*,*,#2466,.T.);
#1862=ORIENTED_EDGE('',*,*,#2464,.F.);
#1863=ORIENTED_EDGE('',*,*,#2465,.F.);
#1864=ORIENTED_EDGE('',*,*,#2461,.T.);
#1865=ORIENTED_EDGE('',*,*,#2059,.T.);
#1866=ORIENTED_EDGE('',*,*,#2330,.F.);
#1867=ORIENTED_EDGE('',*,*,#2467,.F.);
#1868=ORIENTED_EDGE('',*,*,#2468,.T.);
#1869=ORIENTED_EDGE('',*,*,#2061,.T.);
#1870=ORIENTED_EDGE('',*,*,#2469,.F.);
#1871=ORIENTED_EDGE('',*,*,#2470,.F.);
#1872=ORIENTED_EDGE('',*,*,#2328,.T.);
#1873=ORIENTED_EDGE('',*,*,#2060,.T.);
#1874=ORIENTED_EDGE('',*,*,#2468,.F.);
#1875=ORIENTED_EDGE('',*,*,#2471,.F.);
#1876=ORIENTED_EDGE('',*,*,#2469,.T.);
#1877=ORIENTED_EDGE('',*,*,#2467,.T.);
#1878=ORIENTED_EDGE('',*,*,#2329,.F.);
#1879=ORIENTED_EDGE('',*,*,#2470,.T.);
#1880=ORIENTED_EDGE('',*,*,#2471,.T.);
#1881=ORIENTED_EDGE('',*,*,#2063,.T.);
#1882=ORIENTED_EDGE('',*,*,#2327,.F.);
#1883=ORIENTED_EDGE('',*,*,#2472,.F.);
#1884=ORIENTED_EDGE('',*,*,#2473,.T.);
#1885=ORIENTED_EDGE('',*,*,#2065,.T.);
#1886=ORIENTED_EDGE('',*,*,#2474,.F.);
#1887=ORIENTED_EDGE('',*,*,#2475,.F.);
#1888=ORIENTED_EDGE('',*,*,#2325,.T.);
#1889=ORIENTED_EDGE('',*,*,#2064,.T.);
#1890=ORIENTED_EDGE('',*,*,#2473,.F.);
#1891=ORIENTED_EDGE('',*,*,#2476,.F.);
#1892=ORIENTED_EDGE('',*,*,#2474,.T.);
#1893=ORIENTED_EDGE('',*,*,#2472,.T.);
#1894=ORIENTED_EDGE('',*,*,#2326,.F.);
#1895=ORIENTED_EDGE('',*,*,#2475,.T.);
#1896=ORIENTED_EDGE('',*,*,#2476,.T.);
#1897=ORIENTED_EDGE('',*,*,#2067,.T.);
#1898=ORIENTED_EDGE('',*,*,#2324,.F.);
#1899=ORIENTED_EDGE('',*,*,#2477,.F.);
#1900=ORIENTED_EDGE('',*,*,#2478,.T.);
#1901=ORIENTED_EDGE('',*,*,#2068,.T.);
#1902=ORIENTED_EDGE('',*,*,#2478,.F.);
#1903=ORIENTED_EDGE('',*,*,#2479,.F.);
#1904=ORIENTED_EDGE('',*,*,#2480,.T.);
#1905=ORIENTED_EDGE('',*,*,#2069,.T.);
#1906=ORIENTED_EDGE('',*,*,#2480,.F.);
#1907=ORIENTED_EDGE('',*,*,#2481,.F.);
#1908=ORIENTED_EDGE('',*,*,#2322,.T.);
#1909=ORIENTED_EDGE('',*,*,#2323,.F.);
#1910=ORIENTED_EDGE('',*,*,#2481,.T.);
#1911=ORIENTED_EDGE('',*,*,#2479,.T.);
#1912=ORIENTED_EDGE('',*,*,#2477,.T.);
#1913=ORIENTED_EDGE('',*,*,#2071,.T.);
#1914=ORIENTED_EDGE('',*,*,#2321,.F.);
#1915=ORIENTED_EDGE('',*,*,#2482,.F.);
#1916=ORIENTED_EDGE('',*,*,#2483,.T.);
#1917=ORIENTED_EDGE('',*,*,#2072,.T.);
#1918=ORIENTED_EDGE('',*,*,#2483,.F.);
#1919=ORIENTED_EDGE('',*,*,#2484,.F.);
#1920=ORIENTED_EDGE('',*,*,#2485,.T.);
#1921=ORIENTED_EDGE('',*,*,#2073,.T.);
#1922=ORIENTED_EDGE('',*,*,#2485,.F.);
#1923=ORIENTED_EDGE('',*,*,#2486,.F.);
#1924=ORIENTED_EDGE('',*,*,#2319,.T.);
#1925=ORIENTED_EDGE('',*,*,#2320,.F.);
#1926=ORIENTED_EDGE('',*,*,#2486,.T.);
#1927=ORIENTED_EDGE('',*,*,#2484,.T.);
#1928=ORIENTED_EDGE('',*,*,#2482,.T.);
#1929=ORIENTED_EDGE('',*,*,#2055,.T.);
#1930=ORIENTED_EDGE('',*,*,#2318,.F.);
#1931=ORIENTED_EDGE('',*,*,#2487,.F.);
#1932=ORIENTED_EDGE('',*,*,#2488,.T.);
#1933=ORIENTED_EDGE('',*,*,#2056,.T.);
#1934=ORIENTED_EDGE('',*,*,#2488,.F.);
#1935=ORIENTED_EDGE('',*,*,#2489,.F.);
#1936=ORIENTED_EDGE('',*,*,#2490,.T.);
#1937=ORIENTED_EDGE('',*,*,#2057,.T.);
#1938=ORIENTED_EDGE('',*,*,#2490,.F.);
#1939=ORIENTED_EDGE('',*,*,#2491,.F.);
#1940=ORIENTED_EDGE('',*,*,#2316,.T.);
#1941=ORIENTED_EDGE('',*,*,#2317,.F.);
#1942=ORIENTED_EDGE('',*,*,#2491,.T.);
#1943=ORIENTED_EDGE('',*,*,#2489,.T.);
#1944=ORIENTED_EDGE('',*,*,#2487,.T.);
#1945=ORIENTED_EDGE('',*,*,#2492,.F.);
#1946=ORIENTED_EDGE('',*,*,#2493,.F.);
#1947=ORIENTED_EDGE('',*,*,#2494,.F.);
#1948=ORIENTED_EDGE('',*,*,#2495,.T.);
#1949=ORIENTED_EDGE('',*,*,#2496,.F.);
#1950=ORIENTED_EDGE('',*,*,#2497,.F.);
#1951=ORIENTED_EDGE('',*,*,#2498,.F.);
#1952=ORIENTED_EDGE('',*,*,#2499,.F.);
#1953=ORIENTED_EDGE('',*,*,#2500,.F.);
#1954=ORIENTED_EDGE('',*,*,#2492,.T.);
#1955=ORIENTED_EDGE('',*,*,#2501,.F.);
#1956=ORIENTED_EDGE('',*,*,#2500,.T.);
#1957=ORIENTED_EDGE('',*,*,#2501,.T.);
#1958=ORIENTED_EDGE('',*,*,#2494,.T.);
#1959=ORIENTED_EDGE('',*,*,#2502,.F.);
#1960=ORIENTED_EDGE('',*,*,#2503,.F.);
#1961=ORIENTED_EDGE('',*,*,#2504,.T.);
#1962=ORIENTED_EDGE('',*,*,#2493,.T.);
#1963=ORIENTED_EDGE('',*,*,#2505,.F.);
#1964=ORIENTED_EDGE('',*,*,#2506,.F.);
#1965=ORIENTED_EDGE('',*,*,#2502,.T.);
#1966=ORIENTED_EDGE('',*,*,#2499,.T.);
#1967=ORIENTED_EDGE('',*,*,#2507,.F.);
#1968=ORIENTED_EDGE('',*,*,#2508,.F.);
#1969=ORIENTED_EDGE('',*,*,#2505,.T.);
#1970=ORIENTED_EDGE('',*,*,#2498,.T.);
#1971=ORIENTED_EDGE('',*,*,#2509,.F.);
#1972=ORIENTED_EDGE('',*,*,#2510,.F.);
#1973=ORIENTED_EDGE('',*,*,#2507,.T.);
#1974=ORIENTED_EDGE('',*,*,#2497,.T.);
#1975=ORIENTED_EDGE('',*,*,#2511,.F.);
#1976=ORIENTED_EDGE('',*,*,#2512,.F.);
#1977=ORIENTED_EDGE('',*,*,#2509,.T.);
#1978=ORIENTED_EDGE('',*,*,#2496,.T.);
#1979=ORIENTED_EDGE('',*,*,#2513,.F.);
#1980=ORIENTED_EDGE('',*,*,#2514,.F.);
#1981=ORIENTED_EDGE('',*,*,#2511,.T.);
#1982=ORIENTED_EDGE('',*,*,#2513,.T.);
#1983=ORIENTED_EDGE('',*,*,#2495,.F.);
#1984=ORIENTED_EDGE('',*,*,#2504,.F.);
#1985=ORIENTED_EDGE('',*,*,#2515,.F.);
#1986=ORIENTED_EDGE('',*,*,#2503,.T.);
#1987=ORIENTED_EDGE('',*,*,#2506,.T.);
#1988=ORIENTED_EDGE('',*,*,#2508,.T.);
#1989=ORIENTED_EDGE('',*,*,#2510,.T.);
#1990=ORIENTED_EDGE('',*,*,#2512,.T.);
#1991=ORIENTED_EDGE('',*,*,#2514,.T.);
#1992=ORIENTED_EDGE('',*,*,#2515,.T.);
#1993=EDGE_CURVE('',#2516,#2517,#2870,.T.);
#1994=EDGE_CURVE('',#2518,#2516,#61,.T.);
#1995=EDGE_CURVE('',#2518,#2519,#2871,.T.);
#1996=EDGE_CURVE('',#2520,#2519,#62,.T.);
#1997=EDGE_CURVE('',#2520,#2521,#2872,.T.);
#1998=EDGE_CURVE('',#2522,#2521,#63,.T.);
#1999=EDGE_CURVE('',#2523,#2522,#64,.T.);
#2000=EDGE_CURVE('',#2524,#2523,#65,.T.);
#2001=EDGE_CURVE('',#2525,#2524,#66,.T.);
#2002=EDGE_CURVE('',#2526,#2525,#67,.T.);
#2003=EDGE_CURVE('',#2527,#2526,#68,.T.);
#2004=EDGE_CURVE('',#2528,#2527,#2873,.T.);
#2005=EDGE_CURVE('',#2517,#2528,#69,.T.);
#2006=EDGE_CURVE('',#2529,#2530,#70,.T.);
#2007=EDGE_CURVE('',#2531,#2529,#71,.T.);
#2008=EDGE_CURVE('',#2532,#2531,#2874,.T.);
#2009=EDGE_CURVE('',#2532,#2533,#2875,.T.);
#2010=EDGE_CURVE('',#2533,#2534,#2876,.T.);
#2011=EDGE_CURVE('',#2535,#2534,#72,.T.);
#2012=EDGE_CURVE('',#2536,#2535,#73,.T.);
#2013=EDGE_CURVE('',#2537,#2536,#2877,.T.);
#2014=EDGE_CURVE('',#2538,#2537,#2878,.T.);
#2015=EDGE_CURVE('',#2538,#2539,#2879,.T.);
#2016=EDGE_CURVE('',#2540,#2539,#74,.T.);
#2017=EDGE_CURVE('',#2530,#2540,#75,.T.);
#2018=EDGE_CURVE('',#2541,#2542,#76,.T.);
#2019=EDGE_CURVE('',#2542,#2543,#77,.T.);
#2020=EDGE_CURVE('',#2543,#2544,#78,.T.);
#2021=EDGE_CURVE('',#2544,#2545,#2880,.T.);
#2022=EDGE_CURVE('',#2545,#2546,#79,.T.);
#2023=EDGE_CURVE('',#2546,#2547,#2881,.T.);
#2024=EDGE_CURVE('',#2547,#2548,#80,.T.);
#2025=EDGE_CURVE('',#2548,#2541,#2882,.T.);
#2026=EDGE_CURVE('',#2549,#2550,#81,.T.);
#2027=EDGE_CURVE('',#2551,#2549,#82,.T.);
#2028=EDGE_CURVE('',#2552,#2551,#83,.T.);
#2029=EDGE_CURVE('',#2553,#2552,#84,.T.);
#2030=EDGE_CURVE('',#2554,#2553,#85,.T.);
#2031=EDGE_CURVE('',#2555,#2554,#86,.T.);
#2032=EDGE_CURVE('',#2550,#2555,#87,.T.);
#2033=EDGE_CURVE('',#2556,#2557,#2883,.T.);
#2034=EDGE_CURVE('',#2558,#2556,#88,.T.);
#2035=EDGE_CURVE('',#2559,#2558,#89,.T.);
#2036=EDGE_CURVE('',#2559,#2560,#2884,.T.);
#2037=EDGE_CURVE('',#2561,#2560,#90,.T.);
#2038=EDGE_CURVE('',#2562,#2561,#91,.T.);
#2039=EDGE_CURVE('',#2562,#2563,#2885,.T.);
#2040=EDGE_CURVE('',#2564,#2563,#92,.T.);
#2041=EDGE_CURVE('',#2565,#2564,#93,.T.);
#2042=EDGE_CURVE('',#2557,#2565,#2886,.T.);
#2043=EDGE_CURVE('',#2566,#2567,#94,.T.);
#2044=EDGE_CURVE('',#2568,#2566,#95,.T.);
#2045=EDGE_CURVE('',#2569,#2568,#96,.T.);
#2046=EDGE_CURVE('',#2570,#2569,#97,.T.);
#2047=EDGE_CURVE('',#2571,#2570,#98,.T.);
#2048=EDGE_CURVE('',#2572,#2571,#99,.T.);
#2049=EDGE_CURVE('',#2573,#2572,#100,.T.);
#2050=EDGE_CURVE('',#2574,#2573,#101,.T.);
#2051=EDGE_CURVE('',#2575,#2574,#102,.T.);
#2052=EDGE_CURVE('',#2576,#2575,#103,.T.);
#2053=EDGE_CURVE('',#2567,#2576,#104,.T.);
#2054=EDGE_CURVE('',#2577,#2578,#2887,.T.);
#2055=EDGE_CURVE('',#2579,#2577,#105,.T.);
#2056=EDGE_CURVE('',#2580,#2579,#2888,.T.);
#2057=EDGE_CURVE('',#2581,#2580,#106,.T.);
#2058=EDGE_CURVE('',#2582,#2581,#2889,.T.);
#2059=EDGE_CURVE('',#2583,#2582,#107,.T.);
#2060=EDGE_CURVE('',#2584,#2583,#2890,.T.);
#2061=EDGE_CURVE('',#2585,#2584,#108,.T.);
#2062=EDGE_CURVE('',#2586,#2585,#2891,.T.);
#2063=EDGE_CURVE('',#2587,#2586,#109,.T.);
#2064=EDGE_CURVE('',#2588,#2587,#2892,.T.);
#2065=EDGE_CURVE('',#2589,#2588,#110,.T.);
#2066=EDGE_CURVE('',#2590,#2589,#2893,.T.);
#2067=EDGE_CURVE('',#2591,#2590,#111,.T.);
#2068=EDGE_CURVE('',#2592,#2591,#2894,.T.);
#2069=EDGE_CURVE('',#2593,#2592,#112,.T.);
#2070=EDGE_CURVE('',#2594,#2593,#2895,.T.);
#2071=EDGE_CURVE('',#2595,#2594,#113,.T.);
#2072=EDGE_CURVE('',#2596,#2595,#2896,.T.);
#2073=EDGE_CURVE('',#2578,#2596,#114,.T.);
#2074=EDGE_CURVE('',#2597,#2597,#2897,.F.);
#2075=EDGE_CURVE('',#2598,#2598,#2898,.F.);
#2076=EDGE_CURVE('',#2599,#2599,#2899,.F.);
#2077=EDGE_CURVE('',#2600,#2600,#2900,.F.);
#2078=EDGE_CURVE('',#2601,#2602,#115,.T.);
#2079=EDGE_CURVE('',#2601,#2603,#116,.T.);
#2080=EDGE_CURVE('',#2603,#2604,#117,.T.);
#2081=EDGE_CURVE('',#2602,#2604,#118,.T.);
#2082=EDGE_CURVE('',#2605,#2606,#119,.T.);
#2083=EDGE_CURVE('',#2606,#2607,#120,.T.);
#2084=EDGE_CURVE('',#2607,#2608,#121,.T.);
#2085=EDGE_CURVE('',#2609,#2608,#122,.T.);
#2086=EDGE_CURVE('',#2609,#2610,#123,.T.);
#2087=EDGE_CURVE('',#2610,#2611,#124,.T.);
#2088=EDGE_CURVE('',#2611,#2612,#125,.T.);
#2089=EDGE_CURVE('',#2613,#2612,#126,.T.);
#2090=EDGE_CURVE('',#2613,#2614,#127,.T.);
#2091=EDGE_CURVE('',#2614,#2615,#128,.T.);
#2092=EDGE_CURVE('',#2615,#2616,#129,.T.);
#2093=EDGE_CURVE('',#2617,#2616,#130,.T.);
#2094=EDGE_CURVE('',#2617,#2618,#131,.T.);
#2095=EDGE_CURVE('',#2618,#2619,#132,.T.);
#2096=EDGE_CURVE('',#2619,#2620,#133,.T.);
#2097=EDGE_CURVE('',#2621,#2620,#134,.T.);
#2098=EDGE_CURVE('',#2622,#2621,#2901,.T.);
#2099=EDGE_CURVE('',#2623,#2622,#135,.T.);
#2100=EDGE_CURVE('',#2624,#2623,#2902,.T.);
#2101=EDGE_CURVE('',#2625,#2624,#136,.T.);
#2102=EDGE_CURVE('',#2625,#2626,#137,.T.);
#2103=EDGE_CURVE('',#2626,#2627,#138,.T.);
#2104=EDGE_CURVE('',#2627,#2628,#139,.T.);
#2105=EDGE_CURVE('',#2629,#2628,#140,.T.);
#2106=EDGE_CURVE('',#2629,#2630,#141,.T.);
#2107=EDGE_CURVE('',#2630,#2631,#142,.T.);
#2108=EDGE_CURVE('',#2631,#2632,#143,.T.);
#2109=EDGE_CURVE('',#2633,#2632,#144,.T.);
#2110=EDGE_CURVE('',#2633,#2634,#145,.T.);
#2111=EDGE_CURVE('',#2634,#2635,#146,.T.);
#2112=EDGE_CURVE('',#2635,#2636,#147,.T.);
#2113=EDGE_CURVE('',#2637,#2636,#148,.T.);
#2114=EDGE_CURVE('',#2637,#2638,#149,.T.);
#2115=EDGE_CURVE('',#2638,#2639,#150,.T.);
#2116=EDGE_CURVE('',#2639,#2640,#151,.T.);
#2117=EDGE_CURVE('',#2641,#2640,#152,.T.);
#2118=EDGE_CURVE('',#2642,#2641,#2903,.T.);
#2119=EDGE_CURVE('',#2643,#2642,#153,.T.);
#2120=EDGE_CURVE('',#2644,#2643,#2904,.T.);
#2121=EDGE_CURVE('',#2605,#2644,#154,.T.);
#2122=EDGE_CURVE('',#2645,#2646,#155,.T.);
#2123=EDGE_CURVE('',#2646,#2605,#156,.T.);
#2124=EDGE_CURVE('',#2644,#2647,#157,.T.);
#2125=EDGE_CURVE('',#2648,#2647,#158,.T.);
#2126=EDGE_CURVE('',#2621,#2648,#159,.T.);
#2127=EDGE_CURVE('',#2649,#2620,#160,.T.);
#2128=EDGE_CURVE('',#2649,#2650,#161,.T.);
#2129=EDGE_CURVE('',#2650,#2617,#162,.T.);
#2130=EDGE_CURVE('',#2651,#2616,#163,.T.);
#2131=EDGE_CURVE('',#2651,#2652,#164,.T.);
#2132=EDGE_CURVE('',#2652,#2613,#165,.T.);
#2133=EDGE_CURVE('',#2653,#2612,#166,.T.);
#2134=EDGE_CURVE('',#2653,#2654,#167,.T.);
#2135=EDGE_CURVE('',#2654,#2609,#168,.T.);
#2136=EDGE_CURVE('',#2645,#2608,#169,.T.);
#2137=EDGE_CURVE('',#2655,#2636,#170,.T.);
#2138=EDGE_CURVE('',#2655,#2656,#171,.T.);
#2139=EDGE_CURVE('',#2656,#2633,#172,.T.);
#2140=EDGE_CURVE('',#2657,#2632,#173,.T.);
#2141=EDGE_CURVE('',#2657,#2658,#174,.T.);
#2142=EDGE_CURVE('',#2658,#2629,#175,.T.);
#2143=EDGE_CURVE('',#2659,#2628,#176,.T.);
#2144=EDGE_CURVE('',#2659,#2660,#177,.T.);
#2145=EDGE_CURVE('',#2660,#2625,#178,.T.);
#2146=EDGE_CURVE('',#2624,#2661,#179,.T.);
#2147=EDGE_CURVE('',#2662,#2661,#180,.T.);
#2148=EDGE_CURVE('',#2641,#2662,#181,.T.);
#2149=EDGE_CURVE('',#2663,#2640,#182,.T.);
#2150=EDGE_CURVE('',#2663,#2664,#183,.T.);
#2151=EDGE_CURVE('',#2664,#2637,#184,.T.);
#2152=EDGE_CURVE('',#2665,#2666,#185,.T.);
#2153=EDGE_CURVE('',#2666,#2667,#186,.T.);
#2154=EDGE_CURVE('',#2667,#2542,#187,.T.);
#2155=EDGE_CURVE('',#2668,#2541,#188,.T.);
#2156=EDGE_CURVE('',#2668,#2665,#189,.T.);
#2157=EDGE_CURVE('',#2669,#2670,#190,.T.);
#2158=EDGE_CURVE('',#2670,#2666,#2905,.F.);
#2159=EDGE_CURVE('',#2665,#2669,#2906,.T.);
#2160=EDGE_CURVE('',#2671,#2544,#191,.T.);
#2161=EDGE_CURVE('',#2672,#2543,#192,.T.);
#2162=EDGE_CURVE('',#2672,#2670,#193,.T.);
#2163=EDGE_CURVE('',#2669,#2671,#194,.T.);
#2164=EDGE_CURVE('',#2673,#2546,#195,.T.);
#2165=EDGE_CURVE('',#2673,#2674,#2907,.T.);
#2166=EDGE_CURVE('',#2674,#2547,#196,.T.);
#2167=EDGE_CURVE('',#2674,#2675,#197,.T.);
#2168=EDGE_CURVE('',#2675,#2548,#198,.T.);
#2169=EDGE_CURVE('',#2675,#2668,#2908,.T.);
#2170=EDGE_CURVE('',#2671,#2676,#2909,.T.);
#2171=EDGE_CURVE('',#2676,#2545,#199,.T.);
#2172=EDGE_CURVE('',#2676,#2673,#200,.T.);
#2173=EDGE_CURVE('',#2677,#2678,#201,.T.);
#2174=EDGE_CURVE('',#2678,#2648,#2910,.T.);
#2175=EDGE_CURVE('',#2647,#2679,#2911,.T.);
#2176=EDGE_CURVE('',#2679,#2680,#202,.T.);
#2177=EDGE_CURVE('',#2680,#2662,#2912,.T.);
#2178=EDGE_CURVE('',#2661,#2677,#2913,.T.);
#2179=EDGE_CURVE('',#2622,#2678,#203,.T.);
#2180=EDGE_CURVE('',#2643,#2679,#204,.T.);
#2181=EDGE_CURVE('',#2642,#2680,#205,.T.);
#2182=EDGE_CURVE('',#2623,#2677,#206,.T.);
#2183=EDGE_CURVE('',#2667,#2672,#207,.T.);
#2184=EDGE_CURVE('',#2681,#2682,#208,.T.);
#2185=EDGE_CURVE('',#2683,#2681,#209,.T.);
#2186=EDGE_CURVE('',#2683,#2684,#210,.T.);
#2187=EDGE_CURVE('',#2684,#2682,#211,.T.);
#2188=EDGE_CURVE('',#2682,#2602,#212,.T.);
#2189=EDGE_CURVE('',#2684,#2601,#213,.T.);
#2190=EDGE_CURVE('',#2604,#2681,#214,.T.);
#2191=EDGE_CURVE('',#2603,#2683,#215,.T.);
#2192=EDGE_CURVE('',#2685,#2685,#2914,.T.);
#2193=EDGE_CURVE('',#2686,#2686,#2915,.T.);
#2194=EDGE_CURVE('',#2687,#2687,#2916,.T.);
#2195=EDGE_CURVE('',#2688,#2688,#2917,.T.);
#2196=EDGE_CURVE('',#2689,#2689,#2918,.T.);
#2197=EDGE_CURVE('',#2690,#2690,#2919,.T.);
#2198=EDGE_CURVE('',#2691,#2691,#2920,.T.);
#2199=EDGE_CURVE('',#2692,#2692,#2921,.T.);
#2200=EDGE_CURVE('',#2693,#2549,#216,.T.);
#2201=EDGE_CURVE('',#2694,#2693,#217,.T.);
#2202=EDGE_CURVE('',#2694,#2551,#218,.T.);
#2203=EDGE_CURVE('',#2695,#2550,#219,.T.);
#2204=EDGE_CURVE('',#2693,#2695,#220,.T.);
#2205=EDGE_CURVE('',#2696,#2555,#221,.T.);
#2206=EDGE_CURVE('',#2695,#2696,#222,.T.);
#2207=EDGE_CURVE('',#2697,#2554,#223,.T.);
#2208=EDGE_CURVE('',#2696,#2697,#224,.T.);
#2209=EDGE_CURVE('',#2698,#2553,#225,.T.);
#2210=EDGE_CURVE('',#2697,#2698,#226,.T.);
#2211=EDGE_CURVE('',#2699,#2552,#227,.T.);
#2212=EDGE_CURVE('',#2698,#2699,#228,.T.);
#2213=EDGE_CURVE('',#2699,#2694,#229,.T.);
#2214=EDGE_CURVE('',#2700,#2529,#230,.T.);
#2215=EDGE_CURVE('',#2701,#2700,#231,.T.);
#2216=EDGE_CURVE('',#2701,#2531,#232,.T.);
#2217=EDGE_CURVE('',#2702,#2530,#233,.T.);
#2218=EDGE_CURVE('',#2700,#2702,#234,.T.);
#2219=EDGE_CURVE('',#2703,#2540,#235,.T.);
#2220=EDGE_CURVE('',#2702,#2703,#236,.T.);
#2221=EDGE_CURVE('',#2704,#2539,#237,.T.);
#2222=EDGE_CURVE('',#2703,#2704,#238,.T.);
#2223=EDGE_CURVE('',#2705,#2538,#239,.T.);
#2224=EDGE_CURVE('',#2705,#2704,#2922,.T.);
#2225=EDGE_CURVE('',#2706,#2537,#240,.T.);
#2226=EDGE_CURVE('',#2705,#2706,#2923,.T.);
#2227=EDGE_CURVE('',#2707,#2536,#241,.T.);
#2228=EDGE_CURVE('',#2706,#2707,#2924,.T.);
#2229=EDGE_CURVE('',#2708,#2535,#242,.T.);
#2230=EDGE_CURVE('',#2707,#2708,#243,.T.);
#2231=EDGE_CURVE('',#2709,#2534,#244,.T.);
#2232=EDGE_CURVE('',#2708,#2709,#245,.T.);
#2233=EDGE_CURVE('',#2710,#2533,#246,.T.);
#2234=EDGE_CURVE('',#2710,#2709,#2925,.T.);
#2235=EDGE_CURVE('',#2711,#2532,#247,.T.);
#2236=EDGE_CURVE('',#2711,#2710,#2926,.T.);
#2237=EDGE_CURVE('',#2711,#2701,#2927,.T.);
#2238=EDGE_CURVE('',#2712,#2556,#248,.T.);
#2239=EDGE_CURVE('',#2713,#2712,#249,.T.);
#2240=EDGE_CURVE('',#2713,#2558,#250,.T.);
#2241=EDGE_CURVE('',#2714,#2557,#251,.T.);
#2242=EDGE_CURVE('',#2712,#2714,#2928,.T.);
#2243=EDGE_CURVE('',#2715,#2565,#252,.T.);
#2244=EDGE_CURVE('',#2714,#2715,#2929,.T.);
#2245=EDGE_CURVE('',#2716,#2564,#253,.T.);
#2246=EDGE_CURVE('',#2715,#2716,#254,.T.);
#2247=EDGE_CURVE('',#2717,#2563,#255,.T.);
#2248=EDGE_CURVE('',#2716,#2717,#256,.T.);
#2249=EDGE_CURVE('',#2718,#2562,#257,.T.);
#2250=EDGE_CURVE('',#2718,#2717,#2930,.T.);
#2251=EDGE_CURVE('',#2719,#2561,#258,.T.);
#2252=EDGE_CURVE('',#2718,#2719,#259,.T.);
#2253=EDGE_CURVE('',#2720,#2560,#260,.T.);
#2254=EDGE_CURVE('',#2719,#2720,#261,.T.);
#2255=EDGE_CURVE('',#2721,#2559,#262,.T.);
#2256=EDGE_CURVE('',#2721,#2720,#2931,.T.);
#2257=EDGE_CURVE('',#2721,#2713,#263,.T.);
#2258=EDGE_CURVE('',#2722,#2566,#264,.T.);
#2259=EDGE_CURVE('',#2723,#2722,#265,.T.);
#2260=EDGE_CURVE('',#2723,#2568,#266,.T.);
#2261=EDGE_CURVE('',#2724,#2567,#267,.T.);
#2262=EDGE_CURVE('',#2722,#2724,#268,.T.);
#2263=EDGE_CURVE('',#2725,#2576,#269,.T.);
#2264=EDGE_CURVE('',#2724,#2725,#270,.T.);
#2265=EDGE_CURVE('',#2726,#2575,#271,.T.);
#2266=EDGE_CURVE('',#2725,#2726,#272,.T.);
#2267=EDGE_CURVE('',#2727,#2574,#273,.T.);
#2268=EDGE_CURVE('',#2726,#2727,#274,.T.);
#2269=EDGE_CURVE('',#2728,#2573,#275,.T.);
#2270=EDGE_CURVE('',#2727,#2728,#276,.T.);
#2271=EDGE_CURVE('',#2729,#2572,#277,.T.);
#2272=EDGE_CURVE('',#2728,#2729,#278,.T.);
#2273=EDGE_CURVE('',#2730,#2571,#279,.T.);
#2274=EDGE_CURVE('',#2729,#2730,#280,.T.);
#2275=EDGE_CURVE('',#2731,#2570,#281,.T.);
#2276=EDGE_CURVE('',#2730,#2731,#282,.T.);
#2277=EDGE_CURVE('',#2732,#2569,#283,.T.);
#2278=EDGE_CURVE('',#2731,#2732,#284,.T.);
#2279=EDGE_CURVE('',#2733,#2734,#285,.T.);
#2280=EDGE_CURVE('',#2735,#2733,#286,.T.);
#2281=EDGE_CURVE('',#2735,#2736,#287,.T.);
#2282=EDGE_CURVE('',#2736,#2734,#288,.T.);
#2283=EDGE_CURVE('',#2737,#2733,#289,.T.);
#2284=EDGE_CURVE('',#2738,#2737,#290,.T.);
#2285=EDGE_CURVE('',#2738,#2735,#291,.T.);
#2286=EDGE_CURVE('',#2734,#2737,#292,.T.);
#2287=EDGE_CURVE('',#2736,#2738,#293,.T.);
#2288=EDGE_CURVE('',#2732,#2723,#294,.T.);
#2289=EDGE_CURVE('',#2739,#2516,#295,.T.);
#2290=EDGE_CURVE('',#2740,#2739,#296,.T.);
#2291=EDGE_CURVE('',#2740,#2518,#297,.T.);
#2292=EDGE_CURVE('',#2741,#2517,#298,.T.);
#2293=EDGE_CURVE('',#2739,#2741,#2932,.T.);
#2294=EDGE_CURVE('',#2742,#2528,#299,.T.);
#2295=EDGE_CURVE('',#2741,#2742,#300,.T.);
#2296=EDGE_CURVE('',#2743,#2527,#301,.T.);
#2297=EDGE_CURVE('',#2742,#2743,#2933,.T.);
#2298=EDGE_CURVE('',#2744,#2526,#302,.T.);
#2299=EDGE_CURVE('',#2743,#2744,#303,.T.);
#2300=EDGE_CURVE('',#2745,#2525,#304,.T.);
#2301=EDGE_CURVE('',#2744,#2745,#305,.T.);
#2302=EDGE_CURVE('',#2746,#2524,#306,.T.);
#2303=EDGE_CURVE('',#2745,#2746,#307,.T.);
#2304=EDGE_CURVE('',#2747,#2523,#308,.T.);
#2305=EDGE_CURVE('',#2746,#2747,#309,.T.);
#2306=EDGE_CURVE('',#2748,#2522,#310,.T.);
#2307=EDGE_CURVE('',#2747,#2748,#311,.T.);
#2308=EDGE_CURVE('',#2749,#2521,#312,.T.);
#2309=EDGE_CURVE('',#2748,#2749,#313,.T.);
#2310=EDGE_CURVE('',#2750,#2520,#314,.T.);
#2311=EDGE_CURVE('',#2750,#2749,#2934,.T.);
#2312=EDGE_CURVE('',#2751,#2519,#315,.T.);
#2313=EDGE_CURVE('',#2750,#2751,#316,.T.);
#2314=EDGE_CURVE('',#2740,#2751,#2935,.T.);
#2315=EDGE_CURVE('',#2752,#2752,#2936,.T.);
#2316=EDGE_CURVE('',#2753,#2581,#317,.T.);
#2317=EDGE_CURVE('',#2753,#2754,#2937,.T.);
#2318=EDGE_CURVE('',#2754,#2577,#318,.T.);
#2319=EDGE_CURVE('',#2755,#2578,#319,.T.);
#2320=EDGE_CURVE('',#2755,#2756,#2938,.T.);
#2321=EDGE_CURVE('',#2756,#2594,#320,.T.);
#2322=EDGE_CURVE('',#2757,#2593,#321,.T.);
#2323=EDGE_CURVE('',#2757,#2758,#2939,.T.);
#2324=EDGE_CURVE('',#2758,#2590,#322,.T.);
#2325=EDGE_CURVE('',#2759,#2589,#323,.T.);
#2326=EDGE_CURVE('',#2759,#2760,#2940,.T.);
#2327=EDGE_CURVE('',#2760,#2586,#324,.T.);
#2328=EDGE_CURVE('',#2761,#2585,#325,.T.);
#2329=EDGE_CURVE('',#2761,#2762,#2941,.T.);
#2330=EDGE_CURVE('',#2762,#2582,#326,.T.);
#2331=EDGE_CURVE('',#2763,#2626,#327,.T.);
#2332=EDGE_CURVE('',#2763,#2764,#328,.T.);
#2333=EDGE_CURVE('',#2764,#2627,#329,.T.);
#2334=EDGE_CURVE('',#2764,#2659,#330,.T.);
#2335=EDGE_CURVE('',#2660,#2763,#331,.T.);
#2336=EDGE_CURVE('',#2765,#2766,#332,.T.);
#2337=EDGE_CURVE('',#2765,#2767,#333,.T.);
#2338=EDGE_CURVE('',#2768,#2767,#334,.T.);
#2339=EDGE_CURVE('',#2766,#2768,#335,.T.);
#2340=EDGE_CURVE('',#2769,#2630,#336,.T.);
#2341=EDGE_CURVE('',#2769,#2770,#337,.T.);
#2342=EDGE_CURVE('',#2770,#2631,#338,.T.);
#2343=EDGE_CURVE('',#2770,#2657,#339,.T.);
#2344=EDGE_CURVE('',#2658,#2769,#340,.T.);
#2345=EDGE_CURVE('',#2771,#2772,#341,.T.);
#2346=EDGE_CURVE('',#2771,#2773,#342,.T.);
#2347=EDGE_CURVE('',#2774,#2773,#343,.T.);
#2348=EDGE_CURVE('',#2772,#2774,#344,.T.);
#2349=EDGE_CURVE('',#2775,#2638,#345,.T.);
#2350=EDGE_CURVE('',#2775,#2776,#346,.T.);
#2351=EDGE_CURVE('',#2776,#2639,#347,.T.);
#2352=EDGE_CURVE('',#2776,#2663,#348,.T.);
#2353=EDGE_CURVE('',#2664,#2775,#349,.T.);
#2354=EDGE_CURVE('',#2777,#2778,#350,.T.);
#2355=EDGE_CURVE('',#2777,#2779,#351,.T.);
#2356=EDGE_CURVE('',#2780,#2779,#352,.T.);
#2357=EDGE_CURVE('',#2778,#2780,#353,.T.);
#2358=EDGE_CURVE('',#2781,#2634,#354,.T.);
#2359=EDGE_CURVE('',#2781,#2782,#355,.T.);
#2360=EDGE_CURVE('',#2782,#2635,#356,.T.);
#2361=EDGE_CURVE('',#2782,#2655,#357,.T.);
#2362=EDGE_CURVE('',#2656,#2781,#358,.T.);
#2363=EDGE_CURVE('',#2783,#2784,#359,.T.);
#2364=EDGE_CURVE('',#2783,#2785,#360,.T.);
#2365=EDGE_CURVE('',#2786,#2785,#361,.T.);
#2366=EDGE_CURVE('',#2784,#2786,#362,.T.);
#2367=EDGE_CURVE('',#2650,#2787,#363,.T.);
#2368=EDGE_CURVE('',#2787,#2618,#364,.T.);
#2369=EDGE_CURVE('',#2787,#2788,#365,.T.);
#2370=EDGE_CURVE('',#2788,#2619,#366,.T.);
#2371=EDGE_CURVE('',#2788,#2649,#367,.T.);
#2372=EDGE_CURVE('',#2789,#2790,#368,.T.);
#2373=EDGE_CURVE('',#2789,#2791,#369,.T.);
#2374=EDGE_CURVE('',#2792,#2791,#370,.T.);
#2375=EDGE_CURVE('',#2790,#2792,#371,.T.);
#2376=EDGE_CURVE('',#2652,#2793,#372,.T.);
#2377=EDGE_CURVE('',#2793,#2614,#373,.T.);
#2378=EDGE_CURVE('',#2793,#2794,#374,.T.);
#2379=EDGE_CURVE('',#2794,#2615,#375,.T.);
#2380=EDGE_CURVE('',#2794,#2651,#376,.T.);
#2381=EDGE_CURVE('',#2795,#2796,#377,.T.);
#2382=EDGE_CURVE('',#2795,#2797,#378,.T.);
#2383=EDGE_CURVE('',#2798,#2797,#379,.T.);
#2384=EDGE_CURVE('',#2796,#2798,#380,.T.);
#2385=EDGE_CURVE('',#2654,#2799,#381,.T.);
#2386=EDGE_CURVE('',#2799,#2610,#382,.T.);
#2387=EDGE_CURVE('',#2799,#2800,#383,.T.);
#2388=EDGE_CURVE('',#2800,#2611,#384,.T.);
#2389=EDGE_CURVE('',#2800,#2653,#385,.T.);
#2390=EDGE_CURVE('',#2801,#2802,#386,.T.);
#2391=EDGE_CURVE('',#2801,#2803,#387,.T.);
#2392=EDGE_CURVE('',#2804,#2803,#388,.T.);
#2393=EDGE_CURVE('',#2802,#2804,#389,.T.);
#2394=EDGE_CURVE('',#2646,#2805,#390,.T.);
#2395=EDGE_CURVE('',#2805,#2606,#391,.T.);
#2396=EDGE_CURVE('',#2805,#2806,#392,.T.);
#2397=EDGE_CURVE('',#2806,#2607,#393,.T.);
#2398=EDGE_CURVE('',#2806,#2645,#394,.T.);
#2399=EDGE_CURVE('',#2807,#2808,#395,.T.);
#2400=EDGE_CURVE('',#2807,#2809,#396,.T.);
#2401=EDGE_CURVE('',#2810,#2809,#397,.T.);
#2402=EDGE_CURVE('',#2808,#2810,#398,.T.);
#2403=EDGE_CURVE('',#2789,#2811,#399,.T.);
#2404=EDGE_CURVE('',#2790,#2812,#400,.T.);
#2405=EDGE_CURVE('',#2811,#2812,#401,.T.);
#2406=EDGE_CURVE('',#2813,#2792,#402,.T.);
#2407=EDGE_CURVE('',#2814,#2791,#403,.T.);
#2408=EDGE_CURVE('',#2814,#2813,#404,.T.);
#2409=EDGE_CURVE('',#2811,#2814,#405,.T.);
#2410=EDGE_CURVE('',#2812,#2813,#406,.T.);
#2411=EDGE_CURVE('',#2795,#2815,#407,.T.);
#2412=EDGE_CURVE('',#2796,#2816,#408,.T.);
#2413=EDGE_CURVE('',#2815,#2816,#409,.T.);
#2414=EDGE_CURVE('',#2817,#2798,#410,.T.);
#2415=EDGE_CURVE('',#2818,#2797,#411,.T.);
#2416=EDGE_CURVE('',#2818,#2817,#412,.T.);
#2417=EDGE_CURVE('',#2815,#2818,#413,.T.);
#2418=EDGE_CURVE('',#2816,#2817,#414,.T.);
#2419=EDGE_CURVE('',#2801,#2819,#415,.T.);
#2420=EDGE_CURVE('',#2802,#2820,#416,.T.);
#2421=EDGE_CURVE('',#2819,#2820,#417,.T.);
#2422=EDGE_CURVE('',#2821,#2804,#418,.T.);
#2423=EDGE_CURVE('',#2822,#2803,#419,.T.);
#2424=EDGE_CURVE('',#2822,#2821,#420,.T.);
#2425=EDGE_CURVE('',#2819,#2822,#421,.T.);
#2426=EDGE_CURVE('',#2820,#2821,#422,.T.);
#2427=EDGE_CURVE('',#2807,#2823,#423,.T.);
#2428=EDGE_CURVE('',#2808,#2824,#424,.T.);
#2429=EDGE_CURVE('',#2823,#2824,#425,.T.);
#2430=EDGE_CURVE('',#2825,#2810,#426,.T.);
#2431=EDGE_CURVE('',#2826,#2809,#427,.T.);
#2432=EDGE_CURVE('',#2826,#2825,#428,.T.);
#2433=EDGE_CURVE('',#2823,#2826,#429,.T.);
#2434=EDGE_CURVE('',#2824,#2825,#430,.T.);
#2435=EDGE_CURVE('',#2765,#2827,#431,.T.);
#2436=EDGE_CURVE('',#2766,#2828,#432,.T.);
#2437=EDGE_CURVE('',#2827,#2828,#433,.T.);
#2438=EDGE_CURVE('',#2829,#2768,#434,.T.);
#2439=EDGE_CURVE('',#2830,#2767,#435,.T.);
#2440=EDGE_CURVE('',#2830,#2829,#436,.T.);
#2441=EDGE_CURVE('',#2827,#2830,#437,.T.);
#2442=EDGE_CURVE('',#2828,#2829,#438,.T.);
#2443=EDGE_CURVE('',#2771,#2831,#439,.T.);
#2444=EDGE_CURVE('',#2772,#2832,#440,.T.);
#2445=EDGE_CURVE('',#2831,#2832,#441,.T.);
#2446=EDGE_CURVE('',#2833,#2774,#442,.T.);
#2447=EDGE_CURVE('',#2834,#2773,#443,.T.);
#2448=EDGE_CURVE('',#2834,#2833,#444,.T.);
#2449=EDGE_CURVE('',#2831,#2834,#445,.T.);
#2450=EDGE_CURVE('',#2832,#2833,#446,.T.);
#2451=EDGE_CURVE('',#2777,#2835,#447,.T.);
#2452=EDGE_CURVE('',#2778,#2836,#448,.T.);
#2453=EDGE_CURVE('',#2835,#2836,#449,.T.);
#2454=EDGE_CURVE('',#2837,#2780,#450,.T.);
#2455=EDGE_CURVE('',#2838,#2779,#451,.T.);
#2456=EDGE_CURVE('',#2838,#2837,#452,.T.);
#2457=EDGE_CURVE('',#2835,#2838,#453,.T.);
#2458=EDGE_CURVE('',#2836,#2837,#454,.T.);
#2459=EDGE_CURVE('',#2783,#2839,#455,.T.);
#2460=EDGE_CURVE('',#2784,#2840,#456,.T.);
#2461=EDGE_CURVE('',#2839,#2840,#457,.T.);
#2462=EDGE_CURVE('',#2841,#2786,#458,.T.);
#2463=EDGE_CURVE('',#2842,#2785,#459,.T.);
#2464=EDGE_CURVE('',#2842,#2841,#460,.T.);
#2465=EDGE_CURVE('',#2839,#2842,#461,.T.);
#2466=EDGE_CURVE('',#2840,#2841,#462,.T.);
#2467=EDGE_CURVE('',#2843,#2762,#463,.T.);
#2468=EDGE_CURVE('',#2843,#2583,#464,.T.);
#2469=EDGE_CURVE('',#2844,#2584,#465,.T.);
#2470=EDGE_CURVE('',#2761,#2844,#466,.T.);
#2471=EDGE_CURVE('',#2844,#2843,#2942,.T.);
#2472=EDGE_CURVE('',#2845,#2760,#467,.T.);
#2473=EDGE_CURVE('',#2845,#2587,#468,.T.);
#2474=EDGE_CURVE('',#2846,#2588,#469,.T.);
#2475=EDGE_CURVE('',#2759,#2846,#470,.T.);
#2476=EDGE_CURVE('',#2846,#2845,#2943,.T.);
#2477=EDGE_CURVE('',#2847,#2758,#471,.T.);
#2478=EDGE_CURVE('',#2847,#2591,#472,.T.);
#2479=EDGE_CURVE('',#2848,#2847,#2944,.T.);
#2480=EDGE_CURVE('',#2848,#2592,#473,.T.);
#2481=EDGE_CURVE('',#2757,#2848,#474,.T.);
#2482=EDGE_CURVE('',#2849,#2756,#475,.T.);
#2483=EDGE_CURVE('',#2849,#2595,#476,.T.);
#2484=EDGE_CURVE('',#2850,#2849,#2945,.T.);
#2485=EDGE_CURVE('',#2850,#2596,#477,.T.);
#2486=EDGE_CURVE('',#2755,#2850,#478,.T.);
#2487=EDGE_CURVE('',#2851,#2754,#479,.T.);
#2488=EDGE_CURVE('',#2851,#2579,#480,.T.);
#2489=EDGE_CURVE('',#2852,#2851,#2946,.T.);
#2490=EDGE_CURVE('',#2852,#2580,#481,.T.);
#2491=EDGE_CURVE('',#2753,#2852,#482,.T.);
#2492=EDGE_CURVE('',#2853,#2853,#2947,.T.);
#2493=EDGE_CURVE('',#2854,#2855,#483,.T.);
#2494=EDGE_CURVE('',#2856,#2854,#484,.T.);
#2495=EDGE_CURVE('',#2856,#2857,#485,.T.);
#2496=EDGE_CURVE('',#2858,#2857,#486,.T.);
#2497=EDGE_CURVE('',#2859,#2858,#487,.T.);
#2498=EDGE_CURVE('',#2860,#2859,#488,.T.);
#2499=EDGE_CURVE('',#2855,#2860,#489,.T.);
#2500=EDGE_CURVE('',#2861,#2861,#2948,.T.);
#2501=EDGE_CURVE('',#2862,#2862,#2949,.T.);
#2502=EDGE_CURVE('',#2863,#2854,#490,.T.);
#2503=EDGE_CURVE('',#2864,#2863,#491,.T.);
#2504=EDGE_CURVE('',#2864,#2856,#492,.T.);
#2505=EDGE_CURVE('',#2865,#2855,#493,.T.);
#2506=EDGE_CURVE('',#2863,#2865,#494,.T.);
#2507=EDGE_CURVE('',#2866,#2860,#495,.T.);
#2508=EDGE_CURVE('',#2865,#2866,#496,.T.);
#2509=EDGE_CURVE('',#2867,#2859,#497,.T.);
#2510=EDGE_CURVE('',#2866,#2867,#498,.T.);
#2511=EDGE_CURVE('',#2868,#2858,#499,.T.);
#2512=EDGE_CURVE('',#2867,#2868,#500,.T.);
#2513=EDGE_CURVE('',#2869,#2857,#501,.T.);
#2514=EDGE_CURVE('',#2868,#2869,#502,.T.);
#2515=EDGE_CURVE('',#2869,#2864,#503,.T.);
#2516=VERTEX_POINT('',#6492);
#2517=VERTEX_POINT('',#6493);
#2518=VERTEX_POINT('',#6495);
#2519=VERTEX_POINT('',#6497);
#2520=VERTEX_POINT('',#6499);
#2521=VERTEX_POINT('',#6501);
#2522=VERTEX_POINT('',#6503);
#2523=VERTEX_POINT('',#6505);
#2524=VERTEX_POINT('',#6507);
#2525=VERTEX_POINT('',#6509);
#2526=VERTEX_POINT('',#6511);
#2527=VERTEX_POINT('',#6513);
#2528=VERTEX_POINT('',#6515);
#2529=VERTEX_POINT('',#6518);
#2530=VERTEX_POINT('',#6519);
#2531=VERTEX_POINT('',#6521);
#2532=VERTEX_POINT('',#6523);
#2533=VERTEX_POINT('',#6525);
#2534=VERTEX_POINT('',#6527);
#2535=VERTEX_POINT('',#6529);
#2536=VERTEX_POINT('',#6531);
#2537=VERTEX_POINT('',#6533);
#2538=VERTEX_POINT('',#6535);
#2539=VERTEX_POINT('',#6537);
#2540=VERTEX_POINT('',#6539);
#2541=VERTEX_POINT('',#6542);
#2542=VERTEX_POINT('',#6543);
#2543=VERTEX_POINT('',#6545);
#2544=VERTEX_POINT('',#6547);
#2545=VERTEX_POINT('',#6549);
#2546=VERTEX_POINT('',#6551);
#2547=VERTEX_POINT('',#6553);
#2548=VERTEX_POINT('',#6555);
#2549=VERTEX_POINT('',#6558);
#2550=VERTEX_POINT('',#6559);
#2551=VERTEX_POINT('',#6561);
#2552=VERTEX_POINT('',#6563);
#2553=VERTEX_POINT('',#6565);
#2554=VERTEX_POINT('',#6567);
#2555=VERTEX_POINT('',#6569);
#2556=VERTEX_POINT('',#6572);
#2557=VERTEX_POINT('',#6573);
#2558=VERTEX_POINT('',#6575);
#2559=VERTEX_POINT('',#6577);
#2560=VERTEX_POINT('',#6579);
#2561=VERTEX_POINT('',#6581);
#2562=VERTEX_POINT('',#6583);
#2563=VERTEX_POINT('',#6585);
#2564=VERTEX_POINT('',#6587);
#2565=VERTEX_POINT('',#6589);
#2566=VERTEX_POINT('',#6592);
#2567=VERTEX_POINT('',#6593);
#2568=VERTEX_POINT('',#6595);
#2569=VERTEX_POINT('',#6597);
#2570=VERTEX_POINT('',#6599);
#2571=VERTEX_POINT('',#6601);
#2572=VERTEX_POINT('',#6603);
#2573=VERTEX_POINT('',#6605);
#2574=VERTEX_POINT('',#6607);
#2575=VERTEX_POINT('',#6609);
#2576=VERTEX_POINT('',#6611);
#2577=VERTEX_POINT('',#6614);
#2578=VERTEX_POINT('',#6615);
#2579=VERTEX_POINT('',#6617);
#2580=VERTEX_POINT('',#6619);
#2581=VERTEX_POINT('',#6621);
#2582=VERTEX_POINT('',#6623);
#2583=VERTEX_POINT('',#6625);
#2584=VERTEX_POINT('',#6627);
#2585=VERTEX_POINT('',#6629);
#2586=VERTEX_POINT('',#6631);
#2587=VERTEX_POINT('',#6633);
#2588=VERTEX_POINT('',#6635);
#2589=VERTEX_POINT('',#6637);
#2590=VERTEX_POINT('',#6639);
#2591=VERTEX_POINT('',#6641);
#2592=VERTEX_POINT('',#6643);
#2593=VERTEX_POINT('',#6645);
#2594=VERTEX_POINT('',#6647);
#2595=VERTEX_POINT('',#6649);
#2596=VERTEX_POINT('',#6651);
#2597=VERTEX_POINT('',#6655);
#2598=VERTEX_POINT('',#6657);
#2599=VERTEX_POINT('',#6659);
#2600=VERTEX_POINT('',#6661);
#2601=VERTEX_POINT('',#6663);
#2602=VERTEX_POINT('',#6664);
#2603=VERTEX_POINT('',#6666);
#2604=VERTEX_POINT('',#6668);
#2605=VERTEX_POINT('',#6671);
#2606=VERTEX_POINT('',#6672);
#2607=VERTEX_POINT('',#6674);
#2608=VERTEX_POINT('',#6676);
#2609=VERTEX_POINT('',#6678);
#2610=VERTEX_POINT('',#6680);
#2611=VERTEX_POINT('',#6682);
#2612=VERTEX_POINT('',#6684);
#2613=VERTEX_POINT('',#6686);
#2614=VERTEX_POINT('',#6688);
#2615=VERTEX_POINT('',#6690);
#2616=VERTEX_POINT('',#6692);
#2617=VERTEX_POINT('',#6694);
#2618=VERTEX_POINT('',#6696);
#2619=VERTEX_POINT('',#6698);
#2620=VERTEX_POINT('',#6700);
#2621=VERTEX_POINT('',#6702);
#2622=VERTEX_POINT('',#6704);
#2623=VERTEX_POINT('',#6706);
#2624=VERTEX_POINT('',#6708);
#2625=VERTEX_POINT('',#6710);
#2626=VERTEX_POINT('',#6712);
#2627=VERTEX_POINT('',#6714);
#2628=VERTEX_POINT('',#6716);
#2629=VERTEX_POINT('',#6718);
#2630=VERTEX_POINT('',#6720);
#2631=VERTEX_POINT('',#6722);
#2632=VERTEX_POINT('',#6724);
#2633=VERTEX_POINT('',#6726);
#2634=VERTEX_POINT('',#6728);
#2635=VERTEX_POINT('',#6730);
#2636=VERTEX_POINT('',#6732);
#2637=VERTEX_POINT('',#6734);
#2638=VERTEX_POINT('',#6736);
#2639=VERTEX_POINT('',#6738);
#2640=VERTEX_POINT('',#6740);
#2641=VERTEX_POINT('',#6742);
#2642=VERTEX_POINT('',#6744);
#2643=VERTEX_POINT('',#6746);
#2644=VERTEX_POINT('',#6748);
#2645=VERTEX_POINT('',#6752);
#2646=VERTEX_POINT('',#6753);
#2647=VERTEX_POINT('',#6756);
#2648=VERTEX_POINT('',#6758);
#2649=VERTEX_POINT('',#6761);
#2650=VERTEX_POINT('',#6763);
#2651=VERTEX_POINT('',#6766);
#2652=VERTEX_POINT('',#6768);
#2653=VERTEX_POINT('',#6771);
#2654=VERTEX_POINT('',#6773);
#2655=VERTEX_POINT('',#6778);
#2656=VERTEX_POINT('',#6780);
#2657=VERTEX_POINT('',#6783);
#2658=VERTEX_POINT('',#6785);
#2659=VERTEX_POINT('',#6788);
#2660=VERTEX_POINT('',#6790);
#2661=VERTEX_POINT('',#6793);
#2662=VERTEX_POINT('',#6795);
#2663=VERTEX_POINT('',#6798);
#2664=VERTEX_POINT('',#6800);
#2665=VERTEX_POINT('',#6804);
#2666=VERTEX_POINT('',#6805);
#2667=VERTEX_POINT('',#6807);
#2668=VERTEX_POINT('',#6810);
#2669=VERTEX_POINT('',#6814);
#2670=VERTEX_POINT('',#6815);
#2671=VERTEX_POINT('',#6820);
#2672=VERTEX_POINT('',#6822);
#2673=VERTEX_POINT('',#6827);
#2674=VERTEX_POINT('',#6829);
#2675=VERTEX_POINT('',#6833);
#2676=VERTEX_POINT('',#6839);
#2677=VERTEX_POINT('',#6845);
#2678=VERTEX_POINT('',#6846);
#2679=VERTEX_POINT('',#6849);
#2680=VERTEX_POINT('',#6851);
#2681=VERTEX_POINT('',#6869);
#2682=VERTEX_POINT('',#6870);
#2683=VERTEX_POINT('',#6872);
#2684=VERTEX_POINT('',#6874);
#2685=VERTEX_POINT('',#6886);
#2686=VERTEX_POINT('',#6889);
#2687=VERTEX_POINT('',#6893);
#2688=VERTEX_POINT('',#6896);
#2689=VERTEX_POINT('',#6900);
#2690=VERTEX_POINT('',#6903);
#2691=VERTEX_POINT('',#6907);
#2692=VERTEX_POINT('',#6910);
#2693=VERTEX_POINT('',#6914);
#2694=VERTEX_POINT('',#6916);
#2695=VERTEX_POINT('',#6920);
#2696=VERTEX_POINT('',#6924);
#2697=VERTEX_POINT('',#6928);
#2698=VERTEX_POINT('',#6932);
#2699=VERTEX_POINT('',#6936);
#2700=VERTEX_POINT('',#6943);
#2701=VERTEX_POINT('',#6945);
#2702=VERTEX_POINT('',#6949);
#2703=VERTEX_POINT('',#6953);
#2704=VERTEX_POINT('',#6957);
#2705=VERTEX_POINT('',#6961);
#2706=VERTEX_POINT('',#6965);
#2707=VERTEX_POINT('',#6969);
#2708=VERTEX_POINT('',#6973);
#2709=VERTEX_POINT('',#6977);
#2710=VERTEX_POINT('',#6981);
#2711=VERTEX_POINT('',#6985);
#2712=VERTEX_POINT('',#6992);
#2713=VERTEX_POINT('',#6994);
#2714=VERTEX_POINT('',#6998);
#2715=VERTEX_POINT('',#7002);
#2716=VERTEX_POINT('',#7006);
#2717=VERTEX_POINT('',#7010);
#2718=VERTEX_POINT('',#7014);
#2719=VERTEX_POINT('',#7018);
#2720=VERTEX_POINT('',#7022);
#2721=VERTEX_POINT('',#7026);
#2722=VERTEX_POINT('',#7033);
#2723=VERTEX_POINT('',#7035);
#2724=VERTEX_POINT('',#7039);
#2725=VERTEX_POINT('',#7043);
#2726=VERTEX_POINT('',#7047);
#2727=VERTEX_POINT('',#7051);
#2728=VERTEX_POINT('',#7055);
#2729=VERTEX_POINT('',#7059);
#2730=VERTEX_POINT('',#7063);
#2731=VERTEX_POINT('',#7067);
#2732=VERTEX_POINT('',#7071);
#2733=VERTEX_POINT('',#7075);
#2734=VERTEX_POINT('',#7076);
#2735=VERTEX_POINT('',#7078);
#2736=VERTEX_POINT('',#7080);
#2737=VERTEX_POINT('',#7084);
#2738=VERTEX_POINT('',#7086);
#2739=VERTEX_POINT('',#7097);
#2740=VERTEX_POINT('',#7099);
#2741=VERTEX_POINT('',#7103);
#2742=VERTEX_POINT('',#7107);
#2743=VERTEX_POINT('',#7111);
#2744=VERTEX_POINT('',#7115);
#2745=VERTEX_POINT('',#7119);
#2746=VERTEX_POINT('',#7123);
#2747=VERTEX_POINT('',#7127);
#2748=VERTEX_POINT('',#7131);
#2749=VERTEX_POINT('',#7135);
#2750=VERTEX_POINT('',#7139);
#2751=VERTEX_POINT('',#7143);
#2752=VERTEX_POINT('',#7150);
#2753=VERTEX_POINT('',#7152);
#2754=VERTEX_POINT('',#7154);
#2755=VERTEX_POINT('',#7157);
#2756=VERTEX_POINT('',#7159);
#2757=VERTEX_POINT('',#7162);
#2758=VERTEX_POINT('',#7164);
#2759=VERTEX_POINT('',#7167);
#2760=VERTEX_POINT('',#7169);
#2761=VERTEX_POINT('',#7172);
#2762=VERTEX_POINT('',#7174);
#2763=VERTEX_POINT('',#7179);
#2764=VERTEX_POINT('',#7181);
#2765=VERTEX_POINT('',#7189);
#2766=VERTEX_POINT('',#7190);
#2767=VERTEX_POINT('',#7192);
#2768=VERTEX_POINT('',#7194);
#2769=VERTEX_POINT('',#7198);
#2770=VERTEX_POINT('',#7200);
#2771=VERTEX_POINT('',#7208);
#2772=VERTEX_POINT('',#7209);
#2773=VERTEX_POINT('',#7211);
#2774=VERTEX_POINT('',#7213);
#2775=VERTEX_POINT('',#7217);
#2776=VERTEX_POINT('',#7219);
#2777=VERTEX_POINT('',#7227);
#2778=VERTEX_POINT('',#7228);
#2779=VERTEX_POINT('',#7230);
#2780=VERTEX_POINT('',#7232);
#2781=VERTEX_POINT('',#7236);
#2782=VERTEX_POINT('',#7238);
#2783=VERTEX_POINT('',#7246);
#2784=VERTEX_POINT('',#7247);
#2785=VERTEX_POINT('',#7249);
#2786=VERTEX_POINT('',#7251);
#2787=VERTEX_POINT('',#7255);
#2788=VERTEX_POINT('',#7259);
#2789=VERTEX_POINT('',#7265);
#2790=VERTEX_POINT('',#7266);
#2791=VERTEX_POINT('',#7268);
#2792=VERTEX_POINT('',#7270);
#2793=VERTEX_POINT('',#7274);
#2794=VERTEX_POINT('',#7278);
#2795=VERTEX_POINT('',#7284);
#2796=VERTEX_POINT('',#7285);
#2797=VERTEX_POINT('',#7287);
#2798=VERTEX_POINT('',#7289);
#2799=VERTEX_POINT('',#7293);
#2800=VERTEX_POINT('',#7297);
#2801=VERTEX_POINT('',#7303);
#2802=VERTEX_POINT('',#7304);
#2803=VERTEX_POINT('',#7306);
#2804=VERTEX_POINT('',#7308);
#2805=VERTEX_POINT('',#7312);
#2806=VERTEX_POINT('',#7316);
#2807=VERTEX_POINT('',#7322);
#2808=VERTEX_POINT('',#7323);
#2809=VERTEX_POINT('',#7325);
#2810=VERTEX_POINT('',#7327);
#2811=VERTEX_POINT('',#7331);
#2812=VERTEX_POINT('',#7333);
#2813=VERTEX_POINT('',#7337);
#2814=VERTEX_POINT('',#7339);
#2815=VERTEX_POINT('',#7348);
#2816=VERTEX_POINT('',#7350);
#2817=VERTEX_POINT('',#7354);
#2818=VERTEX_POINT('',#7356);
#2819=VERTEX_POINT('',#7365);
#2820=VERTEX_POINT('',#7367);
#2821=VERTEX_POINT('',#7371);
#2822=VERTEX_POINT('',#7373);
#2823=VERTEX_POINT('',#7382);
#2824=VERTEX_POINT('',#7384);
#2825=VERTEX_POINT('',#7388);
#2826=VERTEX_POINT('',#7390);
#2827=VERTEX_POINT('',#7399);
#2828=VERTEX_POINT('',#7401);
#2829=VERTEX_POINT('',#7405);
#2830=VERTEX_POINT('',#7407);
#2831=VERTEX_POINT('',#7416);
#2832=VERTEX_POINT('',#7418);
#2833=VERTEX_POINT('',#7422);
#2834=VERTEX_POINT('',#7424);
#2835=VERTEX_POINT('',#7433);
#2836=VERTEX_POINT('',#7435);
#2837=VERTEX_POINT('',#7439);
#2838=VERTEX_POINT('',#7441);
#2839=VERTEX_POINT('',#7450);
#2840=VERTEX_POINT('',#7452);
#2841=VERTEX_POINT('',#7456);
#2842=VERTEX_POINT('',#7458);
#2843=VERTEX_POINT('',#7467);
#2844=VERTEX_POINT('',#7471);
#2845=VERTEX_POINT('',#7478);
#2846=VERTEX_POINT('',#7482);
#2847=VERTEX_POINT('',#7489);
#2848=VERTEX_POINT('',#7493);
#2849=VERTEX_POINT('',#7500);
#2850=VERTEX_POINT('',#7504);
#2851=VERTEX_POINT('',#7511);
#2852=VERTEX_POINT('',#7515);
#2853=VERTEX_POINT('',#7523);
#2854=VERTEX_POINT('',#7525);
#2855=VERTEX_POINT('',#7526);
#2856=VERTEX_POINT('',#7528);
#2857=VERTEX_POINT('',#7530);
#2858=VERTEX_POINT('',#7532);
#2859=VERTEX_POINT('',#7534);
#2860=VERTEX_POINT('',#7536);
#2861=VERTEX_POINT('',#7540);
#2862=VERTEX_POINT('',#7543);
#2863=VERTEX_POINT('',#7547);
#2864=VERTEX_POINT('',#7549);
#2865=VERTEX_POINT('',#7553);
#2866=VERTEX_POINT('',#7557);
#2867=VERTEX_POINT('',#7561);
#2868=VERTEX_POINT('',#7565);
#2869=VERTEX_POINT('',#7569);
#2870=CIRCLE('',#5181,0.3);
#2871=CIRCLE('',#5182,0.15);
#2872=CIRCLE('',#5183,0.15);
#2873=CIRCLE('',#5184,0.300000000000001);
#2874=CIRCLE('',#5185,0.373);
#2875=CIRCLE('',#5186,0.188999999999999);
#2876=CIRCLE('',#5187,0.15);
#2877=CIRCLE('',#5188,0.3);
#2878=CIRCLE('',#5189,0.339);
#2879=CIRCLE('',#5190,0.223000000000001);
#2880=CIRCLE('',#5191,0.5);
#2881=CIRCLE('',#5192,0.5);
#2882=CIRCLE('',#5193,0.5);
#2883=CIRCLE('',#5194,0.3);
#2884=CIRCLE('',#5195,0.112);
#2885=CIRCLE('',#5196,0.125);
#2886=CIRCLE('',#5197,0.275);
#2887=CIRCLE('',#5198,2.);
#2888=CIRCLE('',#5199,0.1);
#2889=CIRCLE('',#5200,2.);
#2890=CIRCLE('',#5201,0.0999999999999999);
#2891=CIRCLE('',#5202,2.);
#2892=CIRCLE('',#5203,0.0999999999999999);
#2893=CIRCLE('',#5204,2.);
#2894=CIRCLE('',#5205,0.1);
#2895=CIRCLE('',#5206,2.);
#2896=CIRCLE('',#5207,0.1);
#2897=CIRCLE('',#5209,0.4);
#2898=CIRCLE('',#5210,0.4);
#2899=CIRCLE('',#5211,0.4);
#2900=CIRCLE('',#5212,0.4);
#2901=CIRCLE('',#5213,0.399999999999999);
#2902=CIRCLE('',#5214,0.4);
#2903=CIRCLE('',#5215,0.4);
#2904=CIRCLE('',#5216,0.399999999999999);
#2905=CIRCLE('',#5221,0.5);
#2906=CIRCLE('',#5222,0.5);
#2907=CIRCLE('',#5225,0.5);
#2908=CIRCLE('',#5228,0.5);
#2909=CIRCLE('',#5230,0.5);
#2910=CIRCLE('',#5233,0.399999999999999);
#2911=CIRCLE('',#5234,0.399999999999999);
#2912=CIRCLE('',#5235,0.4);
#2913=CIRCLE('',#5236,0.4);
#2914=CIRCLE('',#5251,0.4);
#2915=CIRCLE('',#5253,0.3);
#2916=CIRCLE('',#5256,0.4);
#2917=CIRCLE('',#5258,0.3);
#2918=CIRCLE('',#5261,0.4);
#2919=CIRCLE('',#5263,0.3);
#2920=CIRCLE('',#5266,0.4);
#2921=CIRCLE('',#5268,0.3);
#2922=CIRCLE('',#5283,0.223000000000001);
#2923=CIRCLE('',#5285,0.339);
#2924=CIRCLE('',#5287,0.3);
#2925=CIRCLE('',#5291,0.15);
#2926=CIRCLE('',#5293,0.188999999999999);
#2927=CIRCLE('',#5295,0.373);
#2928=CIRCLE('',#5299,0.3);
#2929=CIRCLE('',#5301,0.275);
#2930=CIRCLE('',#5305,0.125);
#2931=CIRCLE('',#5309,0.112);
#2932=CIRCLE('',#5330,0.3);
#2933=CIRCLE('',#5333,0.300000000000001);
#2934=CIRCLE('',#5341,0.15);
#2935=CIRCLE('',#5344,0.15);
#2936=CIRCLE('',#5347,2.);
#2937=CIRCLE('',#5348,1.99999999999971);
#2938=CIRCLE('',#5349,1.99999999999988);
#2939=CIRCLE('',#5350,2.00000000000016);
#2940=CIRCLE('',#5351,1.99999999999997);
#2941=CIRCLE('',#5352,1.99999999999974);
#2942=CIRCLE('',#5429,0.0999999999999999);
#2943=CIRCLE('',#5434,0.0999999999999999);
#2944=CIRCLE('',#5438,0.1);
#2945=CIRCLE('',#5443,0.1);
#2946=CIRCLE('',#5448,0.1);
#2947=CIRCLE('',#5453,1.9);
#2948=CIRCLE('',#5455,2.);
#2949=CIRCLE('',#5457,2.);
#2950=EDGE_LOOP('',(#947,#948,#949,#950,#951,#952,#953,#954,#955,#956,#957,
#958,#959));
#2951=EDGE_LOOP('',(#960,#961,#962,#963,#964,#965,#966,#967,#968,#969,#970,
#971));
#2952=EDGE_LOOP('',(#972,#973,#974,#975,#976,#977,#978,#979));
#2953=EDGE_LOOP('',(#980,#981,#982,#983,#984,#985,#986));
#2954=EDGE_LOOP('',(#987,#988,#989,#990,#991,#992,#993,#994,#995,#996));
#2955=EDGE_LOOP('',(#997,#998,#999,#1000,#1001,#1002,#1003,#1004,#1005,
#1006,#1007));
#2956=EDGE_LOOP('',(#1008,#1009,#1010,#1011,#1012,#1013,#1014,#1015,#1016,
#1017,#1018,#1019,#1020,#1021,#1022,#1023,#1024,#1025,#1026,#1027));
#2957=EDGE_LOOP('',(#1028));
#2958=EDGE_LOOP('',(#1029));
#2959=EDGE_LOOP('',(#1030));
#2960=EDGE_LOOP('',(#1031));
#2961=EDGE_LOOP('',(#1032,#1033,#1034,#1035));
#2962=EDGE_LOOP('',(#1036,#1037,#1038,#1039,#1040,#1041,#1042,#1043,#1044,
#1045,#1046,#1047,#1048,#1049,#1050,#1051,#1052,#1053,#1054,#1055,#1056,
#1057,#1058,#1059,#1060,#1061,#1062,#1063,#1064,#1065,#1066,#1067,#1068,
#1069,#1070,#1071,#1072,#1073,#1074,#1075));
#2963=EDGE_LOOP('',(#1076,#1077,#1078,#1079,#1080,#1081,#1082,#1083,#1084,
#1085,#1086,#1087,#1088,#1089,#1090,#1091,#1092,#1093,#1094,#1095));
#2964=EDGE_LOOP('',(#1096,#1097,#1098,#1099,#1100,#1101,#1102,#1103,#1104,
#1105,#1106,#1107,#1108,#1109,#1110,#1111,#1112,#1113,#1114,#1115));
#2965=EDGE_LOOP('',(#1116,#1117,#1118,#1119,#1120,#1121));
#2966=EDGE_LOOP('',(#1122,#1123,#1124,#1125));
#2967=EDGE_LOOP('',(#1126,#1127,#1128,#1129,#1130,#1131));
#2968=EDGE_LOOP('',(#1132,#1133,#1134,#1135));
#2969=EDGE_LOOP('',(#1136,#1137,#1138,#1139));
#2970=EDGE_LOOP('',(#1140,#1141,#1142,#1143));
#2971=EDGE_LOOP('',(#1144,#1145,#1146,#1147));
#2972=EDGE_LOOP('',(#1148,#1149,#1150,#1151));
#2973=EDGE_LOOP('',(#1152,#1153,#1154,#1155,#1156,#1157,#1158,#1159));
#2974=EDGE_LOOP('',(#1160,#1161,#1162,#1163,#1164,#1165,#1166,#1167));
#2975=EDGE_LOOP('',(#1168,#1169,#1170,#1171));
#2976=EDGE_LOOP('',(#1172,#1173,#1174,#1175));
#2977=EDGE_LOOP('',(#1176,#1177,#1178,#1179));
#2978=EDGE_LOOP('',(#1180,#1181,#1182,#1183));
#2979=EDGE_LOOP('',(#1184,#1185,#1186,#1187));
#2980=EDGE_LOOP('',(#1188,#1189,#1190,#1191));
#2981=EDGE_LOOP('',(#1192,#1193,#1194,#1195));
#2982=EDGE_LOOP('',(#1196,#1197,#1198,#1199));
#2983=EDGE_LOOP('',(#1200,#1201,#1202,#1203));
#2984=EDGE_LOOP('',(#1204,#1205,#1206,#1207));
#2985=EDGE_LOOP('',(#1208,#1209,#1210,#1211));
#2986=EDGE_LOOP('',(#1212,#1213,#1214,#1215));
#2987=EDGE_LOOP('',(#1216,#1217,#1218,#1219));
#2988=EDGE_LOOP('',(#1220));
#2989=EDGE_LOOP('',(#1221));
#2990=EDGE_LOOP('',(#1222));
#2991=EDGE_LOOP('',(#1223));
#2992=EDGE_LOOP('',(#1224));
#2993=EDGE_LOOP('',(#1225));
#2994=EDGE_LOOP('',(#1226));
#2995=EDGE_LOOP('',(#1227));
#2996=EDGE_LOOP('',(#1228));
#2997=EDGE_LOOP('',(#1229));
#2998=EDGE_LOOP('',(#1230));
#2999=EDGE_LOOP('',(#1231));
#3000=EDGE_LOOP('',(#1232));
#3001=EDGE_LOOP('',(#1233));
#3002=EDGE_LOOP('',(#1234));
#3003=EDGE_LOOP('',(#1235));
#3004=EDGE_LOOP('',(#1236));
#3005=EDGE_LOOP('',(#1237));
#3006=EDGE_LOOP('',(#1238));
#3007=EDGE_LOOP('',(#1239));
#3008=EDGE_LOOP('',(#1240,#1241,#1242,#1243));
#3009=EDGE_LOOP('',(#1244,#1245,#1246,#1247));
#3010=EDGE_LOOP('',(#1248,#1249,#1250,#1251));
#3011=EDGE_LOOP('',(#1252,#1253,#1254,#1255));
#3012=EDGE_LOOP('',(#1256,#1257,#1258,#1259));
#3013=EDGE_LOOP('',(#1260,#1261,#1262,#1263));
#3014=EDGE_LOOP('',(#1264,#1265,#1266,#1267));
#3015=EDGE_LOOP('',(#1268,#1269,#1270,#1271,#1272,#1273,#1274));
#3016=EDGE_LOOP('',(#1275,#1276,#1277,#1278));
#3017=EDGE_LOOP('',(#1279,#1280,#1281,#1282));
#3018=EDGE_LOOP('',(#1283,#1284,#1285,#1286));
#3019=EDGE_LOOP('',(#1287,#1288,#1289,#1290));
#3020=EDGE_LOOP('',(#1291,#1292,#1293,#1294));
#3021=EDGE_LOOP('',(#1295,#1296,#1297,#1298));
#3022=EDGE_LOOP('',(#1299,#1300,#1301,#1302));
#3023=EDGE_LOOP('',(#1303,#1304,#1305,#1306));
#3024=EDGE_LOOP('',(#1307,#1308,#1309,#1310));
#3025=EDGE_LOOP('',(#1311,#1312,#1313,#1314));
#3026=EDGE_LOOP('',(#1315,#1316,#1317,#1318));
#3027=EDGE_LOOP('',(#1319,#1320,#1321,#1322));
#3028=EDGE_LOOP('',(#1323,#1324,#1325,#1326,#1327,#1328,#1329,#1330,#1331,
#1332,#1333,#1334));
#3029=EDGE_LOOP('',(#1335,#1336,#1337,#1338));
#3030=EDGE_LOOP('',(#1339,#1340,#1341,#1342));
#3031=EDGE_LOOP('',(#1343,#1344,#1345,#1346));
#3032=EDGE_LOOP('',(#1347,#1348,#1349,#1350));
#3033=EDGE_LOOP('',(#1351,#1352,#1353,#1354));
#3034=EDGE_LOOP('',(#1355,#1356,#1357,#1358));
#3035=EDGE_LOOP('',(#1359,#1360,#1361,#1362));
#3036=EDGE_LOOP('',(#1363,#1364,#1365,#1366));
#3037=EDGE_LOOP('',(#1367,#1368,#1369,#1370));
#3038=EDGE_LOOP('',(#1371,#1372,#1373,#1374));
#3039=EDGE_LOOP('',(#1375,#1376,#1377,#1378,#1379,#1380,#1381,#1382,#1383,
#1384));
#3040=EDGE_LOOP('',(#1385,#1386,#1387,#1388));
#3041=EDGE_LOOP('',(#1389,#1390,#1391,#1392));
#3042=EDGE_LOOP('',(#1393,#1394,#1395,#1396));
#3043=EDGE_LOOP('',(#1397,#1398,#1399,#1400));
#3044=EDGE_LOOP('',(#1401,#1402,#1403,#1404));
#3045=EDGE_LOOP('',(#1405,#1406,#1407,#1408));
#3046=EDGE_LOOP('',(#1409,#1410,#1411,#1412));
#3047=EDGE_LOOP('',(#1413,#1414,#1415,#1416));
#3048=EDGE_LOOP('',(#1417,#1418,#1419,#1420));
#3049=EDGE_LOOP('',(#1421,#1422,#1423,#1424));
#3050=EDGE_LOOP('',(#1425,#1426,#1427,#1428));
#3051=EDGE_LOOP('',(#1429,#1430,#1431,#1432));
#3052=EDGE_LOOP('',(#1433,#1434,#1435,#1436));
#3053=EDGE_LOOP('',(#1437,#1438,#1439,#1440));
#3054=EDGE_LOOP('',(#1441,#1442,#1443));
#3055=EDGE_LOOP('',(#1444,#1445,#1446,#1447,#1448,#1449,#1450,#1451,#1452,
#1453,#1454));
#3056=EDGE_LOOP('',(#1455,#1456,#1457));
#3057=EDGE_LOOP('',(#1458,#1459,#1460,#1461));
#3058=EDGE_LOOP('',(#1462,#1463,#1464,#1465));
#3059=EDGE_LOOP('',(#1466,#1467,#1468,#1469));
#3060=EDGE_LOOP('',(#1470,#1471,#1472,#1473));
#3061=EDGE_LOOP('',(#1474,#1475,#1476,#1477));
#3062=EDGE_LOOP('',(#1478,#1479,#1480,#1481));
#3063=EDGE_LOOP('',(#1482,#1483,#1484,#1485));
#3064=EDGE_LOOP('',(#1486,#1487,#1488,#1489));
#3065=EDGE_LOOP('',(#1490,#1491,#1492,#1493));
#3066=EDGE_LOOP('',(#1494,#1495,#1496,#1497));
#3067=EDGE_LOOP('',(#1498,#1499,#1500,#1501));
#3068=EDGE_LOOP('',(#1502,#1503,#1504,#1505));
#3069=EDGE_LOOP('',(#1506,#1507,#1508,#1509));
#3070=EDGE_LOOP('',(#1510,#1511,#1512,#1513,#1514,#1515,#1516,#1517,#1518,
#1519,#1520,#1521,#1522));
#3071=EDGE_LOOP('',(#1523));
#3072=EDGE_LOOP('',(#1524,#1525,#1526,#1527,#1528,#1529,#1530,#1531,#1532,
#1533,#1534,#1535,#1536,#1537,#1538,#1539,#1540,#1541,#1542,#1543));
#3073=EDGE_LOOP('',(#1544));
#3074=EDGE_LOOP('',(#1545,#1546,#1547,#1548));
#3075=EDGE_LOOP('',(#1549,#1550,#1551,#1552));
#3076=EDGE_LOOP('',(#1553,#1554,#1555,#1556));
#3077=EDGE_LOOP('',(#1557,#1558,#1559,#1560));
#3078=EDGE_LOOP('',(#1561,#1562,#1563,#1564));
#3079=EDGE_LOOP('',(#1565,#1566,#1567,#1568));
#3080=EDGE_LOOP('',(#1569,#1570,#1571,#1572));
#3081=EDGE_LOOP('',(#1573,#1574,#1575,#1576));
#3082=EDGE_LOOP('',(#1577,#1578,#1579,#1580));
#3083=EDGE_LOOP('',(#1581,#1582,#1583,#1584));
#3084=EDGE_LOOP('',(#1585,#1586,#1587,#1588));
#3085=EDGE_LOOP('',(#1589,#1590,#1591,#1592));
#3086=EDGE_LOOP('',(#1593,#1594,#1595,#1596));
#3087=EDGE_LOOP('',(#1597,#1598,#1599,#1600));
#3088=EDGE_LOOP('',(#1601,#1602,#1603,#1604));
#3089=EDGE_LOOP('',(#1605,#1606,#1607,#1608));
#3090=EDGE_LOOP('',(#1609,#1610,#1611,#1612));
#3091=EDGE_LOOP('',(#1613,#1614,#1615,#1616));
#3092=EDGE_LOOP('',(#1617,#1618,#1619,#1620));
#3093=EDGE_LOOP('',(#1621,#1622,#1623,#1624));
#3094=EDGE_LOOP('',(#1625,#1626,#1627,#1628));
#3095=EDGE_LOOP('',(#1629,#1630,#1631,#1632));
#3096=EDGE_LOOP('',(#1633,#1634,#1635,#1636));
#3097=EDGE_LOOP('',(#1637,#1638,#1639,#1640));
#3098=EDGE_LOOP('',(#1641,#1642,#1643,#1644));
#3099=EDGE_LOOP('',(#1645,#1646,#1647,#1648));
#3100=EDGE_LOOP('',(#1649,#1650,#1651,#1652));
#3101=EDGE_LOOP('',(#1653,#1654,#1655,#1656));
#3102=EDGE_LOOP('',(#1657,#1658,#1659,#1660));
#3103=EDGE_LOOP('',(#1661,#1662,#1663,#1664));
#3104=EDGE_LOOP('',(#1665,#1666,#1667,#1668));
#3105=EDGE_LOOP('',(#1669,#1670,#1671,#1672));
#3106=EDGE_LOOP('',(#1673,#1674,#1675,#1676));
#3107=EDGE_LOOP('',(#1677,#1678,#1679,#1680));
#3108=EDGE_LOOP('',(#1681,#1682,#1683,#1684));
#3109=EDGE_LOOP('',(#1685,#1686,#1687,#1688));
#3110=EDGE_LOOP('',(#1689,#1690,#1691,#1692));
#3111=EDGE_LOOP('',(#1693,#1694,#1695,#1696));
#3112=EDGE_LOOP('',(#1697,#1698,#1699,#1700));
#3113=EDGE_LOOP('',(#1701,#1702,#1703,#1704));
#3114=EDGE_LOOP('',(#1705,#1706,#1707,#1708));
#3115=EDGE_LOOP('',(#1709,#1710,#1711,#1712));
#3116=EDGE_LOOP('',(#1713,#1714,#1715,#1716));
#3117=EDGE_LOOP('',(#1717,#1718,#1719,#1720));
#3118=EDGE_LOOP('',(#1721,#1722,#1723,#1724));
#3119=EDGE_LOOP('',(#1725,#1726,#1727,#1728));
#3120=EDGE_LOOP('',(#1729,#1730,#1731,#1732));
#3121=EDGE_LOOP('',(#1733,#1734,#1735,#1736));
#3122=EDGE_LOOP('',(#1737,#1738,#1739,#1740));
#3123=EDGE_LOOP('',(#1741,#1742,#1743,#1744));
#3124=EDGE_LOOP('',(#1745,#1746,#1747,#1748));
#3125=EDGE_LOOP('',(#1749,#1750,#1751,#1752));
#3126=EDGE_LOOP('',(#1753,#1754,#1755,#1756));
#3127=EDGE_LOOP('',(#1757,#1758,#1759,#1760));
#3128=EDGE_LOOP('',(#1761,#1762,#1763,#1764));
#3129=EDGE_LOOP('',(#1765,#1766,#1767,#1768));
#3130=EDGE_LOOP('',(#1769,#1770,#1771,#1772));
#3131=EDGE_LOOP('',(#1773,#1774,#1775,#1776));
#3132=EDGE_LOOP('',(#1777,#1778,#1779,#1780));
#3133=EDGE_LOOP('',(#1781,#1782,#1783,#1784));
#3134=EDGE_LOOP('',(#1785,#1786,#1787,#1788));
#3135=EDGE_LOOP('',(#1789,#1790,#1791,#1792));
#3136=EDGE_LOOP('',(#1793,#1794,#1795,#1796));
#3137=EDGE_LOOP('',(#1797,#1798,#1799,#1800));
#3138=EDGE_LOOP('',(#1801,#1802,#1803,#1804));
#3139=EDGE_LOOP('',(#1805,#1806,#1807,#1808));
#3140=EDGE_LOOP('',(#1809,#1810,#1811,#1812));
#3141=EDGE_LOOP('',(#1813,#1814,#1815,#1816));
#3142=EDGE_LOOP('',(#1817,#1818,#1819,#1820));
#3143=EDGE_LOOP('',(#1821,#1822,#1823,#1824));
#3144=EDGE_LOOP('',(#1825,#1826,#1827,#1828));
#3145=EDGE_LOOP('',(#1829,#1830,#1831,#1832));
#3146=EDGE_LOOP('',(#1833,#1834,#1835,#1836));
#3147=EDGE_LOOP('',(#1837,#1838,#1839,#1840));
#3148=EDGE_LOOP('',(#1841,#1842,#1843,#1844));
#3149=EDGE_LOOP('',(#1845,#1846,#1847,#1848));
#3150=EDGE_LOOP('',(#1849,#1850,#1851,#1852));
#3151=EDGE_LOOP('',(#1853,#1854,#1855,#1856));
#3152=EDGE_LOOP('',(#1857,#1858,#1859,#1860));
#3153=EDGE_LOOP('',(#1861,#1862,#1863,#1864));
#3154=EDGE_LOOP('',(#1865,#1866,#1867,#1868));
#3155=EDGE_LOOP('',(#1869,#1870,#1871,#1872));
#3156=EDGE_LOOP('',(#1873,#1874,#1875,#1876));
#3157=EDGE_LOOP('',(#1877,#1878,#1879,#1880));
#3158=EDGE_LOOP('',(#1881,#1882,#1883,#1884));
#3159=EDGE_LOOP('',(#1885,#1886,#1887,#1888));
#3160=EDGE_LOOP('',(#1889,#1890,#1891,#1892));
#3161=EDGE_LOOP('',(#1893,#1894,#1895,#1896));
#3162=EDGE_LOOP('',(#1897,#1898,#1899,#1900));
#3163=EDGE_LOOP('',(#1901,#1902,#1903,#1904));
#3164=EDGE_LOOP('',(#1905,#1906,#1907,#1908));
#3165=EDGE_LOOP('',(#1909,#1910,#1911,#1912));
#3166=EDGE_LOOP('',(#1913,#1914,#1915,#1916));
#3167=EDGE_LOOP('',(#1917,#1918,#1919,#1920));
#3168=EDGE_LOOP('',(#1921,#1922,#1923,#1924));
#3169=EDGE_LOOP('',(#1925,#1926,#1927,#1928));
#3170=EDGE_LOOP('',(#1929,#1930,#1931,#1932));
#3171=EDGE_LOOP('',(#1933,#1934,#1935,#1936));
#3172=EDGE_LOOP('',(#1937,#1938,#1939,#1940));
#3173=EDGE_LOOP('',(#1941,#1942,#1943,#1944));
#3174=EDGE_LOOP('',(#1945));
#3175=EDGE_LOOP('',(#1946,#1947,#1948,#1949,#1950,#1951,#1952));
#3176=EDGE_LOOP('',(#1953));
#3177=EDGE_LOOP('',(#1954));
#3178=EDGE_LOOP('',(#1955));
#3179=EDGE_LOOP('',(#1956));
#3180=EDGE_LOOP('',(#1957));
#3181=EDGE_LOOP('',(#1958,#1959,#1960,#1961));
#3182=EDGE_LOOP('',(#1962,#1963,#1964,#1965));
#3183=EDGE_LOOP('',(#1966,#1967,#1968,#1969));
#3184=EDGE_LOOP('',(#1970,#1971,#1972,#1973));
#3185=EDGE_LOOP('',(#1974,#1975,#1976,#1977));
#3186=EDGE_LOOP('',(#1978,#1979,#1980,#1981));
#3187=EDGE_LOOP('',(#1982,#1983,#1984,#1985));
#3188=EDGE_LOOP('',(#1986,#1987,#1988,#1989,#1990,#1991,#1992));
#3189=FACE_BOUND('',#2950,.T.);
#3190=FACE_BOUND('',#2951,.T.);
#3191=FACE_BOUND('',#2952,.T.);
#3192=FACE_BOUND('',#2953,.T.);
#3193=FACE_BOUND('',#2954,.T.);
#3194=FACE_BOUND('',#2955,.T.);
#3195=FACE_BOUND('',#2956,.T.);
#3196=FACE_BOUND('',#2957,.T.);
#3197=FACE_BOUND('',#2958,.T.);
#3198=FACE_BOUND('',#2959,.T.);
#3199=FACE_BOUND('',#2960,.T.);
#3200=FACE_BOUND('',#2961,.T.);
#3201=FACE_BOUND('',#2962,.T.);
#3202=FACE_BOUND('',#2963,.T.);
#3203=FACE_BOUND('',#2964,.T.);
#3204=FACE_BOUND('',#2965,.T.);
#3205=FACE_BOUND('',#2966,.T.);
#3206=FACE_BOUND('',#2967,.T.);
#3207=FACE_BOUND('',#2968,.T.);
#3208=FACE_BOUND('',#2969,.T.);
#3209=FACE_BOUND('',#2970,.T.);
#3210=FACE_BOUND('',#2971,.T.);
#3211=FACE_BOUND('',#2972,.T.);
#3212=FACE_BOUND('',#2973,.T.);
#3213=FACE_BOUND('',#2974,.T.);
#3214=FACE_BOUND('',#2975,.T.);
#3215=FACE_BOUND('',#2976,.T.);
#3216=FACE_BOUND('',#2977,.T.);
#3217=FACE_BOUND('',#2978,.T.);
#3218=FACE_BOUND('',#2979,.T.);
#3219=FACE_BOUND('',#2980,.T.);
#3220=FACE_BOUND('',#2981,.T.);
#3221=FACE_BOUND('',#2982,.T.);
#3222=FACE_BOUND('',#2983,.T.);
#3223=FACE_BOUND('',#2984,.T.);
#3224=FACE_BOUND('',#2985,.T.);
#3225=FACE_BOUND('',#2986,.T.);
#3226=FACE_BOUND('',#2987,.T.);
#3227=FACE_BOUND('',#2988,.T.);
#3228=FACE_BOUND('',#2989,.T.);
#3229=FACE_BOUND('',#2990,.T.);
#3230=FACE_BOUND('',#2991,.T.);
#3231=FACE_BOUND('',#2992,.T.);
#3232=FACE_BOUND('',#2993,.T.);
#3233=FACE_BOUND('',#2994,.T.);
#3234=FACE_BOUND('',#2995,.T.);
#3235=FACE_BOUND('',#2996,.T.);
#3236=FACE_BOUND('',#2997,.T.);
#3237=FACE_BOUND('',#2998,.T.);
#3238=FACE_BOUND('',#2999,.T.);
#3239=FACE_BOUND('',#3000,.T.);
#3240=FACE_BOUND('',#3001,.T.);
#3241=FACE_BOUND('',#3002,.T.);
#3242=FACE_BOUND('',#3003,.T.);
#3243=FACE_BOUND('',#3004,.T.);
#3244=FACE_BOUND('',#3005,.T.);
#3245=FACE_BOUND('',#3006,.T.);
#3246=FACE_BOUND('',#3007,.T.);
#3247=FACE_BOUND('',#3008,.T.);
#3248=FACE_BOUND('',#3009,.T.);
#3249=FACE_BOUND('',#3010,.T.);
#3250=FACE_BOUND('',#3011,.T.);
#3251=FACE_BOUND('',#3012,.T.);
#3252=FACE_BOUND('',#3013,.T.);
#3253=FACE_BOUND('',#3014,.T.);
#3254=FACE_BOUND('',#3015,.T.);
#3255=FACE_BOUND('',#3016,.T.);
#3256=FACE_BOUND('',#3017,.T.);
#3257=FACE_BOUND('',#3018,.T.);
#3258=FACE_BOUND('',#3019,.T.);
#3259=FACE_BOUND('',#3020,.T.);
#3260=FACE_BOUND('',#3021,.T.);
#3261=FACE_BOUND('',#3022,.T.);
#3262=FACE_BOUND('',#3023,.T.);
#3263=FACE_BOUND('',#3024,.T.);
#3264=FACE_BOUND('',#3025,.T.);
#3265=FACE_BOUND('',#3026,.T.);
#3266=FACE_BOUND('',#3027,.T.);
#3267=FACE_BOUND('',#3028,.T.);
#3268=FACE_BOUND('',#3029,.T.);
#3269=FACE_BOUND('',#3030,.T.);
#3270=FACE_BOUND('',#3031,.T.);
#3271=FACE_BOUND('',#3032,.T.);
#3272=FACE_BOUND('',#3033,.T.);
#3273=FACE_BOUND('',#3034,.T.);
#3274=FACE_BOUND('',#3035,.T.);
#3275=FACE_BOUND('',#3036,.T.);
#3276=FACE_BOUND('',#3037,.T.);
#3277=FACE_BOUND('',#3038,.T.);
#3278=FACE_BOUND('',#3039,.T.);
#3279=FACE_BOUND('',#3040,.T.);
#3280=FACE_BOUND('',#3041,.T.);
#3281=FACE_BOUND('',#3042,.T.);
#3282=FACE_BOUND('',#3043,.T.);
#3283=FACE_BOUND('',#3044,.T.);
#3284=FACE_BOUND('',#3045,.T.);
#3285=FACE_BOUND('',#3046,.T.);
#3286=FACE_BOUND('',#3047,.T.);
#3287=FACE_BOUND('',#3048,.T.);
#3288=FACE_BOUND('',#3049,.T.);
#3289=FACE_BOUND('',#3050,.T.);
#3290=FACE_BOUND('',#3051,.T.);
#3291=FACE_BOUND('',#3052,.T.);
#3292=FACE_BOUND('',#3053,.T.);
#3293=FACE_BOUND('',#3054,.T.);
#3294=FACE_BOUND('',#3055,.T.);
#3295=FACE_BOUND('',#3056,.T.);
#3296=FACE_BOUND('',#3057,.T.);
#3297=FACE_BOUND('',#3058,.T.);
#3298=FACE_BOUND('',#3059,.T.);
#3299=FACE_BOUND('',#3060,.T.);
#3300=FACE_BOUND('',#3061,.T.);
#3301=FACE_BOUND('',#3062,.T.);
#3302=FACE_BOUND('',#3063,.T.);
#3303=FACE_BOUND('',#3064,.T.);
#3304=FACE_BOUND('',#3065,.T.);
#3305=FACE_BOUND('',#3066,.T.);
#3306=FACE_BOUND('',#3067,.T.);
#3307=FACE_BOUND('',#3068,.T.);
#3308=FACE_BOUND('',#3069,.T.);
#3309=FACE_BOUND('',#3070,.T.);
#3310=FACE_BOUND('',#3071,.T.);
#3311=FACE_BOUND('',#3072,.T.);
#3312=FACE_BOUND('',#3073,.T.);
#3313=FACE_BOUND('',#3074,.T.);
#3314=FACE_BOUND('',#3075,.T.);
#3315=FACE_BOUND('',#3076,.T.);
#3316=FACE_BOUND('',#3077,.T.);
#3317=FACE_BOUND('',#3078,.T.);
#3318=FACE_BOUND('',#3079,.T.);
#3319=FACE_BOUND('',#3080,.T.);
#3320=FACE_BOUND('',#3081,.T.);
#3321=FACE_BOUND('',#3082,.T.);
#3322=FACE_BOUND('',#3083,.T.);
#3323=FACE_BOUND('',#3084,.T.);
#3324=FACE_BOUND('',#3085,.T.);
#3325=FACE_BOUND('',#3086,.T.);
#3326=FACE_BOUND('',#3087,.T.);
#3327=FACE_BOUND('',#3088,.T.);
#3328=FACE_BOUND('',#3089,.T.);
#3329=FACE_BOUND('',#3090,.T.);
#3330=FACE_BOUND('',#3091,.T.);
#3331=FACE_BOUND('',#3092,.T.);
#3332=FACE_BOUND('',#3093,.T.);
#3333=FACE_BOUND('',#3094,.T.);
#3334=FACE_BOUND('',#3095,.T.);
#3335=FACE_BOUND('',#3096,.T.);
#3336=FACE_BOUND('',#3097,.T.);
#3337=FACE_BOUND('',#3098,.T.);
#3338=FACE_BOUND('',#3099,.T.);
#3339=FACE_BOUND('',#3100,.T.);
#3340=FACE_BOUND('',#3101,.T.);
#3341=FACE_BOUND('',#3102,.T.);
#3342=FACE_BOUND('',#3103,.T.);
#3343=FACE_BOUND('',#3104,.T.);
#3344=FACE_BOUND('',#3105,.T.);
#3345=FACE_BOUND('',#3106,.T.);
#3346=FACE_BOUND('',#3107,.T.);
#3347=FACE_BOUND('',#3108,.T.);
#3348=FACE_BOUND('',#3109,.T.);
#3349=FACE_BOUND('',#3110,.T.);
#3350=FACE_BOUND('',#3111,.T.);
#3351=FACE_BOUND('',#3112,.T.);
#3352=FACE_BOUND('',#3113,.T.);
#3353=FACE_BOUND('',#3114,.T.);
#3354=FACE_BOUND('',#3115,.T.);
#3355=FACE_BOUND('',#3116,.T.);
#3356=FACE_BOUND('',#3117,.T.);
#3357=FACE_BOUND('',#3118,.T.);
#3358=FACE_BOUND('',#3119,.T.);
#3359=FACE_BOUND('',#3120,.T.);
#3360=FACE_BOUND('',#3121,.T.);
#3361=FACE_BOUND('',#3122,.T.);
#3362=FACE_BOUND('',#3123,.T.);
#3363=FACE_BOUND('',#3124,.T.);
#3364=FACE_BOUND('',#3125,.T.);
#3365=FACE_BOUND('',#3126,.T.);
#3366=FACE_BOUND('',#3127,.T.);
#3367=FACE_BOUND('',#3128,.T.);
#3368=FACE_BOUND('',#3129,.T.);
#3369=FACE_BOUND('',#3130,.T.);
#3370=FACE_BOUND('',#3131,.T.);
#3371=FACE_BOUND('',#3132,.T.);
#3372=FACE_BOUND('',#3133,.T.);
#3373=FACE_BOUND('',#3134,.T.);
#3374=FACE_BOUND('',#3135,.T.);
#3375=FACE_BOUND('',#3136,.T.);
#3376=FACE_BOUND('',#3137,.T.);
#3377=FACE_BOUND('',#3138,.T.);
#3378=FACE_BOUND('',#3139,.T.);
#3379=FACE_BOUND('',#3140,.T.);
#3380=FACE_BOUND('',#3141,.T.);
#3381=FACE_BOUND('',#3142,.T.);
#3382=FACE_BOUND('',#3143,.T.);
#3383=FACE_BOUND('',#3144,.T.);
#3384=FACE_BOUND('',#3145,.T.);
#3385=FACE_BOUND('',#3146,.T.);
#3386=FACE_BOUND('',#3147,.T.);
#3387=FACE_BOUND('',#3148,.T.);
#3388=FACE_BOUND('',#3149,.T.);
#3389=FACE_BOUND('',#3150,.T.);
#3390=FACE_BOUND('',#3151,.T.);
#3391=FACE_BOUND('',#3152,.T.);
#3392=FACE_BOUND('',#3153,.T.);
#3393=FACE_BOUND('',#3154,.T.);
#3394=FACE_BOUND('',#3155,.T.);
#3395=FACE_BOUND('',#3156,.T.);
#3396=FACE_BOUND('',#3157,.T.);
#3397=FACE_BOUND('',#3158,.T.);
#3398=FACE_BOUND('',#3159,.T.);
#3399=FACE_BOUND('',#3160,.T.);
#3400=FACE_BOUND('',#3161,.T.);
#3401=FACE_BOUND('',#3162,.T.);
#3402=FACE_BOUND('',#3163,.T.);
#3403=FACE_BOUND('',#3164,.T.);
#3404=FACE_BOUND('',#3165,.T.);
#3405=FACE_BOUND('',#3166,.T.);
#3406=FACE_BOUND('',#3167,.T.);
#3407=FACE_BOUND('',#3168,.T.);
#3408=FACE_BOUND('',#3169,.T.);
#3409=FACE_BOUND('',#3170,.T.);
#3410=FACE_BOUND('',#3171,.T.);
#3411=FACE_BOUND('',#3172,.T.);
#3412=FACE_BOUND('',#3173,.T.);
#3413=FACE_BOUND('',#3174,.T.);
#3414=FACE_BOUND('',#3175,.T.);
#3415=FACE_BOUND('',#3176,.T.);
#3416=FACE_BOUND('',#3177,.T.);
#3417=FACE_BOUND('',#3178,.T.);
#3418=FACE_BOUND('',#3179,.T.);
#3419=FACE_BOUND('',#3180,.T.);
#3420=FACE_BOUND('',#3181,.T.);
#3421=FACE_BOUND('',#3182,.T.);
#3422=FACE_BOUND('',#3183,.T.);
#3423=FACE_BOUND('',#3184,.T.);
#3424=FACE_BOUND('',#3185,.T.);
#3425=FACE_BOUND('',#3186,.T.);
#3426=FACE_BOUND('',#3187,.T.);
#3427=FACE_BOUND('',#3188,.T.);
#3428=PLANE('',#5180);
#3429=PLANE('',#5208);
#3430=PLANE('',#5217);
#3431=PLANE('',#5218);
#3432=PLANE('',#5219);
#3433=PLANE('',#5223);
#3434=PLANE('',#5226);
#3435=PLANE('',#5231);
#3436=PLANE('',#5232);
#3437=PLANE('',#5239);
#3438=PLANE('',#5242);
#3439=PLANE('',#5243);
#3440=PLANE('',#5244);
#3441=PLANE('',#5245);
#3442=PLANE('',#5246);
#3443=PLANE('',#5247);
#3444=PLANE('',#5248);
#3445=PLANE('',#5249);
#3446=PLANE('',#5254);
#3447=PLANE('',#5259);
#3448=PLANE('',#5264);
#3449=PLANE('',#5269);
#3450=PLANE('',#5270);
#3451=PLANE('',#5271);
#3452=PLANE('',#5272);
#3453=PLANE('',#5273);
#3454=PLANE('',#5274);
#3455=PLANE('',#5275);
#3456=PLANE('',#5276);
#3457=PLANE('',#5277);
#3458=PLANE('',#5278);
#3459=PLANE('',#5279);
#3460=PLANE('',#5280);
#3461=PLANE('',#5281);
#3462=PLANE('',#5288);
#3463=PLANE('',#5289);
#3464=PLANE('',#5296);
#3465=PLANE('',#5297);
#3466=PLANE('',#5302);
#3467=PLANE('',#5303);
#3468=PLANE('',#5306);
#3469=PLANE('',#5307);
#3470=PLANE('',#5310);
#3471=PLANE('',#5311);
#3472=PLANE('',#5312);
#3473=PLANE('',#5313);
#3474=PLANE('',#5314);
#3475=PLANE('',#5315);
#3476=PLANE('',#5316);
#3477=PLANE('',#5317);
#3478=PLANE('',#5318);
#3479=PLANE('',#5319);
#3480=PLANE('',#5320);
#3481=PLANE('',#5321);
#3482=PLANE('',#5322);
#3483=PLANE('',#5323);
#3484=PLANE('',#5324);
#3485=PLANE('',#5325);
#3486=PLANE('',#5326);
#3487=PLANE('',#5327);
#3488=PLANE('',#5328);
#3489=PLANE('',#5331);
#3490=PLANE('',#5334);
#3491=PLANE('',#5335);
#3492=PLANE('',#5336);
#3493=PLANE('',#5337);
#3494=PLANE('',#5338);
#3495=PLANE('',#5339);
#3496=PLANE('',#5342);
#3497=PLANE('',#5345);
#3498=PLANE('',#5353);
#3499=PLANE('',#5354);
#3500=PLANE('',#5355);
#3501=PLANE('',#5356);
#3502=PLANE('',#5357);
#3503=PLANE('',#5358);
#3504=PLANE('',#5359);
#3505=PLANE('',#5360);
#3506=PLANE('',#5361);
#3507=PLANE('',#5362);
#3508=PLANE('',#5363);
#3509=PLANE('',#5364);
#3510=PLANE('',#5365);
#3511=PLANE('',#5366);
#3512=PLANE('',#5367);
#3513=PLANE('',#5368);
#3514=PLANE('',#5369);
#3515=PLANE('',#5370);
#3516=PLANE('',#5371);
#3517=PLANE('',#5372);
#3518=PLANE('',#5373);
#3519=PLANE('',#5374);
#3520=PLANE('',#5375);
#3521=PLANE('',#5376);
#3522=PLANE('',#5377);
#3523=PLANE('',#5378);
#3524=PLANE('',#5379);
#3525=PLANE('',#5380);
#3526=PLANE('',#5381);
#3527=PLANE('',#5382);
#3528=PLANE('',#5383);
#3529=PLANE('',#5384);
#3530=PLANE('',#5385);
#3531=PLANE('',#5386);
#3532=PLANE('',#5387);
#3533=PLANE('',#5388);
#3534=PLANE('',#5389);
#3535=PLANE('',#5390);
#3536=PLANE('',#5391);
#3537=PLANE('',#5392);
#3538=PLANE('',#5393);
#3539=PLANE('',#5394);
#3540=PLANE('',#5395);
#3541=PLANE('',#5396);
#3542=PLANE('',#5397);
#3543=PLANE('',#5398);
#3544=PLANE('',#5399);
#3545=PLANE('',#5400);
#3546=PLANE('',#5401);
#3547=PLANE('',#5402);
#3548=PLANE('',#5403);
#3549=PLANE('',#5404);
#3550=PLANE('',#5405);
#3551=PLANE('',#5406);
#3552=PLANE('',#5407);
#3553=PLANE('',#5408);
#3554=PLANE('',#5409);
#3555=PLANE('',#5410);
#3556=PLANE('',#5411);
#3557=PLANE('',#5412);
#3558=PLANE('',#5413);
#3559=PLANE('',#5414);
#3560=PLANE('',#5415);
#3561=PLANE('',#5416);
#3562=PLANE('',#5417);
#3563=PLANE('',#5418);
#3564=PLANE('',#5419);
#3565=PLANE('',#5420);
#3566=PLANE('',#5421);
#3567=PLANE('',#5422);
#3568=PLANE('',#5423);
#3569=PLANE('',#5424);
#3570=PLANE('',#5425);
#3571=PLANE('',#5426);
#3572=PLANE('',#5427);
#3573=PLANE('',#5430);
#3574=PLANE('',#5431);
#3575=PLANE('',#5432);
#3576=PLANE('',#5435);
#3577=PLANE('',#5436);
#3578=PLANE('',#5439);
#3579=PLANE('',#5440);
#3580=PLANE('',#5441);
#3581=PLANE('',#5444);
#3582=PLANE('',#5445);
#3583=PLANE('',#5446);
#3584=PLANE('',#5449);
#3585=PLANE('',#5450);
#3586=PLANE('',#5452);
#3587=PLANE('',#5458);
#3588=PLANE('',#5459);
#3589=PLANE('',#5460);
#3590=PLANE('',#5461);
#3591=PLANE('',#5462);
#3592=PLANE('',#5463);
#3593=PLANE('',#5464);
#3594=PLANE('',#5465);
#3595=PLANE('',#5466);
#3596=STYLED_ITEM('',(#3791),#4963);
#3597=STYLED_ITEM('',(#3792),#4964);
#3598=STYLED_ITEM('',(#3793),#4965);
#3599=STYLED_ITEM('',(#3794),#4966);
#3600=STYLED_ITEM('',(#3795),#4967);
#3601=STYLED_ITEM('',(#3796),#4968);
#3602=STYLED_ITEM('',(#3797),#4969);
#3603=STYLED_ITEM('',(#3798),#4970);
#3604=STYLED_ITEM('',(#3799),#4971);
#3605=STYLED_ITEM('',(#3800),#4972);
#3606=STYLED_ITEM('',(#3801),#4973);
#3607=STYLED_ITEM('',(#3802),#4974);
#3608=STYLED_ITEM('',(#3803),#4975);
#3609=STYLED_ITEM('',(#3804),#4976);
#3610=STYLED_ITEM('',(#3805),#4977);
#3611=STYLED_ITEM('',(#3806),#4978);
#3612=STYLED_ITEM('',(#3807),#4979);
#3613=STYLED_ITEM('',(#3808),#4980);
#3614=STYLED_ITEM('',(#3809),#4981);
#3615=STYLED_ITEM('',(#3810),#4982);
#3616=STYLED_ITEM('',(#3811),#4983);
#3617=STYLED_ITEM('',(#3812),#4984);
#3618=STYLED_ITEM('',(#3813),#4985);
#3619=STYLED_ITEM('',(#3814),#4986);
#3620=STYLED_ITEM('',(#3815),#4987);
#3621=STYLED_ITEM('',(#3816),#4988);
#3622=STYLED_ITEM('',(#3817),#4989);
#3623=STYLED_ITEM('',(#3818),#4990);
#3624=STYLED_ITEM('',(#3819),#4991);
#3625=STYLED_ITEM('',(#3820),#4992);
#3626=STYLED_ITEM('',(#3821),#4993);
#3627=STYLED_ITEM('',(#3822),#4994);
#3628=STYLED_ITEM('',(#3823),#4995);
#3629=STYLED_ITEM('',(#3824),#4996);
#3630=STYLED_ITEM('',(#3825),#4997);
#3631=STYLED_ITEM('',(#3826),#4998);
#3632=STYLED_ITEM('',(#3827),#4999);
#3633=STYLED_ITEM('',(#3828),#5000);
#3634=STYLED_ITEM('',(#3829),#5001);
#3635=STYLED_ITEM('',(#3830),#5002);
#3636=STYLED_ITEM('',(#3831),#5003);
#3637=STYLED_ITEM('',(#3832),#5004);
#3638=STYLED_ITEM('',(#3833),#5005);
#3639=STYLED_ITEM('',(#3834),#5006);
#3640=STYLED_ITEM('',(#3835),#5007);
#3641=STYLED_ITEM('',(#3836),#5008);
#3642=STYLED_ITEM('',(#3837),#5009);
#3643=STYLED_ITEM('',(#3838),#5010);
#3644=STYLED_ITEM('',(#3839),#5011);
#3645=STYLED_ITEM('',(#3840),#5012);
#3646=STYLED_ITEM('',(#3841),#5013);
#3647=STYLED_ITEM('',(#3842),#5014);
#3648=STYLED_ITEM('',(#3843),#5015);
#3649=STYLED_ITEM('',(#3844),#5016);
#3650=STYLED_ITEM('',(#3845),#5017);
#3651=STYLED_ITEM('',(#3846),#5018);
#3652=STYLED_ITEM('',(#3847),#5019);
#3653=STYLED_ITEM('',(#3848),#5020);
#3654=STYLED_ITEM('',(#3849),#5021);
#3655=STYLED_ITEM('',(#3850),#5022);
#3656=STYLED_ITEM('',(#3851),#5023);
#3657=STYLED_ITEM('',(#3852),#5024);
#3658=STYLED_ITEM('',(#3853),#5025);
#3659=STYLED_ITEM('',(#3854),#5026);
#3660=STYLED_ITEM('',(#3855),#5027);
#3661=STYLED_ITEM('',(#3856),#5028);
#3662=STYLED_ITEM('',(#3857),#5029);
#3663=STYLED_ITEM('',(#3858),#5030);
#3664=STYLED_ITEM('',(#3859),#5031);
#3665=STYLED_ITEM('',(#3860),#5032);
#3666=STYLED_ITEM('',(#3861),#5033);
#3667=STYLED_ITEM('',(#3862),#5034);
#3668=STYLED_ITEM('',(#3863),#5035);
#3669=STYLED_ITEM('',(#3864),#5036);
#3670=STYLED_ITEM('',(#3865),#5037);
#3671=STYLED_ITEM('',(#3866),#5038);
#3672=STYLED_ITEM('',(#3867),#5039);
#3673=STYLED_ITEM('',(#3868),#5040);
#3674=STYLED_ITEM('',(#3869),#5041);
#3675=STYLED_ITEM('',(#3870),#5042);
#3676=STYLED_ITEM('',(#3871),#5043);
#3677=STYLED_ITEM('',(#3872),#5044);
#3678=STYLED_ITEM('',(#3873),#5045);
#3679=STYLED_ITEM('',(#3874),#5046);
#3680=STYLED_ITEM('',(#3875),#5047);
#3681=STYLED_ITEM('',(#3876),#5048);
#3682=STYLED_ITEM('',(#3877),#5049);
#3683=STYLED_ITEM('',(#3878),#5050);
#3684=STYLED_ITEM('',(#3879),#5051);
#3685=STYLED_ITEM('',(#3880),#5052);
#3686=STYLED_ITEM('',(#3881),#5053);
#3687=STYLED_ITEM('',(#3882),#5054);
#3688=STYLED_ITEM('',(#3883),#5055);
#3689=STYLED_ITEM('',(#3884),#5056);
#3690=STYLED_ITEM('',(#3885),#5057);
#3691=STYLED_ITEM('',(#3886),#5058);
#3692=STYLED_ITEM('',(#3887),#5059);
#3693=STYLED_ITEM('',(#3888),#5060);
#3694=STYLED_ITEM('',(#3889),#5061);
#3695=STYLED_ITEM('',(#3890),#5062);
#3696=STYLED_ITEM('',(#3891),#5063);
#3697=STYLED_ITEM('',(#3892),#5064);
#3698=STYLED_ITEM('',(#3893),#5065);
#3699=STYLED_ITEM('',(#3894),#5066);
#3700=STYLED_ITEM('',(#3895),#5067);
#3701=STYLED_ITEM('',(#3896),#5068);
#3702=STYLED_ITEM('',(#3897),#5069);
#3703=STYLED_ITEM('',(#3898),#5070);
#3704=STYLED_ITEM('',(#3899),#5071);
#3705=STYLED_ITEM('',(#3900),#5072);
#3706=STYLED_ITEM('',(#3901),#5073);
#3707=STYLED_ITEM('',(#3902),#5074);
#3708=STYLED_ITEM('',(#3903),#5075);
#3709=STYLED_ITEM('',(#3904),#5076);
#3710=STYLED_ITEM('',(#3905),#5077);
#3711=STYLED_ITEM('',(#3906),#5078);
#3712=STYLED_ITEM('',(#3907),#5079);
#3713=STYLED_ITEM('',(#3908),#5080);
#3714=STYLED_ITEM('',(#3909),#5081);
#3715=STYLED_ITEM('',(#3910),#5082);
#3716=STYLED_ITEM('',(#3911),#5083);
#3717=STYLED_ITEM('',(#3912),#5084);
#3718=STYLED_ITEM('',(#3913),#5085);
#3719=STYLED_ITEM('',(#3914),#5086);
#3720=STYLED_ITEM('',(#3915),#5087);
#3721=STYLED_ITEM('',(#3916),#5088);
#3722=STYLED_ITEM('',(#3917),#5089);
#3723=STYLED_ITEM('',(#3918),#5090);
#3724=STYLED_ITEM('',(#3919),#5091);
#3725=STYLED_ITEM('',(#3920),#5092);
#3726=STYLED_ITEM('',(#3921),#5093);
#3727=STYLED_ITEM('',(#3922),#5094);
#3728=STYLED_ITEM('',(#3923),#5095);
#3729=STYLED_ITEM('',(#3924),#5096);
#3730=STYLED_ITEM('',(#3925),#5097);
#3731=STYLED_ITEM('',(#3926),#5098);
#3732=STYLED_ITEM('',(#3927),#5099);
#3733=STYLED_ITEM('',(#3928),#5100);
#3734=STYLED_ITEM('',(#3929),#5101);
#3735=STYLED_ITEM('',(#3930),#5102);
#3736=STYLED_ITEM('',(#3931),#5103);
#3737=STYLED_ITEM('',(#3932),#5104);
#3738=STYLED_ITEM('',(#3933),#5105);
#3739=STYLED_ITEM('',(#3934),#5106);
#3740=STYLED_ITEM('',(#3935),#5107);
#3741=STYLED_ITEM('',(#3936),#5108);
#3742=STYLED_ITEM('',(#3937),#5109);
#3743=STYLED_ITEM('',(#3938),#5110);
#3744=STYLED_ITEM('',(#3939),#5111);
#3745=STYLED_ITEM('',(#3940),#5112);
#3746=STYLED_ITEM('',(#3941),#5113);
#3747=STYLED_ITEM('',(#3942),#5114);
#3748=STYLED_ITEM('',(#3943),#5115);
#3749=STYLED_ITEM('',(#3944),#5116);
#3750=STYLED_ITEM('',(#3945),#5117);
#3751=STYLED_ITEM('',(#3946),#5118);
#3752=STYLED_ITEM('',(#3947),#5119);
#3753=STYLED_ITEM('',(#3948),#5120);
#3754=STYLED_ITEM('',(#3949),#5121);
#3755=STYLED_ITEM('',(#3950),#5122);
#3756=STYLED_ITEM('',(#3951),#5123);
#3757=STYLED_ITEM('',(#3952),#5124);
#3758=STYLED_ITEM('',(#3953),#5125);
#3759=STYLED_ITEM('',(#3954),#5126);
#3760=STYLED_ITEM('',(#3955),#5127);
#3761=STYLED_ITEM('',(#3956),#5128);
#3762=STYLED_ITEM('',(#3957),#5129);
#3763=STYLED_ITEM('',(#3958),#5130);
#3764=STYLED_ITEM('',(#3959),#5131);
#3765=STYLED_ITEM('',(#3960),#5132);
#3766=STYLED_ITEM('',(#3961),#5133);
#3767=STYLED_ITEM('',(#3962),#5134);
#3768=STYLED_ITEM('',(#3963),#5135);
#3769=STYLED_ITEM('',(#3964),#5136);
#3770=STYLED_ITEM('',(#3965),#5137);
#3771=STYLED_ITEM('',(#3966),#5138);
#3772=STYLED_ITEM('',(#3967),#5139);
#3773=STYLED_ITEM('',(#3968),#5140);
#3774=STYLED_ITEM('',(#3969),#5141);
#3775=STYLED_ITEM('',(#3970),#5142);
#3776=STYLED_ITEM('',(#3971),#5143);
#3777=STYLED_ITEM('',(#3972),#5144);
#3778=STYLED_ITEM('',(#3973),#5145);
#3779=STYLED_ITEM('',(#3974),#5146);
#3780=STYLED_ITEM('',(#3975),#5147);
#3781=STYLED_ITEM('',(#3976),#5148);
#3782=STYLED_ITEM('',(#3977),#5149);
#3783=STYLED_ITEM('',(#3978),#5150);
#3784=STYLED_ITEM('',(#3979),#5151);
#3785=STYLED_ITEM('',(#3980),#5152);
#3786=STYLED_ITEM('',(#3981),#5153);
#3787=STYLED_ITEM('',(#3982),#5154);
#3788=STYLED_ITEM('',(#3983),#5155);
#3789=STYLED_ITEM('',(#3984),#5156);
#3790=STYLED_ITEM('',(#3985),#5172);
#3791=PRESENTATION_STYLE_ASSIGNMENT((#3986));
#3792=PRESENTATION_STYLE_ASSIGNMENT((#3987));
#3793=PRESENTATION_STYLE_ASSIGNMENT((#3988));
#3794=PRESENTATION_STYLE_ASSIGNMENT((#3989));
#3795=PRESENTATION_STYLE_ASSIGNMENT((#3990));
#3796=PRESENTATION_STYLE_ASSIGNMENT((#3991));
#3797=PRESENTATION_STYLE_ASSIGNMENT((#3992));
#3798=PRESENTATION_STYLE_ASSIGNMENT((#3993));
#3799=PRESENTATION_STYLE_ASSIGNMENT((#3994));
#3800=PRESENTATION_STYLE_ASSIGNMENT((#3995));
#3801=PRESENTATION_STYLE_ASSIGNMENT((#3996));
#3802=PRESENTATION_STYLE_ASSIGNMENT((#3997));
#3803=PRESENTATION_STYLE_ASSIGNMENT((#3998));
#3804=PRESENTATION_STYLE_ASSIGNMENT((#3999));
#3805=PRESENTATION_STYLE_ASSIGNMENT((#4000));
#3806=PRESENTATION_STYLE_ASSIGNMENT((#4001));
#3807=PRESENTATION_STYLE_ASSIGNMENT((#4002));
#3808=PRESENTATION_STYLE_ASSIGNMENT((#4003));
#3809=PRESENTATION_STYLE_ASSIGNMENT((#4004));
#3810=PRESENTATION_STYLE_ASSIGNMENT((#4005));
#3811=PRESENTATION_STYLE_ASSIGNMENT((#4006));
#3812=PRESENTATION_STYLE_ASSIGNMENT((#4007));
#3813=PRESENTATION_STYLE_ASSIGNMENT((#4008));
#3814=PRESENTATION_STYLE_ASSIGNMENT((#4009));
#3815=PRESENTATION_STYLE_ASSIGNMENT((#4010));
#3816=PRESENTATION_STYLE_ASSIGNMENT((#4011));
#3817=PRESENTATION_STYLE_ASSIGNMENT((#4012));
#3818=PRESENTATION_STYLE_ASSIGNMENT((#4013));
#3819=PRESENTATION_STYLE_ASSIGNMENT((#4014));
#3820=PRESENTATION_STYLE_ASSIGNMENT((#4015));
#3821=PRESENTATION_STYLE_ASSIGNMENT((#4016));
#3822=PRESENTATION_STYLE_ASSIGNMENT((#4017));
#3823=PRESENTATION_STYLE_ASSIGNMENT((#4018));
#3824=PRESENTATION_STYLE_ASSIGNMENT((#4019));
#3825=PRESENTATION_STYLE_ASSIGNMENT((#4020));
#3826=PRESENTATION_STYLE_ASSIGNMENT((#4021));
#3827=PRESENTATION_STYLE_ASSIGNMENT((#4022));
#3828=PRESENTATION_STYLE_ASSIGNMENT((#4023));
#3829=PRESENTATION_STYLE_ASSIGNMENT((#4024));
#3830=PRESENTATION_STYLE_ASSIGNMENT((#4025));
#3831=PRESENTATION_STYLE_ASSIGNMENT((#4026));
#3832=PRESENTATION_STYLE_ASSIGNMENT((#4027));
#3833=PRESENTATION_STYLE_ASSIGNMENT((#4028));
#3834=PRESENTATION_STYLE_ASSIGNMENT((#4029));
#3835=PRESENTATION_STYLE_ASSIGNMENT((#4030));
#3836=PRESENTATION_STYLE_ASSIGNMENT((#4031));
#3837=PRESENTATION_STYLE_ASSIGNMENT((#4032));
#3838=PRESENTATION_STYLE_ASSIGNMENT((#4033));
#3839=PRESENTATION_STYLE_ASSIGNMENT((#4034));
#3840=PRESENTATION_STYLE_ASSIGNMENT((#4035));
#3841=PRESENTATION_STYLE_ASSIGNMENT((#4036));
#3842=PRESENTATION_STYLE_ASSIGNMENT((#4037));
#3843=PRESENTATION_STYLE_ASSIGNMENT((#4038));
#3844=PRESENTATION_STYLE_ASSIGNMENT((#4039));
#3845=PRESENTATION_STYLE_ASSIGNMENT((#4040));
#3846=PRESENTATION_STYLE_ASSIGNMENT((#4041));
#3847=PRESENTATION_STYLE_ASSIGNMENT((#4042));
#3848=PRESENTATION_STYLE_ASSIGNMENT((#4043));
#3849=PRESENTATION_STYLE_ASSIGNMENT((#4044));
#3850=PRESENTATION_STYLE_ASSIGNMENT((#4045));
#3851=PRESENTATION_STYLE_ASSIGNMENT((#4046));
#3852=PRESENTATION_STYLE_ASSIGNMENT((#4047));
#3853=PRESENTATION_STYLE_ASSIGNMENT((#4048));
#3854=PRESENTATION_STYLE_ASSIGNMENT((#4049));
#3855=PRESENTATION_STYLE_ASSIGNMENT((#4050));
#3856=PRESENTATION_STYLE_ASSIGNMENT((#4051));
#3857=PRESENTATION_STYLE_ASSIGNMENT((#4052));
#3858=PRESENTATION_STYLE_ASSIGNMENT((#4053));
#3859=PRESENTATION_STYLE_ASSIGNMENT((#4054));
#3860=PRESENTATION_STYLE_ASSIGNMENT((#4055));
#3861=PRESENTATION_STYLE_ASSIGNMENT((#4056));
#3862=PRESENTATION_STYLE_ASSIGNMENT((#4057));
#3863=PRESENTATION_STYLE_ASSIGNMENT((#4058));
#3864=PRESENTATION_STYLE_ASSIGNMENT((#4059));
#3865=PRESENTATION_STYLE_ASSIGNMENT((#4060));
#3866=PRESENTATION_STYLE_ASSIGNMENT((#4061));
#3867=PRESENTATION_STYLE_ASSIGNMENT((#4062));
#3868=PRESENTATION_STYLE_ASSIGNMENT((#4063));
#3869=PRESENTATION_STYLE_ASSIGNMENT((#4064));
#3870=PRESENTATION_STYLE_ASSIGNMENT((#4065));
#3871=PRESENTATION_STYLE_ASSIGNMENT((#4066));
#3872=PRESENTATION_STYLE_ASSIGNMENT((#4067));
#3873=PRESENTATION_STYLE_ASSIGNMENT((#4068));
#3874=PRESENTATION_STYLE_ASSIGNMENT((#4069));
#3875=PRESENTATION_STYLE_ASSIGNMENT((#4070));
#3876=PRESENTATION_STYLE_ASSIGNMENT((#4071));
#3877=PRESENTATION_STYLE_ASSIGNMENT((#4072));
#3878=PRESENTATION_STYLE_ASSIGNMENT((#4073));
#3879=PRESENTATION_STYLE_ASSIGNMENT((#4074));
#3880=PRESENTATION_STYLE_ASSIGNMENT((#4075));
#3881=PRESENTATION_STYLE_ASSIGNMENT((#4076));
#3882=PRESENTATION_STYLE_ASSIGNMENT((#4077));
#3883=PRESENTATION_STYLE_ASSIGNMENT((#4078));
#3884=PRESENTATION_STYLE_ASSIGNMENT((#4079));
#3885=PRESENTATION_STYLE_ASSIGNMENT((#4080));
#3886=PRESENTATION_STYLE_ASSIGNMENT((#4081));
#3887=PRESENTATION_STYLE_ASSIGNMENT((#4082));
#3888=PRESENTATION_STYLE_ASSIGNMENT((#4083));
#3889=PRESENTATION_STYLE_ASSIGNMENT((#4084));
#3890=PRESENTATION_STYLE_ASSIGNMENT((#4085));
#3891=PRESENTATION_STYLE_ASSIGNMENT((#4086));
#3892=PRESENTATION_STYLE_ASSIGNMENT((#4087));
#3893=PRESENTATION_STYLE_ASSIGNMENT((#4088));
#3894=PRESENTATION_STYLE_ASSIGNMENT((#4089));
#3895=PRESENTATION_STYLE_ASSIGNMENT((#4090));
#3896=PRESENTATION_STYLE_ASSIGNMENT((#4091));
#3897=PRESENTATION_STYLE_ASSIGNMENT((#4092));
#3898=PRESENTATION_STYLE_ASSIGNMENT((#4093));
#3899=PRESENTATION_STYLE_ASSIGNMENT((#4094));
#3900=PRESENTATION_STYLE_ASSIGNMENT((#4095));
#3901=PRESENTATION_STYLE_ASSIGNMENT((#4096));
#3902=PRESENTATION_STYLE_ASSIGNMENT((#4097));
#3903=PRESENTATION_STYLE_ASSIGNMENT((#4098));
#3904=PRESENTATION_STYLE_ASSIGNMENT((#4099));
#3905=PRESENTATION_STYLE_ASSIGNMENT((#4100));
#3906=PRESENTATION_STYLE_ASSIGNMENT((#4101));
#3907=PRESENTATION_STYLE_ASSIGNMENT((#4102));
#3908=PRESENTATION_STYLE_ASSIGNMENT((#4103));
#3909=PRESENTATION_STYLE_ASSIGNMENT((#4104));
#3910=PRESENTATION_STYLE_ASSIGNMENT((#4105));
#3911=PRESENTATION_STYLE_ASSIGNMENT((#4106));
#3912=PRESENTATION_STYLE_ASSIGNMENT((#4107));
#3913=PRESENTATION_STYLE_ASSIGNMENT((#4108));
#3914=PRESENTATION_STYLE_ASSIGNMENT((#4109));
#3915=PRESENTATION_STYLE_ASSIGNMENT((#4110));
#3916=PRESENTATION_STYLE_ASSIGNMENT((#4111));
#3917=PRESENTATION_STYLE_ASSIGNMENT((#4112));
#3918=PRESENTATION_STYLE_ASSIGNMENT((#4113));
#3919=PRESENTATION_STYLE_ASSIGNMENT((#4114));
#3920=PRESENTATION_STYLE_ASSIGNMENT((#4115));
#3921=PRESENTATION_STYLE_ASSIGNMENT((#4116));
#3922=PRESENTATION_STYLE_ASSIGNMENT((#4117));
#3923=PRESENTATION_STYLE_ASSIGNMENT((#4118));
#3924=PRESENTATION_STYLE_ASSIGNMENT((#4119));
#3925=PRESENTATION_STYLE_ASSIGNMENT((#4120));
#3926=PRESENTATION_STYLE_ASSIGNMENT((#4121));
#3927=PRESENTATION_STYLE_ASSIGNMENT((#4122));
#3928=PRESENTATION_STYLE_ASSIGNMENT((#4123));
#3929=PRESENTATION_STYLE_ASSIGNMENT((#4124));
#3930=PRESENTATION_STYLE_ASSIGNMENT((#4125));
#3931=PRESENTATION_STYLE_ASSIGNMENT((#4126));
#3932=PRESENTATION_STYLE_ASSIGNMENT((#4127));
#3933=PRESENTATION_STYLE_ASSIGNMENT((#4128));
#3934=PRESENTATION_STYLE_ASSIGNMENT((#4129));
#3935=PRESENTATION_STYLE_ASSIGNMENT((#4130));
#3936=PRESENTATION_STYLE_ASSIGNMENT((#4131));
#3937=PRESENTATION_STYLE_ASSIGNMENT((#4132));
#3938=PRESENTATION_STYLE_ASSIGNMENT((#4133));
#3939=PRESENTATION_STYLE_ASSIGNMENT((#4134));
#3940=PRESENTATION_STYLE_ASSIGNMENT((#4135));
#3941=PRESENTATION_STYLE_ASSIGNMENT((#4136));
#3942=PRESENTATION_STYLE_ASSIGNMENT((#4137));
#3943=PRESENTATION_STYLE_ASSIGNMENT((#4138));
#3944=PRESENTATION_STYLE_ASSIGNMENT((#4139));
#3945=PRESENTATION_STYLE_ASSIGNMENT((#4140));
#3946=PRESENTATION_STYLE_ASSIGNMENT((#4141));
#3947=PRESENTATION_STYLE_ASSIGNMENT((#4142));
#3948=PRESENTATION_STYLE_ASSIGNMENT((#4143));
#3949=PRESENTATION_STYLE_ASSIGNMENT((#4144));
#3950=PRESENTATION_STYLE_ASSIGNMENT((#4145));
#3951=PRESENTATION_STYLE_ASSIGNMENT((#4146));
#3952=PRESENTATION_STYLE_ASSIGNMENT((#4147));
#3953=PRESENTATION_STYLE_ASSIGNMENT((#4148));
#3954=PRESENTATION_STYLE_ASSIGNMENT((#4149));
#3955=PRESENTATION_STYLE_ASSIGNMENT((#4150));
#3956=PRESENTATION_STYLE_ASSIGNMENT((#4151));
#3957=PRESENTATION_STYLE_ASSIGNMENT((#4152));
#3958=PRESENTATION_STYLE_ASSIGNMENT((#4153));
#3959=PRESENTATION_STYLE_ASSIGNMENT((#4154));
#3960=PRESENTATION_STYLE_ASSIGNMENT((#4155));
#3961=PRESENTATION_STYLE_ASSIGNMENT((#4156));
#3962=PRESENTATION_STYLE_ASSIGNMENT((#4157));
#3963=PRESENTATION_STYLE_ASSIGNMENT((#4158));
#3964=PRESENTATION_STYLE_ASSIGNMENT((#4159));
#3965=PRESENTATION_STYLE_ASSIGNMENT((#4160));
#3966=PRESENTATION_STYLE_ASSIGNMENT((#4161));
#3967=PRESENTATION_STYLE_ASSIGNMENT((#4162));
#3968=PRESENTATION_STYLE_ASSIGNMENT((#4163));
#3969=PRESENTATION_STYLE_ASSIGNMENT((#4164));
#3970=PRESENTATION_STYLE_ASSIGNMENT((#4165));
#3971=PRESENTATION_STYLE_ASSIGNMENT((#4166));
#3972=PRESENTATION_STYLE_ASSIGNMENT((#4167));
#3973=PRESENTATION_STYLE_ASSIGNMENT((#4168));
#3974=PRESENTATION_STYLE_ASSIGNMENT((#4169));
#3975=PRESENTATION_STYLE_ASSIGNMENT((#4170));
#3976=PRESENTATION_STYLE_ASSIGNMENT((#4171));
#3977=PRESENTATION_STYLE_ASSIGNMENT((#4172));
#3978=PRESENTATION_STYLE_ASSIGNMENT((#4173));
#3979=PRESENTATION_STYLE_ASSIGNMENT((#4174));
#3980=PRESENTATION_STYLE_ASSIGNMENT((#4175));
#3981=PRESENTATION_STYLE_ASSIGNMENT((#4176));
#3982=PRESENTATION_STYLE_ASSIGNMENT((#4177));
#3983=PRESENTATION_STYLE_ASSIGNMENT((#4178));
#3984=PRESENTATION_STYLE_ASSIGNMENT((#4179));
#3985=PRESENTATION_STYLE_ASSIGNMENT((#4180));
#3986=SURFACE_STYLE_USAGE(.BOTH.,#4181);
#3987=SURFACE_STYLE_USAGE(.BOTH.,#4182);
#3988=SURFACE_STYLE_USAGE(.BOTH.,#4183);
#3989=SURFACE_STYLE_USAGE(.BOTH.,#4184);
#3990=SURFACE_STYLE_USAGE(.BOTH.,#4185);
#3991=SURFACE_STYLE_USAGE(.BOTH.,#4186);
#3992=SURFACE_STYLE_USAGE(.BOTH.,#4187);
#3993=SURFACE_STYLE_USAGE(.BOTH.,#4188);
#3994=SURFACE_STYLE_USAGE(.BOTH.,#4189);
#3995=SURFACE_STYLE_USAGE(.BOTH.,#4190);
#3996=SURFACE_STYLE_USAGE(.BOTH.,#4191);
#3997=SURFACE_STYLE_USAGE(.BOTH.,#4192);
#3998=SURFACE_STYLE_USAGE(.BOTH.,#4193);
#3999=SURFACE_STYLE_USAGE(.BOTH.,#4194);
#4000=SURFACE_STYLE_USAGE(.BOTH.,#4195);
#4001=SURFACE_STYLE_USAGE(.BOTH.,#4196);
#4002=SURFACE_STYLE_USAGE(.BOTH.,#4197);
#4003=SURFACE_STYLE_USAGE(.BOTH.,#4198);
#4004=SURFACE_STYLE_USAGE(.BOTH.,#4199);
#4005=SURFACE_STYLE_USAGE(.BOTH.,#4200);
#4006=SURFACE_STYLE_USAGE(.BOTH.,#4201);
#4007=SURFACE_STYLE_USAGE(.BOTH.,#4202);
#4008=SURFACE_STYLE_USAGE(.BOTH.,#4203);
#4009=SURFACE_STYLE_USAGE(.BOTH.,#4204);
#4010=SURFACE_STYLE_USAGE(.BOTH.,#4205);
#4011=SURFACE_STYLE_USAGE(.BOTH.,#4206);
#4012=SURFACE_STYLE_USAGE(.BOTH.,#4207);
#4013=SURFACE_STYLE_USAGE(.BOTH.,#4208);
#4014=SURFACE_STYLE_USAGE(.BOTH.,#4209);
#4015=SURFACE_STYLE_USAGE(.BOTH.,#4210);
#4016=SURFACE_STYLE_USAGE(.BOTH.,#4211);
#4017=SURFACE_STYLE_USAGE(.BOTH.,#4212);
#4018=SURFACE_STYLE_USAGE(.BOTH.,#4213);
#4019=SURFACE_STYLE_USAGE(.BOTH.,#4214);
#4020=SURFACE_STYLE_USAGE(.BOTH.,#4215);
#4021=SURFACE_STYLE_USAGE(.BOTH.,#4216);
#4022=SURFACE_STYLE_USAGE(.BOTH.,#4217);
#4023=SURFACE_STYLE_USAGE(.BOTH.,#4218);
#4024=SURFACE_STYLE_USAGE(.BOTH.,#4219);
#4025=SURFACE_STYLE_USAGE(.BOTH.,#4220);
#4026=SURFACE_STYLE_USAGE(.BOTH.,#4221);
#4027=SURFACE_STYLE_USAGE(.BOTH.,#4222);
#4028=SURFACE_STYLE_USAGE(.BOTH.,#4223);
#4029=SURFACE_STYLE_USAGE(.BOTH.,#4224);
#4030=SURFACE_STYLE_USAGE(.BOTH.,#4225);
#4031=SURFACE_STYLE_USAGE(.BOTH.,#4226);
#4032=SURFACE_STYLE_USAGE(.BOTH.,#4227);
#4033=SURFACE_STYLE_USAGE(.BOTH.,#4228);
#4034=SURFACE_STYLE_USAGE(.BOTH.,#4229);
#4035=SURFACE_STYLE_USAGE(.BOTH.,#4230);
#4036=SURFACE_STYLE_USAGE(.BOTH.,#4231);
#4037=SURFACE_STYLE_USAGE(.BOTH.,#4232);
#4038=SURFACE_STYLE_USAGE(.BOTH.,#4233);
#4039=SURFACE_STYLE_USAGE(.BOTH.,#4234);
#4040=SURFACE_STYLE_USAGE(.BOTH.,#4235);
#4041=SURFACE_STYLE_USAGE(.BOTH.,#4236);
#4042=SURFACE_STYLE_USAGE(.BOTH.,#4237);
#4043=SURFACE_STYLE_USAGE(.BOTH.,#4238);
#4044=SURFACE_STYLE_USAGE(.BOTH.,#4239);
#4045=SURFACE_STYLE_USAGE(.BOTH.,#4240);
#4046=SURFACE_STYLE_USAGE(.BOTH.,#4241);
#4047=SURFACE_STYLE_USAGE(.BOTH.,#4242);
#4048=SURFACE_STYLE_USAGE(.BOTH.,#4243);
#4049=SURFACE_STYLE_USAGE(.BOTH.,#4244);
#4050=SURFACE_STYLE_USAGE(.BOTH.,#4245);
#4051=SURFACE_STYLE_USAGE(.BOTH.,#4246);
#4052=SURFACE_STYLE_USAGE(.BOTH.,#4247);
#4053=SURFACE_STYLE_USAGE(.BOTH.,#4248);
#4054=SURFACE_STYLE_USAGE(.BOTH.,#4249);
#4055=SURFACE_STYLE_USAGE(.BOTH.,#4250);
#4056=SURFACE_STYLE_USAGE(.BOTH.,#4251);
#4057=SURFACE_STYLE_USAGE(.BOTH.,#4252);
#4058=SURFACE_STYLE_USAGE(.BOTH.,#4253);
#4059=SURFACE_STYLE_USAGE(.BOTH.,#4254);
#4060=SURFACE_STYLE_USAGE(.BOTH.,#4255);
#4061=SURFACE_STYLE_USAGE(.BOTH.,#4256);
#4062=SURFACE_STYLE_USAGE(.BOTH.,#4257);
#4063=SURFACE_STYLE_USAGE(.BOTH.,#4258);
#4064=SURFACE_STYLE_USAGE(.BOTH.,#4259);
#4065=SURFACE_STYLE_USAGE(.BOTH.,#4260);
#4066=SURFACE_STYLE_USAGE(.BOTH.,#4261);
#4067=SURFACE_STYLE_USAGE(.BOTH.,#4262);
#4068=SURFACE_STYLE_USAGE(.BOTH.,#4263);
#4069=SURFACE_STYLE_USAGE(.BOTH.,#4264);
#4070=SURFACE_STYLE_USAGE(.BOTH.,#4265);
#4071=SURFACE_STYLE_USAGE(.BOTH.,#4266);
#4072=SURFACE_STYLE_USAGE(.BOTH.,#4267);
#4073=SURFACE_STYLE_USAGE(.BOTH.,#4268);
#4074=SURFACE_STYLE_USAGE(.BOTH.,#4269);
#4075=SURFACE_STYLE_USAGE(.BOTH.,#4270);
#4076=SURFACE_STYLE_USAGE(.BOTH.,#4271);
#4077=SURFACE_STYLE_USAGE(.BOTH.,#4272);
#4078=SURFACE_STYLE_USAGE(.BOTH.,#4273);
#4079=SURFACE_STYLE_USAGE(.BOTH.,#4274);
#4080=SURFACE_STYLE_USAGE(.BOTH.,#4275);
#4081=SURFACE_STYLE_USAGE(.BOTH.,#4276);
#4082=SURFACE_STYLE_USAGE(.BOTH.,#4277);
#4083=SURFACE_STYLE_USAGE(.BOTH.,#4278);
#4084=SURFACE_STYLE_USAGE(.BOTH.,#4279);
#4085=SURFACE_STYLE_USAGE(.BOTH.,#4280);
#4086=SURFACE_STYLE_USAGE(.BOTH.,#4281);
#4087=SURFACE_STYLE_USAGE(.BOTH.,#4282);
#4088=SURFACE_STYLE_USAGE(.BOTH.,#4283);
#4089=SURFACE_STYLE_USAGE(.BOTH.,#4284);
#4090=SURFACE_STYLE_USAGE(.BOTH.,#4285);
#4091=SURFACE_STYLE_USAGE(.BOTH.,#4286);
#4092=SURFACE_STYLE_USAGE(.BOTH.,#4287);
#4093=SURFACE_STYLE_USAGE(.BOTH.,#4288);
#4094=SURFACE_STYLE_USAGE(.BOTH.,#4289);
#4095=SURFACE_STYLE_USAGE(.BOTH.,#4290);
#4096=SURFACE_STYLE_USAGE(.BOTH.,#4291);
#4097=SURFACE_STYLE_USAGE(.BOTH.,#4292);
#4098=SURFACE_STYLE_USAGE(.BOTH.,#4293);
#4099=SURFACE_STYLE_USAGE(.BOTH.,#4294);
#4100=SURFACE_STYLE_USAGE(.BOTH.,#4295);
#4101=SURFACE_STYLE_USAGE(.BOTH.,#4296);
#4102=SURFACE_STYLE_USAGE(.BOTH.,#4297);
#4103=SURFACE_STYLE_USAGE(.BOTH.,#4298);
#4104=SURFACE_STYLE_USAGE(.BOTH.,#4299);
#4105=SURFACE_STYLE_USAGE(.BOTH.,#4300);
#4106=SURFACE_STYLE_USAGE(.BOTH.,#4301);
#4107=SURFACE_STYLE_USAGE(.BOTH.,#4302);
#4108=SURFACE_STYLE_USAGE(.BOTH.,#4303);
#4109=SURFACE_STYLE_USAGE(.BOTH.,#4304);
#4110=SURFACE_STYLE_USAGE(.BOTH.,#4305);
#4111=SURFACE_STYLE_USAGE(.BOTH.,#4306);
#4112=SURFACE_STYLE_USAGE(.BOTH.,#4307);
#4113=SURFACE_STYLE_USAGE(.BOTH.,#4308);
#4114=SURFACE_STYLE_USAGE(.BOTH.,#4309);
#4115=SURFACE_STYLE_USAGE(.BOTH.,#4310);
#4116=SURFACE_STYLE_USAGE(.BOTH.,#4311);
#4117=SURFACE_STYLE_USAGE(.BOTH.,#4312);
#4118=SURFACE_STYLE_USAGE(.BOTH.,#4313);
#4119=SURFACE_STYLE_USAGE(.BOTH.,#4314);
#4120=SURFACE_STYLE_USAGE(.BOTH.,#4315);
#4121=SURFACE_STYLE_USAGE(.BOTH.,#4316);
#4122=SURFACE_STYLE_USAGE(.BOTH.,#4317);
#4123=SURFACE_STYLE_USAGE(.BOTH.,#4318);
#4124=SURFACE_STYLE_USAGE(.BOTH.,#4319);
#4125=SURFACE_STYLE_USAGE(.BOTH.,#4320);
#4126=SURFACE_STYLE_USAGE(.BOTH.,#4321);
#4127=SURFACE_STYLE_USAGE(.BOTH.,#4322);
#4128=SURFACE_STYLE_USAGE(.BOTH.,#4323);
#4129=SURFACE_STYLE_USAGE(.BOTH.,#4324);
#4130=SURFACE_STYLE_USAGE(.BOTH.,#4325);
#4131=SURFACE_STYLE_USAGE(.BOTH.,#4326);
#4132=SURFACE_STYLE_USAGE(.BOTH.,#4327);
#4133=SURFACE_STYLE_USAGE(.BOTH.,#4328);
#4134=SURFACE_STYLE_USAGE(.BOTH.,#4329);
#4135=SURFACE_STYLE_USAGE(.BOTH.,#4330);
#4136=SURFACE_STYLE_USAGE(.BOTH.,#4331);
#4137=SURFACE_STYLE_USAGE(.BOTH.,#4332);
#4138=SURFACE_STYLE_USAGE(.BOTH.,#4333);
#4139=SURFACE_STYLE_USAGE(.BOTH.,#4334);
#4140=SURFACE_STYLE_USAGE(.BOTH.,#4335);
#4141=SURFACE_STYLE_USAGE(.BOTH.,#4336);
#4142=SURFACE_STYLE_USAGE(.BOTH.,#4337);
#4143=SURFACE_STYLE_USAGE(.BOTH.,#4338);
#4144=SURFACE_STYLE_USAGE(.BOTH.,#4339);
#4145=SURFACE_STYLE_USAGE(.BOTH.,#4340);
#4146=SURFACE_STYLE_USAGE(.BOTH.,#4341);
#4147=SURFACE_STYLE_USAGE(.BOTH.,#4342);
#4148=SURFACE_STYLE_USAGE(.BOTH.,#4343);
#4149=SURFACE_STYLE_USAGE(.BOTH.,#4344);
#4150=SURFACE_STYLE_USAGE(.BOTH.,#4345);
#4151=SURFACE_STYLE_USAGE(.BOTH.,#4346);
#4152=SURFACE_STYLE_USAGE(.BOTH.,#4347);
#4153=SURFACE_STYLE_USAGE(.BOTH.,#4348);
#4154=SURFACE_STYLE_USAGE(.BOTH.,#4349);
#4155=SURFACE_STYLE_USAGE(.BOTH.,#4350);
#4156=SURFACE_STYLE_USAGE(.BOTH.,#4351);
#4157=SURFACE_STYLE_USAGE(.BOTH.,#4352);
#4158=SURFACE_STYLE_USAGE(.BOTH.,#4353);
#4159=SURFACE_STYLE_USAGE(.BOTH.,#4354);
#4160=SURFACE_STYLE_USAGE(.BOTH.,#4355);
#4161=SURFACE_STYLE_USAGE(.BOTH.,#4356);
#4162=SURFACE_STYLE_USAGE(.BOTH.,#4357);
#4163=SURFACE_STYLE_USAGE(.BOTH.,#4358);
#4164=SURFACE_STYLE_USAGE(.BOTH.,#4359);
#4165=SURFACE_STYLE_USAGE(.BOTH.,#4360);
#4166=SURFACE_STYLE_USAGE(.BOTH.,#4361);
#4167=SURFACE_STYLE_USAGE(.BOTH.,#4362);
#4168=SURFACE_STYLE_USAGE(.BOTH.,#4363);
#4169=SURFACE_STYLE_USAGE(.BOTH.,#4364);
#4170=SURFACE_STYLE_USAGE(.BOTH.,#4365);
#4171=SURFACE_STYLE_USAGE(.BOTH.,#4366);
#4172=SURFACE_STYLE_USAGE(.BOTH.,#4367);
#4173=SURFACE_STYLE_USAGE(.BOTH.,#4368);
#4174=SURFACE_STYLE_USAGE(.BOTH.,#4369);
#4175=SURFACE_STYLE_USAGE(.BOTH.,#4370);
#4176=SURFACE_STYLE_USAGE(.BOTH.,#4371);
#4177=SURFACE_STYLE_USAGE(.BOTH.,#4372);
#4178=SURFACE_STYLE_USAGE(.BOTH.,#4373);
#4179=SURFACE_STYLE_USAGE(.BOTH.,#4374);
#4180=SURFACE_STYLE_USAGE(.BOTH.,#4375);
#4181=SURFACE_SIDE_STYLE('',(#4376));
#4182=SURFACE_SIDE_STYLE('',(#4377));
#4183=SURFACE_SIDE_STYLE('',(#4378));
#4184=SURFACE_SIDE_STYLE('',(#4379));
#4185=SURFACE_SIDE_STYLE('',(#4380));
#4186=SURFACE_SIDE_STYLE('',(#4381));
#4187=SURFACE_SIDE_STYLE('',(#4382));
#4188=SURFACE_SIDE_STYLE('',(#4383));
#4189=SURFACE_SIDE_STYLE('',(#4384));
#4190=SURFACE_SIDE_STYLE('',(#4385));
#4191=SURFACE_SIDE_STYLE('',(#4386));
#4192=SURFACE_SIDE_STYLE('',(#4387));
#4193=SURFACE_SIDE_STYLE('',(#4388));
#4194=SURFACE_SIDE_STYLE('',(#4389));
#4195=SURFACE_SIDE_STYLE('',(#4390));
#4196=SURFACE_SIDE_STYLE('',(#4391));
#4197=SURFACE_SIDE_STYLE('',(#4392));
#4198=SURFACE_SIDE_STYLE('',(#4393));
#4199=SURFACE_SIDE_STYLE('',(#4394));
#4200=SURFACE_SIDE_STYLE('',(#4395));
#4201=SURFACE_SIDE_STYLE('',(#4396));
#4202=SURFACE_SIDE_STYLE('',(#4397));
#4203=SURFACE_SIDE_STYLE('',(#4398));
#4204=SURFACE_SIDE_STYLE('',(#4399));
#4205=SURFACE_SIDE_STYLE('',(#4400));
#4206=SURFACE_SIDE_STYLE('',(#4401));
#4207=SURFACE_SIDE_STYLE('',(#4402));
#4208=SURFACE_SIDE_STYLE('',(#4403));
#4209=SURFACE_SIDE_STYLE('',(#4404));
#4210=SURFACE_SIDE_STYLE('',(#4405));
#4211=SURFACE_SIDE_STYLE('',(#4406));
#4212=SURFACE_SIDE_STYLE('',(#4407));
#4213=SURFACE_SIDE_STYLE('',(#4408));
#4214=SURFACE_SIDE_STYLE('',(#4409));
#4215=SURFACE_SIDE_STYLE('',(#4410));
#4216=SURFACE_SIDE_STYLE('',(#4411));
#4217=SURFACE_SIDE_STYLE('',(#4412));
#4218=SURFACE_SIDE_STYLE('',(#4413));
#4219=SURFACE_SIDE_STYLE('',(#4414));
#4220=SURFACE_SIDE_STYLE('',(#4415));
#4221=SURFACE_SIDE_STYLE('',(#4416));
#4222=SURFACE_SIDE_STYLE('',(#4417));
#4223=SURFACE_SIDE_STYLE('',(#4418));
#4224=SURFACE_SIDE_STYLE('',(#4419));
#4225=SURFACE_SIDE_STYLE('',(#4420));
#4226=SURFACE_SIDE_STYLE('',(#4421));
#4227=SURFACE_SIDE_STYLE('',(#4422));
#4228=SURFACE_SIDE_STYLE('',(#4423));
#4229=SURFACE_SIDE_STYLE('',(#4424));
#4230=SURFACE_SIDE_STYLE('',(#4425));
#4231=SURFACE_SIDE_STYLE('',(#4426));
#4232=SURFACE_SIDE_STYLE('',(#4427));
#4233=SURFACE_SIDE_STYLE('',(#4428));
#4234=SURFACE_SIDE_STYLE('',(#4429));
#4235=SURFACE_SIDE_STYLE('',(#4430));
#4236=SURFACE_SIDE_STYLE('',(#4431));
#4237=SURFACE_SIDE_STYLE('',(#4432));
#4238=SURFACE_SIDE_STYLE('',(#4433));
#4239=SURFACE_SIDE_STYLE('',(#4434));
#4240=SURFACE_SIDE_STYLE('',(#4435));
#4241=SURFACE_SIDE_STYLE('',(#4436));
#4242=SURFACE_SIDE_STYLE('',(#4437));
#4243=SURFACE_SIDE_STYLE('',(#4438));
#4244=SURFACE_SIDE_STYLE('',(#4439));
#4245=SURFACE_SIDE_STYLE('',(#4440));
#4246=SURFACE_SIDE_STYLE('',(#4441));
#4247=SURFACE_SIDE_STYLE('',(#4442));
#4248=SURFACE_SIDE_STYLE('',(#4443));
#4249=SURFACE_SIDE_STYLE('',(#4444));
#4250=SURFACE_SIDE_STYLE('',(#4445));
#4251=SURFACE_SIDE_STYLE('',(#4446));
#4252=SURFACE_SIDE_STYLE('',(#4447));
#4253=SURFACE_SIDE_STYLE('',(#4448));
#4254=SURFACE_SIDE_STYLE('',(#4449));
#4255=SURFACE_SIDE_STYLE('',(#4450));
#4256=SURFACE_SIDE_STYLE('',(#4451));
#4257=SURFACE_SIDE_STYLE('',(#4452));
#4258=SURFACE_SIDE_STYLE('',(#4453));
#4259=SURFACE_SIDE_STYLE('',(#4454));
#4260=SURFACE_SIDE_STYLE('',(#4455));
#4261=SURFACE_SIDE_STYLE('',(#4456));
#4262=SURFACE_SIDE_STYLE('',(#4457));
#4263=SURFACE_SIDE_STYLE('',(#4458));
#4264=SURFACE_SIDE_STYLE('',(#4459));
#4265=SURFACE_SIDE_STYLE('',(#4460));
#4266=SURFACE_SIDE_STYLE('',(#4461));
#4267=SURFACE_SIDE_STYLE('',(#4462));
#4268=SURFACE_SIDE_STYLE('',(#4463));
#4269=SURFACE_SIDE_STYLE('',(#4464));
#4270=SURFACE_SIDE_STYLE('',(#4465));
#4271=SURFACE_SIDE_STYLE('',(#4466));
#4272=SURFACE_SIDE_STYLE('',(#4467));
#4273=SURFACE_SIDE_STYLE('',(#4468));
#4274=SURFACE_SIDE_STYLE('',(#4469));
#4275=SURFACE_SIDE_STYLE('',(#4470));
#4276=SURFACE_SIDE_STYLE('',(#4471));
#4277=SURFACE_SIDE_STYLE('',(#4472));
#4278=SURFACE_SIDE_STYLE('',(#4473));
#4279=SURFACE_SIDE_STYLE('',(#4474));
#4280=SURFACE_SIDE_STYLE('',(#4475));
#4281=SURFACE_SIDE_STYLE('',(#4476));
#4282=SURFACE_SIDE_STYLE('',(#4477));
#4283=SURFACE_SIDE_STYLE('',(#4478));
#4284=SURFACE_SIDE_STYLE('',(#4479));
#4285=SURFACE_SIDE_STYLE('',(#4480));
#4286=SURFACE_SIDE_STYLE('',(#4481));
#4287=SURFACE_SIDE_STYLE('',(#4482));
#4288=SURFACE_SIDE_STYLE('',(#4483));
#4289=SURFACE_SIDE_STYLE('',(#4484));
#4290=SURFACE_SIDE_STYLE('',(#4485));
#4291=SURFACE_SIDE_STYLE('',(#4486));
#4292=SURFACE_SIDE_STYLE('',(#4487));
#4293=SURFACE_SIDE_STYLE('',(#4488));
#4294=SURFACE_SIDE_STYLE('',(#4489));
#4295=SURFACE_SIDE_STYLE('',(#4490));
#4296=SURFACE_SIDE_STYLE('',(#4491));
#4297=SURFACE_SIDE_STYLE('',(#4492));
#4298=SURFACE_SIDE_STYLE('',(#4493));
#4299=SURFACE_SIDE_STYLE('',(#4494));
#4300=SURFACE_SIDE_STYLE('',(#4495));
#4301=SURFACE_SIDE_STYLE('',(#4496));
#4302=SURFACE_SIDE_STYLE('',(#4497));
#4303=SURFACE_SIDE_STYLE('',(#4498));
#4304=SURFACE_SIDE_STYLE('',(#4499));
#4305=SURFACE_SIDE_STYLE('',(#4500));
#4306=SURFACE_SIDE_STYLE('',(#4501));
#4307=SURFACE_SIDE_STYLE('',(#4502));
#4308=SURFACE_SIDE_STYLE('',(#4503));
#4309=SURFACE_SIDE_STYLE('',(#4504));
#4310=SURFACE_SIDE_STYLE('',(#4505));
#4311=SURFACE_SIDE_STYLE('',(#4506));
#4312=SURFACE_SIDE_STYLE('',(#4507));
#4313=SURFACE_SIDE_STYLE('',(#4508));
#4314=SURFACE_SIDE_STYLE('',(#4509));
#4315=SURFACE_SIDE_STYLE('',(#4510));
#4316=SURFACE_SIDE_STYLE('',(#4511));
#4317=SURFACE_SIDE_STYLE('',(#4512));
#4318=SURFACE_SIDE_STYLE('',(#4513));
#4319=SURFACE_SIDE_STYLE('',(#4514));
#4320=SURFACE_SIDE_STYLE('',(#4515));
#4321=SURFACE_SIDE_STYLE('',(#4516));
#4322=SURFACE_SIDE_STYLE('',(#4517));
#4323=SURFACE_SIDE_STYLE('',(#4518));
#4324=SURFACE_SIDE_STYLE('',(#4519));
#4325=SURFACE_SIDE_STYLE('',(#4520));
#4326=SURFACE_SIDE_STYLE('',(#4521));
#4327=SURFACE_SIDE_STYLE('',(#4522));
#4328=SURFACE_SIDE_STYLE('',(#4523));
#4329=SURFACE_SIDE_STYLE('',(#4524));
#4330=SURFACE_SIDE_STYLE('',(#4525));
#4331=SURFACE_SIDE_STYLE('',(#4526));
#4332=SURFACE_SIDE_STYLE('',(#4527));
#4333=SURFACE_SIDE_STYLE('',(#4528));
#4334=SURFACE_SIDE_STYLE('',(#4529));
#4335=SURFACE_SIDE_STYLE('',(#4530));
#4336=SURFACE_SIDE_STYLE('',(#4531));
#4337=SURFACE_SIDE_STYLE('',(#4532));
#4338=SURFACE_SIDE_STYLE('',(#4533));
#4339=SURFACE_SIDE_STYLE('',(#4534));
#4340=SURFACE_SIDE_STYLE('',(#4535));
#4341=SURFACE_SIDE_STYLE('',(#4536));
#4342=SURFACE_SIDE_STYLE('',(#4537));
#4343=SURFACE_SIDE_STYLE('',(#4538));
#4344=SURFACE_SIDE_STYLE('',(#4539));
#4345=SURFACE_SIDE_STYLE('',(#4540));
#4346=SURFACE_SIDE_STYLE('',(#4541));
#4347=SURFACE_SIDE_STYLE('',(#4542));
#4348=SURFACE_SIDE_STYLE('',(#4543));
#4349=SURFACE_SIDE_STYLE('',(#4544));
#4350=SURFACE_SIDE_STYLE('',(#4545));
#4351=SURFACE_SIDE_STYLE('',(#4546));
#4352=SURFACE_SIDE_STYLE('',(#4547));
#4353=SURFACE_SIDE_STYLE('',(#4548));
#4354=SURFACE_SIDE_STYLE('',(#4549));
#4355=SURFACE_SIDE_STYLE('',(#4550));
#4356=SURFACE_SIDE_STYLE('',(#4551));
#4357=SURFACE_SIDE_STYLE('',(#4552));
#4358=SURFACE_SIDE_STYLE('',(#4553));
#4359=SURFACE_SIDE_STYLE('',(#4554));
#4360=SURFACE_SIDE_STYLE('',(#4555));
#4361=SURFACE_SIDE_STYLE('',(#4556));
#4362=SURFACE_SIDE_STYLE('',(#4557));
#4363=SURFACE_SIDE_STYLE('',(#4558));
#4364=SURFACE_SIDE_STYLE('',(#4559));
#4365=SURFACE_SIDE_STYLE('',(#4560));
#4366=SURFACE_SIDE_STYLE('',(#4561));
#4367=SURFACE_SIDE_STYLE('',(#4562));
#4368=SURFACE_SIDE_STYLE('',(#4563));
#4369=SURFACE_SIDE_STYLE('',(#4564));
#4370=SURFACE_SIDE_STYLE('',(#4565));
#4371=SURFACE_SIDE_STYLE('',(#4566));
#4372=SURFACE_SIDE_STYLE('',(#4567));
#4373=SURFACE_SIDE_STYLE('',(#4568));
#4374=SURFACE_SIDE_STYLE('',(#4569));
#4375=SURFACE_SIDE_STYLE('',(#4570));
#4376=SURFACE_STYLE_FILL_AREA(#4571);
#4377=SURFACE_STYLE_FILL_AREA(#4572);
#4378=SURFACE_STYLE_FILL_AREA(#4573);
#4379=SURFACE_STYLE_FILL_AREA(#4574);
#4380=SURFACE_STYLE_FILL_AREA(#4575);
#4381=SURFACE_STYLE_FILL_AREA(#4576);
#4382=SURFACE_STYLE_FILL_AREA(#4577);
#4383=SURFACE_STYLE_FILL_AREA(#4578);
#4384=SURFACE_STYLE_FILL_AREA(#4579);
#4385=SURFACE_STYLE_FILL_AREA(#4580);
#4386=SURFACE_STYLE_FILL_AREA(#4581);
#4387=SURFACE_STYLE_FILL_AREA(#4582);
#4388=SURFACE_STYLE_FILL_AREA(#4583);
#4389=SURFACE_STYLE_FILL_AREA(#4584);
#4390=SURFACE_STYLE_FILL_AREA(#4585);
#4391=SURFACE_STYLE_FILL_AREA(#4586);
#4392=SURFACE_STYLE_FILL_AREA(#4587);
#4393=SURFACE_STYLE_FILL_AREA(#4588);
#4394=SURFACE_STYLE_FILL_AREA(#4589);
#4395=SURFACE_STYLE_FILL_AREA(#4590);
#4396=SURFACE_STYLE_FILL_AREA(#4591);
#4397=SURFACE_STYLE_FILL_AREA(#4592);
#4398=SURFACE_STYLE_FILL_AREA(#4593);
#4399=SURFACE_STYLE_FILL_AREA(#4594);
#4400=SURFACE_STYLE_FILL_AREA(#4595);
#4401=SURFACE_STYLE_FILL_AREA(#4596);
#4402=SURFACE_STYLE_FILL_AREA(#4597);
#4403=SURFACE_STYLE_FILL_AREA(#4598);
#4404=SURFACE_STYLE_FILL_AREA(#4599);
#4405=SURFACE_STYLE_FILL_AREA(#4600);
#4406=SURFACE_STYLE_FILL_AREA(#4601);
#4407=SURFACE_STYLE_FILL_AREA(#4602);
#4408=SURFACE_STYLE_FILL_AREA(#4603);
#4409=SURFACE_STYLE_FILL_AREA(#4604);
#4410=SURFACE_STYLE_FILL_AREA(#4605);
#4411=SURFACE_STYLE_FILL_AREA(#4606);
#4412=SURFACE_STYLE_FILL_AREA(#4607);
#4413=SURFACE_STYLE_FILL_AREA(#4608);
#4414=SURFACE_STYLE_FILL_AREA(#4609);
#4415=SURFACE_STYLE_FILL_AREA(#4610);
#4416=SURFACE_STYLE_FILL_AREA(#4611);
#4417=SURFACE_STYLE_FILL_AREA(#4612);
#4418=SURFACE_STYLE_FILL_AREA(#4613);
#4419=SURFACE_STYLE_FILL_AREA(#4614);
#4420=SURFACE_STYLE_FILL_AREA(#4615);
#4421=SURFACE_STYLE_FILL_AREA(#4616);
#4422=SURFACE_STYLE_FILL_AREA(#4617);
#4423=SURFACE_STYLE_FILL_AREA(#4618);
#4424=SURFACE_STYLE_FILL_AREA(#4619);
#4425=SURFACE_STYLE_FILL_AREA(#4620);
#4426=SURFACE_STYLE_FILL_AREA(#4621);
#4427=SURFACE_STYLE_FILL_AREA(#4622);
#4428=SURFACE_STYLE_FILL_AREA(#4623);
#4429=SURFACE_STYLE_FILL_AREA(#4624);
#4430=SURFACE_STYLE_FILL_AREA(#4625);
#4431=SURFACE_STYLE_FILL_AREA(#4626);
#4432=SURFACE_STYLE_FILL_AREA(#4627);
#4433=SURFACE_STYLE_FILL_AREA(#4628);
#4434=SURFACE_STYLE_FILL_AREA(#4629);
#4435=SURFACE_STYLE_FILL_AREA(#4630);
#4436=SURFACE_STYLE_FILL_AREA(#4631);
#4437=SURFACE_STYLE_FILL_AREA(#4632);
#4438=SURFACE_STYLE_FILL_AREA(#4633);
#4439=SURFACE_STYLE_FILL_AREA(#4634);
#4440=SURFACE_STYLE_FILL_AREA(#4635);
#4441=SURFACE_STYLE_FILL_AREA(#4636);
#4442=SURFACE_STYLE_FILL_AREA(#4637);
#4443=SURFACE_STYLE_FILL_AREA(#4638);
#4444=SURFACE_STYLE_FILL_AREA(#4639);
#4445=SURFACE_STYLE_FILL_AREA(#4640);
#4446=SURFACE_STYLE_FILL_AREA(#4641);
#4447=SURFACE_STYLE_FILL_AREA(#4642);
#4448=SURFACE_STYLE_FILL_AREA(#4643);
#4449=SURFACE_STYLE_FILL_AREA(#4644);
#4450=SURFACE_STYLE_FILL_AREA(#4645);
#4451=SURFACE_STYLE_FILL_AREA(#4646);
#4452=SURFACE_STYLE_FILL_AREA(#4647);
#4453=SURFACE_STYLE_FILL_AREA(#4648);
#4454=SURFACE_STYLE_FILL_AREA(#4649);
#4455=SURFACE_STYLE_FILL_AREA(#4650);
#4456=SURFACE_STYLE_FILL_AREA(#4651);
#4457=SURFACE_STYLE_FILL_AREA(#4652);
#4458=SURFACE_STYLE_FILL_AREA(#4653);
#4459=SURFACE_STYLE_FILL_AREA(#4654);
#4460=SURFACE_STYLE_FILL_AREA(#4655);
#4461=SURFACE_STYLE_FILL_AREA(#4656);
#4462=SURFACE_STYLE_FILL_AREA(#4657);
#4463=SURFACE_STYLE_FILL_AREA(#4658);
#4464=SURFACE_STYLE_FILL_AREA(#4659);
#4465=SURFACE_STYLE_FILL_AREA(#4660);
#4466=SURFACE_STYLE_FILL_AREA(#4661);
#4467=SURFACE_STYLE_FILL_AREA(#4662);
#4468=SURFACE_STYLE_FILL_AREA(#4663);
#4469=SURFACE_STYLE_FILL_AREA(#4664);
#4470=SURFACE_STYLE_FILL_AREA(#4665);
#4471=SURFACE_STYLE_FILL_AREA(#4666);
#4472=SURFACE_STYLE_FILL_AREA(#4667);
#4473=SURFACE_STYLE_FILL_AREA(#4668);
#4474=SURFACE_STYLE_FILL_AREA(#4669);
#4475=SURFACE_STYLE_FILL_AREA(#4670);
#4476=SURFACE_STYLE_FILL_AREA(#4671);
#4477=SURFACE_STYLE_FILL_AREA(#4672);
#4478=SURFACE_STYLE_FILL_AREA(#4673);
#4479=SURFACE_STYLE_FILL_AREA(#4674);
#4480=SURFACE_STYLE_FILL_AREA(#4675);
#4481=SURFACE_STYLE_FILL_AREA(#4676);
#4482=SURFACE_STYLE_FILL_AREA(#4677);
#4483=SURFACE_STYLE_FILL_AREA(#4678);
#4484=SURFACE_STYLE_FILL_AREA(#4679);
#4485=SURFACE_STYLE_FILL_AREA(#4680);
#4486=SURFACE_STYLE_FILL_AREA(#4681);
#4487=SURFACE_STYLE_FILL_AREA(#4682);
#4488=SURFACE_STYLE_FILL_AREA(#4683);
#4489=SURFACE_STYLE_FILL_AREA(#4684);
#4490=SURFACE_STYLE_FILL_AREA(#4685);
#4491=SURFACE_STYLE_FILL_AREA(#4686);
#4492=SURFACE_STYLE_FILL_AREA(#4687);
#4493=SURFACE_STYLE_FILL_AREA(#4688);
#4494=SURFACE_STYLE_FILL_AREA(#4689);
#4495=SURFACE_STYLE_FILL_AREA(#4690);
#4496=SURFACE_STYLE_FILL_AREA(#4691);
#4497=SURFACE_STYLE_FILL_AREA(#4692);
#4498=SURFACE_STYLE_FILL_AREA(#4693);
#4499=SURFACE_STYLE_FILL_AREA(#4694);
#4500=SURFACE_STYLE_FILL_AREA(#4695);
#4501=SURFACE_STYLE_FILL_AREA(#4696);
#4502=SURFACE_STYLE_FILL_AREA(#4697);
#4503=SURFACE_STYLE_FILL_AREA(#4698);
#4504=SURFACE_STYLE_FILL_AREA(#4699);
#4505=SURFACE_STYLE_FILL_AREA(#4700);
#4506=SURFACE_STYLE_FILL_AREA(#4701);
#4507=SURFACE_STYLE_FILL_AREA(#4702);
#4508=SURFACE_STYLE_FILL_AREA(#4703);
#4509=SURFACE_STYLE_FILL_AREA(#4704);
#4510=SURFACE_STYLE_FILL_AREA(#4705);
#4511=SURFACE_STYLE_FILL_AREA(#4706);
#4512=SURFACE_STYLE_FILL_AREA(#4707);
#4513=SURFACE_STYLE_FILL_AREA(#4708);
#4514=SURFACE_STYLE_FILL_AREA(#4709);
#4515=SURFACE_STYLE_FILL_AREA(#4710);
#4516=SURFACE_STYLE_FILL_AREA(#4711);
#4517=SURFACE_STYLE_FILL_AREA(#4712);
#4518=SURFACE_STYLE_FILL_AREA(#4713);
#4519=SURFACE_STYLE_FILL_AREA(#4714);
#4520=SURFACE_STYLE_FILL_AREA(#4715);
#4521=SURFACE_STYLE_FILL_AREA(#4716);
#4522=SURFACE_STYLE_FILL_AREA(#4717);
#4523=SURFACE_STYLE_FILL_AREA(#4718);
#4524=SURFACE_STYLE_FILL_AREA(#4719);
#4525=SURFACE_STYLE_FILL_AREA(#4720);
#4526=SURFACE_STYLE_FILL_AREA(#4721);
#4527=SURFACE_STYLE_FILL_AREA(#4722);
#4528=SURFACE_STYLE_FILL_AREA(#4723);
#4529=SURFACE_STYLE_FILL_AREA(#4724);
#4530=SURFACE_STYLE_FILL_AREA(#4725);
#4531=SURFACE_STYLE_FILL_AREA(#4726);
#4532=SURFACE_STYLE_FILL_AREA(#4727);
#4533=SURFACE_STYLE_FILL_AREA(#4728);
#4534=SURFACE_STYLE_FILL_AREA(#4729);
#4535=SURFACE_STYLE_FILL_AREA(#4730);
#4536=SURFACE_STYLE_FILL_AREA(#4731);
#4537=SURFACE_STYLE_FILL_AREA(#4732);
#4538=SURFACE_STYLE_FILL_AREA(#4733);
#4539=SURFACE_STYLE_FILL_AREA(#4734);
#4540=SURFACE_STYLE_FILL_AREA(#4735);
#4541=SURFACE_STYLE_FILL_AREA(#4736);
#4542=SURFACE_STYLE_FILL_AREA(#4737);
#4543=SURFACE_STYLE_FILL_AREA(#4738);
#4544=SURFACE_STYLE_FILL_AREA(#4739);
#4545=SURFACE_STYLE_FILL_AREA(#4740);
#4546=SURFACE_STYLE_FILL_AREA(#4741);
#4547=SURFACE_STYLE_FILL_AREA(#4742);
#4548=SURFACE_STYLE_FILL_AREA(#4743);
#4549=SURFACE_STYLE_FILL_AREA(#4744);
#4550=SURFACE_STYLE_FILL_AREA(#4745);
#4551=SURFACE_STYLE_FILL_AREA(#4746);
#4552=SURFACE_STYLE_FILL_AREA(#4747);
#4553=SURFACE_STYLE_FILL_AREA(#4748);
#4554=SURFACE_STYLE_FILL_AREA(#4749);
#4555=SURFACE_STYLE_FILL_AREA(#4750);
#4556=SURFACE_STYLE_FILL_AREA(#4751);
#4557=SURFACE_STYLE_FILL_AREA(#4752);
#4558=SURFACE_STYLE_FILL_AREA(#4753);
#4559=SURFACE_STYLE_FILL_AREA(#4754);
#4560=SURFACE_STYLE_FILL_AREA(#4755);
#4561=SURFACE_STYLE_FILL_AREA(#4756);
#4562=SURFACE_STYLE_FILL_AREA(#4757);
#4563=SURFACE_STYLE_FILL_AREA(#4758);
#4564=SURFACE_STYLE_FILL_AREA(#4759);
#4565=SURFACE_STYLE_FILL_AREA(#4760);
#4566=SURFACE_STYLE_FILL_AREA(#4761);
#4567=SURFACE_STYLE_FILL_AREA(#4762);
#4568=SURFACE_STYLE_FILL_AREA(#4763);
#4569=SURFACE_STYLE_FILL_AREA(#4764);
#4570=SURFACE_STYLE_FILL_AREA(#4765);
#4571=FILL_AREA_STYLE('',(#4766));
#4572=FILL_AREA_STYLE('',(#4767));
#4573=FILL_AREA_STYLE('',(#4768));
#4574=FILL_AREA_STYLE('',(#4769));
#4575=FILL_AREA_STYLE('',(#4770));
#4576=FILL_AREA_STYLE('',(#4771));
#4577=FILL_AREA_STYLE('',(#4772));
#4578=FILL_AREA_STYLE('',(#4773));
#4579=FILL_AREA_STYLE('',(#4774));
#4580=FILL_AREA_STYLE('',(#4775));
#4581=FILL_AREA_STYLE('',(#4776));
#4582=FILL_AREA_STYLE('',(#4777));
#4583=FILL_AREA_STYLE('',(#4778));
#4584=FILL_AREA_STYLE('',(#4779));
#4585=FILL_AREA_STYLE('',(#4780));
#4586=FILL_AREA_STYLE('',(#4781));
#4587=FILL_AREA_STYLE('',(#4782));
#4588=FILL_AREA_STYLE('',(#4783));
#4589=FILL_AREA_STYLE('',(#4784));
#4590=FILL_AREA_STYLE('',(#4785));
#4591=FILL_AREA_STYLE('',(#4786));
#4592=FILL_AREA_STYLE('',(#4787));
#4593=FILL_AREA_STYLE('',(#4788));
#4594=FILL_AREA_STYLE('',(#4789));
#4595=FILL_AREA_STYLE('',(#4790));
#4596=FILL_AREA_STYLE('',(#4791));
#4597=FILL_AREA_STYLE('',(#4792));
#4598=FILL_AREA_STYLE('',(#4793));
#4599=FILL_AREA_STYLE('',(#4794));
#4600=FILL_AREA_STYLE('',(#4795));
#4601=FILL_AREA_STYLE('',(#4796));
#4602=FILL_AREA_STYLE('',(#4797));
#4603=FILL_AREA_STYLE('',(#4798));
#4604=FILL_AREA_STYLE('',(#4799));
#4605=FILL_AREA_STYLE('',(#4800));
#4606=FILL_AREA_STYLE('',(#4801));
#4607=FILL_AREA_STYLE('',(#4802));
#4608=FILL_AREA_STYLE('',(#4803));
#4609=FILL_AREA_STYLE('',(#4804));
#4610=FILL_AREA_STYLE('',(#4805));
#4611=FILL_AREA_STYLE('',(#4806));
#4612=FILL_AREA_STYLE('',(#4807));
#4613=FILL_AREA_STYLE('',(#4808));
#4614=FILL_AREA_STYLE('',(#4809));
#4615=FILL_AREA_STYLE('',(#4810));
#4616=FILL_AREA_STYLE('',(#4811));
#4617=FILL_AREA_STYLE('',(#4812));
#4618=FILL_AREA_STYLE('',(#4813));
#4619=FILL_AREA_STYLE('',(#4814));
#4620=FILL_AREA_STYLE('',(#4815));
#4621=FILL_AREA_STYLE('',(#4816));
#4622=FILL_AREA_STYLE('',(#4817));
#4623=FILL_AREA_STYLE('',(#4818));
#4624=FILL_AREA_STYLE('',(#4819));
#4625=FILL_AREA_STYLE('',(#4820));
#4626=FILL_AREA_STYLE('',(#4821));
#4627=FILL_AREA_STYLE('',(#4822));
#4628=FILL_AREA_STYLE('',(#4823));
#4629=FILL_AREA_STYLE('',(#4824));
#4630=FILL_AREA_STYLE('',(#4825));
#4631=FILL_AREA_STYLE('',(#4826));
#4632=FILL_AREA_STYLE('',(#4827));
#4633=FILL_AREA_STYLE('',(#4828));
#4634=FILL_AREA_STYLE('',(#4829));
#4635=FILL_AREA_STYLE('',(#4830));
#4636=FILL_AREA_STYLE('',(#4831));
#4637=FILL_AREA_STYLE('',(#4832));
#4638=FILL_AREA_STYLE('',(#4833));
#4639=FILL_AREA_STYLE('',(#4834));
#4640=FILL_AREA_STYLE('',(#4835));
#4641=FILL_AREA_STYLE('',(#4836));
#4642=FILL_AREA_STYLE('',(#4837));
#4643=FILL_AREA_STYLE('',(#4838));
#4644=FILL_AREA_STYLE('',(#4839));
#4645=FILL_AREA_STYLE('',(#4840));
#4646=FILL_AREA_STYLE('',(#4841));
#4647=FILL_AREA_STYLE('',(#4842));
#4648=FILL_AREA_STYLE('',(#4843));
#4649=FILL_AREA_STYLE('',(#4844));
#4650=FILL_AREA_STYLE('',(#4845));
#4651=FILL_AREA_STYLE('',(#4846));
#4652=FILL_AREA_STYLE('',(#4847));
#4653=FILL_AREA_STYLE('',(#4848));
#4654=FILL_AREA_STYLE('',(#4849));
#4655=FILL_AREA_STYLE('',(#4850));
#4656=FILL_AREA_STYLE('',(#4851));
#4657=FILL_AREA_STYLE('',(#4852));
#4658=FILL_AREA_STYLE('',(#4853));
#4659=FILL_AREA_STYLE('',(#4854));
#4660=FILL_AREA_STYLE('',(#4855));
#4661=FILL_AREA_STYLE('',(#4856));
#4662=FILL_AREA_STYLE('',(#4857));
#4663=FILL_AREA_STYLE('',(#4858));
#4664=FILL_AREA_STYLE('',(#4859));
#4665=FILL_AREA_STYLE('',(#4860));
#4666=FILL_AREA_STYLE('',(#4861));
#4667=FILL_AREA_STYLE('',(#4862));
#4668=FILL_AREA_STYLE('',(#4863));
#4669=FILL_AREA_STYLE('',(#4864));
#4670=FILL_AREA_STYLE('',(#4865));
#4671=FILL_AREA_STYLE('',(#4866));
#4672=FILL_AREA_STYLE('',(#4867));
#4673=FILL_AREA_STYLE('',(#4868));
#4674=FILL_AREA_STYLE('',(#4869));
#4675=FILL_AREA_STYLE('',(#4870));
#4676=FILL_AREA_STYLE('',(#4871));
#4677=FILL_AREA_STYLE('',(#4872));
#4678=FILL_AREA_STYLE('',(#4873));
#4679=FILL_AREA_STYLE('',(#4874));
#4680=FILL_AREA_STYLE('',(#4875));
#4681=FILL_AREA_STYLE('',(#4876));
#4682=FILL_AREA_STYLE('',(#4877));
#4683=FILL_AREA_STYLE('',(#4878));
#4684=FILL_AREA_STYLE('',(#4879));
#4685=FILL_AREA_STYLE('',(#4880));
#4686=FILL_AREA_STYLE('',(#4881));
#4687=FILL_AREA_STYLE('',(#4882));
#4688=FILL_AREA_STYLE('',(#4883));
#4689=FILL_AREA_STYLE('',(#4884));
#4690=FILL_AREA_STYLE('',(#4885));
#4691=FILL_AREA_STYLE('',(#4886));
#4692=FILL_AREA_STYLE('',(#4887));
#4693=FILL_AREA_STYLE('',(#4888));
#4694=FILL_AREA_STYLE('',(#4889));
#4695=FILL_AREA_STYLE('',(#4890));
#4696=FILL_AREA_STYLE('',(#4891));
#4697=FILL_AREA_STYLE('',(#4892));
#4698=FILL_AREA_STYLE('',(#4893));
#4699=FILL_AREA_STYLE('',(#4894));
#4700=FILL_AREA_STYLE('',(#4895));
#4701=FILL_AREA_STYLE('',(#4896));
#4702=FILL_AREA_STYLE('',(#4897));
#4703=FILL_AREA_STYLE('',(#4898));
#4704=FILL_AREA_STYLE('',(#4899));
#4705=FILL_AREA_STYLE('',(#4900));
#4706=FILL_AREA_STYLE('',(#4901));
#4707=FILL_AREA_STYLE('',(#4902));
#4708=FILL_AREA_STYLE('',(#4903));
#4709=FILL_AREA_STYLE('',(#4904));
#4710=FILL_AREA_STYLE('',(#4905));
#4711=FILL_AREA_STYLE('',(#4906));
#4712=FILL_AREA_STYLE('',(#4907));
#4713=FILL_AREA_STYLE('',(#4908));
#4714=FILL_AREA_STYLE('',(#4909));
#4715=FILL_AREA_STYLE('',(#4910));
#4716=FILL_AREA_STYLE('',(#4911));
#4717=FILL_AREA_STYLE('',(#4912));
#4718=FILL_AREA_STYLE('',(#4913));
#4719=FILL_AREA_STYLE('',(#4914));
#4720=FILL_AREA_STYLE('',(#4915));
#4721=FILL_AREA_STYLE('',(#4916));
#4722=FILL_AREA_STYLE('',(#4917));
#4723=FILL_AREA_STYLE('',(#4918));
#4724=FILL_AREA_STYLE('',(#4919));
#4725=FILL_AREA_STYLE('',(#4920));
#4726=FILL_AREA_STYLE('',(#4921));
#4727=FILL_AREA_STYLE('',(#4922));
#4728=FILL_AREA_STYLE('',(#4923));
#4729=FILL_AREA_STYLE('',(#4924));
#4730=FILL_AREA_STYLE('',(#4925));
#4731=FILL_AREA_STYLE('',(#4926));
#4732=FILL_AREA_STYLE('',(#4927));
#4733=FILL_AREA_STYLE('',(#4928));
#4734=FILL_AREA_STYLE('',(#4929));
#4735=FILL_AREA_STYLE('',(#4930));
#4736=FILL_AREA_STYLE('',(#4931));
#4737=FILL_AREA_STYLE('',(#4932));
#4738=FILL_AREA_STYLE('',(#4933));
#4739=FILL_AREA_STYLE('',(#4934));
#4740=FILL_AREA_STYLE('',(#4935));
#4741=FILL_AREA_STYLE('',(#4936));
#4742=FILL_AREA_STYLE('',(#4937));
#4743=FILL_AREA_STYLE('',(#4938));
#4744=FILL_AREA_STYLE('',(#4939));
#4745=FILL_AREA_STYLE('',(#4940));
#4746=FILL_AREA_STYLE('',(#4941));
#4747=FILL_AREA_STYLE('',(#4942));
#4748=FILL_AREA_STYLE('',(#4943));
#4749=FILL_AREA_STYLE('',(#4944));
#4750=FILL_AREA_STYLE('',(#4945));
#4751=FILL_AREA_STYLE('',(#4946));
#4752=FILL_AREA_STYLE('',(#4947));
#4753=FILL_AREA_STYLE('',(#4948));
#4754=FILL_AREA_STYLE('',(#4949));
#4755=FILL_AREA_STYLE('',(#4950));
#4756=FILL_AREA_STYLE('',(#4951));
#4757=FILL_AREA_STYLE('',(#4952));
#4758=FILL_AREA_STYLE('',(#4953));
#4759=FILL_AREA_STYLE('',(#4954));
#4760=FILL_AREA_STYLE('',(#4955));
#4761=FILL_AREA_STYLE('',(#4956));
#4762=FILL_AREA_STYLE('',(#4957));
#4763=FILL_AREA_STYLE('',(#4958));
#4764=FILL_AREA_STYLE('',(#4959));
#4765=FILL_AREA_STYLE('',(#4960));
#4766=FILL_AREA_STYLE_COLOUR('',#4961);
#4767=FILL_AREA_STYLE_COLOUR('',#4961);
#4768=FILL_AREA_STYLE_COLOUR('',#4961);
#4769=FILL_AREA_STYLE_COLOUR('',#4961);
#4770=FILL_AREA_STYLE_COLOUR('',#4961);
#4771=FILL_AREA_STYLE_COLOUR('',#4961);
#4772=FILL_AREA_STYLE_COLOUR('',#4961);
#4773=FILL_AREA_STYLE_COLOUR('',#4961);
#4774=FILL_AREA_STYLE_COLOUR('',#4961);
#4775=FILL_AREA_STYLE_COLOUR('',#4961);
#4776=FILL_AREA_STYLE_COLOUR('',#4961);
#4777=FILL_AREA_STYLE_COLOUR('',#4961);
#4778=FILL_AREA_STYLE_COLOUR('',#4961);
#4779=FILL_AREA_STYLE_COLOUR('',#4961);
#4780=FILL_AREA_STYLE_COLOUR('',#4961);
#4781=FILL_AREA_STYLE_COLOUR('',#4961);
#4782=FILL_AREA_STYLE_COLOUR('',#4961);
#4783=FILL_AREA_STYLE_COLOUR('',#4961);
#4784=FILL_AREA_STYLE_COLOUR('',#4961);
#4785=FILL_AREA_STYLE_COLOUR('',#4961);
#4786=FILL_AREA_STYLE_COLOUR('',#4961);
#4787=FILL_AREA_STYLE_COLOUR('',#4961);
#4788=FILL_AREA_STYLE_COLOUR('',#4961);
#4789=FILL_AREA_STYLE_COLOUR('',#4961);
#4790=FILL_AREA_STYLE_COLOUR('',#4961);
#4791=FILL_AREA_STYLE_COLOUR('',#4961);
#4792=FILL_AREA_STYLE_COLOUR('',#4961);
#4793=FILL_AREA_STYLE_COLOUR('',#4961);
#4794=FILL_AREA_STYLE_COLOUR('',#4961);
#4795=FILL_AREA_STYLE_COLOUR('',#4961);
#4796=FILL_AREA_STYLE_COLOUR('',#4961);
#4797=FILL_AREA_STYLE_COLOUR('',#4961);
#4798=FILL_AREA_STYLE_COLOUR('',#4961);
#4799=FILL_AREA_STYLE_COLOUR('',#4961);
#4800=FILL_AREA_STYLE_COLOUR('',#4961);
#4801=FILL_AREA_STYLE_COLOUR('',#4961);
#4802=FILL_AREA_STYLE_COLOUR('',#4961);
#4803=FILL_AREA_STYLE_COLOUR('',#4961);
#4804=FILL_AREA_STYLE_COLOUR('',#4961);
#4805=FILL_AREA_STYLE_COLOUR('',#4961);
#4806=FILL_AREA_STYLE_COLOUR('',#4961);
#4807=FILL_AREA_STYLE_COLOUR('',#4961);
#4808=FILL_AREA_STYLE_COLOUR('',#4961);
#4809=FILL_AREA_STYLE_COLOUR('',#4961);
#4810=FILL_AREA_STYLE_COLOUR('',#4961);
#4811=FILL_AREA_STYLE_COLOUR('',#23);
#4812=FILL_AREA_STYLE_COLOUR('',#4961);
#4813=FILL_AREA_STYLE_COLOUR('',#4961);
#4814=FILL_AREA_STYLE_COLOUR('',#4961);
#4815=FILL_AREA_STYLE_COLOUR('',#4961);
#4816=FILL_AREA_STYLE_COLOUR('',#4961);
#4817=FILL_AREA_STYLE_COLOUR('',#4961);
#4818=FILL_AREA_STYLE_COLOUR('',#4961);
#4819=FILL_AREA_STYLE_COLOUR('',#4961);
#4820=FILL_AREA_STYLE_COLOUR('',#4961);
#4821=FILL_AREA_STYLE_COLOUR('',#4961);
#4822=FILL_AREA_STYLE_COLOUR('',#4961);
#4823=FILL_AREA_STYLE_COLOUR('',#4961);
#4824=FILL_AREA_STYLE_COLOUR('',#23);
#4825=FILL_AREA_STYLE_COLOUR('',#4961);
#4826=FILL_AREA_STYLE_COLOUR('',#4961);
#4827=FILL_AREA_STYLE_COLOUR('',#4961);
#4828=FILL_AREA_STYLE_COLOUR('',#4961);
#4829=FILL_AREA_STYLE_COLOUR('',#4961);
#4830=FILL_AREA_STYLE_COLOUR('',#4961);
#4831=FILL_AREA_STYLE_COLOUR('',#4961);
#4832=FILL_AREA_STYLE_COLOUR('',#4961);
#4833=FILL_AREA_STYLE_COLOUR('',#4961);
#4834=FILL_AREA_STYLE_COLOUR('',#4961);
#4835=FILL_AREA_STYLE_COLOUR('',#23);
#4836=FILL_AREA_STYLE_COLOUR('',#4961);
#4837=FILL_AREA_STYLE_COLOUR('',#4961);
#4838=FILL_AREA_STYLE_COLOUR('',#4961);
#4839=FILL_AREA_STYLE_COLOUR('',#4961);
#4840=FILL_AREA_STYLE_COLOUR('',#4961);
#4841=FILL_AREA_STYLE_COLOUR('',#4961);
#4842=FILL_AREA_STYLE_COLOUR('',#4961);
#4843=FILL_AREA_STYLE_COLOUR('',#4961);
#4844=FILL_AREA_STYLE_COLOUR('',#4961);
#4845=FILL_AREA_STYLE_COLOUR('',#4961);
#4846=FILL_AREA_STYLE_COLOUR('',#4961);
#4847=FILL_AREA_STYLE_COLOUR('',#4961);
#4848=FILL_AREA_STYLE_COLOUR('',#4961);
#4849=FILL_AREA_STYLE_COLOUR('',#4961);
#4850=FILL_AREA_STYLE_COLOUR('',#23);
#4851=FILL_AREA_STYLE_COLOUR('',#4961);
#4852=FILL_AREA_STYLE_COLOUR('',#4961);
#4853=FILL_AREA_STYLE_COLOUR('',#4961);
#4854=FILL_AREA_STYLE_COLOUR('',#4961);
#4855=FILL_AREA_STYLE_COLOUR('',#4961);
#4856=FILL_AREA_STYLE_COLOUR('',#4961);
#4857=FILL_AREA_STYLE_COLOUR('',#4961);
#4858=FILL_AREA_STYLE_COLOUR('',#4961);
#4859=FILL_AREA_STYLE_COLOUR('',#4961);
#4860=FILL_AREA_STYLE_COLOUR('',#4961);
#4861=FILL_AREA_STYLE_COLOUR('',#4961);
#4862=FILL_AREA_STYLE_COLOUR('',#4961);
#4863=FILL_AREA_STYLE_COLOUR('',#4961);
#4864=FILL_AREA_STYLE_COLOUR('',#4961);
#4865=FILL_AREA_STYLE_COLOUR('',#23);
#4866=FILL_AREA_STYLE_COLOUR('',#4961);
#4867=FILL_AREA_STYLE_COLOUR('',#4961);
#4868=FILL_AREA_STYLE_COLOUR('',#4961);
#4869=FILL_AREA_STYLE_COLOUR('',#4961);
#4870=FILL_AREA_STYLE_COLOUR('',#4961);
#4871=FILL_AREA_STYLE_COLOUR('',#4961);
#4872=FILL_AREA_STYLE_COLOUR('',#4961);
#4873=FILL_AREA_STYLE_COLOUR('',#4961);
#4874=FILL_AREA_STYLE_COLOUR('',#4961);
#4875=FILL_AREA_STYLE_COLOUR('',#4961);
#4876=FILL_AREA_STYLE_COLOUR('',#4961);
#4877=FILL_AREA_STYLE_COLOUR('',#4961);
#4878=FILL_AREA_STYLE_COLOUR('',#4961);
#4879=FILL_AREA_STYLE_COLOUR('',#4961);
#4880=FILL_AREA_STYLE_COLOUR('',#4961);
#4881=FILL_AREA_STYLE_COLOUR('',#4961);
#4882=FILL_AREA_STYLE_COLOUR('',#4961);
#4883=FILL_AREA_STYLE_COLOUR('',#4961);
#4884=FILL_AREA_STYLE_COLOUR('',#4961);
#4885=FILL_AREA_STYLE_COLOUR('',#4961);
#4886=FILL_AREA_STYLE_COLOUR('',#4961);
#4887=FILL_AREA_STYLE_COLOUR('',#4961);
#4888=FILL_AREA_STYLE_COLOUR('',#4961);
#4889=FILL_AREA_STYLE_COLOUR('',#4961);
#4890=FILL_AREA_STYLE_COLOUR('',#4961);
#4891=FILL_AREA_STYLE_COLOUR('',#4961);
#4892=FILL_AREA_STYLE_COLOUR('',#4961);
#4893=FILL_AREA_STYLE_COLOUR('',#4961);
#4894=FILL_AREA_STYLE_COLOUR('',#4961);
#4895=FILL_AREA_STYLE_COLOUR('',#4961);
#4896=FILL_AREA_STYLE_COLOUR('',#4961);
#4897=FILL_AREA_STYLE_COLOUR('',#4961);
#4898=FILL_AREA_STYLE_COLOUR('',#4961);
#4899=FILL_AREA_STYLE_COLOUR('',#4961);
#4900=FILL_AREA_STYLE_COLOUR('',#4962);
#4901=FILL_AREA_STYLE_COLOUR('',#4962);
#4902=FILL_AREA_STYLE_COLOUR('',#4962);
#4903=FILL_AREA_STYLE_COLOUR('',#4962);
#4904=FILL_AREA_STYLE_COLOUR('',#4962);
#4905=FILL_AREA_STYLE_COLOUR('',#4962);
#4906=FILL_AREA_STYLE_COLOUR('',#4962);
#4907=FILL_AREA_STYLE_COLOUR('',#4962);
#4908=FILL_AREA_STYLE_COLOUR('',#4962);
#4909=FILL_AREA_STYLE_COLOUR('',#4962);
#4910=FILL_AREA_STYLE_COLOUR('',#4962);
#4911=FILL_AREA_STYLE_COLOUR('',#4962);
#4912=FILL_AREA_STYLE_COLOUR('',#4962);
#4913=FILL_AREA_STYLE_COLOUR('',#4962);
#4914=FILL_AREA_STYLE_COLOUR('',#4962);
#4915=FILL_AREA_STYLE_COLOUR('',#4962);
#4916=FILL_AREA_STYLE_COLOUR('',#4962);
#4917=FILL_AREA_STYLE_COLOUR('',#4962);
#4918=FILL_AREA_STYLE_COLOUR('',#4962);
#4919=FILL_AREA_STYLE_COLOUR('',#4962);
#4920=FILL_AREA_STYLE_COLOUR('',#4962);
#4921=FILL_AREA_STYLE_COLOUR('',#4962);
#4922=FILL_AREA_STYLE_COLOUR('',#4962);
#4923=FILL_AREA_STYLE_COLOUR('',#4962);
#4924=FILL_AREA_STYLE_COLOUR('',#4962);
#4925=FILL_AREA_STYLE_COLOUR('',#4962);
#4926=FILL_AREA_STYLE_COLOUR('',#4962);
#4927=FILL_AREA_STYLE_COLOUR('',#4962);
#4928=FILL_AREA_STYLE_COLOUR('',#4962);
#4929=FILL_AREA_STYLE_COLOUR('',#4962);
#4930=FILL_AREA_STYLE_COLOUR('',#4962);
#4931=FILL_AREA_STYLE_COLOUR('',#4962);
#4932=FILL_AREA_STYLE_COLOUR('',#4962);
#4933=FILL_AREA_STYLE_COLOUR('',#4962);
#4934=FILL_AREA_STYLE_COLOUR('',#4962);
#4935=FILL_AREA_STYLE_COLOUR('',#4962);
#4936=FILL_AREA_STYLE_COLOUR('',#4962);
#4937=FILL_AREA_STYLE_COLOUR('',#4962);
#4938=FILL_AREA_STYLE_COLOUR('',#4962);
#4939=FILL_AREA_STYLE_COLOUR('',#4962);
#4940=FILL_AREA_STYLE_COLOUR('',#4961);
#4941=FILL_AREA_STYLE_COLOUR('',#4961);
#4942=FILL_AREA_STYLE_COLOUR('',#4961);
#4943=FILL_AREA_STYLE_COLOUR('',#23);
#4944=FILL_AREA_STYLE_COLOUR('',#4961);
#4945=FILL_AREA_STYLE_COLOUR('',#4961);
#4946=FILL_AREA_STYLE_COLOUR('',#4961);
#4947=FILL_AREA_STYLE_COLOUR('',#23);
#4948=FILL_AREA_STYLE_COLOUR('',#4961);
#4949=FILL_AREA_STYLE_COLOUR('',#4961);
#4950=FILL_AREA_STYLE_COLOUR('',#4961);
#4951=FILL_AREA_STYLE_COLOUR('',#23);
#4952=FILL_AREA_STYLE_COLOUR('',#4961);
#4953=FILL_AREA_STYLE_COLOUR('',#4961);
#4954=FILL_AREA_STYLE_COLOUR('',#4961);
#4955=FILL_AREA_STYLE_COLOUR('',#23);
#4956=FILL_AREA_STYLE_COLOUR('',#4961);
#4957=FILL_AREA_STYLE_COLOUR('',#4961);
#4958=FILL_AREA_STYLE_COLOUR('',#4961);
#4959=FILL_AREA_STYLE_COLOUR('',#23);
#4960=FILL_AREA_STYLE_COLOUR('',#23);
#4961=COLOUR_RGB('',0.,0.25,0.5);
#4962=COLOUR_RGB('',0.77300000190735,0.77300000190735,0.);
#4963=ADVANCED_FACE('',(#3189,#3190,#3191,#3192,#3193,#3194,#3195),#3428,
 .T.);
#4964=ADVANCED_FACE('',(#3196,#3197,#3198,#3199,#3200,#3201),#3429,.F.);
#4965=ADVANCED_FACE('',(#3202),#3430,.T.);
#4966=ADVANCED_FACE('',(#3203),#3431,.T.);
#4967=ADVANCED_FACE('',(#3204),#3432,.T.);
#4968=ADVANCED_FACE('',(#3205),#28,.T.);
#4969=ADVANCED_FACE('',(#3206),#3433,.T.);
#4970=ADVANCED_FACE('',(#3207),#29,.T.);
#4971=ADVANCED_FACE('',(#3208),#3434,.T.);
#4972=ADVANCED_FACE('',(#3209),#30,.T.);
#4973=ADVANCED_FACE('',(#3210),#31,.T.);
#4974=ADVANCED_FACE('',(#3211),#3435,.T.);
#4975=ADVANCED_FACE('',(#3212,#3213),#3436,.F.);
#4976=ADVANCED_FACE('',(#3214),#32,.T.);
#4977=ADVANCED_FACE('',(#3215),#33,.T.);
#4978=ADVANCED_FACE('',(#3216),#3437,.T.);
#4979=ADVANCED_FACE('',(#3217),#34,.T.);
#4980=ADVANCED_FACE('',(#3218),#35,.T.);
#4981=ADVANCED_FACE('',(#3219),#3438,.T.);
#4982=ADVANCED_FACE('',(#3220),#3439,.T.);
#4983=ADVANCED_FACE('',(#3221),#3440,.T.);
#4984=ADVANCED_FACE('',(#3222),#3441,.T.);
#4985=ADVANCED_FACE('',(#3223),#3442,.T.);
#4986=ADVANCED_FACE('',(#3224),#3443,.T.);
#4987=ADVANCED_FACE('',(#3225),#3444,.F.);
#4988=ADVANCED_FACE('',(#3226),#3445,.T.);
#4989=ADVANCED_FACE('',(#3227,#3228),#36,.T.);
#4990=ADVANCED_FACE('',(#3229,#3230),#24,.T.);
#4991=ADVANCED_FACE('',(#3231),#3446,.F.);
#4992=ADVANCED_FACE('',(#3232,#3233),#37,.T.);
#4993=ADVANCED_FACE('',(#3234,#3235),#25,.T.);
#4994=ADVANCED_FACE('',(#3236),#3447,.F.);
#4995=ADVANCED_FACE('',(#3237,#3238),#38,.T.);
#4996=ADVANCED_FACE('',(#3239,#3240),#26,.T.);
#4997=ADVANCED_FACE('',(#3241),#3448,.F.);
#4998=ADVANCED_FACE('',(#3242,#3243),#39,.T.);
#4999=ADVANCED_FACE('',(#3244,#3245),#27,.T.);
#5000=ADVANCED_FACE('',(#3246),#3449,.F.);
#5001=ADVANCED_FACE('',(#3247),#3450,.F.);
#5002=ADVANCED_FACE('',(#3248),#3451,.F.);
#5003=ADVANCED_FACE('',(#3249),#3452,.F.);
#5004=ADVANCED_FACE('',(#3250),#3453,.F.);
#5005=ADVANCED_FACE('',(#3251),#3454,.F.);
#5006=ADVANCED_FACE('',(#3252),#3455,.F.);
#5007=ADVANCED_FACE('',(#3253),#3456,.F.);
#5008=ADVANCED_FACE('',(#3254),#3457,.T.);
#5009=ADVANCED_FACE('',(#3255),#3458,.F.);
#5010=ADVANCED_FACE('',(#3256),#3459,.F.);
#5011=ADVANCED_FACE('',(#3257),#3460,.F.);
#5012=ADVANCED_FACE('',(#3258),#3461,.F.);
#5013=ADVANCED_FACE('',(#3259),#40,.F.);
#5014=ADVANCED_FACE('',(#3260),#41,.T.);
#5015=ADVANCED_FACE('',(#3261),#42,.T.);
#5016=ADVANCED_FACE('',(#3262),#3462,.F.);
#5017=ADVANCED_FACE('',(#3263),#3463,.F.);
#5018=ADVANCED_FACE('',(#3264),#43,.F.);
#5019=ADVANCED_FACE('',(#3265),#44,.F.);
#5020=ADVANCED_FACE('',(#3266),#45,.T.);
#5021=ADVANCED_FACE('',(#3267),#3464,.T.);
#5022=ADVANCED_FACE('',(#3268),#3465,.F.);
#5023=ADVANCED_FACE('',(#3269),#46,.T.);
#5024=ADVANCED_FACE('',(#3270),#47,.T.);
#5025=ADVANCED_FACE('',(#3271),#3466,.F.);
#5026=ADVANCED_FACE('',(#3272),#3467,.F.);
#5027=ADVANCED_FACE('',(#3273),#48,.F.);
#5028=ADVANCED_FACE('',(#3274),#3468,.F.);
#5029=ADVANCED_FACE('',(#3275),#3469,.F.);
#5030=ADVANCED_FACE('',(#3276),#49,.F.);
#5031=ADVANCED_FACE('',(#3277),#3470,.F.);
#5032=ADVANCED_FACE('',(#3278),#3471,.T.);
#5033=ADVANCED_FACE('',(#3279),#3472,.F.);
#5034=ADVANCED_FACE('',(#3280),#3473,.F.);
#5035=ADVANCED_FACE('',(#3281),#3474,.F.);
#5036=ADVANCED_FACE('',(#3282),#3475,.F.);
#5037=ADVANCED_FACE('',(#3283),#3476,.F.);
#5038=ADVANCED_FACE('',(#3284),#3477,.F.);
#5039=ADVANCED_FACE('',(#3285),#3478,.F.);
#5040=ADVANCED_FACE('',(#3286),#3479,.F.);
#5041=ADVANCED_FACE('',(#3287),#3480,.F.);
#5042=ADVANCED_FACE('',(#3288),#3481,.F.);
#5043=ADVANCED_FACE('',(#3289),#3482,.T.);
#5044=ADVANCED_FACE('',(#3290),#3483,.T.);
#5045=ADVANCED_FACE('',(#3291),#3484,.T.);
#5046=ADVANCED_FACE('',(#3292),#3485,.F.);
#5047=ADVANCED_FACE('',(#3293,#3294),#3486,.T.);
#5048=ADVANCED_FACE('',(#3295),#3487,.T.);
#5049=ADVANCED_FACE('',(#3296),#3488,.F.);
#5050=ADVANCED_FACE('',(#3297),#50,.T.);
#5051=ADVANCED_FACE('',(#3298),#3489,.F.);
#5052=ADVANCED_FACE('',(#3299),#51,.T.);
#5053=ADVANCED_FACE('',(#3300),#3490,.F.);
#5054=ADVANCED_FACE('',(#3301),#3491,.F.);
#5055=ADVANCED_FACE('',(#3302),#3492,.F.);
#5056=ADVANCED_FACE('',(#3303),#3493,.F.);
#5057=ADVANCED_FACE('',(#3304),#3494,.F.);
#5058=ADVANCED_FACE('',(#3305),#3495,.F.);
#5059=ADVANCED_FACE('',(#3306),#52,.F.);
#5060=ADVANCED_FACE('',(#3307),#3496,.F.);
#5061=ADVANCED_FACE('',(#3308),#53,.F.);
#5062=ADVANCED_FACE('',(#3309),#3497,.T.);
#5063=ADVANCED_FACE('',(#3310,#3311),#54,.F.);
#5064=ADVANCED_FACE('',(#3312),#3498,.T.);
#5065=ADVANCED_FACE('',(#3313),#3499,.T.);
#5066=ADVANCED_FACE('',(#3314),#3500,.T.);
#5067=ADVANCED_FACE('',(#3315),#3501,.T.);
#5068=ADVANCED_FACE('',(#3316,#3317),#3502,.F.);
#5069=ADVANCED_FACE('',(#3318),#3503,.T.);
#5070=ADVANCED_FACE('',(#3319),#3504,.T.);
#5071=ADVANCED_FACE('',(#3320),#3505,.T.);
#5072=ADVANCED_FACE('',(#3321,#3322),#3506,.F.);
#5073=ADVANCED_FACE('',(#3323),#3507,.T.);
#5074=ADVANCED_FACE('',(#3324),#3508,.T.);
#5075=ADVANCED_FACE('',(#3325),#3509,.T.);
#5076=ADVANCED_FACE('',(#3326,#3327),#3510,.F.);
#5077=ADVANCED_FACE('',(#3328),#3511,.T.);
#5078=ADVANCED_FACE('',(#3329),#3512,.T.);
#5079=ADVANCED_FACE('',(#3330),#3513,.T.);
#5080=ADVANCED_FACE('',(#3331,#3332),#3514,.F.);
#5081=ADVANCED_FACE('',(#3333),#3515,.T.);
#5082=ADVANCED_FACE('',(#3334),#3516,.T.);
#5083=ADVANCED_FACE('',(#3335),#3517,.T.);
#5084=ADVANCED_FACE('',(#3336,#3337),#3518,.F.);
#5085=ADVANCED_FACE('',(#3338),#3519,.T.);
#5086=ADVANCED_FACE('',(#3339),#3520,.T.);
#5087=ADVANCED_FACE('',(#3340),#3521,.T.);
#5088=ADVANCED_FACE('',(#3341,#3342),#3522,.F.);
#5089=ADVANCED_FACE('',(#3343),#3523,.T.);
#5090=ADVANCED_FACE('',(#3344),#3524,.T.);
#5091=ADVANCED_FACE('',(#3345),#3525,.T.);
#5092=ADVANCED_FACE('',(#3346,#3347),#3526,.F.);
#5093=ADVANCED_FACE('',(#3348),#3527,.T.);
#5094=ADVANCED_FACE('',(#3349),#3528,.T.);
#5095=ADVANCED_FACE('',(#3350),#3529,.T.);
#5096=ADVANCED_FACE('',(#3351,#3352),#3530,.F.);
#5097=ADVANCED_FACE('',(#3353),#3531,.F.);
#5098=ADVANCED_FACE('',(#3354),#3532,.F.);
#5099=ADVANCED_FACE('',(#3355),#3533,.T.);
#5100=ADVANCED_FACE('',(#3356),#3534,.F.);
#5101=ADVANCED_FACE('',(#3357),#3535,.F.);
#5102=ADVANCED_FACE('',(#3358),#3536,.F.);
#5103=ADVANCED_FACE('',(#3359),#3537,.F.);
#5104=ADVANCED_FACE('',(#3360),#3538,.T.);
#5105=ADVANCED_FACE('',(#3361),#3539,.F.);
#5106=ADVANCED_FACE('',(#3362),#3540,.F.);
#5107=ADVANCED_FACE('',(#3363),#3541,.F.);
#5108=ADVANCED_FACE('',(#3364),#3542,.F.);
#5109=ADVANCED_FACE('',(#3365),#3543,.T.);
#5110=ADVANCED_FACE('',(#3366),#3544,.F.);
#5111=ADVANCED_FACE('',(#3367),#3545,.F.);
#5112=ADVANCED_FACE('',(#3368),#3546,.F.);
#5113=ADVANCED_FACE('',(#3369),#3547,.F.);
#5114=ADVANCED_FACE('',(#3370),#3548,.T.);
#5115=ADVANCED_FACE('',(#3371),#3549,.F.);
#5116=ADVANCED_FACE('',(#3372),#3550,.F.);
#5117=ADVANCED_FACE('',(#3373),#3551,.F.);
#5118=ADVANCED_FACE('',(#3374),#3552,.F.);
#5119=ADVANCED_FACE('',(#3375),#3553,.T.);
#5120=ADVANCED_FACE('',(#3376),#3554,.F.);
#5121=ADVANCED_FACE('',(#3377),#3555,.F.);
#5122=ADVANCED_FACE('',(#3378),#3556,.F.);
#5123=ADVANCED_FACE('',(#3379),#3557,.F.);
#5124=ADVANCED_FACE('',(#3380),#3558,.T.);
#5125=ADVANCED_FACE('',(#3381),#3559,.F.);
#5126=ADVANCED_FACE('',(#3382),#3560,.F.);
#5127=ADVANCED_FACE('',(#3383),#3561,.F.);
#5128=ADVANCED_FACE('',(#3384),#3562,.F.);
#5129=ADVANCED_FACE('',(#3385),#3563,.T.);
#5130=ADVANCED_FACE('',(#3386),#3564,.F.);
#5131=ADVANCED_FACE('',(#3387),#3565,.F.);
#5132=ADVANCED_FACE('',(#3388),#3566,.F.);
#5133=ADVANCED_FACE('',(#3389),#3567,.F.);
#5134=ADVANCED_FACE('',(#3390),#3568,.T.);
#5135=ADVANCED_FACE('',(#3391),#3569,.F.);
#5136=ADVANCED_FACE('',(#3392),#3570,.F.);
#5137=ADVANCED_FACE('',(#3393),#3571,.F.);
#5138=ADVANCED_FACE('',(#3394),#3572,.F.);
#5139=ADVANCED_FACE('',(#3395),#55,.T.);
#5140=ADVANCED_FACE('',(#3396),#3573,.T.);
#5141=ADVANCED_FACE('',(#3397),#3574,.F.);
#5142=ADVANCED_FACE('',(#3398),#3575,.F.);
#5143=ADVANCED_FACE('',(#3399),#56,.T.);
#5144=ADVANCED_FACE('',(#3400),#3576,.T.);
#5145=ADVANCED_FACE('',(#3401),#3577,.F.);
#5146=ADVANCED_FACE('',(#3402),#57,.T.);
#5147=ADVANCED_FACE('',(#3403),#3578,.F.);
#5148=ADVANCED_FACE('',(#3404),#3579,.T.);
#5149=ADVANCED_FACE('',(#3405),#3580,.F.);
#5150=ADVANCED_FACE('',(#3406),#58,.T.);
#5151=ADVANCED_FACE('',(#3407),#3581,.F.);
#5152=ADVANCED_FACE('',(#3408),#3582,.T.);
#5153=ADVANCED_FACE('',(#3409),#3583,.F.);
#5154=ADVANCED_FACE('',(#3410),#59,.T.);
#5155=ADVANCED_FACE('',(#3411),#3584,.F.);
#5156=ADVANCED_FACE('',(#3412),#3585,.T.);
#5157=ADVANCED_FACE('',(#3413,#3414),#3586,.F.);
#5158=ADVANCED_FACE('',(#3415,#3416),#10,.T.);
#5159=ADVANCED_FACE('',(#3417,#3418),#60,.T.);
#5160=ADVANCED_FACE('',(#3419),#3587,.F.);
#5161=ADVANCED_FACE('',(#3420),#3588,.F.);
#5162=ADVANCED_FACE('',(#3421),#3589,.F.);
#5163=ADVANCED_FACE('',(#3422),#3590,.F.);
#5164=ADVANCED_FACE('',(#3423),#3591,.F.);
#5165=ADVANCED_FACE('',(#3424),#3592,.F.);
#5166=ADVANCED_FACE('',(#3425),#3593,.F.);
#5167=ADVANCED_FACE('',(#3426),#3594,.F.);
#5168=ADVANCED_FACE('',(#3427),#3595,.T.);
#5169=CLOSED_SHELL('',(#4963,#4964,#4965,#4966,#4967,#4968,#4969,#4970,
#4971,#4972,#4973,#4974,#4975,#4976,#4977,#4978,#4979,#4980,#4981,#4982,
#4983,#4984,#4985,#4986,#4987,#4988,#4989,#4990,#4991,#4992,#4993,#4994,
#4995,#4996,#4997,#4998,#4999,#5000,#5001,#5002,#5003,#5004,#5005,#5006,
#5007,#5008,#5009,#5010,#5011,#5012,#5013,#5014,#5015,#5016,#5017,#5018,
#5019,#5020,#5021,#5022,#5023,#5024,#5025,#5026,#5027,#5028,#5029,#5030,
#5031,#5032,#5033,#5034,#5035,#5036,#5037,#5038,#5039,#5040,#5041,#5042,
#5043,#5044,#5045,#5046,#5047,#5048,#5049,#5050,#5051,#5052,#5053,#5054,
#5055,#5056,#5057,#5058,#5059,#5060,#5061,#5062,#5063,#5064,#5065,#5066,
#5067,#5068,#5069,#5070,#5071,#5072,#5073,#5074,#5075,#5076,#5077,#5078,
#5079,#5080,#5081,#5082,#5083,#5084,#5085,#5086,#5087,#5088,#5089,#5090,
#5091,#5092,#5093,#5094,#5095,#5096,#5097,#5098,#5099,#5100,#5101,#5102,
#5103,#5104,#5105,#5106,#5107,#5108,#5109,#5110,#5111,#5112,#5113,#5114,
#5115,#5116,#5117,#5118,#5119,#5120,#5121,#5122,#5123,#5124,#5125,#5126,
#5127,#5128,#5129,#5130,#5131,#5132,#5133,#5134,#5135,#5136,#5137,#5138,
#5139,#5140,#5141,#5142,#5143,#5144,#5145,#5146,#5147,#5148,#5149,#5150,
#5151,#5152,#5153,#5154,#5155,#5156));
#5170=CLOSED_SHELL('',(#5157,#5158,#5159,#5160,#5161,#5162,#5163,#5164,
#5165,#5166,#5167,#5168));
#5171=MANIFOLD_SOLID_BREP('SS-10-5-w/o-body',#5169);
#5172=MANIFOLD_SOLID_BREP('SS-10_5wokwo-knob',#5170);
#5173=SHAPE_DEFINITION_REPRESENTATION(#7585,#5176);
#5174=SHAPE_DEFINITION_REPRESENTATION(#7586,#5177);
#5175=SHAPE_DEFINITION_REPRESENTATION(#7588,#5178);
#5176=SHAPE_REPRESENTATION('SS-10-15SPE',(#5179,#5451,#5467),#7576);
#5177=SHAPE_REPRESENTATION('SS-10-5-w/o-body',(#5179),#7577);
#5178=SHAPE_REPRESENTATION('SS-10_5wokwo-knob',(#5179),#7578);
#5179=AXIS2_PLACEMENT_3D('',#6489,#5468,#5469);
#5180=AXIS2_PLACEMENT_3D('',#6490,#5470,#5471);
#5181=AXIS2_PLACEMENT_3D('',#6491,#5472,#5473);
#5182=AXIS2_PLACEMENT_3D('',#6496,#5475,#5476);
#5183=AXIS2_PLACEMENT_3D('',#6500,#5478,#5479);
#5184=AXIS2_PLACEMENT_3D('',#6514,#5486,#5487);
#5185=AXIS2_PLACEMENT_3D('',#6522,#5491,#5492);
#5186=AXIS2_PLACEMENT_3D('',#6524,#5493,#5494);
#5187=AXIS2_PLACEMENT_3D('',#6526,#5495,#5496);
#5188=AXIS2_PLACEMENT_3D('',#6532,#5499,#5500);
#5189=AXIS2_PLACEMENT_3D('',#6534,#5501,#5502);
#5190=AXIS2_PLACEMENT_3D('',#6536,#5503,#5504);
#5191=AXIS2_PLACEMENT_3D('',#6548,#5510,#5511);
#5192=AXIS2_PLACEMENT_3D('',#6552,#5513,#5514);
#5193=AXIS2_PLACEMENT_3D('',#6556,#5516,#5517);
#5194=AXIS2_PLACEMENT_3D('',#6571,#5525,#5526);
#5195=AXIS2_PLACEMENT_3D('',#6578,#5529,#5530);
#5196=AXIS2_PLACEMENT_3D('',#6584,#5533,#5534);
#5197=AXIS2_PLACEMENT_3D('',#6590,#5537,#5538);
#5198=AXIS2_PLACEMENT_3D('',#6613,#5550,#5551);
#5199=AXIS2_PLACEMENT_3D('',#6618,#5553,#5554);
#5200=AXIS2_PLACEMENT_3D('',#6622,#5556,#5557);
#5201=AXIS2_PLACEMENT_3D('',#6626,#5559,#5560);
#5202=AXIS2_PLACEMENT_3D('',#6630,#5562,#5563);
#5203=AXIS2_PLACEMENT_3D('',#6634,#5565,#5566);
#5204=AXIS2_PLACEMENT_3D('',#6638,#5568,#5569);
#5205=AXIS2_PLACEMENT_3D('',#6642,#5571,#5572);
#5206=AXIS2_PLACEMENT_3D('',#6646,#5574,#5575);
#5207=AXIS2_PLACEMENT_3D('',#6650,#5577,#5578);
#5208=AXIS2_PLACEMENT_3D('',#6653,#5580,#5581);
#5209=AXIS2_PLACEMENT_3D('',#6654,#5582,#5583);
#5210=AXIS2_PLACEMENT_3D('',#6656,#5584,#5585);
#5211=AXIS2_PLACEMENT_3D('',#6658,#5586,#5587);
#5212=AXIS2_PLACEMENT_3D('',#6660,#5588,#5589);
#5213=AXIS2_PLACEMENT_3D('',#6703,#5610,#5611);
#5214=AXIS2_PLACEMENT_3D('',#6707,#5613,#5614);
#5215=AXIS2_PLACEMENT_3D('',#6743,#5632,#5633);
#5216=AXIS2_PLACEMENT_3D('',#6747,#5635,#5636);
#5217=AXIS2_PLACEMENT_3D('',#6750,#5638,#5639);
#5218=AXIS2_PLACEMENT_3D('',#6776,#5655,#5656);
#5219=AXIS2_PLACEMENT_3D('',#6802,#5672,#5673);
#5220=AXIS2_PLACEMENT_3D('',#6812,#5679,#5680);
#5221=AXIS2_PLACEMENT_3D('',#6816,#5682,#5683);
#5222=AXIS2_PLACEMENT_3D('',#6817,#5684,#5685);
#5223=AXIS2_PLACEMENT_3D('',#6818,#5686,#5687);
#5224=AXIS2_PLACEMENT_3D('',#6825,#5692,#5693);
#5225=AXIS2_PLACEMENT_3D('',#6828,#5695,#5696);
#5226=AXIS2_PLACEMENT_3D('',#6831,#5698,#5699);
#5227=AXIS2_PLACEMENT_3D('',#6835,#5702,#5703);
#5228=AXIS2_PLACEMENT_3D('',#6836,#5704,#5705);
#5229=AXIS2_PLACEMENT_3D('',#6837,#5706,#5707);
#5230=AXIS2_PLACEMENT_3D('',#6838,#5708,#5709);
#5231=AXIS2_PLACEMENT_3D('',#6841,#5711,#5712);
#5232=AXIS2_PLACEMENT_3D('',#6843,#5714,#5715);
#5233=AXIS2_PLACEMENT_3D('',#6847,#5717,#5718);
#5234=AXIS2_PLACEMENT_3D('',#6848,#5719,#5720);
#5235=AXIS2_PLACEMENT_3D('',#6852,#5722,#5723);
#5236=AXIS2_PLACEMENT_3D('',#6853,#5724,#5725);
#5237=AXIS2_PLACEMENT_3D('',#6854,#5726,#5727);
#5238=AXIS2_PLACEMENT_3D('',#6856,#5729,#5730);
#5239=AXIS2_PLACEMENT_3D('',#6858,#5732,#5733);
#5240=AXIS2_PLACEMENT_3D('',#6860,#5735,#5736);
#5241=AXIS2_PLACEMENT_3D('',#6861,#5737,#5738);
#5242=AXIS2_PLACEMENT_3D('',#6863,#5740,#5741);
#5243=AXIS2_PLACEMENT_3D('',#6864,#5742,#5743);
#5244=AXIS2_PLACEMENT_3D('',#6866,#5745,#5746);
#5245=AXIS2_PLACEMENT_3D('',#6867,#5747,#5748);
#5246=AXIS2_PLACEMENT_3D('',#6876,#5753,#5754);
#5247=AXIS2_PLACEMENT_3D('',#6879,#5757,#5758);
#5248=AXIS2_PLACEMENT_3D('',#6882,#5761,#5762);
#5249=AXIS2_PLACEMENT_3D('',#6883,#5763,#5764);
#5250=AXIS2_PLACEMENT_3D('',#6884,#5765,#5766);
#5251=AXIS2_PLACEMENT_3D('',#6885,#5767,#5768);
#5252=AXIS2_PLACEMENT_3D('',#6887,#5769,#5770);
#5253=AXIS2_PLACEMENT_3D('',#6888,#5771,#5772);
#5254=AXIS2_PLACEMENT_3D('',#6890,#5773,#5774);
#5255=AXIS2_PLACEMENT_3D('',#6891,#5775,#5776);
#5256=AXIS2_PLACEMENT_3D('',#6892,#5777,#5778);
#5257=AXIS2_PLACEMENT_3D('',#6894,#5779,#5780);
#5258=AXIS2_PLACEMENT_3D('',#6895,#5781,#5782);
#5259=AXIS2_PLACEMENT_3D('',#6897,#5783,#5784);
#5260=AXIS2_PLACEMENT_3D('',#6898,#5785,#5786);
#5261=AXIS2_PLACEMENT_3D('',#6899,#5787,#5788);
#5262=AXIS2_PLACEMENT_3D('',#6901,#5789,#5790);
#5263=AXIS2_PLACEMENT_3D('',#6902,#5791,#5792);
#5264=AXIS2_PLACEMENT_3D('',#6904,#5793,#5794);
#5265=AXIS2_PLACEMENT_3D('',#6905,#5795,#5796);
#5266=AXIS2_PLACEMENT_3D('',#6906,#5797,#5798);
#5267=AXIS2_PLACEMENT_3D('',#6908,#5799,#5800);
#5268=AXIS2_PLACEMENT_3D('',#6909,#5801,#5802);
#5269=AXIS2_PLACEMENT_3D('',#6911,#5803,#5804);
#5270=AXIS2_PLACEMENT_3D('',#6912,#5805,#5806);
#5271=AXIS2_PLACEMENT_3D('',#6918,#5810,#5811);
#5272=AXIS2_PLACEMENT_3D('',#6922,#5814,#5815);
#5273=AXIS2_PLACEMENT_3D('',#6926,#5818,#5819);
#5274=AXIS2_PLACEMENT_3D('',#6930,#5822,#5823);
#5275=AXIS2_PLACEMENT_3D('',#6934,#5826,#5827);
#5276=AXIS2_PLACEMENT_3D('',#6938,#5830,#5831);
#5277=AXIS2_PLACEMENT_3D('',#6940,#5833,#5834);
#5278=AXIS2_PLACEMENT_3D('',#6941,#5835,#5836);
#5279=AXIS2_PLACEMENT_3D('',#6947,#5840,#5841);
#5280=AXIS2_PLACEMENT_3D('',#6951,#5844,#5845);
#5281=AXIS2_PLACEMENT_3D('',#6955,#5848,#5849);
#5282=AXIS2_PLACEMENT_3D('',#6959,#5852,#5853);
#5283=AXIS2_PLACEMENT_3D('',#6962,#5855,#5856);
#5284=AXIS2_PLACEMENT_3D('',#6963,#5857,#5858);
#5285=AXIS2_PLACEMENT_3D('',#6966,#5860,#5861);
#5286=AXIS2_PLACEMENT_3D('',#6967,#5862,#5863);
#5287=AXIS2_PLACEMENT_3D('',#6970,#5865,#5866);
#5288=AXIS2_PLACEMENT_3D('',#6971,#5867,#5868);
#5289=AXIS2_PLACEMENT_3D('',#6975,#5871,#5872);
#5290=AXIS2_PLACEMENT_3D('',#6979,#5875,#5876);
#5291=AXIS2_PLACEMENT_3D('',#6982,#5878,#5879);
#5292=AXIS2_PLACEMENT_3D('',#6983,#5880,#5881);
#5293=AXIS2_PLACEMENT_3D('',#6986,#5883,#5884);
#5294=AXIS2_PLACEMENT_3D('',#6987,#5885,#5886);
#5295=AXIS2_PLACEMENT_3D('',#6988,#5887,#5888);
#5296=AXIS2_PLACEMENT_3D('',#6989,#5889,#5890);
#5297=AXIS2_PLACEMENT_3D('',#6990,#5891,#5892);
#5298=AXIS2_PLACEMENT_3D('',#6996,#5896,#5897);
#5299=AXIS2_PLACEMENT_3D('',#6999,#5899,#5900);
#5300=AXIS2_PLACEMENT_3D('',#7000,#5901,#5902);
#5301=AXIS2_PLACEMENT_3D('',#7003,#5904,#5905);
#5302=AXIS2_PLACEMENT_3D('',#7004,#5906,#5907);
#5303=AXIS2_PLACEMENT_3D('',#7008,#5910,#5911);
#5304=AXIS2_PLACEMENT_3D('',#7012,#5914,#5915);
#5305=AXIS2_PLACEMENT_3D('',#7015,#5917,#5918);
#5306=AXIS2_PLACEMENT_3D('',#7016,#5919,#5920);
#5307=AXIS2_PLACEMENT_3D('',#7020,#5923,#5924);
#5308=AXIS2_PLACEMENT_3D('',#7024,#5927,#5928);
#5309=AXIS2_PLACEMENT_3D('',#7027,#5930,#5931);
#5310=AXIS2_PLACEMENT_3D('',#7028,#5932,#5933);
#5311=AXIS2_PLACEMENT_3D('',#7030,#5935,#5936);
#5312=AXIS2_PLACEMENT_3D('',#7031,#5937,#5938);
#5313=AXIS2_PLACEMENT_3D('',#7037,#5942,#5943);
#5314=AXIS2_PLACEMENT_3D('',#7041,#5946,#5947);
#5315=AXIS2_PLACEMENT_3D('',#7045,#5950,#5951);
#5316=AXIS2_PLACEMENT_3D('',#7049,#5954,#5955);
#5317=AXIS2_PLACEMENT_3D('',#7053,#5958,#5959);
#5318=AXIS2_PLACEMENT_3D('',#7057,#5962,#5963);
#5319=AXIS2_PLACEMENT_3D('',#7061,#5966,#5967);
#5320=AXIS2_PLACEMENT_3D('',#7065,#5970,#5971);
#5321=AXIS2_PLACEMENT_3D('',#7069,#5974,#5975);
#5322=AXIS2_PLACEMENT_3D('',#7073,#5978,#5979);
#5323=AXIS2_PLACEMENT_3D('',#7082,#5984,#5985);
#5324=AXIS2_PLACEMENT_3D('',#7088,#5989,#5990);
#5325=AXIS2_PLACEMENT_3D('',#7091,#5993,#5994);
#5326=AXIS2_PLACEMENT_3D('',#7093,#5996,#5997);
#5327=AXIS2_PLACEMENT_3D('',#7094,#5998,#5999);
#5328=AXIS2_PLACEMENT_3D('',#7095,#6000,#6001);
#5329=AXIS2_PLACEMENT_3D('',#7101,#6005,#6006);
#5330=AXIS2_PLACEMENT_3D('',#7104,#6008,#6009);
#5331=AXIS2_PLACEMENT_3D('',#7105,#6010,#6011);
#5332=AXIS2_PLACEMENT_3D('',#7109,#6014,#6015);
#5333=AXIS2_PLACEMENT_3D('',#7112,#6017,#6018);
#5334=AXIS2_PLACEMENT_3D('',#7113,#6019,#6020);
#5335=AXIS2_PLACEMENT_3D('',#7117,#6023,#6024);
#5336=AXIS2_PLACEMENT_3D('',#7121,#6027,#6028);
#5337=AXIS2_PLACEMENT_3D('',#7125,#6031,#6032);
#5338=AXIS2_PLACEMENT_3D('',#7129,#6035,#6036);
#5339=AXIS2_PLACEMENT_3D('',#7133,#6039,#6040);
#5340=AXIS2_PLACEMENT_3D('',#7137,#6043,#6044);
#5341=AXIS2_PLACEMENT_3D('',#7140,#6046,#6047);
#5342=AXIS2_PLACEMENT_3D('',#7141,#6048,#6049);
#5343=AXIS2_PLACEMENT_3D('',#7145,#6052,#6053);
#5344=AXIS2_PLACEMENT_3D('',#7146,#6054,#6055);
#5345=AXIS2_PLACEMENT_3D('',#7147,#6056,#6057);
#5346=AXIS2_PLACEMENT_3D('',#7148,#6058,#6059);
#5347=AXIS2_PLACEMENT_3D('',#7149,#6060,#6061);
#5348=AXIS2_PLACEMENT_3D('',#7153,#6063,#6064);
#5349=AXIS2_PLACEMENT_3D('',#7158,#6067,#6068);
#5350=AXIS2_PLACEMENT_3D('',#7163,#6071,#6072);
#5351=AXIS2_PLACEMENT_3D('',#7168,#6075,#6076);
#5352=AXIS2_PLACEMENT_3D('',#7173,#6079,#6080);
#5353=AXIS2_PLACEMENT_3D('',#7176,#6082,#6083);
#5354=AXIS2_PLACEMENT_3D('',#7177,#6084,#6085);
#5355=AXIS2_PLACEMENT_3D('',#7183,#6089,#6090);
#5356=AXIS2_PLACEMENT_3D('',#7185,#6092,#6093);
#5357=AXIS2_PLACEMENT_3D('',#7187,#6095,#6096);
#5358=AXIS2_PLACEMENT_3D('',#7196,#6101,#6102);
#5359=AXIS2_PLACEMENT_3D('',#7202,#6106,#6107);
#5360=AXIS2_PLACEMENT_3D('',#7204,#6109,#6110);
#5361=AXIS2_PLACEMENT_3D('',#7206,#6112,#6113);
#5362=AXIS2_PLACEMENT_3D('',#7215,#6118,#6119);
#5363=AXIS2_PLACEMENT_3D('',#7221,#6123,#6124);
#5364=AXIS2_PLACEMENT_3D('',#7223,#6126,#6127);
#5365=AXIS2_PLACEMENT_3D('',#7225,#6129,#6130);
#5366=AXIS2_PLACEMENT_3D('',#7234,#6135,#6136);
#5367=AXIS2_PLACEMENT_3D('',#7240,#6140,#6141);
#5368=AXIS2_PLACEMENT_3D('',#7242,#6143,#6144);
#5369=AXIS2_PLACEMENT_3D('',#7244,#6146,#6147);
#5370=AXIS2_PLACEMENT_3D('',#7253,#6152,#6153);
#5371=AXIS2_PLACEMENT_3D('',#7257,#6156,#6157);
#5372=AXIS2_PLACEMENT_3D('',#7261,#6160,#6161);
#5373=AXIS2_PLACEMENT_3D('',#7263,#6163,#6164);
#5374=AXIS2_PLACEMENT_3D('',#7272,#6169,#6170);
#5375=AXIS2_PLACEMENT_3D('',#7276,#6173,#6174);
#5376=AXIS2_PLACEMENT_3D('',#7280,#6177,#6178);
#5377=AXIS2_PLACEMENT_3D('',#7282,#6180,#6181);
#5378=AXIS2_PLACEMENT_3D('',#7291,#6186,#6187);
#5379=AXIS2_PLACEMENT_3D('',#7295,#6190,#6191);
#5380=AXIS2_PLACEMENT_3D('',#7299,#6194,#6195);
#5381=AXIS2_PLACEMENT_3D('',#7301,#6197,#6198);
#5382=AXIS2_PLACEMENT_3D('',#7310,#6203,#6204);
#5383=AXIS2_PLACEMENT_3D('',#7314,#6207,#6208);
#5384=AXIS2_PLACEMENT_3D('',#7318,#6211,#6212);
#5385=AXIS2_PLACEMENT_3D('',#7320,#6214,#6215);
#5386=AXIS2_PLACEMENT_3D('',#7329,#6220,#6221);
#5387=AXIS2_PLACEMENT_3D('',#7335,#6225,#6226);
#5388=AXIS2_PLACEMENT_3D('',#7341,#6230,#6231);
#5389=AXIS2_PLACEMENT_3D('',#7343,#6233,#6234);
#5390=AXIS2_PLACEMENT_3D('',#7345,#6236,#6237);
#5391=AXIS2_PLACEMENT_3D('',#7346,#6238,#6239);
#5392=AXIS2_PLACEMENT_3D('',#7352,#6243,#6244);
#5393=AXIS2_PLACEMENT_3D('',#7358,#6248,#6249);
#5394=AXIS2_PLACEMENT_3D('',#7360,#6251,#6252);
#5395=AXIS2_PLACEMENT_3D('',#7362,#6254,#6255);
#5396=AXIS2_PLACEMENT_3D('',#7363,#6256,#6257);
#5397=AXIS2_PLACEMENT_3D('',#7369,#6261,#6262);
#5398=AXIS2_PLACEMENT_3D('',#7375,#6266,#6267);
#5399=AXIS2_PLACEMENT_3D('',#7377,#6269,#6270);
#5400=AXIS2_PLACEMENT_3D('',#7379,#6272,#6273);
#5401=AXIS2_PLACEMENT_3D('',#7380,#6274,#6275);
#5402=AXIS2_PLACEMENT_3D('',#7386,#6279,#6280);
#5403=AXIS2_PLACEMENT_3D('',#7392,#6284,#6285);
#5404=AXIS2_PLACEMENT_3D('',#7394,#6287,#6288);
#5405=AXIS2_PLACEMENT_3D('',#7396,#6290,#6291);
#5406=AXIS2_PLACEMENT_3D('',#7397,#6292,#6293);
#5407=AXIS2_PLACEMENT_3D('',#7403,#6297,#6298);
#5408=AXIS2_PLACEMENT_3D('',#7409,#6302,#6303);
#5409=AXIS2_PLACEMENT_3D('',#7411,#6305,#6306);
#5410=AXIS2_PLACEMENT_3D('',#7413,#6308,#6309);
#5411=AXIS2_PLACEMENT_3D('',#7414,#6310,#6311);
#5412=AXIS2_PLACEMENT_3D('',#7420,#6315,#6316);
#5413=AXIS2_PLACEMENT_3D('',#7426,#6320,#6321);
#5414=AXIS2_PLACEMENT_3D('',#7428,#6323,#6324);
#5415=AXIS2_PLACEMENT_3D('',#7430,#6326,#6327);
#5416=AXIS2_PLACEMENT_3D('',#7431,#6328,#6329);
#5417=AXIS2_PLACEMENT_3D('',#7437,#6333,#6334);
#5418=AXIS2_PLACEMENT_3D('',#7443,#6338,#6339);
#5419=AXIS2_PLACEMENT_3D('',#7445,#6341,#6342);
#5420=AXIS2_PLACEMENT_3D('',#7447,#6344,#6345);
#5421=AXIS2_PLACEMENT_3D('',#7448,#6346,#6347);
#5422=AXIS2_PLACEMENT_3D('',#7454,#6351,#6352);
#5423=AXIS2_PLACEMENT_3D('',#7460,#6356,#6357);
#5424=AXIS2_PLACEMENT_3D('',#7462,#6359,#6360);
#5425=AXIS2_PLACEMENT_3D('',#7464,#6362,#6363);
#5426=AXIS2_PLACEMENT_3D('',#7465,#6364,#6365);
#5427=AXIS2_PLACEMENT_3D('',#7469,#6368,#6369);
#5428=AXIS2_PLACEMENT_3D('',#7473,#6372,#6373);
#5429=AXIS2_PLACEMENT_3D('',#7474,#6374,#6375);
#5430=AXIS2_PLACEMENT_3D('',#7475,#6376,#6377);
#5431=AXIS2_PLACEMENT_3D('',#7476,#6378,#6379);
#5432=AXIS2_PLACEMENT_3D('',#7480,#6382,#6383);
#5433=AXIS2_PLACEMENT_3D('',#7484,#6386,#6387);
#5434=AXIS2_PLACEMENT_3D('',#7485,#6388,#6389);
#5435=AXIS2_PLACEMENT_3D('',#7486,#6390,#6391);
#5436=AXIS2_PLACEMENT_3D('',#7487,#6392,#6393);
#5437=AXIS2_PLACEMENT_3D('',#7491,#6396,#6397);
#5438=AXIS2_PLACEMENT_3D('',#7492,#6398,#6399);
#5439=AXIS2_PLACEMENT_3D('',#7495,#6401,#6402);
#5440=AXIS2_PLACEMENT_3D('',#7497,#6404,#6405);
#5441=AXIS2_PLACEMENT_3D('',#7498,#6406,#6407);
#5442=AXIS2_PLACEMENT_3D('',#7502,#6410,#6411);
#5443=AXIS2_PLACEMENT_3D('',#7503,#6412,#6413);
#5444=AXIS2_PLACEMENT_3D('',#7506,#6415,#6416);
#5445=AXIS2_PLACEMENT_3D('',#7508,#6418,#6419);
#5446=AXIS2_PLACEMENT_3D('',#7509,#6420,#6421);
#5447=AXIS2_PLACEMENT_3D('',#7513,#6424,#6425);
#5448=AXIS2_PLACEMENT_3D('',#7514,#6426,#6427);
#5449=AXIS2_PLACEMENT_3D('',#7517,#6429,#6430);
#5450=AXIS2_PLACEMENT_3D('',#7519,#6432,#6433);
#5451=AXIS2_PLACEMENT_3D('',#7520,#6434,#6435);
#5452=AXIS2_PLACEMENT_3D('',#7521,#6436,#6437);
#5453=AXIS2_PLACEMENT_3D('',#7522,#6438,#6439);
#5454=AXIS2_PLACEMENT_3D('',#7538,#6447,#6448);
#5455=AXIS2_PLACEMENT_3D('',#7539,#6449,#6450);
#5456=AXIS2_PLACEMENT_3D('',#7541,#6451,#6452);
#5457=AXIS2_PLACEMENT_3D('',#7542,#6453,#6454);
#5458=AXIS2_PLACEMENT_3D('',#7544,#6455,#6456);
#5459=AXIS2_PLACEMENT_3D('',#7545,#6457,#6458);
#5460=AXIS2_PLACEMENT_3D('',#7551,#6462,#6463);
#5461=AXIS2_PLACEMENT_3D('',#7555,#6466,#6467);
#5462=AXIS2_PLACEMENT_3D('',#7559,#6470,#6471);
#5463=AXIS2_PLACEMENT_3D('',#7563,#6474,#6475);
#5464=AXIS2_PLACEMENT_3D('',#7567,#6478,#6479);
#5465=AXIS2_PLACEMENT_3D('',#7571,#6482,#6483);
#5466=AXIS2_PLACEMENT_3D('',#7573,#6485,#6486);
#5467=AXIS2_PLACEMENT_3D('',#7574,#6487,#6488);
#5468=DIRECTION('',(0.,0.,1.));
#5469=DIRECTION('',(1.,0.,0.));
#5470=DIRECTION('',(0.,0.,1.));
#5471=DIRECTION('',(1.,0.,0.));
#5472=DIRECTION('',(0.,0.,1.));
#5473=DIRECTION('',(1.,0.,0.));
#5474=DIRECTION('',(0.907377776359467,0.420316037011377,0.));
#5475=DIRECTION('',(0.,0.,1.));
#5476=DIRECTION('',(1.,0.,0.));
#5477=DIRECTION('',(-0.48775408279774,0.872981073514275,0.));
#5478=DIRECTION('',(0.,0.,1.));
#5479=DIRECTION('',(1.,0.,0.));
#5480=DIRECTION('',(-0.940172810715058,-0.340697939518496,0.));
#5481=DIRECTION('',(-0.5,0.866025403784439,0.));
#5482=DIRECTION('',(0.866025403784438,0.5,0.));
#5483=DIRECTION('',(0.5,-0.866025403784439,0.));
#5484=DIRECTION('',(-0.866025403784438,-0.500000000000001,0.));
#5485=DIRECTION('',(0.5,-0.866025403784438,0.));
#5486=DIRECTION('',(0.,0.,1.));
#5487=DIRECTION('',(1.,0.,0.));
#5488=DIRECTION('',(0.499999999999996,-0.866025403784441,0.));
#5489=DIRECTION('',(0.499999999999999,-0.866025403784439,0.));
#5490=DIRECTION('',(-0.866025403784439,-0.5,0.));
#5491=DIRECTION('',(0.,0.,1.));
#5492=DIRECTION('',(1.,0.,0.));
#5493=DIRECTION('',(0.,0.,1.));
#5494=DIRECTION('',(1.,0.,0.));
#5495=DIRECTION('',(0.,0.,1.));
#5496=DIRECTION('',(1.,0.,0.));
#5497=DIRECTION('',(0.748202927777842,-0.663469953249327,0.));
#5498=DIRECTION('',(-0.866025403784438,-0.500000000000001,0.));
#5499=DIRECTION('',(0.,0.,1.));
#5500=DIRECTION('',(1.,0.,0.));
#5501=DIRECTION('',(0.,0.,1.));
#5502=DIRECTION('',(1.,0.,0.));
#5503=DIRECTION('',(0.,0.,1.));
#5504=DIRECTION('',(1.,0.,0.));
#5505=DIRECTION('',(-0.5,0.866025403784439,0.));
#5506=DIRECTION('',(0.866025403784439,0.5,0.));
#5507=DIRECTION('',(1.,0.,0.));
#5508=DIRECTION('',(0.707106781186548,0.707106781186548,0.));
#5509=DIRECTION('',(0.,1.,0.));
#5510=DIRECTION('',(0.,0.,1.));
#5511=DIRECTION('',(1.,0.,0.));
#5512=DIRECTION('',(-1.,0.,0.));
#5513=DIRECTION('',(0.,0.,1.));
#5514=DIRECTION('',(1.,0.,0.));
#5515=DIRECTION('',(0.,-1.,0.));
#5516=DIRECTION('',(0.,0.,1.));
#5517=DIRECTION('',(1.,0.,0.));
#5518=DIRECTION('',(0.866025403784438,-0.500000000000002,0.));
#5519=DIRECTION('',(-0.5,-0.866025403784439,0.));
#5520=DIRECTION('',(0.866355472553676,0.49942786784109,0.));
#5521=DIRECTION('',(0.500820769710373,-0.865551013301186,0.));
#5522=DIRECTION('',(-0.866623281247093,-0.498963013058606,0.));
#5523=DIRECTION('',(-0.86602540378444,0.499999999999997,0.));
#5524=DIRECTION('',(0.5,0.866025403784438,0.));
#5525=DIRECTION('',(0.,0.,1.));
#5526=DIRECTION('',(1.,0.,0.));
#5527=DIRECTION('',(-0.999900828085242,0.0140831102547187,0.));
#5528=DIRECTION('',(0.,1.,0.));
#5529=DIRECTION('',(0.,0.,1.));
#5530=DIRECTION('',(1.,0.,0.));
#5531=DIRECTION('',(-0.999991804588611,0.00404854981614866,0.));
#5532=DIRECTION('',(-0.0285597738988848,0.999592086460695,0.));
#5533=DIRECTION('',(0.,0.,1.));
#5534=DIRECTION('',(1.,0.,0.));
#5535=DIRECTION('',(0.00353354684453532,-0.999993757003861,0.));
#5536=DIRECTION('',(-0.999900828085242,0.0140831102547241,0.));
#5537=DIRECTION('',(0.,0.,1.));
#5538=DIRECTION('',(1.,0.,0.));
#5539=DIRECTION('',(0.866025403784439,-0.499999999999999,0.));
#5540=DIRECTION('',(-0.5,-0.866025403784439,0.));
#5541=DIRECTION('',(-0.866025403784439,0.499999999999999,0.));
#5542=DIRECTION('',(-0.499999999999999,-0.866025403784439,0.));
#5543=DIRECTION('',(-0.866025403784438,0.500000000000001,0.));
#5544=DIRECTION('',(-0.573975707424592,0.818872326609246,0.));
#5545=DIRECTION('',(0.499999999999999,0.866025403784439,0.));
#5546=DIRECTION('',(0.866025403784439,-0.5,0.));
#5547=DIRECTION('',(0.499999999999998,0.86602540378444,0.));
#5548=DIRECTION('',(0.866025403784439,-0.5,0.));
#5549=DIRECTION('',(-0.500000000000001,-0.866025403784438,0.));
#5550=DIRECTION('',(0.,0.,1.));
#5551=DIRECTION('',(1.,0.,0.));
#5552=DIRECTION('',(-0.5,0.866025403784438,0.));
#5553=DIRECTION('',(0.,0.,1.));
#5554=DIRECTION('',(1.,0.,0.));
#5555=DIRECTION('',(0.5,-0.866025403784439,0.));
#5556=DIRECTION('',(0.,0.,1.));
#5557=DIRECTION('',(1.,0.,0.));
#5558=DIRECTION('',(-0.5,-0.866025403784439,0.));
#5559=DIRECTION('',(0.,0.,1.));
#5560=DIRECTION('',(1.,0.,0.));
#5561=DIRECTION('',(0.5,0.866025403784439,0.));
#5562=DIRECTION('',(0.,0.,1.));
#5563=DIRECTION('',(1.,0.,0.));
#5564=DIRECTION('',(-0.866025403784439,-0.5,0.));
#5565=DIRECTION('',(0.,0.,1.));
#5566=DIRECTION('',(1.,0.,0.));
#5567=DIRECTION('',(0.866025403784439,0.499999999999999,0.));
#5568=DIRECTION('',(0.,0.,1.));
#5569=DIRECTION('',(1.,0.,0.));
#5570=DIRECTION('',(-1.,0.,0.));
#5571=DIRECTION('',(0.,0.,1.));
#5572=DIRECTION('',(1.,0.,0.));
#5573=DIRECTION('',(1.,0.,0.));
#5574=DIRECTION('',(0.,0.,1.));
#5575=DIRECTION('',(1.,0.,0.));
#5576=DIRECTION('',(-0.866025403784439,0.5,0.));
#5577=DIRECTION('',(0.,0.,1.));
#5578=DIRECTION('',(1.,0.,0.));
#5579=DIRECTION('',(0.866025403784439,-0.499999999999999,0.));
#5580=DIRECTION('',(0.,0.,1.));
#5581=DIRECTION('',(1.,0.,0.));
#5582=DIRECTION('',(0.,0.,1.));
#5583=DIRECTION('',(1.,0.,0.));
#5584=DIRECTION('',(0.,0.,1.));
#5585=DIRECTION('',(1.,0.,0.));
#5586=DIRECTION('',(0.,0.,1.));
#5587=DIRECTION('',(1.,0.,0.));
#5588=DIRECTION('',(0.,0.,1.));
#5589=DIRECTION('',(1.,0.,0.));
#5590=DIRECTION('',(-1.,0.,0.));
#5591=DIRECTION('',(0.,1.,0.));
#5592=DIRECTION('',(-1.,0.,0.));
#5593=DIRECTION('',(0.,1.,0.));
#5594=DIRECTION('',(1.,0.,0.));
#5595=DIRECTION('',(0.,1.,0.));
#5596=DIRECTION('',(-1.,0.,0.));
#5597=DIRECTION('',(0.,-1.,0.));
#5598=DIRECTION('',(1.,0.,0.));
#5599=DIRECTION('',(0.,1.,0.));
#5600=DIRECTION('',(-1.,0.,0.));
#5601=DIRECTION('',(0.,-1.,0.));
#5602=DIRECTION('',(1.,0.,0.));
#5603=DIRECTION('',(0.,1.,0.));
#5604=DIRECTION('',(-1.,0.,0.));
#5605=DIRECTION('',(0.,-1.,0.));
#5606=DIRECTION('',(1.,0.,0.));
#5607=DIRECTION('',(0.,1.,0.));
#5608=DIRECTION('',(-1.,0.,0.));
#5609=DIRECTION('',(0.,-1.,0.));
#5610=DIRECTION('',(0.,0.,1.));
#5611=DIRECTION('',(1.,0.,0.));
#5612=DIRECTION('',(-1.,0.,0.));
#5613=DIRECTION('',(0.,0.,1.));
#5614=DIRECTION('',(1.,0.,0.));
#5615=DIRECTION('',(0.,1.,0.));
#5616=DIRECTION('',(-1.,0.,0.));
#5617=DIRECTION('',(0.,-1.,0.));
#5618=DIRECTION('',(1.,0.,0.));
#5619=DIRECTION('',(0.,1.,0.));
#5620=DIRECTION('',(-1.,0.,0.));
#5621=DIRECTION('',(0.,-1.,0.));
#5622=DIRECTION('',(1.,0.,0.));
#5623=DIRECTION('',(0.,1.,0.));
#5624=DIRECTION('',(-1.,0.,0.));
#5625=DIRECTION('',(0.,-1.,0.));
#5626=DIRECTION('',(1.,0.,0.));
#5627=DIRECTION('',(0.,1.,0.));
#5628=DIRECTION('',(-1.,0.,0.));
#5629=DIRECTION('',(0.,-1.,0.));
#5630=DIRECTION('',(1.,0.,0.));
#5631=DIRECTION('',(0.,1.,0.));
#5632=DIRECTION('',(0.,0.,1.));
#5633=DIRECTION('',(1.,0.,0.));
#5634=DIRECTION('',(1.,0.,0.));
#5635=DIRECTION('',(0.,0.,1.));
#5636=DIRECTION('',(1.,0.,0.));
#5637=DIRECTION('',(0.,-1.,0.));
#5638=DIRECTION('',(-1.,0.,0.));
#5639=DIRECTION('',(0.,0.,1.));
#5640=DIRECTION('',(0.,-1.,0.));
#5641=DIRECTION('',(0.,0.,-1.));
#5642=DIRECTION('',(0.,0.,1.));
#5643=DIRECTION('',(0.,-1.,0.));
#5644=DIRECTION('',(0.,0.,1.));
#5645=DIRECTION('',(0.,0.,-1.));
#5646=DIRECTION('',(0.,-1.,0.));
#5647=DIRECTION('',(0.,0.,-1.));
#5648=DIRECTION('',(0.,0.,-1.));
#5649=DIRECTION('',(0.,-1.,0.));
#5650=DIRECTION('',(0.,0.,-1.));
#5651=DIRECTION('',(0.,0.,-1.));
#5652=DIRECTION('',(0.,-1.,0.));
#5653=DIRECTION('',(0.,0.,-1.));
#5654=DIRECTION('',(0.,0.,-1.));
#5655=DIRECTION('',(1.,0.,0.));
#5656=DIRECTION('',(0.,0.,-1.));
#5657=DIRECTION('',(0.,0.,-1.));
#5658=DIRECTION('',(0.,1.,0.));
#5659=DIRECTION('',(0.,0.,-1.));
#5660=DIRECTION('',(0.,0.,-1.));
#5661=DIRECTION('',(0.,1.,0.));
#5662=DIRECTION('',(0.,0.,-1.));
#5663=DIRECTION('',(0.,0.,-1.));
#5664=DIRECTION('',(0.,1.,0.));
#5665=DIRECTION('',(0.,0.,-1.));
#5666=DIRECTION('',(0.,0.,1.));
#5667=DIRECTION('',(0.,1.,0.));
#5668=DIRECTION('',(0.,0.,1.));
#5669=DIRECTION('',(0.,0.,-1.));
#5670=DIRECTION('',(0.,1.,0.));
#5671=DIRECTION('',(0.,0.,-1.));
#5672=DIRECTION('',(0.,-1.,0.));
#5673=DIRECTION('',(0.,0.,-1.));
#5674=DIRECTION('',(0.,0.,1.));
#5675=DIRECTION('',(-1.,0.,0.));
#5676=DIRECTION('',(0.,0.,1.));
#5677=DIRECTION('',(0.,0.,1.));
#5678=DIRECTION('',(1.,0.,0.));
#5679=DIRECTION('',(0.,0.,1.));
#5680=DIRECTION('',(1.,0.,0.));
#5681=DIRECTION('',(0.,0.,1.));
#5682=DIRECTION('',(0.,0.,1.));
#5683=DIRECTION('',(1.,0.,0.));
#5684=DIRECTION('',(0.,0.,1.));
#5685=DIRECTION('',(1.,0.,0.));
#5686=DIRECTION('',(1.,0.,0.));
#5687=DIRECTION('',(0.,0.,-1.));
#5688=DIRECTION('',(0.,0.,1.));
#5689=DIRECTION('',(0.,0.,1.));
#5690=DIRECTION('',(0.,-1.,0.));
#5691=DIRECTION('',(0.,1.,0.));
#5692=DIRECTION('',(0.,0.,1.));
#5693=DIRECTION('',(1.,0.,0.));
#5694=DIRECTION('',(0.,0.,1.));
#5695=DIRECTION('',(0.,0.,1.));
#5696=DIRECTION('',(1.,0.,0.));
#5697=DIRECTION('',(0.,0.,1.));
#5698=DIRECTION('',(-1.,0.,0.));
#5699=DIRECTION('',(0.,0.,1.));
#5700=DIRECTION('',(0.,-1.,0.));
#5701=DIRECTION('',(0.,0.,1.));
#5702=DIRECTION('',(0.,0.,1.));
#5703=DIRECTION('',(1.,0.,0.));
#5704=DIRECTION('',(0.,0.,1.));
#5705=DIRECTION('',(1.,0.,0.));
#5706=DIRECTION('',(0.,0.,1.));
#5707=DIRECTION('',(1.,0.,0.));
#5708=DIRECTION('',(0.,0.,1.));
#5709=DIRECTION('',(1.,0.,0.));
#5710=DIRECTION('',(0.,0.,1.));
#5711=DIRECTION('',(0.,1.,0.));
#5712=DIRECTION('',(0.,0.,1.));
#5713=DIRECTION('',(-1.,0.,0.));
#5714=DIRECTION('',(0.,0.,1.));
#5715=DIRECTION('',(1.,0.,0.));
#5716=DIRECTION('',(-1.,0.,0.));
#5717=DIRECTION('',(0.,0.,1.));
#5718=DIRECTION('',(1.,0.,0.));
#5719=DIRECTION('',(0.,0.,1.));
#5720=DIRECTION('',(1.,0.,0.));
#5721=DIRECTION('',(1.,0.,0.));
#5722=DIRECTION('',(0.,0.,1.));
#5723=DIRECTION('',(1.,0.,0.));
#5724=DIRECTION('',(0.,0.,1.));
#5725=DIRECTION('',(1.,0.,0.));
#5726=DIRECTION('',(0.,0.,1.));
#5727=DIRECTION('',(1.,0.,0.));
#5728=DIRECTION('',(0.,0.,1.));
#5729=DIRECTION('',(0.,0.,1.));
#5730=DIRECTION('',(1.,0.,0.));
#5731=DIRECTION('',(0.,0.,1.));
#5732=DIRECTION('',(0.,-1.,0.));
#5733=DIRECTION('',(0.,0.,-1.));
#5734=DIRECTION('',(0.,0.,1.));
#5735=DIRECTION('',(0.,0.,1.));
#5736=DIRECTION('',(1.,0.,0.));
#5737=DIRECTION('',(0.,0.,1.));
#5738=DIRECTION('',(1.,0.,0.));
#5739=DIRECTION('',(0.,0.,1.));
#5740=DIRECTION('',(0.,1.,0.));
#5741=DIRECTION('',(0.,0.,1.));
#5742=DIRECTION('',(0.707106781186547,-0.707106781186547,0.));
#5743=DIRECTION('',(0.707106781186548,0.707106781186548,0.));
#5744=DIRECTION('',(0.707106781186548,0.707106781186548,0.));
#5745=DIRECTION('',(0.,0.,1.));
#5746=DIRECTION('',(1.,0.,0.));
#5747=DIRECTION('',(0.,0.,-1.));
#5748=DIRECTION('',(-1.,0.,0.));
#5749=DIRECTION('',(0.,-1.,0.));
#5750=DIRECTION('',(-1.,0.,0.));
#5751=DIRECTION('',(0.,-1.,0.));
#5752=DIRECTION('',(-1.,0.,0.));
#5753=DIRECTION('',(0.,1.,0.));
#5754=DIRECTION('',(0.,0.,1.));
#5755=DIRECTION('',(0.,0.,-1.));
#5756=DIRECTION('',(0.,0.,-1.));
#5757=DIRECTION('',(0.,-1.,0.));
#5758=DIRECTION('',(0.,0.,-1.));
#5759=DIRECTION('',(0.,0.,1.));
#5760=DIRECTION('',(0.,0.,1.));
#5761=DIRECTION('',(1.,0.,0.));
#5762=DIRECTION('',(0.,0.,-1.));
#5763=DIRECTION('',(1.,0.,0.));
#5764=DIRECTION('',(0.,0.,-1.));
#5765=DIRECTION('',(0.,0.,-1.));
#5766=DIRECTION('',(-1.,0.,0.));
#5767=DIRECTION('',(0.,0.,-1.));
#5768=DIRECTION('',(-1.,0.,0.));
#5769=DIRECTION('',(0.,0.,-1.));
#5770=DIRECTION('',(-1.,0.,0.));
#5771=DIRECTION('',(0.,0.,-1.));
#5772=DIRECTION('',(-1.,0.,0.));
#5773=DIRECTION('',(0.,0.,1.));
#5774=DIRECTION('',(1.,0.,0.));
#5775=DIRECTION('',(0.,0.,-1.));
#5776=DIRECTION('',(-1.,0.,0.));
#5777=DIRECTION('',(0.,0.,-1.));
#5778=DIRECTION('',(-1.,0.,0.));
#5779=DIRECTION('',(0.,0.,-1.));
#5780=DIRECTION('',(-1.,0.,0.));
#5781=DIRECTION('',(0.,0.,-1.));
#5782=DIRECTION('',(-1.,0.,0.));
#5783=DIRECTION('',(0.,0.,1.));
#5784=DIRECTION('',(1.,0.,0.));
#5785=DIRECTION('',(0.,0.,-1.));
#5786=DIRECTION('',(-1.,0.,0.));
#5787=DIRECTION('',(0.,0.,-1.));
#5788=DIRECTION('',(-1.,0.,0.));
#5789=DIRECTION('',(0.,0.,-1.));
#5790=DIRECTION('',(-1.,0.,0.));
#5791=DIRECTION('',(0.,0.,-1.));
#5792=DIRECTION('',(-1.,0.,0.));
#5793=DIRECTION('',(0.,0.,1.));
#5794=DIRECTION('',(1.,0.,0.));
#5795=DIRECTION('',(0.,0.,-1.));
#5796=DIRECTION('',(-1.,0.,0.));
#5797=DIRECTION('',(0.,0.,-1.));
#5798=DIRECTION('',(-1.,0.,0.));
#5799=DIRECTION('',(0.,0.,-1.));
#5800=DIRECTION('',(-1.,0.,0.));
#5801=DIRECTION('',(0.,0.,-1.));
#5802=DIRECTION('',(-1.,0.,0.));
#5803=DIRECTION('',(0.,0.,1.));
#5804=DIRECTION('',(1.,0.,0.));
#5805=DIRECTION('',(0.866025403784439,-0.5,0.));
#5806=DIRECTION('',(0.5,0.866025403784439,0.));
#5807=DIRECTION('',(0.,0.,-1.));
#5808=DIRECTION('',(-0.5,-0.866025403784439,0.));
#5809=DIRECTION('',(0.,0.,-1.));
#5810=DIRECTION('',(0.500000000000002,0.866025403784438,0.));
#5811=DIRECTION('',(-0.866025403784438,0.500000000000002,0.));
#5812=DIRECTION('',(0.,0.,-1.));
#5813=DIRECTION('',(0.866025403784438,-0.500000000000002,0.));
#5814=DIRECTION('',(-0.866025403784439,0.5,0.));
#5815=DIRECTION('',(-0.5,-0.866025403784439,0.));
#5816=DIRECTION('',(0.,0.,-1.));
#5817=DIRECTION('',(0.5,0.866025403784438,0.));
#5818=DIRECTION('',(-0.499999999999997,-0.86602540378444,0.));
#5819=DIRECTION('',(0.866025403784441,-0.499999999999997,0.));
#5820=DIRECTION('',(0.,0.,-1.));
#5821=DIRECTION('',(-0.86602540378444,0.499999999999997,0.));
#5822=DIRECTION('',(0.498963013058606,-0.866623281247093,0.));
#5823=DIRECTION('',(0.866623281247093,0.498963013058606,0.));
#5824=DIRECTION('',(0.,0.,-1.));
#5825=DIRECTION('',(-0.866623281247093,-0.498963013058606,0.));
#5826=DIRECTION('',(0.865551013301186,0.500820769710373,0.));
#5827=DIRECTION('',(-0.500820769710373,0.865551013301186,0.));
#5828=DIRECTION('',(0.,0.,-1.));
#5829=DIRECTION('',(0.500820769710373,-0.865551013301186,0.));
#5830=DIRECTION('',(-0.49942786784109,0.866355472553676,0.));
#5831=DIRECTION('',(-0.866355472553676,-0.49942786784109,0.));
#5832=DIRECTION('',(0.866355472553676,0.49942786784109,0.));
#5833=DIRECTION('',(0.,0.,1.));
#5834=DIRECTION('',(1.,0.,0.));
#5835=DIRECTION('',(0.5,-0.866025403784439,0.));
#5836=DIRECTION('',(0.866025403784439,0.5,0.));
#5837=DIRECTION('',(0.,0.,-1.));
#5838=DIRECTION('',(-0.866025403784439,-0.5,0.));
#5839=DIRECTION('',(0.,0.,-1.));
#5840=DIRECTION('',(0.866025403784439,0.499999999999999,0.));
#5841=DIRECTION('',(-0.499999999999999,0.866025403784439,0.));
#5842=DIRECTION('',(0.,0.,-1.));
#5843=DIRECTION('',(0.499999999999999,-0.866025403784439,0.));
#5844=DIRECTION('',(-0.5,0.866025403784439,0.));
#5845=DIRECTION('',(-0.866025403784439,-0.5,0.));
#5846=DIRECTION('',(0.,0.,-1.));
#5847=DIRECTION('',(0.866025403784439,0.5,0.));
#5848=DIRECTION('',(-0.866025403784439,-0.5,0.));
#5849=DIRECTION('',(0.5,-0.866025403784439,0.));
#5850=DIRECTION('',(0.,0.,-1.));
#5851=DIRECTION('',(-0.5,0.866025403784439,0.));
#5852=DIRECTION('',(0.,0.,-1.));
#5853=DIRECTION('',(-1.,0.,0.));
#5854=DIRECTION('',(0.,0.,-1.));
#5855=DIRECTION('',(0.,0.,1.));
#5856=DIRECTION('',(1.,0.,0.));
#5857=DIRECTION('',(0.,0.,-1.));
#5858=DIRECTION('',(-1.,0.,0.));
#5859=DIRECTION('',(0.,0.,-1.));
#5860=DIRECTION('',(0.,0.,1.));
#5861=DIRECTION('',(1.,0.,0.));
#5862=DIRECTION('',(0.,0.,-1.));
#5863=DIRECTION('',(-1.,0.,0.));
#5864=DIRECTION('',(0.,0.,-1.));
#5865=DIRECTION('',(0.,0.,1.));
#5866=DIRECTION('',(1.,0.,0.));
#5867=DIRECTION('',(0.500000000000001,-0.866025403784438,0.));
#5868=DIRECTION('',(0.866025403784438,0.500000000000002,0.));
#5869=DIRECTION('',(0.,0.,-1.));
#5870=DIRECTION('',(-0.866025403784438,-0.500000000000001,0.));
#5871=DIRECTION('',(0.663469953249327,0.748202927777842,0.));
#5872=DIRECTION('',(-0.748202927777843,0.663469953249327,0.));
#5873=DIRECTION('',(0.,0.,-1.));
#5874=DIRECTION('',(0.748202927777842,-0.663469953249327,0.));
#5875=DIRECTION('',(0.,0.,-1.));
#5876=DIRECTION('',(-1.,0.,0.));
#5877=DIRECTION('',(0.,0.,-1.));
#5878=DIRECTION('',(0.,0.,1.));
#5879=DIRECTION('',(1.,0.,0.));
#5880=DIRECTION('',(0.,0.,-1.));
#5881=DIRECTION('',(-1.,0.,0.));
#5882=DIRECTION('',(0.,0.,-1.));
#5883=DIRECTION('',(0.,0.,1.));
#5884=DIRECTION('',(1.,0.,0.));
#5885=DIRECTION('',(0.,0.,-1.));
#5886=DIRECTION('',(-1.,0.,0.));
#5887=DIRECTION('',(0.,0.,1.));
#5888=DIRECTION('',(1.,0.,0.));
#5889=DIRECTION('',(0.,0.,1.));
#5890=DIRECTION('',(1.,0.,0.));
#5891=DIRECTION('',(-0.0140831102547187,-0.999900828085242,0.));
#5892=DIRECTION('',(0.999900828085242,-0.0140831102547187,0.));
#5893=DIRECTION('',(0.,0.,-1.));
#5894=DIRECTION('',(-0.999900828085242,0.0140831102547187,0.));
#5895=DIRECTION('',(0.,0.,-1.));
#5896=DIRECTION('',(0.,0.,-1.));
#5897=DIRECTION('',(-1.,0.,0.));
#5898=DIRECTION('',(0.,0.,-1.));
#5899=DIRECTION('',(0.,0.,1.));
#5900=DIRECTION('',(1.,0.,0.));
#5901=DIRECTION('',(0.,0.,-1.));
#5902=DIRECTION('',(-1.,0.,0.));
#5903=DIRECTION('',(0.,0.,-1.));
#5904=DIRECTION('',(0.,0.,1.));
#5905=DIRECTION('',(1.,0.,0.));
#5906=DIRECTION('',(-0.0140831102547241,-0.999900828085242,0.));
#5907=DIRECTION('',(0.999900828085242,-0.0140831102547241,0.));
#5908=DIRECTION('',(0.,0.,-1.));
#5909=DIRECTION('',(-0.999900828085242,0.0140831102547241,0.));
#5910=DIRECTION('',(0.999993757003861,0.00353354684453532,0.));
#5911=DIRECTION('',(-0.00353354684453532,0.999993757003861,0.));
#5912=DIRECTION('',(0.,0.,-1.));
#5913=DIRECTION('',(0.00353354684453532,-0.999993757003861,0.));
#5914=DIRECTION('',(0.,0.,-1.));
#5915=DIRECTION('',(-1.,0.,0.));
#5916=DIRECTION('',(0.,0.,-1.));
#5917=DIRECTION('',(0.,0.,1.));
#5918=DIRECTION('',(1.,0.,0.));
#5919=DIRECTION('',(-0.999592086460694,-0.0285597738988848,0.));
#5920=DIRECTION('',(0.0285597738988848,-0.999592086460695,0.));
#5921=DIRECTION('',(0.,0.,-1.));
#5922=DIRECTION('',(-0.0285597738988848,0.999592086460695,0.));
#5923=DIRECTION('',(-0.00404854981614866,-0.999991804588611,0.));
#5924=DIRECTION('',(0.999991804588611,-0.00404854981614866,0.));
#5925=DIRECTION('',(0.,0.,-1.));
#5926=DIRECTION('',(-0.999991804588611,0.00404854981614866,0.));
#5927=DIRECTION('',(0.,0.,-1.));
#5928=DIRECTION('',(-1.,0.,0.));
#5929=DIRECTION('',(0.,0.,-1.));
#5930=DIRECTION('',(0.,0.,1.));
#5931=DIRECTION('',(1.,0.,0.));
#5932=DIRECTION('',(-1.,0.,0.));
#5933=DIRECTION('',(0.,0.,1.));
#5934=DIRECTION('',(0.,1.,0.));
#5935=DIRECTION('',(0.,0.,1.));
#5936=DIRECTION('',(1.,0.,0.));
#5937=DIRECTION('',(0.866025403784439,-0.5,0.));
#5938=DIRECTION('',(0.5,0.866025403784439,0.));
#5939=DIRECTION('',(0.,0.,-1.));
#5940=DIRECTION('',(-0.5,-0.866025403784439,0.));
#5941=DIRECTION('',(0.,0.,-1.));
#5942=DIRECTION('',(0.499999999999999,0.866025403784439,0.));
#5943=DIRECTION('',(-0.866025403784439,0.499999999999999,0.));
#5944=DIRECTION('',(0.,0.,-1.));
#5945=DIRECTION('',(0.866025403784439,-0.499999999999999,0.));
#5946=DIRECTION('',(0.866025403784438,-0.500000000000001,0.));
#5947=DIRECTION('',(0.500000000000001,0.866025403784438,0.));
#5948=DIRECTION('',(0.,0.,-1.));
#5949=DIRECTION('',(-0.500000000000001,-0.866025403784438,0.));
#5950=DIRECTION('',(0.5,0.866025403784439,0.));
#5951=DIRECTION('',(-0.866025403784439,0.5,0.));
#5952=DIRECTION('',(0.,0.,-1.));
#5953=DIRECTION('',(0.866025403784439,-0.5,0.));
#5954=DIRECTION('',(-0.86602540378444,0.499999999999998,0.));
#5955=DIRECTION('',(-0.499999999999998,-0.86602540378444,0.));
#5956=DIRECTION('',(0.,0.,-1.));
#5957=DIRECTION('',(0.499999999999998,0.86602540378444,0.));
#5958=DIRECTION('',(0.5,0.866025403784439,0.));
#5959=DIRECTION('',(-0.866025403784439,0.5,0.));
#5960=DIRECTION('',(0.,0.,-1.));
#5961=DIRECTION('',(0.866025403784439,-0.5,0.));
#5962=DIRECTION('',(-0.866025403784439,0.499999999999999,0.));
#5963=DIRECTION('',(-0.499999999999999,-0.866025403784439,0.));
#5964=DIRECTION('',(0.,0.,-1.));
#5965=DIRECTION('',(0.499999999999999,0.866025403784439,0.));
#5966=DIRECTION('',(-0.818872326609245,-0.573975707424592,0.));
#5967=DIRECTION('',(0.573975707424592,-0.818872326609246,0.));
#5968=DIRECTION('',(0.,0.,-1.));
#5969=DIRECTION('',(-0.573975707424592,0.818872326609246,0.));
#5970=DIRECTION('',(-0.500000000000001,-0.866025403784438,0.));
#5971=DIRECTION('',(0.866025403784438,-0.500000000000001,0.));
#5972=DIRECTION('',(0.,0.,-1.));
#5973=DIRECTION('',(-0.866025403784438,0.500000000000001,0.));
#5974=DIRECTION('',(0.866025403784439,-0.499999999999999,0.));
#5975=DIRECTION('',(0.499999999999999,0.866025403784439,0.));
#5976=DIRECTION('',(0.,0.,-1.));
#5977=DIRECTION('',(-0.499999999999999,-0.866025403784439,0.));
#5978=DIRECTION('',(0.866025403784439,-0.5,0.));
#5979=DIRECTION('',(0.5,0.866025403784439,0.));
#5980=DIRECTION('',(-0.5,-0.866025403784439,0.));
#5981=DIRECTION('',(0.,0.,-1.));
#5982=DIRECTION('',(-0.5,-0.866025403784439,0.));
#5983=DIRECTION('',(0.,0.,-1.));
#5984=DIRECTION('',(-0.818368141552048,-0.574694340404224,0.));
#5985=DIRECTION('',(0.574694340404224,-0.818368141552048,0.));
#5986=DIRECTION('',(-0.574694340404224,0.818368141552048,0.));
#5987=DIRECTION('',(0.,0.,-1.));
#5988=DIRECTION('',(-0.574694340404224,0.818368141552048,0.));
#5989=DIRECTION('',(0.5,0.866025403784439,0.));
#5990=DIRECTION('',(-0.866025403784439,0.5,0.));
#5991=DIRECTION('',(0.866025403784439,-0.5,0.));
#5992=DIRECTION('',(0.866025403784439,-0.5,0.));
#5993=DIRECTION('',(-0.499999999999999,-0.866025403784439,0.));
#5994=DIRECTION('',(0.866025403784439,-0.499999999999999,0.));
#5995=DIRECTION('',(-0.866025403784439,0.499999999999999,0.));
#5996=DIRECTION('',(0.,0.,1.));
#5997=DIRECTION('',(1.,0.,0.));
#5998=DIRECTION('',(0.,0.,1.));
#5999=DIRECTION('',(1.,0.,0.));
#6000=DIRECTION('',(-0.420316037011377,0.907377776359467,0.));
#6001=DIRECTION('',(-0.907377776359467,-0.420316037011377,0.));
#6002=DIRECTION('',(0.,0.,-1.));
#6003=DIRECTION('',(0.907377776359467,0.420316037011377,0.));
#6004=DIRECTION('',(0.,0.,-1.));
#6005=DIRECTION('',(0.,0.,-1.));
#6006=DIRECTION('',(-1.,0.,0.));
#6007=DIRECTION('',(0.,0.,-1.));
#6008=DIRECTION('',(0.,0.,1.));
#6009=DIRECTION('',(1.,0.,0.));
#6010=DIRECTION('',(0.866025403784441,0.499999999999996,0.));
#6011=DIRECTION('',(-0.499999999999996,0.866025403784441,0.));
#6012=DIRECTION('',(0.,0.,-1.));
#6013=DIRECTION('',(0.499999999999996,-0.866025403784441,0.));
#6014=DIRECTION('',(0.,0.,-1.));
#6015=DIRECTION('',(-1.,0.,0.));
#6016=DIRECTION('',(0.,0.,-1.));
#6017=DIRECTION('',(0.,0.,1.));
#6018=DIRECTION('',(1.,0.,0.));
#6019=DIRECTION('',(0.866025403784438,0.5,0.));
#6020=DIRECTION('',(-0.5,0.866025403784439,0.));
#6021=DIRECTION('',(0.,0.,-1.));
#6022=DIRECTION('',(0.5,-0.866025403784438,0.));
#6023=DIRECTION('',(0.5,-0.866025403784438,0.));
#6024=DIRECTION('',(0.866025403784438,0.500000000000001,0.));
#6025=DIRECTION('',(0.,0.,-1.));
#6026=DIRECTION('',(-0.866025403784438,-0.500000000000001,0.));
#6027=DIRECTION('',(0.866025403784439,0.5,0.));
#6028=DIRECTION('',(-0.5,0.866025403784439,0.));
#6029=DIRECTION('',(0.,0.,-1.));
#6030=DIRECTION('',(0.5,-0.866025403784439,0.));
#6031=DIRECTION('',(-0.5,0.866025403784438,0.));
#6032=DIRECTION('',(-0.866025403784439,-0.5,0.));
#6033=DIRECTION('',(0.,0.,-1.));
#6034=DIRECTION('',(0.866025403784438,0.5,0.));
#6035=DIRECTION('',(-0.866025403784439,-0.5,0.));
#6036=DIRECTION('',(0.5,-0.866025403784439,0.));
#6037=DIRECTION('',(0.,0.,-1.));
#6038=DIRECTION('',(-0.5,0.866025403784439,0.));
#6039=DIRECTION('',(0.340697939518496,-0.940172810715058,0.));
#6040=DIRECTION('',(0.940172810715058,0.340697939518496,0.));
#6041=DIRECTION('',(0.,0.,-1.));
#6042=DIRECTION('',(-0.940172810715058,-0.340697939518496,0.));
#6043=DIRECTION('',(0.,0.,-1.));
#6044=DIRECTION('',(-1.,0.,0.));
#6045=DIRECTION('',(0.,0.,-1.));
#6046=DIRECTION('',(0.,0.,1.));
#6047=DIRECTION('',(1.,0.,0.));
#6048=DIRECTION('',(-0.872981073514275,-0.48775408279774,0.));
#6049=DIRECTION('',(0.48775408279774,-0.872981073514275,0.));
#6050=DIRECTION('',(0.,0.,-1.));
#6051=DIRECTION('',(-0.48775408279774,0.872981073514275,0.));
#6052=DIRECTION('',(0.,0.,-1.));
#6053=DIRECTION('',(-1.,0.,0.));
#6054=DIRECTION('',(0.,0.,1.));
#6055=DIRECTION('',(1.,0.,0.));
#6056=DIRECTION('',(0.,0.,1.));
#6057=DIRECTION('',(1.,0.,0.));
#6058=DIRECTION('',(0.,0.,1.));
#6059=DIRECTION('',(1.,0.,0.));
#6060=DIRECTION('',(0.,0.,1.));
#6061=DIRECTION('',(1.,0.,0.));
#6062=DIRECTION('',(0.,0.,-1.));
#6063=DIRECTION('',(0.,0.,1.));
#6064=DIRECTION('',(1.,0.,0.));
#6065=DIRECTION('',(0.,0.,-1.));
#6066=DIRECTION('',(0.,0.,-1.));
#6067=DIRECTION('',(0.,0.,1.));
#6068=DIRECTION('',(1.,0.,0.));
#6069=DIRECTION('',(0.,0.,-1.));
#6070=DIRECTION('',(0.,0.,-1.));
#6071=DIRECTION('',(0.,0.,1.));
#6072=DIRECTION('',(1.,0.,0.));
#6073=DIRECTION('',(0.,0.,-1.));
#6074=DIRECTION('',(0.,0.,-1.));
#6075=DIRECTION('',(0.,0.,1.));
#6076=DIRECTION('',(1.,0.,0.));
#6077=DIRECTION('',(0.,0.,-1.));
#6078=DIRECTION('',(0.,0.,-1.));
#6079=DIRECTION('',(0.,0.,1.));
#6080=DIRECTION('',(1.,0.,0.));
#6081=DIRECTION('',(0.,0.,-1.));
#6082=DIRECTION('',(0.,0.,1.));
#6083=DIRECTION('',(1.,0.,0.));
#6084=DIRECTION('',(1.,0.,0.));
#6085=DIRECTION('',(0.,0.,-1.));
#6086=DIRECTION('',(0.,0.,-1.));
#6087=DIRECTION('',(0.,-1.,0.));
#6088=DIRECTION('',(0.,0.,-1.));
#6089=DIRECTION('',(0.,1.,0.));
#6090=DIRECTION('',(0.,0.,1.));
#6091=DIRECTION('',(1.,0.,0.));
#6092=DIRECTION('',(0.,-1.,0.));
#6093=DIRECTION('',(0.,0.,-1.));
#6094=DIRECTION('',(-1.,0.,0.));
#6095=DIRECTION('',(0.,0.,1.));
#6096=DIRECTION('',(1.,0.,0.));
#6097=DIRECTION('',(-1.,0.,0.));
#6098=DIRECTION('',(0.,1.,0.));
#6099=DIRECTION('',(1.,0.,0.));
#6100=DIRECTION('',(0.,1.,0.));
#6101=DIRECTION('',(1.,0.,0.));
#6102=DIRECTION('',(0.,0.,-1.));
#6103=DIRECTION('',(0.,0.,-1.));
#6104=DIRECTION('',(0.,-1.,0.));
#6105=DIRECTION('',(0.,0.,-1.));
#6106=DIRECTION('',(0.,1.,0.));
#6107=DIRECTION('',(0.,0.,1.));
#6108=DIRECTION('',(1.,0.,0.));
#6109=DIRECTION('',(0.,-1.,0.));
#6110=DIRECTION('',(0.,0.,-1.));
#6111=DIRECTION('',(-1.,0.,0.));
#6112=DIRECTION('',(0.,0.,1.));
#6113=DIRECTION('',(1.,0.,0.));
#6114=DIRECTION('',(-1.,0.,0.));
#6115=DIRECTION('',(0.,1.,0.));
#6116=DIRECTION('',(1.,0.,0.));
#6117=DIRECTION('',(0.,1.,0.));
#6118=DIRECTION('',(1.,0.,0.));
#6119=DIRECTION('',(0.,0.,-1.));
#6120=DIRECTION('',(0.,0.,-1.));
#6121=DIRECTION('',(0.,-1.,0.));
#6122=DIRECTION('',(0.,0.,-1.));
#6123=DIRECTION('',(0.,1.,0.));
#6124=DIRECTION('',(0.,0.,1.));
#6125=DIRECTION('',(1.,0.,0.));
#6126=DIRECTION('',(0.,-1.,0.));
#6127=DIRECTION('',(0.,0.,-1.));
#6128=DIRECTION('',(-1.,0.,0.));
#6129=DIRECTION('',(0.,0.,1.));
#6130=DIRECTION('',(1.,0.,0.));
#6131=DIRECTION('',(-1.,0.,0.));
#6132=DIRECTION('',(0.,1.,0.));
#6133=DIRECTION('',(1.,0.,0.));
#6134=DIRECTION('',(0.,1.,0.));
#6135=DIRECTION('',(1.,0.,0.));
#6136=DIRECTION('',(0.,0.,-1.));
#6137=DIRECTION('',(0.,0.,-1.));
#6138=DIRECTION('',(0.,-1.,0.));
#6139=DIRECTION('',(0.,0.,-1.));
#6140=DIRECTION('',(0.,1.,0.));
#6141=DIRECTION('',(0.,0.,1.));
#6142=DIRECTION('',(1.,0.,0.));
#6143=DIRECTION('',(0.,-1.,0.));
#6144=DIRECTION('',(0.,0.,-1.));
#6145=DIRECTION('',(-1.,0.,0.));
#6146=DIRECTION('',(0.,0.,1.));
#6147=DIRECTION('',(1.,0.,0.));
#6148=DIRECTION('',(-1.,0.,0.));
#6149=DIRECTION('',(0.,1.,0.));
#6150=DIRECTION('',(1.,0.,0.));
#6151=DIRECTION('',(0.,1.,0.));
#6152=DIRECTION('',(0.,1.,0.));
#6153=DIRECTION('',(0.,0.,1.));
#6154=DIRECTION('',(1.,0.,0.));
#6155=DIRECTION('',(0.,0.,-1.));
#6156=DIRECTION('',(-1.,0.,0.));
#6157=DIRECTION('',(0.,0.,1.));
#6158=DIRECTION('',(0.,1.,0.));
#6159=DIRECTION('',(0.,0.,-1.));
#6160=DIRECTION('',(0.,-1.,0.));
#6161=DIRECTION('',(0.,0.,-1.));
#6162=DIRECTION('',(-1.,0.,0.));
#6163=DIRECTION('',(0.,0.,1.));
#6164=DIRECTION('',(1.,0.,0.));
#6165=DIRECTION('',(-1.,0.,0.));
#6166=DIRECTION('',(0.,1.,0.));
#6167=DIRECTION('',(1.,0.,0.));
#6168=DIRECTION('',(0.,1.,0.));
#6169=DIRECTION('',(0.,1.,0.));
#6170=DIRECTION('',(0.,0.,1.));
#6171=DIRECTION('',(1.,0.,0.));
#6172=DIRECTION('',(0.,0.,-1.));
#6173=DIRECTION('',(-1.,0.,0.));
#6174=DIRECTION('',(0.,0.,1.));
#6175=DIRECTION('',(0.,1.,0.));
#6176=DIRECTION('',(0.,0.,-1.));
#6177=DIRECTION('',(0.,-1.,0.));
#6178=DIRECTION('',(0.,0.,-1.));
#6179=DIRECTION('',(-1.,0.,0.));
#6180=DIRECTION('',(0.,0.,1.));
#6181=DIRECTION('',(1.,0.,0.));
#6182=DIRECTION('',(-1.,0.,0.));
#6183=DIRECTION('',(0.,1.,0.));
#6184=DIRECTION('',(1.,0.,0.));
#6185=DIRECTION('',(0.,1.,0.));
#6186=DIRECTION('',(0.,1.,0.));
#6187=DIRECTION('',(0.,0.,1.));
#6188=DIRECTION('',(1.,0.,0.));
#6189=DIRECTION('',(0.,0.,-1.));
#6190=DIRECTION('',(-1.,0.,0.));
#6191=DIRECTION('',(0.,0.,1.));
#6192=DIRECTION('',(0.,1.,0.));
#6193=DIRECTION('',(0.,0.,-1.));
#6194=DIRECTION('',(0.,-1.,0.));
#6195=DIRECTION('',(0.,0.,-1.));
#6196=DIRECTION('',(-1.,0.,0.));
#6197=DIRECTION('',(0.,0.,1.));
#6198=DIRECTION('',(1.,0.,0.));
#6199=DIRECTION('',(-1.,0.,0.));
#6200=DIRECTION('',(0.,1.,0.));
#6201=DIRECTION('',(1.,0.,0.));
#6202=DIRECTION('',(0.,1.,0.));
#6203=DIRECTION('',(0.,1.,0.));
#6204=DIRECTION('',(0.,0.,1.));
#6205=DIRECTION('',(1.,0.,0.));
#6206=DIRECTION('',(0.,0.,-1.));
#6207=DIRECTION('',(-1.,0.,0.));
#6208=DIRECTION('',(0.,0.,1.));
#6209=DIRECTION('',(0.,1.,0.));
#6210=DIRECTION('',(0.,0.,-1.));
#6211=DIRECTION('',(0.,-1.,0.));
#6212=DIRECTION('',(0.,0.,-1.));
#6213=DIRECTION('',(-1.,0.,0.));
#6214=DIRECTION('',(0.,0.,1.));
#6215=DIRECTION('',(1.,0.,0.));
#6216=DIRECTION('',(-1.,0.,0.));
#6217=DIRECTION('',(0.,1.,0.));
#6218=DIRECTION('',(1.,0.,0.));
#6219=DIRECTION('',(0.,1.,0.));
#6220=DIRECTION('',(0.,1.,0.));
#6221=DIRECTION('',(0.,0.,1.));
#6222=DIRECTION('',(0.,0.,-1.));
#6223=DIRECTION('',(0.,0.,-1.));
#6224=DIRECTION('',(-1.,0.,0.));
#6225=DIRECTION('',(0.,-1.,0.));
#6226=DIRECTION('',(0.,0.,-1.));
#6227=DIRECTION('',(0.,0.,1.));
#6228=DIRECTION('',(0.,0.,1.));
#6229=DIRECTION('',(-1.,0.,0.));
#6230=DIRECTION('',(1.,0.,0.));
#6231=DIRECTION('',(0.,0.,-1.));
#6232=DIRECTION('',(0.,1.,0.));
#6233=DIRECTION('',(1.,0.,0.));
#6234=DIRECTION('',(0.,0.,-1.));
#6235=DIRECTION('',(0.,1.,0.));
#6236=DIRECTION('',(0.,0.,1.));
#6237=DIRECTION('',(1.,0.,0.));
#6238=DIRECTION('',(0.,1.,0.));
#6239=DIRECTION('',(0.,0.,1.));
#6240=DIRECTION('',(0.,0.,-1.));
#6241=DIRECTION('',(0.,0.,-1.));
#6242=DIRECTION('',(-1.,0.,0.));
#6243=DIRECTION('',(0.,-1.,0.));
#6244=DIRECTION('',(0.,0.,-1.));
#6245=DIRECTION('',(0.,0.,1.));
#6246=DIRECTION('',(0.,0.,1.));
#6247=DIRECTION('',(-1.,0.,0.));
#6248=DIRECTION('',(1.,0.,0.));
#6249=DIRECTION('',(0.,0.,-1.));
#6250=DIRECTION('',(0.,1.,0.));
#6251=DIRECTION('',(1.,0.,0.));
#6252=DIRECTION('',(0.,0.,-1.));
#6253=DIRECTION('',(0.,1.,0.));
#6254=DIRECTION('',(0.,0.,1.));
#6255=DIRECTION('',(1.,0.,0.));
#6256=DIRECTION('',(0.,1.,0.));
#6257=DIRECTION('',(0.,0.,1.));
#6258=DIRECTION('',(0.,0.,-1.));
#6259=DIRECTION('',(0.,0.,-1.));
#6260=DIRECTION('',(-1.,0.,0.));
#6261=DIRECTION('',(0.,-1.,0.));
#6262=DIRECTION('',(0.,0.,-1.));
#6263=DIRECTION('',(0.,0.,1.));
#6264=DIRECTION('',(0.,0.,1.));
#6265=DIRECTION('',(-1.,0.,0.));
#6266=DIRECTION('',(1.,0.,0.));
#6267=DIRECTION('',(0.,0.,-1.));
#6268=DIRECTION('',(0.,1.,0.));
#6269=DIRECTION('',(1.,0.,0.));
#6270=DIRECTION('',(0.,0.,-1.));
#6271=DIRECTION('',(0.,1.,0.));
#6272=DIRECTION('',(0.,0.,1.));
#6273=DIRECTION('',(1.,0.,0.));
#6274=DIRECTION('',(0.,1.,0.));
#6275=DIRECTION('',(0.,0.,1.));
#6276=DIRECTION('',(0.,0.,-1.));
#6277=DIRECTION('',(0.,0.,-1.));
#6278=DIRECTION('',(-1.,0.,0.));
#6279=DIRECTION('',(0.,-1.,0.));
#6280=DIRECTION('',(0.,0.,-1.));
#6281=DIRECTION('',(0.,0.,1.));
#6282=DIRECTION('',(0.,0.,1.));
#6283=DIRECTION('',(-1.,0.,0.));
#6284=DIRECTION('',(1.,0.,0.));
#6285=DIRECTION('',(0.,0.,-1.));
#6286=DIRECTION('',(0.,1.,0.));
#6287=DIRECTION('',(1.,0.,0.));
#6288=DIRECTION('',(0.,0.,-1.));
#6289=DIRECTION('',(0.,1.,0.));
#6290=DIRECTION('',(0.,0.,1.));
#6291=DIRECTION('',(1.,0.,0.));
#6292=DIRECTION('',(0.,1.,0.));
#6293=DIRECTION('',(0.,0.,1.));
#6294=DIRECTION('',(0.,0.,-1.));
#6295=DIRECTION('',(0.,0.,-1.));
#6296=DIRECTION('',(-1.,0.,0.));
#6297=DIRECTION('',(0.,-1.,0.));
#6298=DIRECTION('',(0.,0.,-1.));
#6299=DIRECTION('',(0.,0.,1.));
#6300=DIRECTION('',(0.,0.,1.));
#6301=DIRECTION('',(-1.,0.,0.));
#6302=DIRECTION('',(1.,0.,0.));
#6303=DIRECTION('',(0.,0.,-1.));
#6304=DIRECTION('',(0.,1.,0.));
#6305=DIRECTION('',(1.,0.,0.));
#6306=DIRECTION('',(0.,0.,-1.));
#6307=DIRECTION('',(0.,1.,0.));
#6308=DIRECTION('',(0.,0.,1.));
#6309=DIRECTION('',(1.,0.,0.));
#6310=DIRECTION('',(0.,1.,0.));
#6311=DIRECTION('',(0.,0.,1.));
#6312=DIRECTION('',(0.,0.,-1.));
#6313=DIRECTION('',(0.,0.,-1.));
#6314=DIRECTION('',(-1.,0.,0.));
#6315=DIRECTION('',(0.,-1.,0.));
#6316=DIRECTION('',(0.,0.,-1.));
#6317=DIRECTION('',(0.,0.,1.));
#6318=DIRECTION('',(0.,0.,1.));
#6319=DIRECTION('',(-1.,0.,0.));
#6320=DIRECTION('',(1.,0.,0.));
#6321=DIRECTION('',(0.,0.,-1.));
#6322=DIRECTION('',(0.,1.,0.));
#6323=DIRECTION('',(1.,0.,0.));
#6324=DIRECTION('',(0.,0.,-1.));
#6325=DIRECTION('',(0.,1.,0.));
#6326=DIRECTION('',(0.,0.,1.));
#6327=DIRECTION('',(1.,0.,0.));
#6328=DIRECTION('',(0.,1.,0.));
#6329=DIRECTION('',(0.,0.,1.));
#6330=DIRECTION('',(0.,0.,-1.));
#6331=DIRECTION('',(0.,0.,-1.));
#6332=DIRECTION('',(-1.,0.,0.));
#6333=DIRECTION('',(0.,-1.,0.));
#6334=DIRECTION('',(0.,0.,-1.));
#6335=DIRECTION('',(0.,0.,1.));
#6336=DIRECTION('',(0.,0.,1.));
#6337=DIRECTION('',(-1.,0.,0.));
#6338=DIRECTION('',(1.,0.,0.));
#6339=DIRECTION('',(0.,0.,-1.));
#6340=DIRECTION('',(0.,1.,0.));
#6341=DIRECTION('',(1.,0.,0.));
#6342=DIRECTION('',(0.,0.,-1.));
#6343=DIRECTION('',(0.,1.,0.));
#6344=DIRECTION('',(0.,0.,1.));
#6345=DIRECTION('',(1.,0.,0.));
#6346=DIRECTION('',(0.,1.,0.));
#6347=DIRECTION('',(0.,0.,1.));
#6348=DIRECTION('',(0.,0.,-1.));
#6349=DIRECTION('',(0.,0.,-1.));
#6350=DIRECTION('',(-1.,0.,0.));
#6351=DIRECTION('',(0.,-1.,0.));
#6352=DIRECTION('',(0.,0.,-1.));
#6353=DIRECTION('',(0.,0.,1.));
#6354=DIRECTION('',(0.,0.,1.));
#6355=DIRECTION('',(-1.,0.,0.));
#6356=DIRECTION('',(1.,0.,0.));
#6357=DIRECTION('',(0.,0.,-1.));
#6358=DIRECTION('',(0.,1.,0.));
#6359=DIRECTION('',(1.,0.,0.));
#6360=DIRECTION('',(0.,0.,-1.));
#6361=DIRECTION('',(0.,1.,0.));
#6362=DIRECTION('',(0.,0.,1.));
#6363=DIRECTION('',(1.,0.,0.));
#6364=DIRECTION('',(0.866025403784439,-0.5,0.));
#6365=DIRECTION('',(0.5,0.866025403784439,0.));
#6366=DIRECTION('',(-0.5,-0.866025403784439,0.));
#6367=DIRECTION('',(0.,0.,-1.));
#6368=DIRECTION('',(-0.866025403784439,0.5,0.));
#6369=DIRECTION('',(-0.5,-0.866025403784439,0.));
#6370=DIRECTION('',(0.,0.,-1.));
#6371=DIRECTION('',(0.5,0.866025403784439,0.));
#6372=DIRECTION('',(0.,0.,-1.));
#6373=DIRECTION('',(-1.,0.,0.));
#6374=DIRECTION('',(0.,0.,1.));
#6375=DIRECTION('',(1.,0.,0.));
#6376=DIRECTION('',(0.,0.,1.));
#6377=DIRECTION('',(1.,0.,0.));
#6378=DIRECTION('',(0.5,-0.866025403784439,0.));
#6379=DIRECTION('',(0.866025403784439,0.5,0.));
#6380=DIRECTION('',(-0.866025403784439,-0.5,0.));
#6381=DIRECTION('',(0.,0.,-1.));
#6382=DIRECTION('',(-0.499999999999999,0.866025403784439,0.));
#6383=DIRECTION('',(-0.866025403784439,-0.5,0.));
#6384=DIRECTION('',(0.,0.,-1.));
#6385=DIRECTION('',(0.866025403784439,0.499999999999999,0.));
#6386=DIRECTION('',(0.,0.,-1.));
#6387=DIRECTION('',(-1.,0.,0.));
#6388=DIRECTION('',(0.,0.,1.));
#6389=DIRECTION('',(1.,0.,0.));
#6390=DIRECTION('',(0.,0.,1.));
#6391=DIRECTION('',(1.,0.,0.));
#6392=DIRECTION('',(0.,-1.,0.));
#6393=DIRECTION('',(0.,0.,-1.));
#6394=DIRECTION('',(-1.,0.,0.));
#6395=DIRECTION('',(0.,0.,-1.));
#6396=DIRECTION('',(0.,0.,-1.));
#6397=DIRECTION('',(-1.,0.,0.));
#6398=DIRECTION('',(0.,0.,1.));
#6399=DIRECTION('',(1.,0.,0.));
#6400=DIRECTION('',(0.,0.,-1.));
#6401=DIRECTION('',(0.,1.,0.));
#6402=DIRECTION('',(0.,0.,1.));
#6403=DIRECTION('',(1.,0.,0.));
#6404=DIRECTION('',(0.,0.,1.));
#6405=DIRECTION('',(1.,0.,0.));
#6406=DIRECTION('',(-0.5,-0.866025403784439,0.));
#6407=DIRECTION('',(0.866025403784439,-0.5,0.));
#6408=DIRECTION('',(-0.866025403784439,0.5,0.));
#6409=DIRECTION('',(0.,0.,-1.));
#6410=DIRECTION('',(0.,0.,-1.));
#6411=DIRECTION('',(-1.,0.,0.));
#6412=DIRECTION('',(0.,0.,1.));
#6413=DIRECTION('',(1.,0.,0.));
#6414=DIRECTION('',(0.,0.,-1.));
#6415=DIRECTION('',(0.499999999999999,0.866025403784439,0.));
#6416=DIRECTION('',(-0.866025403784439,0.499999999999999,0.));
#6417=DIRECTION('',(0.866025403784439,-0.499999999999999,0.));
#6418=DIRECTION('',(0.,0.,1.));
#6419=DIRECTION('',(1.,0.,0.));
#6420=DIRECTION('',(-0.866025403784438,-0.5,0.));
#6421=DIRECTION('',(0.5,-0.866025403784439,0.));
#6422=DIRECTION('',(-0.5,0.866025403784438,0.));
#6423=DIRECTION('',(0.,0.,-1.));
#6424=DIRECTION('',(0.,0.,-1.));
#6425=DIRECTION('',(-1.,0.,0.));
#6426=DIRECTION('',(0.,0.,1.));
#6427=DIRECTION('',(1.,0.,0.));
#6428=DIRECTION('',(0.,0.,-1.));
#6429=DIRECTION('',(0.866025403784439,0.5,0.));
#6430=DIRECTION('',(-0.5,0.866025403784439,0.));
#6431=DIRECTION('',(0.5,-0.866025403784439,0.));
#6432=DIRECTION('',(0.,0.,1.));
#6433=DIRECTION('',(1.,0.,0.));
#6434=DIRECTION('',(0.,0.,1.));
#6435=DIRECTION('',(1.,0.,0.));
#6436=DIRECTION('',(0.,0.,-1.));
#6437=DIRECTION('',(-1.,0.,0.));
#6438=DIRECTION('',(0.,0.,-1.));
#6439=DIRECTION('',(-1.,0.,0.));
#6440=DIRECTION('',(1.,0.,0.));
#6441=DIRECTION('',(0.,-1.,0.));
#6442=DIRECTION('',(1.,0.,0.));
#6443=DIRECTION('',(5.42101086242752E-16,-1.,0.));
#6444=DIRECTION('',(-0.8,0.6,0.));
#6445=DIRECTION('',(0.8,0.6,0.));
#6446=DIRECTION('',(-5.42101086242752E-16,-1.,0.));
#6447=DIRECTION('',(0.,0.,-1.));
#6448=DIRECTION('',(-1.,0.,0.));
#6449=DIRECTION('',(0.,0.,-1.));
#6450=DIRECTION('',(-1.,0.,0.));
#6451=DIRECTION('',(0.,0.,-1.));
#6452=DIRECTION('',(-1.,0.,0.));
#6453=DIRECTION('',(0.,0.,-1.));
#6454=DIRECTION('',(-1.,0.,0.));
#6455=DIRECTION('',(0.,0.,1.));
#6456=DIRECTION('',(1.,0.,0.));
#6457=DIRECTION('',(-1.,0.,0.));
#6458=DIRECTION('',(0.,0.,1.));
#6459=DIRECTION('',(0.,0.,1.));
#6460=DIRECTION('',(0.,-1.,0.));
#6461=DIRECTION('',(0.,0.,1.));
#6462=DIRECTION('',(0.,-1.,0.));
#6463=DIRECTION('',(0.,0.,-1.));
#6464=DIRECTION('',(0.,0.,1.));
#6465=DIRECTION('',(1.,0.,0.));
#6466=DIRECTION('',(-1.,5.42101086242752E-16,0.));
#6467=DIRECTION('',(-5.42101086242752E-16,-1.,0.));
#6468=DIRECTION('',(0.,0.,1.));
#6469=DIRECTION('',(-5.42101086242752E-16,-1.,0.));
#6470=DIRECTION('',(0.6,-0.8,0.));
#6471=DIRECTION('',(0.8,0.6,0.));
#6472=DIRECTION('',(0.,0.,1.));
#6473=DIRECTION('',(0.8,0.6,0.));
#6474=DIRECTION('',(0.6,0.8,0.));
#6475=DIRECTION('',(-0.8,0.6,0.));
#6476=DIRECTION('',(0.,0.,1.));
#6477=DIRECTION('',(-0.8,0.6,0.));
#6478=DIRECTION('',(-1.,-5.42101086242752E-16,0.));
#6479=DIRECTION('',(5.42101086242752E-16,-1.,0.));
#6480=DIRECTION('',(0.,0.,1.));
#6481=DIRECTION('',(5.42101086242752E-16,-1.,0.));
#6482=DIRECTION('',(0.,1.,0.));
#6483=DIRECTION('',(0.,0.,1.));
#6484=DIRECTION('',(-1.,0.,0.));
#6485=DIRECTION('',(0.,0.,1.));
#6486=DIRECTION('',(1.,0.,0.));
#6487=DIRECTION('',(0.,0.,1.));
#6488=DIRECTION('',(1.,0.,0.));
#6489=CARTESIAN_POINT('',(0.,0.,0.));
#6490=CARTESIAN_POINT('',(-4.5,4.5,0.));
#6491=CARTESIAN_POINT('',(1.64705468338494,-2.85250570096121,0.));
#6492=CARTESIAN_POINT('',(1.92148478662824,-2.7313111530893,0.));
#6493=CARTESIAN_POINT('',(1.38998267718705,-3.00714716897477,0.));
#6494=CARTESIAN_POINT('',(1.78555668827515,-2.79427584222626,0.));
#6495=CARTESIAN_POINT('',(1.78555668827515,-2.79427584222626,0.));
#6496=CARTESIAN_POINT('',(1.64663778542138,-2.85085798101497,0.));
#6497=CARTESIAN_POINT('',(1.52077155938085,-2.9324526692141,0.));
#6498=CARTESIAN_POINT('',(1.54526147767727,-2.97628466553909,0.));
#6499=CARTESIAN_POINT('',(1.54526147767727,-2.97628466553909,0.));
#6500=CARTESIAN_POINT('',(1.67514061243225,-2.90124194200577,0.));
#6501=CARTESIAN_POINT('',(1.81615174855715,-2.85009646822007,0.));
#6502=CARTESIAN_POINT('',(1.93769249548138,-2.80605277585555,0.));
#6503=CARTESIAN_POINT('',(1.93769249548138,-2.80605277585554,0.));
#6504=CARTESIAN_POINT('',(2.23821287748566,-3.32656934619697,0.));
#6505=CARTESIAN_POINT('',(2.23821287748566,-3.32656934619697,0.));
#6506=CARTESIAN_POINT('',(1.76178712251434,-3.60163388407854,0.));
#6507=CARTESIAN_POINT('',(1.76178712251434,-3.60163388407854,0.));
#6508=CARTESIAN_POINT('',(1.68683380370856,-3.47181092771103,0.));
#6509=CARTESIAN_POINT('',(1.68683380370856,-3.47181092771103,0.));
#6510=CARTESIAN_POINT('',(2.03343660231238,-3.27169970863524,0.));
#6511=CARTESIAN_POINT('',(2.03343660231238,-3.27169970863524,0.));
#6512=CARTESIAN_POINT('',(1.91959241054135,-3.07451578434119,0.));
#6513=CARTESIAN_POINT('',(1.91959241054135,-3.07451578434119,0.));
#6514=CARTESIAN_POINT('',(1.67499869146659,-2.90080938667783,0.));
#6515=CARTESIAN_POINT('',(1.41519116378693,-3.05080954854768,0.));
#6516=CARTESIAN_POINT('',(1.38998267718705,-3.00714716897477,0.));
#6517=CARTESIAN_POINT('',(2.44807621135332,1.75980762113533,0.));
#6518=CARTESIAN_POINT('',(2.44807621135332,1.75980762113533,0.));
#6519=CARTESIAN_POINT('',(2.74807621135332,1.24019237886467,0.));
#6520=CARTESIAN_POINT('',(2.57747259651812,1.8345146589424,0.));
#6521=CARTESIAN_POINT('',(2.57747259651812,1.8345146589424,0.));
#6522=CARTESIAN_POINT('',(2.76397267718888,1.5114872299061,0.));
#6523=CARTESIAN_POINT('',(3.04357929430241,1.75836602540366,0.));
#6524=CARTESIAN_POINT('',(3.18491569487808,1.8838451944809,0.));
#6525=CARTESIAN_POINT('',(3.27929399400239,1.72009618943231,0.));
#6526=CARTESIAN_POINT('',(3.2042939976094,1.85000000208249,0.));
#6527=CARTESIAN_POINT('',(3.12929399400242,1.97990381056767,0.));
#6528=CARTESIAN_POINT('',(3.0109927238132,2.08480762113533,0.));
#6529=CARTESIAN_POINT('',(3.0109927238132,2.08480762113533,0.));
#6530=CARTESIAN_POINT('',(3.05429399400242,2.10980762113533,0.));
#6531=CARTESIAN_POINT('',(3.05429399400242,2.10980762113533,0.));
#6532=CARTESIAN_POINT('',(3.20429399400242,1.85,0.));
#6533=CARTESIAN_POINT('',(3.35429399400236,1.59019237886463,0.));
#6534=CARTESIAN_POINT('',(3.18506524876837,1.88393143276542,0.));
#6535=CARTESIAN_POINT('',(2.9307735599461,1.65975128869392,0.));
#6536=CARTESIAN_POINT('',(2.76412256753019,1.51157420974176,0.));
#6537=CARTESIAN_POINT('',(2.65298002192098,1.70490381056767,0.));
#6538=CARTESIAN_POINT('',(2.87798002192098,1.31519237886467,0.));
#6539=CARTESIAN_POINT('',(2.87798002192098,1.31519237886467,0.));
#6540=CARTESIAN_POINT('',(2.74807621135332,1.24019237886467,0.));
#6541=CARTESIAN_POINT('',(-4.5,-5.,0.));
#6542=CARTESIAN_POINT('',(-4.5,-5.,0.));
#6543=CARTESIAN_POINT('',(2.,-5.,0.));
#6544=CARTESIAN_POINT('',(2.,-5.,0.));
#6545=CARTESIAN_POINT('',(5.,-2.,0.));
#6546=CARTESIAN_POINT('',(5.,-4.5,0.));
#6547=CARTESIAN_POINT('',(5.,4.5,0.));
#6548=CARTESIAN_POINT('',(4.5,4.5,0.));
#6549=CARTESIAN_POINT('',(4.5,5.,0.));
#6550=CARTESIAN_POINT('',(4.5,5.,0.));
#6551=CARTESIAN_POINT('',(-4.5,5.,0.));
#6552=CARTESIAN_POINT('',(-4.5,4.5,0.));
#6553=CARTESIAN_POINT('',(-5.,4.5,0.));
#6554=CARTESIAN_POINT('',(-5.,4.5,0.));
#6555=CARTESIAN_POINT('',(-5.,-4.5,0.));
#6556=CARTESIAN_POINT('',(-4.5,-4.5,0.));
#6557=CARTESIAN_POINT('',(1.43508852181625,2.6355528707562,0.));
#6558=CARTESIAN_POINT('',(1.43508852181625,2.6355528707562,0.));
#6559=CARTESIAN_POINT('',(1.56491147818375,2.56059955195043,0.));
#6560=CARTESIAN_POINT('',(1.7950058734402,3.25894801029452,0.));
#6561=CARTESIAN_POINT('',(1.7950058734402,3.25894801029452,0.));
#6562=CARTESIAN_POINT('',(1.69098186798885,3.19898130044767,0.));
#6563=CARTESIAN_POINT('',(1.69098186798885,3.19898130044767,0.));
#6564=CARTESIAN_POINT('',(1.61578199922371,3.32894660250058,0.));
#6565=CARTESIAN_POINT('',(1.61578199922371,3.32894660250058,0.));
#6566=CARTESIAN_POINT('',(1.925215057144,3.50710434907955,0.));
#6567=CARTESIAN_POINT('',(1.925215057144,3.50710434907955,0.));
#6568=CARTESIAN_POINT('',(2.06483597248264,3.42649417602428,0.));
#6569=CARTESIAN_POINT('',(2.06483597248264,3.42649417602428,0.));
#6570=CARTESIAN_POINT('',(1.56491147818375,2.56059955195043,0.));
#6571=CARTESIAN_POINT('',(3.29990981741967,0.0073553664285326,0.));
#6572=CARTESIAN_POINT('',(3.30001087074923,0.307355349408906,0.));
#6573=CARTESIAN_POINT('',(3.52911346785367,-0.186205183859304,0.));
#6574=CARTESIAN_POINT('',(3.35021545221347,0.30664824262772,0.));
#6575=CARTESIAN_POINT('',(3.35021545221347,0.30664824262772,0.));
#6576=CARTESIAN_POINT('',(3.35021545221347,0.107244130333113,0.));
#6577=CARTESIAN_POINT('',(3.35021545221347,0.107244130333113,0.));
#6578=CARTESIAN_POINT('',(3.31792464068613,-4.40457132572236E-17,0.));
#6579=CARTESIAN_POINT('',(3.42516877101925,0.0322908115273394,0.));
#6580=CARTESIAN_POINT('',(3.59982414597233,0.0315837047461528,0.));
#6581=CARTESIAN_POINT('',(3.59982414597233,0.0315837047461528,0.));
#6582=CARTESIAN_POINT('',(3.60053125275351,0.00683496740462428,0.));
#6583=CARTESIAN_POINT('',(3.60053125275351,0.00683496740462434,0.));
#6584=CARTESIAN_POINT('',(3.71805789654116,-0.035738357577247,0.));
#6585=CARTESIAN_POINT('',(3.67548457155929,0.0817882862103979,0.));
#6586=CARTESIAN_POINT('',(3.6747774647781,0.281899505286191,0.));
#6587=CARTESIAN_POINT('',(3.6747774647781,0.281899505286191,0.));
#6588=CARTESIAN_POINT('',(3.72498204624234,0.281192398505004,0.));
#6589=CARTESIAN_POINT('',(3.72498204624234,0.281192398505004,0.));
#6590=CARTESIAN_POINT('',(3.7256024015227,0.00619309821621014,0.));
#6591=CARTESIAN_POINT('',(2.52307621135332,-1.62990381056767,0.));
#6592=CARTESIAN_POINT('',(2.52307621135332,-1.62990381056767,0.));
#6593=CARTESIAN_POINT('',(2.65298002192098,-1.70490381056767,0.));
#6594=CARTESIAN_POINT('',(2.59807621135332,-1.5,0.));
#6595=CARTESIAN_POINT('',(2.59807621135332,-1.5,0.));
#6596=CARTESIAN_POINT('',(2.72798002192098,-1.575,0.));
#6597=CARTESIAN_POINT('',(2.72798002192098,-1.575,0.));
#6598=CARTESIAN_POINT('',(2.90298002192098,-1.27189110867545,0.));
#6599=CARTESIAN_POINT('',(2.90298002192098,-1.27189110867545,0.));
#6600=CARTESIAN_POINT('',(3.03288383248865,-1.34689110867545,0.));
#6601=CARTESIAN_POINT('',(3.03288383248865,-1.34689110867545,0.));
#6602=CARTESIAN_POINT('',(3.47610161513776,-1.97921539030917,0.));
#6603=CARTESIAN_POINT('',(3.47610161513776,-1.97921539030917,0.));
#6604=CARTESIAN_POINT('',(3.38910161513776,-2.12990381056767,0.));
#6605=CARTESIAN_POINT('',(3.38910161513776,-2.12990381056767,0.));
#6606=CARTESIAN_POINT('',(2.78288383248865,-1.77990381056767,0.));
#6607=CARTESIAN_POINT('',(2.78288383248865,-1.77990381056767,0.));
#6608=CARTESIAN_POINT('',(2.73288383248865,-1.86650635094611,0.));
#6609=CARTESIAN_POINT('',(2.73288383248865,-1.86650635094611,0.));
#6610=CARTESIAN_POINT('',(2.60298002192098,-1.79150635094611,0.));
#6611=CARTESIAN_POINT('',(2.60298002192098,-1.79150635094611,0.));
#6612=CARTESIAN_POINT('',(2.65298002192098,-1.70490381056767,0.));
#6613=CARTESIAN_POINT('',(0.,0.,0.));
#6614=CARTESIAN_POINT('',(1.08535175815035,-1.67988438920062,0.));
#6615=CARTESIAN_POINT('',(1.67988438920062,-1.08535175815035,0.));
#6616=CARTESIAN_POINT('',(1.33660254037844,-2.1150635094611,0.));
#6617=CARTESIAN_POINT('',(1.33660254037844,-2.1150635094611,0.));
#6618=CARTESIAN_POINT('',(1.25,-2.1650635094611,0.));
#6619=CARTESIAN_POINT('',(1.16339745962156,-2.2150635094611,0.));
#6620=CARTESIAN_POINT('',(0.912146677393466,-1.77988438920062,0.));
#6621=CARTESIAN_POINT('',(0.912146677393466,-1.77988438920062,0.));
#6622=CARTESIAN_POINT('',(0.,0.,0.));
#6623=CARTESIAN_POINT('',(0.912146677393465,1.77988438920062,0.));
#6624=CARTESIAN_POINT('',(1.16339745962156,2.2150635094611,0.));
#6625=CARTESIAN_POINT('',(1.16339745962156,2.2150635094611,0.));
#6626=CARTESIAN_POINT('',(1.25,2.1650635094611,0.));
#6627=CARTESIAN_POINT('',(1.33660254037844,2.1150635094611,0.));
#6628=CARTESIAN_POINT('',(1.08535175815035,1.67988438920062,0.));
#6629=CARTESIAN_POINT('',(1.08535175815035,1.67988438920062,0.));
#6630=CARTESIAN_POINT('',(0.,0.,0.));
#6631=CARTESIAN_POINT('',(1.67988438920062,1.08535175815035,0.));
#6632=CARTESIAN_POINT('',(2.1150635094611,1.33660254037844,0.));
#6633=CARTESIAN_POINT('',(2.1150635094611,1.33660254037844,0.));
#6634=CARTESIAN_POINT('',(2.1650635094611,1.25,0.));
#6635=CARTESIAN_POINT('',(2.2150635094611,1.16339745962156,0.));
#6636=CARTESIAN_POINT('',(1.77988438920062,0.912146677393465,0.));
#6637=CARTESIAN_POINT('',(1.77988438920062,0.912146677393465,0.));
#6638=CARTESIAN_POINT('',(0.,0.,0.));
#6639=CARTESIAN_POINT('',(1.99749843554382,0.1,0.));
#6640=CARTESIAN_POINT('',(2.5,0.1,0.));
#6641=CARTESIAN_POINT('',(2.5,0.1,0.));
#6642=CARTESIAN_POINT('',(2.5,-6.7762635780344E-18,0.));
#6643=CARTESIAN_POINT('',(2.5,-0.1,0.));
#6644=CARTESIAN_POINT('',(1.99749843554382,-0.1,0.));
#6645=CARTESIAN_POINT('',(1.99749843554382,-0.1,0.));
#6646=CARTESIAN_POINT('',(0.,0.,0.));
#6647=CARTESIAN_POINT('',(1.77988438920062,-0.912146677393465,0.));
#6648=CARTESIAN_POINT('',(2.2150635094611,-1.16339745962156,0.));
#6649=CARTESIAN_POINT('',(2.2150635094611,-1.16339745962156,0.));
#6650=CARTESIAN_POINT('',(2.1650635094611,-1.25,0.));
#6651=CARTESIAN_POINT('',(2.1150635094611,-1.33660254037844,0.));
#6652=CARTESIAN_POINT('',(1.67988438920062,-1.08535175815035,0.));
#6653=CARTESIAN_POINT('',(-4.35,4.35,-6.2));
#6654=CARTESIAN_POINT('',(3.,-3.,-6.2));
#6655=CARTESIAN_POINT('',(3.4,-3.,-6.2));
#6656=CARTESIAN_POINT('',(3.,3.,-6.2));
#6657=CARTESIAN_POINT('',(3.4,3.,-6.2));
#6658=CARTESIAN_POINT('',(-3.,-3.,-6.2));
#6659=CARTESIAN_POINT('',(-2.6,-3.,-6.2));
#6660=CARTESIAN_POINT('',(-3.,3.,-6.2));
#6661=CARTESIAN_POINT('',(-2.6,3.,-6.2));
#6662=CARTESIAN_POINT('',(1.,-2.,-6.2));
#6663=CARTESIAN_POINT('',(1.,-2.,-6.2));
#6664=CARTESIAN_POINT('',(-1.,-2.,-6.2));
#6665=CARTESIAN_POINT('',(1.,-2.,-6.2));
#6666=CARTESIAN_POINT('',(1.,2.,-6.2));
#6667=CARTESIAN_POINT('',(1.,2.,-6.2));
#6668=CARTESIAN_POINT('',(-1.,2.,-6.2));
#6669=CARTESIAN_POINT('',(-1.,-2.,-6.2));
#6670=CARTESIAN_POINT('',(-4.75,-4.21,-6.2));
#6671=CARTESIAN_POINT('',(-4.75,-4.21,-6.2));
#6672=CARTESIAN_POINT('',(-3.5,-4.21,-6.2));
#6673=CARTESIAN_POINT('',(-3.5,-4.21,-6.2));
#6674=CARTESIAN_POINT('',(-3.5,-3.41,-6.2));
#6675=CARTESIAN_POINT('',(-3.5,-3.41,-6.2));
#6676=CARTESIAN_POINT('',(-4.75,-3.41,-6.2));
#6677=CARTESIAN_POINT('',(-4.75,4.35,-6.2));
#6678=CARTESIAN_POINT('',(-4.75,-1.67,-6.2));
#6679=CARTESIAN_POINT('',(-4.75,-1.67,-6.2));
#6680=CARTESIAN_POINT('',(-3.5,-1.67,-6.2));
#6681=CARTESIAN_POINT('',(-3.5,-1.67,-6.2));
#6682=CARTESIAN_POINT('',(-3.5,-0.87,-6.2));
#6683=CARTESIAN_POINT('',(-3.5,-0.87,-6.2));
#6684=CARTESIAN_POINT('',(-4.75,-0.87,-6.2));
#6685=CARTESIAN_POINT('',(-4.75,4.35,-6.2));
#6686=CARTESIAN_POINT('',(-4.75,0.87,-6.2));
#6687=CARTESIAN_POINT('',(-4.75,0.87,-6.2));
#6688=CARTESIAN_POINT('',(-3.5,0.87,-6.2));
#6689=CARTESIAN_POINT('',(-3.5,0.87,-6.2));
#6690=CARTESIAN_POINT('',(-3.5,1.67,-6.2));
#6691=CARTESIAN_POINT('',(-3.5,1.67,-6.2));
#6692=CARTESIAN_POINT('',(-4.75,1.67,-6.2));
#6693=CARTESIAN_POINT('',(-4.75,4.35,-6.2));
#6694=CARTESIAN_POINT('',(-4.75,3.41,-6.2));
#6695=CARTESIAN_POINT('',(-4.75,3.41,-6.2));
#6696=CARTESIAN_POINT('',(-3.5,3.41,-6.2));
#6697=CARTESIAN_POINT('',(-3.5,3.41,-6.2));
#6698=CARTESIAN_POINT('',(-3.5,4.21,-6.2));
#6699=CARTESIAN_POINT('',(-3.5,4.21,-6.2));
#6700=CARTESIAN_POINT('',(-4.75,4.21,-6.2));
#6701=CARTESIAN_POINT('',(-4.75,4.35,-6.2));
#6702=CARTESIAN_POINT('',(-4.75,4.35,-6.2));
#6703=CARTESIAN_POINT('',(-4.35,4.35,-6.2));
#6704=CARTESIAN_POINT('',(-4.35,4.75,-6.2));
#6705=CARTESIAN_POINT('',(4.35,4.75,-6.2));
#6706=CARTESIAN_POINT('',(4.35,4.75,-6.2));
#6707=CARTESIAN_POINT('',(4.35,4.35,-6.2));
#6708=CARTESIAN_POINT('',(4.75,4.35,-6.2));
#6709=CARTESIAN_POINT('',(4.75,-4.35,-6.2));
#6710=CARTESIAN_POINT('',(4.75,4.21,-6.2));
#6711=CARTESIAN_POINT('',(4.75,4.21,-6.2));
#6712=CARTESIAN_POINT('',(3.5,4.21,-6.2));
#6713=CARTESIAN_POINT('',(3.5,4.21,-6.2));
#6714=CARTESIAN_POINT('',(3.5,3.41,-6.2));
#6715=CARTESIAN_POINT('',(3.5,3.41,-6.2));
#6716=CARTESIAN_POINT('',(4.75,3.41,-6.2));
#6717=CARTESIAN_POINT('',(4.75,-4.35,-6.2));
#6718=CARTESIAN_POINT('',(4.75,1.67,-6.2));
#6719=CARTESIAN_POINT('',(4.75,1.67,-6.2));
#6720=CARTESIAN_POINT('',(3.5,1.67,-6.2));
#6721=CARTESIAN_POINT('',(3.5,1.67,-6.2));
#6722=CARTESIAN_POINT('',(3.5,0.87,-6.2));
#6723=CARTESIAN_POINT('',(3.5,0.87,-6.2));
#6724=CARTESIAN_POINT('',(4.75,0.87,-6.2));
#6725=CARTESIAN_POINT('',(4.75,-4.35,-6.2));
#6726=CARTESIAN_POINT('',(4.75,-0.87,-6.2));
#6727=CARTESIAN_POINT('',(4.75,-0.87,-6.2));
#6728=CARTESIAN_POINT('',(3.5,-0.87,-6.2));
#6729=CARTESIAN_POINT('',(3.5,-0.87,-6.2));
#6730=CARTESIAN_POINT('',(3.5,-1.67,-6.2));
#6731=CARTESIAN_POINT('',(3.5,-1.67,-6.2));
#6732=CARTESIAN_POINT('',(4.75,-1.67,-6.2));
#6733=CARTESIAN_POINT('',(4.75,-4.35,-6.2));
#6734=CARTESIAN_POINT('',(4.75,-3.41,-6.2));
#6735=CARTESIAN_POINT('',(4.75,-3.41,-6.2));
#6736=CARTESIAN_POINT('',(3.5,-3.41,-6.2));
#6737=CARTESIAN_POINT('',(3.5,-3.41,-6.2));
#6738=CARTESIAN_POINT('',(3.5,-4.21,-6.2));
#6739=CARTESIAN_POINT('',(3.5,-4.21,-6.2));
#6740=CARTESIAN_POINT('',(4.75,-4.21,-6.2));
#6741=CARTESIAN_POINT('',(4.75,-4.35,-6.2));
#6742=CARTESIAN_POINT('',(4.75,-4.35,-6.2));
#6743=CARTESIAN_POINT('',(4.35,-4.35,-6.2));
#6744=CARTESIAN_POINT('',(4.35,-4.75,-6.2));
#6745=CARTESIAN_POINT('',(-4.35,-4.75,-6.2));
#6746=CARTESIAN_POINT('',(-4.35,-4.75,-6.2));
#6747=CARTESIAN_POINT('',(-4.35,-4.35,-6.2));
#6748=CARTESIAN_POINT('',(-4.75,-4.35,-6.2));
#6749=CARTESIAN_POINT('',(-4.75,4.35,-6.2));
#6750=CARTESIAN_POINT('',(-4.75,4.35,-6.2));
#6751=CARTESIAN_POINT('',(-4.75,-3.41,-5.8));
#6752=CARTESIAN_POINT('',(-4.75,-3.41,-5.8));
#6753=CARTESIAN_POINT('',(-4.75,-4.21,-5.8));
#6754=CARTESIAN_POINT('',(-4.75,-4.21,-5.8));
#6755=CARTESIAN_POINT('',(-4.75,-4.35,-6.2));
#6756=CARTESIAN_POINT('',(-4.75,-4.35,-5.2));
#6757=CARTESIAN_POINT('',(-4.75,4.35,-5.2));
#6758=CARTESIAN_POINT('',(-4.75,4.35,-5.2));
#6759=CARTESIAN_POINT('',(-4.75,4.35,-6.2));
#6760=CARTESIAN_POINT('',(-4.75,4.21,-5.8));
#6761=CARTESIAN_POINT('',(-4.75,4.21,-5.8));
#6762=CARTESIAN_POINT('',(-4.75,4.21,-5.8));
#6763=CARTESIAN_POINT('',(-4.75,3.41,-5.8));
#6764=CARTESIAN_POINT('',(-4.75,3.41,-5.8));
#6765=CARTESIAN_POINT('',(-4.75,1.67,-5.8));
#6766=CARTESIAN_POINT('',(-4.75,1.67,-5.8));
#6767=CARTESIAN_POINT('',(-4.75,1.67,-5.8));
#6768=CARTESIAN_POINT('',(-4.75,0.87,-5.8));
#6769=CARTESIAN_POINT('',(-4.75,0.87,-5.8));
#6770=CARTESIAN_POINT('',(-4.75,-0.87,-5.8));
#6771=CARTESIAN_POINT('',(-4.75,-0.87,-5.8));
#6772=CARTESIAN_POINT('',(-4.75,-0.87,-5.8));
#6773=CARTESIAN_POINT('',(-4.75,-1.67,-5.8));
#6774=CARTESIAN_POINT('',(-4.75,-1.67,-5.8));
#6775=CARTESIAN_POINT('',(-4.75,-3.41,-5.8));
#6776=CARTESIAN_POINT('',(4.75,-4.35,-6.2));
#6777=CARTESIAN_POINT('',(4.75,-1.67,-5.8));
#6778=CARTESIAN_POINT('',(4.75,-1.67,-5.8));
#6779=CARTESIAN_POINT('',(4.75,-1.67,-5.8));
#6780=CARTESIAN_POINT('',(4.75,-0.87,-5.8));
#6781=CARTESIAN_POINT('',(4.75,-0.87,-5.8));
#6782=CARTESIAN_POINT('',(4.75,0.87,-5.8));
#6783=CARTESIAN_POINT('',(4.75,0.87,-5.8));
#6784=CARTESIAN_POINT('',(4.75,0.87,-5.8));
#6785=CARTESIAN_POINT('',(4.75,1.67,-5.8));
#6786=CARTESIAN_POINT('',(4.75,1.67,-5.8));
#6787=CARTESIAN_POINT('',(4.75,3.41,-5.8));
#6788=CARTESIAN_POINT('',(4.75,3.41,-5.8));
#6789=CARTESIAN_POINT('',(4.75,3.41,-5.8));
#6790=CARTESIAN_POINT('',(4.75,4.21,-5.8));
#6791=CARTESIAN_POINT('',(4.75,4.21,-5.8));
#6792=CARTESIAN_POINT('',(4.75,4.35,-6.2));
#6793=CARTESIAN_POINT('',(4.75,4.35,-5.2));
#6794=CARTESIAN_POINT('',(4.75,-4.35,-5.2));
#6795=CARTESIAN_POINT('',(4.75,-4.35,-5.2));
#6796=CARTESIAN_POINT('',(4.75,-4.35,-6.2));
#6797=CARTESIAN_POINT('',(4.75,-4.21,-5.8));
#6798=CARTESIAN_POINT('',(4.75,-4.21,-5.8));
#6799=CARTESIAN_POINT('',(4.75,-4.21,-5.8));
#6800=CARTESIAN_POINT('',(4.75,-3.41,-5.8));
#6801=CARTESIAN_POINT('',(4.75,-3.41,-5.8));
#6802=CARTESIAN_POINT('',(-4.5,-5.,-5.2));
#6803=CARTESIAN_POINT('',(4.5,-5.,-5.2));
#6804=CARTESIAN_POINT('',(4.5,-5.,-5.2));
#6805=CARTESIAN_POINT('',(4.5,-5.,-1.5));
#6806=CARTESIAN_POINT('',(-4.5,-5.,-1.5));
#6807=CARTESIAN_POINT('',(2.,-5.,-1.5));
#6808=CARTESIAN_POINT('',(2.,-5.,-1.5));
#6809=CARTESIAN_POINT('',(-4.5,-5.,-5.2));
#6810=CARTESIAN_POINT('',(-4.5,-5.,-5.2));
#6811=CARTESIAN_POINT('',(-4.5,-5.,-5.2));
#6812=CARTESIAN_POINT('',(4.5,-4.5,-5.2));
#6813=CARTESIAN_POINT('',(5.,-4.5,-5.2));
#6814=CARTESIAN_POINT('',(5.,-4.5,-5.2));
#6815=CARTESIAN_POINT('',(5.,-4.5,-1.5));
#6816=CARTESIAN_POINT('',(4.5,-4.5,-1.5));
#6817=CARTESIAN_POINT('',(4.5,-4.5,-5.2));
#6818=CARTESIAN_POINT('',(5.,-4.5,-5.2));
#6819=CARTESIAN_POINT('',(5.,4.5,-5.2));
#6820=CARTESIAN_POINT('',(5.,4.5,-5.2));
#6821=CARTESIAN_POINT('',(5.,-2.,-1.5));
#6822=CARTESIAN_POINT('',(5.,-2.,-1.5));
#6823=CARTESIAN_POINT('',(5.,-4.5,-1.5));
#6824=CARTESIAN_POINT('',(5.,-4.5,-5.2));
#6825=CARTESIAN_POINT('',(-4.5,4.5,-5.2));
#6826=CARTESIAN_POINT('',(-4.5,5.,-5.2));
#6827=CARTESIAN_POINT('',(-4.5,5.,-5.2));
#6828=CARTESIAN_POINT('',(-4.5,4.5,-5.2));
#6829=CARTESIAN_POINT('',(-5.,4.5,-5.2));
#6830=CARTESIAN_POINT('',(-5.,4.5,-5.2));
#6831=CARTESIAN_POINT('',(-5.,4.5,-5.2));
#6832=CARTESIAN_POINT('',(-5.,4.5,-5.2));
#6833=CARTESIAN_POINT('',(-5.,-4.5,-5.2));
#6834=CARTESIAN_POINT('',(-5.,-4.5,-5.2));
#6835=CARTESIAN_POINT('',(-4.5,-4.5,-5.2));
#6836=CARTESIAN_POINT('',(-4.5,-4.5,-5.2));
#6837=CARTESIAN_POINT('',(4.5,4.5,-5.2));
#6838=CARTESIAN_POINT('',(4.5,4.5,-5.2));
#6839=CARTESIAN_POINT('',(4.5,5.,-5.2));
#6840=CARTESIAN_POINT('',(4.5,5.,-5.2));
#6841=CARTESIAN_POINT('',(4.5,5.,-5.2));
#6842=CARTESIAN_POINT('',(4.5,5.,-5.2));
#6843=CARTESIAN_POINT('',(-4.5,4.5,-5.2));
#6844=CARTESIAN_POINT('',(4.35,4.75,-5.2));
#6845=CARTESIAN_POINT('',(4.35,4.75,-5.2));
#6846=CARTESIAN_POINT('',(-4.35,4.75,-5.2));
#6847=CARTESIAN_POINT('',(-4.35,4.35,-5.2));
#6848=CARTESIAN_POINT('',(-4.35,-4.35,-5.2));
#6849=CARTESIAN_POINT('',(-4.35,-4.75,-5.2));
#6850=CARTESIAN_POINT('',(-4.35,-4.75,-5.2));
#6851=CARTESIAN_POINT('',(4.35,-4.75,-5.2));
#6852=CARTESIAN_POINT('',(4.35,-4.35,-5.2));
#6853=CARTESIAN_POINT('',(4.35,4.35,-5.2));
#6854=CARTESIAN_POINT('',(-4.35,4.35,-6.2));
#6855=CARTESIAN_POINT('',(-4.35,4.75,-6.2));
#6856=CARTESIAN_POINT('',(-4.35,-4.35,-6.2));
#6857=CARTESIAN_POINT('',(-4.35,-4.75,-6.2));
#6858=CARTESIAN_POINT('',(-4.35,-4.75,-6.2));
#6859=CARTESIAN_POINT('',(4.35,-4.75,-6.2));
#6860=CARTESIAN_POINT('',(4.35,-4.35,-6.2));
#6861=CARTESIAN_POINT('',(4.35,4.35,-6.2));
#6862=CARTESIAN_POINT('',(4.35,4.75,-6.2));
#6863=CARTESIAN_POINT('',(4.35,4.75,-6.2));
#6864=CARTESIAN_POINT('',(2.,-5.,-1.5));
#6865=CARTESIAN_POINT('',(2.,-5.,-1.5));
#6866=CARTESIAN_POINT('',(0.,0.,-1.5));
#6867=CARTESIAN_POINT('',(1.,2.,-6.));
#6868=CARTESIAN_POINT('',(-1.,2.,-6.));
#6869=CARTESIAN_POINT('',(-1.,2.,-6.));
#6870=CARTESIAN_POINT('',(-1.,-2.,-6.));
#6871=CARTESIAN_POINT('',(1.,2.,-6.));
#6872=CARTESIAN_POINT('',(1.,2.,-6.));
#6873=CARTESIAN_POINT('',(1.,2.,-6.));
#6874=CARTESIAN_POINT('',(1.,-2.,-6.));
#6875=CARTESIAN_POINT('',(1.,-2.,-6.));
#6876=CARTESIAN_POINT('',(1.,-2.,-6.));
#6877=CARTESIAN_POINT('',(-1.,-2.,-6.));
#6878=CARTESIAN_POINT('',(1.,-2.,-6.));
#6879=CARTESIAN_POINT('',(1.,2.,-6.2));
#6880=CARTESIAN_POINT('',(-1.,2.,-6.2));
#6881=CARTESIAN_POINT('',(1.,2.,-6.2));
#6882=CARTESIAN_POINT('',(1.,0.,0.));
#6883=CARTESIAN_POINT('',(-1.,0.,0.));
#6884=CARTESIAN_POINT('',(-3.,3.,-6.7));
#6885=CARTESIAN_POINT('',(-3.,3.,-6.6));
#6886=CARTESIAN_POINT('',(-3.4,3.,-6.6));
#6887=CARTESIAN_POINT('',(-3.,3.,-6.6));
#6888=CARTESIAN_POINT('',(-3.,3.,-6.7));
#6889=CARTESIAN_POINT('',(-3.3,3.,-6.7));
#6890=CARTESIAN_POINT('',(-3.,3.3,-6.7));
#6891=CARTESIAN_POINT('',(-3.,-3.,-6.7));
#6892=CARTESIAN_POINT('',(-3.,-3.,-6.6));
#6893=CARTESIAN_POINT('',(-3.4,-3.,-6.6));
#6894=CARTESIAN_POINT('',(-3.,-3.,-6.6));
#6895=CARTESIAN_POINT('',(-3.,-3.,-6.7));
#6896=CARTESIAN_POINT('',(-3.3,-3.,-6.7));
#6897=CARTESIAN_POINT('',(-3.,-2.7,-6.7));
#6898=CARTESIAN_POINT('',(3.,3.,-6.7));
#6899=CARTESIAN_POINT('',(3.,3.,-6.6));
#6900=CARTESIAN_POINT('',(2.6,3.,-6.6));
#6901=CARTESIAN_POINT('',(3.,3.,-6.6));
#6902=CARTESIAN_POINT('',(3.,3.,-6.7));
#6903=CARTESIAN_POINT('',(2.7,3.,-6.7));
#6904=CARTESIAN_POINT('',(3.,3.3,-6.7));
#6905=CARTESIAN_POINT('',(3.,-3.,-6.7));
#6906=CARTESIAN_POINT('',(3.,-3.,-6.6));
#6907=CARTESIAN_POINT('',(2.6,-3.,-6.6));
#6908=CARTESIAN_POINT('',(3.,-3.,-6.6));
#6909=CARTESIAN_POINT('',(3.,-3.,-6.7));
#6910=CARTESIAN_POINT('',(2.7,-3.,-6.7));
#6911=CARTESIAN_POINT('',(3.,-2.7,-6.7));
#6912=CARTESIAN_POINT('',(1.7950058734402,3.25894801029452,0.3));
#6913=CARTESIAN_POINT('',(1.43508852181625,2.6355528707562,0.3));
#6914=CARTESIAN_POINT('',(1.43508852181625,2.6355528707562,0.3));
#6915=CARTESIAN_POINT('',(1.7950058734402,3.25894801029452,0.3));
#6916=CARTESIAN_POINT('',(1.7950058734402,3.25894801029452,0.3));
#6917=CARTESIAN_POINT('',(1.7950058734402,3.25894801029452,0.3));
#6918=CARTESIAN_POINT('',(1.43508852181625,2.6355528707562,0.3));
#6919=CARTESIAN_POINT('',(1.56491147818375,2.56059955195043,0.3));
#6920=CARTESIAN_POINT('',(1.56491147818375,2.56059955195043,0.3));
#6921=CARTESIAN_POINT('',(1.43508852181625,2.6355528707562,0.3));
#6922=CARTESIAN_POINT('',(1.56491147818375,2.56059955195043,0.3));
#6923=CARTESIAN_POINT('',(2.06483597248264,3.42649417602428,0.3));
#6924=CARTESIAN_POINT('',(2.06483597248264,3.42649417602428,0.3));
#6925=CARTESIAN_POINT('',(1.56491147818375,2.56059955195043,0.3));
#6926=CARTESIAN_POINT('',(2.06483597248264,3.42649417602428,0.3));
#6927=CARTESIAN_POINT('',(1.925215057144,3.50710434907955,0.3));
#6928=CARTESIAN_POINT('',(1.925215057144,3.50710434907955,0.3));
#6929=CARTESIAN_POINT('',(2.06483597248264,3.42649417602428,0.3));
#6930=CARTESIAN_POINT('',(1.925215057144,3.50710434907955,0.3));
#6931=CARTESIAN_POINT('',(1.61578199922371,3.32894660250058,0.3));
#6932=CARTESIAN_POINT('',(1.61578199922371,3.32894660250058,0.3));
#6933=CARTESIAN_POINT('',(1.925215057144,3.50710434907955,0.3));
#6934=CARTESIAN_POINT('',(1.61578199922371,3.32894660250058,0.3));
#6935=CARTESIAN_POINT('',(1.69098186798885,3.19898130044767,0.3));
#6936=CARTESIAN_POINT('',(1.69098186798885,3.19898130044767,0.3));
#6937=CARTESIAN_POINT('',(1.61578199922371,3.32894660250058,0.3));
#6938=CARTESIAN_POINT('',(1.69098186798885,3.19898130044767,0.3));
#6939=CARTESIAN_POINT('',(1.69098186798885,3.19898130044767,0.3));
#6940=CARTESIAN_POINT('',(0.,0.,0.3));
#6941=CARTESIAN_POINT('',(2.57747259651812,1.8345146589424,0.3));
#6942=CARTESIAN_POINT('',(2.44807621135332,1.75980762113533,0.3));
#6943=CARTESIAN_POINT('',(2.44807621135332,1.75980762113533,0.3));
#6944=CARTESIAN_POINT('',(2.57747259651812,1.8345146589424,0.3));
#6945=CARTESIAN_POINT('',(2.57747259651812,1.8345146589424,0.3));
#6946=CARTESIAN_POINT('',(2.57747259651812,1.8345146589424,0.3));
#6947=CARTESIAN_POINT('',(2.44807621135332,1.75980762113533,0.3));
#6948=CARTESIAN_POINT('',(2.74807621135332,1.24019237886467,0.3));
#6949=CARTESIAN_POINT('',(2.74807621135332,1.24019237886467,0.3));
#6950=CARTESIAN_POINT('',(2.44807621135332,1.75980762113533,0.3));
#6951=CARTESIAN_POINT('',(2.74807621135332,1.24019237886467,0.3));
#6952=CARTESIAN_POINT('',(2.87798002192098,1.31519237886467,0.3));
#6953=CARTESIAN_POINT('',(2.87798002192098,1.31519237886467,0.3));
#6954=CARTESIAN_POINT('',(2.74807621135332,1.24019237886467,0.3));
#6955=CARTESIAN_POINT('',(2.87798002192098,1.31519237886467,0.3));
#6956=CARTESIAN_POINT('',(2.65298002192098,1.70490381056767,0.3));
#6957=CARTESIAN_POINT('',(2.65298002192098,1.70490381056767,0.3));
#6958=CARTESIAN_POINT('',(2.87798002192098,1.31519237886467,0.3));
#6959=CARTESIAN_POINT('',(2.76412256753019,1.51157420974176,0.3));
#6960=CARTESIAN_POINT('',(2.9307735599461,1.65975128869392,0.3));
#6961=CARTESIAN_POINT('',(2.9307735599461,1.65975128869392,0.3));
#6962=CARTESIAN_POINT('',(2.76412256753019,1.51157420974176,0.3));
#6963=CARTESIAN_POINT('',(3.18506524876837,1.88393143276542,0.3));
#6964=CARTESIAN_POINT('',(3.35429399400236,1.59019237886463,0.3));
#6965=CARTESIAN_POINT('',(3.35429399400236,1.59019237886463,0.3));
#6966=CARTESIAN_POINT('',(3.18506524876837,1.88393143276542,0.3));
#6967=CARTESIAN_POINT('',(3.20429399400242,1.85,0.3));
#6968=CARTESIAN_POINT('',(3.05429399400242,2.10980762113533,0.3));
#6969=CARTESIAN_POINT('',(3.05429399400242,2.10980762113533,0.3));
#6970=CARTESIAN_POINT('',(3.20429399400242,1.85,0.3));
#6971=CARTESIAN_POINT('',(3.05429399400242,2.10980762113533,0.3));
#6972=CARTESIAN_POINT('',(3.0109927238132,2.08480762113533,0.3));
#6973=CARTESIAN_POINT('',(3.0109927238132,2.08480762113533,0.3));
#6974=CARTESIAN_POINT('',(3.05429399400242,2.10980762113533,0.3));
#6975=CARTESIAN_POINT('',(3.0109927238132,2.08480762113533,0.3));
#6976=CARTESIAN_POINT('',(3.12929399400242,1.97990381056767,0.3));
#6977=CARTESIAN_POINT('',(3.12929399400242,1.97990381056767,0.3));
#6978=CARTESIAN_POINT('',(3.0109927238132,2.08480762113533,0.3));
#6979=CARTESIAN_POINT('',(3.2042939976094,1.85000000208249,0.3));
#6980=CARTESIAN_POINT('',(3.27929399400239,1.72009618943231,0.3));
#6981=CARTESIAN_POINT('',(3.27929399400239,1.72009618943231,0.3));
#6982=CARTESIAN_POINT('',(3.2042939976094,1.85000000208249,0.3));
#6983=CARTESIAN_POINT('',(3.18491569487808,1.8838451944809,0.3));
#6984=CARTESIAN_POINT('',(3.04357929430241,1.75836602540366,0.3));
#6985=CARTESIAN_POINT('',(3.04357929430241,1.75836602540366,0.3));
#6986=CARTESIAN_POINT('',(3.18491569487808,1.8838451944809,0.3));
#6987=CARTESIAN_POINT('',(2.76397267718888,1.5114872299061,0.3));
#6988=CARTESIAN_POINT('',(2.76397267718888,1.5114872299061,0.3));
#6989=CARTESIAN_POINT('',(2.76412256753019,1.51157420974176,0.3));
#6990=CARTESIAN_POINT('',(3.35021545221347,0.30664824262772,0.3));
#6991=CARTESIAN_POINT('',(3.30001087074923,0.307355349408906,0.3));
#6992=CARTESIAN_POINT('',(3.30001087074923,0.307355349408906,0.3));
#6993=CARTESIAN_POINT('',(3.35021545221347,0.30664824262772,0.3));
#6994=CARTESIAN_POINT('',(3.35021545221347,0.30664824262772,0.3));
#6995=CARTESIAN_POINT('',(3.35021545221347,0.30664824262772,0.3));
#6996=CARTESIAN_POINT('',(3.29990981741967,0.0073553664285326,0.3));
#6997=CARTESIAN_POINT('',(3.52911346785367,-0.186205183859304,0.3));
#6998=CARTESIAN_POINT('',(3.52911346785367,-0.186205183859304,0.3));
#6999=CARTESIAN_POINT('',(3.29990981741967,0.0073553664285326,0.3));
#7000=CARTESIAN_POINT('',(3.7256024015227,0.00619309821621014,0.3));
#7001=CARTESIAN_POINT('',(3.72498204624234,0.281192398505004,0.3));
#7002=CARTESIAN_POINT('',(3.72498204624234,0.281192398505004,0.3));
#7003=CARTESIAN_POINT('',(3.7256024015227,0.00619309821621014,0.3));
#7004=CARTESIAN_POINT('',(3.72498204624234,0.281192398505004,0.3));
#7005=CARTESIAN_POINT('',(3.6747774647781,0.281899505286191,0.3));
#7006=CARTESIAN_POINT('',(3.6747774647781,0.281899505286191,0.3));
#7007=CARTESIAN_POINT('',(3.72498204624234,0.281192398505004,0.3));
#7008=CARTESIAN_POINT('',(3.6747774647781,0.281899505286191,0.3));
#7009=CARTESIAN_POINT('',(3.67548457155929,0.0817882862103979,0.3));
#7010=CARTESIAN_POINT('',(3.67548457155929,0.0817882862103979,0.3));
#7011=CARTESIAN_POINT('',(3.6747774647781,0.281899505286191,0.3));
#7012=CARTESIAN_POINT('',(3.71805789654116,-0.035738357577247,0.3));
#7013=CARTESIAN_POINT('',(3.60053125275351,0.00683496740462434,0.3));
#7014=CARTESIAN_POINT('',(3.60053125275351,0.00683496740462434,0.3));
#7015=CARTESIAN_POINT('',(3.71805789654116,-0.035738357577247,0.3));
#7016=CARTESIAN_POINT('',(3.60053125275351,0.00683496740462428,0.3));
#7017=CARTESIAN_POINT('',(3.59982414597233,0.0315837047461528,0.3));
#7018=CARTESIAN_POINT('',(3.59982414597233,0.0315837047461528,0.3));
#7019=CARTESIAN_POINT('',(3.60053125275351,0.00683496740462428,0.3));
#7020=CARTESIAN_POINT('',(3.59982414597233,0.0315837047461528,0.3));
#7021=CARTESIAN_POINT('',(3.42516877101925,0.0322908115273394,0.3));
#7022=CARTESIAN_POINT('',(3.42516877101925,0.0322908115273394,0.3));
#7023=CARTESIAN_POINT('',(3.59982414597233,0.0315837047461528,0.3));
#7024=CARTESIAN_POINT('',(3.31792464068613,-4.40457132572236E-17,0.3));
#7025=CARTESIAN_POINT('',(3.35021545221347,0.107244130333113,0.3));
#7026=CARTESIAN_POINT('',(3.35021545221347,0.107244130333113,0.3));
#7027=CARTESIAN_POINT('',(3.31792464068613,-4.40457132572236E-17,0.3));
#7028=CARTESIAN_POINT('',(3.35021545221347,0.107244130333113,0.3));
#7029=CARTESIAN_POINT('',(3.35021545221347,0.107244130333113,0.3));
#7030=CARTESIAN_POINT('',(3.29990981741967,0.0073553664285326,0.3));
#7031=CARTESIAN_POINT('',(2.59807621135332,-1.5,0.3));
#7032=CARTESIAN_POINT('',(2.52307621135332,-1.62990381056767,0.3));
#7033=CARTESIAN_POINT('',(2.52307621135332,-1.62990381056767,0.3));
#7034=CARTESIAN_POINT('',(2.59807621135332,-1.5,0.3));
#7035=CARTESIAN_POINT('',(2.59807621135332,-1.5,0.3));
#7036=CARTESIAN_POINT('',(2.59807621135332,-1.5,0.3));
#7037=CARTESIAN_POINT('',(2.52307621135332,-1.62990381056767,0.3));
#7038=CARTESIAN_POINT('',(2.65298002192098,-1.70490381056767,0.3));
#7039=CARTESIAN_POINT('',(2.65298002192098,-1.70490381056767,0.3));
#7040=CARTESIAN_POINT('',(2.52307621135332,-1.62990381056767,0.3));
#7041=CARTESIAN_POINT('',(2.65298002192098,-1.70490381056767,0.3));
#7042=CARTESIAN_POINT('',(2.60298002192098,-1.79150635094611,0.3));
#7043=CARTESIAN_POINT('',(2.60298002192098,-1.79150635094611,0.3));
#7044=CARTESIAN_POINT('',(2.65298002192098,-1.70490381056767,0.3));
#7045=CARTESIAN_POINT('',(2.60298002192098,-1.79150635094611,0.3));
#7046=CARTESIAN_POINT('',(2.73288383248865,-1.86650635094611,0.3));
#7047=CARTESIAN_POINT('',(2.73288383248865,-1.86650635094611,0.3));
#7048=CARTESIAN_POINT('',(2.60298002192098,-1.79150635094611,0.3));
#7049=CARTESIAN_POINT('',(2.73288383248865,-1.86650635094611,0.3));
#7050=CARTESIAN_POINT('',(2.78288383248865,-1.77990381056767,0.3));
#7051=CARTESIAN_POINT('',(2.78288383248865,-1.77990381056767,0.3));
#7052=CARTESIAN_POINT('',(2.73288383248865,-1.86650635094611,0.3));
#7053=CARTESIAN_POINT('',(2.78288383248865,-1.77990381056767,0.3));
#7054=CARTESIAN_POINT('',(3.38910161513776,-2.12990381056767,0.3));
#7055=CARTESIAN_POINT('',(3.38910161513776,-2.12990381056767,0.3));
#7056=CARTESIAN_POINT('',(2.78288383248865,-1.77990381056767,0.3));
#7057=CARTESIAN_POINT('',(3.38910161513776,-2.12990381056767,0.3));
#7058=CARTESIAN_POINT('',(3.47610161513776,-1.97921539030917,0.3));
#7059=CARTESIAN_POINT('',(3.47610161513776,-1.97921539030917,0.3));
#7060=CARTESIAN_POINT('',(3.38910161513776,-2.12990381056767,0.3));
#7061=CARTESIAN_POINT('',(3.47610161513776,-1.97921539030917,0.3));
#7062=CARTESIAN_POINT('',(3.03288383248865,-1.34689110867545,0.3));
#7063=CARTESIAN_POINT('',(3.03288383248865,-1.34689110867545,0.3));
#7064=CARTESIAN_POINT('',(3.47610161513776,-1.97921539030917,0.3));
#7065=CARTESIAN_POINT('',(3.03288383248865,-1.34689110867545,0.3));
#7066=CARTESIAN_POINT('',(2.90298002192098,-1.27189110867545,0.3));
#7067=CARTESIAN_POINT('',(2.90298002192098,-1.27189110867545,0.3));
#7068=CARTESIAN_POINT('',(3.03288383248865,-1.34689110867545,0.3));
#7069=CARTESIAN_POINT('',(2.90298002192098,-1.27189110867545,0.3));
#7070=CARTESIAN_POINT('',(2.72798002192098,-1.575,0.3));
#7071=CARTESIAN_POINT('',(2.72798002192098,-1.575,0.3));
#7072=CARTESIAN_POINT('',(2.90298002192098,-1.27189110867545,0.3));
#7073=CARTESIAN_POINT('',(2.94988383248865,-1.49065132570366,0.3));
#7074=CARTESIAN_POINT('',(2.94988383248865,-1.49065132570366,0.));
#7075=CARTESIAN_POINT('',(2.94988383248865,-1.49065132570366,0.));
#7076=CARTESIAN_POINT('',(2.85788383248865,-1.65,0.));
#7077=CARTESIAN_POINT('',(2.94988383248865,-1.49065132570366,0.3));
#7078=CARTESIAN_POINT('',(2.94988383248865,-1.49065132570366,0.3));
#7079=CARTESIAN_POINT('',(2.94988383248865,-1.49065132570366,0.3));
#7080=CARTESIAN_POINT('',(2.85788383248865,-1.65,0.3));
#7081=CARTESIAN_POINT('',(2.85788383248865,-1.65,0.3));
#7082=CARTESIAN_POINT('',(3.20082989238729,-1.848,0.3));
#7083=CARTESIAN_POINT('',(3.20082989238729,-1.848,0.));
#7084=CARTESIAN_POINT('',(3.20082989238729,-1.848,0.));
#7085=CARTESIAN_POINT('',(3.20082989238729,-1.848,0.3));
#7086=CARTESIAN_POINT('',(3.20082989238729,-1.848,0.3));
#7087=CARTESIAN_POINT('',(3.20082989238729,-1.848,0.3));
#7088=CARTESIAN_POINT('',(2.85788383248865,-1.65,0.3));
#7089=CARTESIAN_POINT('',(2.85788383248865,-1.65,0.));
#7090=CARTESIAN_POINT('',(2.85788383248865,-1.65,0.3));
#7091=CARTESIAN_POINT('',(2.72798002192098,-1.575,0.3));
#7092=CARTESIAN_POINT('',(2.72798002192098,-1.575,0.3));
#7093=CARTESIAN_POINT('',(0.,0.,0.3));
#7094=CARTESIAN_POINT('',(-4.5,4.5,0.));
#7095=CARTESIAN_POINT('',(1.78555668827515,-2.79427584222626,0.3));
#7096=CARTESIAN_POINT('',(1.92148478662824,-2.7313111530893,0.3));
#7097=CARTESIAN_POINT('',(1.92148478662824,-2.7313111530893,0.3));
#7098=CARTESIAN_POINT('',(1.78555668827515,-2.79427584222626,0.3));
#7099=CARTESIAN_POINT('',(1.78555668827515,-2.79427584222626,0.3));
#7100=CARTESIAN_POINT('',(1.78555668827515,-2.79427584222626,0.3));
#7101=CARTESIAN_POINT('',(1.64705468338494,-2.85250570096121,0.3));
#7102=CARTESIAN_POINT('',(1.38998267718705,-3.00714716897477,0.3));
#7103=CARTESIAN_POINT('',(1.38998267718705,-3.00714716897477,0.3));
#7104=CARTESIAN_POINT('',(1.64705468338494,-2.85250570096121,0.3));
#7105=CARTESIAN_POINT('',(1.38998267718705,-3.00714716897477,0.3));
#7106=CARTESIAN_POINT('',(1.41519116378693,-3.05080954854768,0.3));
#7107=CARTESIAN_POINT('',(1.41519116378693,-3.05080954854768,0.3));
#7108=CARTESIAN_POINT('',(1.38998267718705,-3.00714716897477,0.3));
#7109=CARTESIAN_POINT('',(1.67499869146659,-2.90080938667783,0.3));
#7110=CARTESIAN_POINT('',(1.91959241054135,-3.07451578434119,0.3));
#7111=CARTESIAN_POINT('',(1.91959241054135,-3.07451578434119,0.3));
#7112=CARTESIAN_POINT('',(1.67499869146659,-2.90080938667783,0.3));
#7113=CARTESIAN_POINT('',(1.91959241054135,-3.07451578434119,0.3));
#7114=CARTESIAN_POINT('',(2.03343660231238,-3.27169970863524,0.3));
#7115=CARTESIAN_POINT('',(2.03343660231238,-3.27169970863524,0.3));
#7116=CARTESIAN_POINT('',(1.91959241054135,-3.07451578434119,0.3));
#7117=CARTESIAN_POINT('',(2.03343660231238,-3.27169970863524,0.3));
#7118=CARTESIAN_POINT('',(1.68683380370856,-3.47181092771103,0.3));
#7119=CARTESIAN_POINT('',(1.68683380370856,-3.47181092771103,0.3));
#7120=CARTESIAN_POINT('',(2.03343660231238,-3.27169970863524,0.3));
#7121=CARTESIAN_POINT('',(1.68683380370856,-3.47181092771103,0.3));
#7122=CARTESIAN_POINT('',(1.76178712251434,-3.60163388407854,0.3));
#7123=CARTESIAN_POINT('',(1.76178712251434,-3.60163388407854,0.3));
#7124=CARTESIAN_POINT('',(1.68683380370856,-3.47181092771103,0.3));
#7125=CARTESIAN_POINT('',(1.76178712251434,-3.60163388407854,0.3));
#7126=CARTESIAN_POINT('',(2.23821287748566,-3.32656934619697,0.3));
#7127=CARTESIAN_POINT('',(2.23821287748566,-3.32656934619697,0.3));
#7128=CARTESIAN_POINT('',(1.76178712251434,-3.60163388407854,0.3));
#7129=CARTESIAN_POINT('',(2.23821287748566,-3.32656934619697,0.3));
#7130=CARTESIAN_POINT('',(1.93769249548138,-2.80605277585555,0.3));
#7131=CARTESIAN_POINT('',(1.93769249548138,-2.80605277585555,0.3));
#7132=CARTESIAN_POINT('',(2.23821287748566,-3.32656934619697,0.3));
#7133=CARTESIAN_POINT('',(1.93769249548138,-2.80605277585555,0.3));
#7134=CARTESIAN_POINT('',(1.81615174855715,-2.85009646822007,0.3));
#7135=CARTESIAN_POINT('',(1.81615174855715,-2.85009646822007,0.3));
#7136=CARTESIAN_POINT('',(1.93769249548138,-2.80605277585555,0.3));
#7137=CARTESIAN_POINT('',(1.67514061243225,-2.90124194200577,0.3));
#7138=CARTESIAN_POINT('',(1.54526147767727,-2.97628466553909,0.3));
#7139=CARTESIAN_POINT('',(1.54526147767727,-2.97628466553909,0.3));
#7140=CARTESIAN_POINT('',(1.67514061243225,-2.90124194200577,0.3));
#7141=CARTESIAN_POINT('',(1.54526147767727,-2.97628466553909,0.3));
#7142=CARTESIAN_POINT('',(1.52077155938085,-2.9324526692141,0.3));
#7143=CARTESIAN_POINT('',(1.52077155938085,-2.9324526692141,0.3));
#7144=CARTESIAN_POINT('',(1.54526147767727,-2.97628466553909,0.3));
#7145=CARTESIAN_POINT('',(1.64663778542138,-2.85085798101497,0.3));
#7146=CARTESIAN_POINT('',(1.64663778542138,-2.85085798101497,0.3));
#7147=CARTESIAN_POINT('',(1.64705468338494,-2.85250570096121,0.3));
#7148=CARTESIAN_POINT('',(0.,0.,-1.4));
#7149=CARTESIAN_POINT('',(0.,0.,-1.4));
#7150=CARTESIAN_POINT('',(2.,0.,-1.4));
#7151=CARTESIAN_POINT('',(0.912146677393466,-1.77988438920062,0.3));
#7152=CARTESIAN_POINT('',(0.912146677393466,-1.77988438920062,0.3));
#7153=CARTESIAN_POINT('',(1.47017814589034E-13,-2.49149659237169E-13,0.3));
#7154=CARTESIAN_POINT('',(1.08535175815035,-1.67988438920062,0.3));
#7155=CARTESIAN_POINT('',(1.08535175815035,-1.67988438920062,0.3));
#7156=CARTESIAN_POINT('',(1.67988438920062,-1.08535175815035,0.3));
#7157=CARTESIAN_POINT('',(1.67988438920062,-1.08535175815035,0.3));
#7158=CARTESIAN_POINT('',(1.05818132034585E-13,-6.32089866559049E-14,0.3));
#7159=CARTESIAN_POINT('',(1.77988438920062,-0.912146677393465,0.3));
#7160=CARTESIAN_POINT('',(1.77988438920062,-0.912146677393465,0.3));
#7161=CARTESIAN_POINT('',(1.99749843554382,-0.1,0.3));
#7162=CARTESIAN_POINT('',(1.99749843554382,-0.1,0.3));
#7163=CARTESIAN_POINT('',(-1.63931368479808E-13,-4.35036121709809E-15,0.3));
#7164=CARTESIAN_POINT('',(1.99749843554382,0.1,0.3));
#7165=CARTESIAN_POINT('',(1.99749843554382,0.1,0.3));
#7166=CARTESIAN_POINT('',(1.77988438920062,0.912146677393465,0.3));
#7167=CARTESIAN_POINT('',(1.77988438920062,0.912146677393465,0.3));
#7168=CARTESIAN_POINT('',(2.62376925741492E-14,1.45283091113058E-14,0.3));
#7169=CARTESIAN_POINT('',(1.67988438920062,1.08535175815035,0.3));
#7170=CARTESIAN_POINT('',(1.67988438920062,1.08535175815035,0.3));
#7171=CARTESIAN_POINT('',(1.08535175815035,1.67988438920062,0.3));
#7172=CARTESIAN_POINT('',(1.08535175815035,1.67988438920062,0.3));
#7173=CARTESIAN_POINT('',(1.38452617426399E-13,2.25947732745979E-13,0.3));
#7174=CARTESIAN_POINT('',(0.912146677393465,1.77988438920062,0.3));
#7175=CARTESIAN_POINT('',(0.912146677393465,1.77988438920062,0.3));
#7176=CARTESIAN_POINT('',(0.,0.,-1.4));
#7177=CARTESIAN_POINT('',(3.5,4.21,-5.8));
#7178=CARTESIAN_POINT('',(3.5,4.21,-5.8));
#7179=CARTESIAN_POINT('',(3.5,4.21,-5.8));
#7180=CARTESIAN_POINT('',(3.5,4.21,-5.8));
#7181=CARTESIAN_POINT('',(3.5,3.41,-5.8));
#7182=CARTESIAN_POINT('',(3.5,3.41,-5.8));
#7183=CARTESIAN_POINT('',(3.5,3.41,-5.8));
#7184=CARTESIAN_POINT('',(3.5,3.41,-5.8));
#7185=CARTESIAN_POINT('',(4.75,4.21,-5.8));
#7186=CARTESIAN_POINT('',(4.75,4.21,-5.8));
#7187=CARTESIAN_POINT('',(0.,0.,-5.8));
#7188=CARTESIAN_POINT('',(0.,3.56,-5.8));
#7189=CARTESIAN_POINT('',(3.91,3.56,-5.8));
#7190=CARTESIAN_POINT('',(3.71,3.56,-5.8));
#7191=CARTESIAN_POINT('',(3.91,0.,-5.8));
#7192=CARTESIAN_POINT('',(3.91,4.06,-5.8));
#7193=CARTESIAN_POINT('',(0.,4.06,-5.8));
#7194=CARTESIAN_POINT('',(3.71,4.06,-5.8));
#7195=CARTESIAN_POINT('',(3.71,0.,-5.8));
#7196=CARTESIAN_POINT('',(3.5,1.67,-5.8));
#7197=CARTESIAN_POINT('',(3.5,1.67,-5.8));
#7198=CARTESIAN_POINT('',(3.5,1.67,-5.8));
#7199=CARTESIAN_POINT('',(3.5,1.67,-5.8));
#7200=CARTESIAN_POINT('',(3.5,0.87,-5.8));
#7201=CARTESIAN_POINT('',(3.5,0.87,-5.8));
#7202=CARTESIAN_POINT('',(3.5,0.87,-5.8));
#7203=CARTESIAN_POINT('',(3.5,0.87,-5.8));
#7204=CARTESIAN_POINT('',(4.75,1.67,-5.8));
#7205=CARTESIAN_POINT('',(4.75,1.67,-5.8));
#7206=CARTESIAN_POINT('',(0.,0.,-5.8));
#7207=CARTESIAN_POINT('',(0.,1.02,-5.8));
#7208=CARTESIAN_POINT('',(3.91,1.02,-5.8));
#7209=CARTESIAN_POINT('',(3.71,1.02,-5.8));
#7210=CARTESIAN_POINT('',(3.91,0.,-5.8));
#7211=CARTESIAN_POINT('',(3.91,1.52,-5.8));
#7212=CARTESIAN_POINT('',(0.,1.52,-5.8));
#7213=CARTESIAN_POINT('',(3.71,1.52,-5.8));
#7214=CARTESIAN_POINT('',(3.71,0.,-5.8));
#7215=CARTESIAN_POINT('',(3.5,-3.41,-5.8));
#7216=CARTESIAN_POINT('',(3.5,-3.41,-5.8));
#7217=CARTESIAN_POINT('',(3.5,-3.41,-5.8));
#7218=CARTESIAN_POINT('',(3.5,-3.41,-5.8));
#7219=CARTESIAN_POINT('',(3.5,-4.21,-5.8));
#7220=CARTESIAN_POINT('',(3.5,-4.21,-5.8));
#7221=CARTESIAN_POINT('',(3.5,-4.21,-5.8));
#7222=CARTESIAN_POINT('',(3.5,-4.21,-5.8));
#7223=CARTESIAN_POINT('',(4.75,-3.41,-5.8));
#7224=CARTESIAN_POINT('',(4.75,-3.41,-5.8));
#7225=CARTESIAN_POINT('',(0.,0.,-5.8));
#7226=CARTESIAN_POINT('',(0.,-4.06,-5.8));
#7227=CARTESIAN_POINT('',(3.91,-4.06,-5.8));
#7228=CARTESIAN_POINT('',(3.71,-4.06,-5.8));
#7229=CARTESIAN_POINT('',(3.91,0.,-5.8));
#7230=CARTESIAN_POINT('',(3.91,-3.56,-5.8));
#7231=CARTESIAN_POINT('',(0.,-3.56,-5.8));
#7232=CARTESIAN_POINT('',(3.71,-3.56,-5.8));
#7233=CARTESIAN_POINT('',(3.71,0.,-5.8));
#7234=CARTESIAN_POINT('',(3.5,-0.87,-5.8));
#7235=CARTESIAN_POINT('',(3.5,-0.87,-5.8));
#7236=CARTESIAN_POINT('',(3.5,-0.87,-5.8));
#7237=CARTESIAN_POINT('',(3.5,-0.87,-5.8));
#7238=CARTESIAN_POINT('',(3.5,-1.67,-5.8));
#7239=CARTESIAN_POINT('',(3.5,-1.67,-5.8));
#7240=CARTESIAN_POINT('',(3.5,-1.67,-5.8));
#7241=CARTESIAN_POINT('',(3.5,-1.67,-5.8));
#7242=CARTESIAN_POINT('',(4.75,-0.87,-5.8));
#7243=CARTESIAN_POINT('',(4.75,-0.87,-5.8));
#7244=CARTESIAN_POINT('',(0.,0.,-5.8));
#7245=CARTESIAN_POINT('',(0.,-1.52,-5.8));
#7246=CARTESIAN_POINT('',(3.91,-1.52,-5.8));
#7247=CARTESIAN_POINT('',(3.71,-1.52,-5.8));
#7248=CARTESIAN_POINT('',(3.91,0.,-5.8));
#7249=CARTESIAN_POINT('',(3.91,-1.02,-5.8));
#7250=CARTESIAN_POINT('',(0.,-1.02,-5.8));
#7251=CARTESIAN_POINT('',(3.71,-1.02,-5.8));
#7252=CARTESIAN_POINT('',(3.71,0.,-5.8));
#7253=CARTESIAN_POINT('',(-4.75,3.41,-5.8));
#7254=CARTESIAN_POINT('',(-4.75,3.41,-5.8));
#7255=CARTESIAN_POINT('',(-3.5,3.41,-5.8));
#7256=CARTESIAN_POINT('',(-3.5,3.41,-5.8));
#7257=CARTESIAN_POINT('',(-3.5,3.41,-5.8));
#7258=CARTESIAN_POINT('',(-3.5,3.41,-5.8));
#7259=CARTESIAN_POINT('',(-3.5,4.21,-5.8));
#7260=CARTESIAN_POINT('',(-3.5,4.21,-5.8));
#7261=CARTESIAN_POINT('',(-3.5,4.21,-5.8));
#7262=CARTESIAN_POINT('',(-3.5,4.21,-5.8));
#7263=CARTESIAN_POINT('',(0.,0.,-5.8));
#7264=CARTESIAN_POINT('',(0.,3.56,-5.8));
#7265=CARTESIAN_POINT('',(-3.71,3.56,-5.8));
#7266=CARTESIAN_POINT('',(-3.91,3.56,-5.8));
#7267=CARTESIAN_POINT('',(-3.71,0.,-5.8));
#7268=CARTESIAN_POINT('',(-3.71,4.06,-5.8));
#7269=CARTESIAN_POINT('',(0.,4.06,-5.8));
#7270=CARTESIAN_POINT('',(-3.91,4.06,-5.8));
#7271=CARTESIAN_POINT('',(-3.91,0.,-5.8));
#7272=CARTESIAN_POINT('',(-4.75,0.87,-5.8));
#7273=CARTESIAN_POINT('',(-4.75,0.87,-5.8));
#7274=CARTESIAN_POINT('',(-3.5,0.87,-5.8));
#7275=CARTESIAN_POINT('',(-3.5,0.87,-5.8));
#7276=CARTESIAN_POINT('',(-3.5,0.87,-5.8));
#7277=CARTESIAN_POINT('',(-3.5,0.87,-5.8));
#7278=CARTESIAN_POINT('',(-3.5,1.67,-5.8));
#7279=CARTESIAN_POINT('',(-3.5,1.67,-5.8));
#7280=CARTESIAN_POINT('',(-3.5,1.67,-5.8));
#7281=CARTESIAN_POINT('',(-3.5,1.67,-5.8));
#7282=CARTESIAN_POINT('',(0.,0.,-5.8));
#7283=CARTESIAN_POINT('',(0.,1.02,-5.8));
#7284=CARTESIAN_POINT('',(-3.71,1.02,-5.8));
#7285=CARTESIAN_POINT('',(-3.91,1.02,-5.8));
#7286=CARTESIAN_POINT('',(-3.71,0.,-5.8));
#7287=CARTESIAN_POINT('',(-3.71,1.52,-5.8));
#7288=CARTESIAN_POINT('',(0.,1.52,-5.8));
#7289=CARTESIAN_POINT('',(-3.91,1.52,-5.8));
#7290=CARTESIAN_POINT('',(-3.91,0.,-5.8));
#7291=CARTESIAN_POINT('',(-4.75,-1.67,-5.8));
#7292=CARTESIAN_POINT('',(-4.75,-1.67,-5.8));
#7293=CARTESIAN_POINT('',(-3.5,-1.67,-5.8));
#7294=CARTESIAN_POINT('',(-3.5,-1.67,-5.8));
#7295=CARTESIAN_POINT('',(-3.5,-1.67,-5.8));
#7296=CARTESIAN_POINT('',(-3.5,-1.67,-5.8));
#7297=CARTESIAN_POINT('',(-3.5,-0.87,-5.8));
#7298=CARTESIAN_POINT('',(-3.5,-0.87,-5.8));
#7299=CARTESIAN_POINT('',(-3.5,-0.87,-5.8));
#7300=CARTESIAN_POINT('',(-3.5,-0.87,-5.8));
#7301=CARTESIAN_POINT('',(0.,0.,-5.8));
#7302=CARTESIAN_POINT('',(0.,-1.52,-5.8));
#7303=CARTESIAN_POINT('',(-3.71,-1.52,-5.8));
#7304=CARTESIAN_POINT('',(-3.91,-1.52,-5.8));
#7305=CARTESIAN_POINT('',(-3.71,0.,-5.8));
#7306=CARTESIAN_POINT('',(-3.71,-1.02,-5.8));
#7307=CARTESIAN_POINT('',(0.,-1.02,-5.8));
#7308=CARTESIAN_POINT('',(-3.91,-1.02,-5.8));
#7309=CARTESIAN_POINT('',(-3.91,0.,-5.8));
#7310=CARTESIAN_POINT('',(-4.75,-4.21,-5.8));
#7311=CARTESIAN_POINT('',(-4.75,-4.21,-5.8));
#7312=CARTESIAN_POINT('',(-3.5,-4.21,-5.8));
#7313=CARTESIAN_POINT('',(-3.5,-4.21,-5.8));
#7314=CARTESIAN_POINT('',(-3.5,-4.21,-5.8));
#7315=CARTESIAN_POINT('',(-3.5,-4.21,-5.8));
#7316=CARTESIAN_POINT('',(-3.5,-3.41,-5.8));
#7317=CARTESIAN_POINT('',(-3.5,-3.41,-5.8));
#7318=CARTESIAN_POINT('',(-3.5,-3.41,-5.8));
#7319=CARTESIAN_POINT('',(-3.5,-3.41,-5.8));
#7320=CARTESIAN_POINT('',(0.,0.,-5.8));
#7321=CARTESIAN_POINT('',(0.,-4.06,-5.8));
#7322=CARTESIAN_POINT('',(-3.71,-4.06,-5.8));
#7323=CARTESIAN_POINT('',(-3.91,-4.06,-5.8));
#7324=CARTESIAN_POINT('',(-3.71,0.,-5.8));
#7325=CARTESIAN_POINT('',(-3.71,-3.56,-5.8));
#7326=CARTESIAN_POINT('',(0.,-3.56,-5.8));
#7327=CARTESIAN_POINT('',(-3.91,-3.56,-5.8));
#7328=CARTESIAN_POINT('',(-3.91,0.,-5.8));
#7329=CARTESIAN_POINT('',(-3.71,3.56,-5.7));
#7330=CARTESIAN_POINT('',(-3.71,3.56,-5.7));
#7331=CARTESIAN_POINT('',(-3.71,3.56,-11.2));
#7332=CARTESIAN_POINT('',(-3.91,3.56,-5.7));
#7333=CARTESIAN_POINT('',(-3.91,3.56,-11.2));
#7334=CARTESIAN_POINT('',(-3.71,3.56,-11.2));
#7335=CARTESIAN_POINT('',(-3.71,4.06,-11.2));
#7336=CARTESIAN_POINT('',(-3.91,4.06,-11.2));
#7337=CARTESIAN_POINT('',(-3.91,4.06,-11.2));
#7338=CARTESIAN_POINT('',(-3.71,4.06,-11.2));
#7339=CARTESIAN_POINT('',(-3.71,4.06,-11.2));
#7340=CARTESIAN_POINT('',(-3.71,4.06,-11.2));
#7341=CARTESIAN_POINT('',(-3.71,0.,0.));
#7342=CARTESIAN_POINT('',(-3.71,3.56,-11.2));
#7343=CARTESIAN_POINT('',(-3.91,0.,0.));
#7344=CARTESIAN_POINT('',(-3.91,3.56,-11.2));
#7345=CARTESIAN_POINT('',(-3.71,3.56,-11.2));
#7346=CARTESIAN_POINT('',(-3.71,1.02,-5.7));
#7347=CARTESIAN_POINT('',(-3.71,1.02,-5.7));
#7348=CARTESIAN_POINT('',(-3.71,1.02,-11.2));
#7349=CARTESIAN_POINT('',(-3.91,1.02,-5.7));
#7350=CARTESIAN_POINT('',(-3.91,1.02,-11.2));
#7351=CARTESIAN_POINT('',(-3.71,1.02,-11.2));
#7352=CARTESIAN_POINT('',(-3.71,1.52,-11.2));
#7353=CARTESIAN_POINT('',(-3.91,1.52,-11.2));
#7354=CARTESIAN_POINT('',(-3.91,1.52,-11.2));
#7355=CARTESIAN_POINT('',(-3.71,1.52,-11.2));
#7356=CARTESIAN_POINT('',(-3.71,1.52,-11.2));
#7357=CARTESIAN_POINT('',(-3.71,1.52,-11.2));
#7358=CARTESIAN_POINT('',(-3.71,0.,0.));
#7359=CARTESIAN_POINT('',(-3.71,1.02,-11.2));
#7360=CARTESIAN_POINT('',(-3.91,0.,0.));
#7361=CARTESIAN_POINT('',(-3.91,1.02,-11.2));
#7362=CARTESIAN_POINT('',(-3.71,1.02,-11.2));
#7363=CARTESIAN_POINT('',(-3.71,-1.52,-5.7));
#7364=CARTESIAN_POINT('',(-3.71,-1.52,-5.7));
#7365=CARTESIAN_POINT('',(-3.71,-1.52,-11.2));
#7366=CARTESIAN_POINT('',(-3.91,-1.52,-5.7));
#7367=CARTESIAN_POINT('',(-3.91,-1.52,-11.2));
#7368=CARTESIAN_POINT('',(-3.71,-1.52,-11.2));
#7369=CARTESIAN_POINT('',(-3.71,-1.02,-11.2));
#7370=CARTESIAN_POINT('',(-3.91,-1.02,-11.2));
#7371=CARTESIAN_POINT('',(-3.91,-1.02,-11.2));
#7372=CARTESIAN_POINT('',(-3.71,-1.02,-11.2));
#7373=CARTESIAN_POINT('',(-3.71,-1.02,-11.2));
#7374=CARTESIAN_POINT('',(-3.71,-1.02,-11.2));
#7375=CARTESIAN_POINT('',(-3.71,0.,0.));
#7376=CARTESIAN_POINT('',(-3.71,-1.52,-11.2));
#7377=CARTESIAN_POINT('',(-3.91,0.,0.));
#7378=CARTESIAN_POINT('',(-3.91,-1.52,-11.2));
#7379=CARTESIAN_POINT('',(-3.71,-1.52,-11.2));
#7380=CARTESIAN_POINT('',(-3.71,-4.06,-5.7));
#7381=CARTESIAN_POINT('',(-3.71,-4.06,-5.7));
#7382=CARTESIAN_POINT('',(-3.71,-4.06,-11.2));
#7383=CARTESIAN_POINT('',(-3.91,-4.06,-5.7));
#7384=CARTESIAN_POINT('',(-3.91,-4.06,-11.2));
#7385=CARTESIAN_POINT('',(-3.71,-4.06,-11.2));
#7386=CARTESIAN_POINT('',(-3.71,-3.56,-11.2));
#7387=CARTESIAN_POINT('',(-3.91,-3.56,-11.2));
#7388=CARTESIAN_POINT('',(-3.91,-3.56,-11.2));
#7389=CARTESIAN_POINT('',(-3.71,-3.56,-11.2));
#7390=CARTESIAN_POINT('',(-3.71,-3.56,-11.2));
#7391=CARTESIAN_POINT('',(-3.71,-3.56,-11.2));
#7392=CARTESIAN_POINT('',(-3.71,0.,0.));
#7393=CARTESIAN_POINT('',(-3.71,-4.06,-11.2));
#7394=CARTESIAN_POINT('',(-3.91,0.,0.));
#7395=CARTESIAN_POINT('',(-3.91,-4.06,-11.2));
#7396=CARTESIAN_POINT('',(-3.71,-4.06,-11.2));
#7397=CARTESIAN_POINT('',(3.91,3.56,-5.7));
#7398=CARTESIAN_POINT('',(3.91,3.56,-5.7));
#7399=CARTESIAN_POINT('',(3.91,3.56,-11.2));
#7400=CARTESIAN_POINT('',(3.71,3.56,-5.7));
#7401=CARTESIAN_POINT('',(3.71,3.56,-11.2));
#7402=CARTESIAN_POINT('',(3.91,3.56,-11.2));
#7403=CARTESIAN_POINT('',(3.91,4.06,-11.2));
#7404=CARTESIAN_POINT('',(3.71,4.06,-11.2));
#7405=CARTESIAN_POINT('',(3.71,4.06,-11.2));
#7406=CARTESIAN_POINT('',(3.91,4.06,-11.2));
#7407=CARTESIAN_POINT('',(3.91,4.06,-11.2));
#7408=CARTESIAN_POINT('',(3.91,4.06,-11.2));
#7409=CARTESIAN_POINT('',(3.91,0.,0.));
#7410=CARTESIAN_POINT('',(3.91,3.56,-11.2));
#7411=CARTESIAN_POINT('',(3.71,0.,0.));
#7412=CARTESIAN_POINT('',(3.71,3.56,-11.2));
#7413=CARTESIAN_POINT('',(3.91,3.56,-11.2));
#7414=CARTESIAN_POINT('',(3.91,1.02,-5.7));
#7415=CARTESIAN_POINT('',(3.91,1.02,-5.7));
#7416=CARTESIAN_POINT('',(3.91,1.02,-11.2));
#7417=CARTESIAN_POINT('',(3.71,1.02,-5.7));
#7418=CARTESIAN_POINT('',(3.71,1.02,-11.2));
#7419=CARTESIAN_POINT('',(3.91,1.02,-11.2));
#7420=CARTESIAN_POINT('',(3.91,1.52,-11.2));
#7421=CARTESIAN_POINT('',(3.71,1.52,-11.2));
#7422=CARTESIAN_POINT('',(3.71,1.52,-11.2));
#7423=CARTESIAN_POINT('',(3.91,1.52,-11.2));
#7424=CARTESIAN_POINT('',(3.91,1.52,-11.2));
#7425=CARTESIAN_POINT('',(3.91,1.52,-11.2));
#7426=CARTESIAN_POINT('',(3.91,0.,0.));
#7427=CARTESIAN_POINT('',(3.91,1.02,-11.2));
#7428=CARTESIAN_POINT('',(3.71,0.,0.));
#7429=CARTESIAN_POINT('',(3.71,1.02,-11.2));
#7430=CARTESIAN_POINT('',(3.91,1.02,-11.2));
#7431=CARTESIAN_POINT('',(3.91,-4.06,-5.7));
#7432=CARTESIAN_POINT('',(3.91,-4.06,-5.7));
#7433=CARTESIAN_POINT('',(3.91,-4.06,-11.2));
#7434=CARTESIAN_POINT('',(3.71,-4.06,-5.7));
#7435=CARTESIAN_POINT('',(3.71,-4.06,-11.2));
#7436=CARTESIAN_POINT('',(3.91,-4.06,-11.2));
#7437=CARTESIAN_POINT('',(3.91,-3.56,-11.2));
#7438=CARTESIAN_POINT('',(3.71,-3.56,-11.2));
#7439=CARTESIAN_POINT('',(3.71,-3.56,-11.2));
#7440=CARTESIAN_POINT('',(3.91,-3.56,-11.2));
#7441=CARTESIAN_POINT('',(3.91,-3.56,-11.2));
#7442=CARTESIAN_POINT('',(3.91,-3.56,-11.2));
#7443=CARTESIAN_POINT('',(3.91,0.,0.));
#7444=CARTESIAN_POINT('',(3.91,-4.06,-11.2));
#7445=CARTESIAN_POINT('',(3.71,0.,0.));
#7446=CARTESIAN_POINT('',(3.71,-4.06,-11.2));
#7447=CARTESIAN_POINT('',(3.91,-4.06,-11.2));
#7448=CARTESIAN_POINT('',(3.91,-1.52,-5.7));
#7449=CARTESIAN_POINT('',(3.91,-1.52,-5.7));
#7450=CARTESIAN_POINT('',(3.91,-1.52,-11.2));
#7451=CARTESIAN_POINT('',(3.71,-1.52,-5.7));
#7452=CARTESIAN_POINT('',(3.71,-1.52,-11.2));
#7453=CARTESIAN_POINT('',(3.91,-1.52,-11.2));
#7454=CARTESIAN_POINT('',(3.91,-1.02,-11.2));
#7455=CARTESIAN_POINT('',(3.71,-1.02,-11.2));
#7456=CARTESIAN_POINT('',(3.71,-1.02,-11.2));
#7457=CARTESIAN_POINT('',(3.91,-1.02,-11.2));
#7458=CARTESIAN_POINT('',(3.91,-1.02,-11.2));
#7459=CARTESIAN_POINT('',(3.91,-1.02,-11.2));
#7460=CARTESIAN_POINT('',(3.91,0.,0.));
#7461=CARTESIAN_POINT('',(3.91,-1.52,-11.2));
#7462=CARTESIAN_POINT('',(3.71,0.,0.));
#7463=CARTESIAN_POINT('',(3.71,-1.52,-11.2));
#7464=CARTESIAN_POINT('',(3.91,-1.52,-11.2));
#7465=CARTESIAN_POINT('',(1.16339745962156,2.2150635094611,0.3));
#7466=CARTESIAN_POINT('',(1.16339745962156,2.2150635094611,0.3));
#7467=CARTESIAN_POINT('',(1.16339745962156,2.2150635094611,0.3));
#7468=CARTESIAN_POINT('',(1.16339745962156,2.2150635094611,0.3));
#7469=CARTESIAN_POINT('',(1.08535175815035,1.67988438920062,0.3));
#7470=CARTESIAN_POINT('',(1.33660254037844,2.1150635094611,0.3));
#7471=CARTESIAN_POINT('',(1.33660254037844,2.1150635094611,0.3));
#7472=CARTESIAN_POINT('',(1.08535175815035,1.67988438920062,0.3));
#7473=CARTESIAN_POINT('',(1.25,2.1650635094611,0.3));
#7474=CARTESIAN_POINT('',(1.25,2.1650635094611,0.3));
#7475=CARTESIAN_POINT('',(1.38452617426399E-13,2.25947732745979E-13,0.3));
#7476=CARTESIAN_POINT('',(2.1150635094611,1.33660254037844,0.3));
#7477=CARTESIAN_POINT('',(2.1150635094611,1.33660254037844,0.3));
#7478=CARTESIAN_POINT('',(2.1150635094611,1.33660254037844,0.3));
#7479=CARTESIAN_POINT('',(2.1150635094611,1.33660254037844,0.3));
#7480=CARTESIAN_POINT('',(1.77988438920062,0.912146677393465,0.3));
#7481=CARTESIAN_POINT('',(2.2150635094611,1.16339745962156,0.3));
#7482=CARTESIAN_POINT('',(2.2150635094611,1.16339745962156,0.3));
#7483=CARTESIAN_POINT('',(1.77988438920062,0.912146677393465,0.3));
#7484=CARTESIAN_POINT('',(2.1650635094611,1.25,0.3));
#7485=CARTESIAN_POINT('',(2.1650635094611,1.25,0.3));
#7486=CARTESIAN_POINT('',(2.62376925741492E-14,1.45283091113058E-14,0.3));
#7487=CARTESIAN_POINT('',(2.5,0.1,0.3));
#7488=CARTESIAN_POINT('',(2.5,0.1,0.3));
#7489=CARTESIAN_POINT('',(2.5,0.1,0.3));
#7490=CARTESIAN_POINT('',(2.5,0.1,0.3));
#7491=CARTESIAN_POINT('',(2.5,-6.7762635780344E-18,0.3));
#7492=CARTESIAN_POINT('',(2.5,-6.7762635780344E-18,0.3));
#7493=CARTESIAN_POINT('',(2.5,-0.1,0.3));
#7494=CARTESIAN_POINT('',(2.5,-0.1,0.3));
#7495=CARTESIAN_POINT('',(1.99749843554382,-0.1,0.3));
#7496=CARTESIAN_POINT('',(1.99749843554382,-0.1,0.3));
#7497=CARTESIAN_POINT('',(-1.63931368479808E-13,-4.35036121709809E-15,0.3));
#7498=CARTESIAN_POINT('',(2.2150635094611,-1.16339745962156,0.3));
#7499=CARTESIAN_POINT('',(2.2150635094611,-1.16339745962156,0.3));
#7500=CARTESIAN_POINT('',(2.2150635094611,-1.16339745962156,0.3));
#7501=CARTESIAN_POINT('',(2.2150635094611,-1.16339745962156,0.3));
#7502=CARTESIAN_POINT('',(2.1650635094611,-1.25,0.3));
#7503=CARTESIAN_POINT('',(2.1650635094611,-1.25,0.3));
#7504=CARTESIAN_POINT('',(2.1150635094611,-1.33660254037844,0.3));
#7505=CARTESIAN_POINT('',(2.1150635094611,-1.33660254037844,0.3));
#7506=CARTESIAN_POINT('',(1.67988438920062,-1.08535175815035,0.3));
#7507=CARTESIAN_POINT('',(1.67988438920062,-1.08535175815035,0.3));
#7508=CARTESIAN_POINT('',(1.05818132034585E-13,-6.32089866559049E-14,0.3));
#7509=CARTESIAN_POINT('',(1.33660254037844,-2.1150635094611,0.3));
#7510=CARTESIAN_POINT('',(1.33660254037844,-2.1150635094611,0.3));
#7511=CARTESIAN_POINT('',(1.33660254037844,-2.1150635094611,0.3));
#7512=CARTESIAN_POINT('',(1.33660254037844,-2.1150635094611,0.3));
#7513=CARTESIAN_POINT('',(1.25,-2.1650635094611,0.3));
#7514=CARTESIAN_POINT('',(1.25,-2.1650635094611,0.3));
#7515=CARTESIAN_POINT('',(1.16339745962156,-2.2150635094611,0.3));
#7516=CARTESIAN_POINT('',(1.16339745962156,-2.2150635094611,0.3));
#7517=CARTESIAN_POINT('',(0.912146677393466,-1.77988438920062,0.3));
#7518=CARTESIAN_POINT('',(0.912146677393466,-1.77988438920062,0.3));
#7519=CARTESIAN_POINT('',(1.47017814589034E-13,-2.49149659237169E-13,0.3));
#7520=CARTESIAN_POINT('',(0.,0.,0.));
#7521=CARTESIAN_POINT('',(0.,0.,0.));
#7522=CARTESIAN_POINT('',(0.,0.,0.));
#7523=CARTESIAN_POINT('',(-1.9,0.,0.));
#7524=CARTESIAN_POINT('',(-1.5,-0.35,0.));
#7525=CARTESIAN_POINT('',(-1.5,-0.35,0.));
#7526=CARTESIAN_POINT('',(0.7,-0.35,0.));
#7527=CARTESIAN_POINT('',(-1.5,0.35,0.));
#7528=CARTESIAN_POINT('',(-1.5,0.35,0.));
#7529=CARTESIAN_POINT('',(0.,0.35,0.));
#7530=CARTESIAN_POINT('',(0.7,0.35,0.));
#7531=CARTESIAN_POINT('',(0.7,0.75,0.));
#7532=CARTESIAN_POINT('',(0.7,0.75,0.));
#7533=CARTESIAN_POINT('',(1.7,0.,0.));
#7534=CARTESIAN_POINT('',(1.7,0.,0.));
#7535=CARTESIAN_POINT('',(0.7,-0.75,0.));
#7536=CARTESIAN_POINT('',(0.7,-0.75,0.));
#7537=CARTESIAN_POINT('',(0.7,-0.35,0.));
#7538=CARTESIAN_POINT('',(0.,0.,0.));
#7539=CARTESIAN_POINT('',(0.,0.,-0.1));
#7540=CARTESIAN_POINT('',(-2.,0.,-0.1));
#7541=CARTESIAN_POINT('',(0.,0.,-1.4));
#7542=CARTESIAN_POINT('',(0.,0.,-1.4));
#7543=CARTESIAN_POINT('',(-2.,0.,-1.4));
#7544=CARTESIAN_POINT('',(0.,2.,-1.4));
#7545=CARTESIAN_POINT('',(-1.5,0.35,-1.));
#7546=CARTESIAN_POINT('',(-1.5,-0.35,-1.));
#7547=CARTESIAN_POINT('',(-1.5,-0.35,-1.));
#7548=CARTESIAN_POINT('',(-1.5,0.35,-1.));
#7549=CARTESIAN_POINT('',(-1.5,0.35,-1.));
#7550=CARTESIAN_POINT('',(-1.5,0.35,-1.));
#7551=CARTESIAN_POINT('',(-1.5,-0.35,-1.));
#7552=CARTESIAN_POINT('',(0.7,-0.35,-1.));
#7553=CARTESIAN_POINT('',(0.7,-0.35,-1.));
#7554=CARTESIAN_POINT('',(-1.5,-0.35,-1.));
#7555=CARTESIAN_POINT('',(0.7,-0.35,-1.));
#7556=CARTESIAN_POINT('',(0.7,-0.75,-1.));
#7557=CARTESIAN_POINT('',(0.7,-0.75,-1.));
#7558=CARTESIAN_POINT('',(0.7,-0.35,-1.));
#7559=CARTESIAN_POINT('',(0.7,-0.75,-1.));
#7560=CARTESIAN_POINT('',(1.7,0.,-1.));
#7561=CARTESIAN_POINT('',(1.7,0.,-1.));
#7562=CARTESIAN_POINT('',(0.7,-0.75,-1.));
#7563=CARTESIAN_POINT('',(1.7,0.,-1.));
#7564=CARTESIAN_POINT('',(0.7,0.75,-1.));
#7565=CARTESIAN_POINT('',(0.7,0.75,-1.));
#7566=CARTESIAN_POINT('',(1.7,0.,-1.));
#7567=CARTESIAN_POINT('',(0.7,0.75,-1.));
#7568=CARTESIAN_POINT('',(0.7,0.35,-1.));
#7569=CARTESIAN_POINT('',(0.7,0.35,-1.));
#7570=CARTESIAN_POINT('',(0.7,0.75,-1.));
#7571=CARTESIAN_POINT('',(0.7,0.35,-1.));
#7572=CARTESIAN_POINT('',(0.7,0.35,-1.));
#7573=CARTESIAN_POINT('',(0.,0.,-1.));
#7574=CARTESIAN_POINT('',(0.,0.,0.));
#7575=MECHANICAL_DESIGN_GEOMETRIC_PRESENTATION_REPRESENTATION('',(#3596,
#3597,#3598,#3599,#3600,#3601,#3602,#3603,#3604,#3605,#3606,#3607,#3608,
#3609,#3610,#3611,#3612,#3613,#3614,#3615,#3616,#3617,#3618,#3619,#3620,
#3621,#3622,#3623,#3624,#3625,#3626,#3627,#3628,#3629,#3630,#3631,#3632,
#3633,#3634,#3635,#3636,#3637,#3638,#3639,#3640,#3641,#3642,#3643,#3644,
#3645,#3646,#3647,#3648,#3649,#3650,#3651,#3652,#3653,#3654,#3655,#3656,
#3657,#3658,#3659,#3660,#3661,#3662,#3663,#3664,#3665,#3666,#3667,#3668,
#3669,#3670,#3671,#3672,#3673,#3674,#3675,#3676,#3677,#3678,#3679,#3680,
#3681,#3682,#3683,#3684,#3685,#3686,#3687,#3688,#3689,#3690,#3691,#3692,
#3693,#3694,#3695,#3696,#3697,#3698,#3699,#3700,#3701,#3702,#3703,#3704,
#3705,#3706,#3707,#3708,#3709,#3710,#3711,#3712,#3713,#3714,#3715,#3716,
#3717,#3718,#3719,#3720,#3721,#3722,#3723,#3724,#3725,#3726,#3727,#3728,
#3729,#3730,#3731,#3732,#3733,#3734,#3735,#3736,#3737,#3738,#3739,#3740,
#3741,#3742,#3743,#3744,#3745,#3746,#3747,#3748,#3749,#3750,#3751,#3752,
#3753,#3754,#3755,#3756,#3757,#3758,#3759,#3760,#3761,#3762,#3763,#3764,
#3765,#3766,#3767,#3768,#3769,#3770,#3771,#3772,#3773,#3774,#3775,#3776,
#3777,#3778,#3779,#3780,#3781,#3782,#3783,#3784,#3785,#3786,#3787,#3788,
#3789,#3790),#7576);
#7576=(
GEOMETRIC_REPRESENTATION_CONTEXT(3)
GLOBAL_UNCERTAINTY_ASSIGNED_CONTEXT((#7579))
GLOBAL_UNIT_ASSIGNED_CONTEXT((#7584,#7583,#7582))
REPRESENTATION_CONTEXT('SS-10-15SPE','TOP_LEVEL_ASSEMBLY_PART')
);
#7577=(
GEOMETRIC_REPRESENTATION_CONTEXT(3)
GLOBAL_UNCERTAINTY_ASSIGNED_CONTEXT((#7580))
GLOBAL_UNIT_ASSIGNED_CONTEXT((#7584,#7583,#7582))
REPRESENTATION_CONTEXT('SS-10-5-w/o-body','COMPONENT_PART')
);
#7578=(
GEOMETRIC_REPRESENTATION_CONTEXT(3)
GLOBAL_UNCERTAINTY_ASSIGNED_CONTEXT((#7581))
GLOBAL_UNIT_ASSIGNED_CONTEXT((#7584,#7583,#7582))
REPRESENTATION_CONTEXT('SS-10_5wokwo-knob','COMPONENT_PART')
);
#7579=UNCERTAINTY_MEASURE_WITH_UNIT(LENGTH_MEASURE(0.005),#7584,
'DISTANCE_ACCURACY_VALUE','Maximum Tolerance applied to model');
#7580=UNCERTAINTY_MEASURE_WITH_UNIT(LENGTH_MEASURE(0.005),#7584,
'DISTANCE_ACCURACY_VALUE','Maximum Tolerance applied to model');
#7581=UNCERTAINTY_MEASURE_WITH_UNIT(LENGTH_MEASURE(0.005),#7584,
'DISTANCE_ACCURACY_VALUE','Maximum Tolerance applied to model');
#7582=(
NAMED_UNIT(*)
SI_UNIT($,.STERADIAN.)
SOLID_ANGLE_UNIT()
);
#7583=(
NAMED_UNIT(*)
PLANE_ANGLE_UNIT()
SI_UNIT($,.RADIAN.)
);
#7584=(
LENGTH_UNIT()
NAMED_UNIT(*)
SI_UNIT(.MILLI.,.METRE.)
);
#7585=PRODUCT_DEFINITION_SHAPE('','',#7590);
#7586=PRODUCT_DEFINITION_SHAPE('','',#7591);
#7587=PRODUCT_DEFINITION_SHAPE(' ','NAUO PRDDFN',#13);
#7588=PRODUCT_DEFINITION_SHAPE('','',#7592);
#7589=PRODUCT_DEFINITION_SHAPE(' ','NAUO PRDDFN',#14);
#7590=PRODUCT_DEFINITION('','',#7596,#7593);
#7591=PRODUCT_DEFINITION('','',#7597,#7594);
#7592=PRODUCT_DEFINITION('','',#7598,#7595);
#7593=PRODUCT_DEFINITION_CONTEXT('',#7612,'design');
#7594=PRODUCT_DEFINITION_CONTEXT('',#7612,'design');
#7595=PRODUCT_DEFINITION_CONTEXT('',#7612,'design');
#7596=PRODUCT_DEFINITION_FORMATION_WITH_SPECIFIED_SOURCE('','',#7602,
 .NOT_KNOWN.);
#7597=PRODUCT_DEFINITION_FORMATION_WITH_SPECIFIED_SOURCE('','',#7603,
 .NOT_KNOWN.);
#7598=PRODUCT_DEFINITION_FORMATION_WITH_SPECIFIED_SOURCE('','',#7604,
 .NOT_KNOWN.);
#7599=PRODUCT_RELATED_PRODUCT_CATEGORY('','',(#7602));
#7600=PRODUCT_RELATED_PRODUCT_CATEGORY('','',(#7603));
#7601=PRODUCT_RELATED_PRODUCT_CATEGORY('','',(#7604));
#7602=PRODUCT('SS-10-15SPE','SS-10-15SPE','SS-10-15SPE',(#7608));
#7603=PRODUCT('SS-10-5-w/o-body','SS-10-5-w/o-body','SS-10-5-w/o-body',
(#7609));
#7604=PRODUCT('SS-10_5wokwo-knob','SS-10_5wokwo-knob',
'SS-10_5wokwo-knob',(#7610));
#7605=PRODUCT_CATEGORY('','');
#7606=PRODUCT_CATEGORY('','');
#7607=PRODUCT_CATEGORY('','');
#7608=PRODUCT_CONTEXT('',#7612,'mechanical');
#7609=PRODUCT_CONTEXT('',#7612,'mechanical');
#7610=PRODUCT_CONTEXT('',#7612,'mechanical');
#7611=APPLICATION_PROTOCOL_DEFINITION('international standard',
'ap242_managed_model_based_3d_engineering',2011,#7612);
#7612=APPLICATION_CONTEXT('managed model based 3d engineering');
ENDSEC;
END-ISO-10303-21;
