ISO-10303-21;
HEADER;
FILE_DESCRIPTION (( 'STEP AP214' ),
    '1' );
FILE_NAME ('MP-3030-110H-40-95.STEP',
    '2025-04-03T09:00:23',
    ( '' ),
    ( '' ),
    'SwSTEP 2.0',
    'SolidWorks 2020',
    '' );
FILE_SCHEMA (( 'AUTOMOTIVE_DESIGN' ));
ENDSEC;

DATA;
#1 = CARTESIAN_POINT ( 'NONE',  ( -1.499000000000000332, 0.2200000000000000011, -0.1250000000000000000 ) ) ;
#2 = ORIENTED_EDGE ( 'NONE', *, *, #1234, .T. ) ;
#3 = DIRECTION ( 'NONE',  ( 1.000000000000000000, 0.000000000000000000, 0.000000000000000000 ) ) ;
#4 = PLANE ( 'NONE',  #2318 ) ;
#5 = ADVANCED_FACE ( 'NONE', ( #1702 ), #4, .F. ) ;
#6 = ORIENTED_EDGE ( 'NONE', *, *, #2163, .F. ) ;
#7 = DIRECTION ( 'NONE',  ( 0.000000000000000000, 0.000000000000000000, -1.000000000000000000 ) ) ;
#8 = DIRECTION ( 'NONE',  ( 0.000000000000000000, 1.000000000000000000, 2.710505431213760592E-16 ) ) ;
#9 = SURFACE_STYLE_USAGE ( .BOTH. , #232 ) ;
#10 = LINE ( 'NONE', #390, #152 ) ;
#11 = CARTESIAN_POINT ( 'NONE',  ( -1.270710678118654346, 0.6500000000000000222, -1.079289321881345520 ) ) ;
#12 =( NAMED_UNIT ( * ) SI_UNIT ( $, .STERADIAN. ) SOLID_ANGLE_UNIT ( ) );
#13 = AXIS2_PLACEMENT_3D ( 'NONE', #1367, #2141, #1207 ) ;
#14 = ORIENTED_EDGE ( 'NONE', *, *, #614, .T. ) ;
#15 = CARTESIAN_POINT ( 'NONE',  ( 1.500000000000000222, 0.6500000000000000222, 1.500000000000000000 ) ) ;
#16 = FACE_BOUND ( 'NONE', #1503, .T. ) ;
#17 = VERTEX_POINT ( 'NONE', #2170 ) ;
#18 = CARTESIAN_POINT ( 'NONE',  ( 1.500000000000000222, 0.000000000000000000, 1.500000000000000000 ) ) ;
#19 = DIRECTION ( 'NONE',  ( 1.000000000000000000, 0.000000000000000000, 0.000000000000000000 ) ) ;
#20 = EDGE_CURVE ( 'NONE', #824, #1293, #1794, .T. ) ;
#21 = DIRECTION ( 'NONE',  ( 0.000000000000000000, 0.000000000000000000, 1.000000000000000000 ) ) ;
#22 = CARTESIAN_POINT ( 'NONE',  ( -1.499000000000000332, 0.2199999999999999734, 0.1250000000000000000 ) ) ;
#23 = FACE_OUTER_BOUND ( 'NONE', #1283, .T. ) ;
#24 = FACE_OUTER_BOUND ( 'NONE', #2223, .T. ) ;
#25 = EDGE_LOOP ( 'NONE', ( #1909, #1944, #471, #827 ) ) ;
#26 =( LENGTH_UNIT ( ) NAMED_UNIT ( * ) SI_UNIT ( .MILLI., .METRE. ) );
#27 = CIRCLE ( 'NONE', #1563, 0.04999999999999969746 ) ;
#28 = CARTESIAN_POINT ( 'NONE',  ( 0.1199999999999996070, -0.001000000000000000021, 1.084999999999999964 ) ) ;
#29 = SURFACE_SIDE_STYLE ('',( #1613 ) ) ;
#30 = VECTOR ( 'NONE', #1188, 1000.000000000000000 ) ;
#31 = VERTEX_POINT ( 'NONE', #1194 ) ;
#32 = FACE_OUTER_BOUND ( 'NONE', #25, .T. ) ;
#33 = CARTESIAN_POINT ( 'NONE',  ( -0.5250000000000000222, 0.2199999999999999178, -1.499000000000000110 ) ) ;
#34 = ORIENTED_EDGE ( 'NONE', *, *, #67, .F. ) ;
#35 = ADVANCED_FACE ( 'NONE', ( #1960 ), #1381, .T. ) ;
#36 = CARTESIAN_POINT ( 'NONE',  ( 1.199999999999999512, 0.5999999999999999778, -1.258045018441136031 ) ) ;
#37 = CARTESIAN_POINT ( 'NONE',  ( 1.299999999999999600, -0.001000000000000000021, 1.085000000000000187 ) ) ;
#38 = ADVANCED_FACE ( 'NONE', ( #52 ), #988, .F. ) ;
#39 = CARTESIAN_POINT ( 'NONE',  ( 0.6250000000000001110, 0.2200000000000000844, -1.500000000000000000 ) ) ;
#40 = VERTEX_POINT ( 'NONE', #647 ) ;
#41 = UNCERTAINTY_MEASURE_WITH_UNIT (LENGTH_MEASURE( 1.000000000000000082E-05 ), #916, 'distance_accuracy_value', 'NONE');
#42 = FACE_OUTER_BOUND ( 'NONE', #292, .T. ) ;
#43 = ORIENTED_EDGE ( 'NONE', *, *, #710, .F. ) ;
#44 = FACE_OUTER_BOUND ( 'NONE', #1877, .T. ) ;
#45 = VERTEX_POINT ( 'NONE', #2147 ) ;
#46 = CARTESIAN_POINT ( 'NONE',  ( 0.6250000000000003331, 0.1200000000000000788, 1.500000000000000000 ) ) ;
#47 = PRESENTATION_STYLE_ASSIGNMENT (( #1788 ) ) ;
#48 = DIRECTION ( 'NONE',  ( 1.000000000000000000, 1.084202172485503941E-16, 0.000000000000000000 ) ) ;
#49 = VECTOR ( 'NONE', #1285, 1000.000000000000341 ) ;
#50 = ORIENTED_EDGE ( 'NONE', *, *, #922, .T. ) ;
#51 =( LENGTH_UNIT ( ) NAMED_UNIT ( * ) SI_UNIT ( .MILLI., .METRE. ) );
#52 = FACE_OUTER_BOUND ( 'NONE', #547, .T. ) ;
#53 = VECTOR ( 'NONE', #1682, 1000.000000000000000 ) ;
#54 = EDGE_CURVE ( 'NONE', #434, #311, #1239, .T. ) ;
#55 = AXIS2_PLACEMENT_3D ( 'NONE', #1519, #2292, #564 ) ;
#56 = CARTESIAN_POINT ( 'NONE',  ( -1.008578643762690019, 0.6500000000000000222, -1.300000000000000044 ) ) ;
#57 = ORIENTED_EDGE ( 'NONE', *, *, #1307, .T. ) ;
#58 = DIRECTION ( 'NONE',  ( -0.000000000000000000, -0.000000000000000000, -1.000000000000000000 ) ) ;
#59 = ORIENTED_EDGE ( 'NONE', *, *, #1681, .T. ) ;
#60 = CARTESIAN_POINT ( 'NONE',  ( 1.499000000000000332, 0.2200000000000000011, -0.1250000000000000000 ) ) ;
#61 = DIRECTION ( 'NONE',  ( 0.000000000000000000, 1.000000000000000000, -0.000000000000000000 ) ) ;
#62 = PLANE ( 'NONE',  #1082 ) ;
#63 = VERTEX_POINT ( 'NONE', #1783 ) ;
#64 = FACE_OUTER_BOUND ( 'NONE', #709, .T. ) ;
#65 = UNCERTAINTY_MEASURE_WITH_UNIT (LENGTH_MEASURE( 1.000000000000000082E-05 ), #26, 'distance_accuracy_value', 'NONE');
#66 = CARTESIAN_POINT ( 'NONE',  ( -0.2749999999999999667, 0.1200000000000000233, 1.500000000000000000 ) ) ;
#67 = EDGE_CURVE ( 'NONE', #1716, #2001, #417, .T. ) ;
#68 = EDGE_CURVE ( 'NONE', #2192, #1197, #1918, .T. ) ;
#69 = VECTOR ( 'NONE', #835, 1000.000000000000000 ) ;
#70 = EDGE_CURVE ( 'NONE', #148, #95, #1413, .T. ) ;
#71 = SURFACE_SIDE_STYLE ('',( #1004 ) ) ;
#72 = MECHANICAL_DESIGN_GEOMETRIC_PRESENTATION_REPRESENTATION (  '', ( #600 ), #1040 ) ;
#73 = EDGE_CURVE ( 'NONE', #926, #2354, #2374, .T. ) ;
#74 = ORIENTED_EDGE ( 'NONE', *, *, #495, .F. ) ;
#75 = PRESENTATION_LAYER_ASSIGNMENT (  '', '', ( #1775 ) ) ;
#76 = ORIENTED_EDGE ( 'NONE', *, *, #922, .F. ) ;
#77 = CARTESIAN_POINT ( 'NONE',  ( 0.06999999999999988176, 0.000000000000000000, -1.135000000000000009 ) ) ;
#78 = AXIS2_PLACEMENT_3D ( 'NONE', #1583, #605, #3 ) ;
#79 = PLANE ( 'NONE',  #866 ) ;
#80 = FACE_OUTER_BOUND ( 'NONE', #662, .T. ) ;
#81 = CARTESIAN_POINT ( 'NONE',  ( -1.300000000000000044, 0.6500000000000000222, 1.199999999999999289 ) ) ;
#82 = ORIENTED_EDGE ( 'NONE', *, *, #149, .F. ) ;
#83 = LINE ( 'NONE', #153, #1227 ) ;
#84 = FACE_OUTER_BOUND ( 'NONE', #1358, .T. ) ;
#85 = ADVANCED_FACE ( 'NONE', ( #42 ), #660, .T. ) ;
#86 = VERTEX_POINT ( 'NONE', #1575 ) ;
#87 = EDGE_LOOP ( 'NONE', ( #2164, #1786, #754, #1830, #76, #1256, #1538, #1439, #1635, #518 ) ) ;
#88 = DIRECTION ( 'NONE',  ( 0.000000000000000000, 1.084202172485504434E-16, -1.000000000000000000 ) ) ;
#89 = CARTESIAN_POINT ( 'NONE',  ( -0.5250000000000000222, 0.2199999999999999178, -1.500000000000000000 ) ) ;
#90 = ORIENTED_EDGE ( 'NONE', *, *, #67, .T. ) ;
#91 = DIRECTION ( 'NONE',  ( 1.000000000000000000, 0.000000000000000000, 0.000000000000000000 ) ) ;
#92 = DIRECTION ( 'NONE',  ( 1.000000000000000000, 0.000000000000000000, -0.000000000000000000 ) ) ;
#93 = PRESENTATION_STYLE_ASSIGNMENT (( #2325 ) ) ;
#94 = AXIS2_PLACEMENT_3D ( 'NONE', #172, #339, #2295 ) ;
#95 = VERTEX_POINT ( 'NONE', #2362 ) ;
#96 = VERTEX_POINT ( 'NONE', #636 ) ;
#97 = DIRECTION ( 'NONE',  ( 0.000000000000000000, 1.000000000000000000, 2.710505431213760592E-16 ) ) ;
#98 = DIRECTION ( 'NONE',  ( 1.000000000000000000, 0.000000000000000000, -0.000000000000000000 ) ) ;
#99 = ADVANCED_FACE ( 'NONE', ( #442 ), #1224, .F. ) ;
#100 = EDGE_CURVE ( 'NONE', #1989, #1436, #1987, .T. ) ;
#101 = ORIENTED_EDGE ( 'NONE', *, *, #1982, .T. ) ;
#102 = CARTESIAN_POINT ( 'NONE',  ( -1.125000000000000222, 0.2200000000000002509, 1.500000000000000000 ) ) ;
#103 = DIRECTION ( 'NONE',  ( -1.000000000000000000, -0.000000000000000000, 0.000000000000000000 ) ) ;
#104 = CARTESIAN_POINT ( 'NONE',  ( 0.8199999999999999512, -0.001000000000000000021, -1.084999999999999964 ) ) ;
#105 = DIRECTION ( 'NONE',  ( 0.7660444431189776804, -0.6427876096865398070, 0.000000000000000000 ) ) ;
#106 = VERTEX_POINT ( 'NONE', #265 ) ;
#107 = VECTOR ( 'NONE', #2376, 1000.000000000000000 ) ;
#108 = AXIS2_PLACEMENT_3D ( 'NONE', #1070, #1846, #136 ) ;
#109 = ORIENTED_EDGE ( 'NONE', *, *, #2269, .T. ) ;
#110 = PLANE ( 'NONE',  #2416 ) ;
#111 = VECTOR ( 'NONE', #982, 1000.000000000000000 ) ;
#112 = MECHANICAL_DESIGN_GEOMETRIC_PRESENTATION_REPRESENTATION (  '', ( #1160 ), #1041 ) ;
#113 = FILL_AREA_STYLE_COLOUR ( '', #1935 ) ;
#114 = FACE_OUTER_BOUND ( 'NONE', #1470, .T. ) ;
#115 = AXIS2_PLACEMENT_3D ( 'NONE', #1166, #2284, #567 ) ;
#116 = EDGE_CURVE ( 'NONE', #1640, #570, #606, .T. ) ;
#117 = ORIENTED_EDGE ( 'NONE', *, *, #1042, .T. ) ;
#118 = DIRECTION ( 'NONE',  ( -0.000000000000000000, -0.000000000000000000, 1.000000000000000000 ) ) ;
#119 = CARTESIAN_POINT ( 'NONE',  ( 1.500000000000000222, 0.6500000000000000222, -1.500000000000000000 ) ) ;
#120 = EDGE_CURVE ( 'NONE', #728, #454, #1029, .T. ) ;
#121 = DIRECTION ( 'NONE',  ( 1.000000000000000000, -0.000000000000000000, -0.000000000000000000 ) ) ;
#122 = LINE ( 'NONE', #301, #1817 ) ;
#123 = ORIENTED_EDGE ( 'NONE', *, *, #2028, .T. ) ;
#124 = ORIENTED_EDGE ( 'NONE', *, *, #2222, .F. ) ;
#125 = ORIENTED_EDGE ( 'NONE', *, *, #1196, .T. ) ;
#126 = CARTESIAN_POINT ( 'NONE',  ( -1.250000000000000000, 0.000000000000000000, -1.135000000000000009 ) ) ;
#127 = CARTESIAN_POINT ( 'NONE',  ( -0.5250000000000000222, 0.2199999999999999178, 1.499000000000000110 ) ) ;
#128 = ORIENTED_EDGE ( 'NONE', *, *, #433, .F. ) ;
#129 = LINE ( 'NONE', #2410, #2451 ) ;
#130 = FACE_OUTER_BOUND ( 'NONE', #1083, .T. ) ;
#131 = DIRECTION ( 'NONE',  ( 0.000000000000000000, -1.000000000000000000, 0.000000000000000000 ) ) ;
#132 = ORIENTED_EDGE ( 'NONE', *, *, #294, .T. ) ;
#133 = EDGE_CURVE ( 'NONE', #1831, #686, #2389, .T. ) ;
#134 = ORIENTED_EDGE ( 'NONE', *, *, #2101, .T. ) ;
#135 = VECTOR ( 'NONE', #1767, 1000.000000000000000 ) ;
#136 = DIRECTION ( 'NONE',  ( 0.000000000000000000, 0.000000000000000000, 1.000000000000000000 ) ) ;
#137 = COLOUR_RGB ( '',1.000000000000000000, 1.000000000000000000, 1.000000000000000000 ) ;
#138 = LINE ( 'NONE', #396, #1405 ) ;
#139 = CARTESIAN_POINT ( 'NONE',  ( 1.199999999999999956, 0.6500000000000000222, -1.199999999999999956 ) ) ;
#140 = DIRECTION ( 'NONE',  ( 0.000000000000000000, 0.000000000000000000, 1.000000000000000000 ) ) ;
#141 = EDGE_LOOP ( 'NONE', ( #1664, #1744, #1310, #2196 ) ) ;
#142 = PLANE ( 'NONE',  #317 ) ;
#143 = CARTESIAN_POINT ( 'NONE',  ( -0.8750000000000001110, 0.1200000000000002731, 1.499000000000000110 ) ) ;
#144 = DIRECTION ( 'NONE',  ( -1.000000000000000000, -1.084202172485504434E-16, 0.000000000000000000 ) ) ;
#145 = EDGE_LOOP ( 'NONE', ( #2004, #1725, #2454, #2 ) ) ;
#146 = ORIENTED_EDGE ( 'NONE', *, *, #1153, .T. ) ;
#147 = EDGE_CURVE ( 'NONE', #1197, #318, #210, .T. ) ;
#148 = VERTEX_POINT ( 'NONE', #15 ) ;
#149 = EDGE_CURVE ( 'NONE', #459, #1863, #793, .T. ) ;
#150 = CARTESIAN_POINT ( 'NONE',  ( 0.6250000000000001110, 0.2200000000000000844, 1.499000000000000110 ) ) ;
#151 = CARTESIAN_POINT ( 'NONE',  ( 1.258045018441136031, 0.5999999999999999778, -1.199999999999999289 ) ) ;
#152 = VECTOR ( 'NONE', #927, 1000.000000000000000 ) ;
#153 = CARTESIAN_POINT ( 'NONE',  ( -1.125000000000000444, 0.1200000000000003009, 1.500000000000000000 ) ) ;
#154 = SURFACE_STYLE_FILL_AREA ( #2079 ) ;
#155 = AXIS2_PLACEMENT_3D ( 'NONE', #561, #574, #2464 ) ;
#156 = ORIENTED_EDGE ( 'NONE', *, *, #977, .T. ) ;
#157 = DIRECTION ( 'NONE',  ( 1.998529350203694707E-16, 0.000000000000000000, -1.000000000000000000 ) ) ;
#158 =( GEOMETRIC_REPRESENTATION_CONTEXT ( 3 ) GLOBAL_UNCERTAINTY_ASSIGNED_CONTEXT ( ( #1001 ) ) GLOBAL_UNIT_ASSIGNED_CONTEXT ( ( #1624, #1952, #1829 ) ) REPRESENTATION_CONTEXT ( 'NONE', 'WORKASPACE' ) );
#159 =( LENGTH_UNIT ( ) NAMED_UNIT ( * ) SI_UNIT ( .MILLI., .METRE. ) );
#160 = CARTESIAN_POINT ( 'NONE',  ( 1.249999999999999778, 0.000000000000000000, 1.085000000000000187 ) ) ;
#161 = AXIS2_PLACEMENT_3D ( 'NONE', #2471, #2297, #940 ) ;
#162 = ORIENTED_EDGE ( 'NONE', *, *, #601, .F. ) ;
#163 = ORIENTED_EDGE ( 'NONE', *, *, #493, .T. ) ;
#164 = ORIENTED_EDGE ( 'NONE', *, *, #211, .T. ) ;
#165 = DIRECTION ( 'NONE',  ( 0.000000000000000000, -1.000000000000000000, 0.000000000000000000 ) ) ;
#166 = EDGE_CURVE ( 'NONE', #268, #836, #2204, .T. ) ;
#167 = CARTESIAN_POINT ( 'NONE',  ( 1.499000000000000332, 0.2199999999999999734, 0.1250000000000000000 ) ) ;
#168 = DIRECTION ( 'NONE',  ( 0.000000000000000000, 1.000000000000000000, 0.000000000000000000 ) ) ;
#169 = DIRECTION ( 'NONE',  ( -1.000000000000000000, 0.000000000000000000, 0.000000000000000000 ) ) ;
#170 = EDGE_CURVE ( 'NONE', #454, #1257, #327, .T. ) ;
#171 = LINE ( 'NONE', #375, #1245 ) ;
#172 = CARTESIAN_POINT ( 'NONE',  ( -1.008578643762690463, 0.6500000000000000222, -1.199999999999999956 ) ) ;
#173 = DIRECTION ( 'NONE',  ( -0.000000000000000000, 1.000000000000000000, 1.084202172485504434E-16 ) ) ;
#174 = VERTEX_POINT ( 'NONE', #1446 ) ;
#175 = UNCERTAINTY_MEASURE_WITH_UNIT (LENGTH_MEASURE( 1.000000000000000082E-05 ), #1996, 'distance_accuracy_value', 'NONE');
#176 = VERTEX_POINT ( 'NONE', #2034 ) ;
#177 = VECTOR ( 'NONE', #1818, 1000.000000000000000 ) ;
#178 = AXIS2_PLACEMENT_3D ( 'NONE', #242, #427, #456 ) ;
#179 = FACE_OUTER_BOUND ( 'NONE', #2246, .T. ) ;
#180 = CYLINDRICAL_SURFACE ( 'NONE', #2294, 0.04999999999999991257 ) ;
#181 = AXIS2_PLACEMENT_3D ( 'NONE', #2418, #2006, #310 ) ;
#182 = CARTESIAN_POINT ( 'NONE',  ( 0.8750000000000001110, 0.2200000000000000844, -1.500000000000000000 ) ) ;
#183 = CARTESIAN_POINT ( 'NONE',  ( 0.8199999999999993960, 0.000000000000000000, 1.085000000000000187 ) ) ;
#184 = SURFACE_SIDE_STYLE ('',( #1699 ) ) ;
#185 = ADVANCED_FACE ( 'NONE', ( #876 ), #1091, .F. ) ;
#186 = ADVANCED_FACE ( 'NONE', ( #515 ), #1052, .F. ) ;
#187 = CARTESIAN_POINT ( 'NONE',  ( 0.6250000000000001110, 0.1200000000000000927, -1.499000000000000110 ) ) ;
#188 = EDGE_LOOP ( 'NONE', ( #59, #743, #1093, #1892 ) ) ;
#189 = ORIENTED_EDGE ( 'NONE', *, *, #1933, .T. ) ;
#190 = DIRECTION ( 'NONE',  ( 0.000000000000000000, -1.000000000000000000, 0.000000000000000000 ) ) ;
#191 = CARTESIAN_POINT ( 'NONE',  ( 0.1199999999999995653, -0.001000000000000000021, 1.084999999999999964 ) ) ;
#192 = PLANE ( 'NONE',  #1669 ) ;
#193 = CIRCLE ( 'NONE', #1359, 0.05804501844113582609 ) ;
#194 = DIRECTION ( 'NONE',  ( 1.000000000000000000, -0.000000000000000000, -0.000000000000000000 ) ) ;
#195 = CARTESIAN_POINT ( 'NONE',  ( -1.300000000000000266, -0.001000000000000000021, 1.084999999999999964 ) ) ;
#196 = ADVANCED_FACE ( 'NONE', ( #130 ), #477, .T. ) ;
#197 = VECTOR ( 'NONE', #654, 1000.000000000000000 ) ;
#198 = ORIENTED_EDGE ( 'NONE', *, *, #1900, .T. ) ;
#199 = STYLED_ITEM ( 'NONE', ( #1387 ), #1992 ) ;
#200 =( NAMED_UNIT ( * ) PLANE_ANGLE_UNIT ( ) SI_UNIT ( $, .RADIAN. ) );
#201 = AXIS2_PLACEMENT_3D ( 'NONE', #1723, #1755, #2346 ) ;
#202 = VERTEX_POINT ( 'NONE', #2229 ) ;
#203 =( NAMED_UNIT ( * ) SI_UNIT ( $, .STERADIAN. ) SOLID_ANGLE_UNIT ( ) );
#204 = DIRECTION ( 'NONE',  ( 4.181470337213464442E-15, 0.7660444431189776804, 0.6427876096865398070 ) ) ;
#205 = PLANE ( 'NONE',  #1122 ) ;
#206 = LINE ( 'NONE', #565, #358 ) ;
#207 = PLANE ( 'NONE',  #2042 ) ;
#208 = PLANE ( 'NONE',  #2500 ) ;
#209 = EDGE_LOOP ( 'NONE', ( #2253, #2382, #470, #1015 ) ) ;
#210 = LINE ( 'NONE', #976, #1103 ) ;
#211 = EDGE_CURVE ( 'NONE', #1197, #2420, #502, .T. ) ;
#212 = ADVANCED_FACE ( 'NONE', ( #1273 ), #1250, .T. ) ;
#213 = ORIENTED_EDGE ( 'NONE', *, *, #1792, .T. ) ;
#214 = SURFACE_STYLE_FILL_AREA ( #1172 ) ;
#215 = CARTESIAN_POINT ( 'NONE',  ( -1.250000000000000222, -0.001000000000000000021, 1.084999999999999964 ) ) ;
#216 = AXIS2_PLACEMENT_3D ( 'NONE', #139, #910, #1494 ) ;
#217 = CARTESIAN_POINT ( 'NONE',  ( -0.8750000000000001110, 0.1200000000000002731, -1.499000000000000110 ) ) ;
#218 = VECTOR ( 'NONE', #1458, 1000.000000000000000 ) ;
#219 = FILL_AREA_STYLE_COLOUR ( '', #137 ) ;
#220 =( NAMED_UNIT ( * ) SI_UNIT ( $, .STERADIAN. ) SOLID_ANGLE_UNIT ( ) );
#221 = VECTOR ( 'NONE', #2431, 1000.000000000000000 ) ;
#222 = ORIENTED_EDGE ( 'NONE', *, *, #166, .T. ) ;
#223 =( NAMED_UNIT ( * ) PLANE_ANGLE_UNIT ( ) SI_UNIT ( $, .RADIAN. ) );
#224 = SHAPE_DEFINITION_REPRESENTATION ( #1994, #851 ) ;
#225 = CARTESIAN_POINT ( 'NONE',  ( -0.2749999999999999667, 0.1200000000000000233, -1.499000000000000110 ) ) ;
#226 = CARTESIAN_POINT ( 'NONE',  ( -0.5250000000000000222, 0.2199999999999999178, -1.500000000000000000 ) ) ;
#227 = EDGE_CURVE ( 'NONE', #1716, #1845, #1819, .T. ) ;
#228 = EDGE_LOOP ( 'NONE', ( #806, #431, #2231, #1099 ) ) ;
#229 = LINE ( 'NONE', #480, #1251 ) ;
#230 = ADVANCED_FACE ( 'NONE', ( #84 ), #2434, .T. ) ;
#231 =( LENGTH_UNIT ( ) NAMED_UNIT ( * ) SI_UNIT ( .MILLI., .METRE. ) );
#232 = SURFACE_SIDE_STYLE ('',( #1969 ) ) ;
#233 = EDGE_LOOP ( 'NONE', ( #869, #1399, #1552, #325 ) ) ;
#234 = VECTOR ( 'NONE', #1438, 1000.000000000000000 ) ;
#235 = DIRECTION ( 'NONE',  ( -1.000000000000000000, 0.000000000000000000, 5.706327223607914597E-16 ) ) ;
#236 = DIRECTION ( 'NONE',  ( 0.000000000000000000, 0.000000000000000000, -1.000000000000000000 ) ) ;
#237 = LINE ( 'NONE', #2168, #1689 ) ;
#238 = AXIS2_PLACEMENT_3D ( 'NONE', #746, #1541, #1516 ) ;
#239 = MECHANICAL_DESIGN_GEOMETRIC_PRESENTATION_REPRESENTATION (  '', ( #639 ), #1203 ) ;
#240 = VERTEX_POINT ( 'NONE', #1472 ) ;
#241 = COLOUR_RGB ( '',1.000000000000000000, 1.000000000000000000, 0.000000000000000000 ) ;
#242 = CARTESIAN_POINT ( 'NONE',  ( 1.250000000000000000, -0.001000000000000000021, -1.084999999999999742 ) ) ;
#243 = VECTOR ( 'NONE', #2211, 1000.000000000000000 ) ;
#244 = PRESENTATION_LAYER_ASSIGNMENT (  '', '', ( #2419 ) ) ;
#245 = AXIS2_PLACEMENT_3D ( 'NONE', #313, #1079, #1485 ) ;
#246 = EDGE_LOOP ( 'NONE', ( #1670, #1820, #1844, #1582 ) ) ;
#247 = EDGE_CURVE ( 'NONE', #96, #1337, #1865, .T. ) ;
#248 = ORIENTED_EDGE ( 'NONE', *, *, #2314, .F. ) ;
#249 = LINE ( 'NONE', #1954, #919 ) ;
#250 = SURFACE_SIDE_STYLE ('',( #1985 ) ) ;
#251 = FACE_BOUND ( 'NONE', #517, .T. ) ;
#252 = EDGE_CURVE ( 'NONE', #1374, #1018, #351, .T. ) ;
#253 =( NAMED_UNIT ( * ) SI_UNIT ( $, .STERADIAN. ) SOLID_ANGLE_UNIT ( ) );
#254 = VERTEX_POINT ( 'NONE', #2106 ) ;
#255 = DIRECTION ( 'NONE',  ( -0.000000000000000000, -0.000000000000000000, -1.000000000000000000 ) ) ;
#256 = DIRECTION ( 'NONE',  ( 1.000000000000000000, 1.084202172485503941E-16, 0.000000000000000000 ) ) ;
#257 = ORIENTED_EDGE ( 'NONE', *, *, #2129, .T. ) ;
#258 = FACE_BOUND ( 'NONE', #233, .T. ) ;
#259 = ORIENTED_EDGE ( 'NONE', *, *, #1902, .F. ) ;
#260 = CARTESIAN_POINT ( 'NONE',  ( -0.2749999999999999667, 0.1200000000000000233, -1.499000000000000110 ) ) ;
#261 = AXIS2_PLACEMENT_3D ( 'NONE', #1423, #1039, #1466 ) ;
#262 =( LENGTH_UNIT ( ) NAMED_UNIT ( * ) SI_UNIT ( .MILLI., .METRE. ) );
#263 = EDGE_LOOP ( 'NONE', ( #499, #980, #1487, #1701 ) ) ;
#264 = EDGE_CURVE ( 'NONE', #368, #2409, #1334, .T. ) ;
#265 = CARTESIAN_POINT ( 'NONE',  ( 1.499000000000000332, 0.2199999999999999734, 0.1250000000000000000 ) ) ;
#266 = AXIS2_PLACEMENT_3D ( 'NONE', #2067, #726, #360 ) ;
#267 = CARTESIAN_POINT ( 'NONE',  ( 1.299999999999999822, -0.001000000000000000021, -1.084999999999999742 ) ) ;
#268 = VERTEX_POINT ( 'NONE', #1521 ) ;
#269 = ORIENTED_EDGE ( 'NONE', *, *, #2087, .F. ) ;
#270 = PLANE ( 'NONE',  #562 ) ;
#271 = CARTESIAN_POINT ( 'NONE',  ( 0.1199999999999996070, -0.001000000000000000021, 1.084999999999999964 ) ) ;
#272 = PLANE ( 'NONE',  #2302 ) ;
#273 = VERTEX_POINT ( 'NONE', #377 ) ;
#274 = FACE_OUTER_BOUND ( 'NONE', #2273, .T. ) ;
#275 =( NAMED_UNIT ( * ) SI_UNIT ( $, .STERADIAN. ) SOLID_ANGLE_UNIT ( ) );
#276 = EDGE_CURVE ( 'NONE', #1047, #1845, #2438, .T. ) ;
#277 = FILL_AREA_STYLE ('',( #1827 ) ) ;
#278 = VECTOR ( 'NONE', #2021, 1000.000000000000000 ) ;
#279 = VECTOR ( 'NONE', #1302, 1000.000000000000000 ) ;
#280 = ORIENTED_EDGE ( 'NONE', *, *, #1933, .F. ) ;
#281 = VECTOR ( 'NONE', #1233, 1000.000000000000000 ) ;
#282 = CIRCLE ( 'NONE', #885, 0.04999999999999991257 ) ;
#283 = ORIENTED_EDGE ( 'NONE', *, *, #340, .F. ) ;
#284 = LINE ( 'NONE', #1465, #1687 ) ;
#285 = DIRECTION ( 'NONE',  ( 0.000000000000000000, -1.000000000000000000, -0.000000000000000000 ) ) ;
#286 = ORIENTED_EDGE ( 'NONE', *, *, #2487, .F. ) ;
#287 = CARTESIAN_POINT ( 'NONE',  ( 0.6250000000000001110, 0.2200000000000000844, -1.499000000000000110 ) ) ;
#288 = CARTESIAN_POINT ( 'NONE',  ( -0.2749999999999999667, 0.1200000000000000233, 1.499000000000000110 ) ) ;
#289 = FACE_OUTER_BOUND ( 'NONE', #1822, .T. ) ;
#290 = ORIENTED_EDGE ( 'NONE', *, *, #147, .T. ) ;
#291 = LINE ( 'NONE', #2411, #959 ) ;
#292 = EDGE_LOOP ( 'NONE', ( #2400, #2020, #536, #986 ) ) ;
#293 = EDGE_LOOP ( 'NONE', ( #2288, #2443, #2345, #198 ) ) ;
#294 = EDGE_CURVE ( 'NONE', #298, #176, #1113, .T. ) ;
#295 = EDGE_CURVE ( 'NONE', #2073, #2027, #928, .T. ) ;
#296 = LINE ( 'NONE', #1860, #842 ) ;
#297 = DIRECTION ( 'NONE',  ( -9.992646751018473535E-17, -0.000000000000000000, 1.000000000000000000 ) ) ;
#298 = VERTEX_POINT ( 'NONE', #1919 ) ;
#299 = LINE ( 'NONE', #500, #2134 ) ;
#300 = VECTOR ( 'NONE', #1479, 1000.000000000000000 ) ;
#301 = CARTESIAN_POINT ( 'NONE',  ( -1.125000000000000444, 0.1200000000000003009, -1.500000000000000000 ) ) ;
#302 = STYLED_ITEM ( 'NONE', ( #1621 ), #781 ) ;
#303 = PRESENTATION_LAYER_ASSIGNMENT (  '', '', ( #2478 ) ) ;
#304 = EDGE_LOOP ( 'NONE', ( #1729, #1880, #1951, #330 ) ) ;
#305 = MECHANICAL_DESIGN_GEOMETRIC_PRESENTATION_REPRESENTATION (  '', ( #302 ), #1910 ) ;
#306 = ORIENTED_EDGE ( 'NONE', *, *, #370, .T. ) ;
#307 = EDGE_CURVE ( 'NONE', #570, #559, #1905, .T. ) ;
#308 = ADVANCED_FACE ( 'NONE', ( #2082 ), #554, .F. ) ;
#309 = CARTESIAN_POINT ( 'NONE',  ( -1.499999999999999778, 0.6500000000000000222, -1.500000000000000000 ) ) ;
#310 = DIRECTION ( 'NONE',  ( 0.000000000000000000, 0.000000000000000000, 1.000000000000000000 ) ) ;
#311 = VERTEX_POINT ( 'NONE', #364 ) ;
#312 =( LENGTH_UNIT ( ) NAMED_UNIT ( * ) SI_UNIT ( .MILLI., .METRE. ) );
#313 = CARTESIAN_POINT ( 'NONE',  ( -1.300000000000000266, -0.001000000000000000021, 1.084999999999999964 ) ) ;
#314 = ORIENTED_EDGE ( 'NONE', *, *, #428, .T. ) ;
#315 = ORIENTED_EDGE ( 'NONE', *, *, #1834, .T. ) ;
#316 = VECTOR ( 'NONE', #1137, 1000.000000000000000 ) ;
#317 = AXIS2_PLACEMENT_3D ( 'NONE', #1636, #2033, #2045 ) ;
#318 = VERTEX_POINT ( 'NONE', #2494 ) ;
#319 = VECTOR ( 'NONE', #2112, 1000.000000000000000 ) ;
#320 = AXIS2_PLACEMENT_3D ( 'NONE', #831, #1000, #1038 ) ;
#321 = FACE_BOUND ( 'NONE', #1657, .T. ) ;
#322 = CARTESIAN_POINT ( 'NONE',  ( 0.1199999999999996070, 0.000000000000000000, 1.084999999999999964 ) ) ;
#323 = CARTESIAN_POINT ( 'NONE',  ( -0.5250000000000000222, 0.1200000000000000233, -1.499000000000000110 ) ) ;
#324 = VECTOR ( 'NONE', #984, 1000.000000000000000 ) ;
#325 = ORIENTED_EDGE ( 'NONE', *, *, #1724, .F. ) ;
#326 = CARTESIAN_POINT ( 'NONE',  ( -1.199999999999999956, 0.6500000000000000222, -1.008578643762690463 ) ) ;
#327 = LINE ( 'NONE', #1622, #1628 ) ;
#328 = EDGE_CURVE ( 'NONE', #1576, #2360, #905, .T. ) ;
#329 = CARTESIAN_POINT ( 'NONE',  ( 1.499000000000000332, 0.000000000000000000, 0.000000000000000000 ) ) ;
#330 = ORIENTED_EDGE ( 'NONE', *, *, #1372, .T. ) ;
#331 = VERTEX_POINT ( 'NONE', #1536 ) ;
#332 = DIRECTION ( 'NONE',  ( -1.000000000000000000, 0.000000000000000000, -0.000000000000000000 ) ) ;
#333 = ORIENTED_EDGE ( 'NONE', *, *, #2028, .F. ) ;
#334 = DIRECTION ( 'NONE',  ( 0.000000000000000000, 0.000000000000000000, -1.000000000000000000 ) ) ;
#335 = DIRECTION ( 'NONE',  ( 1.000000000000000000, -0.000000000000000000, 0.000000000000000000 ) ) ;
#336 = CARTESIAN_POINT ( 'NONE',  ( -1.300000000000000044, -0.001000000000000000021, -1.084999999999999964 ) ) ;
#337 = FACE_OUTER_BOUND ( 'NONE', #1931, .T. ) ;
#338 = ORIENTED_EDGE ( 'NONE', *, *, #1248, .F. ) ;
#339 = DIRECTION ( 'NONE',  ( 0.000000000000000000, 1.000000000000000000, -0.000000000000000000 ) ) ;
#340 = EDGE_CURVE ( 'NONE', #2132, #1321, #391, .T. ) ;
#341 = CARTESIAN_POINT ( 'NONE',  ( -0.5250000000000000222, 0.1200000000000000233, 1.499000000000000110 ) ) ;
#342 = ORIENTED_EDGE ( 'NONE', *, *, #1677, .T. ) ;
#343 = LINE ( 'NONE', #1398, #688 ) ;
#344 = ORIENTED_EDGE ( 'NONE', *, *, #20, .T. ) ;
#345 = AXIS2_PLACEMENT_3D ( 'NONE', #972, #1749, #1593 ) ;
#346 = DIRECTION ( 'NONE',  ( 0.000000000000000000, -1.000000000000000000, 0.000000000000000000 ) ) ;
#347 = CARTESIAN_POINT ( 'NONE',  ( 0.06999999999999961808, -0.001000000000000000021, 1.135000000000000009 ) ) ;
#348 = FACE_OUTER_BOUND ( 'NONE', #188, .T. ) ;
#349 = ORIENTED_EDGE ( 'NONE', *, *, #1248, .T. ) ;
#350 = LINE ( 'NONE', #183, #2208 ) ;
#351 = LINE ( 'NONE', #1878, #704 ) ;
#352 = FACE_OUTER_BOUND ( 'NONE', #439, .T. ) ;
#353 = ORIENTED_EDGE ( 'NONE', *, *, #384, .T. ) ;
#354 = EDGE_CURVE ( 'NONE', #1089, #63, #1151, .T. ) ;
#355 = ORIENTED_EDGE ( 'NONE', *, *, #966, .F. ) ;
#356 = EDGE_LOOP ( 'NONE', ( #132, #2207, #333, #813 ) ) ;
#357 = CYLINDRICAL_SURFACE ( 'NONE', #483, 0.04999999999999969746 ) ;
#358 = VECTOR ( 'NONE', #2506, 1000.000000000000000 ) ;
#359 = DIRECTION ( 'NONE',  ( 0.000000000000000000, -1.000000000000000000, 0.000000000000000000 ) ) ;
#360 = DIRECTION ( 'NONE',  ( 0.000000000000000000, 0.7660444431189776804, -0.6427876096865398070 ) ) ;
#361 = CIRCLE ( 'NONE', #2495, 0.04999999999999991257 ) ;
#362 = DIRECTION ( 'NONE',  ( 0.000000000000000000, -1.000000000000000000, 0.000000000000000000 ) ) ;
#363 = PRESENTATION_LAYER_ASSIGNMENT (  '', '', ( #199 ) ) ;
#364 = CARTESIAN_POINT ( 'NONE',  ( -0.2749999999999999667, 0.1200000000000000233, 1.499000000000000110 ) ) ;
#365 = CARTESIAN_POINT ( 'NONE',  ( -1.499000000000000332, 0.1199999999999999956, -0.1250000000000000278 ) ) ;
#366 = AXIS2_PLACEMENT_3D ( 'NONE', #2367, #1828, #2219 ) ;
#367 = VERTEX_POINT ( 'NONE', #195 ) ;
#368 = VERTEX_POINT ( 'NONE', #543 ) ;
#369 = CARTESIAN_POINT ( 'NONE',  ( 0.8750000000000001110, 0.1200000000000000649, 1.499000000000000110 ) ) ;
#370 = EDGE_CURVE ( 'NONE', #1654, #1435, #962, .T. ) ;
#371 = CARTESIAN_POINT ( 'NONE',  ( 0.8699999999999997735, -0.001000000000000000021, -1.084999999999999964 ) ) ;
#372 = EDGE_CURVE ( 'NONE', #2424, #1615, #1876, .T. ) ;
#373 = LINE ( 'NONE', #1533, #1731 ) ;
#374 = DIRECTION ( 'NONE',  ( -1.000000000000000000, 0.000000000000000000, 0.000000000000000000 ) ) ;
#375 = CARTESIAN_POINT ( 'NONE',  ( -1.125000000000000444, 0.1200000000000003009, 1.499000000000000110 ) ) ;
#376 = FACE_OUTER_BOUND ( 'NONE', #447, .T. ) ;
#377 = CARTESIAN_POINT ( 'NONE',  ( -0.8750000000000001110, 0.2200000000000002787, 1.500000000000000000 ) ) ;
#378 = SURFACE_STYLE_USAGE ( .BOTH. , #2330 ) ;
#379 = VERTEX_POINT ( 'NONE', #1995 ) ;
#380 = UNCERTAINTY_MEASURE_WITH_UNIT (LENGTH_MEASURE( 1.000000000000000082E-05 ), #394, 'distance_accuracy_value', 'NONE');
#381 = ORIENTED_EDGE ( 'NONE', *, *, #384, .F. ) ;
#382 = MECHANICAL_DESIGN_GEOMETRIC_PRESENTATION_REPRESENTATION (  '', ( #782 ), #1962 ) ;
#383 = LINE ( 'NONE', #1123, #1205 ) ;
#384 = EDGE_CURVE ( 'NONE', #2432, #1716, #1631, .T. ) ;
#385 = CARTESIAN_POINT ( 'NONE',  ( 1.499000000000000332, 0.1199999999999999956, -0.1250000000000000278 ) ) ;
#386 = MECHANICAL_DESIGN_GEOMETRIC_PRESENTATION_REPRESENTATION (  '', ( #2159 ), #2403 ) ;
#387 = CYLINDRICAL_SURFACE ( 'NONE', #2003, 0.04999999999999991257 ) ;
#388 = EDGE_CURVE ( 'NONE', #318, #1604, #1762, .T. ) ;
#389 = MECHANICAL_DESIGN_GEOMETRIC_PRESENTATION_REPRESENTATION (  '', ( #2237 ), #1349 ) ;
#390 = CARTESIAN_POINT ( 'NONE',  ( -1.499999999999999778, 0.000000000000000000, 1.500000000000000000 ) ) ;
#391 = LINE ( 'NONE', #1101, #2440 ) ;
#392 = PRESENTATION_STYLE_ASSIGNMENT (( #378 ) ) ;
#393 = ORIENTED_EDGE ( 'NONE', *, *, #1057, .F. ) ;
#394 =( LENGTH_UNIT ( ) NAMED_UNIT ( * ) SI_UNIT ( .MILLI., .METRE. ) );
#395 = ORIENTED_EDGE ( 'NONE', *, *, #1724, .T. ) ;
#396 = CARTESIAN_POINT ( 'NONE',  ( 0.6250000000000001110, 0.1200000000000000927, 1.499000000000000110 ) ) ;
#397 = CARTESIAN_POINT ( 'NONE',  ( -1.125000000000000222, 0.2200000000000002509, -1.500000000000000000 ) ) ;
#398 = STYLED_ITEM ( 'NONE', ( #989 ), #1222 ) ;
#399 = DIRECTION ( 'NONE',  ( 0.000000000000000000, -1.000000000000000000, 0.000000000000000000 ) ) ;
#400 = LINE ( 'NONE', #11, #671 ) ;
#401 = VECTOR ( 'NONE', #2236, 1000.000000000000000 ) ;
#402 = CARTESIAN_POINT ( 'NONE',  ( 0.1199999999999998984, 0.000000000000000000, -1.085000000000000187 ) ) ;
#403 = ORIENTED_EDGE ( 'NONE', *, *, #1266, .T. ) ;
#404 = AXIS2_PLACEMENT_3D ( 'NONE', #1939, #857, #7 ) ;
#405 = ADVANCED_FACE ( 'NONE', ( #2131 ), #1392, .F. ) ;
#406 =( GEOMETRIC_REPRESENTATION_CONTEXT ( 3 ) GLOBAL_UNCERTAINTY_ASSIGNED_CONTEXT ( ( #1311 ) ) GLOBAL_UNIT_ASSIGNED_CONTEXT ( ( #1345, #963, #12 ) ) REPRESENTATION_CONTEXT ( 'NONE', 'WORKASPACE' ) );
#407 = COLOUR_RGB ( '',0.7921568627450980005, 0.8196078431372548767, 0.9333333333333333481 ) ;
#408 = CARTESIAN_POINT ( 'NONE',  ( 1.249999999999999778, -0.001000000000000000021, 1.085000000000000187 ) ) ;
#409 = ORIENTED_EDGE ( 'NONE', *, *, #149, .T. ) ;
#410 = SURFACE_STYLE_USAGE ( .BOTH. , #1198 ) ;
#411 = DIRECTION ( 'NONE',  ( 1.000000000000000000, 0.000000000000000000, 0.000000000000000000 ) ) ;
#412 = CARTESIAN_POINT ( 'NONE',  ( 0.6250000000000001110, 0.1200000000000000927, 1.499000000000000110 ) ) ;
#413 = PLANE ( 'NONE',  #1024 ) ;
#414 = EDGE_LOOP ( 'NONE', ( #2032, #1626, #1081, #1443 ) ) ;
#415 = PRESENTATION_STYLE_ASSIGNMENT (( #618 ) ) ;
#416 = ADVANCED_FACE ( 'NONE', ( #1025 ), #207, .T. ) ;
#417 = LINE ( 'NONE', #1397, #423 ) ;
#418 = ADVANCED_FACE ( 'NONE', ( #1607 ), #1164, .T. ) ;
#419 = ORIENTED_EDGE ( 'NONE', *, *, #1793, .F. ) ;
#420 = CARTESIAN_POINT ( 'NONE',  ( -0.2749999999999999667, 0.2199999999999999456, 1.499000000000000110 ) ) ;
#421 = LINE ( 'NONE', #2306, #1400 ) ;
#422 = CARTESIAN_POINT ( 'NONE',  ( -0.5250000000000000222, 0.1200000000000000233, -1.500000000000000000 ) ) ;
#423 = VECTOR ( 'NONE', #2157, 1000.000000000000114 ) ;
#424 = DIRECTION ( 'NONE',  ( -0.000000000000000000, 1.000000000000000000, -0.000000000000000000 ) ) ;
#425 = ORIENTED_EDGE ( 'NONE', *, *, #1912, .F. ) ;
#426 = CARTESIAN_POINT ( 'NONE',  ( -1.241044026153824920, 0.5999999999999999778, -1.049622669916516093 ) ) ;
#427 = DIRECTION ( 'NONE',  ( 0.000000000000000000, -1.000000000000000000, 0.000000000000000000 ) ) ;
#428 = EDGE_CURVE ( 'NONE', #1714, #40, #2167, .T. ) ;
#429 = PLANE ( 'NONE',  #201 ) ;
#430 = DIRECTION ( 'NONE',  ( -0.000000000000000000, -1.000000000000000000, 0.000000000000000000 ) ) ;
#431 = ORIENTED_EDGE ( 'NONE', *, *, #637, .T. ) ;
#432 = FILL_AREA_STYLE ('',( #1966 ) ) ;
#433 = EDGE_CURVE ( 'NONE', #1293, #1192, #1231, .T. ) ;
#434 = VERTEX_POINT ( 'NONE', #599 ) ;
#435 = DIRECTION ( 'NONE',  ( 0.000000000000000000, 0.000000000000000000, -1.000000000000000000 ) ) ;
#436 = DIRECTION ( 'NONE',  ( -1.000000000000000000, 0.000000000000000000, 0.000000000000000000 ) ) ;
#437 = LINE ( 'NONE', #39, #1002 ) ;
#438 = VECTOR ( 'NONE', #1134, 1000.000000000000000 ) ;
#439 = EDGE_LOOP ( 'NONE', ( #644, #1764, #1056, #1704 ) ) ;
#440 = DIRECTION ( 'NONE',  ( -1.084202172485503571E-16, -1.000000000000000000, 0.000000000000000000 ) ) ;
#441 = VECTOR ( 'NONE', #2369, 1000.000000000000000 ) ;
#442 = FACE_OUTER_BOUND ( 'NONE', #1460, .T. ) ;
#443 = CARTESIAN_POINT ( 'NONE',  ( 0.8750000000000001110, 0.1200000000000000649, -1.500000000000000000 ) ) ;
#444 = MECHANICAL_DESIGN_GEOMETRIC_PRESENTATION_REPRESENTATION (  '', ( #1646 ), #1936 ) ;
#445 = CARTESIAN_POINT ( 'NONE',  ( 0.000000000000000000, 0.000000000000000000, 0.000000000000000000 ) ) ;
#446 = VECTOR ( 'NONE', #1287, 1000.000000000000000 ) ;
#447 = EDGE_LOOP ( 'NONE', ( #1370, #1867, #419, #1811 ) ) ;
#448 = ORIENTED_EDGE ( 'NONE', *, *, #797, .T. ) ;
#449 = EDGE_CURVE ( 'NONE', #2001, #906, #400, .T. ) ;
#450 = EDGE_CURVE ( 'NONE', #1089, #86, #1557, .T. ) ;
#451 = CARTESIAN_POINT ( 'NONE',  ( 1.299999999999999600, 0.000000000000000000, 1.085000000000000187 ) ) ;
#452 =( NAMED_UNIT ( * ) PLANE_ANGLE_UNIT ( ) SI_UNIT ( $, .RADIAN. ) );
#453 = PLANE ( 'NONE',  #648 ) ;
#454 = VERTEX_POINT ( 'NONE', #997 ) ;
#455 = FILL_AREA_STYLE ('',( #617 ) ) ;
#456 = DIRECTION ( 'NONE',  ( 0.000000000000000000, 0.000000000000000000, 1.000000000000000000 ) ) ;
#457 = ORIENTED_EDGE ( 'NONE', *, *, #1139, .T. ) ;
#458 = SURFACE_STYLE_USAGE ( .BOTH. , #2186 ) ;
#459 = VERTEX_POINT ( 'NONE', #1803 ) ;
#460 = EDGE_CURVE ( 'NONE', #1831, #640, #2357, .T. ) ;
#461 = FACE_OUTER_BOUND ( 'NONE', #2322, .T. ) ;
#462 = DIRECTION ( 'NONE',  ( -0.000000000000000000, -0.000000000000000000, 1.000000000000000000 ) ) ;
#463 = FACE_BOUND ( 'NONE', #1776, .T. ) ;
#464 = VECTOR ( 'NONE', #1424, 1000.000000000000000 ) ;
#465 = ORIENTED_EDGE ( 'NONE', *, *, #722, .T. ) ;
#466 = LINE ( 'NONE', #1297, #177 ) ;
#467 = CARTESIAN_POINT ( 'NONE',  ( -1.125000000000000222, 0.2200000000000002509, -1.499000000000000110 ) ) ;
#468 =( GEOMETRIC_REPRESENTATION_CONTEXT ( 3 ) GLOBAL_UNCERTAINTY_ASSIGNED_CONTEXT ( ( #658 ) ) GLOBAL_UNIT_ASSIGNED_CONTEXT ( ( #159, #2484, #949 ) ) REPRESENTATION_CONTEXT ( 'NONE', 'WORKASPACE' ) );
#469 =( LENGTH_UNIT ( ) NAMED_UNIT ( * ) SI_UNIT ( .MILLI., .METRE. ) );
#470 = ORIENTED_EDGE ( 'NONE', *, *, #1496, .F. ) ;
#471 = ORIENTED_EDGE ( 'NONE', *, *, #1088, .F. ) ;
#472 = CARTESIAN_POINT ( 'NONE',  ( 0.06999999999999988176, -0.001000000000000000021, -1.135000000000000009 ) ) ;
#473 = CARTESIAN_POINT ( 'NONE',  ( 1.499000000000000332, 0.1199999999999999678, 0.1250000000000000000 ) ) ;
#474 = LINE ( 'NONE', #665, #2213 ) ;
#475 = ORIENTED_EDGE ( 'NONE', *, *, #785, .F. ) ;
#476 = LINE ( 'NONE', #1247, #278 ) ;
#477 = PLANE ( 'NONE',  #863 ) ;
#478 = ADVANCED_FACE ( 'NONE', ( #1779 ), #1175, .F. ) ;
#479 = MECHANICAL_DESIGN_GEOMETRIC_PRESENTATION_REPRESENTATION (  '', ( #398 ), #1325 ) ;
#480 = CARTESIAN_POINT ( 'NONE',  ( -0.8750000000000001110, 0.1200000000000002731, 1.499000000000000110 ) ) ;
#481 = ADVANCED_FACE ( 'NONE', ( #1011, #1942 ), #413, .F. ) ;
#482 = ORIENTED_EDGE ( 'NONE', *, *, #2361, .T. ) ;
#483 = AXIS2_PLACEMENT_3D ( 'NONE', #371, #2102, #2290 ) ;
#484 = ORIENTED_EDGE ( 'NONE', *, *, #1555, .T. ) ;
#485 = VECTOR ( 'NONE', #656, 1000.000000000000000 ) ;
#486 = CARTESIAN_POINT ( 'NONE',  ( -1.008578643762690019, 0.6500000000000000222, -1.300000000000000044 ) ) ;
#487 = MECHANICAL_DESIGN_GEOMETRIC_PRESENTATION_REPRESENTATION (  '', ( #727 ), #2100 ) ;
#488 = VERTEX_POINT ( 'NONE', #1839 ) ;
#489 = DIRECTION ( 'NONE',  ( -1.000000000000000000, 0.000000000000000000, -0.000000000000000000 ) ) ;
#490 = ORIENTED_EDGE ( 'NONE', *, *, #2235, .F. ) ;
#491 =( NAMED_UNIT ( * ) SI_UNIT ( $, .STERADIAN. ) SOLID_ANGLE_UNIT ( ) );
#492 = DIRECTION ( 'NONE',  ( 1.000000000000000000, 1.084202172485503941E-16, 0.000000000000000000 ) ) ;
#493 = EDGE_CURVE ( 'NONE', #930, #1360, #1034, .T. ) ;
#494 = ORIENTED_EDGE ( 'NONE', *, *, #558, .T. ) ;
#495 = EDGE_CURVE ( 'NONE', #1315, #86, #1455, .T. ) ;
#496 = ORIENTED_EDGE ( 'NONE', *, *, #1234, .F. ) ;
#497 = LINE ( 'NONE', #1267, #1565 ) ;
#498 = DIRECTION ( 'NONE',  ( -0.000000000000000000, -1.000000000000000000, -0.000000000000000000 ) ) ;
#499 = ORIENTED_EDGE ( 'NONE', *, *, #1042, .F. ) ;
#500 = CARTESIAN_POINT ( 'NONE',  ( -1.125000000000000222, 0.2200000000000002509, 1.500000000000000000 ) ) ;
#501 = AXIS2_PLACEMENT_3D ( 'NONE', #2193, #1505, #924 ) ;
#502 = LINE ( 'NONE', #1483, #2278 ) ;
#503 = CARTESIAN_POINT ( 'NONE',  ( 0.8699999999999995515, 0.000000000000000000, 1.085000000000000187 ) ) ;
#504 = AXIS2_PLACEMENT_3D ( 'NONE', #1179, #2334, #1213 ) ;
#505 = VECTOR ( 'NONE', #285, 1000.000000000000000 ) ;
#506 = ORIENTED_EDGE ( 'NONE', *, *, #372, .T. ) ;
#507 = VECTOR ( 'NONE', #2161, 1000.000000000000000 ) ;
#508 = ORIENTED_EDGE ( 'NONE', *, *, #1402, .F. ) ;
#509 = PLANE ( 'NONE',  #2175 ) ;
#510 = EDGE_CURVE ( 'NONE', #1640, #1223, #1632, .T. ) ;
#511 = DIRECTION ( 'NONE',  ( 0.000000000000000000, 0.000000000000000000, 1.000000000000000000 ) ) ;
#512 = LINE ( 'NONE', #2031, #945 ) ;
#513 = VERTEX_POINT ( 'NONE', #1243 ) ;
#514 = DIRECTION ( 'NONE',  ( 1.000000000000000000, -0.000000000000000000, -0.000000000000000000 ) ) ;
#515 = FACE_OUTER_BOUND ( 'NONE', #1386, .T. ) ;
#516 = PLANE ( 'NONE',  #2338 ) ;
#517 = EDGE_LOOP ( 'NONE', ( #676, #768, #1263, #465 ) ) ;
#518 = ORIENTED_EDGE ( 'NONE', *, *, #1340, .F. ) ;
#519 = VECTOR ( 'NONE', #1737, 1000.000000000000000 ) ;
#520 = VERTEX_POINT ( 'NONE', #655 ) ;
#521 = VECTOR ( 'NONE', #1656, 1000.000000000000000 ) ;
#522 = COLOUR_RGB ( '',1.000000000000000000, 1.000000000000000000, 1.000000000000000000 ) ;
#523 = CARTESIAN_POINT ( 'NONE',  ( 0.8750000000000001110, 0.1200000000000000649, 1.500000000000000000 ) ) ;
#524 = ADVANCED_FACE ( 'NONE', ( #689 ), #79, .F. ) ;
#525 = CARTESIAN_POINT ( 'NONE',  ( -1.008578643762690019, 0.5999999999999999778, -1.258045018441136031 ) ) ;
#526 = AXIS2_PLACEMENT_3D ( 'NONE', #503, #1637, #718 ) ;
#527 = EDGE_CURVE ( 'NONE', #2209, #254, #700, .T. ) ;
#528 = EDGE_CURVE ( 'NONE', #2323, #1321, #887, .T. ) ;
#529 = VERTEX_POINT ( 'NONE', #2199 ) ;
#530 = LINE ( 'NONE', #1051, #878 ) ;
#531 = VECTOR ( 'NONE', #2483, 1000.000000000000000 ) ;
#532 = DIRECTION ( 'NONE',  ( 0.000000000000000000, -1.000000000000000000, 0.000000000000000000 ) ) ;
#533 = CARTESIAN_POINT ( 'NONE',  ( -1.125000000000000444, 0.1200000000000003009, 1.499000000000000110 ) ) ;
#534 = DIRECTION ( 'NONE',  ( 0.000000000000000000, 1.084202172485504434E-16, -1.000000000000000000 ) ) ;
#535 = VERTEX_POINT ( 'NONE', #1087 ) ;
#536 = ORIENTED_EDGE ( 'NONE', *, *, #697, .F. ) ;
#537 = DIRECTION ( 'NONE',  ( 0.000000000000000000, 0.000000000000000000, -1.000000000000000000 ) ) ;
#538 = CARTESIAN_POINT ( 'NONE',  ( 1.258045018441136031, 0.5999999999999999778, 1.199999999999999289 ) ) ;
#539 = FACE_OUTER_BOUND ( 'NONE', #992, .T. ) ;
#540 = EDGE_CURVE ( 'NONE', #707, #2497, #664, .T. ) ;
#541 = VERTEX_POINT ( 'NONE', #89 ) ;
#542 = LINE ( 'NONE', #789, #2333 ) ;
#543 = CARTESIAN_POINT ( 'NONE',  ( -0.8750000000000001110, 0.2200000000000002787, 1.499000000000000110 ) ) ;
#544 = PLANE ( 'NONE',  #1937 ) ;
#545 = ORIENTED_EDGE ( 'NONE', *, *, #1792, .F. ) ;
#546 =( NAMED_UNIT ( * ) SI_UNIT ( $, .STERADIAN. ) SOLID_ANGLE_UNIT ( ) );
#547 = EDGE_LOOP ( 'NONE', ( #1298, #2274, #848, #2221 ) ) ;
#548 = FACE_BOUND ( 'NONE', #1410, .T. ) ;
#549 = CARTESIAN_POINT ( 'NONE',  ( 1.300000000000000044, 0.6500000000000000222, -1.199999999999999289 ) ) ;
#550 = FACE_OUTER_BOUND ( 'NONE', #145, .T. ) ;
#551 = CYLINDRICAL_SURFACE ( 'NONE', #978, 0.04999999999999991257 ) ;
#552 =( LENGTH_UNIT ( ) NAMED_UNIT ( * ) SI_UNIT ( .MILLI., .METRE. ) );
#553 = CARTESIAN_POINT ( 'NONE',  ( 1.249999999999999778, 0.000000000000000000, 1.135000000000000009 ) ) ;
#554 = PLANE ( 'NONE',  #2321 ) ;
#555 = EDGE_LOOP ( 'NONE', ( #1453, #2049, #1262, #733 ) ) ;
#556 = ORIENTED_EDGE ( 'NONE', *, *, #821, .T. ) ;
#557 = EDGE_CURVE ( 'NONE', #174, #1548, #512, .T. ) ;
#558 = EDGE_CURVE ( 'NONE', #2420, #1604, #2226, .T. ) ;
#559 = VERTEX_POINT ( 'NONE', #1269 ) ;
#560 = VECTOR ( 'NONE', #2224, 1000.000000000000000 ) ;
#561 = CARTESIAN_POINT ( 'NONE',  ( -1.499000000000000332, 0.000000000000000000, 0.000000000000000000 ) ) ;
#562 = AXIS2_PLACEMENT_3D ( 'NONE', #1376, #21, #801 ) ;
#563 = DIRECTION ( 'NONE',  ( -1.000000000000000000, 0.000000000000000000, 0.000000000000000000 ) ) ;
#564 = DIRECTION ( 'NONE',  ( 0.000000000000000000, -0.000000000000000000, -1.000000000000000000 ) ) ;
#565 = CARTESIAN_POINT ( 'NONE',  ( -1.199999999999999289, 0.6500000000000000222, 1.300000000000000044 ) ) ;
#566 = SURFACE_STYLE_USAGE ( .BOTH. , #184 ) ;
#567 = DIRECTION ( 'NONE',  ( 0.000000000000000000, 0.000000000000000000, -1.000000000000000000 ) ) ;
#568 = AXIS2_PLACEMENT_3D ( 'NONE', #160, #1930, #1130 ) ;
#569 = ORIENTED_EDGE ( 'NONE', *, *, #449, .F. ) ;
#570 = VERTEX_POINT ( 'NONE', #873 ) ;
#571 = MECHANICAL_DESIGN_GEOMETRIC_PRESENTATION_REPRESENTATION (  '', ( #1045 ), #1128 ) ;
#572 = EDGE_CURVE ( 'NONE', #311, #454, #1421, .T. ) ;
#573 = EDGE_CURVE ( 'NONE', #2074, #2360, #1232, .T. ) ;
#574 = DIRECTION ( 'NONE',  ( -1.000000000000000000, 0.000000000000000000, 0.000000000000000000 ) ) ;
#575 = DIRECTION ( 'NONE',  ( 1.000000000000000000, 1.084202172485504434E-16, 0.000000000000000000 ) ) ;
#576 = DIRECTION ( 'NONE',  ( 0.000000000000000000, 0.000000000000000000, -1.000000000000000000 ) ) ;
#577 = DIRECTION ( 'NONE',  ( 0.000000000000000000, 0.000000000000000000, 1.000000000000000000 ) ) ;
#578 = FILL_AREA_STYLE ('',( #2493 ) ) ;
#579 = DIRECTION ( 'NONE',  ( -1.000000000000000000, -0.000000000000000000, -0.000000000000000000 ) ) ;
#580 = DIRECTION ( 'NONE',  ( 1.000000000000000000, -1.084202172485504434E-16, 0.000000000000000000 ) ) ;
#581 = ORIENTED_EDGE ( 'NONE', *, *, #937, .F. ) ;
#582 = SURFACE_STYLE_USAGE ( .BOTH. , #2311 ) ;
#583 =( GEOMETRIC_REPRESENTATION_CONTEXT ( 3 ) GLOBAL_UNCERTAINTY_ASSIGNED_CONTEXT ( ( #41 ) ) GLOBAL_UNIT_ASSIGNED_CONTEXT ( ( #916, #1688, #546 ) ) REPRESENTATION_CONTEXT ( 'NONE', 'WORKASPACE' ) );
#584 = ORIENTED_EDGE ( 'NONE', *, *, #692, .F. ) ;
#585 = LINE ( 'NONE', #1109, #1119 ) ;
#586 = PLANE ( 'NONE',  #839 ) ;
#587 = ADVANCED_FACE ( 'NONE', ( #2053 ), #1644, .T. ) ;
#588 = PRESENTATION_LAYER_ASSIGNMENT (  '', '', ( #2237 ) ) ;
#589 = CARTESIAN_POINT ( 'NONE',  ( 0.6250000000000003331, 0.2200000000000000844, -1.500000000000000000 ) ) ;
#590 = CARTESIAN_POINT ( 'NONE',  ( 0.06999999999999988176, -0.001000000000000000021, -1.135000000000000009 ) ) ;
#591 = ORIENTED_EDGE ( 'NONE', *, *, #1493, .F. ) ;
#592 = SURFACE_SIDE_STYLE ('',( #808 ) ) ;
#593 = ORIENTED_EDGE ( 'NONE', *, *, #861, .F. ) ;
#594 = ORIENTED_EDGE ( 'NONE', *, *, #252, .F. ) ;
#595 = DIRECTION ( 'NONE',  ( 0.000000000000000000, 0.000000000000000000, -1.000000000000000000 ) ) ;
#596 = CARTESIAN_POINT ( 'NONE',  ( 0.6250000000000001110, 0.2200000000000000844, 1.500000000000000000 ) ) ;
#597 = EDGE_CURVE ( 'NONE', #2074, #912, #1049, .T. ) ;
#598 = DIRECTION ( 'NONE',  ( -0.000000000000000000, 1.000000000000000000, -0.000000000000000000 ) ) ;
#599 = CARTESIAN_POINT ( 'NONE',  ( -0.2749999999999999667, 0.2199999999999999456, 1.499000000000000110 ) ) ;
#600 = STYLED_ITEM ( 'NONE', ( #1873 ), #1759 ) ;
#601 = EDGE_CURVE ( 'NONE', #86, #792, #1072, .T. ) ;
#602 = LINE ( 'NONE', #1431, #2059 ) ;
#603 = ORIENTED_EDGE ( 'NONE', *, *, #861, .T. ) ;
#604 = AXIS2_PLACEMENT_3D ( 'NONE', #1594, #1393, #2371 ) ;
#605 = DIRECTION ( 'NONE',  ( 0.000000000000000000, 0.000000000000000000, 1.000000000000000000 ) ) ;
#606 = LINE ( 'NONE', #225, #1753 ) ;
#607 = PRESENTATION_LAYER_ASSIGNMENT (  '', '', ( #2459 ) ) ;
#608 = PRESENTATION_LAYER_ASSIGNMENT (  '', '', ( #1045 ) ) ;
#609 = DIRECTION ( 'NONE',  ( 0.000000000000000000, -1.000000000000000000, 0.000000000000000000 ) ) ;
#610 = ORIENTED_EDGE ( 'NONE', *, *, #697, .T. ) ;
#611 = PLANE ( 'NONE',  #799 ) ;
#612 = FACE_OUTER_BOUND ( 'NONE', #1314, .T. ) ;
#613 = DIRECTION ( 'NONE',  ( -0.4545194776720439811, 0.7660444431189775694, -0.4545194776720439811 ) ) ;
#614 = EDGE_CURVE ( 'NONE', #1863, #2448, #1849, .T. ) ;
#615 = DIRECTION ( 'NONE',  ( -0.000000000000000000, 1.000000000000000000, -0.000000000000000000 ) ) ;
#616 = ORIENTED_EDGE ( 'NONE', *, *, #1585, .F. ) ;
#617 = FILL_AREA_STYLE_COLOUR ( '', #1407 ) ;
#618 = SURFACE_STYLE_USAGE ( .BOTH. , #592 ) ;
#619 = DIRECTION ( 'NONE',  ( -1.311534886071174544E-16, 0.000000000000000000, 1.000000000000000000 ) ) ;
#620 = ADVANCED_FACE ( 'NONE', ( #114 ), #192, .F. ) ;
#621 = PLANE ( 'NONE',  #2014 ) ;
#622 = LINE ( 'NONE', #1384, #1673 ) ;
#623 = ORIENTED_EDGE ( 'NONE', *, *, #2203, .T. ) ;
#624 = VECTOR ( 'NONE', #2277, 1000.000000000000000 ) ;
#625 = SURFACE_STYLE_FILL_AREA ( #432 ) ;
#626 = FACE_OUTER_BOUND ( 'NONE', #974, .T. ) ;
#627 = CARTESIAN_POINT ( 'NONE',  ( 0.8750000000000001110, 0.1200000000000000649, -1.499000000000000110 ) ) ;
#628 = COLOUR_RGB ( '',1.000000000000000000, 1.000000000000000000, 0.000000000000000000 ) ;
#629 = EDGE_LOOP ( 'NONE', ( #2180, #1336, #2437, #315 ) ) ;
#630 = CARTESIAN_POINT ( 'NONE',  ( -1.250000000000000222, -0.001000000000000000021, 1.135000000000000009 ) ) ;
#631 = APPLICATION_CONTEXT ( 'automotive_design' ) ;
#632 = CARTESIAN_POINT ( 'NONE',  ( -1.499000000000000332, 0.1199999999999999956, -0.1250000000000000278 ) ) ;
#633 = DIRECTION ( 'NONE',  ( 0.000000000000000000, 0.000000000000000000, -1.000000000000000000 ) ) ;
#634 = ORIENTED_EDGE ( 'NONE', *, *, #2501, .T. ) ;
#635 = CARTESIAN_POINT ( 'NONE',  ( -0.8750000000000001110, 0.1200000000000002731, -1.500000000000000000 ) ) ;
#636 = CARTESIAN_POINT ( 'NONE',  ( -1.125000000000000444, 0.1200000000000002731, 1.500000000000000000 ) ) ;
#637 = EDGE_CURVE ( 'NONE', #95, #2298, #2490, .T. ) ;
#638 = ORIENTED_EDGE ( 'NONE', *, *, #2174, .T. ) ;
#639 = STYLED_ITEM ( 'NONE', ( #2002 ), #1060 ) ;
#640 = VERTEX_POINT ( 'NONE', #1125 ) ;
#641 = CARTESIAN_POINT ( 'NONE',  ( 1.500000000000000222, 0.000000000000000000, 1.500000000000000000 ) ) ;
#642 = CARTESIAN_POINT ( 'NONE',  ( -0.8750000000000001110, 0.2200000000000002787, -1.500000000000000000 ) ) ;
#643 = COLOUR_RGB ( '',1.000000000000000000, 1.000000000000000000, 0.000000000000000000 ) ;
#644 = ORIENTED_EDGE ( 'NONE', *, *, #1756, .F. ) ;
#645 = CARTESIAN_POINT ( 'NONE',  ( -1.250000000000000222, -0.001000000000000000021, 1.135000000000000009 ) ) ;
#646 = CIRCLE ( 'NONE', #2016, 0.04999999999999969746 ) ;
#647 = CARTESIAN_POINT ( 'NONE',  ( 0.8699999999999995515, 0.000000000000000000, 1.135000000000000231 ) ) ;
#648 = AXIS2_PLACEMENT_3D ( 'NONE', #1378, #2155, #998 ) ;
#649 =( LENGTH_UNIT ( ) NAMED_UNIT ( * ) SI_UNIT ( .MILLI., .METRE. ) );
#650 = AXIS2_PLACEMENT_3D ( 'NONE', #2427, #1703, #1663 ) ;
#651 = EDGE_CURVE ( 'NONE', #1223, #331, #1506, .T. ) ;
#652 = ORIENTED_EDGE ( 'NONE', *, *, #527, .F. ) ;
#653 = ORIENTED_EDGE ( 'NONE', *, *, #1044, .T. ) ;
#654 = DIRECTION ( 'NONE',  ( 0.000000000000000000, 1.000000000000000000, 0.000000000000000000 ) ) ;
#655 = CARTESIAN_POINT ( 'NONE',  ( -1.125000000000000222, 0.2200000000000002509, 1.499000000000000110 ) ) ;
#656 = DIRECTION ( 'NONE',  ( 0.000000000000000000, 0.000000000000000000, 1.000000000000000000 ) ) ;
#657 = ORIENTED_EDGE ( 'NONE', *, *, #1507, .T. ) ;
#658 = UNCERTAINTY_MEASURE_WITH_UNIT (LENGTH_MEASURE( 1.000000000000000082E-05 ), #159, 'distance_accuracy_value', 'NONE');
#659 = DIRECTION ( 'NONE',  ( -1.000000000000000000, 1.084202172485503448E-16, 0.000000000000000000 ) ) ;
#660 = CYLINDRICAL_SURFACE ( 'NONE', #1835, 0.04999999999999991257 ) ;
#661 = ORIENTED_EDGE ( 'NONE', *, *, #528, .T. ) ;
#662 = EDGE_LOOP ( 'NONE', ( #1235, #338, #2240, #2232 ) ) ;
#663 = DIRECTION ( 'NONE',  ( 1.000000000000000000, 0.000000000000000000, 0.000000000000000000 ) ) ;
#664 = LINE ( 'NONE', #2384, #1513 ) ;
#665 = CARTESIAN_POINT ( 'NONE',  ( -0.5250000000000000222, 0.1200000000000000233, 1.500000000000000000 ) ) ;
#666 = EDGE_CURVE ( 'NONE', #2488, #96, #2467, .T. ) ;
#667 = ADVANCED_FACE ( 'NONE', ( #348 ), #1886, .F. ) ;
#668 = ORIENTED_EDGE ( 'NONE', *, *, #1183, .F. ) ;
#669 = PRESENTATION_STYLE_ASSIGNMENT (( #1236 ) ) ;
#670 = SURFACE_STYLE_FILL_AREA ( #277 ) ;
#671 = VECTOR ( 'NONE', #613, 1000.000000000000114 ) ;
#672 = ORIENTED_EDGE ( 'NONE', *, *, #2160, .F. ) ;
#673 = DIRECTION ( 'NONE',  ( 0.000000000000000000, 1.084202172485504434E-16, -1.000000000000000000 ) ) ;
#674 = ORIENTED_EDGE ( 'NONE', *, *, #294, .F. ) ;
#675 = ORIENTED_EDGE ( 'NONE', *, *, #1237, .T. ) ;
#676 = ORIENTED_EDGE ( 'NONE', *, *, #1540, .T. ) ;
#677 = DIRECTION ( 'NONE',  ( 0.000000000000000000, -1.084202172485504434E-16, 1.000000000000000000 ) ) ;
#678 = ADVANCED_FACE ( 'NONE', ( #539 ), #1707, .F. ) ;
#679 = ORIENTED_EDGE ( 'NONE', *, *, #1949, .T. ) ;
#680 = CARTESIAN_POINT ( 'NONE',  ( -1.499000000000000332, 0.1199999999999999678, 0.1250000000000000000 ) ) ;
#681 = ADVANCED_FACE ( 'NONE', ( #337 ), #2479, .T. ) ;
#682 = DIRECTION ( 'NONE',  ( 1.084202172485503941E-16, -1.000000000000000000, 0.000000000000000000 ) ) ;
#683 = DIRECTION ( 'NONE',  ( -0.000000000000000000, 0.000000000000000000, -1.000000000000000000 ) ) ;
#684 = CIRCLE ( 'NONE', #1442, 0.04999999999999991257 ) ;
#685 = VECTOR ( 'NONE', #1361, 1000.000000000000000 ) ;
#686 = VERTEX_POINT ( 'NONE', #2104 ) ;
#687 = VECTOR ( 'NONE', #753, 1000.000000000000000 ) ;
#688 = VECTOR ( 'NONE', #1214, 1000.000000000000000 ) ;
#689 = FACE_OUTER_BOUND ( 'NONE', #1427, .T. ) ;
#690 = ORIENTED_EDGE ( 'NONE', *, *, #2101, .F. ) ;
#691 = CARTESIAN_POINT ( 'NONE',  ( 0.6250000000000001110, 0.2200000000000000844, 1.499000000000000110 ) ) ;
#692 = EDGE_CURVE ( 'NONE', #1615, #2432, #1720, .T. ) ;
#693 = CARTESIAN_POINT ( 'NONE',  ( 1.499000000000000332, 0.1199999999999999956, -0.1250000000000000278 ) ) ;
#694 = FACE_OUTER_BOUND ( 'NONE', #942, .T. ) ;
#695 = ORIENTED_EDGE ( 'NONE', *, *, #666, .F. ) ;
#696 = ORIENTED_EDGE ( 'NONE', *, *, #877, .T. ) ;
#697 = EDGE_CURVE ( 'NONE', #818, #1986, #1799, .T. ) ;
#698 = ORIENTED_EDGE ( 'NONE', *, *, #1912, .T. ) ;
#699 = CARTESIAN_POINT ( 'NONE',  ( 0.8750000000000001110, 0.2200000000000000844, 1.499000000000000110 ) ) ;
#700 = LINE ( 'NONE', #1441, #2481 ) ;
#701 = EDGE_LOOP ( 'NONE', ( #1887, #695, #117, #1573 ) ) ;
#702 = DIRECTION ( 'NONE',  ( 0.000000000000000000, 0.000000000000000000, 1.000000000000000000 ) ) ;
#703 = CARTESIAN_POINT ( 'NONE',  ( 1.499000000000000332, 0.1199999999999999956, -0.1250000000000000278 ) ) ;
#704 = VECTOR ( 'NONE', #739, 1000.000000000000000 ) ;
#705 = ORIENTED_EDGE ( 'NONE', *, *, #1116, .F. ) ;
#706 = VECTOR ( 'NONE', #1739, 1000.000000000000000 ) ;
#707 = VERTEX_POINT ( 'NONE', #182 ) ;
#708 = CIRCLE ( 'NONE', #1473, 0.05804501844113604814 ) ;
#709 = EDGE_LOOP ( 'NONE', ( #899, #1260, #2498, #1549 ) ) ;
#710 = EDGE_CURVE ( 'NONE', #2354, #1418, #708, .T. ) ;
#711 = ADVANCED_FACE ( 'NONE', ( #2114 ), #387, .T. ) ;
#712 = DIRECTION ( 'NONE',  ( -0.000000000000000000, -0.000000000000000000, -1.000000000000000000 ) ) ;
#713 =( LENGTH_UNIT ( ) NAMED_UNIT ( * ) SI_UNIT ( .MILLI., .METRE. ) );
#714 = DIRECTION ( 'NONE',  ( 0.000000000000000000, 0.000000000000000000, 1.000000000000000000 ) ) ;
#715 = ORIENTED_EDGE ( 'NONE', *, *, #1693, .T. ) ;
#716 = LINE ( 'NONE', #691, #1403 ) ;
#717 = PRESENTATION_STYLE_ASSIGNMENT (( #1433 ) ) ;
#718 = DIRECTION ( 'NONE',  ( 0.000000000000000000, 0.000000000000000000, -1.000000000000000000 ) ) ;
#719 = DIRECTION ( 'NONE',  ( 0.000000000000000000, -1.000000000000000000, -1.084202172485504434E-16 ) ) ;
#720 = VECTOR ( 'NONE', #913, 1000.000000000000000 ) ;
#721 = ORIENTED_EDGE ( 'NONE', *, *, #2501, .F. ) ;
#722 = EDGE_CURVE ( 'NONE', #836, #1548, #1480, .T. ) ;
#723 = VECTOR ( 'NONE', #1777, 1000.000000000000000 ) ;
#724 = DIRECTION ( 'NONE',  ( -1.000000000000000000, -0.000000000000000000, -0.000000000000000000 ) ) ;
#725 = SURFACE_STYLE_USAGE ( .BOTH. , #2009 ) ;
#726 = DIRECTION ( 'NONE',  ( 0.000000000000000000, -0.6427876096865398070, -0.7660444431189776804 ) ) ;
#727 = STYLED_ITEM ( 'NONE', ( #1150 ), #2426 ) ;
#728 = VERTEX_POINT ( 'NONE', #2316 ) ;
#729 = DIRECTION ( 'NONE',  ( -0.000000000000000000, 1.084202172485504434E-16, -1.000000000000000000 ) ) ;
#730 = DIRECTION ( 'NONE',  ( 0.000000000000000000, -1.000000000000000000, -0.000000000000000000 ) ) ;
#731 = CARTESIAN_POINT ( 'NONE',  ( -1.125000000000000444, 0.1200000000000003009, 1.499000000000000110 ) ) ;
#732 = ORIENTED_EDGE ( 'NONE', *, *, #2160, .T. ) ;
#733 = ORIENTED_EDGE ( 'NONE', *, *, #2142, .T. ) ;
#734 = CARTESIAN_POINT ( 'NONE',  ( 1.199999999999999289, 0.6500000000000000222, -1.300000000000000044 ) ) ;
#735 = CARTESIAN_POINT ( 'NONE',  ( 1.250000000000000000, -0.001000000000000000021, -1.134999999999999787 ) ) ;
#736 = CARTESIAN_POINT ( 'NONE',  ( -1.499999999999999778, 0.6500000000000000222, -1.500000000000000000 ) ) ;
#737 = ORIENTED_EDGE ( 'NONE', *, *, #1645, .F. ) ;
#738 = CARTESIAN_POINT ( 'NONE',  ( 0.6250000000000001110, 0.2200000000000000844, -1.499000000000000110 ) ) ;
#739 = DIRECTION ( 'NONE',  ( -0.000000000000000000, 1.000000000000000000, -0.000000000000000000 ) ) ;
#740 = EDGE_CURVE ( 'NONE', #2135, #1346, #1736, .T. ) ;
#741 = LINE ( 'NONE', #2496, #687 ) ;
#742 = ORIENTED_EDGE ( 'NONE', *, *, #1322, .F. ) ;
#743 = ORIENTED_EDGE ( 'NONE', *, *, #370, .F. ) ;
#744 = ORIENTED_EDGE ( 'NONE', *, *, #1496, .T. ) ;
#745 = PRESENTATION_LAYER_ASSIGNMENT (  '', '', ( #782 ) ) ;
#746 = CARTESIAN_POINT ( 'NONE',  ( 0.06999999999999986788, -0.001000000000000000021, -1.085000000000000187 ) ) ;
#747 = AXIS2_PLACEMENT_3D ( 'NONE', #1129, #2457, #766 ) ;
#748 = CARTESIAN_POINT ( 'NONE',  ( -1.499999999999999778, 0.6500000000000000222, -1.500000000000000000 ) ) ;
#749 = CARTESIAN_POINT ( 'NONE',  ( 1.300000000000000044, 0.6500000000000000222, 1.199999999999999289 ) ) ;
#750 = CARTESIAN_POINT ( 'NONE',  ( -1.125000000000000222, 0.2200000000000002509, 1.499000000000000110 ) ) ;
#751 = DIRECTION ( 'NONE',  ( 0.000000000000000000, -0.6427876096865398070, 0.7660444431189776804 ) ) ;
#752 = EDGE_CURVE ( 'NONE', #273, #379, #622, .T. ) ;
#753 = DIRECTION ( 'NONE',  ( 0.000000000000000000, 1.000000000000000000, 0.000000000000000000 ) ) ;
#754 = ORIENTED_EDGE ( 'NONE', *, *, #2129, .F. ) ;
#755 = ADVANCED_FACE ( 'NONE', ( #958 ), #774, .T. ) ;
#756 = EDGE_LOOP ( 'NONE', ( #1674, #594, #1169, #314 ) ) ;
#757 = FILL_AREA_STYLE ('',( #794 ) ) ;
#758 = CYLINDRICAL_SURFACE ( 'NONE', #238, 0.04999999999999991257 ) ;
#759 = PRESENTATION_LAYER_ASSIGNMENT (  '', '', ( #398 ) ) ;
#760 = DIRECTION ( 'NONE',  ( 0.000000000000000000, -0.000000000000000000, -1.000000000000000000 ) ) ;
#761 = VECTOR ( 'NONE', #1823, 1000.000000000000000 ) ;
#762 = DIRECTION ( 'NONE',  ( 0.000000000000000000, -0.000000000000000000, 1.000000000000000000 ) ) ;
#763 = CARTESIAN_POINT ( 'NONE',  ( 1.199999999999999956, 0.5999999999999999778, 1.199999999999999956 ) ) ;
#764 = DIRECTION ( 'NONE',  ( -0.000000000000000000, -0.000000000000000000, -1.000000000000000000 ) ) ;
#765 = AXIS2_PLACEMENT_3D ( 'NONE', #1296, #335, #1889 ) ;
#766 = DIRECTION ( 'NONE',  ( 0.000000000000000000, 0.000000000000000000, -1.000000000000000000 ) ) ;
#767 = FILL_AREA_STYLE_COLOUR ( '', #961 ) ;
#768 = ORIENTED_EDGE ( 'NONE', *, *, #1030, .T. ) ;
#769 = VERTEX_POINT ( 'NONE', #127 ) ;
#770 = DIRECTION ( 'NONE',  ( 1.000000000000000000, -0.000000000000000000, 0.000000000000000000 ) ) ;
#771 = EDGE_CURVE ( 'NONE', #379, #96, #83, .T. ) ;
#772 = PLANE ( 'NONE',  #1445 ) ;
#773 = CARTESIAN_POINT ( 'NONE',  ( -1.125000000000000444, 0.1200000000000003009, -1.499000000000000110 ) ) ;
#774 = PLANE ( 'NONE',  #907 ) ;
#775 = LINE ( 'NONE', #1546, #1769 ) ;
#776 = DIRECTION ( 'NONE',  ( 0.000000000000000000, 1.000000000000000000, -0.000000000000000000 ) ) ;
#777 = DIRECTION ( 'NONE',  ( 1.000000000000000000, 1.084202172485503941E-16, 0.000000000000000000 ) ) ;
#778 = ORIENTED_EDGE ( 'NONE', *, *, #1371, .T. ) ;
#779 = CARTESIAN_POINT ( 'NONE',  ( -1.270710678118654346, 0.6500000000000000222, -1.079289321881345520 ) ) ;
#780 = SURFACE_STYLE_FILL_AREA ( #757 ) ;
#781 = ADVANCED_FACE ( 'NONE', ( #2052 ), #941, .F. ) ;
#782 = STYLED_ITEM ( 'NONE', ( #717 ), #185 ) ;
#783 = EDGE_LOOP ( 'NONE', ( #257, #874, #690, #1997 ) ) ;
#784 = CARTESIAN_POINT ( 'NONE',  ( 1.499000000000000332, 0.1199999999999999956, -0.1250000000000000278 ) ) ;
#785 = EDGE_CURVE ( 'NONE', #2360, #2137, #1281, .T. ) ;
#786 = LINE ( 'NONE', #596, #1288 ) ;
#787 = VECTOR ( 'NONE', #730, 1000.000000000000000 ) ;
#788 =( LENGTH_UNIT ( ) NAMED_UNIT ( * ) SI_UNIT ( .MILLI., .METRE. ) );
#789 = CARTESIAN_POINT ( 'NONE',  ( -1.300000000000000044, -0.001000000000000000021, -1.084999999999999964 ) ) ;
#790 = DIRECTION ( 'NONE',  ( -0.000000000000000000, 1.000000000000000000, -0.000000000000000000 ) ) ;
#791 = CARTESIAN_POINT ( 'NONE',  ( -1.499000000000000332, 0.1199999999999999678, 0.1250000000000000000 ) ) ;
#792 = VERTEX_POINT ( 'NONE', #2452 ) ;
#793 = LINE ( 'NONE', #2256, #1309 ) ;
#794 = FILL_AREA_STYLE_COLOUR ( '', #1898 ) ;
#795 = ORIENTED_EDGE ( 'NONE', *, *, #1153, .F. ) ;
#796 = LINE ( 'NONE', #2220, #685 ) ;
#797 = EDGE_CURVE ( 'NONE', #176, #824, #1627, .T. ) ;
#798 = DIRECTION ( 'NONE',  ( 0.000000000000000000, 0.000000000000000000, -1.000000000000000000 ) ) ;
#799 = AXIS2_PLACEMENT_3D ( 'NONE', #1913, #19, #1341 ) ;
#800 =( GEOMETRIC_REPRESENTATION_CONTEXT ( 3 ) GLOBAL_UNCERTAINTY_ASSIGNED_CONTEXT ( ( #1357 ) ) GLOBAL_UNIT_ASSIGNED_CONTEXT ( ( #649, #2012, #2148 ) ) REPRESENTATION_CONTEXT ( 'NONE', 'WORKASPACE' ) );
#801 = DIRECTION ( 'NONE',  ( -1.000000000000000000, 0.000000000000000000, 0.000000000000000000 ) ) ;
#802 = DIRECTION ( 'NONE',  ( -9.992646751018473535E-17, 0.000000000000000000, 1.000000000000000000 ) ) ;
#803 = PLANE ( 'NONE',  #1733 ) ;
#804 = VECTOR ( 'NONE', #1055, 1000.000000000000000 ) ;
#805 = SURFACE_SIDE_STYLE ('',( #1581 ) ) ;
#806 = ORIENTED_EDGE ( 'NONE', *, *, #70, .T. ) ;
#807 = VECTOR ( 'NONE', #1619, 1000.000000000000000 ) ;
#808 = SURFACE_STYLE_FILL_AREA ( #1766 ) ;
#809 = CARTESIAN_POINT ( 'NONE',  ( -1.199999999999999289, 0.5999999999999999778, 1.258045018441136031 ) ) ;
#810 = VECTOR ( 'NONE', #1750, 1000.000000000000000 ) ;
#811 = EDGE_LOOP ( 'NONE', ( #1511, #864, #1404, #306 ) ) ;
#812 = FILL_AREA_STYLE_COLOUR ( '', #241 ) ;
#813 = ORIENTED_EDGE ( 'NONE', *, *, #859, .T. ) ;
#814 = DIRECTION ( 'NONE',  ( -4.181470337213464442E-15, 0.7660444431189776804, -0.6427876096865398070 ) ) ;
#815 = CARTESIAN_POINT ( 'NONE',  ( -1.250000000000000000, 0.000000000000000000, -1.084999999999999964 ) ) ;
#816 = DIRECTION ( 'NONE',  ( 0.000000000000000000, 0.000000000000000000, 1.000000000000000000 ) ) ;
#817 = CARTESIAN_POINT ( 'NONE',  ( 0.1199999999999998984, -0.001000000000000000021, -1.085000000000000187 ) ) ;
#818 = VERTEX_POINT ( 'NONE', #336 ) ;
#819 = CARTESIAN_POINT ( 'NONE',  ( 1.250000000000000000, 0.000000000000000000, -1.134999999999999787 ) ) ;
#820 = EDGE_CURVE ( 'NONE', #930, #1989, #1611, .T. ) ;
#821 = EDGE_CURVE ( 'NONE', #2497, #17, #466, .T. ) ;
#822 = DIRECTION ( 'NONE',  ( -0.000000000000000000, -1.000000000000000000, 0.000000000000000000 ) ) ;
#823 = PRESENTATION_STYLE_ASSIGNMENT (( #2336 ) ) ;
#824 = VERTEX_POINT ( 'NONE', #897 ) ;
#825 = VECTOR ( 'NONE', #1554, 1000.000000000000000 ) ;
#826 = DIRECTION ( 'NONE',  ( -1.000000000000000000, 0.000000000000000000, 0.000000000000000000 ) ) ;
#827 = ORIENTED_EDGE ( 'NONE', *, *, #2217, .T. ) ;
#828 = CARTESIAN_POINT ( 'NONE',  ( -1.250000000000000000, -0.001000000000000000021, -1.135000000000000009 ) ) ;
#829 = FILL_AREA_STYLE ('',( #1026 ) ) ;
#830 = ORIENTED_EDGE ( 'NONE', *, *, #1322, .T. ) ;
#831 = CARTESIAN_POINT ( 'NONE',  ( -1.250000000000000000, -0.001000000000000000021, -1.135000000000000009 ) ) ;
#832 = ADVANCED_FACE ( 'NONE', ( #1666 ), #551, .T. ) ;
#833 = CARTESIAN_POINT ( 'NONE',  ( 1.500000000000000222, 0.6500000000000000222, 1.500000000000000000 ) ) ;
#834 = EDGE_CURVE ( 'NONE', #1801, #1782, #1100, .T. ) ;
#835 = DIRECTION ( 'NONE',  ( -0.000000000000000000, 0.7660444431189775694, -0.6427876096865398070 ) ) ;
#836 = VERTEX_POINT ( 'NONE', #2263 ) ;
#837 = EDGE_LOOP ( 'NONE', ( #705, #1858, #2029, #269 ) ) ;
#838 = CYLINDRICAL_SURFACE ( 'NONE', #1290, 0.04999999999999991257 ) ;
#839 = AXIS2_PLACEMENT_3D ( 'NONE', #2477, #411, #1566 ) ;
#840 = ORIENTED_EDGE ( 'NONE', *, *, #2041, .T. ) ;
#841 = DIRECTION ( 'NONE',  ( -1.000000000000000000, -0.000000000000000000, -0.000000000000000000 ) ) ;
#842 = VECTOR ( 'NONE', #2050, 1000.000000000000000 ) ;
#843 = DIRECTION ( 'NONE',  ( -0.000000000000000000, -1.000000000000000000, 0.000000000000000000 ) ) ;
#844 = VECTOR ( 'NONE', #595, 1000.000000000000000 ) ;
#845 = MECHANICAL_DESIGN_GEOMETRIC_PRESENTATION_REPRESENTATION (  '', ( #1332 ), #406 ) ;
#846 = ORIENTED_EDGE ( 'NONE', *, *, #1183, .T. ) ;
#847 = EDGE_CURVE ( 'NONE', #1418, #2424, #1317, .T. ) ;
#848 = ORIENTED_EDGE ( 'NONE', *, *, #597, .F. ) ;
#849 = DIRECTION ( 'NONE',  ( -1.311534886071174544E-16, -0.000000000000000000, 1.000000000000000000 ) ) ;
#850 = FACE_BOUND ( 'NONE', #1840, .T. ) ;
#851 = ADVANCED_BREP_SHAPE_REPRESENTATION ( 'MP-3030-110H-40-95', ( #2000, #78 ), #1215 ) ;
#852 = ORIENTED_EDGE ( 'NONE', *, *, #70, .F. ) ;
#853 = SURFACE_STYLE_FILL_AREA ( #455 ) ;
#854 = CARTESIAN_POINT ( 'NONE',  ( 0.06999999999999961808, -0.001000000000000000021, 1.084999999999999964 ) ) ;
#855 = CARTESIAN_POINT ( 'NONE',  ( -0.5250000000000000222, 0.2199999999999999178, 1.499000000000000110 ) ) ;
#856 = ORIENTED_EDGE ( 'NONE', *, *, #2201, .F. ) ;
#857 = DIRECTION ( 'NONE',  ( -0.000000000000000000, 1.000000000000000000, -0.000000000000000000 ) ) ;
#858 = ORIENTED_EDGE ( 'NONE', *, *, #1680, .T. ) ;
#859 = EDGE_CURVE ( 'NONE', #1501, #298, #2077, .T. ) ;
#860 = ORIENTED_EDGE ( 'NONE', *, *, #2235, .T. ) ;
#861 = EDGE_CURVE ( 'NONE', #2192, #2025, #1696, .T. ) ;
#862 = CARTESIAN_POINT ( 'NONE',  ( 1.500000000000000222, 0.2200000000000000011, -0.1250000000000000000 ) ) ;
#863 = AXIS2_PLACEMENT_3D ( 'NONE', #855, #682, #492 ) ;
#864 = ORIENTED_EDGE ( 'NONE', *, *, #1299, .F. ) ;
#865 = CARTESIAN_POINT ( 'NONE',  ( -1.499999999999999778, 0.000000000000000000, 1.500000000000000000 ) ) ;
#866 = AXIS2_PLACEMENT_3D ( 'NONE', #473, #1430, #98 ) ;
#867 = CARTESIAN_POINT ( 'NONE',  ( 1.250000000000000000, -0.001000000000000000021, -1.134999999999999787 ) ) ;
#868 =( NAMED_UNIT ( * ) PLANE_ANGLE_UNIT ( ) SI_UNIT ( $, .RADIAN. ) );
#869 = ORIENTED_EDGE ( 'NONE', *, *, #614, .F. ) ;
#870 = CARTESIAN_POINT ( 'NONE',  ( -1.499000000000000332, 0.2199999999999999734, 0.1250000000000000000 ) ) ;
#871 = EDGE_CURVE ( 'NONE', #1714, #1374, #2356, .T. ) ;
#872 = LINE ( 'NONE', #309, #401 ) ;
#873 = CARTESIAN_POINT ( 'NONE',  ( -0.2749999999999999667, 0.1200000000000000233, -1.500000000000000000 ) ) ;
#874 = ORIENTED_EDGE ( 'NONE', *, *, #2217, .F. ) ;
#875 = LINE ( 'NONE', #1917, #1078 ) ;
#876 = FACE_OUTER_BOUND ( 'NONE', #1242, .T. ) ;
#877 = EDGE_CURVE ( 'NONE', #1418, #2008, #1953, .T. ) ;
#878 = VECTOR ( 'NONE', #1864, 1000.000000000000000 ) ;
#879 = DIRECTION ( 'NONE',  ( -0.000000000000000000, 0.7660444431189775694, 0.6427876096865398070 ) ) ;
#880 = EDGE_LOOP ( 'NONE', ( #1133, #2084, #43, #860 ) ) ;
#881 = COLOUR_RGB ( '',1.000000000000000000, 1.000000000000000000, 0.000000000000000000 ) ;
#882 = ORIENTED_EDGE ( 'NONE', *, *, #1493, .T. ) ;
#883 =( GEOMETRIC_REPRESENTATION_CONTEXT ( 3 ) GLOBAL_UNCERTAINTY_ASSIGNED_CONTEXT ( ( #380 ) ) GLOBAL_UNIT_ASSIGNED_CONTEXT ( ( #394, #200, #253 ) ) REPRESENTATION_CONTEXT ( 'NONE', 'WORKASPACE' ) );
#884 = CARTESIAN_POINT ( 'NONE',  ( -0.5250000000000000222, 0.1200000000000000233, -1.499000000000000110 ) ) ;
#885 = AXIS2_PLACEMENT_3D ( 'NONE', #1660, #131, #902 ) ;
#886 = FILL_AREA_STYLE ('',( #113 ) ) ;
#887 = LINE ( 'NONE', #2189, #2280 ) ;
#888 = ORIENTED_EDGE ( 'NONE', *, *, #2347, .F. ) ;
#889 = LINE ( 'NONE', #287, #2172 ) ;
#890 = CARTESIAN_POINT ( 'NONE',  ( -1.079289321881345520, 0.6500000000000000222, -1.270710678118654346 ) ) ;
#891 = DIRECTION ( 'NONE',  ( 2.168404344971010051E-15, 1.000000000000000000, 0.000000000000000000 ) ) ;
#892 = ORIENTED_EDGE ( 'NONE', *, *, #722, .F. ) ;
#893 = EDGE_CURVE ( 'NONE', #31, #2073, #2127, .T. ) ;
#894 = ADVANCED_FACE ( 'NONE', ( #2151 ), #611, .F. ) ;
#895 = ORIENTED_EDGE ( 'NONE', *, *, #1772, .T. ) ;
#896 = ORIENTED_EDGE ( 'NONE', *, *, #1402, .T. ) ;
#897 = CARTESIAN_POINT ( 'NONE',  ( -1.300000000000000266, 0.000000000000000000, 1.084999999999999964 ) ) ;
#898 = CARTESIAN_POINT ( 'NONE',  ( 0.000000000000000000, 0.6500000000000000222, 0.000000000000000000 ) ) ;
#899 = ORIENTED_EDGE ( 'NONE', *, *, #1743, .T. ) ;
#900 = LINE ( 'NONE', #1482, #1036 ) ;
#901 = DIRECTION ( 'NONE',  ( 2.168404344971010051E-15, 1.000000000000000000, 0.000000000000000000 ) ) ;
#902 = DIRECTION ( 'NONE',  ( 0.000000000000000000, 0.000000000000000000, 1.000000000000000000 ) ) ;
#903 = STYLED_ITEM ( 'NONE', ( #2473 ), #5 ) ;
#904 = ADVANCED_FACE ( 'NONE', ( #1926 ), #180, .T. ) ;
#905 = CIRCLE ( 'NONE', #747, 0.04999999999999991257 ) ;
#906 = VERTEX_POINT ( 'NONE', #1375 ) ;
#907 = AXIS2_PLACEMENT_3D ( 'NONE', #2505, #511, #1110 ) ;
#908 = ORIENTED_EDGE ( 'NONE', *, *, #1012, .F. ) ;
#909 = LINE ( 'NONE', #1504, #279 ) ;
#910 = DIRECTION ( 'NONE',  ( 0.000000000000000000, 1.000000000000000000, -0.000000000000000000 ) ) ;
#911 = DIRECTION ( 'NONE',  ( 0.000000000000000000, 0.000000000000000000, -1.000000000000000000 ) ) ;
#912 = VERTEX_POINT ( 'NONE', #191 ) ;
#913 = DIRECTION ( 'NONE',  ( -1.000000000000000000, -0.000000000000000000, -0.000000000000000000 ) ) ;
#914 = LINE ( 'NONE', #2024, #1652 ) ;
#915 = ORIENTED_EDGE ( 'NONE', *, *, #2450, .F. ) ;
#916 =( LENGTH_UNIT ( ) NAMED_UNIT ( * ) SI_UNIT ( .MILLI., .METRE. ) );
#917 = AXIS2_PLACEMENT_3D ( 'NONE', #1140, #1888, #577 ) ;
#918 = ORIENTED_EDGE ( 'NONE', *, *, #1380, .T. ) ;
#919 = VECTOR ( 'NONE', #814, 1000.000000000000000 ) ;
#920 = VECTOR ( 'NONE', #2344, 1000.000000000000000 ) ;
#921 = FACE_OUTER_BOUND ( 'NONE', #1046, .T. ) ;
#922 = EDGE_CURVE ( 'NONE', #1845, #906, #2489, .T. ) ;
#923 = EDGE_CURVE ( 'NONE', #686, #1315, #1544, .T. ) ;
#924 = DIRECTION ( 'NONE',  ( 0.000000000000000000, 0.000000000000000000, -1.000000000000000000 ) ) ;
#925 = SURFACE_STYLE_USAGE ( .BOTH. , #1342 ) ;
#926 = VERTEX_POINT ( 'NONE', #1363 ) ;
#927 = DIRECTION ( 'NONE',  ( 1.000000000000000000, 0.000000000000000000, 0.000000000000000000 ) ) ;
#928 = LINE ( 'NONE', #1319, #2158 ) ;
#929 = DIRECTION ( 'NONE',  ( 0.000000000000000000, -1.084202172485504434E-16, 1.000000000000000000 ) ) ;
#930 = VERTEX_POINT ( 'NONE', #773 ) ;
#931 = EDGE_LOOP ( 'NONE', ( #1497, #1591, #381, #1686 ) ) ;
#932 = EDGE_LOOP ( 'NONE', ( #1118, #1356, #1616, #101 ) ) ;
#933 = DIRECTION ( 'NONE',  ( 1.000000000000000000, -0.000000000000000000, -0.000000000000000000 ) ) ;
#934 = EDGE_CURVE ( 'NONE', #202, #1156, #1076, .T. ) ;
#935 = CARTESIAN_POINT ( 'NONE',  ( -1.270710678118654346, 0.6500000000000000222, -1.079289321881345520 ) ) ;
#936 = FILL_AREA_STYLE_COLOUR ( '', #1923 ) ;
#937 = EDGE_CURVE ( 'NONE', #1360, #31, #1159, .T. ) ;
#938 = CARTESIAN_POINT ( 'NONE',  ( 0.8699999999999997735, 0.000000000000000000, -1.084999999999999964 ) ) ;
#939 = FILL_AREA_STYLE ('',( #1141 ) ) ;
#940 = DIRECTION ( 'NONE',  ( 1.000000000000000000, 1.084202172485504434E-16, 0.000000000000000000 ) ) ;
#941 = CONICAL_SURFACE ( 'NONE', #261, 0.1000000000000000472, 0.6981317007977324574 ) ;
#942 = EDGE_LOOP ( 'NONE', ( #344, #999, #393, #1005 ) ) ;
#943 = ORIENTED_EDGE ( 'NONE', *, *, #116, .F. ) ;
#944 = VECTOR ( 'NONE', #983, 1000.000000000000000 ) ;
#945 = VECTOR ( 'NONE', #1468, 1000.000000000000000 ) ;
#946 = LINE ( 'NONE', #167, #1327 ) ;
#947 = CARTESIAN_POINT ( 'NONE',  ( -1.499000000000000332, 0.2200000000000000011, -0.1250000000000000000 ) ) ;
#948 = CARTESIAN_POINT ( 'NONE',  ( -1.125000000000000444, 0.1200000000000003009, -1.500000000000000000 ) ) ;
#949 =( NAMED_UNIT ( * ) SI_UNIT ( $, .STERADIAN. ) SOLID_ANGLE_UNIT ( ) );
#950 = ORIENTED_EDGE ( 'NONE', *, *, #1781, .F. ) ;
#951 = ADVANCED_FACE ( 'NONE', ( #1735 ), #586, .F. ) ;
#952 = ORIENTED_EDGE ( 'NONE', *, *, #2201, .T. ) ;
#953 = VECTOR ( 'NONE', #1684, 1000.000000000000000 ) ;
#954 = VECTOR ( 'NONE', #1589, 1000.000000000000000 ) ;
#955 = DIRECTION ( 'NONE',  ( 0.000000000000000000, 0.000000000000000000, 1.000000000000000000 ) ) ;
#956 = VECTOR ( 'NONE', #1543, 1000.000000000000000 ) ;
#957 = DIRECTION ( 'NONE',  ( 0.000000000000000000, 0.000000000000000000, 1.000000000000000000 ) ) ;
#958 = FACE_OUTER_BOUND ( 'NONE', #263, .T. ) ;
#959 = VECTOR ( 'NONE', #1253, 1000.000000000000000 ) ;
#960 = CARTESIAN_POINT ( 'NONE',  ( 0.8199999999999993960, -0.001000000000000000021, 1.085000000000000187 ) ) ;
#961 = COLOUR_RGB ( '',1.000000000000000000, 1.000000000000000000, 0.000000000000000000 ) ;
#962 = LINE ( 'NONE', #1306, #706 ) ;
#963 =( NAMED_UNIT ( * ) PLANE_ANGLE_UNIT ( ) SI_UNIT ( $, .RADIAN. ) );
#964 = EDGE_LOOP ( 'NONE', ( #1588, #6, #2368, #1577 ) ) ;
#965 = DIRECTION ( 'NONE',  ( 0.000000000000000000, 0.000000000000000000, -1.000000000000000000 ) ) ;
#966 = EDGE_CURVE ( 'NONE', #2393, #570, #421, .T. ) ;
#967 = ORIENTED_EDGE ( 'NONE', *, *, #820, .F. ) ;
#968 = LINE ( 'NONE', #18, #844 ) ;
#969 = DIRECTION ( 'NONE',  ( 2.168404344971010051E-15, 1.000000000000000000, 0.000000000000000000 ) ) ;
#970 = CARTESIAN_POINT ( 'NONE',  ( -0.5250000000000000222, 0.1200000000000000233, -1.499000000000000110 ) ) ;
#971 = DIRECTION ( 'NONE',  ( -0.000000000000000000, -0.000000000000000000, 1.000000000000000000 ) ) ;
#972 = CARTESIAN_POINT ( 'NONE',  ( -1.499000000000000332, 0.1199999999999999956, -0.1250000000000000278 ) ) ;
#973 = LINE ( 'NONE', #2107, #1490 ) ;
#974 = EDGE_LOOP ( 'NONE', ( #2405, #721, #852, #2460 ) ) ;
#975 = UNCERTAINTY_MEASURE_WITH_UNIT (LENGTH_MEASURE( 1.000000000000000082E-05 ), #1168, 'distance_accuracy_value', 'NONE');
#976 = CARTESIAN_POINT ( 'NONE',  ( 1.299999999999999600, -0.001000000000000000021, 1.085000000000000187 ) ) ;
#977 = EDGE_CURVE ( 'NONE', #912, #2137, #1147, .T. ) ;
#978 = AXIS2_PLACEMENT_3D ( 'NONE', #854, #2442, #2066 ) ;
#979 = VECTOR ( 'NONE', #843, 1000.000000000000000 ) ;
#980 = ORIENTED_EDGE ( 'NONE', *, *, #1380, .F. ) ;
#981 = LINE ( 'NONE', #385, #2054 ) ;
#982 = DIRECTION ( 'NONE',  ( 0.000000000000000000, 1.000000000000000000, 0.000000000000000000 ) ) ;
#983 = DIRECTION ( 'NONE',  ( -1.000000000000000000, -0.000000000000000000, -0.000000000000000000 ) ) ;
#984 = DIRECTION ( 'NONE',  ( -0.000000000000000000, -0.000000000000000000, 1.000000000000000000 ) ) ;
#985 = LINE ( 'NONE', #1780, #1896 ) ;
#986 = ORIENTED_EDGE ( 'NONE', *, *, #1352, .T. ) ;
#987 =( NAMED_UNIT ( * ) SI_UNIT ( $, .STERADIAN. ) SOLID_ANGLE_UNIT ( ) );
#988 = PLANE ( 'NONE',  #2233 ) ;
#989 = PRESENTATION_STYLE_ASSIGNMENT (( #2195 ) ) ;
#990 = ORIENTED_EDGE ( 'NONE', *, *, #460, .F. ) ;
#991 = CARTESIAN_POINT ( 'NONE',  ( -1.250000000000000000, -0.001000000000000000021, -1.135000000000000009 ) ) ;
#992 = EDGE_LOOP ( 'NONE', ( #2372, #1068, #584, #484 ) ) ;
#993 = ADVANCED_FACE ( 'NONE', ( #1330 ), #1353, .T. ) ;
#994 = VECTOR ( 'NONE', #1354, 1000.000000000000000 ) ;
#995 = ADVANCED_FACE ( 'NONE', ( #1746 ), #1706, .T. ) ;
#996 = DIRECTION ( 'NONE',  ( 0.000000000000000000, -0.000000000000000000, 1.000000000000000000 ) ) ;
#997 = CARTESIAN_POINT ( 'NONE',  ( -0.2749999999999999667, 0.1200000000000000233, 1.500000000000000000 ) ) ;
#998 = DIRECTION ( 'NONE',  ( 1.998529350203694707E-16, 0.000000000000000000, -1.000000000000000000 ) ) ;
#999 = ORIENTED_EDGE ( 'NONE', *, *, #1352, .F. ) ;
#1000 = DIRECTION ( 'NONE',  ( -0.000000000000000000, 0.000000000000000000, 1.000000000000000000 ) ) ;
#1001 = UNCERTAINTY_MEASURE_WITH_UNIT (LENGTH_MEASURE( 1.000000000000000082E-05 ), #1624, 'distance_accuracy_value', 'NONE');
#1002 = VECTOR ( 'NONE', #1369, 1000.000000000000000 ) ;
#1003 = DIRECTION ( 'NONE',  ( 1.000000000000000000, 0.000000000000000000, 0.000000000000000000 ) ) ;
#1004 = SURFACE_STYLE_FILL_AREA ( #1807 ) ;
#1005 = ORIENTED_EDGE ( 'NONE', *, *, #2116, .T. ) ;
#1006 = PLANE ( 'NONE',  #1894 ) ;
#1007 =( NAMED_UNIT ( * ) PLANE_ANGLE_UNIT ( ) SI_UNIT ( $, .RADIAN. ) );
#1008 = ORIENTED_EDGE ( 'NONE', *, *, #495, .T. ) ;
#1009 = EDGE_CURVE ( 'NONE', #926, #1156, #373, .T. ) ;
#1010 = DIRECTION ( 'NONE',  ( 1.000000000000000000, 0.000000000000000000, 0.000000000000000000 ) ) ;
#1011 = FACE_BOUND ( 'NONE', #87, .T. ) ;
#1012 = EDGE_CURVE ( 'NONE', #2205, #459, #981, .T. ) ;
#1013 = CARTESIAN_POINT ( 'NONE',  ( -1.300000000000000044, 0.6500000000000000222, 1.199999999999999289 ) ) ;
#1014 = DIRECTION ( 'NONE',  ( 0.6427876096865398070, -0.7660444431189776804, 0.000000000000000000 ) ) ;
#1015 = ORIENTED_EDGE ( 'NONE', *, *, #2364, .T. ) ;
#1016 = CARTESIAN_POINT ( 'NONE',  ( -0.2749999999999999667, 0.1200000000000000233, 1.499000000000000110 ) ) ;
#1017 = LINE ( 'NONE', #56, #69 ) ;
#1018 = VERTEX_POINT ( 'NONE', #2504 ) ;
#1019 = VECTOR ( 'NONE', #575, 1000.000000000000000 ) ;
#1020 = FILL_AREA_STYLE ('',( #1389 ) ) ;
#1021 = AXIS2_PLACEMENT_3D ( 'NONE', #288, #2023, #702 ) ;
#1022 = ORIENTED_EDGE ( 'NONE', *, *, #166, .F. ) ;
#1023 = LINE ( 'NONE', #1802, #723 ) ;
#1024 = AXIS2_PLACEMENT_3D ( 'NONE', #898, #2212, #1259 ) ;
#1025 = FACE_OUTER_BOUND ( 'NONE', #837, .T. ) ;
#1026 = FILL_AREA_STYLE_COLOUR ( '', #522 ) ;
#1027 = ORIENTED_EDGE ( 'NONE', *, *, #1693, .F. ) ;
#1028 = UNCERTAINTY_MEASURE_WITH_UNIT (LENGTH_MEASURE( 1.000000000000000082E-05 ), #231, 'distance_accuracy_value', 'NONE');
#1029 = LINE ( 'NONE', #66, #979 ) ;
#1030 = EDGE_CURVE ( 'NONE', #529, #2036, #786, .T. ) ;
#1031 = EDGE_LOOP ( 'NONE', ( #2057, #1741, #1115, #2271 ) ) ;
#1032 = ORIENTED_EDGE ( 'NONE', *, *, #68, .F. ) ;
#1033 = CARTESIAN_POINT ( 'NONE',  ( 0.6250000000000001110, 0.2200000000000000844, -1.499000000000000110 ) ) ;
#1034 = LINE ( 'NONE', #1061, #1066 ) ;
#1035 = CARTESIAN_POINT ( 'NONE',  ( -1.250000000000000222, -0.001000000000000000021, 1.135000000000000009 ) ) ;
#1036 = VECTOR ( 'NONE', #729, 1000.000000000000000 ) ;
#1037 = EDGE_LOOP ( 'NONE', ( #1111, #490, #1620, #1218 ) ) ;
#1038 = DIRECTION ( 'NONE',  ( 1.000000000000000000, 0.000000000000000000, 0.000000000000000000 ) ) ;
#1039 = DIRECTION ( 'NONE',  ( -0.000000000000000000, 1.000000000000000000, -0.000000000000000000 ) ) ;
#1040 =( GEOMETRIC_REPRESENTATION_CONTEXT ( 3 ) GLOBAL_UNCERTAINTY_ASSIGNED_CONTEXT ( ( #1411 ) ) GLOBAL_UNIT_ASSIGNED_CONTEXT ( ( #2030, #1429, #2449 ) ) REPRESENTATION_CONTEXT ( 'NONE', 'WORKASPACE' ) );
#1041 =( GEOMETRIC_REPRESENTATION_CONTEXT ( 3 ) GLOBAL_UNCERTAINTY_ASSIGNED_CONTEXT ( ( #175 ) ) GLOBAL_UNIT_ASSIGNED_CONTEXT ( ( #1996, #1191, #220 ) ) REPRESENTATION_CONTEXT ( 'NONE', 'WORKASPACE' ) );
#1042 = EDGE_CURVE ( 'NONE', #2488, #520, #1760, .T. ) ;
#1043 = AXIS2_PLACEMENT_3D ( 'NONE', #1961, #770, #965 ) ;
#1044 = EDGE_CURVE ( 'NONE', #268, #174, #2391, .T. ) ;
#1045 = STYLED_ITEM ( 'NONE', ( #415 ), #851 ) ;
#1046 = EDGE_LOOP ( 'NONE', ( #2197, #1326, #2447, #888 ) ) ;
#1047 = VERTEX_POINT ( 'NONE', #486 ) ;
#1048 = CARTESIAN_POINT ( 'NONE',  ( -1.049622669916516093, 0.5999999999999999778, -1.241044026153825142 ) ) ;
#1049 = LINE ( 'NONE', #271, #1587 ) ;
#1050 = ORIENTED_EDGE ( 'NONE', *, *, #820, .T. ) ;
#1051 = CARTESIAN_POINT ( 'NONE',  ( -0.2749999999999999667, 0.1200000000000000233, -1.499000000000000110 ) ) ;
#1052 = PLANE ( 'NONE',  #1586 ) ;
#1053 = PLANE ( 'NONE',  #1856 ) ;
#1054 = ORIENTED_EDGE ( 'NONE', *, *, #1279, .T. ) ;
#1055 = DIRECTION ( 'NONE',  ( -1.000000000000000000, -0.000000000000000000, -0.000000000000000000 ) ) ;
#1056 = ORIENTED_EDGE ( 'NONE', *, *, #2099, .T. ) ;
#1057 = EDGE_CURVE ( 'NONE', #367, #818, #1774, .T. ) ;
#1058 = EDGE_LOOP ( 'NONE', ( #1991, #57, #679, #1623 ) ) ;
#1059 = LINE ( 'NONE', #1859, #1526 ) ;
#1060 = ADVANCED_FACE ( 'NONE', ( #258, #626 ), #1967, .F. ) ;
#1061 = CARTESIAN_POINT ( 'NONE',  ( -1.125000000000000444, 0.1200000000000003009, -1.499000000000000110 ) ) ;
#1062 = VECTOR ( 'NONE', #579, 1000.000000000000000 ) ;
#1063 = ORIENTED_EDGE ( 'NONE', *, *, #1328, .F. ) ;
#1064 = CARTESIAN_POINT ( 'NONE',  ( 0.6250000000000001110, 0.1200000000000000927, -1.499000000000000110 ) ) ;
#1065 = DIRECTION ( 'NONE',  ( 0.000000000000000000, 1.000000000000000000, 2.710505431213760592E-16 ) ) ;
#1066 = VECTOR ( 'NONE', #1824, 1000.000000000000000 ) ;
#1067 = PLANE ( 'NONE',  #245 ) ;
#1068 = ORIENTED_EDGE ( 'NONE', *, *, #1199, .F. ) ;
#1069 = ORIENTED_EDGE ( 'NONE', *, *, #923, .F. ) ;
#1070 = CARTESIAN_POINT ( 'NONE',  ( 1.500000000000000222, 0.6500000000000000222, 1.500000000000000000 ) ) ;
#1071 = PLANE ( 'NONE',  #1528 ) ;
#1072 = LINE ( 'NONE', #1618, #505 ) ;
#1073 = EDGE_CURVE ( 'NONE', #2323, #148, #1059, .T. ) ;
#1074 = VERTEX_POINT ( 'NONE', #2439 ) ;
#1075 =( NAMED_UNIT ( * ) PLANE_ANGLE_UNIT ( ) SI_UNIT ( $, .RADIAN. ) );
#1076 = CIRCLE ( 'NONE', #1932, 0.1000000000000000472 ) ;
#1077 =( NAMED_UNIT ( * ) PLANE_ANGLE_UNIT ( ) SI_UNIT ( $, .RADIAN. ) );
#1078 = VECTOR ( 'NONE', #157, 1000.000000000000000 ) ;
#1079 = DIRECTION ( 'NONE',  ( 1.000000000000000000, 0.000000000000000000, 9.992646751018473535E-17 ) ) ;
#1080 = VECTOR ( 'NONE', #2076, 1000.000000000000000 ) ;
#1081 = ORIENTED_EDGE ( 'NONE', *, *, #821, .F. ) ;
#1082 = AXIS2_PLACEMENT_3D ( 'NONE', #1957, #633, #1972 ) ;
#1083 = EDGE_LOOP ( 'NONE', ( #2324, #1816, #1691, #189 ) ) ;
#1084 = VECTOR ( 'NONE', #2446, 1000.000000000000000 ) ;
#1085 = SURFACE_STYLE_USAGE ( .BOTH. , #1280 ) ;
#1086 = FILL_AREA_STYLE_COLOUR ( '', #1872 ) ;
#1087 = CARTESIAN_POINT ( 'NONE',  ( 0.6250000000000001110, 0.2200000000000000844, 1.499000000000000110 ) ) ;
#1088 = EDGE_CURVE ( 'NONE', #1142, #926, #1832, .T. ) ;
#1089 = VERTEX_POINT ( 'NONE', #870 ) ;
#1090 = CARTESIAN_POINT ( 'NONE',  ( -0.5250000000000000222, 0.1199999999999999956, 1.500000000000000000 ) ) ;
#1091 = PLANE ( 'NONE',  #1467 ) ;
#1092 = ORIENTED_EDGE ( 'NONE', *, *, #1900, .F. ) ;
#1093 = ORIENTED_EDGE ( 'NONE', *, *, #2326, .F. ) ;
#1094 = FACE_OUTER_BOUND ( 'NONE', #2109, .T. ) ;
#1095 = EDGE_LOOP ( 'NONE', ( #1489, #1922, #918, #1291 ) ) ;
#1096 = SURFACE_STYLE_FILL_AREA ( #886 ) ;
#1097 = DIRECTION ( 'NONE',  ( 2.168404344971010051E-15, 1.000000000000000000, 0.000000000000000000 ) ) ;
#1098 = DIRECTION ( 'NONE',  ( 0.000000000000000000, 1.000000000000000000, 1.084202172485504434E-16 ) ) ;
#1099 = ORIENTED_EDGE ( 'NONE', *, *, #1073, .T. ) ;
#1100 = CIRCLE ( 'NONE', #216, 0.1000000000000000472 ) ;
#1101 = CARTESIAN_POINT ( 'NONE',  ( -1.499999999999999778, 0.000000000000000000, 1.500000000000000000 ) ) ;
#1102 = CARTESIAN_POINT ( 'NONE',  ( -1.125000000000000222, 0.2200000000000002509, -1.499000000000000110 ) ) ;
#1103 = VECTOR ( 'NONE', #1752, 1000.000000000000000 ) ;
#1104 = ORIENTED_EDGE ( 'NONE', *, *, #1450, .T. ) ;
#1105 = VECTOR ( 'NONE', #790, 1000.000000000000000 ) ;
#1106 = EDGE_LOOP ( 'NONE', ( #125, #1564, #2072, #1502 ) ) ;
#1107 = EDGE_CURVE ( 'NONE', #45, #1863, #2075, .T. ) ;
#1108 = ORIENTED_EDGE ( 'NONE', *, *, #2142, .F. ) ;
#1109 = CARTESIAN_POINT ( 'NONE',  ( -1.499999999999999778, 0.000000000000000000, -1.500000000000000000 ) ) ;
#1110 = DIRECTION ( 'NONE',  ( -1.000000000000000000, 0.000000000000000000, 0.000000000000000000 ) ) ;
#1111 = ORIENTED_EDGE ( 'NONE', *, *, #1461, .T. ) ;
#1112 = LINE ( 'NONE', #2482, #1732 ) ;
#1113 = LINE ( 'NONE', #1890, #1510 ) ;
#1114 = CARTESIAN_POINT ( 'NONE',  ( 0.8750000000000001110, 0.1200000000000000649, -1.499000000000000110 ) ) ;
#1115 = ORIENTED_EDGE ( 'NONE', *, *, #1821, .F. ) ;
#1116 = EDGE_CURVE ( 'NONE', #1226, #769, #1264, .T. ) ;
#1117 = VECTOR ( 'NONE', #1928, 1000.000000000000000 ) ;
#1118 = ORIENTED_EDGE ( 'NONE', *, *, #752, .F. ) ;
#1119 = VECTOR ( 'NONE', #724, 1000.000000000000000 ) ;
#1120 = ADVANCED_FACE ( 'NONE', ( #2040 ), #110, .F. ) ;
#1121 =( NAMED_UNIT ( * ) PLANE_ANGLE_UNIT ( ) SI_UNIT ( $, .RADIAN. ) );
#1122 = AXIS2_PLACEMENT_3D ( 'NONE', #970, #826, #1202 ) ;
#1123 = CARTESIAN_POINT ( 'NONE',  ( 1.499000000000000332, 0.1199999999999999678, 0.1250000000000000000 ) ) ;
#1124 = DIRECTION ( 'NONE',  ( 0.000000000000000000, 0.000000000000000000, -1.000000000000000000 ) ) ;
#1125 = CARTESIAN_POINT ( 'NONE',  ( -1.499999999999999778, 0.1199999999999999539, -0.1250000000000001110 ) ) ;
#1126 = PRESENTATION_LAYER_ASSIGNMENT (  '', '', ( #727 ) ) ;
#1127 = LINE ( 'NONE', #1520, #2094 ) ;
#1128 =( GEOMETRIC_REPRESENTATION_CONTEXT ( 3 ) GLOBAL_UNCERTAINTY_ASSIGNED_CONTEXT ( ( #975 ) ) GLOBAL_UNIT_ASSIGNED_CONTEXT ( ( #1168, #2133, #1975 ) ) REPRESENTATION_CONTEXT ( 'NONE', 'WORKASPACE' ) );
#1129 = CARTESIAN_POINT ( 'NONE',  ( 0.06999999999999986788, 0.000000000000000000, -1.085000000000000187 ) ) ;
#1130 = DIRECTION ( 'NONE',  ( 0.000000000000000000, 0.000000000000000000, 1.000000000000000000 ) ) ;
#1131 = ORIENTED_EDGE ( 'NONE', *, *, #1598, .F. ) ;
#1132 = UNCERTAINTY_MEASURE_WITH_UNIT (LENGTH_MEASURE( 1.000000000000000082E-05 ), #552, 'distance_accuracy_value', 'NONE');
#1133 = ORIENTED_EDGE ( 'NONE', *, *, #1340, .T. ) ;
#1134 = DIRECTION ( 'NONE',  ( -0.000000000000000000, -1.000000000000000000, 0.000000000000000000 ) ) ;
#1135 = ADVANCED_FACE ( 'NONE', ( #1464 ), #758, .T. ) ;
#1136 = LINE ( 'NONE', #2305, #319 ) ;
#1137 = DIRECTION ( 'NONE',  ( -0.000000000000000000, 1.000000000000000000, -0.000000000000000000 ) ) ;
#1138 = CARTESIAN_POINT ( 'NONE',  ( -1.250000000000000000, -0.001000000000000000021, -1.084999999999999964 ) ) ;
#1139 = EDGE_CURVE ( 'NONE', #318, #1177, #1524, .T. ) ;
#1140 = CARTESIAN_POINT ( 'NONE',  ( 1.199999999999999956, 0.6500000000000000222, 1.199999999999999956 ) ) ;
#1141 = FILL_AREA_STYLE_COLOUR ( '', #628 ) ;
#1142 = VERTEX_POINT ( 'NONE', #2289 ) ;
#1143 = ORIENTED_EDGE ( 'NONE', *, *, #1634, .T. ) ;
#1144 = AXIS2_PLACEMENT_3D ( 'NONE', #2046, #1853, #2242 ) ;
#1145 = VECTOR ( 'NONE', #677, 1000.000000000000000 ) ;
#1146 = CARTESIAN_POINT ( 'NONE',  ( 0.8699999999999997735, -0.001000000000000000021, -1.084999999999999964 ) ) ;
#1147 = LINE ( 'NONE', #1719, #316 ) ;
#1148 = CARTESIAN_POINT ( 'NONE',  ( 0.8699999999999995515, -0.001000000000000000021, 1.085000000000000187 ) ) ;
#1149 = CARTESIAN_POINT ( 'NONE',  ( 1.258045018441136031, 0.5999999999999999778, 1.199999999999999512 ) ) ;
#1150 = PRESENTATION_STYLE_ASSIGNMENT (( #1738 ) ) ;
#1151 = LINE ( 'NONE', #1929, #787 ) ;
#1152 = PRODUCT_RELATED_PRODUCT_CATEGORY ( 'part', '', ( #2394 ) ) ;
#1153 = EDGE_CURVE ( 'NONE', #1074, #268, #1717, .T. ) ;
#1154 = ORIENTED_EDGE ( 'NONE', *, *, #247, .T. ) ;
#1155 = COLOUR_RGB ( '',1.000000000000000000, 1.000000000000000000, 1.000000000000000000 ) ;
#1156 = VERTEX_POINT ( 'NONE', #1950 ) ;
#1157 = CARTESIAN_POINT ( 'NONE',  ( -1.250000000000000222, -0.001000000000000000021, 1.084999999999999964 ) ) ;
#1158 = VECTOR ( 'NONE', #235, 1000.000000000000000 ) ;
#1159 = LINE ( 'NONE', #2315, #2332 ) ;
#1160 = STYLED_ITEM ( 'NONE', ( #1221 ), #2037 ) ;
#1161 = DIRECTION ( 'NONE',  ( 0.000000000000000000, 0.000000000000000000, -1.000000000000000000 ) ) ;
#1162 = FACE_BOUND ( 'NONE', #2145, .T. ) ;
#1163 = CONICAL_SURFACE ( 'NONE', #115, 0.1000000000000000472, 0.6981317007977324574 ) ;
#1164 = PLANE ( 'NONE',  #345 ) ;
#1165 = ADVANCED_FACE ( 'NONE', ( #1530, #16, #548 ), #621, .T. ) ;
#1166 = CARTESIAN_POINT ( 'NONE',  ( -1.008578643762690463, 0.6500000000000000222, -1.199999999999999956 ) ) ;
#1167 = ORIENTED_EDGE ( 'NONE', *, *, #2286, .F. ) ;
#1168 =( LENGTH_UNIT ( ) NAMED_UNIT ( * ) SI_UNIT ( .MILLI., .METRE. ) );
#1169 = ORIENTED_EDGE ( 'NONE', *, *, #871, .F. ) ;
#1170 = DIRECTION ( 'NONE',  ( 0.000000000000000000, 0.000000000000000000, 1.000000000000000000 ) ) ;
#1171 = EDGE_LOOP ( 'NONE', ( #2412, #1390, #2125, #1476 ) ) ;
#1172 = FILL_AREA_STYLE ('',( #812 ) ) ;
#1173 = DIRECTION ( 'NONE',  ( 1.000000000000000000, 0.000000000000000000, 0.000000000000000000 ) ) ;
#1174 = CARTESIAN_POINT ( 'NONE',  ( 0.6250000000000001110, 0.1200000000000000927, 1.500000000000000000 ) ) ;
#1175 = PLANE ( 'NONE',  #13 ) ;
#1176 = DIRECTION ( 'NONE',  ( 1.000000000000000000, 1.084202172485503941E-16, 0.000000000000000000 ) ) ;
#1177 = VERTEX_POINT ( 'NONE', #1216 ) ;
#1178 = UNCERTAINTY_MEASURE_WITH_UNIT (LENGTH_MEASURE( 1.000000000000000082E-05 ), #788, 'distance_accuracy_value', 'NONE');
#1179 = CARTESIAN_POINT ( 'NONE',  ( 1.250000000000000000, -0.001000000000000000021, -1.134999999999999787 ) ) ;
#1180 = SURFACE_SIDE_STYLE ('',( #780 ) ) ;
#1181 = FILL_AREA_STYLE ('',( #1225 ) ) ;
#1182 = AXIS2_PLACEMENT_3D ( 'NONE', #2415, #1277, #537 ) ;
#1183 = EDGE_CURVE ( 'NONE', #541, #2393, #1383, .T. ) ;
#1184 = VECTOR ( 'NONE', #901, 1000.000000000000000 ) ;
#1185 = EDGE_LOOP ( 'NONE', ( #623, #2149, #1032, #603 ) ) ;
#1186 =( LENGTH_UNIT ( ) NAMED_UNIT ( * ) SI_UNIT ( .MILLI., .METRE. ) );
#1187 = DIRECTION ( 'NONE',  ( -1.000000000000000000, -0.000000000000000000, -0.000000000000000000 ) ) ;
#1188 = DIRECTION ( 'NONE',  ( -0.000000000000000000, -0.000000000000000000, -1.000000000000000000 ) ) ;
#1189 = LINE ( 'NONE', #2383, #441 ) ;
#1190 = CARTESIAN_POINT ( 'NONE',  ( -1.008578643762690463, 0.5999999999999999778, -1.199999999999999956 ) ) ;
#1191 =( NAMED_UNIT ( * ) PLANE_ANGLE_UNIT ( ) SI_UNIT ( $, .RADIAN. ) );
#1192 = VERTEX_POINT ( 'NONE', #1999 ) ;
#1193 =( NAMED_UNIT ( * ) PLANE_ANGLE_UNIT ( ) SI_UNIT ( $, .RADIAN. ) );
#1194 = CARTESIAN_POINT ( 'NONE',  ( -1.125000000000000222, 0.2200000000000002232, -1.500000000000000000 ) ) ;
#1195 = CARTESIAN_POINT ( 'NONE',  ( 0.6250000000000001110, 0.1200000000000000927, -1.499000000000000110 ) ) ;
#1196 = EDGE_CURVE ( 'NONE', #1475, #40, #1977, .T. ) ;
#1197 = VERTEX_POINT ( 'NONE', #267 ) ;
#1198 = SURFACE_SIDE_STYLE ('',( #625 ) ) ;
#1199 = EDGE_CURVE ( 'NONE', #2432, #1047, #1017, .T. ) ;
#1200 =( NAMED_UNIT ( * ) SI_UNIT ( $, .STERADIAN. ) SOLID_ANGLE_UNIT ( ) );
#1201 = VECTOR ( 'NONE', #256, 1000.000000000000000 ) ;
#1202 = DIRECTION ( 'NONE',  ( 0.000000000000000000, 0.000000000000000000, 1.000000000000000000 ) ) ;
#1203 =( GEOMETRIC_REPRESENTATION_CONTEXT ( 3 ) GLOBAL_UNCERTAINTY_ASSIGNED_CONTEXT ( ( #1028 ) ) GLOBAL_UNIT_ASSIGNED_CONTEXT ( ( #231, #1007, #1200 ) ) REPRESENTATION_CONTEXT ( 'NONE', 'WORKASPACE' ) );
#1204 = ORIENTED_EDGE ( 'NONE', *, *, #1571, .T. ) ;
#1205 = VECTOR ( 'NONE', #2313, 1000.000000000000000 ) ;
#1206 = LINE ( 'NONE', #1984, #1486 ) ;
#1207 = DIRECTION ( 'NONE',  ( -1.000000000000000000, 0.000000000000000000, 5.706327223607914597E-16 ) ) ;
#1208 =( GEOMETRIC_REPRESENTATION_CONTEXT ( 3 ) GLOBAL_UNCERTAINTY_ASSIGNED_CONTEXT ( ( #1178 ) ) GLOBAL_UNIT_ASSIGNED_CONTEXT ( ( #788, #1121, #1414 ) ) REPRESENTATION_CONTEXT ( 'NONE', 'WORKASPACE' ) );
#1209 = CARTESIAN_POINT ( 'NONE',  ( -1.258045018441136031, 0.5999999999999999778, 1.199999999999999289 ) ) ;
#1210 = EDGE_LOOP ( 'NONE', ( #1641, #581, #856, #2088 ) ) ;
#1211 = PLANE ( 'NONE',  #320 ) ;
#1212 = CIRCLE ( 'NONE', #1412, 0.04999999999999991257 ) ;
#1213 = DIRECTION ( 'NONE',  ( 1.000000000000000000, 0.000000000000000000, -0.000000000000000000 ) ) ;
#1214 = DIRECTION ( 'NONE',  ( -0.000000000000000000, -1.000000000000000000, -0.000000000000000000 ) ) ;
#1215 =( GEOMETRIC_REPRESENTATION_CONTEXT ( 3 ) GLOBAL_UNCERTAINTY_ASSIGNED_CONTEXT ( ( #65 ) ) GLOBAL_UNIT_ASSIGNED_CONTEXT ( ( #26, #1193, #1574 ) ) REPRESENTATION_CONTEXT ( 'NONE', 'WORKASPACE' ) );
#1216 = CARTESIAN_POINT ( 'NONE',  ( 1.249999999999999778, -0.001000000000000000021, 1.135000000000000009 ) ) ;
#1217 = ORIENTED_EDGE ( 'NONE', *, *, #1743, .F. ) ;
#1218 = ORIENTED_EDGE ( 'NONE', *, *, #1009, .T. ) ;
#1219 = DIRECTION ( 'NONE',  ( -0.000000000000000000, 1.000000000000000000, -0.000000000000000000 ) ) ;
#1220 = CARTESIAN_POINT ( 'NONE',  ( 1.299999999999999600, -0.001000000000000000021, 1.085000000000000187 ) ) ;
#1221 = PRESENTATION_STYLE_ASSIGNMENT (( #1763 ) ) ;
#1222 = ADVANCED_FACE ( 'NONE', ( #1597 ), #2413, .F. ) ;
#1223 = VERTEX_POINT ( 'NONE', #2241 ) ;
#1224 = PLANE ( 'NONE',  #504 ) ;
#1225 = FILL_AREA_STYLE_COLOUR ( '', #1728 ) ;
#1226 = VERTEX_POINT ( 'NONE', #2421 ) ;
#1227 = VECTOR ( 'NONE', #659, 1000.000000000000000 ) ;
#1228 = VECTOR ( 'NONE', #2194, 1000.000000000000000 ) ;
#1229 = ORIENTED_EDGE ( 'NONE', *, *, #493, .F. ) ;
#1230 = LINE ( 'NONE', #1174, #197 ) ;
#1231 = CIRCLE ( 'NONE', #1964, 0.04999999999999991257 ) ;
#1232 = LINE ( 'NONE', #2018, #1270 ) ;
#1233 = DIRECTION ( 'NONE',  ( -0.000000000000000000, 1.000000000000000000, -0.000000000000000000 ) ) ;
#1234 = EDGE_CURVE ( 'NONE', #535, #529, #716, .T. ) ;
#1235 = ORIENTED_EDGE ( 'NONE', *, *, #1419, .T. ) ;
#1236 = SURFACE_STYLE_USAGE ( .BOTH. , #1791 ) ;
#1237 = EDGE_CURVE ( 'NONE', #2001, #2209, #193, .T. ) ;
#1238 = ADVANCED_FACE ( 'NONE', ( #2254 ), #142, .F. ) ;
#1239 = LINE ( 'NONE', #1016, #2078 ) ;
#1240 = APPLICATION_CONTEXT ( 'automotive_design' ) ;
#1241 = ORIENTED_EDGE ( 'NONE', *, *, #73, .T. ) ;
#1242 = EDGE_LOOP ( 'NONE', ( #2310, #1241, #1948, #2183, #506, #1600, #353, #90, #675, #134 ) ) ;
#1243 = CARTESIAN_POINT ( 'NONE',  ( -0.5250000000000000222, 0.2199999999999999178, 1.500000000000000000 ) ) ;
#1244 = DIRECTION ( 'NONE',  ( 0.000000000000000000, 1.000000000000000000, 0.000000000000000000 ) ) ;
#1245 = VECTOR ( 'NONE', #1343, 1000.000000000000000 ) ;
#1246 = ORIENTED_EDGE ( 'NONE', *, *, #1710, .T. ) ;
#1247 = CARTESIAN_POINT ( 'NONE',  ( 0.8699999999999997735, -0.001000000000000000021, -1.134999999999999787 ) ) ;
#1248 = EDGE_CURVE ( 'NONE', #2187, #488, #1826, .T. ) ;
#1249 = VECTOR ( 'NONE', #2417, 1000.000000000000000 ) ;
#1250 = PLANE ( 'NONE',  #1144 ) ;
#1251 = VECTOR ( 'NONE', #2401, 1000.000000000000000 ) ;
#1252 = VERTEX_POINT ( 'NONE', #2228 ) ;
#1253 = DIRECTION ( 'NONE',  ( 0.000000000000000000, 0.000000000000000000, -1.000000000000000000 ) ) ;
#1254 = ORIENTED_EDGE ( 'NONE', *, *, #170, .F. ) ;
#1255 = CONICAL_SURFACE ( 'NONE', #366, 0.1000000000000000472, 0.6981317007977324574 ) ;
#1256 = ORIENTED_EDGE ( 'NONE', *, *, #276, .F. ) ;
#1257 = VERTEX_POINT ( 'NONE', #1090 ) ;
#1258 = FACE_BOUND ( 'NONE', #1210, .T. ) ;
#1259 = DIRECTION ( 'NONE',  ( 0.000000000000000000, -0.000000000000000000, -1.000000000000000000 ) ) ;
#1260 = ORIENTED_EDGE ( 'NONE', *, *, #2364, .F. ) ;
#1261 = DIRECTION ( 'NONE',  ( 0.6427876096865398070, 0.7660444431189776804, 0.000000000000000000 ) ) ;
#1262 = ORIENTED_EDGE ( 'NONE', *, *, #100, .F. ) ;
#1263 = ORIENTED_EDGE ( 'NONE', *, *, #1726, .T. ) ;
#1264 = LINE ( 'NONE', #1642, #560 ) ;
#1265 = EDGE_CURVE ( 'NONE', #1301, #1640, #530, .T. ) ;
#1266 = EDGE_CURVE ( 'NONE', #2205, #45, #129, .T. ) ;
#1267 = CARTESIAN_POINT ( 'NONE',  ( -1.500000000000000222, 0.1199999999999999956, -0.1250000000000000278 ) ) ;
#1268 = AXIS2_PLACEMENT_3D ( 'NONE', #1596, #1562, #1976 ) ;
#1269 = CARTESIAN_POINT ( 'NONE',  ( -0.5250000000000000222, 0.1200000000000000233, -1.500000000000000000 ) ) ;
#1270 = VECTOR ( 'NONE', #2043, 1000.000000000000000 ) ;
#1271 = EDGE_LOOP ( 'NONE', ( #1027, #990, #1456, #2185 ) ) ;
#1272 = CARTESIAN_POINT ( 'NONE',  ( 0.8750000000000001110, 0.2200000000000000844, -1.499000000000000110 ) ) ;
#1273 = FACE_OUTER_BOUND ( 'NONE', #1058, .T. ) ;
#1274 = VECTOR ( 'NONE', #1978, 1000.000000000000000 ) ;
#1275 = ORIENTED_EDGE ( 'NONE', *, *, #449, .T. ) ;
#1276 = ORIENTED_EDGE ( 'NONE', *, *, #307, .F. ) ;
#1277 = DIRECTION ( 'NONE',  ( 0.000000000000000000, 1.000000000000000000, -0.000000000000000000 ) ) ;
#1278 = EDGE_CURVE ( 'NONE', #63, #792, #2444, .T. ) ;
#1279 = EDGE_CURVE ( 'NONE', #1337, #273, #299, .T. ) ;
#1280 = SURFACE_SIDE_STYLE ('',( #1096 ) ) ;
#1281 = LINE ( 'NONE', #322, #300 ) ;
#1282 = CARTESIAN_POINT ( 'NONE',  ( 1.299999999999999600, 0.000000000000000000, 1.085000000000000187 ) ) ;
#1283 = EDGE_LOOP ( 'NONE', ( #1050, #1452, #2080, #657 ) ) ;
#1284 = DIRECTION ( 'NONE',  ( 0.000000000000000000, 1.000000000000000000, -0.000000000000000000 ) ) ;
#1285 = DIRECTION ( 'NONE',  ( -0.4545194776720459795, 0.7660444431189776804, -0.4545194776720418162 ) ) ;
#1286 = VECTOR ( 'NONE', #764, 1000.000000000000000 ) ;
#1287 = DIRECTION ( 'NONE',  ( -1.000000000000000000, -0.000000000000000000, 0.000000000000000000 ) ) ;
#1288 = VECTOR ( 'NONE', #1173, 1000.000000000000000 ) ;
#1289 = ORIENTED_EDGE ( 'NONE', *, *, #2347, .T. ) ;
#1290 = AXIS2_PLACEMENT_3D ( 'NONE', #1606, #1787, #2181 ) ;
#1291 = ORIENTED_EDGE ( 'NONE', *, *, #666, .T. ) ;
#1292 = CONICAL_SURFACE ( 'NONE', #404, 0.1000000000000000472, 0.6981317007977324574 ) ;
#1293 = VERTEX_POINT ( 'NONE', #2455 ) ;
#1294 = COLOUR_RGB ( '',1.000000000000000000, 1.000000000000000000, 1.000000000000000000 ) ;
#1295 = FACE_OUTER_BOUND ( 'NONE', #246, .T. ) ;
#1296 = CARTESIAN_POINT ( 'NONE',  ( 0.6250000000000001110, 0.1200000000000000927, 1.499000000000000110 ) ) ;
#1297 = CARTESIAN_POINT ( 'NONE',  ( 0.6250000000000001110, 0.1200000000000000927, -1.500000000000000000 ) ) ;
#1298 = ORIENTED_EDGE ( 'NONE', *, *, #785, .T. ) ;
#1299 = EDGE_CURVE ( 'NONE', #1481, #707, #1658, .T. ) ;
#1300 = DIRECTION ( 'NONE',  ( 1.000000000000000000, -2.168404344971010051E-15, 0.000000000000000000 ) ) ;
#1301 = VERTEX_POINT ( 'NONE', #1444 ) ;
#1302 = DIRECTION ( 'NONE',  ( -0.000000000000000000, -0.000000000000000000, 1.000000000000000000 ) ) ;
#1303 = DIRECTION ( 'NONE',  ( 0.000000000000000000, 0.000000000000000000, -1.000000000000000000 ) ) ;
#1304 = ORIENTED_EDGE ( 'NONE', *, *, #68, .T. ) ;
#1305 = LINE ( 'NONE', #2092, #1286 ) ;
#1306 = CARTESIAN_POINT ( 'NONE',  ( 0.6250000000000001110, 0.2200000000000000844, -1.499000000000000110 ) ) ;
#1307 = EDGE_CURVE ( 'NONE', #1654, #1481, #889, .T. ) ;
#1308 = CARTESIAN_POINT ( 'NONE',  ( -0.2749999999999999667, 0.2199999999999999456, -1.500000000000000000 ) ) ;
#1309 = VECTOR ( 'NONE', #121, 1000.000000000000000 ) ;
#1310 = ORIENTED_EDGE ( 'NONE', *, *, #510, .F. ) ;
#1311 = UNCERTAINTY_MEASURE_WITH_UNIT (LENGTH_MEASURE( 1.000000000000000082E-05 ), #1345, 'distance_accuracy_value', 'NONE');
#1312 = EDGE_CURVE ( 'NONE', #1350, #45, #900, .T. ) ;
#1313 = VECTOR ( 'NONE', #1862, 1000.000000000000000 ) ;
#1314 = EDGE_LOOP ( 'NONE', ( #892, #1022, #653, #2378 ) ) ;
#1315 = VERTEX_POINT ( 'NONE', #1498 ) ;
#1316 = CARTESIAN_POINT ( 'NONE',  ( -1.079289321881345520, 0.6500000000000000222, -1.270710678118654346 ) ) ;
#1317 = LINE ( 'NONE', #538, #2115 ) ;
#1318 = DIRECTION ( 'NONE',  ( 0.000000000000000000, 1.000000000000000000, 0.000000000000000000 ) ) ;
#1319 = CARTESIAN_POINT ( 'NONE',  ( -0.8750000000000001110, 0.1200000000000002731, -1.500000000000000000 ) ) ;
#1320 = DIRECTION ( 'NONE',  ( -1.000000000000000000, 0.000000000000000000, -0.000000000000000000 ) ) ;
#1321 = VERTEX_POINT ( 'NONE', #865 ) ;
#1322 = EDGE_CURVE ( 'NONE', #1825, #1252, #476, .T. ) ;
#1323 = CARTESIAN_POINT ( 'NONE',  ( -1.499000000000000332, 0.2200000000000000011, -0.1250000000000000000 ) ) ;
#1324 = CIRCLE ( 'NONE', #2252, 0.04999999999999991257 ) ;
#1325 =( GEOMETRIC_REPRESENTATION_CONTEXT ( 3 ) GLOBAL_UNCERTAINTY_ASSIGNED_CONTEXT ( ( #1765 ) ) GLOBAL_UNIT_ASSIGNED_CONTEXT ( ( #469, #1075, #491 ) ) REPRESENTATION_CONTEXT ( 'NONE', 'WORKASPACE' ) );
#1326 = ORIENTED_EDGE ( 'NONE', *, *, #2099, .F. ) ;
#1327 = VECTOR ( 'NONE', #933, 1000.000000000000000 ) ;
#1328 = EDGE_CURVE ( 'NONE', #1346, #17, #2215, .T. ) ;
#1329 = CARTESIAN_POINT ( 'NONE',  ( -1.499000000000000332, 0.1199999999999999956, -0.1250000000000000278 ) ) ;
#1330 = FACE_OUTER_BOUND ( 'NONE', #2312, .T. ) ;
#1331 = DIRECTION ( 'NONE',  ( 0.000000000000000000, 1.000000000000000000, 0.000000000000000000 ) ) ;
#1332 = STYLED_ITEM ( 'NONE', ( #392 ), #2380 ) ;
#1333 = FACE_OUTER_BOUND ( 'NONE', #811, .T. ) ;
#1334 = LINE ( 'NONE', #143, #2119 ) ;
#1335 = LINE ( 'NONE', #1, #2179 ) ;
#1336 = ORIENTED_EDGE ( 'NONE', *, *, #2174, .F. ) ;
#1337 = VERTEX_POINT ( 'NONE', #102 ) ;
#1338 = DIRECTION ( 'NONE',  ( 0.000000000000000000, 1.000000000000000000, 0.000000000000000000 ) ) ;
#1339 = EDGE_CURVE ( 'NONE', #1374, #2187, #875, .T. ) ;
#1340 = EDGE_CURVE ( 'NONE', #1790, #2008, #2375, .T. ) ;
#1341 = DIRECTION ( 'NONE',  ( 0.000000000000000000, 0.000000000000000000, -1.000000000000000000 ) ) ;
#1342 = SURFACE_SIDE_STYLE ('',( #154 ) ) ;
#1343 = DIRECTION ( 'NONE',  ( -1.000000000000000000, 1.084202172485503448E-16, 0.000000000000000000 ) ) ;
#1344 = SURFACE_STYLE_FILL_AREA ( #578 ) ;
#1345 =( LENGTH_UNIT ( ) NAMED_UNIT ( * ) SI_UNIT ( .MILLI., .METRE. ) );
#1346 = VERTEX_POINT ( 'NONE', #2308 ) ;
#1347 = ORIENTED_EDGE ( 'NONE', *, *, #1265, .F. ) ;
#1348 = AXIS2_PLACEMENT_3D ( 'NONE', #1875, #169, #140 ) ;
#1349 =( GEOMETRIC_REPRESENTATION_CONTEXT ( 3 ) GLOBAL_UNCERTAINTY_ASSIGNED_CONTEXT ( ( #1132 ) ) GLOBAL_UNIT_ASSIGNED_CONTEXT ( ( #552, #2091, #2251 ) ) REPRESENTATION_CONTEXT ( 'NONE', 'WORKASPACE' ) );
#1350 = VERTEX_POINT ( 'NONE', #1722 ) ;
#1351 = CARTESIAN_POINT ( 'NONE',  ( -0.5250000000000000222, 0.1200000000000000233, 1.499000000000000110 ) ) ;
#1352 = EDGE_CURVE ( 'NONE', #818, #1293, #542, .T. ) ;
#1353 = PLANE ( 'NONE',  #1727 ) ;
#1354 = DIRECTION ( 'NONE',  ( 1.000000000000000000, -0.000000000000000000, -0.000000000000000000 ) ) ;
#1355 =( NAMED_UNIT ( * ) SI_UNIT ( $, .STERADIAN. ) SOLID_ANGLE_UNIT ( ) );
#1356 = ORIENTED_EDGE ( 'NONE', *, *, #2463, .F. ) ;
#1357 = UNCERTAINTY_MEASURE_WITH_UNIT (LENGTH_MEASURE( 1.000000000000000082E-05 ), #649, 'distance_accuracy_value', 'NONE');
#1358 = EDGE_LOOP ( 'NONE', ( #1595, #280, #1869, #2038 ) ) ;
#1359 = AXIS2_PLACEMENT_3D ( 'NONE', #1852, #1284, #2433 ) ;
#1360 = VERTEX_POINT ( 'NONE', #948 ) ;
#1361 = DIRECTION ( 'NONE',  ( -0.000000000000000000, -1.000000000000000000, -0.000000000000000000 ) ) ;
#1362 = AXIS2_PLACEMENT_3D ( 'NONE', #1569, #598, #1365 ) ;
#1363 = CARTESIAN_POINT ( 'NONE',  ( -1.199999999999999512, 0.5999999999999999778, 1.258045018441136031 ) ) ;
#1364 =( GEOMETRIC_REPRESENTATION_CONTEXT ( 3 ) GLOBAL_UNCERTAINTY_ASSIGNED_CONTEXT ( ( #1560 ) ) GLOBAL_UNIT_ASSIGNED_CONTEXT ( ( #51, #223, #987 ) ) REPRESENTATION_CONTEXT ( 'NONE', 'WORKASPACE' ) );
#1365 = DIRECTION ( 'NONE',  ( 0.000000000000000000, 0.000000000000000000, 1.000000000000000000 ) ) ;
#1366 = VECTOR ( 'NONE', #879, 1000.000000000000000 ) ;
#1367 = CARTESIAN_POINT ( 'NONE',  ( 1.249999999999999778, -0.001000000000000000021, 1.135000000000000009 ) ) ;
#1368 = LINE ( 'NONE', #2143, #324 ) ;
#1369 = DIRECTION ( 'NONE',  ( 1.000000000000000000, 0.000000000000000000, 0.000000000000000000 ) ) ;
#1370 = ORIENTED_EDGE ( 'NONE', *, *, #340, .T. ) ;
#1371 = EDGE_CURVE ( 'NONE', #488, #1252, #27, .T. ) ;
#1372 = EDGE_CURVE ( 'NONE', #1436, #2073, #1305, .T. ) ;
#1373 = CARTESIAN_POINT ( 'NONE',  ( -1.300000000000000266, 0.000000000000000000, 1.084999999999999964 ) ) ;
#1374 = VERTEX_POINT ( 'NONE', #960 ) ;
#1375 = CARTESIAN_POINT ( 'NONE',  ( -1.270710678118654346, 0.6500000000000000222, -1.079289321881345520 ) ) ;
#1376 = CARTESIAN_POINT ( 'NONE',  ( 0.000000000000000000, 0.000000000000000000, 1.499000000000000110 ) ) ;
#1377 = FILL_AREA_STYLE ('',( #219 ) ) ;
#1378 = CARTESIAN_POINT ( 'NONE',  ( 0.8199999999999993960, -0.001000000000000000021, 1.085000000000000187 ) ) ;
#1379 = ORIENTED_EDGE ( 'NONE', *, *, #2086, .F. ) ;
#1380 = EDGE_CURVE ( 'NONE', #2409, #2488, #171, .T. ) ;
#1381 = PLANE ( 'NONE',  #1268 ) ;
#1382 = EDGE_CURVE ( 'NONE', #1986, #1751, #1941, .T. ) ;
#1383 = LINE ( 'NONE', #226, #1201 ) ;
#1384 = CARTESIAN_POINT ( 'NONE',  ( -0.8750000000000001110, 0.1200000000000002731, 1.500000000000000000 ) ) ;
#1385 = PRESENTATION_LAYER_ASSIGNMENT (  '', '', ( #903 ) ) ;
#1386 = EDGE_LOOP ( 'NONE', ( #2063, #82, #908, #403 ) ) ;
#1387 = PRESENTATION_STYLE_ASSIGNMENT (( #410 ) ) ;
#1388 = VECTOR ( 'NONE', #297, 1000.000000000000000 ) ;
#1389 = FILL_AREA_STYLE_COLOUR ( '', #881 ) ;
#1390 = ORIENTED_EDGE ( 'NONE', *, *, #1580, .T. ) ;
#1391 = LINE ( 'NONE', #60, #2335 ) ;
#1392 = PLANE ( 'NONE',  #1838 ) ;
#1393 = DIRECTION ( 'NONE',  ( 0.000000000000000000, 1.000000000000000000, 0.000000000000000000 ) ) ;
#1394 = ORIENTED_EDGE ( 'NONE', *, *, #170, .T. ) ;
#1395 = LINE ( 'NONE', #645, #2337 ) ;
#1396 = APPLICATION_PROTOCOL_DEFINITION ( 'draft international standard', 'automotive_design', 1998, #1240 ) ;
#1397 = CARTESIAN_POINT ( 'NONE',  ( -1.241044026153824920, 0.5999999999999999778, -1.049622669916516093 ) ) ;
#1398 = CARTESIAN_POINT ( 'NONE',  ( 1.499000000000000332, 0.1199999999999999678, 0.1250000000000000000 ) ) ;
#1399 = ORIENTED_EDGE ( 'NONE', *, *, #1107, .F. ) ;
#1400 = VECTOR ( 'NONE', #2327, 1000.000000000000000 ) ;
#1401 = DIRECTION ( 'NONE',  ( 9.992646751018473535E-17, 0.000000000000000000, -1.000000000000000000 ) ) ;
#1402 = EDGE_CURVE ( 'NONE', #1321, #1523, #10, .T. ) ;
#1403 = VECTOR ( 'NONE', #118, 1000.000000000000000 ) ;
#1404 = ORIENTED_EDGE ( 'NONE', *, *, #1307, .F. ) ;
#1405 = VECTOR ( 'NONE', #1338, 1000.000000000000000 ) ;
#1406 = LINE ( 'NONE', #2342, #1158 ) ;
#1407 = COLOUR_RGB ( '',0.7921568627450980005, 0.8196078431372548767, 0.9333333333333333481 ) ;
#1408 = LINE ( 'NONE', #1209, #485 ) ;
#1409 = DIRECTION ( 'NONE',  ( -0.7660444431189776804, -0.6427876096865398070, 0.000000000000000000 ) ) ;
#1410 = EDGE_LOOP ( 'NONE', ( #1851, #124, #1938, #248, #1675, #1965, #591, #1870 ) ) ;
#1411 = UNCERTAINTY_MEASURE_WITH_UNIT (LENGTH_MEASURE( 1.000000000000000082E-05 ), #2030, 'distance_accuracy_value', 'NONE');
#1412 = AXIS2_PLACEMENT_3D ( 'NONE', #2358, #1956, #816 ) ;
#1413 = LINE ( 'NONE', #833, #135 ) ;
#1414 =( NAMED_UNIT ( * ) SI_UNIT ( $, .STERADIAN. ) SOLID_ANGLE_UNIT ( ) );
#1415 = DIRECTION ( 'NONE',  ( 0.000000000000000000, -0.000000000000000000, -1.000000000000000000 ) ) ;
#1416 = EDGE_LOOP ( 'NONE', ( #162, #2098, #1542, #2015 ) ) ;
#1417 = FILL_AREA_STYLE ('',( #1601 ) ) ;
#1418 = VERTEX_POINT ( 'NONE', #1149 ) ;
#1419 = EDGE_CURVE ( 'NONE', #1018, #488, #350, .T. ) ;
#1420 = DIRECTION ( 'NONE',  ( -0.000000000000000000, -1.000000000000000000, -0.000000000000000000 ) ) ;
#1421 = LINE ( 'NONE', #2239, #2363 ) ;
#1422 = ORIENTED_EDGE ( 'NONE', *, *, #1116, .T. ) ;
#1423 = CARTESIAN_POINT ( 'NONE',  ( 1.199999999999999956, 0.6500000000000000222, 1.199999999999999956 ) ) ;
#1424 = DIRECTION ( 'NONE',  ( 0.000000000000000000, 1.000000000000000000, 2.710505431213760592E-16 ) ) ;
#1425 = CARTESIAN_POINT ( 'NONE',  ( 1.249999999999999778, 0.000000000000000000, 1.135000000000000009 ) ) ;
#1426 = ORIENTED_EDGE ( 'NONE', *, *, #1279, .F. ) ;
#1427 = EDGE_LOOP ( 'NONE', ( #395, #259, #286, #1857 ) ) ;
#1428 = EDGE_CURVE ( 'NONE', #520, #1337, #2117, .T. ) ;
#1429 =( NAMED_UNIT ( * ) PLANE_ANGLE_UNIT ( ) SI_UNIT ( $, .RADIAN. ) );
#1430 = DIRECTION ( 'NONE',  ( 0.000000000000000000, -0.000000000000000000, 1.000000000000000000 ) ) ;
#1431 = CARTESIAN_POINT ( 'NONE',  ( -1.125000000000000222, 0.2200000000000002509, -1.499000000000000110 ) ) ;
#1432 = ORIENTED_EDGE ( 'NONE', *, *, #328, .F. ) ;
#1433 = SURFACE_STYLE_USAGE ( .BOTH. , #1672 ) ;
#1434 = CARTESIAN_POINT ( 'NONE',  ( 0.000000000000000000, 0.000000000000000000, -1.499000000000000110 ) ) ;
#1435 = VERTEX_POINT ( 'NONE', #589 ) ;
#1436 = VERTEX_POINT ( 'NONE', #1508 ) ;
#1437 = ORIENTED_EDGE ( 'NONE', *, *, #637, .F. ) ;
#1438 = DIRECTION ( 'NONE',  ( -1.000000000000000000, 1.084202172485504434E-16, 0.000000000000000000 ) ) ;
#1439 = ORIENTED_EDGE ( 'NONE', *, *, #834, .F. ) ;
#1440 = CARTESIAN_POINT ( 'NONE',  ( 1.500000000000000222, 0.1199999999999999678, 0.1250000000000000000 ) ) ;
#1441 = CARTESIAN_POINT ( 'NONE',  ( -1.300000000000000044, 0.6500000000000000222, -1.008578643762690019 ) ) ;
#1442 = AXIS2_PLACEMENT_3D ( 'NONE', #1708, #2081, #1904 ) ;
#1443 = ORIENTED_EDGE ( 'NONE', *, *, #540, .F. ) ;
#1444 = CARTESIAN_POINT ( 'NONE',  ( -0.2749999999999999667, 0.2199999999999999456, -1.499000000000000110 ) ) ;
#1445 = AXIS2_PLACEMENT_3D ( 'NONE', #150, #2476, #760 ) ;
#1446 = CARTESIAN_POINT ( 'NONE',  ( 0.6250000000000001110, 0.1200000000000000927, 1.499000000000000110 ) ) ;
#1447 = DIRECTION ( 'NONE',  ( -1.000000000000000000, 1.084202172485503448E-16, -0.000000000000000000 ) ) ;
#1448 = VECTOR ( 'NONE', #58, 1000.000000000000000 ) ;
#1449 = EDGE_LOOP ( 'NONE', ( #846, #2048, #1379, #638 ) ) ;
#1450 = EDGE_CURVE ( 'NONE', #2137, #298, #684, .T. ) ;
#1451 = DIRECTION ( 'NONE',  ( 0.000000000000000000, -1.000000000000000000, -1.084202172485504434E-16 ) ) ;
#1452 = ORIENTED_EDGE ( 'NONE', *, *, #100, .T. ) ;
#1453 = ORIENTED_EDGE ( 'NONE', *, *, #893, .T. ) ;
#1454 = CARTESIAN_POINT ( 'NONE',  ( -0.2749999999999999667, 0.2199999999999999456, -1.499000000000000110 ) ) ;
#1455 = LINE ( 'NONE', #1814, #1313 ) ;
#1456 = ORIENTED_EDGE ( 'NONE', *, *, #133, .T. ) ;
#1457 = CARTESIAN_POINT ( 'NONE',  ( 0.8199999999999999512, -0.001000000000000000021, -1.084999999999999964 ) ) ;
#1458 = DIRECTION ( 'NONE',  ( -0.000000000000000000, -0.000000000000000000, 1.000000000000000000 ) ) ;
#1459 = DIRECTION ( 'NONE',  ( -1.084202172485504434E-16, 1.000000000000000000, 0.000000000000000000 ) ) ;
#1460 = EDGE_LOOP ( 'NONE', ( #882, #593, #2244, #830 ) ) ;
#1461 = EDGE_CURVE ( 'NONE', #1156, #1790, #206, .T. ) ;
#1462 = EDGE_CURVE ( 'NONE', #769, #513, #775, .T. ) ;
#1463 = ORIENTED_EDGE ( 'NONE', *, *, #1339, .T. ) ;
#1464 = FACE_OUTER_BOUND ( 'NONE', #209, .T. ) ;
#1465 = CARTESIAN_POINT ( 'NONE',  ( 0.6250000000000001110, 0.1200000000000000927, -1.500000000000000000 ) ) ;
#1466 = DIRECTION ( 'NONE',  ( 0.000000000000000000, 0.000000000000000000, 1.000000000000000000 ) ) ;
#1467 = AXIS2_PLACEMENT_3D ( 'NONE', #1659, #532, #2445 ) ;
#1468 = DIRECTION ( 'NONE',  ( -0.000000000000000000, -0.000000000000000000, 1.000000000000000000 ) ) ;
#1469 = VECTOR ( 'NONE', #1903, 1000.000000000000000 ) ;
#1470 = EDGE_LOOP ( 'NONE', ( #14, #950, #1973, #409 ) ) ;
#1471 = DIRECTION ( 'NONE',  ( 0.000000000000000000, 0.000000000000000000, 1.000000000000000000 ) ) ;
#1472 = CARTESIAN_POINT ( 'NONE',  ( -1.250000000000000222, -0.001000000000000000021, 1.135000000000000009 ) ) ;
#1473 = AXIS2_PLACEMENT_3D ( 'NONE', #763, #1534, #576 ) ;
#1474 = LINE ( 'NONE', #2230, #1084 ) ;
#1475 = VERTEX_POINT ( 'NONE', #553 ) ;
#1476 = ORIENTED_EDGE ( 'NONE', *, *, #1821, .T. ) ;
#1477 = LINE ( 'NONE', #2441, #243 ) ;
#1478 = EDGE_CURVE ( 'NONE', #1825, #2192, #1127, .T. ) ;
#1479 = DIRECTION ( 'NONE',  ( -1.311534886071174544E-16, -0.000000000000000000, 1.000000000000000000 ) ) ;
#1480 = LINE ( 'NONE', #1545, #507 ) ;
#1481 = VERTEX_POINT ( 'NONE', #2281 ) ;
#1482 = CARTESIAN_POINT ( 'NONE',  ( 1.500000000000000222, 0.1199999999999999956, -0.1250000000000000278 ) ) ;
#1483 = CARTESIAN_POINT ( 'NONE',  ( 1.299999999999999822, -0.001000000000000000021, -1.084999999999999742 ) ) ;
#1484 = AXIS2_PLACEMENT_3D ( 'NONE', #326, #1648, #1471 ) ;
#1485 = DIRECTION ( 'NONE',  ( 9.992646751018473535E-17, 0.000000000000000000, -1.000000000000000000 ) ) ;
#1486 = VECTOR ( 'NONE', #1010, 1000.000000000000000 ) ;
#1487 = ORIENTED_EDGE ( 'NONE', *, *, #264, .F. ) ;
#1488 = PRESENTATION_LAYER_ASSIGNMENT (  '', '', ( #1160 ) ) ;
#1489 = ORIENTED_EDGE ( 'NONE', *, *, #771, .F. ) ;
#1490 = VECTOR ( 'NONE', #777, 1000.000000000000000 ) ;
#1491 = DIRECTION ( 'NONE',  ( 1.000000000000000000, 0.000000000000000000, 0.000000000000000000 ) ) ;
#1492 = CARTESIAN_POINT ( 'NONE',  ( 0.8699999999999997735, -0.001000000000000000021, -1.134999999999999787 ) ) ;
#1493 = EDGE_CURVE ( 'NONE', #1252, #2025, #2266, .T. ) ;
#1494 = DIRECTION ( 'NONE',  ( 0.000000000000000000, 0.000000000000000000, -1.000000000000000000 ) ) ;
#1495 = CARTESIAN_POINT ( 'NONE',  ( 1.499000000000000332, 0.2200000000000000011, -0.1250000000000000000 ) ) ;
#1496 = EDGE_CURVE ( 'NONE', #1751, #2074, #1324, .T. ) ;
#1497 = ORIENTED_EDGE ( 'NONE', *, *, #276, .T. ) ;
#1498 = CARTESIAN_POINT ( 'NONE',  ( -1.500000000000000222, 0.2200000000000000011, -0.1250000000000000000 ) ) ;
#1499 = DIRECTION ( 'NONE',  ( -1.000000000000000000, -0.000000000000000000, -0.000000000000000000 ) ) ;
#1500 = DIRECTION ( 'NONE',  ( -0.000000000000000000, 1.000000000000000000, -0.000000000000000000 ) ) ;
#1501 = VERTEX_POINT ( 'NONE', #1748 ) ;
#1502 = ORIENTED_EDGE ( 'NONE', *, *, #2286, .T. ) ;
#1503 = EDGE_LOOP ( 'NONE', ( #475, #1432, #1217, #128, #2469, #1679, #674, #2096 ) ) ;
#1504 = CARTESIAN_POINT ( 'NONE',  ( -1.499999999999999778, 0.6500000000000000222, 1.500000000000000000 ) ) ;
#1505 = DIRECTION ( 'NONE',  ( 0.000000000000000000, -1.000000000000000000, 0.000000000000000000 ) ) ;
#1506 = LINE ( 'NONE', #2307, #1796 ) ;
#1507 = EDGE_CURVE ( 'NONE', #1515, #930, #1112, .T. ) ;
#1508 = CARTESIAN_POINT ( 'NONE',  ( -0.8750000000000001110, 0.2200000000000002787, -1.499000000000000110 ) ) ;
#1509 = CARTESIAN_POINT ( 'NONE',  ( 1.199999999999999289, 0.5999999999999999778, 1.258045018441136031 ) ) ;
#1510 = VECTOR ( 'NONE', #1499, 1000.000000000000000 ) ;
#1511 = ORIENTED_EDGE ( 'NONE', *, *, #2068, .T. ) ;
#1512 = ADVANCED_FACE ( 'NONE', ( #1333 ), #2105, .F. ) ;
#1513 = VECTOR ( 'NONE', #2408, 1000.000000000000000 ) ;
#1514 = ORIENTED_EDGE ( 'NONE', *, *, #1772, .F. ) ;
#1515 = VERTEX_POINT ( 'NONE', #1578 ) ;
#1516 = DIRECTION ( 'NONE',  ( 0.000000000000000000, 0.000000000000000000, 1.000000000000000000 ) ) ;
#1517 = CARTESIAN_POINT ( 'NONE',  ( 1.499000000000000332, 0.1199999999999999956, -0.1250000000000000278 ) ) ;
#1518 = DIRECTION ( 'NONE',  ( 0.000000000000000000, 1.000000000000000000, -0.000000000000000000 ) ) ;
#1519 = CARTESIAN_POINT ( 'NONE',  ( 0.8699999999999995515, -0.001000000000000000021, 1.085000000000000187 ) ) ;
#1520 = CARTESIAN_POINT ( 'NONE',  ( 1.250000000000000000, -0.001000000000000000021, -1.134999999999999787 ) ) ;
#1521 = CARTESIAN_POINT ( 'NONE',  ( 0.8750000000000001110, 0.1200000000000000649, 1.499000000000000110 ) ) ;
#1522 = PLANE ( 'NONE',  #1778 ) ;
#1523 = VERTEX_POINT ( 'NONE', #641 ) ;
#1524 = CIRCLE ( 'NONE', #2249, 0.04999999999999969746 ) ;
#1525 = EDGE_LOOP ( 'NONE', ( #1638, #1167, #2227, #2472 ) ) ;
#1526 = VECTOR ( 'NONE', #1491, 1000.000000000000000 ) ;
#1527 = PRODUCT_DEFINITION ( 'UNKNOWN', '', #1653, #1715 ) ;
#1528 = AXIS2_PLACEMENT_3D ( 'NONE', #2065, #334, #489 ) ;
#1529 = SURFACE_STYLE_USAGE ( .BOTH. , #1180 ) ;
#1530 = FACE_OUTER_BOUND ( 'NONE', #1907, .T. ) ;
#1531 = AXIS2_PLACEMENT_3D ( 'NONE', #1102, #1459, #144 ) ;
#1532 = LINE ( 'NONE', #2126, #1080 ) ;
#1533 = CARTESIAN_POINT ( 'NONE',  ( -1.199999999999999289, 0.6500000000000000222, 1.300000000000000044 ) ) ;
#1534 = DIRECTION ( 'NONE',  ( 0.000000000000000000, 1.000000000000000000, -0.000000000000000000 ) ) ;
#1535 = DIRECTION ( 'NONE',  ( 1.998529350203694707E-16, 0.000000000000000000, -1.000000000000000000 ) ) ;
#1536 = CARTESIAN_POINT ( 'NONE',  ( -0.5250000000000000222, 0.2199999999999999178, -1.499000000000000110 ) ) ;
#1537 = DIRECTION ( 'NONE',  ( -1.084202172485504434E-16, -1.000000000000000000, 0.000000000000000000 ) ) ;
#1538 = ORIENTED_EDGE ( 'NONE', *, *, #1947, .F. ) ;
#1539 = SURFACE_STYLE_FILL_AREA ( #2124 ) ;
#1540 = EDGE_CURVE ( 'NONE', #1548, #529, #1230, .T. ) ;
#1541 = DIRECTION ( 'NONE',  ( -0.000000000000000000, 1.000000000000000000, -0.000000000000000000 ) ) ;
#1542 = ORIENTED_EDGE ( 'NONE', *, *, #354, .T. ) ;
#1543 = DIRECTION ( 'NONE',  ( -0.000000000000000000, 1.084202172485504434E-16, -1.000000000000000000 ) ) ;
#1544 = LINE ( 'NONE', #947, #1809 ) ;
#1545 = CARTESIAN_POINT ( 'NONE',  ( 0.6250000000000001110, 0.1200000000000000927, 1.500000000000000000 ) ) ;
#1546 = CARTESIAN_POINT ( 'NONE',  ( -0.5250000000000000222, 0.2199999999999999178, 1.499000000000000110 ) ) ;
#1547 = DIRECTION ( 'NONE',  ( -0.000000000000000000, -1.000000000000000000, -0.000000000000000000 ) ) ;
#1548 = VERTEX_POINT ( 'NONE', #46 ) ;
#1549 = ORIENTED_EDGE ( 'NONE', *, *, #1633, .T. ) ;
#1550 = VECTOR ( 'NONE', #1003, 1000.000000000000000 ) ;
#1551 = VECTOR ( 'NONE', #2370, 1000.000000000000000 ) ;
#1552 = ORIENTED_EDGE ( 'NONE', *, *, #1312, .F. ) ;
#1553 = CARTESIAN_POINT ( 'NONE',  ( -1.008578643762690019, 0.6500000000000000222, -1.300000000000000044 ) ) ;
#1554 = DIRECTION ( 'NONE',  ( 0.6427876096865398070, 0.7660444431189776804, -4.181470337213464442E-15 ) ) ;
#1555 = EDGE_CURVE ( 'NONE', #1615, #1782, #249, .T. ) ;
#1556 = FACE_OUTER_BOUND ( 'NONE', #1525, .T. ) ;
#1557 = LINE ( 'NONE', #22, #1551 ) ;
#1558 = DIRECTION ( 'NONE',  ( 0.000000000000000000, 0.000000000000000000, -1.000000000000000000 ) ) ;
#1559 = ORIENTED_EDGE ( 'NONE', *, *, #1507, .F. ) ;
#1560 = UNCERTAINTY_MEASURE_WITH_UNIT (LENGTH_MEASURE( 1.000000000000000082E-05 ), #51, 'distance_accuracy_value', 'NONE');
#1561 = FILL_AREA_STYLE_COLOUR ( '', #407 ) ;
#1562 = DIRECTION ( 'NONE',  ( 0.000000000000000000, -1.000000000000000000, 0.000000000000000000 ) ) ;
#1563 = AXIS2_PLACEMENT_3D ( 'NONE', #938, #362, #2470 ) ;
#1564 = ORIENTED_EDGE ( 'NONE', *, *, #428, .F. ) ;
#1565 = VECTOR ( 'NONE', #88, 1000.000000000000000 ) ;
#1566 = DIRECTION ( 'NONE',  ( 0.000000000000000000, 0.000000000000000000, -1.000000000000000000 ) ) ;
#1567 = MECHANICAL_DESIGN_GEOMETRIC_PRESENTATION_REPRESENTATION (  '', ( #1775 ), #1364 ) ;
#1568 = ADVANCED_FACE ( 'NONE', ( #2166 ), #2355, .F. ) ;
#1569 = CARTESIAN_POINT ( 'NONE',  ( 1.249999999999999778, -0.001000000000000000021, 1.085000000000000187 ) ) ;
#1570 = DIRECTION ( 'NONE',  ( -1.000000000000000000, 0.000000000000000000, -9.992646751018473535E-17 ) ) ;
#1571 = EDGE_CURVE ( 'NONE', #1177, #1714, #1406, .T. ) ;
#1572 = LINE ( 'NONE', #1608, #920 ) ;
#1573 = ORIENTED_EDGE ( 'NONE', *, *, #1428, .T. ) ;
#1574 =( NAMED_UNIT ( * ) SI_UNIT ( $, .STERADIAN. ) SOLID_ANGLE_UNIT ( ) );
#1575 = CARTESIAN_POINT ( 'NONE',  ( -1.500000000000000222, 0.2199999999999999734, 0.1250000000000000000 ) ) ;
#1576 = VERTEX_POINT ( 'NONE', #77 ) ;
#1577 = ORIENTED_EDGE ( 'NONE', *, *, #1299, .T. ) ;
#1578 = CARTESIAN_POINT ( 'NONE',  ( -0.8750000000000001110, 0.1200000000000002731, -1.499000000000000110 ) ) ;
#1579 = DIRECTION ( 'NONE',  ( 0.000000000000000000, -1.000000000000000000, 0.000000000000000000 ) ) ;
#1580 = EDGE_CURVE ( 'NONE', #459, #106, #1391, .T. ) ;
#1581 = SURFACE_STYLE_FILL_AREA ( #829 ) ;
#1582 = ORIENTED_EDGE ( 'NONE', *, *, #510, .T. ) ;
#1583 = CARTESIAN_POINT ( 'NONE',  ( 0.000000000000000000, 0.000000000000000000, 0.000000000000000000 ) ) ;
#1584 = CARTESIAN_POINT ( 'NONE',  ( -1.250000000000000000, -0.001000000000000000021, -1.084999999999999964 ) ) ;
#1585 = EDGE_CURVE ( 'NONE', #559, #541, #1813, .T. ) ;
#1586 = AXIS2_PLACEMENT_3D ( 'NONE', #693, #2218, #1065 ) ;
#1587 = VECTOR ( 'NONE', #849, 1000.000000000000000 ) ;
#1588 = ORIENTED_EDGE ( 'NONE', *, *, #540, .T. ) ;
#1589 = DIRECTION ( 'NONE',  ( 2.168404344971010051E-15, 1.000000000000000000, 0.000000000000000000 ) ) ;
#1590 = VECTOR ( 'NONE', #374, 1000.000000000000000 ) ;
#1591 = ORIENTED_EDGE ( 'NONE', *, *, #227, .F. ) ;
#1592 = DIRECTION ( 'NONE',  ( -1.000000000000000000, 0.000000000000000000, -0.000000000000000000 ) ) ;
#1593 = DIRECTION ( 'NONE',  ( 0.000000000000000000, -1.000000000000000000, -2.710505431213760592E-16 ) ) ;
#1594 = CARTESIAN_POINT ( 'NONE',  ( -1.199999999999999956, 0.6500000000000000222, -1.008578643762690463 ) ) ;
#1595 = ORIENTED_EDGE ( 'NONE', *, *, #120, .F. ) ;
#1596 = CARTESIAN_POINT ( 'NONE',  ( 0.06999999999999986788, -0.001000000000000000021, -1.085000000000000187 ) ) ;
#1597 = FACE_OUTER_BOUND ( 'NONE', #2165, .T. ) ;
#1598 = EDGE_CURVE ( 'NONE', #535, #1074, #1206, .T. ) ;
#1599 = ADVANCED_FACE ( 'NONE', ( #2188 ), #838, .T. ) ;
#1600 = ORIENTED_EDGE ( 'NONE', *, *, #692, .T. ) ;
#1601 = FILL_AREA_STYLE_COLOUR ( '', #1155 ) ;
#1602 = VECTOR ( 'NONE', #97, 1000.000000000000000 ) ;
#1603 = AXIS2_PLACEMENT_3D ( 'NONE', #1940, #563, #957 ) ;
#1604 = VERTEX_POINT ( 'NONE', #451 ) ;
#1605 = VECTOR ( 'NONE', #1420, 1000.000000000000000 ) ;
#1606 = CARTESIAN_POINT ( 'NONE',  ( 1.250000000000000000, -0.001000000000000000021, -1.084999999999999742 ) ) ;
#1607 = FACE_OUTER_BOUND ( 'NONE', #1271, .T. ) ;
#1608 = CARTESIAN_POINT ( 'NONE',  ( -1.499000000000000332, 0.1199999999999999956, -0.1250000000000000278 ) ) ;
#1609 = ORIENTED_EDGE ( 'NONE', *, *, #2463, .T. ) ;
#1610 = CARTESIAN_POINT ( 'NONE',  ( -1.125000000000000444, 0.1200000000000003009, -1.499000000000000110 ) ) ;
#1611 = LINE ( 'NONE', #2388, #1871 ) ;
#1612 = CARTESIAN_POINT ( 'NONE',  ( -1.499000000000000332, 0.1199999999999999956, -0.1250000000000000278 ) ) ;
#1613 = SURFACE_STYLE_FILL_AREA ( #1181 ) ;
#1614 = EDGE_CURVE ( 'NONE', #1436, #1515, #2005, .T. ) ;
#1615 = VERTEX_POINT ( 'NONE', #36 ) ;
#1616 = ORIENTED_EDGE ( 'NONE', *, *, #264, .T. ) ;
#1617 = FACE_OUTER_BOUND ( 'NONE', #1770, .T. ) ;
#1618 = CARTESIAN_POINT ( 'NONE',  ( -1.500000000000000222, 0.1199999999999999678, 0.1250000000000000000 ) ) ;
#1619 = DIRECTION ( 'NONE',  ( -0.000000000000000000, -0.000000000000000000, 1.000000000000000000 ) ) ;
#1620 = ORIENTED_EDGE ( 'NONE', *, *, #73, .F. ) ;
#1621 = PRESENTATION_STYLE_ASSIGNMENT (( #725 ) ) ;
#1622 = CARTESIAN_POINT ( 'NONE',  ( -0.5250000000000000222, 0.1200000000000000233, 1.500000000000000000 ) ) ;
#1623 = ORIENTED_EDGE ( 'NONE', *, *, #740, .T. ) ;
#1624 =( LENGTH_UNIT ( ) NAMED_UNIT ( * ) SI_UNIT ( .MILLI., .METRE. ) );
#1625 = EDGE_LOOP ( 'NONE', ( #494, #2122, #1697, #164 ) ) ;
#1626 = ORIENTED_EDGE ( 'NONE', *, *, #1681, .F. ) ;
#1627 = CIRCLE ( 'NONE', #501, 0.04999999999999991257 ) ;
#1628 = VECTOR ( 'NONE', #103, 1000.000000000000000 ) ;
#1629 = ORIENTED_EDGE ( 'NONE', *, *, #1968, .F. ) ;
#1630 = LINE ( 'NONE', #1454, #1773 ) ;
#1631 = CIRCLE ( 'NONE', #1754, 0.05804501844113582609 ) ;
#1632 = LINE ( 'NONE', #323, #221 ) ;
#1633 = EDGE_CURVE ( 'NONE', #1986, #1192, #1761, .T. ) ;
#1634 = EDGE_CURVE ( 'NONE', #520, #368, #1189, .T. ) ;
#1635 = ORIENTED_EDGE ( 'NONE', *, *, #1983, .F. ) ;
#1636 = CARTESIAN_POINT ( 'NONE',  ( -0.5250000000000000222, 0.2199999999999999178, -1.499000000000000110 ) ) ;
#1637 = DIRECTION ( 'NONE',  ( 0.000000000000000000, -1.000000000000000000, 0.000000000000000000 ) ) ;
#1638 = ORIENTED_EDGE ( 'NONE', *, *, #2314, .T. ) ;
#1639 = LINE ( 'NONE', #1553, #804 ) ;
#1640 = VERTEX_POINT ( 'NONE', #260 ) ;
#1641 = ORIENTED_EDGE ( 'NONE', *, *, #893, .F. ) ;
#1642 = CARTESIAN_POINT ( 'NONE',  ( -0.5250000000000000222, 0.1200000000000000233, 1.499000000000000110 ) ) ;
#1643 = STYLED_ITEM ( 'NONE', ( #823 ), #1165 ) ;
#1644 = PLANE ( 'NONE',  #181 ) ;
#1645 = EDGE_CURVE ( 'NONE', #148, #1523, #1023, .T. ) ;
#1646 = STYLED_ITEM ( 'NONE', ( #93 ), #1963 ) ;
#1647 = EDGE_LOOP ( 'NONE', ( #1426, #2069, #1143, #1609 ) ) ;
#1648 = DIRECTION ( 'NONE',  ( -0.000000000000000000, 1.000000000000000000, -0.000000000000000000 ) ) ;
#1649 = ADVANCED_FACE ( 'NONE', ( #461 ), #270, .T. ) ;
#1650 = DIRECTION ( 'NONE',  ( 1.084202172485503571E-16, 1.000000000000000000, 0.000000000000000000 ) ) ;
#1651 = MECHANICAL_DESIGN_GEOMETRIC_PRESENTATION_REPRESENTATION (  '', ( #2419 ), #1208 ) ;
#1652 = VECTOR ( 'NONE', #1500, 1000.000000000000000 ) ;
#1653 = PRODUCT_DEFINITION_FORMATION_WITH_SPECIFIED_SOURCE ( 'ANY', '', #2394, .NOT_KNOWN. ) ;
#1654 = VERTEX_POINT ( 'NONE', #1033 ) ;
#1655 = DIRECTION ( 'NONE',  ( 0.000000000000000000, -1.000000000000000000, 0.000000000000000000 ) ) ;
#1656 = DIRECTION ( 'NONE',  ( -0.000000000000000000, -1.000000000000000000, 0.000000000000000000 ) ) ;
#1657 = EDGE_LOOP ( 'NONE', ( #668, #616, #1276, #355 ) ) ;
#1658 = LINE ( 'NONE', #1272, #953 ) ;
#1659 = CARTESIAN_POINT ( 'NONE',  ( -1.199999999999999956, 0.5999999999999999778, 1.199999999999999956 ) ) ;
#1660 = CARTESIAN_POINT ( 'NONE',  ( 1.250000000000000000, 0.000000000000000000, -1.084999999999999742 ) ) ;
#1661 = EDGE_LOOP ( 'NONE', ( #1884, #943, #1347, #1246 ) ) ;
#1662 = ADVANCED_FACE ( 'NONE', ( #1556 ), #2328, .T. ) ;
#1663 = DIRECTION ( 'NONE',  ( -2.168404344971010051E-15, -1.000000000000000000, 0.000000000000000000 ) ) ;
#1664 = ORIENTED_EDGE ( 'NONE', *, *, #307, .T. ) ;
#1665 = CARTESIAN_POINT ( 'NONE',  ( 1.499000000000000332, 0.1199999999999999678, 0.1250000000000000000 ) ) ;
#1666 = FACE_OUTER_BOUND ( 'NONE', #2339, .T. ) ;
#1667 = COLOUR_RGB ( '',1.000000000000000000, 1.000000000000000000, 0.000000000000000000 ) ;
#1668 = PRESENTATION_STYLE_ASSIGNMENT (( #925 ) ) ;
#1669 = AXIS2_PLACEMENT_3D ( 'NONE', #1495, #1098, #2264 ) ;
#1670 = ORIENTED_EDGE ( 'NONE', *, *, #651, .T. ) ;
#1671 = DIRECTION ( 'NONE',  ( -0.000000000000000000, 1.000000000000000000, -0.000000000000000000 ) ) ;
#1672 = SURFACE_SIDE_STYLE ('',( #670 ) ) ;
#1673 = VECTOR ( 'NONE', #430, 1000.000000000000000 ) ;
#1674 = ORIENTED_EDGE ( 'NONE', *, *, #2222, .T. ) ;
#1675 = ORIENTED_EDGE ( 'NONE', *, *, #558, .F. ) ;
#1676 = ADVANCED_FACE ( 'NONE', ( #612 ), #2140, .T. ) ;
#1677 = EDGE_CURVE ( 'NONE', #1515, #2027, #296, .T. ) ;
#1678 = DIRECTION ( 'NONE',  ( 0.000000000000000000, 0.000000000000000000, -1.000000000000000000 ) ) ;
#1679 = ORIENTED_EDGE ( 'NONE', *, *, #797, .F. ) ;
#1680 = EDGE_CURVE ( 'NONE', #1074, #2036, #2017, .T. ) ;
#1681 = EDGE_CURVE ( 'NONE', #17, #1435, #284, .T. ) ;
#1682 = DIRECTION ( 'NONE',  ( -1.000000000000000000, -0.000000000000000000, -0.000000000000000000 ) ) ;
#1683 = VERTEX_POINT ( 'NONE', #1665 ) ;
#1684 = DIRECTION ( 'NONE',  ( -0.000000000000000000, -0.000000000000000000, -1.000000000000000000 ) ) ;
#1685 = VECTOR ( 'NONE', #1841, 1000.000000000000000 ) ;
#1686 = ORIENTED_EDGE ( 'NONE', *, *, #1199, .T. ) ;
#1687 = VECTOR ( 'NONE', #2407, 1000.000000000000000 ) ;
#1688 =( NAMED_UNIT ( * ) PLANE_ANGLE_UNIT ( ) SI_UNIT ( $, .RADIAN. ) );
#1689 = VECTOR ( 'NONE', #48, 1000.000000000000000 ) ;
#1690 = FACE_OUTER_BOUND ( 'NONE', #2259, .T. ) ;
#1691 = ORIENTED_EDGE ( 'NONE', *, *, #2087, .T. ) ;
#1692 = CIRCLE ( 'NONE', #526, 0.04999999999999991257 ) ;
#1693 = EDGE_CURVE ( 'NONE', #640, #1315, #1477, .T. ) ;
#1694 = PLANE ( 'NONE',  #155 ) ;
#1695 = DIRECTION ( 'NONE',  ( 0.000000000000000000, -1.084202172485504434E-16, 1.000000000000000000 ) ) ;
#1696 = LINE ( 'NONE', #735, #624 ) ;
#1697 = ORIENTED_EDGE ( 'NONE', *, *, #147, .F. ) ;
#1698 = DIRECTION ( 'NONE',  ( -1.000000000000000000, 1.084202172485503448E-16, -0.000000000000000000 ) ) ;
#1699 = SURFACE_STYLE_FILL_AREA ( #939 ) ;
#1700 = FACE_OUTER_BOUND ( 'NONE', #964, .T. ) ;
#1701 = ORIENTED_EDGE ( 'NONE', *, *, #1634, .F. ) ;
#1702 = FACE_OUTER_BOUND ( 'NONE', #2206, .T. ) ;
#1703 = DIRECTION ( 'NONE',  ( -1.000000000000000000, 2.168404344971010051E-15, 0.000000000000000000 ) ) ;
#1704 = ORIENTED_EDGE ( 'NONE', *, *, #460, .T. ) ;
#1705 = LINE ( 'NONE', #1351, #2453 ) ;
#1706 = PLANE ( 'NONE',  #1603 ) ;
#1707 = PLANE ( 'NONE',  #266 ) ;
#1708 = CARTESIAN_POINT ( 'NONE',  ( 0.06999999999999961808, 0.000000000000000000, 1.084999999999999964 ) ) ;
#1709 = PRESENTATION_STYLE_ASSIGNMENT (( #566 ) ) ;
#1710 = EDGE_CURVE ( 'NONE', #1301, #2393, #1630, .T. ) ;
#1711 = EDGE_CURVE ( 'NONE', #2298, #2132, #872, .T. ) ;
#1712 = DIRECTION ( 'NONE',  ( 1.000000000000000000, 0.000000000000000000, 0.000000000000000000 ) ) ;
#1713 = MECHANICAL_DESIGN_GEOMETRIC_PRESENTATION_REPRESENTATION (  '', ( #2478 ), #468 ) ;
#1714 = VERTEX_POINT ( 'NONE', #1837 ) ;
#1715 = PRODUCT_DEFINITION_CONTEXT ( 'detailed design', #631, 'design' ) ;
#1716 = VERTEX_POINT ( 'NONE', #1048 ) ;
#1717 = LINE ( 'NONE', #369, #438 ) ;
#1718 = FACE_OUTER_BOUND ( 'NONE', #1797, .T. ) ;
#1719 = CARTESIAN_POINT ( 'NONE',  ( 0.1199999999999995653, -0.001000000000000000021, 1.084999999999999964 ) ) ;
#1720 = LINE ( 'NONE', #525, #1590 ) ;
#1721 = VECTOR ( 'NONE', #1401, 1000.000000000000000 ) ;
#1722 = CARTESIAN_POINT ( 'NONE',  ( 1.500000000000000222, 0.1199999999999999678, 0.1250000000000000000 ) ) ;
#1723 = CARTESIAN_POINT ( 'NONE',  ( -0.5250000000000000222, 0.1200000000000000233, 1.499000000000000110 ) ) ;
#1724 = EDGE_CURVE ( 'NONE', #2448, #1350, #2248, .T. ) ;
#1725 = ORIENTED_EDGE ( 'NONE', *, *, #557, .F. ) ;
#1726 = EDGE_CURVE ( 'NONE', #2036, #836, #2225, .T. ) ;
#1727 = AXIS2_PLACEMENT_3D ( 'NONE', #2103, #168, #762 ) ;
#1728 = COLOUR_RGB ( '',1.000000000000000000, 1.000000000000000000, 1.000000000000000000 ) ;
#1729 = ORIENTED_EDGE ( 'NONE', *, *, #295, .T. ) ;
#1730 =( NAMED_UNIT ( * ) SI_UNIT ( $, .STERADIAN. ) SOLID_ANGLE_UNIT ( ) );
#1731 = VECTOR ( 'NONE', #204, 1000.000000000000000 ) ;
#1732 = VECTOR ( 'NONE', #1698, 1000.000000000000000 ) ;
#1733 = AXIS2_PLACEMENT_3D ( 'NONE', #1434, #1678, #332 ) ;
#1734 = DIRECTION ( 'NONE',  ( 0.000000000000000000, 0.000000000000000000, 1.000000000000000000 ) ) ;
#1735 = FACE_OUTER_BOUND ( 'NONE', #1661, .T. ) ;
#1736 = LINE ( 'NONE', #1195, #1274 ) ;
#1737 = DIRECTION ( 'NONE',  ( 1.000000000000000000, 0.000000000000000000, 0.000000000000000000 ) ) ;
#1738 = SURFACE_STYLE_USAGE ( .BOTH. , #2118 ) ;
#1739 = DIRECTION ( 'NONE',  ( -0.000000000000000000, -0.000000000000000000, -1.000000000000000000 ) ) ;
#1740 = PLANE ( 'NONE',  #161 ) ;
#1741 = ORIENTED_EDGE ( 'NONE', *, *, #1266, .F. ) ;
#1742 = FACE_OUTER_BOUND ( 'NONE', #783, .T. ) ;
#1743 = EDGE_CURVE ( 'NONE', #1192, #1576, #2430, .T. ) ;
#1744 = ORIENTED_EDGE ( 'NONE', *, *, #1834, .F. ) ;
#1745 = CARTESIAN_POINT ( 'NONE',  ( -1.125000000000000222, 0.2200000000000002509, -1.499000000000000110 ) ) ;
#1746 = FACE_OUTER_BOUND ( 'NONE', #1784, .T. ) ;
#1747 = LINE ( 'NONE', #627, #30 ) ;
#1748 = CARTESIAN_POINT ( 'NONE',  ( 0.06999999999999961808, -0.001000000000000000021, 1.135000000000000009 ) ) ;
#1749 = DIRECTION ( 'NONE',  ( 0.000000000000000000, -2.710505431213760592E-16, 1.000000000000000000 ) ) ;
#1750 = DIRECTION ( 'NONE',  ( -0.000000000000000000, 1.000000000000000000, -0.000000000000000000 ) ) ;
#1751 = VERTEX_POINT ( 'NONE', #472 ) ;
#1752 = DIRECTION ( 'NONE',  ( -9.992646751018473535E-17, -0.000000000000000000, 1.000000000000000000 ) ) ;
#1753 = VECTOR ( 'NONE', #255, 1000.000000000000000 ) ;
#1754 = AXIS2_PLACEMENT_3D ( 'NONE', #1190, #61, #236 ) ;
#1755 = DIRECTION ( 'NONE',  ( 1.000000000000000000, -0.000000000000000000, 0.000000000000000000 ) ) ;
#1756 = EDGE_CURVE ( 'NONE', #792, #640, #497, .T. ) ;
#1757 = ADVANCED_FACE ( 'NONE', ( #1295 ), #1071, .T. ) ;
#1758 = ORIENTED_EDGE ( 'NONE', *, *, #2056, .T. ) ;
#1759 = ADVANCED_FACE ( 'NONE', ( #1258, #321, #1847, #1617 ), #509, .F. ) ;
#1760 = LINE ( 'NONE', #1785, #954 ) ;
#1761 = LINE ( 'NONE', #828, #2210 ) ;
#1762 = LINE ( 'NONE', #1220, #1105 ) ;
#1763 = SURFACE_STYLE_USAGE ( .BOTH. , #805 ) ;
#1764 = ORIENTED_EDGE ( 'NONE', *, *, #1278, .F. ) ;
#1765 = UNCERTAINTY_MEASURE_WITH_UNIT (LENGTH_MEASURE( 1.000000000000000082E-05 ), #469, 'distance_accuracy_value', 'NONE');
#1766 = FILL_AREA_STYLE ('',( #1561 ) ) ;
#1767 = DIRECTION ( 'NONE',  ( 0.000000000000000000, 0.000000000000000000, -1.000000000000000000 ) ) ;
#1768 = CARTESIAN_POINT ( 'NONE',  ( -1.008578643762690019, 0.5999999999999999778, -1.258045018441136031 ) ) ;
#1769 = VECTOR ( 'NONE', #971, 1000.000000000000000 ) ;
#1770 = EDGE_LOOP ( 'NONE', ( #895, #1895, #1437, #634 ) ) ;
#1771 = SURFACE_SIDE_STYLE ('',( #214 ) ) ;
#1772 = EDGE_CURVE ( 'NONE', #2404, #2132, #585, .T. ) ;
#1773 = VECTOR ( 'NONE', #712, 1000.000000000000000 ) ;
#1774 = LINE ( 'NONE', #1990, #1721 ) ;
#1775 = STYLED_ITEM ( 'NONE', ( #669 ), #2000 ) ;
#1776 = EDGE_LOOP ( 'NONE', ( #1154, #1054, #2398, #2085 ) ) ;
#1777 = DIRECTION ( 'NONE',  ( -0.000000000000000000, -1.000000000000000000, -0.000000000000000000 ) ) ;
#1778 = AXIS2_PLACEMENT_3D ( 'NONE', #1114, #1712, #2485 ) ;
#1779 = FACE_OUTER_BOUND ( 'NONE', #1106, .T. ) ;
#1780 = CARTESIAN_POINT ( 'NONE',  ( -1.300000000000000266, -0.001000000000000000021, 1.084999999999999964 ) ) ;
#1781 = EDGE_CURVE ( 'NONE', #106, #2448, #946, .T. ) ;
#1782 = VERTEX_POINT ( 'NONE', #734 ) ;
#1783 = CARTESIAN_POINT ( 'NONE',  ( -1.499000000000000332, 0.1199999999999999678, 0.1250000000000000000 ) ) ;
#1784 = EDGE_LOOP ( 'NONE', ( #2331, #1804, #146, #222 ) ) ;
#1785 = CARTESIAN_POINT ( 'NONE',  ( -1.125000000000000444, 0.1200000000000003009, 1.499000000000000110 ) ) ;
#1786 = ORIENTED_EDGE ( 'NONE', *, *, #934, .F. ) ;
#1787 = DIRECTION ( 'NONE',  ( -0.000000000000000000, 1.000000000000000000, -0.000000000000000000 ) ) ;
#1788 = SURFACE_STYLE_USAGE ( .BOTH. , #250 ) ;
#1789 = CARTESIAN_POINT ( 'NONE',  ( -1.499999999999999778, 0.000000000000000000, -1.500000000000000000 ) ) ;
#1790 = VERTEX_POINT ( 'NONE', #2261 ) ;
#1791 = SURFACE_SIDE_STYLE ('',( #853 ) ) ;
#1792 = EDGE_CURVE ( 'NONE', #1226, #1257, #1705, .T. ) ;
#1793 = EDGE_CURVE ( 'NONE', #2298, #2323, #909, .T. ) ;
#1794 = LINE ( 'NONE', #1373, #1228 ) ;
#1795 = COLOUR_RGB ( '',1.000000000000000000, 1.000000000000000000, 0.000000000000000000 ) ;
#1796 = VECTOR ( 'NONE', #1331, 1000.000000000000000 ) ;
#1797 = EDGE_LOOP ( 'NONE', ( #2169, #496, #2214, #858 ) ) ;
#1798 = CARTESIAN_POINT ( 'NONE',  ( 0.6250000000000001110, 0.1200000000000000927, 1.499000000000000110 ) ) ;
#1799 = CIRCLE ( 'NONE', #2123, 0.04999999999999991257 ) ;
#1800 = PRESENTATION_STYLE_ASSIGNMENT (( #9 ) ) ;
#1801 = VERTEX_POINT ( 'NONE', #549 ) ;
#1802 = CARTESIAN_POINT ( 'NONE',  ( 1.500000000000000222, 0.6500000000000000222, 1.500000000000000000 ) ) ;
#1803 = CARTESIAN_POINT ( 'NONE',  ( 1.499000000000000332, 0.2200000000000000011, -0.1250000000000000000 ) ) ;
#1804 = ORIENTED_EDGE ( 'NONE', *, *, #1680, .F. ) ;
#1805 = ADVANCED_FACE ( 'NONE', ( #1718 ), #772, .T. ) ;
#1806 = DIRECTION ( 'NONE',  ( -0.000000000000000000, 1.000000000000000000, -0.000000000000000000 ) ) ;
#1807 = FILL_AREA_STYLE ('',( #2350 ) ) ;
#1808 = ORIENTED_EDGE ( 'NONE', *, *, #847, .F. ) ;
#1809 = VECTOR ( 'NONE', #1187, 1000.000000000000000 ) ;
#1810 = SURFACE_STYLE_FILL_AREA ( #1417 ) ;
#1811 = ORIENTED_EDGE ( 'NONE', *, *, #1711, .T. ) ;
#1812 = PRESENTATION_LAYER_ASSIGNMENT (  '', '', ( #600 ) ) ;
#1813 = LINE ( 'NONE', #422, #111 ) ;
#1814 = CARTESIAN_POINT ( 'NONE',  ( -1.500000000000000222, 0.2200000000000000011, -0.1250000000000000000 ) ) ;
#1815 = LINE ( 'NONE', #2182, #2019 ) ;
#1816 = ORIENTED_EDGE ( 'NONE', *, *, #1462, .F. ) ;
#1817 = VECTOR ( 'NONE', #1447, 1000.000000000000000 ) ;
#1818 = DIRECTION ( 'NONE',  ( -1.000000000000000000, 1.084202172485504434E-16, -0.000000000000000000 ) ) ;
#1819 = LINE ( 'NONE', #890, #49 ) ;
#1820 = ORIENTED_EDGE ( 'NONE', *, *, #2086, .T. ) ;
#1821 = EDGE_CURVE ( 'NONE', #1683, #2205, #1911, .T. ) ;
#1822 = EDGE_LOOP ( 'NONE', ( #556, #1063, #2351, #2486 ) ) ;
#1823 = DIRECTION ( 'NONE',  ( -0.000000000000000000, -1.000000000000000000, -0.000000000000000000 ) ) ;
#1824 = DIRECTION ( 'NONE',  ( -0.000000000000000000, -0.000000000000000000, -1.000000000000000000 ) ) ;
#1825 = VERTEX_POINT ( 'NONE', #1492 ) ;
#1826 = LINE ( 'NONE', #1457, #2051 ) ;
#1827 = FILL_AREA_STYLE_COLOUR ( '', #1795 ) ;
#1828 = DIRECTION ( 'NONE',  ( -0.000000000000000000, 1.000000000000000000, -0.000000000000000000 ) ) ;
#1829 =( NAMED_UNIT ( * ) SI_UNIT ( $, .STERADIAN. ) SOLID_ANGLE_UNIT ( ) );
#1830 = ORIENTED_EDGE ( 'NONE', *, *, #2041, .F. ) ;
#1831 = VERTEX_POINT ( 'NONE', #1329 ) ;
#1832 = CIRCLE ( 'NONE', #1182, 0.05804501844113604814 ) ;
#1833 = CARTESIAN_POINT ( 'NONE',  ( 1.500000000000000222, 0.1199999999999999956, -0.1250000000000000278 ) ) ;
#1834 = EDGE_CURVE ( 'NONE', #1223, #559, #1532, .T. ) ;
#1835 = AXIS2_PLACEMENT_3D ( 'NONE', #1584, #1806, #2184 ) ;
#1836 = EDGE_CURVE ( 'NONE', #240, #367, #361, .T. ) ;
#1837 = CARTESIAN_POINT ( 'NONE',  ( 0.8699999999999995515, -0.001000000000000000021, 1.135000000000000231 ) ) ;
#1838 = AXIS2_PLACEMENT_3D ( 'NONE', #37, #1570, #802 ) ;
#1839 = CARTESIAN_POINT ( 'NONE',  ( 0.8199999999999999512, 0.000000000000000000, -1.084999999999999964 ) ) ;
#1840 = EDGE_LOOP ( 'NONE', ( #732, #482, #2461, #1394 ) ) ;
#1841 = DIRECTION ( 'NONE',  ( -0.000000000000000000, -0.000000000000000000, -1.000000000000000000 ) ) ;
#1842 = CARTESIAN_POINT ( 'NONE',  ( 1.199999999999999289, 0.6500000000000000222, 1.300000000000000044 ) ) ;
#1843 = CARTESIAN_POINT ( 'NONE',  ( 1.300000000000000044, 0.6500000000000000222, 1.199999999999999289 ) ) ;
#1844 = ORIENTED_EDGE ( 'NONE', *, *, #1265, .T. ) ;
#1845 = VERTEX_POINT ( 'NONE', #1316 ) ;
#1846 = DIRECTION ( 'NONE',  ( -1.000000000000000000, 0.000000000000000000, 0.000000000000000000 ) ) ;
#1847 = FACE_BOUND ( 'NONE', #414, .T. ) ;
#1848 = MECHANICAL_DESIGN_GEOMETRIC_PRESENTATION_REPRESENTATION (  '', ( #1643 ), #800 ) ;
#1849 = LINE ( 'NONE', #862, #1145 ) ;
#1850 = AXIS2_PLACEMENT_3D ( 'NONE', #412, #2153, #1970 ) ;
#1851 = ORIENTED_EDGE ( 'NONE', *, *, #1419, .F. ) ;
#1852 = CARTESIAN_POINT ( 'NONE',  ( -1.199999999999999956, 0.5999999999999999778, -1.008578643762690463 ) ) ;
#1853 = DIRECTION ( 'NONE',  ( 0.000000000000000000, 0.000000000000000000, -1.000000000000000000 ) ) ;
#1854 = EDGE_CURVE ( 'NONE', #174, #535, #138, .T. ) ;
#1855 = FACE_OUTER_BOUND ( 'NONE', #701, .T. ) ;
#1856 = AXIS2_PLACEMENT_3D ( 'NONE', #187, #1537, #580 ) ;
#1857 = ORIENTED_EDGE ( 'NONE', *, *, #1781, .T. ) ;
#1858 = ORIENTED_EDGE ( 'NONE', *, *, #2269, .F. ) ;
#1859 = CARTESIAN_POINT ( 'NONE',  ( -1.499999999999999778, 0.6500000000000000222, 1.500000000000000000 ) ) ;
#1860 = CARTESIAN_POINT ( 'NONE',  ( -0.8750000000000001110, 0.1200000000000002731, -1.499000000000000110 ) ) ;
#1861 =( NAMED_UNIT ( * ) PLANE_ANGLE_UNIT ( ) SI_UNIT ( $, .RADIAN. ) );
#1862 = DIRECTION ( 'NONE',  ( 0.000000000000000000, -1.084202172485504434E-16, 1.000000000000000000 ) ) ;
#1863 = VERTEX_POINT ( 'NONE', #2089 ) ;
#1864 = DIRECTION ( 'NONE',  ( -0.000000000000000000, -1.000000000000000000, -0.000000000000000000 ) ) ;
#1865 = LINE ( 'NONE', #2060, #1184 ) ;
#1866 = PLANE ( 'NONE',  #2381 ) ;
#1867 = ORIENTED_EDGE ( 'NONE', *, *, #528, .F. ) ;
#1868 = ADVANCED_FACE ( 'NONE', ( #179 ), #357, .T. ) ;
#1869 = ORIENTED_EDGE ( 'NONE', *, *, #54, .T. ) ;
#1870 = ORIENTED_EDGE ( 'NONE', *, *, #1371, .F. ) ;
#1871 = VECTOR ( 'NONE', #1097, 1000.000000000000000 ) ;
#1872 = COLOUR_RGB ( '',1.000000000000000000, 1.000000000000000000, 0.000000000000000000 ) ;
#1873 = PRESENTATION_STYLE_ASSIGNMENT (( #1085 ) ) ;
#1874 = CLOSED_SHELL ( 'NONE', ( #2426, #2037, #1165, #1060, #1759, #481, #1135, #38, #832, #1568, #904, #2234, #85, #2026, #35, #711, #2128, #1868, #99, #1599, #405, #1662, #478, #681, #1963, #2435, #1222, #5, #2380, #678, #2178, #1992, #781, #308, #185, #186, #1916, #524, #620, #2191, #667, #2299, #2348, #1512, #212, #2162, #1120, #951, #1238, #1757, #2468, #2011, #894, #2283, #2465, #2425, #1805, #995, #1676, #1649, #2502, #196, #230, #993, #416, #2247, #2304, #587, #2268, #755, #418, #2480, #2392, #2406, #1881 ) ) ;
#1875 = CARTESIAN_POINT ( 'NONE',  ( 0.6250000000000001110, 0.1200000000000000927, -1.499000000000000110 ) ) ;
#1876 = CIRCLE ( 'NONE', #2365, 0.05804501844113604814 ) ;
#1877 = EDGE_LOOP ( 'NONE', ( #672, #545, #1422, #2366 ) ) ;
#1878 = CARTESIAN_POINT ( 'NONE',  ( 0.8199999999999993960, -0.001000000000000000021, 1.085000000000000187 ) ) ;
#1879 = DIRECTION ( 'NONE',  ( -1.000000000000000000, 1.084202172485503571E-16, 0.000000000000000000 ) ) ;
#1880 = ORIENTED_EDGE ( 'NONE', *, *, #1677, .F. ) ;
#1881 = ADVANCED_FACE ( 'NONE', ( #921 ), #1694, .T. ) ;
#1882 = ORIENTED_EDGE ( 'NONE', *, *, #227, .T. ) ;
#1883 = PLANE ( 'NONE',  #650 ) ;
#1884 = ORIENTED_EDGE ( 'NONE', *, *, #966, .T. ) ;
#1885 = DIRECTION ( 'NONE',  ( -0.000000000000000000, 1.000000000000000000, -0.000000000000000000 ) ) ;
#1886 = PLANE ( 'NONE',  #1348 ) ;
#1887 = ORIENTED_EDGE ( 'NONE', *, *, #247, .F. ) ;
#1888 = DIRECTION ( 'NONE',  ( 0.000000000000000000, 1.000000000000000000, 0.000000000000000000 ) ) ;
#1889 = DIRECTION ( 'NONE',  ( 0.000000000000000000, 0.000000000000000000, -1.000000000000000000 ) ) ;
#1890 = CARTESIAN_POINT ( 'NONE',  ( -1.250000000000000222, 0.000000000000000000, 1.135000000000000009 ) ) ;
#1891 = CARTESIAN_POINT ( 'NONE',  ( -1.499999999999999778, 0.6500000000000000222, 1.500000000000000000 ) ) ;
#1892 = ORIENTED_EDGE ( 'NONE', *, *, #1328, .T. ) ;
#1893 = UNCERTAINTY_MEASURE_WITH_UNIT (LENGTH_MEASURE( 1.000000000000000082E-05 ), #2198, 'distance_accuracy_value', 'NONE');
#1894 = AXIS2_PLACEMENT_3D ( 'NONE', #784, #1451, #673 ) ;
#1895 = ORIENTED_EDGE ( 'NONE', *, *, #1711, .F. ) ;
#1896 = VECTOR ( 'NONE', #615, 1000.000000000000000 ) ;
#1897 = ORIENTED_EDGE ( 'NONE', *, *, #1073, .F. ) ;
#1898 = COLOUR_RGB ( '',1.000000000000000000, 1.000000000000000000, 0.000000000000000000 ) ;
#1899 = DIRECTION ( 'NONE',  ( 1.000000000000000000, 0.000000000000000000, -0.000000000000000000 ) ) ;
#1900 = EDGE_CURVE ( 'NONE', #2424, #1801, #1136, .T. ) ;
#1901 = CARTESIAN_POINT ( 'NONE',  ( 1.299999999999999822, 0.000000000000000000, -1.084999999999999742 ) ) ;
#1902 = EDGE_CURVE ( 'NONE', #1683, #1350, #383, .T. ) ;
#1903 = DIRECTION ( 'NONE',  ( -0.000000000000000000, -0.000000000000000000, 1.000000000000000000 ) ) ;
#1904 = DIRECTION ( 'NONE',  ( 0.000000000000000000, 0.000000000000000000, 1.000000000000000000 ) ) ;
#1905 = LINE ( 'NONE', #2319, #1062 ) ;
#1906 = FACE_OUTER_BOUND ( 'NONE', #1416, .T. ) ;
#1907 = EDGE_LOOP ( 'NONE', ( #1629, #508, #283, #1514 ) ) ;
#1908 = PLANE ( 'NONE',  #2062 ) ;
#1909 = ORIENTED_EDGE ( 'NONE', *, *, #934, .T. ) ;
#1910 =( GEOMETRIC_REPRESENTATION_CONTEXT ( 3 ) GLOBAL_UNCERTAINTY_ASSIGNED_CONTEXT ( ( #2300 ) ) GLOBAL_UNIT_ASSIGNED_CONTEXT ( ( #713, #1861, #275 ) ) REPRESENTATION_CONTEXT ( 'NONE', 'WORKASPACE' ) );
#1911 = LINE ( 'NONE', #1517, #956 ) ;
#1912 = EDGE_CURVE ( 'NONE', #2187, #1825, #646, .T. ) ;
#1913 = CARTESIAN_POINT ( 'NONE',  ( -0.8750000000000001110, 0.1200000000000002731, -1.499000000000000110 ) ) ;
#1914 = DIRECTION ( 'NONE',  ( 0.000000000000000000, -1.000000000000000000, 0.000000000000000000 ) ) ;
#1915 = AXIS2_PLACEMENT_3D ( 'NONE', #2090, #359, #1124 ) ;
#1916 = ADVANCED_FACE ( 'NONE', ( #2503 ), #1006, .F. ) ;
#1917 = CARTESIAN_POINT ( 'NONE',  ( 0.8199999999999993960, -0.001000000000000000021, 1.085000000000000187 ) ) ;
#1918 = CIRCLE ( 'NONE', #178, 0.04999999999999991257 ) ;
#1919 = CARTESIAN_POINT ( 'NONE',  ( 0.06999999999999961808, 0.000000000000000000, 1.135000000000000009 ) ) ;
#1920 = SURFACE_STYLE_FILL_AREA ( #2309 ) ;
#1921 = PRESENTATION_LAYER_ASSIGNMENT (  '', '', ( #2159 ) ) ;
#1922 = ORIENTED_EDGE ( 'NONE', *, *, #1982, .F. ) ;
#1923 = COLOUR_RGB ( '',1.000000000000000000, 1.000000000000000000, 0.000000000000000000 ) ;
#1924 = FILL_AREA_STYLE_COLOUR ( '', #1667 ) ;
#1925 = DIRECTION ( 'NONE',  ( -0.000000000000000000, -0.000000000000000000, 1.000000000000000000 ) ) ;
#1926 = FACE_OUTER_BOUND ( 'NONE', #2176, .T. ) ;
#1927 = DIRECTION ( 'NONE',  ( -0.000000000000000000, 1.000000000000000000, -0.000000000000000000 ) ) ;
#1928 = DIRECTION ( 'NONE',  ( -0.000000000000000000, -0.000000000000000000, 1.000000000000000000 ) ) ;
#1929 = CARTESIAN_POINT ( 'NONE',  ( -1.499000000000000332, 0.1199999999999999678, 0.1250000000000000000 ) ) ;
#1930 = DIRECTION ( 'NONE',  ( 0.000000000000000000, -1.000000000000000000, 0.000000000000000000 ) ) ;
#1931 = EDGE_LOOP ( 'NONE', ( #2064, #1463, #698, #2156, #1304, #290, #457, #1204 ) ) ;
#1932 = AXIS2_PLACEMENT_3D ( 'NONE', #2139, #1518, #798 ) ;
#1933 = EDGE_CURVE ( 'NONE', #434, #728, #2340, .T. ) ;
#1934 = DIRECTION ( 'NONE',  ( -0.5416752204197016196, -0.6427876096865398070, -0.5416752204197016196 ) ) ;
#1935 = COLOUR_RGB ( '',1.000000000000000000, 1.000000000000000000, 1.000000000000000000 ) ;
#1936 =( GEOMETRIC_REPRESENTATION_CONTEXT ( 3 ) GLOBAL_UNCERTAINTY_ASSIGNED_CONTEXT ( ( #2146 ) ) GLOBAL_UNIT_ASSIGNED_CONTEXT ( ( #1186, #868, #203 ) ) REPRESENTATION_CONTEXT ( 'NONE', 'WORKASPACE' ) );
#1937 = AXIS2_PLACEMENT_3D ( 'NONE', #533, #1300, #891 ) ;
#1938 = ORIENTED_EDGE ( 'NONE', *, *, #1196, .F. ) ;
#1939 = CARTESIAN_POINT ( 'NONE',  ( -1.199999999999999956, 0.6500000000000000222, 1.199999999999999956 ) ) ;
#1940 = CARTESIAN_POINT ( 'NONE',  ( 0.8750000000000001110, 0.1200000000000000649, 1.499000000000000110 ) ) ;
#1941 = LINE ( 'NONE', #2293, #519 ) ;
#1942 = FACE_OUTER_BOUND ( 'NONE', #228, .T. ) ;
#1943 = FACE_OUTER_BOUND ( 'NONE', #931, .T. ) ;
#1944 = ORIENTED_EDGE ( 'NONE', *, *, #1009, .F. ) ;
#1945 = UNCERTAINTY_MEASURE_WITH_UNIT (LENGTH_MEASURE( 1.000000000000000082E-05 ), #312, 'distance_accuracy_value', 'NONE');
#1946 = PRODUCT_CONTEXT ( 'NONE', #1240, 'mechanical' ) ;
#1947 = EDGE_CURVE ( 'NONE', #1782, #1047, #1639, .T. ) ;
#1948 = ORIENTED_EDGE ( 'NONE', *, *, #710, .T. ) ;
#1949 = EDGE_CURVE ( 'NONE', #1481, #2135, #796, .T. ) ;
#1950 = CARTESIAN_POINT ( 'NONE',  ( -1.199999999999999512, 0.6500000000000000222, 1.300000000000000044 ) ) ;
#1951 = ORIENTED_EDGE ( 'NONE', *, *, #1614, .F. ) ;
#1952 =( NAMED_UNIT ( * ) PLANE_ANGLE_UNIT ( ) SI_UNIT ( $, .RADIAN. ) );
#1953 = LINE ( 'NONE', #749, #825 ) ;
#1954 = CARTESIAN_POINT ( 'NONE',  ( 1.199999999999999289, 0.6500000000000000222, -1.300000000000000044 ) ) ;
#1955 = DIRECTION ( 'NONE',  ( 0.000000000000000000, 0.000000000000000000, 1.000000000000000000 ) ) ;
#1956 = DIRECTION ( 'NONE',  ( 0.000000000000000000, -1.000000000000000000, 0.000000000000000000 ) ) ;
#1957 = CARTESIAN_POINT ( 'NONE',  ( -1.499999999999999778, 0.6500000000000000222, 1.500000000000000000 ) ) ;
#1958 = ORIENTED_EDGE ( 'NONE', *, *, #1382, .T. ) ;
#1959 = APPLICATION_PROTOCOL_DEFINITION ( 'draft international standard', 'automotive_design', 1998, #631 ) ;
#1960 = FACE_OUTER_BOUND ( 'NONE', #2202, .T. ) ;
#1961 = CARTESIAN_POINT ( 'NONE',  ( -1.499999999999999778, 0.6500000000000000222, 1.500000000000000000 ) ) ;
#1962 =( GEOMETRIC_REPRESENTATION_CONTEXT ( 3 ) GLOBAL_UNCERTAINTY_ASSIGNED_CONTEXT ( ( #1945 ) ) GLOBAL_UNIT_ASSIGNED_CONTEXT ( ( #312, #1077, #2422 ) ) REPRESENTATION_CONTEXT ( 'NONE', 'WORKASPACE' ) );
#1963 = ADVANCED_FACE ( 'NONE', ( #32 ), #1292, .F. ) ;
#1964 = AXIS2_PLACEMENT_3D ( 'NONE', #815, #1579, #2154 ) ;
#1965 = ORIENTED_EDGE ( 'NONE', *, *, #2203, .F. ) ;
#1966 = FILL_AREA_STYLE_COLOUR ( '', #2255 ) ;
#1967 = PLANE ( 'NONE',  #108 ) ;
#1968 = EDGE_CURVE ( 'NONE', #1523, #2404, #968, .T. ) ;
#1969 = SURFACE_STYLE_FILL_AREA ( #1020 ) ;
#1970 = DIRECTION ( 'NONE',  ( -1.000000000000000000, 1.084202172485504434E-16, 0.000000000000000000 ) ) ;
#1971 = CARTESIAN_POINT ( 'NONE',  ( 0.8699999999999995515, -0.001000000000000000021, 1.135000000000000231 ) ) ;
#1972 = DIRECTION ( 'NONE',  ( -1.000000000000000000, 0.000000000000000000, -0.000000000000000000 ) ) ;
#1973 = ORIENTED_EDGE ( 'NONE', *, *, #1580, .F. ) ;
#1974 = DIRECTION ( 'NONE',  ( 1.000000000000000000, -1.084202172485503571E-16, 0.000000000000000000 ) ) ;
#1975 =( NAMED_UNIT ( * ) SI_UNIT ( $, .STERADIAN. ) SOLID_ANGLE_UNIT ( ) );
#1976 = DIRECTION ( 'NONE',  ( 0.000000000000000000, -0.000000000000000000, -1.000000000000000000 ) ) ;
#1977 = LINE ( 'NONE', #1425, #107 ) ;
#1978 = DIRECTION ( 'NONE',  ( -1.000000000000000000, 1.084202172485504434E-16, -0.000000000000000000 ) ) ;
#1979 = PRESENTATION_LAYER_ASSIGNMENT (  '', '', ( #1646 ) ) ;
#1980 = ORIENTED_EDGE ( 'NONE', *, *, #597, .T. ) ;
#1981 = EDGE_LOOP ( 'NONE', ( #2474, #1092, #1808, #696 ) ) ;
#1982 = EDGE_CURVE ( 'NONE', #2409, #379, #229, .T. ) ;
#1983 = EDGE_CURVE ( 'NONE', #2008, #1801, #291, .T. ) ;
#1984 = CARTESIAN_POINT ( 'NONE',  ( 0.6250000000000001110, 0.2200000000000000844, 1.499000000000000110 ) ) ;
#1985 = SURFACE_STYLE_FILL_AREA ( #1377 ) ;
#1986 = VERTEX_POINT ( 'NONE', #991 ) ;
#1987 = LINE ( 'NONE', #467, #2402 ) ;
#1988 = LINE ( 'NONE', #119, #531 ) ;
#1989 = VERTEX_POINT ( 'NONE', #1745 ) ;
#1990 = CARTESIAN_POINT ( 'NONE',  ( -1.300000000000000266, -0.001000000000000000021, 1.084999999999999964 ) ) ;
#1991 = ORIENTED_EDGE ( 'NONE', *, *, #2326, .T. ) ;
#1992 = ADVANCED_FACE ( 'NONE', ( #2150 ), #2138, .F. ) ;
#1993 = DIRECTION ( 'NONE',  ( 0.000000000000000000, -1.084202172485504434E-16, 1.000000000000000000 ) ) ;
#1994 = PRODUCT_DEFINITION_SHAPE ( 'NONE', 'NONE',  #1527 ) ;
#1995 = CARTESIAN_POINT ( 'NONE',  ( -0.8750000000000001110, 0.1200000000000002731, 1.500000000000000000 ) ) ;
#1996 =( LENGTH_UNIT ( ) NAMED_UNIT ( * ) SI_UNIT ( .MILLI., .METRE. ) );
#1997 = ORIENTED_EDGE ( 'NONE', *, *, #527, .T. ) ;
#1998 = DIRECTION ( 'NONE',  ( 1.000000000000000000, 1.084202172485504434E-16, 0.000000000000000000 ) ) ;
#1999 = CARTESIAN_POINT ( 'NONE',  ( -1.250000000000000000, 0.000000000000000000, -1.135000000000000009 ) ) ;
#2000 = MANIFOLD_SOLID_BREP ( 'Mirror2', #1874 ) ;
#2001 = VERTEX_POINT ( 'NONE', #426 ) ;
#2002 = PRESENTATION_STYLE_ASSIGNMENT (( #458 ) ) ;
#2003 = AXIS2_PLACEMENT_3D ( 'NONE', #1148, #1927, #714 ) ;
#2004 = ORIENTED_EDGE ( 'NONE', *, *, #1540, .F. ) ;
#2005 = LINE ( 'NONE', #217, #1605 ) ;
#2006 = DIRECTION ( 'NONE',  ( -1.000000000000000000, 0.000000000000000000, 0.000000000000000000 ) ) ;
#2007 = CARTESIAN_POINT ( 'NONE',  ( 0.1199999999999995653, 0.000000000000000000, 1.084999999999999964 ) ) ;
#2008 = VERTEX_POINT ( 'NONE', #2373 ) ;
#2009 = SURFACE_SIDE_STYLE ('',( #2238 ) ) ;
#2010 = DIRECTION ( 'NONE',  ( -0.000000000000000000, 1.000000000000000000, -0.000000000000000000 ) ) ;
#2011 = ADVANCED_FACE ( 'NONE', ( #274 ), #2035, .F. ) ;
#2012 =( NAMED_UNIT ( * ) PLANE_ANGLE_UNIT ( ) SI_UNIT ( $, .RADIAN. ) );
#2013 = ORIENTED_EDGE ( 'NONE', *, *, #1756, .T. ) ;
#2014 = AXIS2_PLACEMENT_3D ( 'NONE', #445, #609, #1415 ) ;
#2015 = ORIENTED_EDGE ( 'NONE', *, *, #1278, .T. ) ;
#2016 = AXIS2_PLACEMENT_3D ( 'NONE', #1146, #190, #1734 ) ;
#2017 = LINE ( 'NONE', #699, #1249 ) ;
#2018 = CARTESIAN_POINT ( 'NONE',  ( 0.1199999999999998984, -0.001000000000000000021, -1.085000000000000187 ) ) ;
#2019 = VECTOR ( 'NONE', #1176, 1000.000000000000000 ) ;
#2020 = ORIENTED_EDGE ( 'NONE', *, *, #1633, .F. ) ;
#2021 = DIRECTION ( 'NONE',  ( -0.000000000000000000, 1.000000000000000000, -0.000000000000000000 ) ) ;
#2022 = MECHANICAL_DESIGN_GEOMETRIC_PRESENTATION_REPRESENTATION (  '', ( #2459 ), #883 ) ;
#2023 = DIRECTION ( 'NONE',  ( -1.000000000000000000, 0.000000000000000000, 0.000000000000000000 ) ) ;
#2024 = CARTESIAN_POINT ( 'NONE',  ( 1.249999999999999778, -0.001000000000000000021, 1.135000000000000009 ) ) ;
#2025 = VERTEX_POINT ( 'NONE', #819 ) ;
#2026 = ADVANCED_FACE ( 'NONE', ( #64 ), #1211, .F. ) ;
#2027 = VERTEX_POINT ( 'NONE', #635 ) ;
#2028 = EDGE_CURVE ( 'NONE', #1501, #240, #1395, .T. ) ;
#2029 = ORIENTED_EDGE ( 'NONE', *, *, #54, .F. ) ;
#2030 =( LENGTH_UNIT ( ) NAMED_UNIT ( * ) SI_UNIT ( .MILLI., .METRE. ) );
#2031 = CARTESIAN_POINT ( 'NONE',  ( 0.6250000000000001110, 0.1200000000000000927, 1.499000000000000110 ) ) ;
#2032 = ORIENTED_EDGE ( 'NONE', *, *, #2068, .F. ) ;
#2033 = DIRECTION ( 'NONE',  ( -1.084202172485503941E-16, 1.000000000000000000, 0.000000000000000000 ) ) ;
#2034 = CARTESIAN_POINT ( 'NONE',  ( -1.250000000000000222, 0.000000000000000000, 1.135000000000000009 ) ) ;
#2035 = PLANE ( 'NONE',  #2177 ) ;
#2036 = VERTEX_POINT ( 'NONE', #2387 ) ;
#2037 = ADVANCED_FACE ( 'NONE', ( #850, #24, #251, #463 ), #62, .F. ) ;
#2038 = ORIENTED_EDGE ( 'NONE', *, *, #572, .T. ) ;
#2039 = PRESENTATION_LAYER_ASSIGNMENT (  '', '', ( #302 ) ) ;
#2040 = FACE_OUTER_BOUND ( 'NONE', #141, .T. ) ;
#2041 = EDGE_CURVE ( 'NONE', #906, #254, #2379, .T. ) ;
#2042 = AXIS2_PLACEMENT_3D ( 'NONE', #2343, #1955, #436 ) ;
#2043 = DIRECTION ( 'NONE',  ( -0.000000000000000000, 1.000000000000000000, -0.000000000000000000 ) ) ;
#2044 = ORIENTED_EDGE ( 'NONE', *, *, #1237, .F. ) ;
#2045 = DIRECTION ( 'NONE',  ( -1.000000000000000000, -1.084202172485503941E-16, 0.000000000000000000 ) ) ;
#2046 = CARTESIAN_POINT ( 'NONE',  ( 0.000000000000000000, 0.000000000000000000, -1.499000000000000110 ) ) ;
#2047 = FACE_OUTER_BOUND ( 'NONE', #1171, .T. ) ;
#2048 = ORIENTED_EDGE ( 'NONE', *, *, #1710, .F. ) ;
#2049 = ORIENTED_EDGE ( 'NONE', *, *, #1372, .F. ) ;
#2050 = DIRECTION ( 'NONE',  ( -0.000000000000000000, -0.000000000000000000, -1.000000000000000000 ) ) ;
#2051 = VECTOR ( 'NONE', #1671, 1000.000000000000000 ) ;
#2052 = FACE_OUTER_BOUND ( 'NONE', #880, .T. ) ;
#2053 = FACE_OUTER_BOUND ( 'NONE', #932, .T. ) ;
#2054 = VECTOR ( 'NONE', #8, 1000.000000000000000 ) ;
#2055 = AXIS2_PLACEMENT_3D ( 'NONE', #630, #435, #1592 ) ;
#2056 = EDGE_CURVE ( 'NONE', #240, #176, #2385, .T. ) ;
#2057 = ORIENTED_EDGE ( 'NONE', *, *, #1312, .T. ) ;
#2058 = DIRECTION ( 'NONE',  ( 1.000000000000000000, 1.084202172485504434E-16, 0.000000000000000000 ) ) ;
#2059 = VECTOR ( 'NONE', #2200, 1000.000000000000000 ) ;
#2060 = CARTESIAN_POINT ( 'NONE',  ( -1.125000000000000444, 0.1200000000000003009, 1.500000000000000000 ) ) ;
#2061 = FACE_OUTER_BOUND ( 'NONE', #555, .T. ) ;
#2062 = AXIS2_PLACEMENT_3D ( 'NONE', #1323, #719, #534 ) ;
#2063 = ORIENTED_EDGE ( 'NONE', *, *, #1107, .T. ) ;
#2064 = ORIENTED_EDGE ( 'NONE', *, *, #871, .T. ) ;
#2065 = CARTESIAN_POINT ( 'NONE',  ( 0.000000000000000000, 0.000000000000000000, -1.499000000000000110 ) ) ;
#2066 = DIRECTION ( 'NONE',  ( 0.000000000000000000, 0.000000000000000000, 1.000000000000000000 ) ) ;
#2067 = CARTESIAN_POINT ( 'NONE',  ( -1.008578643762690019, 0.6500000000000000222, -1.300000000000000044 ) ) ;
#2068 = EDGE_CURVE ( 'NONE', #1435, #707, #437, .T. ) ;
#2069 = ORIENTED_EDGE ( 'NONE', *, *, #1428, .F. ) ;
#2070 = DIRECTION ( 'NONE',  ( 0.000000000000000000, -0.7660444431189776804, -0.6427876096865398070 ) ) ;
#2071 = LINE ( 'NONE', #341, #446 ) ;
#2072 = ORIENTED_EDGE ( 'NONE', *, *, #1571, .F. ) ;
#2073 = VERTEX_POINT ( 'NONE', #642 ) ;
#2074 = VERTEX_POINT ( 'NONE', #817 ) ;
#2075 = LINE ( 'NONE', #1833, #1602 ) ;
#2076 = DIRECTION ( 'NONE',  ( -0.000000000000000000, -0.000000000000000000, -1.000000000000000000 ) ) ;
#2077 = LINE ( 'NONE', #347, #2475 ) ;
#2078 = VECTOR ( 'NONE', #822, 1000.000000000000000 ) ;
#2079 = FILL_AREA_STYLE ('',( #936 ) ) ;
#2080 = ORIENTED_EDGE ( 'NONE', *, *, #1614, .T. ) ;
#2081 = DIRECTION ( 'NONE',  ( 0.000000000000000000, -1.000000000000000000, 0.000000000000000000 ) ) ;
#2082 = FACE_OUTER_BOUND ( 'NONE', #1037, .T. ) ;
#2083 = CARTESIAN_POINT ( 'NONE',  ( 1.500000000000000222, 0.000000000000000000, -1.500000000000000000 ) ) ;
#2084 = ORIENTED_EDGE ( 'NONE', *, *, #877, .F. ) ;
#2085 = ORIENTED_EDGE ( 'NONE', *, *, #771, .T. ) ;
#2086 = EDGE_CURVE ( 'NONE', #331, #1301, #237, .T. ) ;
#2087 = EDGE_CURVE ( 'NONE', #769, #434, #1815, .T. ) ;
#2088 = ORIENTED_EDGE ( 'NONE', *, *, #295, .F. ) ;
#2089 = CARTESIAN_POINT ( 'NONE',  ( 1.500000000000000222, 0.2200000000000000566, -0.1250000000000001110 ) ) ;
#2090 = CARTESIAN_POINT ( 'NONE',  ( 0.8699999999999995515, -0.001000000000000000021, 1.085000000000000187 ) ) ;
#2091 =( NAMED_UNIT ( * ) PLANE_ANGLE_UNIT ( ) SI_UNIT ( $, .RADIAN. ) );
#2092 = CARTESIAN_POINT ( 'NONE',  ( -0.8750000000000001110, 0.2200000000000002787, -1.499000000000000110 ) ) ;
#2093 = CARTESIAN_POINT ( 'NONE',  ( -1.199999999999999289, 0.6500000000000000222, 1.300000000000000044 ) ) ;
#2094 = VECTOR ( 'NONE', #194, 1000.000000000000000 ) ;
#2095 = PLANE ( 'NONE',  #2303 ) ;
#2096 = ORIENTED_EDGE ( 'NONE', *, *, #1450, .F. ) ;
#2097 = AXIS2_PLACEMENT_3D ( 'NONE', #738, #1318, #996 ) ;
#2098 = ORIENTED_EDGE ( 'NONE', *, *, #450, .F. ) ;
#2099 = EDGE_CURVE ( 'NONE', #63, #1831, #1572, .T. ) ;
#2100 =( GEOMETRIC_REPRESENTATION_CONTEXT ( 3 ) GLOBAL_UNCERTAINTY_ASSIGNED_CONTEXT ( ( #1893 ) ) GLOBAL_UNIT_ASSIGNED_CONTEXT ( ( #2198, #2110, #1730 ) ) REPRESENTATION_CONTEXT ( 'NONE', 'WORKASPACE' ) );
#2101 = EDGE_CURVE ( 'NONE', #2209, #1142, #1408, .T. ) ;
#2102 = DIRECTION ( 'NONE',  ( -0.000000000000000000, 1.000000000000000000, -0.000000000000000000 ) ) ;
#2103 = CARTESIAN_POINT ( 'NONE',  ( -0.5250000000000000222, 0.1200000000000000233, 1.499000000000000110 ) ) ;
#2104 = CARTESIAN_POINT ( 'NONE',  ( -1.499000000000000332, 0.2200000000000000011, -0.1250000000000000000 ) ) ;
#2105 = PLANE ( 'NONE',  #2097 ) ;
#2106 = CARTESIAN_POINT ( 'NONE',  ( -1.300000000000000044, 0.6500000000000000222, -1.008578643762690019 ) ) ;
#2107 = CARTESIAN_POINT ( 'NONE',  ( -0.5250000000000000222, 0.2199999999999999178, 1.500000000000000000 ) ) ;
#2108 = ORIENTED_EDGE ( 'NONE', *, *, #937, .T. ) ;
#2109 = EDGE_LOOP ( 'NONE', ( #74, #1069, #1289, #2390 ) ) ;
#2110 =( NAMED_UNIT ( * ) PLANE_ANGLE_UNIT ( ) SI_UNIT ( $, .RADIAN. ) );
#2111 = PRESENTATION_STYLE_ASSIGNMENT (( #1529 ) ) ;
#2112 = DIRECTION ( 'NONE',  ( 0.6427876096865398070, 0.7660444431189775694, -0.000000000000000000 ) ) ;
#2113 = DIRECTION ( 'NONE',  ( -0.000000000000000000, 1.000000000000000000, -0.000000000000000000 ) ) ;
#2114 = FACE_OUTER_BOUND ( 'NONE', #756, .T. ) ;
#2115 = VECTOR ( 'NONE', #1303, 1000.000000000000000 ) ;
#2116 = EDGE_CURVE ( 'NONE', #367, #824, #985, .T. ) ;
#2117 = LINE ( 'NONE', #750, #1117 ) ;
#2118 = SURFACE_SIDE_STYLE ('',( #1344 ) ) ;
#2119 = VECTOR ( 'NONE', #2282, 1000.000000000000000 ) ;
#2120 = FACE_OUTER_BOUND ( 'NONE', #1647, .T. ) ;
#2121 = VECTOR ( 'NONE', #424, 1000.000000000000000 ) ;
#2122 = ORIENTED_EDGE ( 'NONE', *, *, #388, .F. ) ;
#2123 = AXIS2_PLACEMENT_3D ( 'NONE', #1138, #1914, #911 ) ;
#2124 = FILL_AREA_STYLE ('',( #1924 ) ) ;
#2125 = ORIENTED_EDGE ( 'NONE', *, *, #2487, .T. ) ;
#2126 = CARTESIAN_POINT ( 'NONE',  ( -0.5250000000000000222, 0.1200000000000000233, -1.499000000000000110 ) ) ;
#2127 = LINE ( 'NONE', #397, #1019 ) ;
#2128 = ADVANCED_FACE ( 'NONE', ( #80 ), #453, .F. ) ;
#2129 = EDGE_CURVE ( 'NONE', #254, #202, #2190, .T. ) ;
#2130 = CARTESIAN_POINT ( 'NONE',  ( 0.06999999999999986788, -0.001000000000000000021, -1.085000000000000187 ) ) ;
#2131 = FACE_OUTER_BOUND ( 'NONE', #1625, .T. ) ;
#2132 = VERTEX_POINT ( 'NONE', #1789 ) ;
#2133 =( NAMED_UNIT ( * ) PLANE_ANGLE_UNIT ( ) SI_UNIT ( $, .RADIAN. ) );
#2134 = VECTOR ( 'NONE', #2058, 1000.000000000000000 ) ;
#2135 = VERTEX_POINT ( 'NONE', #2144 ) ;
#2136 = MECHANICAL_DESIGN_GEOMETRIC_PRESENTATION_REPRESENTATION (  '', ( #199 ), #158 ) ;
#2137 = VERTEX_POINT ( 'NONE', #2007 ) ;
#2138 = PLANE ( 'NONE',  #2456 ) ;
#2139 = CARTESIAN_POINT ( 'NONE',  ( -1.199999999999999956, 0.6500000000000000222, 1.199999999999999956 ) ) ;
#2140 = PLANE ( 'NONE',  #1850 ) ;
#2141 = DIRECTION ( 'NONE',  ( -5.706327223607914597E-16, 0.000000000000000000, -1.000000000000000000 ) ) ;
#2142 = EDGE_CURVE ( 'NONE', #1989, #31, #602, .T. ) ;
#2143 = CARTESIAN_POINT ( 'NONE',  ( -0.8750000000000001110, 0.2200000000000002787, 1.499000000000000110 ) ) ;
#2144 = CARTESIAN_POINT ( 'NONE',  ( 0.8750000000000001110, 0.1200000000000000649, -1.499000000000000110 ) ) ;
#2145 = EDGE_LOOP ( 'NONE', ( #715, #1008, #2301, #2013 ) ) ;
#2146 = UNCERTAINTY_MEASURE_WITH_UNIT (LENGTH_MEASURE( 1.000000000000000082E-05 ), #1186, 'distance_accuracy_value', 'NONE');
#2147 = CARTESIAN_POINT ( 'NONE',  ( 1.500000000000000222, 0.1199999999999999956, -0.1250000000000000278 ) ) ;
#2148 =( NAMED_UNIT ( * ) SI_UNIT ( $, .STERADIAN. ) SOLID_ANGLE_UNIT ( ) );
#2149 = ORIENTED_EDGE ( 'NONE', *, *, #211, .F. ) ;
#2150 = FACE_OUTER_BOUND ( 'NONE', #1981, .T. ) ;
#2151 = FACE_OUTER_BOUND ( 'NONE', #304, .T. ) ;
#2152 = LINE ( 'NONE', #33, #1448 ) ;
#2153 = DIRECTION ( 'NONE',  ( 1.084202172485504434E-16, 1.000000000000000000, 0.000000000000000000 ) ) ;
#2154 = DIRECTION ( 'NONE',  ( 0.000000000000000000, 0.000000000000000000, -1.000000000000000000 ) ) ;
#2155 = DIRECTION ( 'NONE',  ( 1.000000000000000000, 0.000000000000000000, 1.998529350203694707E-16 ) ) ;
#2156 = ORIENTED_EDGE ( 'NONE', *, *, #1478, .T. ) ;
#2157 = DIRECTION ( 'NONE',  ( -0.7071067811865474617, 0.000000000000000000, 0.7071067811865474617 ) ) ;
#2158 = VECTOR ( 'NONE', #1547, 1000.000000000000000 ) ;
#2159 = STYLED_ITEM ( 'NONE', ( #47 ), #481 ) ;
#2160 = EDGE_CURVE ( 'NONE', #1257, #513, #474, .T. ) ;
#2161 = DIRECTION ( 'NONE',  ( -1.000000000000000000, 1.084202172485504434E-16, 0.000000000000000000 ) ) ;
#2162 = ADVANCED_FACE ( 'NONE', ( #2396 ), #205, .F. ) ;
#2163 = EDGE_CURVE ( 'NONE', #2135, #2497, #1747, .T. ) ;
#2164 = ORIENTED_EDGE ( 'NONE', *, *, #1461, .F. ) ;
#2165 = EDGE_LOOP ( 'NONE', ( #840, #652, #2044, #1275 ) ) ;
#2166 = FACE_OUTER_BOUND ( 'NONE', #356, .T. ) ;
#2167 = LINE ( 'NONE', #1971, #2121 ) ;
#2168 = CARTESIAN_POINT ( 'NONE',  ( -0.5250000000000000222, 0.2199999999999999178, -1.499000000000000110 ) ) ;
#2169 = ORIENTED_EDGE ( 'NONE', *, *, #1030, .F. ) ;
#2170 = CARTESIAN_POINT ( 'NONE',  ( 0.6250000000000001110, 0.1200000000000000927, -1.500000000000000000 ) ) ;
#2171 = CARTESIAN_POINT ( 'NONE',  ( -1.125000000000000444, 0.1200000000000003009, 1.499000000000000110 ) ) ;
#2172 = VECTOR ( 'NONE', #91, 1000.000000000000000 ) ;
#2173 = VECTOR ( 'NONE', #2291, 1000.000000000000114 ) ;
#2174 = EDGE_CURVE ( 'NONE', #331, #541, #2152, .T. ) ;
#2175 = AXIS2_PLACEMENT_3D ( 'NONE', #748, #955, #1899 ) ;
#2176 = EDGE_LOOP ( 'NONE', ( #448, #2414, #2245, #1758 ) ) ;
#2177 = AXIS2_PLACEMENT_3D ( 'NONE', #1610, #440, #1974 ) ;
#2178 = ADVANCED_FACE ( 'NONE', ( #2353 ), #1255, .F. ) ;
#2179 = VECTOR ( 'NONE', #929, 1000.000000000000000 ) ;
#2180 = ORIENTED_EDGE ( 'NONE', *, *, #1585, .T. ) ;
#2181 = DIRECTION ( 'NONE',  ( 0.000000000000000000, 0.000000000000000000, 1.000000000000000000 ) ) ;
#2182 = CARTESIAN_POINT ( 'NONE',  ( -0.5250000000000000222, 0.2199999999999999178, 1.499000000000000110 ) ) ;
#2183 = ORIENTED_EDGE ( 'NONE', *, *, #847, .T. ) ;
#2184 = DIRECTION ( 'NONE',  ( 0.000000000000000000, 0.000000000000000000, 1.000000000000000000 ) ) ;
#2185 = ORIENTED_EDGE ( 'NONE', *, *, #923, .T. ) ;
#2186 = SURFACE_SIDE_STYLE ('',( #1810 ) ) ;
#2187 = VERTEX_POINT ( 'NONE', #104 ) ;
#2188 = FACE_OUTER_BOUND ( 'NONE', #1185, .T. ) ;
#2189 = CARTESIAN_POINT ( 'NONE',  ( -1.499999999999999778, 0.6500000000000000222, 1.500000000000000000 ) ) ;
#2190 = LINE ( 'NONE', #1013, #807 ) ;
#2191 = ADVANCED_FACE ( 'NONE', ( #2047 ), #1866, .T. ) ;
#2192 = VERTEX_POINT ( 'NONE', #867 ) ;
#2193 = CARTESIAN_POINT ( 'NONE',  ( -1.250000000000000222, 0.000000000000000000, 1.084999999999999964 ) ) ;
#2194 = DIRECTION ( 'NONE',  ( 9.992646751018473535E-17, 0.000000000000000000, -1.000000000000000000 ) ) ;
#2195 = SURFACE_STYLE_USAGE ( .BOTH. , #71 ) ;
#2196 = ORIENTED_EDGE ( 'NONE', *, *, #116, .T. ) ;
#2197 = ORIENTED_EDGE ( 'NONE', *, *, #133, .F. ) ;
#2198 =( LENGTH_UNIT ( ) NAMED_UNIT ( * ) SI_UNIT ( .MILLI., .METRE. ) );
#2199 = CARTESIAN_POINT ( 'NONE',  ( 0.6250000000000001110, 0.2200000000000000844, 1.500000000000000000 ) ) ;
#2200 = DIRECTION ( 'NONE',  ( -0.000000000000000000, -0.000000000000000000, -1.000000000000000000 ) ) ;
#2201 = EDGE_CURVE ( 'NONE', #2027, #1360, #122, .T. ) ;
#2202 = EDGE_LOOP ( 'NONE', ( #744, #1980, #2285, #123, #2462, #2428, #610, #1958 ) ) ;
#2203 = EDGE_CURVE ( 'NONE', #2025, #2420, #282, .T. ) ;
#2204 = LINE ( 'NONE', #2399, #218 ) ;
#2205 = VERTEX_POINT ( 'NONE', #703 ) ;
#2206 = EDGE_LOOP ( 'NONE', ( #50, #569, #34, #1882 ) ) ;
#2207 = ORIENTED_EDGE ( 'NONE', *, *, #2056, .F. ) ;
#2208 = VECTOR ( 'NONE', #1535, 1000.000000000000000 ) ;
#2209 = VERTEX_POINT ( 'NONE', #2458 ) ;
#2210 = VECTOR ( 'NONE', #1219, 1000.000000000000000 ) ;
#2211 = DIRECTION ( 'NONE',  ( 0.000000000000000000, 1.000000000000000000, 2.710505431213760592E-16 ) ) ;
#2212 = DIRECTION ( 'NONE',  ( 0.000000000000000000, -1.000000000000000000, 0.000000000000000000 ) ) ;
#2213 = VECTOR ( 'NONE', #1244, 1000.000000000000000 ) ;
#2214 = ORIENTED_EDGE ( 'NONE', *, *, #1598, .T. ) ;
#2215 = LINE ( 'NONE', #1064, #1685 ) ;
#2216 = PRESENTATION_LAYER_ASSIGNMENT (  '', '', ( #1332 ) ) ;
#2217 = EDGE_CURVE ( 'NONE', #1142, #202, #1474, .T. ) ;
#2218 = DIRECTION ( 'NONE',  ( 0.000000000000000000, 2.710505431213760592E-16, -1.000000000000000000 ) ) ;
#2219 = DIRECTION ( 'NONE',  ( 0.000000000000000000, 0.000000000000000000, -1.000000000000000000 ) ) ;
#2220 = CARTESIAN_POINT ( 'NONE',  ( 0.8750000000000001110, 0.1200000000000000649, -1.499000000000000110 ) ) ;
#2221 = ORIENTED_EDGE ( 'NONE', *, *, #573, .T. ) ;
#2222 = EDGE_CURVE ( 'NONE', #40, #1018, #1692, .T. ) ;
#2223 = EDGE_LOOP ( 'NONE', ( #896, #737, #1897, #661 ) ) ;
#2224 = DIRECTION ( 'NONE',  ( 0.000000000000000000, 1.000000000000000000, 0.000000000000000000 ) ) ;
#2225 = LINE ( 'NONE', #523, #521 ) ;
#2226 = LINE ( 'NONE', #1282, #1388 ) ;
#2227 = ORIENTED_EDGE ( 'NONE', *, *, #1139, .F. ) ;
#2228 = CARTESIAN_POINT ( 'NONE',  ( 0.8699999999999997735, 0.000000000000000000, -1.134999999999999787 ) ) ;
#2229 = CARTESIAN_POINT ( 'NONE',  ( -1.300000000000000044, 0.6500000000000000222, 1.199999999999999289 ) ) ;
#2230 = CARTESIAN_POINT ( 'NONE',  ( -1.300000000000000044, 0.6500000000000000222, 1.199999999999999289 ) ) ;
#2231 = ORIENTED_EDGE ( 'NONE', *, *, #1793, .T. ) ;
#2232 = ORIENTED_EDGE ( 'NONE', *, *, #252, .T. ) ;
#2233 = AXIS2_PLACEMENT_3D ( 'NONE', #28, #2349, #619 ) ;
#2234 = ADVANCED_FACE ( 'NONE', ( #694 ), #1067, .F. ) ;
#2235 = EDGE_CURVE ( 'NONE', #2354, #1790, #2257, .T. ) ;
#2236 = DIRECTION ( 'NONE',  ( -0.000000000000000000, -1.000000000000000000, -0.000000000000000000 ) ) ;
#2237 = STYLED_ITEM ( 'NONE', ( #1668 ), #678 ) ;
#2238 = SURFACE_STYLE_FILL_AREA ( #2466 ) ;
#2239 = CARTESIAN_POINT ( 'NONE',  ( -0.2749999999999999667, 0.1200000000000000233, 1.499000000000000110 ) ) ;
#2240 = ORIENTED_EDGE ( 'NONE', *, *, #1339, .F. ) ;
#2241 = CARTESIAN_POINT ( 'NONE',  ( -0.5250000000000000222, 0.1200000000000000233, -1.499000000000000110 ) ) ;
#2242 = DIRECTION ( 'NONE',  ( -1.000000000000000000, 0.000000000000000000, -0.000000000000000000 ) ) ;
#2243 = FACE_OUTER_BOUND ( 'NONE', #1095, .T. ) ;
#2244 = ORIENTED_EDGE ( 'NONE', *, *, #1478, .F. ) ;
#2245 = ORIENTED_EDGE ( 'NONE', *, *, #1836, .F. ) ;
#2246 = EDGE_LOOP ( 'NONE', ( #778, #742, #425, #349 ) ) ;
#2247 = ADVANCED_FACE ( 'NONE', ( #1855 ), #544, .T. ) ;
#2248 = LINE ( 'NONE', #1440, #761 ) ;
#2249 = AXIS2_PLACEMENT_3D ( 'NONE', #408, #165, #1170 ) ;
#2250 = PRESENTATION_LAYER_ASSIGNMENT (  '', '', ( #639 ) ) ;
#2251 =( NAMED_UNIT ( * ) SI_UNIT ( $, .STERADIAN. ) SOLID_ANGLE_UNIT ( ) );
#2252 = AXIS2_PLACEMENT_3D ( 'NONE', #2130, #399, #1161 ) ;
#2253 = ORIENTED_EDGE ( 'NONE', *, *, #328, .T. ) ;
#2254 = FACE_OUTER_BOUND ( 'NONE', #1449, .T. ) ;
#2255 = COLOUR_RGB ( '',1.000000000000000000, 1.000000000000000000, 0.000000000000000000 ) ;
#2256 = CARTESIAN_POINT ( 'NONE',  ( 1.499000000000000332, 0.2200000000000000011, -0.1250000000000000000 ) ) ;
#2257 = LINE ( 'NONE', #1842, #1366 ) ;
#2258 = CIRCLE ( 'NONE', #568, 0.04999999999999969746 ) ;
#2259 = EDGE_LOOP ( 'NONE', ( #2108, #1108, #967, #163 ) ) ;
#2260 = ORIENTED_EDGE ( 'NONE', *, *, #1044, .F. ) ;
#2261 = CARTESIAN_POINT ( 'NONE',  ( 1.199999999999999289, 0.6500000000000000222, 1.300000000000000044 ) ) ;
#2262 = PLANE ( 'NONE',  #765 ) ;
#2263 = CARTESIAN_POINT ( 'NONE',  ( 0.8750000000000001110, 0.1200000000000000649, 1.500000000000000000 ) ) ;
#2264 = DIRECTION ( 'NONE',  ( 0.000000000000000000, -1.084202172485504434E-16, 1.000000000000000000 ) ) ;
#2265 = ORIENTED_EDGE ( 'NONE', *, *, #1854, .F. ) ;
#2266 = LINE ( 'NONE', #2317, #994 ) ;
#2267 = DIRECTION ( 'NONE',  ( -0.000000000000000000, -0.000000000000000000, 1.000000000000000000 ) ) ;
#2268 = ADVANCED_FACE ( 'NONE', ( #2243 ), #516, .T. ) ;
#2269 = EDGE_CURVE ( 'NONE', #311, #1226, #2071, .T. ) ;
#2270 = CARTESIAN_POINT ( 'NONE',  ( -1.499999999999999778, 0.6500000000000000222, -1.500000000000000000 ) ) ;
#2271 = ORIENTED_EDGE ( 'NONE', *, *, #1902, .T. ) ;
#2272 = UNCERTAINTY_MEASURE_WITH_UNIT (LENGTH_MEASURE( 1.000000000000000082E-05 ), #262, 'distance_accuracy_value', 'NONE');
#2273 = EDGE_LOOP ( 'NONE', ( #952, #1229, #1559, #342 ) ) ;
#2274 = ORIENTED_EDGE ( 'NONE', *, *, #977, .F. ) ;
#2275 = DIRECTION ( 'NONE',  ( 0.000000000000000000, 0.000000000000000000, -1.000000000000000000 ) ) ;
#2276 = CARTESIAN_POINT ( 'NONE',  ( -0.8750000000000001110, 0.1200000000000002731, 1.499000000000000110 ) ) ;
#2277 = DIRECTION ( 'NONE',  ( -0.000000000000000000, 1.000000000000000000, -0.000000000000000000 ) ) ;
#2278 = VECTOR ( 'NONE', #2010, 1000.000000000000000 ) ;
#2279 = CARTESIAN_POINT ( 'NONE',  ( -1.125000000000000444, 0.1200000000000003009, 1.499000000000000110 ) ) ;
#2280 = VECTOR ( 'NONE', #498, 1000.000000000000000 ) ;
#2281 = CARTESIAN_POINT ( 'NONE',  ( 0.8750000000000001110, 0.2200000000000000844, -1.499000000000000110 ) ) ;
#2282 = DIRECTION ( 'NONE',  ( -0.000000000000000000, -1.000000000000000000, 0.000000000000000000 ) ) ;
#2283 = ADVANCED_FACE ( 'NONE', ( #2061 ), #2423, .F. ) ;
#2284 = DIRECTION ( 'NONE',  ( -0.000000000000000000, 1.000000000000000000, -0.000000000000000000 ) ) ;
#2285 = ORIENTED_EDGE ( 'NONE', *, *, #2450, .T. ) ;
#2286 = EDGE_CURVE ( 'NONE', #1177, #1475, #914, .T. ) ;
#2287 = DIRECTION ( 'NONE',  ( 0.000000000000000000, 0.6444004775717713240, -0.7646881877636616531 ) ) ;
#2288 = ORIENTED_EDGE ( 'NONE', *, *, #834, .T. ) ;
#2289 = CARTESIAN_POINT ( 'NONE',  ( -1.258045018441136031, 0.5999999999999999778, 1.199999999999999289 ) ) ;
#2290 = DIRECTION ( 'NONE',  ( 0.000000000000000000, 0.000000000000000000, 1.000000000000000000 ) ) ;
#2291 = DIRECTION ( 'NONE',  ( -0.7071067811865474617, -0.000000000000000000, 0.7071067811865474617 ) ) ;
#2292 = DIRECTION ( 'NONE',  ( 0.000000000000000000, -1.000000000000000000, 0.000000000000000000 ) ) ;
#2293 = CARTESIAN_POINT ( 'NONE',  ( -1.250000000000000000, -0.001000000000000000021, -1.135000000000000009 ) ) ;
#2294 = AXIS2_PLACEMENT_3D ( 'NONE', #215, #2113, #2341 ) ;
#2295 = DIRECTION ( 'NONE',  ( 0.000000000000000000, 0.000000000000000000, -1.000000000000000000 ) ) ;
#2296 = VECTOR ( 'NONE', #2352, 1000.000000000000000 ) ;
#2297 = DIRECTION ( 'NONE',  ( 1.084202172485504434E-16, -1.000000000000000000, 0.000000000000000000 ) ) ;
#2298 = VERTEX_POINT ( 'NONE', #2270 ) ;
#2299 = ADVANCED_FACE ( 'NONE', ( #289 ), #1053, .F. ) ;
#2300 = UNCERTAINTY_MEASURE_WITH_UNIT (LENGTH_MEASURE( 1.000000000000000082E-05 ), #713, 'distance_accuracy_value', 'NONE');
#2301 = ORIENTED_EDGE ( 'NONE', *, *, #601, .T. ) ;
#2302 = AXIS2_PLACEMENT_3D ( 'NONE', #81, #1409, #1014 ) ;
#2303 = AXIS2_PLACEMENT_3D ( 'NONE', #365, #173, #1695 ) ;
#2304 = ADVANCED_FACE ( 'NONE', ( #2120 ), #1740, .T. ) ;
#2305 = CARTESIAN_POINT ( 'NONE',  ( 1.300000000000000044, 0.6500000000000000222, -1.199999999999999289 ) ) ;
#2306 = CARTESIAN_POINT ( 'NONE',  ( -0.2749999999999999667, 0.1200000000000000233, -1.500000000000000000 ) ) ;
#2307 = CARTESIAN_POINT ( 'NONE',  ( -0.5250000000000000222, 0.1200000000000000233, -1.499000000000000110 ) ) ;
#2308 = CARTESIAN_POINT ( 'NONE',  ( 0.6250000000000001110, 0.1200000000000000927, -1.499000000000000110 ) ) ;
#2309 = FILL_AREA_STYLE ('',( #767 ) ) ;
#2310 = ORIENTED_EDGE ( 'NONE', *, *, #1088, .T. ) ;
#2311 = SURFACE_SIDE_STYLE ('',( #1539 ) ) ;
#2312 = EDGE_LOOP ( 'NONE', ( #1254, #2436, #109, #213 ) ) ;
#2313 = DIRECTION ( 'NONE',  ( 1.000000000000000000, -0.000000000000000000, -0.000000000000000000 ) ) ;
#2314 = EDGE_CURVE ( 'NONE', #1604, #1475, #2258, .T. ) ;
#2315 = CARTESIAN_POINT ( 'NONE',  ( -1.125000000000000444, 0.1200000000000003009, -1.500000000000000000 ) ) ;
#2316 = CARTESIAN_POINT ( 'NONE',  ( -0.2749999999999999667, 0.2199999999999999456, 1.500000000000000000 ) ) ;
#2317 = CARTESIAN_POINT ( 'NONE',  ( 1.250000000000000000, 0.000000000000000000, -1.134999999999999787 ) ) ;
#2318 = AXIS2_PLACEMENT_3D ( 'NONE', #779, #1934, #2287 ) ;
#2319 = CARTESIAN_POINT ( 'NONE',  ( -0.5250000000000000222, 0.1200000000000000233, -1.500000000000000000 ) ) ;
#2320 = LINE ( 'NONE', #590, #810 ) ;
#2321 = AXIS2_PLACEMENT_3D ( 'NONE', #2093, #751, #2070 ) ;
#2322 = EDGE_LOOP ( 'NONE', ( #2265, #2260, #795, #1131 ) ) ;
#2323 = VERTEX_POINT ( 'NONE', #1891 ) ;
#2324 = ORIENTED_EDGE ( 'NONE', *, *, #2361, .F. ) ;
#2325 = SURFACE_STYLE_USAGE ( .BOTH. , #1771 ) ;
#2326 = EDGE_CURVE ( 'NONE', #1346, #1654, #741, .T. ) ;
#2327 = DIRECTION ( 'NONE',  ( -0.000000000000000000, -1.000000000000000000, -0.000000000000000000 ) ) ;
#2328 = CYLINDRICAL_SURFACE ( 'NONE', #1362, 0.04999999999999969746 ) ;
#2329 = DIRECTION ( 'NONE',  ( 1.867864291549847924E-14, 0.000000000000000000, -1.000000000000000000 ) ) ;
#2330 = SURFACE_SIDE_STYLE ('',( #1920 ) ) ;
#2331 = ORIENTED_EDGE ( 'NONE', *, *, #1726, .F. ) ;
#2332 = VECTOR ( 'NONE', #969, 1000.000000000000000 ) ;
#2333 = VECTOR ( 'NONE', #2492, 1000.000000000000000 ) ;
#2334 = DIRECTION ( 'NONE',  ( 0.000000000000000000, 0.000000000000000000, 1.000000000000000000 ) ) ;
#2335 = VECTOR ( 'NONE', #1993, 1000.000000000000000 ) ;
#2336 = SURFACE_STYLE_USAGE ( .BOTH. , #29 ) ;
#2337 = VECTOR ( 'NONE', #841, 1000.000000000000000 ) ;
#2338 = AXIS2_PLACEMENT_3D ( 'NONE', #731, #1650, #1879 ) ;
#2339 = EDGE_LOOP ( 'NONE', ( #1104, #2386, #915, #156 ) ) ;
#2340 = LINE ( 'NONE', #420, #2296 ) ;
#2341 = DIRECTION ( 'NONE',  ( 0.000000000000000000, 0.000000000000000000, 1.000000000000000000 ) ) ;
#2342 = CARTESIAN_POINT ( 'NONE',  ( 1.249999999999999778, -0.001000000000000000021, 1.135000000000000009 ) ) ;
#2343 = CARTESIAN_POINT ( 'NONE',  ( 0.000000000000000000, 0.000000000000000000, 1.499000000000000110 ) ) ;
#2344 = DIRECTION ( 'NONE',  ( 0.000000000000000000, 1.084202172485504434E-16, -1.000000000000000000 ) ) ;
#2345 = ORIENTED_EDGE ( 'NONE', *, *, #372, .F. ) ;
#2346 = DIRECTION ( 'NONE',  ( 0.000000000000000000, 0.000000000000000000, -1.000000000000000000 ) ) ;
#2347 = EDGE_CURVE ( 'NONE', #686, #1089, #1335, .T. ) ;
#2348 = ADVANCED_FACE ( 'NONE', ( #1700 ), #1522, .F. ) ;
#2349 = DIRECTION ( 'NONE',  ( -1.000000000000000000, 0.000000000000000000, -1.311534886071174544E-16 ) ) ;
#2350 = FILL_AREA_STYLE_COLOUR ( '', #643 ) ;
#2351 = ORIENTED_EDGE ( 'NONE', *, *, #740, .F. ) ;
#2352 = DIRECTION ( 'NONE',  ( -0.000000000000000000, -0.000000000000000000, 1.000000000000000000 ) ) ;
#2353 = FACE_OUTER_BOUND ( 'NONE', #293, .T. ) ;
#2354 = VERTEX_POINT ( 'NONE', #1509 ) ;
#2355 = PLANE ( 'NONE',  #2055 ) ;
#2356 = CIRCLE ( 'NONE', #1915, 0.04999999999999991257 ) ;
#2357 = LINE ( 'NONE', #632, #944 ) ;
#2358 = CARTESIAN_POINT ( 'NONE',  ( 0.06999999999999961808, -0.001000000000000000021, 1.084999999999999964 ) ) ;
#2359 = MECHANICAL_DESIGN_GEOMETRIC_PRESENTATION_REPRESENTATION (  '', ( #903 ), #583 ) ;
#2360 = VERTEX_POINT ( 'NONE', #402 ) ;
#2361 = EDGE_CURVE ( 'NONE', #513, #728, #973, .T. ) ;
#2362 = CARTESIAN_POINT ( 'NONE',  ( 1.500000000000000222, 0.6500000000000000222, -1.500000000000000000 ) ) ;
#2363 = VECTOR ( 'NONE', #462, 1000.000000000000000 ) ;
#2364 = EDGE_CURVE ( 'NONE', #1751, #1576, #2320, .T. ) ;
#2365 = AXIS2_PLACEMENT_3D ( 'NONE', #2507, #776, #2329 ) ;
#2366 = ORIENTED_EDGE ( 'NONE', *, *, #1462, .T. ) ;
#2367 = CARTESIAN_POINT ( 'NONE',  ( 1.199999999999999956, 0.6500000000000000222, -1.199999999999999956 ) ) ;
#2368 = ORIENTED_EDGE ( 'NONE', *, *, #1949, .F. ) ;
#2369 = DIRECTION ( 'NONE',  ( 1.000000000000000000, 1.084202172485504434E-16, 0.000000000000000000 ) ) ;
#2370 = DIRECTION ( 'NONE',  ( -1.000000000000000000, -0.000000000000000000, -0.000000000000000000 ) ) ;
#2371 = DIRECTION ( 'NONE',  ( 0.000000000000000000, 0.000000000000000000, 1.000000000000000000 ) ) ;
#2372 = ORIENTED_EDGE ( 'NONE', *, *, #1947, .T. ) ;
#2373 = CARTESIAN_POINT ( 'NONE',  ( 1.300000000000000044, 0.6500000000000000222, 1.199999999999999289 ) ) ;
#2374 = LINE ( 'NONE', #809, #1550 ) ;
#2375 = CIRCLE ( 'NONE', #917, 0.1000000000000000472 ) ;
#2376 = DIRECTION ( 'NONE',  ( -1.000000000000000000, 0.000000000000000000, 5.706327223607914597E-16 ) ) ;
#2377 = VECTOR ( 'NONE', #663, 1000.000000000000000 ) ;
#2378 = ORIENTED_EDGE ( 'NONE', *, *, #557, .T. ) ;
#2379 = CIRCLE ( 'NONE', #604, 0.1000000000000000472 ) ;
#2380 = ADVANCED_FACE ( 'NONE', ( #1943 ), #1163, .F. ) ;
#2381 = AXIS2_PLACEMENT_3D ( 'NONE', #329, #92, #683 ) ;
#2382 = ORIENTED_EDGE ( 'NONE', *, *, #573, .F. ) ;
#2383 = CARTESIAN_POINT ( 'NONE',  ( -1.125000000000000222, 0.2200000000000002509, 1.499000000000000110 ) ) ;
#2384 = CARTESIAN_POINT ( 'NONE',  ( 0.8750000000000001110, 0.1200000000000000649, -1.500000000000000000 ) ) ;
#2385 = LINE ( 'NONE', #1035, #281 ) ;
#2386 = ORIENTED_EDGE ( 'NONE', *, *, #859, .F. ) ;
#2387 = CARTESIAN_POINT ( 'NONE',  ( 0.8750000000000001110, 0.2200000000000000844, 1.500000000000000000 ) ) ;
#2388 = CARTESIAN_POINT ( 'NONE',  ( -1.125000000000000444, 0.1200000000000003009, -1.499000000000000110 ) ) ;
#2389 = LINE ( 'NONE', #1612, #464 ) ;
#2390 = ORIENTED_EDGE ( 'NONE', *, *, #450, .T. ) ;
#2391 = LINE ( 'NONE', #1798, #234 ) ;
#2392 = ADVANCED_FACE ( 'NONE', ( #1906 ), #208, .T. ) ;
#2393 = VERTEX_POINT ( 'NONE', #1308 ) ;
#2394 = PRODUCT ( 'MP-3030-110H-40-95', 'MP-3030-110H-40-95', '', ( #1946 ) ) ;
#2395 = DIRECTION ( 'NONE',  ( -0.6427876096865398070, 0.7660444431189776804, 2.787646891475642041E-15 ) ) ;
#2396 = FACE_OUTER_BOUND ( 'NONE', #629, .T. ) ;
#2397 = CARTESIAN_POINT ( 'NONE',  ( 1.500000000000000222, 0.2199999999999999734, 0.1250000000000000000 ) ) ;
#2398 = ORIENTED_EDGE ( 'NONE', *, *, #752, .T. ) ;
#2399 = CARTESIAN_POINT ( 'NONE',  ( 0.8750000000000001110, 0.1200000000000000649, 1.499000000000000110 ) ) ;
#2400 = ORIENTED_EDGE ( 'NONE', *, *, #433, .T. ) ;
#2401 = DIRECTION ( 'NONE',  ( -0.000000000000000000, -0.000000000000000000, 1.000000000000000000 ) ) ;
#2402 = VECTOR ( 'NONE', #1998, 1000.000000000000000 ) ;
#2403 =( GEOMETRIC_REPRESENTATION_CONTEXT ( 3 ) GLOBAL_UNCERTAINTY_ASSIGNED_CONTEXT ( ( #2272 ) ) GLOBAL_UNIT_ASSIGNED_CONTEXT ( ( #262, #452, #1355 ) ) REPRESENTATION_CONTEXT ( 'NONE', 'WORKASPACE' ) );
#2404 = VERTEX_POINT ( 'NONE', #2083 ) ;
#2405 = ORIENTED_EDGE ( 'NONE', *, *, #1968, .T. ) ;
#2406 = ADVANCED_FACE ( 'NONE', ( #352 ), #2095, .T. ) ;
#2407 = DIRECTION ( 'NONE',  ( 0.000000000000000000, 1.000000000000000000, 0.000000000000000000 ) ) ;
#2408 = DIRECTION ( 'NONE',  ( -0.000000000000000000, -1.000000000000000000, -0.000000000000000000 ) ) ;
#2409 = VERTEX_POINT ( 'NONE', #2276 ) ;
#2410 = CARTESIAN_POINT ( 'NONE',  ( 1.499000000000000332, 0.1199999999999999956, -0.1250000000000000278 ) ) ;
#2411 = CARTESIAN_POINT ( 'NONE',  ( 1.300000000000000044, 0.6500000000000000222, 1.199999999999999289 ) ) ;
#2412 = ORIENTED_EDGE ( 'NONE', *, *, #1012, .T. ) ;
#2413 = CONICAL_SURFACE ( 'NONE', #1484, 0.1000000000000000472, 0.6981317007977324574 ) ;
#2414 = ORIENTED_EDGE ( 'NONE', *, *, #2116, .F. ) ;
#2415 = CARTESIAN_POINT ( 'NONE',  ( -1.199999999999999956, 0.5999999999999999778, 1.199999999999999956 ) ) ;
#2416 = AXIS2_PLACEMENT_3D ( 'NONE', #884, #1655, #2429 ) ;
#2417 = DIRECTION ( 'NONE',  ( -0.000000000000000000, -0.000000000000000000, 1.000000000000000000 ) ) ;
#2418 = CARTESIAN_POINT ( 'NONE',  ( -0.8750000000000001110, 0.1200000000000002731, 1.499000000000000110 ) ) ;
#2419 = STYLED_ITEM ( 'NONE', ( #1800 ), #2178 ) ;
#2420 = VERTEX_POINT ( 'NONE', #1901 ) ;
#2421 = CARTESIAN_POINT ( 'NONE',  ( -0.5250000000000000222, 0.1200000000000000233, 1.499000000000000110 ) ) ;
#2422 =( NAMED_UNIT ( * ) SI_UNIT ( $, .STERADIAN. ) SOLID_ANGLE_UNIT ( ) );
#2423 = PLANE ( 'NONE',  #1531 ) ;
#2424 = VERTEX_POINT ( 'NONE', #151 ) ;
#2425 = ADVANCED_FACE ( 'NONE', ( #550 ), #2262, .T. ) ;
#2426 = ADVANCED_FACE ( 'NONE', ( #376, #1162 ), #2499, .F. ) ;
#2427 = CARTESIAN_POINT ( 'NONE',  ( -1.125000000000000444, 0.1200000000000003009, -1.499000000000000110 ) ) ;
#2428 = ORIENTED_EDGE ( 'NONE', *, *, #1057, .T. ) ;
#2429 = DIRECTION ( 'NONE',  ( 0.000000000000000000, -0.000000000000000000, -1.000000000000000000 ) ) ;
#2430 = LINE ( 'NONE', #126, #2377 ) ;
#2431 = DIRECTION ( 'NONE',  ( -1.000000000000000000, -0.000000000000000000, -0.000000000000000000 ) ) ;
#2432 = VERTEX_POINT ( 'NONE', #1768 ) ;
#2433 = DIRECTION ( 'NONE',  ( 0.000000000000000000, 0.000000000000000000, -1.000000000000000000 ) ) ;
#2434 = PLANE ( 'NONE',  #1021 ) ;
#2435 = ADVANCED_FACE ( 'NONE', ( #1742 ), #272, .F. ) ;
#2436 = ORIENTED_EDGE ( 'NONE', *, *, #572, .F. ) ;
#2437 = ORIENTED_EDGE ( 'NONE', *, *, #651, .F. ) ;
#2438 = CIRCLE ( 'NONE', #94, 0.1000000000000000472 ) ;
#2439 = CARTESIAN_POINT ( 'NONE',  ( 0.8750000000000001110, 0.2200000000000000844, 1.499000000000000110 ) ) ;
#2440 = VECTOR ( 'NONE', #2267, 1000.000000000000000 ) ;
#2441 = CARTESIAN_POINT ( 'NONE',  ( -1.500000000000000222, 0.1199999999999999956, -0.1250000000000000278 ) ) ;
#2442 = DIRECTION ( 'NONE',  ( -0.000000000000000000, 1.000000000000000000, -0.000000000000000000 ) ) ;
#2443 = ORIENTED_EDGE ( 'NONE', *, *, #1555, .F. ) ;
#2444 = LINE ( 'NONE', #680, #720 ) ;
#2445 = DIRECTION ( 'NONE',  ( 0.000000000000000000, -0.000000000000000000, -1.000000000000000000 ) ) ;
#2446 = DIRECTION ( 'NONE',  ( -0.6427876096865398070, 0.7660444431189775694, -0.000000000000000000 ) ) ;
#2447 = ORIENTED_EDGE ( 'NONE', *, *, #354, .F. ) ;
#2448 = VERTEX_POINT ( 'NONE', #2397 ) ;
#2449 =( NAMED_UNIT ( * ) SI_UNIT ( $, .STERADIAN. ) SOLID_ANGLE_UNIT ( ) );
#2450 = EDGE_CURVE ( 'NONE', #912, #1501, #1212, .T. ) ;
#2451 = VECTOR ( 'NONE', #514, 1000.000000000000000 ) ;
#2452 = CARTESIAN_POINT ( 'NONE',  ( -1.500000000000000222, 0.1199999999999999678, 0.1250000000000000000 ) ) ;
#2453 = VECTOR ( 'NONE', #1925, 1000.000000000000000 ) ;
#2454 = ORIENTED_EDGE ( 'NONE', *, *, #1854, .T. ) ;
#2455 = CARTESIAN_POINT ( 'NONE',  ( -1.300000000000000044, 0.000000000000000000, -1.084999999999999964 ) ) ;
#2456 = AXIS2_PLACEMENT_3D ( 'NONE', #1843, #105, #1261 ) ;
#2457 = DIRECTION ( 'NONE',  ( 0.000000000000000000, -1.000000000000000000, 0.000000000000000000 ) ) ;
#2458 = CARTESIAN_POINT ( 'NONE',  ( -1.258045018441136031, 0.5999999999999999778, -1.008578643762690241 ) ) ;
#2459 = STYLED_ITEM ( 'NONE', ( #2111 ), #2435 ) ;
#2460 = ORIENTED_EDGE ( 'NONE', *, *, #1645, .T. ) ;
#2461 = ORIENTED_EDGE ( 'NONE', *, *, #120, .T. ) ;
#2462 = ORIENTED_EDGE ( 'NONE', *, *, #1836, .T. ) ;
#2463 = EDGE_CURVE ( 'NONE', #368, #273, #1368, .T. ) ;
#2464 = DIRECTION ( 'NONE',  ( 0.000000000000000000, 0.000000000000000000, -1.000000000000000000 ) ) ;
#2465 = ADVANCED_FACE ( 'NONE', ( #23 ), #803, .T. ) ;
#2466 = FILL_AREA_STYLE ('',( #1086 ) ) ;
#2467 = LINE ( 'NONE', #2279, #1469 ) ;
#2468 = ADVANCED_FACE ( 'NONE', ( #1690 ), #1883, .F. ) ;
#2469 = ORIENTED_EDGE ( 'NONE', *, *, #20, .F. ) ;
#2470 = DIRECTION ( 'NONE',  ( 0.000000000000000000, 0.000000000000000000, 1.000000000000000000 ) ) ;
#2471 = CARTESIAN_POINT ( 'NONE',  ( -1.125000000000000222, 0.2200000000000002509, 1.499000000000000110 ) ) ;
#2472 = ORIENTED_EDGE ( 'NONE', *, *, #388, .T. ) ;
#2473 = PRESENTATION_STYLE_ASSIGNMENT (( #582 ) ) ;
#2474 = ORIENTED_EDGE ( 'NONE', *, *, #1983, .T. ) ;
#2475 = VECTOR ( 'NONE', #1885, 1000.000000000000000 ) ;
#2476 = DIRECTION ( 'NONE',  ( 0.000000000000000000, -1.000000000000000000, 0.000000000000000000 ) ) ;
#2477 = CARTESIAN_POINT ( 'NONE',  ( -0.2749999999999999667, 0.1200000000000000233, -1.499000000000000110 ) ) ;
#2478 = STYLED_ITEM ( 'NONE', ( #1709 ), #308 ) ;
#2479 = PLANE ( 'NONE',  #55 ) ;
#2480 = ADVANCED_FACE ( 'NONE', ( #1094 ), #1908, .T. ) ;
#2481 = VECTOR ( 'NONE', #2395, 1000.000000000000000 ) ;
#2482 = CARTESIAN_POINT ( 'NONE',  ( -1.125000000000000444, 0.1200000000000003009, -1.499000000000000110 ) ) ;
#2483 = DIRECTION ( 'NONE',  ( -0.000000000000000000, -1.000000000000000000, -0.000000000000000000 ) ) ;
#2484 =( NAMED_UNIT ( * ) PLANE_ANGLE_UNIT ( ) SI_UNIT ( $, .RADIAN. ) );
#2485 = DIRECTION ( 'NONE',  ( 0.000000000000000000, 0.000000000000000000, -1.000000000000000000 ) ) ;
#2486 = ORIENTED_EDGE ( 'NONE', *, *, #2163, .T. ) ;
#2487 = EDGE_CURVE ( 'NONE', #106, #1683, #343, .T. ) ;
#2488 = VERTEX_POINT ( 'NONE', #2171 ) ;
#2489 = LINE ( 'NONE', #935, #2173 ) ;
#2490 = LINE ( 'NONE', #736, #53 ) ;
#2491 = PRESENTATION_LAYER_ASSIGNMENT (  '', '', ( #1643 ) ) ;
#2492 = DIRECTION ( 'NONE',  ( -0.000000000000000000, 1.000000000000000000, -0.000000000000000000 ) ) ;
#2493 = FILL_AREA_STYLE_COLOUR ( '', #1294 ) ;
#2494 = CARTESIAN_POINT ( 'NONE',  ( 1.299999999999999600, -0.001000000000000000021, 1.085000000000000187 ) ) ;
#2495 = AXIS2_PLACEMENT_3D ( 'NONE', #1157, #346, #2275 ) ;
#2496 = CARTESIAN_POINT ( 'NONE',  ( 0.6250000000000001110, 0.1200000000000000927, -1.499000000000000110 ) ) ;
#2497 = VERTEX_POINT ( 'NONE', #443 ) ;
#2498 = ORIENTED_EDGE ( 'NONE', *, *, #1382, .F. ) ;
#2499 = PLANE ( 'NONE',  #1043 ) ;
#2500 = AXIS2_PLACEMENT_3D ( 'NONE', #791, #1558, #1320 ) ;
#2501 = EDGE_CURVE ( 'NONE', #95, #2404, #1988, .T. ) ;
#2502 = ADVANCED_FACE ( 'NONE', ( #44 ), #429, .T. ) ;
#2503 = FACE_OUTER_BOUND ( 'NONE', #1031, .T. ) ;
#2504 = CARTESIAN_POINT ( 'NONE',  ( 0.8199999999999993960, 0.000000000000000000, 1.085000000000000187 ) ) ;
#2505 = CARTESIAN_POINT ( 'NONE',  ( 0.000000000000000000, 0.000000000000000000, 1.499000000000000110 ) ) ;
#2506 = DIRECTION ( 'NONE',  ( 1.000000000000000000, 0.000000000000000000, 0.000000000000000000 ) ) ;
#2507 = CARTESIAN_POINT ( 'NONE',  ( 1.199999999999999956, 0.5999999999999999778, -1.199999999999999956 ) ) ;
ENDSEC;
END-ISO-10303-21;
