ISO-10303-21;
HEADER;
FILE_DESCRIPTION (( 'STEP AP214' ),
    '1' );
FILE_NAME ('CSAB0730-220M.STEP',
    '2024-12-27T06:06:19',
    ( 'LENOVO' ),
    ( '' ),
    'SwSTEP 2.0',
    'SolidWorks 2021',
    '' );
FILE_SCHEMA (( 'AUTOMOTIVE_DESIGN' ));
ENDSEC;

DATA;
#1 = EDGE_CURVE ( 'NONE', #6325, #2495, #1690, .T. ) ;
#2 = CARTESIAN_POINT ( 'NONE',  ( -0.8107360310716409391, 2.950000000000000178, -0.1136063532589696723 ) ) ;
#3 = ORIENTED_EDGE ( 'NONE', *, *, #4330, .F. ) ;
#4 = ADVANCED_FACE ( 'NONE', ( #4205 ), #1667, .F. ) ;
#5 = PRESENTATION_LAYER_ASSIGNMENT (  '', '', ( #2080 ) ) ;
#6 = CARTESIAN_POINT ( 'NONE',  ( -0.3113406322684293959, 2.949999999999999734, 1.462103842300823686 ) ) ;
#7 = EDGE_CURVE ( 'NONE', #2028, #2017, #764, .T. ) ;
#8 = EDGE_LOOP ( 'NONE', ( #851, #4700, #4039, #3145, #5853, #3512, #5718 ) ) ;
#9 = DIRECTION ( 'NONE',  ( 0.000000000000000000, 1.000000000000000000, 0.000000000000000000 ) ) ;
#10 = ORIENTED_EDGE ( 'NONE', *, *, #631, .F. ) ;
#11 = DIRECTION ( 'NONE',  ( 0.000000000000000000, -0.000000000000000000, -1.000000000000000000 ) ) ;
#12 = EDGE_CURVE ( 'NONE', #1485, #5874, #1758, .T. ) ;
#13 = CARTESIAN_POINT ( 'NONE',  ( -0.3113406322684318939, 1.610876343277178879, 0.7220227891438155687 ) ) ;
#14 = VERTEX_POINT ( 'NONE', #1716 ) ;
#15 = ORIENTED_EDGE ( 'NONE', *, *, #5204, .T. ) ;
#16 = B_SPLINE_CURVE_WITH_KNOTS ( 'NONE', 3,
 ( #5700, #4466, #1843, #2281, #5233 ),
 .UNSPECIFIED., .F., .F.,
 ( 4, 1, 4 ),
 ( 0.000000000000000000, 0.4877098465503992841, 1.000000000000000000 ),
 .UNSPECIFIED. ) ;
#17 = VECTOR ( 'NONE', #4786, 1000.000000000000000 ) ;
#18 = VECTOR ( 'NONE', #1204, 1000.000000000000000 ) ;
#19 = EDGE_CURVE ( 'NONE', #1647, #2221, #3505, .T. ) ;
#20 = DIRECTION ( 'NONE',  ( 0.000000000000000000, -0.000000000000000000, 1.000000000000000000 ) ) ;
#21 = ORIENTED_EDGE ( 'NONE', *, *, #2062, .T. ) ;
#22 = VECTOR ( 'NONE', #5163, 1000.000000000000000 ) ;
#23 = CARTESIAN_POINT ( 'NONE',  ( -0.3113406322684358352, 3.000000000000000000, -0.3018418195157239192 ) ) ;
#24 = EDGE_CURVE ( 'NONE', #1438, #1179, #6702, .T. ) ;
#25 = UNCERTAINTY_MEASURE_WITH_UNIT (LENGTH_MEASURE( 1.000000000000000082E-05 ), #1019, 'distance_accuracy_value', 'NONE');
#26 = ORIENTED_EDGE ( 'NONE', *, *, #4859, .F. ) ;
#27 = LINE ( 'NONE', #343, #198 ) ;
#28 = VERTEX_POINT ( 'NONE', #1977 ) ;
#29 = CARTESIAN_POINT ( 'NONE',  ( -0.3113406322684401095, 2.949999999999999734, -1.571536270387498879 ) ) ;
#30 = ORIENTED_EDGE ( 'NONE', *, *, #765, .F. ) ;
#31 = CARTESIAN_POINT ( 'NONE',  ( -0.5191275572975038166, 3.000000000000000000, -2.009628595855005528 ) ) ;
#32 = CARTESIAN_POINT ( 'NONE',  ( -1.357751691251414483, 2.949999999999999734, 0.6007890726471740717 ) ) ;
#33 = FACE_OUTER_BOUND ( 'NONE', #3753, .T. ) ;
#34 = VECTOR ( 'NONE', #5098, 1000.000000000000000 ) ;
#35 = DIRECTION ( 'NONE',  ( 0.000000000000000000, 0.000000000000000000, 1.000000000000000000 ) ) ;
#36 = CARTESIAN_POINT ( 'NONE',  ( -1.291453225550534434, 1.610876343277178879, -0.6617235808708898936 ) ) ;
#37 = ORIENTED_EDGE ( 'NONE', *, *, #974, .T. ) ;
#38 = ORIENTED_EDGE ( 'NONE', *, *, #464, .T. ) ;
#39 = FACE_OUTER_BOUND ( 'NONE', #3093, .T. ) ;
#40 = ORIENTED_EDGE ( 'NONE', *, *, #3215, .F. ) ;
#41 = ORIENTED_EDGE ( 'NONE', *, *, #2630, .F. ) ;
#42 = LINE ( 'NONE', #882, #4796 ) ;
#43 = EDGE_LOOP ( 'NONE', ( #1235, #3578, #1109, #5944 ) ) ;
#44 = DIRECTION ( 'NONE',  ( 1.000000000000000000, 0.000000000000000000, 0.000000000000000000 ) ) ;
#45 = ADVANCED_FACE ( 'NONE', ( #1831 ), #2702, .T. ) ;
#46 = PLANE ( 'NONE',  #6467 ) ;
#47 = DIRECTION ( 'NONE',  ( 1.000000000000000000, 0.000000000000000000, -1.445602896647339163E-16 ) ) ;
#48 = CARTESIAN_POINT ( 'NONE',  ( -3.625000000000000000, 1.339285714285714191, 0.2357142857142861814 ) ) ;
#49 = PRESENTATION_STYLE_ASSIGNMENT (( #6740 ) ) ;
#50 = CARTESIAN_POINT ( 'NONE',  ( -0.5191275572975084796, 2.950000000000000178, -0.6471926549609913204 ) ) ;
#51 = ORIENTED_EDGE ( 'NONE', *, *, #5877, .F. ) ;
#52 = ORIENTED_EDGE ( 'NONE', *, *, #4807, .T. ) ;
#53 = DIRECTION ( 'NONE',  ( -1.204669080539448851E-16, -0.000000000000000000, 1.000000000000000000 ) ) ;
#54 = STYLED_ITEM ( 'NONE', ( #5157 ), #3221 ) ;
#55 = AXIS2_PLACEMENT_3D ( 'NONE', #3060, #5284, #3108 ) ;
#56 = ORIENTED_EDGE ( 'NONE', *, *, #1155, .F. ) ;
#57 = FILL_AREA_STYLE ('',( #4575 ) ) ;
#58 = VECTOR ( 'NONE', #5075, 1000.000000000000000 ) ;
#59 = CARTESIAN_POINT ( 'NONE',  ( -0.3113406322684263428, 3.000000000000000000, 2.203872908678615961 ) ) ;
#60 = DIRECTION ( 'NONE',  ( -1.000000000000000000, 0.000000000000000000, 0.000000000000000000 ) ) ;
#61 = DIRECTION ( 'NONE',  ( -0.000000000000000000, 1.000000000000000000, -0.000000000000000000 ) ) ;
#62 = DIRECTION ( 'NONE',  ( -1.000000000000000000, 0.000000000000000000, 0.000000000000000000 ) ) ;
#63 = ORIENTED_EDGE ( 'NONE', *, *, #6769, .F. ) ;
#64 = ADVANCED_FACE ( 'NONE', ( #4231 ), #2969, .F. ) ;
#65 = LINE ( 'NONE', #6403, #4972 ) ;
#66 = EDGE_CURVE ( 'NONE', #3866, #4446, #4268, .T. ) ;
#67 = VERTEX_POINT ( 'NONE', #3706 ) ;
#68 = DIRECTION ( 'NONE',  ( 0.000000000000000000, -1.000000000000000000, 0.000000000000000000 ) ) ;
#69 = AXIS2_PLACEMENT_3D ( 'NONE', #5317, #6507, #5266 ) ;
#70 = ORIENTED_EDGE ( 'NONE', *, *, #5568, .T. ) ;
#71 = AXIS2_PLACEMENT_3D ( 'NONE', #1275, #4696, #6218 ) ;
#72 = CARTESIAN_POINT ( 'NONE',  ( -3.299999999999999822, 0.2442857142857142450, 2.828571428571428736 ) ) ;
#73 = CARTESIAN_POINT ( 'NONE',  ( -0.3113406322684347804, 2.949999999999999734, -0.02548332798981431738 ) ) ;
#74 = LINE ( 'NONE', #4988, #2468 ) ;
#75 = DIRECTION ( 'NONE',  ( -3.848944471891893324E-15, 0.000000000000000000, -1.000000000000000000 ) ) ;
#76 = VERTEX_POINT ( 'NONE', #671 ) ;
#77 = MECHANICAL_DESIGN_GEOMETRIC_PRESENTATION_REPRESENTATION (  '', ( #2596 ), #3173 ) ;
#78 = FILL_AREA_STYLE_COLOUR ( '', #5015 ) ;
#79 = VERTEX_POINT ( 'NONE', #5813 ) ;
#80 = DIRECTION ( 'NONE',  ( -0.000000000000000000, -1.000000000000000000, -0.000000000000000000 ) ) ;
#81 = FILL_AREA_STYLE ('',( #3244 ) ) ;
#82 = EDGE_CURVE ( 'NONE', #3531, #6414, #4124, .T. ) ;
#83 = VECTOR ( 'NONE', #2720, 1000.000000000000000 ) ;
#84 = FILL_AREA_STYLE ('',( #668 ) ) ;
#85 = DIRECTION ( 'NONE',  ( 0.000000000000000000, 1.000000000000000000, 0.000000000000000000 ) ) ;
#86 = ORIENTED_EDGE ( 'NONE', *, *, #1725, .F. ) ;
#87 = MECHANICAL_DESIGN_GEOMETRIC_PRESENTATION_REPRESENTATION (  '', ( #4600 ), #3950 ) ;
#88 = LINE ( 'NONE', #5946, #132 ) ;
#89 = ORIENTED_EDGE ( 'NONE', *, *, #4519, .F. ) ;
#90 = SURFACE_STYLE_FILL_AREA ( #1407 ) ;
#91 = ORIENTED_EDGE ( 'NONE', *, *, #5617, .T. ) ;
#92 = ORIENTED_EDGE ( 'NONE', *, *, #1795, .T. ) ;
#93 = CARTESIAN_POINT ( 'NONE',  ( 2.828571428571428736, 2.905714285714285694, -3.299999999999999822 ) ) ;
#94 = FACE_OUTER_BOUND ( 'NONE', #4688, .T. ) ;
#95 = VECTOR ( 'NONE', #5159, 1000.000000000000000 ) ;
#96 = EDGE_CURVE ( 'NONE', #67, #925, #1681, .T. ) ;
#97 = DIRECTION ( 'NONE',  ( 0.9012599435649164548, -0.000000000000000000, 0.4332787949177337450 ) ) ;
#98 = DIRECTION ( 'NONE',  ( -0.000000000000000000, 1.000000000000000000, -0.000000000000000000 ) ) ;
#99 = AXIS2_PLACEMENT_3D ( 'NONE', #3979, #6921, #113 ) ;
#100 = SURFACE_STYLE_USAGE ( .BOTH. , #2277 ) ;
#101 = VECTOR ( 'NONE', #4257, 1000.000000000000000 ) ;
#102 = CARTESIAN_POINT ( 'NONE',  ( -1.009256750147800696, 1.610876343277178879, -0.5262135180941753809 ) ) ;
#103 = EDGE_CURVE ( 'NONE', #1584, #4406, #1858, .T. ) ;
#104 = VERTEX_POINT ( 'NONE', #328 ) ;
#105 = COLOUR_RGB ( '',1.000000000000000000, 1.000000000000000000, 1.000000000000000000 ) ;
#106 = EDGE_LOOP ( 'NONE', ( #2234, #3931, #6462, #1128 ) ) ;
#107 = DIRECTION ( 'NONE',  ( 0.4332787949177359099, 0.000000000000000000, -0.9012599435649154556 ) ) ;
#108 = EDGE_CURVE ( 'NONE', #1663, #4009, #4079, .T. ) ;
#109 = ORIENTED_EDGE ( 'NONE', *, *, #82, .T. ) ;
#110 = ADVANCED_FACE ( 'NONE', ( #4176 ), #5575, .T. ) ;
#111 = SURFACE_STYLE_USAGE ( .BOTH. , #2372 ) ;
#112 = SURFACE_STYLE_FILL_AREA ( #6994 ) ;
#113 = DIRECTION ( 'NONE',  ( 1.000000000000000000, 0.000000000000000000, 0.000000000000000000 ) ) ;
#114 = FILL_AREA_STYLE_COLOUR ( '', #105 ) ;
#115 = DIRECTION ( 'NONE',  ( -0.000000000000000000, 1.000000000000000000, -0.000000000000000000 ) ) ;
#116 = VERTEX_POINT ( 'NONE', #6188 ) ;
#117 = EDGE_CURVE ( 'NONE', #1501, #6531, #1700, .T. ) ;
#118 = EDGE_LOOP ( 'NONE', ( #1749, #4961, #4189, #4942 ) ) ;
#119 = DIRECTION ( 'NONE',  ( 0.000000000000000000, 1.000000000000000000, 0.000000000000000000 ) ) ;
#120 = FACE_OUTER_BOUND ( 'NONE', #6333, .T. ) ;
#121 = CARTESIAN_POINT ( 'NONE',  ( -3.300000000000000266, 1.433571428571428275, -0.3299999999999995159 ) ) ;
#122 = EDGE_CURVE ( 'NONE', #6910, #6843, #4152, .T. ) ;
#123 = CARTESIAN_POINT ( 'NONE',  ( -1.355548194750002322, 2.950000000000000178, 1.402156078069614509 ) ) ;
#124 = ORIENTED_EDGE ( 'NONE', *, *, #6749, .T. ) ;
#125 = ADVANCED_FACE ( 'NONE', ( #6583 ), #5531, .F. ) ;
#126 = ORIENTED_EDGE ( 'NONE', *, *, #6601, .F. ) ;
#127 = CARTESIAN_POINT ( 'NONE',  ( -1.132140295698496057, 3.000000000000000000, -1.207104699462107966 ) ) ;
#128 = ORIENTED_EDGE ( 'NONE', *, *, #327, .F. ) ;
#129 = DIRECTION ( 'NONE',  ( 0.000000000000000000, 0.000000000000000000, -1.000000000000000000 ) ) ;
#130 = DIRECTION ( 'NONE',  ( -0.9799725457018645391, -0.000000000000000000, 0.1991326434078726781 ) ) ;
#131 =( LENGTH_UNIT ( ) NAMED_UNIT ( * ) SI_UNIT ( .MILLI., .METRE. ) );
#132 = VECTOR ( 'NONE', #2693, 1000.000000000000000 ) ;
#133 = VERTEX_POINT ( 'NONE', #5655 ) ;
#134 = VECTOR ( 'NONE', #3132, 1000.000000000000000 ) ;
#135 = ORIENTED_EDGE ( 'NONE', *, *, #6908, .T. ) ;
#136 =( NAMED_UNIT ( * ) PLANE_ANGLE_UNIT ( ) SI_UNIT ( $, .RADIAN. ) );
#137 = EDGE_LOOP ( 'NONE', ( #4136, #5029, #6516, #2574 ) ) ;
#138 = VECTOR ( 'NONE', #5342, 1000.000000000000000 ) ;
#139 = CARTESIAN_POINT ( 'NONE',  ( -0.5369520278213535391, 1.610876343277178879, 1.709469332942378239 ) ) ;
#140 = DIRECTION ( 'NONE',  ( -0.000000000000000000, 1.000000000000000000, -0.000000000000000000 ) ) ;
#141 =( GEOMETRIC_REPRESENTATION_CONTEXT ( 3 ) GLOBAL_UNCERTAINTY_ASSIGNED_CONTEXT ( ( #4139 ) ) GLOBAL_UNIT_ASSIGNED_CONTEXT ( ( #6293, #3426, #596 ) ) REPRESENTATION_CONTEXT ( 'NONE', 'WORKASPACE' ) );
#142 = CARTESIAN_POINT ( 'NONE',  ( -3.205714285714285516, 2.905714285714285694, 2.828571428571428736 ) ) ;
#143 = AXIS2_PLACEMENT_3D ( 'NONE', #4046, #5546, #3323 ) ;
#144 = ORIENTED_EDGE ( 'NONE', *, *, #957, .T. ) ;
#145 = EDGE_LOOP ( 'NONE', ( #809, #3496, #800, #4089 ) ) ;
#146 =( GEOMETRIC_REPRESENTATION_CONTEXT ( 3 ) GLOBAL_UNCERTAINTY_ASSIGNED_CONTEXT ( ( #5021 ) ) GLOBAL_UNIT_ASSIGNED_CONTEXT ( ( #2407, #2608, #2035 ) ) REPRESENTATION_CONTEXT ( 'NONE', 'WORKASPACE' ) );
#147 = ORIENTED_EDGE ( 'NONE', *, *, #5067, .F. ) ;
#148 = ORIENTED_EDGE ( 'NONE', *, *, #301, .F. ) ;
#149 = CARTESIAN_POINT ( 'NONE',  ( 2.828571428571428736, 0.1499999999999999944, -3.205714285714285516 ) ) ;
#150 = COLOUR_RGB ( '',1.000000000000000000, 1.000000000000000000, 1.000000000000000000 ) ;
#151 = EDGE_CURVE ( 'NONE', #6245, #3650, #701, .T. ) ;
#152 = CARTESIAN_POINT ( 'NONE',  ( -1.357751691251414483, 1.610876343277178879, 0.6007890726471740717 ) ) ;
#153 = CARTESIAN_POINT ( 'NONE',  ( -0.3113406322684408312, 2.950000000000000178, -1.798585488986319758 ) ) ;
#154 = CARTESIAN_POINT ( 'NONE',  ( -0.3113406322684341143, 2.949999999999999734, 0.1536859196460394206 ) ) ;
#155 = CARTESIAN_POINT ( 'NONE',  ( -0.3113406322684293959, 2.950000000000000178, 1.462103842300823686 ) ) ;
#156 = ORIENTED_EDGE ( 'NONE', *, *, #606, .F. ) ;
#157 = VERTEX_POINT ( 'NONE', #4517 ) ;
#158 = AXIS2_PLACEMENT_3D ( 'NONE', #5962, #3661, #1564 ) ;
#159 = VECTOR ( 'NONE', #6680, 1000.000000000000114 ) ;
#160 = ORIENTED_EDGE ( 'NONE', *, *, #4317, .T. ) ;
#161 = EDGE_LOOP ( 'NONE', ( #4090, #6621, #281, #2346 ) ) ;
#162 = CARTESIAN_POINT ( 'NONE',  ( -1.132140295698483845, 2.950000000000000178, 2.097613617064586045 ) ) ;
#163 = SURFACE_STYLE_FILL_AREA ( #2345 ) ;
#164 = VERTEX_POINT ( 'NONE', #3972 ) ;
#165 = PLANE ( 'NONE',  #7156 ) ;
#166 = ADVANCED_FACE ( 'NONE', ( #1890 ), #478, .F. ) ;
#167 = EDGE_LOOP ( 'NONE', ( #2064, #7084, #4524, #326 ) ) ;
#168 = PRESENTATION_LAYER_ASSIGNMENT (  '', '', ( #2260 ) ) ;
#169 = EDGE_CURVE ( 'NONE', #6757, #3914, #1820, .T. ) ;
#170 = EDGE_LOOP ( 'NONE', ( #4110, #3762, #5890, #3797 ) ) ;
#171 = ORIENTED_EDGE ( 'NONE', *, *, #4633, .T. ) ;
#172 = SURFACE_STYLE_USAGE ( .BOTH. , #1965 ) ;
#173 = EDGE_LOOP ( 'NONE', ( #6674, #4763, #191, #4332 ) ) ;
#174 = DIRECTION ( 'NONE',  ( 1.828280983288194338E-15, 0.000000000000000000, 1.000000000000000000 ) ) ;
#175 = DIRECTION ( 'NONE',  ( 1.000000000000000000, -0.000000000000000000, -1.445602896647339163E-16 ) ) ;
#176 = FACE_OUTER_BOUND ( 'NONE', #6283, .T. ) ;
#177 = FACE_OUTER_BOUND ( 'NONE', #2305, .T. ) ;
#178 = DIRECTION ( 'NONE',  ( -2.953183167335239910E-15, 0.000000000000000000, -1.000000000000000000 ) ) ;
#179 = CARTESIAN_POINT ( 'NONE',  ( -0.5369520278213518738, 2.999999999999999112, 2.140026246433025303 ) ) ;
#180 = DIRECTION ( 'NONE',  ( 0.000000000000000000, 1.000000000000000000, 0.000000000000000000 ) ) ;
#181 = ORIENTED_EDGE ( 'NONE', *, *, #2883, .F. ) ;
#182 = EDGE_CURVE ( 'NONE', #3815, #6413, #6636, .T. ) ;
#183 = ORIENTED_EDGE ( 'NONE', *, *, #5404, .F. ) ;
#184 = ORIENTED_EDGE ( 'NONE', *, *, #359, .T. ) ;
#185 = ADVANCED_FACE ( 'NONE', ( #1790 ), #4408, .F. ) ;
#186 = VERTEX_POINT ( 'NONE', #1061 ) ;
#187 = VECTOR ( 'NONE', #2250, 1000.000000000000000 ) ;
#188 = DIRECTION ( 'NONE',  ( -1.000000000000000000, -0.000000000000000000, -2.168404344971008868E-16 ) ) ;
#189 = EDGE_CURVE ( 'NONE', #6437, #702, #1770, .T. ) ;
#190 = SURFACE_STYLE_USAGE ( .BOTH. , #4661 ) ;
#191 = ORIENTED_EDGE ( 'NONE', *, *, #5725, .T. ) ;
#192 = CARTESIAN_POINT ( 'NONE',  ( -1.132140295698496946, 3.000000000000000000, -1.657805791318631261 ) ) ;
#193 = CARTESIAN_POINT ( 'NONE',  ( -3.299999999999999822, 0.5999999999999999778, 1.500000000000000666 ) ) ;
#194 = CARTESIAN_POINT ( 'NONE',  ( -3.624999999999999556, 1.575000000000000178, 1.500000000000000666 ) ) ;
#195 = EDGE_CURVE ( 'NONE', #2087, #1637, #2454, .T. ) ;
#196 = EDGE_LOOP ( 'NONE', ( #37, #1352, #3922, #3830 ) ) ;
#197 = EDGE_LOOP ( 'NONE', ( #2605, #3880 ) ) ;
#198 = VECTOR ( 'NONE', #862, 1000.000000000000000 ) ;
#199 = VERTEX_POINT ( 'NONE', #642 ) ;
#200 = CARTESIAN_POINT ( 'NONE',  ( 1.300000000000000044, 0.1499999999999999944, 1.800000000000000044 ) ) ;
#201 = VECTOR ( 'NONE', #3938, 1000.000000000000000 ) ;
#202 = SURFACE_STYLE_FILL_AREA ( #4545 ) ;
#203 = CARTESIAN_POINT ( 'NONE',  ( -1.132140295698494725, 3.000000000000000000, -1.161343720975608562 ) ) ;
#204 = SURFACE_SIDE_STYLE ('',( #7098 ) ) ;
#205 = CARTESIAN_POINT ( 'NONE',  ( 3.205714285714285516, 0.1499999999999999944, -1.800000000000000488 ) ) ;
#206 = DIRECTION ( 'NONE',  ( 0.000000000000000000, 0.000000000000000000, 1.000000000000000000 ) ) ;
#207 = CARTESIAN_POINT ( 'NONE',  ( -0.9960914994576102188, 2.949999999999999734, -0.5535984564600542335 ) ) ;
#208 = DIRECTION ( 'NONE',  ( -1.000000000000000000, 0.000000000000000000, 1.828280983288195916E-15 ) ) ;
#209 = ORIENTED_EDGE ( 'NONE', *, *, #1537, .F. ) ;
#210 = ORIENTED_EDGE ( 'NONE', *, *, #4596, .T. ) ;
#211 = VECTOR ( 'NONE', #5795, 1000.000000000000000 ) ;
#212 = EDGE_CURVE ( 'NONE', #116, #6437, #1777, .T. ) ;
#213 = VERTEX_POINT ( 'NONE', #5992 ) ;
#214 = CARTESIAN_POINT ( 'NONE',  ( 3.300000000000000266, 1.574999999999999734, -0.3299999999999995159 ) ) ;
#215 = CIRCLE ( 'NONE', #5434, 0.03038517195999622389 ) ;
#216 = VERTEX_POINT ( 'NONE', #3868 ) ;
#217 = B_SPLINE_CURVE_WITH_KNOTS ( 'NONE', 3,
 ( #3990, #4587, #1319, #746, #3495, #2480 ),
 .UNSPECIFIED., .F., .F.,
 ( 4, 1, 1, 4 ),
 ( 0.000000000000000000, 0.4712518714902709793, 0.5712518714902710126, 1.000000000000000000 ),
 .UNSPECIFIED. ) ;
#218 = SURFACE_STYLE_USAGE ( .BOTH. , #934 ) ;
#219 = EDGE_LOOP ( 'NONE', ( #5551, #6438, #6312, #848 ) ) ;
#220 = DIRECTION ( 'NONE',  ( 0.000000000000000000, 1.000000000000000000, 0.000000000000000000 ) ) ;
#221 = EDGE_LOOP ( 'NONE', ( #383, #528, #840, #2926 ) ) ;
#222 = CARTESIAN_POINT ( 'NONE',  ( -0.3113406322684347804, 2.950000000000000178, -0.02548332798981431738 ) ) ;
#223 = LINE ( 'NONE', #3517, #2533 ) ;
#224 = LINE ( 'NONE', #4150, #138 ) ;
#225 = CARTESIAN_POINT ( 'NONE',  ( -4.065758146820639655E-16, 0.000000000000000000, 1.499999999999999556 ) ) ;
#226 = STYLED_ITEM ( 'NONE', ( #6730 ), #4889 ) ;
#227 = CARTESIAN_POINT ( 'NONE',  ( -1.357751691251412263, 2.949999999999999734, 1.302799868628608859 ) ) ;
#228 = ADVANCED_FACE ( 'NONE', ( #6691 ), #2552, .T. ) ;
#229 = DIRECTION ( 'NONE',  ( -1.000000000000000000, 0.000000000000000000, 4.784464174600315422E-15 ) ) ;
#230 = ORIENTED_EDGE ( 'NONE', *, *, #1161, .T. ) ;
#231 = ORIENTED_EDGE ( 'NONE', *, *, #833, .T. ) ;
#232 = FACE_OUTER_BOUND ( 'NONE', #196, .T. ) ;
#233 = VERTEX_POINT ( 'NONE', #1937 ) ;
#234 = AXIS2_PLACEMENT_3D ( 'NONE', #4092, #4690, #6874 ) ;
#235 = VERTEX_POINT ( 'NONE', #5872 ) ;
#236 = DIRECTION ( 'NONE',  ( -0.9945218953682742891, 0.000000000000000000, -0.1045284632676442699 ) ) ;
#237 = SURFACE_STYLE_FILL_AREA ( #3186 ) ;
#238 = VECTOR ( 'NONE', #2518, 1000.000000000000000 ) ;
#239 = AXIS2_PLACEMENT_3D ( 'NONE', #2051, #358, #875 ) ;
#240 = VERTEX_POINT ( 'NONE', #1351 ) ;
#241 = MECHANICAL_DESIGN_GEOMETRIC_PRESENTATION_REPRESENTATION (  '', ( #6371 ), #658 ) ;
#242 = CARTESIAN_POINT ( 'NONE',  ( -0.3113406322684354466, 1.610876343277178879, -0.1906918335153006128 ) ) ;
#243 = AXIS2_PLACEMENT_3D ( 'NONE', #2473, #4187, #5240 ) ;
#244 = DIRECTION ( 'NONE',  ( 0.000000000000000000, 1.000000000000000000, 0.000000000000000000 ) ) ;
#245 = CARTESIAN_POINT ( 'NONE',  ( -3.300000000000000266, 1.433571428571428275, -0.2357142857142852099 ) ) ;
#246 = CARTESIAN_POINT ( 'NONE',  ( -0.3113406322684310057, 2.950000000000000178, 1.017803178849526313 ) ) ;
#247 = DIRECTION ( 'NONE',  ( 4.784464174600315422E-15, 0.000000000000000000, 1.000000000000000000 ) ) ;
#248 = ORIENTED_EDGE ( 'NONE', *, *, #1741, .F. ) ;
#249 = ADVANCED_FACE ( 'NONE', ( #4597 ), #6354, .T. ) ;
#250 = FACE_OUTER_BOUND ( 'NONE', #5489, .T. ) ;
#251 = ORIENTED_EDGE ( 'NONE', *, *, #2694, .T. ) ;
#252 = EDGE_CURVE ( 'NONE', #294, #4226, #4413, .T. ) ;
#253 = FACE_OUTER_BOUND ( 'NONE', #1044, .T. ) ;
#254 = SURFACE_STYLE_USAGE ( .BOTH. , #2419 ) ;
#255 = AXIS2_PLACEMENT_3D ( 'NONE', #5447, #1986, #3565 ) ;
#256 = CARTESIAN_POINT ( 'NONE',  ( -0.5347888298061447276, 2.950000000000000178, 0.1384375128069279537 ) ) ;
#257 = DIRECTION ( 'NONE',  ( 0.000000000000000000, 1.000000000000000000, 0.000000000000000000 ) ) ;
#258 = ORIENTED_EDGE ( 'NONE', *, *, #2962, .T. ) ;
#259 = ORIENTED_EDGE ( 'NONE', *, *, #2807, .T. ) ;
#260 = ORIENTED_EDGE ( 'NONE', *, *, #544, .T. ) ;
#261 = PRESENTATION_LAYER_ASSIGNMENT (  '', '', ( #2596 ) ) ;
#262 = CARTESIAN_POINT ( 'NONE',  ( -1.357751691251411597, 2.950000000000000178, 1.623199812011252963 ) ) ;
#263 = COLOUR_RGB ( '',1.000000000000000000, 1.000000000000000000, 1.000000000000000000 ) ;
#264 = EDGE_CURVE ( 'NONE', #1412, #2096, #6977, .T. ) ;
#265 = CARTESIAN_POINT ( 'NONE',  ( -0.3113406322684341143, 2.949999999999999734, 0.1536859196460394206 ) ) ;
#266 = AXIS2_PLACEMENT_3D ( 'NONE', #6463, #6564, #452 ) ;
#267 = EDGE_CURVE ( 'NONE', #5564, #186, #6941, .T. ) ;
#268 = DIRECTION ( 'NONE',  ( 0.000000000000000000, 0.000000000000000000, 1.000000000000000000 ) ) ;
#269 = ORIENTED_EDGE ( 'NONE', *, *, #66, .T. ) ;
#270 = LINE ( 'NONE', #1359, #2685 ) ;
#271 = CARTESIAN_POINT ( 'NONE',  ( -0.5369520278213633091, 3.000000000000000000, -1.164692070093668264 ) ) ;
#272 = ORIENTED_EDGE ( 'NONE', *, *, #1985, .F. ) ;
#273 = DIRECTION ( 'NONE',  ( 0.000000000000000000, -1.000000000000000000, 0.000000000000000000 ) ) ;
#274 = DIRECTION ( 'NONE',  ( -3.910734236825684826E-15, 0.000000000000000000, -1.000000000000000000 ) ) ;
#275 = VECTOR ( 'NONE', #1508, 1000.000000000000000 ) ;
#276 = B_SPLINE_CURVE_WITH_KNOTS ( 'NONE', 3,
 ( #976, #3078, #7039, #1431, #1489 ),
 .UNSPECIFIED., .F., .F.,
 ( 4, 1, 4 ),
 ( 0.000000000000000000, 0.5143794237790315638, 1.000000000000000000 ),
 .UNSPECIFIED. ) ;
#277 = CYLINDRICAL_SURFACE ( 'NONE', #2067, 0.03038517195999221321 ) ;
#278 = CARTESIAN_POINT ( 'NONE',  ( -0.3113406322684358352, 3.000000000000000000, -0.3018418195157239192 ) ) ;
#279 = EDGE_CURVE ( 'NONE', #3810, #852, #4479, .T. ) ;
#280 = CARTESIAN_POINT ( 'NONE',  ( -1.357751691251422699, 3.000000000000000000, -1.681518504515441492 ) ) ;
#281 = ORIENTED_EDGE ( 'NONE', *, *, #1526, .T. ) ;
#282 = VERTEX_POINT ( 'NONE', #4622 ) ;
#283 = EDGE_CURVE ( 'NONE', #199, #6423, #6871, .T. ) ;
#284 = SURFACE_STYLE_FILL_AREA ( #81 ) ;
#285 =( LENGTH_UNIT ( ) NAMED_UNIT ( * ) SI_UNIT ( .MILLI., .METRE. ) );
#286 = VERTEX_POINT ( 'NONE', #149 ) ;
#287 = PRESENTATION_STYLE_ASSIGNMENT (( #3242 ) ) ;
#288 = EDGE_CURVE ( 'NONE', #6510, #1663, #6767, .T. ) ;
#289 = ORIENTED_EDGE ( 'NONE', *, *, #2948, .T. ) ;
#290 = CARTESIAN_POINT ( 'NONE',  ( -0.5191275572975078134, 2.950000000000000178, -0.4017349403839645672 ) ) ;
#291 = DIRECTION ( 'NONE',  ( -3.538354270939118021E-15, 0.000000000000000000, -1.000000000000000000 ) ) ;
#292 = DIRECTION ( 'NONE',  ( 0.000000000000000000, 1.000000000000000000, 0.000000000000000000 ) ) ;
#293 = UNCERTAINTY_MEASURE_WITH_UNIT (LENGTH_MEASURE( 1.000000000000000082E-05 ), #5745, 'distance_accuracy_value', 'NONE');
#294 = VERTEX_POINT ( 'NONE', #5179 ) ;
#295 = ORIENTED_EDGE ( 'NONE', *, *, #2438, .T. ) ;
#296 = DIRECTION ( 'NONE',  ( 0.000000000000000000, -0.000000000000000000, 1.000000000000000000 ) ) ;
#297 = COLOUR_RGB ( '',1.000000000000000000, 1.000000000000000000, 1.000000000000000000 ) ;
#298 = LINE ( 'NONE', #6989, #2471 ) ;
#299 = SURFACE_STYLE_FILL_AREA ( #3831 ) ;
#300 = CARTESIAN_POINT ( 'NONE',  ( -0.5369520278213634201, 2.949999999999999734, -1.164692070093668264 ) ) ;
#301 = EDGE_CURVE ( 'NONE', #3287, #4607, #4042, .T. ) ;
#302 = CARTESIAN_POINT ( 'NONE',  ( 3.625000000000000444, 1.574999999999999734, -1.499999999999999778 ) ) ;
#303 = CARTESIAN_POINT ( 'NONE',  ( -2.024999999999999911, 0.000000000000000000, 2.927345865710861479E-16 ) ) ;
#304 = DIRECTION ( 'NONE',  ( 0.000000000000000000, 0.000000000000000000, -1.000000000000000000 ) ) ;
#305 = ORIENTED_EDGE ( 'NONE', *, *, #4426, .F. ) ;
#306 = ADVANCED_FACE ( 'NONE', ( #6791, #6817 ), #4723, .T. ) ;
#307 = VERTEX_POINT ( 'NONE', #822 ) ;
#308 = CARTESIAN_POINT ( 'NONE',  ( -0.3113406322684401095, 2.950000000000000178, -1.571536270387498879 ) ) ;
#309 = PRESENTATION_STYLE_ASSIGNMENT (( #2812 ) ) ;
#310 = ORIENTED_EDGE ( 'NONE', *, *, #537, .F. ) ;
#311 = VERTEX_POINT ( 'NONE', #4177 ) ;
#312 = DIRECTION ( 'NONE',  ( 0.000000000000000000, 1.000000000000000000, 0.000000000000000000 ) ) ;
#313 = AXIS2_PLACEMENT_3D ( 'NONE', #4453, #5525, #6083 ) ;
#314 = CARTESIAN_POINT ( 'NONE',  ( -0.3113406322684310057, 3.000000000000000000, 1.017803178849526313 ) ) ;
#315 = EDGE_LOOP ( 'NONE', ( #5411, #6026, #1085, #1337 ) ) ;
#316 = PRESENTATION_LAYER_ASSIGNMENT (  '', '', ( #226 ) ) ;
#317 = PRESENTATION_STYLE_ASSIGNMENT (( #100 ) ) ;
#318 = FACE_OUTER_BOUND ( 'NONE', #2421, .T. ) ;
#319 = FILL_AREA_STYLE ('',( #6884 ) ) ;
#320 = CARTESIAN_POINT ( 'NONE',  ( -3.299999999999999822, 1.575000000000000178, 1.500000000000000666 ) ) ;
#321 = VECTOR ( 'NONE', #4951, 1000.000000000000000 ) ;
#322 = DIRECTION ( 'NONE',  ( 0.1045284632676442699, 0.000000000000000000, -0.9945218953682742891 ) ) ;
#323 = VERTEX_POINT ( 'NONE', #4767 ) ;
#324 = DIRECTION ( 'NONE',  ( 0.9012599435649613078, 0.000000000000000000, 0.4332787949176404863 ) ) ;
#325 = CARTESIAN_POINT ( 'NONE',  ( -0.5369520278213655295, 2.949999999999999734, -1.595248983584309110 ) ) ;
#326 = ORIENTED_EDGE ( 'NONE', *, *, #2003, .F. ) ;
#327 = EDGE_CURVE ( 'NONE', #1313, #6072, #4374, .T. ) ;
#328 = CARTESIAN_POINT ( 'NONE',  ( -2.592857142857142971, 2.900000000000000355, 2.357142857142857650 ) ) ;
#329 = AXIS2_PLACEMENT_3D ( 'NONE', #1022, #4258, #4940 ) ;
#330 = ORIENTED_EDGE ( 'NONE', *, *, #182, .T. ) ;
#331 = AXIS2_PLACEMENT_3D ( 'NONE', #6775, #3993, #5113 ) ;
#332 = CIRCLE ( 'NONE', #3854, 0.3771428571428571130 ) ;
#333 = VECTOR ( 'NONE', #257, 1000.000000000000000 ) ;
#334 = SURFACE_SIDE_STYLE ('',( #1484 ) ) ;
#335 = VECTOR ( 'NONE', #60, 1000.000000000000000 ) ;
#336 = FILL_AREA_STYLE_COLOUR ( '', #509 ) ;
#337 = VECTOR ( 'NONE', #1421, 1000.000000000000000 ) ;
#338 = DIRECTION ( 'NONE',  ( 1.000000000000000000, 0.000000000000000000, -2.710505431213760592E-16 ) ) ;
#339 = ORIENTED_EDGE ( 'NONE', *, *, #3947, .F. ) ;
#340 = CARTESIAN_POINT ( 'NONE',  ( -0.6173770034315396726, 3.000000000000000444, 1.758201658812008406 ) ) ;
#341 = SURFACE_SIDE_STYLE ('',( #4082 ) ) ;
#342 = CARTESIAN_POINT ( 'NONE',  ( -0.3113406322684411087, 2.949999999999999734, -1.909735474986742787 ) ) ;
#343 = CARTESIAN_POINT ( 'NONE',  ( -1.357751691251411597, 1.610876343277178879, 0.9404351645289628081 ) ) ;
#344 = CARTESIAN_POINT ( 'NONE',  ( -2.024999999999999911, 0.5999999999999999778, -1.499999999999999778 ) ) ;
#345 = DIRECTION ( 'NONE',  ( 0.000000000000000000, 0.000000000000000000, -1.000000000000000000 ) ) ;
#346 = EDGE_CURVE ( 'NONE', #3594, #5737, #2144, .T. ) ;
#347 = VERTEX_POINT ( 'NONE', #3622 ) ;
#348 =( BOUNDED_CURVE ( )  B_SPLINE_CURVE ( 3, ( #4578, #1069, #1718, #3313 ),
 .UNSPECIFIED., .F., .F. ) 
 B_SPLINE_CURVE_WITH_KNOTS ( ( 4, 4 ),
 ( 0.000000000000000000, 3.141592653589793116 ),
 .UNSPECIFIED. ) 
 CURVE ( )  GEOMETRIC_REPRESENTATION_ITEM ( )  RATIONAL_B_SPLINE_CURVE ( ( 1.000000000000000000, 0.3333333333333333703, 0.3333333333333333703, 1.000000000000000000 ) ) 
 REPRESENTATION_ITEM ( '' )  );
#349 = VECTOR ( 'NONE', #2018, 1000.000000000000000 ) ;
#350 = ORIENTED_EDGE ( 'NONE', *, *, #3034, .F. ) ;
#351 = AXIS2_PLACEMENT_3D ( 'NONE', #5771, #2362, #5683 ) ;
#352 = CARTESIAN_POINT ( 'NONE',  ( -1.300000000000000044, 0.2500000000000000000, 1.800000000000000044 ) ) ;
#353 = SURFACE_SIDE_STYLE ('',( #6048 ) ) ;
#354 = CARTESIAN_POINT ( 'NONE',  ( -0.3113406322684285077, 3.000000000000000000, 1.733182046139194687 ) ) ;
#355 = DIRECTION ( 'NONE',  ( -0.000000000000000000, -1.000000000000000000, -0.000000000000000000 ) ) ;
#356 = DIRECTION ( 'NONE',  ( 1.000000000000000000, 0.000000000000000000, 0.000000000000000000 ) ) ;
#357 = DIRECTION ( 'NONE',  ( 0.000000000000000000, 0.000000000000000000, -1.000000000000000000 ) ) ;
#358 = DIRECTION ( 'NONE',  ( 1.000000000000000000, 0.000000000000000000, -2.953183167335239910E-15 ) ) ;
#359 = EDGE_CURVE ( 'NONE', #1117, #1327, #4400, .T. ) ;
#360 = DIRECTION ( 'NONE',  ( 2.650237759331712794E-15, -0.000000000000000000, 1.000000000000000000 ) ) ;
#361 = FACE_OUTER_BOUND ( 'NONE', #219, .T. ) ;
#362 = PRESENTATION_STYLE_ASSIGNMENT (( #961 ) ) ;
#363 = PLANE ( 'NONE',  #2821 ) ;
#364 =( NAMED_UNIT ( * ) SI_UNIT ( $, .STERADIAN. ) SOLID_ANGLE_UNIT ( ) );
#365 = VECTOR ( 'NONE', #4445, 1000.000000000000000 ) ;
#366 = AXIS2_PLACEMENT_3D ( 'NONE', #540, #2768, #2001 ) ;
#367 = EDGE_CURVE ( 'NONE', #6296, #6857, #6911, .T. ) ;
#368 = CARTESIAN_POINT ( 'NONE',  ( -0.3113406322684358352, 2.949999999999999734, -0.3018418195157239192 ) ) ;
#369 = VERTEX_POINT ( 'NONE', #956 ) ;
#370 = CARTESIAN_POINT ( 'NONE',  ( -0.5369520278213519848, 2.950000000000000178, 2.140026246433025747 ) ) ;
#371 = EDGE_CURVE ( 'NONE', #2101, #2087, #2128, .T. ) ;
#372 = DIRECTION ( 'NONE',  ( 0.000000000000000000, 1.000000000000000000, 0.000000000000000000 ) ) ;
#373 = LINE ( 'NONE', #2236, #5106 ) ;
#374 = PRESENTATION_STYLE_ASSIGNMENT (( #4286 ) ) ;
#375 = EDGE_LOOP ( 'NONE', ( #6720, #1969, #2399, #4159 ) ) ;
#376 = EDGE_CURVE ( 'NONE', #67, #5248, #4520, .T. ) ;
#377 = CARTESIAN_POINT ( 'NONE',  ( -1.132140295698490950, 3.000000000000000000, 0.1266649546707405427 ) ) ;
#378 =( NAMED_UNIT ( * ) PLANE_ANGLE_UNIT ( ) SI_UNIT ( $, .RADIAN. ) );
#379 = DIRECTION ( 'NONE',  ( -0.9945218953682746221, 0.000000000000000000, -0.1045284632676402869 ) ) ;
#380 = LINE ( 'NONE', #5473, #365 ) ;
#381 = VECTOR ( 'NONE', #4219, 1000.000000000000000 ) ;
#382 = DIRECTION ( 'NONE',  ( -0.000000000000000000, 1.000000000000000000, -0.000000000000000000 ) ) ;
#383 = ORIENTED_EDGE ( 'NONE', *, *, #3347, .T. ) ;
#384 =( NAMED_UNIT ( * ) SI_UNIT ( $, .STERADIAN. ) SOLID_ANGLE_UNIT ( ) );
#385 = DIRECTION ( 'NONE',  ( 0.000000000000000000, -1.000000000000000000, 0.000000000000000000 ) ) ;
#386 = ORIENTED_EDGE ( 'NONE', *, *, #1570, .F. ) ;
#387 = EDGE_CURVE ( 'NONE', #813, #3098, #4610, .T. ) ;
#388 = FILL_AREA_STYLE ('',( #4312 ) ) ;
#389 = VECTOR ( 'NONE', #4134, 1000.000000000000000 ) ;
#390 = EDGE_CURVE ( 'NONE', #5908, #1409, #2046, .T. ) ;
#391 = FILL_AREA_STYLE_COLOUR ( '', #5807 ) ;
#392 = CARTESIAN_POINT ( 'NONE',  ( -3.205714285714285516, 3.000000000000000000, 2.828571428571428736 ) ) ;
#393 = CYLINDRICAL_SURFACE ( 'NONE', #2992, 0.09428571428571430602 ) ;
#394 = CARTESIAN_POINT ( 'NONE',  ( -0.5369520278213633091, 3.000000000000000000, -1.164692070093668264 ) ) ;
#395 = VECTOR ( 'NONE', #2010, 1000.000000000000114 ) ;
#396 = UNCERTAINTY_MEASURE_WITH_UNIT (LENGTH_MEASURE( 1.000000000000000082E-05 ), #4370, 'distance_accuracy_value', 'NONE');
#397 = CARTESIAN_POINT ( 'NONE',  ( -0.5104047370281182827, 3.000000000000000000, 1.258785626153509529 ) ) ;
#398 = FILL_AREA_STYLE ('',( #6903 ) ) ;
#399 = CARTESIAN_POINT ( 'NONE',  ( -1.274968362457746363, 2.949999999999999734, -0.5805981914113235165 ) ) ;
#400 = CARTESIAN_POINT ( 'NONE',  ( -0.3113406322684293959, 2.949999999999999734, 1.462103842300823686 ) ) ;
#401 = DIRECTION ( 'NONE',  ( 0.000000000000000000, 1.000000000000000000, 0.000000000000000000 ) ) ;
#402 = ORIENTED_EDGE ( 'NONE', *, *, #6174, .T. ) ;
#403 = DIRECTION ( 'NONE',  ( 0.000000000000000000, 1.000000000000000000, 0.000000000000000000 ) ) ;
#404 = ADVANCED_FACE ( 'NONE', ( #6966 ), #6925, .T. ) ;
#405 = B_SPLINE_CURVE_WITH_KNOTS ( 'NONE', 3,
 ( #5243, #5379, #6820, #5747, #416 ),
 .UNSPECIFIED., .F., .F.,
 ( 4, 1, 4 ),
 ( 0.000000000000000000, 0.5178533069596279459, 1.000000000000000000 ),
 .UNSPECIFIED. ) ;
#406 = FACE_OUTER_BOUND ( 'NONE', #315, .T. ) ;
#407 =( LENGTH_UNIT ( ) NAMED_UNIT ( * ) SI_UNIT ( .MILLI., .METRE. ) );
#408 = ORIENTED_EDGE ( 'NONE', *, *, #3967, .T. ) ;
#409 = CARTESIAN_POINT ( 'NONE',  ( -1.357751691251411597, 2.950000000000000178, 0.06376282006731877339 ) ) ;
#410 =( NAMED_UNIT ( * ) PLANE_ANGLE_UNIT ( ) SI_UNIT ( $, .RADIAN. ) );
#411 = DIRECTION ( 'NONE',  ( 1.000000000000000000, -0.000000000000000000, 1.445602896647339163E-16 ) ) ;
#412 = ORIENTED_EDGE ( 'NONE', *, *, #5881, .F. ) ;
#413 = FACE_OUTER_BOUND ( 'NONE', #5008, .T. ) ;
#414 = CARTESIAN_POINT ( 'NONE',  ( -0.3113406322684408312, 1.610876343277178879, -1.798585488986319758 ) ) ;
#415 = LINE ( 'NONE', #990, #2790 ) ;
#416 = CARTESIAN_POINT ( 'NONE',  ( -0.3113406322684380556, 2.950000000000000178, -1.100845407848078716 ) ) ;
#417 = AXIS2_PLACEMENT_3D ( 'NONE', #425, #939, #5943 ) ;
#418 = ORIENTED_EDGE ( 'NONE', *, *, #1641, .F. ) ;
#419 = AXIS2_PLACEMENT_3D ( 'NONE', #5345, #3217, #4351 ) ;
#420 = AXIS2_PLACEMENT_3D ( 'NONE', #3472, #4069, #4666 ) ;
#421 = CARTESIAN_POINT ( 'NONE',  ( -1.132140295698483845, 3.000000000000000000, 2.097613617064586045 ) ) ;
#422 = LINE ( 'NONE', #3488, #5255 ) ;
#423 = CARTESIAN_POINT ( 'NONE',  ( 3.625000000000000000, 1.574999999999999734, -0.3299999999999994604 ) ) ;
#424 = DIRECTION ( 'NONE',  ( -0.000000000000000000, -0.000000000000000000, 1.000000000000000000 ) ) ;
#425 = CARTESIAN_POINT ( 'NONE',  ( -3.299999999999999378, 0.2500000000000000000, -1.800000000000000488 ) ) ;
#426 =( GEOMETRIC_REPRESENTATION_CONTEXT ( 3 ) GLOBAL_UNCERTAINTY_ASSIGNED_CONTEXT ( ( #2152 ) ) GLOBAL_UNIT_ASSIGNED_CONTEXT ( ( #7046, #2647, #6545 ) ) REPRESENTATION_CONTEXT ( 'NONE', 'WORKASPACE' ) );
#427 = VECTOR ( 'NONE', #4397, 1000.000000000000000 ) ;
#428 = FACE_OUTER_BOUND ( 'NONE', #750, .T. ) ;
#429 = ORIENTED_EDGE ( 'NONE', *, *, #5706, .F. ) ;
#430 = DIRECTION ( 'NONE',  ( 1.000000000000000000, 0.000000000000000000, 1.445602896647339163E-16 ) ) ;
#431 = PRESENTATION_LAYER_ASSIGNMENT (  '', '', ( #3823 ) ) ;
#432 = DIRECTION ( 'NONE',  ( 0.000000000000000000, -1.000000000000000000, 0.000000000000000000 ) ) ;
#433 =( NAMED_UNIT ( * ) SI_UNIT ( $, .STERADIAN. ) SOLID_ANGLE_UNIT ( ) );
#434 = DIRECTION ( 'NONE',  ( -1.000000000000000000, 0.000000000000000000, 3.590423107612694605E-15 ) ) ;
#435 = LINE ( 'NONE', #5359, #471 ) ;
#436 = LINE ( 'NONE', #5693, #3349 ) ;
#437 = EDGE_CURVE ( 'NONE', #2935, #1505, #4559, .T. ) ;
#438 = ORIENTED_EDGE ( 'NONE', *, *, #2499, .F. ) ;
#439 = EDGE_LOOP ( 'NONE', ( #4500, #92, #3085, #4605 ) ) ;
#440 = CARTESIAN_POINT ( 'NONE',  ( -1.132140295698485621, 2.949999999999999734, 1.646912525208062306 ) ) ;
#441 = DIRECTION ( 'NONE',  ( -0.000000000000000000, 0.000000000000000000, 1.000000000000000000 ) ) ;
#442 = DIRECTION ( 'NONE',  ( 0.000000000000000000, 1.000000000000000000, 0.000000000000000000 ) ) ;
#443 =( GEOMETRIC_REPRESENTATION_CONTEXT ( 3 ) GLOBAL_UNCERTAINTY_ASSIGNED_CONTEXT ( ( #3782 ) ) GLOBAL_UNIT_ASSIGNED_CONTEXT ( ( #4113, #1243, #1829 ) ) REPRESENTATION_CONTEXT ( 'NONE', 'WORKASPACE' ) );
#444 =( NAMED_UNIT ( * ) PLANE_ANGLE_UNIT ( ) SI_UNIT ( $, .RADIAN. ) );
#445 = ORIENTED_EDGE ( 'NONE', *, *, #5846, .F. ) ;
#446 = LINE ( 'NONE', #2069, #2998 ) ;
#447 = LINE ( 'NONE', #3694, #5260 ) ;
#448 = PLANE ( 'NONE',  #2386 ) ;
#449 = ORIENTED_EDGE ( 'NONE', *, *, #4554, .F. ) ;
#450 = EDGE_CURVE ( 'NONE', #972, #1623, #2188, .T. ) ;
#451 = CARTESIAN_POINT ( 'NONE',  ( -3.299999999999999378, 0.1499999999999999944, -1.800000000000000488 ) ) ;
#452 = DIRECTION ( 'NONE',  ( 0.000000000000000000, -0.000000000000000000, -1.000000000000000000 ) ) ;
#453 = AXIS2_PLACEMENT_3D ( 'NONE', #5805, #6381, #938 ) ;
#454 =( LENGTH_UNIT ( ) NAMED_UNIT ( * ) SI_UNIT ( .MILLI., .METRE. ) );
#455 = ORIENTED_EDGE ( 'NONE', *, *, #195, .F. ) ;
#456 = EDGE_CURVE ( 'NONE', #4064, #6604, #2089, .T. ) ;
#457 = LINE ( 'NONE', #3146, #5047 ) ;
#458 = DIRECTION ( 'NONE',  ( 2.710505431213760592E-16, 0.000000000000000000, -1.000000000000000000 ) ) ;
#459 = VECTOR ( 'NONE', #3582, 1000.000000000000000 ) ;
#460 = ADVANCED_FACE ( 'NONE', ( #6748 ), #7063, .F. ) ;
#461 = FILL_AREA_STYLE_COLOUR ( '', #1172 ) ;
#462 = LINE ( 'NONE', #906, #2769 ) ;
#463 = ORIENTED_EDGE ( 'NONE', *, *, #6923, .T. ) ;
#464 = EDGE_CURVE ( 'NONE', #6184, #5064, #6883, .T. ) ;
#465 = COLOUR_RGB ( '',1.000000000000000000, 1.000000000000000000, 1.000000000000000000 ) ;
#466 = CARTESIAN_POINT ( 'NONE',  ( -3.625000000000000000, 1.433571428571428275, -0.3299999999999994604 ) ) ;
#467 = ORIENTED_EDGE ( 'NONE', *, *, #3089, .T. ) ;
#468 = LINE ( 'NONE', #4185, #333 ) ;
#469 = FACE_OUTER_BOUND ( 'NONE', #6122, .T. ) ;
#470 = CARTESIAN_POINT ( 'NONE',  ( -1.291453225550534434, 2.950000000000000178, -0.6617235808708898936 ) ) ;
#471 = VECTOR ( 'NONE', #950, 1000.000000000000000 ) ;
#472 = VERTEX_POINT ( 'NONE', #5011 ) ;
#473 = CARTESIAN_POINT ( 'NONE',  ( -1.132140295698496057, 2.950000000000000178, -1.207104699462107966 ) ) ;
#474 = CARTESIAN_POINT ( 'NONE',  ( 2.024999999999999911, 0.2500000000000000000, -1.499999999999999778 ) ) ;
#475 = EDGE_CURVE ( 'NONE', #3439, #6426, #4362, .T. ) ;
#476 = COLOUR_RGB ( '',1.000000000000000000, 1.000000000000000000, 1.000000000000000000 ) ;
#477 = ADVANCED_FACE ( 'NONE', ( #1958 ), #2095, .T. ) ;
#478 = PLANE ( 'NONE',  #6410 ) ;
#479 = FACE_OUTER_BOUND ( 'NONE', #6920, .T. ) ;
#480 = CARTESIAN_POINT ( 'NONE',  ( -0.5369520278213535391, 2.949999999999999734, 1.709469332942378239 ) ) ;
#481 = UNCERTAINTY_MEASURE_WITH_UNIT (LENGTH_MEASURE( 1.000000000000000082E-05 ), #5835, 'distance_accuracy_value', 'NONE');
#482 =( LENGTH_UNIT ( ) NAMED_UNIT ( * ) SI_UNIT ( .MILLI., .METRE. ) );
#483 = LINE ( 'NONE', #5374, #2884 ) ;
#484 = ORIENTED_EDGE ( 'NONE', *, *, #6216, .T. ) ;
#485 = PRODUCT_CONTEXT ( 'NONE', #2456, 'mechanical' ) ;
#486 = DIRECTION ( 'NONE',  ( 0.000000000000000000, 0.000000000000000000, 1.000000000000000000 ) ) ;
#487 = CARTESIAN_POINT ( 'NONE',  ( 3.299999999999998934, 0.2500000000000000000, 1.800000000000001155 ) ) ;
#488 = CARTESIAN_POINT ( 'NONE',  ( -1.274968362457743476, 2.950000000000000178, -2.188491846882453906 ) ) ;
#489 = CARTESIAN_POINT ( 'NONE',  ( 3.625000000000000000, 0.2357142857142857095, -1.499999999999999778 ) ) ;
#490 = ORIENTED_EDGE ( 'NONE', *, *, #2861, .F. ) ;
#491 = CIRCLE ( 'NONE', #5354, 0.09428571428571427826 ) ;
#492 = CIRCLE ( 'NONE', #1339, 0.09428571428571427826 ) ;
#493 = AXIS2_PLACEMENT_3D ( 'NONE', #5828, #3099, #1397 ) ;
#494 = PLANE ( 'NONE',  #2327 ) ;
#495 = SURFACE_STYLE_FILL_AREA ( #7050 ) ;
#496 = CARTESIAN_POINT ( 'NONE',  ( -0.5191275572975078134, 2.949999999999999734, -0.4017349403839645672 ) ) ;
#497 = DIRECTION ( 'NONE',  ( -0.000000000000000000, 1.000000000000000000, -0.000000000000000000 ) ) ;
#498 = DIRECTION ( 'NONE',  ( 7.067300691551202826E-15, 0.000000000000000000, 1.000000000000000000 ) ) ;
#499 = DIRECTION ( 'NONE',  ( 0.000000000000000000, 0.000000000000000000, -1.000000000000000000 ) ) ;
#500 =( NAMED_UNIT ( * ) SI_UNIT ( $, .STERADIAN. ) SOLID_ANGLE_UNIT ( ) );
#501 = AXIS2_PLACEMENT_3D ( 'NONE', #4221, #3664, #908 ) ;
#502 = ORIENTED_EDGE ( 'NONE', *, *, #2279, .F. ) ;
#503 =( GEOMETRIC_REPRESENTATION_CONTEXT ( 3 ) GLOBAL_UNCERTAINTY_ASSIGNED_CONTEXT ( ( #2870 ) ) GLOBAL_UNIT_ASSIGNED_CONTEXT ( ( #1236, #1441, #6794 ) ) REPRESENTATION_CONTEXT ( 'NONE', 'WORKASPACE' ) );
#504 = VECTOR ( 'NONE', #1629, 1000.000000000000000 ) ;
#505 =( GEOMETRIC_REPRESENTATION_CONTEXT ( 3 ) GLOBAL_UNCERTAINTY_ASSIGNED_CONTEXT ( ( #1498 ) ) GLOBAL_UNIT_ASSIGNED_CONTEXT ( ( #1753, #1030, #5006 ) ) REPRESENTATION_CONTEXT ( 'NONE', 'WORKASPACE' ) );
#506 = DIRECTION ( 'NONE',  ( 2.168404344971008868E-16, -0.000000000000000000, -1.000000000000000000 ) ) ;
#507 = CARTESIAN_POINT ( 'NONE',  ( -0.5191275572975038166, 2.949999999999999734, -2.009628595855005528 ) ) ;
#508 = VECTOR ( 'NONE', #3118, 1000.000000000000000 ) ;
#509 = COLOUR_RGB ( '',1.000000000000000000, 1.000000000000000000, 1.000000000000000000 ) ;
#510 = EDGE_CURVE ( 'NONE', #2184, #6144, #2102, .T. ) ;
#511 = VECTOR ( 'NONE', #4435, 1000.000000000000000 ) ;
#512 = CARTESIAN_POINT ( 'NONE',  ( -0.3113406322684411087, 3.000000000000000000, -1.909735474986742787 ) ) ;
#513 = DIRECTION ( 'NONE',  ( 1.828280983288195916E-15, 0.000000000000000000, 1.000000000000000000 ) ) ;
#514 = LINE ( 'NONE', #1524, #3004 ) ;
#515 = FACE_OUTER_BOUND ( 'NONE', #4027, .T. ) ;
#516 = SURFACE_SIDE_STYLE ('',( #4460 ) ) ;
#517 = ORIENTED_EDGE ( 'NONE', *, *, #5783, .T. ) ;
#518 = CARTESIAN_POINT ( 'NONE',  ( -0.3124286010042897077, 3.000000000000000000, 0.8319616928011498436 ) ) ;
#519 = CARTESIAN_POINT ( 'NONE',  ( -0.5369520278213655295, 2.950000000000000178, -1.595248983584309110 ) ) ;
#520 = MECHANICAL_DESIGN_GEOMETRIC_PRESENTATION_REPRESENTATION (  '', ( #2057 ), #4138 ) ;
#521 = CARTESIAN_POINT ( 'NONE',  ( 3.299999999999999822, 15.33380951166242845, 2.828571428571428736 ) ) ;
#522 = EDGE_CURVE ( 'NONE', #2316, #199, #4572, .T. ) ;
#523 = ORIENTED_EDGE ( 'NONE', *, *, #619, .F. ) ;
#524 = LINE ( 'NONE', #2537, #2972 ) ;
#525 = DIRECTION ( 'NONE',  ( 0.9012599435649165658, 0.000000000000000000, 0.4332787949177337450 ) ) ;
#526 = PRESENTATION_LAYER_ASSIGNMENT (  '', '', ( #4600 ) ) ;
#527 = VECTOR ( 'NONE', #1111, 1000.000000000000000 ) ;
#528 = ORIENTED_EDGE ( 'NONE', *, *, #5640, .F. ) ;
#529 = CARTESIAN_POINT ( 'NONE',  ( -1.357751691251411374, 2.949999999999999734, 2.197051454351221622 ) ) ;
#530 = CARTESIAN_POINT ( 'NONE',  ( 3.299999999999999378, 0.2442857142857142450, -1.800000000000000488 ) ) ;
#531 = CARTESIAN_POINT ( 'NONE',  ( -0.3113406322684343364, 2.949999999999999734, 0.07152145899898833259 ) ) ;
#532 = DIRECTION ( 'NONE',  ( -0.000000000000000000, 1.000000000000000000, -0.000000000000000000 ) ) ;
#533 = ADVANCED_FACE ( 'NONE', ( #1928 ), #5500, .T. ) ;
#534 = VECTOR ( 'NONE', #4055, 1000.000000000000000 ) ;
#535 = VECTOR ( 'NONE', #4915, 1000.000000000000000 ) ;
#536 = LINE ( 'NONE', #7052, #5271 ) ;
#537 = EDGE_CURVE ( 'NONE', #1078, #6734, #4347, .T. ) ;
#538 = DIRECTION ( 'NONE',  ( 0.000000000000000000, 1.000000000000000000, 0.000000000000000000 ) ) ;
#539 = CIRCLE ( 'NONE', #4788, 0.3771428571428571130 ) ;
#540 = CARTESIAN_POINT ( 'NONE',  ( -1.274968362457743476, 3.000000000000000000, -2.188491846882453906 ) ) ;
#541 =( NAMED_UNIT ( * ) PLANE_ANGLE_UNIT ( ) SI_UNIT ( $, .RADIAN. ) );
#542 = LINE ( 'NONE', #6610, #5503 ) ;
#543 = ORIENTED_EDGE ( 'NONE', *, *, #390, .T. ) ;
#544 = EDGE_CURVE ( 'NONE', #3775, #1241, #7139, .T. ) ;
#545 = CARTESIAN_POINT ( 'NONE',  ( -0.3113406322684285077, 2.949999999999999734, 1.733182046139194687 ) ) ;
#546 = DIRECTION ( 'NONE',  ( -0.9799725457018957364, -0.000000000000000000, 0.1991326434077194119 ) ) ;
#547 = LINE ( 'NONE', #6065, #5423 ) ;
#548 = DIRECTION ( 'NONE',  ( -0.000000000000000000, 1.000000000000000000, -0.000000000000000000 ) ) ;
#549 = ORIENTED_EDGE ( 'NONE', *, *, #4947, .T. ) ;
#550 = COLOUR_RGB ( '',1.000000000000000000, 1.000000000000000000, 1.000000000000000000 ) ;
#551 = VECTOR ( 'NONE', #6836, 1000.000000000000000 ) ;
#552 = DIRECTION ( 'NONE',  ( -1.000000000000000000, 0.000000000000000000, 3.623890796147360773E-15 ) ) ;
#553 = CARTESIAN_POINT ( 'NONE',  ( -3.299999999999999378, 0.2500000000000000000, -1.800000000000000488 ) ) ;
#554 = EDGE_CURVE ( 'NONE', #4949, #2395, #217, .T. ) ;
#555 = PLANE ( 'NONE',  #4569 ) ;
#556 = FILL_AREA_STYLE ('',( #683 ) ) ;
#557 = CARTESIAN_POINT ( 'NONE',  ( -1.357751691251421589, 2.950000000000000178, -1.107666862175472389 ) ) ;
#558 = UNCERTAINTY_MEASURE_WITH_UNIT (LENGTH_MEASURE( 1.000000000000000082E-05 ), #4873, 'distance_accuracy_value', 'NONE');
#559 = CARTESIAN_POINT ( 'NONE',  ( -1.132310254562977070, 3.000000000000000000, 0.07031103226462280531 ) ) ;
#560 = LINE ( 'NONE', #1813, #2863 ) ;
#561 = CYLINDRICAL_SURFACE ( 'NONE', #930, 0.09428571428571427826 ) ;
#562 = ADVANCED_FACE ( 'NONE', ( #33 ), #5244, .T. ) ;
#563 = AXIS2_PLACEMENT_3D ( 'NONE', #7037, #2229, #379 ) ;
#564 = SURFACE_STYLE_FILL_AREA ( #6237 ) ;
#566 = CARTESIAN_POINT ( 'NONE',  ( -0.3113406322684170724, 3.000000000000000000, 2.327905487420670827 ) ) ;
#565 = AXIS2_PLACEMENT_3D ( 'NONE', #4920, #1048, #3736 ) ;
#567 = FILL_AREA_STYLE ('',( #1028 ) ) ;
#568 = CARTESIAN_POINT ( 'NONE',  ( -0.5369520278213655295, 2.949999999999999734, -1.595248983584309110 ) ) ;
#569 = DIRECTION ( 'NONE',  ( 3.623890796147360773E-15, -0.000000000000000000, 1.000000000000000000 ) ) ;
#570 = LINE ( 'NONE', #1983, #578 ) ;
#571 = CARTESIAN_POINT ( 'NONE',  ( -1.132140295698482735, 3.000000000000000000, 2.143374595551085005 ) ) ;
#572 = LINE ( 'NONE', #2217, #511 ) ;
#573 = DIRECTION ( 'NONE',  ( -0.000000000000000000, 1.000000000000000000, -0.000000000000000000 ) ) ;
#574 = PRESENTATION_LAYER_ASSIGNMENT (  '', '', ( #3381 ) ) ;
#575 = VERTEX_POINT ( 'NONE', #703 ) ;
#576 = STYLED_ITEM ( 'NONE', ( #4244 ), #2670 ) ;
#577 = AXIS2_PLACEMENT_3D ( 'NONE', #1617, #2894, #3281 ) ;
#578 = VECTOR ( 'NONE', #338, 1000.000000000000000 ) ;
#579 = ADVANCED_FACE ( 'NONE', ( #4806 ), #165, .T. ) ;
#580 = CARTESIAN_POINT ( 'NONE',  ( -0.3113406322684318939, 3.000000000000000000, 0.7220227891438155687 ) ) ;
#581 = CARTESIAN_POINT ( 'NONE',  ( 2.024999999999999911, 0.5999999999999999778, 2.927345865710861479E-16 ) ) ;
#582 = SURFACE_SIDE_STYLE ('',( #2882 ) ) ;
#583 = ORIENTED_EDGE ( 'NONE', *, *, #6929, .T. ) ;
#584 = LINE ( 'NONE', #2996, #2925 ) ;
#585 = CARTESIAN_POINT ( 'NONE',  ( -0.3113406322684411087, 3.000000000000000000, -1.909735474986742787 ) ) ;
#586 = DIRECTION ( 'NONE',  ( 1.000000000000000000, 0.000000000000000000, 1.445602896647339163E-16 ) ) ;
#587 = CIRCLE ( 'NONE', #4966, 0.09428571428571430602 ) ;
#588 = DIRECTION ( 'NONE',  ( 0.000000000000000000, 1.000000000000000000, 0.000000000000000000 ) ) ;
#589 = EDGE_CURVE ( 'NONE', #6510, #4076, #7061, .T. ) ;
#590 = ORIENTED_EDGE ( 'NONE', *, *, #5846, .T. ) ;
#591 = PRESENTATION_STYLE_ASSIGNMENT (( #5217 ) ) ;
#592 = SURFACE_SIDE_STYLE ('',( #629 ) ) ;
#593 = CARTESIAN_POINT ( 'NONE',  ( 3.299999999999999822, 0.2442857142857142450, -2.828571428571428736 ) ) ;
#594 = CARTESIAN_POINT ( 'NONE',  ( -1.357751691251411597, 3.000000000000000000, 0.9404351645289628081 ) ) ;
#595 = VERTEX_POINT ( 'NONE', #121 ) ;
#596 =( NAMED_UNIT ( * ) SI_UNIT ( $, .STERADIAN. ) SOLID_ANGLE_UNIT ( ) );
#597 = VECTOR ( 'NONE', #4681, 1000.000000000000000 ) ;
#598 = DIRECTION ( 'NONE',  ( 0.000000000000000000, 1.000000000000000000, 0.000000000000000000 ) ) ;
#599 = AXIS2_PLACEMENT_3D ( 'NONE', #2776, #85, #7171 ) ;
#600 = ORIENTED_EDGE ( 'NONE', *, *, #5218, .T. ) ;
#601 = DIRECTION ( 'NONE',  ( 0.000000000000000000, -1.000000000000000000, 0.000000000000000000 ) ) ;
#602 = EDGE_CURVE ( 'NONE', #6155, #6084, #2262, .T. ) ;
#603 = CARTESIAN_POINT ( 'NONE',  ( -3.300000000000000266, 1.433571428571428275, 0.2357142857142861259 ) ) ;
#604 = AXIS2_PLACEMENT_3D ( 'NONE', #6219, #4593, #174 ) ;
#605 = DIRECTION ( 'NONE',  ( -1.000000000000000000, 0.000000000000000000, 0.000000000000000000 ) ) ;
#606 = EDGE_CURVE ( 'NONE', #3336, #2519, #7108, .T. ) ;
#607 = VECTOR ( 'NONE', #5120, 1000.000000000000000 ) ;
#608 = CARTESIAN_POINT ( 'NONE',  ( -1.151339791579042870, 2.949999999999999734, 1.121500735562910744 ) ) ;
#609 = DIRECTION ( 'NONE',  ( 1.828280983288194338E-15, 0.000000000000000000, 1.000000000000000000 ) ) ;
#610 = PRESENTATION_STYLE_ASSIGNMENT (( #218 ) ) ;
#611 = SURFACE_SIDE_STYLE ('',( #5166 ) ) ;
#612 = LINE ( 'NONE', #2797, #2946 ) ;
#613 = LINE ( 'NONE', #7163, #504 ) ;
#614 = VERTEX_POINT ( 'NONE', #4043 ) ;
#615 = EDGE_CURVE ( 'NONE', #1887, #4724, #2424, .T. ) ;
#616 = FILL_AREA_STYLE_COLOUR ( '', #2239 ) ;
#617 = ADVANCED_FACE ( 'NONE', ( #2366 ), #6208, .T. ) ;
#618 = DIRECTION ( 'NONE',  ( -3.878780124852346801E-15, 0.000000000000000000, -1.000000000000000000 ) ) ;
#619 = EDGE_CURVE ( 'NONE', #3759, #2586, #2331, .T. ) ;
#620 = LINE ( 'NONE', #947, #5323 ) ;
#621 =( NAMED_UNIT ( * ) PLANE_ANGLE_UNIT ( ) SI_UNIT ( $, .RADIAN. ) );
#622 =( NAMED_UNIT ( * ) PLANE_ANGLE_UNIT ( ) SI_UNIT ( $, .RADIAN. ) );
#623 = VECTOR ( 'NONE', #5593, 1000.000000000000000 ) ;
#624 = CARTESIAN_POINT ( 'NONE',  ( -0.3113406322684380556, 3.000000000000000000, -1.100845407848078716 ) ) ;
#625 = FACE_OUTER_BOUND ( 'NONE', #7020, .T. ) ;
#626 =( NAMED_UNIT ( * ) SI_UNIT ( $, .STERADIAN. ) SOLID_ANGLE_UNIT ( ) );
#627 = ORIENTED_EDGE ( 'NONE', *, *, #2876, .F. ) ;
#628 = LINE ( 'NONE', #6400, #2866 ) ;
#629 = SURFACE_STYLE_FILL_AREA ( #6291 ) ;
#630 = ADVANCED_FACE ( 'NONE', ( #7180 ), #5713, .F. ) ;
#631 = EDGE_CURVE ( 'NONE', #1180, #3951, #4660, .T. ) ;
#632 = CARTESIAN_POINT ( 'NONE',  ( -0.8646004806540522614, 3.000000000000000000, 2.371529302489240987 ) ) ;
#633 = LINE ( 'NONE', #755, #688 ) ;
#634 = DIRECTION ( 'NONE',  ( 1.000000000000000000, 0.000000000000000000, -3.910734236825684826E-15 ) ) ;
#635 = FACE_OUTER_BOUND ( 'NONE', #8, .T. ) ;
#636 = UNCERTAINTY_MEASURE_WITH_UNIT (LENGTH_MEASURE( 1.000000000000000082E-05 ), #482, 'distance_accuracy_value', 'NONE');
#637 = CARTESIAN_POINT ( 'NONE',  ( -0.6149084483925322253, 2.950000000000000178, 1.596109267695102085 ) ) ;
#638 = DIRECTION ( 'NONE',  ( 1.204669080539449344E-16, 0.000000000000000000, -1.000000000000000000 ) ) ;
#639 =( NAMED_UNIT ( * ) SI_UNIT ( $, .STERADIAN. ) SOLID_ANGLE_UNIT ( ) );
#640 = CARTESIAN_POINT ( 'NONE',  ( -0.3113406322684287852, 3.000000000000000000, -0.9768128291060232948 ) ) ;
#641 = CIRCLE ( 'NONE', #5766, 0.03038517195999221321 ) ;
#642 = CARTESIAN_POINT ( 'NONE',  ( 1.300000000000000266, 0.1499999999999999944, 1.800000000000000044 ) ) ;
#643 = AXIS2_PLACEMENT_3D ( 'NONE', #1226, #3946, #2349 ) ;
#644 = AXIS2_PLACEMENT_3D ( 'NONE', #5234, #2979, #6719 ) ;
#645 = VECTOR ( 'NONE', #4001, 1000.000000000000000 ) ;
#646 = AXIS2_PLACEMENT_3D ( 'NONE', #2127, #4304, #324 ) ;
#647 = CYLINDRICAL_SURFACE ( 'NONE', #6663, 0.2357142857142857095 ) ;
#648 = DIRECTION ( 'NONE',  ( 0.1045284632676440895, 0.000000000000000000, -0.9945218953682744001 ) ) ;
#649 = VERTEX_POINT ( 'NONE', #3539 ) ;
#650 = CARTESIAN_POINT ( 'NONE',  ( -0.3113406322684170724, 2.949999999999999734, 2.327905487420670827 ) ) ;
#651 = CARTESIAN_POINT ( 'NONE',  ( -0.8186499976311963911, 2.950000000000000178, 0.1029587669415544526 ) ) ;
#652 = LINE ( 'NONE', #2904, #5212 ) ;
#653 = CARTESIAN_POINT ( 'NONE',  ( -0.5191275572975055930, 3.000000000000000000, -2.255086310432033336 ) ) ;
#654 = DIRECTION ( 'NONE',  ( 0.9914039068059099513, -0.000000000000000000, -0.1308368968218773798 ) ) ;
#655 = STYLED_ITEM ( 'NONE', ( #6600 ), #110 ) ;
#656 = CARTESIAN_POINT ( 'NONE',  ( -1.291453225550519335, 2.949999999999999734, -2.269617236342074129 ) ) ;
#657 = AXIS2_PLACEMENT_3D ( 'NONE', #6366, #4777, #1310 ) ;
#658 =( GEOMETRIC_REPRESENTATION_CONTEXT ( 3 ) GLOBAL_UNCERTAINTY_ASSIGNED_CONTEXT ( ( #6751 ) ) GLOBAL_UNIT_ASSIGNED_CONTEXT ( ( #285, #1919, #1497 ) ) REPRESENTATION_CONTEXT ( 'NONE', 'WORKASPACE' ) );
#659 = DIRECTION ( 'NONE',  ( -0.000000000000000000, -0.000000000000000000, -1.000000000000000000 ) ) ;
#660 = CIRCLE ( 'NONE', #99, 0.09428571428571427826 ) ;
#661 = PRESENTATION_STYLE_ASSIGNMENT (( #1507 ) ) ;
#662 = CARTESIAN_POINT ( 'NONE',  ( -1.355548194750002322, 3.000000000000000000, 1.402156078069614509 ) ) ;
#663 = EDGE_LOOP ( 'NONE', ( #3799, #3115, #3386, #4955 ) ) ;
#664 = CARTESIAN_POINT ( 'NONE',  ( -0.5104047370281182827, 2.950000000000000178, 1.258785626153509529 ) ) ;
#665 = DIRECTION ( 'NONE',  ( -0.000000000000000000, 1.000000000000000000, -0.000000000000000000 ) ) ;
#666 = EDGE_CURVE ( 'NONE', #1995, #4041, #1942, .T. ) ;
#667 = LINE ( 'NONE', #3410, #5481 ) ;
#668 = FILL_AREA_STYLE_COLOUR ( '', #7007 ) ;
#669 = LINE ( 'NONE', #1176, #893 ) ;
#670 = PLANE ( 'NONE',  #5691 ) ;
#671 = CARTESIAN_POINT ( 'NONE',  ( 3.299999999999998934, 0.2500000000000000000, 1.800000000000001155 ) ) ;
#672 = COLOUR_RGB ( '',1.000000000000000000, 1.000000000000000000, 1.000000000000000000 ) ;
#673 = VECTOR ( 'NONE', #2638, 1000.000000000000000 ) ;
#674 = EDGE_LOOP ( 'NONE', ( #2760, #4908, #429, #3621 ) ) ;
#675 = CARTESIAN_POINT ( 'NONE',  ( -0.8418426963106281358, 2.950000000000000178, 2.163869536259844129 ) ) ;
#676 = DIRECTION ( 'NONE',  ( 0.000000000000000000, 1.000000000000000000, 0.000000000000000000 ) ) ;
#677 = CIRCLE ( 'NONE', #4669, 0.09428571428571430602 ) ;
#678 = EDGE_CURVE ( 'NONE', #7124, #649, #4725, .T. ) ;
#679 = ORIENTED_EDGE ( 'NONE', *, *, #4807, .F. ) ;
#680 = CARTESIAN_POINT ( 'NONE',  ( -1.357751691251412263, 1.610876343277178879, 1.302799868628608859 ) ) ;
#681 = CARTESIAN_POINT ( 'NONE',  ( -2.828571428571428736, 0.2442857142857142450, 2.828571428571428736 ) ) ;
#682 =( GEOMETRIC_REPRESENTATION_CONTEXT ( 3 ) GLOBAL_UNCERTAINTY_ASSIGNED_CONTEXT ( ( #5614 ) ) GLOBAL_UNIT_ASSIGNED_CONTEXT ( ( #1683, #622, #2814 ) ) REPRESENTATION_CONTEXT ( 'NONE', 'WORKASPACE' ) );
#683 = FILL_AREA_STYLE_COLOUR ( '', #5131 ) ;
#684 = DIRECTION ( 'NONE',  ( 1.000000000000000000, 0.000000000000000000, 0.000000000000000000 ) ) ;
#685 = COLOUR_RGB ( '',1.000000000000000000, 1.000000000000000000, 1.000000000000000000 ) ;
#686 = EDGE_CURVE ( 'NONE', #2113, #5895, #7075, .T. ) ;
#687 = EDGE_LOOP ( 'NONE', ( #1338, #1094, #2548, #1052 ) ) ;
#688 = VECTOR ( 'NONE', #274, 1000.000000000000000 ) ;
#689 = EDGE_CURVE ( 'NONE', #76, #2316, #42, .T. ) ;
#690 = ORIENTED_EDGE ( 'NONE', *, *, #1822, .F. ) ;
#691 = VECTOR ( 'NONE', #4053, 1000.000000000000000 ) ;
#692 = DIRECTION ( 'NONE',  ( -3.910734236825684826E-15, 0.000000000000000000, -1.000000000000000000 ) ) ;
#693 = CARTESIAN_POINT ( 'NONE',  ( -0.8646004806540522614, 3.000000000000000000, 2.371529302489240987 ) ) ;
#694 = CARTESIAN_POINT ( 'NONE',  ( 3.300000000000000266, 1.339285714285714191, -0.2357142857142852377 ) ) ;
#695 = LINE ( 'NONE', #6051, #5618 ) ;
#696 = CARTESIAN_POINT ( 'NONE',  ( -1.331954931137285136, 2.949999999999999734, -0.07222387634686339153 ) ) ;
#697 =( NAMED_UNIT ( * ) SI_UNIT ( $, .STERADIAN. ) SOLID_ANGLE_UNIT ( ) );
#698 = ORIENTED_EDGE ( 'NONE', *, *, #3425, .T. ) ;
#699 = FILL_AREA_STYLE ('',( #5152 ) ) ;
#700 = VECTOR ( 'NONE', #4985, 1000.000000000000000 ) ;
#701 = B_SPLINE_CURVE_WITH_KNOTS ( 'NONE', 3,
 ( #3389, #3266, #2242, #6042, #6760 ),
 .UNSPECIFIED., .F., .F.,
 ( 4, 1, 4 ),
 ( 0.000000000000000000, 0.5079839729424890926, 1.000000000000000000 ),
 .UNSPECIFIED. ) ;
#702 = VERTEX_POINT ( 'NONE', #2008 ) ;
#703 = CARTESIAN_POINT ( 'NONE',  ( 3.205714285714285516, 3.000000000000000000, 2.828571428571428736 ) ) ;
#704 = EDGE_CURVE ( 'NONE', #157, #28, #7153, .T. ) ;
#705 = LINE ( 'NONE', #4931, #724 ) ;
#706 = PLANE ( 'NONE',  #143 ) ;
#707 = CARTESIAN_POINT ( 'NONE',  ( -0.3113406322684293404, 2.950000000000000178, 1.462103842300823686 ) ) ;
#708 = VERTEX_POINT ( 'NONE', #5337 ) ;
#709 = B_SPLINE_SURFACE_WITH_KNOTS ( 'NONE', 3, 1, ( 
 ( #2267, #5720 ),
 ( #5122, #2819 ),
 ( #6280, #3371 ),
 ( #3333, #1182 ),
 ( #3897, #624 ) ),
 .UNSPECIFIED., .F., .F., .F.,
 ( 4, 1, 4 ),
 ( 2, 2 ),
 ( 0.000000000000000000, 0.5178533069596279459, 1.000000000000000000 ),
 ( 0.000000000000000000, 1.000000000000000000 ),
 .UNSPECIFIED. ) ;
#710 = CARTESIAN_POINT ( 'NONE',  ( -1.044367525175621259, 2.950000000000001066, 0.6220847029044118681 ) ) ;
#711 = DIRECTION ( 'NONE',  ( 0.000000000000000000, 1.000000000000000000, 0.000000000000000000 ) ) ;
#712 = CARTESIAN_POINT ( 'NONE',  ( -1.291453225550534434, 3.000000000000000000, -0.6617235808708898936 ) ) ;
#713 = FACE_OUTER_BOUND ( 'NONE', #3101, .T. ) ;
#714 = LINE ( 'NONE', #3408, #5613 ) ;
#715 = B_SPLINE_CURVE_WITH_KNOTS ( 'NONE', 3,
 ( #5605, #1541, #632, #7085, #5079 ),
 .UNSPECIFIED., .F., .F.,
 ( 4, 1, 4 ),
 ( 0.000000000000000000, 0.5178533069596279459, 1.000000000000000000 ),
 .UNSPECIFIED. ) ;
#716 = CARTESIAN_POINT ( 'NONE',  ( -0.3113406322684342253, 2.949999999999999734, 0.1536859196460396981 ) ) ;
#717 = FACE_BOUND ( 'NONE', #1064, .T. ) ;
#718 = B_SPLINE_CURVE_WITH_KNOTS ( 'NONE', 3,
 ( #6754, #1098, #5526, #5610, #3260 ),
 .UNSPECIFIED., .F., .F.,
 ( 4, 1, 4 ),
 ( 0.000000000000000000, 0.5143794237790315638, 1.000000000000000000 ),
 .UNSPECIFIED. ) ;
#719 = ORIENTED_EDGE ( 'NONE', *, *, #464, .F. ) ;
#720 = LINE ( 'NONE', #3644, #846 ) ;
#721 = ORIENTED_EDGE ( 'NONE', *, *, #3492, .F. ) ;
#722 = CARTESIAN_POINT ( 'NONE',  ( -0.5191275572975038166, 3.000000000000000000, -2.009628595855005528 ) ) ;
#723 = CARTESIAN_POINT ( 'NONE',  ( -0.3113406322684310057, 3.000000000000000000, 1.017803178849526313 ) ) ;
#724 = VECTOR ( 'NONE', #3744, 1000.000000000000000 ) ;
#725 = ADVANCED_FACE ( 'NONE', ( #2375, #4854 ), #6238, .F. ) ;
#726 = DIRECTION ( 'NONE',  ( 1.000000000000000000, -0.000000000000000000, -2.710505431213760592E-16 ) ) ;
#727 = CARTESIAN_POINT ( 'NONE',  ( 3.299999999999999822, 0.5999999999999999778, 1.500000000000000666 ) ) ;
#728 = CARTESIAN_POINT ( 'NONE',  ( -2.592857142857142971, 3.000000000000000000, 2.828571428571429180 ) ) ;
#729 = DIRECTION ( 'NONE',  ( 0.000000000000000000, 0.000000000000000000, 1.000000000000000000 ) ) ;
#730 = AXIS2_PLACEMENT_3D ( 'NONE', #5344, #5896, #1649 ) ;
#731 = MECHANICAL_DESIGN_GEOMETRIC_PRESENTATION_REPRESENTATION (  '', ( #2573 ), #5995 ) ;
#732 = AXIS2_PLACEMENT_3D ( 'NONE', #877, #5707, #1408 ) ;
#733 = ORIENTED_EDGE ( 'NONE', *, *, #5871, .F. ) ;
#734 = VERTEX_POINT ( 'NONE', #1340 ) ;
#735 = SURFACE_STYLE_FILL_AREA ( #1728 ) ;
#736 = CARTESIAN_POINT ( 'NONE',  ( -0.5104047370281182827, 3.000000000000000000, 1.258785626153509529 ) ) ;
#737 = MECHANICAL_DESIGN_GEOMETRIC_PRESENTATION_REPRESENTATION (  '', ( #3077 ), #2042 ) ;
#738 =( LENGTH_UNIT ( ) NAMED_UNIT ( * ) SI_UNIT ( .MILLI., .METRE. ) );
#739 = SURFACE_STYLE_USAGE ( .BOTH. , #1158 ) ;
#740 = CARTESIAN_POINT ( 'NONE',  ( -1.132140295698490950, 2.950000000000000178, 0.1266649546707405427 ) ) ;
#741 = VECTOR ( 'NONE', #6919, 1000.000000000000114 ) ;
#742 = CARTESIAN_POINT ( 'NONE',  ( -0.3113406322684358352, 2.949999999999999734, -0.3018418195157239192 ) ) ;
#743 = VERTEX_POINT ( 'NONE', #1924 ) ;
#744 = ADVANCED_FACE ( 'NONE', ( #4839 ), #4757, .T. ) ;
#745 = DIRECTION ( 'NONE',  ( -0.9945218953682742891, 0.000000000000000000, -0.1045284632676442699 ) ) ;
#746 = CARTESIAN_POINT ( 'NONE',  ( -0.6149084483925322253, 2.949999999999999734, 1.596109267695102085 ) ) ;
#747 = COLOUR_RGB ( '',1.000000000000000000, 1.000000000000000000, 1.000000000000000000 ) ;
#748 = PRESENTATION_LAYER_ASSIGNMENT (  '', '', ( #2057 ) ) ;
#749 = EDGE_CURVE ( 'NONE', #1241, #2530, #2677, .T. ) ;
#750 = EDGE_LOOP ( 'NONE', ( #3123, #4653, #2291, #4442 ) ) ;
#751 =( NAMED_UNIT ( * ) PLANE_ANGLE_UNIT ( ) SI_UNIT ( $, .RADIAN. ) );
#752 = VERTEX_POINT ( 'NONE', #3466 ) ;
#753 = CARTESIAN_POINT ( 'NONE',  ( -0.3113406322684347804, 3.000000000000000000, -0.02548332798981431738 ) ) ;
#754 = FILL_AREA_STYLE_COLOUR ( '', #859 ) ;
#755 = CARTESIAN_POINT ( 'NONE',  ( -0.3113406322684318939, 3.000000000000000000, 0.7220227891438155687 ) ) ;
#756 = CIRCLE ( 'NONE', #2746, 0.09428571428571427826 ) ;
#757 = CARTESIAN_POINT ( 'NONE',  ( -2.828571428571428736, 0.2442857142857142450, 3.205714285714285960 ) ) ;
#758 =( LENGTH_UNIT ( ) NAMED_UNIT ( * ) SI_UNIT ( .MILLI., .METRE. ) );
#759 = LINE ( 'NONE', #2566, #3225 ) ;
#760 = VERTEX_POINT ( 'NONE', #3008 ) ;
#761 = VERTEX_POINT ( 'NONE', #4659 ) ;
#762 = PRESENTATION_LAYER_ASSIGNMENT (  '', '', ( #6214 ) ) ;
#763 = ORIENTED_EDGE ( 'NONE', *, *, #3739, .T. ) ;
#764 = B_SPLINE_CURVE_WITH_KNOTS ( 'NONE', 3,
 ( #1563, #3353, #2198, #2705, #4467, #5053 ),
 .UNSPECIFIED., .F., .F.,
 ( 4, 1, 1, 4 ),
 ( 0.000000000000000000, 0.4712518714902709793, 0.5712518714902710126, 1.000000000000000000 ),
 .UNSPECIFIED. ) ;
#765 = EDGE_CURVE ( 'NONE', #2593, #1621, #223, .T. ) ;
#766 = CARTESIAN_POINT ( 'NONE',  ( -2.592857142857142971, 3.000000000000000000, 2.828571428571429180 ) ) ;
#767 = VECTOR ( 'NONE', #273, 1000.000000000000000 ) ;
#768 = ORIENTED_EDGE ( 'NONE', *, *, #2795, .F. ) ;
#769 = CARTESIAN_POINT ( 'NONE',  ( -1.009256750147804249, 1.610876343277178879, -0.5262135180941681645 ) ) ;
#770 = CARTESIAN_POINT ( 'NONE',  ( -1.222122891457874116, 2.950000000000000178, 1.477618357555203543 ) ) ;
#771 = CARTESIAN_POINT ( 'NONE',  ( 3.299999999999998934, 0.2442857142857142450, 1.800000000000001155 ) ) ;
#772 = CARTESIAN_POINT ( 'NONE',  ( 4.065758146820639655E-16, 0.2500000000000000000, 1.499999999999999556 ) ) ;
#773 = LINE ( 'NONE', #7070, #3259 ) ;
#774 = EDGE_CURVE ( 'NONE', #2460, #6356, #4887, .T. ) ;
#775 = ORIENTED_EDGE ( 'NONE', *, *, #1999, .F. ) ;
#776 =( LENGTH_UNIT ( ) NAMED_UNIT ( * ) SI_UNIT ( .MILLI., .METRE. ) );
#777 = VECTOR ( 'NONE', #97, 1000.000000000000114 ) ;
#778 = ORIENTED_EDGE ( 'NONE', *, *, #5401, .T. ) ;
#779 = VECTOR ( 'NONE', #4697, 1000.000000000000000 ) ;
#780 = ORIENTED_EDGE ( 'NONE', *, *, #189, .T. ) ;
#781 = CARTESIAN_POINT ( 'NONE',  ( -0.3124286010042897077, 2.950000000000000178, 0.8319616928011498436 ) ) ;
#782 = CARTESIAN_POINT ( 'NONE',  ( -0.3113406322684293959, 3.000000000000000000, 1.462103842300823686 ) ) ;
#783 = SURFACE_STYLE_FILL_AREA ( #3485 ) ;
#784 = DIRECTION ( 'NONE',  ( -0.4332787949176405973, 0.000000000000000000, 0.9012599435649613078 ) ) ;
#785 = ORIENTED_EDGE ( 'NONE', *, *, #359, .F. ) ;
#786 = EDGE_CURVE ( 'NONE', #7127, #2231, #215, .T. ) ;
#787 = CARTESIAN_POINT ( 'NONE',  ( -0.9960914994576036685, 3.000000000000000000, -2.161492111931144322 ) ) ;
#788 = CARTESIAN_POINT ( 'NONE',  ( -0.5191275572975084796, 2.950000000000000178, -0.6471926549609913204 ) ) ;
#789 = ORIENTED_EDGE ( 'NONE', *, *, #5680, .T. ) ;
#790 = VERTEX_POINT ( 'NONE', #3674 ) ;
#791 = CARTESIAN_POINT ( 'NONE',  ( 3.299999999999999822, 0.2442857142857142450, 2.828571428571428736 ) ) ;
#792 = UNCERTAINTY_MEASURE_WITH_UNIT (LENGTH_MEASURE( 1.000000000000000082E-05 ), #6528, 'distance_accuracy_value', 'NONE');
#793 = ORIENTED_EDGE ( 'NONE', *, *, #924, .F. ) ;
#794 = ADVANCED_FACE ( 'NONE', ( #4975 ), #3102, .T. ) ;
#795 = CARTESIAN_POINT ( 'NONE',  ( -1.132140295698494725, 3.000000000000000000, -1.161343720975608562 ) ) ;
#796 = FILL_AREA_STYLE_COLOUR ( '', #747 ) ;
#797 = DIRECTION ( 'NONE',  ( -2.953183167335239910E-15, 0.000000000000000000, -1.000000000000000000 ) ) ;
#798 = SURFACE_STYLE_FILL_AREA ( #3166 ) ;
#799 = ORIENTED_EDGE ( 'NONE', *, *, #1883, .F. ) ;
#800 = ORIENTED_EDGE ( 'NONE', *, *, #1648, .F. ) ;
#801 = CARTESIAN_POINT ( 'NONE',  ( -2.592857142857142971, 2.900000000000000355, 2.828571428571429180 ) ) ;
#802 = VECTOR ( 'NONE', #5282, 1000.000000000000000 ) ;
#803 = ORIENTED_EDGE ( 'NONE', *, *, #6494, .F. ) ;
#804 = EDGE_LOOP ( 'NONE', ( #4202, #6541, #2616, #6549 ) ) ;
#805 = AXIS2_PLACEMENT_3D ( 'NONE', #4193, #6982, #5844 ) ;
#806 = DIRECTION ( 'NONE',  ( 0.000000000000000000, 1.000000000000000000, 0.000000000000000000 ) ) ;
#807 = CARTESIAN_POINT ( 'NONE',  ( -0.3124286010042897077, 2.949999999999999734, 0.8319616928011498436 ) ) ;
#808 = VECTOR ( 'NONE', #4448, 1000.000000000000000 ) ;
#809 = ORIENTED_EDGE ( 'NONE', *, *, #3869, .T. ) ;
#810 = AXIS2_PLACEMENT_3D ( 'NONE', #4455, #6667, #5177 ) ;
#811 = PLANE ( 'NONE',  #6025 ) ;
#812 = MECHANICAL_DESIGN_GEOMETRIC_PRESENTATION_REPRESENTATION (  '', ( #6713 ), #2653 ) ;
#813 = VERTEX_POINT ( 'NONE', #1944 ) ;
#814 =( GEOMETRIC_REPRESENTATION_CONTEXT ( 3 ) GLOBAL_UNCERTAINTY_ASSIGNED_CONTEXT ( ( #3111 ) ) GLOBAL_UNIT_ASSIGNED_CONTEXT ( ( #6523, #4918, #500 ) ) REPRESENTATION_CONTEXT ( 'NONE', 'WORKASPACE' ) );
#815 = DIRECTION ( 'NONE',  ( 0.000000000000000000, 1.000000000000000000, -0.000000000000000000 ) ) ;
#816 = PLANE ( 'NONE',  #4924 ) ;
#817 = CARTESIAN_POINT ( 'NONE',  ( -1.132140295698496057, 2.950000000000000178, -1.207104699462107966 ) ) ;
#818 = DIRECTION ( 'NONE',  ( 1.000000000000000000, 0.000000000000000000, -2.710505431213760592E-16 ) ) ;
#819 = CIRCLE ( 'NONE', #6898, 0.03038517195999622389 ) ;
#820 = ORIENTED_EDGE ( 'NONE', *, *, #1347, .T. ) ;
#821 = ORIENTED_EDGE ( 'NONE', *, *, #122, .F. ) ;
#822 = CARTESIAN_POINT ( 'NONE',  ( -2.592857142857142971, 3.000000000000000000, 2.357142857142857650 ) ) ;
#823 = EDGE_CURVE ( 'NONE', #6734, #6876, #2494, .T. ) ;
#824 = PRESENTATION_LAYER_ASSIGNMENT (  '', '', ( #1314 ) ) ;
#825 = CARTESIAN_POINT ( 'NONE',  ( 3.625000000000000444, 0.5999999999999999778, 1.499999999999998890 ) ) ;
#826 = FACE_BOUND ( 'NONE', #4173, .T. ) ;
#827 = CARTESIAN_POINT ( 'NONE',  ( -3.625000000000000000, 1.339285714285714191, -0.2357142857142851822 ) ) ;
#828 = ORIENTED_EDGE ( 'NONE', *, *, #4163, .T. ) ;
#829 = ORIENTED_EDGE ( 'NONE', *, *, #3338, .F. ) ;
#830 = STYLED_ITEM ( 'NONE', ( #6319 ), #5818 ) ;
#831 = CARTESIAN_POINT ( 'NONE',  ( -1.132140295698496946, 1.610876343277178879, -1.657805791318631261 ) ) ;
#832 = ORIENTED_EDGE ( 'NONE', *, *, #2604, .F. ) ;
#833 = EDGE_CURVE ( 'NONE', #2113, #6518, #4948, .T. ) ;
#834 = CARTESIAN_POINT ( 'NONE',  ( -1.151339791579042870, 3.000000000000000000, 1.121500735562910744 ) ) ;
#835 = PRESENTATION_STYLE_ASSIGNMENT (( #5251 ) ) ;
#836 = ADVANCED_FACE ( 'NONE', ( #2567 ), #3577, .T. ) ;
#837 = B_SPLINE_SURFACE_WITH_KNOTS ( 'NONE', 3, 1, ( 
 ( #2143, #1391 ),
 ( #529, #1027 ),
 ( #6723, #693 ),
 ( #650, #566 ),
 ( #3276, #59 ) ),
 .UNSPECIFIED., .F., .F., .F.,
 ( 4, 1, 4 ),
 ( 2, 2 ),
 ( 0.000000000000000000, 0.5178533069596279459, 1.000000000000000000 ),
 ( 0.000000000000000000, 1.000000000000000000 ),
 .UNSPECIFIED. ) ;
#838 = STYLED_ITEM ( 'NONE', ( #591 ), #1034 ) ;
#839 = FACE_BOUND ( 'NONE', #2364, .T. ) ;
#840 = ORIENTED_EDGE ( 'NONE', *, *, #5463, .F. ) ;
#841 = CARTESIAN_POINT ( 'NONE',  ( -0.3113406322684263428, 2.950000000000000178, 2.203872908678615961 ) ) ;
#842 = VERTEX_POINT ( 'NONE', #1402 ) ;
#843 = CARTESIAN_POINT ( 'NONE',  ( -0.5369520278213630871, 3.000000000000000000, -1.107047874202976789 ) ) ;
#844 = DIRECTION ( 'NONE',  ( 0.9012599435649610857, -0.000000000000000000, 0.4332787949176410414 ) ) ;
#845 = CARTESIAN_POINT ( 'NONE',  ( -0.3113406322684347804, 3.000000000000000000, -0.02548332798981431738 ) ) ;
#846 = VECTOR ( 'NONE', #6535, 1000.000000000000114 ) ;
#847 = DIRECTION ( 'NONE',  ( 0.000000000000000000, -1.000000000000000000, -0.000000000000000000 ) ) ;
#848 = ORIENTED_EDGE ( 'NONE', *, *, #2189, .T. ) ;
#849 = CARTESIAN_POINT ( 'NONE',  ( -1.357751691251410708, 3.000000000000000000, 2.097613617064586933 ) ) ;
#850 = DIRECTION ( 'NONE',  ( -1.445602896647339163E-16, 0.000000000000000000, 1.000000000000000000 ) ) ;
#851 = ORIENTED_EDGE ( 'NONE', *, *, #288, .T. ) ;
#852 = VERTEX_POINT ( 'NONE', #3100 ) ;
#854 = EDGE_CURVE ( 'NONE', #4345, #7095, #2483, .T. ) ;
#853 = ADVANCED_FACE ( 'NONE', ( #176 ), #494, .F. ) ;
#855 = CARTESIAN_POINT ( 'NONE',  ( -0.5191275572975055930, 3.000000000000000000, -2.255086310432033336 ) ) ;
#856 = FILL_AREA_STYLE ('',( #336 ) ) ;
#857 = LINE ( 'NONE', #2181, #700 ) ;
#858 = EDGE_CURVE ( 'NONE', #760, #1415, #2583, .T. ) ;
#859 = COLOUR_RGB ( '',1.000000000000000000, 1.000000000000000000, 1.000000000000000000 ) ;
#860 = CARTESIAN_POINT ( 'NONE',  ( -1.000067001066248240, 3.000000000000000000, -2.191616090121250249 ) ) ;
#861 =( LENGTH_UNIT ( ) NAMED_UNIT ( * ) SI_UNIT ( .MILLI., .METRE. ) );
#862 = DIRECTION ( 'NONE',  ( 0.000000000000000000, 1.000000000000000000, 0.000000000000000000 ) ) ;
#863 = CARTESIAN_POINT ( 'NONE',  ( -0.3113406322684341143, 3.000000000000000000, 0.1536859196460394206 ) ) ;
#864 = CARTESIAN_POINT ( 'NONE',  ( 3.300000000000000711, 1.574999999999999734, -1.499999999999999778 ) ) ;
#865 = LINE ( 'NONE', #3055, #741 ) ;
#866 = VERTEX_POINT ( 'NONE', #5552 ) ;
#867 = ORIENTED_EDGE ( 'NONE', *, *, #5634, .F. ) ;
#868 = CARTESIAN_POINT ( 'NONE',  ( -1.132140295698482735, 3.000000000000000000, 2.143374595551085005 ) ) ;
#869 = CIRCLE ( 'NONE', #1981, 0.03038517195999221321 ) ;
#870 = FILL_AREA_STYLE ('',( #2163 ) ) ;
#871 = EDGE_CURVE ( 'NONE', #3630, #2593, #5014, .T. ) ;
#872 = DIRECTION ( 'NONE',  ( 3.777208558894928895E-15, 0.000000000000000000, 1.000000000000000000 ) ) ;
#873 = DIRECTION ( 'NONE',  ( -4.606854556878935206E-15, -0.000000000000000000, -1.000000000000000000 ) ) ;
#874 = LINE ( 'NONE', #3354, #5576 ) ;
#875 = DIRECTION ( 'NONE',  ( -2.953183167335239910E-15, 0.000000000000000000, -1.000000000000000000 ) ) ;
#876 = VERTEX_POINT ( 'NONE', #5068 ) ;
#877 = CARTESIAN_POINT ( 'NONE',  ( -2.592857142857142971, 2.900000000000000355, 2.592857142857143415 ) ) ;
#878 = ORIENTED_EDGE ( 'NONE', *, *, #1075, .T. ) ;
#879 = CARTESIAN_POINT ( 'NONE',  ( -0.5191275572975078134, 1.610876343277178879, -0.4017349403839645672 ) ) ;
#880 = CARTESIAN_POINT ( 'NONE',  ( -3.300000000000000266, 1.433571428571428275, 0.2357142857142861259 ) ) ;
#881 = CARTESIAN_POINT ( 'NONE',  ( 2.024999999999999911, 0.5999999999999999778, -1.499999999999999778 ) ) ;
#882 = CARTESIAN_POINT ( 'NONE',  ( 3.299999999999998934, 0.2500000000000000000, 1.800000000000001155 ) ) ;
#883 = VECTOR ( 'NONE', #5942, 1000.000000000000000 ) ;
#884 = UNCERTAINTY_MEASURE_WITH_UNIT (LENGTH_MEASURE( 1.000000000000000082E-05 ), #4321, 'distance_accuracy_value', 'NONE');
#885 = CARTESIAN_POINT ( 'NONE',  ( -0.3113406322684432181, 3.000000000000000000, -2.468778337735649142 ) ) ;
#886 = LINE ( 'NONE', #451, #3251 ) ;
#887 = PRESENTATION_LAYER_ASSIGNMENT (  '', '', ( #5827 ) ) ;
#888 = ORIENTED_EDGE ( 'NONE', *, *, #4819, .F. ) ;
#889 = CARTESIAN_POINT ( 'NONE',  ( -0.3113406322684432181, 3.000000000000000000, -2.468778337735649142 ) ) ;
#890 =( NAMED_UNIT ( * ) SI_UNIT ( $, .STERADIAN. ) SOLID_ANGLE_UNIT ( ) );
#891 = PRESENTATION_STYLE_ASSIGNMENT (( #5428 ) ) ;
#892 = DIRECTION ( 'NONE',  ( 1.000000000000000000, 0.000000000000000000, -4.606854556878935206E-15 ) ) ;
#893 = VECTOR ( 'NONE', #80, 1000.000000000000000 ) ;
#894 = ADVANCED_FACE ( 'NONE', ( #2512 ), #4963, .T. ) ;
#895 = ORIENTED_EDGE ( 'NONE', *, *, #3479, .T. ) ;
#896 = CARTESIAN_POINT ( 'NONE',  ( -0.3113406322684263428, 2.949999999999999734, 2.203872908678615961 ) ) ;
#897 = AXIS2_PLACEMENT_3D ( 'NONE', #5156, #3935, #5292 ) ;
#898 = DIRECTION ( 'NONE',  ( 1.000000000000000000, 0.000000000000000000, -2.710505431213760592E-16 ) ) ;
#899 = AXIS2_PLACEMENT_3D ( 'NONE', #3795, #3699, #3171 ) ;
#900 = VERTEX_POINT ( 'NONE', #1809 ) ;
#901 = PRESENTATION_LAYER_ASSIGNMENT (  '', '', ( #2919 ) ) ;
#902 = SURFACE_SIDE_STYLE ('',( #1031 ) ) ;
#903 = STYLED_ITEM ( 'NONE', ( #3885 ), #4270 ) ;
#904 = PRESENTATION_STYLE_ASSIGNMENT (( #5253 ) ) ;
#905 = LINE ( 'NONE', #3893, #3177 ) ;
#906 = CARTESIAN_POINT ( 'NONE',  ( -1.132140295698489618, 3.000000000000000000, 0.4856831150319117496 ) ) ;
#907 = CARTESIAN_POINT ( 'NONE',  ( -3.205714285714285516, 2.905714285714285694, -2.828571428571428736 ) ) ;
#908 = DIRECTION ( 'NONE',  ( 0.000000000000000000, 0.000000000000000000, 1.000000000000000000 ) ) ;
#909 = DIRECTION ( 'NONE',  ( 1.000000000000000000, 0.000000000000000000, 1.445602896647339163E-16 ) ) ;
#910 = CARTESIAN_POINT ( 'NONE',  ( -1.132140295698489618, 2.950000000000000178, 0.4856831150319117496 ) ) ;
#911 = EDGE_CURVE ( 'NONE', #6245, #3227, #4937, .T. ) ;
#912 = FACE_OUTER_BOUND ( 'NONE', #1239, .T. ) ;
#913 = EDGE_LOOP ( 'NONE', ( #6701, #6755 ) ) ;
#914 = ADVANCED_FACE ( 'NONE', ( #94 ), #277, .T. ) ;
#915 = CARTESIAN_POINT ( 'NONE',  ( 2.828571428571428736, 2.905714285714285694, 2.828571428571428736 ) ) ;
#916 = SURFACE_STYLE_FILL_AREA ( #4103 ) ;
#917 = VECTOR ( 'NONE', #844, 1000.000000000000000 ) ;
#918 = ORIENTED_EDGE ( 'NONE', *, *, #2081, .F. ) ;
#919 = STYLED_ITEM ( 'NONE', ( #5797 ), #5518 ) ;
#920 = CARTESIAN_POINT ( 'NONE',  ( -0.3113406322684411087, 2.949999999999999734, -1.909735474986742787 ) ) ;
#921 = CARTESIAN_POINT ( 'NONE',  ( -0.5191275572975038166, 2.950000000000000178, -2.009628595855005528 ) ) ;
#922 = LINE ( 'NONE', #4978, #933 ) ;
#923 = DIRECTION ( 'NONE',  ( -0.9945218953682746221, -0.000000000000000000, -0.1045284632676402869 ) ) ;
#924 = EDGE_CURVE ( 'NONE', #294, #3630, #298, .T. ) ;
#925 = VERTEX_POINT ( 'NONE', #791 ) ;
#926 = DIRECTION ( 'NONE',  ( -0.000000000000000000, 1.000000000000000000, -0.000000000000000000 ) ) ;
#927 = EDGE_LOOP ( 'NONE', ( #935, #3304, #4490, #330 ) ) ;
#928 = PLANE ( 'NONE',  #1935 ) ;
#929 = CARTESIAN_POINT ( 'NONE',  ( -0.5369520278213630871, 2.949999999999999734, -1.107047874202976789 ) ) ;
#930 = AXIS2_PLACEMENT_3D ( 'NONE', #3056, #1845, #6365 ) ;
#931 = EDGE_CURVE ( 'NONE', #133, #5200, #4899, .T. ) ;
#932 = VECTOR ( 'NONE', #4743, 1000.000000000000114 ) ;
#933 = VECTOR ( 'NONE', #1136, 999.9999999999998863 ) ;
#934 = SURFACE_SIDE_STYLE ('',( #2791 ) ) ;
#935 = ORIENTED_EDGE ( 'NONE', *, *, #3041, .T. ) ;
#936 = EDGE_CURVE ( 'NONE', #3360, #7178, #5148, .T. ) ;
#937 = PLANE ( 'NONE',  #5682 ) ;
#938 = DIRECTION ( 'NONE',  ( 0.000000000000000000, 0.000000000000000000, -1.000000000000000000 ) ) ;
#939 = DIRECTION ( 'NONE',  ( 0.000000000000000000, 0.000000000000000000, -1.000000000000000000 ) ) ;
#940 = ADVANCED_FACE ( 'NONE', ( #2744 ), #5848, .T. ) ;
#941 = CARTESIAN_POINT ( 'NONE',  ( -3.300000000000000266, 1.433571428571428275, 0.3300000000000004041 ) ) ;
#942 =( NAMED_UNIT ( * ) SI_UNIT ( $, .STERADIAN. ) SOLID_ANGLE_UNIT ( ) );
#943 = DIRECTION ( 'NONE',  ( -0.000000000000000000, 1.000000000000000000, -0.000000000000000000 ) ) ;
#944 = EDGE_CURVE ( 'NONE', #6072, #2460, #5385, .T. ) ;
#945 = VERTEX_POINT ( 'NONE', #2585 ) ;
#946 = EDGE_CURVE ( 'NONE', #1426, #3227, #446, .T. ) ;
#947 = CARTESIAN_POINT ( 'NONE',  ( -0.3113406322684263428, 1.610876343277178879, 2.203872908678615961 ) ) ;
#948 = ADVANCED_FACE ( 'NONE', ( #2945 ), #3613, .T. ) ;
#949 = FACE_OUTER_BOUND ( 'NONE', #2525, .T. ) ;
#950 = DIRECTION ( 'NONE',  ( -0.000000000000000000, -1.000000000000000000, -0.000000000000000000 ) ) ;
#951 = CARTESIAN_POINT ( 'NONE',  ( 2.828571428571428736, 3.000000000000000000, 3.205714285714285960 ) ) ;
#952 = CARTESIAN_POINT ( 'NONE',  ( -0.3113406322684347804, 2.949999999999999734, -0.02548332798981431738 ) ) ;
#953 = CARTESIAN_POINT ( 'NONE',  ( -0.3113406322684358352, 2.949999999999999734, -0.3018418195157239192 ) ) ;
#954 = CARTESIAN_POINT ( 'NONE',  ( 3.299999999999999822, 2.905714285714285694, 2.828571428571428736 ) ) ;
#955 = EDGE_LOOP ( 'NONE', ( #6763, #2622, #295, #7043 ) ) ;
#956 = CARTESIAN_POINT ( 'NONE',  ( -1.291453225550519335, 2.949999999999999734, -2.269617236342074129 ) ) ;
#957 = EDGE_CURVE ( 'NONE', #6880, #614, #2956, .T. ) ;
#958 = DIRECTION ( 'NONE',  ( 1.000000000000000000, 0.000000000000000000, -2.953183167335239910E-15 ) ) ;
#959 = LINE ( 'NONE', #772, #5928 ) ;
#960 = CARTESIAN_POINT ( 'NONE',  ( -1.009256750147797366, 2.949999999999999734, -2.134107173565271687 ) ) ;
#961 = SURFACE_STYLE_USAGE ( .BOTH. , #2108 ) ;
#962 = CARTESIAN_POINT ( 'NONE',  ( -2.828571428571428736, 0.1499999999999999944, -2.828571428571428736 ) ) ;
#963 = VERTEX_POINT ( 'NONE', #841 ) ;
#964 = UNCERTAINTY_MEASURE_WITH_UNIT (LENGTH_MEASURE( 1.000000000000000082E-05 ), #1018, 'distance_accuracy_value', 'NONE');
#965 = CARTESIAN_POINT ( 'NONE',  ( -1.357751691251411597, 3.000000000000000000, 0.9404351645289628081 ) ) ;
#966 =( LENGTH_UNIT ( ) NAMED_UNIT ( * ) SI_UNIT ( .MILLI., .METRE. ) );
#967 = AXIS2_PLACEMENT_3D ( 'NONE', #1244, #6240, #5083 ) ;
#968 = AXIS2_PLACEMENT_3D ( 'NONE', #1751, #4715, #5690 ) ;
#969 = LINE ( 'NONE', #6183, #5904 ) ;
#970 = VECTOR ( 'NONE', #3667, 1000.000000000000000 ) ;
#971 = DIRECTION ( 'NONE',  ( -1.445602896647339163E-16, 0.000000000000000000, 1.000000000000000000 ) ) ;
#972 = VERTEX_POINT ( 'NONE', #6830 ) ;
#973 =( NAMED_UNIT ( * ) PLANE_ANGLE_UNIT ( ) SI_UNIT ( $, .RADIAN. ) );
#974 = EDGE_CURVE ( 'NONE', #67, #575, #2931, .T. ) ;
#975 = CARTESIAN_POINT ( 'NONE',  ( -1.132140295698489618, 1.610876343277178879, 0.4856831150319117496 ) ) ;
#976 = CARTESIAN_POINT ( 'NONE',  ( -0.3113406322684341143, 3.000000000000000000, 0.1536859196460394206 ) ) ;
#977 = CARTESIAN_POINT ( 'NONE',  ( -1.357751691251411597, 3.000000000000000000, 0.9404351645289628081 ) ) ;
#978 = CIRCLE ( 'NONE', #2947, 0.4714285714285714191 ) ;
#979 = COLOUR_RGB ( '',1.000000000000000000, 1.000000000000000000, 1.000000000000000000 ) ;
#980 =( GEOMETRIC_REPRESENTATION_CONTEXT ( 3 ) GLOBAL_UNCERTAINTY_ASSIGNED_CONTEXT ( ( #4093 ) ) GLOBAL_UNIT_ASSIGNED_CONTEXT ( ( #6486, #4353, #3219 ) ) REPRESENTATION_CONTEXT ( 'NONE', 'WORKASPACE' ) );
#981 = LINE ( 'NONE', #6956, #3474 ) ;
#982 = DIRECTION ( 'NONE',  ( 0.1045284632676403286, 0.000000000000000000, -0.9945218953682747332 ) ) ;
#983 = VERTEX_POINT ( 'NONE', #421 ) ;
#984 = DIRECTION ( 'NONE',  ( 1.445602896647339656E-16, 0.000000000000000000, 1.000000000000000000 ) ) ;
#985 = ADVANCED_FACE ( 'NONE', ( #5419 ), #5456, .T. ) ;
#986 = DIRECTION ( 'NONE',  ( 0.000000000000000000, 1.000000000000000000, 0.000000000000000000 ) ) ;
#987 = EDGE_CURVE ( 'NONE', #4728, #6279, #380, .T. ) ;
#988 = CARTESIAN_POINT ( 'NONE',  ( 0.000000000000000000, 0.5999999999999999778, 0.000000000000000000 ) ) ;
#989 = DIRECTION ( 'NONE',  ( -0.000000000000000000, -1.000000000000000000, -0.000000000000000000 ) ) ;
#990 = CARTESIAN_POINT ( 'NONE',  ( 3.299999999999999822, 15.33380951166242845, -2.828571428571428736 ) ) ;
#991 = FILL_AREA_STYLE_COLOUR ( '', #2086 ) ;
#992 = CARTESIAN_POINT ( 'NONE',  ( -0.3113406322684380556, 2.950000000000000178, -0.8608846822646283314 ) ) ;
#993 = PRESENTATION_LAYER_ASSIGNMENT (  '', '', ( #5939 ) ) ;
#994 = ORIENTED_EDGE ( 'NONE', *, *, #833, .F. ) ;
#995 =( BOUNDED_CURVE ( )  B_SPLINE_CURVE ( 3, ( #2052, #5190, #1950, #3681 ),
 .UNSPECIFIED., .F., .F. ) 
 B_SPLINE_CURVE_WITH_KNOTS ( ( 4, 4 ),
 ( 0.000000000000000000, 3.141592653589793116 ),
 .UNSPECIFIED. ) 
 CURVE ( )  GEOMETRIC_REPRESENTATION_ITEM ( )  RATIONAL_B_SPLINE_CURVE ( ( 1.000000000000000000, 0.3333333333333333703, 0.3333333333333333703, 1.000000000000000000 ) ) 
 REPRESENTATION_ITEM ( '' )  );
#996 = DIRECTION ( 'NONE',  ( 0.000000000000000000, 1.000000000000000000, -0.000000000000000000 ) ) ;
#997 = DIRECTION ( 'NONE',  ( -0.9799725457018645391, -0.000000000000000000, 0.1991326434078726781 ) ) ;
#998 = LINE ( 'NONE', #5984, #3423 ) ;
#999 = EDGE_CURVE ( 'NONE', #1213, #1485, #5174, .T. ) ;
#1000 = ADVANCED_FACE ( 'NONE', ( #5364 ), #6077, .T. ) ;
#1001 = CARTESIAN_POINT ( 'NONE',  ( -1.357751691251421589, 3.000000000000000000, -1.107666862175472389 ) ) ;
#1002 = DIRECTION ( 'NONE',  ( -0.000000000000000000, -1.000000000000000000, 0.000000000000000000 ) ) ;
#1003 = AXIS2_PLACEMENT_3D ( 'NONE', #5343, #6330, #4151 ) ;
#1004 = CARTESIAN_POINT ( 'NONE',  ( -0.8418426963106281358, 2.950000000000000178, 2.163869536259844129 ) ) ;
#1005 = DIRECTION ( 'NONE',  ( -0.9799725457018957364, -0.000000000000000000, 0.1991326434077194119 ) ) ;
#1006 = VERTEX_POINT ( 'NONE', #93 ) ;
#1007 = EDGE_CURVE ( 'NONE', #5874, #2114, #715, .T. ) ;
#1008 = CARTESIAN_POINT ( 'NONE',  ( 2.828571428571428736, 3.000000000000000000, -3.205714285714285516 ) ) ;
#1009 = EDGE_CURVE ( 'NONE', #2101, #3833, #1871, .T. ) ;
#1010 = PRESENTATION_STYLE_ASSIGNMENT (( #6246 ) ) ;
#1011 = FACE_OUTER_BOUND ( 'NONE', #2384, .T. ) ;
#1012 = ORIENTED_EDGE ( 'NONE', *, *, #854, .T. ) ;
#1013 = ADVANCED_FACE ( 'NONE', ( #2976 ), #5211, .T. ) ;
#1014 = B_SPLINE_CURVE_WITH_KNOTS ( 'NONE', 3,
 ( #5738, #781, #6145, #5048 ),
 .UNSPECIFIED., .F., .F.,
 ( 4, 4 ),
 ( 0.000000000000000000, 1.000000000000000000 ),
 .UNSPECIFIED. ) ;
#1015 = EDGE_CURVE ( 'NONE', #1409, #5153, #2803, .T. ) ;
#1016 = CARTESIAN_POINT ( 'NONE',  ( -1.357751691251410708, 2.950000000000000178, 2.097613617064586933 ) ) ;
#1017 = DIRECTION ( 'NONE',  ( 0.9933554313349570730, 0.000000000000000000, 0.1150868673539311299 ) ) ;
#1018 =( LENGTH_UNIT ( ) NAMED_UNIT ( * ) SI_UNIT ( .MILLI., .METRE. ) );
#1019 =( LENGTH_UNIT ( ) NAMED_UNIT ( * ) SI_UNIT ( .MILLI., .METRE. ) );
#1020 = VECTOR ( 'NONE', #2968, 1000.000000000000000 ) ;
#1021 = FACE_OUTER_BOUND ( 'NONE', #6032, .T. ) ;
#1022 = CARTESIAN_POINT ( 'NONE',  ( 0.000000000000000000, 3.000000000000000000, 0.000000000000000000 ) ) ;
#1023 = EDGE_CURVE ( 'NONE', #3813, #1505, #2813, .T. ) ;
#1024 = ORIENTED_EDGE ( 'NONE', *, *, #1265, .F. ) ;
#1025 =( LENGTH_UNIT ( ) NAMED_UNIT ( * ) SI_UNIT ( .MILLI., .METRE. ) );
#1026 = FACE_OUTER_BOUND ( 'NONE', #6445, .T. ) ;
#1027 = CARTESIAN_POINT ( 'NONE',  ( -1.357751691251411374, 3.000000000000000000, 2.197051454351221622 ) ) ;
#1028 = FILL_AREA_STYLE_COLOUR ( '', #5183 ) ;
#1029 =( NAMED_UNIT ( * ) SI_UNIT ( $, .STERADIAN. ) SOLID_ANGLE_UNIT ( ) );
#1030 =( NAMED_UNIT ( * ) PLANE_ANGLE_UNIT ( ) SI_UNIT ( $, .RADIAN. ) );
#1031 = SURFACE_STYLE_FILL_AREA ( #4604 ) ;
#1032 = EDGE_LOOP ( 'NONE', ( #2015, #40, #91, #3691 ) ) ;
#1033 = CARTESIAN_POINT ( 'NONE',  ( -1.357751691251422699, 3.000000000000000000, -1.681518504515441492 ) ) ;
#1034 = ADVANCED_FACE ( 'NONE', ( #5376 ), #4112, .T. ) ;
#1035 = CIRCLE ( 'NONE', #6928, 0.09428571428571427826 ) ;
#1036 = LINE ( 'NONE', #3012, #1121 ) ;
#1037 = ORIENTED_EDGE ( 'NONE', *, *, #4678, .T. ) ;
#1038 = CARTESIAN_POINT ( 'NONE',  ( -0.3113406322684293404, 3.000000000000000000, 1.462103842300823686 ) ) ;
#1039 = UNCERTAINTY_MEASURE_WITH_UNIT (LENGTH_MEASURE( 1.000000000000000082E-05 ), #6737, 'distance_accuracy_value', 'NONE');
#1040 = CARTESIAN_POINT ( 'NONE',  ( -0.5369520278213634201, 3.000000000000000000, -1.164692070093668264 ) ) ;
#1041 = DIRECTION ( 'NONE',  ( 0.000000000000000000, 0.000000000000000000, 1.000000000000000000 ) ) ;
#1042 = FILL_AREA_STYLE ('',( #5508 ) ) ;
#1043 = FILL_AREA_STYLE_COLOUR ( '', #4142 ) ;
#1044 = EDGE_LOOP ( 'NONE', ( #2980, #6263, #230, #3955 ) ) ;
#1045 = PRESENTATION_LAYER_ASSIGNMENT (  '', '', ( #4020 ) ) ;
#1046 = DIRECTION ( 'NONE',  ( 0.1045284632676718312, 0.000000000000000000, -0.9945218953682714025 ) ) ;
#1047 = PRESENTATION_LAYER_ASSIGNMENT (  '', '', ( #6882 ) ) ;
#1048 = DIRECTION ( 'NONE',  ( -0.000000000000000000, -1.000000000000000000, -0.000000000000000000 ) ) ;
#1049 = VECTOR ( 'NONE', #401, 1000.000000000000000 ) ;
#1050 = ADVANCED_FACE ( 'NONE', ( #5365 ), #811, .T. ) ;
#1051 = AXIS2_PLACEMENT_3D ( 'NONE', #521, #605, #6091 ) ;
#1052 = ORIENTED_EDGE ( 'NONE', *, *, #1803, .T. ) ;
#1053 = DIRECTION ( 'NONE',  ( 3.777208558894928895E-15, 0.000000000000000000, 1.000000000000000000 ) ) ;
#1054 = PRESENTATION_LAYER_ASSIGNMENT (  '', '', ( #6009 ) ) ;
#1055 = PLANE ( 'NONE',  #730 ) ;
#1056 = FILL_AREA_STYLE ('',( #2640 ) ) ;
#1057 = DIRECTION ( 'NONE',  ( 0.9012599435649156776, -0.000000000000000000, 0.4332787949177354658 ) ) ;
#1058 = CARTESIAN_POINT ( 'NONE',  ( 3.300000000000000266, 1.433571428571428275, -0.2357142857142852099 ) ) ;
#1059 = CARTESIAN_POINT ( 'NONE',  ( -1.357751691251421589, 3.000000000000000000, -1.107666862175472389 ) ) ;
#1060 = MECHANICAL_DESIGN_GEOMETRIC_PRESENTATION_REPRESENTATION (  '', ( #830 ), #4315 ) ;
#1061 = CARTESIAN_POINT ( 'NONE',  ( -3.300000000000000266, 0.5999999999999999778, 1.500000000000000444 ) ) ;
#1062 = EDGE_CURVE ( 'NONE', #1149, #1152, #570, .T. ) ;
#1063 = VERTEX_POINT ( 'NONE', #1612 ) ;
#1064 = EDGE_LOOP ( 'NONE', ( #5009, #2043, #4784, #5110 ) ) ;
#1065 = SURFACE_STYLE_USAGE ( .BOTH. , #5444 ) ;
#1066 = LINE ( 'NONE', #5135, #3493 ) ;
#1067 = CARTESIAN_POINT ( 'NONE',  ( -1.357751691251411597, 2.999999999999999556, 1.302799868628608859 ) ) ;
#1068 = SURFACE_STYLE_USAGE ( .BOTH. , #611 ) ;
#1069 = CARTESIAN_POINT ( 'NONE',  ( -0.4034324706246969483, 2.949999999999999734, 0.7593695934950106530 ) ) ;
#1070 = CARTESIAN_POINT ( 'NONE',  ( -3.205714285714285516, 0.2442857142857142450, 2.828571428571428736 ) ) ;
#1071 = PRESENTATION_STYLE_ASSIGNMENT (( #3005 ) ) ;
#1072 = EDGE_LOOP ( 'NONE', ( #2858, #2824, #7143, #4566 ) ) ;
#1073 = CARTESIAN_POINT ( 'NONE',  ( -3.300000000000000711, 0.5999999999999999778, -1.499999999999999778 ) ) ;
#1074 = ORIENTED_EDGE ( 'NONE', *, *, #1186, .T. ) ;
#1075 = EDGE_CURVE ( 'NONE', #6880, #286, #5308, .T. ) ;
#1076 = MECHANICAL_DESIGN_GEOMETRIC_PRESENTATION_REPRESENTATION (  '', ( #6214 ), #3028 ) ;
#1077 = FACE_OUTER_BOUND ( 'NONE', #1134, .T. ) ;
#1078 = VERTEX_POINT ( 'NONE', #6341 ) ;
#1079 = EDGE_CURVE ( 'NONE', #3207, #1457, #2989, .T. ) ;
#1080 = FILL_AREA_STYLE_COLOUR ( '', #5052 ) ;
#1081 = ORIENTED_EDGE ( 'NONE', *, *, #3888, .F. ) ;
#1082 =( NAMED_UNIT ( * ) SI_UNIT ( $, .STERADIAN. ) SOLID_ANGLE_UNIT ( ) );
#1083 = PRESENTATION_STYLE_ASSIGNMENT (( #6899 ) ) ;
#1084 = ORIENTED_EDGE ( 'NONE', *, *, #5558, .F. ) ;
#1085 = ORIENTED_EDGE ( 'NONE', *, *, #1433, .T. ) ;
#1086 = EDGE_CURVE ( 'NONE', #2462, #1900, #539, .T. ) ;
#1087 = ADVANCED_FACE ( 'NONE', ( #2978 ), #3043, .T. ) ;
#1088 = CARTESIAN_POINT ( 'NONE',  ( -3.300000000000000266, 1.339285714285714191, -0.2357142857142852099 ) ) ;
#1089 = VECTOR ( 'NONE', #4071, 1000.000000000000000 ) ;
#1090 = LINE ( 'NONE', #2970, #5952 ) ;
#1091 = ORIENTED_EDGE ( 'NONE', *, *, #5865, .T. ) ;
#1092 =( NAMED_UNIT ( * ) PLANE_ANGLE_UNIT ( ) SI_UNIT ( $, .RADIAN. ) );
#1093 = VERTEX_POINT ( 'NONE', #5816 ) ;
#1094 = ORIENTED_EDGE ( 'NONE', *, *, #2308, .F. ) ;
#1095 = PLANE ( 'NONE',  #4829 ) ;
#1096 = EDGE_CURVE ( 'NONE', #28, #213, #2843, .T. ) ;
#1097 = DIRECTION ( 'NONE',  ( 0.000000000000000000, 0.000000000000000000, 1.000000000000000000 ) ) ;
#1098 = CARTESIAN_POINT ( 'NONE',  ( -0.3113406322684343364, 3.000000000000000000, 0.07152145899898833259 ) ) ;
#1099 = FACE_OUTER_BOUND ( 'NONE', #1607, .T. ) ;
#1100 = LINE ( 'NONE', #5868, #3339 ) ;
#1101 = ADVANCED_FACE ( 'NONE', ( #5388 ), #4271, .T. ) ;
#1102 = B_SPLINE_CURVE_WITH_KNOTS ( 'NONE', 3,
 ( #4818, #1997, #6457, #2559, #3624 ),
 .UNSPECIFIED., .F., .F.,
 ( 4, 1, 4 ),
 ( 0.000000000000000000, 0.4877098465503992841, 1.000000000000000000 ),
 .UNSPECIFIED. ) ;
#1103 = CARTESIAN_POINT ( 'NONE',  ( -0.5369520278213593123, 2.949999999999999734, 0.1894440865371726790 ) ) ;
#1104 = ORIENTED_EDGE ( 'NONE', *, *, #6190, .F. ) ;
#1105 = ORIENTED_EDGE ( 'NONE', *, *, #7005, .T. ) ;
#1106 = DIRECTION ( 'NONE',  ( 0.000000000000000000, 1.000000000000000000, 0.000000000000000000 ) ) ;
#1107 = COLOUR_RGB ( '',0.7921568627450980005, 0.8196078431372548767, 0.9333333333333333481 ) ;
#1108 = LINE ( 'NONE', #4858, #1157 ) ;
#1109 = ORIENTED_EDGE ( 'NONE', *, *, #3888, .T. ) ;
#1110 = UNCERTAINTY_MEASURE_WITH_UNIT (LENGTH_MEASURE( 1.000000000000000082E-05 ), #776, 'distance_accuracy_value', 'NONE');
#1111 = DIRECTION ( 'NONE',  ( -0.000000000000000000, 1.000000000000000000, -0.000000000000000000 ) ) ;
#1112 =( LENGTH_UNIT ( ) NAMED_UNIT ( * ) SI_UNIT ( .MILLI., .METRE. ) );
#1113 = DIRECTION ( 'NONE',  ( 0.000000000000000000, -0.000000000000000000, -1.000000000000000000 ) ) ;
#1114 = CARTESIAN_POINT ( 'NONE',  ( -1.132140295698485621, 2.950000000000000178, 1.646912525208062306 ) ) ;
#1115 = EDGE_LOOP ( 'NONE', ( #1429, #4311, #6286, #3816 ) ) ;
#1116 = EDGE_LOOP ( 'NONE', ( #7032, #260, #2469, #3996, #4849 ) ) ;
#1117 = VERTEX_POINT ( 'NONE', #5402 ) ;
#1118 = STYLED_ITEM ( 'NONE', ( #2211 ), #744 ) ;
#1119 = UNCERTAINTY_MEASURE_WITH_UNIT (LENGTH_MEASURE( 1.000000000000000082E-05 ), #758, 'distance_accuracy_value', 'NONE');
#1120 = LINE ( 'NONE', #4301, #932 ) ;
#1121 = VECTOR ( 'NONE', #1345, 1000.000000000000000 ) ;
#1122 = MECHANICAL_DESIGN_GEOMETRIC_PRESENTATION_REPRESENTATION (  '', ( #2918 ), #7159 ) ;
#1123 = AXIS2_PLACEMENT_3D ( 'NONE', #1281, #1181, #6224 ) ;
#1124 = MECHANICAL_DESIGN_GEOMETRIC_PRESENTATION_REPRESENTATION (  '', ( #2241 ), #2993 ) ;
#1125 = PLANE ( 'NONE',  #2254 ) ;
#1126 = CARTESIAN_POINT ( 'NONE',  ( -0.3113406322684411087, 1.610876343277178879, -1.909735474986742787 ) ) ;
#1127 = ORIENTED_EDGE ( 'NONE', *, *, #2358, .T. ) ;
#1128 = ORIENTED_EDGE ( 'NONE', *, *, #6993, .T. ) ;
#1129 = CARTESIAN_POINT ( 'NONE',  ( -0.5369520278213515407, 2.949999999999999734, 2.197670442323716777 ) ) ;
#1130 = FILL_AREA_STYLE ('',( #461 ) ) ;
#1131 = EDGE_CURVE ( 'NONE', #963, #233, #620, .T. ) ;
#1132 = PRESENTATION_STYLE_ASSIGNMENT (( #1671 ) ) ;
#1133 = VECTOR ( 'NONE', #292, 1000.000000000000000 ) ;
#1134 = EDGE_LOOP ( 'NONE', ( #6343, #1956, #6619, #181, #4591, #6971, #4373, #6828, #2761, #2557, #1798, #2806 ) ) ;
#1135 = PRESENTATION_LAYER_ASSIGNMENT (  '', '', ( #3651 ) ) ;
#1136 = DIRECTION ( 'NONE',  ( 0.9933818551354653970, -0.000000000000000000, 0.1148585647116548980 ) ) ;
#1137 = CYLINDRICAL_SURFACE ( 'NONE', #5020, 0.09428571428571427826 ) ;
#1138 = ORIENTED_EDGE ( 'NONE', *, *, #264, .F. ) ;
#1139 = ORIENTED_EDGE ( 'NONE', *, *, #2895, .T. ) ;
#1140 = DIRECTION ( 'NONE',  ( 0.000000000000000000, 1.000000000000000000, 0.000000000000000000 ) ) ;
#1141 = ADVANCED_FACE ( 'NONE', ( #5263 ), #3657, .T. ) ;
#1142 = SURFACE_STYLE_USAGE ( .BOTH. , #1833 ) ;
#1143 = AXIS2_PLACEMENT_3D ( 'NONE', #5058, #4636, #2093 ) ;
#1144 = CARTESIAN_POINT ( 'NONE',  ( -0.5369520278213577580, 3.000000000000000000, 0.5545010321583131452 ) ) ;
#1145 = SURFACE_STYLE_FILL_AREA ( #1452 ) ;
#1146 = EDGE_CURVE ( 'NONE', #1213, #900, #612, .T. ) ;
#1147 = LINE ( 'NONE', #3570, #1133 ) ;
#1148 = CARTESIAN_POINT ( 'NONE',  ( -1.357751691251414483, 2.949999999999999734, 0.6007890726471740717 ) ) ;
#1149 = VERTEX_POINT ( 'NONE', #1665 ) ;
#1150 = LINE ( 'NONE', #480, #3738 ) ;
#1151 = STYLED_ITEM ( 'NONE', ( #835 ), #3528 ) ;
#1152 = VERTEX_POINT ( 'NONE', #4805 ) ;
#1153 = ORIENTED_EDGE ( 'NONE', *, *, #5649, .T. ) ;
#1154 = ORIENTED_EDGE ( 'NONE', *, *, #1537, .T. ) ;
#1155 = EDGE_CURVE ( 'NONE', #2840, #3312, #2959, .T. ) ;
#1156 = DIRECTION ( 'NONE',  ( -0.9945218953682744001, 0.000000000000000000, -0.1045284632676440895 ) ) ;
#1157 = VECTOR ( 'NONE', #6301, 1000.000000000000000 ) ;
#1158 = SURFACE_SIDE_STYLE ('',( #3090 ) ) ;
#1159 = CARTESIAN_POINT ( 'NONE',  ( -0.3113406322684170724, 2.949999999999999734, 2.327905487420670827 ) ) ;
#1160 = CARTESIAN_POINT ( 'NONE',  ( -0.5191275572975038166, 3.000000000000000000, -2.009628595855005528 ) ) ;
#1161 = EDGE_CURVE ( 'NONE', #2360, #2221, #3010, .T. ) ;
#1162 = DIRECTION ( 'NONE',  ( -1.000000000000000000, 0.000000000000000000, 1.445602896647339163E-16 ) ) ;
#1163 = ORIENTED_EDGE ( 'NONE', *, *, #2619, .T. ) ;
#1164 = ADVANCED_FACE ( 'NONE', ( #5440 ), #3554, .T. ) ;
#1165 = LINE ( 'NONE', #1605, #6082 ) ;
#1166 = ORIENTED_EDGE ( 'NONE', *, *, #6223, .T. ) ;
#1167 = DIRECTION ( 'NONE',  ( 0.000000000000000000, 0.000000000000000000, -1.000000000000000000 ) ) ;
#1168 = ORIENTED_EDGE ( 'NONE', *, *, #3959, .T. ) ;
#1169 = EDGE_CURVE ( 'NONE', #5060, #5261, #4738, .T. ) ;
#1170 = CARTESIAN_POINT ( 'NONE',  ( -3.300000000000000266, 1.339285714285714191, 0.2357142857142861259 ) ) ;
#1171 = FACE_OUTER_BOUND ( 'NONE', #927, .T. ) ;
#1172 = COLOUR_RGB ( '',1.000000000000000000, 1.000000000000000000, 1.000000000000000000 ) ;
#1173 = EDGE_CURVE ( 'NONE', #2326, #5340, #7034, .T. ) ;
#1174 = ORIENTED_EDGE ( 'NONE', *, *, #2179, .T. ) ;
#1175 = CARTESIAN_POINT ( 'NONE',  ( -1.151339791579042870, 2.950000000000000178, 1.121500735562910744 ) ) ;
#1176 = CARTESIAN_POINT ( 'NONE',  ( -3.300000000000000711, 0.5999999999999999778, -1.499999999999999778 ) ) ;
#1177 = LINE ( 'NONE', #7047, #6108 ) ;
#1178 = DIRECTION ( 'NONE',  ( 0.000000000000000000, 1.000000000000000000, 0.000000000000000000 ) ) ;
#1179 = VERTEX_POINT ( 'NONE', #2197 ) ;
#1180 = VERTEX_POINT ( 'NONE', #2752 ) ;
#1181 = DIRECTION ( 'NONE',  ( -5.358378807167122465E-32, 1.000000000000000000, -3.706674093967537656E-16 ) ) ;
#1182 = CARTESIAN_POINT ( 'NONE',  ( -0.3113406322684287852, 3.000000000000000000, -0.9768128291060232948 ) ) ;
#1183 = DIRECTION ( 'NONE',  ( -3.937577556446986284E-15, 0.000000000000000000, -1.000000000000000000 ) ) ;
#1184 = SURFACE_STYLE_USAGE ( .BOTH. , #1382 ) ;
#1185 = ORIENTED_EDGE ( 'NONE', *, *, #6586, .T. ) ;
#1186 = EDGE_CURVE ( 'NONE', #5027, #7095, #2320, .T. ) ;
#1187 = DIRECTION ( 'NONE',  ( 0.000000000000000000, -1.000000000000000000, 0.000000000000000000 ) ) ;
#1188 = ORIENTED_EDGE ( 'NONE', *, *, #4895, .T. ) ;
#1189 = ORIENTED_EDGE ( 'NONE', *, *, #1, .T. ) ;
#1190 = DIRECTION ( 'NONE',  ( 3.623890796147360773E-15, 0.000000000000000000, 1.000000000000000000 ) ) ;
#1191 = CARTESIAN_POINT ( 'NONE',  ( -1.307978480753482664, 3.000000000000000000, 0.7139307616272294599 ) ) ;
#1192 = VECTOR ( 'NONE', #4583, 1000.000000000000000 ) ;
#1193 = CARTESIAN_POINT ( 'NONE',  ( -1.357751691251422699, 2.950000000000000178, -1.681518504515441492 ) ) ;
#1194 = EDGE_LOOP ( 'NONE', ( #2561, #2447, #4634, #679 ) ) ;
#1195 = CARTESIAN_POINT ( 'NONE',  ( -0.5369520278213515407, 3.000000000000000000, 2.197670442323716777 ) ) ;
#1196 = ORIENTED_EDGE ( 'NONE', *, *, #5947, .T. ) ;
#1197 = MECHANICAL_DESIGN_GEOMETRIC_PRESENTATION_REPRESENTATION (  '', ( #6980 ), #141 ) ;
#1198 = EDGE_LOOP ( 'NONE', ( #6987, #2706 ) ) ;
#1199 = MECHANICAL_DESIGN_GEOMETRIC_PRESENTATION_REPRESENTATION (  '', ( #7146 ), #5596 ) ;
#1200 = MANIFOLD_SOLID_BREP ( 'Boss-Extrude5[3]', #6811 ) ;
#1201 = DIRECTION ( 'NONE',  ( 0.9914039068058959625, 0.000000000000000000, -0.1308368968219830730 ) ) ;
#1202 = UNCERTAINTY_MEASURE_WITH_UNIT (LENGTH_MEASURE( 1.000000000000000082E-05 ), #3564, 'distance_accuracy_value', 'NONE');
#1203 = AXIS2_PLACEMENT_3D ( 'NONE', #2831, #601, #6185 ) ;
#1204 = DIRECTION ( 'NONE',  ( 1.000000000000000000, 0.000000000000000000, -2.710505431213760592E-16 ) ) ;
#1205 = VECTOR ( 'NONE', #6351, 1000.000000000000000 ) ;
#1206 = SURFACE_STYLE_FILL_AREA ( #3064 ) ;
#1207 = FILL_AREA_STYLE_COLOUR ( '', #6142 ) ;
#1208 = ORIENTED_EDGE ( 'NONE', *, *, #6659, .F. ) ;
#1209 =( GEOMETRIC_REPRESENTATION_CONTEXT ( 3 ) GLOBAL_UNCERTAINTY_ASSIGNED_CONTEXT ( ( #5761 ) ) GLOBAL_UNIT_ASSIGNED_CONTEXT ( ( #6684, #5668, #3402 ) ) REPRESENTATION_CONTEXT ( 'NONE', 'WORKASPACE' ) );
#1210 = LINE ( 'NONE', #5276, #3638 ) ;
#1211 = ORIENTED_EDGE ( 'NONE', *, *, #189, .F. ) ;
#1212 = CARTESIAN_POINT ( 'NONE',  ( -1.132140295698496946, 2.949999999999999734, -1.657805791318631261 ) ) ;
#1213 = VERTEX_POINT ( 'NONE', #3660 ) ;
#1214 = STYLED_ITEM ( 'NONE', ( #5347 ), #6656 ) ;
#1215 = AXIS2_PLACEMENT_3D ( 'NONE', #2648, #7142, #2841 ) ;
#1216 = CARTESIAN_POINT ( 'NONE',  ( -3.205714285714285516, 0.1499999999999999944, -2.828571428571428736 ) ) ;
#1217 = LINE ( 'NONE', #4811, #3780 ) ;
#1218 = FACE_OUTER_BOUND ( 'NONE', #2382, .T. ) ;
#1219 = FILL_AREA_STYLE ('',( #6269 ) ) ;
#1220 =( NAMED_UNIT ( * ) PLANE_ANGLE_UNIT ( ) SI_UNIT ( $, .RADIAN. ) );
#1221 = ORIENTED_EDGE ( 'NONE', *, *, #3986, .T. ) ;
#1222 = ADVANCED_FACE ( 'NONE', ( #4841 ), #6548, .F. ) ;
#1223 = DIRECTION ( 'NONE',  ( -0.000000000000000000, -1.000000000000000000, -0.000000000000000000 ) ) ;
#1224 = CARTESIAN_POINT ( 'NONE',  ( -0.9960914994576036685, 2.949999999999999734, -2.161492111931144322 ) ) ;
#1225 = VECTOR ( 'NONE', #2369, 1000.000000000000000 ) ;
#1226 = CARTESIAN_POINT ( 'NONE',  ( -1.009256750147804249, 2.949999999999999734, -0.5262135180941681645 ) ) ;
#1227 = EDGE_CURVE ( 'NONE', #2726, #2618, #2287, .T. ) ;
#1228 = ORIENTED_EDGE ( 'NONE', *, *, #6235, .F. ) ;
#1229 = ORIENTED_EDGE ( 'NONE', *, *, #4338, .T. ) ;
#1230 = VERTEX_POINT ( 'NONE', #1258 ) ;
#1231 = CARTESIAN_POINT ( 'NONE',  ( -0.5369520278213577580, 3.000000000000000000, 0.5545010321583131452 ) ) ;
#1232 = CARTESIAN_POINT ( 'NONE',  ( -0.6173770034315396726, 2.950000000000000622, 1.758201658812008406 ) ) ;
#1233 = AXIS2_PLACEMENT_3D ( 'NONE', #3019, #6808, #3436 ) ;
#1234 = PRESENTATION_STYLE_ASSIGNMENT (( #2059 ) ) ;
#1235 = ORIENTED_EDGE ( 'NONE', *, *, #1131, .F. ) ;
#1236 =( LENGTH_UNIT ( ) NAMED_UNIT ( * ) SI_UNIT ( .MILLI., .METRE. ) );
#1237 = FACE_OUTER_BOUND ( 'NONE', #2470, .T. ) ;
#1238 = ORIENTED_EDGE ( 'NONE', *, *, #4354, .F. ) ;
#1239 = EDGE_LOOP ( 'NONE', ( #4297, #502, #1765, #6298 ) ) ;
#1240 = SURFACE_SIDE_STYLE ('',( #5298 ) ) ;
#1241 = VERTEX_POINT ( 'NONE', #3390 ) ;
#1242 = EDGE_CURVE ( 'NONE', #186, #6604, #4760, .T. ) ;
#1243 =( NAMED_UNIT ( * ) PLANE_ANGLE_UNIT ( ) SI_UNIT ( $, .RADIAN. ) );
#1244 = CARTESIAN_POINT ( 'NONE',  ( -0.3113406322684401095, 2.949999999999999734, -1.571536270387498879 ) ) ;
#1245 = DIRECTION ( 'NONE',  ( 0.000000000000000000, 0.000000000000000000, 1.000000000000000000 ) ) ;
#1246 = DIRECTION ( 'NONE',  ( -0.000000000000000000, 1.000000000000000000, -0.000000000000000000 ) ) ;
#1247 = CARTESIAN_POINT ( 'NONE',  ( -1.357751691251414483, 2.949999999999999734, 0.6007890726471740717 ) ) ;
#1248 = MECHANICAL_DESIGN_GEOMETRIC_PRESENTATION_REPRESENTATION (  '', ( #1151 ), #682 ) ;
#1249 = PLANE ( 'NONE',  #5378 ) ;
#1250 = LINE ( 'NONE', #3358, #3599 ) ;
#1251 = EDGE_CURVE ( 'NONE', #2502, #1274, #16, .T. ) ;
#1252 = EDGE_LOOP ( 'NONE', ( #5046, #6488, #6242, #888, #4980 ) ) ;
#1253 = VECTOR ( 'NONE', #5658, 1000.000000000000000 ) ;
#1254 = CARTESIAN_POINT ( 'NONE',  ( -1.132310254562977070, 2.999999999999999556, 0.07031103226462280531 ) ) ;
#1255 = ORIENTED_EDGE ( 'NONE', *, *, #7102, .F. ) ;
#1256 = VERTEX_POINT ( 'NONE', #4030 ) ;
#1257 = EDGE_CURVE ( 'NONE', #3813, #2282, #1014, .T. ) ;
#1258 = CARTESIAN_POINT ( 'NONE',  ( -0.3113406322684401095, 3.000000000000000000, -1.571536270387498879 ) ) ;
#1259 =( NAMED_UNIT ( * ) PLANE_ANGLE_UNIT ( ) SI_UNIT ( $, .RADIAN. ) );
#1260 = FACE_OUTER_BOUND ( 'NONE', #6412, .T. ) ;
#1261 =( LENGTH_UNIT ( ) NAMED_UNIT ( * ) SI_UNIT ( .MILLI., .METRE. ) );
#1262 = CARTESIAN_POINT ( 'NONE',  ( 3.299999999999999378, 0.2500000000000000000, -1.499999999999999778 ) ) ;
#1263 = SURFACE_STYLE_USAGE ( .BOTH. , #4243 ) ;
#1264 = EDGE_LOOP ( 'NONE', ( #4927, #6773, #4327, #6686 ) ) ;
#1265 = EDGE_CURVE ( 'NONE', #1679, #6757, #4745, .T. ) ;
#1266 = EDGE_LOOP ( 'NONE', ( #6865, #6973, #5922, #6894 ) ) ;
#1267 = DIRECTION ( 'NONE',  ( -0.000000000000000000, 1.000000000000000000, -0.000000000000000000 ) ) ;
#1268 = EDGE_LOOP ( 'NONE', ( #6247, #2635, #2098, #3641 ) ) ;
#1269 = EDGE_CURVE ( 'NONE', #4986, #1063, #2344, .T. ) ;
#1270 = PLANE ( 'NONE',  #5115 ) ;
#1271 = VECTOR ( 'NONE', #6962, 1000.000000000000000 ) ;
#1272 = VECTOR ( 'NONE', #2897, 1000.000000000000000 ) ;
#1273 = CARTESIAN_POINT ( 'NONE',  ( -0.5369520278213577580, 2.949999999999999734, 0.5545010321583131452 ) ) ;
#1274 = VERTEX_POINT ( 'NONE', #4626 ) ;
#1275 = CARTESIAN_POINT ( 'NONE',  ( 0.000000000000000000, 0.5999999999999999778, -1.499999999999999778 ) ) ;
#1276 = FILL_AREA_STYLE_COLOUR ( '', #5496 ) ;
#1277 = TOROIDAL_SURFACE ( 'NONE', #4759, 0.3771428571428571130, 0.09428571428571427826 ) ;
#1278 = CARTESIAN_POINT ( 'NONE',  ( -1.357751691251421811, 1.610876343277178879, -1.207104699462107300 ) ) ;
#1279 = EDGE_LOOP ( 'NONE', ( #5945, #1168, #1636, #4595 ) ) ;
#1280 = ORIENTED_EDGE ( 'NONE', *, *, #1169, .T. ) ;
#1281 = CARTESIAN_POINT ( 'NONE',  ( -3.299999999999999822, 1.575000000000000178, 1.500000000000000666 ) ) ;
#1282 = CARTESIAN_POINT ( 'NONE',  ( -3.625000000000000000, 1.574999999999999734, 0.3300000000000005151 ) ) ;
#1283 = CARTESIAN_POINT ( 'NONE',  ( -0.5104047370281182827, 2.950000000000000178, 1.258785626153509529 ) ) ;
#1284 = FACE_OUTER_BOUND ( 'NONE', #5035, .T. ) ;
#1285 = FACE_OUTER_BOUND ( 'NONE', #5687, .T. ) ;
#1286 = CARTESIAN_POINT ( 'NONE',  ( -1.132140295698489618, 2.949999999999999734, 0.4856831150319117496 ) ) ;
#1287 = LINE ( 'NONE', #6192, #1225 ) ;
#1288 = CARTESIAN_POINT ( 'NONE',  ( -0.5104047370281182827, 2.950000000000000178, 1.258785626153509529 ) ) ;
#1289 = ORIENTED_EDGE ( 'NONE', *, *, #5158, .T. ) ;
#1290 = VERTEX_POINT ( 'NONE', #5096 ) ;
#1291 = CARTESIAN_POINT ( 'NONE',  ( 2.024999999999999911, 0.5999999999999999778, -1.499999999999999778 ) ) ;
#1292 = CARTESIAN_POINT ( 'NONE',  ( -1.009256750147800696, 3.000000000000000000, -0.5262135180941753809 ) ) ;
#1293 = DIRECTION ( 'NONE',  ( 3.590423107612694605E-15, -0.000000000000000000, 1.000000000000000000 ) ) ;
#1294 = CARTESIAN_POINT ( 'NONE',  ( -1.132140295698490950, 2.949999999999999734, 0.1266649546707405427 ) ) ;
#1295 = PLANE ( 'NONE',  #3490 ) ;
#1296 = LINE ( 'NONE', #953, #1205 ) ;
#1297 = FACE_OUTER_BOUND ( 'NONE', #6448, .T. ) ;
#1298 = PRESENTATION_LAYER_ASSIGNMENT (  '', '', ( #7146 ) ) ;
#1299 = UNCERTAINTY_MEASURE_WITH_UNIT (LENGTH_MEASURE( 1.000000000000000082E-05 ), #2408, 'distance_accuracy_value', 'NONE');
#1300 = MECHANICAL_DESIGN_GEOMETRIC_PRESENTATION_REPRESENTATION (  '', ( #2836 ), #7078 ) ;
#1301 = ORIENTED_EDGE ( 'NONE', *, *, #4983, .F. ) ;
#1302 = VECTOR ( 'NONE', #3307, 1000.000000000000000 ) ;
#1303 = ORIENTED_EDGE ( 'NONE', *, *, #4067, .T. ) ;
#1304 = ORIENTED_EDGE ( 'NONE', *, *, #6096, .T. ) ;
#1305 = PLANE ( 'NONE',  #3066 ) ;
#1306 = EDGE_CURVE ( 'NONE', #1412, #3594, #2426, .T. ) ;
#1307 = CARTESIAN_POINT ( 'NONE',  ( -0.3113406322684347804, 1.610876343277178879, -0.02548332798981431738 ) ) ;
#1308 = CYLINDRICAL_SURFACE ( 'NONE', #5215, 0.08278332879368098529 ) ;
#1309 = CARTESIAN_POINT ( 'NONE',  ( -0.5369520278213593123, 2.950000000000000178, 0.1894440865371726790 ) ) ;
#1310 = DIRECTION ( 'NONE',  ( 1.000000000000000000, 0.000000000000000000, 0.000000000000000000 ) ) ;
#1311 = DIRECTION ( 'NONE',  ( 1.828280983288195916E-15, 0.000000000000000000, 1.000000000000000000 ) ) ;
#1312 = AXIS2_PLACEMENT_3D ( 'NONE', #5582, #3356, #3924 ) ;
#1313 = VERTEX_POINT ( 'NONE', #5621 ) ;
#1314 = STYLED_ITEM ( 'NONE', ( #287 ), #1480 ) ;
#1315 = EDGE_LOOP ( 'NONE', ( #3764, #5446, #147, #5657 ) ) ;
#1316 = B_SPLINE_SURFACE_WITH_KNOTS ( 'NONE', 3, 1, ( 
 ( #4598, #179 ),
 ( #1129, #2999 ),
 ( #4651, #2911 ),
 ( #4056, #3507 ),
 ( #2301, #4493 ) ),
 .UNSPECIFIED., .F., .F., .F.,
 ( 4, 1, 4 ),
 ( 2, 2 ),
 ( 0.000000000000000000, 0.4877098465503992841, 1.000000000000000000 ),
 ( 0.000000000000000000, 1.000000000000000000 ),
 .UNSPECIFIED. ) ;
#1317 =( NAMED_UNIT ( * ) PLANE_ANGLE_UNIT ( ) SI_UNIT ( $, .RADIAN. ) );
#1318 = ORIENTED_EDGE ( 'NONE', *, *, #267, .F. ) ;
#1319 = CARTESIAN_POINT ( 'NONE',  ( -1.222122891457874116, 2.949999999999999734, 1.477618357555203543 ) ) ;
#1320 = VECTOR ( 'NONE', #115, 1000.000000000000000 ) ;
#1321 = EDGE_CURVE ( 'NONE', #1415, #6857, #1619, .T. ) ;
#1322 = VECTOR ( 'NONE', #4290, 1000.000000000000000 ) ;
#1323 = CARTESIAN_POINT ( 'NONE',  ( -0.5191275572975055930, 3.000000000000000000, -2.255086310432033336 ) ) ;
#1324 = ORIENTED_EDGE ( 'NONE', *, *, #5548, .F. ) ;
#1325 = CARTESIAN_POINT ( 'NONE',  ( -0.3113406322684354466, 2.950000000000000178, -0.1906918335153006128 ) ) ;
#1326 = EDGE_LOOP ( 'NONE', ( #2578, #2730, #1443, #3326 ) ) ;
#1327 = VERTEX_POINT ( 'NONE', #6862 ) ;
#1328 = CARTESIAN_POINT ( 'NONE',  ( -1.357751691251414483, 3.000000000000000000, 0.6007890726471740717 ) ) ;
#1329 = ADVANCED_FACE ( 'NONE', ( #2464 ), #5829, .T. ) ;
#1330 = CARTESIAN_POINT ( 'NONE',  ( -0.3113406322684401095, 3.000000000000000000, -1.571536270387498879 ) ) ;
#1331 = LINE ( 'NONE', #262, #6093 ) ;
#1332 = EDGE_CURVE ( 'NONE', #6279, #3914, #2416, .T. ) ;
#1333 = ORIENTED_EDGE ( 'NONE', *, *, #3159, .F. ) ;
#1334 = ORIENTED_EDGE ( 'NONE', *, *, #2338, .T. ) ;
#1335 = COLOUR_RGB ( '',1.000000000000000000, 1.000000000000000000, 1.000000000000000000 ) ;
#1336 = FILL_AREA_STYLE ('',( #6900 ) ) ;
#1337 = ORIENTED_EDGE ( 'NONE', *, *, #666, .F. ) ;
#1338 = ORIENTED_EDGE ( 'NONE', *, *, #122, .T. ) ;
#1339 = AXIS2_PLACEMENT_3D ( 'NONE', #5554, #2107, #5461 ) ;
#1340 = CARTESIAN_POINT ( 'NONE',  ( -0.3113406322684318939, 3.000000000000000000, 0.7220227891438155687 ) ) ;
#1341 = EDGE_CURVE ( 'NONE', #734, #472, #7086, .T. ) ;
#1342 =( NAMED_UNIT ( * ) PLANE_ANGLE_UNIT ( ) SI_UNIT ( $, .RADIAN. ) );
#1343 = CARTESIAN_POINT ( 'NONE',  ( -0.3113406322684354466, 2.949999999999999734, -0.1906918335153006128 ) ) ;
#1344 = DIRECTION ( 'NONE',  ( -0.000000000000000000, -1.000000000000000000, 0.000000000000000000 ) ) ;
#1345 = DIRECTION ( 'NONE',  ( -4.376511829034993021E-15, -0.000000000000000000, -1.000000000000000000 ) ) ;
#1346 = CIRCLE ( 'NONE', #4761, 0.3771428571428571130 ) ;
#1347 = EDGE_CURVE ( 'NONE', #4994, #2074, #7166, .T. ) ;
#1348 = ORIENTED_EDGE ( 'NONE', *, *, #6121, .F. ) ;
#1349 = ADVANCED_FACE ( 'NONE', ( #4770 ), #1891, .T. ) ;
#1350 = FACE_OUTER_BOUND ( 'NONE', #5864, .T. ) ;
#1351 = CARTESIAN_POINT ( 'NONE',  ( -0.5369520278213634201, 3.000000000000000000, -1.164692070093668264 ) ) ;
#1352 = ORIENTED_EDGE ( 'NONE', *, *, #3273, .F. ) ;
#1353 = VERTEX_POINT ( 'NONE', #354 ) ;
#1354 =( LENGTH_UNIT ( ) NAMED_UNIT ( * ) SI_UNIT ( .MILLI., .METRE. ) );
#1355 = EDGE_CURVE ( 'NONE', #240, #1409, #1102, .T. ) ;
#1356 = LINE ( 'NONE', #3231, #6163 ) ;
#1357 = FACE_OUTER_BOUND ( 'NONE', #3786, .T. ) ;
#1358 =( NAMED_UNIT ( * ) SI_UNIT ( $, .STERADIAN. ) SOLID_ANGLE_UNIT ( ) );
#1359 = CARTESIAN_POINT ( 'NONE',  ( -3.389285714285714679, 0.000000000000000000, 4.899561246136875034E-16 ) ) ;
#1360 = CARTESIAN_POINT ( 'NONE',  ( -0.3113406322684287852, 3.000000000000000000, -0.9768128291060232948 ) ) ;
#1361 = ORIENTED_EDGE ( 'NONE', *, *, #5501, .T. ) ;
#1362 = EDGE_CURVE ( 'NONE', #5477, #1457, #2251, .T. ) ;
#1363 = SURFACE_STYLE_FILL_AREA ( #3974 ) ;
#1364 = ORIENTED_EDGE ( 'NONE', *, *, #3418, .T. ) ;
#1365 = CARTESIAN_POINT ( 'NONE',  ( -0.3113406322684285077, 2.949999999999999734, 1.733182046139194687 ) ) ;
#1366 = ORIENTED_EDGE ( 'NONE', *, *, #4330, .T. ) ;
#1367 = CARTESIAN_POINT ( 'NONE',  ( -0.5104047370281182827, 3.000000000000000000, 1.258785626153509529 ) ) ;
#1368 = LINE ( 'NONE', #7054, #6055 ) ;
#1369 = FACE_OUTER_BOUND ( 'NONE', #6231, .T. ) ;
#1370 = CARTESIAN_POINT ( 'NONE',  ( -0.3124286010042897077, 3.000000000000000000, 0.8319616928011498436 ) ) ;
#1371 = ORIENTED_EDGE ( 'NONE', *, *, #103, .F. ) ;
#1372 = CARTESIAN_POINT ( 'NONE',  ( -0.5369520278213519848, 3.000000000000000000, 2.140026246433025747 ) ) ;
#1373 = CARTESIAN_POINT ( 'NONE',  ( -1.357751691251412263, 2.950000000000000178, 1.302799868628608859 ) ) ;
#1374 = FACE_OUTER_BOUND ( 'NONE', #5989, .T. ) ;
#1375 = DIRECTION ( 'NONE',  ( 0.000000000000000000, 0.000000000000000000, 1.000000000000000000 ) ) ;
#1376 = EDGE_LOOP ( 'NONE', ( #2157, #5032, #2137, #5092 ) ) ;
#1377 = EDGE_LOOP ( 'NONE', ( #1318, #2222, #7022, #350, #2817, #2954, #2857, #5348, #5384, #2410 ) ) ;
#1378 = DIRECTION ( 'NONE',  ( -2.710505431213760592E-16, 0.000000000000000000, -1.000000000000000000 ) ) ;
#1379 = CARTESIAN_POINT ( 'NONE',  ( -0.5369520278213634201, 2.950000000000000178, -1.164692070093668264 ) ) ;
#1380 = DIRECTION ( 'NONE',  ( 0.9012599435649156776, 0.000000000000000000, 0.4332787949177355213 ) ) ;
#1381 = COLOUR_RGB ( '',1.000000000000000000, 1.000000000000000000, 1.000000000000000000 ) ;
#1382 = SURFACE_SIDE_STYLE ('',( #4137 ) ) ;
#1383 = ORIENTED_EDGE ( 'NONE', *, *, #1362, .F. ) ;
#1384 = VECTOR ( 'NONE', #5142, 1000.000000000000000 ) ;
#1385 = CARTESIAN_POINT ( 'NONE',  ( -3.299999999999999822, 0.2442857142857142450, -2.828571428571428736 ) ) ;
#1386 = DIRECTION ( 'NONE',  ( 4.037799520142767599E-15, -0.000000000000000000, 1.000000000000000000 ) ) ;
#1387 = ORIENTED_EDGE ( 'NONE', *, *, #1146, .T. ) ;
#1388 =( NAMED_UNIT ( * ) PLANE_ANGLE_UNIT ( ) SI_UNIT ( $, .RADIAN. ) );
#1389 = UNCERTAINTY_MEASURE_WITH_UNIT (LENGTH_MEASURE( 1.000000000000000082E-05 ), #966, 'distance_accuracy_value', 'NONE');
#1391 = CARTESIAN_POINT ( 'NONE',  ( -1.357751691251411597, 3.000000000000000000, 2.097613617064586933 ) ) ;
#1390 = AXIS2_PLACEMENT_3D ( 'NONE', #3130, #4117, #4714 ) ;
#1392 = DIRECTION ( 'NONE',  ( -0.9012599435649611967, 0.000000000000000000, -0.4332787949176405418 ) ) ;
#1393 = DIRECTION ( 'NONE',  ( 0.000000000000000000, 1.000000000000000000, 0.000000000000000000 ) ) ;
#1394 = LINE ( 'NONE', #6316, #1659 ) ;
#1395 = ORIENTED_EDGE ( 'NONE', *, *, #19, .T. ) ;
#1396 = EDGE_LOOP ( 'NONE', ( #3662, #1289, #6227, #1644 ) ) ;
#1397 = DIRECTION ( 'NONE',  ( 0.000000000000000000, 0.000000000000000000, 1.000000000000000000 ) ) ;
#1398 = EDGE_CURVE ( 'NONE', #6757, #3866, #2523, .T. ) ;
#1399 = ORIENTED_EDGE ( 'NONE', *, *, #1009, .T. ) ;
#1400 = EDGE_LOOP ( 'NONE', ( #4423, #6592, #339, #7064 ) ) ;
#1401 =( NAMED_UNIT ( * ) PLANE_ANGLE_UNIT ( ) SI_UNIT ( $, .RADIAN. ) );
#1402 = CARTESIAN_POINT ( 'NONE',  ( -1.009256750147797366, 3.000000000000000000, -2.134107173565271687 ) ) ;
#1403 = CIRCLE ( 'NONE', #577, 0.09428571428571430602 ) ;
#1404 = LINE ( 'NONE', #831, #3806 ) ;
#1405 = DIRECTION ( 'NONE',  ( -3.937577556446986284E-15, 0.000000000000000000, -1.000000000000000000 ) ) ;
#1406 = DIRECTION ( 'NONE',  ( 1.828280983288195916E-15, 0.000000000000000000, 1.000000000000000000 ) ) ;
#1407 = FILL_AREA_STYLE ('',( #5239 ) ) ;
#1408 = DIRECTION ( 'NONE',  ( 0.000000000000000000, 0.000000000000000000, 1.000000000000000000 ) ) ;
#1409 = VERTEX_POINT ( 'NONE', #127 ) ;
#1410 = ADVANCED_FACE ( 'NONE', ( #177 ), #2664, .T. ) ;
#1411 = LINE ( 'NONE', #4269, #3878 ) ;
#1412 = VERTEX_POINT ( 'NONE', #6736 ) ;
#1413 = DIRECTION ( 'NONE',  ( -1.000000000000000000, 0.000000000000000000, 1.445602896647339163E-16 ) ) ;
#1414 = AXIS2_PLACEMENT_3D ( 'NONE', #2912, #6742, #4158 ) ;
#1415 = VERTEX_POINT ( 'NONE', #1040 ) ;
#1416 = VERTEX_POINT ( 'NONE', #2215 ) ;
#1417 = EDGE_CURVE ( 'NONE', #3069, #6426, #2584, .T. ) ;
#1418 = DIRECTION ( 'NONE',  ( 0.9012599435649613078, -0.000000000000000000, 0.4332787949176405418 ) ) ;
#1419 =( GEOMETRIC_REPRESENTATION_CONTEXT ( 3 ) GLOBAL_UNCERTAINTY_ASSIGNED_CONTEXT ( ( #6746 ) ) GLOBAL_UNIT_ASSIGNED_CONTEXT ( ( #6939, #751, #3162 ) ) REPRESENTATION_CONTEXT ( 'NONE', 'WORKASPACE' ) );
#1420 = FACE_OUTER_BOUND ( 'NONE', #2740, .T. ) ;
#1421 = DIRECTION ( 'NONE',  ( -0.000000000000000000, 1.000000000000000000, -0.000000000000000000 ) ) ;
#1422 = ORIENTED_EDGE ( 'NONE', *, *, #1131, .T. ) ;
#1423 = EDGE_LOOP ( 'NONE', ( #3523, #3930, #5885, #3723 ) ) ;
#1424 = DIRECTION ( 'NONE',  ( 0.000000000000000000, 1.000000000000000000, 0.000000000000000000 ) ) ;
#1425 = DIRECTION ( 'NONE',  ( 3.590423107612694605E-15, 0.000000000000000000, 1.000000000000000000 ) ) ;
#1426 = VERTEX_POINT ( 'NONE', #3892 ) ;
#1427 = CARTESIAN_POINT ( 'NONE',  ( -0.3255707312758720495, 3.000000000000000000, 1.533180298713288980 ) ) ;
#1428 = ORIENTED_EDGE ( 'NONE', *, *, #1554, .T. ) ;
#1429 = ORIENTED_EDGE ( 'NONE', *, *, #6829, .F. ) ;
#1430 = ORIENTED_EDGE ( 'NONE', *, *, #1186, .F. ) ;
#1431 = CARTESIAN_POINT ( 'NONE',  ( -1.331954931137285136, 3.000000000000000000, -0.07222387634686339153 ) ) ;
#1432 = DIRECTION ( 'NONE',  ( -3.860939618154558568E-15, 0.000000000000000000, -1.000000000000000000 ) ) ;
#1433 = EDGE_CURVE ( 'NONE', #3296, #4041, #5002, .T. ) ;
#1434 = DIRECTION ( 'NONE',  ( -0.000000000000000000, 1.000000000000000000, -0.000000000000000000 ) ) ;
#1435 = VECTOR ( 'NONE', #532, 1000.000000000000000 ) ;
#1436 = LINE ( 'NONE', #3634, #3710 ) ;
#1437 = DIRECTION ( 'NONE',  ( -0.000000000000000000, -1.000000000000000000, -0.000000000000000000 ) ) ;
#1438 = VERTEX_POINT ( 'NONE', #2106 ) ;
#1439 = EDGE_CURVE ( 'NONE', #6426, #925, #2679, .T. ) ;
#1440 = ORIENTED_EDGE ( 'NONE', *, *, #1993, .F. ) ;
#1441 =( NAMED_UNIT ( * ) PLANE_ANGLE_UNIT ( ) SI_UNIT ( $, .RADIAN. ) );
#1442 = VECTOR ( 'NONE', #3462, 1000.000000000000000 ) ;
#1443 = ORIENTED_EDGE ( 'NONE', *, *, #678, .F. ) ;
#1444 = ORIENTED_EDGE ( 'NONE', *, *, #3973, .T. ) ;
#1445 = ORIENTED_EDGE ( 'NONE', *, *, #3608, .F. ) ;
#1446 =( LENGTH_UNIT ( ) NAMED_UNIT ( * ) SI_UNIT ( .MILLI., .METRE. ) );
#1447 = EDGE_CURVE ( 'NONE', #3227, #4000, #5242, .T. ) ;
#1448 = CARTESIAN_POINT ( 'NONE',  ( -1.357751691251414483, 2.950000000000000178, 0.6007890726471740717 ) ) ;
#1449 =( BOUNDED_CURVE ( )  B_SPLINE_CURVE ( 3, ( #5963, #2708, #3811, #6002 ),
 .UNSPECIFIED., .F., .F. ) 
 B_SPLINE_CURVE_WITH_KNOTS ( ( 4, 4 ),
 ( 0.000000000000000000, 3.141592653589793116 ),
 .UNSPECIFIED. ) 
 CURVE ( )  GEOMETRIC_REPRESENTATION_ITEM ( )  RATIONAL_B_SPLINE_CURVE ( ( 1.000000000000000000, 0.3333333333333333703, 0.3333333333333333703, 1.000000000000000000 ) ) 
 REPRESENTATION_ITEM ( '' )  );
#1451 = CARTESIAN_POINT ( 'NONE',  ( -2.592857142857142971, 2.900000000000000355, 2.828571428571429180 ) ) ;
#1450 = PRODUCT ( 'CSAB0730-220M', 'CSAB0730-220M', '', ( #485 ) ) ;
#1452 = FILL_AREA_STYLE ('',( #3616 ) ) ;
#1453 = DIRECTION ( 'NONE',  ( -0.000000000000000000, 1.000000000000000000, -0.000000000000000000 ) ) ;
#1454 = LINE ( 'NONE', #5583, #6355 ) ;
#1455 = VERTEX_POINT ( 'NONE', #6115 ) ;
#1456 = LINE ( 'NONE', #4444, #1499 ) ;
#1457 = VERTEX_POINT ( 'NONE', #3727 ) ;
#1458 = DIRECTION ( 'NONE',  ( -0.000000000000000000, -1.000000000000000000, -0.000000000000000000 ) ) ;
#1459 = ORIENTED_EDGE ( 'NONE', *, *, #6949, .F. ) ;
#1460 = B_SPLINE_CURVE_WITH_KNOTS ( 'NONE', 3,
 ( #5730, #2505, #770, #637, #1880, #5777 ),
 .UNSPECIFIED., .F., .F.,
 ( 4, 1, 1, 4 ),
 ( 0.000000000000000000, 0.4712518714902709793, 0.5712518714902710126, 1.000000000000000000 ),
 .UNSPECIFIED. ) ;
#1461 = VERTEX_POINT ( 'NONE', #29 ) ;
#1462 = EDGE_CURVE ( 'NONE', #1256, #761, #4109, .T. ) ;
#1463 = FACE_OUTER_BOUND ( 'NONE', #2402, .T. ) ;
#1464 = PLANE ( 'NONE',  #4684 ) ;
#1465 = CARTESIAN_POINT ( 'NONE',  ( -0.8418326795865038736, 3.000000000000000000, 2.157877459663286590 ) ) ;
#1466 = DIRECTION ( 'NONE',  ( 0.000000000000000000, 0.000000000000000000, -1.000000000000000000 ) ) ;
#1467 = CARTESIAN_POINT ( 'NONE',  ( -1.357751691251411597, 2.949999999999999734, 1.623199812011252963 ) ) ;
#1468 = ORIENTED_EDGE ( 'NONE', *, *, #1251, .T. ) ;
#1469 = ORIENTED_EDGE ( 'NONE', *, *, #6229, .F. ) ;
#1470 = VECTOR ( 'NONE', #6288, 1000.000000000000000 ) ;
#1471 = VERTEX_POINT ( 'NONE', #580 ) ;
#1472 = DIRECTION ( 'NONE',  ( 1.000000000000000000, 0.000000000000000000, -3.781810621731025588E-15 ) ) ;
#1473 = ORIENTED_EDGE ( 'NONE', *, *, #2604, .T. ) ;
#1474 = CARTESIAN_POINT ( 'NONE',  ( -1.274968362457743476, 2.949999999999999734, -2.188491846882453906 ) ) ;
#1475 = ORIENTED_EDGE ( 'NONE', *, *, #3338, .T. ) ;
#1476 = VECTOR ( 'NONE', #1162, 1000.000000000000000 ) ;
#1477 = VECTOR ( 'NONE', #4495, 1000.000000000000000 ) ;
#1478 = AXIS2_PLACEMENT_3D ( 'NONE', #3648, #5901, #430 ) ;
#1479 = ORIENTED_EDGE ( 'NONE', *, *, #2273, .F. ) ;
#1480 = ADVANCED_FACE ( 'NONE', ( #120 ), #1125, .F. ) ;
#1481 = ORIENTED_EDGE ( 'NONE', *, *, #5712, .T. ) ;
#1482 = CARTESIAN_POINT ( 'NONE',  ( 2.024999999999999911, 0.5999999999999999778, 2.927345865710861479E-16 ) ) ;
#1483 = CARTESIAN_POINT ( 'NONE',  ( -2.828571428571428736, 0.2442857142857142450, -3.299999999999999822 ) ) ;
#1484 = SURFACE_STYLE_FILL_AREA ( #1336 ) ;
#1485 = VERTEX_POINT ( 'NONE', #5636 ) ;
#1486 = CARTESIAN_POINT ( 'NONE',  ( -3.299999999999999378, 0.2442857142857142450, -1.800000000000000488 ) ) ;
#1487 = ORIENTED_EDGE ( 'NONE', *, *, #212, .T. ) ;
#1488 = CARTESIAN_POINT ( 'NONE',  ( -1.357751691251414483, 2.949999999999999734, 0.6007890726471740717 ) ) ;
#1489 = CARTESIAN_POINT ( 'NONE',  ( -1.357751691251411597, 3.000000000000000000, 0.06376282006731877339 ) ) ;
#1490 = CARTESIAN_POINT ( 'NONE',  ( -1.310836623396747891, 3.000000000000000000, -2.113882548645744208 ) ) ;
#1491 = MECHANICAL_DESIGN_GEOMETRIC_PRESENTATION_REPRESENTATION (  '', ( #7066 ), #1209 ) ;
#1492 = VECTOR ( 'NONE', #4135, 1000.000000000000000 ) ;
#1493 = DIRECTION ( 'NONE',  ( 0.000000000000000000, 1.000000000000000000, -0.000000000000000000 ) ) ;
#1494 = STYLED_ITEM ( 'NONE', ( #2156 ), #6054 ) ;
#1495 = AXIS2_PLACEMENT_3D ( 'NONE', #6167, #5677, #6277 ) ;
#1496 = ORIENTED_EDGE ( 'NONE', *, *, #5059, .T. ) ;
#1497 =( NAMED_UNIT ( * ) SI_UNIT ( $, .STERADIAN. ) SOLID_ANGLE_UNIT ( ) );
#1498 = UNCERTAINTY_MEASURE_WITH_UNIT (LENGTH_MEASURE( 1.000000000000000082E-05 ), #1753, 'distance_accuracy_value', 'NONE');
#1499 = VECTOR ( 'NONE', #676, 1000.000000000000000 ) ;
#1500 =( GEOMETRIC_REPRESENTATION_CONTEXT ( 3 ) GLOBAL_UNCERTAINTY_ASSIGNED_CONTEXT ( ( #293 ) ) GLOBAL_UNIT_ASSIGNED_CONTEXT ( ( #5745, #5556, #6611 ) ) REPRESENTATION_CONTEXT ( 'NONE', 'WORKASPACE' ) );
#1501 = VERTEX_POINT ( 'NONE', #3407 ) ;
#1502 = ORIENTED_EDGE ( 'NONE', *, *, #854, .F. ) ;
#1503 = ORIENTED_EDGE ( 'NONE', *, *, #6845, .T. ) ;
#1504 = FILL_AREA_STYLE_COLOUR ( '', #465 ) ;
#1505 = VERTEX_POINT ( 'NONE', #6991 ) ;
#1506 = CARTESIAN_POINT ( 'NONE',  ( -0.5104047370281182827, 3.000000000000000000, 1.258785626153509529 ) ) ;
#1507 = SURFACE_STYLE_USAGE ( .BOTH. , #5315 ) ;
#1508 = DIRECTION ( 'NONE',  ( -1.000000000000000000, 0.000000000000000000, 1.445602896647339163E-16 ) ) ;
#1509 = CARTESIAN_POINT ( 'NONE',  ( -0.3113406322684318939, 2.949999999999999734, 0.7220227891438155687 ) ) ;
#1510 = CARTESIAN_POINT ( 'NONE',  ( -0.5369520278213515407, 3.000000000000000000, 2.197670442323716777 ) ) ;
#1511 = FACE_OUTER_BOUND ( 'NONE', #5537, .T. ) ;
#1512 = EDGE_CURVE ( 'NONE', #6518, #4040, #5149, .T. ) ;
#1513 = CLOSED_SHELL ( 'NONE', ( #6608, #2556, #4270, #1050, #1480, #3697, #3819, #3233, #306, #5839 ) ) ;
#1514 = VECTOR ( 'NONE', #3325, 1000.000000000000000 ) ;
#1515 = ORIENTED_EDGE ( 'NONE', *, *, #765, .T. ) ;
#1516 = PRESENTATION_LAYER_ASSIGNMENT (  '', '', ( #4498 ) ) ;
#1517 = DIRECTION ( 'NONE',  ( 0.000000000000000000, 0.000000000000000000, -1.000000000000000000 ) ) ;
#1518 = ADVANCED_FACE ( 'NONE', ( #4912 ), #2442, .F. ) ;
#1519 = B_SPLINE_CURVE_WITH_KNOTS ( 'NONE', 3,
 ( #4192, #929, #4783, #6873, #1899 ),
 .UNSPECIFIED., .F., .F.,
 ( 4, 1, 4 ),
 ( 0.000000000000000000, 0.4877098465503992841, 1.000000000000000000 ),
 .UNSPECIFIED. ) ;
#1520 = VERTEX_POINT ( 'NONE', #1372 ) ;
#1521 = CARTESIAN_POINT ( 'NONE',  ( -1.274968362457743476, 2.949999999999999734, -2.188491846882453906 ) ) ;
#1522 = AXIS2_PLACEMENT_3D ( 'NONE', #5562, #1737, #6069 ) ;
#1523 = FACE_OUTER_BOUND ( 'NONE', #1315, .T. ) ;
#1524 = CARTESIAN_POINT ( 'NONE',  ( -1.357751691251411597, 3.000000000000000000, 1.623199812011252963 ) ) ;
#1525 = PLANE ( 'NONE',  #5285 ) ;
#1526 = EDGE_CURVE ( 'NONE', #852, #1180, #224, .T. ) ;
#1527 = DIRECTION ( 'NONE',  ( 0.000000000000000000, 0.000000000000000000, -1.000000000000000000 ) ) ;
#1528 = ORIENTED_EDGE ( 'NONE', *, *, #82, .F. ) ;
#1529 = VECTOR ( 'NONE', #618, 1000.000000000000000 ) ;
#1530 = ORIENTED_EDGE ( 'NONE', *, *, #2397, .F. ) ;
#1531 = CARTESIAN_POINT ( 'NONE',  ( 3.299999999999999378, 0.2500000000000000000, -1.800000000000000488 ) ) ;
#1532 = ORIENTED_EDGE ( 'NONE', *, *, #1242, .T. ) ;
#1533 = ORIENTED_EDGE ( 'NONE', *, *, #5125, .F. ) ;
#1534 =( NAMED_UNIT ( * ) SI_UNIT ( $, .STERADIAN. ) SOLID_ANGLE_UNIT ( ) );
#1535 = ORIENTED_EDGE ( 'NONE', *, *, #12, .T. ) ;
#1536 = AXIS2_PLACEMENT_3D ( 'NONE', #1126, #2348, #1812 ) ;
#1537 = EDGE_CURVE ( 'NONE', #2395, #2017, #2625, .T. ) ;
#1538 = ADVANCED_FACE ( 'NONE', ( #253 ), #4692, .F. ) ;
#1539 = LINE ( 'NONE', #3147, #3792 ) ;
#1540 = DIRECTION ( 'NONE',  ( -1.000000000000000000, 0.000000000000000000, -1.445602896647338177E-16 ) ) ;
#1541 = CARTESIAN_POINT ( 'NONE',  ( -1.357751691251411374, 3.000000000000000000, 2.197051454351221622 ) ) ;
#1542 = ORIENTED_EDGE ( 'NONE', *, *, #5649, .F. ) ;
#1543 = SURFACE_STYLE_USAGE ( .BOTH. , #6428 ) ;
#1544 = VECTOR ( 'NONE', #6211, 1000.000000000000000 ) ;
#1545 = ORIENTED_EDGE ( 'NONE', *, *, #4618, .F. ) ;
#1546 = CARTESIAN_POINT ( 'NONE',  ( -1.357751691251411597, 1.610876343277178879, 1.623199812011252963 ) ) ;
#1547 = EDGE_LOOP ( 'NONE', ( #2595, #2258, #3927, #2674, #2529, #2493, #7134, #6388 ) ) ;
#1548 = ORIENTED_EDGE ( 'NONE', *, *, #5468, .F. ) ;
#1549 = ORIENTED_EDGE ( 'NONE', *, *, #3608, .T. ) ;
#1550 = CARTESIAN_POINT ( 'NONE',  ( -2.592857142857142971, 2.900000000000000355, 2.357142857142857650 ) ) ;
#1551 = FILL_AREA_STYLE ('',( #4795 ) ) ;
#1552 = CARTESIAN_POINT ( 'NONE',  ( -3.300000000000000711, 1.574999999999999734, -1.499999999999999778 ) ) ;
#1553 = SURFACE_STYLE_USAGE ( .BOTH. , #5433 ) ;
#1554 = EDGE_CURVE ( 'NONE', #6604, #1152, #5077, .T. ) ;
#1555 = DIRECTION ( 'NONE',  ( -0.9945218953682746221, 0.000000000000000000, -0.1045284632676403147 ) ) ;
#1556 = ORIENTED_EDGE ( 'NONE', *, *, #1526, .F. ) ;
#1557 = ADVANCED_FACE ( 'NONE', ( #5281 ), #4543, .F. ) ;
#1558 = EDGE_CURVE ( 'NONE', #2085, #6184, #5227, .T. ) ;
#1559 = VERTEX_POINT ( 'NONE', #5250 ) ;
#1560 = ORIENTED_EDGE ( 'NONE', *, *, #936, .F. ) ;
#1561 = CARTESIAN_POINT ( 'NONE',  ( -0.5369520278213633091, 2.950000000000000178, -1.164692070093668264 ) ) ;
#1562 = ORIENTED_EDGE ( 'NONE', *, *, #108, .T. ) ;
#1563 = CARTESIAN_POINT ( 'NONE',  ( -1.357751691251412263, 3.000000000000000000, 1.302799868628608859 ) ) ;
#1564 = DIRECTION ( 'NONE',  ( 7.067300691551202826E-15, 0.000000000000000000, 1.000000000000000000 ) ) ;
#1565 = CARTESIAN_POINT ( 'NONE',  ( -0.5369520278213655295, 3.000000000000000000, -1.595248983584309110 ) ) ;
#1566 = DIRECTION ( 'NONE',  ( -0.000000000000000000, 1.000000000000000000, -0.000000000000000000 ) ) ;
#1567 = SURFACE_STYLE_USAGE ( .BOTH. , #4223 ) ;
#1568 = LINE ( 'NONE', #23, #1529 ) ;
#1569 = EDGE_LOOP ( 'NONE', ( #7045, #6999, #3500, #1651 ) ) ;
#1570 = EDGE_CURVE ( 'NONE', #6094, #6642, #652, .T. ) ;
#1571 = ORIENTED_EDGE ( 'NONE', *, *, #6302, .T. ) ;
#1572 = EDGE_LOOP ( 'NONE', ( #3583, #4548, #517, #828 ) ) ;
#1573 = ORIENTED_EDGE ( 'NONE', *, *, #5970, .T. ) ;
#1574 = CARTESIAN_POINT ( 'NONE',  ( 2.828571428571428736, 2.905714285714285694, -3.299999999999999822 ) ) ;
#1575 = DIRECTION ( 'NONE',  ( 0.000000000000000000, -1.000000000000000000, 0.000000000000000000 ) ) ;
#1576 = FILL_AREA_STYLE_COLOUR ( '', #150 ) ;
#1577 = DIRECTION ( 'NONE',  ( 0.000000000000000000, 1.000000000000000000, 0.000000000000000000 ) ) ;
#1578 = DIRECTION ( 'NONE',  ( -0.000000000000000000, 1.000000000000000000, -0.000000000000000000 ) ) ;
#1579 = VERTEX_POINT ( 'NONE', #753 ) ;
#1580 = FACE_OUTER_BOUND ( 'NONE', #4038, .T. ) ;
#1581 = EDGE_LOOP ( 'NONE', ( #3555, #248, #4930, #1428 ) ) ;
#1582 = ADVANCED_FACE ( 'NONE', ( #515 ), #4100, .T. ) ;
#1583 = ORIENTED_EDGE ( 'NONE', *, *, #5294, .F. ) ;
#1584 = VERTEX_POINT ( 'NONE', #1811 ) ;
#1585 =( NAMED_UNIT ( * ) PLANE_ANGLE_UNIT ( ) SI_UNIT ( $, .RADIAN. ) );
#1586 = ORIENTED_EDGE ( 'NONE', *, *, #6993, .F. ) ;
#1587 = PRODUCT_DEFINITION ( 'UNKNOWN', '', #6452, #1680 ) ;
#1588 =( GEOMETRIC_REPRESENTATION_CONTEXT ( 3 ) GLOBAL_UNCERTAINTY_ASSIGNED_CONTEXT ( ( #7120 ) ) GLOBAL_UNIT_ASSIGNED_CONTEXT ( ( #6311, #2934, #5147 ) ) REPRESENTATION_CONTEXT ( 'NONE', 'WORKASPACE' ) );
#1589 = AXIS2_PLACEMENT_3D ( 'NONE', #3151, #458, #5025 ) ;
#1590 = CARTESIAN_POINT ( 'NONE',  ( -1.357751691251411597, 2.949999999999999734, 1.623199812011252963 ) ) ;
#1591 = PLANE ( 'NONE',  #3965 ) ;
#1592 = ORIENTED_EDGE ( 'NONE', *, *, #1896, .T. ) ;
#1593 = CARTESIAN_POINT ( 'NONE',  ( -0.3113406322684403871, 2.950000000000000178, -1.633376983460833376 ) ) ;
#1594 =( GEOMETRIC_REPRESENTATION_CONTEXT ( 3 ) GLOBAL_UNCERTAINTY_ASSIGNED_CONTEXT ( ( #3692 ) ) GLOBAL_UNIT_ASSIGNED_CONTEXT ( ( #4800, #6493, #433 ) ) REPRESENTATION_CONTEXT ( 'NONE', 'WORKASPACE' ) );
#1595 = ORIENTED_EDGE ( 'NONE', *, *, #4639, .F. ) ;
#1596 = EDGE_LOOP ( 'NONE', ( #6644, #4251, #6404, #4022 ) ) ;
#1597 = CARTESIAN_POINT ( 'NONE',  ( -0.3113406322684432181, 1.610876343277178879, -2.468778337735649142 ) ) ;
#1598 =( NAMED_UNIT ( * ) PLANE_ANGLE_UNIT ( ) SI_UNIT ( $, .RADIAN. ) );
#1599 = PRESENTATION_LAYER_ASSIGNMENT (  '', '', ( #1494 ) ) ;
#1600 =( GEOMETRIC_REPRESENTATION_CONTEXT ( 3 ) GLOBAL_UNCERTAINTY_ASSIGNED_CONTEXT ( ( #7031 ) ) GLOBAL_UNIT_ASSIGNED_CONTEXT ( ( #4049, #5199, #2436 ) ) REPRESENTATION_CONTEXT ( 'NONE', 'WORKASPACE' ) );
#1601 = UNCERTAINTY_MEASURE_WITH_UNIT (LENGTH_MEASURE( 1.000000000000000082E-05 ), #2121, 'distance_accuracy_value', 'NONE');
#1602 = ADVANCED_FACE ( 'NONE', ( #2804 ), #937, .T. ) ;
#1603 = LINE ( 'NONE', #5497, #4004 ) ;
#1604 = DIRECTION ( 'NONE',  ( 0.000000000000000000, -1.000000000000000000, 0.000000000000000000 ) ) ;
#1605 = CARTESIAN_POINT ( 'NONE',  ( 0.000000000000000000, 0.5999999999999999778, -1.499999999999999778 ) ) ;
#1606 = LINE ( 'NONE', #1574, #3952 ) ;
#1607 = EDGE_LOOP ( 'NONE', ( #5854, #1238 ) ) ;
#1608 = ORIENTED_EDGE ( 'NONE', *, *, #936, .T. ) ;
#1609 = DIRECTION ( 'NONE',  ( 3.590423107612694605E-15, 0.000000000000000000, 1.000000000000000000 ) ) ;
#1610 = ORIENTED_EDGE ( 'NONE', *, *, #1007, .T. ) ;
#1611 = EDGE_CURVE ( 'NONE', #6414, #4724, #5339, .T. ) ;
#1612 = CARTESIAN_POINT ( 'NONE',  ( -3.205714285714285516, 3.000000000000000000, -2.828571428571428736 ) ) ;
#1613 = CARTESIAN_POINT ( 'NONE',  ( -0.3113406322684403871, 2.949999999999999734, -1.633376983460833376 ) ) ;
#1614 = CARTESIAN_POINT ( 'NONE',  ( -3.300000000000000266, 1.433571428571428275, -0.2357142857142852099 ) ) ;
#1615 = DIRECTION ( 'NONE',  ( -1.000000000000000000, 0.000000000000000000, 0.000000000000000000 ) ) ;
#1616 = CARTESIAN_POINT ( 'NONE',  ( -1.000067001066248240, 2.950000000000000178, -2.191616090121249805 ) ) ;
#1617 = CARTESIAN_POINT ( 'NONE',  ( 3.300000000000000266, 1.433571428571428275, -0.2357142857142852099 ) ) ;
#1618 = AXIS2_PLACEMENT_3D ( 'NONE', #6629, #434, #1609 ) ;
#1619 = B_SPLINE_CURVE_WITH_KNOTS ( 'NONE', 3,
 ( #4081, #6717, #6253, #203, #6672 ),
 .UNSPECIFIED., .F., .F.,
 ( 4, 1, 4 ),
 ( 0.000000000000000000, 0.4877098465503992841, 1.000000000000000000 ),
 .UNSPECIFIED. ) ;
#1620 = FACE_OUTER_BOUND ( 'NONE', #1376, .T. ) ;
#1621 = VERTEX_POINT ( 'NONE', #3164 ) ;
#1622 = ORIENTED_EDGE ( 'NONE', *, *, #2273, .T. ) ;
#1623 = VERTEX_POINT ( 'NONE', #423 ) ;
#1624 = EDGE_CURVE ( 'NONE', #1584, #945, #3038, .T. ) ;
#1625 = CARTESIAN_POINT ( 'NONE',  ( -0.3255707312758720495, 2.950000000000000178, 1.533180298713288980 ) ) ;
#1626 = DIRECTION ( 'NONE',  ( 0.000000000000000000, 1.000000000000000000, -0.000000000000000000 ) ) ;
#1627 = CARTESIAN_POINT ( 'NONE',  ( 2.828571428571428736, 0.1499999999999999944, -2.828571428571428736 ) ) ;
#1628 = MECHANICAL_DESIGN_GEOMETRIC_PRESENTATION_REPRESENTATION (  '', ( #2603 ), #5862 ) ;
#1629 = DIRECTION ( 'NONE',  ( 3.623890796147360773E-15, -0.000000000000000000, 1.000000000000000000 ) ) ;
#1630 = DIRECTION ( 'NONE',  ( -0.000000000000000000, 1.000000000000000000, -0.000000000000000000 ) ) ;
#1631 = EDGE_CURVE ( 'NONE', #4635, #3906, #447, .T. ) ;
#1632 = DIRECTION ( 'NONE',  ( -0.9945218953682714025, 0.000000000000000000, -0.1045284632676718312 ) ) ;
#1633 = LINE ( 'NONE', #2669, #1686 ) ;
#1634 = EDGE_LOOP ( 'NONE', ( #4395, #5214, #4478, #109 ) ) ;
#1635 = DIRECTION ( 'NONE',  ( -3.781810621731025588E-15, 0.000000000000000000, -1.000000000000000000 ) ) ;
#1636 = ORIENTED_EDGE ( 'NONE', *, *, #2428, .T. ) ;
#1637 = VERTEX_POINT ( 'NONE', #377 ) ;
#1638 =( NAMED_UNIT ( * ) SI_UNIT ( $, .STERADIAN. ) SOLID_ANGLE_UNIT ( ) );
#1639 = VERTEX_POINT ( 'NONE', #889 ) ;
#1640 = EDGE_CURVE ( 'NONE', #5988, #3945, #3065, .T. ) ;
#1641 = EDGE_CURVE ( 'NONE', #3591, #1149, #2815, .T. ) ;
#1642 = VECTOR ( 'NONE', #1630, 1000.000000000000000 ) ;
#1643 = LINE ( 'NONE', #507, #4050 ) ;
#1644 = ORIENTED_EDGE ( 'NONE', *, *, #1725, .T. ) ;
#1645 = CARTESIAN_POINT ( 'NONE',  ( -3.624999999999999556, 1.575000000000000178, 1.500000000000000666 ) ) ;
#1646 = FACE_OUTER_BOUND ( 'NONE', #4709, .T. ) ;
#1647 = VERTEX_POINT ( 'NONE', #7035 ) ;
#1648 = EDGE_CURVE ( 'NONE', #1274, #3193, #5464, .T. ) ;
#1649 = DIRECTION ( 'NONE',  ( -4.376511829034993021E-15, 0.000000000000000000, -1.000000000000000000 ) ) ;
#1650 = ADVANCED_FACE ( 'NONE', ( #5176 ), #5437, .T. ) ;
#1651 = ORIENTED_EDGE ( 'NONE', *, *, #5241, .T. ) ;
#1652 = ORIENTED_EDGE ( 'NONE', *, *, #3250, .F. ) ;
#1653 = ORIENTED_EDGE ( 'NONE', *, *, #6041, .T. ) ;
#1654 = DIRECTION ( 'NONE',  ( -0.000000000000000000, 1.000000000000000000, -0.000000000000000000 ) ) ;
#1655 = CARTESIAN_POINT ( 'NONE',  ( -3.299999999999999822, 0.2500000000000000000, 1.799999999999999600 ) ) ;
#1656 = DIRECTION ( 'NONE',  ( -0.000000000000000000, -1.000000000000000000, 0.000000000000000000 ) ) ;
#1657 = DIRECTION ( 'NONE',  ( 1.000000000000000000, 0.000000000000000000, 0.000000000000000000 ) ) ;
#1658 = EDGE_CURVE ( 'NONE', #216, #983, #536, .T. ) ;
#1659 = VECTOR ( 'NONE', #5375, 1000.000000000000000 ) ;
#1660 = CARTESIAN_POINT ( 'NONE',  ( -0.5347888298061447276, 3.000000000000000000, 0.1384375128069279537 ) ) ;
#1661 = SURFACE_STYLE_FILL_AREA ( #6567 ) ;
#1662 = LINE ( 'NONE', #3337, #4037 ) ;
#1663 = VERTEX_POINT ( 'NONE', #4808 ) ;
#1664 = EDGE_LOOP ( 'NONE', ( #3912, #6137, #5935, #3538 ) ) ;
#1665 = CARTESIAN_POINT ( 'NONE',  ( -3.389285714285714235, 0.000000000000000000, 1.500000000000000444 ) ) ;
#1666 = ORIENTED_EDGE ( 'NONE', *, *, #4678, .F. ) ;
#1667 = PLANE ( 'NONE',  #3236 ) ;
#1668 = CARTESIAN_POINT ( 'NONE',  ( -0.3113406322684293404, 2.949999999999999734, 1.462103842300823686 ) ) ;
#1669 = DIRECTION ( 'NONE',  ( -1.924472235945947451E-15, -0.000000000000000000, -1.000000000000000000 ) ) ;
#1670 = CARTESIAN_POINT ( 'NONE',  ( -1.357751691251422699, 2.949999999999999734, -1.681518504515441492 ) ) ;
#1671 = SURFACE_STYLE_USAGE ( .BOTH. , #2253 ) ;
#1672 = ADVANCED_FACE ( 'NONE', ( #406 ), #6499, .T. ) ;
#1673 = SURFACE_SIDE_STYLE ('',( #3370 ) ) ;
#1674 = LINE ( 'NONE', #1088, #1477 ) ;
#1675 = ORIENTED_EDGE ( 'NONE', *, *, #6397, .F. ) ;
#1676 = ORIENTED_EDGE ( 'NONE', *, *, #346, .T. ) ;
#1677 = DIRECTION ( 'NONE',  ( -0.000000000000000000, 1.000000000000000000, -0.000000000000000000 ) ) ;
#1678 = ORIENTED_EDGE ( 'NONE', *, *, #589, .T. ) ;
#1679 = VERTEX_POINT ( 'NONE', #7008 ) ;
#1680 = PRODUCT_DEFINITION_CONTEXT ( 'detailed design', #1926, 'design' ) ;
#1681 = LINE ( 'NONE', #3416, #6544 ) ;
#1682 = CARTESIAN_POINT ( 'NONE',  ( -1.357751691251411597, 2.950000000000000178, 1.302799868628608859 ) ) ;
#1683 =( LENGTH_UNIT ( ) NAMED_UNIT ( * ) SI_UNIT ( .MILLI., .METRE. ) );
#1684 = DIRECTION ( 'NONE',  ( 0.9012599435649164548, 0.000000000000000000, 0.4332787949177337450 ) ) ;
#1685 = AXIS2_PLACEMENT_3D ( 'NONE', #2909, #3411, #4105 ) ;
#1686 = VECTOR ( 'NONE', #997, 1000.000000000000000 ) ;
#1687 = MECHANICAL_DESIGN_GEOMETRIC_PRESENTATION_REPRESENTATION (  '', ( #903 ), #4024 ) ;
#1688 = VERTEX_POINT ( 'NONE', #4320 ) ;
#1689 = ORIENTED_EDGE ( 'NONE', *, *, #5322, .F. ) ;
#1690 = LINE ( 'NONE', #7104, #6571 ) ;
#1691 = EDGE_CURVE ( 'NONE', #5960, #1290, #2838, .T. ) ;
#1692 = CARTESIAN_POINT ( 'NONE',  ( -0.6173770034315396726, 2.950000000000001066, 1.758201658812008406 ) ) ;
#1693 = CARTESIAN_POINT ( 'NONE',  ( -0.3113406322684285077, 1.610876343277178879, 1.733182046139194687 ) ) ;
#1694 = MECHANICAL_DESIGN_GEOMETRIC_PRESENTATION_REPRESENTATION (  '', ( #3385 ), #2571 ) ;
#1695 = LINE ( 'NONE', #5424, #4326 ) ;
#1696 =( GEOMETRIC_REPRESENTATION_CONTEXT ( 3 ) GLOBAL_UNCERTAINTY_ASSIGNED_CONTEXT ( ( #3610 ) ) GLOBAL_UNIT_ASSIGNED_CONTEXT ( ( #3998, #3449, #5201 ) ) REPRESENTATION_CONTEXT ( 'NONE', 'WORKASPACE' ) );
#1697 = DIRECTION ( 'NONE',  ( -3.910734236825684826E-15, 0.000000000000000000, -1.000000000000000000 ) ) ;
#1698 = ORIENTED_EDGE ( 'NONE', *, *, #5802, .F. ) ;
#1699 = ORIENTED_EDGE ( 'NONE', *, *, #4933, .F. ) ;
#1700 = LINE ( 'NONE', #6625, #6616 ) ;
#1701 = DIRECTION ( 'NONE',  ( 1.000000000000000000, 0.000000000000000000, 1.445602896647339163E-16 ) ) ;
#1702 = DIRECTION ( 'NONE',  ( 0.000000000000000000, 0.000000000000000000, -1.000000000000000000 ) ) ;
#1703 = PRESENTATION_LAYER_ASSIGNMENT (  '', '', ( #2409 ) ) ;
#1704 = CARTESIAN_POINT ( 'NONE',  ( -0.5369520278213593123, 2.999999999999999556, 0.1894440865371726790 ) ) ;
#1705 = EDGE_CURVE ( 'NONE', #3312, #614, #435, .T. ) ;
#1706 = ORIENTED_EDGE ( 'NONE', *, *, #1075, .F. ) ;
#1707 = DIRECTION ( 'NONE',  ( -0.9945218953682744001, -0.000000000000000000, -0.1045284632676440895 ) ) ;
#1708 = VECTOR ( 'NONE', #3640, 1000.000000000000000 ) ;
#1709 = VERTEX_POINT ( 'NONE', #860 ) ;
#1710 = ADVANCED_FACE ( 'NONE', ( #428 ), #2656, .T. ) ;
#1711 = ORIENTED_EDGE ( 'NONE', *, *, #5833, .T. ) ;
#1712 = DIRECTION ( 'NONE',  ( -0.9799725457018645391, 0.000000000000000000, 0.1991326434078726781 ) ) ;
#1713 = EDGE_LOOP ( 'NONE', ( #4160, #10, #1556, #1444 ) ) ;
#1714 = PRESENTATION_STYLE_ASSIGNMENT (( #1184 ) ) ;
#1715 = AXIS2_PLACEMENT_3D ( 'NONE', #2138, #2703, #1712 ) ;
#1716 = CARTESIAN_POINT ( 'NONE',  ( 2.024999999999999911, 0.5999999999999999778, -1.499999999999999778 ) ) ;
#1717 = CARTESIAN_POINT ( 'NONE',  ( -1.355548194750002322, 2.949999999999999734, 1.402156078069614509 ) ) ;
#1718 = CARTESIAN_POINT ( 'NONE',  ( -1.044367525175621259, 2.949999999999999734, 0.6220847029044119791 ) ) ;
#1719 = FILL_AREA_STYLE ('',( #6681 ) ) ;
#1720 = ORIENTED_EDGE ( 'NONE', *, *, #2700, .T. ) ;
#1721 = EDGE_CURVE ( 'NONE', #1006, #5340, #5329, .T. ) ;
#1722 = CYLINDRICAL_SURFACE ( 'NONE', #5840, 0.2357142857142857095 ) ;
#1723 = CARTESIAN_POINT ( 'NONE',  ( 3.205714285714285516, 0.2442857142857142450, 1.800000000000001155 ) ) ;
#1724 = STYLED_ITEM ( 'NONE', ( #3074 ), #3590 ) ;
#1725 = EDGE_CURVE ( 'NONE', #1637, #6255, #462, .T. ) ;
#1726 = ADVANCED_FACE ( 'NONE', ( #5236 ), #7105, .F. ) ;
#1727 = CARTESIAN_POINT ( 'NONE',  ( -0.5369520278213577580, 1.610876343277178879, 0.5545010321583131452 ) ) ;
#1728 = FILL_AREA_STYLE ('',( #1276 ) ) ;
#1729 = DIRECTION ( 'NONE',  ( -0.4332787949177337450, 0.000000000000000000, 0.9012599435649164548 ) ) ;
#1730 = ORIENTED_EDGE ( 'NONE', *, *, #2088, .T. ) ;
#1731 = VECTOR ( 'NONE', #548, 1000.000000000000000 ) ;
#1732 = EDGE_CURVE ( 'NONE', #4872, #1006, #2885, .T. ) ;
#1733 = CARTESIAN_POINT ( 'NONE',  ( -0.3113406322684403871, 2.949999999999999734, -1.633376983460833376 ) ) ;
#1734 = VECTOR ( 'NONE', #3741, 1000.000000000000000 ) ;
#1735 = ORIENTED_EDGE ( 'NONE', *, *, #6017, .T. ) ;
#1736 = CARTESIAN_POINT ( 'NONE',  ( -1.357751691251422699, 1.610876343277178879, -1.681518504515441492 ) ) ;
#1737 = DIRECTION ( 'NONE',  ( 0.1308368968218773798, -0.000000000000000000, 0.9914039068059099513 ) ) ;
#1738 = FILL_AREA_STYLE ('',( #3848 ) ) ;
#1739 = ORIENTED_EDGE ( 'NONE', *, *, #3013, .F. ) ;
#1740 = DIRECTION ( 'NONE',  ( 0.000000000000000000, 1.000000000000000000, 0.000000000000000000 ) ) ;
#1741 = EDGE_CURVE ( 'NONE', #4064, #4680, #628, .T. ) ;
#1742 = CARTESIAN_POINT ( 'NONE',  ( -3.300000000000000266, 1.574999999999999734, -0.3299999999999995159 ) ) ;
#1743 = DIRECTION ( 'NONE',  ( -0.000000000000000000, -1.000000000000000000, -0.000000000000000000 ) ) ;
#1744 = DIRECTION ( 'NONE',  ( -1.445602896647339163E-16, 0.000000000000000000, 1.000000000000000000 ) ) ;
#1745 = CARTESIAN_POINT ( 'NONE',  ( -0.3113406322684380556, 2.949999999999999734, -1.100845407848078716 ) ) ;
#1746 = COLOUR_RGB ( '',1.000000000000000000, 1.000000000000000000, 1.000000000000000000 ) ;
#1747 = ORIENTED_EDGE ( 'NONE', *, *, #1803, .F. ) ;
#1748 = CARTESIAN_POINT ( 'NONE',  ( -1.291453225550534434, 2.950000000000000178, -0.6617235808708898936 ) ) ;
#1749 = ORIENTED_EDGE ( 'NONE', *, *, #5488, .F. ) ;
#1750 = SURFACE_STYLE_FILL_AREA ( #5903 ) ;
#1751 = CARTESIAN_POINT ( 'NONE',  ( -2.592857142857142971, 3.000000000000000000, 2.592857142857143415 ) ) ;
#1752 = CARTESIAN_POINT ( 'NONE',  ( -1.000067001066260008, 1.610876343277178879, -0.5837224346501550531 ) ) ;
#1753 =( LENGTH_UNIT ( ) NAMED_UNIT ( * ) SI_UNIT ( .MILLI., .METRE. ) );
#1754 = CARTESIAN_POINT ( 'NONE',  ( -1.132140295698482735, 2.950000000000000178, 2.143374595551085005 ) ) ;
#1755 = ORIENTED_EDGE ( 'NONE', *, *, #1086, .F. ) ;
#1756 = LINE ( 'NONE', #1911, #6582 ) ;
#1757 = FILL_AREA_STYLE ('',( #616 ) ) ;
#1758 = LINE ( 'NONE', #6677, #4328 ) ;
#1759 = PRESENTATION_LAYER_ASSIGNMENT (  '', '', ( #6980 ) ) ;
#1760 = PRESENTATION_LAYER_ASSIGNMENT (  '', '', ( #2573 ) ) ;
#1761 = AXIS2_PLACEMENT_3D ( 'NONE', #6976, #6924, #4823 ) ;
#1762 = CARTESIAN_POINT ( 'NONE',  ( -1.132140295698482735, 3.000000000000000000, 2.143374595551085005 ) ) ;
#1763 = ORIENTED_EDGE ( 'NONE', *, *, #5859, .F. ) ;
#1764 = COLOUR_RGB ( '',1.000000000000000000, 1.000000000000000000, 1.000000000000000000 ) ;
#1765 = ORIENTED_EDGE ( 'NONE', *, *, #6419, .F. ) ;
#1766 = UNCERTAINTY_MEASURE_WITH_UNIT (LENGTH_MEASURE( 1.000000000000000082E-05 ), #6290, 'distance_accuracy_value', 'NONE');
#1767 = VECTOR ( 'NONE', #4641, 999.9999999999998863 ) ;
#1768 =( NAMED_UNIT ( * ) PLANE_ANGLE_UNIT ( ) SI_UNIT ( $, .RADIAN. ) );
#1769 = CARTESIAN_POINT ( 'NONE',  ( -0.3113406322684408312, 2.949999999999999734, -1.798585488986319758 ) ) ;
#1770 = LINE ( 'NONE', #5486, #6682 ) ;
#1771 = CARTESIAN_POINT ( 'NONE',  ( -0.3113406322684170724, 2.950000000000000178, 2.327905487420670827 ) ) ;
#1772 = ADVANCED_FACE ( 'NONE', ( #2856 ), #837, .F. ) ;
#1773 = DIRECTION ( 'NONE',  ( 0.000000000000000000, -0.000000000000000000, -1.000000000000000000 ) ) ;
#1774 = CARTESIAN_POINT ( 'NONE',  ( -0.5369520278213535391, 3.000000000000000000, 1.709469332942378239 ) ) ;
#1775 = ORIENTED_EDGE ( 'NONE', *, *, #367, .T. ) ;
#1776 = CARTESIAN_POINT ( 'NONE',  ( -0.4034324706246969483, 2.950000000000000622, 0.7593695934950106530 ) ) ;
#1777 = LINE ( 'NONE', #4358, #1805 ) ;
#1778 = DIRECTION ( 'NONE',  ( 1.445602896647339163E-16, 0.000000000000000000, 1.000000000000000000 ) ) ;
#1779 = AXIS2_PLACEMENT_3D ( 'NONE', #4668, #2614, #6248 ) ;
#1780 = CARTESIAN_POINT ( 'NONE',  ( -1.357751691251411597, 2.949999999999999734, 0.9404351645289628081 ) ) ;
#1781 = DIRECTION ( 'NONE',  ( 0.000000000000000000, 0.000000000000000000, -1.000000000000000000 ) ) ;
#1782 = EDGE_CURVE ( 'NONE', #6084, #5256, #5185, .T. ) ;
#1783 = DIRECTION ( 'NONE',  ( 0.000000000000000000, 0.000000000000000000, 1.000000000000000000 ) ) ;
#1784 = AXIS2_PLACEMENT_3D ( 'NONE', #3561, #4165, #4754 ) ;
#1785 = CARTESIAN_POINT ( 'NONE',  ( -0.8418326795865038736, 3.000000000000000000, 2.157877459663286590 ) ) ;
#1786 = ORIENTED_EDGE ( 'NONE', *, *, #5484, .F. ) ;
#1787 = ORIENTED_EDGE ( 'NONE', *, *, #858, .T. ) ;
#1788 = ORIENTED_EDGE ( 'NONE', *, *, #5169, .F. ) ;
#1789 = DIRECTION ( 'NONE',  ( 1.828280983288194338E-15, 0.000000000000000000, 1.000000000000000000 ) ) ;
#1790 = FACE_OUTER_BOUND ( 'NONE', #4737, .T. ) ;
#1791 = SURFACE_STYLE_USAGE ( .BOTH. , #204 ) ;
#1792 = CARTESIAN_POINT ( 'NONE',  ( 2.025000000000000355, 0.5999999999999999778, 1.499999999999999334 ) ) ;
#1793 = FILL_AREA_STYLE_COLOUR ( '', #2973 ) ;
#1794 = SURFACE_SIDE_STYLE ('',( #2396 ) ) ;
#1795 = EDGE_CURVE ( 'NONE', #6867, #4077, #2781, .T. ) ;
#1796 = CIRCLE ( 'NONE', #3636, 0.09428571428571427826 ) ;
#1797 = CARTESIAN_POINT ( 'NONE',  ( -1.151339791579042870, 2.950000000000000178, 1.121500735562910744 ) ) ;
#1798 = ORIENTED_EDGE ( 'NONE', *, *, #1611, .F. ) ;
#1799 = VECTOR ( 'NONE', #6124, 1000.000000000000000 ) ;
#1800 = CLOSED_SHELL ( 'NONE', ( #2670, #5140, #2963, #4404, #4522, #5875, #1349, #2716, #5123, #617, #5764, #6158 ) ) ;
#1801 = VECTOR ( 'NONE', #598, 1000.000000000000000 ) ;
#1802 = EDGE_LOOP ( 'NONE', ( #3840, #1548, #4147, #6385 ) ) ;
#1803 = EDGE_CURVE ( 'NONE', #4406, #6910, #2792, .T. ) ;
#1804 = SURFACE_SIDE_STYLE ('',( #4769 ) ) ;
#1805 = VECTOR ( 'NONE', #3305, 1000.000000000000000 ) ;
#1806 = DIRECTION ( 'NONE',  ( 1.000000000000000000, -0.000000000000000000, -0.000000000000000000 ) ) ;
#1807 = SURFACE_SIDE_STYLE ('',( #1854 ) ) ;
#1808 = EDGE_CURVE ( 'NONE', #6094, #5105, #5198, .T. ) ;
#1809 = CARTESIAN_POINT ( 'NONE',  ( -1.357751691251411597, 3.000000000000000000, 1.623199812011252963 ) ) ;
#1810 = VECTOR ( 'NONE', #726, 1000.000000000000000 ) ;
#1811 = CARTESIAN_POINT ( 'NONE',  ( -1.291453225550534434, 2.949999999999999734, -0.6617235808708898936 ) ) ;
#1812 = DIRECTION ( 'NONE',  ( -3.781810621731025588E-15, 0.000000000000000000, -1.000000000000000000 ) ) ;
#1813 = CARTESIAN_POINT ( 'NONE',  ( 2.828571428571428736, 15.33380951166242845, 3.300000000000000266 ) ) ;
#1814 = VERTEX_POINT ( 'NONE', #205 ) ;
#1815 = ORIENTED_EDGE ( 'NONE', *, *, #7129, .T. ) ;
#1816 = EDGE_LOOP ( 'NONE', ( #1885, #7051, #6344, #6182 ) ) ;
#1817 = CARTESIAN_POINT ( 'NONE',  ( 3.300000000000000266, 1.339285714285714191, 0.2357142857142861259 ) ) ;
#1818 = ADVANCED_FACE ( 'NONE', ( #5454 ), #5584, .F. ) ;
#1819 = CARTESIAN_POINT ( 'NONE',  ( 3.625000000000000000, 0.5999999999999999778, 5.240310500346604436E-16 ) ) ;
#1820 = LINE ( 'NONE', #3802, #4191 ) ;
#1821 = CARTESIAN_POINT ( 'NONE',  ( -0.3113406322684263428, 3.000000000000000000, 2.203872908678615961 ) ) ;
#1822 = EDGE_CURVE ( 'NONE', #4458, #6362, #641, .T. ) ;
#1823 = CIRCLE ( 'NONE', #5024, 0.3771428571428571130 ) ;
#1824 = CARTESIAN_POINT ( 'NONE',  ( -0.3113406322684401095, 3.000000000000000000, -1.571536270387498879 ) ) ;
#1825 = SURFACE_STYLE_USAGE ( .BOTH. , #1240 ) ;
#1826 = ORIENTED_EDGE ( 'NONE', *, *, #1023, .T. ) ;
#1827 = SURFACE_STYLE_FILL_AREA ( #3039 ) ;
#1828 = ORIENTED_EDGE ( 'NONE', *, *, #4535, .F. ) ;
#1829 =( NAMED_UNIT ( * ) SI_UNIT ( $, .STERADIAN. ) SOLID_ANGLE_UNIT ( ) );
#1830 = LINE ( 'NONE', #1550, #6645 ) ;
#1831 = FACE_OUTER_BOUND ( 'NONE', #2592, .T. ) ;
#1832 = DIRECTION ( 'NONE',  ( -0.9012599435649611967, -0.000000000000000000, -0.4332787949176405418 ) ) ;
#1833 = SURFACE_SIDE_STYLE ('',( #1936 ) ) ;
#1834 = DIRECTION ( 'NONE',  ( 1.000000000000000000, -0.000000000000000000, 0.000000000000000000 ) ) ;
#1835 = ADVANCED_FACE ( 'NONE', ( #3272 ), #3218, .F. ) ;
#1836 = VECTOR ( 'NONE', #1578, 1000.000000000000000 ) ;
#1837 = CARTESIAN_POINT ( 'NONE',  ( 3.299999999999999822, 15.33380951166242845, 1.499999999999998890 ) ) ;
#1838 =( GEOMETRIC_REPRESENTATION_CONTEXT ( 3 ) GLOBAL_UNCERTAINTY_ASSIGNED_CONTEXT ( ( #2990 ) ) GLOBAL_UNIT_ASSIGNED_CONTEXT ( ( #3214, #7090, #6618 ) ) REPRESENTATION_CONTEXT ( 'NONE', 'WORKASPACE' ) );
#1839 = ORIENTED_EDGE ( 'NONE', *, *, #3595, .T. ) ;
#1840 = ORIENTED_EDGE ( 'NONE', *, *, #1257, .T. ) ;
#1841 = COLOUR_RGB ( '',1.000000000000000000, 1.000000000000000000, 1.000000000000000000 ) ;
#1842 = AXIS2_PLACEMENT_3D ( 'NONE', #3121, #892, #6542 ) ;
#1843 = CARTESIAN_POINT ( 'NONE',  ( -0.8418326795865038736, 2.949999999999999734, 2.157877459663286590 ) ) ;
#1844 = CARTESIAN_POINT ( 'NONE',  ( -0.3113406322684347804, 3.000000000000000000, -0.02548332798981431738 ) ) ;
#1845 = DIRECTION ( 'NONE',  ( 0.000000000000000000, 0.000000000000000000, -1.000000000000000000 ) ) ;
#1846 = DIRECTION ( 'NONE',  ( 0.9012599435649611967, 0.000000000000000000, 0.4332787949176405418 ) ) ;
#1847 = CARTESIAN_POINT ( 'NONE',  ( 3.300000000000000266, 0.5999999999999999778, 1.500000000000000444 ) ) ;
#1848 = MANIFOLD_SOLID_BREP ( 'Mirror1', #3083 ) ;
#1849 = AXIS2_PLACEMENT_3D ( 'NONE', #4179, #4772, #5832 ) ;
#1850 = CARTESIAN_POINT ( 'NONE',  ( -1.291453225550534434, 3.000000000000000000, -0.6617235808708898936 ) ) ;
#1851 = ORIENTED_EDGE ( 'NONE', *, *, #252, .T. ) ;
#1852 = ORIENTED_EDGE ( 'NONE', *, *, #6315, .T. ) ;
#1853 =( GEOMETRIC_REPRESENTATION_CONTEXT ( 3 ) GLOBAL_UNCERTAINTY_ASSIGNED_CONTEXT ( ( #6705 ) ) GLOBAL_UNIT_ASSIGNED_CONTEXT ( ( #454, #5462, #5973 ) ) REPRESENTATION_CONTEXT ( 'NONE', 'WORKASPACE' ) );
#1854 = SURFACE_STYLE_FILL_AREA ( #1219 ) ;
#1855 =( GEOMETRIC_REPRESENTATION_CONTEXT ( 3 ) GLOBAL_UNCERTAINTY_ASSIGNED_CONTEXT ( ( #1862 ) ) GLOBAL_UNIT_ASSIGNED_CONTEXT ( ( #2873, #136, #4394 ) ) REPRESENTATION_CONTEXT ( 'NONE', 'WORKASPACE' ) );
#1856 = DIRECTION ( 'NONE',  ( 1.000000000000000000, 0.000000000000000000, 0.000000000000000000 ) ) ;
#1858 = CIRCLE ( 'NONE', #5919, 0.08278332879366212538 ) ;
#1857 = STYLED_ITEM ( 'NONE', ( #1132 ), #4148 ) ;
#1859 = CARTESIAN_POINT ( 'NONE',  ( -2.592857142857142971, 2.900000000000000355, 2.592857142857143415 ) ) ;
#1860 = SURFACE_STYLE_USAGE ( .BOTH. , #1807 ) ;
#1861 = DIRECTION ( 'NONE',  ( 0.000000000000000000, 0.000000000000000000, -1.000000000000000000 ) ) ;
#1862 = UNCERTAINTY_MEASURE_WITH_UNIT (LENGTH_MEASURE( 1.000000000000000082E-05 ), #2873, 'distance_accuracy_value', 'NONE');
#1863 = DIRECTION ( 'NONE',  ( -3.878780124852346801E-15, 0.000000000000000000, -1.000000000000000000 ) ) ;
#1864 = CARTESIAN_POINT ( 'NONE',  ( 3.300000000000000711, 1.574999999999999734, -1.499999999999999778 ) ) ;
#1865 = CARTESIAN_POINT ( 'NONE',  ( -1.310836623396737899, 1.610876343277178879, -0.5059888931745941676 ) ) ;
#1866 = EDGE_CURVE ( 'NONE', #5886, #3945, #5709, .T. ) ;
#1867 = ORIENTED_EDGE ( 'NONE', *, *, #3991, .F. ) ;
#1868 = LINE ( 'NONE', #1330, #6788 ) ;
#1869 = LINE ( 'NONE', #3790, #6530 ) ;
#1870 = DIRECTION ( 'NONE',  ( -1.000000000000000000, 0.000000000000000000, 0.000000000000000000 ) ) ;
#1871 = B_SPLINE_CURVE_WITH_KNOTS ( 'NONE', 3,
 ( #6131, #3212, #3958, #5983, #3297 ),
 .UNSPECIFIED., .F., .F.,
 ( 4, 1, 4 ),
 ( 0.000000000000000000, 0.5079839729424890926, 1.000000000000000000 ),
 .UNSPECIFIED. ) ;
#1872 = COLOUR_RGB ( '',1.000000000000000000, 1.000000000000000000, 1.000000000000000000 ) ;
#1873 = CARTESIAN_POINT ( 'NONE',  ( -1.291453225550519335, 2.950000000000000178, -2.269617236342074129 ) ) ;
#1874 = AXIS2_PLACEMENT_3D ( 'NONE', #3384, #4616, #1781 ) ;
#1875 = ORIENTED_EDGE ( 'NONE', *, *, #5573, .F. ) ;
#1876 = ORIENTED_EDGE ( 'NONE', *, *, #6059, .T. ) ;
#1877 = EDGE_CURVE ( 'NONE', #1416, #6285, #819, .T. ) ;
#1878 = CARTESIAN_POINT ( 'NONE',  ( -1.151339791579042870, 2.950000000000000178, 1.121500735562910744 ) ) ;
#1879 = CARTESIAN_POINT ( 'NONE',  ( -0.3113406322684411087, 3.000000000000000000, -1.909735474986742787 ) ) ;
#1880 = CARTESIAN_POINT ( 'NONE',  ( -0.3255707312758720495, 2.950000000000000178, 1.533180298713288980 ) ) ;
#1881 = DIRECTION ( 'NONE',  ( 0.000000000000000000, 0.000000000000000000, -1.000000000000000000 ) ) ;
#1882 = CARTESIAN_POINT ( 'NONE',  ( -0.8088639816775702318, 2.949999999999999734, -0.05590005299020207874 ) ) ;
#1883 = EDGE_CURVE ( 'NONE', #752, #2549, #3155, .T. ) ;
#1884 = DIRECTION ( 'NONE',  ( -1.000000000000000000, 0.000000000000000000, 3.623890796147360773E-15 ) ) ;
#1885 = ORIENTED_EDGE ( 'NONE', *, *, #2542, .F. ) ;
#1886 = VECTOR ( 'NONE', #943, 1000.000000000000000 ) ;
#1887 = VERTEX_POINT ( 'NONE', #6678 ) ;
#1888 = SURFACE_STYLE_FILL_AREA ( #1056 ) ;
#1889 = EDGE_CURVE ( 'NONE', #1179, #3906, #874, .T. ) ;
#1890 = FACE_OUTER_BOUND ( 'NONE', #6595, .T. ) ;
#1891 = PLANE ( 'NONE',  #4128 ) ;
#1892 = FILL_AREA_STYLE_COLOUR ( '', #685 ) ;
#1893 =( NAMED_UNIT ( * ) SI_UNIT ( $, .STERADIAN. ) SOLID_ANGLE_UNIT ( ) );
#1894 = DIRECTION ( 'NONE',  ( 0.000000000000000000, 0.000000000000000000, -1.000000000000000000 ) ) ;
#1895 = CARTESIAN_POINT ( 'NONE',  ( -0.8646004806540641408, 3.000000000000000000, -0.9331890140374523579 ) ) ;
#1897 = ADVANCED_FACE ( 'NONE', ( #839, #5639, #3206, #717, #826, #3113, #5521, #5586 ), #6313, .T. ) ;
#1896 = EDGE_CURVE ( 'NONE', #5737, #5988, #695, .T. ) ;
#1898 = LINE ( 'NONE', #5510, #6497 ) ;
#1899 = CARTESIAN_POINT ( 'NONE',  ( -1.132140295698496057, 2.949999999999999734, -1.207104699462107966 ) ) ;
#1900 = VERTEX_POINT ( 'NONE', #2623 ) ;
#1901 = COLOUR_RGB ( '',1.000000000000000000, 1.000000000000000000, 1.000000000000000000 ) ;
#1902 = ORIENTED_EDGE ( 'NONE', *, *, #3195, .F. ) ;
#1903 = ORIENTED_EDGE ( 'NONE', *, *, #2167, .T. ) ;
#1904 = DIRECTION ( 'NONE',  ( -0.000000000000000000, 1.000000000000000000, -0.000000000000000000 ) ) ;
#1905 = EDGE_CURVE ( 'NONE', #6503, #6907, #5717, .T. ) ;
#1906 = VECTOR ( 'NONE', #898, 1000.000000000000000 ) ;
#1907 = DIRECTION ( 'NONE',  ( -3.860939618154558568E-15, 0.000000000000000000, -1.000000000000000000 ) ) ;
#1908 = PLANE ( 'NONE',  #4615 ) ;
#1909 =( NAMED_UNIT ( * ) PLANE_ANGLE_UNIT ( ) SI_UNIT ( $, .RADIAN. ) );
#1910 = ORIENTED_EDGE ( 'NONE', *, *, #5158, .F. ) ;
#1911 = CARTESIAN_POINT ( 'NONE',  ( -0.5191275572975038166, 3.000000000000000000, -2.009628595855005528 ) ) ;
#1912 = PRESENTATION_STYLE_ASSIGNMENT (( #1860 ) ) ;
#1913 = ORIENTED_EDGE ( 'NONE', *, *, #6133, .T. ) ;
#1914 = SURFACE_SIDE_STYLE ('',( #112 ) ) ;
#1915 = CARTESIAN_POINT ( 'NONE',  ( -1.274968362457746363, 3.000000000000000000, -0.5805981914113235165 ) ) ;
#1916 = VECTOR ( 'NONE', #5167, 1000.000000000000000 ) ;
#1917 = EDGE_CURVE ( 'NONE', #282, #4721, #5656, .T. ) ;
#1918 = B_SPLINE_CURVE_WITH_KNOTS ( 'NONE', 3,
 ( #6118, #4648, #3036, #6944, #3368 ),
 .UNSPECIFIED., .F., .F.,
 ( 4, 1, 4 ),
 ( 0.000000000000000000, 0.5178533069596279459, 1.000000000000000000 ),
 .UNSPECIFIED. ) ;
#1919 =( NAMED_UNIT ( * ) PLANE_ANGLE_UNIT ( ) SI_UNIT ( $, .RADIAN. ) );
#1920 =( NAMED_UNIT ( * ) PLANE_ANGLE_UNIT ( ) SI_UNIT ( $, .RADIAN. ) );
#1921 =( LENGTH_UNIT ( ) NAMED_UNIT ( * ) SI_UNIT ( .MILLI., .METRE. ) );
#1922 = ORIENTED_EDGE ( 'NONE', *, *, #544, .F. ) ;
#1923 = ORIENTED_EDGE ( 'NONE', *, *, #1624, .T. ) ;
#1924 = CARTESIAN_POINT ( 'NONE',  ( -0.5191275572975055930, 2.950000000000000178, -2.255086310432033336 ) ) ;
#1925 = FACE_OUTER_BOUND ( 'NONE', #6058, .T. ) ;
#1926 = APPLICATION_CONTEXT ( 'automotive_design' ) ;
#1928 = FACE_OUTER_BOUND ( 'NONE', #2136, .T. ) ;
#1927 = CARTESIAN_POINT ( 'NONE',  ( -1.151339791579042870, 3.000000000000000000, 1.121500735562910744 ) ) ;
#1929 = CARTESIAN_POINT ( 'NONE',  ( -0.8418426963106281358, 2.950000000000000178, 2.163869536259844129 ) ) ;
#1930 = DIRECTION ( 'NONE',  ( 0.000000000000000000, 1.000000000000000000, 0.000000000000000000 ) ) ;
#1931 = CARTESIAN_POINT ( 'NONE',  ( -1.009256750147804249, 2.949999999999999734, -0.5262135180941681645 ) ) ;
#1932 = CARTESIAN_POINT ( 'NONE',  ( 2.024999999999999467, 0.000000000000000000, 1.500000000000000222 ) ) ;
#1933 = PRESENTATION_LAYER_ASSIGNMENT (  '', '', ( #5594 ) ) ;
#1934 =( GEOMETRIC_REPRESENTATION_CONTEXT ( 3 ) GLOBAL_UNCERTAINTY_ASSIGNED_CONTEXT ( ( #884 ) ) GLOBAL_UNIT_ASSIGNED_CONTEXT ( ( #4321, #4366, #2799 ) ) REPRESENTATION_CONTEXT ( 'NONE', 'WORKASPACE' ) );
#1935 = AXIS2_PLACEMENT_3D ( 'NONE', #7121, #1472, #1635 ) ;
#1936 = SURFACE_STYLE_FILL_AREA ( #4507 ) ;
#1937 = CARTESIAN_POINT ( 'NONE',  ( -0.3113406322684263428, 3.000000000000000000, 2.203872908678615961 ) ) ;
#1938 = ORIENTED_EDGE ( 'NONE', *, *, #6152, .T. ) ;
#1939 = FACE_OUTER_BOUND ( 'NONE', #3163, .T. ) ;
#1940 = LINE ( 'NONE', #1273, #1767 ) ;
#1941 = ORIENTED_EDGE ( 'NONE', *, *, #5488, .T. ) ;
#1942 =( BOUNDED_CURVE ( )  B_SPLINE_CURVE ( 3, ( #834, #3067, #2577, #1367 ),
 .UNSPECIFIED., .F., .F. ) 
 B_SPLINE_CURVE_WITH_KNOTS ( ( 4, 4 ),
 ( 3.141592653589793116, 6.283185307179586232 ),
 .UNSPECIFIED. ) 
 CURVE ( )  GEOMETRIC_REPRESENTATION_ITEM ( )  RATIONAL_B_SPLINE_CURVE ( ( 1.000000000000000000, 0.3333333333333333703, 0.3333333333333333703, 1.000000000000000000 ) ) 
 REPRESENTATION_ITEM ( '' )  );
#1943 = ADVANCED_FACE ( 'NONE', ( #5542 ), #1464, .T. ) ;
#1944 = CARTESIAN_POINT ( 'NONE',  ( -1.132140295698496946, 3.000000000000000000, -1.657805791318631261 ) ) ;
#1945 = VECTOR ( 'NONE', #403, 1000.000000000000000 ) ;
#1946 = EDGE_CURVE ( 'NONE', #3513, #6423, #759, .T. ) ;
#1947 = CARTESIAN_POINT ( 'NONE',  ( -3.300000000000000266, 1.339285714285714191, -0.2357142857142852099 ) ) ;
#1948 =( NAMED_UNIT ( * ) PLANE_ANGLE_UNIT ( ) SI_UNIT ( $, .RADIAN. ) );
#1949 = DIRECTION ( 'NONE',  ( -1.445602896647339163E-16, -0.000000000000000000, -1.000000000000000000 ) ) ;
#1950 = CARTESIAN_POINT ( 'NONE',  ( -1.044367525175621259, 3.000000000000000444, 0.6220847029044119791 ) ) ;
#1951 = MECHANICAL_DESIGN_GEOMETRIC_PRESENTATION_REPRESENTATION (  '', ( #3823 ), #5748 ) ;
#1952 = MECHANICAL_DESIGN_GEOMETRIC_PRESENTATION_REPRESENTATION (  '', ( #3559 ), #2834 ) ;
#1953 = CARTESIAN_POINT ( 'NONE',  ( -1.357751691251411597, 2.950000000000000178, 1.623199812011252963 ) ) ;
#1954 = LINE ( 'NONE', #801, #6864 ) ;
#1955 = ORIENTED_EDGE ( 'NONE', *, *, #371, .F. ) ;
#1956 = ORIENTED_EDGE ( 'NONE', *, *, #4618, .T. ) ;
#1957 = UNCERTAINTY_MEASURE_WITH_UNIT (LENGTH_MEASURE( 1.000000000000000082E-05 ), #2166, 'distance_accuracy_value', 'NONE');
#1958 = FACE_OUTER_BOUND ( 'NONE', #3430, .T. ) ;
#1959 = VECTOR ( 'NONE', #3873, 1000.000000000000000 ) ;
#1960 = EDGE_CURVE ( 'NONE', #3336, #3630, #886, .T. ) ;
#1961 = CARTESIAN_POINT ( 'NONE',  ( -0.3113406322684342253, 3.000000000000000000, 0.1536859196460396981 ) ) ;
#1962 = CARTESIAN_POINT ( 'NONE',  ( -1.307978480753482664, 2.950000000000000178, 0.7139307616272294599 ) ) ;
#1963 = ADVANCED_FACE ( 'NONE', ( #912 ), #5665, .T. ) ;
#1964 = VECTOR ( 'NONE', #178, 1000.000000000000000 ) ;
#1965 = SURFACE_SIDE_STYLE ('',( #2514 ) ) ;
#1966 = CARTESIAN_POINT ( 'NONE',  ( -1.132140295698490950, 2.950000000000000178, 0.1266649546707405427 ) ) ;
#1967 =( GEOMETRIC_REPRESENTATION_CONTEXT ( 3 ) GLOBAL_UNCERTAINTY_ASSIGNED_CONTEXT ( ( #3432 ) ) GLOBAL_UNIT_ASSIGNED_CONTEXT ( ( #1921, #6177, #2403 ) ) REPRESENTATION_CONTEXT ( 'NONE', 'WORKASPACE' ) );
#1968 = CARTESIAN_POINT ( 'NONE',  ( 3.299999999999999822, 15.33380951166242845, -1.499999999999999556 ) ) ;
#1969 = ORIENTED_EDGE ( 'NONE', *, *, #6593, .T. ) ;
#1970 = SURFACE_STYLE_FILL_AREA ( #6432 ) ;
#1971 = VERTEX_POINT ( 'NONE', #2981 ) ;
#1972 = DIRECTION ( 'NONE',  ( -0.9945218953682742891, 0.000000000000000000, -0.1045284632676442699 ) ) ;
#1973 = EDGE_LOOP ( 'NONE', ( #1196, #3484, #1208, #5967 ) ) ;
#1974 = CARTESIAN_POINT ( 'NONE',  ( -4.065758146820639655E-16, 0.5999999999999999778, 1.499999999999999556 ) ) ;
#1975 = CARTESIAN_POINT ( 'NONE',  ( -0.3113406322684347804, 3.000000000000000000, -0.02548332798981431738 ) ) ;
#1976 = VECTOR ( 'NONE', #2830, 999.9999999999998863 ) ;
#1977 = CARTESIAN_POINT ( 'NONE',  ( -1.357751691251411597, 3.000000000000000000, 0.06376282006731877339 ) ) ;
#1978 = EDGE_CURVE ( 'NONE', #1241, #199, #5698, .T. ) ;
#1979 = FACE_OUTER_BOUND ( 'NONE', #4853, .T. ) ;
#1980 = ORIENTED_EDGE ( 'NONE', *, *, #1782, .T. ) ;
#1981 = AXIS2_PLACEMENT_3D ( 'NONE', #1224, #5160, #3504 ) ;
#1982 = ORIENTED_EDGE ( 'NONE', *, *, #4768, .F. ) ;
#1983 = CARTESIAN_POINT ( 'NONE',  ( 4.065758146820639655E-16, 0.000000000000000000, 1.499999999999999556 ) ) ;
#1984 = EDGE_LOOP ( 'NONE', ( #5168, #4263, #1730, #6562 ) ) ;
#1985 = EDGE_CURVE ( 'NONE', #79, #1117, #865, .T. ) ;
#1986 = DIRECTION ( 'NONE',  ( -0.000000000000000000, -1.000000000000000000, 0.000000000000000000 ) ) ;
#1987 = DIRECTION ( 'NONE',  ( -3.781810621731025588E-15, 0.000000000000000000, -1.000000000000000000 ) ) ;
#1988 = DIRECTION ( 'NONE',  ( 1.000000000000000000, 0.000000000000000000, 1.445602896647339163E-16 ) ) ;
#1989 = LINE ( 'NONE', #2691, #6778 ) ;
#1990 =( LENGTH_UNIT ( ) NAMED_UNIT ( * ) SI_UNIT ( .MILLI., .METRE. ) );
#1991 = DIRECTION ( 'NONE',  ( 3.590423107612694605E-15, 0.000000000000000000, 1.000000000000000000 ) ) ;
#1992 = DIRECTION ( 'NONE',  ( 1.000000000000000000, 0.000000000000000000, -1.445602896647339163E-16 ) ) ;
#1993 = EDGE_CURVE ( 'NONE', #3207, #3864, #773, .T. ) ;
#1994 = CARTESIAN_POINT ( 'NONE',  ( 3.625000000000000000, 0.5999999999999999778, -1.499999999999999778 ) ) ;
#1995 = VERTEX_POINT ( 'NONE', #3581 ) ;
#1996 = ORIENTED_EDGE ( 'NONE', *, *, #5881, .T. ) ;
#1997 = CARTESIAN_POINT ( 'NONE',  ( -0.5369520278213630871, 3.000000000000000000, -1.107047874202976789 ) ) ;
#1998 = VECTOR ( 'NONE', #1677, 1000.000000000000000 ) ;
#1999 = EDGE_CURVE ( 'NONE', #6843, #708, #3301, .T. ) ;
#2000 = DIRECTION ( 'NONE',  ( 0.9012599435649610857, -0.000000000000000000, 0.4332787949176410414 ) ) ;
#2001 = DIRECTION ( 'NONE',  ( 0.000000000000000000, 0.000000000000000000, -1.000000000000000000 ) ) ;
#2002 =( NAMED_UNIT ( * ) SI_UNIT ( $, .STERADIAN. ) SOLID_ANGLE_UNIT ( ) );
#2003 = EDGE_CURVE ( 'NONE', #6998, #1579, #3168, .T. ) ;
#2004 = DIRECTION ( 'NONE',  ( 0.000000000000000000, 1.000000000000000000, 0.000000000000000000 ) ) ;
#2005 = ORIENTED_EDGE ( 'NONE', *, *, #5535, .T. ) ;
#2006 = LINE ( 'NONE', #5349, #4239 ) ;
#2007 = ORIENTED_EDGE ( 'NONE', *, *, #6949, .T. ) ;
#2008 = CARTESIAN_POINT ( 'NONE',  ( -0.5369520278213535391, 2.949999999999999734, 1.709469332942378239 ) ) ;
#2009 = VECTOR ( 'NONE', #3216, 1000.000000000000000 ) ;
#2010 = DIRECTION ( 'NONE',  ( 0.9914039068059099513, -0.000000000000000000, -0.1308368968218773798 ) ) ;
#2011 = CARTESIAN_POINT ( 'NONE',  ( -1.291453225550534434, 2.949999999999999734, -0.6617235808708898936 ) ) ;
#2012 = FILL_AREA_STYLE ('',( #796 ) ) ;
#2013 = CARTESIAN_POINT ( 'NONE',  ( -0.5191275572975038166, 2.949999999999999734, -2.009628595855005528 ) ) ;
#2014 = EDGE_LOOP ( 'NONE', ( #6892, #2116, #4865, #2515 ) ) ;
#2015 = ORIENTED_EDGE ( 'NONE', *, *, #4910, .F. ) ;
#2016 = SURFACE_STYLE_FILL_AREA ( #1551 ) ;
#2017 = VERTEX_POINT ( 'NONE', #782 ) ;
#2018 = DIRECTION ( 'NONE',  ( -3.878780124852346801E-15, 0.000000000000000000, -1.000000000000000000 ) ) ;
#2019 = CARTESIAN_POINT ( 'NONE',  ( -0.3113406322684343364, 2.950000000000000178, 0.07152145899898833259 ) ) ;
#2020 = VECTOR ( 'NONE', #2558, 1000.000000000000000 ) ;
#2021 = VECTOR ( 'NONE', #4130, 1000.000000000000000 ) ;
#2022 = CARTESIAN_POINT ( 'NONE',  ( -0.3113406322684343364, 2.999999999999999556, 0.07152145899898833259 ) ) ;
#2023 = ADVANCED_FACE ( 'NONE', ( #5566 ), #5786, .F. ) ;
#2024 = FACE_OUTER_BOUND ( 'NONE', #1264, .T. ) ;
#2025 = SURFACE_SIDE_STYLE ('',( #495 ) ) ;
#2026 = ORIENTED_EDGE ( 'NONE', *, *, #1795, .F. ) ;
#2027 = LINE ( 'NONE', #2642, #6842 ) ;
#2028 = VERTEX_POINT ( 'NONE', #3254 ) ;
#2029 =( GEOMETRIC_REPRESENTATION_CONTEXT ( 3 ) GLOBAL_UNCERTAINTY_ASSIGNED_CONTEXT ( ( #5650 ) ) GLOBAL_UNIT_ASSIGNED_CONTEXT ( ( #5758, #1909, #2690 ) ) REPRESENTATION_CONTEXT ( 'NONE', 'WORKASPACE' ) );
#2030 =( NAMED_UNIT ( * ) SI_UNIT ( $, .STERADIAN. ) SOLID_ANGLE_UNIT ( ) );
#2031 = AXIS2_PLACEMENT_3D ( 'NONE', #6150, #6679, #6555 ) ;
#2034 = VECTOR ( 'NONE', #5589, 1000.000000000000000 ) ;
#2033 = CARTESIAN_POINT ( 'NONE',  ( -0.3113406322684347804, 2.949999999999999734, -0.02548332798981431738 ) ) ;
#2032 = AXIS2_PLACEMENT_3D ( 'NONE', #3024, #6465, #4778 ) ;
#2035 =( NAMED_UNIT ( * ) SI_UNIT ( $, .STERADIAN. ) SOLID_ANGLE_UNIT ( ) );
#2036 = LINE ( 'NONE', #6243, #6859 ) ;
#2037 = FILL_AREA_STYLE ('',( #991 ) ) ;
#2038 = CARTESIAN_POINT ( 'NONE',  ( 3.300000000000000266, 1.574999999999999734, 0.3300000000000004596 ) ) ;
#2039 = CARTESIAN_POINT ( 'NONE',  ( 2.828571428571428736, 0.2442857142857142450, -3.299999999999999822 ) ) ;
#2040 = LINE ( 'NONE', #2170, #2053 ) ;
#2041 = DIRECTION ( 'NONE',  ( -0.000000000000000000, 1.000000000000000000, -0.000000000000000000 ) ) ;
#2042 =( GEOMETRIC_REPRESENTATION_CONTEXT ( 3 ) GLOBAL_UNCERTAINTY_ASSIGNED_CONTEXT ( ( #1110 ) ) GLOBAL_UNIT_ASSIGNED_CONTEXT ( ( #776, #4080, #5734 ) ) REPRESENTATION_CONTEXT ( 'NONE', 'WORKASPACE' ) );
#2043 = ORIENTED_EDGE ( 'NONE', *, *, #3041, .F. ) ;
#2044 = COLOUR_RGB ( '',1.000000000000000000, 1.000000000000000000, 1.000000000000000000 ) ;
#2045 = ORIENTED_EDGE ( 'NONE', *, *, #3431, .F. ) ;
#2046 = LINE ( 'NONE', #6559, #6858 ) ;
#2047 = AXIS2_PLACEMENT_3D ( 'NONE', #2033, #2607, #6505 ) ;
#2048 = LINE ( 'NONE', #5792, #6759 ) ;
#2049 = CARTESIAN_POINT ( 'NONE',  ( 0.000000000000000000, 3.000000000000000000, 0.000000000000000000 ) ) ;
#2050 = CARTESIAN_POINT ( 'NONE',  ( -1.009256750147797366, 2.949999999999999734, -2.134107173565271687 ) ) ;
#2051 = CARTESIAN_POINT ( 'NONE',  ( -0.3113406322684403871, 2.949999999999999734, -1.633376983460833376 ) ) ;
#2052 = CARTESIAN_POINT ( 'NONE',  ( -0.5104047370281182827, 3.000000000000000000, 1.258785626153509529 ) ) ;
#2053 = VECTOR ( 'NONE', #3293, 1000.000000000000227 ) ;
#2054 = PLANE ( 'NONE',  #1589 ) ;
#2055 = UNCERTAINTY_MEASURE_WITH_UNIT (LENGTH_MEASURE( 1.000000000000000082E-05 ), #1025, 'distance_accuracy_value', 'NONE');
#2056 = CARTESIAN_POINT ( 'NONE',  ( -1.357751691251412263, 2.949999999999999734, 1.302799868628608859 ) ) ;
#2057 = STYLED_ITEM ( 'NONE', ( #4085 ), #5839 ) ;
#2058 = ADVANCED_FACE ( 'NONE', ( #5958 ), #1137, .T. ) ;
#2059 = SURFACE_STYLE_USAGE ( .BOTH. , #5336 ) ;
#2060 = EDGE_LOOP ( 'NONE', ( #3417, #2717, #6346, #4052 ) ) ;
#2061 = FACE_OUTER_BOUND ( 'NONE', #6603, .T. ) ;
#2062 = EDGE_CURVE ( 'NONE', #5124, #1426, #922, .T. ) ;
#2063 = PRESENTATION_STYLE_ASSIGNMENT (( #7092 ) ) ;
#2064 = ORIENTED_EDGE ( 'NONE', *, *, #6891, .F. ) ;
#2065 = VECTOR ( 'NONE', #3575, 1000.000000000000000 ) ;
#2066 = FACE_OUTER_BOUND ( 'NONE', #1377, .T. ) ;
#2067 = AXIS2_PLACEMENT_3D ( 'NONE', #2213, #2764, #3116 ) ;
#2068 = CARTESIAN_POINT ( 'NONE',  ( -1.331954931137285136, 2.950000000000000178, -0.07222387634686339153 ) ) ;
#2069 = CARTESIAN_POINT ( 'NONE',  ( -0.5369520278213577580, 3.000000000000000000, 0.5545010321583131452 ) ) ;
#2070 = DIRECTION ( 'NONE',  ( -1.000000000000000000, 0.000000000000000000, -1.445602896647339163E-16 ) ) ;
#2071 = CARTESIAN_POINT ( 'NONE',  ( -0.5369520278213577580, 2.949999999999999734, 0.5545010321583131452 ) ) ;
#2072 = ORIENTED_EDGE ( 'NONE', *, *, #5305, .T. ) ;
#2073 = ORIENTED_EDGE ( 'NONE', *, *, #456, .F. ) ;
#2074 = VERTEX_POINT ( 'NONE', #6657 ) ;
#2075 = CARTESIAN_POINT ( 'NONE',  ( 3.300000000000000266, 1.574999999999999734, 0.3300000000000004596 ) ) ;
#2076 = ADVANCED_FACE ( 'NONE', ( #3497, #5760 ), #3376, .T. ) ;
#2077 = EDGE_CURVE ( 'NONE', #213, #1471, #5772, .T. ) ;
#2078 = CARTESIAN_POINT ( 'NONE',  ( -1.331954931137285136, 2.950000000000000178, -0.07222387634686339153 ) ) ;
#2079 = B_SPLINE_CURVE_WITH_KNOTS ( 'NONE', 3,
 ( #154, #531, #5625, #696, #4418 ),
 .UNSPECIFIED., .F., .F.,
 ( 4, 1, 4 ),
 ( 0.000000000000000000, 0.5143794237790315638, 1.000000000000000000 ),
 .UNSPECIFIED. ) ;
#2080 = STYLED_ITEM ( 'NONE', ( #1010 ), #3819 ) ;
#2081 = EDGE_CURVE ( 'NONE', #4514, #6255, #5788, .T. ) ;
#2082 = LINE ( 'NONE', #4367, #4541 ) ;
#2083 = PLANE ( 'NONE',  #5355 ) ;
#2084 = DIRECTION ( 'NONE',  ( -0.000000000000000000, 1.000000000000000000, -0.000000000000000000 ) ) ;
#2085 = VERTEX_POINT ( 'NONE', #1873 ) ;
#2086 = COLOUR_RGB ( '',1.000000000000000000, 1.000000000000000000, 1.000000000000000000 ) ;
#2087 = VERTEX_POINT ( 'NONE', #2545 ) ;
#2088 = EDGE_CURVE ( 'NONE', #6642, #734, #981, .T. ) ;
#2089 = LINE ( 'NONE', #2715, #4505 ) ;
#2090 = CIRCLE ( 'NONE', #6166, 0.2357142857142857095 ) ;
#2091 = DIRECTION ( 'NONE',  ( 0.000000000000000000, -0.000000000000000000, -1.000000000000000000 ) ) ;
#2092 = CARTESIAN_POINT ( 'NONE',  ( -0.5104047370281182827, 3.000000000000000000, 1.258785626153509529 ) ) ;
#2093 = DIRECTION ( 'NONE',  ( 0.000000000000000000, 0.000000000000000000, 1.000000000000000000 ) ) ;
#2094 = LINE ( 'NONE', #1733, #1964 ) ;
#2095 = PLANE ( 'NONE',  #6704 ) ;
#2096 = VERTEX_POINT ( 'NONE', #3087 ) ;
#2097 = CYLINDRICAL_SURFACE ( 'NONE', #899, 0.08278332879366212538 ) ;
#2098 = ORIENTED_EDGE ( 'NONE', *, *, #5604, .F. ) ;
#2099 = DIRECTION ( 'NONE',  ( -2.953183167335239910E-15, 0.000000000000000000, -1.000000000000000000 ) ) ;
#2100 = SURFACE_STYLE_FILL_AREA ( #5569 ) ;
#2101 = VERTEX_POINT ( 'NONE', #5307 ) ;
#2102 = LINE ( 'NONE', #3235, #1998 ) ;
#2103 = VECTOR ( 'NONE', #638, 1000.000000000000000 ) ;
#2104 = EDGE_CURVE ( 'NONE', #2645, #5685, #5830, .T. ) ;
#2105 = DIRECTION ( 'NONE',  ( 0.000000000000000000, -0.000000000000000000, -1.000000000000000000 ) ) ;
#2106 = CARTESIAN_POINT ( 'NONE',  ( -1.132140295698485621, 2.950000000000000178, 1.646912525208062306 ) ) ;
#2107 = DIRECTION ( 'NONE',  ( -1.000000000000000000, 0.000000000000000000, 0.000000000000000000 ) ) ;
#2108 = SURFACE_SIDE_STYLE ('',( #5164 ) ) ;
#2109 = CARTESIAN_POINT ( 'NONE',  ( -1.310836623396737899, 2.949999999999999734, -0.5059888931745941676 ) ) ;
#2110 = LINE ( 'NONE', #6068, #4564 ) ;
#2111 =( NAMED_UNIT ( * ) SI_UNIT ( $, .STERADIAN. ) SOLID_ANGLE_UNIT ( ) );
#2112 = FILL_AREA_STYLE ('',( #4391 ) ) ;
#2113 = VERTEX_POINT ( 'NONE', #2452 ) ;
#2114 = VERTEX_POINT ( 'NONE', #4215 ) ;
#2115 = FACE_OUTER_BOUND ( 'NONE', #3459, .T. ) ;
#2116 = ORIENTED_EDGE ( 'NONE', *, *, #475, .T. ) ;
#2117 = SURFACE_STYLE_FILL_AREA ( #2929 ) ;
#2118 = LINE ( 'NONE', #192, #2226 ) ;
#2119 = CARTESIAN_POINT ( 'NONE',  ( -0.3113406322684285077, 3.000000000000000000, 1.733182046139194687 ) ) ;
#2120 = VECTOR ( 'NONE', #6402, 1000.000000000000000 ) ;
#2121 =( LENGTH_UNIT ( ) NAMED_UNIT ( * ) SI_UNIT ( .MILLI., .METRE. ) );
#2122 = CARTESIAN_POINT ( 'NONE',  ( -1.357751691251412263, 3.000000000000000000, 1.302799868628608859 ) ) ;
#2123 = ADVANCED_FACE ( 'NONE', ( #5800 ), #3383, .T. ) ;
#2124 = ORIENTED_EDGE ( 'NONE', *, *, #6669, .T. ) ;
#2125 = FILL_AREA_STYLE_COLOUR ( '', #6689 ) ;
#2126 = LINE ( 'NONE', #102, #6934 ) ;
#2127 = CARTESIAN_POINT ( 'NONE',  ( -0.3113406322684358352, 1.610876343277178879, -0.3018418195157239192 ) ) ;
#2128 = LINE ( 'NONE', #7155, #6844 ) ;
#2129 = MANIFOLD_SOLID_BREP ( 'Boss-Extrude5[6]', #2245 ) ;
#2130 = AXIS2_PLACEMENT_3D ( 'NONE', #1693, #4711, #6848 ) ;
#2131 = ORIENTED_EDGE ( 'NONE', *, *, #1978, .F. ) ;
#2132 = AXIS2_PLACEMENT_3D ( 'NONE', #742, #784, #1846 ) ;
#2133 = STYLED_ITEM ( 'NONE', ( #1071 ), #2129 ) ;
#2134 = STYLED_ITEM ( 'NONE', ( #6889 ), #4673 ) ;
#2135 = CARTESIAN_POINT ( 'NONE',  ( -0.5369520278213630871, 2.950000000000000178, -1.107047874202976789 ) ) ;
#2136 = EDGE_LOOP ( 'NONE', ( #124, #1676, #1592, #4970 ) ) ;
#2137 = ORIENTED_EDGE ( 'NONE', *, *, #5954, .T. ) ;
#2138 = CARTESIAN_POINT ( 'NONE',  ( -1.291453225550534434, 2.949999999999999734, -0.6617235808708898936 ) ) ;
#2139 = PRESENTATION_STYLE_ASSIGNMENT (( #5524 ) ) ;
#2140 = ORIENTED_EDGE ( 'NONE', *, *, #1640, .T. ) ;
#2141 = DIRECTION ( 'NONE',  ( -0.000000000000000000, 1.000000000000000000, 0.000000000000000000 ) ) ;
#2142 = MANIFOLD_SOLID_BREP ( 'Boss-Extrude5[1]', #2543 ) ;
#2144 = LINE ( 'NONE', #1994, #2020 ) ;
#2143 = CARTESIAN_POINT ( 'NONE',  ( -1.357751691251411597, 2.949999999999999734, 2.097613617064586933 ) ) ;
#2145 = CARTESIAN_POINT ( 'NONE',  ( 0.000000000000000000, 0.2500000000000000000, -1.499999999999999778 ) ) ;
#2146 = FACE_OUTER_BOUND ( 'NONE', #3678, .T. ) ;
#2147 = DIRECTION ( 'NONE',  ( 1.000000000000000000, 0.000000000000000000, 1.445602896647339163E-16 ) ) ;
#2148 = DIRECTION ( 'NONE',  ( -1.000000000000000000, 0.000000000000000000, 1.828280983288194338E-15 ) ) ;
#2149 = ORIENTED_EDGE ( 'NONE', *, *, #1960, .F. ) ;
#2150 = ADVANCED_FACE ( 'NONE', ( #6070 ), #5986, .T. ) ;
#2151 = EDGE_CURVE ( 'NONE', #5153, #5960, #1177, .T. ) ;
#2152 = UNCERTAINTY_MEASURE_WITH_UNIT (LENGTH_MEASURE( 1.000000000000000082E-05 ), #7046, 'distance_accuracy_value', 'NONE');
#2153 = VECTOR ( 'NONE', #5420, 1000.000000000000000 ) ;
#2154 = STYLED_ITEM ( 'NONE', ( #5532 ), #1848 ) ;
#2155 = EDGE_LOOP ( 'NONE', ( #2862, #1902, #4396, #4196 ) ) ;
#2156 = PRESENTATION_STYLE_ASSIGNMENT (( #4306 ) ) ;
#2157 = ORIENTED_EDGE ( 'NONE', *, *, #5232, .F. ) ;
#2158 = VECTOR ( 'NONE', #382, 1000.000000000000000 ) ;
#2159 = ORIENTED_EDGE ( 'NONE', *, *, #6152, .F. ) ;
#2160 = VECTOR ( 'NONE', #5455, 1000.000000000000000 ) ;
#2161 = FACE_OUTER_BOUND ( 'NONE', #1581, .T. ) ;
#2162 = MECHANICAL_DESIGN_GEOMETRIC_PRESENTATION_REPRESENTATION (  '', ( #2260 ), #5932 ) ;
#2163 = FILL_AREA_STYLE_COLOUR ( '', #4758 ) ;
#2164 = DIRECTION ( 'NONE',  ( 0.000000000000000000, 1.000000000000000000, 0.000000000000000000 ) ) ;
#2165 = CARTESIAN_POINT ( 'NONE',  ( -2.828571428571428736, 0.2442857142857142450, 3.300000000000000266 ) ) ;
#2166 =( LENGTH_UNIT ( ) NAMED_UNIT ( * ) SI_UNIT ( .MILLI., .METRE. ) );
#2167 = EDGE_CURVE ( 'NONE', #5685, #6998, #3770, .T. ) ;
#2168 = ADVANCED_FACE ( 'NONE', ( #1374 ), #2083, .F. ) ;
#2169 = VECTOR ( 'NONE', #6278, 1000.000000000000000 ) ;
#2170 = CARTESIAN_POINT ( 'NONE',  ( -0.3113406322684403871, 3.000000000000000000, -1.633376983460833376 ) ) ;
#2171 = PLANE ( 'NONE',  #5459 ) ;
#2172 = ORIENTED_EDGE ( 'NONE', *, *, #4450, .T. ) ;
#2173 = AXIS2_PLACEMENT_3D ( 'NONE', #6441, #2651, #3180 ) ;
#2174 = LINE ( 'NONE', #2238, #4606 ) ;
#2175 = ORIENTED_EDGE ( 'NONE', *, *, #3361, .T. ) ;
#2176 = LINE ( 'NONE', #727, #2201 ) ;
#2177 = CARTESIAN_POINT ( 'NONE',  ( -0.5104047370281182827, 3.000000000000000000, 1.258785626153509529 ) ) ;
#2178 = VECTOR ( 'NONE', #6526, 1000.000000000000000 ) ;
#2179 = EDGE_CURVE ( 'NONE', #5403, #1455, #3725, .T. ) ;
#2180 = CARTESIAN_POINT ( 'NONE',  ( -0.5369520278213519848, 2.950000000000000178, 2.140026246433025747 ) ) ;
#2181 = CARTESIAN_POINT ( 'NONE',  ( -0.5369520278213577580, 2.950000000000000178, 0.5545010321583131452 ) ) ;
#2182 = ORIENTED_EDGE ( 'NONE', *, *, #2343, .F. ) ;
#2183 = CARTESIAN_POINT ( 'NONE',  ( 1.300000000000000044, 0.2500000000000000000, 1.800000000000000044 ) ) ;
#2184 = VERTEX_POINT ( 'NONE', #6045 ) ;
#2185 = EDGE_LOOP ( 'NONE', ( #1024, #3969, #2541, #2672 ) ) ;
#2186 = DIRECTION ( 'NONE',  ( 0.000000000000000000, 0.000000000000000000, 1.000000000000000000 ) ) ;
#2187 = FILL_AREA_STYLE_COLOUR ( '', #1901 ) ;
#2188 = LINE ( 'NONE', #4282, #2160 ) ;
#2189 = EDGE_CURVE ( 'NONE', #702, #5815, #1150, .T. ) ;
#2190 = LINE ( 'NONE', #1655, #2103 ) ;
#2191 = CARTESIAN_POINT ( 'NONE',  ( -1.132310254562977070, 2.949999999999999734, 0.07031103226462280531 ) ) ;
#2192 = EDGE_CURVE ( 'NONE', #1455, #14, #1165, .T. ) ;
#2193 = COLOUR_RGB ( '',1.000000000000000000, 1.000000000000000000, 1.000000000000000000 ) ;
#2194 = ADVANCED_FACE ( 'NONE', ( #1237 ), #1277, .T. ) ;
#2195 = CARTESIAN_POINT ( 'NONE',  ( -0.5104047370281182827, 1.610876343277178879, 1.258785626153509529 ) ) ;
#2196 = ORIENTED_EDGE ( 'NONE', *, *, #987, .T. ) ;
#2197 = CARTESIAN_POINT ( 'NONE',  ( -1.132140295698485621, 3.000000000000000000, 1.646912525208062306 ) ) ;
#2198 = CARTESIAN_POINT ( 'NONE',  ( -1.222122891457874116, 3.000000000000000000, 1.477618357555203543 ) ) ;
#2199 = FILL_AREA_STYLE_COLOUR ( '', #3285 ) ;
#2200 = DIRECTION ( 'NONE',  ( -0.000000000000000000, -1.000000000000000000, 0.000000000000000000 ) ) ;
#2201 = VECTOR ( 'NONE', #1930, 1000.000000000000000 ) ;
#2202 = DIRECTION ( 'NONE',  ( 0.000000000000000000, -1.000000000000000000, 0.000000000000000000 ) ) ;
#2203 = DIRECTION ( 'NONE',  ( -0.000000000000000000, 0.000000000000000000, 1.000000000000000000 ) ) ;
#2204 = VECTOR ( 'NONE', #5821, 1000.000000000000000 ) ;
#2205 = DIRECTION ( 'NONE',  ( -3.538354270939118021E-15, 0.000000000000000000, -1.000000000000000000 ) ) ;
#2206 = EDGE_CURVE ( 'NONE', #6084, #6287, #3579, .T. ) ;
#2207 = ORIENTED_EDGE ( 'NONE', *, *, #4393, .T. ) ;
#2208 = VECTOR ( 'NONE', #2147, 1000.000000000000000 ) ;
#2209 = VERTEX_POINT ( 'NONE', #5577 ) ;
#2210 = CARTESIAN_POINT ( 'NONE',  ( -0.3113406322684403871, 1.610876343277178879, -1.633376983460833376 ) ) ;
#2211 = PRESENTATION_STYLE_ASSIGNMENT (( #4218 ) ) ;
#2212 = CYLINDRICAL_SURFACE ( 'NONE', #2908, 0.09428571428571430602 ) ;
#2213 = CARTESIAN_POINT ( 'NONE',  ( -0.9960914994576036685, 2.949999999999999734, -2.161492111931144322 ) ) ;
#2214 = ADVANCED_FACE ( 'NONE', ( #6146 ), #2517, .T. ) ;
#2215 = CARTESIAN_POINT ( 'NONE',  ( -1.009256750147800696, 3.000000000000000000, -0.5262135180941753809 ) ) ;
#2216 = CARTESIAN_POINT ( 'NONE',  ( -3.625000000000000000, 1.433571428571428275, -0.2357142857142851544 ) ) ;
#2217 = CARTESIAN_POINT ( 'NONE',  ( -3.299999999999999822, 0.2500000000000000000, 1.799999999999999600 ) ) ;
#2218 = FILL_AREA_STYLE ('',( #1043 ) ) ;
#2219 = LINE ( 'NONE', #1231, #4869 ) ;
#2220 = CARTESIAN_POINT ( 'NONE',  ( 3.300000000000000266, 1.574999999999999734, 0.3300000000000004596 ) ) ;
#2221 = VERTEX_POINT ( 'NONE', #6306 ) ;
#2222 = ORIENTED_EDGE ( 'NONE', *, *, #3553, .F. ) ;
#2223 = ORIENTED_EDGE ( 'NONE', *, *, #1447, .F. ) ;
#2225 = SURFACE_STYLE_FILL_AREA ( #870 ) ;
#2224 =( GEOMETRIC_REPRESENTATION_CONTEXT ( 3 ) GLOBAL_UNCERTAINTY_ASSIGNED_CONTEXT ( ( #3351 ) ) GLOBAL_UNIT_ASSIGNED_CONTEXT ( ( #2641, #2490, #384 ) ) REPRESENTATION_CONTEXT ( 'NONE', 'WORKASPACE' ) );
#2226 = VECTOR ( 'NONE', #1669, 1000.000000000000000 ) ;
#2227 = CARTESIAN_POINT ( 'NONE',  ( -0.5104047370281182827, 2.950000000000000178, 1.258785626153509529 ) ) ;
#2228 =( NAMED_UNIT ( * ) PLANE_ANGLE_UNIT ( ) SI_UNIT ( $, .RADIAN. ) );
#2229 = DIRECTION ( 'NONE',  ( 0.1045284632676403008, 0.000000000000000000, -0.9945218953682747332 ) ) ;
#2230 = PRESENTATION_LAYER_ASSIGNMENT (  '', '', ( #1118 ) ) ;
#2231 = VERTEX_POINT ( 'NONE', #6761 ) ;
#2232 =( NAMED_UNIT ( * ) PLANE_ANGLE_UNIT ( ) SI_UNIT ( $, .RADIAN. ) );
#2233 = SURFACE_STYLE_FILL_AREA ( #5529 ) ;
#2234 = ORIENTED_EDGE ( 'NONE', *, *, #1691, .T. ) ;
#2235 = EDGE_LOOP ( 'NONE', ( #3894, #3754, #6877, #6012 ) ) ;
#2236 = CARTESIAN_POINT ( 'NONE',  ( -3.299999999999999822, 15.33380951166242845, -2.828571428571428736 ) ) ;
#2237 = AXIS2_PLACEMENT_3D ( 'NONE', #4902, #5912, #5964 ) ;
#2238 = CARTESIAN_POINT ( 'NONE',  ( -2.024999999999999911, 0.5999999999999999778, -1.499999999999999778 ) ) ;
#2239 = COLOUR_RGB ( '',1.000000000000000000, 1.000000000000000000, 1.000000000000000000 ) ;
#2240 = PRESENTATION_STYLE_ASSIGNMENT (( #111 ) ) ;
#2241 = STYLED_ITEM ( 'NONE', ( #3562 ), #4029 ) ;
#2242 = CARTESIAN_POINT ( 'NONE',  ( -0.8186499976311963911, 2.950000000000000178, 0.1029587669415544526 ) ) ;
#2243 = LINE ( 'NONE', #6169, #58 ) ;
#2244 = DIRECTION ( 'NONE',  ( -1.000000000000000000, 0.000000000000000000, 1.445602896647339163E-16 ) ) ;
#2245 = CLOSED_SHELL ( 'NONE', ( #3327, #5991, #3221, #2271, #1034, #6440, #5818, #1710, #6641, #3528, #2775, #1410 ) ) ;
#2246 = ORIENTED_EDGE ( 'NONE', *, *, #3508, .T. ) ;
#2247 = EDGE_CURVE ( 'NONE', #6876, #3487, #1210, .T. ) ;
#2248 = DIRECTION ( 'NONE',  ( 4.784464174600315422E-15, 0.000000000000000000, 1.000000000000000000 ) ) ;
#2249 = DIRECTION ( 'NONE',  ( 0.000000000000000000, 0.000000000000000000, 1.000000000000000000 ) ) ;
#2250 = DIRECTION ( 'NONE',  ( 0.000000000000000000, -1.000000000000000000, -0.000000000000000000 ) ) ;
#2251 = LINE ( 'NONE', #4234, #4662 ) ;
#2252 =( LENGTH_UNIT ( ) NAMED_UNIT ( * ) SI_UNIT ( .MILLI., .METRE. ) );
#2253 = SURFACE_SIDE_STYLE ('',( #5951 ) ) ;
#2254 = AXIS2_PLACEMENT_3D ( 'NONE', #1727, #2295, #5118 ) ;
#2255 = ORIENTED_EDGE ( 'NONE', *, *, #2350, .F. ) ;
#2256 = DIRECTION ( 'NONE',  ( 1.204669080539449344E-16, 0.000000000000000000, -1.000000000000000000 ) ) ;
#2257 = ADVANCED_FACE ( 'NONE', ( #3617 ), #1305, .F. ) ;
#2258 = ORIENTED_EDGE ( 'NONE', *, *, #1086, .T. ) ;
#2259 = CIRCLE ( 'NONE', #5436, 0.09428571428571430602 ) ;
#2260 = STYLED_ITEM ( 'NONE', ( #6473 ), #5764 ) ;
#2261 = EDGE_CURVE ( 'NONE', #2495, #240, #3702, .T. ) ;
#2262 = LINE ( 'NONE', #788, #4712 ) ;
#2263 = ORIENTED_EDGE ( 'NONE', *, *, #704, .F. ) ;
#2264 = AXIS2_PLACEMENT_3D ( 'NONE', #4284, #3728, #1041 ) ;
#2265 = DIRECTION ( 'NONE',  ( -1.000000000000000000, 0.000000000000000000, 4.037799520142767599E-15 ) ) ;
#2266 = EDGE_CURVE ( 'NONE', #4077, #2645, #6034, .T. ) ;
#2267 = CARTESIAN_POINT ( 'NONE',  ( -1.357751691251421811, 2.949999999999999734, -1.207104699462107300 ) ) ;
#2268 = DIRECTION ( 'NONE',  ( -0.1991326434078726781, 0.000000000000000000, -0.9799725457018646502 ) ) ;
#2269 = EDGE_LOOP ( 'NONE', ( #5762, #1560, #5809, #1154 ) ) ;
#2270 = EDGE_CURVE ( 'NONE', #4721, #1559, #1287, .T. ) ;
#2271 = ADVANCED_FACE ( 'NONE', ( #1350 ), #448, .T. ) ;
#2272 = SURFACE_STYLE_USAGE ( .BOTH. , #592 ) ;
#2273 = EDGE_CURVE ( 'NONE', #4779, #1584, #1633, .T. ) ;
#2274 = ORIENTED_EDGE ( 'NONE', *, *, #2944, .T. ) ;
#2275 = ORIENTED_EDGE ( 'NONE', *, *, #4253, .F. ) ;
#2276 = ORIENTED_EDGE ( 'NONE', *, *, #602, .F. ) ;
#2277 = SURFACE_SIDE_STYLE ('',( #2527 ) ) ;
#2278 = DIRECTION ( 'NONE',  ( 1.000000000000000000, -0.000000000000000000, 1.445602896647339163E-16 ) ) ;
#2279 = EDGE_CURVE ( 'NONE', #3312, #1006, #1606, .T. ) ;
#2280 = LINE ( 'NONE', #3836, #4642 ) ;
#2281 = CARTESIAN_POINT ( 'NONE',  ( -1.132140295698482735, 2.949999999999999734, 2.143374595551085005 ) ) ;
#2282 = VERTEX_POINT ( 'NONE', #4482 ) ;
#2283 = VECTOR ( 'NONE', #5449, 1000.000000000000000 ) ;
#2285 = VECTOR ( 'NONE', #659, 1000.000000000000000 ) ;
#2284 = CARTESIAN_POINT ( 'NONE',  ( 3.300000000000000266, 1.433571428571428275, -0.2357142857142852099 ) ) ;
#2286 = CARTESIAN_POINT ( 'NONE',  ( -2.828571428571428736, 0.2442857142857142450, -2.828571428571428736 ) ) ;
#2287 = LINE ( 'NONE', #2325, #4689 ) ;
#2288 = CARTESIAN_POINT ( 'NONE',  ( -3.205714285714285516, 0.2442857142857142450, -2.828571428571428736 ) ) ;
#2289 = EDGE_CURVE ( 'NONE', #3675, #5261, #4023, .T. ) ;
#2290 = ORIENTED_EDGE ( 'NONE', *, *, #3928, .T. ) ;
#2291 = ORIENTED_EDGE ( 'NONE', *, *, #5773, .T. ) ;
#2292 = CIRCLE ( 'NONE', #4305, 0.09428571428571430602 ) ;
#2293 = CARTESIAN_POINT ( 'NONE',  ( -3.205714285714285516, 0.1499999999999999944, -2.828571428571428736 ) ) ;
#2294 = VECTOR ( 'NONE', #3392, 1000.000000000000000 ) ;
#2295 = DIRECTION ( 'NONE',  ( 1.000000000000000000, 0.000000000000000000, -3.860939618154558568E-15 ) ) ;
#2296 = FILL_AREA_STYLE_COLOUR ( '', #5356 ) ;
#2297 =( GEOMETRIC_REPRESENTATION_CONTEXT ( 3 ) GLOBAL_UNCERTAINTY_ASSIGNED_CONTEXT ( ( #964 ) ) GLOBAL_UNIT_ASSIGNED_CONTEXT ( ( #1018, #1598, #3120 ) ) REPRESENTATION_CONTEXT ( 'NONE', 'WORKASPACE' ) );
#2298 = CARTESIAN_POINT ( 'NONE',  ( -0.5369520278213655295, 3.000000000000000000, -1.595248983584309110 ) ) ;
#2299 = LINE ( 'NONE', #2957, #7123 ) ;
#2300 =( GEOMETRIC_REPRESENTATION_CONTEXT ( 3 ) GLOBAL_UNCERTAINTY_ASSIGNED_CONTEXT ( ( #6940 ) ) GLOBAL_UNIT_ASSIGNED_CONTEXT ( ( #6123, #1768, #4702 ) ) REPRESENTATION_CONTEXT ( 'NONE', 'WORKASPACE' ) );
#2301 = CARTESIAN_POINT ( 'NONE',  ( -1.132140295698483845, 2.949999999999999734, 2.097613617064586045 ) ) ;
#2302 = ADVANCED_FACE ( 'NONE', ( #1646 ), #706, .T. ) ;
#2303 = SURFACE_SIDE_STYLE ('',( #4035 ) ) ;
#2304 = ORIENTED_EDGE ( 'NONE', *, *, #1558, .T. ) ;
#2305 = EDGE_LOOP ( 'NONE', ( #2633, #5588, #4707, #719 ) ) ;
#2306 = PRESENTATION_STYLE_ASSIGNMENT (( #2899 ) ) ;
#2307 = ORIENTED_EDGE ( 'NONE', *, *, #2771, .F. ) ;
#2308 = EDGE_CURVE ( 'NONE', #323, #6843, #6295, .T. ) ;
#2309 = CARTESIAN_POINT ( 'NONE',  ( 3.205714285714285516, 2.905714285714285694, 0.000000000000000000 ) ) ;
#2310 = SURFACE_STYLE_FILL_AREA ( #4552 ) ;
#2311 = PRESENTATION_LAYER_ASSIGNMENT (  '', '', ( #2918 ) ) ;
#2312 = AXIS2_PLACEMENT_3D ( 'NONE', #5553, #2864, #4964 ) ;
#2313 = ORIENTED_EDGE ( 'NONE', *, *, #5812, .F. ) ;
#2314 = CARTESIAN_POINT ( 'NONE',  ( -1.357751691251412263, 3.000000000000000000, 1.302799868628608859 ) ) ;
#2315 = FACE_OUTER_BOUND ( 'NONE', #2385, .T. ) ;
#2316 = VERTEX_POINT ( 'NONE', #4640 ) ;
#2317 = CARTESIAN_POINT ( 'NONE',  ( -1.357751691251422699, 2.949999999999999734, -1.681518504515441492 ) ) ;
#2318 = CARTESIAN_POINT ( 'NONE',  ( -2.828571428571428736, 0.1499999999999999944, 2.828571428571428736 ) ) ;
#2319 = CARTESIAN_POINT ( 'NONE',  ( -1.000067001066248240, 3.000000000000000000, -2.191616090121250249 ) ) ;
#2320 = CIRCLE ( 'NONE', #2777, 0.2357142857142857095 ) ;
#2321 = ADVANCED_FACE ( 'NONE', ( #1580 ), #1270, .T. ) ;
#2322 = ORIENTED_EDGE ( 'NONE', *, *, #3518, .F. ) ;
#2323 = EDGE_CURVE ( 'NONE', #3650, #4000, #6458, .T. ) ;
#2324 = UNCERTAINTY_MEASURE_WITH_UNIT (LENGTH_MEASURE( 1.000000000000000082E-05 ), #1990, 'distance_accuracy_value', 'NONE');
#2325 = CARTESIAN_POINT ( 'NONE',  ( -1.357751691251422699, 2.950000000000000178, -1.681518504515441492 ) ) ;
#2326 = VERTEX_POINT ( 'NONE', #593 ) ;
#2327 = AXIS2_PLACEMENT_3D ( 'NONE', #1521, #1575, #2105 ) ;
#2328 = FACE_OUTER_BOUND ( 'NONE', #3516, .T. ) ;
#2329 = EDGE_LOOP ( 'NONE', ( #2509, #184, #251, #4898 ) ) ;
#2331 = LINE ( 'NONE', #6323, #7165 ) ;
#2330 = CARTESIAN_POINT ( 'NONE',  ( -1.222122891457874116, 2.949999999999999734, 1.477618357555203543 ) ) ;
#2332 = CARTESIAN_POINT ( 'NONE',  ( -1.132310254562977070, 3.000000000000000000, 0.07031103226462280531 ) ) ;
#2333 = VECTOR ( 'NONE', #692, 1000.000000000000000 ) ;
#2334 = PLANE ( 'NONE',  #5838 ) ;
#2335 = EDGE_LOOP ( 'NONE', ( #6490, #1699, #1348, #6632 ) ) ;
#2336 = ORIENTED_EDGE ( 'NONE', *, *, #6121, .T. ) ;
#2337 = CARTESIAN_POINT ( 'NONE',  ( -0.5369520278213518738, 2.950000000000000178, 2.140026246433025303 ) ) ;
#2338 = EDGE_CURVE ( 'NONE', #1455, #4378, #3842, .T. ) ;
#2339 = DIRECTION ( 'NONE',  ( 1.000000000000000000, 0.000000000000000000, -1.445602896647339163E-16 ) ) ;
#2340 = ORIENTED_EDGE ( 'NONE', *, *, #2077, .F. ) ;
#2341 =( GEOMETRIC_REPRESENTATION_CONTEXT ( 3 ) GLOBAL_UNCERTAINTY_ASSIGNED_CONTEXT ( ( #6504 ) ) GLOBAL_UNIT_ASSIGNED_CONTEXT ( ( #5188, #3438, #1893 ) ) REPRESENTATION_CONTEXT ( 'NONE', 'WORKASPACE' ) );
#2342 = CARTESIAN_POINT ( 'NONE',  ( -3.625000000000000000, 0.2357142857142857095, 5.240310500346604436E-16 ) ) ;
#2343 = EDGE_CURVE ( 'NONE', #4458, #1313, #1456, .T. ) ;
#2344 = CIRCLE ( 'NONE', #2854, 0.3771428571428571130 ) ;
#2345 = FILL_AREA_STYLE ('',( #1080 ) ) ;
#2346 = ORIENTED_EDGE ( 'NONE', *, *, #6397, .T. ) ;
#2347 = CARTESIAN_POINT ( 'NONE',  ( -1.132140295698494725, 2.949999999999999734, -1.161343720975608562 ) ) ;
#2348 = DIRECTION ( 'NONE',  ( 1.000000000000000000, 0.000000000000000000, -3.781810621731025588E-15 ) ) ;
#2349 = DIRECTION ( 'NONE',  ( -0.9012599435649611967, 0.000000000000000000, -0.4332787949176405973 ) ) ;
#2350 = EDGE_CURVE ( 'NONE', #876, #4644, #3913, .T. ) ;
#2351 = CARTESIAN_POINT ( 'NONE',  ( -2.828571428571428736, 2.905714285714285694, 2.828571428571428736 ) ) ;
#2352 = CARTESIAN_POINT ( 'NONE',  ( -2.828571428571428736, 3.000000000000000000, -3.205714285714285516 ) ) ;
#2353 = DIRECTION ( 'NONE',  ( 0.000000000000000000, 1.000000000000000000, -0.000000000000000000 ) ) ;
#2354 = ORIENTED_EDGE ( 'NONE', *, *, #5218, .F. ) ;
#2355 = DIRECTION ( 'NONE',  ( -0.000000000000000000, -1.000000000000000000, -0.000000000000000000 ) ) ;
#2356 = VECTOR ( 'NONE', #1418, 1000.000000000000000 ) ;
#2357 = ORIENTED_EDGE ( 'NONE', *, *, #5395, .T. ) ;
#2358 = EDGE_CURVE ( 'NONE', #3230, #2326, #3862, .T. ) ;
#2359 = CARTESIAN_POINT ( 'NONE',  ( -1.357751691251414483, 3.000000000000000000, 0.6007890726471740717 ) ) ;
#2360 = VERTEX_POINT ( 'NONE', #1288 ) ;
#2361 = DIRECTION ( 'NONE',  ( 3.777208558894928895E-15, 0.000000000000000000, 1.000000000000000000 ) ) ;
#2362 = DIRECTION ( 'NONE',  ( 0.4332787949177359099, 0.000000000000000000, -0.9012599435649154556 ) ) ;
#2363 = EDGE_CURVE ( 'NONE', #1457, #1520, #4007, .T. ) ;
#2364 = EDGE_LOOP ( 'NONE', ( #4457, #6823, #148, #4881, #41, #2313, #2406, #829 ) ) ;
#2365 = FILL_AREA_STYLE ('',( #2921 ) ) ;
#2366 = FACE_OUTER_BOUND ( 'NONE', #439, .T. ) ;
#2367 = ORIENTED_EDGE ( 'NONE', *, *, #1321, .T. ) ;
#2368 = VECTOR ( 'NONE', #2774, 1000.000000000000000 ) ;
#2369 = DIRECTION ( 'NONE',  ( -3.781810621731025588E-15, 0.000000000000000000, -1.000000000000000000 ) ) ;
#2370 = CARTESIAN_POINT ( 'NONE',  ( -0.4034324706246969483, 2.950000000000000178, 0.7593695934950106530 ) ) ;
#2371 = LINE ( 'NONE', #7053, #134 ) ;
#2372 = SURFACE_SIDE_STYLE ('',( #4536 ) ) ;
#2373 = ORIENTED_EDGE ( 'NONE', *, *, #2247, .T. ) ;
#2375 = FACE_BOUND ( 'NONE', #913, .T. ) ;
#2374 = CARTESIAN_POINT ( 'NONE',  ( -1.310836623396737899, 2.949999999999999734, -0.5059888931745941676 ) ) ;
#2376 = CARTESIAN_POINT ( 'NONE',  ( -1.132140295698490950, 3.000000000000000000, 0.1266649546707405427 ) ) ;
#2377 = DIRECTION ( 'NONE',  ( 0.000000000000000000, -1.000000000000000000, 0.000000000000000000 ) ) ;
#2378 = ADVANCED_FACE ( 'NONE', ( #4087 ), #3421, .F. ) ;
#2379 = ORIENTED_EDGE ( 'NONE', *, *, #5715, .F. ) ;
#2380 = LINE ( 'NONE', #6838, #22 ) ;
#2381 = DIRECTION ( 'NONE',  ( -3.878780124852346801E-15, 0.000000000000000000, -1.000000000000000000 ) ) ;
#2382 = EDGE_LOOP ( 'NONE', ( #3262, #6813, #126, #3238 ) ) ;
#2383 = VECTOR ( 'NONE', #4952, 1000.000000000000000 ) ;
#2384 = EDGE_LOOP ( 'NONE', ( #1012, #3970, #5711, #6254, #3890, #1280, #3653, #5981, #6951, #6349 ) ) ;
#2385 = EDGE_LOOP ( 'NONE', ( #1430, #3573, #418, #438 ) ) ;
#2386 = AXIS2_PLACEMENT_3D ( 'NONE', #2210, #958, #2099 ) ;
#2387 = SURFACE_STYLE_FILL_AREA ( #5491 ) ;
#2388 = VERTEX_POINT ( 'NONE', #5031 ) ;
#2389 = AXIS2_PLACEMENT_3D ( 'NONE', #4323, #2148, #2712 ) ;
#2390 = SURFACE_STYLE_USAGE ( .BOTH. , #6835 ) ;
#2391 = DIRECTION ( 'NONE',  ( -0.000000000000000000, -1.000000000000000000, -0.000000000000000000 ) ) ;
#2392 = FACE_OUTER_BOUND ( 'NONE', #6937, .T. ) ;
#2393 = SURFACE_SIDE_STYLE ('',( #4705 ) ) ;
#2394 = DIRECTION ( 'NONE',  ( -1.000000000000000000, 0.000000000000000000, -1.204669080539449590E-16 ) ) ;
#2395 = VERTEX_POINT ( 'NONE', #6658 ) ;
#2396 = SURFACE_STYLE_FILL_AREA ( #5150 ) ;
#2397 = EDGE_CURVE ( 'NONE', #5737, #5886, #1662, .T. ) ;
#2398 = CARTESIAN_POINT ( 'NONE',  ( -1.331954931137285136, 2.949999999999999734, -0.07222387634686339153 ) ) ;
#2399 = ORIENTED_EDGE ( 'NONE', *, *, #6383, .T. ) ;
#2400 = PRESENTATION_STYLE_ASSIGNMENT (( #4852 ) ) ;
#2401 = AXIS2_PLACEMENT_3D ( 'NONE', #5716, #6427, #1863 ) ;
#2402 = EDGE_LOOP ( 'NONE', ( #1910, #523, #1496, #4281 ) ) ;
#2403 =( NAMED_UNIT ( * ) SI_UNIT ( $, .STERADIAN. ) SOLID_ANGLE_UNIT ( ) );
#2404 = DIRECTION ( 'NONE',  ( 7.067300691551202826E-15, -0.000000000000000000, 1.000000000000000000 ) ) ;
#2405 = DIRECTION ( 'NONE',  ( -4.336808689942019708E-16, 0.000000000000000000, -1.000000000000000000 ) ) ;
#2406 = ORIENTED_EDGE ( 'NONE', *, *, #1007, .F. ) ;
#2407 =( LENGTH_UNIT ( ) NAMED_UNIT ( * ) SI_UNIT ( .MILLI., .METRE. ) );
#2408 =( LENGTH_UNIT ( ) NAMED_UNIT ( * ) SI_UNIT ( .MILLI., .METRE. ) );
#2409 = STYLED_ITEM ( 'NONE', ( #6708 ), #5991 ) ;
#2410 = ORIENTED_EDGE ( 'NONE', *, *, #6923, .F. ) ;
#2411 = CARTESIAN_POINT ( 'NONE',  ( 3.299999999999999378, 0.1499999999999999944, -1.800000000000000488 ) ) ;
#2412 = ORIENTED_EDGE ( 'NONE', *, *, #1341, .T. ) ;
#2413 = DIRECTION ( 'NONE',  ( 1.000000000000000000, 0.000000000000000000, -0.000000000000000000 ) ) ;
#2414 = EDGE_CURVE ( 'NONE', #7071, #963, #3992, .T. ) ;
#2415 = COLOUR_RGB ( '',1.000000000000000000, 1.000000000000000000, 1.000000000000000000 ) ;
#2416 = LINE ( 'NONE', #6810, #34 ) ;
#2417 = ORIENTED_EDGE ( 'NONE', *, *, #7097, .F. ) ;
#2418 = CARTESIAN_POINT ( 'NONE',  ( -0.5369520278213519848, 3.000000000000000000, 2.140026246433025747 ) ) ;
#2419 = SURFACE_SIDE_STYLE ('',( #1363 ) ) ;
#2420 = CARTESIAN_POINT ( 'NONE',  ( -1.044367525175621259, 2.950000000000000178, 0.6220847029044118681 ) ) ;
#2421 = EDGE_LOOP ( 'NONE', ( #2423, #6912, #6855, #7016 ) ) ;
#2422 = VECTOR ( 'NONE', #61, 1000.000000000000000 ) ;
#2423 = ORIENTED_EDGE ( 'NONE', *, *, #5773, .F. ) ;
#2424 = LINE ( 'NONE', #72, #4638 ) ;
#2425 = CARTESIAN_POINT ( 'NONE',  ( -0.5369520278213519848, 3.000000000000000000, 2.140026246433025747 ) ) ;
#2426 = LINE ( 'NONE', #6308, #4726 ) ;
#2427 = CARTESIAN_POINT ( 'NONE',  ( 3.299999999999999822, 0.2442857142857142450, 1.800000000000001155 ) ) ;
#2428 = EDGE_CURVE ( 'NONE', #3360, #3815, #5269, .T. ) ;
#2429 = DIRECTION ( 'NONE',  ( 1.000000000000000000, 0.000000000000000000, -4.606854556878935206E-15 ) ) ;
#2430 = MECHANICAL_DESIGN_GEOMETRIC_PRESENTATION_REPRESENTATION (  '', ( #2510 ), #3498 ) ;
#2431 = COLOUR_RGB ( '',1.000000000000000000, 1.000000000000000000, 1.000000000000000000 ) ;
#2432 = EDGE_CURVE ( 'NONE', #2017, #7178, #1411, .T. ) ;
#2433 = DIRECTION ( 'NONE',  ( 0.000000000000000000, -0.000000000000000000, -1.000000000000000000 ) ) ;
#2434 = LINE ( 'NONE', #2660, #4816 ) ;
#2435 = ORIENTED_EDGE ( 'NONE', *, *, #1015, .F. ) ;
#2436 =( NAMED_UNIT ( * ) SI_UNIT ( $, .STERADIAN. ) SOLID_ANGLE_UNIT ( ) );
#2437 = SURFACE_STYLE_FILL_AREA ( #2547 ) ;
#2438 = EDGE_CURVE ( 'NONE', #743, #2460, #4060, .T. ) ;
#2439 = CARTESIAN_POINT ( 'NONE',  ( -0.3113406322684310057, 2.950000000000000178, 1.017803178849526313 ) ) ;
#2440 = ADVANCED_FACE ( 'NONE', ( #3903 ), #3939, .T. ) ;
#2441 = ORIENTED_EDGE ( 'NONE', *, *, #4259, .T. ) ;
#2442 = PLANE ( 'NONE',  #2401 ) ;
#2443 = CARTESIAN_POINT ( 'NONE',  ( 3.205714285714285516, 0.2442857142857142450, -1.800000000000000488 ) ) ;
#2444 = DIRECTION ( 'NONE',  ( 3.777208558894928895E-15, 0.000000000000000000, 1.000000000000000000 ) ) ;
#2445 = EDGE_LOOP ( 'NONE', ( #6459, #3208, #4741, #793, #6434 ) ) ;
#2446 = LINE ( 'NONE', #5005, #159 ) ;
#2447 = ORIENTED_EDGE ( 'NONE', *, *, #5877, .T. ) ;
#2448 = SURFACE_STYLE_FILL_AREA ( #6411 ) ;
#2449 = MANIFOLD_SOLID_BREP ( 'Boss-Extrude4', #4172 ) ;
#2450 = ORIENTED_EDGE ( 'NONE', *, *, #6671, .F. ) ;
#2451 = EDGE_CURVE ( 'NONE', #369, #3889, #6309, .T. ) ;
#2452 = CARTESIAN_POINT ( 'NONE',  ( -0.5191275572975078134, 2.949999999999999734, -0.4017349403839645672 ) ) ;
#2453 = CARTESIAN_POINT ( 'NONE',  ( -2.828571428571428736, 3.000000000000000000, 2.828571428571428736 ) ) ;
#2454 = B_SPLINE_CURVE_WITH_KNOTS ( 'NONE', 3,
 ( #4992, #1660, #5091, #559, #3755 ),
 .UNSPECIFIED., .F., .F.,
 ( 4, 1, 4 ),
 ( 0.000000000000000000, 0.5079839729424890926, 1.000000000000000000 ),
 .UNSPECIFIED. ) ;
#2455 = DIRECTION ( 'NONE',  ( 0.000000000000000000, -1.000000000000000000, 0.000000000000000000 ) ) ;
#2456 = APPLICATION_CONTEXT ( 'automotive_design' ) ;
#2457 = ORIENTED_EDGE ( 'NONE', *, *, #283, .T. ) ;
#2458 = CARTESIAN_POINT ( 'NONE',  ( 2.828571428571428736, 0.1499999999999999944, 3.205714285714285960 ) ) ;
#2459 = LINE ( 'NONE', #1931, #4804 ) ;
#2460 = VERTEX_POINT ( 'NONE', #855 ) ;
#2461 = CARTESIAN_POINT ( 'NONE',  ( -1.291453225550519335, 3.000000000000000000, -2.269617236342074129 ) ) ;
#2462 = VERTEX_POINT ( 'NONE', #392 ) ;
#2463 = DIRECTION ( 'NONE',  ( 0.000000000000000000, -0.000000000000000000, 1.000000000000000000 ) ) ;
#2464 = FACE_OUTER_BOUND ( 'NONE', #6078, .T. ) ;
#2465 = ORIENTED_EDGE ( 'NONE', *, *, #5961, .T. ) ;
#2466 = ORIENTED_EDGE ( 'NONE', *, *, #5305, .F. ) ;
#2467 = CARTESIAN_POINT ( 'NONE',  ( -1.132140295698483845, 3.000000000000000000, 2.097613617064586045 ) ) ;
#2468 = VECTOR ( 'NONE', #7183, 1000.000000000000000 ) ;
#2469 = ORIENTED_EDGE ( 'NONE', *, *, #1978, .T. ) ;
#2470 = EDGE_LOOP ( 'NONE', ( #3891, #5290, #7091, #4775 ) ) ;
#2471 = VECTOR ( 'NONE', #2534, 1000.000000000000000 ) ;
#2472 = CARTESIAN_POINT ( 'NONE',  ( -0.5104047370281182827, 2.949999999999999734, 1.258785626153509529 ) ) ;
#2473 = CARTESIAN_POINT ( 'NONE',  ( 0.000000000000000000, 0.5999999999999999778, 0.000000000000000000 ) ) ;
#2474 = AXIS2_PLACEMENT_3D ( 'NONE', #915, #1458, #3721 ) ;
#2475 = VERTEX_POINT ( 'NONE', #1385 ) ;
#2476 = CARTESIAN_POINT ( 'NONE',  ( -1.357751691251410708, 3.000000000000000000, 2.097613617064586933 ) ) ;
#2477 = FACE_OUTER_BOUND ( 'NONE', #6753, .T. ) ;
#2478 = AXIS2_PLACEMENT_3D ( 'NONE', #2569, #1466, #5332 ) ;
#2479 = AXIS2_PLACEMENT_3D ( 'NONE', #3611, #4111, #4851 ) ;
#2480 = CARTESIAN_POINT ( 'NONE',  ( -0.3113406322684293959, 2.949999999999999734, 1.462103842300823686 ) ) ;
#2481 = EDGE_LOOP ( 'NONE', ( #259, #5291, #5213, #6111, #4028, #1189, #4443, #3286 ) ) ;
#2482 = AXIS2_PLACEMENT_3D ( 'NONE', #2288, #2802, #62 ) ;
#2483 = LINE ( 'NONE', #4960, #83 ) ;
#2484 = DIRECTION ( 'NONE',  ( 1.000000000000000000, 0.000000000000000000, 0.000000000000000000 ) ) ;
#2485 = CARTESIAN_POINT ( 'NONE',  ( -2.592857142857142971, 2.900000000000000355, 2.592857142857143415 ) ) ;
#2486 = CARTESIAN_POINT ( 'NONE',  ( -3.299999999999999822, 0.5999999999999999778, -1.499999999999999778 ) ) ;
#2487 = AXIS2_PLACEMENT_3D ( 'NONE', #3654, #2355, #4264 ) ;
#2488 = DIRECTION ( 'NONE',  ( 0.000000000000000000, 1.000000000000000000, 0.000000000000000000 ) ) ;
#2489 = LINE ( 'NONE', #278, #349 ) ;
#2490 =( NAMED_UNIT ( * ) PLANE_ANGLE_UNIT ( ) SI_UNIT ( $, .RADIAN. ) );
#2491 = CARTESIAN_POINT ( 'NONE',  ( -3.624999999999999556, 0.5999999999999999778, 1.500000000000000666 ) ) ;
#2492 = ORIENTED_EDGE ( 'NONE', *, *, #2151, .T. ) ;
#2493 = ORIENTED_EDGE ( 'NONE', *, *, #4511, .T. ) ;
#2494 = LINE ( 'NONE', #6916, #5001 ) ;
#2495 = VERTEX_POINT ( 'NONE', #6688 ) ;
#2496 = ADVANCED_FACE ( 'NONE', ( #4051 ), #4588, .F. ) ;
#2497 = AXIS2_PLACEMENT_3D ( 'NONE', #1915, #2353, #5643 ) ;
#2498 =( NAMED_UNIT ( * ) SI_UNIT ( $, .STERADIAN. ) SOLID_ANGLE_UNIT ( ) );
#2499 = EDGE_CURVE ( 'NONE', #7095, #3591, #6345, .T. ) ;
#2500 = FILL_AREA_STYLE_COLOUR ( '', #2415 ) ;
#2501 = UNCERTAINTY_MEASURE_WITH_UNIT (LENGTH_MEASURE( 1.000000000000000082E-05 ), #3895, 'distance_accuracy_value', 'NONE');
#2502 = VERTEX_POINT ( 'NONE', #6215 ) ;
#2503 = DIRECTION ( 'NONE',  ( -3.848944471891893324E-15, -0.000000000000000000, -1.000000000000000000 ) ) ;
#2504 = DIRECTION ( 'NONE',  ( 4.037799520142767599E-15, -0.000000000000000000, 1.000000000000000000 ) ) ;
#2505 = CARTESIAN_POINT ( 'NONE',  ( -1.355548194750002322, 2.950000000000000178, 1.402156078069614509 ) ) ;
#2506 = FACE_OUTER_BOUND ( 'NONE', #7175, .T. ) ;
#2507 =( NAMED_UNIT ( * ) PLANE_ANGLE_UNIT ( ) SI_UNIT ( $, .RADIAN. ) );
#2508 = PLANE ( 'NONE',  #2389 ) ;
#2509 = ORIENTED_EDGE ( 'NONE', *, *, #4969, .F. ) ;
#2510 = STYLED_ITEM ( 'NONE', ( #5485 ), #3327 ) ;
#2511 = PLANE ( 'NONE',  #5770 ) ;
#2512 = FACE_OUTER_BOUND ( 'NONE', #4011, .T. ) ;
#2513 = EDGE_CURVE ( 'NONE', #5200, #2778, #1568, .T. ) ;
#2514 = SURFACE_STYLE_FILL_AREA ( #319 ) ;
#2515 = ORIENTED_EDGE ( 'NONE', *, *, #5695, .T. ) ;
#2516 = FACE_OUTER_BOUND ( 'NONE', #375, .T. ) ;
#2517 = PLANE ( 'NONE',  #3240 ) ;
#2518 = DIRECTION ( 'NONE',  ( -0.000000000000000000, 1.000000000000000000, -0.000000000000000000 ) ) ;
#2519 = VERTEX_POINT ( 'NONE', #2293 ) ;
#2520 = PRESENTATION_STYLE_ASSIGNMENT (( #2850 ) ) ;
#2521 = VERTEX_POINT ( 'NONE', #3364 ) ;
#2522 = CARTESIAN_POINT ( 'NONE',  ( -0.5347888298061447276, 3.000000000000000000, 0.1384375128069279537 ) ) ;
#2523 = LINE ( 'NONE', #5876, #5040 ) ;
#2524 = EDGE_CURVE ( 'NONE', #6436, #2388, #3926, .T. ) ;
#2525 = EDGE_LOOP ( 'NONE', ( #3941, #5999, #5727, #1608 ) ) ;
#2526 = DIRECTION ( 'NONE',  ( -0.000000000000000000, -1.000000000000000000, -0.000000000000000000 ) ) ;
#2527 = SURFACE_STYLE_FILL_AREA ( #556 ) ;
#2528 = EDGE_CURVE ( 'NONE', #1006, #3446, #6387, .T. ) ;
#2529 = ORIENTED_EDGE ( 'NONE', *, *, #5468, .T. ) ;
#2530 = VERTEX_POINT ( 'NONE', #4539 ) ;
#2531 = VECTOR ( 'NONE', #6598, 1000.000000000000114 ) ;
#2532 = ORIENTED_EDGE ( 'NONE', *, *, #2343, .T. ) ;
#2533 = VECTOR ( 'NONE', #188, 1000.000000000000000 ) ;
#2534 = DIRECTION ( 'NONE',  ( -0.000000000000000000, -1.000000000000000000, -0.000000000000000000 ) ) ;
#2535 = CARTESIAN_POINT ( 'NONE',  ( -0.5104047370281182827, 3.000000000000000000, 1.258785626153509529 ) ) ;
#2536 = PLANE ( 'NONE',  #7101 ) ;
#2537 = CARTESIAN_POINT ( 'NONE',  ( -0.3113406322684380556, 2.949999999999999734, -1.100845407848078716 ) ) ;
#2538 = CARTESIAN_POINT ( 'NONE',  ( 3.299999999999999822, 1.575000000000000178, 1.500000000000000666 ) ) ;
#2539 = CARTESIAN_POINT ( 'NONE',  ( -0.5369520278213535391, 2.949999999999999734, 1.709469332942378239 ) ) ;
#2540 = ADVANCED_FACE ( 'NONE', ( #1620 ), #3995, .T. ) ;
#2541 = ORIENTED_EDGE ( 'NONE', *, *, #66, .F. ) ;
#2542 = EDGE_CURVE ( 'NONE', #4514, #3759, #1940, .T. ) ;
#2543 = CLOSED_SHELL ( 'NONE', ( #4673, #4889, #7065, #45, #5016, #744, #3771, #5518, #2214, #110 ) ) ;
#2544 = FILL_AREA_STYLE_COLOUR ( '', #1872 ) ;
#2545 = CARTESIAN_POINT ( 'NONE',  ( -0.5369520278213593123, 3.000000000000000000, 0.1894440865371726790 ) ) ;
#2546 = DIRECTION ( 'NONE',  ( 0.000000000000000000, 1.000000000000000000, 0.000000000000000000 ) ) ;
#2547 = FILL_AREA_STYLE ('',( #2500 ) ) ;
#2548 = ORIENTED_EDGE ( 'NONE', *, *, #3768, .F. ) ;
#2549 = VERTEX_POINT ( 'NONE', #5633 ) ;
#2550 = DIRECTION ( 'NONE',  ( 1.828280983288194338E-15, 0.000000000000000000, 1.000000000000000000 ) ) ;
#2551 = DIRECTION ( 'NONE',  ( 0.000000000000000000, -0.000000000000000000, -1.000000000000000000 ) ) ;
#2552 = B_SPLINE_SURFACE_WITH_KNOTS ( 'NONE', 3, 1, ( 
 ( #1103, #1704 ),
 ( #6585, #5616 ),
 ( #7138, #6141 ),
 ( #2191, #1254 ),
 ( #4676, #5229 ) ),
 .UNSPECIFIED., .F., .F., .F.,
 ( 4, 1, 4 ),
 ( 2, 2 ),
 ( 0.000000000000000000, 0.5079839729424890926, 1.000000000000000000 ),
 ( 0.000000000000000000, 1.000000000000000000 ),
 .UNSPECIFIED. ) ;
#2553 = PRESENTATION_STYLE_ASSIGNMENT (( #6646 ) ) ;
#2554 = MECHANICAL_DESIGN_GEOMETRIC_PRESENTATION_REPRESENTATION (  '', ( #4197 ), #1588 ) ;
#2555 = AXIS2_PLACEMENT_3D ( 'NONE', #6566, #506, #5377 ) ;
#2556 = ADVANCED_FACE ( 'NONE', ( #1925 ), #6187, .T. ) ;
#2557 = ORIENTED_EDGE ( 'NONE', *, *, #615, .T. ) ;
#2558 = DIRECTION ( 'NONE',  ( -1.000000000000000000, 0.000000000000000000, 0.000000000000000000 ) ) ;
#2559 = CARTESIAN_POINT ( 'NONE',  ( -1.132140295698494725, 3.000000000000000000, -1.161343720975608562 ) ) ;
#2560 = ORIENTED_EDGE ( 'NONE', *, *, #957, .F. ) ;
#2561 = ORIENTED_EDGE ( 'NONE', *, *, #3876, .F. ) ;
#2562 = ORIENTED_EDGE ( 'NONE', *, *, #4163, .F. ) ;
#2563 = MECHANICAL_DESIGN_GEOMETRIC_PRESENTATION_REPRESENTATION (  '', ( #1118 ), #3460 ) ;
#2564 = ORIENTED_EDGE ( 'NONE', *, *, #5228, .T. ) ;
#2565 = SURFACE_STYLE_FILL_AREA ( #6868 ) ;
#2567 = FACE_OUTER_BOUND ( 'NONE', #3987, .T. ) ;
#2566 = CARTESIAN_POINT ( 'NONE',  ( 1.300000000000000266, 0.2500000000000000000, -1.799999999999999600 ) ) ;
#2568 = CARTESIAN_POINT ( 'NONE',  ( -0.5369520278213519848, 3.000000000000000000, 2.140026246433025747 ) ) ;
#2569 = CARTESIAN_POINT ( 'NONE',  ( -3.205714285714285516, 0.2442857142857142450, 2.828571428571428736 ) ) ;
#2570 = PLANE ( 'NONE',  #1761 ) ;
#2571 =( GEOMETRIC_REPRESENTATION_CONTEXT ( 3 ) GLOBAL_UNCERTAINTY_ASSIGNED_CONTEXT ( ( #2324 ) ) GLOBAL_UNIT_ASSIGNED_CONTEXT ( ( #1990, #2507, #6446 ) ) REPRESENTATION_CONTEXT ( 'NONE', 'WORKASPACE' ) );
#2572 = VERTEX_POINT ( 'NONE', #4740 ) ;
#2573 = STYLED_ITEM ( 'NONE', ( #6060 ), #2214 ) ;
#2574 = ORIENTED_EDGE ( 'NONE', *, *, #2323, .F. ) ;
#2575 = CARTESIAN_POINT ( 'NONE',  ( -0.3113406322684380556, 2.949999999999999734, -0.8608846822646283314 ) ) ;
#2576 = DIRECTION ( 'NONE',  ( -0.9945218953682746221, 0.000000000000000000, -0.1045284632676403147 ) ) ;
#2577 = CARTESIAN_POINT ( 'NONE',  ( -0.6173770034315396726, 3.000000000000000444, 1.758201658812008406 ) ) ;
#2578 = ORIENTED_EDGE ( 'NONE', *, *, #5413, .T. ) ;
#2579 = ORIENTED_EDGE ( 'NONE', *, *, #5326, .F. ) ;
#2580 = CIRCLE ( 'NONE', #3933, 0.03038517195999622389 ) ;
#2581 = ORIENTED_EDGE ( 'NONE', *, *, #1512, .F. ) ;
#2582 = EDGE_CURVE ( 'NONE', #4446, #1679, #4162, .T. ) ;
#2583 = LINE ( 'NONE', #4913, #5088 ) ;
#2584 = CIRCLE ( 'NONE', #2312, 0.09428571428571427826 ) ;
#2585 = CARTESIAN_POINT ( 'NONE',  ( -1.291453225550534434, 3.000000000000000000, -0.6617235808708898936 ) ) ;
#2586 = VERTEX_POINT ( 'NONE', #4249 ) ;
#2587 = DIRECTION ( 'NONE',  ( 1.445602896647339163E-16, 0.000000000000000000, -1.000000000000000000 ) ) ;
#2588 = PRESENTATION_LAYER_ASSIGNMENT (  '', '', ( #7012 ) ) ;
#2589 = CARTESIAN_POINT ( 'NONE',  ( -1.355548194750002322, 3.000000000000000000, 1.402156078069614509 ) ) ;
#2590 = SURFACE_STYLE_USAGE ( .BOTH. , #516 ) ;
#2591 = CARTESIAN_POINT ( 'NONE',  ( -0.3124286010042897077, 3.000000000000000000, 0.8319616928011498436 ) ) ;
#2592 = EDGE_LOOP ( 'NONE', ( #1333, #3541, #1422, #6252 ) ) ;
#2593 = VERTEX_POINT ( 'NONE', #3593 ) ;
#2594 = VECTOR ( 'NONE', #3396, 1000.000000000000000 ) ;
#2595 = ORIENTED_EDGE ( 'NONE', *, *, #4608, .T. ) ;
#2596 = STYLED_ITEM ( 'NONE', ( #1234 ), #5646 ) ;
#2597 = CARTESIAN_POINT ( 'NONE',  ( -1.357751691251411597, 2.999999999999999556, 0.06376282006731877339 ) ) ;
#2598 = EDGE_CURVE ( 'NONE', #3864, #216, #4104, .T. ) ;
#2599 = DIRECTION ( 'NONE',  ( 0.000000000000000000, 0.000000000000000000, -1.000000000000000000 ) ) ;
#2600 = ORIENTED_EDGE ( 'NONE', *, *, #6829, .T. ) ;
#2601 = CARTESIAN_POINT ( 'NONE',  ( -0.3113406322684263428, 2.950000000000000178, 2.203872908678615961 ) ) ;
#2602 = SURFACE_STYLE_USAGE ( .BOTH. , #2025 ) ;
#2603 = STYLED_ITEM ( 'NONE', ( #3526 ), #3771 ) ;
#2604 = EDGE_CURVE ( 'NONE', #5034, #5921, #6712, .T. ) ;
#2605 = ORIENTED_EDGE ( 'NONE', *, *, #6435, .F. ) ;
#2606 = EDGE_LOOP ( 'NONE', ( #1922, #3881, #6721, #4059 ) ) ;
#2607 = DIRECTION ( 'NONE',  ( -0.4332787949176410414, 0.000000000000000000, 0.9012599435649610857 ) ) ;
#2608 =( NAMED_UNIT ( * ) PLANE_ANGLE_UNIT ( ) SI_UNIT ( $, .RADIAN. ) );
#2609 = LINE ( 'NONE', #4730, #211 ) ;
#2610 = EDGE_LOOP ( 'NONE', ( #3971, #627, #449, #543 ) ) ;
#2611 = CARTESIAN_POINT ( 'NONE',  ( -1.291453225550519335, 3.000000000000000000, -2.269617236342074129 ) ) ;
#2612 = CARTESIAN_POINT ( 'NONE',  ( -1.357751691251412263, 2.949999999999999734, 1.302799868628608859 ) ) ;
#2613 = ORIENTED_EDGE ( 'NONE', *, *, #2104, .F. ) ;
#2614 = DIRECTION ( 'NONE',  ( 1.000000000000000000, 0.000000000000000000, 0.000000000000000000 ) ) ;
#2615 = PRESENTATION_STYLE_ASSIGNMENT (( #3772 ) ) ;
#2616 = ORIENTED_EDGE ( 'NONE', *, *, #1721, .F. ) ;
#2617 = VERTEX_POINT ( 'NONE', #885 ) ;
#2618 = VERTEX_POINT ( 'NONE', #4294 ) ;
#2619 = EDGE_CURVE ( 'NONE', #5921, #6310, #1695, .T. ) ;
#2620 = CIRCLE ( 'NONE', #2671, 0.03038517195999622389 ) ;
#2621 = CARTESIAN_POINT ( 'NONE',  ( -2.024999999999999911, 0.5999999999999999778, -1.499999999999999778 ) ) ;
#2622 = ORIENTED_EDGE ( 'NONE', *, *, #5312, .T. ) ;
#2623 = CARTESIAN_POINT ( 'NONE',  ( -2.828571428571428736, 3.000000000000000000, 3.205714285714285960 ) ) ;
#2624 = CARTESIAN_POINT ( 'NONE',  ( -0.3113406322684310057, 2.949999999999999734, 1.017803178849526313 ) ) ;
#2625 = LINE ( 'NONE', #6380, #5127 ) ;
#2626 = DIRECTION ( 'NONE',  ( 0.000000000000000000, 0.000000000000000000, -1.000000000000000000 ) ) ;
#2627 = CARTESIAN_POINT ( 'NONE',  ( 3.300000000000000266, 1.433571428571428275, 0.2357142857142861259 ) ) ;
#2628 = VERTEX_POINT ( 'NONE', #466 ) ;
#2629 = ADVANCED_FACE ( 'NONE', ( #4213 ), #1722, .T. ) ;
#2630 = EDGE_CURVE ( 'NONE', #1353, #5815, #4122, .T. ) ;
#2631 = FILL_AREA_STYLE_COLOUR ( '', #2193 ) ;
#2632 = CARTESIAN_POINT ( 'NONE',  ( -0.3113406322684401095, 2.949999999999999734, -1.571536270387498879 ) ) ;
#2633 = ORIENTED_EDGE ( 'NONE', *, *, #1558, .F. ) ;
#2634 = VECTOR ( 'NONE', #5189, 1000.000000000000000 ) ;
#2635 = ORIENTED_EDGE ( 'NONE', *, *, #2451, .F. ) ;
#2636 = ORIENTED_EDGE ( 'NONE', *, *, #6421, .F. ) ;
#2637 = ORIENTED_EDGE ( 'NONE', *, *, #1705, .T. ) ;
#2638 = DIRECTION ( 'NONE',  ( -0.000000000000000000, -1.000000000000000000, -0.000000000000000000 ) ) ;
#2639 = FILL_AREA_STYLE_COLOUR ( '', #3243 ) ;
#2640 = FILL_AREA_STYLE_COLOUR ( '', #6552 ) ;
#2641 =( LENGTH_UNIT ( ) NAMED_UNIT ( * ) SI_UNIT ( .MILLI., .METRE. ) );
#2642 = CARTESIAN_POINT ( 'NONE',  ( -0.3113406322684401095, 3.000000000000000000, -1.571536270387498879 ) ) ;
#2643 = ORIENTED_EDGE ( 'NONE', *, *, #6524, .F. ) ;
#2644 = LINE ( 'NONE', #3584, #2659 ) ;
#2645 = VERTEX_POINT ( 'NONE', #470 ) ;
#2646 = VECTOR ( 'NONE', #1223, 1000.000000000000000 ) ;
#2647 =( NAMED_UNIT ( * ) PLANE_ANGLE_UNIT ( ) SI_UNIT ( $, .RADIAN. ) );
#2648 = CARTESIAN_POINT ( 'NONE',  ( -1.274968362457746363, 3.000000000000000000, -0.5805981914113235165 ) ) ;
#2649 = ORIENTED_EDGE ( 'NONE', *, *, #437, .T. ) ;
#2650 = ADVANCED_FACE ( 'NONE', ( #6722 ), #46, .F. ) ;
#2651 = DIRECTION ( 'NONE',  ( -0.000000000000000000, -1.000000000000000000, -0.000000000000000000 ) ) ;
#2652 = PRESENTATION_LAYER_ASSIGNMENT (  '', '', ( #7145 ) ) ;
#2653 =( GEOMETRIC_REPRESENTATION_CONTEXT ( 3 ) GLOBAL_UNCERTAINTY_ASSIGNED_CONTEXT ( ( #2950 ) ) GLOBAL_UNIT_ASSIGNED_CONTEXT ( ( #6035, #2232, #2784 ) ) REPRESENTATION_CONTEXT ( 'NONE', 'WORKASPACE' ) );
#2654 = ORIENTED_EDGE ( 'NONE', *, *, #6044, .T. ) ;
#2656 = PLANE ( 'NONE',  #158 ) ;
#2655 = AXIS2_PLACEMENT_3D ( 'NONE', #6103, #2203, #3814 ) ;
#2657 = DIRECTION ( 'NONE',  ( 1.000000000000000000, -0.000000000000000000, 0.000000000000000000 ) ) ;
#2658 = VECTOR ( 'NONE', #3302, 1000.000000000000000 ) ;
#2659 = VECTOR ( 'NONE', #6314, 1000.000000000000227 ) ;
#2660 = CARTESIAN_POINT ( 'NONE',  ( 3.299999999999998934, 0.2500000000000000000, 1.800000000000001155 ) ) ;
#2661 = DIRECTION ( 'NONE',  ( 0.000000000000000000, 0.000000000000000000, 1.000000000000000000 ) ) ;
#2662 = CARTESIAN_POINT ( 'NONE',  ( -0.8418326795865038736, 2.950000000000000178, 2.157877459663286590 ) ) ;
#2663 = LINE ( 'NONE', #3277, #187 ) ;
#2664 = CYLINDRICAL_SURFACE ( 'NONE', #4862, 0.08278332879368098529 ) ;
#2665 = ORIENTED_EDGE ( 'NONE', *, *, #2206, .T. ) ;
#2666 = ORIENTED_EDGE ( 'NONE', *, *, #2003, .T. ) ;
#2667 = DIRECTION ( 'NONE',  ( 1.445602896647339163E-16, 0.000000000000000000, 1.000000000000000000 ) ) ;
#2668 = EDGE_CURVE ( 'NONE', #5543, #1647, #1869, .T. ) ;
#2669 = CARTESIAN_POINT ( 'NONE',  ( -1.291453225550534434, 2.949999999999999734, -0.6617235808708898936 ) ) ;
#2670 = ADVANCED_FACE ( 'NONE', ( #4298 ), #2955, .T. ) ;
#2671 = AXIS2_PLACEMENT_3D ( 'NONE', #207, #4821, #4631 ) ;
#2672 = ORIENTED_EDGE ( 'NONE', *, *, #1398, .F. ) ;
#2673 = COLOUR_RGB ( '',1.000000000000000000, 1.000000000000000000, 1.000000000000000000 ) ;
#2674 = ORIENTED_EDGE ( 'NONE', *, *, #3273, .T. ) ;
#2675 = ADVANCED_FACE ( 'NONE', ( #4188 ), #3549, .T. ) ;
#2677 = LINE ( 'NONE', #2822, #5126 ) ;
#2676 = CARTESIAN_POINT ( 'NONE',  ( -0.5347888298061447276, 3.000000000000000000, 0.1384375128069279537 ) ) ;
#2678 = DIRECTION ( 'NONE',  ( 0.000000000000000000, 0.000000000000000000, 1.000000000000000000 ) ) ;
#2679 = CIRCLE ( 'NONE', #3398, 0.4714285714285714191 ) ;
#2680 = AXIS2_PLACEMENT_3D ( 'NONE', #4477, #5914, #6511 ) ;
#2681 = DIRECTION ( 'NONE',  ( 7.067300691551202826E-15, -0.000000000000000000, 1.000000000000000000 ) ) ;
#2682 = EDGE_CURVE ( 'NONE', #6377, #3580, #1756, .T. ) ;
#2683 = EDGE_LOOP ( 'NONE', ( #6028, #2562, #135, #1139 ) ) ;
#2684 = LINE ( 'NONE', #1144, #2658 ) ;
#2685 = VECTOR ( 'NONE', #1949, 1000.000000000000000 ) ;
#2686 = ORIENTED_EDGE ( 'NONE', *, *, #2151, .F. ) ;
#2687 = PRESENTATION_LAYER_ASSIGNMENT (  '', '', ( #838 ) ) ;
#2688 = CARTESIAN_POINT ( 'NONE',  ( -1.132140295698483845, 2.950000000000000178, 2.097613617064586045 ) ) ;
#2689 = ADVANCED_FACE ( 'NONE', ( #6594 ), #4200, .T. ) ;
#2690 =( NAMED_UNIT ( * ) SI_UNIT ( $, .STERADIAN. ) SOLID_ANGLE_UNIT ( ) );
#2691 = CARTESIAN_POINT ( 'NONE',  ( -1.000067001066248240, 2.949999999999999734, -2.191616090121250249 ) ) ;
#2692 = PLANE ( 'NONE',  #419 ) ;
#2693 = DIRECTION ( 'NONE',  ( 0.000000000000000000, 1.000000000000000000, 0.000000000000000000 ) ) ;
#2694 = EDGE_CURVE ( 'NONE', #1327, #1639, #6605, .T. ) ;
#2695 = VERTEX_POINT ( 'NONE', #941 ) ;
#2696 = UNCERTAINTY_MEASURE_WITH_UNIT (LENGTH_MEASURE( 1.000000000000000082E-05 ), #3773, 'distance_accuracy_value', 'NONE');
#2697 = ORIENTED_EDGE ( 'NONE', *, *, #1355, .F. ) ;
#2698 = AXIS2_PLACEMENT_3D ( 'NONE', #2995, #6161, #129 ) ;
#2699 = CARTESIAN_POINT ( 'NONE',  ( -1.357751691251411597, 2.949999999999999734, 0.9404351645289628081 ) ) ;
#2700 = EDGE_CURVE ( 'NONE', #5666, #1814, #6655, .T. ) ;
#2701 = CARTESIAN_POINT ( 'NONE',  ( -0.5369520278213630871, 3.000000000000000000, -1.107047874202976789 ) ) ;
#2702 = B_SPLINE_SURFACE_WITH_KNOTS ( 'NONE', 3, 1, ( 
 ( #4601, #3175 ),
 ( #7096, #5950 ),
 ( #5857, #6439 ),
 ( #1771, #3606 ),
 ( #6233, #1821 ) ),
 .UNSPECIFIED., .F., .F., .F.,
 ( 4, 1, 4 ),
 ( 2, 2 ),
 ( 0.000000000000000000, 0.5178533069596279459, 1.000000000000000000 ),
 ( 0.000000000000000000, 1.000000000000000000 ),
 .UNSPECIFIED. ) ;
#2703 = DIRECTION ( 'NONE',  ( -0.1991326434078727059, 0.000000000000000000, -0.9799725457018646502 ) ) ;
#2704 = EDGE_CURVE ( 'NONE', #2521, #5124, #4229, .T. ) ;
#2705 = CARTESIAN_POINT ( 'NONE',  ( -0.6149084483925322253, 3.000000000000000000, 1.596109267695102085 ) ) ;
#2706 = ORIENTED_EDGE ( 'NONE', *, *, #2958, .T. ) ;
#2707 = CARTESIAN_POINT ( 'NONE',  ( -1.258312057982464482, 3.000000000000000444, 1.620916768221409843 ) ) ;
#2708 = CARTESIAN_POINT ( 'NONE',  ( -0.4034324706246969483, 3.000000000000000444, 0.7593695934950106530 ) ) ;
#2709 = DIRECTION ( 'NONE',  ( 1.000000000000000000, -0.000000000000000000, 1.445602896647339163E-16 ) ) ;
#2710 = DIRECTION ( 'NONE',  ( 0.000000000000000000, -1.000000000000000000, 0.000000000000000000 ) ) ;
#2711 = B_SPLINE_CURVE_WITH_KNOTS ( 'NONE', 3,
 ( #2985, #5798, #1895, #1360, #6367 ),
 .UNSPECIFIED., .F., .F.,
 ( 4, 1, 4 ),
 ( 0.000000000000000000, 0.5178533069596279459, 1.000000000000000000 ),
 .UNSPECIFIED. ) ;
#2712 = DIRECTION ( 'NONE',  ( 1.828280983288194338E-15, 0.000000000000000000, 1.000000000000000000 ) ) ;
#2713 = ORIENTED_EDGE ( 'NONE', *, *, #2279, .T. ) ;
#2714 = EDGE_CURVE ( 'NONE', #104, #307, #1830, .T. ) ;
#2715 = CARTESIAN_POINT ( 'NONE',  ( -2.024999999999999911, 0.5999999999999999778, 2.927345865710861479E-16 ) ) ;
#2716 = ADVANCED_FACE ( 'NONE', ( #4265 ), #2997, .T. ) ;
#2717 = ORIENTED_EDGE ( 'NONE', *, *, #2397, .T. ) ;
#2718 = VECTOR ( 'NONE', #1432, 1000.000000000000000 ) ;
#2719 = EDGE_CURVE ( 'NONE', #2572, #4009, #6952, .T. ) ;
#2720 = DIRECTION ( 'NONE',  ( -0.000000000000000000, -1.000000000000000000, -0.000000000000000000 ) ) ;
#2721 = SURFACE_SIDE_STYLE ('',( #2225 ) ) ;
#2722 = CARTESIAN_POINT ( 'NONE',  ( -0.3113406322684287852, 3.000000000000000000, -0.9768128291060232948 ) ) ;
#2723 = CARTESIAN_POINT ( 'NONE',  ( -1.357751691251422699, 1.610876343277178879, -1.681518504515441492 ) ) ;
#2724 = PRESENTATION_STYLE_ASSIGNMENT (( #172 ) ) ;
#2725 = CARTESIAN_POINT ( 'NONE',  ( -2.024999999999999467, 0.5999999999999999778, 1.500000000000000222 ) ) ;
#2726 = VERTEX_POINT ( 'NONE', #3452 ) ;
#2727 = VERTEX_POINT ( 'NONE', #6887 ) ;
#2728 = SURFACE_SIDE_STYLE ('',( #6995 ) ) ;
#2729 = CARTESIAN_POINT ( 'NONE',  ( -0.8418426963106281358, 2.950000000000000178, 2.163869536259844129 ) ) ;
#2730 = ORIENTED_EDGE ( 'NONE', *, *, #5232, .T. ) ;
#2731 = FACE_OUTER_BOUND ( 'NONE', #2818, .T. ) ;
#2732 = ADVANCED_FACE ( 'NONE', ( #2115 ), #4838, .T. ) ;
#2733 = CARTESIAN_POINT ( 'NONE',  ( -1.258312057982464482, 2.950000000000001066, 1.620916768221409843 ) ) ;
#2734 = VECTOR ( 'NONE', #497, 1000.000000000000000 ) ;
#2735 = ORIENTED_EDGE ( 'NONE', *, *, #786, .F. ) ;
#2736 = CARTESIAN_POINT ( 'NONE',  ( -1.357751691251411597, 3.000000000000000000, 1.623199812011252963 ) ) ;
#2737 = CARTESIAN_POINT ( 'NONE',  ( -1.357751691251422699, 2.949999999999999734, -1.681518504515441492 ) ) ;
#2738 = DIRECTION ( 'NONE',  ( 1.204669080539449590E-16, 0.000000000000000000, -1.000000000000000000 ) ) ;
#2739 = CARTESIAN_POINT ( 'NONE',  ( -1.357751691251411597, 2.949999999999999734, 0.9404351645289628081 ) ) ;
#2740 = EDGE_LOOP ( 'NONE', ( #2579, #4934, #3080, #4487 ) ) ;
#2741 = LINE ( 'NONE', #5393, #5074 ) ;
#2742 = VECTOR ( 'NONE', #4036, 1000.000000000000000 ) ;
#2743 = LINE ( 'NONE', #2145, #335 ) ;
#2744 = FACE_OUTER_BOUND ( 'NONE', #1973, .T. ) ;
#2745 = VECTOR ( 'NONE', #2550, 1000.000000000000000 ) ;
#2746 = AXIS2_PLACEMENT_3D ( 'NONE', #3598, #4884, #4255 ) ;
#2747 = MECHANICAL_DESIGN_GEOMETRIC_PRESENTATION_REPRESENTATION (  '', ( #2133 ), #503 ) ;
#2748 = DIRECTION ( 'NONE',  ( 0.000000000000000000, 0.000000000000000000, 1.000000000000000000 ) ) ;
#2749 = ORIENTED_EDGE ( 'NONE', *, *, #1332, .T. ) ;
#2750 = PRESENTATION_LAYER_ASSIGNMENT (  '', '', ( #2241 ) ) ;
#2751 = CARTESIAN_POINT ( 'NONE',  ( -1.132140295698494725, 3.000000000000000000, -1.161343720975608562 ) ) ;
#2752 = CARTESIAN_POINT ( 'NONE',  ( -0.3113406322684341143, 2.949999999999999734, 0.1536859196460394206 ) ) ;
#2753 = ORIENTED_EDGE ( 'NONE', *, *, #1023, .F. ) ;
#2754 =( LENGTH_UNIT ( ) NAMED_UNIT ( * ) SI_UNIT ( .MILLI., .METRE. ) );
#2755 = LINE ( 'NONE', #3107, #5195 ) ;
#2756 = DIRECTION ( 'NONE',  ( -1.000000000000000000, 0.000000000000000000, 0.000000000000000000 ) ) ;
#2757 = DIRECTION ( 'NONE',  ( -0.000000000000000000, -0.000000000000000000, -1.000000000000000000 ) ) ;
#2758 = LINE ( 'NONE', #951, #5173 ) ;
#2759 = COLOUR_RGB ( '',1.000000000000000000, 1.000000000000000000, 1.000000000000000000 ) ;
#2760 = ORIENTED_EDGE ( 'NONE', *, *, #1355, .T. ) ;
#2761 = ORIENTED_EDGE ( 'NONE', *, *, #7030, .T. ) ;
#2762 =( GEOMETRIC_REPRESENTATION_CONTEXT ( 3 ) GLOBAL_UNCERTAINTY_ASSIGNED_CONTEXT ( ( #4462 ) ) GLOBAL_UNIT_ASSIGNED_CONTEXT ( ( #2754, #4469, #5662 ) ) REPRESENTATION_CONTEXT ( 'NONE', 'WORKASPACE' ) );
#2763 = CARTESIAN_POINT ( 'NONE',  ( -0.9960914994576102188, 2.949999999999999734, -0.5535984564600542335 ) ) ;
#2764 = DIRECTION ( 'NONE',  ( -0.000000000000000000, 1.000000000000000000, -0.000000000000000000 ) ) ;
#2765 = AXIS2_PLACEMENT_3D ( 'NONE', #6386, #2394, #6786 ) ;
#2767 = VECTOR ( 'NONE', #3743, 1000.000000000000000 ) ;
#2766 = DIRECTION ( 'NONE',  ( 0.000000000000000000, 0.000000000000000000, -1.000000000000000000 ) ) ;
#2768 = DIRECTION ( 'NONE',  ( 0.000000000000000000, 1.000000000000000000, -0.000000000000000000 ) ) ;
#2769 = VECTOR ( 'NONE', #6554, 1000.000000000000000 ) ;
#2770 =( NAMED_UNIT ( * ) SI_UNIT ( $, .STERADIAN. ) SOLID_ANGLE_UNIT ( ) );
#2771 = EDGE_CURVE ( 'NONE', #3951, #28, #276, .T. ) ;
#2772 = CARTESIAN_POINT ( 'NONE',  ( 4.065758146820639655E-16, 0.5999999999999999778, 1.499999999999999556 ) ) ;
#2773 = VERTEX_POINT ( 'NONE', #3167 ) ;
#2774 = DIRECTION ( 'NONE',  ( 0.000000000000000000, -1.000000000000000000, 0.000000000000000000 ) ) ;
#2775 = ADVANCED_FACE ( 'NONE', ( #4425 ), #2692, .T. ) ;
#2776 = CARTESIAN_POINT ( 'NONE',  ( -2.828571428571428736, 2.905714285714285694, -2.828571428571428736 ) ) ;
#2777 = AXIS2_PLACEMENT_3D ( 'NONE', #3271, #5000, #3807 ) ;
#2778 = VERTEX_POINT ( 'NONE', #4936 ) ;
#2779 = LINE ( 'NONE', #303, #5145 ) ;
#2780 = FACE_OUTER_BOUND ( 'NONE', #137, .T. ) ;
#2781 = LINE ( 'NONE', #6200, #5302 ) ;
#2782 = EDGE_CURVE ( 'NONE', #2388, #1290, #6866, .T. ) ;
#2783 = CARTESIAN_POINT ( 'NONE',  ( -1.132140295698489618, 1.610876343277178879, 0.4856831150319117496 ) ) ;
#2784 =( NAMED_UNIT ( * ) SI_UNIT ( $, .STERADIAN. ) SOLID_ANGLE_UNIT ( ) );
#2785 = CARTESIAN_POINT ( 'NONE',  ( -2.024999999999999911, 0.5999999999999999778, 2.927345865710861479E-16 ) ) ;
#2786 = PLANE ( 'NONE',  #1203 ) ;
#2787 = DIRECTION ( 'NONE',  ( -0.9945218953682742891, 0.000000000000000000, -0.1045284632676442699 ) ) ;
#2788 = EDGE_CURVE ( 'NONE', #5659, #3875, #6879, .T. ) ;
#2789 = ADVANCED_FACE ( 'NONE', ( #6827 ), #6384, .T. ) ;
#2790 = VECTOR ( 'NONE', #5581, 1000.000000000000000 ) ;
#2791 = SURFACE_STYLE_FILL_AREA ( #4199 ) ;
#2792 = LINE ( 'NONE', #2374, #527 ) ;
#2793 = DIRECTION ( 'NONE',  ( 0.9012599435649610857, -0.000000000000000000, 0.4332787949176410414 ) ) ;
#2794 = VERTEX_POINT ( 'NONE', #2538 ) ;
#2795 = EDGE_CURVE ( 'NONE', #4994, #752, #4410, .T. ) ;
#2796 = ORIENTED_EDGE ( 'NONE', *, *, #5404, .T. ) ;
#2797 = CARTESIAN_POINT ( 'NONE',  ( -1.357751691251411597, 2.949999999999999734, 1.623199812011252963 ) ) ;
#2798 = ORIENTED_EDGE ( 'NONE', *, *, #2088, .F. ) ;
#2799 =( NAMED_UNIT ( * ) SI_UNIT ( $, .STERADIAN. ) SOLID_ANGLE_UNIT ( ) );
#2800 = ORIENTED_EDGE ( 'NONE', *, *, #2619, .F. ) ;
#2801 = CARTESIAN_POINT ( 'NONE',  ( 2.828571428571428736, 0.2442857142857142450, 3.300000000000000266 ) ) ;
#2802 = DIRECTION ( 'NONE',  ( -0.000000000000000000, -0.000000000000000000, -1.000000000000000000 ) ) ;
#2803 = LINE ( 'NONE', #3256, #427 ) ;
#2804 = FACE_OUTER_BOUND ( 'NONE', #5801, .T. ) ;
#2805 = CARTESIAN_POINT ( 'NONE',  ( -0.5369520278213577580, 1.610876343277178879, 0.5545010321583131452 ) ) ;
#2806 = ORIENTED_EDGE ( 'NONE', *, *, #4933, .T. ) ;
#2807 = EDGE_CURVE ( 'NONE', #5522, #6436, #4438, .T. ) ;
#2808 = DIRECTION ( 'NONE',  ( 1.000000000000000000, 0.000000000000000000, -3.848944471891893324E-15 ) ) ;
#2809 = ORIENTED_EDGE ( 'NONE', *, *, #2350, .T. ) ;
#2810 =( LENGTH_UNIT ( ) NAMED_UNIT ( * ) SI_UNIT ( .MILLI., .METRE. ) );
#2811 = FACE_OUTER_BOUND ( 'NONE', #4620, .T. ) ;
#2813 = LINE ( 'NONE', #4979, #5235 ) ;
#2812 = SURFACE_STYLE_USAGE ( .BOTH. , #4914 ) ;
#2814 =( NAMED_UNIT ( * ) SI_UNIT ( $, .STERADIAN. ) SOLID_ANGLE_UNIT ( ) );
#2815 = CIRCLE ( 'NONE', #3081, 0.2357142857142857095 ) ;
#2816 = DIRECTION ( 'NONE',  ( 4.037799520142767599E-15, 0.000000000000000000, 1.000000000000000000 ) ) ;
#2817 = ORIENTED_EDGE ( 'NONE', *, *, #6908, .F. ) ;
#2818 = EDGE_LOOP ( 'NONE', ( #1163, #1104, #6071, #1303 ) ) ;
#2819 = CARTESIAN_POINT ( 'NONE',  ( -1.357751691251421589, 3.000000000000000000, -1.107666862175472389 ) ) ;
#2820 = CARTESIAN_POINT ( 'NONE',  ( -0.5191275572975038166, 1.610876343277178879, -2.009628595855005528 ) ) ;
#2821 = AXIS2_PLACEMENT_3D ( 'NONE', #3778, #4388, #5512 ) ;
#2822 = CARTESIAN_POINT ( 'NONE',  ( 3.205714285714285516, 0.1499999999999999944, 2.828571428571428736 ) ) ;
#2823 = ORIENTED_EDGE ( 'NONE', *, *, #3040, .T. ) ;
#2824 = ORIENTED_EDGE ( 'NONE', *, *, #823, .T. ) ;
#2825 = CARTESIAN_POINT ( 'NONE',  ( -1.044367525175621259, 2.950000000000000622, 0.6220847029044119791 ) ) ;
#2826 = ADVANCED_FACE ( 'NONE', ( #2146 ), #2212, .F. ) ;
#2827 = MECHANICAL_DESIGN_GEOMETRIC_PRESENTATION_REPRESENTATION (  '', ( #5109 ), #5192 ) ;
#2828 = DIRECTION ( 'NONE',  ( 1.000000000000000000, 0.000000000000000000, -1.924472235945947451E-15 ) ) ;
#2829 = VECTOR ( 'NONE', #1386, 1000.000000000000000 ) ;
#2830 = DIRECTION ( 'NONE',  ( -0.9945218953682744001, -0.000000000000000000, -0.1045284632676440895 ) ) ;
#2831 = CARTESIAN_POINT ( 'NONE',  ( -1.274968362457746363, 3.000000000000000000, -0.5805981914113235165 ) ) ;
#2832 = STYLED_ITEM ( 'NONE', ( #362 ), #6641 ) ;
#2833 = DIRECTION ( 'NONE',  ( -1.000000000000000000, 0.000000000000000000, 2.650237759331712794E-15 ) ) ;
#2834 =( GEOMETRIC_REPRESENTATION_CONTEXT ( 3 ) GLOBAL_UNCERTAINTY_ASSIGNED_CONTEXT ( ( #4663 ) ) GLOBAL_UNIT_ASSIGNED_CONTEXT ( ( #407, #1401, #6515 ) ) REPRESENTATION_CONTEXT ( 'NONE', 'WORKASPACE' ) );
#2835 = ORIENTED_EDGE ( 'NONE', *, *, #3571, .F. ) ;
#2836 = STYLED_ITEM ( 'NONE', ( #6660 ), #4522 ) ;
#2837 = VECTOR ( 'NONE', #3486, 1000.000000000000000 ) ;
#2838 = LINE ( 'NONE', #5493, #2745 ) ;
#2839 = CARTESIAN_POINT ( 'NONE',  ( -1.357751691251411597, 1.610876343277178879, 1.623199812011252963 ) ) ;
#2840 = VERTEX_POINT ( 'NONE', #4509 ) ;
#2841 = DIRECTION ( 'NONE',  ( 0.000000000000000000, 0.000000000000000000, -1.000000000000000000 ) ) ;
#2842 = DIRECTION ( 'NONE',  ( 0.000000000000000000, 1.000000000000000000, 0.000000000000000000 ) ) ;
#2843 = LINE ( 'NONE', #6957, #2829 ) ;
#2844 = AXIS2_PLACEMENT_3D ( 'NONE', #6, #5043, #2886 ) ;
#2845 = CARTESIAN_POINT ( 'NONE',  ( 3.300000000000000266, 1.339285714285714191, -0.2357142857142852377 ) ) ;
#2846 = ORIENTED_EDGE ( 'NONE', *, *, #387, .F. ) ;
#2847 = CARTESIAN_POINT ( 'NONE',  ( -1.357751691251411597, 2.949999999999999734, 1.302799868628608859 ) ) ;
#2848 = CYLINDRICAL_SURFACE ( 'NONE', #2478, 0.09428571428571427826 ) ;
#2849 = ORIENTED_EDGE ( 'NONE', *, *, #6329, .F. ) ;
#2850 = SURFACE_STYLE_USAGE ( .BOTH. , #1794 ) ;
#2851 = B_SPLINE_CURVE_WITH_KNOTS ( 'NONE', 3,
 ( #5466, #5977, #7079, #965 ),
 .UNSPECIFIED., .F., .F.,
 ( 4, 4 ),
 ( 0.000000000000000000, 1.000000000000000000 ),
 .UNSPECIFIED. ) ;
#2852 = CARTESIAN_POINT ( 'NONE',  ( -3.300000000000000266, 1.339285714285714191, -0.2357142857142852377 ) ) ;
#2853 = ADVANCED_FACE ( 'NONE', ( #2161 ), #555, .T. ) ;
#2854 = AXIS2_PLACEMENT_3D ( 'NONE', #3918, #2842, #6195 ) ;
#2855 = SURFACE_STYLE_FILL_AREA ( #2937 ) ;
#2856 = FACE_OUTER_BOUND ( 'NONE', #3769, .T. ) ;
#2857 = ORIENTED_EDGE ( 'NONE', *, *, #6096, .F. ) ;
#2858 = ORIENTED_EDGE ( 'NONE', *, *, #4088, .F. ) ;
#2859 = DIRECTION ( 'NONE',  ( -0.000000000000000000, 1.000000000000000000, -0.000000000000000000 ) ) ;
#2860 = AXIS2_PLACEMENT_3D ( 'NONE', #1365, #2429, #3684 ) ;
#2861 = EDGE_CURVE ( 'NONE', #790, #4283, #1460, .T. ) ;
#2862 = ORIENTED_EDGE ( 'NONE', *, *, #5245, .T. ) ;
#2863 = VECTOR ( 'NONE', #2391, 1000.000000000000000 ) ;
#2864 = DIRECTION ( 'NONE',  ( -1.000000000000000000, 0.000000000000000000, 0.000000000000000000 ) ) ;
#2865 = PRESENTATION_LAYER_ASSIGNMENT (  '', '', ( #4710 ) ) ;
#2866 = VECTOR ( 'NONE', #989, 1000.000000000000000 ) ;
#2867 = DIRECTION ( 'NONE',  ( 0.000000000000000000, -1.000000000000000000, 0.000000000000000000 ) ) ;
#2868 = EDGE_CURVE ( 'NONE', #4226, #2593, #4449, .T. ) ;
#2869 = CARTESIAN_POINT ( 'NONE',  ( -0.3113406322684403871, 3.000000000000000000, -1.633376983460833376 ) ) ;
#2870 = UNCERTAINTY_MEASURE_WITH_UNIT (LENGTH_MEASURE( 1.000000000000000082E-05 ), #1236, 'distance_accuracy_value', 'NONE');
#2871 = ORIENTED_EDGE ( 'NONE', *, *, #1782, .F. ) ;
#2872 = DIRECTION ( 'NONE',  ( 1.000000000000000000, 0.000000000000000000, 1.445602896647339163E-16 ) ) ;
#2873 =( LENGTH_UNIT ( ) NAMED_UNIT ( * ) SI_UNIT ( .MILLI., .METRE. ) );
#2874 = SURFACE_STYLE_FILL_AREA ( #3047 ) ;
#2875 = CARTESIAN_POINT ( 'NONE',  ( 3.299999999999999822, 0.5999999999999999778, 1.500000000000000666 ) ) ;
#2876 = EDGE_CURVE ( 'NONE', #5522, #5153, #4506, .T. ) ;
#2877 = CARTESIAN_POINT ( 'NONE',  ( 0.000000000000000000, 0.2500000000000000000, 0.000000000000000000 ) ) ;
#2878 = VECTOR ( 'NONE', #6847, 1000.000000000000000 ) ;
#2879 = DIRECTION ( 'NONE',  ( 0.000000000000000000, 0.000000000000000000, -1.000000000000000000 ) ) ;
#2880 = CARTESIAN_POINT ( 'NONE',  ( 3.625000000000000000, 1.433571428571428275, -0.2357142857142851544 ) ) ;
#2881 = ORIENTED_EDGE ( 'NONE', *, *, #5380, .F. ) ;
#2882 = SURFACE_STYLE_FILL_AREA ( #3834 ) ;
#2883 = EDGE_CURVE ( 'NONE', #3914, #6963, #2190, .T. ) ;
#2884 = VECTOR ( 'NONE', #3143, 1000.000000000000000 ) ;
#2885 = CIRCLE ( 'NONE', #7089, 0.09428571428571427826 ) ;
#2886 = DIRECTION ( 'NONE',  ( -3.538354270939118021E-15, 0.000000000000000000, -1.000000000000000000 ) ) ;
#2887 = EDGE_LOOP ( 'NONE', ( #4944, #994, #1228, #6244 ) ) ;
#2888 = ADVANCED_FACE ( 'NONE', ( #6872 ), #4987, .T. ) ;
#2889 = CARTESIAN_POINT ( 'NONE',  ( -0.5104047370281182827, 2.949999999999999734, 1.258785626153509529 ) ) ;
#2890 = CARTESIAN_POINT ( 'NONE',  ( -0.3255707312758720495, 2.999999999999999556, 1.533180298713288980 ) ) ;
#2891 = CARTESIAN_POINT ( 'NONE',  ( -0.8186499976311963911, 3.000000000000000000, 0.1029587669415544526 ) ) ;
#2892 = LINE ( 'NONE', #1968, #607 ) ;
#2893 = CARTESIAN_POINT ( 'NONE',  ( -0.3113406322684358352, 1.610876343277178879, -0.3018418195157239192 ) ) ;
#2894 = DIRECTION ( 'NONE',  ( 1.000000000000000000, -0.000000000000000000, 1.445602896647339163E-16 ) ) ;
#2895 = EDGE_CURVE ( 'NONE', #595, #2628, #4494, .T. ) ;
#2896 = CYLINDRICAL_SURFACE ( 'NONE', #4515, 0.2357142857142857095 ) ;
#2897 = DIRECTION ( 'NONE',  ( 2.650237759331712794E-15, -0.000000000000000000, 1.000000000000000000 ) ) ;
#2898 = ORIENTED_EDGE ( 'NONE', *, *, #6580, .T. ) ;
#2899 = SURFACE_STYLE_USAGE ( .BOTH. , #1804 ) ;
#2900 = CARTESIAN_POINT ( 'NONE',  ( 2.828571428571428736, 2.905714285714285694, -2.828571428571428736 ) ) ;
#2901 = LINE ( 'NONE', #4153, #3021 ) ;
#2902 = CARTESIAN_POINT ( 'NONE',  ( -1.357751691251411597, 3.000000000000000000, 1.302799868628608859 ) ) ;
#2903 = ADVANCED_FACE ( 'NONE', ( #6968 ), #3908, .F. ) ;
#2904 = CARTESIAN_POINT ( 'NONE',  ( -1.357751691251414483, 2.950000000000000178, 0.6007890726471740717 ) ) ;
#2905 = CARTESIAN_POINT ( 'NONE',  ( 3.299999999999999822, 0.5999999999999999778, -1.499999999999999778 ) ) ;
#2906 = CARTESIAN_POINT ( 'NONE',  ( -1.132140295698496057, 3.000000000000000000, -1.207104699462107966 ) ) ;
#2907 = AXIS2_PLACEMENT_3D ( 'NONE', #1546, #4349, #513 ) ;
#2908 = AXIS2_PLACEMENT_3D ( 'NONE', #3963, #6136, #1097 ) ;
#2909 = CARTESIAN_POINT ( 'NONE',  ( -0.5191275572975078134, 1.610876343277178879, -0.4017349403839645672 ) ) ;
#2910 =( GEOMETRIC_REPRESENTATION_CONTEXT ( 3 ) GLOBAL_UNCERTAINTY_ASSIGNED_CONTEXT ( ( #25 ) ) GLOBAL_UNIT_ASSIGNED_CONTEXT ( ( #1019, #6707, #639 ) ) REPRESENTATION_CONTEXT ( 'NONE', 'WORKASPACE' ) );
#2911 = CARTESIAN_POINT ( 'NONE',  ( -0.8418326795865038736, 2.999999999999999112, 2.157877459663286590 ) ) ;
#2912 = CARTESIAN_POINT ( 'NONE',  ( -0.9960914994576102188, 1.610876343277178879, -0.5535984564600542335 ) ) ;
#2913 = ORIENTED_EDGE ( 'NONE', *, *, #5799, .T. ) ;
#2914 = FACE_OUTER_BOUND ( 'NONE', #3592, .T. ) ;
#2915 = VECTOR ( 'NONE', #5972, 1000.000000000000000 ) ;
#2916 = EDGE_CURVE ( 'NONE', #2695, #5060, #6768, .T. ) ;
#2917 = CARTESIAN_POINT ( 'NONE',  ( -1.151339791579042870, 2.950000000000000178, 1.121500735562910744 ) ) ;
#2918 = STYLED_ITEM ( 'NONE', ( #2520 ), #6440 ) ;
#2919 = STYLED_ITEM ( 'NONE', ( #3511 ), #2076 ) ;
#2920 = FILL_AREA_STYLE ('',( #5728 ) ) ;
#2921 = FILL_AREA_STYLE_COLOUR ( '', #3377 ) ;
#2922 = CARTESIAN_POINT ( 'NONE',  ( -0.3113406322684310057, 2.949999999999999734, 1.017803178849526313 ) ) ;
#2923 = CARTESIAN_POINT ( 'NONE',  ( -3.625000000000000000, 1.574999999999999734, -0.3299999999999994604 ) ) ;
#2924 = ORIENTED_EDGE ( 'NONE', *, *, #4267, .F. ) ;
#2925 = VECTOR ( 'NONE', #5806, 1000.000000000000000 ) ;
#2926 = ORIENTED_EDGE ( 'NONE', *, *, #6821, .T. ) ;
#2927 = LINE ( 'NONE', #7116, #2942 ) ;
#2928 = VECTOR ( 'NONE', #3809, 1000.000000000000000 ) ;
#2929 = FILL_AREA_STYLE ('',( #2974 ) ) ;
#2930 = EDGE_CURVE ( 'NONE', #5647, #1709, #1989, .T. ) ;
#2931 = CIRCLE ( 'NONE', #3845, 0.09428571428571427826 ) ;
#2932 = CARTESIAN_POINT ( 'NONE',  ( -1.044367525175621259, 3.000000000000000444, 0.6220847029044118681 ) ) ;
#2933 = MECHANICAL_DESIGN_GEOMETRIC_PRESENTATION_REPRESENTATION (  '', ( #5299 ), #5622 ) ;
#2934 =( NAMED_UNIT ( * ) PLANE_ANGLE_UNIT ( ) SI_UNIT ( $, .RADIAN. ) );
#2935 = VERTEX_POINT ( 'NONE', #4837 ) ;
#2936 = CARTESIAN_POINT ( 'NONE',  ( -0.9960914994576102188, 3.000000000000000000, -0.5535984564600542335 ) ) ;
#2937 = FILL_AREA_STYLE ('',( #1793 ) ) ;
#2938 = VECTOR ( 'NONE', #130, 1000.000000000000000 ) ;
#2939 = EDGE_LOOP ( 'NONE', ( #6321, #3483, #3476, #3620 ) ) ;
#2940 = CARTESIAN_POINT ( 'NONE',  ( -3.300000000000000266, 1.339285714285714191, -0.2357142857142852377 ) ) ;
#2941 = DIRECTION ( 'NONE',  ( -3.910734236825684826E-15, 0.000000000000000000, -1.000000000000000000 ) ) ;
#2942 = VECTOR ( 'NONE', #873, 1000.000000000000000 ) ;
#2943 = DIRECTION ( 'NONE',  ( -0.000000000000000000, -0.000000000000000000, 1.000000000000000000 ) ) ;
#2944 = EDGE_CURVE ( 'NONE', #1327, #2085, #6846, .T. ) ;
#2945 = FACE_OUTER_BOUND ( 'NONE', #2060, .T. ) ;
#2946 = VECTOR ( 'NONE', #2084, 1000.000000000000000 ) ;
#2947 = AXIS2_PLACEMENT_3D ( 'NONE', #681, #3851, #4717 ) ;
#2948 = EDGE_CURVE ( 'NONE', #2316, #3513, #6833, .T. ) ;
#2949 = DIRECTION ( 'NONE',  ( 0.000000000000000000, 1.000000000000000000, 0.000000000000000000 ) ) ;
#2950 = UNCERTAINTY_MEASURE_WITH_UNIT (LENGTH_MEASURE( 1.000000000000000082E-05 ), #6035, 'distance_accuracy_value', 'NONE');
#2951 = CARTESIAN_POINT ( 'NONE',  ( -0.8418326795865148648, 3.000000000000000000, -1.146840856863407865 ) ) ;
#2952 = PLANE ( 'NONE',  #5225 ) ;
#2953 = DIRECTION ( 'NONE',  ( -0.000000000000000000, 1.000000000000000000, -0.000000000000000000 ) ) ;
#2954 = ORIENTED_EDGE ( 'NONE', *, *, #5783, .F. ) ;
#2955 = PLANE ( 'NONE',  #1495 ) ;
#2956 = CIRCLE ( 'NONE', #3335, 0.09428571428571427826 ) ;
#2957 = CARTESIAN_POINT ( 'NONE',  ( -0.5369520278213535391, 3.000000000000000000, 1.709469332942378239 ) ) ;
#2958 = EDGE_CURVE ( 'NONE', #649, #7124, #4573, .T. ) ;
#2959 = CIRCLE ( 'NONE', #2173, 0.4714285714285714191 ) ;
#2960 = CARTESIAN_POINT ( 'NONE',  ( -1.331954931137285136, 2.999999999999999556, -0.07222387634686339153 ) ) ;
#2961 = EDGE_LOOP ( 'NONE', ( #2336, #1528, #6570, #1755 ) ) ;
#2963 = ADVANCED_FACE ( 'NONE', ( #4612 ), #5184, .T. ) ;
#2962 = EDGE_CURVE ( 'NONE', #3875, #307, #2090, .T. ) ;
#2964 = CIRCLE ( 'NONE', #2264, 0.2357142857142857095 ) ;
#2965 = ORIENTED_EDGE ( 'NONE', *, *, #2966, .F. ) ;
#2966 = EDGE_CURVE ( 'NONE', #2628, #6126, #6978, .T. ) ;
#2967 = CARTESIAN_POINT ( 'NONE',  ( 3.625000000000000444, 0.5999999999999999778, 1.499999999999998890 ) ) ;
#2968 = DIRECTION ( 'NONE',  ( 1.000000000000000000, -0.000000000000000000, -4.336808689942019708E-16 ) ) ;
#2969 = B_SPLINE_SURFACE_WITH_KNOTS ( 'NONE', 3, 1, ( 
 ( #716, #4161 ),
 ( #6392, #2022 ),
 ( #4748, #3084 ),
 ( #2398, #2960 ),
 ( #5304, #2597 ) ),
 .UNSPECIFIED., .F., .F., .F.,
 ( 4, 1, 4 ),
 ( 2, 2 ),
 ( 0.000000000000000000, 0.5143794237790315638, 1.000000000000000000 ),
 ( 0.000000000000000000, 1.000000000000000000 ),
 .UNSPECIFIED. ) ;
#2970 = CARTESIAN_POINT ( 'NONE',  ( -0.5369520278213655295, 3.000000000000000000, -1.595248983584309110 ) ) ;
#2971 = ORIENTED_EDGE ( 'NONE', *, *, #4892, .F. ) ;
#2972 = VECTOR ( 'NONE', #665, 1000.000000000000000 ) ;
#2973 = COLOUR_RGB ( '',1.000000000000000000, 1.000000000000000000, 1.000000000000000000 ) ;
#2974 = FILL_AREA_STYLE_COLOUR ( '', #6831 ) ;
#2975 = VERTEX_POINT ( 'NONE', #4727 ) ;
#2976 = FACE_OUTER_BOUND ( 'NONE', #7055, .T. ) ;
#2977 = CARTESIAN_POINT ( 'NONE',  ( -1.151339791579042870, 3.000000000000000000, 1.121500735562910744 ) ) ;
#2978 = FACE_OUTER_BOUND ( 'NONE', #3605, .T. ) ;
#2979 = DIRECTION ( 'NONE',  ( 0.000000000000000000, 1.000000000000000000, 0.000000000000000000 ) ) ;
#2980 = ORIENTED_EDGE ( 'NONE', *, *, #2668, .F. ) ;
#2981 = CARTESIAN_POINT ( 'NONE',  ( 3.300000000000000266, 1.433571428571428275, -0.3299999999999995159 ) ) ;
#2982 = CARTESIAN_POINT ( 'NONE',  ( -0.8646004806540522614, 2.949999999999999734, 2.371529302489240987 ) ) ;
#2983 = CYLINDRICAL_SURFACE ( 'NONE', #4923, 0.09428571428571427826 ) ;
#2984 = CARTESIAN_POINT ( 'NONE',  ( -0.5191275572975078134, 3.000000000000000000, -0.4017349403839645672 ) ) ;
#2985 = CARTESIAN_POINT ( 'NONE',  ( -1.357751691251421811, 3.000000000000000000, -1.207104699462107300 ) ) ;
#2986 = CIRCLE ( 'NONE', #366, 0.08278332879368098529 ) ;
#2987 = CARTESIAN_POINT ( 'NONE',  ( -2.592857142857142971, 2.900000000000000355, 2.828571428571429180 ) ) ;
#2988 = CARTESIAN_POINT ( 'NONE',  ( -2.828571428571428736, 0.1499999999999999944, 2.828571428571428736 ) ) ;
#2989 = LINE ( 'NONE', #5726, #2878 ) ;
#2990 = UNCERTAINTY_MEASURE_WITH_UNIT (LENGTH_MEASURE( 1.000000000000000082E-05 ), #3214, 'distance_accuracy_value', 'NONE');
#2991 = CARTESIAN_POINT ( 'NONE',  ( -1.357751691251422699, 2.949999999999999734, -1.681518504515441492 ) ) ;
#2992 = AXIS2_PLACEMENT_3D ( 'NONE', #1614, #6634, #3229 ) ;
#2993 =( GEOMETRIC_REPRESENTATION_CONTEXT ( 3 ) GLOBAL_UNCERTAINTY_ASSIGNED_CONTEXT ( ( #396 ) ) GLOBAL_UNIT_ASSIGNED_CONTEXT ( ( #4370, #5319, #7010 ) ) REPRESENTATION_CONTEXT ( 'NONE', 'WORKASPACE' ) );
#2994 = CIRCLE ( 'NONE', #6117, 0.3771428571428571130 ) ;
#2995 = CARTESIAN_POINT ( 'NONE',  ( -2.828571428571428736, 0.2442857142857142450, -2.828571428571428736 ) ) ;
#2996 = CARTESIAN_POINT ( 'NONE',  ( -3.299999999999999822, 0.5999999999999999778, 1.500000000000000666 ) ) ;
#2997 = PLANE ( 'NONE',  #1685 ) ;
#2998 = VECTOR ( 'NONE', #1907, 1000.000000000000000 ) ;
#2999 = CARTESIAN_POINT ( 'NONE',  ( -0.5369520278213515407, 2.999999999999999112, 2.197670442323716777 ) ) ;
#3000 = CARTESIAN_POINT ( 'NONE',  ( -0.3113406322684358352, 2.949999999999999734, -0.3018418195157239192 ) ) ;
#3001 = AXIS2_PLACEMENT_3D ( 'NONE', #2839, #982, #1555 ) ;
#3002 = AXIS2_PLACEMENT_3D ( 'NONE', #488, #1566, #4810 ) ;
#3003 =( GEOMETRIC_REPRESENTATION_CONTEXT ( 3 ) GLOBAL_UNCERTAINTY_ASSIGNED_CONTEXT ( ( #5116 ) ) GLOBAL_UNIT_ASSIGNED_CONTEXT ( ( #5866, #6444, #5819 ) ) REPRESENTATION_CONTEXT ( 'NONE', 'WORKASPACE' ) );
#3004 = VECTOR ( 'NONE', #1406, 1000.000000000000000 ) ;
#3005 = SURFACE_STYLE_USAGE ( .BOTH. , #902 ) ;
#3006 = DIRECTION ( 'NONE',  ( -3.538354270939118021E-15, 0.000000000000000000, -1.000000000000000000 ) ) ;
#3007 = VERTEX_POINT ( 'NONE', #2845 ) ;
#3008 = CARTESIAN_POINT ( 'NONE',  ( -0.5369520278213634201, 2.950000000000000178, -1.164692070093668264 ) ) ;
#3009 = CARTESIAN_POINT ( 'NONE',  ( 3.625000000000000000, 1.433571428571428275, 0.2357142857142861814 ) ) ;
#3010 = LINE ( 'NONE', #2195, #5427 ) ;
#3011 = CARTESIAN_POINT ( 'NONE',  ( -3.300000000000000266, 1.574999999999999734, -0.3299999999999995159 ) ) ;
#3012 = CARTESIAN_POINT ( 'NONE',  ( -0.3113406322684401095, 2.949999999999999734, -1.571536270387498879 ) ) ;
#3013 = EDGE_CURVE ( 'NONE', #3098, #1256, #2048, .T. ) ;
#3014 = CIRCLE ( 'NONE', #3732, 0.08278332879368098529 ) ;
#3015 = ADVANCED_FACE ( 'NONE', ( #4440 ), #3920, .F. ) ;
#3016 = FACE_OUTER_BOUND ( 'NONE', #1326, .T. ) ;
#3017 = DIRECTION ( 'NONE',  ( 1.204669080539449590E-16, 0.000000000000000000, -1.000000000000000000 ) ) ;
#3018 = DIRECTION ( 'NONE',  ( -3.848944471891893324E-15, 0.000000000000000000, -1.000000000000000000 ) ) ;
#3019 = CARTESIAN_POINT ( 'NONE',  ( 2.828571428571428736, 0.2442857142857142450, -2.828571428571428736 ) ) ;
#3020 = DIRECTION ( 'NONE',  ( 0.000000000000000000, 1.000000000000000000, -0.000000000000000000 ) ) ;
#3021 = VECTOR ( 'NONE', #2953, 1000.000000000000000 ) ;
#3022 = SURFACE_SIDE_STYLE ('',( #90 ) ) ;
#3023 = EDGE_CURVE ( 'NONE', #307, #3875, #6818, .T. ) ;
#3024 = CARTESIAN_POINT ( 'NONE',  ( -0.5369520278213577580, 2.949999999999999734, 0.5545010321583131452 ) ) ;
#3025 = VECTOR ( 'NONE', #4820, 1000.000000000000114 ) ;
#3026 = CARTESIAN_POINT ( 'NONE',  ( -0.3113406322684170724, 3.000000000000000000, 2.327905487420670827 ) ) ;
#3027 = ORIENTED_EDGE ( 'NONE', *, *, #3183, .F. ) ;
#3028 =( GEOMETRIC_REPRESENTATION_CONTEXT ( 3 ) GLOBAL_UNCERTAINTY_ASSIGNED_CONTEXT ( ( #1601 ) ) GLOBAL_UNIT_ASSIGNED_CONTEXT ( ( #2121, #973, #6992 ) ) REPRESENTATION_CONTEXT ( 'NONE', 'WORKASPACE' ) );
#3029 = EDGE_CURVE ( 'NONE', #4378, #2794, #2176, .T. ) ;
#3030 = CARTESIAN_POINT ( 'NONE',  ( -0.3113406322684358352, 1.610876343277178879, -0.3018418195157239192 ) ) ;
#3031 = UNCERTAINTY_MEASURE_WITH_UNIT (LENGTH_MEASURE( 1.000000000000000082E-05 ), #2252, 'distance_accuracy_value', 'NONE');
#3032 = CARTESIAN_POINT ( 'NONE',  ( -0.8107360310716409391, 3.000000000000000000, -0.1136063532589696723 ) ) ;
#3033 = FACE_OUTER_BOUND ( 'NONE', #1569, .T. ) ;
#3034 = EDGE_CURVE ( 'NONE', #595, #3905, #6792, .T. ) ;
#3035 = LINE ( 'NONE', #5119, #3042 ) ;
#3036 = CARTESIAN_POINT ( 'NONE',  ( -0.8646004806540641408, 2.949999999999999734, -0.9331890140374523579 ) ) ;
#3037 = ORIENTED_EDGE ( 'NONE', *, *, #2270, .F. ) ;
#3038 = LINE ( 'NONE', #2011, #508 ) ;
#3039 = FILL_AREA_STYLE ('',( #3457 ) ) ;
#3040 = EDGE_CURVE ( 'NONE', #3905, #5121, #4586, .T. ) ;
#3041 = EDGE_CURVE ( 'NONE', #6413, #2028, #4625, .T. ) ;
#3042 = VECTOR ( 'NONE', #6116, 1000.000000000000000 ) ;
#3043 = PLANE ( 'NONE',  #1784 ) ;
#3044 = ORIENTED_EDGE ( 'NONE', *, *, #5833, .F. ) ;
#3045 = SURFACE_SIDE_STYLE ('',( #2437 ) ) ;
#3046 = VECTOR ( 'NONE', #2503, 1000.000000000000000 ) ;
#3047 = FILL_AREA_STYLE ('',( #7148 ) ) ;
#3048 = PLANE ( 'NONE',  #5598 ) ;
#3049 = DIRECTION ( 'NONE',  ( 4.784464174600315422E-15, 0.000000000000000000, 1.000000000000000000 ) ) ;
#3050 = CARTESIAN_POINT ( 'NONE',  ( -1.000067001066260008, 3.000000000000000000, -0.5837224346501550531 ) ) ;
#3051 = CARTESIAN_POINT ( 'NONE',  ( -3.625000000000000000, 0.5999999999999999778, 5.240310500346604436E-16 ) ) ;
#3052 = CARTESIAN_POINT ( 'NONE',  ( -1.132140295698489618, 2.949999999999999734, 0.4856831150319117496 ) ) ;
#3053 = DIRECTION ( 'NONE',  ( -0.9012599435649611967, 0.000000000000000000, -0.4332787949176405418 ) ) ;
#3054 = ORIENTED_EDGE ( 'NONE', *, *, #3425, .F. ) ;
#3055 = CARTESIAN_POINT ( 'NONE',  ( -0.3113406322684411087, 2.950000000000000178, -1.909735474986742787 ) ) ;
#3056 = CARTESIAN_POINT ( 'NONE',  ( -3.205714285714285516, 0.2442857142857142450, 2.828571428571428736 ) ) ;
#3057 = VECTOR ( 'NONE', #6220, 1000.000000000000000 ) ;
#3058 = ORIENTED_EDGE ( 'NONE', *, *, #6223, .F. ) ;
#3059 = DIRECTION ( 'NONE',  ( -0.000000000000000000, -0.000000000000000000, -1.000000000000000000 ) ) ;
#3060 = CARTESIAN_POINT ( 'NONE',  ( -0.3113406322684403871, 2.949999999999999734, -1.633376983460833376 ) ) ;
#3061 = EDGE_LOOP ( 'NONE', ( #1473, #3937, #6209, #6179 ) ) ;
#3062 = ADVANCED_FACE ( 'NONE', ( #2066 ), #816, .F. ) ;
#3063 = FACE_OUTER_BOUND ( 'NONE', #3997, .T. ) ;
#3064 = FILL_AREA_STYLE ('',( #6262 ) ) ;
#3065 = LINE ( 'NONE', #6480, #5487 ) ;
#3066 = AXIS2_PLACEMENT_3D ( 'NONE', #5789, #6915, #1201 ) ;
#3067 = CARTESIAN_POINT ( 'NONE',  ( -1.258312057982464482, 3.000000000000000444, 1.620916768221409621 ) ) ;
#3068 = STYLED_ITEM ( 'NONE', ( #4248 ), #4465 ) ;
#3069 = VERTEX_POINT ( 'NONE', #2458 ) ;
#3070 = CARTESIAN_POINT ( 'NONE',  ( -0.3113406322684342253, 2.950000000000000178, 0.1536859196460396981 ) ) ;
#3071 = LINE ( 'NONE', #712, #2938 ) ;
#3072 = CARTESIAN_POINT ( 'NONE',  ( -0.3124286010042897077, 2.950000000000000178, 0.8319616928011498436 ) ) ;
#3073 = ORIENTED_EDGE ( 'NONE', *, *, #1877, .F. ) ;
#3074 = PRESENTATION_STYLE_ASSIGNMENT (( #2390 ) ) ;
#3075 = CARTESIAN_POINT ( 'NONE',  ( -1.132140295698496057, 3.000000000000000000, -1.207104699462107966 ) ) ;
#3076 = CARTESIAN_POINT ( 'NONE',  ( -1.310836623396737899, 3.000000000000000000, -0.5059888931745941676 ) ) ;
#3077 = STYLED_ITEM ( 'NONE', ( #6777 ), #306 ) ;
#3078 = CARTESIAN_POINT ( 'NONE',  ( -0.3113406322684343364, 3.000000000000000000, 0.07152145899898833259 ) ) ;
#3079 = PLANE ( 'NONE',  #1842 ) ;
#3080 = ORIENTED_EDGE ( 'NONE', *, *, #2104, .T. ) ;
#3081 = AXIS2_PLACEMENT_3D ( 'NONE', #4254, #4833, #5386 ) ;
#3082 = LINE ( 'NONE', #4594, #3057 ) ;
#3083 = CLOSED_SHELL ( 'NONE', ( #4389, #1602, #3468, #5892, #4771, #3915, #2629, #3138, #5660, #1835, #940, #2826, #5062, #2888, #5191 ) ) ;
#3084 = CARTESIAN_POINT ( 'NONE',  ( -0.8107360310716409391, 2.999999999999999556, -0.1136063532589696723 ) ) ;
#3085 = ORIENTED_EDGE ( 'NONE', *, *, #5326, .T. ) ;
#3086 = LINE ( 'NONE', #5894, #3117 ) ;
#3087 = CARTESIAN_POINT ( 'NONE',  ( 3.299999999999998934, 0.2500000000000000000, 1.499999999999999112 ) ) ;
#3088 = MECHANICAL_DESIGN_GEOMETRIC_PRESENTATION_REPRESENTATION (  '', ( #6731 ), #4405 ) ;
#3089 = EDGE_CURVE ( 'NONE', #4644, #1415, #2036, .T. ) ;
#3090 = SURFACE_STYLE_FILL_AREA ( #5623 ) ;
#3091 = CARTESIAN_POINT ( 'NONE',  ( -1.132140295698496946, 1.610876343277178879, -1.657805791318631261 ) ) ;
#3092 = CARTESIAN_POINT ( 'NONE',  ( -1.132140295698485621, 3.000000000000000000, 1.646912525208062306 ) ) ;
#3093 = EDGE_LOOP ( 'NONE', ( #789, #3602, #1595, #3140 ) ) ;
#3094 = CARTESIAN_POINT ( 'NONE',  ( -2.592857142857142971, 2.900000000000000355, 2.357142857142857650 ) ) ;
#3095 = PRESENTATION_LAYER_ASSIGNMENT (  '', '', ( #5141 ) ) ;
#3096 = FACE_OUTER_BOUND ( 'NONE', #1252, .T. ) ;
#3097 = VECTOR ( 'NONE', #5070, 1000.000000000000000 ) ;
#3098 = VERTEX_POINT ( 'NONE', #3907 ) ;
#3099 = DIRECTION ( 'NONE',  ( -0.000000000000000000, -1.000000000000000000, -0.000000000000000000 ) ) ;
#3100 = CARTESIAN_POINT ( 'NONE',  ( -0.3113406322684318939, 2.949999999999999734, 0.7220227891438155687 ) ) ;
#3101 = EDGE_LOOP ( 'NONE', ( #70, #2796, #2196, #2749, #6805, #2465, #1851, #4549 ) ) ;
#3102 = PLANE ( 'NONE',  #6368 ) ;
#3103 = DIRECTION ( 'NONE',  ( 0.000000000000000000, 1.000000000000000000, 0.000000000000000000 ) ) ;
#3104 = CARTESIAN_POINT ( 'NONE',  ( -0.5369520278213515407, 3.000000000000000000, 2.197670442323716777 ) ) ;
#3105 = FACE_OUTER_BOUND ( 'NONE', #221, .T. ) ;
#3106 = ORIENTED_EDGE ( 'NONE', *, *, #999, .T. ) ;
#3107 = CARTESIAN_POINT ( 'NONE',  ( -0.3113406322684403871, 3.000000000000000000, -1.633376983460833376 ) ) ;
#3108 = DIRECTION ( 'NONE',  ( 0.9012599435649155666, 0.000000000000000000, 0.4332787949177354658 ) ) ;
#3109 = EDGE_CURVE ( 'NONE', #6857, #813, #2118, .T. ) ;
#3110 = LINE ( 'NONE', #1373, #3268 ) ;
#3111 = UNCERTAINTY_MEASURE_WITH_UNIT (LENGTH_MEASURE( 1.000000000000000082E-05 ), #6523, 'distance_accuracy_value', 'NONE');
#3112 = CARTESIAN_POINT ( 'NONE',  ( -1.151339791579042870, 2.949999999999999734, 1.121500735562910744 ) ) ;
#3113 = FACE_BOUND ( 'NONE', #6097, .T. ) ;
#3114 = EDGE_CURVE ( 'NONE', #4041, #1995, #1449, .T. ) ;
#3115 = ORIENTED_EDGE ( 'NONE', *, *, #1332, .F. ) ;
#3116 = DIRECTION ( 'NONE',  ( 0.000000000000000000, 0.000000000000000000, 1.000000000000000000 ) ) ;
#3117 = VECTOR ( 'NONE', #4346, 1000.000000000000000 ) ;
#3118 = DIRECTION ( 'NONE',  ( -0.000000000000000000, 1.000000000000000000, -0.000000000000000000 ) ) ;
#3119 = CARTESIAN_POINT ( 'NONE',  ( 3.300000000000000266, 1.433571428571428275, 0.3300000000000004041 ) ) ;
#3120 =( NAMED_UNIT ( * ) SI_UNIT ( $, .STERADIAN. ) SOLID_ANGLE_UNIT ( ) );
#3121 = CARTESIAN_POINT ( 'NONE',  ( -0.3113406322684285077, 1.610876343277178879, 1.733182046139194687 ) ) ;
#3122 = CARTESIAN_POINT ( 'NONE',  ( -0.8646004806540641408, 3.000000000000000000, -0.9331890140374523579 ) ) ;
#3123 = ORIENTED_EDGE ( 'NONE', *, *, #2438, .F. ) ;
#3124 = EDGE_CURVE ( 'NONE', #2096, #76, #7018, .T. ) ;
#3125 = CARTESIAN_POINT ( 'NONE',  ( -3.624999999999999556, 0.5999999999999999778, 1.500000000000000666 ) ) ;
#3126 = LINE ( 'NONE', #1864, #3097 ) ;
#3127 =( NAMED_UNIT ( * ) SI_UNIT ( $, .STERADIAN. ) SOLID_ANGLE_UNIT ( ) );
#3128 = VECTOR ( 'NONE', #1405, 1000.000000000000000 ) ;
#3129 = CARTESIAN_POINT ( 'NONE',  ( 2.828571428571428736, 2.905714285714285694, -3.205714285714285516 ) ) ;
#3130 = CARTESIAN_POINT ( 'NONE',  ( 2.828571428571428736, 3.000000000000000000, -2.828571428571428736 ) ) ;
#3131 = VERTEX_POINT ( 'NONE', #1565 ) ;
#3132 = DIRECTION ( 'NONE',  ( 2.650237759331712794E-15, -0.000000000000000000, 1.000000000000000000 ) ) ;
#3133 = CARTESIAN_POINT ( 'NONE',  ( -2.828571428571428736, 15.33380951166242845, 2.828571428571428736 ) ) ;
#3134 = AXIS2_PLACEMENT_3D ( 'NONE', #4015, #5172, #44 ) ;
#3135 = PRESENTATION_LAYER_ASSIGNMENT (  '', '', ( #6073 ) ) ;
#3136 = PRESENTATION_STYLE_ASSIGNMENT (( #5426 ) ) ;
#3137 = DIRECTION ( 'NONE',  ( 0.000000000000000000, 0.000000000000000000, 1.000000000000000000 ) ) ;
#3138 = ADVANCED_FACE ( 'NONE', ( #4375 ), #6596, .T. ) ;
#3139 = FILL_AREA_STYLE_COLOUR ( '', #3798 ) ;
#3140 = ORIENTED_EDGE ( 'NONE', *, *, #1883, .T. ) ;
#3141 = ORIENTED_EDGE ( 'NONE', *, *, #4166, .F. ) ;
#3142 =( GEOMETRIC_REPRESENTATION_CONTEXT ( 3 ) GLOBAL_UNCERTAINTY_ASSIGNED_CONTEXT ( ( #5849 ) ) GLOBAL_UNIT_ASSIGNED_CONTEXT ( ( #6359, #4377, #4962 ) ) REPRESENTATION_CONTEXT ( 'NONE', 'WORKASPACE' ) );
#3143 = DIRECTION ( 'NONE',  ( -4.376511829034993021E-15, -0.000000000000000000, -1.000000000000000000 ) ) ;
#3144 = LINE ( 'NONE', #6483, #3210 ) ;
#3145 = ORIENTED_EDGE ( 'NONE', *, *, #2179, .F. ) ;
#3146 = CARTESIAN_POINT ( 'NONE',  ( -3.625000000000000000, 1.339285714285714191, -0.2357142857142851544 ) ) ;
#3147 = CARTESIAN_POINT ( 'NONE',  ( -0.5369520278213655295, 2.949999999999999734, -1.595248983584309110 ) ) ;
#3148 = AXIS2_PLACEMENT_3D ( 'NONE', #32, #2265, #2816 ) ;
#3149 =( GEOMETRIC_REPRESENTATION_CONTEXT ( 3 ) GLOBAL_UNCERTAINTY_ASSIGNED_CONTEXT ( ( #3519 ) ) GLOBAL_UNIT_ASSIGNED_CONTEXT ( ( #3853, #4452, #4550 ) ) REPRESENTATION_CONTEXT ( 'NONE', 'WORKASPACE' ) );
#3150 = ORIENTED_EDGE ( 'NONE', *, *, #2719, .F. ) ;
#3151 = CARTESIAN_POINT ( 'NONE',  ( -4.065758146820639655E-16, 0.5999999999999999778, 1.499999999999999556 ) ) ;
#3152 = AXIS2_PLACEMENT_3D ( 'NONE', #3357, #4473, #3925 ) ;
#3153 = FILL_AREA_STYLE ('',( #2631 ) ) ;
#3154 = DIRECTION ( 'NONE',  ( -0.000000000000000000, 1.000000000000000000, -0.000000000000000000 ) ) ;
#3155 = LINE ( 'NONE', #1613, #3237 ) ;
#3156 = ADVANCED_FACE ( 'NONE', ( #2811 ), #5134, .T. ) ;
#3157 = ORIENTED_EDGE ( 'NONE', *, *, #5802, .T. ) ;
#3158 = VERTEX_POINT ( 'NONE', #5624 ) ;
#3159 = EDGE_CURVE ( 'NONE', #7071, #6424, #5146, .T. ) ;
#3160 = CARTESIAN_POINT ( 'NONE',  ( -1.331954931137285136, 3.000000000000000000, -0.07222387634686339153 ) ) ;
#3161 = FACE_OUTER_BOUND ( 'NONE', #1713, .T. ) ;
#3162 =( NAMED_UNIT ( * ) SI_UNIT ( $, .STERADIAN. ) SOLID_ANGLE_UNIT ( ) );
#3163 = EDGE_LOOP ( 'NONE', ( #778, #5415, #3669, #160 ) ) ;
#3164 = CARTESIAN_POINT ( 'NONE',  ( -3.205714285714285516, 0.1499999999999999944, 1.799999999999999600 ) ) ;
#3165 =( LENGTH_UNIT ( ) NAMED_UNIT ( * ) SI_UNIT ( .MILLI., .METRE. ) );
#3166 = FILL_AREA_STYLE ('',( #2639 ) ) ;
#3167 = CARTESIAN_POINT ( 'NONE',  ( -0.5191275572975055930, 2.949999999999999734, -2.255086310432033336 ) ) ;
#3168 = LINE ( 'NONE', #1844, #5498 ) ;
#3169 = PLANE ( 'NONE',  #646 ) ;
#3170 = ORIENTED_EDGE ( 'NONE', *, *, #6747, .T. ) ;
#3171 = DIRECTION ( 'NONE',  ( 0.000000000000000000, 0.000000000000000000, 1.000000000000000000 ) ) ;
#3172 = ORIENTED_EDGE ( 'NONE', *, *, #944, .T. ) ;
#3173 =( GEOMETRIC_REPRESENTATION_CONTEXT ( 3 ) GLOBAL_UNCERTAINTY_ASSIGNED_CONTEXT ( ( #5938 ) ) GLOBAL_UNIT_ASSIGNED_CONTEXT ( ( #3586, #1317, #364 ) ) REPRESENTATION_CONTEXT ( 'NONE', 'WORKASPACE' ) );
#3174 = EDGE_LOOP ( 'NONE', ( #583, #6267, #1479, #3887 ) ) ;
#3175 = CARTESIAN_POINT ( 'NONE',  ( -1.357751691251411597, 3.000000000000000000, 2.097613617064586933 ) ) ;
#3176 = EDGE_CURVE ( 'NONE', #3446, #2326, #415, .T. ) ;
#3177 = VECTOR ( 'NONE', #6275, 1000.000000000000114 ) ;
#3178 = VERTEX_POINT ( 'NONE', #5004 ) ;
#3179 = DIRECTION ( 'NONE',  ( 0.000000000000000000, 1.000000000000000000, 0.000000000000000000 ) ) ;
#3180 = DIRECTION ( 'NONE',  ( 0.000000000000000000, 0.000000000000000000, 1.000000000000000000 ) ) ;
#3181 = MECHANICAL_DESIGN_GEOMETRIC_PRESENTATION_REPRESENTATION (  '', ( #3867 ), #2341 ) ;
#3182 = PRESENTATION_STYLE_ASSIGNMENT (( #5237 ) ) ;
#3183 = EDGE_CURVE ( 'NONE', #6406, #4009, #2663, .T. ) ;
#3184 = ORIENTED_EDGE ( 'NONE', *, *, #212, .F. ) ;
#3185 = CARTESIAN_POINT ( 'NONE',  ( -1.151339791579042870, 2.949999999999999734, 1.121500735562910744 ) ) ;
#3186 = FILL_AREA_STYLE ('',( #5448 ) ) ;
#3187 = CARTESIAN_POINT ( 'NONE',  ( -2.024999999999999911, 0.000000000000000000, -1.499999999999999778 ) ) ;
#3188 = ORIENTED_EDGE ( 'NONE', *, *, #2682, .F. ) ;
#3189 = CARTESIAN_POINT ( 'NONE',  ( -3.625000000000000000, 1.574999999999999734, 0.3300000000000005151 ) ) ;
#3190 = DIRECTION ( 'NONE',  ( 0.000000000000000000, 0.000000000000000000, -1.000000000000000000 ) ) ;
#3191 = CARTESIAN_POINT ( 'NONE',  ( -0.5191275572975078134, 3.000000000000000000, -0.4017349403839645672 ) ) ;
#3192 = DIRECTION ( 'NONE',  ( -0.000000000000000000, -1.000000000000000000, -0.000000000000000000 ) ) ;
#3193 = VERTEX_POINT ( 'NONE', #440 ) ;
#3194 = EDGE_LOOP ( 'NONE', ( #7152, #4637, #2354, #4655, #3188, #7027, #867, #2636, #4957, #7067 ) ) ;
#3195 = EDGE_CURVE ( 'NONE', #1900, #164, #2758, .T. ) ;
#3196 = UNCERTAINTY_MEASURE_WITH_UNIT (LENGTH_MEASURE( 1.000000000000000082E-05 ), #1446, 'distance_accuracy_value', 'NONE');
#3197 = CARTESIAN_POINT ( 'NONE',  ( -1.132140295698490950, 3.000000000000000000, 0.1266649546707405427 ) ) ;
#3198 = CARTESIAN_POINT ( 'NONE',  ( -1.009256750147797144, 3.000000000000000000, -2.134107173565272131 ) ) ;
#3199 = ORIENTED_EDGE ( 'NONE', *, *, #108, .F. ) ;
#3200 = PLANE ( 'NONE',  #6563 ) ;
#3201 = DIRECTION ( 'NONE',  ( -3.937577556446986284E-15, 0.000000000000000000, -1.000000000000000000 ) ) ;
#3202 = EDGE_CURVE ( 'NONE', #6531, #5988, #2743, .T. ) ;
#3203 = ORIENTED_EDGE ( 'NONE', *, *, #6112, .F. ) ;
#3204 = ADVANCED_FACE ( 'NONE', ( #5038 ), #393, .F. ) ;
#3205 = SURFACE_STYLE_USAGE ( .BOTH. , #5933 ) ;
#3206 = FACE_BOUND ( 'NONE', #6207, .T. ) ;
#3207 = VERTEX_POINT ( 'NONE', #3923 ) ;
#3208 = ORIENTED_EDGE ( 'NONE', *, *, #3756, .T. ) ;
#3209 = DIRECTION ( 'NONE',  ( -0.9945218953682714025, 0.000000000000000000, -0.1045284632676718450 ) ) ;
#3210 = VECTOR ( 'NONE', #5985, 1000.000000000000000 ) ;
#3211 = ORIENTED_EDGE ( 'NONE', *, *, #3288, .F. ) ;
#3212 = CARTESIAN_POINT ( 'NONE',  ( -0.5347888298061447276, 2.949999999999999734, 0.1384375128069279537 ) ) ;
#3213 = DIRECTION ( 'NONE',  ( 0.000000000000000000, 1.000000000000000000, 0.000000000000000000 ) ) ;
#3214 =( LENGTH_UNIT ( ) NAMED_UNIT ( * ) SI_UNIT ( .MILLI., .METRE. ) );
#3215 = EDGE_CURVE ( 'NONE', #4674, #6171, #5051, .T. ) ;
#3216 = DIRECTION ( 'NONE',  ( -0.9799725457018957364, 0.000000000000000000, 0.1991326434077193841 ) ) ;
#3217 = DIRECTION ( 'NONE',  ( -0.1991326434077193841, 0.000000000000000000, -0.9799725457018957364 ) ) ;
#3218 = CYLINDRICAL_SURFACE ( 'NONE', #5129, 0.09428571428571430602 ) ;
#3219 =( NAMED_UNIT ( * ) SI_UNIT ( $, .STERADIAN. ) SOLID_ANGLE_UNIT ( ) );
#3220 = ORIENTED_EDGE ( 'NONE', *, *, #4428, .F. ) ;
#3221 = ADVANCED_FACE ( 'NONE', ( #5013 ), #6101, .T. ) ;
#3222 = DIRECTION ( 'NONE',  ( -0.9945218953682714025, 0.000000000000000000, -0.1045284632676718450 ) ) ;
#3223 = DIRECTION ( 'NONE',  ( 0.000000000000000000, 0.000000000000000000, 1.000000000000000000 ) ) ;
#3224 = AXIS2_PLACEMENT_3D ( 'NONE', #2877, #4611, #3299 ) ;
#3225 = VECTOR ( 'NONE', #5793, 1000.000000000000000 ) ;
#3226 = DIRECTION ( 'NONE',  ( -0.000000000000000000, 1.000000000000000000, -0.000000000000000000 ) ) ;
#3227 = VERTEX_POINT ( 'NONE', #6052 ) ;
#3228 = STYLED_ITEM ( 'NONE', ( #49 ), #5016 ) ;
#3229 = DIRECTION ( 'NONE',  ( 0.000000000000000000, 0.000000000000000000, 1.000000000000000000 ) ) ;
#3230 = VERTEX_POINT ( 'NONE', #530 ) ;
#3231 = CARTESIAN_POINT ( 'NONE',  ( -0.3113406322684347804, 1.610876343277178879, -0.02548332798981431738 ) ) ;
#3232 = VECTOR ( 'NONE', #3788, 1000.000000000000000 ) ;
#3233 = ADVANCED_FACE ( 'NONE', ( #2780 ), #5063, .F. ) ;
#3234 = FACE_OUTER_BOUND ( 'NONE', #2329, .T. ) ;
#3235 = CARTESIAN_POINT ( 'NONE',  ( -0.5191275572975084796, 2.949999999999999734, -0.6471926549609913204 ) ) ;
#3236 = AXIS2_PLACEMENT_3D ( 'NONE', #988, #2141, #4526 ) ;
#3237 = VECTOR ( 'NONE', #3437, 1000.000000000000000 ) ;
#3238 = ORIENTED_EDGE ( 'NONE', *, *, #5640, .T. ) ;
#3239 = ORIENTED_EDGE ( 'NONE', *, *, #4797, .T. ) ;
#3240 = AXIS2_PLACEMENT_3D ( 'NONE', #4570, #5230, #3018 ) ;
#3241 = SURFACE_SIDE_STYLE ('',( #2448 ) ) ;
#3242 = SURFACE_STYLE_USAGE ( .BOTH. , #5506 ) ;
#3243 = COLOUR_RGB ( '',1.000000000000000000, 1.000000000000000000, 1.000000000000000000 ) ;
#3244 = FILL_AREA_STYLE_COLOUR ( '', #2673 ) ;
#3245 = DIRECTION ( 'NONE',  ( 1.445602896647339163E-16, -0.000000000000000000, -1.000000000000000000 ) ) ;
#3246 = FACE_OUTER_BOUND ( 'NONE', #106, .T. ) ;
#3247 = VERTEX_POINT ( 'NONE', #153 ) ;
#3248 = CARTESIAN_POINT ( 'NONE',  ( -0.6173770034315396726, 2.949999999999999734, 1.758201658812008406 ) ) ;
#3249 = DIRECTION ( 'NONE',  ( 0.000000000000000000, -1.000000000000000000, 0.000000000000000000 ) ) ;
#3250 = EDGE_CURVE ( 'NONE', #1485, #116, #4014, .T. ) ;
#3251 = VECTOR ( 'NONE', #6364, 1000.000000000000000 ) ;
#3252 = MANIFOLD_SOLID_BREP ( 'Boss-Extrude5[5]', #1800 ) ;
#3253 = ORIENTED_EDGE ( 'NONE', *, *, #5071, .F. ) ;
#3254 = CARTESIAN_POINT ( 'NONE',  ( -1.357751691251412263, 3.000000000000000000, 1.302799868628608859 ) ) ;
#3255 = COLOUR_RGB ( '',1.000000000000000000, 1.000000000000000000, 1.000000000000000000 ) ;
#3256 = CARTESIAN_POINT ( 'NONE',  ( -1.132140295698496946, 3.000000000000000000, -1.657805791318631261 ) ) ;
#3257 = CARTESIAN_POINT ( 'NONE',  ( -3.625000000000000000, 0.2357142857142857095, -1.499999999999999778 ) ) ;
#3258 = CARTESIAN_POINT ( 'NONE',  ( -0.3113406322684401095, 1.610876343277178879, -1.571536270387498879 ) ) ;
#3259 = VECTOR ( 'NONE', #872, 1000.000000000000000 ) ;
#3260 = CARTESIAN_POINT ( 'NONE',  ( -1.357751691251411597, 3.000000000000000000, 0.06376282006731877339 ) ) ;
#3261 = EDGE_CURVE ( 'NONE', #5027, #4680, #5318, .T. ) ;
#3262 = ORIENTED_EDGE ( 'NONE', *, *, #6030, .T. ) ;
#3263 = CARTESIAN_POINT ( 'NONE',  ( -0.3113406322684341143, 2.950000000000000178, 0.1536859196460394206 ) ) ;
#3264 = ORIENTED_EDGE ( 'NONE', *, *, #7030, .F. ) ;
#3265 =( GEOMETRIC_REPRESENTATION_CONTEXT ( 3 ) GLOBAL_UNCERTAINTY_ASSIGNED_CONTEXT ( ( #6021 ) ) GLOBAL_UNIT_ASSIGNED_CONTEXT ( ( #1112, #1948, #1358 ) ) REPRESENTATION_CONTEXT ( 'NONE', 'WORKASPACE' ) );
#3266 = CARTESIAN_POINT ( 'NONE',  ( -0.5347888298061447276, 2.950000000000000178, 0.1384375128069279537 ) ) ;
#3267 = EDGE_CURVE ( 'NONE', #3446, #5162, #660, .T. ) ;
#3268 = VECTOR ( 'NONE', #1425, 1000.000000000000000 ) ;
#3269 = DIRECTION ( 'NONE',  ( -0.000000000000000000, 1.000000000000000000, -0.000000000000000000 ) ) ;
#3270 = CARTESIAN_POINT ( 'NONE',  ( -1.132140295698496057, 2.950000000000000178, -1.207104699462107966 ) ) ;
#3271 = CARTESIAN_POINT ( 'NONE',  ( -3.389285714285714679, 0.2357142857142857095, -1.499999999999999778 ) ) ;
#3272 = FACE_OUTER_BOUND ( 'NONE', #5303, .T. ) ;
#3273 = EDGE_CURVE ( 'NONE', #164, #575, #2994, .T. ) ;
#3274 = ORIENTED_EDGE ( 'NONE', *, *, #3672, .T. ) ;
#3275 = UNCERTAINTY_MEASURE_WITH_UNIT (LENGTH_MEASURE( 1.000000000000000082E-05 ), #2810, 'distance_accuracy_value', 'NONE');
#3276 = CARTESIAN_POINT ( 'NONE',  ( -0.3113406322684263428, 2.949999999999999734, 2.203872908678615961 ) ) ;
#3277 = CARTESIAN_POINT ( 'NONE',  ( 2.024999999999999467, 0.5999999999999999778, 1.500000000000000222 ) ) ;
#3278 = ORIENTED_EDGE ( 'NONE', *, *, #4242, .T. ) ;
#3279 = CARTESIAN_POINT ( 'NONE',  ( -0.3113406322684432181, 2.949999999999999734, -2.468778337735649142 ) ) ;
#3280 = EDGE_CURVE ( 'NONE', #6155, #2231, #5259, .T. ) ;
#3281 = DIRECTION ( 'NONE',  ( 0.000000000000000000, 0.000000000000000000, 1.000000000000000000 ) ) ;
#3282 = ADVANCED_FACE ( 'NONE', ( #625 ), #561, .T. ) ;
#3283 = LINE ( 'NONE', #6481, #767 ) ;
#3284 = EDGE_CURVE ( 'NONE', #3007, #4773, #5350, .T. ) ;
#3285 = COLOUR_RGB ( '',0.7921568627450980005, 0.8196078431372548767, 0.9333333333333333481 ) ;
#3286 = ORIENTED_EDGE ( 'NONE', *, *, #4554, .T. ) ;
#3287 = VERTEX_POINT ( 'NONE', #2425 ) ;
#3288 = EDGE_CURVE ( 'NONE', #1623, #1688, #5414, .T. ) ;
#3289 = CARTESIAN_POINT ( 'NONE',  ( 3.625000000000000000, 1.339285714285714191, 0.2357142857142861814 ) ) ;
#3290 = LINE ( 'NONE', #4560, #808 ) ;
#3291 = DIRECTION ( 'NONE',  ( 4.037799520142767599E-15, 0.000000000000000000, 1.000000000000000000 ) ) ;
#3292 = DIRECTION ( 'NONE',  ( -1.000000000000000000, 0.000000000000000000, 2.710505431213760592E-16 ) ) ;
#3293 = DIRECTION ( 'NONE',  ( 0.9012599435649156776, -0.000000000000000000, 0.4332787949177354658 ) ) ;
#3294 =( LENGTH_UNIT ( ) NAMED_UNIT ( * ) SI_UNIT ( .MILLI., .METRE. ) );
#3295 = ORIENTED_EDGE ( 'NONE', *, *, #1169, .F. ) ;
#3296 = VERTEX_POINT ( 'NONE', #2472 ) ;
#3297 = CARTESIAN_POINT ( 'NONE',  ( -1.132140295698490950, 2.949999999999999734, 0.1266649546707405427 ) ) ;
#3298 = CARTESIAN_POINT ( 'NONE',  ( -0.3113406322684380556, 2.950000000000000178, -1.100845407848078716 ) ) ;
#3299 = DIRECTION ( 'NONE',  ( 0.000000000000000000, -0.000000000000000000, -1.000000000000000000 ) ) ;
#3300 = DIRECTION ( 'NONE',  ( -0.1150868673539311299, 0.000000000000000000, 0.9933554313349570730 ) ) ;
#3301 = LINE ( 'NONE', #6974, #3128 ) ;
#3302 = DIRECTION ( 'NONE',  ( -3.860939618154558568E-15, 0.000000000000000000, -1.000000000000000000 ) ) ;
#3303 = ORIENTED_EDGE ( 'NONE', *, *, #6041, .F. ) ;
#3304 = ORIENTED_EDGE ( 'NONE', *, *, #4879, .F. ) ;
#3305 = DIRECTION ( 'NONE',  ( -4.606854556878935206E-15, -0.000000000000000000, -1.000000000000000000 ) ) ;
#3306 = AXIS2_PLACEMENT_3D ( 'NONE', #3258, #322, #1972 ) ;
#3307 = DIRECTION ( 'NONE',  ( 0.000000000000000000, -1.000000000000000000, -0.000000000000000000 ) ) ;
#3308 =( GEOMETRIC_REPRESENTATION_CONTEXT ( 3 ) GLOBAL_UNCERTAINTY_ASSIGNED_CONTEXT ( ( #1299 ) ) GLOBAL_UNIT_ASSIGNED_CONTEXT ( ( #2408, #5086, #4118 ) ) REPRESENTATION_CONTEXT ( 'NONE', 'WORKASPACE' ) );
#3309 = ADVANCED_FACE ( 'NONE', ( #469 ), #4776, .T. ) ;
#3310 = SURFACE_STYLE_FILL_AREA ( #1738 ) ;
#3311 = ORIENTED_EDGE ( 'NONE', *, *, #301, .T. ) ;
#3312 = VERTEX_POINT ( 'NONE', #4577 ) ;
#3313 = CARTESIAN_POINT ( 'NONE',  ( -1.151339791579042870, 2.949999999999999734, 1.121500735562910744 ) ) ;
#3314 = DIRECTION ( 'NONE',  ( -6.505213034913029562E-16, 0.000000000000000000, 1.000000000000000000 ) ) ;
#3315 = AXIS2_PLACEMENT_3D ( 'NONE', #6914, #5787, #296 ) ;
#3316 = LINE ( 'NONE', #4835, #5694 ) ;
#3317 = PLANE ( 'NONE',  #2680 ) ;
#3318 = ORIENTED_EDGE ( 'NONE', *, *, #5970, .F. ) ;
#3319 = AXIS2_PLACEMENT_3D ( 'NONE', #5879, #5283, #5742 ) ;
#3320 = STYLED_ITEM ( 'NONE', ( #309 ), #1410 ) ;
#3321 = DIRECTION ( 'NONE',  ( 0.000000000000000000, 0.000000000000000000, 1.000000000000000000 ) ) ;
#3322 = B_SPLINE_CURVE_WITH_KNOTS ( 'NONE', 3,
 ( #2476, #5841, #6927, #3026, #4826 ),
 .UNSPECIFIED., .F., .F.,
 ( 4, 1, 4 ),
 ( 0.000000000000000000, 0.5178533069596279459, 1.000000000000000000 ),
 .UNSPECIFIED. ) ;
#3323 = DIRECTION ( 'NONE',  ( 0.9933818551354653970, 0.000000000000000000, 0.1148585647116549119 ) ) ;
#3324 = COLOUR_RGB ( '',1.000000000000000000, 1.000000000000000000, 1.000000000000000000 ) ;
#3325 = DIRECTION ( 'NONE',  ( 1.445602896647339163E-16, 0.000000000000000000, 1.000000000000000000 ) ) ;
#3326 = ORIENTED_EDGE ( 'NONE', *, *, #5954, .F. ) ;
#3327 = ADVANCED_FACE ( 'NONE', ( #5293 ), #3629, .T. ) ;
#3328 = AXIS2_PLACEMENT_3D ( 'NONE', #1819, #4057, #6170 ) ;
#3329 = CARTESIAN_POINT ( 'NONE',  ( 3.300000000000000266, 1.339285714285714191, -0.2357142857142852099 ) ) ;
#3330 = EDGE_CURVE ( 'NONE', #743, #79, #5450, .T. ) ;
#3331 = ORIENTED_EDGE ( 'NONE', *, *, #999, .F. ) ;
#3332 = DIRECTION ( 'NONE',  ( 0.9012599435649164548, -0.000000000000000000, 0.4332787949177337450 ) ) ;
#3333 = CARTESIAN_POINT ( 'NONE',  ( -0.3113406322684287852, 2.949999999999999734, -0.9768128291060232948 ) ) ;
#3334 = FILL_AREA_STYLE_COLOUR ( '', #6456 ) ;
#3335 = AXIS2_PLACEMENT_3D ( 'NONE', #6797, #6272, #1861 ) ;
#3336 = VERTEX_POINT ( 'NONE', #5018 ) ;
#3337 = CARTESIAN_POINT ( 'NONE',  ( 2.024999999999999911, 0.5999999999999999778, -1.499999999999999778 ) ) ;
#3338 = EDGE_CURVE ( 'NONE', #900, #5874, #514, .T. ) ;
#3339 = VECTOR ( 'NONE', #1453, 1000.000000000000000 ) ;
#3340 = CARTESIAN_POINT ( 'NONE',  ( 3.299999999999999378, 0.2500000000000000000, -1.800000000000000488 ) ) ;
#3341 = DIRECTION ( 'NONE',  ( -1.924472235945947451E-15, 0.000000000000000000, -1.000000000000000000 ) ) ;
#3342 =( GEOMETRIC_REPRESENTATION_CONTEXT ( 3 ) GLOBAL_UNCERTAINTY_ASSIGNED_CONTEXT ( ( #4565 ) ) GLOBAL_UNIT_ASSIGNED_CONTEXT ( ( #6617, #2228, #3427 ) ) REPRESENTATION_CONTEXT ( 'NONE', 'WORKASPACE' ) );
#3343 = DIRECTION ( 'NONE',  ( 0.000000000000000000, -0.000000000000000000, 1.000000000000000000 ) ) ;
#3344 = VERTEX_POINT ( 'NONE', #2050 ) ;
#3345 = EDGE_CURVE ( 'NONE', #3531, #1900, #492, .T. ) ;
#3346 = DIRECTION ( 'NONE',  ( -0.9012599435649153445, 0.000000000000000000, -0.4332787949177358544 ) ) ;
#3347 = EDGE_CURVE ( 'NONE', #6008, #1230, #483, .T. ) ;
#3348 = CIRCLE ( 'NONE', #5310, 0.2357142857142857095 ) ;
#3349 = VECTOR ( 'NONE', #4562, 1000.000000000000000 ) ;
#3350 = DIRECTION ( 'NONE',  ( -0.4332787949177337450, 0.000000000000000000, 0.9012599435649165658 ) ) ;
#3351 = UNCERTAINTY_MEASURE_WITH_UNIT (LENGTH_MEASURE( 1.000000000000000082E-05 ), #2641, 'distance_accuracy_value', 'NONE');
#3352 = DIRECTION ( 'NONE',  ( 0.000000000000000000, 0.000000000000000000, 1.000000000000000000 ) ) ;
#3353 = CARTESIAN_POINT ( 'NONE',  ( -1.355548194750002322, 3.000000000000000000, 1.402156078069614509 ) ) ;
#3354 = CARTESIAN_POINT ( 'NONE',  ( -1.357751691251411597, 3.000000000000000000, 1.623199812011252963 ) ) ;
#3355 = ORIENTED_EDGE ( 'NONE', *, *, #4496, .T. ) ;
#3356 = DIRECTION ( 'NONE',  ( 0.000000000000000000, 1.000000000000000000, 0.000000000000000000 ) ) ;
#3357 = CARTESIAN_POINT ( 'NONE',  ( -2.592857142857142971, 2.900000000000000355, 2.592857142857143415 ) ) ;
#3358 = CARTESIAN_POINT ( 'NONE',  ( -0.3113406322684285077, 2.949999999999999734, 1.733182046139194687 ) ) ;
#3359 = VECTOR ( 'NONE', #5089, 1000.000000000000000 ) ;
#3360 = VERTEX_POINT ( 'NONE', #2624 ) ;
#3361 = EDGE_CURVE ( 'NONE', #2778, #5685, #547, .T. ) ;
#3362 = ADVANCED_FACE ( 'NONE', ( #5408 ), #647, .F. ) ;
#3363 = VECTOR ( 'NONE', #6236, 1000.000000000000114 ) ;
#3364 = CARTESIAN_POINT ( 'NONE',  ( -1.132140295698489618, 2.950000000000000178, 0.4856831150319117496 ) ) ;
#3365 = EDGE_LOOP ( 'NONE', ( #1815, #6653 ) ) ;
#3366 = CARTESIAN_POINT ( 'NONE',  ( -0.3113406322684380556, 3.000000000000000000, -1.100845407848078716 ) ) ;
#3367 =( NAMED_UNIT ( * ) PLANE_ANGLE_UNIT ( ) SI_UNIT ( $, .RADIAN. ) );
#3368 = CARTESIAN_POINT ( 'NONE',  ( -0.3113406322684380556, 2.949999999999999734, -1.100845407848078716 ) ) ;
#3369 = FACE_OUTER_BOUND ( 'NONE', #118, .T. ) ;
#3370 = SURFACE_STYLE_FILL_AREA ( #699 ) ;
#3371 = CARTESIAN_POINT ( 'NONE',  ( -0.8646004806540641408, 3.000000000000000000, -0.9331890140374523579 ) ) ;
#3372 = SURFACE_STYLE_USAGE ( .BOTH. , #2303 ) ;
#3373 = VECTOR ( 'NONE', #5861, 1000.000000000000000 ) ;
#3374 = ORIENTED_EDGE ( 'NONE', *, *, #1306, .F. ) ;
#3375 = ADVANCED_FACE ( 'NONE', ( #3016 ), #2896, .T. ) ;
#3376 = PLANE ( 'NONE',  #3635 ) ;
#3377 = COLOUR_RGB ( '',1.000000000000000000, 1.000000000000000000, 1.000000000000000000 ) ;
#3378 = LINE ( 'NONE', #4278, #3506 ) ;
#3379 = ORIENTED_EDGE ( 'NONE', *, *, #5604, .T. ) ;
#3380 =( LENGTH_UNIT ( ) NAMED_UNIT ( * ) SI_UNIT ( .MILLI., .METRE. ) );
#3381 = STYLED_ITEM ( 'NONE', ( #2615 ), #836 ) ;
#3382 = DIRECTION ( 'NONE',  ( -1.445602896647339163E-16, 0.000000000000000000, -1.000000000000000000 ) ) ;
#3383 = CYLINDRICAL_SURFACE ( 'NONE', #3467, 0.09428571428571427826 ) ;
#3384 = CARTESIAN_POINT ( 'NONE',  ( -1.274968362457746363, 2.950000000000000178, -0.5805981914113235165 ) ) ;
#3385 = STYLED_ITEM ( 'NONE', ( #7044 ), #6158 ) ;
#3386 = ORIENTED_EDGE ( 'NONE', *, *, #6044, .F. ) ;
#3387 = AXIS2_PLACEMENT_3D ( 'NONE', #6495, #3223, #4314 ) ;
#3388 = MECHANICAL_DESIGN_GEOMETRIC_PRESENTATION_REPRESENTATION (  '', ( #2134 ), #3308 ) ;
#3389 = CARTESIAN_POINT ( 'NONE',  ( -0.5369520278213593123, 2.950000000000000178, 0.1894440865371726790 ) ) ;
#3390 = CARTESIAN_POINT ( 'NONE',  ( 3.205714285714285516, 0.1499999999999999944, 1.800000000000001155 ) ) ;
#3391 = MECHANICAL_DESIGN_GEOMETRIC_PRESENTATION_REPRESENTATION (  '', ( #655 ), #1594 ) ;
#3392 = DIRECTION ( 'NONE',  ( -0.000000000000000000, 1.000000000000000000, -0.000000000000000000 ) ) ;
#3393 = CARTESIAN_POINT ( 'NONE',  ( -0.5191275572975084796, 1.610876343277178879, -0.6471926549609913204 ) ) ;
#3394 = SURFACE_SIDE_STYLE ('',( #2565 ) ) ;
#3395 = VERTEX_POINT ( 'NONE', #5926 ) ;
#3396 = DIRECTION ( 'NONE',  ( 0.000000000000000000, 1.000000000000000000, 0.000000000000000000 ) ) ;
#3397 = DIRECTION ( 'NONE',  ( -1.000000000000000000, -0.000000000000000000, -0.000000000000000000 ) ) ;
#3398 = AXIS2_PLACEMENT_3D ( 'NONE', #6649, #1626, #2766 ) ;
#3399 = PLANE ( 'NONE',  #1143 ) ;
#3400 = VECTOR ( 'NONE', #4447, 1000.000000000000000 ) ;
#3401 = ORIENTED_EDGE ( 'NONE', *, *, #1173, .F. ) ;
#3402 =( NAMED_UNIT ( * ) SI_UNIT ( $, .STERADIAN. ) SOLID_ANGLE_UNIT ( ) );
#3403 = MECHANICAL_DESIGN_GEOMETRIC_PRESENTATION_REPRESENTATION (  '', ( #919 ), #4691 ) ;
#3404 = EDGE_CURVE ( 'NONE', #2975, #1313, #5327, .T. ) ;
#3405 = EDGE_LOOP ( 'NONE', ( #4371, #56, #1828, #3824 ) ) ;
#3406 = CARTESIAN_POINT ( 'NONE',  ( -0.6149084483925322253, 2.950000000000000178, 1.596109267695102085 ) ) ;
#3407 = CARTESIAN_POINT ( 'NONE',  ( 3.299999999999999378, 0.2500000000000000000, -1.800000000000000488 ) ) ;
#3408 = CARTESIAN_POINT ( 'NONE',  ( -0.3113406322684341143, 1.610876343277178879, 0.1536859196460394206 ) ) ;
#3409 = MECHANICAL_DESIGN_GEOMETRIC_PRESENTATION_REPRESENTATION (  '', ( #838 ), #5383 ) ;
#3410 = CARTESIAN_POINT ( 'NONE',  ( -0.3113406322684403871, 2.950000000000000178, -1.633376983460833376 ) ) ;
#3411 = DIRECTION ( 'NONE',  ( -1.000000000000000000, 0.000000000000000000, 2.650237759331712794E-15 ) ) ;
#3412 = COLOUR_RGB ( '',1.000000000000000000, 1.000000000000000000, 1.000000000000000000 ) ;
#3413 = FACE_OUTER_BOUND ( 'NONE', #161, .T. ) ;
#3414 = SURFACE_STYLE_USAGE ( .BOTH. , #2393 ) ;
#3415 = CARTESIAN_POINT ( 'NONE',  ( -1.132140295698496057, 2.949999999999999734, -1.207104699462107966 ) ) ;
#3416 = CARTESIAN_POINT ( 'NONE',  ( 3.299999999999999822, 15.33380951166242845, 2.828571428571428736 ) ) ;
#3417 = ORIENTED_EDGE ( 'NONE', *, *, #1896, .F. ) ;
#3418 = EDGE_CURVE ( 'NONE', #2726, #3098, #5471, .T. ) ;
#3419 = CARTESIAN_POINT ( 'NONE',  ( -1.151339791579042870, 3.000000000000000000, 1.121500735562910744 ) ) ;
#3420 = SURFACE_STYLE_FILL_AREA ( #2920 ) ;
#3421 = PLANE ( 'NONE',  #4941 ) ;
#3422 = DIRECTION ( 'NONE',  ( 0.000000000000000000, 0.000000000000000000, 1.000000000000000000 ) ) ;
#3423 = VECTOR ( 'NONE', #4614, 1000.000000000000000 ) ;
#3424 = FACE_BOUND ( 'NONE', #1816, .T. ) ;
#3425 = EDGE_CURVE ( 'NONE', #5659, #104, #2964, .T. ) ;
#3426 =( NAMED_UNIT ( * ) PLANE_ANGLE_UNIT ( ) SI_UNIT ( $, .RADIAN. ) );
#3427 =( NAMED_UNIT ( * ) SI_UNIT ( $, .STERADIAN. ) SOLID_ANGLE_UNIT ( ) );
#3428 = CARTESIAN_POINT ( 'NONE',  ( -0.5369520278213655295, 2.950000000000000178, -1.595248983584309110 ) ) ;
#3429 = DIRECTION ( 'NONE',  ( -0.9945218953682742891, 0.000000000000000000, -0.1045284632676440756 ) ) ;
#3430 = EDGE_LOOP ( 'NONE', ( #5953, #3494 ) ) ;
#3431 = EDGE_CURVE ( 'NONE', #6126, #4345, #5338, .T. ) ;
#3432 = UNCERTAINTY_MEASURE_WITH_UNIT (LENGTH_MEASURE( 1.000000000000000082E-05 ), #1921, 'distance_accuracy_value', 'NONE');
#3433 = SURFACE_STYLE_USAGE ( .BOTH. , #3525 ) ;
#3434 = FACE_OUTER_BOUND ( 'NONE', #170, .T. ) ;
#3435 = LINE ( 'NONE', #4719, #5754 ) ;
#3436 = DIRECTION ( 'NONE',  ( 0.000000000000000000, 0.000000000000000000, -1.000000000000000000 ) ) ;
#3437 = DIRECTION ( 'NONE',  ( -0.000000000000000000, 1.000000000000000000, -0.000000000000000000 ) ) ;
#3438 =( NAMED_UNIT ( * ) PLANE_ANGLE_UNIT ( ) SI_UNIT ( $, .RADIAN. ) );
#3439 = VERTEX_POINT ( 'NONE', #2165 ) ;
#3440 = DIRECTION ( 'NONE',  ( -3.848944471891893324E-15, 0.000000000000000000, -1.000000000000000000 ) ) ;
#3441 = EDGE_CURVE ( 'NONE', #286, #5666, #5397, .T. ) ;
#3442 = DIRECTION ( 'NONE',  ( -0.000000000000000000, 1.000000000000000000, -0.000000000000000000 ) ) ;
#3443 = FACE_OUTER_BOUND ( 'NONE', #4991, .T. ) ;
#3444 = LINE ( 'NONE', #910, #970 ) ;
#3445 = DIRECTION ( 'NONE',  ( 1.445602896647339163E-16, 0.000000000000000000, 1.000000000000000000 ) ) ;
#3446 = VERTEX_POINT ( 'NONE', #4867 ) ;
#3447 = EDGE_LOOP ( 'NONE', ( #2159, #4623, #5138, #2735 ) ) ;
#3448 = CARTESIAN_POINT ( 'NONE',  ( -0.5369520278213593123, 1.610876343277178879, 0.1894440865371726790 ) ) ;
#3449 =( NAMED_UNIT ( * ) PLANE_ANGLE_UNIT ( ) SI_UNIT ( $, .RADIAN. ) );
#3450 = FILL_AREA_STYLE ('',( #754 ) ) ;
#3451 = FILL_AREA_STYLE_COLOUR ( '', #3255 ) ;
#3452 = CARTESIAN_POINT ( 'NONE',  ( -1.357751691251422699, 2.950000000000000178, -1.681518504515441492 ) ) ;
#3453 = LINE ( 'NONE', #6299, #1089 ) ;
#3454 = ORIENTED_EDGE ( 'NONE', *, *, #1917, .T. ) ;
#3455 = AXIS2_PLACEMENT_3D ( 'NONE', #545, #1046, #1632 ) ;
#3456 = CARTESIAN_POINT ( 'NONE',  ( -1.310836623396747891, 2.949999999999999734, -2.113882548645744208 ) ) ;
#3457 = FILL_AREA_STYLE_COLOUR ( '', #2044 ) ;
#3458 = ORIENTED_EDGE ( 'NONE', *, *, #1631, .F. ) ;
#3459 = EDGE_LOOP ( 'NONE', ( #6375, #269, #3984, #183 ) ) ;
#3460 =( GEOMETRIC_REPRESENTATION_CONTEXT ( 3 ) GLOBAL_UNCERTAINTY_ASSIGNED_CONTEXT ( ( #1202 ) ) GLOBAL_UNIT_ASSIGNED_CONTEXT ( ( #3564, #1092, #4609 ) ) REPRESENTATION_CONTEXT ( 'NONE', 'WORKASPACE' ) );
#3461 = FILL_AREA_STYLE_COLOUR ( '', #5884 ) ;
#3462 = DIRECTION ( 'NONE',  ( 0.000000000000000000, 0.000000000000000000, -1.000000000000000000 ) ) ;
#3463 = SURFACE_SIDE_STYLE ('',( #564 ) ) ;
#3464 = LINE ( 'NONE', #5732, #3563 ) ;
#3465 = STYLED_ITEM ( 'NONE', ( #7135 ), #6475 ) ;
#3466 = CARTESIAN_POINT ( 'NONE',  ( -0.3113406322684403871, 2.949999999999999734, -1.633376983460833376 ) ) ;
#3467 = AXIS2_PLACEMENT_3D ( 'NONE', #5351, #2599, #7002 ) ;
#3468 = ADVANCED_FACE ( 'NONE', ( #635 ), #6521, .T. ) ;
#3469 = PRESENTATION_LAYER_ASSIGNMENT (  '', '', ( #3068 ) ) ;
#3470 = ORIENTED_EDGE ( 'NONE', *, *, #3571, .T. ) ;
#3471 = DIRECTION ( 'NONE',  ( 0.4332787949176405973, 0.000000000000000000, -0.9012599435649613078 ) ) ;
#3472 = CARTESIAN_POINT ( 'NONE',  ( -0.8418426963106281358, 2.950000000000000178, 2.163869536259844129 ) ) ;
#3473 = CARTESIAN_POINT ( 'NONE',  ( -2.592857142857142971, 3.000000000000000000, 2.592857142857143415 ) ) ;
#3474 = VECTOR ( 'NONE', #806, 1000.000000000000000 ) ;
#3475 = DIRECTION ( 'NONE',  ( 0.000000000000000000, 1.000000000000000000, 0.000000000000000000 ) ) ;
#3476 = ORIENTED_EDGE ( 'NONE', *, *, #3023, .T. ) ;
#3477 = VERTEX_POINT ( 'NONE', #409 ) ;
#3478 = CARTESIAN_POINT ( 'NONE',  ( 0.000000000000000000, 0.000000000000000000, -1.499999999999999778 ) ) ;
#3479 = EDGE_CURVE ( 'NONE', #233, #5477, #2927, .T. ) ;
#3480 = FACE_OUTER_BOUND ( 'NONE', #1198, .T. ) ;
#3481 = LINE ( 'NONE', #5270, #5905 ) ;
#3482 =( NAMED_UNIT ( * ) SI_UNIT ( $, .STERADIAN. ) SOLID_ANGLE_UNIT ( ) );
#3483 = ORIENTED_EDGE ( 'NONE', *, *, #2714, .T. ) ;
#3484 = ORIENTED_EDGE ( 'NONE', *, *, #3284, .F. ) ;
#3485 = FILL_AREA_STYLE ('',( #1892 ) ) ;
#3486 = DIRECTION ( 'NONE',  ( 1.000000000000000000, -0.000000000000000000, 0.000000000000000000 ) ) ;
#3487 = VERTEX_POINT ( 'NONE', #5417 ) ;
#3488 = CARTESIAN_POINT ( 'NONE',  ( -1.357751691251411597, 3.000000000000000000, 1.623199812011252963 ) ) ;
#3489 = CARTESIAN_POINT ( 'NONE',  ( -0.5191275572975078134, 3.000000000000000000, -0.4017349403839645672 ) ) ;
#3490 = AXIS2_PLACEMENT_3D ( 'NONE', #1882, #1393, #2463 ) ;
#3491 = DIRECTION ( 'NONE',  ( 1.828280983288195916E-15, 0.000000000000000000, 1.000000000000000000 ) ) ;
#3492 = EDGE_CURVE ( 'NONE', #3344, #842, #5361, .T. ) ;
#3493 = VECTOR ( 'NONE', #140, 1000.000000000000000 ) ;
#3494 = ORIENTED_EDGE ( 'NONE', *, *, #666, .T. ) ;
#3495 = CARTESIAN_POINT ( 'NONE',  ( -0.3255707312758720495, 2.949999999999999734, 1.533180298713288980 ) ) ;
#3496 = ORIENTED_EDGE ( 'NONE', *, *, #6747, .F. ) ;
#3497 = FACE_OUTER_BOUND ( 'NONE', #4061, .T. ) ;
#3498 =( GEOMETRIC_REPRESENTATION_CONTEXT ( 3 ) GLOBAL_UNCERTAINTY_ASSIGNED_CONTEXT ( ( #5287 ) ) GLOBAL_UNIT_ASSIGNED_CONTEXT ( ( #1261, #5238, #5741 ) ) REPRESENTATION_CONTEXT ( 'NONE', 'WORKASPACE' ) );
#3499 = ORIENTED_EDGE ( 'NONE', *, *, #1889, .T. ) ;
#3500 = ORIENTED_EDGE ( 'NONE', *, *, #6302, .F. ) ;
#3501 = EDGE_CURVE ( 'NONE', #6579, #2628, #587, .T. ) ;
#3502 = CARTESIAN_POINT ( 'NONE',  ( -0.3113406322684358352, 3.000000000000000000, -0.3018418195157239192 ) ) ;
#3503 = CARTESIAN_POINT ( 'NONE',  ( -0.5369520278213630871, 2.949999999999999734, -1.107047874202976789 ) ) ;
#3504 = DIRECTION ( 'NONE',  ( 0.000000000000000000, 0.000000000000000000, 1.000000000000000000 ) ) ;
#3505 =( BOUNDED_CURVE ( )  B_SPLINE_CURVE ( 3, ( #4363, #5099, #6149, #1506 ),
 .UNSPECIFIED., .F., .F. ) 
 B_SPLINE_CURVE_WITH_KNOTS ( ( 4, 4 ),
 ( 3.141592653589793116, 6.283185307179586232 ),
 .UNSPECIFIED. ) 
 CURVE ( )  GEOMETRIC_REPRESENTATION_ITEM ( )  RATIONAL_B_SPLINE_CURVE ( ( 1.000000000000000000, 0.3333333333333333703, 0.3333333333333333703, 1.000000000000000000 ) ) 
 REPRESENTATION_ITEM ( '' )  );
#3506 = VECTOR ( 'NONE', #818, 1000.000000000000000 ) ;
#3507 = CARTESIAN_POINT ( 'NONE',  ( -1.132140295698482735, 2.999999999999999112, 2.143374595551085005 ) ) ;
#3508 = EDGE_CURVE ( 'NONE', #3889, #2074, #2986, .T. ) ;
#3509 = CARTESIAN_POINT ( 'NONE',  ( 2.828571428571428736, 0.2442857142857142450, -2.828571428571428736 ) ) ;
#3510 = VERTEX_POINT ( 'NONE', #3289 ) ;
#3511 = PRESENTATION_STYLE_ASSIGNMENT (( #4555 ) ) ;
#3512 = ORIENTED_EDGE ( 'NONE', *, *, #5084, .T. ) ;
#3513 = VERTEX_POINT ( 'NONE', #4433 ) ;
#3514 = EDGE_CURVE ( 'NONE', #1520, #983, #3693, .T. ) ;
#3515 = CIRCLE ( 'NONE', #5133, 0.2357142857142857095 ) ;
#3516 = EDGE_LOOP ( 'NONE', ( #7015, #5453, #5107, #2898 ) ) ;
#3517 = CARTESIAN_POINT ( 'NONE',  ( -3.299999999999999822, 0.1499999999999999944, 1.799999999999999600 ) ) ;
#3518 = EDGE_CURVE ( 'NONE', #3828, #5956, #3035, .T. ) ;
#3519 = UNCERTAINTY_MEASURE_WITH_UNIT (LENGTH_MEASURE( 1.000000000000000082E-05 ), #3853, 'distance_accuracy_value', 'NONE');
#3520 = DIRECTION ( 'NONE',  ( 1.000000000000000000, 0.000000000000000000, -1.924472235945947451E-15 ) ) ;
#3521 = DIRECTION ( 'NONE',  ( 0.000000000000000000, 1.000000000000000000, 0.000000000000000000 ) ) ;
#3522 = CARTESIAN_POINT ( 'NONE',  ( 3.205714285714285516, 3.000000000000000000, -2.828571428571428736 ) ) ;
#3523 = ORIENTED_EDGE ( 'NONE', *, *, #1658, .F. ) ;
#3524 = EDGE_LOOP ( 'NONE', ( #6132, #3199, #4065, #6477 ) ) ;
#3525 = SURFACE_SIDE_STYLE ('',( #2117 ) ) ;
#3526 = PRESENTATION_STYLE_ASSIGNMENT (( #1543 ) ) ;
#3527 = VECTOR ( 'NONE', #3910, 1000.000000000000000 ) ;
#3528 = ADVANCED_FACE ( 'NONE', ( #3234 ), #5592, .T. ) ;
#3529 = ORIENTED_EDGE ( 'NONE', *, *, #3183, .T. ) ;
#3530 = EDGE_CURVE ( 'NONE', #6296, #4790, #5550, .T. ) ;
#3531 = VERTEX_POINT ( 'NONE', #6693 ) ;
#3532 =( LENGTH_UNIT ( ) NAMED_UNIT ( * ) SI_UNIT ( .MILLI., .METRE. ) );
#3533 = CARTESIAN_POINT ( 'NONE',  ( -0.5369520278213593123, 3.000000000000000000, 0.1894440865371726790 ) ) ;
#3534 = ORIENTED_EDGE ( 'NONE', *, *, #1347, .F. ) ;
#3535 = CARTESIAN_POINT ( 'NONE',  ( -0.3113406322684358352, 2.950000000000000178, -0.3018418195157239192 ) ) ;
#3536 = CARTESIAN_POINT ( 'NONE',  ( -3.205714285714285516, 0.1499999999999999944, 1.799999999999999600 ) ) ;
#3537 = DIRECTION ( 'NONE',  ( -1.445602896647339163E-16, 0.000000000000000000, 1.000000000000000000 ) ) ;
#3538 = ORIENTED_EDGE ( 'NONE', *, *, #1889, .F. ) ;
#3539 = CARTESIAN_POINT ( 'NONE',  ( -2.592857142857142971, 3.000000000000000000, 2.357142857142857650 ) ) ;
#3540 = ORIENTED_EDGE ( 'NONE', *, *, #3739, .F. ) ;
#3541 = ORIENTED_EDGE ( 'NONE', *, *, #2414, .T. ) ;
#3542 = ORIENTED_EDGE ( 'NONE', *, *, #267, .T. ) ;
#3543 = PRESENTATION_LAYER_ASSIGNMENT (  '', '', ( #4670 ) ) ;
#3544 = AXIS2_PLACEMENT_3D ( 'NONE', #880, #1413, #4002 ) ;
#3545 = CARTESIAN_POINT ( 'NONE',  ( -0.4034324706246969483, 2.950000000000001066, 0.7593695934950106530 ) ) ;
#3546 = CARTESIAN_POINT ( 'NONE',  ( -0.5369520278213577580, 1.610876343277178879, 0.5545010321583131452 ) ) ;
#3547 = SHAPE_DEFINITION_REPRESENTATION ( #4005, #4613 ) ;
#3548 = DIRECTION ( 'NONE',  ( -1.000000000000000000, 0.000000000000000000, 0.000000000000000000 ) ) ;
#3549 = PLANE ( 'NONE',  #1123 ) ;
#3550 = LINE ( 'NONE', #5779, #6092 ) ;
#3551 = VECTOR ( 'NONE', #3618, 1000.000000000000000 ) ;
#3552 = CARTESIAN_POINT ( 'NONE',  ( -1.307978480753482664, 3.000000000000000000, 0.7139307616272294599 ) ) ;
#3553 = EDGE_CURVE ( 'NONE', #5121, #5564, #669, .T. ) ;
#3554 = B_SPLINE_SURFACE_WITH_KNOTS ( 'NONE', 3, 1, ( 
 ( #1561, #394 ),
 ( #2135, #2701 ),
 ( #3758, #5490 ),
 ( #6590, #2751 ),
 ( #3270, #4415 ) ),
 .UNSPECIFIED., .F., .F., .F.,
 ( 4, 1, 4 ),
 ( 2, 2 ),
 ( 0.000000000000000000, 0.4877098465503992841, 1.000000000000000000 ),
 ( 0.000000000000000000, 1.000000000000000000 ),
 .UNSPECIFIED. ) ;
#3555 = ORIENTED_EDGE ( 'NONE', *, *, #6580, .F. ) ;
#3556 = ORIENTED_EDGE ( 'NONE', *, *, #2189, .F. ) ;
#3557 = ORIENTED_EDGE ( 'NONE', *, *, #4879, .T. ) ;
#3558 = PRESENTATION_LAYER_ASSIGNMENT (  '', '', ( #1214 ) ) ;
#3559 = STYLED_ITEM ( 'NONE', ( #6125 ), #2271 ) ;
#3560 = CARTESIAN_POINT ( 'NONE',  ( -1.291453225550519335, 2.949999999999999734, -2.269617236342074129 ) ) ;
#3561 = CARTESIAN_POINT ( 'NONE',  ( -0.3113406322684293959, 1.610876343277178879, 1.462103842300823686 ) ) ;
#3562 = PRESENTATION_STYLE_ASSIGNMENT (( #1567 ) ) ;
#3563 = VECTOR ( 'NONE', #5823, 1000.000000000000000 ) ;
#3564 =( LENGTH_UNIT ( ) NAMED_UNIT ( * ) SI_UNIT ( .MILLI., .METRE. ) );
#3565 = DIRECTION ( 'NONE',  ( 0.000000000000000000, 0.000000000000000000, -1.000000000000000000 ) ) ;
#3566 = VERTEX_POINT ( 'NONE', #6650 ) ;
#3567 = DIRECTION ( 'NONE',  ( 0.000000000000000000, -1.000000000000000000, 0.000000000000000000 ) ) ;
#3568 = DIRECTION ( 'NONE',  ( -0.9012599435649611967, -0.000000000000000000, -0.4332787949176405418 ) ) ;
#3569 = PLANE ( 'NONE',  #5996 ) ;
#3570 = CARTESIAN_POINT ( 'NONE',  ( -0.3113406322684380556, 1.610876343277178879, -0.8608846822646283314 ) ) ;
#3571 = EDGE_CURVE ( 'NONE', #2209, #5403, #3126, .T. ) ;
#3572 = EDGE_LOOP ( 'NONE', ( #2466, #4812, #21, #1875 ) ) ;
#3573 = ORIENTED_EDGE ( 'NONE', *, *, #6607, .F. ) ;
#3574 = AXIS2_PLACEMENT_3D ( 'NONE', #6703, #4503, #6533 ) ;
#3575 = DIRECTION ( 'NONE',  ( -1.000000000000000000, 0.000000000000000000, 0.000000000000000000 ) ) ;
#3576 = VECTOR ( 'NONE', #68, 1000.000000000000000 ) ;
#3577 = PLANE ( 'NONE',  #1849 ) ;
#3578 = ORIENTED_EDGE ( 'NONE', *, *, #5322, .T. ) ;
#3579 = LINE ( 'NONE', #4993, #5998 ) ;
#3580 = VERTEX_POINT ( 'NONE', #31 ) ;
#3581 = CARTESIAN_POINT ( 'NONE',  ( -1.151339791579042870, 3.000000000000000000, 1.121500735562910744 ) ) ;
#3582 = DIRECTION ( 'NONE',  ( 3.706674093967535191E-16, -0.000000000000000000, -1.000000000000000000 ) ) ;
#3583 = ORIENTED_EDGE ( 'NONE', *, *, #6513, .F. ) ;
#3584 = CARTESIAN_POINT ( 'NONE',  ( -1.009256750147797144, 2.950000000000000178, -2.134107173565272131 ) ) ;
#3585 = EDGE_CURVE ( 'NONE', #1709, #6377, #905, .T. ) ;
#3586 =( LENGTH_UNIT ( ) NAMED_UNIT ( * ) SI_UNIT ( .MILLI., .METRE. ) );
#3587 = AXIS2_PLACEMENT_3D ( 'NONE', #6854, #6752, #1881 ) ;
#3588 = LINE ( 'NONE', #3191, #1272 ) ;
#3589 = EDGE_CURVE ( 'NONE', #14, #6406, #5671, .T. ) ;
#3590 = ADVANCED_FACE ( 'NONE', ( #3063 ), #2952, .F. ) ;
#3591 = VERTEX_POINT ( 'NONE', #5637 ) ;
#3592 = EDGE_LOOP ( 'NONE', ( #4108, #6709, #4357, #2924 ) ) ;
#3593 = CARTESIAN_POINT ( 'NONE',  ( -1.300000000000000044, 0.1499999999999999944, 1.800000000000000044 ) ) ;
#3594 = VERTEX_POINT ( 'NONE', #2905 ) ;
#3595 = EDGE_CURVE ( 'NONE', #614, #2475, #5505, .T. ) ;
#3596 = CARTESIAN_POINT ( 'NONE',  ( -1.307978480753482664, 3.000000000000000000, 0.7139307616272294599 ) ) ;
#3597 = CARTESIAN_POINT ( 'NONE',  ( 3.299999999999999378, 0.2500000000000000000, -1.800000000000000488 ) ) ;
#3598 = CARTESIAN_POINT ( 'NONE',  ( 2.828571428571428736, 0.2442857142857142450, -3.205714285714285516 ) ) ;
#3599 = VECTOR ( 'NONE', #3442, 1000.000000000000000 ) ;
#3600 = CARTESIAN_POINT ( 'NONE',  ( 3.624999999999999556, 1.575000000000000178, 1.500000000000000666 ) ) ;
#3601 = DIRECTION ( 'NONE',  ( -0.000000000000000000, 1.000000000000000000, -0.000000000000000000 ) ) ;
#3602 = ORIENTED_EDGE ( 'NONE', *, *, #5865, .F. ) ;
#3603 = EDGE_CURVE ( 'NONE', #866, #472, #714, .T. ) ;
#3604 = ORIENTED_EDGE ( 'NONE', *, *, #1251, .F. ) ;
#3605 = EDGE_LOOP ( 'NONE', ( #5103, #7130, #1826, #6519 ) ) ;
#3606 = CARTESIAN_POINT ( 'NONE',  ( -0.3113406322684170724, 3.000000000000000000, 2.327905487420670827 ) ) ;
#3607 = ADVANCED_FACE ( 'NONE', ( #3246 ), #3999, .F. ) ;
#3608 = EDGE_CURVE ( 'NONE', #3344, #5647, #869, .T. ) ;
#3609 = CARTESIAN_POINT ( 'NONE',  ( -1.291453225550534434, 1.610876343277178879, -0.6617235808708898936 ) ) ;
#3610 = UNCERTAINTY_MEASURE_WITH_UNIT (LENGTH_MEASURE( 1.000000000000000082E-05 ), #3998, 'distance_accuracy_value', 'NONE');
#3611 = CARTESIAN_POINT ( 'NONE',  ( 0.000000000000000000, 2.905714285714285694, 3.205714285714285960 ) ) ;
#3612 = LINE ( 'NONE', #2038, #3709 ) ;
#3613 = PLANE ( 'NONE',  #3666 ) ;
#3614 = CARTESIAN_POINT ( 'NONE',  ( -3.299999999999999822, 0.2442857142857142450, -1.800000000000000488 ) ) ;
#3615 = PLANE ( 'NONE',  #5528 ) ;
#3616 = FILL_AREA_STYLE_COLOUR ( '', #1381 ) ;
#3617 = FACE_OUTER_BOUND ( 'NONE', #6360, .T. ) ;
#3618 = DIRECTION ( 'NONE',  ( -0.000000000000000000, -1.000000000000000000, -0.000000000000000000 ) ) ;
#3619 = ORIENTED_EDGE ( 'NONE', *, *, #3967, .F. ) ;
#3620 = ORIENTED_EDGE ( 'NONE', *, *, #2788, .F. ) ;
#3621 = ORIENTED_EDGE ( 'NONE', *, *, #2261, .T. ) ;
#3622 = CARTESIAN_POINT ( 'NONE',  ( -1.132140295698485621, 3.000000000000000000, 1.646912525208062306 ) ) ;
#3623 = LINE ( 'NONE', #656, #1192 ) ;
#3624 = CARTESIAN_POINT ( 'NONE',  ( -1.132140295698496057, 3.000000000000000000, -1.207104699462107966 ) ) ;
#3625 = ORIENTED_EDGE ( 'NONE', *, *, #2414, .F. ) ;
#3626 = DIRECTION ( 'NONE',  ( 1.445602896647339163E-16, 0.000000000000000000, 1.000000000000000000 ) ) ;
#3627 = VERTEX_POINT ( 'NONE', #4101 ) ;
#3628 = DIRECTION ( 'NONE',  ( 0.000000000000000000, 0.000000000000000000, -1.000000000000000000 ) ) ;
#3629 = PLANE ( 'NONE',  #266 ) ;
#3630 = VERTEX_POINT ( 'NONE', #6885 ) ;
#3631 = SURFACE_STYLE_USAGE ( .BOTH. , #3022 ) ;
#3632 = PLANE ( 'NONE',  #243 ) ;
#3633 = CARTESIAN_POINT ( 'NONE',  ( -1.258312057982464482, 2.949999999999999734, 1.620916768221409621 ) ) ;
#3634 = CARTESIAN_POINT ( 'NONE',  ( -0.3113406322684403871, 3.000000000000000000, -1.633376983460833376 ) ) ;
#3635 = AXIS2_PLACEMENT_3D ( 'NONE', #675, #1187, #1773 ) ;
#3636 = AXIS2_PLACEMENT_3D ( 'NONE', #907, #4856, #5406 ) ;
#3637 = VERTEX_POINT ( 'NONE', #6534 ) ;
#3638 = VECTOR ( 'NONE', #3053, 1000.000000000000114 ) ;
#3639 = ORIENTED_EDGE ( 'NONE', *, *, #3176, .F. ) ;
#3640 = DIRECTION ( 'NONE',  ( 3.706674093967537163E-16, -3.706674093967537163E-16, -1.000000000000000000 ) ) ;
#3641 = ORIENTED_EDGE ( 'NONE', *, *, #6329, .T. ) ;
#3642 = DIRECTION ( 'NONE',  ( 1.445602896647339656E-16, 0.000000000000000000, 1.000000000000000000 ) ) ;
#3643 = DIRECTION ( 'NONE',  ( 0.9933818551354653970, 0.000000000000000000, 0.1148585647116549119 ) ) ;
#3644 = CARTESIAN_POINT ( 'NONE',  ( -0.5191275572975084796, 3.000000000000000000, -0.6471926549609913204 ) ) ;
#3645 = EDGE_CURVE ( 'NONE', #2282, #790, #3110, .T. ) ;
#3646 = LINE ( 'NONE', #1114, #6067 ) ;
#3647 = LINE ( 'NONE', #1953, #6130 ) ;
#3648 = CARTESIAN_POINT ( 'NONE',  ( 3.300000000000000266, 1.574999999999999734, 0.3300000000000004596 ) ) ;
#3649 = CARTESIAN_POINT ( 'NONE',  ( -1.274968362457743476, 3.000000000000000000, -2.188491846882453906 ) ) ;
#3650 = VERTEX_POINT ( 'NONE', #1966 ) ;
#3651 = STYLED_ITEM ( 'NONE', ( #2724 ), #1538 ) ;
#3652 = ORIENTED_EDGE ( 'NONE', *, *, #5084, .F. ) ;
#3653 = ORIENTED_EDGE ( 'NONE', *, *, #6513, .T. ) ;
#3654 = CARTESIAN_POINT ( 'NONE',  ( -2.828571428571428736, 2.905714285714285694, 2.828571428571428736 ) ) ;
#3655 = AXIS2_PLACEMENT_3D ( 'NONE', #787, #2526, #4140 ) ;
#3656 = CARTESIAN_POINT ( 'NONE',  ( -0.3113406322684310057, 2.949999999999999734, 1.017803178849526313 ) ) ;
#3657 = PLANE ( 'NONE',  #1618 ) ;
#3658 = CIRCLE ( 'NONE', #6469, 0.09428571428571427826 ) ;
#3659 = EDGE_CURVE ( 'NONE', #2727, #5105, #705, .T. ) ;
#3660 = CARTESIAN_POINT ( 'NONE',  ( -1.357751691251411597, 2.949999999999999734, 1.623199812011252963 ) ) ;
#3661 = DIRECTION ( 'NONE',  ( -1.000000000000000000, 0.000000000000000000, 7.067300691551202826E-15 ) ) ;
#3662 = ORIENTED_EDGE ( 'NONE', *, *, #4959, .T. ) ;
#3663 =( NAMED_UNIT ( * ) SI_UNIT ( $, .STERADIAN. ) SOLID_ANGLE_UNIT ( ) );
#3664 = DIRECTION ( 'NONE',  ( 0.000000000000000000, 1.000000000000000000, 0.000000000000000000 ) ) ;
#3665 = CARTESIAN_POINT ( 'NONE',  ( -1.132140295698490950, 3.000000000000000000, 0.1266649546707405427 ) ) ;
#3666 = AXIS2_PLACEMENT_3D ( 'NONE', #1291, #5863, #5686 ) ;
#3667 = DIRECTION ( 'NONE',  ( 3.623890796147360773E-15, 0.000000000000000000, 1.000000000000000000 ) ) ;
#3668 = ORIENTED_EDGE ( 'NONE', *, *, #4247, .T. ) ;
#3669 = ORIENTED_EDGE ( 'NONE', *, *, #1, .F. ) ;
#3670 = CARTESIAN_POINT ( 'NONE',  ( -1.132140295698496057, 1.610876343277178879, -1.207104699462107966 ) ) ;
#3671 = LINE ( 'NONE', #5965, #6005 ) ;
#3672 = EDGE_CURVE ( 'NONE', #5034, #5641, #3086, .T. ) ;
#3673 = ORIENTED_EDGE ( 'NONE', *, *, #6659, .T. ) ;
#3674 = CARTESIAN_POINT ( 'NONE',  ( -1.357751691251412263, 2.950000000000000178, 1.302799868628608859 ) ) ;
#3675 = VERTEX_POINT ( 'NONE', #4882 ) ;
#3676 = DIRECTION ( 'NONE',  ( 0.000000000000000000, -0.000000000000000000, 1.000000000000000000 ) ) ;
#3677 = DIRECTION ( 'NONE',  ( -0.000000000000000000, 1.000000000000000000, -0.000000000000000000 ) ) ;
#3678 = EDGE_LOOP ( 'NONE', ( #1037, #1301, #5873, #6265 ) ) ;
#3679 = PRESENTATION_LAYER_ASSIGNMENT (  '', '', ( #3867 ) ) ;
#3680 =( NAMED_UNIT ( * ) SI_UNIT ( $, .STERADIAN. ) SOLID_ANGLE_UNIT ( ) );
#3681 = CARTESIAN_POINT ( 'NONE',  ( -1.151339791579042870, 3.000000000000000000, 1.121500735562910744 ) ) ;
#3682 = EDGE_CURVE ( 'NONE', #5340, #614, #5681, .T. ) ;
#3683 = SURFACE_STYLE_USAGE ( .BOTH. , #2728 ) ;
#3684 = DIRECTION ( 'NONE',  ( -4.606854556878935206E-15, 0.000000000000000000, -1.000000000000000000 ) ) ;
#3685 = LINE ( 'NONE', #6725, #1320 ) ;
#3686 = VECTOR ( 'NONE', #6105, 1000.000000000000000 ) ;
#3687 = EDGE_CURVE ( 'NONE', #4446, #4728, #3283, .T. ) ;
#3688 = ORIENTED_EDGE ( 'NONE', *, *, #6421, .T. ) ;
#3689 = ORIENTED_EDGE ( 'NONE', *, *, #1433, .F. ) ;
#3690 = CARTESIAN_POINT ( 'NONE',  ( -1.357751691251411597, 2.950000000000000178, 0.06376282006731877339 ) ) ;
#3691 = ORIENTED_EDGE ( 'NONE', *, *, #2916, .T. ) ;
#3692 = UNCERTAINTY_MEASURE_WITH_UNIT (LENGTH_MEASURE( 1.000000000000000082E-05 ), #4800, 'distance_accuracy_value', 'NONE');
#3693 = B_SPLINE_CURVE_WITH_KNOTS ( 'NONE', 3,
 ( #2568, #3104, #1465, #1762, #5675 ),
 .UNSPECIFIED., .F., .F.,
 ( 4, 1, 4 ),
 ( 0.000000000000000000, 0.4877098465503992841, 1.000000000000000000 ),
 .UNSPECIFIED. ) ;
#3694 = CARTESIAN_POINT ( 'NONE',  ( -1.357751691251411597, 1.610876343277178879, 1.623199812011252963 ) ) ;
#3695 = PLANE ( 'NONE',  #1003 ) ;
#3696 = CARTESIAN_POINT ( 'NONE',  ( -0.3113406322684293959, 3.000000000000000000, 1.462103842300823686 ) ) ;
#3697 = ADVANCED_FACE ( 'NONE', ( #5517 ), #2536, .F. ) ;
#3698 = DIRECTION ( 'NONE',  ( 0.000000000000000000, 1.000000000000000000, 0.000000000000000000 ) ) ;
#3699 = DIRECTION ( 'NONE',  ( -0.000000000000000000, 1.000000000000000000, -0.000000000000000000 ) ) ;
#3700 = ORIENTED_EDGE ( 'NONE', *, *, #6758, .F. ) ;
#3701 = EDGE_CURVE ( 'NONE', #1501, #3230, #5733, .T. ) ;
#3702 = LINE ( 'NONE', #300, #1384 ) ;
#3703 = ORIENTED_EDGE ( 'NONE', *, *, #3261, .F. ) ;
#3704 = ORIENTED_EDGE ( 'NONE', *, *, #3029, .T. ) ;
#3705 = ORIENTED_EDGE ( 'NONE', *, *, #4947, .F. ) ;
#3706 = CARTESIAN_POINT ( 'NONE',  ( 3.299999999999999822, 2.905714285714285694, 2.828571428571428736 ) ) ;
#3707 = CARTESIAN_POINT ( 'NONE',  ( 3.300000000000000711, 0.5999999999999999778, -1.499999999999999778 ) ) ;
#3708 = FILL_AREA_STYLE ('',( #3804 ) ) ;
#3709 = VECTOR ( 'NONE', #909, 1000.000000000000000 ) ;
#3710 = VECTOR ( 'NONE', #4245, 1000.000000000000000 ) ;
#3711 = ADVANCED_FACE ( 'NONE', ( #1099 ), #1908, .F. ) ;
#3712 = DIRECTION ( 'NONE',  ( 0.000000000000000000, 1.000000000000000000, 0.000000000000000000 ) ) ;
#3713 = ORIENTED_EDGE ( 'NONE', *, *, #3029, .F. ) ;
#3714 = CARTESIAN_POINT ( 'NONE',  ( 3.300000000000000266, 1.433571428571428275, -0.3299999999999995159 ) ) ;
#3715 = DIRECTION ( 'NONE',  ( -0.000000000000000000, -1.000000000000000000, -0.000000000000000000 ) ) ;
#3716 = ORIENTED_EDGE ( 'NONE', *, *, #3701, .T. ) ;
#3717 = CARTESIAN_POINT ( 'NONE',  ( -1.300000000000000044, 0.2500000000000000000, 1.800000000000000044 ) ) ;
#3718 = ORIENTED_EDGE ( 'NONE', *, *, #3768, .T. ) ;
#3719 = ORIENTED_EDGE ( 'NONE', *, *, #6749, .F. ) ;
#3720 = ORIENTED_EDGE ( 'NONE', *, *, #1641, .T. ) ;
#3721 = DIRECTION ( 'NONE',  ( 0.000000000000000000, 0.000000000000000000, 1.000000000000000000 ) ) ;
#3722 = VECTOR ( 'NONE', #291, 1000.000000000000000 ) ;
#3723 = ORIENTED_EDGE ( 'NONE', *, *, #4720, .F. ) ;
#3724 = AXIS2_PLACEMENT_3D ( 'NONE', #6010, #3321, #4480 ) ;
#3725 = LINE ( 'NONE', #3707, #1302 ) ;
#3726 = EDGE_LOOP ( 'NONE', ( #5907, #6062, #3826, #3847 ) ) ;
#3727 = CARTESIAN_POINT ( 'NONE',  ( -0.5369520278213535391, 3.000000000000000000, 1.709469332942378239 ) ) ;
#3728 = DIRECTION ( 'NONE',  ( 0.000000000000000000, 1.000000000000000000, 0.000000000000000000 ) ) ;
#3729 = ORIENTED_EDGE ( 'NONE', *, *, #4426, .T. ) ;
#3730 = SURFACE_SIDE_STYLE ('',( #284 ) ) ;
#3731 = DIRECTION ( 'NONE',  ( -2.710505431213760592E-16, 0.000000000000000000, -1.000000000000000000 ) ) ;
#3732 = AXIS2_PLACEMENT_3D ( 'NONE', #6522, #7073, #499 ) ;
#3733 = ADVANCED_FACE ( 'NONE', ( #3443 ), #3695, .T. ) ;
#3734 = PRESENTATION_LAYER_ASSIGNMENT (  '', '', ( #6713 ) ) ;
#3735 = AXIS2_PLACEMENT_3D ( 'NONE', #1467, #208, #1311 ) ;
#3736 = DIRECTION ( 'NONE',  ( 0.000000000000000000, 0.000000000000000000, -1.000000000000000000 ) ) ;
#3737 = ORIENTED_EDGE ( 'NONE', *, *, #279, .F. ) ;
#3738 = VECTOR ( 'NONE', #3269, 1000.000000000000000 ) ;
#3739 = EDGE_CURVE ( 'NONE', #3193, #1213, #1120, .T. ) ;
#3740 = EDGE_LOOP ( 'NONE', ( #1763, #4075, #1395, #4372 ) ) ;
#3741 = DIRECTION ( 'NONE',  ( -1.445602896647339163E-16, -0.000000000000000000, -1.000000000000000000 ) ) ;
#3742 = EDGE_LOOP ( 'NONE', ( #1678, #5611, #5931, #5587 ) ) ;
#3743 = DIRECTION ( 'NONE',  ( 1.828280983288195916E-15, 0.000000000000000000, 1.000000000000000000 ) ) ;
#3744 = DIRECTION ( 'NONE',  ( 4.037799520142767599E-15, -0.000000000000000000, 1.000000000000000000 ) ) ;
#3745 =( GEOMETRIC_REPRESENTATION_CONTEXT ( 3 ) GLOBAL_UNCERTAINTY_ASSIGNED_CONTEXT ( ( #6113 ) ) GLOBAL_UNIT_ASSIGNED_CONTEXT ( ( #738, #1259, #4628 ) ) REPRESENTATION_CONTEXT ( 'NONE', 'WORKASPACE' ) );
#3746 = CARTESIAN_POINT ( 'NONE',  ( -0.6149084483925322253, 3.000000000000000000, 1.596109267695102085 ) ) ;
#3747 = SURFACE_SIDE_STYLE ('',( #1888 ) ) ;
#3748 = PLANE ( 'NONE',  #4201 ) ;
#3749 = PLANE ( 'NONE',  #6370 ) ;
#3750 = ORIENTED_EDGE ( 'NONE', *, *, #615, .F. ) ;
#3751 = ORIENTED_EDGE ( 'NONE', *, *, #1079, .T. ) ;
#3752 = PRESENTATION_LAYER_ASSIGNMENT (  '', '', ( #6731 ) ) ;
#3753 = EDGE_LOOP ( 'NONE', ( #6624, #1720, #4491, #6917, #2131, #5699, #4765, #4530, #15, #2207, #30, #4747, #2149, #7167, #2172, #878 ) ) ;
#3754 = ORIENTED_EDGE ( 'NONE', *, *, #6807, .F. ) ;
#3755 = CARTESIAN_POINT ( 'NONE',  ( -1.132140295698490950, 3.000000000000000000, 0.1266649546707405427 ) ) ;
#3756 = EDGE_CURVE ( 'NONE', #7058, #3336, #1035, .T. ) ;
#3757 = ADVANCED_FACE ( 'NONE', ( #5743 ), #5927, .T. ) ;
#3758 = CARTESIAN_POINT ( 'NONE',  ( -0.8418326795865148648, 2.950000000000000178, -1.146840856863407865 ) ) ;
#3759 = VERTEX_POINT ( 'NONE', #2071 ) ;
#3760 = SURFACE_SIDE_STYLE ('',( #237 ) ) ;
#3761 = CARTESIAN_POINT ( 'NONE',  ( 3.300000000000000266, 1.433571428571428275, 0.3300000000000004041 ) ) ;
#3762 = ORIENTED_EDGE ( 'NONE', *, *, #1993, .T. ) ;
#3763 = DIRECTION ( 'NONE',  ( 0.000000000000000000, 0.000000000000000000, -1.000000000000000000 ) ) ;
#3764 = ORIENTED_EDGE ( 'NONE', *, *, #2192, .T. ) ;
#3765 = CARTESIAN_POINT ( 'NONE',  ( 1.300000000000000044, 0.2500000000000000000, 1.800000000000000044 ) ) ;
#3766 = FACE_OUTER_BOUND ( 'NONE', #1634, .T. ) ;
#3767 = EDGE_LOOP ( 'NONE', ( #2182, #4627, #4685, #128 ) ) ;
#3768 = EDGE_CURVE ( 'NONE', #4406, #323, #5880, .T. ) ;
#3769 = EDGE_LOOP ( 'NONE', ( #1610, #3318, #1652, #1535 ) ) ;
#3770 = CIRCLE ( 'NONE', #1215, 0.08278332879366212538 ) ;
#3771 = ADVANCED_FACE ( 'NONE', ( #3434 ), #5224, .T. ) ;
#3772 = SURFACE_STYLE_USAGE ( .BOTH. , #3241 ) ;
#3773 =( LENGTH_UNIT ( ) NAMED_UNIT ( * ) SI_UNIT ( .MILLI., .METRE. ) );
#3774 = DIRECTION ( 'NONE',  ( -0.000000000000000000, 1.000000000000000000, -0.000000000000000000 ) ) ;
#3775 = VERTEX_POINT ( 'NONE', #771 ) ;
#3776 = FILL_AREA_STYLE ('',( #4437 ) ) ;
#3777 = EDGE_CURVE ( 'NONE', #5357, #6171, #5888, .T. ) ;
#3778 = CARTESIAN_POINT ( 'NONE',  ( -0.8418426963106281358, 3.000000000000000444, 2.163869536259844129 ) ) ;
#3779 = CARTESIAN_POINT ( 'NONE',  ( -0.5369520278213535391, 3.000000000000000000, 1.709469332942378239 ) ) ;
#3780 = VECTOR ( 'NONE', #5409, 1000.000000000000000 ) ;
#3781 = LINE ( 'NONE', #6320, #1322 ) ;
#3782 = UNCERTAINTY_MEASURE_WITH_UNIT (LENGTH_MEASURE( 1.000000000000000082E-05 ), #4113, 'distance_accuracy_value', 'NONE');
#3783 = ORIENTED_EDGE ( 'NONE', *, *, #2363, .T. ) ;
#3784 = ORIENTED_EDGE ( 'NONE', *, *, #5548, .T. ) ;
#3785 = SURFACE_SIDE_STYLE ('',( #3310 ) ) ;
#3786 = EDGE_LOOP ( 'NONE', ( #2246, #3534, #5460, #5273 ) ) ;
#3787 = DIRECTION ( 'NONE',  ( 1.000000000000000000, 0.000000000000000000, 0.000000000000000000 ) ) ;
#3788 = DIRECTION ( 'NONE',  ( -0.000000000000000000, 1.000000000000000000, -0.000000000000000000 ) ) ;
#3789 = EDGE_CURVE ( 'NONE', #4724, #3439, #978, .T. ) ;
#3790 = CARTESIAN_POINT ( 'NONE',  ( -1.151339791579042870, 1.610876343277178879, 1.121500735562910744 ) ) ;
#3791 = CARTESIAN_POINT ( 'NONE',  ( -3.624999999999999556, 0.5999999999999999778, 1.500000000000000666 ) ) ;
#3792 = VECTOR ( 'NONE', #926, 1000.000000000000000 ) ;
#3793 = CYLINDRICAL_SURFACE ( 'NONE', #6819, 0.2357142857142857095 ) ;
#3794 = CARTESIAN_POINT ( 'NONE',  ( -0.5191275572975084796, 3.000000000000000000, -0.6471926549609913204 ) ) ;
#3795 = CARTESIAN_POINT ( 'NONE',  ( -1.274968362457746363, 2.949999999999999734, -0.5805981914113235165 ) ) ;
#3796 = VERTEX_POINT ( 'NONE', #512 ) ;
#3797 = ORIENTED_EDGE ( 'NONE', *, *, #2363, .F. ) ;
#3798 = COLOUR_RGB ( '',1.000000000000000000, 1.000000000000000000, 1.000000000000000000 ) ;
#3799 = ORIENTED_EDGE ( 'NONE', *, *, #169, .T. ) ;
#3800 = ORIENTED_EDGE ( 'NONE', *, *, #3659, .F. ) ;
#3801 = ORIENTED_EDGE ( 'NONE', *, *, #450, .F. ) ;
#3802 = CARTESIAN_POINT ( 'NONE',  ( -3.299999999999999822, 15.33380951166242845, -1.499999999999999556 ) ) ;
#3803 = DIRECTION ( 'NONE',  ( -1.000000000000000000, 0.000000000000000000, 0.000000000000000000 ) ) ;
#3804 = FILL_AREA_STYLE_COLOUR ( '', #672 ) ;
#3805 = LINE ( 'NONE', #5056, #1435 ) ;
#3806 = VECTOR ( 'NONE', #6979, 1000.000000000000000 ) ;
#3807 = DIRECTION ( 'NONE',  ( -1.000000000000000000, 0.000000000000000000, 0.000000000000000000 ) ) ;
#3809 = DIRECTION ( 'NONE',  ( 0.000000000000000000, 1.000000000000000000, 0.000000000000000000 ) ) ;
#3808 = MECHANICAL_DESIGN_GEOMETRIC_PRESENTATION_REPRESENTATION (  '', ( #6783 ), #2300 ) ;
#3810 = VERTEX_POINT ( 'NONE', #1247 ) ;
#3811 = CARTESIAN_POINT ( 'NONE',  ( -1.044367525175621259, 3.000000000000000444, 0.6220847029044119791 ) ) ;
#3812 = CARTESIAN_POINT ( 'NONE',  ( -3.299999999999999822, 2.905714285714285694, 2.828571428571428736 ) ) ;
#3813 = VERTEX_POINT ( 'NONE', #246 ) ;
#3814 = DIRECTION ( 'NONE',  ( 1.000000000000000000, 0.000000000000000000, 0.000000000000000000 ) ) ;
#3815 = VERTEX_POINT ( 'NONE', #1780 ) ;
#3816 = ORIENTED_EDGE ( 'NONE', *, *, #1462, .F. ) ;
#3817 = EDGE_LOOP ( 'NONE', ( #5630, #4062, #3540, #3170 ) ) ;
#3818 = CARTESIAN_POINT ( 'NONE',  ( -0.5191275572975055930, 2.949999999999999734, -2.255086310432033336 ) ) ;
#3819 = ADVANCED_FACE ( 'NONE', ( #3369 ), #1591, .F. ) ;
#3820 = AXIS2_PLACEMENT_3D ( 'NONE', #3030, #6771, #2381 ) ;
#3821 = FACE_OUTER_BOUND ( 'NONE', #1268, .T. ) ;
#3822 = VECTOR ( 'NONE', #2256, 1000.000000000000000 ) ;
#3823 = STYLED_ITEM ( 'NONE', ( #374 ), #6608 ) ;
#3824 = ORIENTED_EDGE ( 'NONE', *, *, #1269, .F. ) ;
#3825 = STYLED_ITEM ( 'NONE', ( #1912 ), #2556 ) ;
#3826 = ORIENTED_EDGE ( 'NONE', *, *, #1658, .T. ) ;
#3827 = MECHANICAL_DESIGN_GEOMETRIC_PRESENTATION_REPRESENTATION (  '', ( #3068 ), #814 ) ;
#3828 = VERTEX_POINT ( 'NONE', #3298 ) ;
#3829 = ORIENTED_EDGE ( 'NONE', *, *, #3553, .T. ) ;
#3830 = ORIENTED_EDGE ( 'NONE', *, *, #376, .F. ) ;
#3831 = FILL_AREA_STYLE ('',( #5971 ) ) ;
#3832 = CARTESIAN_POINT ( 'NONE',  ( -2.592857142857142971, 2.900000000000000355, 2.592857142857143415 ) ) ;
#3833 = VERTEX_POINT ( 'NONE', #1294 ) ;
#3834 = FILL_AREA_STYLE ('',( #2296 ) ) ;
#3835 = CARTESIAN_POINT ( 'NONE',  ( -1.009256750147797366, 2.950000000000000178, -2.134107173565272131 ) ) ;
#3836 = CARTESIAN_POINT ( 'NONE',  ( -1.357751691251411597, 1.610876343277178879, 0.06376282006731877339 ) ) ;
#3837 = CARTESIAN_POINT ( 'NONE',  ( -1.151339791579042870, 2.950000000000000178, 1.121500735562910744 ) ) ;
#3838 = FACE_OUTER_BOUND ( 'NONE', #1116, .T. ) ;
#3839 = EDGE_CURVE ( 'NONE', #5641, #2572, #3348, .T. ) ;
#3840 = ORIENTED_EDGE ( 'NONE', *, *, #3267, .T. ) ;
#3841 = EDGE_LOOP ( 'NONE', ( #2637, #1839, #1788, #6698 ) ) ;
#3842 = LINE ( 'NONE', #2875, #1470 ) ;
#3843 = ORIENTED_EDGE ( 'NONE', *, *, #3756, .F. ) ;
#3844 = ADVANCED_FACE ( 'NONE', ( #3480 ), #5651, .T. ) ;
#3845 = AXIS2_PLACEMENT_3D ( 'NONE', #5891, #6479, #2484 ) ;
#3846 = ORIENTED_EDGE ( 'NONE', *, *, #4180, .T. ) ;
#3847 = ORIENTED_EDGE ( 'NONE', *, *, #3514, .F. ) ;
#3848 = FILL_AREA_STYLE_COLOUR ( '', #3324 ) ;
#3849 = ORIENTED_EDGE ( 'NONE', *, *, #2289, .T. ) ;
#3850 = DIRECTION ( 'NONE',  ( 0.000000000000000000, 1.000000000000000000, 0.000000000000000000 ) ) ;
#3851 = DIRECTION ( 'NONE',  ( 0.000000000000000000, 1.000000000000000000, -0.000000000000000000 ) ) ;
#3852 =( NAMED_UNIT ( * ) PLANE_ANGLE_UNIT ( ) SI_UNIT ( $, .RADIAN. ) );
#3853 =( LENGTH_UNIT ( ) NAMED_UNIT ( * ) SI_UNIT ( .MILLI., .METRE. ) );
#3854 = AXIS2_PLACEMENT_3D ( 'NONE', #2318, #1656, #2879 ) ;
#3855 = CARTESIAN_POINT ( 'NONE',  ( -1.132140295698496946, 2.949999999999999734, -1.657805791318631261 ) ) ;
#3856 = COLOUR_RGB ( '',1.000000000000000000, 1.000000000000000000, 1.000000000000000000 ) ;
#3857 = PLANE ( 'NONE',  #4781 ) ;
#3858 = EDGE_CURVE ( 'NONE', #5403, #1688, #998, .T. ) ;
#3859 = DIRECTION ( 'NONE',  ( 1.000000000000000000, 0.000000000000000000, -3.937577556446986284E-15 ) ) ;
#3860 = ORIENTED_EDGE ( 'NONE', *, *, #4225, .T. ) ;
#3861 = ORIENTED_EDGE ( 'NONE', *, *, #1362, .T. ) ;
#3862 = LINE ( 'NONE', #6175, #1442 ) ;
#3863 = ORIENTED_EDGE ( 'NONE', *, *, #2948, .F. ) ;
#3864 = VERTEX_POINT ( 'NONE', #2180 ) ;
#3865 = ORIENTED_EDGE ( 'NONE', *, *, #2771, .T. ) ;
#3866 = VERTEX_POINT ( 'NONE', #193 ) ;
#3867 = STYLED_ITEM ( 'NONE', ( #4999 ), #3252 ) ;
#3868 = CARTESIAN_POINT ( 'NONE',  ( -1.132140295698483845, 2.950000000000000178, 2.097613617064586045 ) ) ;
#3869 = EDGE_CURVE ( 'NONE', #4607, #347, #5767, .T. ) ;
#3870 = FACE_OUTER_BOUND ( 'NONE', #6038, .T. ) ;
#3871 = DIRECTION ( 'NONE',  ( 0.000000000000000000, 0.000000000000000000, -1.000000000000000000 ) ) ;
#3872 = ORIENTED_EDGE ( 'NONE', *, *, #5258, .F. ) ;
#3873 = DIRECTION ( 'NONE',  ( -1.204669080539448851E-16, -0.000000000000000000, 1.000000000000000000 ) ) ;
#3874 = CARTESIAN_POINT ( 'NONE',  ( -1.357751691251410708, 3.000000000000000000, 2.097613617064586933 ) ) ;
#3875 = VERTEX_POINT ( 'NONE', #728 ) ;
#3876 = EDGE_CURVE ( 'NONE', #6143, #5064, #969, .T. ) ;
#3877 = DIRECTION ( 'NONE',  ( 1.000000000000000000, 0.000000000000000000, 6.505213034913029562E-16 ) ) ;
#3878 = VECTOR ( 'NONE', #3006, 1000.000000000000000 ) ;
#3879 = ORIENTED_EDGE ( 'NONE', *, *, #2582, .T. ) ;
#3880 = ORIENTED_EDGE ( 'NONE', *, *, #4785, .F. ) ;
#3881 = ORIENTED_EDGE ( 'NONE', *, *, #6561, .F. ) ;
#3882 = ORIENTED_EDGE ( 'NONE', *, *, #2916, .F. ) ;
#3883 = DIRECTION ( 'NONE',  ( 1.204669080539449344E-16, 0.000000000000000000, -1.000000000000000000 ) ) ;
#3884 = EDGE_CURVE ( 'NONE', #6423, #1814, #5825, .T. ) ;
#3885 = PRESENTATION_STYLE_ASSIGNMENT (( #4420 ) ) ;
#3886 = LINE ( 'NONE', #3949, #3901 ) ;
#3887 = ORIENTED_EDGE ( 'NONE', *, *, #4145, .T. ) ;
#3888 = EDGE_CURVE ( 'NONE', #4844, #5477, #3453, .T. ) ;
#3889 = VERTEX_POINT ( 'NONE', #2461 ) ;
#3890 = ORIENTED_EDGE ( 'NONE', *, *, #4910, .T. ) ;
#3891 = ORIENTED_EDGE ( 'NONE', *, *, #3267, .F. ) ;
#3892 = CARTESIAN_POINT ( 'NONE',  ( -0.5369520278213577580, 3.000000000000000000, 0.5545010321583131452 ) ) ;
#3893 = CARTESIAN_POINT ( 'NONE',  ( -0.5191275572975055930, 3.000000000000000000, -2.255086310432033336 ) ) ;
#3894 = ORIENTED_EDGE ( 'NONE', *, *, #3777, .F. ) ;
#3895 =( LENGTH_UNIT ( ) NAMED_UNIT ( * ) SI_UNIT ( .MILLI., .METRE. ) );
#3896 = UNCERTAINTY_MEASURE_WITH_UNIT (LENGTH_MEASURE( 1.000000000000000082E-05 ), #5540, 'distance_accuracy_value', 'NONE');
#3897 = CARTESIAN_POINT ( 'NONE',  ( -0.3113406322684380556, 2.949999999999999734, -1.100845407848078716 ) ) ;
#3898 = ADVANCED_FACE ( 'NONE', ( #1284 ), #4667, .T. ) ;
#3899 = DIRECTION ( 'NONE',  ( -0.9799725457018645391, 0.000000000000000000, 0.1991326434078726504 ) ) ;
#3900 = COLOUR_RGB ( '',1.000000000000000000, 1.000000000000000000, 1.000000000000000000 ) ;
#3901 = VECTOR ( 'NONE', #2872, 1000.000000000000000 ) ;
#3902 = EDGE_LOOP ( 'NONE', ( #7168, #4556, #2026, #4461, #5057, #2276, #7077, #6802, #4360, #310 ) ) ;
#3903 = FACE_OUTER_BOUND ( 'NONE', #2155, .T. ) ;
#3904 = ORIENTED_EDGE ( 'NONE', *, *, #1877, .T. ) ;
#3905 = VERTEX_POINT ( 'NONE', #3011 ) ;
#3906 = VERTEX_POINT ( 'NONE', #2736 ) ;
#3907 = CARTESIAN_POINT ( 'NONE',  ( -1.357751691251422699, 3.000000000000000000, -1.681518504515441492 ) ) ;
#3908 = PLANE ( 'NONE',  #5909 ) ;
#3909 = CIRCLE ( 'NONE', #732, 0.2357142857142857095 ) ;
#3910 = DIRECTION ( 'NONE',  ( 4.784464174600315422E-15, 0.000000000000000000, 1.000000000000000000 ) ) ;
#3911 = CARTESIAN_POINT ( 'NONE',  ( -0.5191275572975084796, 3.000000000000000000, -0.6471926549609913204 ) ) ;
#3912 = ORIENTED_EDGE ( 'NONE', *, *, #24, .F. ) ;
#3913 = LINE ( 'NONE', #1824, #6282 ) ;
#3914 = VERTEX_POINT ( 'NONE', #4982 ) ;
#3915 = ADVANCED_FACE ( 'NONE', ( #6075 ), #3569, .F. ) ;
#3916 = EDGE_LOOP ( 'NONE', ( #4198, #4266, #3737, #1876 ) ) ;
#3917 = AXIS2_PLACEMENT_3D ( 'NONE', #1307, #6673, #4679 ) ;
#3918 = CARTESIAN_POINT ( 'NONE',  ( -2.828571428571428736, 3.000000000000000000, -2.828571428571428736 ) ) ;
#3919 = VECTOR ( 'NONE', #3397, 1000.000000000000000 ) ;
#3920 = PLANE ( 'NONE',  #6781 ) ;
#3921 = DIRECTION ( 'NONE',  ( 0.000000000000000000, -1.000000000000000000, 0.000000000000000000 ) ) ;
#3922 = ORIENTED_EDGE ( 'NONE', *, *, #5245, .F. ) ;
#3923 = CARTESIAN_POINT ( 'NONE',  ( -0.5369520278213535391, 2.950000000000000178, 1.709469332942378239 ) ) ;
#3924 = DIRECTION ( 'NONE',  ( 0.000000000000000000, 0.000000000000000000, 1.000000000000000000 ) ) ;
#3925 = DIRECTION ( 'NONE',  ( 0.000000000000000000, 0.000000000000000000, 1.000000000000000000 ) ) ;
#3926 = LINE ( 'NONE', #2991, #6422 ) ;
#3927 = ORIENTED_EDGE ( 'NONE', *, *, #3195, .T. ) ;
#3928 = EDGE_CURVE ( 'NONE', #4283, #2935, #1217, .T. ) ;
#3929 = ORIENTED_EDGE ( 'NONE', *, *, #554, .F. ) ;
#3930 = ORIENTED_EDGE ( 'NONE', *, *, #4157, .T. ) ;
#3931 = ORIENTED_EDGE ( 'NONE', *, *, #2782, .F. ) ;
#3932 = PLANE ( 'NONE',  #6648 ) ;
#3933 = AXIS2_PLACEMENT_3D ( 'NONE', #4682, #6417, #2626 ) ;
#3934 = AXIS2_PLACEMENT_3D ( 'NONE', #7023, #356, #3628 ) ;
#3935 = DIRECTION ( 'NONE',  ( -0.000000000000000000, -0.000000000000000000, 1.000000000000000000 ) ) ;
#3936 = PRESENTATION_STYLE_ASSIGNMENT (( #1263 ) ) ;
#3937 = ORIENTED_EDGE ( 'NONE', *, *, #4067, .F. ) ;
#3938 = DIRECTION ( 'NONE',  ( -1.204669080539449344E-16, -0.000000000000000000, 1.000000000000000000 ) ) ;
#3939 = CYLINDRICAL_SURFACE ( 'NONE', #2479, 0.09428571428571427826 ) ;
#3940 = EDGE_LOOP ( 'NONE', ( #86, #2881, #7122, #4123 ) ) ;
#3941 = ORIENTED_EDGE ( 'NONE', *, *, #4802, .T. ) ;
#3942 = ORIENTED_EDGE ( 'NONE', *, *, #2700, .F. ) ;
#3943 = CARTESIAN_POINT ( 'NONE',  ( -0.5369520278213593123, 3.000000000000000000, 0.1894440865371726790 ) ) ;
#3944 = DIRECTION ( 'NONE',  ( 0.000000000000000000, -1.000000000000000000, 0.000000000000000000 ) ) ;
#3945 = VERTEX_POINT ( 'NONE', #4903 ) ;
#3946 = DIRECTION ( 'NONE',  ( 0.4332787949176406528, 0.000000000000000000, -0.9012599435649613078 ) ) ;
#3947 = EDGE_CURVE ( 'NONE', #5895, #4779, #1296, .T. ) ;
#3948 = FILL_AREA_STYLE_COLOUR ( '', #2431 ) ;
#3949 = CARTESIAN_POINT ( 'NONE',  ( 3.300000000000000266, 1.574999999999999734, -0.3299999999999995159 ) ) ;
#3950 =( GEOMETRIC_REPRESENTATION_CONTEXT ( 3 ) GLOBAL_UNCERTAINTY_ASSIGNED_CONTEXT ( ( #2055 ) ) GLOBAL_UNIT_ASSIGNED_CONTEXT ( ( #1025, #7144, #3127 ) ) REPRESENTATION_CONTEXT ( 'NONE', 'WORKASPACE' ) );
#3951 = VERTEX_POINT ( 'NONE', #863 ) ;
#3952 = VECTOR ( 'NONE', #1806, 1000.000000000000000 ) ;
#3953 = EDGE_LOOP ( 'NONE', ( #5749, #1530, #5843, #3374 ) ) ;
#3954 = EDGE_LOOP ( 'NONE', ( #6350, #3942, #402, #4099 ) ) ;
#3955 = ORIENTED_EDGE ( 'NONE', *, *, #4348, .T. ) ;
#3956 = ORIENTED_EDGE ( 'NONE', *, *, #3858, .F. ) ;
#3957 = DIRECTION ( 'NONE',  ( 0.000000000000000000, 0.000000000000000000, -1.000000000000000000 ) ) ;
#3958 = CARTESIAN_POINT ( 'NONE',  ( -0.8186499976311963911, 2.949999999999999734, 0.1029587669415544526 ) ) ;
#3959 = EDGE_CURVE ( 'NONE', #2395, #3360, #6016, .T. ) ;
#3960 = DIRECTION ( 'NONE',  ( -1.000000000000000000, 0.000000000000000000, 4.336808689942019708E-16 ) ) ;
#3961 = ADVANCED_FACE ( 'NONE', ( #1171 ), #4857, .F. ) ;
#3962 = CARTESIAN_POINT ( 'NONE',  ( -3.300000000000000711, 1.574999999999999734, -1.499999999999999778 ) ) ;
#3963 = CARTESIAN_POINT ( 'NONE',  ( 3.300000000000000266, 1.433571428571428275, 0.2357142857142861259 ) ) ;
#3964 = CIRCLE ( 'NONE', #2482, 0.09428571428571427826 ) ;
#3965 = AXIS2_PLACEMENT_3D ( 'NONE', #2783, #552, #1190 ) ;
#3966 = DIRECTION ( 'NONE',  ( -0.000000000000000000, -1.000000000000000000, -0.000000000000000000 ) ) ;
#3967 = EDGE_CURVE ( 'NONE', #5121, #4345, #5966, .T. ) ;
#3968 = VECTOR ( 'NONE', #2361, 1000.000000000000000 ) ;
#3969 = ORIENTED_EDGE ( 'NONE', *, *, #2582, .F. ) ;
#3970 = ORIENTED_EDGE ( 'NONE', *, *, #2499, .T. ) ;
#3971 = ORIENTED_EDGE ( 'NONE', *, *, #1015, .T. ) ;
#3972 = CARTESIAN_POINT ( 'NONE',  ( 2.828571428571428736, 3.000000000000000000, 3.205714285714285960 ) ) ;
#3973 = EDGE_CURVE ( 'NONE', #852, #1471, #6129, .T. ) ;
#3974 = FILL_AREA_STYLE ('',( #4126 ) ) ;
#3975 = CARTESIAN_POINT ( 'NONE',  ( -3.625000000000000000, 0.5999999999999999778, -1.499999999999999778 ) ) ;
#3976 = SURFACE_STYLE_FILL_AREA ( #1719 ) ;
#3977 = FILL_AREA_STYLE_COLOUR ( '', #4855 ) ;
#3978 = CARTESIAN_POINT ( 'NONE',  ( -0.3113406322684293404, 2.999999999999999556, 1.462103842300823686 ) ) ;
#3979 = CARTESIAN_POINT ( 'NONE',  ( 3.205714285714285516, 2.905714285714285694, -2.828571428571428736 ) ) ;
#3980 = DIRECTION ( 'NONE',  ( 0.000000000000000000, 0.000000000000000000, 1.000000000000000000 ) ) ;
#3981 = ORIENTED_EDGE ( 'NONE', *, *, #3109, .T. ) ;
#3982 = B_SPLINE_CURVE_WITH_KNOTS ( 'NONE', 3,
 ( #1379, #5346, #5855, #5431, #473 ),
 .UNSPECIFIED., .F., .F.,
 ( 4, 1, 4 ),
 ( 0.000000000000000000, 0.4877098465503992841, 1.000000000000000000 ),
 .UNSPECIFIED. ) ;
#3983 = SURFACE_SIDE_STYLE ('',( #3976 ) ) ;
#3984 = ORIENTED_EDGE ( 'NONE', *, *, #3687, .T. ) ;
#3986 = EDGE_CURVE ( 'NONE', #2794, #5073, #1368, .T. ) ;
#3985 = ADVANCED_FACE ( 'NONE', ( #3766 ), #5993, .T. ) ;
#3987 = EDGE_LOOP ( 'NONE', ( #4407, #6292, #1787, #4144 ) ) ;
#3988 = EDGE_LOOP ( 'NONE', ( #4919, #3718, #484, #1571, #6050, #3846, #6825, #4026, #6099, #1622 ) ) ;
#3989 = CARTESIAN_POINT ( 'NONE',  ( -0.3113406322684408312, 3.000000000000000000, -1.798585488986319758 ) ) ;
#3990 = CARTESIAN_POINT ( 'NONE',  ( -1.357751691251412263, 2.949999999999999734, 1.302799868628608859 ) ) ;
#3991 = EDGE_CURVE ( 'NONE', #2530, #3069, #1346, .T. ) ;
#3992 = B_SPLINE_CURVE_WITH_KNOTS ( 'NONE', 3,
 ( #7004, #5441, #4216, #7048, #2601 ),
 .UNSPECIFIED., .F., .F.,
 ( 4, 1, 4 ),
 ( 0.000000000000000000, 0.5178533069596279459, 1.000000000000000000 ),
 .UNSPECIFIED. ) ;
#3993 = DIRECTION ( 'NONE',  ( 0.000000000000000000, 1.000000000000000000, 0.000000000000000000 ) ) ;
#3994 = UNCERTAINTY_MEASURE_WITH_UNIT (LENGTH_MEASURE( 1.000000000000000082E-05 ), #5069, 'distance_accuracy_value', 'NONE');
#3995 = CYLINDRICAL_SURFACE ( 'NONE', #331, 0.2357142857142857095 ) ;
#3996 = ORIENTED_EDGE ( 'NONE', *, *, #522, .F. ) ;
#3997 = EDGE_LOOP ( 'NONE', ( #4228, #6591, #6676, #1996, #2809, #467, #2367, #3981 ) ) ;
#3998 =( LENGTH_UNIT ( ) NAMED_UNIT ( * ) SI_UNIT ( .MILLI., .METRE. ) );
#3999 = PLANE ( 'NONE',  #604 ) ;
#4000 = VERTEX_POINT ( 'NONE', #3665 ) ;
#4001 = DIRECTION ( 'NONE',  ( 0.000000000000000000, 1.000000000000000000, 0.000000000000000000 ) ) ;
#4002 = DIRECTION ( 'NONE',  ( 0.000000000000000000, 0.000000000000000000, 1.000000000000000000 ) ) ;
#4003 = DIRECTION ( 'NONE',  ( -0.000000000000000000, -1.000000000000000000, -0.000000000000000000 ) ) ;
#4004 = VECTOR ( 'NONE', #7151, 1000.000000000000114 ) ;
#4005 = PRODUCT_DEFINITION_SHAPE ( 'NONE', 'NONE',  #1587 ) ;
#4006 = EDGE_LOOP ( 'NONE', ( #4279, #4799, #5277, #6376 ) ) ;
#4007 = LINE ( 'NONE', #1774, #3968 ) ;
#4008 = ORIENTED_EDGE ( 'NONE', *, *, #987, .F. ) ;
#4009 = VERTEX_POINT ( 'NONE', #1932 ) ;
#4010 = ORIENTED_EDGE ( 'NONE', *, *, #5558, .T. ) ;
#4011 = EDGE_LOOP ( 'NONE', ( #6666, #4880, #2290, #1459 ) ) ;
#4012 = DIRECTION ( 'NONE',  ( -1.000000000000000000, 0.000000000000000000, -0.000000000000000000 ) ) ;
#4013 =( NAMED_UNIT ( * ) PLANE_ANGLE_UNIT ( ) SI_UNIT ( $, .RADIAN. ) );
#4014 = B_SPLINE_CURVE_WITH_KNOTS ( 'NONE', 3,
 ( #6416, #4729, #2982, #1159, #4133 ),
 .UNSPECIFIED., .F., .F.,
 ( 4, 1, 4 ),
 ( 0.000000000000000000, 0.5178533069596279459, 1.000000000000000000 ),
 .UNSPECIFIED. ) ;
#4015 = CARTESIAN_POINT ( 'NONE',  ( 0.000000000000000000, 0.000000000000000000, 0.000000000000000000 ) ) ;
#4016 = LINE ( 'NONE', #7164, #1642 ) ;
#4017 = CARTESIAN_POINT ( 'NONE',  ( 3.389285714285714679, 0.2357142857142857095, 1.500000000000000444 ) ) ;
#4018 = CARTESIAN_POINT ( 'NONE',  ( -1.132140295698496946, 3.000000000000000000, -1.657805791318631261 ) ) ;
#4019 = DIRECTION ( 'NONE',  ( -0.000000000000000000, 1.000000000000000000, -0.000000000000000000 ) ) ;
#4020 = STYLED_ITEM ( 'NONE', ( #3182 ), #2023 ) ;
#4021 = LINE ( 'NONE', #2820, #4058 ) ;
#4022 = ORIENTED_EDGE ( 'NONE', *, *, #5204, .F. ) ;
#4023 = LINE ( 'NONE', #1170, #1544 ) ;
#4024 =( GEOMETRIC_REPRESENTATION_CONTEXT ( 3 ) GLOBAL_UNCERTAINTY_ASSIGNED_CONTEXT ( ( #3896 ) ) GLOBAL_UNIT_ASSIGNED_CONTEXT ( ( #5540, #6053, #697 ) ) REPRESENTATION_CONTEXT ( 'NONE', 'WORKASPACE' ) );
#4025 = VERTEX_POINT ( 'NONE', #3094 ) ;
#4026 = ORIENTED_EDGE ( 'NONE', *, *, #686, .T. ) ;
#4027 = EDGE_LOOP ( 'NONE', ( #3703, #1074, #1502, #3619, #3829, #5790, #5817 ) ) ;
#4028 = ORIENTED_EDGE ( 'NONE', *, *, #6601, .T. ) ;
#4029 = ADVANCED_FACE ( 'NONE', ( #1260 ), #2508, .T. ) ;
#4030 = CARTESIAN_POINT ( 'NONE',  ( -1.357751691251421811, 3.000000000000000000, -1.207104699462107300 ) ) ;
#4031 = VECTOR ( 'NONE', #360, 1000.000000000000000 ) ;
#4032 = MECHANICAL_DESIGN_GEOMETRIC_PRESENTATION_REPRESENTATION (  '', ( #5759 ), #426 ) ;
#4033 = CARTESIAN_POINT ( 'NONE',  ( -3.625000000000000000, 1.574999999999999734, -0.3299999999999994604 ) ) ;
#4034 = CARTESIAN_POINT ( 'NONE',  ( 0.000000000000000000, 0.000000000000000000, -1.499999999999999778 ) ) ;
#4035 = SURFACE_STYLE_FILL_AREA ( #1130 ) ;
#4036 = DIRECTION ( 'NONE',  ( -1.445602896647339163E-16, 0.000000000000000000, 1.000000000000000000 ) ) ;
#4037 = VECTOR ( 'NONE', #984, 1000.000000000000000 ) ;
#4038 = EDGE_LOOP ( 'NONE', ( #698, #3278 ) ) ;
#4039 = ORIENTED_EDGE ( 'NONE', *, *, #2192, .F. ) ;
#4040 = VERTEX_POINT ( 'NONE', #6405 ) ;
#4041 = VERTEX_POINT ( 'NONE', #2092 ) ;
#4042 = B_SPLINE_CURVE_WITH_KNOTS ( 'NONE', 3,
 ( #2418, #1195, #1785, #868, #2467 ),
 .UNSPECIFIED., .F., .F.,
 ( 4, 1, 4 ),
 ( 0.000000000000000000, 0.4877098465503992841, 1.000000000000000000 ),
 .UNSPECIFIED. ) ;
#4043 = CARTESIAN_POINT ( 'NONE',  ( -2.828571428571428736, 0.2442857142857142450, -3.299999999999999822 ) ) ;
#4044 = AXIS2_PLACEMENT_3D ( 'NONE', #4890, #3859, #6543 ) ;
#4045 = LINE ( 'NONE', #3489, #4031 ) ;
#4046 = CARTESIAN_POINT ( 'NONE',  ( -0.5369520278213577580, 2.949999999999999734, 0.5545010321583131452 ) ) ;
#4047 = UNCERTAINTY_MEASURE_WITH_UNIT (LENGTH_MEASURE( 1.000000000000000082E-05 ), #3380, 'distance_accuracy_value', 'NONE');
#4048 = EDGE_CURVE ( 'NONE', #7081, #4664, #3671, .T. ) ;
#4049 =( LENGTH_UNIT ( ) NAMED_UNIT ( * ) SI_UNIT ( .MILLI., .METRE. ) );
#4050 = VECTOR ( 'NONE', #2681, 1000.000000000000000 ) ;
#4051 = FACE_OUTER_BOUND ( 'NONE', #145, .T. ) ;
#4052 = ORIENTED_EDGE ( 'NONE', *, *, #1640, .F. ) ;
#4053 = DIRECTION ( 'NONE',  ( -1.445602896647339163E-16, 0.000000000000000000, 1.000000000000000000 ) ) ;
#4054 = ORIENTED_EDGE ( 'NONE', *, *, #3284, .T. ) ;
#4055 = DIRECTION ( 'NONE',  ( -1.000000000000000000, 0.000000000000000000, 1.445602896647339163E-16 ) ) ;
#4056 = CARTESIAN_POINT ( 'NONE',  ( -1.132140295698482735, 2.949999999999999734, 2.143374595551085005 ) ) ;
#4057 = DIRECTION ( 'NONE',  ( -1.000000000000000000, 0.000000000000000000, -1.445602896647339163E-16 ) ) ;
#4058 = VECTOR ( 'NONE', #5600, 1000.000000000000000 ) ;
#4059 = ORIENTED_EDGE ( 'NONE', *, *, #749, .F. ) ;
#4060 = LINE ( 'NONE', #6396, #6337 ) ;
#4061 = EDGE_LOOP ( 'NONE', ( #490, #6576, #6630, #1982 ) ) ;
#4062 = ORIENTED_EDGE ( 'NONE', *, *, #1146, .F. ) ;
#4063 = FILL_AREA_STYLE ('',( #3461 ) ) ;
#4064 = VERTEX_POINT ( 'NONE', #344 ) ;
#4065 = ORIENTED_EDGE ( 'NONE', *, *, #288, .F. ) ;
#4066 = CARTESIAN_POINT ( 'NONE',  ( -0.9419854687504343183, 3.000000000000000000, 1.531634607584663632 ) ) ;
#4067 = EDGE_CURVE ( 'NONE', #5073, #5921, #3612, .T. ) ;
#4068 = SURFACE_STYLE_USAGE ( .BOTH. , #341 ) ;
#4069 = DIRECTION ( 'NONE',  ( 0.000000000000000000, -1.000000000000000000, 0.000000000000000000 ) ) ;
#4070 = LINE ( 'NONE', #6203, #3919 ) ;
#4071 = DIRECTION ( 'NONE',  ( 0.000000000000000000, 1.000000000000000000, 0.000000000000000000 ) ) ;
#4072 = PLANE ( 'NONE',  #5615 ) ;
#4073 = TOROIDAL_SURFACE ( 'NONE', #599, 0.3771428571428571130, 0.09428571428571427826 ) ;
#4075 = ORIENTED_EDGE ( 'NONE', *, *, #2668, .T. ) ;
#4074 = EDGE_CURVE ( 'NONE', #3815, #4949, #6176, .T. ) ;
#4076 = VERTEX_POINT ( 'NONE', #489 ) ;
#4077 = VERTEX_POINT ( 'NONE', #992 ) ;
#4078 = ORIENTED_EDGE ( 'NONE', *, *, #3418, .F. ) ;
#4079 = LINE ( 'NONE', #4894, #6491 ) ;
#4080 =( NAMED_UNIT ( * ) PLANE_ANGLE_UNIT ( ) SI_UNIT ( $, .RADIAN. ) );
#4081 = CARTESIAN_POINT ( 'NONE',  ( -0.5369520278213634201, 3.000000000000000000, -1.164692070093668264 ) ) ;
#4082 = SURFACE_STYLE_FILL_AREA ( #398 ) ;
#4083 = SURFACE_SIDE_STYLE ('',( #783 ) ) ;
#4084 = DIRECTION ( 'NONE',  ( 0.000000000000000000, 1.000000000000000000, 0.000000000000000000 ) ) ;
#4085 = PRESENTATION_STYLE_ASSIGNMENT (( #5979 ) ) ;
#4086 = CARTESIAN_POINT ( 'NONE',  ( 3.299999999999999822, 1.575000000000000178, 1.500000000000000666 ) ) ;
#4087 = FACE_OUTER_BOUND ( 'NONE', #2014, .T. ) ;
#4088 = EDGE_CURVE ( 'NONE', #6734, #1579, #1356, .T. ) ;
#4089 = ORIENTED_EDGE ( 'NONE', *, *, #6758, .T. ) ;
#4090 = ORIENTED_EDGE ( 'NONE', *, *, #4540, .T. ) ;
#4091 = PLANE ( 'NONE',  #6395 ) ;
#4092 = CARTESIAN_POINT ( 'NONE',  ( -3.299999999999999822, 0.2500000000000000000, 1.799999999999999600 ) ) ;
#4093 = UNCERTAINTY_MEASURE_WITH_UNIT (LENGTH_MEASURE( 1.000000000000000082E-05 ), #6486, 'distance_accuracy_value', 'NONE');
#4094 = COLOUR_RGB ( '',0.7921568627450980005, 0.8196078431372548767, 0.9333333333333333481 ) ;
#4095 = DIRECTION ( 'NONE',  ( -0.000000000000000000, -1.000000000000000000, -0.000000000000000000 ) ) ;
#4096 = ORIENTED_EDGE ( 'NONE', *, *, #5380, .T. ) ;
#4097 = DIRECTION ( 'NONE',  ( 0.9012599435649613078, -0.000000000000000000, 0.4332787949176405418 ) ) ;
#4098 = ORIENTED_EDGE ( 'NONE', *, *, #3672, .F. ) ;
#4099 = ORIENTED_EDGE ( 'NONE', *, *, #2358, .F. ) ;
#4100 = PLANE ( 'NONE',  #71 ) ;
#4101 = CARTESIAN_POINT ( 'NONE',  ( -0.3113406322684354466, 3.000000000000000000, -0.1906918335153006128 ) ) ;
#4102 = COLOUR_RGB ( '',1.000000000000000000, 1.000000000000000000, 1.000000000000000000 ) ;
#4103 = FILL_AREA_STYLE ('',( #3451 ) ) ;
#4104 = B_SPLINE_CURVE_WITH_KNOTS ( 'NONE', 3,
 ( #370, #4828, #5803, #6378, #2688 ),
 .UNSPECIFIED., .F., .F.,
 ( 4, 1, 4 ),
 ( 0.000000000000000000, 0.4877098465503992841, 1.000000000000000000 ),
 .UNSPECIFIED. ) ;
#4105 = DIRECTION ( 'NONE',  ( 2.650237759331712794E-15, 0.000000000000000000, 1.000000000000000000 ) ) ;
#4106 = SURFACE_SIDE_STYLE ('',( #1827 ) ) ;
#4107 = ORIENTED_EDGE ( 'NONE', *, *, #1905, .F. ) ;
#4108 = ORIENTED_EDGE ( 'NONE', *, *, #1417, .T. ) ;
#4109 = B_SPLINE_CURVE_WITH_KNOTS ( 'NONE', 3,
 ( #4333, #1001, #6692, #2722, #3366 ),
 .UNSPECIFIED., .F., .F.,
 ( 4, 1, 4 ),
 ( 0.000000000000000000, 0.5178533069596279459, 1.000000000000000000 ),
 .UNSPECIFIED. ) ;
#4110 = ORIENTED_EDGE ( 'NONE', *, *, #1079, .F. ) ;
#4111 = DIRECTION ( 'NONE',  ( -1.000000000000000000, 0.000000000000000000, 0.000000000000000000 ) ) ;
#4112 = PLANE ( 'NONE',  #351 ) ;
#4113 =( LENGTH_UNIT ( ) NAMED_UNIT ( * ) SI_UNIT ( .MILLI., .METRE. ) );
#4114 =( GEOMETRIC_REPRESENTATION_CONTEXT ( 3 ) GLOBAL_UNCERTAINTY_ASSIGNED_CONTEXT ( ( #636 ) ) GLOBAL_UNIT_ASSIGNED_CONTEXT ( ( #482, #1920, #2498 ) ) REPRESENTATION_CONTEXT ( 'NONE', 'WORKASPACE' ) );
#4115 = APPLICATION_PROTOCOL_DEFINITION ( 'draft international standard', 'automotive_design', 1998, #2456 ) ;
#4116 = AXIS2_PLACEMENT_3D ( 'NONE', #769, #3471, #1392 ) ;
#4117 = DIRECTION ( 'NONE',  ( 0.000000000000000000, 1.000000000000000000, 0.000000000000000000 ) ) ;
#4118 =( NAMED_UNIT ( * ) SI_UNIT ( $, .STERADIAN. ) SOLID_ANGLE_UNIT ( ) );
#4119 = ORIENTED_EDGE ( 'NONE', *, *, #6322, .T. ) ;
#4120 = LINE ( 'NONE', #5513, #1731 ) ;
#4121 = ORIENTED_EDGE ( 'NONE', *, *, #3645, .T. ) ;
#4122 = LINE ( 'NONE', #2119, #4252 ) ;
#4123 = ORIENTED_EDGE ( 'NONE', *, *, #2081, .T. ) ;
#4124 = CIRCLE ( 'NONE', #2487, 0.4714285714285714191 ) ;
#4125 = EDGE_CURVE ( 'NONE', #3833, #4514, #3550, .T. ) ;
#4126 = FILL_AREA_STYLE_COLOUR ( '', #1335 ) ;
#4127 = DIRECTION ( 'NONE',  ( 0.1308368968219831008, -0.000000000000000000, 0.9914039068058960735 ) ) ;
#4128 = AXIS2_PLACEMENT_3D ( 'NONE', #5325, #4127, #6970 ) ;
#4129 = FACE_OUTER_BOUND ( 'NONE', #6529, .T. ) ;
#4130 = DIRECTION ( 'NONE',  ( -0.000000000000000000, 1.000000000000000000, -0.000000000000000000 ) ) ;
#4131 = ORIENTED_EDGE ( 'NONE', *, *, #4959, .F. ) ;
#4132 =( NAMED_UNIT ( * ) SI_UNIT ( $, .STERADIAN. ) SOLID_ANGLE_UNIT ( ) );
#4133 = CARTESIAN_POINT ( 'NONE',  ( -0.3113406322684263428, 2.949999999999999734, 2.203872908678615961 ) ) ;
#4134 = DIRECTION ( 'NONE',  ( 0.9012599435649613078, 0.000000000000000000, 0.4332787949176404863 ) ) ;
#4135 = DIRECTION ( 'NONE',  ( -0.000000000000000000, -0.000000000000000000, -1.000000000000000000 ) ) ;
#4136 = ORIENTED_EDGE ( 'NONE', *, *, #151, .F. ) ;
#4137 = SURFACE_STYLE_FILL_AREA ( #388 ) ;
#4138 =( GEOMETRIC_REPRESENTATION_CONTEXT ( 3 ) GLOBAL_UNCERTAINTY_ASSIGNED_CONTEXT ( ( #1389 ) ) GLOBAL_UNIT_ASSIGNED_CONTEXT ( ( #966, #4441, #1534 ) ) REPRESENTATION_CONTEXT ( 'NONE', 'WORKASPACE' ) );
#4139 = UNCERTAINTY_MEASURE_WITH_UNIT (LENGTH_MEASURE( 1.000000000000000082E-05 ), #6293, 'distance_accuracy_value', 'NONE');
#4140 = DIRECTION ( 'NONE',  ( 0.000000000000000000, 0.000000000000000000, 1.000000000000000000 ) ) ;
#4141 = EDGE_CURVE ( 'NONE', #3566, #4724, #3658, .T. ) ;
#4142 = COLOUR_RGB ( '',1.000000000000000000, 1.000000000000000000, 1.000000000000000000 ) ;
#4143 = MECHANICAL_DESIGN_GEOMETRIC_PRESENTATION_REPRESENTATION (  '', ( #2080 ), #3342 ) ;
#4144 = ORIENTED_EDGE ( 'NONE', *, *, #3089, .F. ) ;
#4145 = EDGE_CURVE ( 'NONE', #4779, #5511, #3685, .T. ) ;
#4146 = LINE ( 'NONE', #1769, #6631 ) ;
#4147 = ORIENTED_EDGE ( 'NONE', *, *, #974, .F. ) ;
#4148 = MANIFOLD_SOLID_BREP ( 'Boss-Extrude2', #6049 ) ;
#4149 = FILL_AREA_STYLE_COLOUR ( '', #2759 ) ;
#4150 = CARTESIAN_POINT ( 'NONE',  ( -0.3113406322684318939, 2.949999999999999734, 0.7220227891438155687 ) ) ;
#4151 = DIRECTION ( 'NONE',  ( 0.000000000000000000, 0.000000000000000000, 1.000000000000000000 ) ) ;
#4152 = LINE ( 'NONE', #4459, #4164 ) ;
#4153 = CARTESIAN_POINT ( 'NONE',  ( -1.132140295698485621, 2.949999999999999734, 1.646912525208062306 ) ) ;
#4154 = B_SPLINE_SURFACE_WITH_KNOTS ( 'NONE', 3, 1, ( 
 ( #2337, #6057 ),
 ( #5628, #1510 ),
 ( #2662, #6770 ),
 ( #1754, #571 ),
 ( #162, #6154 ) ),
 .UNSPECIFIED., .F., .F., .F.,
 ( 4, 1, 4 ),
 ( 2, 2 ),
 ( 0.000000000000000000, 0.4877098465503992841, 1.000000000000000000 ),
 ( 0.000000000000000000, 1.000000000000000000 ),
 .UNSPECIFIED. ) ;
#4155 = DIRECTION ( 'NONE',  ( -1.000000000000000000, 0.000000000000000000, -2.710505431213760592E-16 ) ) ;
#4156 = CARTESIAN_POINT ( 'NONE',  ( -0.3113406322684310057, 3.000000000000000000, 1.017803178849526313 ) ) ;
#4157 = EDGE_CURVE ( 'NONE', #216, #1438, #3646, .T. ) ;
#4158 = DIRECTION ( 'NONE',  ( 0.000000000000000000, 0.000000000000000000, 1.000000000000000000 ) ) ;
#4159 = ORIENTED_EDGE ( 'NONE', *, *, #931, .F. ) ;
#4160 = ORIENTED_EDGE ( 'NONE', *, *, #6769, .T. ) ;
#4161 = CARTESIAN_POINT ( 'NONE',  ( -0.3113406322684342253, 2.999999999999999556, 0.1536859196460396981 ) ) ;
#4162 = LINE ( 'NONE', #6988, #1734 ) ;
#4163 = EDGE_CURVE ( 'NONE', #6390, #6579, #6250, .T. ) ;
#4164 = VECTOR ( 'NONE', #2793, 1000.000000000000000 ) ;
#4165 = DIRECTION ( 'NONE',  ( 1.000000000000000000, 0.000000000000000000, -3.538354270939118021E-15 ) ) ;
#4166 = EDGE_CURVE ( 'NONE', #2519, #2475, #3964, .T. ) ;
#4167 = CARTESIAN_POINT ( 'NONE',  ( 2.828571428571428736, 15.33380951166242845, -3.299999999999999822 ) ) ;
#4168 = CARTESIAN_POINT ( 'NONE',  ( -1.132140295698483845, 3.000000000000000000, 2.097613617064586045 ) ) ;
#4169 = CARTESIAN_POINT ( 'NONE',  ( -1.000067001066261119, 2.950000000000000178, -0.5837224346501630468 ) ) ;
#4170 = CARTESIAN_POINT ( 'NONE',  ( 2.828571428571428736, 0.1499999999999999944, 2.828571428571428736 ) ) ;
#4171 = DIRECTION ( 'NONE',  ( 0.000000000000000000, 0.000000000000000000, 1.000000000000000000 ) ) ;
#4172 = CLOSED_SHELL ( 'NONE', ( #5502, #2853, #1582, #5475, #4451, #6095, #6228, #3733, #579, #3204, #1943, #4906, #1101, #2675, #3062 ) ) ;
#4173 = EDGE_LOOP ( 'NONE', ( #733, #7024, #3253, #2581, #4877, #4981, #3073, #89, #775, #821 ) ) ;
#4174 = ORIENTED_EDGE ( 'NONE', *, *, #5125, .T. ) ;
#4175 = ADVANCED_FACE ( 'NONE', ( #3838 ), #5663, .F. ) ;
#4176 = FACE_OUTER_BOUND ( 'NONE', #1664, .T. ) ;
#4177 = CARTESIAN_POINT ( 'NONE',  ( -0.3113406322684411087, 3.000000000000000000, -1.909735474986742787 ) ) ;
#4178 = UNCERTAINTY_MEASURE_WITH_UNIT (LENGTH_MEASURE( 1.000000000000000082E-05 ), #1354, 'distance_accuracy_value', 'NONE');
#4179 = CARTESIAN_POINT ( 'NONE',  ( -0.5369520278213655295, 1.610876343277178879, -1.595248983584309110 ) ) ;
#4180 = EDGE_CURVE ( 'NONE', #3395, #2184, #1603, .T. ) ;
#4181 = LINE ( 'NONE', #4665, #6588 ) ;
#4182 = ORIENTED_EDGE ( 'NONE', *, *, #4624, .T. ) ;
#4183 = DIRECTION ( 'NONE',  ( -1.000000000000000000, 0.000000000000000000, 2.710505431213760592E-16 ) ) ;
#4184 = FACE_BOUND ( 'NONE', #7082, .T. ) ;
#4185 = CARTESIAN_POINT ( 'NONE',  ( 3.300000000000000266, 1.574999999999999734, -0.3299999999999995159 ) ) ;
#4186 = ORIENTED_EDGE ( 'NONE', *, *, #1808, .T. ) ;
#4187 = DIRECTION ( 'NONE',  ( 0.000000000000000000, 1.000000000000000000, 0.000000000000000000 ) ) ;
#4188 = FACE_OUTER_BOUND ( 'NONE', #2235, .T. ) ;
#4189 = ORIENTED_EDGE ( 'NONE', *, *, #6671, .T. ) ;
#4190 = UNCERTAINTY_MEASURE_WITH_UNIT (LENGTH_MEASURE( 1.000000000000000082E-05 ), #5735, 'distance_accuracy_value', 'NONE');
#4191 = VECTOR ( 'NONE', #1604, 1000.000000000000000 ) ;
#4192 = CARTESIAN_POINT ( 'NONE',  ( -0.5369520278213634201, 2.949999999999999734, -1.164692070093668264 ) ) ;
#4193 = CARTESIAN_POINT ( 'NONE',  ( -2.592857142857142971, 3.000000000000000000, 2.592857142857143415 ) ) ;
#4194 = LINE ( 'NONE', #6852, #4308 ) ;
#4195 =( GEOMETRIC_REPRESENTATION_CONTEXT ( 3 ) GLOBAL_UNCERTAINTY_ASSIGNED_CONTEXT ( ( #4047 ) ) GLOBAL_UNIT_ASSIGNED_CONTEXT ( ( #3380, #3852, #5648 ) ) REPRESENTATION_CONTEXT ( 'NONE', 'WORKASPACE' ) );
#4196 = ORIENTED_EDGE ( 'NONE', *, *, #5695, .F. ) ;
#4197 = STYLED_ITEM ( 'NONE', ( #2240 ), #2963 ) ;
#4198 = ORIENTED_EDGE ( 'NONE', *, *, #2077, .T. ) ;
#4199 = FILL_AREA_STYLE ('',( #4149 ) ) ;
#4200 = TOROIDAL_SURFACE ( 'NONE', #5438, 0.3771428571428573351, 0.09428571428571427826 ) ;
#4201 = AXIS2_PLACEMENT_3D ( 'NONE', #2539, #5810, #4840 ) ;
#4202 = ORIENTED_EDGE ( 'NONE', *, *, #3176, .T. ) ;
#4203 = CARTESIAN_POINT ( 'NONE',  ( -0.8418326795865148648, 2.949999999999999734, -1.146840856863407865 ) ) ;
#4204 = DIRECTION ( 'NONE',  ( -0.000000000000000000, -1.000000000000000000, -0.000000000000000000 ) ) ;
#4205 = FACE_OUTER_BOUND ( 'NONE', #2185, .T. ) ;
#4206 = PLANE ( 'NONE',  #563 ) ;
#4207 = CARTESIAN_POINT ( 'NONE',  ( -0.3113406322684403871, 2.950000000000000178, -1.633376983460833376 ) ) ;
#4208 = PRESENTATION_LAYER_ASSIGNMENT (  '', '', ( #7066 ) ) ;
#4209 = ORIENTED_EDGE ( 'NONE', *, *, #911, .F. ) ;
#4210 = ORIENTED_EDGE ( 'NONE', *, *, #6739, .T. ) ;
#4211 = SURFACE_SIDE_STYLE ('',( #1750 ) ) ;
#4212 = MECHANICAL_DESIGN_GEOMETRIC_PRESENTATION_REPRESENTATION (  '', ( #3465 ), #4756 ) ;
#4213 = FACE_OUTER_BOUND ( 'NONE', #3742, .T. ) ;
#4214 = PRESENTATION_LAYER_ASSIGNMENT (  '', '', ( #2133 ) ) ;
#4215 = CARTESIAN_POINT ( 'NONE',  ( -0.3113406322684263428, 3.000000000000000000, 2.203872908678615961 ) ) ;
#4216 = CARTESIAN_POINT ( 'NONE',  ( -0.8646004806540522614, 2.950000000000000178, 2.371529302489240987 ) ) ;
#4217 =( NAMED_UNIT ( * ) SI_UNIT ( $, .STERADIAN. ) SOLID_ANGLE_UNIT ( ) );
#4218 = SURFACE_STYLE_USAGE ( .BOTH. , #3045 ) ;
#4219 = DIRECTION ( 'NONE',  ( -0.000000000000000000, -1.000000000000000000, -0.000000000000000000 ) ) ;
#4220 = PLANE ( 'NONE',  #4116 ) ;
#4221 = CARTESIAN_POINT ( 'NONE',  ( -1.274968362457746363, 1.610876343277178879, -0.5805981914113235165 ) ) ;
#4222 = VECTOR ( 'NONE', #244, 1000.000000000000000 ) ;
#4223 = SURFACE_SIDE_STYLE ('',( #1145 ) ) ;
#4224 = CARTESIAN_POINT ( 'NONE',  ( -2.828571428571428736, 15.33380951166242845, -3.299999999999999822 ) ) ;
#4225 = EDGE_CURVE ( 'NONE', #3007, #1971, #1403, .T. ) ;
#4226 = VERTEX_POINT ( 'NONE', #6004 ) ;
#4227 = SURFACE_STYLE_FILL_AREA ( #2112 ) ;
#4228 = ORIENTED_EDGE ( 'NONE', *, *, #387, .T. ) ;
#4229 = LINE ( 'NONE', #975, #6623 ) ;
#4230 = ORIENTED_EDGE ( 'NONE', *, *, #2062, .F. ) ;
#4231 = FACE_OUTER_BOUND ( 'NONE', #5022, .T. ) ;
#4232 = STYLED_ITEM ( 'NONE', ( #5288 ), #1050 ) ;
#4233 = CARTESIAN_POINT ( 'NONE',  ( -3.299999999999999822, 0.5999999999999999778, 1.500000000000000666 ) ) ;
#4234 = CARTESIAN_POINT ( 'NONE',  ( -0.3113406322684285077, 3.000000000000000000, 1.733182046139194687 ) ) ;
#4235 = DIRECTION ( 'NONE',  ( 0.000000000000000000, 0.000000000000000000, 1.000000000000000000 ) ) ;
#4236 = EDGE_LOOP ( 'NONE', ( #2492, #1586, #6339, #6363 ) ) ;
#4237 = CARTESIAN_POINT ( 'NONE',  ( 3.299999999999998934, 0.1499999999999999944, 1.800000000000001155 ) ) ;
#4238 = DIRECTION ( 'NONE',  ( 0.000000000000000000, 0.000000000000000000, 1.000000000000000000 ) ) ;
#4239 = VECTOR ( 'NONE', #1657, 1000.000000000000000 ) ;
#4240 = DIRECTION ( 'NONE',  ( -2.953183167335239910E-15, 0.000000000000000000, -1.000000000000000000 ) ) ;
#4241 = ORIENTED_EDGE ( 'NONE', *, *, #3518, .T. ) ;
#4242 = EDGE_CURVE ( 'NONE', #104, #5659, #6261, .T. ) ;
#4243 = SURFACE_SIDE_STYLE ('',( #6332 ) ) ;
#4244 = PRESENTATION_STYLE_ASSIGNMENT (( #5036 ) ) ;
#4245 = DIRECTION ( 'NONE',  ( -2.953183167335239910E-15, 0.000000000000000000, -1.000000000000000000 ) ) ;
#4246 = AXIS2_PLACEMENT_3D ( 'NONE', #825, #5834, #4183 ) ;
#4247 = EDGE_CURVE ( 'NONE', #7059, #1995, #3805, .T. ) ;
#4248 = PRESENTATION_STYLE_ASSIGNMENT (( #5019 ) ) ;
#4249 = CARTESIAN_POINT ( 'NONE',  ( -0.5369520278213577580, 3.000000000000000000, 0.5545010321583131452 ) ) ;
#4250 = EDGE_LOOP ( 'NONE', ( #1515, #3239, #3264, #5085, #5143 ) ) ;
#4251 = ORIENTED_EDGE ( 'NONE', *, *, #3789, .F. ) ;
#4252 = VECTOR ( 'NONE', #3209, 1000.000000000000000 ) ;
#4253 = EDGE_CURVE ( 'NONE', #5647, #2773, #1454, .T. ) ;
#4254 = CARTESIAN_POINT ( 'NONE',  ( -3.389285714285714679, 0.2357142857142857095, 1.500000000000000444 ) ) ;
#4255 = DIRECTION ( 'NONE',  ( 0.000000000000000000, 0.000000000000000000, -1.000000000000000000 ) ) ;
#4256 = CARTESIAN_POINT ( 'NONE',  ( -3.300000000000000266, 1.433571428571428275, 0.3300000000000004041 ) ) ;
#4257 = DIRECTION ( 'NONE',  ( -1.000000000000000000, 0.000000000000000000, -2.710505431213760592E-16 ) ) ;
#4258 = DIRECTION ( 'NONE',  ( 0.000000000000000000, 1.000000000000000000, 0.000000000000000000 ) ) ;
#4259 = EDGE_CURVE ( 'NONE', #2530, #925, #6221, .T. ) ;
#4260 = LINE ( 'NONE', #4809, #4322 ) ;
#4261 = ORIENTED_EDGE ( 'NONE', *, *, #946, .T. ) ;
#4262 = FACE_OUTER_BOUND ( 'NONE', #5916, .T. ) ;
#4263 = ORIENTED_EDGE ( 'NONE', *, *, #1570, .T. ) ;
#4264 = DIRECTION ( 'NONE',  ( 0.000000000000000000, 0.000000000000000000, 1.000000000000000000 ) ) ;
#4265 = FACE_OUTER_BOUND ( 'NONE', #5012, .T. ) ;
#4266 = ORIENTED_EDGE ( 'NONE', *, *, #3973, .F. ) ;
#4267 = EDGE_CURVE ( 'NONE', #3069, #6615, #4070, .T. ) ;
#4268 = LINE ( 'NONE', #3125, #1906 ) ;
#4269 = CARTESIAN_POINT ( 'NONE',  ( -0.3113406322684293959, 3.000000000000000000, 1.462103842300823686 ) ) ;
#4270 = ADVANCED_FACE ( 'NONE', ( #1511 ), #5102, .T. ) ;
#4271 = PLANE ( 'NONE',  #6913 ) ;
#4272 = DIRECTION ( 'NONE',  ( -1.000000000000000000, 0.000000000000000000, 0.000000000000000000 ) ) ;
#4273 = CARTESIAN_POINT ( 'NONE',  ( -1.132140295698489618, 2.949999999999999734, 0.4856831150319117496 ) ) ;
#4274 = DIRECTION ( 'NONE',  ( 0.000000000000000000, 0.000000000000000000, -1.000000000000000000 ) ) ;
#4275 =( BOUNDED_CURVE ( )  B_SPLINE_CURVE ( 3, ( #3837, #5721, #1232, #1283 ),
 .UNSPECIFIED., .F., .F. ) 
 B_SPLINE_CURVE_WITH_KNOTS ( ( 4, 4 ),
 ( 3.141592653589793116, 6.283185307179586232 ),
 .UNSPECIFIED. ) 
 CURVE ( )  GEOMETRIC_REPRESENTATION_ITEM ( )  RATIONAL_B_SPLINE_CURVE ( ( 1.000000000000000000, 0.3333333333333333703, 0.3333333333333333703, 1.000000000000000000 ) ) 
 REPRESENTATION_ITEM ( '' )  );
#4276 = DIRECTION ( 'NONE',  ( 1.000000000000000000, 0.000000000000000000, 0.000000000000000000 ) ) ;
#4277 = CARTESIAN_POINT ( 'NONE',  ( -1.357751691251412263, 2.949999999999999734, 1.302799868628608859 ) ) ;
#4278 = CARTESIAN_POINT ( 'NONE',  ( 4.065758146820641134E-16, 0.2500000000000000000, 1.500000000000000000 ) ) ;
#4279 = ORIENTED_EDGE ( 'NONE', *, *, #1096, .T. ) ;
#4280 = LINE ( 'NONE', #4207, #6643 ) ;
#4281 = ORIENTED_EDGE ( 'NONE', *, *, #371, .T. ) ;
#4282 = CARTESIAN_POINT ( 'NONE',  ( 3.625000000000000000, 1.574999999999999734, -0.3299999999999994604 ) ) ;
#4283 = VERTEX_POINT ( 'NONE', #155 ) ;
#4284 = CARTESIAN_POINT ( 'NONE',  ( -2.592857142857142971, 2.900000000000000355, 2.592857142857143415 ) ) ;
#4285 = LINE ( 'NONE', #6948, #6675 ) ;
#4286 = SURFACE_STYLE_USAGE ( .BOTH. , #3730 ) ;
#4287 = ORIENTED_EDGE ( 'NONE', *, *, #7112, .T. ) ;
#4288 = VECTOR ( 'NONE', #4568, 1000.000000000000000 ) ;
#4289 = DIRECTION ( 'NONE',  ( 0.000000000000000000, 1.000000000000000000, 0.000000000000000000 ) ) ;
#4290 = DIRECTION ( 'NONE',  ( -1.000000000000000000, -0.000000000000000000, -0.000000000000000000 ) ) ;
#4291 = PRESENTATION_LAYER_ASSIGNMENT (  '', '', ( #54 ) ) ;
#4292 = AXIS2_PLACEMENT_3D ( 'NONE', #4871, #7074, #3201 ) ;
#4293 = LINE ( 'NONE', #2967, #1810 ) ;
#4294 = CARTESIAN_POINT ( 'NONE',  ( -1.357751691251421811, 2.950000000000000178, -1.207104699462107300 ) ) ;
#4295 = ORIENTED_EDGE ( 'NONE', *, *, #5044, .F. ) ;
#4296 = TOROIDAL_SURFACE ( 'NONE', #7003, 0.3771428571428571130, 0.09428571428571427826 ) ;
#4297 = ORIENTED_EDGE ( 'NONE', *, *, #1732, .T. ) ;
#4298 = FACE_OUTER_BOUND ( 'NONE', #3902, .T. ) ;
#4299 = EDGE_LOOP ( 'NONE', ( #5678, #4751, #4911, #5130 ) ) ;
#4300 = ADVANCED_FACE ( 'NONE', ( #3821 ), #2570, .F. ) ;
#4301 = CARTESIAN_POINT ( 'NONE',  ( -1.357751691251411597, 2.949999999999999734, 1.623199812011252963 ) ) ;
#4302 = SURFACE_SIDE_STYLE ('',( #798 ) ) ;
#4303 = EDGE_CURVE ( 'NONE', #6144, #6518, #4045, .T. ) ;
#4304 = DIRECTION ( 'NONE',  ( -0.4332787949176404863, 0.000000000000000000, 0.9012599435649613078 ) ) ;
#4305 = AXIS2_PLACEMENT_3D ( 'NONE', #603, #5041, #1702 ) ;
#4306 = SURFACE_STYLE_USAGE ( .BOTH. , #4989 ) ;
#4307 =( GEOMETRIC_REPRESENTATION_CONTEXT ( 3 ) GLOBAL_UNCERTAINTY_ASSIGNED_CONTEXT ( ( #3994 ) ) GLOBAL_UNIT_ASSIGNED_CONTEXT ( ( #5069, #6064, #6013 ) ) REPRESENTATION_CONTEXT ( 'NONE', 'WORKASPACE' ) );
#4308 = VECTOR ( 'NONE', #2504, 1000.000000000000000 ) ;
#4309 = ORIENTED_EDGE ( 'NONE', *, *, #946, .F. ) ;
#4310 = FACE_OUTER_BOUND ( 'NONE', #5976, .T. ) ;
#4311 = ORIENTED_EDGE ( 'NONE', *, *, #5645, .T. ) ;
#4312 = FILL_AREA_STYLE_COLOUR ( '', #4102 ) ;
#4313 = EDGE_LOOP ( 'NONE', ( #2007, #2649, #4827, #7038 ) ) ;
#4314 = DIRECTION ( 'NONE',  ( 1.000000000000000000, 0.000000000000000000, 0.000000000000000000 ) ) ;
#4315 =( GEOMETRIC_REPRESENTATION_CONTEXT ( 3 ) GLOBAL_UNCERTAINTY_ASSIGNED_CONTEXT ( ( #6670 ) ) GLOBAL_UNIT_ASSIGNED_CONTEXT ( ( #3294, #1585, #626 ) ) REPRESENTATION_CONTEXT ( 'NONE', 'WORKASPACE' ) );
#4316 = SURFACE_SIDE_STYLE ('',( #5519 ) ) ;
#4317 = EDGE_CURVE ( 'NONE', #6325, #3131, #1539, .T. ) ;
#4318 =( NAMED_UNIT ( * ) PLANE_ANGLE_UNIT ( ) SI_UNIT ( $, .RADIAN. ) );
#4319 = CARTESIAN_POINT ( 'NONE',  ( -1.132140295698485621, 1.610876343277178879, 1.646912525208062306 ) ) ;
#4320 = CARTESIAN_POINT ( 'NONE',  ( 3.625000000000000444, 1.574999999999999734, -1.499999999999999778 ) ) ;
#4321 =( LENGTH_UNIT ( ) NAMED_UNIT ( * ) SI_UNIT ( .MILLI., .METRE. ) );
#4322 = VECTOR ( 'NONE', #1832, 1000.000000000000114 ) ;
#4323 = CARTESIAN_POINT ( 'NONE',  ( -1.357751691251422699, 1.610876343277178879, -1.681518504515441492 ) ) ;
#4324 =( GEOMETRIC_REPRESENTATION_CONTEXT ( 3 ) GLOBAL_UNCERTAINTY_ASSIGNED_CONTEXT ( ( #6210 ) ) GLOBAL_UNIT_ASSIGNED_CONTEXT ( ( #5906, #6498, #7099 ) ) REPRESENTATION_CONTEXT ( 'NONE', 'WORKASPACE' ) );
#4325 = ORIENTED_EDGE ( 'NONE', *, *, #3280, .F. ) ;
#4326 = VECTOR ( 'NONE', #6532, 1000.000000000000000 ) ;
#4327 = ORIENTED_EDGE ( 'NONE', *, *, #96, .F. ) ;
#4328 = VECTOR ( 'NONE', #3226, 1000.000000000000000 ) ;
#4329 = ADVANCED_FACE ( 'NONE', ( #6318 ), #6816, .F. ) ;
#4330 = EDGE_CURVE ( 'NONE', #1290, #6008, #2711, .T. ) ;
#4331 = LINE ( 'NONE', #5418, #6537 ) ;
#4332 = ORIENTED_EDGE ( 'NONE', *, *, #3109, .F. ) ;
#4333 = CARTESIAN_POINT ( 'NONE',  ( -1.357751691251421811, 3.000000000000000000, -1.207104699462107300 ) ) ;
#4334 = CARTESIAN_POINT ( 'NONE',  ( -3.625000000000000444, 1.574999999999999734, -1.499999999999999778 ) ) ;
#4335 = AXIS2_PLACEMENT_3D ( 'NONE', #4965, #7072, #6975 ) ;
#4336 = ORIENTED_EDGE ( 'NONE', *, *, #2542, .T. ) ;
#4337 = CARTESIAN_POINT ( 'NONE',  ( -1.000067001066260008, 2.949999999999999734, -0.5837224346501550531 ) ) ;
#4338 = EDGE_CURVE ( 'NONE', #6985, #3637, #6420, .T. ) ;
#4339 = VECTOR ( 'NONE', #3192, 1000.000000000000000 ) ;
#4340 = CARTESIAN_POINT ( 'NONE',  ( 3.625000000000000000, 1.339285714285714191, -0.2357142857142851822 ) ) ;
#4341 = EDGE_CURVE ( 'NONE', #3178, #3866, #1394, .T. ) ;
#4342 = ADVANCED_FACE ( 'NONE', ( #1463 ), #6870, .T. ) ;
#4343 = CARTESIAN_POINT ( 'NONE',  ( -0.8107360310716409391, 2.950000000000000178, -0.1136063532589696723 ) ) ;
#4344 = EDGE_LOOP ( 'NONE', ( #2753, #1840, #1852, #4295 ) ) ;
#4345 = VERTEX_POINT ( 'NONE', #7025 ) ;
#4346 = DIRECTION ( 'NONE',  ( 0.000000000000000000, -1.000000000000000000, -0.000000000000000000 ) ) ;
#4347 = LINE ( 'NONE', #4537, #7118 ) ;
#4348 = EDGE_CURVE ( 'NONE', #2221, #1647, #995, .T. ) ;
#4349 = DIRECTION ( 'NONE',  ( -1.000000000000000000, 0.000000000000000000, 1.828280983288195916E-15 ) ) ;
#4350 = CARTESIAN_POINT ( 'NONE',  ( 3.205714285714285516, 0.1499999999999999944, -1.800000000000000488 ) ) ;
#4351 = DIRECTION ( 'NONE',  ( -0.9799725457018957364, 0.000000000000000000, 0.1991326434077193841 ) ) ;
#4352 = CARTESIAN_POINT ( 'NONE',  ( -3.389285714285714679, 0.000000000000000000, -1.499999999999999778 ) ) ;
#4353 =( NAMED_UNIT ( * ) PLANE_ANGLE_UNIT ( ) SI_UNIT ( $, .RADIAN. ) );
#4354 = EDGE_CURVE ( 'NONE', #4025, #6232, #3909, .T. ) ;
#4355 = ORIENTED_EDGE ( 'NONE', *, *, #3202, .T. ) ;
#4356 = CIRCLE ( 'NONE', #2497, 0.08278332879366212538 ) ;
#4357 = ORIENTED_EDGE ( 'NONE', *, *, #4977, .F. ) ;
#4358 = CARTESIAN_POINT ( 'NONE',  ( -0.3113406322684285077, 2.949999999999999734, 1.733182046139194687 ) ) ;
#4359 = VECTOR ( 'NONE', #5987, 1000.000000000000000 ) ;
#4360 = ORIENTED_EDGE ( 'NONE', *, *, #823, .F. ) ;
#4361 = ADVANCED_FACE ( 'NONE', ( #3870 ), #4683, .F. ) ;
#4362 = LINE ( 'NONE', #5544, #4387 ) ;
#4363 = CARTESIAN_POINT ( 'NONE',  ( -1.151339791579042870, 3.000000000000000000, 1.121500735562910744 ) ) ;
#4364 = UNCERTAINTY_MEASURE_WITH_UNIT (LENGTH_MEASURE( 1.000000000000000082E-05 ), #3532, 'distance_accuracy_value', 'NONE');
#4365 = CARTESIAN_POINT ( 'NONE',  ( -1.132140295698485621, 2.949999999999999734, 1.646912525208062306 ) ) ;
#4366 =( NAMED_UNIT ( * ) PLANE_ANGLE_UNIT ( ) SI_UNIT ( $, .RADIAN. ) );
#4367 = CARTESIAN_POINT ( 'NONE',  ( -0.3113406322684403871, 3.000000000000000000, -1.633376983460833376 ) ) ;
#4368 = CARTESIAN_POINT ( 'NONE',  ( -0.5369520278213519848, 1.610876343277178879, 2.140026246433025747 ) ) ;
#4369 = LINE ( 'NONE', #5820, #2120 ) ;
#4370 =( LENGTH_UNIT ( ) NAMED_UNIT ( * ) SI_UNIT ( .MILLI., .METRE. ) );
#4371 = ORIENTED_EDGE ( 'NONE', *, *, #6419, .T. ) ;
#4372 = ORIENTED_EDGE ( 'NONE', *, *, #1161, .F. ) ;
#4373 = ORIENTED_EDGE ( 'NONE', *, *, #4341, .F. ) ;
#4374 = CIRCLE ( 'NONE', #493, 0.03038517195999221321 ) ;
#4375 = FACE_OUTER_BOUND ( 'NONE', #4567, .T. ) ;
#4376 = FILL_AREA_STYLE ('',( #3139 ) ) ;
#4377 =( NAMED_UNIT ( * ) PLANE_ANGLE_UNIT ( ) SI_UNIT ( $, .RADIAN. ) );
#4378 = VERTEX_POINT ( 'NONE', #1847 ) ;
#4379 = CARTESIAN_POINT ( 'NONE',  ( -2.592857142857142971, 2.900000000000000355, 2.592857142857143415 ) ) ;
#4380 = LINE ( 'NONE', #896, #1886 ) ;
#4381 = CARTESIAN_POINT ( 'NONE',  ( -1.357751691251414483, 1.610876343277178879, 0.6007890726471740717 ) ) ;
#4382 = ORIENTED_EDGE ( 'NONE', *, *, #5573, .T. ) ;
#4383 = DIRECTION ( 'NONE',  ( -0.000000000000000000, -1.000000000000000000, 0.000000000000000000 ) ) ;
#4384 = ORIENTED_EDGE ( 'NONE', *, *, #3124, .T. ) ;
#4385 = PRESENTATION_LAYER_ASSIGNMENT (  '', '', ( #7076 ) ) ;
#4387 = VECTOR ( 'NONE', #5917, 1000.000000000000000 ) ;
#4386 = AXIS2_PLACEMENT_3D ( 'NONE', #3091, #3520, #6347 ) ;
#4388 = DIRECTION ( 'NONE',  ( 0.000000000000000000, -1.000000000000000000, 0.000000000000000000 ) ) ;
#4389 = ADVANCED_FACE ( 'NONE', ( #1523 ), #3632, .T. ) ;
#4390 = B_SPLINE_SURFACE_WITH_KNOTS ( 'NONE', 3, 1, ( 
 ( #5483, #6581 ),
 ( #557, #1059 ),
 ( #4798, #3122 ),
 ( #6756, #640 ),
 ( #5137, #4617 ) ),
 .UNSPECIFIED., .F., .F., .F.,
 ( 4, 1, 4 ),
 ( 2, 2 ),
 ( 0.000000000000000000, 0.5178533069596279459, 1.000000000000000000 ),
 ( 0.000000000000000000, 1.000000000000000000 ),
 .UNSPECIFIED. ) ;
#4391 = FILL_AREA_STYLE_COLOUR ( '', #1764 ) ;
#4392 = VECTOR ( 'NONE', #1988, 1000.000000000000000 ) ;
#4393 = EDGE_CURVE ( 'NONE', #3566, #1621, #6289, .T. ) ;
#4394 =( NAMED_UNIT ( * ) SI_UNIT ( $, .STERADIAN. ) SOLID_ANGLE_UNIT ( ) );
#4395 = ORIENTED_EDGE ( 'NONE', *, *, #1611, .T. ) ;
#4396 = ORIENTED_EDGE ( 'NONE', *, *, #3345, .F. ) ;
#4397 = DIRECTION ( 'NONE',  ( -1.924472235945947451E-15, -0.000000000000000000, -1.000000000000000000 ) ) ;
#4398 = ORIENTED_EDGE ( 'NONE', *, *, #5934, .T. ) ;
#4399 = CARTESIAN_POINT ( 'NONE',  ( -1.132140295698485621, 3.000000000000000000, 1.646912525208062306 ) ) ;
#4400 = LINE ( 'NONE', #5366, #2034 ) ;
#4401 = PRESENTATION_LAYER_ASSIGNMENT (  '', '', ( #3320 ) ) ;
#4402 = PLANE ( 'NONE',  #2907 ) ;
#4403 = VECTOR ( 'NONE', #2004, 1000.000000000000000 ) ;
#4404 = ADVANCED_FACE ( 'NONE', ( #6455 ), #5975, .T. ) ;
#4405 =( GEOMETRIC_REPRESENTATION_CONTEXT ( 3 ) GLOBAL_UNCERTAINTY_ASSIGNED_CONTEXT ( ( #1119 ) ) GLOBAL_UNIT_ASSIGNED_CONTEXT ( ( #758, #5165, #4746 ) ) REPRESENTATION_CONTEXT ( 'NONE', 'WORKASPACE' ) );
#4406 = VERTEX_POINT ( 'NONE', #2109 ) ;
#4407 = ORIENTED_EDGE ( 'NONE', *, *, #5799, .F. ) ;
#4408 = PLANE ( 'NONE',  #1051 ) ;
#4409 = EDGE_CURVE ( 'NONE', #2502, #3287, #4016, .T. ) ;
#4410 = LINE ( 'NONE', #6661, #6790 ) ;
#4411 = ORIENTED_EDGE ( 'NONE', *, *, #6669, .F. ) ;
#4412 = CARTESIAN_POINT ( 'NONE',  ( 2.828571428571428736, 2.905714285714285694, -2.828571428571428736 ) ) ;
#4413 = LINE ( 'NONE', #352, #6735 ) ;
#4414 = VECTOR ( 'NONE', #2738, 1000.000000000000000 ) ;
#4415 = CARTESIAN_POINT ( 'NONE',  ( -1.132140295698496057, 3.000000000000000000, -1.207104699462107966 ) ) ;
#4416 = STYLED_ITEM ( 'NONE', ( #610 ), #985 ) ;
#4417 = DIRECTION ( 'NONE',  ( 0.000000000000000000, -1.000000000000000000, 0.000000000000000000 ) ) ;
#4418 = CARTESIAN_POINT ( 'NONE',  ( -1.357751691251411597, 2.949999999999999734, 0.06376282006731877339 ) ) ;
#4419 = FACE_OUTER_BOUND ( 'NONE', #5631, .T. ) ;
#4420 = SURFACE_STYLE_USAGE ( .BOTH. , #3983 ) ;
#4421 = ORIENTED_EDGE ( 'NONE', *, *, #931, .T. ) ;
#4422 = FACE_OUTER_BOUND ( 'NONE', #3447, .T. ) ;
#4423 = ORIENTED_EDGE ( 'NONE', *, *, #5071, .T. ) ;
#4424 = DIRECTION ( 'NONE',  ( 1.000000000000000000, -0.000000000000000000, 1.204669080539449344E-16 ) ) ;
#4425 = FACE_OUTER_BOUND ( 'NONE', #4734, .T. ) ;
#4426 = EDGE_CURVE ( 'NONE', #3395, #6285, #6470, .T. ) ;
#4427 = DIRECTION ( 'NONE',  ( 0.1308368968218773798, 0.000000000000000000, 0.9914039068059099513 ) ) ;
#4428 = EDGE_CURVE ( 'NONE', #1639, #6184, #4331, .T. ) ;
#4429 = LINE ( 'NONE', #5882, #6861 ) ;
#4430 = CARTESIAN_POINT ( 'NONE',  ( -1.222122891457874116, 3.000000000000000000, 1.477618357555203543 ) ) ;
#4431 = ORIENTED_EDGE ( 'NONE', *, *, #1705, .F. ) ;
#4432 = DIRECTION ( 'NONE',  ( 0.000000000000000000, 0.000000000000000000, 1.000000000000000000 ) ) ;
#4433 = CARTESIAN_POINT ( 'NONE',  ( 1.300000000000000266, 0.2500000000000000000, -1.799999999999999600 ) ) ;
#4434 = FACE_OUTER_BOUND ( 'NONE', #1396, .T. ) ;
#4435 = DIRECTION ( 'NONE',  ( -1.000000000000000000, -0.000000000000000000, -2.168404344971008868E-16 ) ) ;
#4436 = EDGE_LOOP ( 'NONE', ( #5635, #3556, #1211, #4010 ) ) ;
#4437 = FILL_AREA_STYLE_COLOUR ( '', #4094 ) ;
#4438 = LINE ( 'NONE', #2317, #1976 ) ;
#4439 = EDGE_CURVE ( 'NONE', #2572, #6510, #1898, .T. ) ;
#4440 = FACE_OUTER_BOUND ( 'NONE', #4236, .T. ) ;
#4441 =( NAMED_UNIT ( * ) PLANE_ANGLE_UNIT ( ) SI_UNIT ( $, .RADIAN. ) );
#4442 = ORIENTED_EDGE ( 'NONE', *, *, #774, .F. ) ;
#4443 = ORIENTED_EDGE ( 'NONE', *, *, #5706, .T. ) ;
#4444 = CARTESIAN_POINT ( 'NONE',  ( -1.009256750147797366, 1.610876343277178879, -2.134107173565271687 ) ) ;
#4445 = DIRECTION ( 'NONE',  ( -1.445602896647339163E-16, 0.000000000000000000, -1.000000000000000000 ) ) ;
#4446 = VERTEX_POINT ( 'NONE', #2725 ) ;
#4447 = DIRECTION ( 'NONE',  ( -3.848944471891893324E-15, -0.000000000000000000, -1.000000000000000000 ) ) ;
#4448 = DIRECTION ( 'NONE',  ( 1.828280983288195916E-15, 0.000000000000000000, 1.000000000000000000 ) ) ;
#4449 = LINE ( 'NONE', #5087, #6990 ) ;
#4450 = EDGE_CURVE ( 'NONE', #2519, #6880, #1823, .T. ) ;
#4451 = ADVANCED_FACE ( 'NONE', ( #6716 ), #5930, .F. ) ;
#4452 =( NAMED_UNIT ( * ) PLANE_ANGLE_UNIT ( ) SI_UNIT ( $, .RADIAN. ) );
#4453 = CARTESIAN_POINT ( 'NONE',  ( 3.299999999999999822, 1.575000000000000178, 1.500000000000000666 ) ) ;
#4454 = CARTESIAN_POINT ( 'NONE',  ( -0.3124286010042897077, 2.949999999999999734, 0.8319616928011498436 ) ) ;
#4455 = CARTESIAN_POINT ( 'NONE',  ( 0.000000000000000000, 0.000000000000000000, 0.000000000000000000 ) ) ;
#4456 = LINE ( 'NONE', #1448, #2169 ) ;
#4457 = ORIENTED_EDGE ( 'NONE', *, *, #6501, .F. ) ;
#4458 = VERTEX_POINT ( 'NONE', #3835 ) ;
#4459 = CARTESIAN_POINT ( 'NONE',  ( -0.3113406322684347804, 3.000000000000000000, -0.02548332798981431738 ) ) ;
#4460 = SURFACE_STYLE_FILL_AREA ( #7131 ) ;
#4461 = ORIENTED_EDGE ( 'NONE', *, *, #6593, .F. ) ;
#4462 = UNCERTAINTY_MEASURE_WITH_UNIT (LENGTH_MEASURE( 1.000000000000000082E-05 ), #2754, 'distance_accuracy_value', 'NONE');
#4463 = VECTOR ( 'NONE', #6860, 1000.000000000000114 ) ;
#4464 = VECTOR ( 'NONE', #1246, 1000.000000000000000 ) ;
#4465 = MANIFOLD_SOLID_BREP ( 'Boss-Extrude5[4]', #1513 ) ;
#4466 = CARTESIAN_POINT ( 'NONE',  ( -0.5369520278213515407, 2.949999999999999734, 2.197670442323716777 ) ) ;
#4467 = CARTESIAN_POINT ( 'NONE',  ( -0.3255707312758720495, 3.000000000000000000, 1.533180298713288980 ) ) ;
#4469 =( NAMED_UNIT ( * ) PLANE_ANGLE_UNIT ( ) SI_UNIT ( $, .RADIAN. ) );
#4468 = MECHANICAL_DESIGN_GEOMETRIC_PRESENTATION_REPRESENTATION (  '', ( #6073 ), #2910 ) ;
#4470 = CARTESIAN_POINT ( 'NONE',  ( -0.3113406322684403871, 1.610876343277178879, -1.633376983460833376 ) ) ;
#4471 =( NAMED_UNIT ( * ) PLANE_ANGLE_UNIT ( ) SI_UNIT ( $, .RADIAN. ) );
#4472 = LINE ( 'NONE', #585, #6741 ) ;
#4473 = DIRECTION ( 'NONE',  ( 0.000000000000000000, 1.000000000000000000, 0.000000000000000000 ) ) ;
#4474 = ADVANCED_FACE ( 'NONE', ( #6527 ), #5911, .T. ) ;
#4475 = ORIENTED_EDGE ( 'NONE', *, *, #3404, .T. ) ;
#4476 = VECTOR ( 'NONE', #1183, 1000.000000000000000 ) ;
#4477 = CARTESIAN_POINT ( 'NONE',  ( -0.3113406322684401095, 2.949999999999999734, -1.571536270387498879 ) ) ;
#4478 = ORIENTED_EDGE ( 'NONE', *, *, #5452, .F. ) ;
#4479 = LINE ( 'NONE', #6408, #4463 ) ;
#4480 = DIRECTION ( 'NONE',  ( 1.000000000000000000, 0.000000000000000000, -0.000000000000000000 ) ) ;
#4481 = AXIS2_PLACEMENT_3D ( 'NONE', #2763, #2041, #3137 ) ;
#4482 = CARTESIAN_POINT ( 'NONE',  ( -1.357751691251411597, 2.950000000000000178, 0.9404351645289628081 ) ) ;
#4483 = AXIS2_PLACEMENT_3D ( 'NONE', #5572, #2833, #6139 ) ;
#4484 = PRESENTATION_LAYER_ASSIGNMENT (  '', '', ( #6371 ) ) ;
#4485 = VECTOR ( 'NONE', #4289, 1000.000000000000000 ) ;
#4486 = AXIS2_PLACEMENT_3D ( 'NONE', #2772, #3731, #3292 ) ;
#4487 = ORIENTED_EDGE ( 'NONE', *, *, #3361, .F. ) ;
#4488 = FACE_OUTER_BOUND ( 'NONE', #5023, .T. ) ;
#4489 = DIRECTION ( 'NONE',  ( -0.9012599435649611967, -0.000000000000000000, -0.4332787949176405418 ) ) ;
#4490 = ORIENTED_EDGE ( 'NONE', *, *, #4074, .F. ) ;
#4491 = ORIENTED_EDGE ( 'NONE', *, *, #3884, .F. ) ;
#4492 = VECTOR ( 'NONE', #2205, 1000.000000000000000 ) ;
#4493 = CARTESIAN_POINT ( 'NONE',  ( -1.132140295698483845, 2.999999999999999112, 2.097613617064586045 ) ) ;
#4494 = LINE ( 'NONE', #5037, #4599 ) ;
#4495 = DIRECTION ( 'NONE',  ( -0.000000000000000000, -0.000000000000000000, -1.000000000000000000 ) ) ;
#4496 = EDGE_CURVE ( 'NONE', #5886, #1412, #4293, .T. ) ;
#4497 = FACE_OUTER_BOUND ( 'NONE', #6687, .T. ) ;
#4498 = STYLED_ITEM ( 'NONE', ( #661 ), #1710 ) ;
#4499 = CARTESIAN_POINT ( 'NONE',  ( -0.6173770034315396726, 3.000000000000000444, 1.758201658812008406 ) ) ;
#4500 = ORIENTED_EDGE ( 'NONE', *, *, #6383, .F. ) ;
#4501 = SURFACE_STYLE_FILL_AREA ( #2037 ) ;
#4502 = EDGE_LOOP ( 'NONE', ( #4891, #4119, #2412, #4504 ) ) ;
#4503 = DIRECTION ( 'NONE',  ( -0.000000000000000000, 0.000000000000000000, 1.000000000000000000 ) ) ;
#4504 = ORIENTED_EDGE ( 'NONE', *, *, #5154, .T. ) ;
#4505 = VECTOR ( 'NONE', #2667, 1000.000000000000000 ) ;
#4506 = LINE ( 'NONE', #3855, #4561 ) ;
#4507 = FILL_AREA_STYLE ('',( #5205 ) ) ;
#4508 = PRESENTATION_LAYER_ASSIGNMENT (  '', '', ( #830 ) ) ;
#4509 = CARTESIAN_POINT ( 'NONE',  ( -3.299999999999999822, 2.905714285714285694, -2.828571428571428736 ) ) ;
#4510 = CARTESIAN_POINT ( 'NONE',  ( -3.299999999999999822, 1.575000000000000178, 1.500000000000000666 ) ) ;
#4511 = EDGE_CURVE ( 'NONE', #5162, #4872, #6547, .T. ) ;
#4512 = DIRECTION ( 'NONE',  ( 0.9914039068058959625, -0.000000000000000000, -0.1308368968219830730 ) ) ;
#4513 = VECTOR ( 'NONE', #7009, 1000.000000000000000 ) ;
#4514 = VERTEX_POINT ( 'NONE', #4273 ) ;
#4515 = AXIS2_PLACEMENT_3D ( 'NONE', #4379, #1577, #2678 ) ;
#4516 = COLOUR_RGB ( '',1.000000000000000000, 1.000000000000000000, 1.000000000000000000 ) ;
#4517 = CARTESIAN_POINT ( 'NONE',  ( -1.357751691251411597, 2.949999999999999734, 0.06376282006731877339 ) ) ;
#4518 = ORIENTED_EDGE ( 'NONE', *, *, #602, .T. ) ;
#4519 = EDGE_CURVE ( 'NONE', #708, #1416, #4260, .T. ) ;
#4520 = CIRCLE ( 'NONE', #2474, 0.4714285714285714191 ) ;
#4521 = VECTOR ( 'NONE', #6539, 1000.000000000000000 ) ;
#4522 = ADVANCED_FACE ( 'NONE', ( #4129 ), #4220, .T. ) ;
#4523 = CARTESIAN_POINT ( 'NONE',  ( 4.065758146820639655E-16, 0.5999999999999999778, 1.499999999999999556 ) ) ;
#4524 = ORIENTED_EDGE ( 'NONE', *, *, #4088, .T. ) ;
#4525 = CARTESIAN_POINT ( 'NONE',  ( -1.357751691251422699, 2.949999999999999734, -1.681518504515441492 ) ) ;
#4526 = DIRECTION ( 'NONE',  ( 0.000000000000000000, -0.000000000000000000, 1.000000000000000000 ) ) ;
#4527 = CARTESIAN_POINT ( 'NONE',  ( -3.300000000000000266, 1.574999999999999734, 0.3300000000000004596 ) ) ;
#4528 = FACE_OUTER_BOUND ( 'NONE', #5900, .T. ) ;
#4529 = DIRECTION ( 'NONE',  ( -1.000000000000000000, 0.000000000000000000, 0.000000000000000000 ) ) ;
#4530 = ORIENTED_EDGE ( 'NONE', *, *, #4267, .T. ) ;
#4531 = VECTOR ( 'NONE', #4019, 1000.000000000000000 ) ;
#4532 = ORIENTED_EDGE ( 'NONE', *, *, #510, .F. ) ;
#4533 = ORIENTED_EDGE ( 'NONE', *, *, #4819, .T. ) ;
#4534 =( BOUNDED_CURVE ( )  B_SPLINE_CURVE ( 3, ( #5688, #1776, #2825, #1878 ),
 .UNSPECIFIED., .F., .F. ) 
 B_SPLINE_CURVE_WITH_KNOTS ( ( 4, 4 ),
 ( 0.000000000000000000, 3.141592653589793116 ),
 .UNSPECIFIED. ) 
 CURVE ( )  GEOMETRIC_REPRESENTATION_ITEM ( )  RATIONAL_B_SPLINE_CURVE ( ( 1.000000000000000000, 0.3333333333333333703, 0.3333333333333333703, 1.000000000000000000 ) ) 
 REPRESENTATION_ITEM ( '' )  );
#4535 = EDGE_CURVE ( 'NONE', #1063, #2840, #1796, .T. ) ;
#4536 = SURFACE_STYLE_FILL_AREA ( #57 ) ;
#4537 = CARTESIAN_POINT ( 'NONE',  ( -0.3113406322684347804, 2.950000000000000178, -0.02548332798981431738 ) ) ;
#4538 = EDGE_LOOP ( 'NONE', ( #2965, #6172, #6148, #549 ) ) ;
#4539 = CARTESIAN_POINT ( 'NONE',  ( 3.205714285714285516, 0.1499999999999999944, 2.828571428571428736 ) ) ;
#4540 = EDGE_CURVE ( 'NONE', #157, #3810, #4194, .T. ) ;
#4541 = VECTOR ( 'NONE', #4901, 1000.000000000000227 ) ;
#4542 = ADVANCED_FACE ( 'NONE', ( #6696 ), #3048, .F. ) ;
#4543 = B_SPLINE_SURFACE_WITH_KNOTS ( 'NONE', 3, 1, ( 
 ( #6942, #271 ),
 ( #3503, #843 ),
 ( #4203, #2951 ),
 ( #2347, #795 ),
 ( #4592, #3075 ) ),
 .UNSPECIFIED., .F., .F., .F.,
 ( 4, 1, 4 ),
 ( 2, 2 ),
 ( 0.000000000000000000, 0.4877098465503992841, 1.000000000000000000 ),
 ( 0.000000000000000000, 1.000000000000000000 ),
 .UNSPECIFIED. ) ;
#4544 = ORIENTED_EDGE ( 'NONE', *, *, #151, .T. ) ;
#4545 = FILL_AREA_STYLE ('',( #78 ) ) ;
#4546 = DIRECTION ( 'NONE',  ( 0.000000000000000000, -0.000000000000000000, -1.000000000000000000 ) ) ;
#4547 = CARTESIAN_POINT ( 'NONE',  ( -1.357751691251412263, 3.000000000000000000, 1.302799868628608859 ) ) ;
#4548 = ORIENTED_EDGE ( 'NONE', *, *, #2289, .F. ) ;
#4549 = ORIENTED_EDGE ( 'NONE', *, *, #6685, .T. ) ;
#4550 =( NAMED_UNIT ( * ) SI_UNIT ( $, .STERADIAN. ) SOLID_ANGLE_UNIT ( ) );
#4551 = VECTOR ( 'NONE', #4909, 999.9999999999998863 ) ;
#4552 = FILL_AREA_STYLE ('',( #3948 ) ) ;
#4553 = COLOUR_RGB ( '',1.000000000000000000, 1.000000000000000000, 1.000000000000000000 ) ;
#4554 = EDGE_CURVE ( 'NONE', #5908, #5522, #4181, .T. ) ;
#4555 = SURFACE_STYLE_USAGE ( .BOTH. , #3785 ) ;
#4556 = ORIENTED_EDGE ( 'NONE', *, *, #2266, .F. ) ;
#4557 = DIRECTION ( 'NONE',  ( -0.000000000000000000, -1.000000000000000000, 0.000000000000000000 ) ) ;
#4558 = VECTOR ( 'NONE', #4155, 1000.000000000000000 ) ;
#4559 = LINE ( 'NONE', #6514, #4492 ) ;
#4560 = CARTESIAN_POINT ( 'NONE',  ( -1.357751691251411597, 3.000000000000000000, 1.623199812011252963 ) ) ;
#4561 = VECTOR ( 'NONE', #98, 1000.000000000000000 ) ;
#4562 = DIRECTION ( 'NONE',  ( 0.000000000000000000, 1.000000000000000000, 0.000000000000000000 ) ) ;
#4563 = PLANE ( 'NONE',  #810 ) ;
#4564 = VECTOR ( 'NONE', #546, 1000.000000000000000 ) ;
#4565 = UNCERTAINTY_MEASURE_WITH_UNIT (LENGTH_MEASURE( 1.000000000000000082E-05 ), #6617, 'distance_accuracy_value', 'NONE');
#4566 = ORIENTED_EDGE ( 'NONE', *, *, #5934, .F. ) ;
#4567 = EDGE_LOOP ( 'NONE', ( #5606, #3956, #2835, #3157 ) ) ;
#4568 = DIRECTION ( 'NONE',  ( -0.000000000000000000, 1.000000000000000000, -0.000000000000000000 ) ) ;
#4569 = AXIS2_PLACEMENT_3D ( 'NONE', #2785, #47, #3382 ) ;
#4570 = CARTESIAN_POINT ( 'NONE',  ( -1.132140295698485621, 1.610876343277178879, 1.646912525208062306 ) ) ;
#4572 = LINE ( 'NONE', #3765, #4339 ) ;
#4571 = MECHANICAL_DESIGN_GEOMETRIC_PRESENTATION_REPRESENTATION (  '', ( #3228 ), #5181 ) ;
#4573 = CIRCLE ( 'NONE', #644, 0.2357142857142857095 ) ;
#4574 = ORIENTED_EDGE ( 'NONE', *, *, #5535, .F. ) ;
#4575 = FILL_AREA_STYLE_COLOUR ( '', #4553 ) ;
#4576 = DIRECTION ( 'NONE',  ( 1.000000000000000000, 0.000000000000000000, 1.445602896647339163E-16 ) ) ;
#4577 = CARTESIAN_POINT ( 'NONE',  ( -2.828571428571428736, 2.905714285714285694, -3.299999999999999822 ) ) ;
#4578 = CARTESIAN_POINT ( 'NONE',  ( -0.5104047370281182827, 2.949999999999999734, 1.258785626153509529 ) ) ;
#4579 = LINE ( 'NONE', #2056, #2178 ) ;
#4580 = DIRECTION ( 'NONE',  ( 1.000000000000000000, 0.000000000000000000, -3.910734236825684826E-15 ) ) ;
#4581 = EDGE_CURVE ( 'NONE', #6362, #6072, #6602, .T. ) ;
#4582 = ORIENTED_EDGE ( 'NONE', *, *, #1691, .F. ) ;
#4583 = DIRECTION ( 'NONE',  ( -0.9799725457018957364, -0.000000000000000000, 0.1991326434077194119 ) ) ;
#4584 = VECTOR ( 'NONE', #6454, 1000.000000000000000 ) ;
#4585 = MECHANICAL_DESIGN_GEOMETRIC_PRESENTATION_REPRESENTATION (  '', ( #3825 ), #1600 ) ;
#4586 = LINE ( 'NONE', #3962, #6926 ) ;
#4587 = CARTESIAN_POINT ( 'NONE',  ( -1.355548194750002322, 2.949999999999999734, 1.402156078069614509 ) ) ;
#4588 = PLANE ( 'NONE',  #5670 ) ;
#4589 = FACE_OUTER_BOUND ( 'NONE', #7087, .T. ) ;
#4590 = CARTESIAN_POINT ( 'NONE',  ( -0.6149084483925322253, 3.000000000000000000, 1.596109267695102085 ) ) ;
#4591 = ORIENTED_EDGE ( 'NONE', *, *, #169, .F. ) ;
#4592 = CARTESIAN_POINT ( 'NONE',  ( -1.132140295698496057, 2.949999999999999734, -1.207104699462107966 ) ) ;
#4593 = DIRECTION ( 'NONE',  ( -1.000000000000000000, 0.000000000000000000, 1.828280983288194338E-15 ) ) ;
#4594 = CARTESIAN_POINT ( 'NONE',  ( -0.5369520278213535391, 2.949999999999999734, 1.709469332942378239 ) ) ;
#4595 = ORIENTED_EDGE ( 'NONE', *, *, #4074, .T. ) ;
#4596 = EDGE_CURVE ( 'NONE', #3796, #1639, #4619, .T. ) ;
#4597 = FACE_OUTER_BOUND ( 'NONE', #3940, .T. ) ;
#4598 = CARTESIAN_POINT ( 'NONE',  ( -0.5369520278213518738, 2.949999999999999734, 2.140026246433025303 ) ) ;
#4599 = VECTOR ( 'NONE', #6036, 1000.000000000000000 ) ;
#4600 = STYLED_ITEM ( 'NONE', ( #5352 ), #1141 ) ;
#4601 = CARTESIAN_POINT ( 'NONE',  ( -1.357751691251411597, 2.950000000000000178, 2.097613617064586933 ) ) ;
#4602 = FACE_OUTER_BOUND ( 'NONE', #4436, .T. ) ;
#4603 = ADVANCED_FACE ( 'NONE', ( #4419 ), #5776, .F. ) ;
#4604 = FILL_AREA_STYLE ('',( #391 ) ) ;
#4605 = ORIENTED_EDGE ( 'NONE', *, *, #2513, .F. ) ;
#4606 = VECTOR ( 'NONE', #385, 1000.000000000000000 ) ;
#4607 = VERTEX_POINT ( 'NONE', #4168 ) ;
#4608 = EDGE_CURVE ( 'NONE', #1063, #2462, #4369, .T. ) ;
#4609 =( NAMED_UNIT ( * ) SI_UNIT ( $, .STERADIAN. ) SOLID_ANGLE_UNIT ( ) );
#4610 = LINE ( 'NONE', #1033, #4551 ) ;
#4611 = DIRECTION ( 'NONE',  ( 0.000000000000000000, -1.000000000000000000, 0.000000000000000000 ) ) ;
#4612 = FACE_OUTER_BOUND ( 'NONE', #167, .T. ) ;
#4613 = ADVANCED_BREP_SHAPE_REPRESENTATION ( 'CSAB0730-220M', ( #4148, #2449, #1848, #5646, #2142, #6475, #1200, #4465, #3252, #2129, #3134 ), #4195 ) ;
#4614 = DIRECTION ( 'NONE',  ( 1.000000000000000000, 0.000000000000000000, 1.445602896647339163E-16 ) ) ;
#4615 = AXIS2_PLACEMENT_3D ( 'NONE', #2485, #3213, #5476 ) ;
#4616 = DIRECTION ( 'NONE',  ( -0.000000000000000000, 1.000000000000000000, -0.000000000000000000 ) ) ;
#4617 = CARTESIAN_POINT ( 'NONE',  ( -0.3113406322684380556, 3.000000000000000000, -1.100845407848078716 ) ) ;
#4618 = EDGE_CURVE ( 'NONE', #2475, #7058, #6959, .T. ) ;
#4619 = LINE ( 'NONE', #1879, #6983 ) ;
#4620 = EDGE_LOOP ( 'NONE', ( #5936, #5080, #2560, #5719 ) ) ;
#4621 = LINE ( 'NONE', #6040, #6918 ) ;
#4622 = CARTESIAN_POINT ( 'NONE',  ( -0.5191275572975038166, 2.949999999999999734, -2.009628595855005528 ) ) ;
#4623 = ORIENTED_EDGE ( 'NONE', *, *, #6478, .T. ) ;
#4624 = EDGE_CURVE ( 'NONE', #3477, #6094, #4456, .T. ) ;
#4625 = LINE ( 'NONE', #2314, #7001 ) ;
#4626 = CARTESIAN_POINT ( 'NONE',  ( -1.132140295698483845, 2.949999999999999734, 2.097613617064586045 ) ) ;
#4627 = ORIENTED_EDGE ( 'NONE', *, *, #1822, .T. ) ;
#4628 =( NAMED_UNIT ( * ) SI_UNIT ( $, .STERADIAN. ) SOLID_ANGLE_UNIT ( ) );
#4629 = CARTESIAN_POINT ( 'NONE',  ( -0.6149084483925322253, 2.999999999999999556, 1.596109267695102085 ) ) ;
#4630 = SURFACE_SIDE_STYLE ('',( #2855 ) ) ;
#4631 = DIRECTION ( 'NONE',  ( 0.000000000000000000, 0.000000000000000000, 1.000000000000000000 ) ) ;
#4632 = CARTESIAN_POINT ( 'NONE',  ( 3.299999999999998934, 0.2500000000000000000, 1.800000000000001155 ) ) ;
#4633 = EDGE_CURVE ( 'NONE', #6356, #3796, #4472, .T. ) ;
#4634 = ORIENTED_EDGE ( 'NONE', *, *, #4048, .T. ) ;
#4635 = VERTEX_POINT ( 'NONE', #6782 ) ;
#4636 = DIRECTION ( 'NONE',  ( 0.000000000000000000, 1.000000000000000000, -0.000000000000000000 ) ) ;
#4637 = ORIENTED_EDGE ( 'NONE', *, *, #4870, .F. ) ;
#4638 = VECTOR ( 'NONE', #6264, 1000.000000000000000 ) ;
#4639 = EDGE_CURVE ( 'NONE', #752, #7113, #2094, .T. ) ;
#4640 = CARTESIAN_POINT ( 'NONE',  ( 1.300000000000000044, 0.2500000000000000000, 1.800000000000000044 ) ) ;
#4641 = DIRECTION ( 'NONE',  ( 0.9933818551354653970, -0.000000000000000000, 0.1148585647116548980 ) ) ;
#4642 = VECTOR ( 'NONE', #6023, 1000.000000000000000 ) ;
#4643 =( NAMED_UNIT ( * ) SI_UNIT ( $, .STERADIAN. ) SOLID_ANGLE_UNIT ( ) );
#4644 = VERTEX_POINT ( 'NONE', #2298 ) ;
#4645 = CARTESIAN_POINT ( 'NONE',  ( -0.3113406322684358352, 3.000000000000000000, -0.3018418195157239192 ) ) ;
#4646 = CARTESIAN_POINT ( 'NONE',  ( -0.8418426963106395711, 3.000000000000000444, -1.140848780266850104 ) ) ;
#4647 = LINE ( 'NONE', #1193, #7083 ) ;
#4648 = CARTESIAN_POINT ( 'NONE',  ( -1.357751691251421589, 2.949999999999999734, -1.107666862175472389 ) ) ;
#4649 = ORIENTED_EDGE ( 'NONE', *, *, #117, .T. ) ;
#4650 = VECTOR ( 'NONE', #1904, 1000.000000000000000 ) ;
#4651 = CARTESIAN_POINT ( 'NONE',  ( -0.8418326795865038736, 2.949999999999999734, 2.157877459663286590 ) ) ;
#4652 = DIRECTION ( 'NONE',  ( 0.000000000000000000, -0.000000000000000000, -1.000000000000000000 ) ) ;
#4653 = ORIENTED_EDGE ( 'NONE', *, *, #3330, .T. ) ;
#4654 = LINE ( 'NONE', #1282, #4860 ) ;
#4655 = ORIENTED_EDGE ( 'NONE', *, *, #7173, .F. ) ;
#4656 = LINE ( 'NONE', #3911, #6906 ) ;
#4657 = ORIENTED_EDGE ( 'NONE', *, *, #1242, .F. ) ;
#4658 = ORIENTED_EDGE ( 'NONE', *, *, #6733, .F. ) ;
#4659 = CARTESIAN_POINT ( 'NONE',  ( -0.3113406322684380556, 3.000000000000000000, -1.100845407848078716 ) ) ;
#4660 = LINE ( 'NONE', #265, #4650 ) ;
#4661 = SURFACE_SIDE_STYLE ('',( #3420 ) ) ;
#4662 = VECTOR ( 'NONE', #5370, 1000.000000000000000 ) ;
#4663 = UNCERTAINTY_MEASURE_WITH_UNIT (LENGTH_MEASURE( 1.000000000000000082E-05 ), #407, 'distance_accuracy_value', 'NONE');
#4664 = VERTEX_POINT ( 'NONE', #2869 ) ;
#4665 = CARTESIAN_POINT ( 'NONE',  ( -1.132140295698496946, 2.949999999999999734, -1.657805791318631261 ) ) ;
#4666 = DIRECTION ( 'NONE',  ( 0.000000000000000000, -0.000000000000000000, -1.000000000000000000 ) ) ;
#4667 = PLANE ( 'NONE',  #3587 ) ;
#4668 = CARTESIAN_POINT ( 'NONE',  ( -2.828571428571428736, 0.2442857142857142450, -3.205714285714285516 ) ) ;
#4669 = AXIS2_PLACEMENT_3D ( 'NONE', #6780, #175, #6276 ) ;
#4670 = STYLED_ITEM ( 'NONE', ( #6776 ), #2789 ) ;
#4671 = LINE ( 'NONE', #1817, #7094 ) ;
#4672 = AXIS2_PLACEMENT_3D ( 'NONE', #2627, #411, #304 ) ;
#4673 = ADVANCED_FACE ( 'NONE', ( #1979 ), #6181, .T. ) ;
#4674 = VERTEX_POINT ( 'NONE', #5223 ) ;
#4675 = FACE_OUTER_BOUND ( 'NONE', #5997, .T. ) ;
#4676 = CARTESIAN_POINT ( 'NONE',  ( -1.132140295698490950, 2.949999999999999734, 0.1266649546707405427 ) ) ;
#4677 = DIRECTION ( 'NONE',  ( 0.000000000000000000, 0.000000000000000000, -1.000000000000000000 ) ) ;
#4678 = EDGE_CURVE ( 'NONE', #6310, #3510, #6785, .T. ) ;
#4679 = DIRECTION ( 'NONE',  ( 0.9012599435649609747, 0.000000000000000000, 0.4332787949176410414 ) ) ;
#4680 = VERTEX_POINT ( 'NONE', #3187 ) ;
#4681 = DIRECTION ( 'NONE',  ( 1.000000000000000000, 0.000000000000000000, 1.445602896647339163E-16 ) ) ;
#4682 = CARTESIAN_POINT ( 'NONE',  ( -0.9960914994576102188, 2.950000000000000178, -0.5535984564600542335 ) ) ;
#4683 = PLANE ( 'NONE',  #55 ) ;
#4684 = AXIS2_PLACEMENT_3D ( 'NONE', #1947, #3020, #5416 ) ;
#4685 = ORIENTED_EDGE ( 'NONE', *, *, #4581, .T. ) ;
#4686 = FACE_OUTER_BOUND ( 'NONE', #2887, .T. ) ;
#4687 = CARTESIAN_POINT ( 'NONE',  ( 3.205714285714285516, 0.1499999999999999944, -2.828571428571428736 ) ) ;
#4688 = EDGE_LOOP ( 'NONE', ( #5710, #6327, #1445, #6647 ) ) ;
#4689 = VECTOR ( 'NONE', #1789, 1000.000000000000000 ) ;
#4690 = DIRECTION ( 'NONE',  ( -2.168404344971008868E-16, 0.000000000000000000, 1.000000000000000000 ) ) ;
#4691 =( GEOMETRIC_REPRESENTATION_CONTEXT ( 3 ) GLOBAL_UNCERTAINTY_ASSIGNED_CONTEXT ( ( #6587 ) ) GLOBAL_UNIT_ASSIGNED_CONTEXT ( ( #5104, #444, #5664 ) ) REPRESENTATION_CONTEXT ( 'NONE', 'WORKASPACE' ) );
#4692 =( BOUNDED_SURFACE ( )  B_SPLINE_SURFACE ( 3, 1, ( 
 ( #664, #2535 ),
 ( #3545, #4742 ),
 ( #710, #5296 ),
 ( #1175, #5756 ) ),
 .UNSPECIFIED., .F., .F., .F. ) 
 B_SPLINE_SURFACE_WITH_KNOTS ( ( 4, 4 ),
 ( 2, 2 ),
 ( 0.000000000000000000, 1.000000000000000000 ),
 ( 0.000000000000000000, 1.000000000000000000 ),
 .UNSPECIFIED. ) 
 GEOMETRIC_REPRESENTATION_ITEM ( )  RATIONAL_B_SPLINE_SURFACE ( (
 ( 1.000000000000000000, 1.000000000000000000),
 ( 0.3333333333333333703, 0.3333333333333333703),
 ( 0.3333333333333333703, 0.3333333333333333703),
 ( 1.000000000000000000, 1.000000000000000000) ) ) 
 REPRESENTATION_ITEM ( '' )  SURFACE ( )  );
#4693 = ORIENTED_EDGE ( 'NONE', *, *, #5154, .F. ) ;
#4694 = EDGE_CURVE ( 'NONE', #1971, #972, #6839, .T. ) ;
#4695 = ORIENTED_EDGE ( 'NONE', *, *, #1096, .F. ) ;
#4696 = DIRECTION ( 'NONE',  ( 0.000000000000000000, 0.000000000000000000, -1.000000000000000000 ) ) ;
#4697 = DIRECTION ( 'NONE',  ( -1.924472235945947451E-15, 0.000000000000000000, -1.000000000000000000 ) ) ;
#4698 = MECHANICAL_DESIGN_GEOMETRIC_PRESENTATION_REPRESENTATION (  '', ( #5141 ), #4324 ) ;
#4699 = SURFACE_SIDE_STYLE ('',( #916 ) ) ;
#4700 = ORIENTED_EDGE ( 'NONE', *, *, #7042, .F. ) ;
#4701 = ORIENTED_EDGE ( 'NONE', *, *, #6517, .T. ) ;
#4702 =( NAMED_UNIT ( * ) SI_UNIT ( $, .STERADIAN. ) SOLID_ANGLE_UNIT ( ) );
#4703 = DIRECTION ( 'NONE',  ( -4.376511829034993021E-15, -0.000000000000000000, -1.000000000000000000 ) ) ;
#4704 = ORIENTED_EDGE ( 'NONE', *, *, #1341, .F. ) ;
#4705 = SURFACE_STYLE_FILL_AREA ( #84 ) ;
#4706 = EDGE_CURVE ( 'NONE', #2074, #2549, #2082, .T. ) ;
#4707 = ORIENTED_EDGE ( 'NONE', *, *, #3876, .T. ) ;
#4708 = LINE ( 'NONE', #5360, #4735 ) ;
#4709 = EDGE_LOOP ( 'NONE', ( #4131, #918, #4336, #5219 ) ) ;
#4710 = STYLED_ITEM ( 'NONE', ( #5210 ), #3233 ) ;
#4711 = DIRECTION ( 'NONE',  ( 0.1045284632676718312, 0.000000000000000000, -0.9945218953682714025 ) ) ;
#4712 = VECTOR ( 'NONE', #4739, 1000.000000000000227 ) ;
#4713 = EDGE_CURVE ( 'NONE', #4872, #4986, #6800, .T. ) ;
#4714 = DIRECTION ( 'NONE',  ( 0.000000000000000000, 0.000000000000000000, 1.000000000000000000 ) ) ;
#4715 = DIRECTION ( 'NONE',  ( 0.000000000000000000, 1.000000000000000000, 0.000000000000000000 ) ) ;
#4716 = DIRECTION ( 'NONE',  ( -0.9012599435649154556, -0.000000000000000000, -0.4332787949177358544 ) ) ;
#4717 = DIRECTION ( 'NONE',  ( 0.000000000000000000, 0.000000000000000000, -1.000000000000000000 ) ) ;
#4718 = ORIENTED_EDGE ( 'NONE', *, *, #3441, .F. ) ;
#4719 = CARTESIAN_POINT ( 'NONE',  ( -0.3113406322684285077, 2.950000000000000178, 1.733182046139194687 ) ) ;
#4720 = EDGE_CURVE ( 'NONE', #983, #1179, #6772, .T. ) ;
#4721 = VERTEX_POINT ( 'NONE', #342 ) ;
#4722 = CIRCLE ( 'NONE', #5114, 0.09428571428571427826 ) ;
#4723 = PLANE ( 'NONE',  #3315 ) ;
#4724 = VERTEX_POINT ( 'NONE', #6468 ) ;
#4725 = CIRCLE ( 'NONE', #805, 0.2357142857142857095 ) ;
#4726 = VECTOR ( 'NONE', #4677, 1000.000000000000000 ) ;
#4727 = CARTESIAN_POINT ( 'NONE',  ( -0.3113406322684408312, 3.000000000000000000, -1.798585488986319758 ) ) ;
#4728 = VERTEX_POINT ( 'NONE', #6020 ) ;
#4729 = CARTESIAN_POINT ( 'NONE',  ( -1.357751691251411374, 2.949999999999999734, 2.197051454351221622 ) ) ;
#4730 = CARTESIAN_POINT ( 'NONE',  ( -0.3113406322684401095, 2.949999999999999734, -1.571536270387498879 ) ) ;
#4731 = FACE_OUTER_BOUND ( 'NONE', #4907, .T. ) ;
#4732 = ADVANCED_FACE ( 'NONE', ( #4602 ), #5335, .F. ) ;
#4733 = EDGE_CURVE ( 'NONE', #6287, #133, #6946, .T. ) ;
#4734 = EDGE_LOOP ( 'NONE', ( #5599, #2274, #2304, #3220 ) ) ;
#4735 = VECTOR ( 'NONE', #4716, 1000.000000000000114 ) ;
#4736 = DIRECTION ( 'NONE',  ( 0.000000000000000000, 0.000000000000000000, 1.000000000000000000 ) ) ;
#4737 = EDGE_LOOP ( 'NONE', ( #3716, #1127, #3639, #1361, #6239, #6135, #1469, #6000, #1138, #6225, #3719, #6085 ) ) ;
#4738 = CIRCLE ( 'NONE', #6196, 0.09428571428571430602 ) ;
#4739 = DIRECTION ( 'NONE',  ( 0.9914039068058959625, 0.000000000000000000, -0.1308368968219830730 ) ) ;
#4740 = CARTESIAN_POINT ( 'NONE',  ( 3.389285714285714235, 0.000000000000000000, 1.500000000000000444 ) ) ;
#4741 = ORIENTED_EDGE ( 'NONE', *, *, #1960, .T. ) ;
#4742 = CARTESIAN_POINT ( 'NONE',  ( -0.4034324706246969483, 3.000000000000000444, 0.7593695934950106530 ) ) ;
#4743 = DIRECTION ( 'NONE',  ( -0.9945218953682746221, -0.000000000000000000, -0.1045284632676402869 ) ) ;
#4744 = CARTESIAN_POINT ( 'NONE',  ( -1.132140295698483845, 2.949999999999999734, 2.097613617064586045 ) ) ;
#4745 = LINE ( 'NONE', #3975, #7154 ) ;
#4746 =( NAMED_UNIT ( * ) SI_UNIT ( $, .STERADIAN. ) SOLID_ANGLE_UNIT ( ) );
#4747 = ORIENTED_EDGE ( 'NONE', *, *, #871, .F. ) ;
#4748 = CARTESIAN_POINT ( 'NONE',  ( -0.8107360310716409391, 2.949999999999999734, -0.1136063532589696723 ) ) ;
#4749 = AXIS2_PLACEMENT_3D ( 'NONE', #2988, #6729, #2433 ) ;
#4750 = UNCERTAINTY_MEASURE_WITH_UNIT (LENGTH_MEASURE( 1.000000000000000082E-05 ), #3165, 'distance_accuracy_value', 'NONE');
#4751 = ORIENTED_EDGE ( 'NONE', *, *, #2868, .F. ) ;
#4752 = FACE_OUTER_BOUND ( 'NONE', #1115, .T. ) ;
#4753 = CARTESIAN_POINT ( 'NONE',  ( -1.307978480753482664, 2.949999999999999734, 0.7139307616272294599 ) ) ;
#4754 = DIRECTION ( 'NONE',  ( -3.538354270939118021E-15, 0.000000000000000000, -1.000000000000000000 ) ) ;
#4755 = ORIENTED_EDGE ( 'NONE', *, *, #689, .T. ) ;
#4756 =( GEOMETRIC_REPRESENTATION_CONTEXT ( 3 ) GLOBAL_UNCERTAINTY_ASSIGNED_CONTEXT ( ( #481 ) ) GLOBAL_UNIT_ASSIGNED_CONTEXT ( ( #5835, #410, #2002 ) ) REPRESENTATION_CONTEXT ( 'NONE', 'WORKASPACE' ) );
#4757 = PLANE ( 'NONE',  #2130 ) ;
#4758 = COLOUR_RGB ( '',1.000000000000000000, 1.000000000000000000, 1.000000000000000000 ) ;
#4759 = AXIS2_PLACEMENT_3D ( 'NONE', #4412, #1106, #2748 ) ;
#4760 = LINE ( 'NONE', #4523, #18 ) ;
#4761 = AXIS2_PLACEMENT_3D ( 'NONE', #4170, #1344, #3763 ) ;
#4762 = CARTESIAN_POINT ( 'NONE',  ( 3.625000000000000000, 1.433571428571428275, 0.3300000000000004596 ) ) ;
#4763 = ORIENTED_EDGE ( 'NONE', *, *, #3530, .T. ) ;
#4764 = DIRECTION ( 'NONE',  ( -1.445602896647339163E-16, 0.000000000000000000, -1.000000000000000000 ) ) ;
#4765 = ORIENTED_EDGE ( 'NONE', *, *, #3991, .T. ) ;
#4766 = CYLINDRICAL_SURFACE ( 'NONE', #1312, 0.03038517195999221321 ) ;
#4767 = CARTESIAN_POINT ( 'NONE',  ( -0.3113406322684347804, 2.949999999999999734, -0.02548332798981431738 ) ) ;
#4768 = EDGE_CURVE ( 'NONE', #4283, #3813, #4429, .T. ) ;
#4769 = SURFACE_STYLE_FILL_AREA ( #1757 ) ;
#4770 = FACE_OUTER_BOUND ( 'NONE', #6743, .T. ) ;
#4771 = ADVANCED_FACE ( 'NONE', ( #4497 ), #2054, .F. ) ;
#4772 = DIRECTION ( 'NONE',  ( -1.000000000000000000, 0.000000000000000000, 4.784464174600315422E-15 ) ) ;
#4773 = VERTEX_POINT ( 'NONE', #4340 ) ;
#4774 = MECHANICAL_DESIGN_GEOMETRIC_PRESENTATION_REPRESENTATION (  '', ( #2154 ), #2762 ) ;
#4775 = ORIENTED_EDGE ( 'NONE', *, *, #4511, .F. ) ;
#4776 = PLANE ( 'NONE',  #4246 ) ;
#4777 = DIRECTION ( 'NONE',  ( 0.000000000000000000, 0.000000000000000000, 1.000000000000000000 ) ) ;
#4778 = DIRECTION ( 'NONE',  ( -3.860939618154558568E-15, 0.000000000000000000, -1.000000000000000000 ) ) ;
#4779 = VERTEX_POINT ( 'NONE', #2575 ) ;
#4780 = FACE_BOUND ( 'NONE', #197, .T. ) ;
#4781 = AXIS2_PLACEMENT_3D ( 'NONE', #1058, #1701, #1744 ) ;
#4782 = ORIENTED_EDGE ( 'NONE', *, *, #6821, .F. ) ;
#4783 = CARTESIAN_POINT ( 'NONE',  ( -0.8418326795865148648, 2.949999999999999734, -1.146840856863407865 ) ) ;
#4784 = ORIENTED_EDGE ( 'NONE', *, *, #4802, .F. ) ;
#4785 = EDGE_CURVE ( 'NONE', #7059, #3296, #6357, .T. ) ;
#4786 = DIRECTION ( 'NONE',  ( -0.000000000000000000, 1.000000000000000000, -0.000000000000000000 ) ) ;
#4787 = ORIENTED_EDGE ( 'NONE', *, *, #1417, .F. ) ;
#4788 = AXIS2_PLACEMENT_3D ( 'NONE', #2453, #2546, #3422 ) ;
#4789 = ADVANCED_FACE ( 'NONE', ( #2024 ), #6822, .T. ) ;
#4790 = VERTEX_POINT ( 'NONE', #7169 ) ;
#4791 = DIRECTION ( 'NONE',  ( 0.9933554313349570730, 0.000000000000000000, 0.1150868673539311160 ) ) ;
#4792 = CARTESIAN_POINT ( 'NONE',  ( -3.205714285714285516, 0.2442857142857142450, -1.800000000000000488 ) ) ;
#4793 = LINE ( 'NONE', #6260, #2742 ) ;
#4794 = DIRECTION ( 'NONE',  ( 0.000000000000000000, -1.000000000000000000, -0.000000000000000000 ) ) ;
#4795 = FILL_AREA_STYLE_COLOUR ( '', #6936 ) ;
#4796 = VECTOR ( 'NONE', #6372, 1000.000000000000000 ) ;
#4797 = EDGE_CURVE ( 'NONE', #1621, #1887, #6875, .T. ) ;
#4798 = CARTESIAN_POINT ( 'NONE',  ( -0.8646004806540641408, 2.950000000000000178, -0.9331890140374523579 ) ) ;
#4799 = ORIENTED_EDGE ( 'NONE', *, *, #6059, .F. ) ;
#4800 =( LENGTH_UNIT ( ) NAMED_UNIT ( * ) SI_UNIT ( .MILLI., .METRE. ) );
#4801 = CYLINDRICAL_SURFACE ( 'NONE', #3544, 0.09428571428571430602 ) ;
#4802 = EDGE_CURVE ( 'NONE', #7178, #6413, #2851, .T. ) ;
#4803 = ORIENTED_EDGE ( 'NONE', *, *, #3330, .F. ) ;
#4804 = VECTOR ( 'NONE', #3568, 1000.000000000000114 ) ;
#4805 = CARTESIAN_POINT ( 'NONE',  ( -2.024999999999999467, 0.000000000000000000, 1.500000000000000222 ) ) ;
#4806 = FACE_OUTER_BOUND ( 'NONE', #4538, .T. ) ;
#4807 = EDGE_CURVE ( 'NONE', #5064, #4664, #2040, .T. ) ;
#4808 = CARTESIAN_POINT ( 'NONE',  ( 2.024999999999999911, 0.000000000000000000, -1.499999999999999778 ) ) ;
#4809 = CARTESIAN_POINT ( 'NONE',  ( -1.009256750147804249, 3.000000000000000000, -0.5262135180941681645 ) ) ;
#4810 = DIRECTION ( 'NONE',  ( 0.000000000000000000, 0.000000000000000000, -1.000000000000000000 ) ) ;
#4811 = CARTESIAN_POINT ( 'NONE',  ( -0.3113406322684293959, 1.610876343277178879, 1.462103842300823686 ) ) ;
#4812 = ORIENTED_EDGE ( 'NONE', *, *, #2704, .T. ) ;
#4813 = DIRECTION ( 'NONE',  ( 0.000000000000000000, 0.000000000000000000, -1.000000000000000000 ) ) ;
#4814 = FACE_OUTER_BOUND ( 'NONE', #4998, .T. ) ;
#4815 = ORIENTED_EDGE ( 'NONE', *, *, #2962, .F. ) ;
#4816 = VECTOR ( 'NONE', #5778, 1000.000000000000000 ) ;
#4817 = PRESENTATION_STYLE_ASSIGNMENT (( #1065 ) ) ;
#4818 = CARTESIAN_POINT ( 'NONE',  ( -0.5369520278213634201, 3.000000000000000000, -1.164692070093668264 ) ) ;
#4819 = EDGE_CURVE ( 'NONE', #3513, #1501, #6931, .T. ) ;
#4820 = DIRECTION ( 'NONE',  ( -0.9012599435649154556, -0.000000000000000000, -0.4332787949177358544 ) ) ;
#4821 = DIRECTION ( 'NONE',  ( -0.000000000000000000, -1.000000000000000000, -0.000000000000000000 ) ) ;
#4822 = PRESENTATION_STYLE_ASSIGNMENT (( #3414 ) ) ;
#4823 = DIRECTION ( 'NONE',  ( -0.9799725457018957364, 0.000000000000000000, 0.1991326434077193841 ) ) ;
#4824 = ORIENTED_EDGE ( 'NONE', *, *, #4048, .F. ) ;
#4825 = CARTESIAN_POINT ( 'NONE',  ( -0.5104047370281182827, 2.949999999999999734, 1.258785626153509529 ) ) ;
#4826 = CARTESIAN_POINT ( 'NONE',  ( -0.3113406322684263428, 3.000000000000000000, 2.203872908678615961 ) ) ;
#4827 = ORIENTED_EDGE ( 'NONE', *, *, #5044, .T. ) ;
#4828 = CARTESIAN_POINT ( 'NONE',  ( -0.5369520278213515407, 2.950000000000000178, 2.197670442323716777 ) ) ;
#4829 = AXIS2_PLACEMENT_3D ( 'NONE', #6849, #634, #1697 ) ;
#4830 = VECTOR ( 'NONE', #5763, 1000.000000000000000 ) ;
#4831 = MECHANICAL_DESIGN_GEOMETRIC_PRESENTATION_REPRESENTATION (  '', ( #226 ), #5516 ) ;
#4832 = ORIENTED_EDGE ( 'NONE', *, *, #2714, .F. ) ;
#4833 = DIRECTION ( 'NONE',  ( 2.710505431213760592E-16, -0.000000000000000000, 1.000000000000000000 ) ) ;
#4834 = LINE ( 'NONE', #6102, #2531 ) ;
#4835 = CARTESIAN_POINT ( 'NONE',  ( 2.024999999999999911, 0.5999999999999999778, -1.499999999999999778 ) ) ;
#4836 = ORIENTED_EDGE ( 'NONE', *, *, #1917, .F. ) ;
#4837 = CARTESIAN_POINT ( 'NONE',  ( -0.3113406322684293959, 3.000000000000000000, 1.462103842300823686 ) ) ;
#4838 = PLANE ( 'NONE',  #5824 ) ;
#4839 = FACE_OUTER_BOUND ( 'NONE', #7136, .T. ) ;
#4840 = DIRECTION ( 'NONE',  ( 3.777208558894928895E-15, 0.000000000000000000, 1.000000000000000000 ) ) ;
#4841 = FACE_OUTER_BOUND ( 'NONE', #3174, .T. ) ;
#4842 = FILL_AREA_STYLE_COLOUR ( '', #4516 ) ;
#4843 = MECHANICAL_DESIGN_GEOMETRIC_PRESENTATION_REPRESENTATION (  '', ( #3381 ), #3142 ) ;
#4844 = VERTEX_POINT ( 'NONE', #7028 ) ;
#4845 = DIRECTION ( 'NONE',  ( 0.000000000000000000, 0.000000000000000000, -1.000000000000000000 ) ) ;
#4846 = LINE ( 'NONE', #5207, #4830 ) ;
#4847 =( GEOMETRIC_REPRESENTATION_CONTEXT ( 3 ) GLOBAL_UNCERTAINTY_ASSIGNED_CONTEXT ( ( #1957 ) ) GLOBAL_UNIT_ASSIGNED_CONTEXT ( ( #2166, #6651, #3680 ) ) REPRESENTATION_CONTEXT ( 'NONE', 'WORKASPACE' ) );
#4848 = MECHANICAL_DESIGN_GEOMETRIC_PRESENTATION_REPRESENTATION (  '', ( #576 ), #3149 ) ;
#4849 = ORIENTED_EDGE ( 'NONE', *, *, #689, .F. ) ;
#4850 = MECHANICAL_DESIGN_GEOMETRIC_PRESENTATION_REPRESENTATION (  '', ( #5752 ), #146 ) ;
#4851 = DIRECTION ( 'NONE',  ( 0.000000000000000000, 0.000000000000000000, 1.000000000000000000 ) ) ;
#4852 = SURFACE_STYLE_USAGE ( .BOTH. , #4316 ) ;
#4853 = EDGE_LOOP ( 'NONE', ( #6046, #5968, #6443, #1440, #1324, #1689, #3625, #1542 ) ) ;
#4854 = FACE_OUTER_BOUND ( 'NONE', #4313, .T. ) ;
#4855 = COLOUR_RGB ( '',1.000000000000000000, 1.000000000000000000, 1.000000000000000000 ) ;
#4856 = DIRECTION ( 'NONE',  ( 0.000000000000000000, -0.000000000000000000, 1.000000000000000000 ) ) ;
#4857 = PLANE ( 'NONE',  #5439 ) ;
#4858 = CARTESIAN_POINT ( 'NONE',  ( -0.5369520278213577580, 2.950000000000000178, 0.5545010321583131452 ) ) ;
#4859 = EDGE_CURVE ( 'NONE', #3247, #2975, #6851, .T. ) ;
#4860 = VECTOR ( 'NONE', #6784, 1000.000000000000000 ) ;
#4861 = ORIENTED_EDGE ( 'NONE', *, *, #2167, .F. ) ;
#4862 = AXIS2_PLACEMENT_3D ( 'NONE', #7115, #2164, #4432 ) ;
#4863 = FACE_OUTER_BOUND ( 'NONE', #1279, .T. ) ;
#4864 = DIRECTION ( 'NONE',  ( 0.9914039068059099513, 0.000000000000000000, -0.1308368968218773798 ) ) ;
#4865 = ORIENTED_EDGE ( 'NONE', *, *, #6938, .F. ) ;
#4866 = PRESENTATION_LAYER_ASSIGNMENT (  '', '', ( #919 ) ) ;
#4867 = CARTESIAN_POINT ( 'NONE',  ( 3.299999999999999822, 2.905714285714285694, -2.828571428571428736 ) ) ;
#4868 = CARTESIAN_POINT ( 'NONE',  ( -0.3113406322684411087, 1.610876343277178879, -1.909735474986742787 ) ) ;
#4869 = VECTOR ( 'NONE', #6226, 999.9999999999998863 ) ;
#4870 = EDGE_CURVE ( 'NONE', #2617, #3889, #2110, .T. ) ;
#4871 = CARTESIAN_POINT ( 'NONE',  ( -0.3113406322684347804, 1.610876343277178879, -0.02548332798981431738 ) ) ;
#4872 = VERTEX_POINT ( 'NONE', #1008 ) ;
#4873 =( LENGTH_UNIT ( ) NAMED_UNIT ( * ) SI_UNIT ( .MILLI., .METRE. ) );
#4874 = CIRCLE ( 'NONE', #6796, 0.09428571428571427826 ) ;
#4875 = ADVANCED_FACE ( 'NONE', ( #4528 ), #928, .F. ) ;
#4876 = DIRECTION ( 'NONE',  ( -0.000000000000000000, 1.000000000000000000, -0.000000000000000000 ) ) ;
#4877 = ORIENTED_EDGE ( 'NONE', *, *, #4303, .F. ) ;
#4878 = AXIS2_PLACEMENT_3D ( 'NONE', #139, #5692, #1053 ) ;
#4879 = EDGE_CURVE ( 'NONE', #4949, #2028, #4579, .T. ) ;
#4880 = ORIENTED_EDGE ( 'NONE', *, *, #2861, .T. ) ;
#4881 = ORIENTED_EDGE ( 'NONE', *, *, #4990, .F. ) ;
#4882 = CARTESIAN_POINT ( 'NONE',  ( -3.300000000000000266, 1.339285714285714191, 0.2357142857142861259 ) ) ;
#4883 = CYLINDRICAL_SURFACE ( 'NONE', #69, 0.2357142857142857095 ) ;
#4884 = DIRECTION ( 'NONE',  ( 1.000000000000000000, 0.000000000000000000, 0.000000000000000000 ) ) ;
#4885 = ORIENTED_EDGE ( 'NONE', *, *, #4428, .T. ) ;
#4886 = DIRECTION ( 'NONE',  ( -0.000000000000000000, -0.000000000000000000, 1.000000000000000000 ) ) ;
#4887 = LINE ( 'NONE', #722, #4958 ) ;
#4888 = CARTESIAN_POINT ( 'NONE',  ( -1.132140295698489618, 3.000000000000000000, 0.4856831150319117496 ) ) ;
#4889 = ADVANCED_FACE ( 'NONE', ( #4589 ), #363, .F. ) ;
#4890 = CARTESIAN_POINT ( 'NONE',  ( -0.3113406322684347804, 2.949999999999999734, -0.02548332798981431738 ) ) ;
#4891 = ORIENTED_EDGE ( 'NONE', *, *, #3659, .T. ) ;
#4892 = EDGE_CURVE ( 'NONE', #3477, #2727, #2280, .T. ) ;
#4893 = ORIENTED_EDGE ( 'NONE', *, *, #5645, .F. ) ;
#4894 = CARTESIAN_POINT ( 'NONE',  ( 2.024999999999999911, 0.000000000000000000, 2.927345865710861479E-16 ) ) ;
#4895 = EDGE_CURVE ( 'NONE', #5073, #6985, #7158, .T. ) ;
#4896 = ORIENTED_EDGE ( 'NONE', *, *, #522, .T. ) ;
#4897 = COLOUR_RGB ( '',0.7921568627450980005, 0.8196078431372548767, 0.9333333333333333481 ) ;
#4898 = ORIENTED_EDGE ( 'NONE', *, *, #4596, .F. ) ;
#4899 = LINE ( 'NONE', #3502, #5400 ) ;
#4900 = EDGE_LOOP ( 'NONE', ( #5206, #4121, #4287, #4107 ) ) ;
#4901 = DIRECTION ( 'NONE',  ( 0.9012599435649156776, -0.000000000000000000, 0.4332787949177354658 ) ) ;
#4902 = CARTESIAN_POINT ( 'NONE',  ( -0.5191275572975038166, 2.949999999999999734, -2.009628595855005528 ) ) ;
#4903 = CARTESIAN_POINT ( 'NONE',  ( 2.025000000000000355, 0.2500000000000000000, 1.499999999999999334 ) ) ;
#4904 = ORIENTED_EDGE ( 'NONE', *, *, #4141, .T. ) ;
#4905 = CIRCLE ( 'NONE', #1874, 0.08278332879366212538 ) ;
#4906 = ADVANCED_FACE ( 'NONE', ( #4814 ), #4801, .F. ) ;
#4907 = EDGE_LOOP ( 'NONE', ( #1366, #4782, #6159, #5178 ) ) ;
#4908 = ORIENTED_EDGE ( 'NONE', *, *, #390, .F. ) ;
#4909 = DIRECTION ( 'NONE',  ( -0.9945218953682744001, -0.000000000000000000, -0.1045284632676440895 ) ) ;
#4910 = EDGE_CURVE ( 'NONE', #6171, #5060, #4654, .T. ) ;
#4911 = ORIENTED_EDGE ( 'NONE', *, *, #252, .F. ) ;
#4912 = FACE_OUTER_BOUND ( 'NONE', #1400, .T. ) ;
#4913 = CARTESIAN_POINT ( 'NONE',  ( -0.5369520278213634201, 1.610876343277178879, -1.164692070093668264 ) ) ;
#4914 = SURFACE_SIDE_STYLE ('',( #299 ) ) ;
#4915 = DIRECTION ( 'NONE',  ( -3.706674093967535191E-16, -0.000000000000000000, -1.000000000000000000 ) ) ;
#4916 = SURFACE_STYLE_USAGE ( .BOTH. , #582 ) ;
#4917 = COLOUR_RGB ( '',1.000000000000000000, 1.000000000000000000, 1.000000000000000000 ) ;
#4918 =( NAMED_UNIT ( * ) PLANE_ANGLE_UNIT ( ) SI_UNIT ( $, .RADIAN. ) );
#4919 = ORIENTED_EDGE ( 'NONE', *, *, #103, .T. ) ;
#4920 = CARTESIAN_POINT ( 'NONE',  ( 2.828571428571428736, 15.33380951166242845, 2.828571428571428736 ) ) ;
#4921 = PLANE ( 'NONE',  #1522 ) ;
#4922 = ORIENTED_EDGE ( 'NONE', *, *, #6568, .T. ) ;
#4923 = AXIS2_PLACEMENT_3D ( 'NONE', #5300, #5676, #1375 ) ;
#4924 = AXIS2_PLACEMENT_3D ( 'NONE', #245, #5132, #1778 ) ;
#4925 = UNCERTAINTY_MEASURE_WITH_UNIT (LENGTH_MEASURE( 1.000000000000000082E-05 ), #5948, 'distance_accuracy_value', 'NONE');
#4926 = ORIENTED_EDGE ( 'NONE', *, *, #6127, .T. ) ;
#4927 = ORIENTED_EDGE ( 'NONE', *, *, #6938, .T. ) ;
#4928 = LINE ( 'NONE', #4938, #2718 ) ;
#4929 = CARTESIAN_POINT ( 'NONE',  ( -1.357751691251411597, 2.950000000000000178, 0.9404351645289628081 ) ) ;
#4930 = ORIENTED_EDGE ( 'NONE', *, *, #456, .T. ) ;
#4931 = CARTESIAN_POINT ( 'NONE',  ( -1.357751691251414483, 3.000000000000000000, 0.6007890726471740717 ) ) ;
#4932 = ADVANCED_FACE ( 'NONE', ( #7174 ), #1316, .F. ) ;
#4933 = EDGE_CURVE ( 'NONE', #6414, #2840, #2380, .T. ) ;
#4934 = ORIENTED_EDGE ( 'NONE', *, *, #2266, .T. ) ;
#4935 = CARTESIAN_POINT ( 'NONE',  ( -1.132140295698496946, 2.949999999999999734, -1.657805791318631261 ) ) ;
#4936 = CARTESIAN_POINT ( 'NONE',  ( -0.3113406322684380556, 3.000000000000000000, -0.8608846822646283314 ) ) ;
#4937 = LINE ( 'NONE', #3448, #5112 ) ;
#4938 = CARTESIAN_POINT ( 'NONE',  ( -0.5369520278213577580, 2.949999999999999734, 0.5545010321583131452 ) ) ;
#4939 = AXIS2_PLACEMENT_3D ( 'NONE', #399, #2710, #2091 ) ;
#4940 = DIRECTION ( 'NONE',  ( 0.000000000000000000, -0.000000000000000000, 1.000000000000000000 ) ) ;
#4941 = AXIS2_PLACEMENT_3D ( 'NONE', #6074, #3957, #4012 ) ;
#4942 = ORIENTED_EDGE ( 'NONE', *, *, #2704, .F. ) ;
#4943 = CARTESIAN_POINT ( 'NONE',  ( -1.009256750147797144, 2.949999999999999734, -2.134107173565272131 ) ) ;
#4944 = ORIENTED_EDGE ( 'NONE', *, *, #4303, .T. ) ;
#4945 = FACE_OUTER_BOUND ( 'NONE', #2481, .T. ) ;
#4946 = ORIENTED_EDGE ( 'NONE', *, *, #3347, .F. ) ;
#4947 = EDGE_CURVE ( 'NONE', #3905, #6126, #2243, .T. ) ;
#4948 = LINE ( 'NONE', #496, #238 ) ;
#4949 = VERTEX_POINT ( 'NONE', #227 ) ;
#4950 = CARTESIAN_POINT ( 'NONE',  ( -0.6173770034315396726, 2.950000000000000178, 1.758201658812008406 ) ) ;
#4951 = DIRECTION ( 'NONE',  ( 0.000000000000000000, 1.000000000000000000, 0.000000000000000000 ) ) ;
#4952 = DIRECTION ( 'NONE',  ( 0.000000000000000000, 1.000000000000000000, 0.000000000000000000 ) ) ;
#4953 = DIRECTION ( 'NONE',  ( 0.000000000000000000, 1.000000000000000000, 0.000000000000000000 ) ) ;
#4954 = MECHANICAL_DESIGN_GEOMETRIC_PRESENTATION_REPRESENTATION (  '', ( #4232 ), #443 ) ;
#4955 = ORIENTED_EDGE ( 'NONE', *, *, #1265, .T. ) ;
#4956 = ORIENTED_EDGE ( 'NONE', *, *, #6733, .T. ) ;
#4957 = ORIENTED_EDGE ( 'NONE', *, *, #5680, .F. ) ;
#4958 = VECTOR ( 'NONE', #2404, 1000.000000000000000 ) ;
#4959 = EDGE_CURVE ( 'NONE', #6255, #2586, #2219, .T. ) ;
#4960 = CARTESIAN_POINT ( 'NONE',  ( -3.625000000000000000, 0.5999999999999999778, -1.499999999999999778 ) ) ;
#4961 = ORIENTED_EDGE ( 'NONE', *, *, #2323, .T. ) ;
#4962 =( NAMED_UNIT ( * ) SI_UNIT ( $, .STERADIAN. ) SOLID_ANGLE_UNIT ( ) );
#4963 = B_SPLINE_SURFACE_WITH_KNOTS ( 'NONE', 3, 1, ( 
 ( #1682, #2902 ),
 ( #123, #662 ),
 ( #7161, #4430 ),
 ( #3406, #4590 ),
 ( #1625, #6217 ),
 ( #707, #1038 ) ),
 .UNSPECIFIED., .F., .F., .F.,
 ( 4, 1, 1, 4 ),
 ( 2, 2 ),
 ( 0.000000000000000000, 0.4712518714902709793, 0.5712518714902710126, 1.000000000000000000 ),
 ( 0.000000000000000000, 1.000000000000000000 ),
 .UNSPECIFIED. ) ;
#4964 = DIRECTION ( 'NONE',  ( 0.000000000000000000, 0.000000000000000000, 1.000000000000000000 ) ) ;
#4965 = CARTESIAN_POINT ( 'NONE',  ( 0.000000000000000000, 0.5999999999999999778, -1.499999999999999778 ) ) ;
#4966 = AXIS2_PLACEMENT_3D ( 'NONE', #2216, #5507, #6014 ) ;
#4967 = CARTESIAN_POINT ( 'NONE',  ( -2.828571428571428736, 0.1499999999999999944, 3.205714285714285960 ) ) ;
#4969 = EDGE_CURVE ( 'NONE', #1117, #3796, #4846, .T. ) ;
#4968 = ADVANCED_FACE ( 'NONE', ( #2392 ), #6695, .T. ) ;
#4970 = ORIENTED_EDGE ( 'NONE', *, *, #3202, .F. ) ;
#4971 = ORIENTED_EDGE ( 'NONE', *, *, #774, .T. ) ;
#4972 = VECTOR ( 'NONE', #3715, 1000.000000000000000 ) ;
#4973 = DIRECTION ( 'NONE',  ( 0.000000000000000000, -0.000000000000000000, -1.000000000000000000 ) ) ;
#4974 = ORIENTED_EDGE ( 'NONE', *, *, #5312, .F. ) ;
#4975 = FACE_OUTER_BOUND ( 'NONE', #6307, .T. ) ;
#4976 = COLOUR_RGB ( '',1.000000000000000000, 1.000000000000000000, 1.000000000000000000 ) ;
#4977 = EDGE_CURVE ( 'NONE', #6615, #3439, #7111, .T. ) ;
#4978 = CARTESIAN_POINT ( 'NONE',  ( -0.5369520278213577580, 3.000000000000000000, 0.5545010321583131452 ) ) ;
#4979 = CARTESIAN_POINT ( 'NONE',  ( -0.3113406322684310057, 1.610876343277178879, 1.017803178849526313 ) ) ;
#4980 = ORIENTED_EDGE ( 'NONE', *, *, #1946, .T. ) ;
#4981 = ORIENTED_EDGE ( 'NONE', *, *, #7005, .F. ) ;
#4982 = CARTESIAN_POINT ( 'NONE',  ( -3.299999999999999378, 0.2500000000000000000, -1.499999999999999556 ) ) ;
#4983 = EDGE_CURVE ( 'NONE', #3637, #3510, #4671, .T. ) ;
#4984 = LINE ( 'NONE', #2893, #2383 ) ;
#4985 = DIRECTION ( 'NONE',  ( -3.860939618154558568E-15, 0.000000000000000000, -1.000000000000000000 ) ) ;
#4986 = VERTEX_POINT ( 'NONE', #2352 ) ;
#4987 = PLANE ( 'NONE',  #313 ) ;
#4988 = CARTESIAN_POINT ( 'NONE',  ( -0.3113406322684411087, 3.000000000000000000, -1.909735474986742787 ) ) ;
#4989 = SURFACE_SIDE_STYLE ('',( #2233 ) ) ;
#4990 = EDGE_CURVE ( 'NONE', #5815, #3287, #2299, .T. ) ;
#4991 = EDGE_LOOP ( 'NONE', ( #2045, #3705, #2823, #408 ) ) ;
#4992 = CARTESIAN_POINT ( 'NONE',  ( -0.5369520278213593123, 3.000000000000000000, 0.1894440865371726790 ) ) ;
#4993 = CARTESIAN_POINT ( 'NONE',  ( -0.5191275572975078134, 2.950000000000000178, -0.4017349403839645672 ) ) ;
#4994 = VERTEX_POINT ( 'NONE', #3456 ) ;
#4995 = ORIENTED_EDGE ( 'NONE', *, *, #6568, .F. ) ;
#4996 = ADVANCED_FACE ( 'NONE', ( #4731 ), #709, .F. ) ;
#4997 = CARTESIAN_POINT ( 'NONE',  ( -3.625000000000000000, 1.433571428571428275, 0.2357142857142861814 ) ) ;
#4998 = EDGE_LOOP ( 'NONE', ( #3295, #3882, #1304, #3849 ) ) ;
#4999 = PRESENTATION_STYLE_ASSIGNMENT (( #6201 ) ) ;
#5000 = DIRECTION ( 'NONE',  ( 0.000000000000000000, 0.000000000000000000, -1.000000000000000000 ) ) ;
#5001 = VECTOR ( 'NONE', #5278, 1000.000000000000000 ) ;
#5002 = LINE ( 'NONE', #6609, #2734 ) ;
#5003 = DIRECTION ( 'NONE',  ( -0.000000000000000000, -1.000000000000000000, -0.000000000000000000 ) ) ;
#5004 = CARTESIAN_POINT ( 'NONE',  ( -3.299999999999999822, 0.2500000000000000000, 1.500000000000000444 ) ) ;
#5005 = CARTESIAN_POINT ( 'NONE',  ( -1.009256750147797144, 3.000000000000000000, -2.134107173565272131 ) ) ;
#5006 =( NAMED_UNIT ( * ) SI_UNIT ( $, .STERADIAN. ) SOLID_ANGLE_UNIT ( ) );
#5007 = CARTESIAN_POINT ( 'NONE',  ( -0.3113406322684380556, 3.000000000000000000, -0.8608846822646283314 ) ) ;
#5008 = EDGE_LOOP ( 'NONE', ( #2971, #4182, #4186, #3800 ) ) ;
#5009 = ORIENTED_EDGE ( 'NONE', *, *, #7, .F. ) ;
#5010 = LINE ( 'NONE', #3279, #2422 ) ;
#5011 = CARTESIAN_POINT ( 'NONE',  ( -0.3113406322684341143, 3.000000000000000000, 0.1536859196460394206 ) ) ;
#5012 = EDGE_LOOP ( 'NONE', ( #2871, #2665, #6662, #4574 ) ) ;
#5013 = FACE_OUTER_BOUND ( 'NONE', #1194, .T. ) ;
#5014 = LINE ( 'NONE', #5672, #201 ) ;
#5015 = COLOUR_RGB ( '',1.000000000000000000, 1.000000000000000000, 1.000000000000000000 ) ;
#5016 = ADVANCED_FACE ( 'NONE', ( #7041 ), #3079, .T. ) ;
#5017 = CARTESIAN_POINT ( 'NONE',  ( -1.132310254562977070, 3.000000000000000000, 0.07031103226462280531 ) ) ;
#5018 = CARTESIAN_POINT ( 'NONE',  ( -3.205714285714285516, 0.1499999999999999944, -1.800000000000000488 ) ) ;
#5019 = SURFACE_STYLE_USAGE ( .BOTH. , #6019 ) ;
#5020 = AXIS2_PLACEMENT_3D ( 'NONE', #2309, #6128, #7126 ) ;
#5021 = UNCERTAINTY_MEASURE_WITH_UNIT (LENGTH_MEASURE( 1.000000000000000082E-05 ), #2407, 'distance_accuracy_value', 'NONE');
#5022 = EDGE_LOOP ( 'NONE', ( #3865, #2263, #1675, #6654 ) ) ;
#5023 = EDGE_LOOP ( 'NONE', ( #2457, #5608, #3863, #4896 ) ) ;
#5024 = AXIS2_PLACEMENT_3D ( 'NONE', #962, #4383, #1527 ) ;
#5025 = DIRECTION ( 'NONE',  ( 1.000000000000000000, 0.000000000000000000, 2.710505431213760592E-16 ) ) ;
#5026 = FACE_OUTER_BOUND ( 'NONE', #3767, .T. ) ;
#5027 = VERTEX_POINT ( 'NONE', #4352 ) ;
#5028 = ORIENTED_EDGE ( 'NONE', *, *, #6017, .F. ) ;
#5029 = ORIENTED_EDGE ( 'NONE', *, *, #911, .T. ) ;
#5030 = PRESENTATION_LAYER_ASSIGNMENT (  '', '', ( #5759 ) ) ;
#5031 = CARTESIAN_POINT ( 'NONE',  ( -1.357751691251421811, 2.949999999999999734, -1.207104699462107300 ) ) ;
#5032 = ORIENTED_EDGE ( 'NONE', *, *, #4354, .T. ) ;
#5033 = DIRECTION ( 'NONE',  ( 0.000000000000000000, 1.000000000000000000, 0.000000000000000000 ) ) ;
#5034 = VERTEX_POINT ( 'NONE', #3600 ) ;
#5035 = EDGE_LOOP ( 'NONE', ( #4649, #4355, #2140, #2357, #4384, #4755, #289, #4533 ) ) ;
#5036 = SURFACE_STYLE_USAGE ( .BOTH. , #3747 ) ;
#5037 = CARTESIAN_POINT ( 'NONE',  ( -3.300000000000000266, 1.433571428571428275, -0.3299999999999995159 ) ) ;
#5038 = FACE_OUTER_BOUND ( 'NONE', #2683, .T. ) ;
#5039 = CARTESIAN_POINT ( 'NONE',  ( -1.307978480753482664, 2.949999999999999734, 0.7139307616272294599 ) ) ;
#5040 = VECTOR ( 'NONE', #7019, 1000.000000000000000 ) ;
#5041 = DIRECTION ( 'NONE',  ( 1.000000000000000000, -0.000000000000000000, -1.445602896647339163E-16 ) ) ;
#5042 = MECHANICAL_DESIGN_GEOMETRIC_PRESENTATION_REPRESENTATION (  '', ( #2409 ), #6297 ) ;
#5043 = DIRECTION ( 'NONE',  ( 1.000000000000000000, 0.000000000000000000, -3.538354270939118021E-15 ) ) ;
#5044 = EDGE_CURVE ( 'NONE', #1505, #6503, #6393, .T. ) ;
#5045 = CARTESIAN_POINT ( 'NONE',  ( -0.3113406322684411087, 2.949999999999999734, -1.909735474986742787 ) ) ;
#5046 = ORIENTED_EDGE ( 'NONE', *, *, #3884, .T. ) ;
#5047 = VECTOR ( 'NONE', #3059, 1000.000000000000000 ) ;
#5048 = CARTESIAN_POINT ( 'NONE',  ( -1.357751691251411597, 2.950000000000000178, 0.9404351645289628081 ) ) ;
#5049 = ORIENTED_EDGE ( 'NONE', *, *, #2944, .F. ) ;
#5050 = PRESENTATION_LAYER_ASSIGNMENT (  '', '', ( #5299 ) ) ;
#5051 = LINE ( 'NONE', #4527, #275 ) ;
#5052 = COLOUR_RGB ( '',1.000000000000000000, 1.000000000000000000, 1.000000000000000000 ) ;
#5053 = CARTESIAN_POINT ( 'NONE',  ( -0.3113406322684293959, 3.000000000000000000, 1.462103842300823686 ) ) ;
#5054 = DIRECTION ( 'NONE',  ( -3.878780124852346801E-15, 0.000000000000000000, -1.000000000000000000 ) ) ;
#5055 = DIRECTION ( 'NONE',  ( 0.000000000000000000, 0.000000000000000000, -1.000000000000000000 ) ) ;
#5056 = CARTESIAN_POINT ( 'NONE',  ( -1.151339791579042870, 2.949999999999999734, 1.121500735562910744 ) ) ;
#5057 = ORIENTED_EDGE ( 'NONE', *, *, #2206, .F. ) ;
#5058 = CARTESIAN_POINT ( 'NONE',  ( 0.000000000000000000, 0.5999999999999999778, 0.000000000000000000 ) ) ;
#5059 = EDGE_CURVE ( 'NONE', #3759, #2101, #4928, .T. ) ;
#5060 = VERTEX_POINT ( 'NONE', #5480 ) ;
#5061 = VECTOR ( 'NONE', #1894, 1000.000000000000000 ) ;
#5062 = ADVANCED_FACE ( 'NONE', ( #2731 ), #6888, .T. ) ;
#5063 = B_SPLINE_SURFACE_WITH_KNOTS ( 'NONE', 3, 1, ( 
 ( #1309, #3533 ),
 ( #256, #2522 ),
 ( #651, #2891 ),
 ( #5331, #2332 ),
 ( #740, #2376 ) ),
 .UNSPECIFIED., .F., .F., .F.,
 ( 4, 1, 4 ),
 ( 2, 2 ),
 ( 0.000000000000000000, 0.5079839729424890926, 1.000000000000000000 ),
 ( 0.000000000000000000, 1.000000000000000000 ),
 .UNSPECIFIED. ) ;
#5064 = VERTEX_POINT ( 'NONE', #1490 ) ;
#5065 = COLOUR_RGB ( '',0.7921568627450980005, 0.8196078431372548767, 0.9333333333333333481 ) ;
#5066 = PRESENTATION_LAYER_ASSIGNMENT (  '', '', ( #2603 ) ) ;
#5067 = EDGE_CURVE ( 'NONE', #4378, #6406, #5093, .T. ) ;
#5068 = CARTESIAN_POINT ( 'NONE',  ( -0.3113406322684401095, 3.000000000000000000, -1.571536270387498879 ) ) ;
#5069 =( LENGTH_UNIT ( ) NAMED_UNIT ( * ) SI_UNIT ( .MILLI., .METRE. ) );
#5070 = DIRECTION ( 'NONE',  ( 3.706674093967535191E-16, -0.000000000000000000, -1.000000000000000000 ) ) ;
#5071 = EDGE_CURVE ( 'NONE', #4040, #5511, #2489, .T. ) ;
#5072 = DIRECTION ( 'NONE',  ( 0.000000000000000000, 1.000000000000000000, 0.000000000000000000 ) ) ;
#5073 = VERTEX_POINT ( 'NONE', #2075 ) ;
#5075 = DIRECTION ( 'NONE',  ( -1.000000000000000000, 0.000000000000000000, 1.445602896647339163E-16 ) ) ;
#5074 = VECTOR ( 'NONE', #847, 1000.000000000000000 ) ;
#5076 = PLANE ( 'NONE',  #6492 ) ;
#5077 = LINE ( 'NONE', #6274, #2646 ) ;
#5078 = ADVANCED_FACE ( 'NONE', ( #361 ), #3748, .F. ) ;
#5079 = CARTESIAN_POINT ( 'NONE',  ( -0.3113406322684263428, 3.000000000000000000, 2.203872908678615961 ) ) ;
#5080 = ORIENTED_EDGE ( 'NONE', *, *, #3595, .F. ) ;
#5081 = PRESENTATION_STYLE_ASSIGNMENT (( #7093 ) ) ;
#5082 = TOROIDAL_SURFACE ( 'NONE', #3319, 0.3771428571428573351, 0.09428571428571427826 ) ;
#5083 = DIRECTION ( 'NONE',  ( -4.376511829034993810E-15, 0.000000000000000000, -1.000000000000000000 ) ) ;
#5084 = EDGE_CURVE ( 'NONE', #1688, #4076, #2741, .T. ) ;
#5085 = ORIENTED_EDGE ( 'NONE', *, *, #6685, .F. ) ;
#5086 =( NAMED_UNIT ( * ) PLANE_ANGLE_UNIT ( ) SI_UNIT ( $, .RADIAN. ) );
#5087 = CARTESIAN_POINT ( 'NONE',  ( -1.300000000000000044, 0.2500000000000000000, 1.800000000000000044 ) ) ;
#5088 = VECTOR ( 'NONE', #2949, 1000.000000000000000 ) ;
#5089 = DIRECTION ( 'NONE',  ( -3.706674093967537163E-16, -3.706674093967537163E-16, -1.000000000000000000 ) ) ;
#5090 = DIRECTION ( 'NONE',  ( -0.000000000000000000, 1.000000000000000000, -0.000000000000000000 ) ) ;
#5091 = CARTESIAN_POINT ( 'NONE',  ( -0.8186499976311963911, 3.000000000000000000, 0.1029587669415544526 ) ) ;
#5092 = ORIENTED_EDGE ( 'NONE', *, *, #2958, .F. ) ;
#5093 = LINE ( 'NONE', #1974, #101 ) ;
#5094 = LINE ( 'NONE', #3535, #389 ) ;
#5095 = ORIENTED_EDGE ( 'NONE', *, *, #6955, .T. ) ;
#5096 = CARTESIAN_POINT ( 'NONE',  ( -1.357751691251421811, 3.000000000000000000, -1.207104699462107300 ) ) ;
#5097 = ORIENTED_EDGE ( 'NONE', *, *, #4859, .T. ) ;
#5098 = DIRECTION ( 'NONE',  ( -1.000000000000000000, 0.000000000000000000, 0.000000000000000000 ) ) ;
#5099 = CARTESIAN_POINT ( 'NONE',  ( -1.258312057982464482, 3.000000000000000444, 1.620916768221409621 ) ) ;
#5100 = CARTESIAN_POINT ( 'NONE',  ( -1.222122891457874116, 2.999999999999999556, 1.477618357555203543 ) ) ;
#5101 = SURFACE_STYLE_USAGE ( .BOTH. , #3760 ) ;
#5102 = PLANE ( 'NONE',  #6715 ) ;
#5103 = ORIENTED_EDGE ( 'NONE', *, *, #3928, .F. ) ;
#5104 =( LENGTH_UNIT ( ) NAMED_UNIT ( * ) SI_UNIT ( .MILLI., .METRE. ) );
#5105 = VERTEX_POINT ( 'NONE', #1328 ) ;
#5106 = VECTOR ( 'NONE', #3966, 1000.000000000000000 ) ;
#5107 = ORIENTED_EDGE ( 'NONE', *, *, #3261, .T. ) ;
#5108 = CARTESIAN_POINT ( 'NONE',  ( -3.300000000000000266, 1.574999999999999734, -0.3299999999999995159 ) ) ;
#5109 = STYLED_ITEM ( 'NONE', ( #7017 ), #725 ) ;
#5110 = ORIENTED_EDGE ( 'NONE', *, *, #2432, .F. ) ;
#5111 = DIRECTION ( 'NONE',  ( -0.000000000000000000, 1.000000000000000000, -0.000000000000000000 ) ) ;
#5112 = VECTOR ( 'NONE', #538, 1000.000000000000000 ) ;
#5113 = DIRECTION ( 'NONE',  ( 0.000000000000000000, 0.000000000000000000, 1.000000000000000000 ) ) ;
#5114 = AXIS2_PLACEMENT_3D ( 'NONE', #6961, #441, #4276 ) ;
#5115 = AXIS2_PLACEMENT_3D ( 'NONE', #1859, #312, #5845 ) ;
#5116 = UNCERTAINTY_MEASURE_WITH_UNIT (LENGTH_MEASURE( 1.000000000000000082E-05 ), #5866, 'distance_accuracy_value', 'NONE');
#5117 = PRESENTATION_LAYER_ASSIGNMENT (  '', '', ( #2836 ) ) ;
#5118 = DIRECTION ( 'NONE',  ( -3.860939618154558568E-15, 0.000000000000000000, -1.000000000000000000 ) ) ;
#5119 = CARTESIAN_POINT ( 'NONE',  ( -0.3113406322684401095, 2.950000000000000178, -1.571536270387498879 ) ) ;
#5120 = DIRECTION ( 'NONE',  ( 0.000000000000000000, 1.000000000000000000, -0.000000000000000000 ) ) ;
#5121 = VERTEX_POINT ( 'NONE', #1552 ) ;
#5122 = CARTESIAN_POINT ( 'NONE',  ( -1.357751691251421589, 2.949999999999999734, -1.107666862175472389 ) ) ;
#5123 = ADVANCED_FACE ( 'NONE', ( #2516 ), #3169, .T. ) ;
#5124 = VERTEX_POINT ( 'NONE', #4888 ) ;
#5125 = EDGE_CURVE ( 'NONE', #760, #6296, #3982, .T. ) ;
#5126 = VECTOR ( 'NONE', #5170, 1000.000000000000000 ) ;
#5127 = VECTOR ( 'NONE', #5850, 1000.000000000000000 ) ;
#5128 = ORIENTED_EDGE ( 'NONE', *, *, #4624, .F. ) ;
#5129 = AXIS2_PLACEMENT_3D ( 'NONE', #2284, #4576, #6814 ) ;
#5130 = ORIENTED_EDGE ( 'NONE', *, *, #924, .T. ) ;
#5131 = COLOUR_RGB ( '',1.000000000000000000, 1.000000000000000000, 1.000000000000000000 ) ;
#5132 = DIRECTION ( 'NONE',  ( -1.000000000000000000, 0.000000000000000000, 1.445602896647339163E-16 ) ) ;
#5133 = AXIS2_PLACEMENT_3D ( 'NONE', #5410, #3475, #4171 ) ;
#5134 = TOROIDAL_SURFACE ( 'NONE', #6271, 0.3771428571428571130, 0.09428571428571427826 ) ;
#5135 = CARTESIAN_POINT ( 'NONE',  ( -0.3113406322684354466, 2.949999999999999734, -0.1906918335153006128 ) ) ;
#5136 = EDGE_CURVE ( 'NONE', #5956, #876, #88, .T. ) ;
#5137 = CARTESIAN_POINT ( 'NONE',  ( -0.3113406322684380556, 2.950000000000000178, -1.100845407848078716 ) ) ;
#5138 = ORIENTED_EDGE ( 'NONE', *, *, #3280, .T. ) ;
#5139 = ORIENTED_EDGE ( 'NONE', *, *, #686, .F. ) ;
#5140 = ADVANCED_FACE ( 'NONE', ( #2477 ), #2786, .F. ) ;
#5141 = STYLED_ITEM ( 'NONE', ( #2400 ), #1164 ) ;
#5142 = DIRECTION ( 'NONE',  ( -0.000000000000000000, 1.000000000000000000, -0.000000000000000000 ) ) ;
#5143 = ORIENTED_EDGE ( 'NONE', *, *, #2868, .T. ) ;
#5144 = FACE_OUTER_BOUND ( 'NONE', #6326, .T. ) ;
#5145 = VECTOR ( 'NONE', #6869, 1000.000000000000000 ) ;
#5146 = LINE ( 'NONE', #6724, #321 ) ;
#5147 =( NAMED_UNIT ( * ) SI_UNIT ( $, .STERADIAN. ) SOLID_ANGLE_UNIT ( ) );
#5148 = LINE ( 'NONE', #5341, #337 ) ;
#5149 = LINE ( 'NONE', #4645, #95 ) ;
#5150 = FILL_AREA_STYLE ('',( #114 ) ) ;
#5151 = EDGE_LOOP ( 'NONE', ( #6197, #6789, #2913, #2255 ) ) ;
#5152 = FILL_AREA_STYLE_COLOUR ( '', #979 ) ;
#5153 = VERTEX_POINT ( 'NONE', #4018 ) ;
#5154 = EDGE_CURVE ( 'NONE', #472, #2727, #718, .T. ) ;
#5155 = CYLINDRICAL_SURFACE ( 'NONE', #657, 0.09428571428571427826 ) ;
#5156 = CARTESIAN_POINT ( 'NONE',  ( 3.389285714285714679, 0.2357142857142857095, -1.499999999999999778 ) ) ;
#5157 = PRESENTATION_STYLE_ASSIGNMENT (( #5101 ) ) ;
#5158 = EDGE_CURVE ( 'NONE', #2586, #2087, #2684, .T. ) ;
#5159 = DIRECTION ( 'NONE',  ( 0.9012599435649613078, -0.000000000000000000, 0.4332787949176405418 ) ) ;
#5160 = DIRECTION ( 'NONE',  ( -0.000000000000000000, -1.000000000000000000, -0.000000000000000000 ) ) ;
#5161 = CARTESIAN_POINT ( 'NONE',  ( -0.3113406322684358352, 2.950000000000000178, -0.3018418195157239192 ) ) ;
#5162 = VERTEX_POINT ( 'NONE', #5175 ) ;
#5163 = DIRECTION ( 'NONE',  ( 0.000000000000000000, -0.000000000000000000, -1.000000000000000000 ) ) ;
#5164 = SURFACE_STYLE_FILL_AREA ( #1042 ) ;
#5165 =( NAMED_UNIT ( * ) PLANE_ANGLE_UNIT ( ) SI_UNIT ( $, .RADIAN. ) );
#5166 = SURFACE_STYLE_FILL_AREA ( #567 ) ;
#5167 = DIRECTION ( 'NONE',  ( 0.000000000000000000, 1.000000000000000000, 0.000000000000000000 ) ) ;
#5168 = ORIENTED_EDGE ( 'NONE', *, *, #1808, .F. ) ;
#5169 = EDGE_CURVE ( 'NONE', #2840, #2475, #373, .T. ) ;
#5170 = DIRECTION ( 'NONE',  ( -0.000000000000000000, -0.000000000000000000, 1.000000000000000000 ) ) ;
#5171 = LINE ( 'NONE', #4086, #2634 ) ;
#5172 = DIRECTION ( 'NONE',  ( 0.000000000000000000, 0.000000000000000000, 1.000000000000000000 ) ) ;
#5173 = VECTOR ( 'NONE', #2657, 1000.000000000000000 ) ;
#5174 = LINE ( 'NONE', #1590, #2767 ) ;
#5175 = CARTESIAN_POINT ( 'NONE',  ( 3.205714285714285516, 3.000000000000000000, -2.828571428571428736 ) ) ;
#5176 = FACE_OUTER_BOUND ( 'NONE', #1596, .T. ) ;
#5177 = DIRECTION ( 'NONE',  ( 0.000000000000000000, 0.000000000000000000, 1.000000000000000000 ) ) ;
#5178 = ORIENTED_EDGE ( 'NONE', *, *, #2782, .T. ) ;
#5179 = CARTESIAN_POINT ( 'NONE',  ( -1.299999999999999600, 0.2500000000000000000, -1.800000000000000488 ) ) ;
#5180 = EDGE_LOOP ( 'NONE', ( #6447, #3720, #6063, #7069, #4657, #463, #6361 ) ) ;
#5181 =( GEOMETRIC_REPRESENTATION_CONTEXT ( 3 ) GLOBAL_UNCERTAINTY_ASSIGNED_CONTEXT ( ( #5196 ) ) GLOBAL_UNIT_ASSIGNED_CONTEXT ( ( #131, #7040, #942 ) ) REPRESENTATION_CONTEXT ( 'NONE', 'WORKASPACE' ) );
#5182 = FACE_OUTER_BOUND ( 'NONE', #2606, .T. ) ;
#5183 = COLOUR_RGB ( '',1.000000000000000000, 1.000000000000000000, 1.000000000000000000 ) ;
#5184 = PLANE ( 'NONE',  #3917 ) ;
#5185 = LINE ( 'NONE', #3393, #5321 ) ;
#5186 = EDGE_LOOP ( 'NONE', ( #3904, #305, #2643, #6935 ) ) ;
#5187 = CARTESIAN_POINT ( 'NONE',  ( -0.9960914994576036685, 2.950000000000000178, -2.161492111931144322 ) ) ;
#5188 =( LENGTH_UNIT ( ) NAMED_UNIT ( * ) SI_UNIT ( .MILLI., .METRE. ) );
#5189 = DIRECTION ( 'NONE',  ( 1.000000000000000000, 0.000000000000000000, 1.445602896647339163E-16 ) ) ;
#5190 = CARTESIAN_POINT ( 'NONE',  ( -0.4034324706246969483, 3.000000000000000444, 0.7593695934950106530 ) ) ;
#5191 = ADVANCED_FACE ( 'NONE', ( #5144 ), #3857, .F. ) ;
#5192 =( GEOMETRIC_REPRESENTATION_CONTEXT ( 3 ) GLOBAL_UNCERTAINTY_ASSIGNED_CONTEXT ( ( #4178 ) ) GLOBAL_UNIT_ASSIGNED_CONTEXT ( ( #1354, #1388, #6342 ) ) REPRESENTATION_CONTEXT ( 'NONE', 'WORKASPACE' ) );
#5193 = MECHANICAL_DESIGN_GEOMETRIC_PRESENTATION_REPRESENTATION (  '', ( #1214 ), #1853 ) ;
#5194 = PRESENTATION_LAYER_ASSIGNMENT (  '', '', ( #3825 ) ) ;
#5195 = VECTOR ( 'NONE', #4240, 1000.000000000000000 ) ;
#5196 = UNCERTAINTY_MEASURE_WITH_UNIT (LENGTH_MEASURE( 1.000000000000000082E-05 ), #131, 'distance_accuracy_value', 'NONE');
#5197 = PRESENTATION_LAYER_ASSIGNMENT (  '', '', ( #5752 ) ) ;
#5198 = LINE ( 'NONE', #152, #2928 ) ;
#5199 =( NAMED_UNIT ( * ) PLANE_ANGLE_UNIT ( ) SI_UNIT ( $, .RADIAN. ) );
#5200 = VERTEX_POINT ( 'NONE', #6664 ) ;
#5201 =( NAMED_UNIT ( * ) SI_UNIT ( $, .STERADIAN. ) SOLID_ANGLE_UNIT ( ) );
#5202 = SURFACE_SIDE_STYLE ('',( #5602 ) ) ;
#5203 = PLANE ( 'NONE',  #643 ) ;
#5204 = EDGE_CURVE ( 'NONE', #6615, #3566, #332, .T. ) ;
#5205 = FILL_AREA_STYLE_COLOUR ( '', #6902 ) ;
#5206 = ORIENTED_EDGE ( 'NONE', *, *, #6315, .F. ) ;
#5207 = CARTESIAN_POINT ( 'NONE',  ( -0.3113406322684411087, 1.610876343277178879, -1.909735474986742787 ) ) ;
#5208 = COLOUR_RGB ( '',1.000000000000000000, 1.000000000000000000, 1.000000000000000000 ) ;
#5209 = CARTESIAN_POINT ( 'NONE',  ( 2.025000000000000355, 0.5999999999999999778, 1.499999999999999334 ) ) ;
#5210 = PRESENTATION_STYLE_ASSIGNMENT (( #1068 ) ) ;
#5211 = TOROIDAL_SURFACE ( 'NONE', #7176, 0.3771428571428573351, 0.09428571428571427826 ) ;
#5212 = VECTOR ( 'NONE', #4791, 1000.000000000000000 ) ;
#5213 = ORIENTED_EDGE ( 'NONE', *, *, #6718, .T. ) ;
#5214 = ORIENTED_EDGE ( 'NONE', *, *, #3789, .T. ) ;
#5215 = AXIS2_PLACEMENT_3D ( 'NONE', #1474, #3154, #6369 ) ;
#5216 = CARTESIAN_POINT ( 'NONE',  ( -1.132140295698490950, 1.610876343277178879, 0.1266649546707405427 ) ) ;
#5217 = SURFACE_STYLE_USAGE ( .BOTH. , #3463 ) ;
#5218 = EDGE_CURVE ( 'NONE', #311, #2617, #74, .T. ) ;
#5219 = ORIENTED_EDGE ( 'NONE', *, *, #619, .T. ) ;
#5220 = LINE ( 'NONE', #2427, #5061 ) ;
#5221 = CARTESIAN_POINT ( 'NONE',  ( -0.3113406322684408312, 2.949999999999999734, -1.798585488986319758 ) ) ;
#5222 = CARTESIAN_POINT ( 'NONE',  ( -1.000067001066248240, 1.610876343277178879, -2.191616090121250249 ) ) ;
#5223 = CARTESIAN_POINT ( 'NONE',  ( -3.300000000000000266, 1.574999999999999734, 0.3300000000000004596 ) ) ;
#5224 = PLANE ( 'NONE',  #4878 ) ;
#5225 = AXIS2_PLACEMENT_3D ( 'NONE', #4646, #3944, #4546 ) ;
#5226 = CARTESIAN_POINT ( 'NONE',  ( -2.828571428571428736, 15.33380951166242845, 3.300000000000000266 ) ) ;
#5227 = LINE ( 'NONE', #6834, #5246 ) ;
#5228 = EDGE_CURVE ( 'NONE', #2645, #1078, #4905, .T. ) ;
#5229 = CARTESIAN_POINT ( 'NONE',  ( -1.132140295698490950, 2.999999999999999556, 0.1266649546707405427 ) ) ;
#5230 = DIRECTION ( 'NONE',  ( 1.000000000000000000, 0.000000000000000000, -3.848944471891893324E-15 ) ) ;
#5231 = ORIENTED_EDGE ( 'NONE', *, *, #6955, .F. ) ;
#5232 = EDGE_CURVE ( 'NONE', #4025, #649, #436, .T. ) ;
#5233 = CARTESIAN_POINT ( 'NONE',  ( -1.132140295698483845, 2.949999999999999734, 2.097613617064586045 ) ) ;
#5234 = CARTESIAN_POINT ( 'NONE',  ( -2.592857142857142971, 3.000000000000000000, 2.592857142857143415 ) ) ;
#5235 = VECTOR ( 'NONE', #5520, 1000.000000000000000 ) ;
#5236 = FACE_OUTER_BOUND ( 'NONE', #687, .T. ) ;
#5237 = SURFACE_STYLE_USAGE ( .BOTH. , #4083 ) ;
#5238 =( NAMED_UNIT ( * ) PLANE_ANGLE_UNIT ( ) SI_UNIT ( $, .RADIAN. ) );
#5239 = FILL_AREA_STYLE_COLOUR ( '', #4897 ) ;
#5240 = DIRECTION ( 'NONE',  ( 0.000000000000000000, 0.000000000000000000, 1.000000000000000000 ) ) ;
#5241 = EDGE_CURVE ( 'NONE', #6300, #708, #1066, .T. ) ;
#5242 = B_SPLINE_CURVE_WITH_KNOTS ( 'NONE', 3,
 ( #3943, #2676, #5591, #5017, #3197 ),
 .UNSPECIFIED., .F., .F.,
 ( 4, 1, 4 ),
 ( 0.000000000000000000, 0.5079839729424890926, 1.000000000000000000 ),
 .UNSPECIFIED. ) ;
#5243 = CARTESIAN_POINT ( 'NONE',  ( -1.357751691251421811, 2.950000000000000178, -1.207104699462107300 ) ) ;
#5244 = PLANE ( 'NONE',  #4749 ) ;
#5245 = EDGE_CURVE ( 'NONE', #5248, #164, #5847, .T. ) ;
#5246 = VECTOR ( 'NONE', #220, 1000.000000000000000 ) ;
#5247 = CARTESIAN_POINT ( 'NONE',  ( 3.389285714285714679, 0.2357142857142857095, 4.899561246136875034E-16 ) ) ;
#5248 = VERTEX_POINT ( 'NONE', #6577 ) ;
#5249 = ADVANCED_FACE ( 'NONE', ( #949 ), #5328, .F. ) ;
#5250 = CARTESIAN_POINT ( 'NONE',  ( -0.3113406322684432181, 2.949999999999999734, -2.468778337735649142 ) ) ;
#5251 = SURFACE_STYLE_USAGE ( .BOTH. , #5202 ) ;
#5252 = VECTOR ( 'NONE', #6795, 1000.000000000000000 ) ;
#5253 = SURFACE_STYLE_USAGE ( .BOTH. , #4699 ) ;
#5254 = DIRECTION ( 'NONE',  ( 0.1045284632676440756, 0.000000000000000000, -0.9945218953682742891 ) ) ;
#5255 = VECTOR ( 'NONE', #923, 1000.000000000000114 ) ;
#5256 = VERTEX_POINT ( 'NONE', #3794 ) ;
#5257 = PLANE ( 'NONE',  #2765 ) ;
#5258 = EDGE_CURVE ( 'NONE', #5969, #760, #5915, .T. ) ;
#5259 = LINE ( 'NONE', #1752, #5267 ) ;
#5260 = VECTOR ( 'NONE', #1424, 1000.000000000000000 ) ;
#5261 = VERTEX_POINT ( 'NONE', #48 ) ;
#5262 = SURFACE_SIDE_STYLE ('',( #5897 ) ) ;
#5263 = FACE_OUTER_BOUND ( 'NONE', #4900, .T. ) ;
#5264 = FACE_OUTER_BOUND ( 'NONE', #6086, .T. ) ;
#5265 = CARTESIAN_POINT ( 'NONE',  ( 0.000000000000000000, 0.5999999999999999778, 0.000000000000000000 ) ) ;
#5266 = DIRECTION ( 'NONE',  ( 1.000000000000000000, 0.000000000000000000, -1.445602896647338177E-16 ) ) ;
#5267 = VECTOR ( 'NONE', #6259, 1000.000000000000000 ) ;
#5268 = DIRECTION ( 'NONE',  ( 0.000000000000000000, -0.000000000000000000, 1.000000000000000000 ) ) ;
#5269 = B_SPLINE_CURVE_WITH_KNOTS ( 'NONE', 3,
 ( #3656, #807, #4753, #6546 ),
 .UNSPECIFIED., .F., .F.,
 ( 4, 4 ),
 ( 0.000000000000000000, 1.000000000000000000 ),
 .UNSPECIFIED. ) ;
#5270 = CARTESIAN_POINT ( 'NONE',  ( -1.132140295698490950, 2.949999999999999734, 0.1266649546707405427 ) ) ;
#5271 = VECTOR ( 'NONE', #3712, 1000.000000000000000 ) ;
#5272 = PRODUCT_RELATED_PRODUCT_CATEGORY ( 'part', '', ( #1450 ) ) ;
#5273 = ORIENTED_EDGE ( 'NONE', *, *, #2451, .T. ) ;
#5274 = MECHANICAL_DESIGN_GEOMETRIC_PRESENTATION_REPRESENTATION (  '', ( #54 ), #1934 ) ;
#5275 = AXIS2_PLACEMENT_3D ( 'NONE', #4632, #3314, #3877 ) ;
#5276 = CARTESIAN_POINT ( 'NONE',  ( -1.009256750147804249, 2.950000000000000178, -0.5262135180941681645 ) ) ;
#5277 = ORIENTED_EDGE ( 'NONE', *, *, #4540, .F. ) ;
#5278 = DIRECTION ( 'NONE',  ( -3.937577556446986284E-15, 0.000000000000000000, -1.000000000000000000 ) ) ;
#5279 = EDGE_CURVE ( 'NONE', #3158, #4674, #5837, .T. ) ;
#5280 = CARTESIAN_POINT ( 'NONE',  ( -1.310836623396747891, 2.949999999999999734, -2.113882548645744208 ) ) ;
#5281 = FACE_OUTER_BOUND ( 'NONE', #674, .T. ) ;
#5282 = DIRECTION ( 'NONE',  ( 3.590423107612694605E-15, -0.000000000000000000, 1.000000000000000000 ) ) ;
#5283 = DIRECTION ( 'NONE',  ( 0.000000000000000000, 1.000000000000000000, 0.000000000000000000 ) ) ;
#5284 = DIRECTION ( 'NONE',  ( -0.4332787949177355213, 0.000000000000000000, 0.9012599435649156776 ) ) ;
#5285 = AXIS2_PLACEMENT_3D ( 'NONE', #4381, #7117, #3291 ) ;
#5286 = MECHANICAL_DESIGN_GEOMETRIC_PRESENTATION_REPRESENTATION (  '', ( #3320 ), #4307 ) ;
#5287 = UNCERTAINTY_MEASURE_WITH_UNIT (LENGTH_MEASURE( 1.000000000000000082E-05 ), #1261, 'distance_accuracy_value', 'NONE');
#5288 = PRESENTATION_STYLE_ASSIGNMENT (( #2272 ) ) ;
#5289 = DIRECTION ( 'NONE',  ( -1.000000000000000000, 0.000000000000000000, -1.445602896647339163E-16 ) ) ;
#5290 = ORIENTED_EDGE ( 'NONE', *, *, #2528, .F. ) ;
#5291 = ORIENTED_EDGE ( 'NONE', *, *, #2524, .T. ) ;
#5292 = DIRECTION ( 'NONE',  ( 1.000000000000000000, 0.000000000000000000, 0.000000000000000000 ) ) ;
#5293 = FACE_OUTER_BOUND ( 'NONE', #5567, .T. ) ;
#5294 = EDGE_CURVE ( 'NONE', #5564, #4064, #3464, .T. ) ;
#5295 = CARTESIAN_POINT ( 'NONE',  ( -1.357751691251411597, 3.000000000000000000, 0.06376282006731877339 ) ) ;
#5296 = CARTESIAN_POINT ( 'NONE',  ( -1.044367525175621259, 3.000000000000000444, 0.6220847029044118681 ) ) ;
#5297 = DIRECTION ( 'NONE',  ( -1.000000000000000000, 0.000000000000000000, 0.000000000000000000 ) ) ;
#5298 = SURFACE_STYLE_FILL_AREA ( #856 ) ;
#5299 = STYLED_ITEM ( 'NONE', ( #2553 ), #894 ) ;
#5300 = CARTESIAN_POINT ( 'NONE',  ( -2.828571428571428736, 0.2442857142857142450, 3.205714285714285960 ) ) ;
#5301 = ORIENTED_EDGE ( 'NONE', *, *, #1227, .T. ) ;
#5302 = VECTOR ( 'NONE', #5054, 1000.000000000000000 ) ;
#5303 = EDGE_LOOP ( 'NONE', ( #6199, #6213, #6268, #4054 ) ) ;
#5304 = CARTESIAN_POINT ( 'NONE',  ( -1.357751691251411597, 2.949999999999999734, 0.06376282006731877339 ) ) ;
#5305 = EDGE_CURVE ( 'NONE', #2521, #235, #1108, .T. ) ;
#5306 = ADVANCED_FACE ( 'NONE', ( #1026 ), #4072, .F. ) ;
#5307 = CARTESIAN_POINT ( 'NONE',  ( -0.5369520278213593123, 2.949999999999999734, 0.1894440865371726790 ) ) ;
#5308 = LINE ( 'NONE', #5309, #5252 ) ;
#5309 = CARTESIAN_POINT ( 'NONE',  ( 2.828571428571428736, 0.1499999999999999944, -3.205714285714285516 ) ) ;
#5310 = AXIS2_PLACEMENT_3D ( 'NONE', #4017, #6801, #3787 ) ;
#5311 = CARTESIAN_POINT ( 'NONE',  ( -1.357751691251414483, 1.610876343277178879, 0.6007890726471740717 ) ) ;
#5312 = EDGE_CURVE ( 'NONE', #6362, #743, #5889, .T. ) ;
#5313 = VECTOR ( 'NONE', #1178, 1000.000000000000000 ) ;
#5314 = ORIENTED_EDGE ( 'NONE', *, *, #3585, .T. ) ;
#5315 = SURFACE_SIDE_STYLE ('',( #2874 ) ) ;
#5316 = DIRECTION ( 'NONE',  ( -1.924472235945947451E-15, -0.000000000000000000, -1.000000000000000000 ) ) ;
#5317 = CARTESIAN_POINT ( 'NONE',  ( -3.389285714285714679, 0.2357142857142857095, 4.899561246136875034E-16 ) ) ;
#5318 = LINE ( 'NONE', #4034, #2837 ) ;
#5319 =( NAMED_UNIT ( * ) PLANE_ANGLE_UNIT ( ) SI_UNIT ( $, .RADIAN. ) );
#5320 = DIRECTION ( 'NONE',  ( -4.606854556878935206E-15, 0.000000000000000000, -1.000000000000000000 ) ) ;
#5321 = VECTOR ( 'NONE', #6633, 1000.000000000000000 ) ;
#5322 = EDGE_CURVE ( 'NONE', #963, #4844, #3435, .T. ) ;
#5323 = VECTOR ( 'NONE', #9, 1000.000000000000000 ) ;
#5324 = LINE ( 'NONE', #320, #534 ) ;
#5325 = CARTESIAN_POINT ( 'NONE',  ( -0.5191275572975084796, 1.610876343277178879, -0.6471926549609913204 ) ) ;
#5326 = EDGE_CURVE ( 'NONE', #4077, #2778, #1147, .T. ) ;
#5327 = LINE ( 'NONE', #3198, #3025 ) ;
#5328 = B_SPLINE_SURFACE_WITH_KNOTS ( 'NONE', 3, 1, ( 
 ( #2922, #7132 ),
 ( #4454, #518 ),
 ( #5039, #1191 ),
 ( #2739, #5570 ) ),
 .UNSPECIFIED., .F., .F., .F.,
 ( 4, 4 ),
 ( 2, 2 ),
 ( 0.000000000000000000, 1.000000000000000000 ),
 ( 0.000000000000000000, 1.000000000000000000 ),
 .UNSPECIFIED. ) ;
#5329 = LINE ( 'NONE', #4167, #381 ) ;
#5330 = DIRECTION ( 'NONE',  ( 0.9012599435649164548, -0.000000000000000000, 0.4332787949177337450 ) ) ;
#5331 = CARTESIAN_POINT ( 'NONE',  ( -1.132310254562977070, 2.950000000000000178, 0.07031103226462280531 ) ) ;
#5332 = DIRECTION ( 'NONE',  ( -1.000000000000000000, 0.000000000000000000, 0.000000000000000000 ) ) ;
#5333 = FILL_AREA_STYLE_COLOUR ( '', #3900 ) ;
#5334 = EDGE_CURVE ( 'NONE', #5895, #4040, #1100, .T. ) ;
#5335 = PLANE ( 'NONE',  #3455 ) ;
#5336 = SURFACE_SIDE_STYLE ('',( #1206 ) ) ;
#5337 = CARTESIAN_POINT ( 'NONE',  ( -0.3113406322684354466, 3.000000000000000000, -0.1906918335153006128 ) ) ;
#5338 = LINE ( 'NONE', #4334, #535 ) ;
#5339 = LINE ( 'NONE', #5893, #673 ) ;
#5340 = VERTEX_POINT ( 'NONE', #2039 ) ;
#5341 = CARTESIAN_POINT ( 'NONE',  ( -0.3113406322684310057, 2.949999999999999734, 1.017803178849526313 ) ) ;
#5342 = DIRECTION ( 'NONE',  ( -3.910734236825684826E-15, 0.000000000000000000, -1.000000000000000000 ) ) ;
#5343 = CARTESIAN_POINT ( 'NONE',  ( -3.300000000000000711, 1.574999999999999734, -1.499999999999999778 ) ) ;
#5344 = CARTESIAN_POINT ( 'NONE',  ( -0.3113406322684401095, 1.610876343277178879, -1.571536270387498879 ) ) ;
#5345 = CARTESIAN_POINT ( 'NONE',  ( -1.291453225550519335, 1.610876343277178879, -2.269617236342074129 ) ) ;
#5346 = CARTESIAN_POINT ( 'NONE',  ( -0.5369520278213630871, 2.950000000000000178, -1.107047874202976789 ) ) ;
#5347 = PRESENTATION_STYLE_ASSIGNMENT (( #4916 ) ) ;
#5348 = ORIENTED_EDGE ( 'NONE', *, *, #5617, .F. ) ;
#5349 = CARTESIAN_POINT ( 'NONE',  ( -3.299999999999999378, 0.2500000000000000000, -1.800000000000000488 ) ) ;
#5350 = LINE ( 'NONE', #694, #597 ) ;
#5351 = CARTESIAN_POINT ( 'NONE',  ( -3.205714285714285516, 2.905714285714285694, 0.000000000000000000 ) ) ;
#5352 = PRESENTATION_STYLE_ASSIGNMENT (( #2602 ) ) ;
#5353 = SURFACE_STYLE_USAGE ( .BOTH. , #334 ) ;
#5354 = AXIS2_PLACEMENT_3D ( 'NONE', #2443, #5638, #3548 ) ;
#5355 = AXIS2_PLACEMENT_3D ( 'NONE', #5045, #3350, #525 ) ;
#5356 = COLOUR_RGB ( '',1.000000000000000000, 1.000000000000000000, 1.000000000000000000 ) ;
#5357 = VERTEX_POINT ( 'NONE', #194 ) ;
#5359 = CARTESIAN_POINT ( 'NONE',  ( -2.828571428571428736, 15.33380951166242845, -3.299999999999999822 ) ) ;
#5358 = MECHANICAL_DESIGN_GEOMETRIC_PRESENTATION_REPRESENTATION (  '', ( #6882 ), #1500 ) ;
#5360 = CARTESIAN_POINT ( 'NONE',  ( -1.009256750147797144, 2.949999999999999734, -2.134107173565272131 ) ) ;
#5361 = LINE ( 'NONE', #960, #5382 ) ;
#5362 = DIRECTION ( 'NONE',  ( -0.000000000000000000, -1.000000000000000000, -0.000000000000000000 ) ) ;
#5363 = CARTESIAN_POINT ( 'NONE',  ( -0.3113406322684285077, 3.000000000000000000, 1.733182046139194687 ) ) ;
#5364 = FACE_OUTER_BOUND ( 'NONE', #663, .T. ) ;
#5365 = FACE_OUTER_BOUND ( 'NONE', #1984, .T. ) ;
#5366 = CARTESIAN_POINT ( 'NONE',  ( -0.3113406322684411087, 2.950000000000000178, -1.909735474986742787 ) ) ;
#5367 = AXIS2_PLACEMENT_3D ( 'NONE', #3052, #1884, #6969 ) ;
#5368 = LINE ( 'NONE', #6162, #551 ) ;
#5369 = ORIENTED_EDGE ( 'NONE', *, *, #7042, .T. ) ;
#5370 = DIRECTION ( 'NONE',  ( -0.9945218953682714025, 0.000000000000000000, -0.1045284632676718450 ) ) ;
#5371 = MECHANICAL_DESIGN_GEOMETRIC_PRESENTATION_REPRESENTATION (  '', ( #1314 ), #6639 ) ;
#5372 = VECTOR ( 'NONE', #498, 1000.000000000000000 ) ;
#5373 = ORIENTED_EDGE ( 'NONE', *, *, #2930, .T. ) ;
#5374 = CARTESIAN_POINT ( 'NONE',  ( -0.3113406322684401095, 3.000000000000000000, -1.571536270387498879 ) ) ;
#5375 = DIRECTION ( 'NONE',  ( 0.000000000000000000, 1.000000000000000000, 0.000000000000000000 ) ) ;
#5376 = FACE_OUTER_BOUND ( 'NONE', #6401, .T. ) ;
#5377 = DIRECTION ( 'NONE',  ( 1.000000000000000000, 0.000000000000000000, 0.000000000000000000 ) ) ;
#5378 = AXIS2_PLACEMENT_3D ( 'NONE', #6964, #1834, #345 ) ;
#5379 = CARTESIAN_POINT ( 'NONE',  ( -1.357751691251421589, 2.950000000000000178, -1.107666862175472389 ) ) ;
#5380 = EDGE_CURVE ( 'NONE', #3833, #1637, #3481, .T. ) ;
#5381 = LINE ( 'NONE', #1278, #5313 ) ;
#5382 = VECTOR ( 'NONE', #3774, 1000.000000000000000 ) ;
#5383 =( GEOMETRIC_REPRESENTATION_CONTEXT ( 3 ) GLOBAL_UNCERTAINTY_ASSIGNED_CONTEXT ( ( #1766 ) ) GLOBAL_UNIT_ASSIGNED_CONTEXT ( ( #6290, #4013, #4217 ) ) REPRESENTATION_CONTEXT ( 'NONE', 'WORKASPACE' ) );
#5384 = ORIENTED_EDGE ( 'NONE', *, *, #5279, .F. ) ;
#5385 = LINE ( 'NONE', #1323, #395 ) ;
#5386 = DIRECTION ( 'NONE',  ( -1.000000000000000000, 0.000000000000000000, 0.000000000000000000 ) ) ;
#5387 = SURFACE_SIDE_STYLE ('',( #5696 ) ) ;
#5388 = FACE_OUTER_BOUND ( 'NONE', #1032, .T. ) ;
#5389 = PLANE ( 'NONE',  #417 ) ;
#5390 = ADVANCED_FACE ( 'NONE', ( #1077 ), #1249, .F. ) ;
#5391 = CARTESIAN_POINT ( 'NONE',  ( -1.291453225550519335, 2.950000000000000178, -2.269617236342074129 ) ) ;
#5392 = CARTESIAN_POINT ( 'NONE',  ( -2.592857142857142971, 2.900000000000000355, 2.828571428571429180 ) ) ;
#5393 = CARTESIAN_POINT ( 'NONE',  ( 3.625000000000000000, 0.5999999999999999778, -1.499999999999999778 ) ) ;
#5394 = LINE ( 'NONE', #3329, #623 ) ;
#5395 = EDGE_CURVE ( 'NONE', #3945, #2096, #3378, .T. ) ;
#5396 =( NAMED_UNIT ( * ) PLANE_ANGLE_UNIT ( ) SI_UNIT ( $, .RADIAN. ) );
#5397 = CIRCLE ( 'NONE', #6824, 0.3771428571428571130 ) ;
#5398 = MECHANICAL_DESIGN_GEOMETRIC_PRESENTATION_REPRESENTATION (  '', ( #4710 ), #3265 ) ;
#5399 = SURFACE_STYLE_USAGE ( .BOTH. , #4211 ) ;
#5400 = VECTOR ( 'NONE', #4097, 1000.000000000000000 ) ;
#5401 = EDGE_CURVE ( 'NONE', #3131, #240, #1090, .T. ) ;
#5402 = CARTESIAN_POINT ( 'NONE',  ( -0.3113406322684411087, 2.950000000000000178, -1.909735474986742787 ) ) ;
#5403 = VERTEX_POINT ( 'NONE', #864 ) ;
#5404 = EDGE_CURVE ( 'NONE', #3178, #4728, #959, .T. ) ;
#5405 = CARTESIAN_POINT ( 'NONE',  ( -0.5104047370281182827, 2.949999999999999734, 1.258785626153509529 ) ) ;
#5406 = DIRECTION ( 'NONE',  ( 1.000000000000000000, 0.000000000000000000, 0.000000000000000000 ) ) ;
#5407 = PLANE ( 'NONE',  #2237 ) ;
#5408 = FACE_OUTER_BOUND ( 'NONE', #2939, .T. ) ;
#5409 = DIRECTION ( 'NONE',  ( 0.000000000000000000, 1.000000000000000000, 0.000000000000000000 ) ) ;
#5410 = CARTESIAN_POINT ( 'NONE',  ( -2.592857142857142971, 2.900000000000000355, 2.592857142857143415 ) ) ;
#5411 = ORIENTED_EDGE ( 'NONE', *, *, #4247, .F. ) ;
#5412 = CARTESIAN_POINT ( 'NONE',  ( -1.274968362457743476, 3.000000000000000000, -2.188491846882453906 ) ) ;
#5413 = EDGE_CURVE ( 'NONE', #6232, #4025, #3515, .T. ) ;
#5414 = LINE ( 'NONE', #302, #459 ) ;
#5415 = ORIENTED_EDGE ( 'NONE', *, *, #2261, .F. ) ;
#5416 = DIRECTION ( 'NONE',  ( 0.000000000000000000, 0.000000000000000000, 1.000000000000000000 ) ) ;
#5417 = CARTESIAN_POINT ( 'NONE',  ( -1.009256750147800696, 2.950000000000000178, -0.5262135180941663881 ) ) ;
#5418 = CARTESIAN_POINT ( 'NONE',  ( -1.291453225550519335, 3.000000000000000000, -2.269617236342074129 ) ) ;
#5419 = FACE_OUTER_BOUND ( 'NONE', #4344, .T. ) ;
#5420 = DIRECTION ( 'NONE',  ( 1.000000000000000000, -0.000000000000000000, -4.336808689942019708E-16 ) ) ;
#5421 =( NAMED_UNIT ( * ) PLANE_ANGLE_UNIT ( ) SI_UNIT ( $, .RADIAN. ) );
#5422 = VECTOR ( 'NONE', #6382, 1000.000000000000000 ) ;
#5423 = VECTOR ( 'NONE', #7162, 1000.000000000000000 ) ;
#5424 = CARTESIAN_POINT ( 'NONE',  ( 3.625000000000000000, 1.574999999999999734, 0.3300000000000005151 ) ) ;
#5425 = DIRECTION ( 'NONE',  ( 0.000000000000000000, 0.000000000000000000, -1.000000000000000000 ) ) ;
#5426 = SURFACE_STYLE_USAGE ( .BOTH. , #5387 ) ;
#5427 = VECTOR ( 'NONE', #986, 1000.000000000000000 ) ;
#5428 = SURFACE_STYLE_USAGE ( .BOTH. , #4302 ) ;
#5429 = DIRECTION ( 'NONE',  ( 0.000000000000000000, 1.000000000000000000, 0.000000000000000000 ) ) ;
#5430 =( NAMED_UNIT ( * ) SI_UNIT ( $, .STERADIAN. ) SOLID_ANGLE_UNIT ( ) );
#5431 = CARTESIAN_POINT ( 'NONE',  ( -1.132140295698494725, 2.950000000000000178, -1.161343720975608562 ) ) ;
#5432 = FACE_OUTER_BOUND ( 'NONE', #5559, .T. ) ;
#5433 = SURFACE_SIDE_STYLE ('',( #1970 ) ) ;
#5434 = AXIS2_PLACEMENT_3D ( 'NONE', #6098, #355, #4235 ) ;
#5435 = EDGE_LOOP ( 'NONE', ( #4309, #4230, #2450, #2223 ) ) ;
#5436 = AXIS2_PLACEMENT_3D ( 'NONE', #2880, #2278, #1783 ) ;
#5437 = TOROIDAL_SURFACE ( 'NONE', #255, 0.3771428571428573351, 0.09428571428571427826 ) ;
#5438 = AXIS2_PLACEMENT_3D ( 'NONE', #2351, #2488, #5597 ) ;
#5439 = AXIS2_PLACEMENT_3D ( 'NONE', #2612, #6449, #1991 ) ;
#5440 = FACE_OUTER_BOUND ( 'NONE', #6933, .T. ) ;
#5441 = CARTESIAN_POINT ( 'NONE',  ( -1.357751691251411374, 2.950000000000000178, 2.197051454351221622 ) ) ;
#5442 = ADVANCED_FACE ( 'NONE', ( #1021 ), #5768, .T. ) ;
#5443 = CARTESIAN_POINT ( 'NONE',  ( -3.300000000000000266, 1.574999999999999734, 0.3300000000000004596 ) ) ;
#5444 = SURFACE_SIDE_STYLE ('',( #2387 ) ) ;
#5445 = LINE ( 'NONE', #4744, #5422 ) ;
#5446 = ORIENTED_EDGE ( 'NONE', *, *, #3589, .T. ) ;
#5447 = CARTESIAN_POINT ( 'NONE',  ( -2.828571428571428736, 0.2442857142857142450, 2.828571428571428736 ) ) ;
#5448 = FILL_AREA_STYLE_COLOUR ( '', #297 ) ;
#5449 = DIRECTION ( 'NONE',  ( -3.937577556446986284E-15, 0.000000000000000000, -1.000000000000000000 ) ) ;
#5450 = LINE ( 'NONE', #921, #5372 ) ;
#5451 = CARTESIAN_POINT ( 'NONE',  ( 0.000000000000000000, 0.000000000000000000, 0.000000000000000000 ) ) ;
#5452 = EDGE_CURVE ( 'NONE', #3531, #3439, #5940, .T. ) ;
#5453 = ORIENTED_EDGE ( 'NONE', *, *, #6607, .T. ) ;
#5454 = FACE_OUTER_BOUND ( 'NONE', #6415, .T. ) ;
#5455 = DIRECTION ( 'NONE',  ( 0.000000000000000000, 1.000000000000000000, 0.000000000000000000 ) ) ;
#5456 = B_SPLINE_SURFACE_WITH_KNOTS ( 'NONE', 3, 1, ( 
 ( #2439, #314 ),
 ( #3072, #1370 ),
 ( #1962, #3596 ),
 ( #4929, #594 ) ),
 .UNSPECIFIED., .F., .F., .F.,
 ( 4, 4 ),
 ( 2, 2 ),
 ( 0.000000000000000000, 1.000000000000000000 ),
 ( 0.000000000000000000, 1.000000000000000000 ),
 .UNSPECIFIED. ) ;
#5457 = LINE ( 'NONE', #1865, #645 ) ;
#5458 = ADVANCED_FACE ( 'NONE', ( #3424, #3413 ), #1295, .T. ) ;
#5459 = AXIS2_PLACEMENT_3D ( 'NONE', #2729, #3249, #4973 ) ;
#5460 = ORIENTED_EDGE ( 'NONE', *, *, #6652, .F. ) ;
#5461 = DIRECTION ( 'NONE',  ( 0.000000000000000000, 0.000000000000000000, 1.000000000000000000 ) ) ;
#5462 =( NAMED_UNIT ( * ) PLANE_ANGLE_UNIT ( ) SI_UNIT ( $, .RADIAN. ) );
#5463 = EDGE_CURVE ( 'NONE', #6061, #1461, #1036, .T. ) ;
#5464 = LINE ( 'NONE', #4365, #3046 ) ;
#5465 = PRESENTATION_STYLE_ASSIGNMENT (( #1825 ) ) ;
#5466 = CARTESIAN_POINT ( 'NONE',  ( -0.3113406322684310057, 3.000000000000000000, 1.017803178849526313 ) ) ;
#5467 = AXIS2_PLACEMENT_3D ( 'NONE', #4470, #5494, #7149 ) ;
#5468 = EDGE_CURVE ( 'NONE', #575, #5162, #5974, .T. ) ;
#5469 = FACE_OUTER_BOUND ( 'NONE', #4006, .T. ) ;
#5470 = ORIENTED_EDGE ( 'NONE', *, *, #4253, .T. ) ;
#5471 = LINE ( 'NONE', #2723, #2915 ) ;
#5472 = ORIENTED_EDGE ( 'NONE', *, *, #3839, .F. ) ;
#5473 = CARTESIAN_POINT ( 'NONE',  ( -2.024999999999999911, 0.2500000000000000000, 2.927345865710861479E-16 ) ) ;
#5474 = COLOUR_RGB ( '',1.000000000000000000, 1.000000000000000000, 1.000000000000000000 ) ;
#5475 = ADVANCED_FACE ( 'NONE', ( #1011 ), #2511, .F. ) ;
#5476 = DIRECTION ( 'NONE',  ( 0.000000000000000000, -0.000000000000000000, 1.000000000000000000 ) ) ;
#5477 = VERTEX_POINT ( 'NONE', #5363 ) ;
#5478 = CARTESIAN_POINT ( 'NONE',  ( -1.151339791579042870, 2.949999999999999734, 1.121500735562910744 ) ) ;
#5479 = CARTESIAN_POINT ( 'NONE',  ( -1.357751691251421811, 2.949999999999999734, -1.207104699462107300 ) ) ;
#5480 = CARTESIAN_POINT ( 'NONE',  ( -3.625000000000000000, 1.433571428571428275, 0.3300000000000004596 ) ) ;
#5481 = VECTOR ( 'NONE', #797, 1000.000000000000000 ) ;
#5482 = ORIENTED_EDGE ( 'NONE', *, *, #6536, .F. ) ;
#5483 = CARTESIAN_POINT ( 'NONE',  ( -1.357751691251421811, 2.950000000000000178, -1.207104699462107300 ) ) ;
#5484 = EDGE_CURVE ( 'NONE', #3828, #761, #5744, .T. ) ;
#5485 = PRESENTATION_STYLE_ASSIGNMENT (( #5704 ) ) ;
#5486 = CARTESIAN_POINT ( 'NONE',  ( -0.3113406322684285077, 2.949999999999999734, 1.733182046139194687 ) ) ;
#5487 = VECTOR ( 'NONE', #3642, 1000.000000000000000 ) ;
#5488 = EDGE_CURVE ( 'NONE', #3650, #2521, #3444, .T. ) ;
#5489 = EDGE_LOOP ( 'NONE', ( #3843, #1545, #3141, #156 ) ) ;
#5490 = CARTESIAN_POINT ( 'NONE',  ( -0.8418326795865148648, 3.000000000000000000, -1.146840856863407865 ) ) ;
#5491 = FILL_AREA_STYLE ('',( #7006 ) ) ;
#5492 = ORIENTED_EDGE ( 'NONE', *, *, #450, .T. ) ;
#5493 = CARTESIAN_POINT ( 'NONE',  ( -1.357751691251422699, 3.000000000000000000, -1.681518504515441492 ) ) ;
#5494 = DIRECTION ( 'NONE',  ( -0.4332787949177354658, 0.000000000000000000, 0.9012599435649156776 ) ) ;
#5495 = CARTESIAN_POINT ( 'NONE',  ( -1.357751691251411597, 3.000000000000000000, 0.9404351645289628081 ) ) ;
#5496 = COLOUR_RGB ( '',1.000000000000000000, 1.000000000000000000, 1.000000000000000000 ) ;
#5497 = CARTESIAN_POINT ( 'NONE',  ( -0.5191275572975084796, 2.949999999999999734, -0.6471926549609913204 ) ) ;
#5498 = VECTOR ( 'NONE', #2000, 1000.000000000000000 ) ;
#5499 = ORIENTED_EDGE ( 'NONE', *, *, #5395, .F. ) ;
#5500 = PLANE ( 'NONE',  #3724 ) ;
#5501 = EDGE_CURVE ( 'NONE', #3446, #67, #5804, .T. ) ;
#5502 = ADVANCED_FACE ( 'NONE', ( #5784 ), #3399, .T. ) ;
#5503 = VECTOR ( 'NONE', #4489, 1000.000000000000114 ) ;
#5504 = EDGE_LOOP ( 'NONE', ( #455, #1955, #1399, #4096 ) ) ;
#5505 = CIRCLE ( 'NONE', #2698, 0.4714285714285714191 ) ;
#5506 = SURFACE_SIDE_STYLE ('',( #202 ) ) ;
#5507 = DIRECTION ( 'NONE',  ( 1.000000000000000000, -0.000000000000000000, -1.445602896647339163E-16 ) ) ;
#5508 = FILL_AREA_STYLE_COLOUR ( '', #5208 ) ;
#5509 = ORIENTED_EDGE ( 'NONE', *, *, #6517, .F. ) ;
#5510 = CARTESIAN_POINT ( 'NONE',  ( 3.389285714285714679, 0.000000000000000000, 4.899561246136875034E-16 ) ) ;
#5511 = VERTEX_POINT ( 'NONE', #5007 ) ;
#5512 = DIRECTION ( 'NONE',  ( 0.000000000000000000, -0.000000000000000000, -1.000000000000000000 ) ) ;
#5513 = CARTESIAN_POINT ( 'NONE',  ( -0.3113406322684411087, 2.949999999999999734, -1.909735474986742787 ) ) ;
#5514 = VECTOR ( 'NONE', #1140, 1000.000000000000000 ) ;
#5515 = ORIENTED_EDGE ( 'NONE', *, *, #6206, .F. ) ;
#5516 =( GEOMETRIC_REPRESENTATION_CONTEXT ( 3 ) GLOBAL_UNCERTAINTY_ASSIGNED_CONTEXT ( ( #558 ) ) GLOBAL_UNIT_ASSIGNED_CONTEXT ( ( #4873, #5560, #2111 ) ) REPRESENTATION_CONTEXT ( 'NONE', 'WORKASPACE' ) );
#5517 = FACE_OUTER_BOUND ( 'NONE', #3572, .T. ) ;
#5518 = ADVANCED_FACE ( 'NONE', ( #5870 ), #4154, .T. ) ;
#5519 = SURFACE_STYLE_FILL_AREA ( #3708 ) ;
#5520 = DIRECTION ( 'NONE',  ( 0.000000000000000000, 1.000000000000000000, 0.000000000000000000 ) ) ;
#5521 = FACE_OUTER_BOUND ( 'NONE', #1547, .T. ) ;
#5522 = VERTEX_POINT ( 'NONE', #1212 ) ;
#5523 = AXIS2_PLACEMENT_3D ( 'NONE', #4066, #2455, #6901 ) ;
#5524 = SURFACE_STYLE_USAGE ( .BOTH. , #6574 ) ;
#5525 = DIRECTION ( 'NONE',  ( 5.358378807167122465E-32, 1.000000000000000000, -3.706674093967537656E-16 ) ) ;
#5526 = CARTESIAN_POINT ( 'NONE',  ( -0.8107360310716409391, 3.000000000000000000, -0.1136063532589696723 ) ) ;
#5527 = LINE ( 'NONE', #680, #5714 ) ;
#5528 = AXIS2_PLACEMENT_3D ( 'NONE', #6003, #2377, #1113 ) ;
#5529 = FILL_AREA_STYLE ('',( #4842 ) ) ;
#5530 = PRESENTATION_LAYER_ASSIGNMENT (  '', '', ( #3559 ) ) ;
#5531 = PLANE ( 'NONE',  #2844 ) ;
#5532 = PRESENTATION_STYLE_ASSIGNMENT (( #739 ) ) ;
#5533 = ORIENTED_EDGE ( 'NONE', *, *, #3404, .F. ) ;
#5534 = DIRECTION ( 'NONE',  ( 1.000000000000000000, -0.000000000000000000, -1.445602896647339163E-16 ) ) ;
#5535 = EDGE_CURVE ( 'NONE', #5256, #133, #3588, .T. ) ;
#5536 = LINE ( 'NONE', #6079, #777 ) ;
#5537 = EDGE_LOOP ( 'NONE', ( #2798, #4210, #6700, #4704 ) ) ;
#5538 = DIRECTION ( 'NONE',  ( -0.9945218953682746221, -0.000000000000000000, -0.1045284632676402869 ) ) ;
#5539 = CARTESIAN_POINT ( 'NONE',  ( 1.300000000000000266, 0.1499999999999999944, -1.799999999999999600 ) ) ;
#5540 =( LENGTH_UNIT ( ) NAMED_UNIT ( * ) SI_UNIT ( .MILLI., .METRE. ) );
#5541 = MECHANICAL_DESIGN_GEOMETRIC_PRESENTATION_REPRESENTATION (  '', ( #7012 ), #6407 ) ;
#5542 = FACE_OUTER_BOUND ( 'NONE', #1572, .T. ) ;
#5543 = VERTEX_POINT ( 'NONE', #1797 ) ;
#5544 = CARTESIAN_POINT ( 'NONE',  ( 2.828571428571428736, 0.2442857142857142450, 3.300000000000000266 ) ) ;
#5545 = AXIS2_PLACEMENT_3D ( 'NONE', #6039, #5652, #2186 ) ;
#5546 = DIRECTION ( 'NONE',  ( -0.1148585647116549119, 0.000000000000000000, 0.9933818551354653970 ) ) ;
#5547 = ORIENTED_EDGE ( 'NONE', *, *, #5812, .T. ) ;
#5548 = EDGE_CURVE ( 'NONE', #4844, #3207, #6006, .T. ) ;
#5549 = DIRECTION ( 'NONE',  ( 0.000000000000000000, 0.000000000000000000, 1.000000000000000000 ) ) ;
#5550 = LINE ( 'NONE', #5757, #779 ) ;
#5551 = ORIENTED_EDGE ( 'NONE', *, *, #4990, .T. ) ;
#5552 = CARTESIAN_POINT ( 'NONE',  ( -0.3113406322684341143, 2.950000000000000178, 0.1536859196460394206 ) ) ;
#5553 = CARTESIAN_POINT ( 'NONE',  ( 2.828571428571428736, 0.2442857142857142450, 3.205714285714285960 ) ) ;
#5554 = CARTESIAN_POINT ( 'NONE',  ( -2.828571428571428736, 2.905714285714285694, 3.205714285714285960 ) ) ;
#5555 = MECHANICAL_DESIGN_GEOMETRIC_PRESENTATION_REPRESENTATION (  '', ( #1724 ), #5632 ) ;
#5556 =( NAMED_UNIT ( * ) PLANE_ANGLE_UNIT ( ) SI_UNIT ( $, .RADIAN. ) );
#5557 = VECTOR ( 'NONE', #6520, 1000.000000000000000 ) ;
#5558 = EDGE_CURVE ( 'NONE', #6437, #1353, #1250, .T. ) ;
#5559 = EDGE_LOOP ( 'NONE', ( #6193, #6431, #1533, #3872, #2379, #2322, #4893, #6690 ) ) ;
#5560 =( NAMED_UNIT ( * ) PLANE_ANGLE_UNIT ( ) SI_UNIT ( $, .RADIAN. ) );
#5561 = ADVANCED_FACE ( 'NONE', ( #6029 ), #3932, .F. ) ;
#5562 = CARTESIAN_POINT ( 'NONE',  ( -0.5191275572975055930, 1.610876343277178879, -2.255086310432033336 ) ) ;
#5563 = FACE_OUTER_BOUND ( 'NONE', #5644, .T. ) ;
#5564 = VERTEX_POINT ( 'NONE', #1073 ) ;
#5565 = CARTESIAN_POINT ( 'NONE',  ( -1.258312057982464482, 3.000000000000000444, 1.620916768221409843 ) ) ;
#5566 = FACE_OUTER_BOUND ( 'NONE', #3740, .T. ) ;
#5567 = EDGE_LOOP ( 'NONE', ( #5515, #5049, #785, #272, #4803, #4974, #690, #4995, #4658, #51 ) ) ;
#5568 = EDGE_CURVE ( 'NONE', #6745, #3178, #6076, .T. ) ;
#5569 = FILL_AREA_STYLE ('',( #2125 ) ) ;
#5570 = CARTESIAN_POINT ( 'NONE',  ( -1.357751691251411597, 3.000000000000000000, 0.9404351645289628081 ) ) ;
#5571 = LINE ( 'NONE', #2013, #3232 ) ;
#5572 = CARTESIAN_POINT ( 'NONE',  ( -0.5191275572975078134, 2.949999999999999734, -0.4017349403839645672 ) ) ;
#5573 = EDGE_CURVE ( 'NONE', #235, #1426, #6120, .T. ) ;
#5574 = ADVANCED_FACE ( 'NONE', ( #1218 ), #3317, .F. ) ;
#5575 = PLANE ( 'NONE',  #3001 ) ;
#5576 = VECTOR ( 'NONE', #5538, 1000.000000000000114 ) ;
#5577 = CARTESIAN_POINT ( 'NONE',  ( 3.300000000000000266, 1.574999999999999734, -0.3299999999999995159 ) ) ;
#5578 = ORIENTED_EDGE ( 'NONE', *, *, #3687, .F. ) ;
#5579 = DIRECTION ( 'NONE',  ( -1.000000000000000000, -0.000000000000000000, -0.000000000000000000 ) ) ;
#5580 = CARTESIAN_POINT ( 'NONE',  ( -0.6149084483925322253, 2.949999999999999734, 1.596109267695102085 ) ) ;
#5581 = DIRECTION ( 'NONE',  ( -0.000000000000000000, -1.000000000000000000, -0.000000000000000000 ) ) ;
#5582 = CARTESIAN_POINT ( 'NONE',  ( -0.9960914994576036685, 1.610876343277178879, -2.161492111931144322 ) ) ;
#5583 = CARTESIAN_POINT ( 'NONE',  ( -0.5191275572975055930, 2.949999999999999734, -2.255086310432033336 ) ) ;
#5584 = B_SPLINE_SURFACE_WITH_KNOTS ( 'NONE', 3, 1, ( 
 ( #2847, #1067 ),
 ( #1717, #6100 ),
 ( #2330, #5100 ),
 ( #5580, #4629 ),
 ( #6258, #2890 ),
 ( #1668, #3978 ) ),
 .UNSPECIFIED., .F., .F., .F.,
 ( 4, 1, 1, 4 ),
 ( 2, 2 ),
 ( 0.000000000000000000, 0.4712518714902709793, 0.5712518714902710126, 1.000000000000000000 ),
 ( 0.000000000000000000, 1.000000000000000000 ),
 .UNSPECIFIED. ) ;
#5585 = DIRECTION ( 'NONE',  ( -0.000000000000000000, -1.000000000000000000, -0.000000000000000000 ) ) ;
#5586 = FACE_BOUND ( 'NONE', #6508, .T. ) ;
#5587 = ORIENTED_EDGE ( 'NONE', *, *, #4439, .T. ) ;
#5588 = ORIENTED_EDGE ( 'NONE', *, *, #6206, .T. ) ;
#5589 = DIRECTION ( 'NONE',  ( -3.781810621731025588E-15, 0.000000000000000000, -1.000000000000000000 ) ) ;
#5590 = LINE ( 'NONE', #242, #5514 ) ;
#5591 = CARTESIAN_POINT ( 'NONE',  ( -0.8186499976311963911, 3.000000000000000000, 0.1029587669415544526 ) ) ;
#5592 = PLANE ( 'NONE',  #1536 ) ;
#5593 = DIRECTION ( 'NONE',  ( 0.000000000000000000, -0.000000000000000000, -1.000000000000000000 ) ) ;
#5594 = STYLED_ITEM ( 'NONE', ( #904 ), #6947 ) ;
#5595 = VECTOR ( 'NONE', #4417, 1000.000000000000000 ) ;
#5596 =( GEOMETRIC_REPRESENTATION_CONTEXT ( 3 ) GLOBAL_UNCERTAINTY_ASSIGNED_CONTEXT ( ( #5689 ) ) GLOBAL_UNIT_ASSIGNED_CONTEXT ( ( #6540, #6575, #5430 ) ) REPRESENTATION_CONTEXT ( 'NONE', 'WORKASPACE' ) );
#5597 = DIRECTION ( 'NONE',  ( 0.000000000000000000, 0.000000000000000000, 1.000000000000000000 ) ) ;
#5598 = AXIS2_PLACEMENT_3D ( 'NONE', #5265, #815, #1245 ) ;
#5599 = ORIENTED_EDGE ( 'NONE', *, *, #2694, .F. ) ;
#5600 = DIRECTION ( 'NONE',  ( 0.000000000000000000, 1.000000000000000000, 0.000000000000000000 ) ) ;
#5601 = LINE ( 'NONE', #2737, #5653 ) ;
#5602 = SURFACE_STYLE_FILL_AREA ( #3450 ) ;
#5603 = VERTEX_POINT ( 'NONE', #3989 ) ;
#5604 = EDGE_CURVE ( 'NONE', #1559, #369, #3623, .T. ) ;
#5605 = CARTESIAN_POINT ( 'NONE',  ( -1.357751691251410708, 3.000000000000000000, 2.097613617064586933 ) ) ;
#5606 = ORIENTED_EDGE ( 'NONE', *, *, #3288, .T. ) ;
#5607 = PRESENTATION_LAYER_ASSIGNMENT (  '', '', ( #3465 ) ) ;
#5608 = ORIENTED_EDGE ( 'NONE', *, *, #1946, .F. ) ;
#5609 = ADVANCED_FACE ( 'NONE', ( #6043 ), #6018, .T. ) ;
#5610 = CARTESIAN_POINT ( 'NONE',  ( -1.331954931137285136, 3.000000000000000000, -0.07222387634686339153 ) ) ;
#5611 = ORIENTED_EDGE ( 'NONE', *, *, #6494, .T. ) ;
#5612 = CARTESIAN_POINT ( 'NONE',  ( -1.310836623396747669, 2.950000000000000178, -2.113882548645744208 ) ) ;
#5613 = VECTOR ( 'NONE', #711, 1000.000000000000000 ) ;
#5614 = UNCERTAINTY_MEASURE_WITH_UNIT (LENGTH_MEASURE( 1.000000000000000082E-05 ), #1683, 'distance_accuracy_value', 'NONE');
#5615 = AXIS2_PLACEMENT_3D ( 'NONE', #4224, #729, #2413 ) ;
#5616 = CARTESIAN_POINT ( 'NONE',  ( -0.5347888298061447276, 2.999999999999999556, 0.1384375128069279537 ) ) ;
#5617 = EDGE_CURVE ( 'NONE', #4674, #2695, #6164, .T. ) ;
#5618 = VECTOR ( 'NONE', #3921, 1000.000000000000000 ) ;
#5619 = ORIENTED_EDGE ( 'NONE', *, *, #6586, .F. ) ;
#5620 = ORIENTED_EDGE ( 'NONE', *, *, #3023, .F. ) ;
#5621 = CARTESIAN_POINT ( 'NONE',  ( -1.009256750147797366, 3.000000000000000000, -2.134107173565271687 ) ) ;
#5622 =( GEOMETRIC_REPRESENTATION_CONTEXT ( 3 ) GLOBAL_UNCERTAINTY_ASSIGNED_CONTEXT ( ( #3275 ) ) GLOBAL_UNIT_ASSIGNED_CONTEXT ( ( #2810, #1220, #4643 ) ) REPRESENTATION_CONTEXT ( 'NONE', 'WORKASPACE' ) );
#5623 = FILL_AREA_STYLE ('',( #2199 ) ) ;
#5624 = CARTESIAN_POINT ( 'NONE',  ( -3.299999999999999822, 1.575000000000000178, 1.500000000000000666 ) ) ;
#5625 = CARTESIAN_POINT ( 'NONE',  ( -0.8107360310716409391, 2.949999999999999734, -0.1136063532589696723 ) ) ;
#5626 = ORIENTED_EDGE ( 'NONE', *, *, #5067, .T. ) ;
#5627 = ADVANCED_FACE ( 'NONE', ( #1297 ), #6472, .F. ) ;
#5628 = CARTESIAN_POINT ( 'NONE',  ( -0.5369520278213515407, 2.950000000000000178, 2.197670442323716777 ) ) ;
#5629 = EDGE_CURVE ( 'NONE', #1438, #4635, #3647, .T. ) ;
#5630 = ORIENTED_EDGE ( 'NONE', *, *, #6501, .T. ) ;
#5631 = EDGE_LOOP ( 'NONE', ( #763, #3106, #6489, #1487, #780, #1503, #1468, #6212 ) ) ;
#5632 =( GEOMETRIC_REPRESENTATION_CONTEXT ( 3 ) GLOBAL_UNCERTAINTY_ASSIGNED_CONTEXT ( ( #1039 ) ) GLOBAL_UNIT_ASSIGNED_CONTEXT ( ( #6737, #3367, #6779 ) ) REPRESENTATION_CONTEXT ( 'NONE', 'WORKASPACE' ) );
#5633 = CARTESIAN_POINT ( 'NONE',  ( -0.3113406322684403871, 3.000000000000000000, -1.633376983460833376 ) ) ;
#5634 = EDGE_CURVE ( 'NONE', #842, #1709, #6191, .T. ) ;
#5635 = ORIENTED_EDGE ( 'NONE', *, *, #2630, .T. ) ;
#5636 = CARTESIAN_POINT ( 'NONE',  ( -1.357751691251410708, 2.949999999999999734, 2.097613617064586933 ) ) ;
#5637 = CARTESIAN_POINT ( 'NONE',  ( -3.624999999999999556, 0.2357142857142857095, 1.500000000000000666 ) ) ;
#5638 = DIRECTION ( 'NONE',  ( 4.336808689942019708E-16, -0.000000000000000000, 1.000000000000000000 ) ) ;
#5639 = FACE_BOUND ( 'NONE', #3194, .T. ) ;
#5640 = EDGE_CURVE ( 'NONE', #1461, #1230, #5994, .T. ) ;
#5641 = VERTEX_POINT ( 'NONE', #7029 ) ;
#5642 = SURFACE_SIDE_STYLE ('',( #2310 ) ) ;
#5643 = DIRECTION ( 'NONE',  ( 0.000000000000000000, 0.000000000000000000, -1.000000000000000000 ) ) ;
#5644 = EDGE_LOOP ( 'NONE', ( #3458, #1153, #6399, #1255 ) ) ;
#5645 = EDGE_CURVE ( 'NONE', #2618, #3828, #405, .T. ) ;
#5646 = MANIFOLD_SOLID_BREP ( 'Cut-Extrude4', #6257 ) ;
#5647 = VERTEX_POINT ( 'NONE', #5883 ) ;
#5648 =( NAMED_UNIT ( * ) SI_UNIT ( $, .STERADIAN. ) SOLID_ANGLE_UNIT ( ) );
#5649 = EDGE_CURVE ( 'NONE', #4635, #7071, #1331, .T. ) ;
#5650 = UNCERTAINTY_MEASURE_WITH_UNIT (LENGTH_MEASURE( 1.000000000000000082E-05 ), #5758, 'distance_accuracy_value', 'NONE');
#5651 = PLANE ( 'NONE',  #6584 ) ;
#5652 = DIRECTION ( 'NONE',  ( -1.000000000000000000, 0.000000000000000000, 0.000000000000000000 ) ) ;
#5653 = VECTOR ( 'NONE', #6429, 1000.000000000000000 ) ;
#5654 = CARTESIAN_POINT ( 'NONE',  ( -1.357751691251414483, 2.950000000000000178, 0.6007890726471740717 ) ) ;
#5655 = CARTESIAN_POINT ( 'NONE',  ( -0.5191275572975078134, 3.000000000000000000, -0.4017349403839645672 ) ) ;
#5656 = LINE ( 'NONE', #920, #5684 ) ;
#5657 = ORIENTED_EDGE ( 'NONE', *, *, #2338, .F. ) ;
#5658 = DIRECTION ( 'NONE',  ( -0.9799725457018645391, 0.000000000000000000, 0.1991326434078726504 ) ) ;
#5659 = VERTEX_POINT ( 'NONE', #2987 ) ;
#5660 = ADVANCED_FACE ( 'NONE', ( #1285 ), #4091, .T. ) ;
#5661 = FACE_OUTER_BOUND ( 'NONE', #3817, .T. ) ;
#5662 =( NAMED_UNIT ( * ) SI_UNIT ( $, .STERADIAN. ) SOLID_ANGLE_UNIT ( ) );
#5663 = PLANE ( 'NONE',  #5275 ) ;
#5664 =( NAMED_UNIT ( * ) SI_UNIT ( $, .STERADIAN. ) SOLID_ANGLE_UNIT ( ) );
#5665 = CYLINDRICAL_SURFACE ( 'NONE', #3934, 0.09428571428571427826 ) ;
#5666 = VERTEX_POINT ( 'NONE', #4687 ) ;
#5667 = ORIENTED_EDGE ( 'NONE', *, *, #2788, .T. ) ;
#5668 =( NAMED_UNIT ( * ) PLANE_ANGLE_UNIT ( ) SI_UNIT ( $, .RADIAN. ) );
#5669 = CARTESIAN_POINT ( 'NONE',  ( -1.132140295698485621, 2.949999999999999734, 1.646912525208062306 ) ) ;
#5670 = AXIS2_PLACEMENT_3D ( 'NONE', #5669, #2808, #75 ) ;
#5671 = LINE ( 'NONE', #581, #691 ) ;
#5672 = CARTESIAN_POINT ( 'NONE',  ( -1.300000000000000044, 0.1499999999999999944, 1.800000000000000044 ) ) ;
#5673 = AXIS2_PLACEMENT_3D ( 'NONE', #3009, #2709, #4274 ) ;
#5674 = ADVANCED_FACE ( 'NONE', ( #1357 ), #1308, .F. ) ;
#5675 = CARTESIAN_POINT ( 'NONE',  ( -1.132140295698483845, 3.000000000000000000, 2.097613617064586045 ) ) ;
#5676 = DIRECTION ( 'NONE',  ( -1.000000000000000000, 0.000000000000000000, 0.000000000000000000 ) ) ;
#5677 = DIRECTION ( 'NONE',  ( 0.000000000000000000, -1.000000000000000000, 0.000000000000000000 ) ) ;
#5678 = ORIENTED_EDGE ( 'NONE', *, *, #871, .T. ) ;
#5679 = CARTESIAN_POINT ( 'NONE',  ( 3.625000000000000000, 1.574999999999999734, 0.3300000000000005151 ) ) ;
#5680 = EDGE_CURVE ( 'NONE', #2549, #5603, #1436, .T. ) ;
#5681 = LINE ( 'NONE', #1483, #883 ) ;
#5682 = AXIS2_PLACEMENT_3D ( 'NONE', #1482, #2070, #2587 ) ;
#5683 = DIRECTION ( 'NONE',  ( -0.9012599435649153445, 0.000000000000000000, -0.4332787949177358544 ) ) ;
#5684 = VECTOR ( 'NONE', #5330, 1000.000000000000114 ) ;
#5685 = VERTEX_POINT ( 'NONE', #1850 ) ;
#5686 = DIRECTION ( 'NONE',  ( -1.445602896647339656E-16, 0.000000000000000000, -1.000000000000000000 ) ) ;
#5687 = EDGE_LOOP ( 'NONE', ( #5492, #1698, #5619, #6425 ) ) ;
#5688 = CARTESIAN_POINT ( 'NONE',  ( -0.5104047370281182827, 2.950000000000000178, 1.258785626153509529 ) ) ;
#5689 = UNCERTAINTY_MEASURE_WITH_UNIT (LENGTH_MEASURE( 1.000000000000000082E-05 ), #6540, 'distance_accuracy_value', 'NONE');
#5690 = DIRECTION ( 'NONE',  ( 0.000000000000000000, 0.000000000000000000, 1.000000000000000000 ) ) ;
#5691 = AXIS2_PLACEMENT_3D ( 'NONE', #325, #229, #5811 ) ;
#5692 = DIRECTION ( 'NONE',  ( -1.000000000000000000, 0.000000000000000000, 3.777208558894928895E-15 ) ) ;
#5693 = CARTESIAN_POINT ( 'NONE',  ( -2.592857142857142971, 2.900000000000000355, 2.357142857142857650 ) ) ;
#5694 = VECTOR ( 'NONE', #4794, 1000.000000000000000 ) ;
#5695 = EDGE_CURVE ( 'NONE', #5248, #3531, #3781, .T. ) ;
#5696 = SURFACE_STYLE_FILL_AREA ( #2012 ) ;
#5697 = MECHANICAL_DESIGN_GEOMETRIC_PRESENTATION_REPRESENTATION (  '', ( #5939 ), #1967 ) ;
#5698 = LINE ( 'NONE', #4237, #5557 ) ;
#5699 = ORIENTED_EDGE ( 'NONE', *, *, #749, .T. ) ;
#5700 = CARTESIAN_POINT ( 'NONE',  ( -0.5369520278213519848, 2.949999999999999734, 2.140026246433025747 ) ) ;
#5701 = DIRECTION ( 'NONE',  ( 0.000000000000000000, 1.000000000000000000, 0.000000000000000000 ) ) ;
#5702 = FACE_OUTER_BOUND ( 'NONE', #2445, .T. ) ;
#5703 = DIRECTION ( 'NONE',  ( 0.000000000000000000, -1.000000000000000000, 0.000000000000000000 ) ) ;
#5704 = SURFACE_STYLE_USAGE ( .BOTH. , #4630 ) ;
#5705 = CARTESIAN_POINT ( 'NONE',  ( -1.357751691251411597, 3.000000000000000000, 0.9404351645289628081 ) ) ;
#5706 = EDGE_CURVE ( 'NONE', #2495, #5908, #1519, .T. ) ;
#5707 = DIRECTION ( 'NONE',  ( 0.000000000000000000, 1.000000000000000000, 0.000000000000000000 ) ) ;
#5708 = CARTESIAN_POINT ( 'NONE',  ( -2.592857142857142971, 2.900000000000000355, 2.592857142857143415 ) ) ;
#5709 = LINE ( 'NONE', #1792, #5595 ) ;
#5710 = ORIENTED_EDGE ( 'NONE', *, *, #5634, .T. ) ;
#5711 = ORIENTED_EDGE ( 'NONE', *, *, #5869, .F. ) ;
#5712 = EDGE_CURVE ( 'NONE', #6424, #233, #3322, .T. ) ;
#5713 = PLANE ( 'NONE',  #234 ) ;
#5714 = VECTOR ( 'NONE', #1740, 1000.000000000000000 ) ;
#5715 = EDGE_CURVE ( 'NONE', #5956, #5969, #6204, .T. ) ;
#5716 = CARTESIAN_POINT ( 'NONE',  ( -0.3113406322684358352, 2.949999999999999734, -0.3018418195157239192 ) ) ;
#5717 = LINE ( 'NONE', #5878, #802 ) ;
#5718 = ORIENTED_EDGE ( 'NONE', *, *, #589, .F. ) ;
#5719 = ORIENTED_EDGE ( 'NONE', *, *, #4450, .F. ) ;
#5720 = CARTESIAN_POINT ( 'NONE',  ( -1.357751691251421811, 3.000000000000000000, -1.207104699462107300 ) ) ;
#5721 = CARTESIAN_POINT ( 'NONE',  ( -1.258312057982464482, 2.950000000000000622, 1.620916768221409621 ) ) ;
#5722 = VECTOR ( 'NONE', #4204, 1000.000000000000000 ) ;
#5723 = ORIENTED_EDGE ( 'NONE', *, *, #4706, .T. ) ;
#5724 = ADVANCED_FACE ( 'NONE', ( #1369 ), #3793, .F. ) ;
#5725 = EDGE_CURVE ( 'NONE', #4790, #813, #1404, .T. ) ;
#5726 = CARTESIAN_POINT ( 'NONE',  ( -0.5369520278213535391, 1.610876343277178879, 1.709469332942378239 ) ) ;
#5727 = ORIENTED_EDGE ( 'NONE', *, *, #2428, .F. ) ;
#5728 = FILL_AREA_STYLE_COLOUR ( '', #1107 ) ;
#5729 = SURFACE_SIDE_STYLE ('',( #6573 ) ) ;
#5730 = CARTESIAN_POINT ( 'NONE',  ( -1.357751691251412263, 2.950000000000000178, 1.302799868628608859 ) ) ;
#5731 = SURFACE_SIDE_STYLE ('',( #5858 ) ) ;
#5732 = CARTESIAN_POINT ( 'NONE',  ( 0.000000000000000000, 0.5999999999999999778, -1.499999999999999778 ) ) ;
#5733 = LINE ( 'NONE', #3597, #5722 ) ;
#5734 =( NAMED_UNIT ( * ) SI_UNIT ( $, .STERADIAN. ) SOLID_ANGLE_UNIT ( ) );
#5735 =( LENGTH_UNIT ( ) NAMED_UNIT ( * ) SI_UNIT ( .MILLI., .METRE. ) );
#5736 = MECHANICAL_DESIGN_GEOMETRIC_PRESENTATION_REPRESENTATION (  '', ( #5827 ), #2224 ) ;
#5737 = VERTEX_POINT ( 'NONE', #881 ) ;
#5738 = CARTESIAN_POINT ( 'NONE',  ( -0.3113406322684310057, 2.950000000000000178, 1.017803178849526313 ) ) ;
#5739 = CARTESIAN_POINT ( 'NONE',  ( -0.3113406322684318939, 3.000000000000000000, 0.7220227891438155687 ) ) ;
#5740 =( NAMED_UNIT ( * ) PLANE_ANGLE_UNIT ( ) SI_UNIT ( $, .RADIAN. ) );
#5741 =( NAMED_UNIT ( * ) SI_UNIT ( $, .STERADIAN. ) SOLID_ANGLE_UNIT ( ) );
#5742 = DIRECTION ( 'NONE',  ( 0.000000000000000000, 0.000000000000000000, 1.000000000000000000 ) ) ;
#5743 = FACE_OUTER_BOUND ( 'NONE', #804, .T. ) ;
#5744 = LINE ( 'NONE', #7013, #1049 ) ;
#5745 =( LENGTH_UNIT ( ) NAMED_UNIT ( * ) SI_UNIT ( .MILLI., .METRE. ) );
#5746 = PRESENTATION_LAYER_ASSIGNMENT (  '', '', ( #5109 ) ) ;
#5747 = CARTESIAN_POINT ( 'NONE',  ( -0.3113406322684287852, 2.950000000000000178, -0.9768128291060232948 ) ) ;
#5748 =( GEOMETRIC_REPRESENTATION_CONTEXT ( 3 ) GLOBAL_UNCERTAINTY_ASSIGNED_CONTEXT ( ( #2501 ) ) GLOBAL_UNIT_ASSIGNED_CONTEXT ( ( #3895, #541, #2770 ) ) REPRESENTATION_CONTEXT ( 'NONE', 'WORKASPACE' ) );
#5749 = ORIENTED_EDGE ( 'NONE', *, *, #4496, .F. ) ;
#5750 =( GEOMETRIC_REPRESENTATION_CONTEXT ( 3 ) GLOBAL_UNCERTAINTY_ASSIGNED_CONTEXT ( ( #4364 ) ) GLOBAL_UNIT_ASSIGNED_CONTEXT ( ( #3532, #5740, #4132 ) ) REPRESENTATION_CONTEXT ( 'NONE', 'WORKASPACE' ) );
#5751 = DIRECTION ( 'NONE',  ( 0.9012599435649610857, 0.000000000000000000, 0.4332787949176410969 ) ) ;
#5752 = STYLED_ITEM ( 'NONE', ( #6560 ), #4474 ) ;
#5753 = CARTESIAN_POINT ( 'NONE',  ( -0.3113406322684343364, 2.950000000000000178, 0.07152145899898833259 ) ) ;
#5754 = VECTOR ( 'NONE', #5320, 1000.000000000000000 ) ;
#5755 = CARTESIAN_POINT ( 'NONE',  ( 3.300000000000000266, 1.339285714285714191, -0.2357142857142852099 ) ) ;
#5756 = CARTESIAN_POINT ( 'NONE',  ( -1.151339791579042870, 3.000000000000000000, 1.121500735562910744 ) ) ;
#5757 = CARTESIAN_POINT ( 'NONE',  ( -1.132140295698496946, 2.950000000000000178, -1.657805791318631261 ) ) ;
#5758 =( LENGTH_UNIT ( ) NAMED_UNIT ( * ) SI_UNIT ( .MILLI., .METRE. ) );
#5759 = STYLED_ITEM ( 'NONE', ( #1714 ), #45 ) ;
#5760 = FACE_BOUND ( 'NONE', #3365, .T. ) ;
#5761 = UNCERTAINTY_MEASURE_WITH_UNIT (LENGTH_MEASURE( 1.000000000000000082E-05 ), #6684, 'distance_accuracy_value', 'NONE');
#5762 = ORIENTED_EDGE ( 'NONE', *, *, #2432, .T. ) ;
#5763 = DIRECTION ( 'NONE',  ( 0.000000000000000000, 1.000000000000000000, 0.000000000000000000 ) ) ;
#5764 = ADVANCED_FACE ( 'NONE', ( #1420 ), #5076, .T. ) ;
#5765 = DIRECTION ( 'NONE',  ( -0.000000000000000000, -1.000000000000000000, 0.000000000000000000 ) ) ;
#5766 = AXIS2_PLACEMENT_3D ( 'NONE', #5187, #5703, #3871 ) ;
#5767 = LINE ( 'NONE', #4399, #3400 ) ;
#5768 = CYLINDRICAL_SURFACE ( 'NONE', #1779, 0.09428571428571427826 ) ;
#5769 = UNCERTAINTY_MEASURE_WITH_UNIT (LENGTH_MEASURE( 1.000000000000000082E-05 ), #861, 'distance_accuracy_value', 'NONE');
#5770 = AXIS2_PLACEMENT_3D ( 'NONE', #3051, #1992, #4764 ) ;
#5771 = CARTESIAN_POINT ( 'NONE',  ( -1.009256750147797144, 1.610876343277178879, -2.134107173565272131 ) ) ;
#5772 = LINE ( 'NONE', #2359, #3363 ) ;
#5773 = EDGE_CURVE ( 'NONE', #79, #6356, #4021, .T. ) ;
#5774 = FILL_AREA_STYLE_COLOUR ( '', #476 ) ;
#5775 = ORIENTED_EDGE ( 'NONE', *, *, #264, .T. ) ;
#5776 = PLANE ( 'NONE',  #6273 ) ;
#5777 = CARTESIAN_POINT ( 'NONE',  ( -0.3113406322684293959, 2.950000000000000178, 1.462103842300823686 ) ) ;
#5778 = DIRECTION ( 'NONE',  ( -0.000000000000000000, -1.000000000000000000, -0.000000000000000000 ) ) ;
#5779 = CARTESIAN_POINT ( 'NONE',  ( -1.132140295698489618, 2.949999999999999734, 0.4856831150319117496 ) ) ;
#5780 = PRESENTATION_LAYER_ASSIGNMENT (  '', '', ( #1724 ) ) ;
#5781 = DIRECTION ( 'NONE',  ( 1.000000000000000000, 0.000000000000000000, -2.710505431213760592E-16 ) ) ;
#5782 = PRESENTATION_STYLE_ASSIGNMENT (( #190 ) ) ;
#5783 = EDGE_CURVE ( 'NONE', #3675, #6390, #1674, .T. ) ;
#5784 = FACE_OUTER_BOUND ( 'NONE', #6256, .T. ) ;
#5785 = ADVANCED_FACE ( 'NONE', ( #6578 ), #4073, .T. ) ;
#5786 =( BOUNDED_SURFACE ( )  B_SPLINE_SURFACE ( 3, 1, ( 
 ( #2917, #3419 ),
 ( #2733, #5565 ),
 ( #1692, #4499 ),
 ( #2227, #2177 ) ),
 .UNSPECIFIED., .F., .F., .F. ) 
 B_SPLINE_SURFACE_WITH_KNOTS ( ( 4, 4 ),
 ( 2, 2 ),
 ( 0.000000000000000000, 1.000000000000000000 ),
 ( 0.000000000000000000, 1.000000000000000000 ),
 .UNSPECIFIED. ) 
 GEOMETRIC_REPRESENTATION_ITEM ( )  RATIONAL_B_SPLINE_SURFACE ( (
 ( 1.000000000000000000, 1.000000000000000000),
 ( 0.3333333333333333703, 0.3333333333333333703),
 ( 0.3333333333333333703, 0.3333333333333333703),
 ( 1.000000000000000000, 1.000000000000000000) ) ) 
 REPRESENTATION_ITEM ( '' )  SURFACE ( )  );
#5787 = DIRECTION ( 'NONE',  ( 0.000000000000000000, 1.000000000000000000, 0.000000000000000000 ) ) ;
#5788 = LINE ( 'NONE', #1286, #5842 ) ;
#5789 = CARTESIAN_POINT ( 'NONE',  ( -0.5191275572975084796, 2.949999999999999734, -0.6471926549609913204 ) ) ;
#5790 = ORIENTED_EDGE ( 'NONE', *, *, #5294, .T. ) ;
#5791 = SURFACE_STYLE_USAGE ( .BOTH. , #2721 ) ;
#5792 = CARTESIAN_POINT ( 'NONE',  ( -1.357751691251422699, 3.000000000000000000, -1.681518504515441492 ) ) ;
#5793 = DIRECTION ( 'NONE',  ( -0.000000000000000000, -1.000000000000000000, -0.000000000000000000 ) ) ;
#5794 = FILL_AREA_STYLE_COLOUR ( '', #5065 ) ;
#5795 = DIRECTION ( 'NONE',  ( -0.9945218953682742891, 0.000000000000000000, -0.1045284632676442699 ) ) ;
#5796 = SURFACE_STYLE_FILL_AREA ( #7088 ) ;
#5797 = PRESENTATION_STYLE_ASSIGNMENT (( #6205 ) ) ;
#5798 = CARTESIAN_POINT ( 'NONE',  ( -1.357751691251421589, 3.000000000000000000, -1.107666862175472389 ) ) ;
#5799 = EDGE_CURVE ( 'NONE', #5969, #4644, #6305, .T. ) ;
#5800 = FACE_OUTER_BOUND ( 'NONE', #2335, .T. ) ;
#5801 = EDGE_LOOP ( 'NONE', ( #1562, #3027, #6391, #5369 ) ) ;
#5802 = EDGE_CURVE ( 'NONE', #2209, #1623, #3886, .T. ) ;
#5803 = CARTESIAN_POINT ( 'NONE',  ( -0.8418326795865038736, 2.950000000000000178, 2.157877459663286590 ) ) ;
#5804 = LINE ( 'NONE', #954, #5814 ) ;
#5805 = CARTESIAN_POINT ( 'NONE',  ( 2.828571428571428736, 15.33380951166242845, -2.828571428571428736 ) ) ;
#5806 = DIRECTION ( 'NONE',  ( 0.000000000000000000, 1.000000000000000000, 0.000000000000000000 ) ) ;
#5807 = COLOUR_RGB ( '',0.7921568627450980005, 0.8196078431372548767, 0.9333333333333333481 ) ;
#5808 = SURFACE_SIDE_STYLE ('',( #2016 ) ) ;
#5809 = ORIENTED_EDGE ( 'NONE', *, *, #3959, .F. ) ;
#5810 = DIRECTION ( 'NONE',  ( -1.000000000000000000, 0.000000000000000000, 3.777208558894928895E-15 ) ) ;
#5811 = DIRECTION ( 'NONE',  ( 4.784464174600315422E-15, 0.000000000000000000, 1.000000000000000000 ) ) ;
#5812 = EDGE_CURVE ( 'NONE', #2114, #1353, #6502, .T. ) ;
#5813 = CARTESIAN_POINT ( 'NONE',  ( -0.5191275572975038166, 2.950000000000000178, -2.009628595855005528 ) ) ;
#5814 = VECTOR ( 'NONE', #2943, 1000.000000000000000 ) ;
#5815 = VERTEX_POINT ( 'NONE', #3779 ) ;
#5816 = CARTESIAN_POINT ( 'NONE',  ( -1.009256750147800696, 2.949999999999999734, -0.5262135180941753809 ) ) ;
#5817 = ORIENTED_EDGE ( 'NONE', *, *, #1741, .T. ) ;
#5818 = ADVANCED_FACE ( 'NONE', ( #6485 ), #4921, .T. ) ;
#5819 =( NAMED_UNIT ( * ) SI_UNIT ( $, .STERADIAN. ) SOLID_ANGLE_UNIT ( ) );
#5820 = CARTESIAN_POINT ( 'NONE',  ( -3.205714285714285516, 3.000000000000000000, 2.828571428571428736 ) ) ;
#5821 = DIRECTION ( 'NONE',  ( -3.848944471891893324E-15, -0.000000000000000000, -1.000000000000000000 ) ) ;
#5822 = PLANE ( 'NONE',  #4939 ) ;
#5823 = DIRECTION ( 'NONE',  ( 1.000000000000000000, -0.000000000000000000, 0.000000000000000000 ) ) ;
#5824 = AXIS2_PLACEMENT_3D ( 'NONE', #3791, #1378, #6430 ) ;
#5825 = LINE ( 'NONE', #2411, #1020 ) ;
#5826 = ORIENTED_EDGE ( 'NONE', *, *, #6652, .T. ) ;
#5827 = STYLED_ITEM ( 'NONE', ( #5081 ), #5123 ) ;
#5828 = CARTESIAN_POINT ( 'NONE',  ( -0.9960914994576036685, 3.000000000000000000, -2.161492111931144322 ) ) ;
#5829 =( BOUNDED_SURFACE ( )  B_SPLINE_SURFACE ( 3, 1, ( 
 ( #2889, #736 ),
 ( #2370, #6762 ),
 ( #2420, #2932 ),
 ( #608, #2977 ) ),
 .UNSPECIFIED., .F., .F., .F. ) 
 B_SPLINE_SURFACE_WITH_KNOTS ( ( 4, 4 ),
 ( 2, 2 ),
 ( 0.000000000000000000, 1.000000000000000000 ),
 ( 0.000000000000000000, 1.000000000000000000 ),
 .UNSPECIFIED. ) 
 GEOMETRIC_REPRESENTATION_ITEM ( )  RATIONAL_B_SPLINE_SURFACE ( (
 ( 1.000000000000000000, 1.000000000000000000),
 ( 0.3333333333333333703, 0.3333333333333333703),
 ( 0.3333333333333333703, 0.3333333333333333703),
 ( 1.000000000000000000, 1.000000000000000000) ) ) 
 REPRESENTATION_ITEM ( '' )  SURFACE ( )  );
#5830 = LINE ( 'NONE', #3609, #3373 ) ;
#5831 = ORIENTED_EDGE ( 'NONE', *, *, #7, .T. ) ;
#5832 = DIRECTION ( 'NONE',  ( 4.784464174600315422E-15, 0.000000000000000000, 1.000000000000000000 ) ) ;
#5833 = EDGE_CURVE ( 'NONE', #2773, #282, #1643, .T. ) ;
#5834 = DIRECTION ( 'NONE',  ( -2.710505431213760592E-16, 0.000000000000000000, -1.000000000000000000 ) ) ;
#5835 =( LENGTH_UNIT ( ) NAMED_UNIT ( * ) SI_UNIT ( .MILLI., .METRE. ) );
#5836 = VECTOR ( 'NONE', #6031, 1000.000000000000000 ) ;
#5837 = LINE ( 'NONE', #4510, #3359 ) ;
#5838 = AXIS2_PLACEMENT_3D ( 'NONE', #6766, #2202, #11 ) ;
#5839 = ADVANCED_FACE ( 'NONE', ( #6551, #4184 ), #2171, .T. ) ;
#5840 = AXIS2_PLACEMENT_3D ( 'NONE', #5247, #971, #1540 ) ;
#5841 = CARTESIAN_POINT ( 'NONE',  ( -1.357751691251411374, 3.000000000000000000, 2.197051454351221622 ) ) ;
#5842 = VECTOR ( 'NONE', #6394, 1000.000000000000000 ) ;
#5843 = ORIENTED_EDGE ( 'NONE', *, *, #346, .F. ) ;
#5844 = DIRECTION ( 'NONE',  ( 0.000000000000000000, 0.000000000000000000, 1.000000000000000000 ) ) ;
#5845 = DIRECTION ( 'NONE',  ( 0.000000000000000000, -0.000000000000000000, 1.000000000000000000 ) ) ;
#5846 = EDGE_CURVE ( 'NONE', #4721, #311, #4120, .T. ) ;
#5847 = CIRCLE ( 'NONE', #5545, 0.09428571428571427826 ) ;
#5848 = PLANE ( 'NONE',  #6303 ) ;
#5849 = UNCERTAINTY_MEASURE_WITH_UNIT (LENGTH_MEASURE( 1.000000000000000082E-05 ), #6359, 'distance_accuracy_value', 'NONE');
#5850 = DIRECTION ( 'NONE',  ( -0.000000000000000000, 1.000000000000000000, -0.000000000000000000 ) ) ;
#5851 = FILL_AREA_STYLE_COLOUR ( '', #3412 ) ;
#5852 = PRESENTATION_LAYER_ASSIGNMENT (  '', '', ( #4416 ) ) ;
#5853 = ORIENTED_EDGE ( 'NONE', *, *, #3858, .T. ) ;
#5854 = ORIENTED_EDGE ( 'NONE', *, *, #5413, .F. ) ;
#5855 = CARTESIAN_POINT ( 'NONE',  ( -0.8418326795865148648, 2.950000000000000178, -1.146840856863407865 ) ) ;
#5856 = PLANE ( 'NONE',  #4044 ) ;
#5857 = CARTESIAN_POINT ( 'NONE',  ( -0.8646004806540522614, 2.950000000000000178, 2.371529302489240987 ) ) ;
#5858 = SURFACE_STYLE_FILL_AREA ( #2365 ) ;
#5859 = EDGE_CURVE ( 'NONE', #5543, #2360, #4275, .T. ) ;
#5860 = VECTOR ( 'NONE', #4813, 1000.000000000000000 ) ;
#5861 = DIRECTION ( 'NONE',  ( 0.000000000000000000, 1.000000000000000000, 0.000000000000000000 ) ) ;
#5862 =( GEOMETRIC_REPRESENTATION_CONTEXT ( 3 ) GLOBAL_UNCERTAINTY_ASSIGNED_CONTEXT ( ( #4750 ) ) GLOBAL_UNIT_ASSIGNED_CONTEXT ( ( #3165, #378, #890 ) ) REPRESENTATION_CONTEXT ( 'NONE', 'WORKASPACE' ) );
#5863 = DIRECTION ( 'NONE',  ( 1.000000000000000000, 0.000000000000000000, -1.445602896647339656E-16 ) ) ;
#5864 = EDGE_LOOP ( 'NONE', ( #4824, #4956, #5097, #5509 ) ) ;
#5865 = EDGE_CURVE ( 'NONE', #7113, #5603, #4146, .T. ) ;
#5866 =( LENGTH_UNIT ( ) NAMED_UNIT ( * ) SI_UNIT ( .MILLI., .METRE. ) );
#5867 = SURFACE_STYLE_USAGE ( .BOTH. , #6556 ) ;
#5868 = CARTESIAN_POINT ( 'NONE',  ( -0.3113406322684358352, 2.949999999999999734, -0.3018418195157239192 ) ) ;
#5869 = EDGE_CURVE ( 'NONE', #5357, #3591, #6812, .T. ) ;
#5870 = FACE_OUTER_BOUND ( 'NONE', #3726, .T. ) ;
#5871 = EDGE_CURVE ( 'NONE', #945, #6910, #4356, .T. ) ;
#5872 = CARTESIAN_POINT ( 'NONE',  ( -0.5369520278213577580, 2.950000000000000178, 0.5545010321583131452 ) ) ;
#5873 = ORIENTED_EDGE ( 'NONE', *, *, #4338, .F. ) ;
#5874 = VERTEX_POINT ( 'NONE', #849 ) ;
#5875 = ADVANCED_FACE ( 'NONE', ( #4422 ), #6803, .F. ) ;
#5876 = CARTESIAN_POINT ( 'NONE',  ( -3.299999999999999822, 0.5999999999999998668, 2.828571428571428736 ) ) ;
#5877 = EDGE_CURVE ( 'NONE', #6143, #7081, #4280, .T. ) ;
#5878 = CARTESIAN_POINT ( 'NONE',  ( -1.357751691251412263, 3.000000000000000000, 1.302799868628608859 ) ) ;
#5879 = CARTESIAN_POINT ( 'NONE',  ( 2.828571428571428736, 2.905714285714285694, 2.828571428571428736 ) ) ;
#5880 = LINE ( 'NONE', #6943, #917 ) ;
#5881 = EDGE_CURVE ( 'NONE', #761, #876, #1868, .T. ) ;
#5882 = CARTESIAN_POINT ( 'NONE',  ( -0.3113406322684293959, 2.950000000000000178, 1.462103842300823686 ) ) ;
#5883 = CARTESIAN_POINT ( 'NONE',  ( -1.000067001066248240, 2.949999999999999734, -2.191616090121250249 ) ) ;
#5884 = COLOUR_RGB ( '',0.7921568627450980005, 0.8196078431372548767, 0.9333333333333333481 ) ;
#5885 = ORIENTED_EDGE ( 'NONE', *, *, #24, .T. ) ;
#5886 = VERTEX_POINT ( 'NONE', #5209 ) ;
#5887 = CARTESIAN_POINT ( 'NONE',  ( 3.624999999999999556, 1.575000000000000178, 1.500000000000000666 ) ) ;
#5888 = LINE ( 'NONE', #1645, #5836 ) ;
#5889 = LINE ( 'NONE', #6353, #5982 ) ;
#5890 = ORIENTED_EDGE ( 'NONE', *, *, #6340, .T. ) ;
#5891 = CARTESIAN_POINT ( 'NONE',  ( 3.205714285714285516, 2.905714285714285694, 2.828571428571428736 ) ) ;
#5892 = ADVANCED_FACE ( 'NONE', ( #4262 ), #6840, .F. ) ;
#5893 = CARTESIAN_POINT ( 'NONE',  ( -3.299999999999999822, 15.33380951166242845, 2.828571428571428736 ) ) ;
#5894 = CARTESIAN_POINT ( 'NONE',  ( 3.624999999999999556, 0.5999999999999999778, 1.500000000000000666 ) ) ;
#5895 = VERTEX_POINT ( 'NONE', #3000 ) ;
#5896 = DIRECTION ( 'NONE',  ( 1.000000000000000000, 0.000000000000000000, -4.376511829034993021E-15 ) ) ;
#5897 = SURFACE_STYLE_FILL_AREA ( #4063 ) ;
#5898 = DIRECTION ( 'NONE',  ( -0.000000000000000000, 1.000000000000000000, -0.000000000000000000 ) ) ;
#5899 = ORIENTED_EDGE ( 'NONE', *, *, #6174, .F. ) ;
#5900 = EDGE_LOOP ( 'NONE', ( #600, #2849, #3037, #590 ) ) ;
#5901 = DIRECTION ( 'NONE',  ( 1.445602896647339163E-16, 0.000000000000000000, -1.000000000000000000 ) ) ;
#5902 = CARTESIAN_POINT ( 'NONE',  ( -0.3113406322684380556, 3.000000000000000000, -1.100845407848078716 ) ) ;
#5903 = FILL_AREA_STYLE ('',( #2544 ) ) ;
#5904 = VECTOR ( 'NONE', #3521, 1000.000000000000000 ) ;
#5905 = VECTOR ( 'NONE', #6856, 1000.000000000000000 ) ;
#5906 =( LENGTH_UNIT ( ) NAMED_UNIT ( * ) SI_UNIT ( .MILLI., .METRE. ) );
#5907 = ORIENTED_EDGE ( 'NONE', *, *, #6340, .F. ) ;
#5908 = VERTEX_POINT ( 'NONE', #3415 ) ;
#5909 = AXIS2_PLACEMENT_3D ( 'NONE', #4935, #2828, #3341 ) ;
#5910 = AXIS2_PLACEMENT_3D ( 'NONE', #3133, #5362, #3190 ) ;
#5911 = PLANE ( 'NONE',  #4386 ) ;
#5912 = DIRECTION ( 'NONE',  ( -1.000000000000000000, 0.000000000000000000, 7.067300691551202826E-15 ) ) ;
#5913 = CARTESIAN_POINT ( 'NONE',  ( -3.300000000000000711, 1.574999999999999734, -1.499999999999999778 ) ) ;
#5914 = DIRECTION ( 'NONE',  ( 0.1045284632676442699, 0.000000000000000000, -0.9945218953682742891 ) ) ;
#5915 = LINE ( 'NONE', #3428, #3527 ) ;
#5916 = EDGE_LOOP ( 'NONE', ( #3652, #3211, #3801, #3203, #6461, #1666, #2800, #832, #3274, #803 ) ) ;
#5917 = DIRECTION ( 'NONE',  ( 1.000000000000000000, 0.000000000000000000, 0.000000000000000000 ) ) ;
#5918 = ADVANCED_FACE ( 'NONE', ( #1939 ), #670, .F. ) ;
#5919 = AXIS2_PLACEMENT_3D ( 'NONE', #6954, #1493, #4845 ) ;
#5920 = SURFACE_STYLE_USAGE ( .BOTH. , #353 ) ;
#5921 = VERTEX_POINT ( 'NONE', #5679 ) ;
#5922 = ORIENTED_EDGE ( 'NONE', *, *, #6216, .F. ) ;
#5923 = AXIS2_PLACEMENT_3D ( 'NONE', #142, #3343, #684 ) ;
#5924 = MECHANICAL_DESIGN_GEOMETRIC_PRESENTATION_REPRESENTATION (  '', ( #4498 ), #3003 ) ;
#5925 = DIRECTION ( 'NONE',  ( -1.000000000000000000, 0.000000000000000000, 1.445602896647339163E-16 ) ) ;
#5926 = CARTESIAN_POINT ( 'NONE',  ( -1.000067001066260008, 2.949999999999999734, -0.5837224346501550531 ) ) ;
#5927 = CYLINDRICAL_SURFACE ( 'NONE', #453, 0.4714285714285714191 ) ;
#5928 = VECTOR ( 'NONE', #5781, 1000.000000000000000 ) ;
#5929 = EDGE_LOOP ( 'NONE', ( #1475, #6106, #3331, #1387 ) ) ;
#5930 = PLANE ( 'NONE',  #4486 ) ;
#5931 = ORIENTED_EDGE ( 'NONE', *, *, #3839, .T. ) ;
#5932 =( GEOMETRIC_REPRESENTATION_CONTEXT ( 3 ) GLOBAL_UNCERTAINTY_ASSIGNED_CONTEXT ( ( #792 ) ) GLOBAL_UNIT_ASSIGNED_CONTEXT ( ( #6528, #5421, #1638 ) ) REPRESENTATION_CONTEXT ( 'NONE', 'WORKASPACE' ) );
#5933 = SURFACE_SIDE_STYLE ('',( #4227 ) ) ;
#5934 = EDGE_CURVE ( 'NONE', #1579, #3627, #6665, .T. ) ;
#5935 = ORIENTED_EDGE ( 'NONE', *, *, #1631, .T. ) ;
#5936 = ORIENTED_EDGE ( 'NONE', *, *, #4166, .T. ) ;
#5937 = ADVANCED_FACE ( 'NONE', ( #4488 ), #5257, .F. ) ;
#5938 = UNCERTAINTY_MEASURE_WITH_UNIT (LENGTH_MEASURE( 1.000000000000000082E-05 ), #3586, 'distance_accuracy_value', 'NONE');
#5939 = STYLED_ITEM ( 'NONE', ( #5465 ), #1087 ) ;
#5940 = LINE ( 'NONE', #5226, #3551 ) ;
#5941 = ORIENTED_EDGE ( 'NONE', *, *, #7026, .T. ) ;
#5942 = DIRECTION ( 'NONE',  ( -1.000000000000000000, 0.000000000000000000, 0.000000000000000000 ) ) ;
#5943 = DIRECTION ( 'NONE',  ( -1.000000000000000000, 0.000000000000000000, -0.000000000000000000 ) ) ;
#5944 = ORIENTED_EDGE ( 'NONE', *, *, #3479, .F. ) ;
#5945 = ORIENTED_EDGE ( 'NONE', *, *, #554, .T. ) ;
#5946 = CARTESIAN_POINT ( 'NONE',  ( -0.3113406322684401095, 1.610876343277178879, -1.571536270387498879 ) ) ;
#5947 = EDGE_CURVE ( 'NONE', #3510, #4773, #4285, .T. ) ;
#5948 =( LENGTH_UNIT ( ) NAMED_UNIT ( * ) SI_UNIT ( .MILLI., .METRE. ) );
#5949 = PRESENTATION_LAYER_ASSIGNMENT (  '', '', ( #1151 ) ) ;
#5950 = CARTESIAN_POINT ( 'NONE',  ( -1.357751691251411374, 3.000000000000000000, 2.197051454351221622 ) ) ;
#5951 = SURFACE_STYLE_FILL_AREA ( #6599 ) ;
#5952 = VECTOR ( 'NONE', #247, 1000.000000000000000 ) ;
#5953 = ORIENTED_EDGE ( 'NONE', *, *, #3114, .T. ) ;
#5955 = ADVANCED_FACE ( 'NONE', ( #6699 ), #4296, .T. ) ;
#5954 = EDGE_CURVE ( 'NONE', #6232, #7124, #1954, .T. ) ;
#5956 = VERTEX_POINT ( 'NONE', #6890 ) ;
#5957 = DIRECTION ( 'NONE',  ( -1.445602896647339163E-16, 0.000000000000000000, -1.000000000000000000 ) ) ;
#5958 = FACE_OUTER_BOUND ( 'NONE', #1802, .T. ) ;
#5959 = ORIENTED_EDGE ( 'NONE', *, *, #4409, .T. ) ;
#5960 = VERTEX_POINT ( 'NONE', #280 ) ;
#5961 = EDGE_CURVE ( 'NONE', #6963, #294, #2006, .T. ) ;
#5962 = CARTESIAN_POINT ( 'NONE',  ( -0.5191275572975038166, 1.610876343277178879, -2.009628595855005528 ) ) ;
#5963 = CARTESIAN_POINT ( 'NONE',  ( -0.5104047370281182827, 3.000000000000000000, 1.258785626153509529 ) ) ;
#5964 = DIRECTION ( 'NONE',  ( 7.067300691551202826E-15, 0.000000000000000000, 1.000000000000000000 ) ) ;
#5965 = CARTESIAN_POINT ( 'NONE',  ( -0.3113406322684403871, 1.610876343277178879, -1.633376983460833376 ) ) ;
#5966 = LINE ( 'NONE', #5913, #1271 ) ;
#5967 = ORIENTED_EDGE ( 'NONE', *, *, #4983, .T. ) ;
#5968 = ORIENTED_EDGE ( 'NONE', *, *, #4157, .F. ) ;
#5969 = VERTEX_POINT ( 'NONE', #519 ) ;
#5970 = EDGE_CURVE ( 'NONE', #116, #2114, #4380, .T. ) ;
#5971 = FILL_AREA_STYLE_COLOUR ( '', #4976 ) ;
#5972 = DIRECTION ( 'NONE',  ( 0.000000000000000000, 1.000000000000000000, 0.000000000000000000 ) ) ;
#5973 =( NAMED_UNIT ( * ) SI_UNIT ( $, .STERADIAN. ) SOLID_ANGLE_UNIT ( ) );
#5974 = LINE ( 'NONE', #3522, #5860 ) ;
#5975 = PLANE ( 'NONE',  #4292 ) ;
#5976 = EDGE_LOOP ( 'NONE', ( #38, #52, #4701, #4475, #6841, #3172, #4971, #171, #210, #4885 ) ) ;
#5977 = CARTESIAN_POINT ( 'NONE',  ( -0.3124286010042897077, 3.000000000000000000, 0.8319616928011498436 ) ) ;
#5978 = ADVANCED_FACE ( 'NONE', ( #6620 ), #5856, .F. ) ;
#5979 = SURFACE_STYLE_USAGE ( .BOTH. , #6613 ) ;
#5980 = ORIENTED_EDGE ( 'NONE', *, *, #4720, .T. ) ;
#5981 = ORIENTED_EDGE ( 'NONE', *, *, #3501, .T. ) ;
#5982 = VECTOR ( 'NONE', #6451, 1000.000000000000000 ) ;
#5983 = CARTESIAN_POINT ( 'NONE',  ( -1.132310254562977070, 2.949999999999999734, 0.07031103226462280531 ) ) ;
#5984 = CARTESIAN_POINT ( 'NONE',  ( 3.300000000000000711, 1.574999999999999734, -1.499999999999999778 ) ) ;
#5985 = DIRECTION ( 'NONE',  ( -0.000000000000000000, -1.000000000000000000, -0.000000000000000000 ) ) ;
#5986 = CYLINDRICAL_SURFACE ( 'NONE', #3387, 0.09428571428571427826 ) ;
#5987 = DIRECTION ( 'NONE',  ( -0.000000000000000000, 1.000000000000000000, -0.000000000000000000 ) ) ;
#5988 = VERTEX_POINT ( 'NONE', #474 ) ;
#5989 = EDGE_LOOP ( 'NONE', ( #6352, #445, #4836, #5095 ) ) ;
#5990 = PLANE ( 'NONE',  #329 ) ;
#5991 = ADVANCED_FACE ( 'NONE', ( #4310 ), #3749, .F. ) ;
#5992 = CARTESIAN_POINT ( 'NONE',  ( -1.357751691251414483, 3.000000000000000000, 0.6007890726471739606 ) ) ;
#5993 = CYLINDRICAL_SURFACE ( 'NONE', #5910, 0.4714285714285714191 ) ;
#5994 = LINE ( 'NONE', #2632, #6056 ) ;
#5995 =( GEOMETRIC_REPRESENTATION_CONTEXT ( 3 ) GLOBAL_UNCERTAINTY_ASSIGNED_CONTEXT ( ( #4190 ) ) GLOBAL_UNIT_ASSIGNED_CONTEXT ( ( #5735, #6251, #3482 ) ) REPRESENTATION_CONTEXT ( 'NONE', 'WORKASPACE' ) );
#5996 = AXIS2_PLACEMENT_3D ( 'NONE', #5451, #442, #2661 ) ;
#5997 = EDGE_LOOP ( 'NONE', ( #2613, #2564, #6787, #4861 ) ) ;
#5998 = VECTOR ( 'NONE', #6627, 1000.000000000000000 ) ;
#5999 = ORIENTED_EDGE ( 'NONE', *, *, #182, .F. ) ;
#6000 = ORIENTED_EDGE ( 'NONE', *, *, #3124, .F. ) ;
#6001 = EDGE_LOOP ( 'NONE', ( #3311, #3700, #3604, #5959 ) ) ;
#6002 = CARTESIAN_POINT ( 'NONE',  ( -1.151339791579042870, 3.000000000000000000, 1.121500735562910744 ) ) ;
#6003 = CARTESIAN_POINT ( 'NONE',  ( -0.9419854687504343183, 2.949999999999999734, 1.531634607584663632 ) ) ;
#6004 = CARTESIAN_POINT ( 'NONE',  ( -1.300000000000000044, 0.2500000000000000000, 1.800000000000000044 ) ) ;
#6005 = VECTOR ( 'NONE', #6557, 1000.000000000000000 ) ;
#6006 = LINE ( 'NONE', #6728, #3686 ) ;
#6007 = ADVANCED_FACE ( 'NONE', ( #4434 ), #5990, .T. ) ;
#6008 = VERTEX_POINT ( 'NONE', #5902 ) ;
#6009 = STYLED_ITEM ( 'NONE', ( #7141 ), #1349 ) ;
#6010 = CARTESIAN_POINT ( 'NONE',  ( 3.625000000000000000, 0.5999999999999999778, -1.499999999999999778 ) ) ;
#6011 = ORIENTED_EDGE ( 'NONE', *, *, #2270, .T. ) ;
#6012 = ORIENTED_EDGE ( 'NONE', *, *, #3215, .T. ) ;
#6013 =( NAMED_UNIT ( * ) SI_UNIT ( $, .STERADIAN. ) SOLID_ANGLE_UNIT ( ) );
#6014 = DIRECTION ( 'NONE',  ( 0.000000000000000000, 0.000000000000000000, 1.000000000000000000 ) ) ;
#6015 = DIRECTION ( 'NONE',  ( 0.000000000000000000, -0.000000000000000000, -1.000000000000000000 ) ) ;
#6016 = LINE ( 'NONE', #400, #3722 ) ;
#6017 = EDGE_CURVE ( 'NONE', #866, #3477, #6714, .T. ) ;
#6018 = CYLINDRICAL_SURFACE ( 'NONE', #6109, 0.4714285714285714191 ) ;
#6019 = SURFACE_SIDE_STYLE ('',( #6612 ) ) ;
#6020 = CARTESIAN_POINT ( 'NONE',  ( -2.024999999999999467, 0.2500000000000000000, 1.500000000000000222 ) ) ;
#6021 = UNCERTAINTY_MEASURE_WITH_UNIT (LENGTH_MEASURE( 1.000000000000000082E-05 ), #1112, 'distance_accuracy_value', 'NONE');
#6022 = ORIENTED_EDGE ( 'NONE', *, *, #3514, .T. ) ;
#6023 = DIRECTION ( 'NONE',  ( 0.000000000000000000, 1.000000000000000000, 0.000000000000000000 ) ) ;
#6024 = CARTESIAN_POINT ( 'NONE',  ( -0.5369520278213655295, 1.610876343277178879, -1.595248983584309110 ) ) ;
#6025 = AXIS2_PLACEMENT_3D ( 'NONE', #5311, #6398, #6958 ) ;
#6026 = ORIENTED_EDGE ( 'NONE', *, *, #4785, .T. ) ;
#6027 = EDGE_LOOP ( 'NONE', ( #5941, #3401, #5899, #4718 ) ) ;
#6028 = ORIENTED_EDGE ( 'NONE', *, *, #3501, .F. ) ;
#6029 = FACE_OUTER_BOUND ( 'NONE', #4299, .T. ) ;
#6030 = EDGE_CURVE ( 'NONE', #1230, #3131, #2027, .T. ) ;
#6031 = DIRECTION ( 'NONE',  ( -3.706674093967537163E-16, -3.706674093967537163E-16, -1.000000000000000000 ) ) ;
#6032 = EDGE_LOOP ( 'NONE', ( #144, #6476, #6294, #1706 ) ) ;
#6033 = ADVANCED_FACE ( 'NONE', ( #2061 ), #2097, .F. ) ;
#6034 = LINE ( 'NONE', #1748, #1253 ) ;
#6035 =( LENGTH_UNIT ( ) NAMED_UNIT ( * ) SI_UNIT ( .MILLI., .METRE. ) );
#6036 = DIRECTION ( 'NONE',  ( -1.000000000000000000, 0.000000000000000000, 1.445602896647339163E-16 ) ) ;
#6037 = ORIENTED_EDGE ( 'NONE', *, *, #2795, .T. ) ;
#6038 = EDGE_LOOP ( 'NONE', ( #5723, #799, #768, #820 ) ) ;
#6039 = CARTESIAN_POINT ( 'NONE',  ( 2.828571428571428736, 2.905714285714285694, 3.205714285714285960 ) ) ;
#6040 = CARTESIAN_POINT ( 'NONE',  ( -0.5191275572975055930, 2.949999999999999734, -2.255086310432033336 ) ) ;
#6041 = EDGE_CURVE ( 'NONE', #2773, #6377, #4621, .T. ) ;
#6042 = CARTESIAN_POINT ( 'NONE',  ( -1.132310254562977070, 2.950000000000000178, 0.07031103226462280531 ) ) ;
#6043 = FACE_OUTER_BOUND ( 'NONE', #3841, .T. ) ;
#6044 = EDGE_CURVE ( 'NONE', #1679, #6279, #2174, .T. ) ;
#6045 = CARTESIAN_POINT ( 'NONE',  ( -0.5191275572975084796, 2.949999999999999734, -0.6471926549609913204 ) ) ;
#6046 = ORIENTED_EDGE ( 'NONE', *, *, #5629, .F. ) ;
#6047 = DIRECTION ( 'NONE',  ( 0.000000000000000000, 0.000000000000000000, -1.000000000000000000 ) ) ;
#6048 = SURFACE_STYLE_FILL_AREA ( #4376 ) ;
#6049 = CLOSED_SHELL ( 'NONE', ( #3375, #2540, #3711, #3844 ) ) ;
#6050 = ORIENTED_EDGE ( 'NONE', *, *, #6524, .T. ) ;
#6051 = CARTESIAN_POINT ( 'NONE',  ( 2.024999999999999911, 0.5999999999999999778, -1.499999999999999778 ) ) ;
#6052 = CARTESIAN_POINT ( 'NONE',  ( -0.5369520278213593123, 3.000000000000000000, 0.1894440865371726790 ) ) ;
#6053 =( NAMED_UNIT ( * ) PLANE_ANGLE_UNIT ( ) SI_UNIT ( $, .RADIAN. ) );
#6054 = ADVANCED_FACE ( 'NONE', ( #4752 ), #4390, .T. ) ;
#6055 = VECTOR ( 'NONE', #6905, 1000.000000000000000 ) ;
#6056 = VECTOR ( 'NONE', #4876, 1000.000000000000000 ) ;
#6057 = CARTESIAN_POINT ( 'NONE',  ( -0.5369520278213518738, 3.000000000000000000, 2.140026246433025303 ) ) ;
#6058 = EDGE_LOOP ( 'NONE', ( #6168, #1735, #6764, #4693 ) ) ;
#6059 = EDGE_CURVE ( 'NONE', #3810, #213, #6965, .T. ) ;
#6060 = PRESENTATION_STYLE_ASSIGNMENT (( #254 ) ) ;
#6061 = VERTEX_POINT ( 'NONE', #1745 ) ;
#6062 = ORIENTED_EDGE ( 'NONE', *, *, #2598, .T. ) ;
#6063 = ORIENTED_EDGE ( 'NONE', *, *, #1062, .T. ) ;
#6064 =( NAMED_UNIT ( * ) PLANE_ANGLE_UNIT ( ) SI_UNIT ( $, .RADIAN. ) );
#6065 = CARTESIAN_POINT ( 'NONE',  ( -1.291453225550534434, 3.000000000000000000, -0.6617235808708898936 ) ) ;
#6066 = PLANE ( 'NONE',  #3148 ) ;
#6067 = VECTOR ( 'NONE', #3440, 1000.000000000000000 ) ;
#6068 = CARTESIAN_POINT ( 'NONE',  ( -1.291453225550519335, 3.000000000000000000, -2.269617236342074129 ) ) ;
#6069 = DIRECTION ( 'NONE',  ( 0.9914039068059099513, 0.000000000000000000, -0.1308368968218773798 ) ) ;
#6070 = FACE_OUTER_BOUND ( 'NONE', #3954, .T. ) ;
#6071 = ORIENTED_EDGE ( 'NONE', *, *, #4895, .F. ) ;
#6072 = VERTEX_POINT ( 'NONE', #2319 ) ;
#6073 = STYLED_ITEM ( 'NONE', ( #317 ), #5140 ) ;
#6074 = CARTESIAN_POINT ( 'NONE',  ( -2.828571428571428736, 15.33380951166242845, 3.300000000000000266 ) ) ;
#6075 = FACE_OUTER_BOUND ( 'NONE', #3524, .T. ) ;
#6076 = LINE ( 'NONE', #6638, #3822 ) ;
#6077 = PLANE ( 'NONE',  #3574 ) ;
#6078 = EDGE_LOOP ( 'NONE', ( #6080, #3668, #6194, #3689 ) ) ;
#6079 = CARTESIAN_POINT ( 'NONE',  ( -0.3113406322684411087, 3.000000000000000000, -1.909735474986742787 ) ) ;
#6080 = ORIENTED_EDGE ( 'NONE', *, *, #6435, .T. ) ;
#6081 = AXIS2_PLACEMENT_3D ( 'NONE', #1723, #6156, #1856 ) ;
#6082 = VECTOR ( 'NONE', #3803, 1000.000000000000000 ) ;
#6083 = DIRECTION ( 'NONE',  ( 0.000000000000000000, 3.706674093967537656E-16, 1.000000000000000000 ) ) ;
#6084 = VERTEX_POINT ( 'NONE', #50 ) ;
#6085 = ORIENTED_EDGE ( 'NONE', *, *, #117, .F. ) ;
#6086 = EDGE_LOOP ( 'NONE', ( #6358, #7172, #5139, #231 ) ) ;
#6087 = AXIS2_PLACEMENT_3D ( 'NONE', #1004, #2867, #6015 ) ;
#6088 = CARTESIAN_POINT ( 'NONE',  ( -1.009256750147800696, 2.949999999999999734, -0.5262135180941753809 ) ) ;
#6089 = PRESENTATION_LAYER_ASSIGNMENT (  '', '', ( #576 ) ) ;
#6090 = PRESENTATION_LAYER_ASSIGNMENT (  '', '', ( #1857 ) ) ;
#6091 = DIRECTION ( 'NONE',  ( 0.000000000000000000, 0.000000000000000000, 1.000000000000000000 ) ) ;
#6092 = VECTOR ( 'NONE', #569, 1000.000000000000000 ) ;
#6093 = VECTOR ( 'NONE', #3491, 1000.000000000000000 ) ;
#6094 = VERTEX_POINT ( 'NONE', #5654 ) ;
#6095 = ADVANCED_FACE ( 'NONE', ( #2328 ), #4563, .F. ) ;
#6096 = EDGE_CURVE ( 'NONE', #2695, #3675, #2292, .T. ) ;
#6097 = EDGE_LOOP ( 'NONE', ( #4695, #2307, #63, #2340 ) ) ;
#6098 = CARTESIAN_POINT ( 'NONE',  ( -0.9960914994576102188, 3.000000000000000000, -0.5535984564600542335 ) ) ;
#6099 = ORIENTED_EDGE ( 'NONE', *, *, #3947, .T. ) ;
#6100 = CARTESIAN_POINT ( 'NONE',  ( -1.355548194750002322, 2.999999999999999556, 1.402156078069614509 ) ) ;
#6101 = PLANE ( 'NONE',  #5467 ) ;
#6102 = CARTESIAN_POINT ( 'NONE',  ( -1.357751691251414483, 3.000000000000000000, 0.6007890726471740717 ) ) ;
#6103 = CARTESIAN_POINT ( 'NONE',  ( 3.205714285714285516, 0.2442857142857142450, 2.828571428571428736 ) ) ;
#6104 = VECTOR ( 'NONE', #119, 1000.000000000000000 ) ;
#6105 = DIRECTION ( 'NONE',  ( -0.9945218953682714025, 0.000000000000000000, -0.1045284632676718312 ) ) ;
#6106 = ORIENTED_EDGE ( 'NONE', *, *, #12, .F. ) ;
#6107 = DIRECTION ( 'NONE',  ( -0.000000000000000000, 1.000000000000000000, -0.000000000000000000 ) ) ;
#6108 = VECTOR ( 'NONE', #1707, 999.9999999999998863 ) ;
#6109 = AXIS2_PLACEMENT_3D ( 'NONE', #7056, #5585, #1167 ) ;
#6110 = CLOSED_SHELL ( 'NONE', ( #6656, #3590, #4029, #6054, #6947, #2789, #836, #1164, #4474, #4968 ) ) ;
#6111 = ORIENTED_EDGE ( 'NONE', *, *, #5463, .T. ) ;
#6112 = EDGE_CURVE ( 'NONE', #4773, #972, #2259, .T. ) ;
#6113 = UNCERTAINTY_MEASURE_WITH_UNIT (LENGTH_MEASURE( 1.000000000000000082E-05 ), #738, 'distance_accuracy_value', 'NONE');
#6114 = ADVANCED_FACE ( 'NONE', ( #4686 ), #6186, .F. ) ;
#6115 = CARTESIAN_POINT ( 'NONE',  ( 3.300000000000000711, 0.5999999999999999778, -1.499999999999999778 ) ) ;
#6116 = DIRECTION ( 'NONE',  ( -4.376511829034993021E-15, 0.000000000000000000, -1.000000000000000000 ) ) ;
#6117 = AXIS2_PLACEMENT_3D ( 'NONE', #6765, #4084, #206 ) ;
#6118 = CARTESIAN_POINT ( 'NONE',  ( -1.357751691251421811, 2.949999999999999734, -1.207104699462107300 ) ) ;
#6119 = VECTOR ( 'NONE', #7107, 1000.000000000000000 ) ;
#6120 = LINE ( 'NONE', #2805, #6104 ) ;
#6121 = EDGE_CURVE ( 'NONE', #2462, #6414, #7057, .T. ) ;
#6122 = EDGE_LOOP ( 'NONE', ( #5775, #5499, #6338, #3355 ) ) ;
#6123 =( LENGTH_UNIT ( ) NAMED_UNIT ( * ) SI_UNIT ( .MILLI., .METRE. ) );
#6124 = DIRECTION ( 'NONE',  ( -4.606854556878935206E-15, -0.000000000000000000, -1.000000000000000000 ) ) ;
#6125 = PRESENTATION_STYLE_ASSIGNMENT (( #5920 ) ) ;
#6126 = VERTEX_POINT ( 'NONE', #2923 ) ;
#6127 = EDGE_CURVE ( 'NONE', #2231, #5256, #4656, .T. ) ;
#6128 = DIRECTION ( 'NONE',  ( 0.000000000000000000, -0.000000000000000000, 1.000000000000000000 ) ) ;
#6129 = LINE ( 'NONE', #1509, #6189 ) ;
#6130 = VECTOR ( 'NONE', #2576, 1000.000000000000227 ) ;
#6131 = CARTESIAN_POINT ( 'NONE',  ( -0.5369520278213593123, 2.949999999999999734, 0.1894440865371726790 ) ) ;
#6132 = ORIENTED_EDGE ( 'NONE', *, *, #2719, .T. ) ;
#6133 = EDGE_CURVE ( 'NONE', #4790, #2726, #4647, .T. ) ;
#6134 = PLANE ( 'NONE',  #6878 ) ;
#6135 = ORIENTED_EDGE ( 'NONE', *, *, #6561, .T. ) ;
#6136 = DIRECTION ( 'NONE',  ( 1.000000000000000000, 0.000000000000000000, 1.445602896647339163E-16 ) ) ;
#6137 = ORIENTED_EDGE ( 'NONE', *, *, #5629, .T. ) ;
#6138 = ORIENTED_EDGE ( 'NONE', *, *, #4180, .F. ) ;
#6139 = DIRECTION ( 'NONE',  ( 2.650237759331712794E-15, 0.000000000000000000, 1.000000000000000000 ) ) ;
#6140 = EDGE_CURVE ( 'NONE', #1093, #1416, #7014, .T. ) ;
#6141 = CARTESIAN_POINT ( 'NONE',  ( -0.8186499976311963911, 2.999999999999999556, 0.1029587669415544526 ) ) ;
#6142 = COLOUR_RGB ( '',1.000000000000000000, 1.000000000000000000, 1.000000000000000000 ) ;
#6143 = VERTEX_POINT ( 'NONE', #5612 ) ;
#6144 = VERTEX_POINT ( 'NONE', #6711 ) ;
#6145 = CARTESIAN_POINT ( 'NONE',  ( -1.307978480753482664, 2.950000000000000178, 0.7139307616272294599 ) ) ;
#6146 = FACE_OUTER_BOUND ( 'NONE', #1423, .T. ) ;
#6147 = CARTESIAN_POINT ( 'NONE',  ( -2.592857142857142971, 3.000000000000000000, 2.592857142857143415 ) ) ;
#6148 = ORIENTED_EDGE ( 'NONE', *, *, #3034, .T. ) ;
#6149 = CARTESIAN_POINT ( 'NONE',  ( -0.6173770034315396726, 3.000000000000000444, 1.758201658812008406 ) ) ;
#6150 = CARTESIAN_POINT ( 'NONE',  ( 3.300000000000000711, 1.574999999999999734, -1.499999999999999778 ) ) ;
#6151 = PLANE ( 'NONE',  #239 ) ;
#6152 = EDGE_CURVE ( 'NONE', #3487, #7127, #2126, .T. ) ;
#6153 = VECTOR ( 'NONE', #745, 1000.000000000000114 ) ;
#6154 = CARTESIAN_POINT ( 'NONE',  ( -1.132140295698483845, 3.000000000000000000, 2.097613617064586045 ) ) ;
#6155 = VERTEX_POINT ( 'NONE', #4169 ) ;
#6156 = DIRECTION ( 'NONE',  ( 6.505213034913029562E-16, -0.000000000000000000, -1.000000000000000000 ) ) ;
#6157 = ORIENTED_EDGE ( 'NONE', *, *, #7102, .T. ) ;
#6158 = ADVANCED_FACE ( 'NONE', ( #4675 ), #7114, .T. ) ;
#6159 = ORIENTED_EDGE ( 'NONE', *, *, #6718, .F. ) ;
#6160 = SURFACE_SIDE_STYLE ('',( #163 ) ) ;
#6161 = DIRECTION ( 'NONE',  ( 0.000000000000000000, 1.000000000000000000, -0.000000000000000000 ) ) ;
#6162 = CARTESIAN_POINT ( 'NONE',  ( -0.3113406322684318939, 2.950000000000000178, 0.7220227891438155687 ) ) ;
#6163 = VECTOR ( 'NONE', #4953, 1000.000000000000000 ) ;
#6164 = LINE ( 'NONE', #6683, #3576 ) ;
#6165 = MECHANICAL_DESIGN_GEOMETRIC_PRESENTATION_REPRESENTATION (  '', ( #7145 ), #1838 ) ;
#6166 = AXIS2_PLACEMENT_3D ( 'NONE', #6147, #5701, #3352 ) ;
#6167 = CARTESIAN_POINT ( 'NONE',  ( -0.8418426963106281358, 2.950000000000000178, 2.163869536259844129 ) ) ;
#6168 = ORIENTED_EDGE ( 'NONE', *, *, #3603, .F. ) ;
#6169 = CARTESIAN_POINT ( 'NONE',  ( -3.300000000000000266, 1.574999999999999734, -0.3299999999999995159 ) ) ;
#6170 = DIRECTION ( 'NONE',  ( 1.445602896647339163E-16, 0.000000000000000000, -1.000000000000000000 ) ) ;
#6171 = VERTEX_POINT ( 'NONE', #3189 ) ;
#6172 = ORIENTED_EDGE ( 'NONE', *, *, #2895, .F. ) ;
#6173 = ADVANCED_FACE ( 'NONE', ( #6972 ), #5822, .F. ) ;
#6174 = EDGE_CURVE ( 'NONE', #5666, #2326, #4722, .T. ) ;
#6175 = CARTESIAN_POINT ( 'NONE',  ( 3.299999999999999822, 0.2442857142857142450, -2.828571428571428736 ) ) ;
#6176 = LINE ( 'NONE', #4277, #6119 ) ;
#6177 =( NAMED_UNIT ( * ) PLANE_ANGLE_UNIT ( ) SI_UNIT ( $, .RADIAN. ) );
#6178 = PRESENTATION_LAYER_ASSIGNMENT (  '', '', ( #2832 ) ) ;
#6179 = ORIENTED_EDGE ( 'NONE', *, *, #6536, .T. ) ;
#6180 = PLANE ( 'NONE',  #3224 ) ;
#6181 = PLANE ( 'NONE',  #420 ) ;
#6182 = ORIENTED_EDGE ( 'NONE', *, *, #5059, .F. ) ;
#6183 = CARTESIAN_POINT ( 'NONE',  ( -1.310836623396747891, 1.610876343277178879, -2.113882548645744208 ) ) ;
#6184 = VERTEX_POINT ( 'NONE', #2611 ) ;
#6185 = DIRECTION ( 'NONE',  ( 0.000000000000000000, -0.000000000000000000, -1.000000000000000000 ) ) ;
#6186 = PLANE ( 'NONE',  #4483 ) ;
#6187 = B_SPLINE_SURFACE_WITH_KNOTS ( 'NONE', 3, 1, ( 
 ( #3070, #1961 ),
 ( #5753, #6328 ),
 ( #4343, #3032 ),
 ( #2068, #3160 ),
 ( #3690, #5295 ) ),
 .UNSPECIFIED., .F., .F., .F.,
 ( 4, 1, 4 ),
 ( 2, 2 ),
 ( 0.000000000000000000, 0.5143794237790315638, 1.000000000000000000 ),
 ( 0.000000000000000000, 1.000000000000000000 ),
 .UNSPECIFIED. ) ;
#6188 = CARTESIAN_POINT ( 'NONE',  ( -0.3113406322684263428, 2.949999999999999734, 2.203872908678615961 ) ) ;
#6189 = VECTOR ( 'NONE', #6509, 1000.000000000000000 ) ;
#6190 = EDGE_CURVE ( 'NONE', #6985, #6310, #6986, .T. ) ;
#6191 = CIRCLE ( 'NONE', #3655, 0.03038517195999221321 ) ;
#6192 = CARTESIAN_POINT ( 'NONE',  ( -0.3113406322684411087, 2.949999999999999734, -1.909735474986742787 ) ) ;
#6193 = ORIENTED_EDGE ( 'NONE', *, *, #6133, .F. ) ;
#6194 = ORIENTED_EDGE ( 'NONE', *, *, #3114, .F. ) ;
#6195 = DIRECTION ( 'NONE',  ( 0.000000000000000000, 0.000000000000000000, 1.000000000000000000 ) ) ;
#6196 = AXIS2_PLACEMENT_3D ( 'NONE', #4997, #5534, #6047 ) ;
#6197 = ORIENTED_EDGE ( 'NONE', *, *, #5136, .F. ) ;
#6198 = FILL_AREA_STYLE ('',( #3977 ) ) ;
#6199 = ORIENTED_EDGE ( 'NONE', *, *, #6112, .T. ) ;
#6200 = CARTESIAN_POINT ( 'NONE',  ( -0.3113406322684358352, 2.950000000000000178, -0.3018418195157239192 ) ) ;
#6201 = SURFACE_STYLE_USAGE ( .BOTH. , #3394 ) ;
#6202 = CARTESIAN_POINT ( 'NONE',  ( -0.3113406322684285077, 2.949999999999999734, 1.733182046139194687 ) ) ;
#6203 = CARTESIAN_POINT ( 'NONE',  ( -2.828571428571428736, 0.1499999999999999944, 3.205714285714285960 ) ) ;
#6204 = LINE ( 'NONE', #308, #6153 ) ;
#6205 = SURFACE_STYLE_USAGE ( .BOTH. , #1673 ) ;
#6206 = EDGE_CURVE ( 'NONE', #2085, #6143, #7068, .T. ) ;
#6207 = EDGE_LOOP ( 'NONE', ( #2686, #2435, #2697, #7011, #7033, #4946, #3, #4582 ) ) ;
#6208 = PLANE ( 'NONE',  #3820 ) ;
#6209 = ORIENTED_EDGE ( 'NONE', *, *, #3986, .F. ) ;
#6210 = UNCERTAINTY_MEASURE_WITH_UNIT (LENGTH_MEASURE( 1.000000000000000082E-05 ), #5906, 'distance_accuracy_value', 'NONE');
#6211 = DIRECTION ( 'NONE',  ( -1.000000000000000000, 0.000000000000000000, 1.445602896647339163E-16 ) ) ;
#6212 = ORIENTED_EDGE ( 'NONE', *, *, #1648, .T. ) ;
#6213 = ORIENTED_EDGE ( 'NONE', *, *, #4694, .F. ) ;
#6214 = STYLED_ITEM ( 'NONE', ( #3136 ), #3697 ) ;
#6215 = CARTESIAN_POINT ( 'NONE',  ( -0.5369520278213519848, 2.949999999999999734, 2.140026246433025747 ) ) ;
#6216 = EDGE_CURVE ( 'NONE', #323, #6300, #6893, .T. ) ;
#6217 = CARTESIAN_POINT ( 'NONE',  ( -0.3255707312758720495, 3.000000000000000000, 1.533180298713288980 ) ) ;
#6218 = DIRECTION ( 'NONE',  ( -1.000000000000000000, 0.000000000000000000, -0.000000000000000000 ) ) ;
#6219 = CARTESIAN_POINT ( 'NONE',  ( -1.357751691251422699, 2.949999999999999734, -1.681518504515441492 ) ) ;
#6220 = DIRECTION ( 'NONE',  ( 3.777208558894928895E-15, 0.000000000000000000, 1.000000000000000000 ) ) ;
#6221 = CIRCLE ( 'NONE', #2655, 0.09428571428571427826 ) ;
#6222 = COLOUR_RGB ( '',0.2509803921568627416, 0.2509803921568627416, 0.2509803921568627416 ) ;
#6223 = EDGE_CURVE ( 'NONE', #7113, #3344, #4708, .T. ) ;
#6224 = DIRECTION ( 'NONE',  ( 0.000000000000000000, 3.706674093967537656E-16, 1.000000000000000000 ) ) ;
#6225 = ORIENTED_EDGE ( 'NONE', *, *, #1306, .T. ) ;
#6226 = DIRECTION ( 'NONE',  ( 0.9933818551354653970, -0.000000000000000000, 0.1148585647116548980 ) ) ;
#6227 = ORIENTED_EDGE ( 'NONE', *, *, #195, .T. ) ;
#6228 = ADVANCED_FACE ( 'NONE', ( #2315 ), #4883, .T. ) ;
#6229 = EDGE_CURVE ( 'NONE', #76, #3775, #2434, .T. ) ;
#6230 = VECTOR ( 'NONE', #5111, 1000.000000000000000 ) ;
#6231 = EDGE_LOOP ( 'NONE', ( #4832, #3054, #5667, #258 ) ) ;
#6232 = VERTEX_POINT ( 'NONE', #1451 ) ;
#6233 = CARTESIAN_POINT ( 'NONE',  ( -0.3113406322684263428, 2.950000000000000178, 2.203872908678615961 ) ) ;
#6234 = ORIENTED_EDGE ( 'NONE', *, *, #4639, .T. ) ;
#6235 = EDGE_CURVE ( 'NONE', #2184, #2113, #2371, .T. ) ;
#6236 = DIRECTION ( 'NONE',  ( 0.9933554313349570730, 0.000000000000000000, 0.1150868673539311299 ) ) ;
#6237 = FILL_AREA_STYLE ('',( #7179 ) ) ;
#6238 = PLANE ( 'NONE',  #5523 ) ;
#6239 = ORIENTED_EDGE ( 'NONE', *, *, #96, .T. ) ;
#6240 = DIRECTION ( 'NONE',  ( 1.000000000000000000, 0.000000000000000000, -4.376511829034993810E-15 ) ) ;
#6241 = EDGE_CURVE ( 'NONE', #6963, #7058, #65, .T. ) ;
#6242 = ORIENTED_EDGE ( 'NONE', *, *, #3701, .F. ) ;
#6243 = CARTESIAN_POINT ( 'NONE',  ( -0.5369520278213655295, 3.000000000000000000, -1.595248983584309110 ) ) ;
#6244 = ORIENTED_EDGE ( 'NONE', *, *, #510, .T. ) ;
#6245 = VERTEX_POINT ( 'NONE', #6348 ) ;
#6246 = SURFACE_STYLE_USAGE ( .BOTH. , #5731 ) ;
#6247 = ORIENTED_EDGE ( 'NONE', *, *, #4870, .T. ) ;
#6248 = DIRECTION ( 'NONE',  ( 0.000000000000000000, 0.000000000000000000, -1.000000000000000000 ) ) ;
#6249 = ADVANCED_FACE ( 'NONE', ( #2506 ), #5407, .F. ) ;
#6250 = LINE ( 'NONE', #2852, #1476 ) ;
#6251 =( NAMED_UNIT ( * ) PLANE_ANGLE_UNIT ( ) SI_UNIT ( $, .RADIAN. ) );
#6252 = ORIENTED_EDGE ( 'NONE', *, *, #5712, .F. ) ;
#6253 = CARTESIAN_POINT ( 'NONE',  ( -0.8418326795865148648, 3.000000000000000000, -1.146840856863407865 ) ) ;
#6254 = ORIENTED_EDGE ( 'NONE', *, *, #3777, .T. ) ;
#6255 = VERTEX_POINT ( 'NONE', #7106 ) ;
#6256 = EDGE_LOOP ( 'NONE', ( #1583, #3542, #1532, #2073 ) ) ;
#6257 = CLOSED_SHELL ( 'NONE', ( #1329, #3362, #185, #5390, #3898, #7140, #3985, #2378, #4789, #3757, #5306, #5609, #562, #1897, #5724, #2321, #4175, #7125, #5937, #630, #5561, #7049, #4, #2732, #1000, #794, #4542, #533, #3309, #948, #6512, #3156, #5442, #5955, #2150, #6589, #1013, #6897, #1650, #3282, #2194, #1963, #2058, #5785, #6558, #2123, #2440, #2689, #6697, #64, #7110, #2650, #5458, #4342, #2302, #249, #228, #6033, #1222, #1518, #6538, #6114, #2257, #404, #6832, #5978, #1726, #6173, #1818, #3961, #5249, #125, #6317, #1672, #3015, #2903, #1557, #5918, #5574, #7170, #4996, #3607, #6379, #5674, #4300, #4875, #2168, #6249, #460, #914, #166, #6471, #4361, #853, #6967, #2496, #4932, #5078, #4732, #5627, #1772, #4329, #4603, #6007, #477 ) ) ;
#6258 = CARTESIAN_POINT ( 'NONE',  ( -0.3255707312758720495, 2.949999999999999734, 1.533180298713288980 ) ) ;
#6259 = DIRECTION ( 'NONE',  ( 0.000000000000000000, 1.000000000000000000, 0.000000000000000000 ) ) ;
#6260 = CARTESIAN_POINT ( 'NONE',  ( 3.625000000000000000, 0.2357142857142857095, 5.240310500346604436E-16 ) ) ;
#6261 = CIRCLE ( 'NONE', #3152, 0.2357142857142857095 ) ;
#6262 = FILL_AREA_STYLE_COLOUR ( '', #6222 ) ;
#6263 = ORIENTED_EDGE ( 'NONE', *, *, #7129, .F. ) ;
#6264 = DIRECTION ( 'NONE',  ( -0.000000000000000000, 0.000000000000000000, 1.000000000000000000 ) ) ;
#6265 = ORIENTED_EDGE ( 'NONE', *, *, #6190, .T. ) ;
#6266 = EDGE_LOOP ( 'NONE', ( #5128, #5028, #6732, #386 ) ) ;
#6267 = ORIENTED_EDGE ( 'NONE', *, *, #1624, .F. ) ;
#6268 = ORIENTED_EDGE ( 'NONE', *, *, #4225, .F. ) ;
#6269 = FILL_AREA_STYLE_COLOUR ( '', #1841 ) ;
#6270 = MECHANICAL_DESIGN_GEOMETRIC_PRESENTATION_REPRESENTATION (  '', ( #5594 ), #2029 ) ;
#6271 = AXIS2_PLACEMENT_3D ( 'NONE', #2286, #2200, #5055 ) ;
#6272 = DIRECTION ( 'NONE',  ( 1.000000000000000000, 0.000000000000000000, 0.000000000000000000 ) ) ;
#6273 = AXIS2_PLACEMENT_3D ( 'NONE', #1929, #3567, #2551 ) ;
#6274 = CARTESIAN_POINT ( 'NONE',  ( -2.024999999999999467, 0.5999999999999999778, 1.500000000000000222 ) ) ;
#6275 = DIRECTION ( 'NONE',  ( 0.9914039068059099513, -0.000000000000000000, -0.1308368968218773798 ) ) ;
#6276 = DIRECTION ( 'NONE',  ( 0.000000000000000000, 0.000000000000000000, 1.000000000000000000 ) ) ;
#6277 = DIRECTION ( 'NONE',  ( 0.000000000000000000, -0.000000000000000000, -1.000000000000000000 ) ) ;
#6278 = DIRECTION ( 'NONE',  ( 4.037799520142767599E-15, 0.000000000000000000, 1.000000000000000000 ) ) ;
#6279 = VERTEX_POINT ( 'NONE', #6904 ) ;
#6280 = CARTESIAN_POINT ( 'NONE',  ( -0.8646004806540641408, 2.949999999999999734, -0.9331890140374523579 ) ) ;
#6281 = SURFACE_STYLE_USAGE ( .BOTH. , #4106 ) ;
#6282 = VECTOR ( 'NONE', #236, 1000.000000000000000 ) ;
#6283 = EDGE_LOOP ( 'NONE', ( #5826, #6037, #6234, #1166, #1549, #5470, #1711, #3454, #6011, #3379 ) ) ;
#6284 = PRESENTATION_LAYER_ASSIGNMENT (  '', '', ( #655 ) ) ;
#6285 = VERTEX_POINT ( 'NONE', #3050 ) ;
#6286 = ORIENTED_EDGE ( 'NONE', *, *, #5484, .T. ) ;
#6287 = VERTEX_POINT ( 'NONE', #290 ) ;
#6288 = DIRECTION ( 'NONE',  ( -2.891205793294678326E-16, 0.000000000000000000, 1.000000000000000000 ) ) ;
#6289 = LINE ( 'NONE', #3536, #1492 ) ;
#6290 =( LENGTH_UNIT ( ) NAMED_UNIT ( * ) SI_UNIT ( .MILLI., .METRE. ) );
#6291 = FILL_AREA_STYLE ('',( #5774 ) ) ;
#6292 = ORIENTED_EDGE ( 'NONE', *, *, #5258, .T. ) ;
#6293 =( LENGTH_UNIT ( ) NAMED_UNIT ( * ) SI_UNIT ( .MILLI., .METRE. ) );
#6294 = ORIENTED_EDGE ( 'NONE', *, *, #7026, .F. ) ;
#6295 = LINE ( 'NONE', #73, #6230 ) ;
#6296 = VERTEX_POINT ( 'NONE', #817 ) ;
#6297 =( GEOMETRIC_REPRESENTATION_CONTEXT ( 3 ) GLOBAL_UNCERTAINTY_ASSIGNED_CONTEXT ( ( #4925 ) ) GLOBAL_UNIT_ASSIGNED_CONTEXT ( ( #5948, #5396, #6622 ) ) REPRESENTATION_CONTEXT ( 'NONE', 'WORKASPACE' ) );
#6298 = ORIENTED_EDGE ( 'NONE', *, *, #4713, .F. ) ;
#6299 = CARTESIAN_POINT ( 'NONE',  ( -0.3113406322684285077, 1.610876343277178879, 1.733182046139194687 ) ) ;
#6300 = VERTEX_POINT ( 'NONE', #1343 ) ;
#6301 = DIRECTION ( 'NONE',  ( 0.9933818551354653970, 0.000000000000000000, 0.1148585647116549119 ) ) ;
#6302 = EDGE_CURVE ( 'NONE', #6300, #1093, #2459, .T. ) ;
#6303 = AXIS2_PLACEMENT_3D ( 'NONE', #5755, #372, #268 ) ;
#6304 = DIRECTION ( 'NONE',  ( 2.891205793294678326E-16, -0.000000000000000000, 1.000000000000000000 ) ) ;
#6305 = LINE ( 'NONE', #6024, #6442 ) ;
#6306 = CARTESIAN_POINT ( 'NONE',  ( -0.5104047370281182827, 3.000000000000000000, 1.258785626153509529 ) ) ;
#6307 = EDGE_LOOP ( 'NONE', ( #5578, #3879, #2654, #4008 ) ) ;
#6308 = CARTESIAN_POINT ( 'NONE',  ( 3.299999999999999822, 0.5999999999999998668, 2.828571428571428736 ) ) ;
#6309 = LINE ( 'NONE', #3560, #6433 ) ;
#6310 = VERTEX_POINT ( 'NONE', #4762 ) ;
#6311 =( LENGTH_UNIT ( ) NAMED_UNIT ( * ) SI_UNIT ( .MILLI., .METRE. ) );
#6312 = ORIENTED_EDGE ( 'NONE', *, *, #6845, .F. ) ;
#6313 = PLANE ( 'NONE',  #6997 ) ;
#6314 = DIRECTION ( 'NONE',  ( -0.9012599435649153445, 0.000000000000000000, -0.4332787949177358544 ) ) ;
#6315 = EDGE_CURVE ( 'NONE', #2282, #6503, #27, .T. ) ;
#6316 = CARTESIAN_POINT ( 'NONE',  ( -3.299999999999999822, 15.33380951166242845, 1.500000000000000666 ) ) ;
#6317 = ADVANCED_FACE ( 'NONE', ( #4780, #4863 ), #3615, .F. ) ;
#6318 = FACE_OUTER_BOUND ( 'NONE', #5929, .T. ) ;
#6319 = PRESENTATION_STYLE_ASSIGNMENT (( #3205 ) ) ;
#6320 = CARTESIAN_POINT ( 'NONE',  ( -2.828571428571428736, 2.905714285714285694, 3.300000000000000266 ) ) ;
#6321 = ORIENTED_EDGE ( 'NONE', *, *, #4242, .F. ) ;
#6322 = EDGE_CURVE ( 'NONE', #5105, #734, #4834, .T. ) ;
#6323 = CARTESIAN_POINT ( 'NONE',  ( -0.5369520278213577580, 2.949999999999999734, 0.5545010321583131452 ) ) ;
#6324 = COLOUR_RGB ( '',0.7921568627450980005, 0.8196078431372548767, 0.9333333333333333481 ) ;
#6325 = VERTEX_POINT ( 'NONE', #568 ) ;
#6326 = EDGE_LOOP ( 'NONE', ( #1334, #3704, #1221, #1188, #1229, #3673, #3860, #1185, #3470, #1174 ) ) ;
#6327 = ORIENTED_EDGE ( 'NONE', *, *, #2930, .F. ) ;
#6328 = CARTESIAN_POINT ( 'NONE',  ( -0.3113406322684343364, 3.000000000000000000, 0.07152145899898833259 ) ) ;
#6329 = EDGE_CURVE ( 'NONE', #1559, #2617, #5010, .T. ) ;
#6330 = DIRECTION ( 'NONE',  ( 0.000000000000000000, 1.000000000000000000, -0.000000000000000000 ) ) ;
#6331 = CARTESIAN_POINT ( 'NONE',  ( -2.828571428571428736, 0.1499999999999999944, -3.205714285714285516 ) ) ;
#6332 = SURFACE_STYLE_FILL_AREA ( #6418 ) ;
#6333 = EDGE_LOOP ( 'NONE', ( #2417, #4382, #4261, #4209 ) ) ;
#6334 = DIRECTION ( 'NONE',  ( -0.9945218953682742891, 0.000000000000000000, -0.1045284632676440756 ) ) ;
#6335 = EDGE_LOOP ( 'NONE', ( #5314, #3303, #2275, #5373 ) ) ;
#6336 = DIRECTION ( 'NONE',  ( 0.000000000000000000, 0.000000000000000000, -1.000000000000000000 ) ) ;
#6337 = VECTOR ( 'NONE', #3179, 1000.000000000000000 ) ;
#6338 = ORIENTED_EDGE ( 'NONE', *, *, #1866, .F. ) ;
#6339 = ORIENTED_EDGE ( 'NONE', *, *, #2807, .F. ) ;
#6340 = EDGE_CURVE ( 'NONE', #3864, #1520, #7177, .T. ) ;
#6341 = CARTESIAN_POINT ( 'NONE',  ( -1.310836623396737899, 2.950000000000000178, -0.5059888931745942786 ) ) ;
#6342 =( NAMED_UNIT ( * ) SI_UNIT ( $, .STERADIAN. ) SOLID_ANGLE_UNIT ( ) );
#6343 = ORIENTED_EDGE ( 'NONE', *, *, #5169, .T. ) ;
#6344 = ORIENTED_EDGE ( 'NONE', *, *, #1009, .F. ) ;
#6345 = LINE ( 'NONE', #2342, #1514 ) ;
#6346 = ORIENTED_EDGE ( 'NONE', *, *, #1866, .T. ) ;
#6347 = DIRECTION ( 'NONE',  ( -1.924472235945947451E-15, 0.000000000000000000, -1.000000000000000000 ) ) ;
#6348 = CARTESIAN_POINT ( 'NONE',  ( -0.5369520278213593123, 2.950000000000000178, 0.1894440865371726790 ) ) ;
#6349 = ORIENTED_EDGE ( 'NONE', *, *, #3431, .T. ) ;
#6350 = ORIENTED_EDGE ( 'NONE', *, *, #6850, .F. ) ;
#6351 = DIRECTION ( 'NONE',  ( -3.878780124852346801E-15, 0.000000000000000000, -1.000000000000000000 ) ) ;
#6352 = ORIENTED_EDGE ( 'NONE', *, *, #7173, .T. ) ;
#6353 = CARTESIAN_POINT ( 'NONE',  ( -0.5191275572975055930, 2.950000000000000178, -2.255086310432033336 ) ) ;
#6354 = PLANE ( 'NONE',  #5367 ) ;
#6355 = VECTOR ( 'NONE', #654, 1000.000000000000114 ) ;
#6356 = VERTEX_POINT ( 'NONE', #1160 ) ;
#6357 =( BOUNDED_CURVE ( )  B_SPLINE_CURVE ( 3, ( #3112, #3633, #3248, #4825 ),
 .UNSPECIFIED., .F., .F. ) 
 B_SPLINE_CURVE_WITH_KNOTS ( ( 4, 4 ),
 ( 3.141592653589793116, 6.283185307179586232 ),
 .UNSPECIFIED. ) 
 CURVE ( )  GEOMETRIC_REPRESENTATION_ITEM ( )  RATIONAL_B_SPLINE_CURVE ( ( 1.000000000000000000, 0.3333333333333333703, 0.3333333333333333703, 1.000000000000000000 ) ) 
 REPRESENTATION_ITEM ( '' )  );
#6358 = ORIENTED_EDGE ( 'NONE', *, *, #1512, .T. ) ;
#6359 =( LENGTH_UNIT ( ) NAMED_UNIT ( * ) SI_UNIT ( .MILLI., .METRE. ) );
#6360 = EDGE_LOOP ( 'NONE', ( #1105, #4532, #6138, #3729 ) ) ;
#6361 = ORIENTED_EDGE ( 'NONE', *, *, #6807, .T. ) ;
#6362 = VERTEX_POINT ( 'NONE', #1616 ) ;
#6363 = ORIENTED_EDGE ( 'NONE', *, *, #2876, .T. ) ;
#6364 = DIRECTION ( 'NONE',  ( 1.000000000000000000, 0.000000000000000000, 0.000000000000000000 ) ) ;
#6365 = DIRECTION ( 'NONE',  ( -1.000000000000000000, 0.000000000000000000, 0.000000000000000000 ) ) ;
#6366 = CARTESIAN_POINT ( 'NONE',  ( 3.205714285714285516, 0.2442857142857142450, 2.828571428571428736 ) ) ;
#6367 = CARTESIAN_POINT ( 'NONE',  ( -0.3113406322684380556, 3.000000000000000000, -1.100845407848078716 ) ) ;
#6368 = AXIS2_PLACEMENT_3D ( 'NONE', #2621, #5925, #3626 ) ;
#6369 = DIRECTION ( 'NONE',  ( 0.000000000000000000, 0.000000000000000000, 1.000000000000000000 ) ) ;
#6370 = AXIS2_PLACEMENT_3D ( 'NONE', #3649, #432, #6996 ) ;
#6371 = STYLED_ITEM ( 'NONE', ( #1083 ), #2142 ) ;
#6372 = DIRECTION ( 'NONE',  ( -1.000000000000000000, 0.000000000000000000, -6.505213034913029562E-16 ) ) ;
#6373 = ORIENTED_EDGE ( 'NONE', *, *, #5725, .F. ) ;
#6374 = PRESENTATION_LAYER_ASSIGNMENT (  '', '', ( #2134 ) ) ;
#6375 = ORIENTED_EDGE ( 'NONE', *, *, #4341, .T. ) ;
#6376 = ORIENTED_EDGE ( 'NONE', *, *, #704, .T. ) ;
#6377 = VERTEX_POINT ( 'NONE', #653 ) ;
#6378 = CARTESIAN_POINT ( 'NONE',  ( -1.132140295698482735, 2.950000000000000178, 2.143374595551085005 ) ) ;
#6379 = ADVANCED_FACE ( 'NONE', ( #4945 ), #2334, .F. ) ;
#6380 = CARTESIAN_POINT ( 'NONE',  ( -0.3113406322684293959, 2.949999999999999734, 1.462103842300823686 ) ) ;
#6381 = DIRECTION ( 'NONE',  ( -0.000000000000000000, -1.000000000000000000, -0.000000000000000000 ) ) ;
#6382 = DIRECTION ( 'NONE',  ( -0.000000000000000000, 1.000000000000000000, -0.000000000000000000 ) ) ;
#6383 = EDGE_CURVE ( 'NONE', #6867, #5200, #4984, .T. ) ;
#6384 = PLANE ( 'NONE',  #3306 ) ;
#6385 = ORIENTED_EDGE ( 'NONE', *, *, #5501, .F. ) ;
#6386 = CARTESIAN_POINT ( 'NONE',  ( 1.300000000000000044, 0.2500000000000000000, 1.800000000000000044 ) ) ;
#6387 = CIRCLE ( 'NONE', #6981, 0.4714285714285714191 ) ;
#6388 = ORIENTED_EDGE ( 'NONE', *, *, #1269, .T. ) ;
#6389 = PRESENTATION_LAYER_ASSIGNMENT (  '', '', ( #2154 ) ) ;
#6390 = VERTEX_POINT ( 'NONE', #2940 ) ;
#6391 = ORIENTED_EDGE ( 'NONE', *, *, #3589, .F. ) ;
#6392 = CARTESIAN_POINT ( 'NONE',  ( -0.3113406322684343364, 2.949999999999999734, 0.07152145899898833259 ) ) ;
#6393 = B_SPLINE_CURVE_WITH_KNOTS ( 'NONE', 3,
 ( #4156, #2591, #3552, #977 ),
 .UNSPECIFIED., .F., .F.,
 ( 4, 4 ),
 ( 0.000000000000000000, 1.000000000000000000 ),
 .UNSPECIFIED. ) ;
#6394 = DIRECTION ( 'NONE',  ( -0.000000000000000000, 1.000000000000000000, -0.000000000000000000 ) ) ;
#6395 = AXIS2_PLACEMENT_3D ( 'NONE', #214, #3537, #5289 ) ;
#6396 = CARTESIAN_POINT ( 'NONE',  ( -0.5191275572975055930, 1.610876343277178879, -2.255086310432033336 ) ) ;
#6397 = EDGE_CURVE ( 'NONE', #1180, #157, #2079, .T. ) ;
#6398 = DIRECTION ( 'NONE',  ( -0.1150868673539311160, 0.000000000000000000, 0.9933554313349570730 ) ) ;
#6399 = ORIENTED_EDGE ( 'NONE', *, *, #3159, .T. ) ;
#6400 = CARTESIAN_POINT ( 'NONE',  ( -2.024999999999999911, 0.5999999999999999778, -1.499999999999999778 ) ) ;
#6401 = EDGE_LOOP ( 'NONE', ( #26, #4922, #2532, #5533 ) ) ;
#6402 = DIRECTION ( 'NONE',  ( -0.000000000000000000, 0.000000000000000000, 1.000000000000000000 ) ) ;
#6403 = CARTESIAN_POINT ( 'NONE',  ( -3.299999999999999378, 0.2500000000000000000, -1.800000000000000488 ) ) ;
#6404 = ORIENTED_EDGE ( 'NONE', *, *, #4141, .F. ) ;
#6405 = CARTESIAN_POINT ( 'NONE',  ( -0.3113406322684358352, 3.000000000000000000, -0.3018418195157239192 ) ) ;
#6406 = VERTEX_POINT ( 'NONE', #7150 ) ;
#6407 =( GEOMETRIC_REPRESENTATION_CONTEXT ( 3 ) GLOBAL_UNCERTAINTY_ASSIGNED_CONTEXT ( ( #3196 ) ) GLOBAL_UNIT_ASSIGNED_CONTEXT ( ( #1446, #4318, #2030 ) ) REPRESENTATION_CONTEXT ( 'NONE', 'WORKASPACE' ) );
#6408 = CARTESIAN_POINT ( 'NONE',  ( -1.357751691251414483, 2.949999999999999734, 0.6007890726471740717 ) ) ;
#6409 = ORIENTED_EDGE ( 'NONE', *, *, #1439, .F. ) ;
#6410 = AXIS2_PLACEMENT_3D ( 'NONE', #4943, #107, #3346 ) ;
#6411 = FILL_AREA_STYLE ('',( #1576 ) ) ;
#6412 = EDGE_LOOP ( 'NONE', ( #4078, #5301, #2600, #1739 ) ) ;
#6413 = VERTEX_POINT ( 'NONE', #5495 ) ;
#6414 = VERTEX_POINT ( 'NONE', #3812 ) ;
#6415 = EDGE_LOOP ( 'NONE', ( #5831, #209, #3929, #3557 ) ) ;
#6416 = CARTESIAN_POINT ( 'NONE',  ( -1.357751691251410708, 2.949999999999999734, 2.097613617064586933 ) ) ;
#6417 = DIRECTION ( 'NONE',  ( 0.000000000000000000, -1.000000000000000000, 0.000000000000000000 ) ) ;
#6418 = FILL_AREA_STYLE ('',( #5333 ) ) ;
#6419 = EDGE_CURVE ( 'NONE', #4986, #3312, #4874, .T. ) ;
#6420 = CIRCLE ( 'NONE', #4672, 0.09428571428571430602 ) ;
#6421 = EDGE_CURVE ( 'NONE', #5603, #842, #2446, .T. ) ;
#6422 = VECTOR ( 'NONE', #6826, 1000.000000000000000 ) ;
#6423 = VERTEX_POINT ( 'NONE', #5539 ) ;
#6424 = VERTEX_POINT ( 'NONE', #3874 ) ;
#6425 = ORIENTED_EDGE ( 'NONE', *, *, #4694, .T. ) ;
#6426 = VERTEX_POINT ( 'NONE', #2801 ) ;
#6427 = DIRECTION ( 'NONE',  ( 1.000000000000000000, 0.000000000000000000, -3.878780124852346801E-15 ) ) ;
#6428 = SURFACE_SIDE_STYLE ('',( #5796 ) ) ;
#6429 = DIRECTION ( 'NONE',  ( -0.000000000000000000, 1.000000000000000000, -0.000000000000000000 ) ) ;
#6430 = DIRECTION ( 'NONE',  ( -1.000000000000000000, 0.000000000000000000, 2.710505431213760592E-16 ) ) ;
#6431 = ORIENTED_EDGE ( 'NONE', *, *, #3530, .F. ) ;
#6432 = FILL_AREA_STYLE ('',( #2187 ) ) ;
#6433 = VECTOR ( 'NONE', #6496, 1000.000000000000000 ) ;
#6434 = ORIENTED_EDGE ( 'NONE', *, *, #5961, .F. ) ;
#6435 = EDGE_CURVE ( 'NONE', #3296, #7059, #348, .T. ) ;
#6436 = VERTEX_POINT ( 'NONE', #1670 ) ;
#6437 = VERTEX_POINT ( 'NONE', #6202 ) ;
#6438 = ORIENTED_EDGE ( 'NONE', *, *, #4409, .F. ) ;
#6439 = CARTESIAN_POINT ( 'NONE',  ( -0.8646004806540522614, 3.000000000000000000, 2.371529302489240987 ) ) ;
#6440 = ADVANCED_FACE ( 'NONE', ( #5026 ), #4766, .F. ) ;
#6441 = CARTESIAN_POINT ( 'NONE',  ( -2.828571428571428736, 2.905714285714285694, -2.828571428571428736 ) ) ;
#6442 = VECTOR ( 'NONE', #588, 1000.000000000000000 ) ;
#6443 = ORIENTED_EDGE ( 'NONE', *, *, #2598, .F. ) ;
#6444 =( NAMED_UNIT ( * ) PLANE_ANGLE_UNIT ( ) SI_UNIT ( $, .RADIAN. ) );
#6445 = EDGE_LOOP ( 'NONE', ( #4431, #2713, #6863, #6606 ) ) ;
#6446 =( NAMED_UNIT ( * ) SI_UNIT ( $, .STERADIAN. ) SOLID_ANGLE_UNIT ( ) );
#6447 = ORIENTED_EDGE ( 'NONE', *, *, #5869, .T. ) ;
#6448 = EDGE_LOOP ( 'NONE', ( #5547, #1084, #3184, #1573 ) ) ;
#6449 = DIRECTION ( 'NONE',  ( -1.000000000000000000, 0.000000000000000000, 3.590423107612694605E-15 ) ) ;
#6450 = ORIENTED_EDGE ( 'NONE', *, *, #2682, .T. ) ;
#6451 = DIRECTION ( 'NONE',  ( 0.9914039068059099513, 0.000000000000000000, -0.1308368968218773798 ) ) ;
#6452 = PRODUCT_DEFINITION_FORMATION_WITH_SPECIFIED_SOURCE ( 'ANY', '', #1450, .NOT_KNOWN. ) ;
#6453 = AXIS2_PLACEMENT_3D ( 'NONE', #757, #1870, #35 ) ;
#6454 = DIRECTION ( 'NONE',  ( 0.000000000000000000, -1.000000000000000000, 0.000000000000000000 ) ) ;
#6455 = FACE_OUTER_BOUND ( 'NONE', #1072, .T. ) ;
#6456 = COLOUR_RGB ( '',1.000000000000000000, 1.000000000000000000, 1.000000000000000000 ) ;
#6457 = CARTESIAN_POINT ( 'NONE',  ( -0.8418326795865148648, 3.000000000000000000, -1.146840856863407865 ) ) ;
#6458 = LINE ( 'NONE', #5216, #6474 ) ;
#6459 = ORIENTED_EDGE ( 'NONE', *, *, #6241, .T. ) ;
#6460 = AXIS2_PLACEMENT_3D ( 'NONE', #3818, #4427, #4864 ) ;
#6461 = ORIENTED_EDGE ( 'NONE', *, *, #5947, .F. ) ;
#6462 = ORIENTED_EDGE ( 'NONE', *, *, #2524, .F. ) ;
#6463 = CARTESIAN_POINT ( 'NONE',  ( -0.8418426963106281358, 2.950000000000000178, 2.163869536259844129 ) ) ;
#6464 = CARTESIAN_POINT ( 'NONE',  ( 3.389285714285714679, 0.000000000000000000, -1.499999999999999778 ) ) ;
#6465 = DIRECTION ( 'NONE',  ( 1.000000000000000000, 0.000000000000000000, -3.860939618154558568E-15 ) ) ;
#6466 = MECHANICAL_DESIGN_GEOMETRIC_PRESENTATION_REPRESENTATION (  '', ( #1494 ), #980 ) ;
#6467 = AXIS2_PLACEMENT_3D ( 'NONE', #1488, #3300, #1017 ) ;
#6468 = CARTESIAN_POINT ( 'NONE',  ( -3.299999999999999822, 0.2442857142857142450, 2.828571428571428736 ) ) ;
#6469 = AXIS2_PLACEMENT_3D ( 'NONE', #1070, #2757, #4529 ) ;
#6470 = LINE ( 'NONE', #4337, #1836 ) ;
#6471 = ADVANCED_FACE ( 'NONE', ( #39 ), #6151, .F. ) ;
#6472 = PLANE ( 'NONE',  #2860 ) ;
#6473 = PRESENTATION_STYLE_ASSIGNMENT (( #3372 ) ) ;
#6474 = VECTOR ( 'NONE', #3850, 1000.000000000000000 ) ;
#6475 = MANIFOLD_SOLID_BREP ( 'Boss-Extrude5[2]', #6110 ) ;
#6476 = ORIENTED_EDGE ( 'NONE', *, *, #3682, .F. ) ;
#6477 = ORIENTED_EDGE ( 'NONE', *, *, #4439, .F. ) ;
#6478 = EDGE_CURVE ( 'NONE', #3487, #6155, #2580, .T. ) ;
#6479 = DIRECTION ( 'NONE',  ( 0.000000000000000000, 0.000000000000000000, 1.000000000000000000 ) ) ;
#6480 = CARTESIAN_POINT ( 'NONE',  ( 2.025000000000000355, 0.2500000000000000000, -2.927345865710862958E-16 ) ) ;
#6481 = CARTESIAN_POINT ( 'NONE',  ( -2.024999999999999467, 0.5999999999999999778, 1.500000000000000222 ) ) ;
#6482 = MECHANICAL_DESIGN_GEOMETRIC_PRESENTATION_REPRESENTATION (  '', ( #3651 ), #1696 ) ;
#6483 = CARTESIAN_POINT ( 'NONE',  ( -3.299999999999999822, 0.2500000000000000000, 1.799999999999999600 ) ) ;
#6484 = FILL_AREA_STYLE_COLOUR ( '', #4917 ) ;
#6485 = FACE_OUTER_BOUND ( 'NONE', #955, .T. ) ;
#6486 =( LENGTH_UNIT ( ) NAMED_UNIT ( * ) SI_UNIT ( .MILLI., .METRE. ) );
#6487 = PRESENTATION_STYLE_ASSIGNMENT (( #5353 ) ) ;
#6488 = ORIENTED_EDGE ( 'NONE', *, *, #6850, .T. ) ;
#6489 = ORIENTED_EDGE ( 'NONE', *, *, #3250, .T. ) ;
#6490 = ORIENTED_EDGE ( 'NONE', *, *, #4535, .T. ) ;
#6491 = VECTOR ( 'NONE', #850, 1000.000000000000000 ) ;
#6492 = AXIS2_PLACEMENT_3D ( 'NONE', #36, #2268, #3899 ) ;
#6493 =( NAMED_UNIT ( * ) PLANE_ANGLE_UNIT ( ) SI_UNIT ( $, .RADIAN. ) );
#6494 = EDGE_CURVE ( 'NONE', #4076, #5641, #4793, .T. ) ;
#6495 = CARTESIAN_POINT ( 'NONE',  ( 3.205714285714285516, 0.2442857142857142450, 2.828571428571428736 ) ) ;
#6496 = DIRECTION ( 'NONE',  ( -0.000000000000000000, 1.000000000000000000, -0.000000000000000000 ) ) ;
#6497 = VECTOR ( 'NONE', #3245, 1000.000000000000000 ) ;
#6498 =( NAMED_UNIT ( * ) PLANE_ANGLE_UNIT ( ) SI_UNIT ( $, .RADIAN. ) );
#6499 =( BOUNDED_SURFACE ( )  B_SPLINE_SURFACE ( 3, 1, ( 
 ( #3185, #1927 ),
 ( #6960, #2707 ),
 ( #4950, #340 ),
 ( #5405, #397 ) ),
 .UNSPECIFIED., .F., .F., .F. ) 
 B_SPLINE_SURFACE_WITH_KNOTS ( ( 4, 4 ),
 ( 2, 2 ),
 ( 0.000000000000000000, 1.000000000000000000 ),
 ( 0.000000000000000000, 1.000000000000000000 ),
 .UNSPECIFIED. ) 
 GEOMETRIC_REPRESENTATION_ITEM ( )  RATIONAL_B_SPLINE_SURFACE ( (
 ( 1.000000000000000000, 1.000000000000000000),
 ( 0.3333333333333333703, 0.3333333333333333703),
 ( 0.3333333333333333703, 0.3333333333333333703),
 ( 1.000000000000000000, 1.000000000000000000) ) ) 
 REPRESENTATION_ITEM ( '' )  SURFACE ( )  );
#6500 = PRESENTATION_LAYER_ASSIGNMENT (  '', '', ( #2510 ) ) ;
#6501 = EDGE_CURVE ( 'NONE', #347, #900, #422, .T. ) ;
#6502 = LINE ( 'NONE', #7080, #1799 ) ;
#6503 = VERTEX_POINT ( 'NONE', #5705 ) ;
#6504 = UNCERTAINTY_MEASURE_WITH_UNIT (LENGTH_MEASURE( 1.000000000000000082E-05 ), #5188, 'distance_accuracy_value', 'NONE');
#6505 = DIRECTION ( 'NONE',  ( 0.9012599435649609747, 0.000000000000000000, 0.4332787949176409859 ) ) ;
#6506 = SURFACE_STYLE_USAGE ( .BOTH. , #5729 ) ;
#6507 = DIRECTION ( 'NONE',  ( 1.445602896647339163E-16, 0.000000000000000000, 1.000000000000000000 ) ) ;
#6508 = EDGE_LOOP ( 'NONE', ( #4815, #5620 ) ) ;
#6509 = DIRECTION ( 'NONE',  ( -0.000000000000000000, 1.000000000000000000, -0.000000000000000000 ) ) ;
#6510 = VERTEX_POINT ( 'NONE', #6464 ) ;
#6511 = DIRECTION ( 'NONE',  ( -0.9945218953682742891, 0.000000000000000000, -0.1045284632676442699 ) ) ;
#6512 = ADVANCED_FACE ( 'NONE', ( #250 ), #2848, .T. ) ;
#6513 = EDGE_CURVE ( 'NONE', #5261, #6579, #457, .T. ) ;
#6514 = CARTESIAN_POINT ( 'NONE',  ( -0.3113406322684293959, 3.000000000000000000, 1.462103842300823686 ) ) ;
#6515 =( NAMED_UNIT ( * ) SI_UNIT ( $, .STERADIAN. ) SOLID_ANGLE_UNIT ( ) );
#6516 = ORIENTED_EDGE ( 'NONE', *, *, #1447, .T. ) ;
#6517 = EDGE_CURVE ( 'NONE', #4664, #2975, #2755, .T. ) ;
#6518 = VERTEX_POINT ( 'NONE', #2984 ) ;
#6519 = ORIENTED_EDGE ( 'NONE', *, *, #437, .F. ) ;
#6520 = DIRECTION ( 'NONE',  ( -1.000000000000000000, 0.000000000000000000, -6.505213034913029562E-16 ) ) ;
#6521 = PLANE ( 'NONE',  #4335 ) ;
#6522 = CARTESIAN_POINT ( 'NONE',  ( -1.274968362457743476, 2.949999999999999734, -2.188491846882453906 ) ) ;
#6523 =( LENGTH_UNIT ( ) NAMED_UNIT ( * ) SI_UNIT ( .MILLI., .METRE. ) );
#6524 = EDGE_CURVE ( 'NONE', #1093, #3395, #2620, .T. ) ;
#6525 = DIRECTION ( 'NONE',  ( -3.538354270939118021E-15, 0.000000000000000000, -1.000000000000000000 ) ) ;
#6526 = DIRECTION ( 'NONE',  ( -0.000000000000000000, 1.000000000000000000, -0.000000000000000000 ) ) ;
#6527 = FACE_OUTER_BOUND ( 'NONE', #173, .T. ) ;
#6528 =( LENGTH_UNIT ( ) NAMED_UNIT ( * ) SI_UNIT ( .MILLI., .METRE. ) );
#6529 = EDGE_LOOP ( 'NONE', ( #6706, #2373, #1938, #4411 ) ) ;
#6530 = VECTOR ( 'NONE', #3698, 1000.000000000000000 ) ;
#6531 = VERTEX_POINT ( 'NONE', #1262 ) ;
#6532 = DIRECTION ( 'NONE',  ( 0.000000000000000000, -1.000000000000000000, 0.000000000000000000 ) ) ;
#6533 = DIRECTION ( 'NONE',  ( 1.000000000000000000, 0.000000000000000000, 0.000000000000000000 ) ) ;
#6534 = CARTESIAN_POINT ( 'NONE',  ( 3.300000000000000266, 1.339285714285714191, 0.2357142857142861259 ) ) ;
#6535 = DIRECTION ( 'NONE',  ( 0.9914039068058959625, -0.000000000000000000, -0.1308368968219830730 ) ) ;
#6536 = EDGE_CURVE ( 'NONE', #2794, #5034, #5171, .T. ) ;
#6537 = VECTOR ( 'NONE', #1005, 1000.000000000000000 ) ;
#6538 = ADVANCED_FACE ( 'NONE', ( #5264 ), #6815, .F. ) ;
#6539 = DIRECTION ( 'NONE',  ( -1.000000000000000000, 0.000000000000000000, 1.445602896647339163E-16 ) ) ;
#6540 =( LENGTH_UNIT ( ) NAMED_UNIT ( * ) SI_UNIT ( .MILLI., .METRE. ) );
#6541 = ORIENTED_EDGE ( 'NONE', *, *, #1173, .T. ) ;
#6542 = DIRECTION ( 'NONE',  ( -4.606854556878935206E-15, 0.000000000000000000, -1.000000000000000000 ) ) ;
#6543 = DIRECTION ( 'NONE',  ( -3.937577556446986284E-15, 0.000000000000000000, -1.000000000000000000 ) ) ;
#6544 = VECTOR ( 'NONE', #1437, 1000.000000000000000 ) ;
#6545 =( NAMED_UNIT ( * ) SI_UNIT ( $, .STERADIAN. ) SOLID_ANGLE_UNIT ( ) );
#6546 = CARTESIAN_POINT ( 'NONE',  ( -1.357751691251411597, 2.949999999999999734, 0.9404351645289628081 ) ) ;
#6547 = CIRCLE ( 'NONE', #1390, 0.3771428571428571130 ) ;
#6548 = PLANE ( 'NONE',  #1715 ) ;
#6549 = ORIENTED_EDGE ( 'NONE', *, *, #2528, .T. ) ;
#6550 = MECHANICAL_DESIGN_GEOMETRIC_PRESENTATION_REPRESENTATION (  '', ( #4670 ), #2297 ) ;
#6551 = FACE_OUTER_BOUND ( 'NONE', #6266, .T. ) ;
#6552 = COLOUR_RGB ( '',1.000000000000000000, 1.000000000000000000, 1.000000000000000000 ) ;
#6554 = DIRECTION ( 'NONE',  ( 3.623890796147360773E-15, -0.000000000000000000, 1.000000000000000000 ) ) ;
#6553 = AXIS2_PLACEMENT_3D ( 'NONE', #1736, #5254, #6334 ) ;
#6555 = DIRECTION ( 'NONE',  ( 0.000000000000000000, 0.000000000000000000, 1.000000000000000000 ) ) ;
#6556 = SURFACE_SIDE_STYLE ('',( #4501 ) ) ;
#6557 = DIRECTION ( 'NONE',  ( 0.000000000000000000, 1.000000000000000000, 0.000000000000000000 ) ) ;
#6558 = ADVANCED_FACE ( 'NONE', ( #232 ), #5082, .T. ) ;
#6559 = CARTESIAN_POINT ( 'NONE',  ( -1.132140295698496057, 2.949999999999999734, -1.207104699462107966 ) ) ;
#6560 = PRESENTATION_STYLE_ASSIGNMENT (( #6506 ) ) ;
#6561 = EDGE_CURVE ( 'NONE', #925, #3775, #5220, .T. ) ;
#6562 = ORIENTED_EDGE ( 'NONE', *, *, #6322, .F. ) ;
#6563 = AXIS2_PLACEMENT_3D ( 'NONE', #4868, #1729, #1684 ) ;
#6564 = DIRECTION ( 'NONE',  ( 0.000000000000000000, -1.000000000000000000, 0.000000000000000000 ) ) ;
#6565 = PLANE ( 'NONE',  #6087 ) ;
#6566 = CARTESIAN_POINT ( 'NONE',  ( -3.205714285714285516, 0.2442857142857142450, 1.799999999999999600 ) ) ;
#6567 = FILL_AREA_STYLE ('',( #3334 ) ) ;
#6568 = EDGE_CURVE ( 'NONE', #3247, #4458, #2644, .T. ) ;
#6569 = ORIENTED_EDGE ( 'NONE', *, *, #4797, .F. ) ;
#6570 = ORIENTED_EDGE ( 'NONE', *, *, #3345, .T. ) ;
#6571 = VECTOR ( 'NONE', #2248, 1000.000000000000000 ) ;
#6572 = MECHANICAL_DESIGN_GEOMETRIC_PRESENTATION_REPRESENTATION (  '', ( #4416 ), #1419 ) ;
#6573 = SURFACE_STYLE_FILL_AREA ( #2218 ) ;
#6574 = SURFACE_SIDE_STYLE ('',( #2100 ) ) ;
#6575 =( NAMED_UNIT ( * ) PLANE_ANGLE_UNIT ( ) SI_UNIT ( $, .RADIAN. ) );
#6576 = ORIENTED_EDGE ( 'NONE', *, *, #3645, .F. ) ;
#6577 = CARTESIAN_POINT ( 'NONE',  ( 2.828571428571428736, 2.905714285714285694, 3.300000000000000266 ) ) ;
#6578 = FACE_OUTER_BOUND ( 'NONE', #3405, .T. ) ;
#6579 = VERTEX_POINT ( 'NONE', #827 ) ;
#6580 = EDGE_CURVE ( 'NONE', #4680, #1152, #2779, .T. ) ;
#6581 = CARTESIAN_POINT ( 'NONE',  ( -1.357751691251421811, 3.000000000000000000, -1.207104699462107300 ) ) ;
#6582 = VECTOR ( 'NONE', #6837, 1000.000000000000000 ) ;
#6583 = FACE_OUTER_BOUND ( 'NONE', #2269, .T. ) ;
#6584 = AXIS2_PLACEMENT_3D ( 'NONE', #3473, #5033, #5268 ) ;
#6585 = CARTESIAN_POINT ( 'NONE',  ( -0.5347888298061447276, 2.949999999999999734, 0.1384375128069279537 ) ) ;
#6586 = EDGE_CURVE ( 'NONE', #1971, #2209, #468, .T. ) ;
#6587 = UNCERTAINTY_MEASURE_WITH_UNIT (LENGTH_MEASURE( 1.000000000000000082E-05 ), #5104, 'distance_accuracy_value', 'NONE');
#6588 = VECTOR ( 'NONE', #5316, 1000.000000000000000 ) ;
#6589 = ADVANCED_FACE ( 'NONE', ( #5182 ), #5155, .T. ) ;
#6590 = CARTESIAN_POINT ( 'NONE',  ( -1.132140295698494725, 2.950000000000000178, -1.161343720975608562 ) ) ;
#6591 = ORIENTED_EDGE ( 'NONE', *, *, #3013, .T. ) ;
#6593 = EDGE_CURVE ( 'NONE', #6287, #6867, #5094, .T. ) ;
#6592 = ORIENTED_EDGE ( 'NONE', *, *, #4145, .F. ) ;
#6594 = FACE_OUTER_BOUND ( 'NONE', #2961, .T. ) ;
#6595 = EDGE_LOOP ( 'NONE', ( #3688, #721, #3058, #1091 ) ) ;
#6596 = PLANE ( 'NONE',  #2031 ) ;
#6597 = CARTESIAN_POINT ( 'NONE',  ( -2.828571428571428736, 3.000000000000000000, -3.205714285714285516 ) ) ;
#6598 = DIRECTION ( 'NONE',  ( 0.9933554313349570730, 0.000000000000000000, 0.1150868673539311299 ) ) ;
#6599 = FILL_AREA_STYLE ('',( #1207 ) ) ;
#6600 = PRESENTATION_STYLE_ASSIGNMENT (( #5399 ) ) ;
#6601 = EDGE_CURVE ( 'NONE', #1461, #6325, #2609, .T. ) ;
#6602 = LINE ( 'NONE', #5222, #4222 ) ;
#6603 = EDGE_LOOP ( 'NONE', ( #6614, #1747, #1371, #1923 ) ) ;
#6604 = VERTEX_POINT ( 'NONE', #6922 ) ;
#6605 = LINE ( 'NONE', #1597, #1801 ) ;
#6606 = ORIENTED_EDGE ( 'NONE', *, *, #3682, .T. ) ;
#6607 = EDGE_CURVE ( 'NONE', #1149, #5027, #270, .T. ) ;
#6608 = ADVANCED_FACE ( 'NONE', ( #413 ), #1525, .T. ) ;
#6609 = CARTESIAN_POINT ( 'NONE',  ( -0.5104047370281182827, 2.949999999999999734, 1.258785626153509529 ) ) ;
#6610 = CARTESIAN_POINT ( 'NONE',  ( -1.009256750147804249, 3.000000000000000000, -0.5262135180941681645 ) ) ;
#6611 =( NAMED_UNIT ( * ) SI_UNIT ( $, .STERADIAN. ) SOLID_ANGLE_UNIT ( ) );
#6612 = SURFACE_STYLE_FILL_AREA ( #3776 ) ;
#6613 = SURFACE_SIDE_STYLE ('',( #1661 ) ) ;
#6614 = ORIENTED_EDGE ( 'NONE', *, *, #5871, .T. ) ;
#6615 = VERTEX_POINT ( 'NONE', #4967 ) ;
#6616 = VECTOR ( 'NONE', #53, 1000.000000000000000 ) ;
#6617 =( LENGTH_UNIT ( ) NAMED_UNIT ( * ) SI_UNIT ( .MILLI., .METRE. ) );
#6618 =( NAMED_UNIT ( * ) SI_UNIT ( $, .STERADIAN. ) SOLID_ANGLE_UNIT ( ) );
#6619 = ORIENTED_EDGE ( 'NONE', *, *, #6241, .F. ) ;
#6620 = FACE_OUTER_BOUND ( 'NONE', #1266, .T. ) ;
#6621 = ORIENTED_EDGE ( 'NONE', *, *, #279, .T. ) ;
#6622 =( NAMED_UNIT ( * ) SI_UNIT ( $, .STERADIAN. ) SOLID_ANGLE_UNIT ( ) );
#6623 = VECTOR ( 'NONE', #5429, 1000.000000000000000 ) ;
#6624 = ORIENTED_EDGE ( 'NONE', *, *, #3441, .T. ) ;
#6625 = CARTESIAN_POINT ( 'NONE',  ( 3.299999999999998934, 0.2500000000000000000, 1.800000000000001155 ) ) ;
#6626 = MECHANICAL_DESIGN_GEOMETRIC_PRESENTATION_REPRESENTATION (  '', ( #4020 ), #5750 ) ;
#6627 = DIRECTION ( 'NONE',  ( 2.650237759331712794E-15, 0.000000000000000000, 1.000000000000000000 ) ) ;
#6628 = MECHANICAL_DESIGN_GEOMETRIC_PRESENTATION_REPRESENTATION (  '', ( #1857 ), #505 ) ;
#6629 = CARTESIAN_POINT ( 'NONE',  ( -1.357751691251412263, 1.610876343277178879, 1.302799868628608859 ) ) ;
#6630 = ORIENTED_EDGE ( 'NONE', *, *, #1257, .F. ) ;
#6631 = VECTOR ( 'NONE', #3601, 1000.000000000000000 ) ;
#6632 = ORIENTED_EDGE ( 'NONE', *, *, #4608, .F. ) ;
#6633 = DIRECTION ( 'NONE',  ( 0.000000000000000000, 1.000000000000000000, 0.000000000000000000 ) ) ;
#6634 = DIRECTION ( 'NONE',  ( -1.000000000000000000, 0.000000000000000000, 1.445602896647339163E-16 ) ) ;
#6635 = CARTESIAN_POINT ( 'NONE',  ( -2.828571428571428736, 2.905714285714285694, -3.205714285714285516 ) ) ;
#6636 = LINE ( 'NONE', #2699, #4288 ) ;
#6637 = PRESENTATION_LAYER_ASSIGNMENT (  '', '', ( #3077 ) ) ;
#6638 = CARTESIAN_POINT ( 'NONE',  ( -3.299999999999999822, 0.2500000000000000000, 1.799999999999999600 ) ) ;
#6639 =( GEOMETRIC_REPRESENTATION_CONTEXT ( 3 ) GLOBAL_UNCERTAINTY_ASSIGNED_CONTEXT ( ( #2696 ) ) GLOBAL_UNIT_ASSIGNED_CONTEXT ( ( #3773, #621, #1082 ) ) REPRESENTATION_CONTEXT ( 'NONE', 'WORKASPACE' ) );
#6640 = DIRECTION ( 'NONE',  ( 0.000000000000000000, 1.000000000000000000, 0.000000000000000000 ) ) ;
#6641 = ADVANCED_FACE ( 'NONE', ( #318 ), #3200, .T. ) ;
#6642 = VERTEX_POINT ( 'NONE', #6694 ) ;
#6643 = VECTOR ( 'NONE', #1380, 999.9999999999998863 ) ;
#6644 = ORIENTED_EDGE ( 'NONE', *, *, #4977, .T. ) ;
#6645 = VECTOR ( 'NONE', #1654, 1000.000000000000000 ) ;
#6646 = SURFACE_STYLE_USAGE ( .BOTH. , #6160 ) ;
#6647 = ORIENTED_EDGE ( 'NONE', *, *, #3492, .T. ) ;
#6648 = AXIS2_PLACEMENT_3D ( 'NONE', #3717, #4424, #3883 ) ;
#6649 = CARTESIAN_POINT ( 'NONE',  ( 2.828571428571428736, 0.2442857142857142450, 2.828571428571428736 ) ) ;
#6650 = CARTESIAN_POINT ( 'NONE',  ( -3.205714285714285516, 0.1499999999999999944, 2.828571428571428736 ) ) ;
#6651 =( NAMED_UNIT ( * ) PLANE_ANGLE_UNIT ( ) SI_UNIT ( $, .RADIAN. ) );
#6652 = EDGE_CURVE ( 'NONE', #369, #4994, #3014, .T. ) ;
#6653 = ORIENTED_EDGE ( 'NONE', *, *, #5859, .T. ) ;
#6654 = ORIENTED_EDGE ( 'NONE', *, *, #631, .T. ) ;
#6655 = LINE ( 'NONE', #4350, #6668 ) ;
#6656 = ADVANCED_FACE ( 'NONE', ( #5432 ), #6565, .T. ) ;
#6657 = CARTESIAN_POINT ( 'NONE',  ( -1.310836623396747447, 3.000000000000000000, -2.113882548645744208 ) ) ;
#6658 = CARTESIAN_POINT ( 'NONE',  ( -0.3113406322684293959, 2.949999999999999734, 1.462103842300823686 ) ) ;
#6659 = EDGE_CURVE ( 'NONE', #3637, #3007, #5394, .T. ) ;
#6660 = PRESENTATION_STYLE_ASSIGNMENT (( #4068 ) ) ;
#6661 = CARTESIAN_POINT ( 'NONE',  ( -0.3113406322684403871, 2.949999999999999734, -1.633376983460833376 ) ) ;
#6662 = ORIENTED_EDGE ( 'NONE', *, *, #4733, .T. ) ;
#6663 = AXIS2_PLACEMENT_3D ( 'NONE', #3832, #3677, #4238 ) ;
#6664 = CARTESIAN_POINT ( 'NONE',  ( -0.3113406322684358352, 3.000000000000000000, -0.3018418195157239192 ) ) ;
#6665 = LINE ( 'NONE', #1975, #4476 ) ;
#6666 = ORIENTED_EDGE ( 'NONE', *, *, #7112, .F. ) ;
#6667 = DIRECTION ( 'NONE',  ( 0.000000000000000000, 1.000000000000000000, -0.000000000000000000 ) ) ;
#6668 = VECTOR ( 'NONE', #4886, 1000.000000000000000 ) ;
#6669 = EDGE_CURVE ( 'NONE', #3627, #7127, #542, .T. ) ;
#6670 = UNCERTAINTY_MEASURE_WITH_UNIT (LENGTH_MEASURE( 1.000000000000000082E-05 ), #3294, 'distance_accuracy_value', 'NONE');
#6671 = EDGE_CURVE ( 'NONE', #4000, #5124, #613, .T. ) ;
#6672 = CARTESIAN_POINT ( 'NONE',  ( -1.132140295698496057, 3.000000000000000000, -1.207104699462107966 ) ) ;
#6673 = DIRECTION ( 'NONE',  ( -0.4332787949176410969, 0.000000000000000000, 0.9012599435649610857 ) ) ;
#6674 = ORIENTED_EDGE ( 'NONE', *, *, #367, .F. ) ;
#6675 = VECTOR ( 'NONE', #4652, 1000.000000000000000 ) ;
#6676 = ORIENTED_EDGE ( 'NONE', *, *, #1462, .T. ) ;
#6677 = CARTESIAN_POINT ( 'NONE',  ( -1.357751691251410708, 2.949999999999999734, 2.097613617064586933 ) ) ;
#6678 = CARTESIAN_POINT ( 'NONE',  ( -3.299999999999999822, 0.2442857142857142450, 1.799999999999999600 ) ) ;
#6679 = DIRECTION ( 'NONE',  ( 0.000000000000000000, 1.000000000000000000, 0.000000000000000000 ) ) ;
#6680 = DIRECTION ( 'NONE',  ( -0.9012599435649154556, -0.000000000000000000, -0.4332787949177358544 ) ) ;
#6681 = FILL_AREA_STYLE_COLOUR ( '', #3856 ) ;
#6682 = VECTOR ( 'NONE', #3222, 1000.000000000000000 ) ;
#6683 = CARTESIAN_POINT ( 'NONE',  ( -3.300000000000000266, 1.574999999999999734, 0.3300000000000004596 ) ) ;
#6684 =( LENGTH_UNIT ( ) NAMED_UNIT ( * ) SI_UNIT ( .MILLI., .METRE. ) );
#6685 = EDGE_CURVE ( 'NONE', #4226, #6745, #572, .T. ) ;
#6686 = ORIENTED_EDGE ( 'NONE', *, *, #376, .T. ) ;
#6687 = EDGE_LOOP ( 'NONE', ( #4098, #5482, #3713, #5626, #3529, #3150, #5472 ) ) ;
#6688 = CARTESIAN_POINT ( 'NONE',  ( -0.5369520278213634201, 2.949999999999999734, -1.164692070093668264 ) ) ;
#6689 = COLOUR_RGB ( '',1.000000000000000000, 1.000000000000000000, 1.000000000000000000 ) ;
#6690 = ORIENTED_EDGE ( 'NONE', *, *, #1227, .F. ) ;
#6691 = FACE_OUTER_BOUND ( 'NONE', #5504, .T. ) ;
#6692 = CARTESIAN_POINT ( 'NONE',  ( -0.8646004806540641408, 3.000000000000000000, -0.9331890140374523579 ) ) ;
#6693 = CARTESIAN_POINT ( 'NONE',  ( -2.828571428571428736, 2.905714285714285694, 3.300000000000000266 ) ) ;
#6694 = CARTESIAN_POINT ( 'NONE',  ( -0.3113406322684318939, 2.950000000000000178, 0.7220227891438155687 ) ) ;
#6695 = PLANE ( 'NONE',  #6553 ) ;
#6696 = FACE_OUTER_BOUND ( 'NONE', #3953, .T. ) ;
#6697 = ADVANCED_FACE ( 'NONE', ( #5469 ), #6066, .F. ) ;
#6698 = ORIENTED_EDGE ( 'NONE', *, *, #1155, .T. ) ;
#6699 = FACE_OUTER_BOUND ( 'NONE', #6027, .T. ) ;
#6700 = ORIENTED_EDGE ( 'NONE', *, *, #3603, .T. ) ;
#6701 = ORIENTED_EDGE ( 'NONE', *, *, #4348, .F. ) ;
#6702 = LINE ( 'NONE', #4319, #1916 ) ;
#6703 = CARTESIAN_POINT ( 'NONE',  ( -3.625000000000000000, 0.5999999999999999778, -1.499999999999999778 ) ) ;
#6704 = AXIS2_PLACEMENT_3D ( 'NONE', #7109, #6640, #20 ) ;
#6705 = UNCERTAINTY_MEASURE_WITH_UNIT (LENGTH_MEASURE( 1.000000000000000082E-05 ), #454, 'distance_accuracy_value', 'NONE');
#6706 = ORIENTED_EDGE ( 'NONE', *, *, #7119, .F. ) ;
#6707 =( NAMED_UNIT ( * ) PLANE_ANGLE_UNIT ( ) SI_UNIT ( $, .RADIAN. ) );
#6708 = PRESENTATION_STYLE_ASSIGNMENT (( #1553 ) ) ;
#6709 = ORIENTED_EDGE ( 'NONE', *, *, #475, .F. ) ;
#6710 = MECHANICAL_DESIGN_GEOMETRIC_PRESENTATION_REPRESENTATION (  '', ( #2832 ), #4847 ) ;
#6711 = CARTESIAN_POINT ( 'NONE',  ( -0.5191275572975084796, 3.000000000000000000, -0.6471926549609913204 ) ) ;
#6712 = LINE ( 'NONE', #5887, #1708 ) ;
#6713 = STYLED_ITEM ( 'NONE', ( #2139 ), #2716 ) ;
#6714 = B_SPLINE_CURVE_WITH_KNOTS ( 'NONE', 3,
 ( #3263, #2019, #2, #2078, #7133 ),
 .UNSPECIFIED., .F., .F.,
 ( 4, 1, 4 ),
 ( 0.000000000000000000, 0.5143794237790315638, 1.000000000000000000 ),
 .UNSPECIFIED. ) ;
#6715 = AXIS2_PLACEMENT_3D ( 'NONE', #13, #4580, #2941 ) ;
#6716 = FACE_OUTER_BOUND ( 'NONE', #5180, .T. ) ;
#6717 = CARTESIAN_POINT ( 'NONE',  ( -0.5369520278213630871, 3.000000000000000000, -1.107047874202976789 ) ) ;
#6718 = EDGE_CURVE ( 'NONE', #2388, #6061, #1918, .T. ) ;
#6719 = DIRECTION ( 'NONE',  ( 0.000000000000000000, 0.000000000000000000, 1.000000000000000000 ) ) ;
#6720 = ORIENTED_EDGE ( 'NONE', *, *, #4733, .F. ) ;
#6721 = ORIENTED_EDGE ( 'NONE', *, *, #4259, .F. ) ;
#6722 = FACE_OUTER_BOUND ( 'NONE', #3916, .T. ) ;
#6723 = CARTESIAN_POINT ( 'NONE',  ( -0.8646004806540522614, 2.949999999999999734, 2.371529302489240987 ) ) ;
#6724 = CARTESIAN_POINT ( 'NONE',  ( -1.357751691251410708, 1.610876343277178879, 2.097613617064586933 ) ) ;
#6725 = CARTESIAN_POINT ( 'NONE',  ( -0.3113406322684380556, 2.949999999999999734, -0.8608846822646283314 ) ) ;
#6726 = VECTOR ( 'NONE', #6304, 1000.000000000000000 ) ;
#6727 = MECHANICAL_DESIGN_GEOMETRIC_PRESENTATION_REPRESENTATION (  '', ( #6009 ), #3745 ) ;
#6728 = CARTESIAN_POINT ( 'NONE',  ( -0.3113406322684285077, 2.950000000000000178, 1.733182046139194687 ) ) ;
#6729 = DIRECTION ( 'NONE',  ( 0.000000000000000000, -1.000000000000000000, 0.000000000000000000 ) ) ;
#6730 = PRESENTATION_STYLE_ASSIGNMENT (( #3683 ) ) ;
#6731 = STYLED_ITEM ( 'NONE', ( #6744 ), #5875 ) ;
#6732 = ORIENTED_EDGE ( 'NONE', *, *, #6739, .F. ) ;
#6733 = EDGE_CURVE ( 'NONE', #7081, #3247, #667, .T. ) ;
#6734 = VERTEX_POINT ( 'NONE', #222 ) ;
#6735 = VECTOR ( 'NONE', #6806, 1000.000000000000000 ) ;
#6736 = CARTESIAN_POINT ( 'NONE',  ( 3.299999999999999822, 0.5999999999999999778, 1.499999999999998890 ) ) ;
#6737 =( LENGTH_UNIT ( ) NAMED_UNIT ( * ) SI_UNIT ( .MILLI., .METRE. ) );
#6738 = CARTESIAN_POINT ( 'NONE',  ( -1.310836623396737899, 3.000000000000000000, -0.5059888931745942786 ) ) ;
#6739 = EDGE_CURVE ( 'NONE', #6642, #866, #5368, .T. ) ;
#6740 = SURFACE_STYLE_USAGE ( .BOTH. , #5642 ) ;
#6741 = VECTOR ( 'NONE', #3332, 1000.000000000000114 ) ;
#6742 = DIRECTION ( 'NONE',  ( 0.000000000000000000, 1.000000000000000000, 0.000000000000000000 ) ) ;
#6743 = EDGE_LOOP ( 'NONE', ( #4325, #4518, #1980, #7137 ) ) ;
#6744 = PRESENTATION_STYLE_ASSIGNMENT (( #6281 ) ) ;
#6745 = VERTEX_POINT ( 'NONE', #6886 ) ;
#6746 = UNCERTAINTY_MEASURE_WITH_UNIT (LENGTH_MEASURE( 1.000000000000000082E-05 ), #6939, 'distance_accuracy_value', 'NONE');
#6747 = EDGE_CURVE ( 'NONE', #3193, #347, #2901, .T. ) ;
#6748 = FACE_OUTER_BOUND ( 'NONE', #6335, .T. ) ;
#6749 = EDGE_CURVE ( 'NONE', #6531, #3594, #2892, .T. ) ;
#6750 = VECTOR ( 'NONE', #1615, 1000.000000000000000 ) ;
#6751 = UNCERTAINTY_MEASURE_WITH_UNIT (LENGTH_MEASURE( 1.000000000000000082E-05 ), #285, 'distance_accuracy_value', 'NONE');
#6752 = DIRECTION ( 'NONE',  ( 0.000000000000000000, -1.000000000000000000, 0.000000000000000000 ) ) ;
#6753 = EDGE_LOOP ( 'NONE', ( #1903, #2666, #4398, #2124, #6953, #4926, #2005, #4421, #7000, #2175 ) ) ;
#6754 = CARTESIAN_POINT ( 'NONE',  ( -0.3113406322684341143, 3.000000000000000000, 0.1536859196460394206 ) ) ;
#6755 = ORIENTED_EDGE ( 'NONE', *, *, #19, .F. ) ;
#6756 = CARTESIAN_POINT ( 'NONE',  ( -0.3113406322684287852, 2.950000000000000178, -0.9768128291060232948 ) ) ;
#6757 = VERTEX_POINT ( 'NONE', #2486 ) ;
#6758 = EDGE_CURVE ( 'NONE', #1274, #4607, #5445, .T. ) ;
#6759 = VECTOR ( 'NONE', #609, 1000.000000000000000 ) ;
#6760 = CARTESIAN_POINT ( 'NONE',  ( -1.132140295698490950, 2.950000000000000178, 0.1266649546707405427 ) ) ;
#6761 = CARTESIAN_POINT ( 'NONE',  ( -1.000067001066260008, 3.000000000000000000, -0.5837224346501550531 ) ) ;
#6762 = CARTESIAN_POINT ( 'NONE',  ( -0.4034324706246969483, 3.000000000000000444, 0.7593695934950106530 ) ) ;
#6763 = ORIENTED_EDGE ( 'NONE', *, *, #4581, .F. ) ;
#6764 = ORIENTED_EDGE ( 'NONE', *, *, #4892, .T. ) ;
#6765 = CARTESIAN_POINT ( 'NONE',  ( 2.828571428571428736, 3.000000000000000000, 2.828571428571428736 ) ) ;
#6766 = CARTESIAN_POINT ( 'NONE',  ( -0.8418426963106395711, 2.950000000000000178, -1.140848780266850104 ) ) ;
#6767 = LINE ( 'NONE', #3478, #2065 ) ;
#6768 = LINE ( 'NONE', #4256, #4521 ) ;
#6769 = EDGE_CURVE ( 'NONE', #1471, #3951, #633, .T. ) ;
#6770 = CARTESIAN_POINT ( 'NONE',  ( -0.8418326795865038736, 3.000000000000000000, 2.157877459663286590 ) ) ;
#6771 = DIRECTION ( 'NONE',  ( 1.000000000000000000, 0.000000000000000000, -3.878780124852346801E-15 ) ) ;
#6772 = LINE ( 'NONE', #3092, #2204 ) ;
#6773 = ORIENTED_EDGE ( 'NONE', *, *, #1439, .T. ) ;
#6774 = VECTOR ( 'NONE', #4003, 1000.000000000000000 ) ;
#6775 = CARTESIAN_POINT ( 'NONE',  ( -2.592857142857142971, 2.900000000000000355, 2.592857142857143415 ) ) ;
#6776 = PRESENTATION_STYLE_ASSIGNMENT (( #2590 ) ) ;
#6777 = PRESENTATION_STYLE_ASSIGNMENT (( #3433 ) ) ;
#6778 = VECTOR ( 'NONE', #5898, 1000.000000000000000 ) ;
#6779 =( NAMED_UNIT ( * ) SI_UNIT ( $, .STERADIAN. ) SOLID_ANGLE_UNIT ( ) );
#6780 = CARTESIAN_POINT ( 'NONE',  ( -3.300000000000000266, 1.433571428571428275, -0.2357142857142852099 ) ) ;
#6781 = AXIS2_PLACEMENT_3D ( 'NONE', #4525, #648, #1156 ) ;
#6782 = CARTESIAN_POINT ( 'NONE',  ( -1.357751691251411597, 2.950000000000000178, 1.623199812011252963 ) ) ;
#6783 = STYLED_ITEM ( 'NONE', ( #4822 ), #4968 ) ;
#6784 = DIRECTION ( 'NONE',  ( 0.000000000000000000, -1.000000000000000000, 0.000000000000000000 ) ) ;
#6785 = CIRCLE ( 'NONE', #5673, 0.09428571428571430602 ) ;
#6786 = DIRECTION ( 'NONE',  ( -1.204669080539449590E-16, 0.000000000000000000, 1.000000000000000000 ) ) ;
#6787 = ORIENTED_EDGE ( 'NONE', *, *, #6891, .T. ) ;
#6788 = VECTOR ( 'NONE', #4703, 1000.000000000000000 ) ;
#6789 = ORIENTED_EDGE ( 'NONE', *, *, #5715, .T. ) ;
#6790 = VECTOR ( 'NONE', #1057, 1000.000000000000227 ) ;
#6791 = FACE_BOUND ( 'NONE', #5435, .T. ) ;
#6792 = LINE ( 'NONE', #1742, #4464 ) ;
#6793 = AXIS2_PLACEMENT_3D ( 'NONE', #5412, #996, #1517 ) ;
#6794 =( NAMED_UNIT ( * ) SI_UNIT ( $, .STERADIAN. ) SOLID_ANGLE_UNIT ( ) );
#6795 = DIRECTION ( 'NONE',  ( 1.000000000000000000, -0.000000000000000000, -0.000000000000000000 ) ) ;
#6796 = AXIS2_PLACEMENT_3D ( 'NONE', #6635, #2756, #3980 ) ;
#6797 = CARTESIAN_POINT ( 'NONE',  ( -2.828571428571428736, 0.2442857142857142450, -3.205714285714285516 ) ) ;
#6798 = MECHANICAL_DESIGN_GEOMETRIC_PRESENTATION_REPRESENTATION (  '', ( #7076 ), #4114 ) ;
#6799 = PLANE ( 'NONE',  #967 ) ;
#6800 = LINE ( 'NONE', #6597, #6750 ) ;
#6801 = DIRECTION ( 'NONE',  ( 2.710505431213760592E-16, 0.000000000000000000, -1.000000000000000000 ) ) ;
#6802 = ORIENTED_EDGE ( 'NONE', *, *, #2247, .F. ) ;
#6803 = CYLINDRICAL_SURFACE ( 'NONE', #1414, 0.03038517195999622389 ) ;
#6804 = ORIENTED_EDGE ( 'NONE', *, *, #858, .F. ) ;
#6805 = ORIENTED_EDGE ( 'NONE', *, *, #2883, .T. ) ;
#6806 = DIRECTION ( 'NONE',  ( -1.204669080539449344E-16, -0.000000000000000000, 1.000000000000000000 ) ) ;
#6807 = EDGE_CURVE ( 'NONE', #3158, #5357, #5324, .T. ) ;
#6808 = DIRECTION ( 'NONE',  ( 0.000000000000000000, 1.000000000000000000, -0.000000000000000000 ) ) ;
#6809 = PRESENTATION_LAYER_ASSIGNMENT (  '', '', ( #4232 ) ) ;
#6810 = CARTESIAN_POINT ( 'NONE',  ( 0.000000000000000000, 0.2500000000000000000, -1.499999999999999778 ) ) ;
#6811 = CLOSED_SHELL ( 'NONE', ( #2023, #894, #1141, #985, #1087, #1538, #725, #2076 ) ) ;
#6812 = LINE ( 'NONE', #2491, #6774 ) ;
#6813 = ORIENTED_EDGE ( 'NONE', *, *, #4317, .F. ) ;
#6814 = DIRECTION ( 'NONE',  ( 0.000000000000000000, 0.000000000000000000, 1.000000000000000000 ) ) ;
#6815 = PLANE ( 'NONE',  #2132 ) ;
#6816 = PLANE ( 'NONE',  #3735 ) ;
#6817 = FACE_OUTER_BOUND ( 'NONE', #4502, .T. ) ;
#6818 = CIRCLE ( 'NONE', #968, 0.2357142857142857095 ) ;
#6819 = AXIS2_PLACEMENT_3D ( 'NONE', #5708, #1267, #4736 ) ;
#6820 = CARTESIAN_POINT ( 'NONE',  ( -0.8646004806540641408, 2.950000000000000178, -0.9331890140374523579 ) ) ;
#6821 = EDGE_CURVE ( 'NONE', #6061, #6008, #524, .T. ) ;
#6822 = CYLINDRICAL_SURFACE ( 'NONE', #565, 0.4714285714285714191 ) ;
#6823 = ORIENTED_EDGE ( 'NONE', *, *, #3869, .F. ) ;
#6824 = AXIS2_PLACEMENT_3D ( 'NONE', #1627, #1002, #357 ) ;
#6825 = ORIENTED_EDGE ( 'NONE', *, *, #6235, .T. ) ;
#6826 = DIRECTION ( 'NONE',  ( 1.828280983288194338E-15, 0.000000000000000000, 1.000000000000000000 ) ) ;
#6827 = FACE_OUTER_BOUND ( 'NONE', #5151, .T. ) ;
#6828 = ORIENTED_EDGE ( 'NONE', *, *, #5568, .F. ) ;
#6829 = EDGE_CURVE ( 'NONE', #2618, #1256, #5381, .T. ) ;
#6830 = CARTESIAN_POINT ( 'NONE',  ( 3.625000000000000000, 1.433571428571428275, -0.3299999999999994604 ) ) ;
#6831 = COLOUR_RGB ( '',1.000000000000000000, 1.000000000000000000, 1.000000000000000000 ) ;
#6832 = ADVANCED_FACE ( 'NONE', ( #3033 ), #5203, .F. ) ;
#6833 = LINE ( 'NONE', #2183, #4414 ) ;
#6834 = CARTESIAN_POINT ( 'NONE',  ( -1.291453225550519335, 1.610876343277178879, -2.269617236342074129 ) ) ;
#6835 = SURFACE_SIDE_STYLE ('',( #735 ) ) ;
#6836 = DIRECTION ( 'NONE',  ( -3.910734236825684826E-15, 0.000000000000000000, -1.000000000000000000 ) ) ;
#6837 = DIRECTION ( 'NONE',  ( 7.067300691551202826E-15, -0.000000000000000000, 1.000000000000000000 ) ) ;
#6838 = CARTESIAN_POINT ( 'NONE',  ( -3.299999999999999822, 2.905714285714285694, -2.828571428571428736 ) ) ;
#6839 = LINE ( 'NONE', #3714, #4392 ) ;
#6840 = PLANE ( 'NONE',  #3328 ) ;
#6841 = ORIENTED_EDGE ( 'NONE', *, *, #327, .T. ) ;
#6842 = VECTOR ( 'NONE', #2787, 1000.000000000000000 ) ;
#6843 = VERTEX_POINT ( 'NONE', #845 ) ;
#6844 = VECTOR ( 'NONE', #573, 1000.000000000000000 ) ;
#6845 = EDGE_CURVE ( 'NONE', #702, #2502, #3082, .T. ) ;
#6846 = LINE ( 'NONE', #5391, #2009 ) ;
#6847 = DIRECTION ( 'NONE',  ( 0.000000000000000000, 1.000000000000000000, 0.000000000000000000 ) ) ;
#6848 = DIRECTION ( 'NONE',  ( -0.9945218953682714025, 0.000000000000000000, -0.1045284632676718312 ) ) ;
#6849 = CARTESIAN_POINT ( 'NONE',  ( -0.3113406322684318939, 2.949999999999999734, 0.7220227891438155687 ) ) ;
#6850 = EDGE_CURVE ( 'NONE', #1814, #3230, #491, .T. ) ;
#6851 = LINE ( 'NONE', #414, #4485 ) ;
#6852 = CARTESIAN_POINT ( 'NONE',  ( -1.357751691251414483, 2.949999999999999734, 0.6007890726471740717 ) ) ;
#6853 = DIRECTION ( 'NONE',  ( -3.706674093967535191E-16, -0.000000000000000000, -1.000000000000000000 ) ) ;
#6854 = CARTESIAN_POINT ( 'NONE',  ( 0.000000000000000000, 0.2500000000000000000, 0.000000000000000000 ) ) ;
#6855 = ORIENTED_EDGE ( 'NONE', *, *, #4969, .T. ) ;
#6856 = DIRECTION ( 'NONE',  ( -0.000000000000000000, 1.000000000000000000, -0.000000000000000000 ) ) ;
#6857 = VERTEX_POINT ( 'NONE', #2906 ) ;
#6858 = VECTOR ( 'NONE', #6107, 1000.000000000000000 ) ;
#6859 = VECTOR ( 'NONE', #3049, 1000.000000000000000 ) ;
#6860 = DIRECTION ( 'NONE',  ( 0.9933554313349570730, 0.000000000000000000, 0.1150868673539311299 ) ) ;
#6861 = VECTOR ( 'NONE', #6525, 1000.000000000000000 ) ;
#6862 = CARTESIAN_POINT ( 'NONE',  ( -0.3113406322684432181, 2.950000000000000178, -2.468778337735649142 ) ) ;
#6863 = ORIENTED_EDGE ( 'NONE', *, *, #1721, .T. ) ;
#6864 = VECTOR ( 'NONE', #180, 1000.000000000000000 ) ;
#6865 = ORIENTED_EDGE ( 'NONE', *, *, #1999, .T. ) ;
#6866 = LINE ( 'NONE', #5479, #2158 ) ;
#6867 = VERTEX_POINT ( 'NONE', #5161 ) ;
#6868 = FILL_AREA_STYLE ('',( #5794 ) ) ;
#6869 = DIRECTION ( 'NONE',  ( 1.445602896647339163E-16, 0.000000000000000000, 1.000000000000000000 ) ) ;
#6870 = PLANE ( 'NONE',  #2032 ) ;
#6871 = LINE ( 'NONE', #200, #6896 ) ;
#6872 = FACE_OUTER_BOUND ( 'NONE', #3061, .T. ) ;
#6873 = CARTESIAN_POINT ( 'NONE',  ( -1.132140295698494725, 2.949999999999999734, -1.161343720975608562 ) ) ;
#6874 = DIRECTION ( 'NONE',  ( 1.000000000000000000, 0.000000000000000000, 2.168404344971008868E-16 ) ) ;
#6875 = CIRCLE ( 'NONE', #2555, 0.09428571428571427826 ) ;
#6876 = VERTEX_POINT ( 'NONE', #1325 ) ;
#6877 = ORIENTED_EDGE ( 'NONE', *, *, #5279, .T. ) ;
#6878 = AXIS2_PLACEMENT_3D ( 'NONE', #3340, #2405, #3960 ) ;
#6879 = LINE ( 'NONE', #5392, #4359 ) ;
#6880 = VERTEX_POINT ( 'NONE', #6331 ) ;
#6881 = PRESENTATION_LAYER_ASSIGNMENT (  '', '', ( #4197 ) ) ;
#6883 = CIRCLE ( 'NONE', #6793, 0.08278332879368098529 ) ;
#6882 = STYLED_ITEM ( 'NONE', ( #3936 ), #4404 ) ;
#6884 = FILL_AREA_STYLE_COLOUR ( '', #263 ) ;
#6885 = CARTESIAN_POINT ( 'NONE',  ( -1.299999999999999600, 0.1499999999999999944, -1.800000000000000488 ) ) ;
#6886 = CARTESIAN_POINT ( 'NONE',  ( -3.299999999999999822, 0.2500000000000000000, 1.799999999999999600 ) ) ;
#6887 = CARTESIAN_POINT ( 'NONE',  ( -1.357751691251411597, 3.000000000000000000, 0.06376282006731877339 ) ) ;
#6888 = PLANE ( 'NONE',  #1478 ) ;
#6889 = PRESENTATION_STYLE_ASSIGNMENT (( #1142 ) ) ;
#6890 = CARTESIAN_POINT ( 'NONE',  ( -0.3113406322684401095, 2.950000000000000178, -1.571536270387498879 ) ) ;
#6891 = EDGE_CURVE ( 'NONE', #1078, #6998, #5457, .T. ) ;
#6892 = ORIENTED_EDGE ( 'NONE', *, *, #5452, .T. ) ;
#6893 = LINE ( 'NONE', #952, #2283 ) ;
#6894 = ORIENTED_EDGE ( 'NONE', *, *, #2308, .T. ) ;
#6895 = PRESENTATION_LAYER_ASSIGNMENT (  '', '', ( #3385 ) ) ;
#6896 = VECTOR ( 'NONE', #3017, 1000.000000000000000 ) ;
#6897 = ADVANCED_FACE ( 'NONE', ( #2914 ), #2983, .T. ) ;
#6898 = AXIS2_PLACEMENT_3D ( 'NONE', #2936, #5003, #2249 ) ;
#6899 = SURFACE_STYLE_USAGE ( .BOTH. , #5262 ) ;
#6900 = FILL_AREA_STYLE_COLOUR ( '', #6324 ) ;
#6901 = DIRECTION ( 'NONE',  ( 0.000000000000000000, -0.000000000000000000, -1.000000000000000000 ) ) ;
#6902 = COLOUR_RGB ( '',1.000000000000000000, 1.000000000000000000, 1.000000000000000000 ) ;
#6903 = FILL_AREA_STYLE_COLOUR ( '', #1746 ) ;
#6904 = CARTESIAN_POINT ( 'NONE',  ( -2.024999999999999911, 0.2500000000000000000, -1.499999999999999778 ) ) ;
#6905 = DIRECTION ( 'NONE',  ( 3.706674093967537163E-16, -3.706674093967537163E-16, -1.000000000000000000 ) ) ;
#6906 = VECTOR ( 'NONE', #4512, 1000.000000000000114 ) ;
#6907 = VERTEX_POINT ( 'NONE', #4547 ) ;
#6908 = EDGE_CURVE ( 'NONE', #6390, #595, #677, .T. ) ;
#6909 = COLOUR_RGB ( '',1.000000000000000000, 1.000000000000000000, 1.000000000000000000 ) ;
#6910 = VERTEX_POINT ( 'NONE', #6738 ) ;
#6911 = LINE ( 'NONE', #3670, #1945 ) ;
#6912 = ORIENTED_EDGE ( 'NONE', *, *, #1985, .T. ) ;
#6913 = AXIS2_PLACEMENT_3D ( 'NONE', #5443, #5957, #2244 ) ;
#6914 = CARTESIAN_POINT ( 'NONE',  ( -0.8088639816775702318, 3.000000000000000000, -0.05590005299020207874 ) ) ;
#6915 = DIRECTION ( 'NONE',  ( 0.1308368968219831008, 0.000000000000000000, 0.9914039068058960735 ) ) ;
#6916 = CARTESIAN_POINT ( 'NONE',  ( -0.3113406322684347804, 2.950000000000000178, -0.02548332798981431738 ) ) ;
#6917 = ORIENTED_EDGE ( 'NONE', *, *, #283, .F. ) ;
#6918 = VECTOR ( 'NONE', #1434, 1000.000000000000000 ) ;
#6919 = DIRECTION ( 'NONE',  ( 0.9012599435649164548, 0.000000000000000000, 0.4332787949177337450 ) ) ;
#6920 = EDGE_LOOP ( 'NONE', ( #1786, #4241, #7182, #412 ) ) ;
#6921 = DIRECTION ( 'NONE',  ( 0.000000000000000000, 0.000000000000000000, 1.000000000000000000 ) ) ;
#6922 = CARTESIAN_POINT ( 'NONE',  ( -2.024999999999999467, 0.5999999999999999778, 1.500000000000000222 ) ) ;
#6923 = EDGE_CURVE ( 'NONE', #186, #3158, #584, .T. ) ;
#6924 = DIRECTION ( 'NONE',  ( -0.1991326434077193841, 0.000000000000000000, -0.9799725457018957364 ) ) ;
#6925 = CYLINDRICAL_SURFACE ( 'NONE', #4481, 0.03038517195999622389 ) ;
#6926 = VECTOR ( 'NONE', #6853, 1000.000000000000000 ) ;
#6927 = CARTESIAN_POINT ( 'NONE',  ( -0.8646004806540522614, 3.000000000000000000, 2.371529302489240987 ) ) ;
#6928 = AXIS2_PLACEMENT_3D ( 'NONE', #4792, #424, #5297 ) ;
#6929 = EDGE_CURVE ( 'NONE', #5511, #945, #3071, .T. ) ;
#6930 = CARTESIAN_POINT ( 'NONE',  ( -1.357751691251411597, 2.949999999999999734, 0.06376282006731877339 ) ) ;
#6931 = LINE ( 'NONE', #1531, #2153 ) ;
#6932 = B_SPLINE_CURVE_WITH_KNOTS ( 'NONE', 3,
 ( #2122, #2589, #7181, #3746, #1427, #3696 ),
 .UNSPECIFIED., .F., .F.,
 ( 4, 1, 1, 4 ),
 ( 0.000000000000000000, 0.4712518714902709793, 0.5712518714902710126, 1.000000000000000000 ),
 .UNSPECIFIED. ) ;
#6933 = EDGE_LOOP ( 'NONE', ( #6804, #4174, #1775, #7100 ) ) ;
#6934 = VECTOR ( 'NONE', #5072, 1000.000000000000000 ) ;
#6935 = ORIENTED_EDGE ( 'NONE', *, *, #6140, .T. ) ;
#6936 = COLOUR_RGB ( '',1.000000000000000000, 1.000000000000000000, 1.000000000000000000 ) ;
#6937 = EDGE_LOOP ( 'NONE', ( #6373, #1913, #1364, #2846 ) ) ;
#6938 = EDGE_CURVE ( 'NONE', #5248, #6426, #560, .T. ) ;
#6939 =( LENGTH_UNIT ( ) NAMED_UNIT ( * ) SI_UNIT ( .MILLI., .METRE. ) );
#6940 = UNCERTAINTY_MEASURE_WITH_UNIT (LENGTH_MEASURE( 1.000000000000000082E-05 ), #6123, 'distance_accuracy_value', 'NONE');
#6941 = LINE ( 'NONE', #4233, #6726 ) ;
#6942 = CARTESIAN_POINT ( 'NONE',  ( -0.5369520278213633091, 2.949999999999999734, -1.164692070093668264 ) ) ;
#6943 = CARTESIAN_POINT ( 'NONE',  ( -0.3113406322684347804, 2.949999999999999734, -0.02548332798981431738 ) ) ;
#6944 = CARTESIAN_POINT ( 'NONE',  ( -0.3113406322684287852, 2.949999999999999734, -0.9768128291060232948 ) ) ;
#6945 = FILL_AREA_STYLE_COLOUR ( '', #6909 ) ;
#6946 = LINE ( 'NONE', #879, #4403 ) ;
#6947 = ADVANCED_FACE ( 'NONE', ( #479 ), #1055, .T. ) ;
#6948 = CARTESIAN_POINT ( 'NONE',  ( 3.625000000000000000, 1.339285714285714191, -0.2357142857142851544 ) ) ;
#6949 = EDGE_CURVE ( 'NONE', #6907, #2935, #6932, .T. ) ;
#6950 = ORIENTED_EDGE ( 'NONE', *, *, #7097, .T. ) ;
#6951 = ORIENTED_EDGE ( 'NONE', *, *, #2966, .T. ) ;
#6952 = LINE ( 'NONE', #225, #4558 ) ;
#6953 = ORIENTED_EDGE ( 'NONE', *, *, #786, .T. ) ;
#6954 = CARTESIAN_POINT ( 'NONE',  ( -1.274968362457746363, 2.949999999999999734, -0.5805981914113235165 ) ) ;
#6955 = EDGE_CURVE ( 'NONE', #282, #3580, #5571, .T. ) ;
#6956 = CARTESIAN_POINT ( 'NONE',  ( -0.3113406322684318939, 1.610876343277178879, 0.7220227891438155687 ) ) ;
#6957 = CARTESIAN_POINT ( 'NONE',  ( -1.357751691251414483, 3.000000000000000000, 0.6007890726471740717 ) ) ;
#6958 = DIRECTION ( 'NONE',  ( 0.9933554313349570730, 0.000000000000000000, 0.1150868673539311160 ) ) ;
#6959 = LINE ( 'NONE', #3614, #4513 ) ;
#6960 = CARTESIAN_POINT ( 'NONE',  ( -1.258312057982464482, 2.950000000000000178, 1.620916768221409843 ) ) ;
#6961 = CARTESIAN_POINT ( 'NONE',  ( 3.205714285714285516, 0.2442857142857142450, -2.828571428571428736 ) ) ;
#6962 = DIRECTION ( 'NONE',  ( -1.000000000000000000, 0.000000000000000000, 1.445602896647339163E-16 ) ) ;
#6963 = VERTEX_POINT ( 'NONE', #553 ) ;
#6964 = CARTESIAN_POINT ( 'NONE',  ( -3.299999999999999822, 15.33380951166242845, 2.828571428571428736 ) ) ;
#6965 = LINE ( 'NONE', #1148, #4531 ) ;
#6966 = FACE_OUTER_BOUND ( 'NONE', #5186, .T. ) ;
#6967 = ADVANCED_FACE ( 'NONE', ( #5661 ), #4206, .F. ) ;
#6968 = FACE_OUTER_BOUND ( 'NONE', #2610, .T. ) ;
#6969 = DIRECTION ( 'NONE',  ( 3.623890796147360773E-15, 0.000000000000000000, 1.000000000000000000 ) ) ;
#6970 = DIRECTION ( 'NONE',  ( 0.9914039068058959625, 0.000000000000000000, -0.1308368968219830730 ) ) ;
#6971 = ORIENTED_EDGE ( 'NONE', *, *, #1398, .T. ) ;
#6972 = FACE_OUTER_BOUND ( 'NONE', #3988, .T. ) ;
#6973 = ORIENTED_EDGE ( 'NONE', *, *, #5241, .F. ) ;
#6974 = CARTESIAN_POINT ( 'NONE',  ( -0.3113406322684347804, 3.000000000000000000, -0.02548332798981431738 ) ) ;
#6975 = DIRECTION ( 'NONE',  ( 1.000000000000000000, 0.000000000000000000, 0.000000000000000000 ) ) ;
#6976 = CARTESIAN_POINT ( 'NONE',  ( -1.291453225550519335, 2.949999999999999734, -2.269617236342074129 ) ) ;
#6977 = LINE ( 'NONE', #1837, #4584 ) ;
#6978 = LINE ( 'NONE', #4033, #2021 ) ;
#6979 = DIRECTION ( 'NONE',  ( 0.000000000000000000, 1.000000000000000000, 0.000000000000000000 ) ) ;
#6980 = STYLED_ITEM ( 'NONE', ( #5782 ), #4613 ) ;
#6981 = AXIS2_PLACEMENT_3D ( 'NONE', #2900, #4095, #5549 ) ;
#6982 = DIRECTION ( 'NONE',  ( 0.000000000000000000, 1.000000000000000000, 0.000000000000000000 ) ) ;
#6983 = VECTOR ( 'NONE', #1987, 1000.000000000000000 ) ;
#6984 = PRESENTATION_LAYER_ASSIGNMENT (  '', '', ( #903 ) ) ;
#6985 = VERTEX_POINT ( 'NONE', #3119 ) ;
#6986 = LINE ( 'NONE', #3761, #2208 ) ;
#6987 = ORIENTED_EDGE ( 'NONE', *, *, #678, .T. ) ;
#6988 = CARTESIAN_POINT ( 'NONE',  ( -2.024999999999999911, 0.5999999999999999778, -1.499999999999999778 ) ) ;
#6989 = CARTESIAN_POINT ( 'NONE',  ( -1.299999999999999600, 0.2500000000000000000, -1.800000000000000488 ) ) ;
#6990 = VECTOR ( 'NONE', #1743, 1000.000000000000000 ) ;
#6991 = CARTESIAN_POINT ( 'NONE',  ( -0.3113406322684310057, 3.000000000000000000, 1.017803178849526313 ) ) ;
#6992 =( NAMED_UNIT ( * ) SI_UNIT ( $, .STERADIAN. ) SOLID_ANGLE_UNIT ( ) );
#6993 = EDGE_CURVE ( 'NONE', #6436, #5960, #5601, .T. ) ;
#6994 = FILL_AREA_STYLE ('',( #6484 ) ) ;
#6995 = SURFACE_STYLE_FILL_AREA ( #3153 ) ;
#6996 = DIRECTION ( 'NONE',  ( 0.000000000000000000, -0.000000000000000000, -1.000000000000000000 ) ) ;
#6997 = AXIS2_PLACEMENT_3D ( 'NONE', #2049, #3103, #3676 ) ;
#6998 = VERTEX_POINT ( 'NONE', #3076 ) ;
#6999 = ORIENTED_EDGE ( 'NONE', *, *, #6140, .F. ) ;
#7000 = ORIENTED_EDGE ( 'NONE', *, *, #2513, .T. ) ;
#7001 = VECTOR ( 'NONE', #1293, 1000.000000000000000 ) ;
#7002 = DIRECTION ( 'NONE',  ( -1.000000000000000000, 0.000000000000000000, 0.000000000000000000 ) ) ;
#7003 = AXIS2_PLACEMENT_3D ( 'NONE', #3509, #5765, #6336 ) ;
#7004 = CARTESIAN_POINT ( 'NONE',  ( -1.357751691251410708, 2.950000000000000178, 2.097613617064586933 ) ) ;
#7005 = EDGE_CURVE ( 'NONE', #6285, #6144, #720, .T. ) ;
#7006 = FILL_AREA_STYLE_COLOUR ( '', #7062 ) ;
#7007 = COLOUR_RGB ( '',1.000000000000000000, 1.000000000000000000, 1.000000000000000000 ) ;
#7008 = CARTESIAN_POINT ( 'NONE',  ( -2.024999999999999911, 0.5999999999999999778, -1.499999999999999778 ) ) ;
#7009 = DIRECTION ( 'NONE',  ( -0.000000000000000000, 0.000000000000000000, 1.000000000000000000 ) ) ;
#7010 =( NAMED_UNIT ( * ) SI_UNIT ( $, .STERADIAN. ) SOLID_ANGLE_UNIT ( ) );
#7011 = ORIENTED_EDGE ( 'NONE', *, *, #5401, .F. ) ;
#7012 = STYLED_ITEM ( 'NONE', ( #4817 ), #1200 ) ;
#7013 = CARTESIAN_POINT ( 'NONE',  ( -0.3113406322684380556, 1.610876343277178879, -1.100845407848078716 ) ) ;
#7014 = LINE ( 'NONE', #6088, #7021 ) ;
#7015 = ORIENTED_EDGE ( 'NONE', *, *, #1062, .F. ) ;
#7016 = ORIENTED_EDGE ( 'NONE', *, *, #4633, .F. ) ;
#7017 = PRESENTATION_STYLE_ASSIGNMENT (( #5791 ) ) ;
#7018 = LINE ( 'NONE', #487, #1959 ) ;
#7019 = DIRECTION ( 'NONE',  ( 0.000000000000000000, 0.000000000000000000, 1.000000000000000000 ) ) ;
#7020 = EDGE_LOOP ( 'NONE', ( #6569, #7157, #4904, #3750 ) ) ;
#7021 = VECTOR ( 'NONE', #5090, 1000.000000000000000 ) ;
#7022 = ORIENTED_EDGE ( 'NONE', *, *, #3040, .F. ) ;
#7023 = CARTESIAN_POINT ( 'NONE',  ( 0.000000000000000000, 2.905714285714285694, -3.205714285714285516 ) ) ;
#7024 = ORIENTED_EDGE ( 'NONE', *, *, #6929, .F. ) ;
#7025 = CARTESIAN_POINT ( 'NONE',  ( -3.625000000000000444, 1.574999999999999734, -1.499999999999999778 ) ) ;
#7026 = EDGE_CURVE ( 'NONE', #286, #5340, #756, .T. ) ;
#7027 = ORIENTED_EDGE ( 'NONE', *, *, #3585, .F. ) ;
#7028 = CARTESIAN_POINT ( 'NONE',  ( -0.3113406322684285077, 2.950000000000000178, 1.733182046139194687 ) ) ;
#7029 = CARTESIAN_POINT ( 'NONE',  ( 3.624999999999999556, 0.2357142857142857095, 1.500000000000000666 ) ) ;
#7030 = EDGE_CURVE ( 'NONE', #6745, #1887, #3144, .T. ) ;
#7031 = UNCERTAINTY_MEASURE_WITH_UNIT (LENGTH_MEASURE( 1.000000000000000082E-05 ), #4049, 'distance_accuracy_value', 'NONE');
#7032 = ORIENTED_EDGE ( 'NONE', *, *, #6229, .T. ) ;
#7033 = ORIENTED_EDGE ( 'NONE', *, *, #6030, .F. ) ;
#7034 = CIRCLE ( 'NONE', #1233, 0.4714285714285714191 ) ;
#7035 = CARTESIAN_POINT ( 'NONE',  ( -1.151339791579042870, 3.000000000000000000, 1.121500735562910744 ) ) ;
#7036 = DIRECTION ( 'NONE',  ( -0.1148585647116549119, 0.000000000000000000, 0.9933818551354653970 ) ) ;
#7037 = CARTESIAN_POINT ( 'NONE',  ( -1.357751691251411597, 2.949999999999999734, 1.623199812011252963 ) ) ;
#7038 = ORIENTED_EDGE ( 'NONE', *, *, #1905, .T. ) ;
#7039 = CARTESIAN_POINT ( 'NONE',  ( -0.8107360310716409391, 3.000000000000000000, -0.1136063532589696723 ) ) ;
#7040 =( NAMED_UNIT ( * ) PLANE_ANGLE_UNIT ( ) SI_UNIT ( $, .RADIAN. ) );
#7041 = FACE_OUTER_BOUND ( 'NONE', #43, .T. ) ;
#7042 = EDGE_CURVE ( 'NONE', #14, #1663, #3316, .T. ) ;
#7043 = ORIENTED_EDGE ( 'NONE', *, *, #944, .F. ) ;
#7044 = PRESENTATION_STYLE_ASSIGNMENT (( #5867 ) ) ;
#7045 = ORIENTED_EDGE ( 'NONE', *, *, #4519, .T. ) ;
#7046 =( LENGTH_UNIT ( ) NAMED_UNIT ( * ) SI_UNIT ( .MILLI., .METRE. ) );
#7047 = CARTESIAN_POINT ( 'NONE',  ( -1.357751691251422699, 3.000000000000000000, -1.681518504515441492 ) ) ;
#7048 = CARTESIAN_POINT ( 'NONE',  ( -0.3113406322684170724, 2.950000000000000178, 2.327905487420670827 ) ) ;
#7049 = ADVANCED_FACE ( 'NONE', ( #5702 ), #5389, .F. ) ;
#7050 = FILL_AREA_STYLE ('',( #1504 ) ) ;
#7051 = ORIENTED_EDGE ( 'NONE', *, *, #4125, .F. ) ;
#7052 = CARTESIAN_POINT ( 'NONE',  ( -1.132140295698483845, 1.610876343277178879, 2.097613617064586045 ) ) ;
#7053 = CARTESIAN_POINT ( 'NONE',  ( -0.5191275572975078134, 2.949999999999999734, -0.4017349403839645672 ) ) ;
#7054 = CARTESIAN_POINT ( 'NONE',  ( 3.299999999999999822, 1.575000000000000178, 1.500000000000000666 ) ) ;
#7055 = EDGE_LOOP ( 'NONE', ( #2441, #6409, #4787, #1867 ) ) ;
#7056 = CARTESIAN_POINT ( 'NONE',  ( -2.828571428571428736, 15.33380951166242845, -2.828571428571428736 ) ) ;
#7057 = CIRCLE ( 'NONE', #5923, 0.09428571428571427826 ) ;
#7058 = VERTEX_POINT ( 'NONE', #1486 ) ;
#7059 = VERTEX_POINT ( 'NONE', #5478 ) ;
#7061 = CIRCLE ( 'NONE', #897, 0.2357142857142857095 ) ;
#7060 = PRESENTATION_LAYER_ASSIGNMENT (  '', '', ( #6783 ) ) ;
#7062 = COLOUR_RGB ( '',0.7921568627450980005, 0.8196078431372548767, 0.9333333333333333481 ) ;
#7063 = PLANE ( 'NONE',  #6460 ) ;
#7064 = ORIENTED_EDGE ( 'NONE', *, *, #5334, .T. ) ;
#7065 = ADVANCED_FACE ( 'NONE', ( #5563 ), #4402, .T. ) ;
#7066 = STYLED_ITEM ( 'NONE', ( #2306 ), #617 ) ;
#7067 = ORIENTED_EDGE ( 'NONE', *, *, #4706, .F. ) ;
#7068 = CIRCLE ( 'NONE', #3002, 0.08278332879368098529 ) ;
#7069 = ORIENTED_EDGE ( 'NONE', *, *, #1554, .F. ) ;
#7070 = CARTESIAN_POINT ( 'NONE',  ( -0.5369520278213535391, 2.950000000000000178, 1.709469332942378239 ) ) ;
#7071 = VERTEX_POINT ( 'NONE', #1016 ) ;
#7072 = DIRECTION ( 'NONE',  ( 0.000000000000000000, 0.000000000000000000, -1.000000000000000000 ) ) ;
#7073 = DIRECTION ( 'NONE',  ( 0.000000000000000000, 1.000000000000000000, -0.000000000000000000 ) ) ;
#7074 = DIRECTION ( 'NONE',  ( 1.000000000000000000, 0.000000000000000000, -3.937577556446986284E-15 ) ) ;
#7075 = LINE ( 'NONE', #368, #2356 ) ;
#7076 = STYLED_ITEM ( 'NONE', ( #6487 ), #2449 ) ;
#7077 = ORIENTED_EDGE ( 'NONE', *, *, #6478, .F. ) ;
#7078 =( GEOMETRIC_REPRESENTATION_CONTEXT ( 3 ) GLOBAL_UNCERTAINTY_ASSIGNED_CONTEXT ( ( #5769 ) ) GLOBAL_UNIT_ASSIGNED_CONTEXT ( ( #861, #1342, #3663 ) ) REPRESENTATION_CONTEXT ( 'NONE', 'WORKASPACE' ) );
#7079 = CARTESIAN_POINT ( 'NONE',  ( -1.307978480753482664, 3.000000000000000000, 0.7139307616272294599 ) ) ;
#7080 = CARTESIAN_POINT ( 'NONE',  ( -0.3113406322684285077, 3.000000000000000000, 1.733182046139194687 ) ) ;
#7081 = VERTEX_POINT ( 'NONE', #1593 ) ;
#7082 = EDGE_LOOP ( 'NONE', ( #2072, #6950, #4544, #1941 ) ) ;
#7083 = VECTOR ( 'NONE', #3429, 1000.000000000000114 ) ;
#7084 = ORIENTED_EDGE ( 'NONE', *, *, #537, .T. ) ;
#7085 = CARTESIAN_POINT ( 'NONE',  ( -0.3113406322684170724, 3.000000000000000000, 2.327905487420670827 ) ) ;
#7086 = LINE ( 'NONE', #5739, #2333 ) ;
#7087 = EDGE_LOOP ( 'NONE', ( #3499, #6157, #1481, #895, #3861, #3783, #6022, #5980 ) ) ;
#7088 = FILL_AREA_STYLE ('',( #5851 ) ) ;
#7089 = AXIS2_PLACEMENT_3D ( 'NONE', #3129, #4272, #486 ) ;
#7090 =( NAMED_UNIT ( * ) PLANE_ANGLE_UNIT ( ) SI_UNIT ( $, .RADIAN. ) );
#7091 = ORIENTED_EDGE ( 'NONE', *, *, #1732, .F. ) ;
#7092 = SURFACE_STYLE_USAGE ( .BOTH. , #5808 ) ;
#7093 = SURFACE_STYLE_USAGE ( .BOTH. , #1914 ) ;
#7094 = VECTOR ( 'NONE', #586, 1000.000000000000000 ) ;
#7095 = VERTEX_POINT ( 'NONE', #3257 ) ;
#7096 = CARTESIAN_POINT ( 'NONE',  ( -1.357751691251411374, 2.950000000000000178, 2.197051454351221622 ) ) ;
#7097 = EDGE_CURVE ( 'NONE', #235, #6245, #857, .T. ) ;
#7098 = SURFACE_STYLE_FILL_AREA ( #6198 ) ;
#7099 =( NAMED_UNIT ( * ) SI_UNIT ( $, .STERADIAN. ) SOLID_ANGLE_UNIT ( ) );
#7100 = ORIENTED_EDGE ( 'NONE', *, *, #1321, .F. ) ;
#7101 = AXIS2_PLACEMENT_3D ( 'NONE', #3546, #7036, #3643 ) ;
#7102 = EDGE_CURVE ( 'NONE', #3906, #6424, #3290, .T. ) ;
#7103 = APPLICATION_PROTOCOL_DEFINITION ( 'draft international standard', 'automotive_design', 1998, #1926 ) ;
#7104 = CARTESIAN_POINT ( 'NONE',  ( -0.5369520278213655295, 2.949999999999999734, -1.595248983584309110 ) ) ;
#7105 = PLANE ( 'NONE',  #2047 ) ;
#7106 = CARTESIAN_POINT ( 'NONE',  ( -1.132140295698489618, 3.000000000000000000, 0.4856831150319117496 ) ) ;
#7107 = DIRECTION ( 'NONE',  ( 3.590423107612694605E-15, -0.000000000000000000, 1.000000000000000000 ) ) ;
#7108 = LINE ( 'NONE', #1216, #2285 ) ;
#7109 = CARTESIAN_POINT ( 'NONE',  ( 0.000000000000000000, 3.000000000000000000, 0.000000000000000000 ) ) ;
#7110 = ADVANCED_FACE ( 'NONE', ( #3161 ), #1095, .F. ) ;
#7111 = CIRCLE ( 'NONE', #6453, 0.09428571428571427826 ) ;
#7112 = EDGE_CURVE ( 'NONE', #790, #6907, #5527, .T. ) ;
#7113 = VERTEX_POINT ( 'NONE', #5221 ) ;
#7114 = CYLINDRICAL_SURFACE ( 'NONE', #501, 0.08278332879366212538 ) ;
#7115 = CARTESIAN_POINT ( 'NONE',  ( -1.274968362457743476, 1.610876343277178879, -2.188491846882453906 ) ) ;
#7116 = CARTESIAN_POINT ( 'NONE',  ( -0.3113406322684285077, 3.000000000000000000, 1.733182046139194687 ) ) ;
#7117 = DIRECTION ( 'NONE',  ( -1.000000000000000000, 0.000000000000000000, 4.037799520142767599E-15 ) ) ;
#7118 = VECTOR ( 'NONE', #5751, 999.9999999999998863 ) ;
#7119 = EDGE_CURVE ( 'NONE', #6876, #3627, #5590, .T. ) ;
#7120 = UNCERTAINTY_MEASURE_WITH_UNIT (LENGTH_MEASURE( 1.000000000000000082E-05 ), #6311, 'distance_accuracy_value', 'NONE');
#7121 = CARTESIAN_POINT ( 'NONE',  ( -0.3113406322684411087, 2.949999999999999734, -1.909735474986742787 ) ) ;
#7122 = ORIENTED_EDGE ( 'NONE', *, *, #4125, .T. ) ;
#7123 = VECTOR ( 'NONE', #2444, 1000.000000000000000 ) ;
#7124 = VERTEX_POINT ( 'NONE', #766 ) ;
#7125 = ADVANCED_FACE ( 'NONE', ( #3096 ), #6134, .F. ) ;
#7126 = DIRECTION ( 'NONE',  ( 1.000000000000000000, 0.000000000000000000, 0.000000000000000000 ) ) ;
#7127 = VERTEX_POINT ( 'NONE', #1292 ) ;
#7128 = CARTESIAN_POINT ( 'NONE',  ( 2.828571428571428736, 0.2442857142857142450, 2.828571428571428736 ) ) ;
#7129 = EDGE_CURVE ( 'NONE', #2360, #5543, #4534, .T. ) ;
#7130 = ORIENTED_EDGE ( 'NONE', *, *, #4768, .T. ) ;
#7131 = FILL_AREA_STYLE ('',( #6945 ) ) ;
#7132 = CARTESIAN_POINT ( 'NONE',  ( -0.3113406322684310057, 3.000000000000000000, 1.017803178849526313 ) ) ;
#7133 = CARTESIAN_POINT ( 'NONE',  ( -1.357751691251411597, 2.950000000000000178, 0.06376282006731877339 ) ) ;
#7134 = ORIENTED_EDGE ( 'NONE', *, *, #4713, .T. ) ;
#7135 = PRESENTATION_STYLE_ASSIGNMENT (( #3631 ) ) ;
#7136 = EDGE_LOOP ( 'NONE', ( #1081, #3784, #3751, #1383 ) ) ;
#7137 = ORIENTED_EDGE ( 'NONE', *, *, #6127, .F. ) ;
#7138 = CARTESIAN_POINT ( 'NONE',  ( -0.8186499976311963911, 2.949999999999999734, 0.1029587669415544526 ) ) ;
#7139 = CIRCLE ( 'NONE', #6081, 0.09428571428571427826 ) ;
#7140 = ADVANCED_FACE ( 'NONE', ( #713 ), #6180, .T. ) ;
#7141 = PRESENTATION_STYLE_ASSIGNMENT (( #1791 ) ) ;
#7142 = DIRECTION ( 'NONE',  ( 0.000000000000000000, 1.000000000000000000, -0.000000000000000000 ) ) ;
#7143 = ORIENTED_EDGE ( 'NONE', *, *, #7119, .T. ) ;
#7144 =( NAMED_UNIT ( * ) PLANE_ANGLE_UNIT ( ) SI_UNIT ( $, .RADIAN. ) );
#7145 = STYLED_ITEM ( 'NONE', ( #891 ), #7065 ) ;
#7146 = STYLED_ITEM ( 'NONE', ( #2063 ), #2775 ) ;
#7148 = FILL_AREA_STYLE_COLOUR ( '', #5474 ) ;
#7147 = PRESENTATION_LAYER_ASSIGNMENT (  '', '', ( #3228 ) ) ;
#7149 = DIRECTION ( 'NONE',  ( 0.9012599435649156776, 0.000000000000000000, 0.4332787949177354658 ) ) ;
#7150 = CARTESIAN_POINT ( 'NONE',  ( 2.024999999999999467, 0.5999999999999999778, 1.500000000000000222 ) ) ;
#7151 = DIRECTION ( 'NONE',  ( 0.9914039068058959625, -0.000000000000000000, -0.1308368968219830730 ) ) ;
#7152 = ORIENTED_EDGE ( 'NONE', *, *, #3508, .F. ) ;
#7153 = LINE ( 'NONE', #6930, #17 ) ;
#7154 = VECTOR ( 'NONE', #5579, 1000.000000000000000 ) ;
#7155 = CARTESIAN_POINT ( 'NONE',  ( -0.5369520278213593123, 2.949999999999999734, 0.1894440865371726790 ) ) ;
#7156 = AXIS2_PLACEMENT_3D ( 'NONE', #5108, #3445, #2339 ) ;
#7157 = ORIENTED_EDGE ( 'NONE', *, *, #4393, .F. ) ;
#7158 = LINE ( 'NONE', #2220, #2368 ) ;
#7159 =( GEOMETRIC_REPRESENTATION_CONTEXT ( 3 ) GLOBAL_UNCERTAINTY_ASSIGNED_CONTEXT ( ( #3031 ) ) GLOBAL_UNIT_ASSIGNED_CONTEXT ( ( #2252, #4471, #1029 ) ) REPRESENTATION_CONTEXT ( 'NONE', 'WORKASPACE' ) );
#7160 = MECHANICAL_DESIGN_GEOMETRIC_PRESENTATION_REPRESENTATION (  '', ( #2919 ), #1855 ) ;
#7161 = CARTESIAN_POINT ( 'NONE',  ( -1.222122891457874116, 2.950000000000000178, 1.477618357555203543 ) ) ;
#7162 = DIRECTION ( 'NONE',  ( -0.9799725457018645391, -0.000000000000000000, 0.1991326434078726781 ) ) ;
#7163 = CARTESIAN_POINT ( 'NONE',  ( -1.132140295698489618, 3.000000000000000000, 0.4856831150319117496 ) ) ;
#7164 = CARTESIAN_POINT ( 'NONE',  ( -0.5369520278213519848, 2.949999999999999734, 2.140026246433025747 ) ) ;
#7165 = VECTOR ( 'NONE', #2859, 1000.000000000000000 ) ;
#7166 = LINE ( 'NONE', #5280, #2294 ) ;
#7167 = ORIENTED_EDGE ( 'NONE', *, *, #606, .T. ) ;
#7168 = ORIENTED_EDGE ( 'NONE', *, *, #5228, .F. ) ;
#7169 = CARTESIAN_POINT ( 'NONE',  ( -1.132140295698496946, 2.950000000000000178, -1.657805791318631261 ) ) ;
#7170 = ADVANCED_FACE ( 'NONE', ( #3105 ), #6799, .F. ) ;
#7171 = DIRECTION ( 'NONE',  ( 0.000000000000000000, 0.000000000000000000, 1.000000000000000000 ) ) ;
#7172 = ORIENTED_EDGE ( 'NONE', *, *, #5334, .F. ) ;
#7173 = EDGE_CURVE ( 'NONE', #3580, #311, #5536, .T. ) ;
#7174 = FACE_OUTER_BOUND ( 'NONE', #6001, .T. ) ;
#7175 = EDGE_LOOP ( 'NONE', ( #6450, #5231, #3044, #1653 ) ) ;
#7176 = AXIS2_PLACEMENT_3D ( 'NONE', #7128, #4557, #5425 ) ;
#7177 = LINE ( 'NONE', #4368, #2594 ) ;
#7178 = VERTEX_POINT ( 'NONE', #723 ) ;
#7179 = FILL_AREA_STYLE_COLOUR ( '', #550 ) ;
#7180 = FACE_OUTER_BOUND ( 'NONE', #4250, .T. ) ;
#7181 = CARTESIAN_POINT ( 'NONE',  ( -1.222122891457874116, 3.000000000000000000, 1.477618357555203543 ) ) ;
#7182 = ORIENTED_EDGE ( 'NONE', *, *, #5136, .T. ) ;
#7183 = DIRECTION ( 'NONE',  ( -3.781810621731025588E-15, 0.000000000000000000, -1.000000000000000000 ) ) ;
ENDSEC;
END-ISO-10303-21;
