ISO-10303-21;
HEADER;
FILE_DESCRIPTION (( 'STEP AP214' ),
    '1' );
FILE_NAME ('ATTINY45V-10XU.STEP',
    '2022-04-26T19:08:15',
    ( '' ),
    ( '' ),
    'SwSTEP 2.0',
    'SolidWorks 2017',
    '' );
FILE_SCHEMA (( 'AUTOMOTIVE_DESIGN' ));
ENDSEC;

DATA;
#1 = VERTEX_POINT ( 'NONE', #569 ) ;
#2 = CARTESIAN_POINT ( 'NONE',  ( -2.530158218102036100, 0.5114999999999996200, 1.112500000000026000 ) ) ;
#3 = CARTESIAN_POINT ( 'NONE',  ( -2.430158218102039600, 0.5114999999999996200, 0.8375000000000250000 ) ) ;
#4 = DIRECTION ( 'NONE',  ( 1.047444401652940000E-014, 0.0000000000000000000, 1.000000000000000000 ) ) ;
#5 = VERTEX_POINT ( 'NONE', #3369 ) ;
#6 = AXIS2_PLACEMENT_3D ( 'NONE', #1056, #1700, #2029 ) ;
#7 = LINE ( 'NONE', #729, #2405 ) ;
#8 = DIRECTION ( 'NONE',  ( -0.9975640502598247500, -0.06975647374411803000, 1.044892879734885600E-014 ) ) ;
#9 = VECTOR ( 'NONE', #911, 1000.000000000000000 ) ;
#10 = LINE ( 'NONE', #3340, #2556 ) ;
#11 = ADVANCED_FACE ( 'NONE', ( #451 ), #1526, .F. ) ;
#12 = ADVANCED_FACE ( 'NONE', ( #313 ), #2755, .F. ) ;
#13 = AXIS2_PLACEMENT_3D ( 'NONE', #1707, #3568, #2285 ) ;
#14 = CLOSED_SHELL ( 'NONE', ( #3331, #12, #2129, #3475, #3525, #3425, #940, #2681, #597, #1862, #143, #3415, #918, #3647 ) ) ;
#15 = EDGE_CURVE ( 'NONE', #1, #3747, #264, .T. ) ;
#16 = FACE_OUTER_BOUND ( 'NONE', #3385, .T. ) ;
#17 = CYLINDRICAL_SURFACE ( 'NONE', #1225, 0.2269999999999997600 ) ;
#18 = CARTESIAN_POINT ( 'NONE',  ( -2.430158218102056900, 0.7384999999999993800, -0.8374999999999748200 ) ) ;
#19 = EDGE_CURVE ( 'NONE', #2082, #1266, #2800, .T. ) ;
#20 = CARTESIAN_POINT ( 'NONE',  ( -2.199999999999995700, 0.5114999999999996200, 0.4625000000000226200 ) ) ;
#21 = VECTOR ( 'NONE', #59, 1000.000000000000000 ) ;
#22 = DIRECTION ( 'NONE',  ( 1.047444401652940000E-014, 0.0000000000000000000, 1.000000000000000000 ) ) ;
#23 = CARTESIAN_POINT ( 'NONE',  ( -2.657158218102056800, 0.2579013381946189100, -0.8374999999999724900 ) ) ;
#24 = EDGE_CURVE ( 'NONE', #427, #192, #2745, .T. ) ;
#25 = CIRCLE ( 'NONE', #2625, 0.1000000000000002600 ) ;
#26 = CARTESIAN_POINT ( 'NONE',  ( -3.191140927834499300, 0.0000000000000000000, -0.1874999999999669700 ) ) ;
#27 = ORIENTED_EDGE ( 'NONE', *, *, #3379, .T. ) ;
#28 = DIRECTION ( 'NONE',  ( -1.000000000000000000, 0.0000000000000000000, 1.057097118173368700E-014 ) ) ;
#29 = LINE ( 'NONE', #3122, #3002 ) ;
#30 = ORIENTED_EDGE ( 'NONE', *, *, #2092, .F. ) ;
#31 = DIRECTION ( 'NONE',  ( -1.000000000000000000, 0.0000000000000000000, 1.064489405713041300E-014 ) ) ;
#32 = CARTESIAN_POINT ( 'NONE',  ( -2.199999999999984600, 0.6114999999999996000, 1.525000000000022300 ) ) ;
#33 = EDGE_LOOP ( 'NONE', ( #415, #3822, #2651, #277 ) ) ;
#34 = CARTESIAN_POINT ( 'NONE',  ( -1.350000000000010100, 1.149999999999999200, -0.9101404047848324900 ) ) ;
#35 = AXIS2_PLACEMENT_3D ( 'NONE', #986, #1645, #705 ) ;
#36 = CARTESIAN_POINT ( 'NONE',  ( 2.750182570727648400, 0.1581449331686363400, 1.112499999999970700 ) ) ;
#37 = ORIENTED_EDGE ( 'NONE', *, *, #2123, .T. ) ;
#38 = EDGE_CURVE ( 'NONE', #3621, #654, #951, .T. ) ;
#39 = AXIS2_PLACEMENT_3D ( 'NONE', #1663, #408, #1315 ) ;
#40 = CARTESIAN_POINT ( 'NONE',  ( 2.741323498562124900, 0.03145429878563848300, -0.8375000000000291100 ) ) ;
#41 = EDGE_CURVE ( 'NONE', #2643, #3260, #351, .T. ) ;
#42 = LINE ( 'NONE', #1161, #633 ) ;
#43 = PLANE ( 'NONE',  #3054 ) ;
#44 = ORIENTED_EDGE ( 'NONE', *, *, #287, .T. ) ;
#45 = VECTOR ( 'NONE', #1479, 1000.000000000000000 ) ;
#46 = PRESENTATION_STYLE_ASSIGNMENT (( #3011 ) ) ;
#47 = AXIS2_PLACEMENT_3D ( 'NONE', #1850, #1562, #2482 ) ;
#48 = CARTESIAN_POINT ( 'NONE',  ( 2.430158218102060000, 0.6114999999999996000, 1.112499999999974300 ) ) ;
#49 = CARTESIAN_POINT ( 'NONE',  ( -2.757158218102060000, 0.2579013381946188600, -1.112499999999971600 ) ) ;
#50 = VECTOR ( 'NONE', #1260, 1000.000000000000000 ) ;
#51 = LINE ( 'NONE', #2788, #2675 ) ;
#52 = ORIENTED_EDGE ( 'NONE', *, *, #3447, .F. ) ;
#53 = EDGE_CURVE ( 'NONE', #4018, #2224, #3603, .T. ) ;
#54 = CARTESIAN_POINT ( 'NONE',  ( -2.199999999999984600, 0.7384999999999996000, 1.525000000000022600 ) ) ;
#55 = EDGE_CURVE ( 'NONE', #702, #3211, #2178, .T. ) ;
#56 = LINE ( 'NONE', #2050, #2541 ) ;
#57 = VERTEX_POINT ( 'NONE', #3157 ) ;
#58 = DIRECTION ( 'NONE',  ( 0.0000000000000000000, 1.000000000000000000, 0.0000000000000000000 ) ) ;
#59 = DIRECTION ( 'NONE',  ( 1.047444401652940000E-014, 0.0000000000000000000, 1.000000000000000000 ) ) ;
#60 = CARTESIAN_POINT ( 'NONE',  ( 3.200000000000005100, 0.1266906343829976900, 0.4624999999999661000 ) ) ;
#61 = VECTOR ( 'NONE', #113, 1000.000000000000000 ) ;
#62 = DIRECTION ( 'NONE',  ( -1.000000000000000000, 0.0000000000000000000, 1.047444401652940000E-014 ) ) ;
#63 = ORIENTED_EDGE ( 'NONE', *, *, #2920, .T. ) ;
#64 = VERTEX_POINT ( 'NONE', #1873 ) ;
#65 = DIRECTION ( 'NONE',  ( 1.000000000000000000, -4.710681988356335200E-016, -1.047444401652940000E-014 ) ) ;
#66 = CARTESIAN_POINT ( 'NONE',  ( 2.530158218102046300, 0.5114999999999996200, -0.1875000000000269000 ) ) ;
#67 = VECTOR ( 'NONE', #1196, 1000.000000000000000 ) ;
#68 = FILL_AREA_STYLE ('',( #2531 ) ) ;
#69 = VERTEX_POINT ( 'NONE', #634 ) ;
#70 = AXIS2_PLACEMENT_3D ( 'NONE', #3, #3164, #3812 ) ;
#71 = CARTESIAN_POINT ( 'NONE',  ( 2.741323498562128400, 0.03145429878563848300, -0.4625000000000291700 ) ) ;
#72 = ORIENTED_EDGE ( 'NONE', *, *, #4021, .T. ) ;
#73 = VECTOR ( 'NONE', #1660, 1000.000000000000000 ) ;
#74 = EDGE_CURVE ( 'NONE', #1664, #4057, #3998, .T. ) ;
#75 = CARTESIAN_POINT ( 'NONE',  ( 2.430158218102060000, 0.6114999999999996000, 1.112499999999974300 ) ) ;
#76 = VERTEX_POINT ( 'NONE', #327 ) ;
#77 = EDGE_LOOP ( 'NONE', ( #2246, #27, #3015, #3191 ) ) ;
#78 = CARTESIAN_POINT ( 'NONE',  ( 2.199999999999991700, 0.7384999999999996000, -0.8375000000000234500 ) ) ;
#79 = ORIENTED_EDGE ( 'NONE', *, *, #2218, .T. ) ;
#80 = DIRECTION ( 'NONE',  ( -0.9975640502598247500, 0.06975647374411804400, 1.044892879734885600E-014 ) ) ;
#81 = CARTESIAN_POINT ( 'NONE',  ( 2.199999999999982000, 0.6114999999999996000, -1.525000000000023400 ) ) ;
#82 = EDGE_CURVE ( 'NONE', #292, #2633, #3891, .T. ) ;
#83 = VECTOR ( 'NONE', #2574, 1000.000000000000000 ) ;
#84 = UNCERTAINTY_MEASURE_WITH_UNIT (LENGTH_MEASURE( 1.000000000000000100E-005 ), #2495, 'distance_accuracy_value', 'NONE');
#85 = EDGE_CURVE ( 'NONE', #3772, #1791, #1924, .T. ) ;
#86 = VERTEX_POINT ( 'NONE', #1248 ) ;
#87 = CARTESIAN_POINT ( 'NONE',  ( -2.657158218102039000, 0.5114999999999996200, 0.8375000000000273300 ) ) ;
#88 = CARTESIAN_POINT ( 'NONE',  ( 2.530158218102036100, 0.5114999999999996200, -1.112500000000026900 ) ) ;
#89 = ORIENTED_EDGE ( 'NONE', *, *, #1905, .T. ) ;
#90 = PLANE ( 'NONE',  #453 ) ;
#91 = VERTEX_POINT ( 'NONE', #916 ) ;
#92 =( GEOMETRIC_REPRESENTATION_CONTEXT ( 3 ) GLOBAL_UNCERTAINTY_ASSIGNED_CONTEXT ( ( #1619 ) ) GLOBAL_UNIT_ASSIGNED_CONTEXT ( ( #494, #3984, #3670 ) ) REPRESENTATION_CONTEXT ( 'NONE', 'WORKASPACE' ) );
#93 = DIRECTION ( 'NONE',  ( -1.047444401652940000E-014, 0.0000000000000000000, -1.000000000000000000 ) ) ;
#94 = CARTESIAN_POINT ( 'NONE',  ( -2.657158218102050100, 0.2579013381946189100, -0.1874999999999725500 ) ) ;
#95 =( NAMED_UNIT ( * ) SI_UNIT ( $, .STERADIAN. ) SOLID_ANGLE_UNIT ( ) );
#96 = ORIENTED_EDGE ( 'NONE', *, *, #3298, .T. ) ;
#97 = CARTESIAN_POINT ( 'NONE',  ( -2.750182570727631500, 0.1581449331686363100, 0.4625000000000283900 ) ) ;
#98 = DIRECTION ( 'NONE',  ( -1.047444401652940000E-014, -0.0000000000000000000, -1.000000000000000000 ) ) ;
#99 = PRESENTATION_LAYER_ASSIGNMENT (  '', '', ( #3810 ) ) ;
#100 = DIRECTION ( 'NONE',  ( 1.047444401652940000E-014, 0.0000000000000000000, 1.000000000000000000 ) ) ;
#101 = ORIENTED_EDGE ( 'NONE', *, *, #2584, .F. ) ;
#102 = FACE_OUTER_BOUND ( 'NONE', #2159, .T. ) ;
#103 = ORIENTED_EDGE ( 'NONE', *, *, #1295, .T. ) ;
#104 = EDGE_CURVE ( 'NONE', #3867, #496, #500, .T. ) ;
#105 = DIRECTION ( 'NONE',  ( -1.000000000000000000, 1.710107087737797400E-015, 1.047444401652940000E-014 ) ) ;
#106 = ORIENTED_EDGE ( 'NONE', *, *, #3831, .T. ) ;
#107 = LINE ( 'NONE', #516, #2303 ) ;
#108 = EDGE_CURVE ( 'NONE', #3994, #296, #3753, .T. ) ;
#109 = VECTOR ( 'NONE', #853, 1000.000000000000000 ) ;
#110 = ORIENTED_EDGE ( 'NONE', *, *, #3019, .F. ) ;
#111 = DIRECTION ( 'NONE',  ( 1.000000000000000000, 0.0000000000000000000, -1.047444401652940000E-014 ) ) ;
#112 = CARTESIAN_POINT ( 'NONE',  ( 2.750182570727628000, 0.1581449331686363700, -0.8375000000000292200 ) ) ;
#113 = DIRECTION ( 'NONE',  ( 0.0000000000000000000, 1.000000000000000000, 0.0000000000000000000 ) ) ;
#114 = ORIENTED_EDGE ( 'NONE', *, *, #784, .T. ) ;
#115 = DIRECTION ( 'NONE',  ( 1.000000000000000000, 0.0000000000000000000, -1.047444401652940000E-014 ) ) ;
#116 = DIRECTION ( 'NONE',  ( -1.000000000000000000, 0.0000000000000000000, 1.064489405713041300E-014 ) ) ;
#117 = EDGE_LOOP ( 'NONE', ( #1362, #3627, #208, #1724 ) ) ;
#118 = EDGE_LOOP ( 'NONE', ( #1091, #3549, #3846, #2252 ) ) ;
#119 = PLANE ( 'NONE',  #555 ) ;
#120 = DIRECTION ( 'NONE',  ( 1.000000000000000000, 0.0000000000000000000, -1.047444401652940000E-014 ) ) ;
#121 = DIRECTION ( 'NONE',  ( 0.9975640502598247500, 0.06975647374411810000, -1.044892879734885600E-014 ) ) ;
#122 = AXIS2_PLACEMENT_3D ( 'NONE', #3277, #1090, #1050 ) ;
#123 = DIRECTION ( 'NONE',  ( 0.9975640502598247500, 0.06975647374411810000, -1.044892879734885600E-014 ) ) ;
#124 = FACE_OUTER_BOUND ( 'NONE', #1195, .T. ) ;
#125 = LINE ( 'NONE', #991, #3151 ) ;
#126 = DIRECTION ( 'NONE',  ( 1.047444401652940000E-014, 0.0000000000000000000, 1.000000000000000000 ) ) ;
#127 = ADVANCED_FACE ( 'NONE', ( #1502 ), #43, .F. ) ;
#128 = DIRECTION ( 'NONE',  ( 1.047444401652940000E-014, 0.0000000000000000000, 1.000000000000000000 ) ) ;
#129 = CYLINDRICAL_SURFACE ( 'NONE', #3773, 0.2270000000000002000 ) ;
#130 = AXIS2_PLACEMENT_3D ( 'NONE', #1108, #3901, #1458 ) ;
#131 = EDGE_LOOP ( 'NONE', ( #2451, #1544, #256, #110 ) ) ;
#132 = EDGE_CURVE ( 'NONE', #825, #2331, #1049, .T. ) ;
#133 = VECTOR ( 'NONE', #3077, 1000.000000000000000 ) ;
#134 = PRODUCT_DEFINITION_SHAPE ( 'NONE', 'NONE',  #3107 ) ;
#135 = ORIENTED_EDGE ( 'NONE', *, *, #2059, .T. ) ;
#136 = PLANE ( 'NONE',  #3541 ) ;
#137 = CARTESIAN_POINT ( 'NONE',  ( -2.657158218102052800, 0.5114999999999996200, -0.4624999999999726600 ) ) ;
#138 = ORIENTED_EDGE ( 'NONE', *, *, #3959, .F. ) ;
#139 = CARTESIAN_POINT ( 'NONE',  ( 2.741323498562131100, 0.03145429878563838600, -0.1875000000000290900 ) ) ;
#140 = DIRECTION ( 'NONE',  ( 1.047444401652940000E-014, 0.0000000000000000000, 1.000000000000000000 ) ) ;
#141 = ORIENTED_EDGE ( 'NONE', *, *, #601, .T. ) ;
#142 = VERTEX_POINT ( 'NONE', #1616 ) ;
#143 = ADVANCED_FACE ( 'NONE', ( #607 ), #948, .F. ) ;
#144 = AXIS2_PLACEMENT_3D ( 'NONE', #4042, #3454, #1598 ) ;
#145 = CIRCLE ( 'NONE', #3634, 0.09999999999999982500 ) ;
#146 = VECTOR ( 'NONE', #3547, 1000.000000000000000 ) ;
#147 = ORIENTED_EDGE ( 'NONE', *, *, #3472, .F. ) ;
#148 = DIRECTION ( 'NONE',  ( 0.0000000000000000000, 1.000000000000000000, 0.0000000000000000000 ) ) ;
#149 = DIRECTION ( 'NONE',  ( -1.000000000000000000, 0.0000000000000000000, 1.047444401652940000E-014 ) ) ;
#150 = DIRECTION ( 'NONE',  ( 1.000000000000000000, 0.0000000000000000000, -1.047444401652940000E-014 ) ) ;
#151 = FACE_OUTER_BOUND ( 'NONE', #2229, .T. ) ;
#152 = LINE ( 'NONE', #1173, #2206 ) ;
#153 = EDGE_LOOP ( 'NONE', ( #2213, #1967, #2654, #2404 ) ) ;
#154 = CARTESIAN_POINT ( 'NONE',  ( 2.757158218102052900, 0.2579013381946188600, 0.4624999999999707100 ) ) ;
#155 = CARTESIAN_POINT ( 'NONE',  ( -2.430158218102050200, 0.5114999999999996200, -0.1874999999999749400 ) ) ;
#156 = ORIENTED_EDGE ( 'NONE', *, *, #1071, .T. ) ;
#157 = EDGE_CURVE ( 'NONE', #4013, #3246, #2599, .T. ) ;
#158 = CARTESIAN_POINT ( 'NONE',  ( 2.657158218102046100, 0.2579013381946188600, -0.1875000000000282300 ) ) ;
#159 = CIRCLE ( 'NONE', #964, 0.09999999999999982500 ) ;
#160 = VERTEX_POINT ( 'NONE', #2567 ) ;
#161 = DIRECTION ( 'NONE',  ( 1.047444401652940000E-014, 0.0000000000000000000, 1.000000000000000000 ) ) ;
#162 =( LENGTH_UNIT ( ) NAMED_UNIT ( * ) SI_UNIT ( .MILLI., .METRE. ) );
#163 = DIRECTION ( 'NONE',  ( -1.000000000000000000, 0.0000000000000000000, 1.047444401652940000E-014 ) ) ;
#164 = EDGE_CURVE ( 'NONE', #1631, #3413, #1356, .T. ) ;
#165 = DIRECTION ( 'NONE',  ( -1.000000000000000000, 0.0000000000000000000, 1.050768625316347000E-014 ) ) ;
#166 = LINE ( 'NONE', #2294, #3748 ) ;
#167 = PLANE ( 'NONE',  #2226 ) ;
#168 = LINE ( 'NONE', #690, #1557 ) ;
#169 = CARTESIAN_POINT ( 'NONE',  ( 2.430158218102043100, 0.5114999999999996200, -0.4625000000000259500 ) ) ;
#170 = VECTOR ( 'NONE', #2994, 1000.000000000000000 ) ;
#171 = AXIS2_PLACEMENT_3D ( 'NONE', #154, #2639, #2628 ) ;
#172 = CARTESIAN_POINT ( 'NONE',  ( 2.430158218102045800, 0.7384999999999996000, -0.1875000000000258400 ) ) ;
#173 = DIRECTION ( 'NONE',  ( -1.047444401652940000E-014, 0.0000000000000000000, -1.000000000000000000 ) ) ;
#174 = DIRECTION ( 'NONE',  ( 1.047444401652940000E-014, 0.0000000000000000000, 1.000000000000000000 ) ) ;
#175 = AXIS2_PLACEMENT_3D ( 'NONE', #2332, #3252, #2909 ) ;
#176 = VERTEX_POINT ( 'NONE', #2859 ) ;
#177 = LINE ( 'NONE', #3179, #2477 ) ;
#178 = EDGE_CURVE ( 'NONE', #2331, #616, #3404, .T. ) ;
#179 = DIRECTION ( 'NONE',  ( 0.1378445374916302000, 0.9808148484639889200, 0.1378445374916277800 ) ) ;
#180 = DIRECTION ( 'NONE',  ( 0.0000000000000000000, 1.000000000000000000, 0.0000000000000000000 ) ) ;
#181 = ORIENTED_EDGE ( 'NONE', *, *, #3219, .F. ) ;
#182 = VERTEX_POINT ( 'NONE', #732 ) ;
#183 = VECTOR ( 'NONE', #379, 1000.000000000000200 ) ;
#184 = DIRECTION ( 'NONE',  ( 0.0000000000000000000, -1.000000000000000000, 0.0000000000000000000 ) ) ;
#185 = EDGE_CURVE ( 'NONE', #2232, #3202, #3146, .T. ) ;
#186 = ORIENTED_EDGE ( 'NONE', *, *, #356, .T. ) ;
#187 = DIRECTION ( 'NONE',  ( 0.9975640502598247500, 0.06975647374411912700, -1.044892879734885700E-014 ) ) ;
#188 = ORIENTED_EDGE ( 'NONE', *, *, #3327, .F. ) ;
#189 = DIRECTION ( 'NONE',  ( 0.0000000000000000000, 1.000000000000000000, 0.0000000000000000000 ) ) ;
#190 = DIRECTION ( 'NONE',  ( 1.047444401652940000E-014, 0.0000000000000000000, 1.000000000000000000 ) ) ;
#191 = CIRCLE ( 'NONE', #3660, 0.2269999999999997600 ) ;
#192 = VERTEX_POINT ( 'NONE', #1005 ) ;
#193 = SURFACE_SIDE_STYLE ('',( #3426 ) ) ;
#194 = EDGE_CURVE ( 'NONE', #395, #2893, #947, .T. ) ;
#195 = VECTOR ( 'NONE', #4, 1000.000000000000000 ) ;
#196 = EDGE_LOOP ( 'NONE', ( #3570, #1213, #2665, #3080, #3046, #498, #932, #2802, #1481, #1524, #2096, #1120 ) ) ;
#197 =( NAMED_UNIT ( * ) SI_UNIT ( $, .STERADIAN. ) SOLID_ANGLE_UNIT ( ) );
#198 = DIRECTION ( 'NONE',  ( 1.000000000000000000, 0.0000000000000000000, -1.047444401652940000E-014 ) ) ;
#199 = FACE_OUTER_BOUND ( 'NONE', #1978, .T. ) ;
#200 = AXIS2_PLACEMENT_3D ( 'NONE', #1877, #1581, #608 ) ;
#201 = VERTEX_POINT ( 'NONE', #88 ) ;
#202 =( NAMED_UNIT ( * ) SI_UNIT ( $, .STERADIAN. ) SOLID_ANGLE_UNIT ( ) );
#203 = ADVANCED_FACE ( 'NONE', ( #3294 ), #3936, .F. ) ;
#204 = CARTESIAN_POINT ( 'NONE',  ( 2.199999999999982000, 0.7384999999999996000, -1.525000000000023400 ) ) ;
#205 = CARTESIAN_POINT ( 'NONE',  ( 2.657158218102046600, 0.5114999999999995100, -0.1875000000000282300 ) ) ;
#206 = EDGE_CURVE ( 'NONE', #2573, #2357, #3097, .T. ) ;
#207 = CIRCLE ( 'NONE', #1099, 0.2270000000000002000 ) ;
#208 = ORIENTED_EDGE ( 'NONE', *, *, #2664, .F. ) ;
#209 = FACE_OUTER_BOUND ( 'NONE', #531, .T. ) ;
#210 = ORIENTED_EDGE ( 'NONE', *, *, #533, .T. ) ;
#211 = CYLINDRICAL_SURFACE ( 'NONE', #649, 0.1000000000000002600 ) ;
#212 = CARTESIAN_POINT ( 'NONE',  ( -2.530158218102053000, 0.2579013381946189100, -0.4624999999999739300 ) ) ;
#213 = ADVANCED_FACE ( 'NONE', ( #3091 ), #3229, .F. ) ;
#214 = CARTESIAN_POINT ( 'NONE',  ( -2.430158218102052900, 0.5114999999999996200, -0.4624999999999749900 ) ) ;
#215 = ORIENTED_EDGE ( 'NONE', *, *, #1350, .F. ) ;
#216 = COLOUR_RGB ( '',0.7921568627450980000, 0.8196078431372548800, 0.9333333333333333500 ) ;
#217 = VECTOR ( 'NONE', #3809, 1000.000000000000000 ) ;
#218 = DIRECTION ( 'NONE',  ( -1.000000000000000000, 0.0000000000000000000, 1.047444401652940000E-014 ) ) ;
#219 = CARTESIAN_POINT ( 'NONE',  ( -2.530158218102050300, 0.5114999999999996200, -0.1874999999999738800 ) ) ;
#220 = DIRECTION ( 'NONE',  ( 1.000000000000000000, -0.0000000000000000000, -1.047444401652940000E-014 ) ) ;
#221 = ORIENTED_EDGE ( 'NONE', *, *, #2092, .T. ) ;
#222 = DIRECTION ( 'NONE',  ( -0.06975647374411822500, -0.9975640502598247500, 7.306602790232694800E-016 ) ) ;
#223 = AXIS2_PLACEMENT_3D ( 'NONE', #2012, #115, #2257 ) ;
#224 = CARTESIAN_POINT ( 'NONE',  ( -3.191140927834485100, 0.0000000000000000000, 1.112500000000032900 ) ) ;
#225 = ORIENTED_EDGE ( 'NONE', *, *, #934, .F. ) ;
#226 = CARTESIAN_POINT ( 'NONE',  ( -1.075000000000010200, 1.149999999999999200, -0.9101404047848353800 ) ) ;
#227 = DIRECTION ( 'NONE',  ( 1.457760854613002700E-015, 0.9902680687415703600, 0.1391731009600657200 ) ) ;
#228 = DIRECTION ( 'NONE',  ( -0.06975647374411911300, -0.9975640502598246400, 7.306602790232785500E-016 ) ) ;
#229 = ORIENTED_EDGE ( 'NONE', *, *, #2329, .F. ) ;
#230 = ORIENTED_EDGE ( 'NONE', *, *, #809, .T. ) ;
#231 = CARTESIAN_POINT ( 'NONE',  ( 2.750182570727638600, 0.1581449331686363400, 0.1874999999999706900 ) ) ;
#232 = EDGE_CURVE ( 'NONE', #2555, #2700, #2990, .T. ) ;
#233 = LINE ( 'NONE', #4026, #735 ) ;
#234 = DIRECTION ( 'NONE',  ( -1.000000000000000000, 0.0000000000000000000, 1.047444401652940000E-014 ) ) ;
#235 = CARTESIAN_POINT ( 'NONE',  ( 2.750182570727624800, 0.1581449331686363700, -1.112500000000029400 ) ) ;
#236 = ORIENTED_EDGE ( 'NONE', *, *, #3607, .T. ) ;
#237 = VECTOR ( 'NONE', #3612, 1000.000000000000000 ) ;
#238 = ORIENTED_EDGE ( 'NONE', *, *, #1124, .T. ) ;
#239 = DIRECTION ( 'NONE',  ( -0.9975640502598247500, 0.06975647374411804400, 1.044892879734885600E-014 ) ) ;
#240 = AXIS2_PLACEMENT_3D ( 'NONE', #3142, #1615, #3807 ) ;
#241 = CIRCLE ( 'NONE', #2480, 0.09999999999999982500 ) ;
#242 = ORIENTED_EDGE ( 'NONE', *, *, #3882, .F. ) ;
#243 = LINE ( 'NONE', #2970, #2055 ) ;
#244 = ORIENTED_EDGE ( 'NONE', *, *, #74, .F. ) ;
#245 = EDGE_CURVE ( 'NONE', #1765, #421, #1648, .T. ) ;
#246 = STYLED_ITEM ( 'NONE', ( #3694 ), #2083 ) ;
#247 = DIRECTION ( 'NONE',  ( -1.047444401652940000E-014, -0.0000000000000000000, -1.000000000000000000 ) ) ;
#248 = FACE_OUTER_BOUND ( 'NONE', #2095, .T. ) ;
#249 = ADVANCED_FACE ( 'NONE', ( #900 ), #1686, .F. ) ;
#250 = VECTOR ( 'NONE', #2024, 1000.000000000000000 ) ;
#251 = CARTESIAN_POINT ( 'NONE',  ( -1.625000000000010000, 1.149999999999999200, -0.9101404047848296000 ) ) ;
#252 = VECTOR ( 'NONE', #3555, 1000.000000000000000 ) ;
#253 = DIRECTION ( 'NONE',  ( -1.047444401652940000E-014, 0.0000000000000000000, -1.000000000000000000 ) ) ;
#254 = AXIS2_PLACEMENT_3D ( 'NONE', #3132, #2076, #31 ) ;
#255 = FILL_AREA_STYLE ('',( #4012 ) ) ;
#256 = ORIENTED_EDGE ( 'NONE', *, *, #2487, .F. ) ;
#257 = ORIENTED_EDGE ( 'NONE', *, *, #194, .F. ) ;
#258 = DIRECTION ( 'NONE',  ( 1.000000000000000000, 0.0000000000000000000, -1.047444401652940000E-014 ) ) ;
#259 = CIRCLE ( 'NONE', #3398, 0.2749999999999998600 ) ;
#260 = EDGE_CURVE ( 'NONE', #3012, #395, #2274, .T. ) ;
#261 = SURFACE_STYLE_FILL_AREA ( #255 ) ;
#262 = DIRECTION ( 'NONE',  ( -1.047444401652940000E-014, -0.0000000000000000000, -1.000000000000000000 ) ) ;
#263 = EDGE_CURVE ( 'NONE', #3144, #1590, #168, .T. ) ;
#264 = CIRCLE ( 'NONE', #1930, 0.2270000000000002000 ) ;
#265 = ADVANCED_FACE ( 'NONE', ( #1448 ), #3991, .T. ) ;
#266 = ADVANCED_FACE ( 'NONE', ( #3749 ), #3204, .F. ) ;
#267 = CARTESIAN_POINT ( 'NONE',  ( 3.199999999999998000, 0.1266906343829976900, -0.1875000000000339200 ) ) ;
#268 = ORIENTED_EDGE ( 'NONE', *, *, #361, .T. ) ;
#269 = CARTESIAN_POINT ( 'NONE',  ( -2.750182570727631500, 0.1581449331686363100, 0.4625000000000283900 ) ) ;
#270 = DIRECTION ( 'NONE',  ( -1.047444401652940000E-014, 0.0000000000000000000, -1.000000000000000000 ) ) ;
#271 = ORIENTED_EDGE ( 'NONE', *, *, #2422, .T. ) ;
#272 = LINE ( 'NONE', #1938, #3207 ) ;
#273 = ADVANCED_FACE ( 'NONE', ( #805 ), #1339, .F. ) ;
#274 = EDGE_CURVE ( 'NONE', #3311, #69, #1496, .T. ) ;
#275 = AXIS2_PLACEMENT_3D ( 'NONE', #3442, #1841, #2746 ) ;
#276 = CARTESIAN_POINT ( 'NONE',  ( 2.657158218102057200, 0.2579013381946189700, 0.8374999999999716000 ) ) ;
#277 = ORIENTED_EDGE ( 'NONE', *, *, #675, .F. ) ;
#278 = EDGE_CURVE ( 'NONE', #2799, #324, #2269, .T. ) ;
#279 = ORIENTED_EDGE ( 'NONE', *, *, #3956, .T. ) ;
#280 = AXIS2_PLACEMENT_3D ( 'NONE', #3865, #2887, #3887 ) ;
#281 = CARTESIAN_POINT ( 'NONE',  ( -2.199999999999984600, 0.7384999999999996000, 1.525000000000022300 ) ) ;
#282 = VECTOR ( 'NONE', #1563, 1000.000000000000000 ) ;
#283 = DIRECTION ( 'NONE',  ( -1.000000000000000000, 0.0000000000000000000, 1.050768625316347000E-014 ) ) ;
#284 = EDGE_CURVE ( 'NONE', #2434, #3311, #1452, .T. ) ;
#285 = ORIENTED_EDGE ( 'NONE', *, *, #3713, .F. ) ;
#286 = ADVANCED_FACE ( 'NONE', ( #844 ), #3269, .F. ) ;
#287 = EDGE_CURVE ( 'NONE', #1928, #142, #2179, .T. ) ;
#288 = VERTEX_POINT ( 'NONE', #3596 ) ;
#289 = LINE ( 'NONE', #839, #2247 ) ;
#290 = DIRECTION ( 'NONE',  ( -1.047444401652940000E-014, -0.0000000000000000000, -1.000000000000000000 ) ) ;
#291 = COLOUR_RGB ( '',0.7921568627450980000, 0.8196078431372548800, 0.9333333333333333500 ) ;
#292 = VERTEX_POINT ( 'NONE', #2931 ) ;
#293 = CARTESIAN_POINT ( 'NONE',  ( -2.199999999999998400, 0.7384999999999996000, 0.1875000000000225700 ) ) ;
#294 = DIRECTION ( 'NONE',  ( -1.000000000000000000, -0.0000000000000000000, 1.047444401652940000E-014 ) ) ;
#295 = CIRCLE ( 'NONE', #3571, 0.2749999999999998600 ) ;
#296 = VERTEX_POINT ( 'NONE', #2972 ) ;
#297 = AXIS2_PLACEMENT_3D ( 'NONE', #60, #3517, #2245 ) ;
#298 = LINE ( 'NONE', #1206, #3543 ) ;
#299 = VERTEX_POINT ( 'NONE', #2620 ) ;
#300 = CARTESIAN_POINT ( 'NONE',  ( -3.191140927834494900, -1.807003620809174000E-017, 0.1875000000000329200 ) ) ;
#301 = DIRECTION ( 'NONE',  ( 0.0000000000000000000, 1.000000000000000000, 0.0000000000000000000 ) ) ;
#302 = ADVANCED_FACE ( 'NONE', ( #2225 ), #17, .T. ) ;
#303 = AXIS2_PLACEMENT_3D ( 'NONE', #2862, #3520, #3832 ) ;
#304 = SURFACE_SIDE_STYLE ('',( #2533 ) ) ;
#305 = ORIENTED_EDGE ( 'NONE', *, *, #15, .T. ) ;
#306 = EDGE_CURVE ( 'NONE', #2581, #1101, #2416, .T. ) ;
#307 = ORIENTED_EDGE ( 'NONE', *, *, #3704, .T. ) ;
#308 = EDGE_LOOP ( 'NONE', ( #3665, #3527, #321, #1134 ) ) ;
#309 = CARTESIAN_POINT ( 'NONE',  ( 2.757158218102036400, 0.2579013381946188600, -1.112500000000029400 ) ) ;
#310 = CARTESIAN_POINT ( 'NONE',  ( 2.657158218102059900, 0.2579013381946188600, 1.112499999999971800 ) ) ;
#311 = VERTEX_POINT ( 'NONE', #1435 ) ;
#312 = LINE ( 'NONE', #26, #1750 ) ;
#313 = FACE_OUTER_BOUND ( 'NONE', #3281, .T. ) ;
#314 = EDGE_CURVE ( 'NONE', #1617, #1413, #1503, .T. ) ;
#315 = ORIENTED_EDGE ( 'NONE', *, *, #164, .T. ) ;
#316 = VERTEX_POINT ( 'NONE', #1737 ) ;
#317 = DIRECTION ( 'NONE',  ( -1.000000000000000000, 1.710107087737797400E-015, 1.047444401652940000E-014 ) ) ;
#318 = VERTEX_POINT ( 'NONE', #459 ) ;
#319 = CARTESIAN_POINT ( 'NONE',  ( 2.741323498562144900, 0.03145429878563838600, 1.112499999999971000 ) ) ;
#320 = SURFACE_STYLE_USAGE ( .BOTH. , #2186 ) ;
#321 = ORIENTED_EDGE ( 'NONE', *, *, #274, .T. ) ;
#322 = FACE_OUTER_BOUND ( 'NONE', #3948, .T. ) ;
#323 = DIRECTION ( 'NONE',  ( 1.047444401652940000E-014, 0.0000000000000000000, 1.000000000000000000 ) ) ;
#324 = VERTEX_POINT ( 'NONE', #2642 ) ;
#325 = DIRECTION ( 'NONE',  ( -1.047444401652940000E-014, -0.0000000000000000000, -1.000000000000000000 ) ) ;
#326 = DIRECTION ( 'NONE',  ( -1.000000000000000000, 0.0000000000000000000, 1.050768625316347000E-014 ) ) ;
#327 = CARTESIAN_POINT ( 'NONE',  ( -3.199999999999988600, 0.1266906343829976900, 1.112500000000033100 ) ) ;
#328 = EDGE_LOOP ( 'NONE', ( #979, #1859, #3503, #1292 ) ) ;
#329 = DIRECTION ( 'NONE',  ( 1.047444401652940000E-014, 0.0000000000000000000, 1.000000000000000000 ) ) ;
#330 = ORIENTED_EDGE ( 'NONE', *, *, #934, .T. ) ;
#331 = CARTESIAN_POINT ( 'NONE',  ( 2.657158218102039900, 0.5114999999999995100, -0.8375000000000282200 ) ) ;
#332 = DIRECTION ( 'NONE',  ( -1.066532129961007700E-014, 0.1391731009600657200, -0.9902680687415703600 ) ) ;
#333 = CARTESIAN_POINT ( 'NONE',  ( 2.530158218102059700, 0.5114999999999996200, 1.112499999999973200 ) ) ;
#334 = EDGE_CURVE ( 'NONE', #2826, #2765, #1147, .T. ) ;
#335 = ORIENTED_EDGE ( 'NONE', *, *, #2873, .T. ) ;
#336 = ORIENTED_EDGE ( 'NONE', *, *, #1542, .T. ) ;
#337 = DIRECTION ( 'NONE',  ( -0.06975647374411822500, -0.9975640502598247500, 7.306602790232694800E-016 ) ) ;
#338 = CIRCLE ( 'NONE', #706, 0.2270000000000002000 ) ;
#339 = ORIENTED_EDGE ( 'NONE', *, *, #53, .T. ) ;
#340 = VECTOR ( 'NONE', #2248, 1000.000000000000000 ) ;
#341 = VERTEX_POINT ( 'NONE', #3918 ) ;
#342 = LINE ( 'NONE', #97, #3341 ) ;
#343 = DIRECTION ( 'NONE',  ( 1.047444401652940000E-014, 0.0000000000000000000, 1.000000000000000000 ) ) ;
#344 = AXIS2_PLACEMENT_3D ( 'NONE', #1889, #3152, #367 ) ;
#345 = ORIENTED_EDGE ( 'NONE', *, *, #2673, .F. ) ;
#346 = FACE_OUTER_BOUND ( 'NONE', #33, .T. ) ;
#347 = DIRECTION ( 'NONE',  ( -1.047444401652940000E-014, -0.0000000000000000000, -1.000000000000000000 ) ) ;
#348 = AXIS2_PLACEMENT_3D ( 'NONE', #2204, #3477, #326 ) ;
#349 = EDGE_LOOP ( 'NONE', ( #1527, #1015, #2479, #2960 ) ) ;
#350 = LINE ( 'NONE', #2128, #3601 ) ;
#351 = LINE ( 'NONE', #648, #3558 ) ;
#352 = VECTOR ( 'NONE', #759, 1000.000000000000200 ) ;
#353 = PLANE ( 'NONE',  #1401 ) ;
#354 = VECTOR ( 'NONE', #1281, 1000.000000000000000 ) ;
#355 = DIRECTION ( 'NONE',  ( -0.0000000000000000000, -1.000000000000000000, -0.0000000000000000000 ) ) ;
#356 = EDGE_CURVE ( 'NONE', #771, #2100, #2030, .T. ) ;
#357 = ORIENTED_EDGE ( 'NONE', *, *, #2169, .T. ) ;
#358 = ORIENTED_EDGE ( 'NONE', *, *, #2283, .F. ) ;
#359 = ORIENTED_EDGE ( 'NONE', *, *, #2967, .F. ) ;
#360 = CARTESIAN_POINT ( 'NONE',  ( 2.757158218102050200, 0.2579013381946188600, 0.1874999999999706600 ) ) ;
#361 = EDGE_CURVE ( 'NONE', #3826, #4057, #663, .T. ) ;
#362 = CARTESIAN_POINT ( 'NONE',  ( -2.741323498562124900, 0.03145429878563858100, 0.8375000000000282200 ) ) ;
#363 = DIRECTION ( 'NONE',  ( -1.047444401652940000E-014, -0.0000000000000000000, -1.000000000000000000 ) ) ;
#364 = CLOSED_SHELL ( 'NONE', ( #868, #2757, #1474, #203, #213, #3744, #2580, #3869, #286, #4000, #1825, #1657, #249, #1535 ) ) ;
#365 = CARTESIAN_POINT ( 'NONE',  ( 2.430158218102056900, 0.5114999999999996200, 0.8374999999999740400 ) ) ;
#366 = AXIS2_PLACEMENT_3D ( 'NONE', #1632, #407, #3819 ) ;
#367 = DIRECTION ( 'NONE',  ( -0.9975640502598247500, 0.06975647374411803000, 1.044892879734885600E-014 ) ) ;
#368 = ORIENTED_EDGE ( 'NONE', *, *, #524, .F. ) ;
#369 = CARTESIAN_POINT ( 'NONE',  ( -2.530158218102036600, 0.5114999999999996200, 1.112500000000026000 ) ) ;
#370 = LINE ( 'NONE', #2, #821 ) ;
#371 = DIRECTION ( 'NONE',  ( -0.1378445374916273400, -0.9808148484639890300, 0.1378445374916302300 ) ) ;
#372 = ORIENTED_EDGE ( 'NONE', *, *, #2169, .F. ) ;
#373 = PRESENTATION_LAYER_ASSIGNMENT (  '', '', ( #754 ) ) ;
#374 = DIRECTION ( 'NONE',  ( -1.047444401652940000E-014, -0.0000000000000000000, -1.000000000000000000 ) ) ;
#375 = CARTESIAN_POINT ( 'NONE',  ( -2.430158218102050200, 0.7384999999999996000, -0.1874999999999749400 ) ) ;
#376 = ORIENTED_EDGE ( 'NONE', *, *, #2146, .T. ) ;
#377 = LINE ( 'NONE', #525, #1279 ) ;
#378 = CARTESIAN_POINT ( 'NONE',  ( -2.741323498562135500, 0.03145429878563844200, -0.1874999999999716900 ) ) ;
#379 = DIRECTION ( 'NONE',  ( 0.06975647374411909900, -0.9975640502598246400, -7.306602790232787500E-016 ) ) ;
#380 = CARTESIAN_POINT ( 'NONE',  ( -2.200000000000002800, 0.7384999999999996000, -0.1874999999999773500 ) ) ;
#381 = DIRECTION ( 'NONE',  ( -0.9975640502598247500, -0.06975647374411815500, 1.044892879734885600E-014 ) ) ;
#382 = ORIENTED_EDGE ( 'NONE', *, *, #881, .F. ) ;
#383 = EDGE_CURVE ( 'NONE', #3772, #76, #2747, .T. ) ;
#384 = CARTESIAN_POINT ( 'NONE',  ( 2.199999999999998400, 0.6114999999999996000, -0.1875000000000234300 ) ) ;
#385 = CARTESIAN_POINT ( 'NONE',  ( -2.657158218102059400, 0.5114999999999996200, -1.112499999999972700 ) ) ;
#386 = EDGE_CURVE ( 'NONE', #2016, #3342, #2899, .T. ) ;
#387 = VECTOR ( 'NONE', #2841, 1000.000000000000000 ) ;
#388 = ORIENTED_EDGE ( 'NONE', *, *, #2733, .F. ) ;
#389 = CARTESIAN_POINT ( 'NONE',  ( 2.530158218102052500, 0.5114999999999996200, 0.4624999999999731000 ) ) ;
#390 = DIRECTION ( 'NONE',  ( -1.047444401652940000E-014, -0.0000000000000000000, -1.000000000000000000 ) ) ;
#391 = DIRECTION ( 'NONE',  ( 1.000000000000000000, -4.710681988356335200E-016, -1.047444401652940000E-014 ) ) ;
#392 = EDGE_LOOP ( 'NONE', ( #2392, #2732, #3251, #3871 ) ) ;
#393 = VECTOR ( 'NONE', #2928, 1000.000000000000000 ) ;
#394 = DIRECTION ( 'NONE',  ( 0.06975647374411909900, -0.9975640502598246400, -7.306602790232787500E-016 ) ) ;
#395 = VERTEX_POINT ( 'NONE', #3569 ) ;
#396 = CARTESIAN_POINT ( 'NONE',  ( -2.757158218102050200, 0.2579013381946188600, -0.1874999999999715200 ) ) ;
#397 = CARTESIAN_POINT ( 'NONE',  ( -3.200000000000002400, 0.1266906343829977100, -0.1874999999999668600 ) ) ;
#398 = ORIENTED_EDGE ( 'NONE', *, *, #998, .T. ) ;
#399 = VECTOR ( 'NONE', #2945, 1000.000000000000200 ) ;
#400 = AXIS2_PLACEMENT_3D ( 'NONE', #2688, #3264, #150 ) ;
#401 = CARTESIAN_POINT ( 'NONE',  ( 2.199999999999982900, 1.199999999999999300, -1.460140404784869600 ) ) ;
#402 = ORIENTED_EDGE ( 'NONE', *, *, #601, .F. ) ;
#403 = CARTESIAN_POINT ( 'NONE',  ( 2.530158218102053000, 0.5114999999999996200, 0.4624999999999731000 ) ) ;
#404 = EDGE_CURVE ( 'NONE', #1413, #3994, #3806, .T. ) ;
#405 = CARTESIAN_POINT ( 'NONE',  ( 2.430158218102039600, 0.7384999999999996000, -0.8375000000000257800 ) ) ;
#406 = EDGE_LOOP ( 'NONE', ( #3345, #3134, #2147, #236, #1886, #1163, #1636, #1602, #1485, #2937, #2870, #3565 ) ) ;
#407 = DIRECTION ( 'NONE',  ( -1.047444401652940000E-014, -0.0000000000000000000, -1.000000000000000000 ) ) ;
#408 = DIRECTION ( 'NONE',  ( -1.047444401652940000E-014, -0.0000000000000000000, -1.000000000000000000 ) ) ;
#409 = ORIENTED_EDGE ( 'NONE', *, *, #2149, .F. ) ;
#410 = DIRECTION ( 'NONE',  ( -1.000000000000000000, 0.0000000000000000000, 1.047444401652940000E-014 ) ) ;
#411 = EDGE_LOOP ( 'NONE', ( #1433, #1990, #3459, #2668 ) ) ;
#412 = EDGE_CURVE ( 'NONE', #2287, #1086, #2649, .T. ) ;
#413 = FACE_OUTER_BOUND ( 'NONE', #3424, .T. ) ;
#414 = ORIENTED_EDGE ( 'NONE', *, *, #2953, .T. ) ;
#415 = ORIENTED_EDGE ( 'NONE', *, *, #845, .T. ) ;
#416 = VECTOR ( 'NONE', #1963, 1000.000000000000000 ) ;
#417 = ORIENTED_EDGE ( 'NONE', *, *, #3243, .T. ) ;
#418 = ADVANCED_FACE ( 'NONE', ( #2696 ), #1153, .F. ) ;
#419 = DIRECTION ( 'NONE',  ( 1.000000000000000000, 0.0000000000000000000, 0.0000000000000000000 ) ) ;
#420 = CARTESIAN_POINT ( 'NONE',  ( -2.757158218102052900, 0.2579013381946188600, -0.4624999999999715400 ) ) ;
#421 = VERTEX_POINT ( 'NONE', #3973 ) ;
#422 = DIRECTION ( 'NONE',  ( -1.000000000000000000, 0.0000000000000000000, 1.047444401652940000E-014 ) ) ;
#423 = AXIS2_PLACEMENT_3D ( 'NONE', #1718, #2064, #3914 ) ;
#424 = ORIENTED_EDGE ( 'NONE', *, *, #2230, .F. ) ;
#425 = VECTOR ( 'NONE', #3884, 1000.000000000000000 ) ;
#426 = FACE_OUTER_BOUND ( 'NONE', #1437, .T. ) ;
#427 = VERTEX_POINT ( 'NONE', #1165 ) ;
#428 = DIRECTION ( 'NONE',  ( -0.9975640502598247500, 0.06975647374411804400, 1.044892879734885600E-014 ) ) ;
#429 = EDGE_CURVE ( 'NONE', #3877, #1286, #2951, .T. ) ;
#430 = EDGE_CURVE ( 'NONE', #3165, #2414, #549, .T. ) ;
#431 = VECTOR ( 'NONE', #3552, 1000.000000000000000 ) ;
#432 = AXIS2_PLACEMENT_3D ( 'NONE', #2558, #1366, #410 ) ;
#433 = ORIENTED_EDGE ( 'NONE', *, *, #1540, .T. ) ;
#434 = CYLINDRICAL_SURFACE ( 'NONE', #171, 0.2270000000000002000 ) ;
#435 = DIRECTION ( 'NONE',  ( 0.0000000000000000000, 1.000000000000000000, 0.0000000000000000000 ) ) ;
#436 = LINE ( 'NONE', #18, #3589 ) ;
#437 = ORIENTED_EDGE ( 'NONE', *, *, #938, .F. ) ;
#438 = CARTESIAN_POINT ( 'NONE',  ( -2.199999999999995700, 0.6114999999999996000, 0.4625000000000226200 ) ) ;
#439 = CARTESIAN_POINT ( 'NONE',  ( -2.200000000000009100, 0.7384999999999996000, -0.8374999999999771500 ) ) ;
#440 = LINE ( 'NONE', #1054, #1866 ) ;
#441 = DIRECTION ( 'NONE',  ( 0.9975640502598247500, 0.06975647374411810000, -1.044892879734885600E-014 ) ) ;
#442 = ORIENTED_EDGE ( 'NONE', *, *, #3137, .T. ) ;
#443 = DIRECTION ( 'NONE',  ( -1.000000000000000000, 0.0000000000000000000, 1.029992063861226500E-014 ) ) ;
#444 = CARTESIAN_POINT ( 'NONE',  ( -2.430158218102056900, 0.5114999999999996200, -0.8374999999999748200 ) ) ;
#445 = ORIENTED_EDGE ( 'NONE', *, *, #710, .T. ) ;
#446 = AXIS2_PLACEMENT_3D ( 'NONE', #2518, #317, #1312 ) ;
#447 = ORIENTED_EDGE ( 'NONE', *, *, #3141, .T. ) ;
#448 = ORIENTED_EDGE ( 'NONE', *, *, #2373, .T. ) ;
#449 = FILL_AREA_STYLE ('',( #1932 ) ) ;
#450 = FACE_OUTER_BOUND ( 'NONE', #1566, .T. ) ;
#451 = FACE_OUTER_BOUND ( 'NONE', #2621, .T. ) ;
#452 = CARTESIAN_POINT ( 'NONE',  ( -2.199999999999985500, 1.199999999999999300, 1.460140404784868700 ) ) ;
#453 = AXIS2_PLACEMENT_3D ( 'NONE', #3509, #1006, #2905 ) ;
#454 = DIRECTION ( 'NONE',  ( -1.000000000000000000, 0.0000000000000000000, 1.047444401652940000E-014 ) ) ;
#455 = VERTEX_POINT ( 'NONE', #2387 ) ;
#456 = LINE ( 'NONE', #1311, #3463 ) ;
#457 = DIRECTION ( 'NONE',  ( -1.047444401652940000E-014, -0.0000000000000000000, -1.000000000000000000 ) ) ;
#458 = EDGE_CURVE ( 'NONE', #1262, #1209, #3033, .T. ) ;
#459 = CARTESIAN_POINT ( 'NONE',  ( -1.625000000000010000, 1.199999999999999300, -0.9101404047848297200 ) ) ;
#460 = EDGE_CURVE ( 'NONE', #86, #2498, #1600, .T. ) ;
#461 = PRODUCT_CONTEXT ( 'NONE', #2612, 'mechanical' ) ;
#462 = EDGE_CURVE ( 'NONE', #514, #2581, #497, .T. ) ;
#463 = ORIENTED_EDGE ( 'NONE', *, *, #2767, .F. ) ;
#464 = CARTESIAN_POINT ( 'NONE',  ( 2.530158218102060100, 0.5114999999999996200, 1.112499999999973200 ) ) ;
#465 = CARTESIAN_POINT ( 'NONE',  ( -2.657158218102039000, 0.2579013381946188600, 0.8375000000000273300 ) ) ;
#466 = ORIENTED_EDGE ( 'NONE', *, *, #2042, .F. ) ;
#467 = DIRECTION ( 'NONE',  ( -1.047444401652940000E-014, -0.0000000000000000000, -1.000000000000000000 ) ) ;
#468 = DIRECTION ( 'NONE',  ( -0.0000000000000000000, -1.000000000000000000, -0.0000000000000000000 ) ) ;
#469 = CARTESIAN_POINT ( 'NONE',  ( 2.430158218102039600, 0.7384999999999998200, -0.8375000000000257800 ) ) ;
#470 = EDGE_LOOP ( 'NONE', ( #2523, #1445, #2025, #382 ) ) ;
#471 = VECTOR ( 'NONE', #290, 1000.000000000000000 ) ;
#472 = ORIENTED_EDGE ( 'NONE', *, *, #2955, .T. ) ;
#473 = AXIS2_PLACEMENT_3D ( 'NONE', #2054, #184, #487 ) ;
#474 =( NAMED_UNIT ( * ) PLANE_ANGLE_UNIT ( ) SI_UNIT ( $, .RADIAN. ) );
#475 = FACE_OUTER_BOUND ( 'NONE', #2718, .T. ) ;
#476 = CARTESIAN_POINT ( 'NONE',  ( -2.750182570727641300, 0.1581449331686363100, -0.4624999999999716600 ) ) ;
#477 = CIRCLE ( 'NONE', #70, 0.2269999999999997600 ) ;
#478 = ORIENTED_EDGE ( 'NONE', *, *, #3937, .F. ) ;
#479 = DIRECTION ( 'NONE',  ( -1.047444401652940000E-014, -0.0000000000000000000, -1.000000000000000000 ) ) ;
#480 = AXIS2_PLACEMENT_3D ( 'NONE', #3496, #2582, #2852 ) ;
#481 = CARTESIAN_POINT ( 'NONE',  ( -2.200000000000016600, 0.6114999999999996000, -1.524999999999976200 ) ) ;
#482 = VECTOR ( 'NONE', #394, 1000.000000000000200 ) ;
#483 = ORIENTED_EDGE ( 'NONE', *, *, #814, .F. ) ;
#484 = EDGE_CURVE ( 'NONE', #2865, #3112, #10, .T. ) ;
#485 = LINE ( 'NONE', #3608, #3742 ) ;
#486 = EDGE_LOOP ( 'NONE', ( #1187, #3000, #1609, #3018 ) ) ;
#487 = DIRECTION ( 'NONE',  ( 1.000000000000000000, 0.0000000000000000000, -1.047444401652940000E-014 ) ) ;
#488 = VECTOR ( 'NONE', #98, 1000.000000000000000 ) ;
#489 = EDGE_CURVE ( 'NONE', #2805, #1711, #3646, .T. ) ;
#490 = FACE_OUTER_BOUND ( 'NONE', #3464, .T. ) ;
#491 = DIRECTION ( 'NONE',  ( -1.000000000000000000, 0.0000000000000000000, 1.029992063861230900E-014 ) ) ;
#492 = ORIENTED_EDGE ( 'NONE', *, *, #1287, .F. ) ;
#493 = AXIS2_PLACEMENT_3D ( 'NONE', #1030, #3213, #116 ) ;
#494 =( LENGTH_UNIT ( ) NAMED_UNIT ( * ) SI_UNIT ( .MILLI., .METRE. ) );
#495 = CARTESIAN_POINT ( 'NONE',  ( -2.757158218102056900, 0.2579013381946188600, -0.8374999999999714900 ) ) ;
#496 = VERTEX_POINT ( 'NONE', #1449 ) ;
#497 = LINE ( 'NONE', #3020, #1872 ) ;
#498 = ORIENTED_EDGE ( 'NONE', *, *, #998, .F. ) ;
#499 = AXIS2_PLACEMENT_3D ( 'NONE', #3321, #1459, #532 ) ;
#500 = LINE ( 'NONE', #3491, #2320 ) ;
#501 = ORIENTED_EDGE ( 'NONE', *, *, #334, .T. ) ;
#502 = CARTESIAN_POINT ( 'NONE',  ( -2.750182570727638600, 0.1581449331686363100, -0.1874999999999715800 ) ) ;
#503 = AXIS2_PLACEMENT_3D ( 'NONE', #1444, #3930, #819 ) ;
#504 = DIRECTION ( 'NONE',  ( -1.000000000000000000, 0.0000000000000000000, 1.084202172485506300E-014 ) ) ;
#505 = LINE ( 'NONE', #922, #2375 ) ;
#506 = EDGE_CURVE ( 'NONE', #1719, #201, #2600, .T. ) ;
#507 = DIRECTION ( 'NONE',  ( -1.000000000000000000, 0.0000000000000000000, 1.057097118173368700E-014 ) ) ;
#508 = CARTESIAN_POINT ( 'NONE',  ( 2.530158218102046300, 0.2579013381946189100, -0.1875000000000269000 ) ) ;
#509 = ORIENTED_EDGE ( 'NONE', *, *, #1651, .T. ) ;
#510 = ADVANCED_FACE ( 'NONE', ( #2467 ), #2709, .T. ) ;
#511 = EDGE_CURVE ( 'NONE', #1139, #3205, #3200, .T. ) ;
#512 = ORIENTED_EDGE ( 'NONE', *, *, #460, .F. ) ;
#513 = FACE_BOUND ( 'NONE', #3834, .T. ) ;
#514 = VERTEX_POINT ( 'NONE', #811 ) ;
#515 = DIRECTION ( 'NONE',  ( -0.0000000000000000000, -1.000000000000000000, -0.0000000000000000000 ) ) ;
#516 = CARTESIAN_POINT ( 'NONE',  ( 2.199999999999989100, 0.7384999999999996000, -1.112500000000023400 ) ) ;
#517 = VERTEX_POINT ( 'NONE', #1810 ) ;
#518 = CARTESIAN_POINT ( 'NONE',  ( 2.530158218102053000, 0.5114999999999996200, 0.4624999999999731000 ) ) ;
#519 = ORIENTED_EDGE ( 'NONE', *, *, #24, .F. ) ;
#520 =( NAMED_UNIT ( * ) SI_UNIT ( $, .STERADIAN. ) SOLID_ANGLE_UNIT ( ) );
#521 = LINE ( 'NONE', #1406, #2827 ) ;
#522 = SURFACE_STYLE_FILL_AREA ( #1184 ) ;
#523 = VERTEX_POINT ( 'NONE', #1762 ) ;
#524 = EDGE_CURVE ( 'NONE', #3123, #2409, #3093, .T. ) ;
#525 = CARTESIAN_POINT ( 'NONE',  ( 2.741323498562121800, 0.03145429878563858100, -1.112500000000029100 ) ) ;
#526 = ORIENTED_EDGE ( 'NONE', *, *, #3469, .F. ) ;
#527 = CARTESIAN_POINT ( 'NONE',  ( -2.430158218102060000, 0.5114999999999996200, -1.112499999999975000 ) ) ;
#528 = DIRECTION ( 'NONE',  ( -1.047444401652940000E-014, -0.0000000000000000000, -1.000000000000000000 ) ) ;
#529 = CARTESIAN_POINT ( 'NONE',  ( -2.199999999999989100, 0.6114999999999996000, 1.112500000000022500 ) ) ;
#530 = AXIS2_PLACEMENT_3D ( 'NONE', #1080, #2268, #1670 ) ;
#531 = EDGE_LOOP ( 'NONE', ( #466, #1007, #1159, #544 ) ) ;
#532 = DIRECTION ( 'NONE',  ( -1.000000000000000000, 0.0000000000000000000, 1.057097118173368700E-014 ) ) ;
#533 = EDGE_CURVE ( 'NONE', #3143, #2805, #2796, .T. ) ;
#534 = LINE ( 'NONE', #2428, #2783 ) ;
#535 = ORIENTED_EDGE ( 'NONE', *, *, #2535, .F. ) ;
#536 = EDGE_CURVE ( 'NONE', #3706, #1935, #3938, .T. ) ;
#537 = LINE ( 'NONE', #3182, #2217 ) ;
#538 = ADVANCED_FACE ( 'NONE', ( #1980 ), #1473, .T. ) ;
#539 = LINE ( 'NONE', #3591, #3799 ) ;
#540 = DIRECTION ( 'NONE',  ( 1.000000000000000000, 0.0000000000000000000, -1.077013551811635700E-014 ) ) ;
#541 = EDGE_LOOP ( 'NONE', ( #535, #2203, #2165, #2491 ) ) ;
#542 = CARTESIAN_POINT ( 'NONE',  ( 2.200000000000005500, 0.7384999999999996000, 0.4624999999999765400 ) ) ;
#543 = FILL_AREA_STYLE_COLOUR ( '', #1687 ) ;
#544 = ORIENTED_EDGE ( 'NONE', *, *, #1582, .F. ) ;
#545 = VECTOR ( 'NONE', #2958, 1000.000000000000000 ) ;
#546 = CARTESIAN_POINT ( 'NONE',  ( -2.741323498562144900, 0.03145429878563858100, -1.112499999999971800 ) ) ;
#547 = ORIENTED_EDGE ( 'NONE', *, *, #3500, .T. ) ;
#548 = CARTESIAN_POINT ( 'NONE',  ( -3.200000000000008600, 0.1266906343829977100, -0.8374999999999668300 ) ) ;
#549 = LINE ( 'NONE', #205, #170 ) ;
#550 = CARTESIAN_POINT ( 'NONE',  ( 2.430158218102050200, 0.5114999999999996200, 0.1874999999999741000 ) ) ;
#551 = DIRECTION ( 'NONE',  ( -1.047444401652940000E-014, -0.0000000000000000000, -1.000000000000000000 ) ) ;
#552 = CARTESIAN_POINT ( 'NONE',  ( -2.741323498562142200, 0.03145429878563858100, -0.8374999999999716000 ) ) ;
#553 = ORIENTED_EDGE ( 'NONE', *, *, #566, .T. ) ;
#554 = ADVANCED_FACE ( 'NONE', ( #209 ), #2432, .F. ) ;
#555 = AXIS2_PLACEMENT_3D ( 'NONE', #1381, #3836, #3561 ) ;
#556 = VERTEX_POINT ( 'NONE', #3060 ) ;
#557 = ORIENTED_EDGE ( 'NONE', *, *, #3764, .F. ) ;
#558 = CARTESIAN_POINT ( 'NONE',  ( -2.200000000000005500, 0.6114999999999996000, -0.4624999999999774300 ) ) ;
#559 = AXIS2_PLACEMENT_3D ( 'NONE', #550, #1486, #1164 ) ;
#560 = DIRECTION ( 'NONE',  ( 1.000000000000000000, 0.0000000000000000000, -1.047444401652940000E-014 ) ) ;
#561 = ORIENTED_EDGE ( 'NONE', *, *, #3275, .T. ) ;
#562 = ADVANCED_FACE ( 'NONE', ( #596 ), #2117, .F. ) ;
#563 = CIRCLE ( 'NONE', #1092, 0.09999999999999982500 ) ;
#564 = CARTESIAN_POINT ( 'NONE',  ( 2.530158218102036600, 0.2579013381946189100, -1.112500000000026900 ) ) ;
#565 = DIRECTION ( 'NONE',  ( -1.047444401652940000E-014, 0.0000000000000000000, -1.000000000000000000 ) ) ;
#566 = EDGE_CURVE ( 'NONE', #5, #1928, #1197, .T. ) ;
#567 = ORIENTED_EDGE ( 'NONE', *, *, #3959, .T. ) ;
#568 = DIRECTION ( 'NONE',  ( -1.000000000000000000, 0.0000000000000000000, 1.050768625316347000E-014 ) ) ;
#569 = CARTESIAN_POINT ( 'NONE',  ( -2.741323498562121800, 0.03145429878563844200, 1.112500000000028200 ) ) ;
#570 = ORIENTED_EDGE ( 'NONE', *, *, #462, .F. ) ;
#571 = EDGE_CURVE ( 'NONE', #1664, #2826, #3399, .T. ) ;
#572 = FACE_OUTER_BOUND ( 'NONE', #1597, .T. ) ;
#573 = CARTESIAN_POINT ( 'NONE',  ( 2.657158218102046100, 0.5114999999999996200, -0.1875000000000282300 ) ) ;
#574 = ADVANCED_FACE ( 'NONE', ( #2069 ), #3155, .F. ) ;
#575 = DIRECTION ( 'NONE',  ( 0.06975647374411909900, -0.9975640502598246400, -7.306602790232787500E-016 ) ) ;
#576 = EDGE_LOOP ( 'NONE', ( #1861, #3478, #2367, #3724 ) ) ;
#577 = LINE ( 'NONE', #3682, #45 ) ;
#578 = DIRECTION ( 'NONE',  ( 1.047444401652940000E-014, 0.0000000000000000000, 1.000000000000000000 ) ) ;
#579 = CARTESIAN_POINT ( 'NONE',  ( 2.657158218102039900, 0.5114999999999995100, -0.8375000000000282200 ) ) ;
#580 = CYLINDRICAL_SURFACE ( 'NONE', #1490, 0.2749999999999998600 ) ;
#581 = VECTOR ( 'NONE', #1713, 1000.000000000000000 ) ;
#582 = ORIENTED_EDGE ( 'NONE', *, *, #2094, .T. ) ;
#583 = DIRECTION ( 'NONE',  ( -1.047444401652940000E-014, -0.0000000000000000000, -1.000000000000000000 ) ) ;
#584 = LINE ( 'NONE', #1618, #1960 ) ;
#585 = ORIENTED_EDGE ( 'NONE', *, *, #2677, .F. ) ;
#586 = DIRECTION ( 'NONE',  ( -0.9975640502598247500, 0.06975647374411912700, 1.044892879734885700E-014 ) ) ;
#587 = ADVANCED_FACE ( 'NONE', ( #346 ), #2821, .F. ) ;
#588 = DIRECTION ( 'NONE',  ( 0.9975640502598247500, -0.06975647374411840500, -1.044892879734885600E-014 ) ) ;
#589 = ORIENTED_EDGE ( 'NONE', *, *, #2634, .T. ) ;
#590 = LINE ( 'NONE', #3530, #61 ) ;
#591 = PLANE ( 'NONE',  #3037 ) ;
#592 = DIRECTION ( 'NONE',  ( 0.9902680687415703600, 0.1391731009600657200, -1.093573409209722300E-014 ) ) ;
#593 = VERTEX_POINT ( 'NONE', #2534 ) ;
#594 = LINE ( 'NONE', #3457, #2942 ) ;
#595 = VERTEX_POINT ( 'NONE', #3712 ) ;
#596 = FACE_OUTER_BOUND ( 'NONE', #2832, .T. ) ;
#597 = ADVANCED_FACE ( 'NONE', ( #1351 ), #4016, .F. ) ;
#598 = ORIENTED_EDGE ( 'NONE', *, *, #733, .T. ) ;
#599 = COLOUR_RGB ( '',0.7921568627450980000, 0.8196078431372548800, 0.9333333333333333500 ) ;
#600 = DIRECTION ( 'NONE',  ( -1.000000000000000000, 0.0000000000000000000, 1.077013551811635500E-014 ) ) ;
#601 = EDGE_CURVE ( 'NONE', #3681, #1719, #3638, .T. ) ;
#602 = VECTOR ( 'NONE', #2355, 1000.000000000000000 ) ;
#603 = LINE ( 'NONE', #2321, #3583 ) ;
#604 = DIRECTION ( 'NONE',  ( -0.06975647374411909900, -0.9975640502598246400, 7.306602790232787500E-016 ) ) ;
#605 = DIRECTION ( 'NONE',  ( -1.000000000000000000, 0.0000000000000000000, 1.047444401652940000E-014 ) ) ;
#606 = ORIENTED_EDGE ( 'NONE', *, *, #1851, .T. ) ;
#607 = FACE_OUTER_BOUND ( 'NONE', #1818, .T. ) ;
#608 = DIRECTION ( 'NONE',  ( -1.000000000000000000, 0.0000000000000000000, 1.029992063861230900E-014 ) ) ;
#609 = CARTESIAN_POINT ( 'NONE',  ( 2.430158218102052900, 0.7384999999999997100, 0.4624999999999741000 ) ) ;
#610 = DIRECTION ( 'NONE',  ( -4.710681988356335200E-016, -1.000000000000000000, 4.934177476671182900E-030 ) ) ;
#611 = DIRECTION ( 'NONE',  ( 1.047444401652940000E-014, 0.0000000000000000000, 1.000000000000000000 ) ) ;
#612 = ADVANCED_FACE ( 'NONE', ( #3600 ), #1523, .F. ) ;
#613 = DIRECTION ( 'NONE',  ( -1.047444401652940000E-014, -0.0000000000000000000, -1.000000000000000000 ) ) ;
#614 = ORIENTED_EDGE ( 'NONE', *, *, #2845, .F. ) ;
#615 = VECTOR ( 'NONE', #1892, 1000.000000000000000 ) ;
#616 = VERTEX_POINT ( 'NONE', #2448 ) ;
#617 = FACE_OUTER_BOUND ( 'NONE', #2087, .T. ) ;
#618 = DIRECTION ( 'NONE',  ( 1.047444401652940000E-014, 0.0000000000000000000, 1.000000000000000000 ) ) ;
#619 = FACE_OUTER_BOUND ( 'NONE', #3967, .T. ) ;
#620 =( LENGTH_UNIT ( ) NAMED_UNIT ( * ) SI_UNIT ( .MILLI., .METRE. ) );
#621 = CARTESIAN_POINT ( 'NONE',  ( 2.657158218102043900, 0.5114999999999994000, -0.4625000000000282800 ) ) ;
#622 = EDGE_LOOP ( 'NONE', ( #2763, #1745, #3584, #138, #2105, #221, #445, #135, #3283, #3225, #96, #2721 ) ) ;
#623 = AXIS2_PLACEMENT_3D ( 'NONE', #2334, #149, #3605 ) ;
#624 = CARTESIAN_POINT ( 'NONE',  ( 3.199999999999991300, 0.1266906343829976900, -0.8375000000000337700 ) ) ;
#625 = DIRECTION ( 'NONE',  ( 0.0000000000000000000, 1.000000000000000000, 0.0000000000000000000 ) ) ;
#626 = DIRECTION ( 'NONE',  ( 1.000000000000000000, -0.0000000000000000000, -1.077013551811635500E-014 ) ) ;
#627 = EDGE_CURVE ( 'NONE', #2893, #395, #259, .T. ) ;
#628 = DIRECTION ( 'NONE',  ( -0.1378445374916302500, 0.9808148484639890300, -0.1378445374916273700 ) ) ;
#629 = ORIENTED_EDGE ( 'NONE', *, *, #763, .T. ) ;
#630 = ADVANCED_FACE ( 'NONE', ( #3392 ), #701, .T. ) ;
#631 = EDGE_CURVE ( 'NONE', #1664, #917, #1741, .T. ) ;
#632 = EDGE_LOOP ( 'NONE', ( #2430, #3052, #745, #1365 ) ) ;
#633 = VECTOR ( 'NONE', #3669, 1000.000000000000000 ) ;
#634 = CARTESIAN_POINT ( 'NONE',  ( -2.199999999999991700, 0.6114999999999996000, 0.8375000000000224500 ) ) ;
#635 = DIRECTION ( 'NONE',  ( -1.000000000000000000, 0.0000000000000000000, 1.047444401652940000E-014 ) ) ;
#636 = ORIENTED_EDGE ( 'NONE', *, *, #1504, .T. ) ;
#637 = FACE_OUTER_BOUND ( 'NONE', #1272, .T. ) ;
#638 = VERTEX_POINT ( 'NONE', #3828 ) ;
#639 = CARTESIAN_POINT ( 'NONE',  ( 2.530158218102060100, 0.5114999999999996200, 1.112499999999973200 ) ) ;
#640 = DIRECTION ( 'NONE',  ( -1.000000000000000000, 0.0000000000000000000, 1.029992063861226500E-014 ) ) ;
#641 = FACE_OUTER_BOUND ( 'NONE', #1699, .T. ) ;
#642 = ORIENTED_EDGE ( 'NONE', *, *, #3076, .F. ) ;
#643 = DIRECTION ( 'NONE',  ( -1.047444401652940000E-014, -0.0000000000000000000, -1.000000000000000000 ) ) ;
#644 = CIRCLE ( 'NONE', #200, 0.09999999999999982500 ) ;
#645 = ORIENTED_EDGE ( 'NONE', *, *, #4058, .T. ) ;
#646 = DIRECTION ( 'NONE',  ( 0.0000000000000000000, 1.000000000000000000, 0.0000000000000000000 ) ) ;
#647 = DIRECTION ( 'NONE',  ( -1.047444401652940000E-014, -0.0000000000000000000, -1.000000000000000000 ) ) ;
#648 = CARTESIAN_POINT ( 'NONE',  ( -2.750182570727641300, 0.1581449331686363100, -0.4624999999999716600 ) ) ;
#649 = AXIS2_PLACEMENT_3D ( 'NONE', #1760, #3944, #443 ) ;
#650 = ORIENTED_EDGE ( 'NONE', *, *, #3677, .F. ) ;
#651 = DIRECTION ( 'NONE',  ( -1.000000000000000000, 0.0000000000000000000, 1.029992063861230900E-014 ) ) ;
#652 = EDGE_CURVE ( 'NONE', #3370, #3792, #2548, .T. ) ;
#653 = CIRCLE ( 'NONE', #3071, 0.2270000000000002000 ) ;
#654 = VERTEX_POINT ( 'NONE', #1025 ) ;
#655 = VECTOR ( 'NONE', #343, 1000.000000000000000 ) ;
#656 = CARTESIAN_POINT ( 'NONE',  ( 2.199999999999998400, 0.7384999999999996000, -0.1875000000000234300 ) ) ;
#657 = EDGE_CURVE ( 'NONE', #2287, #142, #3189, .T. ) ;
#658 = MECHANICAL_DESIGN_GEOMETRIC_PRESENTATION_REPRESENTATION (  '', ( #1290 ), #2141 ) ;
#659 = DIRECTION ( 'NONE',  ( 1.047444401652940000E-014, 0.0000000000000000000, 1.000000000000000000 ) ) ;
#660 = ORIENTED_EDGE ( 'NONE', *, *, #3243, .F. ) ;
#661 = FACE_OUTER_BOUND ( 'NONE', #1679, .T. ) ;
#662 = EDGE_CURVE ( 'NONE', #1040, #702, #2888, .T. ) ;
#663 = LINE ( 'NONE', #2039, #352 ) ;
#664 = EDGE_CURVE ( 'NONE', #2986, #3370, #3082, .T. ) ;
#665 = DIRECTION ( 'NONE',  ( -1.047444401652940000E-014, -0.0000000000000000000, -1.000000000000000000 ) ) ;
#666 = CARTESIAN_POINT ( 'NONE',  ( 2.199999999999991700, 0.6114999999999996000, -0.8375000000000234500 ) ) ;
#667 = CLOSED_SHELL ( 'NONE', ( #3010, #893, #3373, #1410, #3987, #2669, #2797, #2151, #1592, #4066, #1843, #1150, #1946, #3434 ) ) ;
#668 = CARTESIAN_POINT ( 'NONE',  ( 2.200000000000005500, 0.5114999999999996200, 0.4624999999999765400 ) ) ;
#669 = AXIS2_PLACEMENT_3D ( 'NONE', #2601, #686, #2912 ) ;
#670 = CARTESIAN_POINT ( 'NONE',  ( -2.750182570727648400, 0.1581449331686363100, -1.112499999999971600 ) ) ;
#671 = VERTEX_POINT ( 'NONE', #1953 ) ;
#672 =( NAMED_UNIT ( * ) PLANE_ANGLE_UNIT ( ) SI_UNIT ( $, .RADIAN. ) );
#673 = ORIENTED_EDGE ( 'NONE', *, *, #2606, .T. ) ;
#674 = DIRECTION ( 'NONE',  ( 0.9975640502598247500, -0.06975647374411822500, -1.044892879734885600E-014 ) ) ;
#675 = EDGE_CURVE ( 'NONE', #859, #2176, #7, .T. ) ;
#676 = AXIS2_PLACEMENT_3D ( 'NONE', #579, #3365, #3693 ) ;
#677 = DIRECTION ( 'NONE',  ( -0.9975640502598247500, 0.06975647374411912700, 1.044892879734885700E-014 ) ) ;
#678 = ORIENTED_EDGE ( 'NONE', *, *, #3498, .F. ) ;
#679 = CARTESIAN_POINT ( 'NONE',  ( -3.199999999999995300, 0.1266906343829977100, 0.4625000000000331100 ) ) ;
#680 = CARTESIAN_POINT ( 'NONE',  ( -2.430158218102043100, 0.7384999999999994900, 0.4625000000000250600 ) ) ;
#681 = ORIENTED_EDGE ( 'NONE', *, *, #2197, .T. ) ;
#682 = EDGE_CURVE ( 'NONE', #299, #2182, #590, .T. ) ;
#683 = DIRECTION ( 'NONE',  ( -0.0000000000000000000, -1.000000000000000000, -0.0000000000000000000 ) ) ;
#684 = ORIENTED_EDGE ( 'NONE', *, *, #132, .F. ) ;
#685 = VECTOR ( 'NONE', #3602, 1000.000000000000000 ) ;
#686 = DIRECTION ( 'NONE',  ( 0.9975640502598247500, 0.06975647374411912700, -1.044892879734885700E-014 ) ) ;
#687 = CIRCLE ( 'NONE', #1893, 0.2270000000000002000 ) ;
#688 = FACE_OUTER_BOUND ( 'NONE', #2317, .T. ) ;
#689 = ORIENTED_EDGE ( 'NONE', *, *, #1504, .F. ) ;
#690 = CARTESIAN_POINT ( 'NONE',  ( -2.530158218102057000, 0.5114999999999996200, -0.8374999999999739300 ) ) ;
#691 = CARTESIAN_POINT ( 'NONE',  ( -3.199999999999991300, 0.1266906343829977100, 0.8375000000000328800 ) ) ;
#692 = VECTOR ( 'NONE', #1424, 1000.000000000000000 ) ;
#693 = CARTESIAN_POINT ( 'NONE',  ( -2.757158218102046200, 0.2579013381946188600, 0.1875000000000283900 ) ) ;
#694 = EDGE_LOOP ( 'NONE', ( #995, #3197, #3160, #812 ) ) ;
#695 = PLANE ( 'NONE',  #1035 ) ;
#696 = VECTOR ( 'NONE', #3116, 1000.000000000000000 ) ;
#697 = VERTEX_POINT ( 'NONE', #1000 ) ;
#698 = DIRECTION ( 'NONE',  ( -1.000000000000000000, 0.0000000000000000000, 1.047444401652940000E-014 ) ) ;
#699 = AXIS2_PLACEMENT_3D ( 'NONE', #789, #2684, #1128 ) ;
#700 = CARTESIAN_POINT ( 'NONE',  ( 2.757158218102060000, 0.2579013381946188600, 1.112499999999970700 ) ) ;
#701 = CYLINDRICAL_SURFACE ( 'NONE', #2131, 0.2270000000000002000 ) ;
#702 = VERTEX_POINT ( 'NONE', #1038 ) ;
#703 = ORIENTED_EDGE ( 'NONE', *, *, #2218, .F. ) ;
#704 = DIRECTION ( 'NONE',  ( -0.06975647374411911300, 0.9975640502598246400, 7.306602790232785500E-016 ) ) ;
#705 = DIRECTION ( 'NONE',  ( -1.047444401652940000E-014, 0.0000000000000000000, -1.000000000000000000 ) ) ;
#706 = AXIS2_PLACEMENT_3D ( 'NONE', #49, #1251, #2187 ) ;
#707 = ORIENTED_EDGE ( 'NONE', *, *, #1314, .T. ) ;
#708 = FACE_OUTER_BOUND ( 'NONE', #2228, .T. ) ;
#709 = CARTESIAN_POINT ( 'NONE',  ( 2.530158218102039700, 0.2579013381946189100, -0.8375000000000267800 ) ) ;
#710 = EDGE_CURVE ( 'NONE', #3367, #3888, #1491, .T. ) ;
#711 = ORIENTED_EDGE ( 'NONE', *, *, #1992, .T. ) ;
#712 = DIRECTION ( 'NONE',  ( 1.047444401652940000E-014, 0.0000000000000000000, 1.000000000000000000 ) ) ;
#713 = EDGE_CURVE ( 'NONE', #2586, #556, #537, .T. ) ;
#714 = ORIENTED_EDGE ( 'NONE', *, *, #2606, .F. ) ;
#715 = FILL_AREA_STYLE ('',( #1968 ) ) ;
#716 = DIRECTION ( 'NONE',  ( -1.000000000000000000, 0.0000000000000000000, 1.057097118173368700E-014 ) ) ;
#717 = VERTEX_POINT ( 'NONE', #87 ) ;
#718 = DIRECTION ( 'NONE',  ( 0.0000000000000000000, 1.000000000000000000, 0.0000000000000000000 ) ) ;
#719 = VECTOR ( 'NONE', #3474, 1000.000000000000200 ) ;
#720 = CARTESIAN_POINT ( 'NONE',  ( 2.657158218102053700, 0.5114999999999995100, 0.4624999999999717700 ) ) ;
#721 = ORIENTED_EDGE ( 'NONE', *, *, #1747, .F. ) ;
#722 = LINE ( 'NONE', #2401, #133 ) ;
#723 = ADVANCED_FACE ( 'NONE', ( #1342 ), #2270, .F. ) ;
#724 = AXIS2_PLACEMENT_3D ( 'NONE', #2231, #646, #1296 ) ;
#725 = PLANE ( 'NONE',  #2318 ) ;
#726 = DIRECTION ( 'NONE',  ( -1.047444401652940000E-014, -0.0000000000000000000, -1.000000000000000000 ) ) ;
#727 = ORIENTED_EDGE ( 'NONE', *, *, #1742, .F. ) ;
#728 = CARTESIAN_POINT ( 'NONE',  ( -2.200000000000005500, 0.7384999999999996000, -0.4624999999999774300 ) ) ;
#729 = CARTESIAN_POINT ( 'NONE',  ( -2.657158218102045700, 0.5114999999999996200, 0.1875000000000273400 ) ) ;
#730 = VERTEX_POINT ( 'NONE', #2576 ) ;
#731 = CARTESIAN_POINT ( 'NONE',  ( -3.199999999999995300, 0.1266906343829976900, 0.4625000000000331100 ) ) ;
#732 = CARTESIAN_POINT ( 'NONE',  ( 2.199999999999989100, 0.6114999999999996000, -1.112500000000023400 ) ) ;
#733 = EDGE_CURVE ( 'NONE', #341, #3476, #1294, .T. ) ;
#734 = EDGE_LOOP ( 'NONE', ( #1029, #3852, #2739, #582, #1949, #1976, #960, #3946, #2010, #2284, #305, #1018 ) ) ;
#735 = VECTOR ( 'NONE', #2744, 1000.000000000000000 ) ;
#736 = ORIENTED_EDGE ( 'NONE', *, *, #3597, .F. ) ;
#737 = CARTESIAN_POINT ( 'NONE',  ( -2.200000000000012200, 0.6114999999999996000, -1.112499999999977400 ) ) ;
#738 = DIRECTION ( 'NONE',  ( -1.000000000000000000, 0.0000000000000000000, 1.064489405713041300E-014 ) ) ;
#739 = FACE_OUTER_BOUND ( 'NONE', #2222, .T. ) ;
#740 = ORIENTED_EDGE ( 'NONE', *, *, #278, .T. ) ;
#741 = CARTESIAN_POINT ( 'NONE',  ( -2.430158218102056900, 0.6114999999999996000, -0.8374999999999748200 ) ) ;
#742 = PRODUCT ( 'ATTINY45V-10XU', 'ATTINY45V-10XU', '', ( #461 ) ) ;
#743 = CARTESIAN_POINT ( 'NONE',  ( 2.200000000000012200, 0.7384999999999996000, 1.112499999999976500 ) ) ;
#744 = LINE ( 'NONE', #319, #2300 ) ;
#745 = ORIENTED_EDGE ( 'NONE', *, *, #178, .T. ) ;
#746 = DIRECTION ( 'NONE',  ( -1.047444401652940000E-014, -0.0000000000000000000, -1.000000000000000000 ) ) ;
#747 = PLANE ( 'NONE',  #223 ) ;
#748 = CARTESIAN_POINT ( 'NONE',  ( 2.657158218102053700, 0.5114999999999995100, 0.4624999999999717700 ) ) ;
#749 = CYLINDRICAL_SURFACE ( 'NONE', #2632, 0.09999999999999982500 ) ;
#750 = ORIENTED_EDGE ( 'NONE', *, *, #3388, .F. ) ;
#751 = LINE ( 'NONE', #401, #2403 ) ;
#752 = DIRECTION ( 'NONE',  ( 0.0000000000000000000, -1.000000000000000000, 0.0000000000000000000 ) ) ;
#753 = DIRECTION ( 'NONE',  ( 0.06975647374411810000, -0.9975640502598247500, -7.306602790232681000E-016 ) ) ;
#754 = STYLED_ITEM ( 'NONE', ( #773 ), #1674 ) ;
#755 = VECTOR ( 'NONE', #347, 1000.000000000000000 ) ;
#756 = CARTESIAN_POINT ( 'NONE',  ( 2.200000000000015700, 0.7384999999999996000, 1.524999999999975300 ) ) ;
#757 = ORIENTED_EDGE ( 'NONE', *, *, #3668, .F. ) ;
#758 = ORIENTED_EDGE ( 'NONE', *, *, #2094, .F. ) ;
#759 = DIRECTION ( 'NONE',  ( 0.1378445374916302500, 0.9808148484639890300, 0.1378445374916273700 ) ) ;
#760 = VECTOR ( 'NONE', #2605, 1000.000000000000100 ) ;
#761 = AXIS2_PLACEMENT_3D ( 'NONE', #869, #1793, #1191 ) ;
#762 = LINE ( 'NONE', #32, #1045 ) ;
#763 = EDGE_CURVE ( 'NONE', #2127, #1709, #3699, .T. ) ;
#764 = EDGE_CURVE ( 'NONE', #1814, #1821, #939, .T. ) ;
#765 = LINE ( 'NONE', #1729, #2604 ) ;
#766 = DIRECTION ( 'NONE',  ( -1.000000000000000000, 0.0000000000000000000, 1.050768625316349100E-014 ) ) ;
#767 = ORIENTED_EDGE ( 'NONE', *, *, #3420, .F. ) ;
#768 = FACE_OUTER_BOUND ( 'NONE', #2776, .T. ) ;
#769 = CARTESIAN_POINT ( 'NONE',  ( -3.200000000000005100, 0.1266906343829977100, -0.4624999999999670500 ) ) ;
#770 = DIRECTION ( 'NONE',  ( 1.000000000000000000, 0.0000000000000000000, -1.047444401652940000E-014 ) ) ;
#771 = VERTEX_POINT ( 'NONE', #1095 ) ;
#772 = ORIENTED_EDGE ( 'NONE', *, *, #2410, .F. ) ;
#773 = PRESENTATION_STYLE_ASSIGNMENT (( #2656 ) ) ;
#774 = CARTESIAN_POINT ( 'NONE',  ( -2.199999999999984600, 0.6114999999999996000, 1.525000000000022300 ) ) ;
#775 = APPLICATION_CONTEXT ( 'automotive_design' ) ;
#776 = ORIENTED_EDGE ( 'NONE', *, *, #386, .T. ) ;
#777 = VECTOR ( 'NONE', #1145, 1000.000000000000000 ) ;
#778 = AXIS2_PLACEMENT_3D ( 'NONE', #1735, #2048, #165 ) ;
#779 = CARTESIAN_POINT ( 'NONE',  ( 2.741323498562144900, 0.03145429878563848300, 1.112499999999971000 ) ) ;
#780 = ORIENTED_EDGE ( 'NONE', *, *, #3545, .F. ) ;
#781 = VECTOR ( 'NONE', #329, 1000.000000000000000 ) ;
#782 = VECTOR ( 'NONE', #3996, 1000.000000000000000 ) ;
#783 = CARTESIAN_POINT ( 'NONE',  ( 2.199999999999982000, 0.7384999999999996000, -1.525000000000023400 ) ) ;
#784 = EDGE_CURVE ( 'NONE', #3848, #341, #2110, .T. ) ;
#785 = EDGE_CURVE ( 'NONE', #3716, #2474, #2310, .T. ) ;
#786 = FACE_OUTER_BOUND ( 'NONE', #1174, .T. ) ;
#787 = LINE ( 'NONE', #464, #1538 ) ;
#788 = ORIENTED_EDGE ( 'NONE', *, *, #1883, .F. ) ;
#789 = CARTESIAN_POINT ( 'NONE',  ( -2.430158218102039600, 0.5114999999999996200, 0.8375000000000250000 ) ) ;
#790 = EDGE_CURVE ( 'NONE', #2357, #2543, #440, .T. ) ;
#791 = CYLINDRICAL_SURFACE ( 'NONE', #254, 0.2749999999999998600 ) ;
#792 = ORIENTED_EDGE ( 'NONE', *, *, #785, .T. ) ;
#793 = FACE_OUTER_BOUND ( 'NONE', #3303, .T. ) ;
#794 = CARTESIAN_POINT ( 'NONE',  ( -2.200000000000016600, 0.6114999999999996000, -1.524999999999976200 ) ) ;
#795 = ORIENTED_EDGE ( 'NONE', *, *, #1613, .T. ) ;
#796 = DIRECTION ( 'NONE',  ( -1.000000000000000000, 0.0000000000000000000, 1.050768625316347000E-014 ) ) ;
#797 = VECTOR ( 'NONE', #2565, 1000.000000000000000 ) ;
#798 = CARTESIAN_POINT ( 'NONE',  ( 3.200000000000002400, 0.1266906343829976900, 0.1874999999999658900 ) ) ;
#799 = ORIENTED_EDGE ( 'NONE', *, *, #430, .F. ) ;
#800 = PRESENTATION_STYLE_ASSIGNMENT (( #4002 ) ) ;
#801 = EDGE_LOOP ( 'NONE', ( #1042, #3039, #2943, #772 ) ) ;
#802 = MECHANICAL_DESIGN_GEOMETRIC_PRESENTATION_REPRESENTATION (  '', ( #3746 ), #92 ) ;
#803 = ORIENTED_EDGE ( 'NONE', *, *, #462, .T. ) ;
#804 = LINE ( 'NONE', #2337, #3198 ) ;
#805 = FACE_OUTER_BOUND ( 'NONE', #3034, .T. ) ;
#806 = AXIS2_PLACEMENT_3D ( 'NONE', #34, #1641, #1307 ) ;
#807 = ORIENTED_EDGE ( 'NONE', *, *, #2515, .T. ) ;
#808 = ORIENTED_EDGE ( 'NONE', *, *, #3247, .T. ) ;
#809 = EDGE_CURVE ( 'NONE', #4028, #1664, #1037, .T. ) ;
#810 = CARTESIAN_POINT ( 'NONE',  ( -2.741323498562131100, 0.03145429878563858100, 0.1875000000000282300 ) ) ;
#811 = CARTESIAN_POINT ( 'NONE',  ( 2.199999999999989100, 0.7384999999999996000, -1.112500000000023400 ) ) ;
#812 = ORIENTED_EDGE ( 'NONE', *, *, #2070, .T. ) ;
#813 = ORIENTED_EDGE ( 'NONE', *, *, #992, .F. ) ;
#814 = EDGE_CURVE ( 'NONE', #3413, #316, #1189, .T. ) ;
#815 = EDGE_LOOP ( 'NONE', ( #1455, #2143, #1919, #788 ) ) ;
#816 = PLANE ( 'NONE',  #1688 ) ;
#817 = CARTESIAN_POINT ( 'NONE',  ( 2.741323498562144900, 0.03145429878563858100, 1.112499999999971000 ) ) ;
#818 = ORIENTED_EDGE ( 'NONE', *, *, #1071, .F. ) ;
#819 = DIRECTION ( 'NONE',  ( -1.000000000000000000, 0.0000000000000000000, 1.050768625316347000E-014 ) ) ;
#820 = ADVANCED_FACE ( 'NONE', ( #248 ), #2351, .F. ) ;
#821 = VECTOR ( 'NONE', #2199, 1000.000000000000000 ) ;
#822 = DIRECTION ( 'NONE',  ( 1.000000000000000000, 0.0000000000000000000, -1.047444401652940000E-014 ) ) ;
#823 = VERTEX_POINT ( 'NONE', #137 ) ;
#824 = ORIENTED_EDGE ( 'NONE', *, *, #3714, .F. ) ;
#825 = VERTEX_POINT ( 'NONE', #2038 ) ;
#826 = LINE ( 'NONE', #977, #2674 ) ;
#827 = VERTEX_POINT ( 'NONE', #465 ) ;
#828 = AXIS2_PLACEMENT_3D ( 'NONE', #1652, #1332, #2542 ) ;
#829 = DIRECTION ( 'NONE',  ( 1.000000000000000000, 0.0000000000000000000, -1.047444401652940000E-014 ) ) ;
#830 = DIRECTION ( 'NONE',  ( -1.000000000000000000, 0.0000000000000000000, 1.050768625316349100E-014 ) ) ;
#831 =( NAMED_UNIT ( * ) SI_UNIT ( $, .STERADIAN. ) SOLID_ANGLE_UNIT ( ) );
#832 = LINE ( 'NONE', #1234, #340 ) ;
#833 = ORIENTED_EDGE ( 'NONE', *, *, #41, .T. ) ;
#834 = EDGE_CURVE ( 'NONE', #1791, #827, #1242, .T. ) ;
#835 = CARTESIAN_POINT ( 'NONE',  ( 2.430158218102039600, 0.6114999999999994900, -0.8375000000000257800 ) ) ;
#836 = EDGE_CURVE ( 'NONE', #455, #2093, #1638, .T. ) ;
#837 = SURFACE_STYLE_FILL_AREA ( #2801 ) ;
#838 = EDGE_LOOP ( 'NONE', ( #3595, #3659, #3216, #1111 ) ) ;
#839 = CARTESIAN_POINT ( 'NONE',  ( 2.430158218102052900, 0.7384999999999996000, 0.4624999999999741000 ) ) ;
#840 = CARTESIAN_POINT ( 'NONE',  ( -2.657158218102039000, 0.5114999999999996200, 0.8375000000000273300 ) ) ;
#841 = DIRECTION ( 'NONE',  ( -0.1378445374916273700, 0.9808148484639890300, 0.1378445374916302500 ) ) ;
#842 = ORIENTED_EDGE ( 'NONE', *, *, #3764, .T. ) ;
#843 = CARTESIAN_POINT ( 'NONE',  ( -2.657158218102050100, 0.5114999999999996200, -0.1874999999999725500 ) ) ;
#844 = FACE_OUTER_BOUND ( 'NONE', #1338, .T. ) ;
#845 = EDGE_CURVE ( 'NONE', #859, #697, #485, .T. ) ;
#846 = CARTESIAN_POINT ( 'NONE',  ( -2.430158218102060000, 0.5114999999999996200, -1.112499999999975000 ) ) ;
#847 = VECTOR ( 'NONE', #2402, 1000.000000000000000 ) ;
#848 = ORIENTED_EDGE ( 'NONE', *, *, #3199, .T. ) ;
#849 = VECTOR ( 'NONE', #374, 1000.000000000000000 ) ;
#850 = PRESENTATION_LAYER_ASSIGNMENT (  '', '', ( #2647 ) ) ;
#851 = DIRECTION ( 'NONE',  ( 1.047444401652940000E-014, 0.0000000000000000000, 1.000000000000000000 ) ) ;
#852 = MECHANICAL_DESIGN_GEOMETRIC_PRESENTATION_REPRESENTATION (  '', ( #3810 ), #1068 ) ;
#853 = DIRECTION ( 'NONE',  ( -1.047444401652940000E-014, 0.0000000000000000000, -1.000000000000000000 ) ) ;
#854 = CARTESIAN_POINT ( 'NONE',  ( 2.430158218102036500, 0.5114999999999996200, -1.112500000000025800 ) ) ;
#855 = DIRECTION ( 'NONE',  ( -1.000000000000000000, 0.0000000000000000000, 1.047444401652940000E-014 ) ) ;
#856 = EDGE_CURVE ( 'NONE', #2176, #3337, #4073, .T. ) ;
#857 =( LENGTH_UNIT ( ) NAMED_UNIT ( * ) SI_UNIT ( .MILLI., .METRE. ) );
#858 = CARTESIAN_POINT ( 'NONE',  ( -1.350000000000010100, 1.199999999999999300, -0.9101404047848324900 ) ) ;
#859 = VERTEX_POINT ( 'NONE', #3578 ) ;
#860 = EDGE_CURVE ( 'NONE', #3311, #1704, #2396, .T. ) ;
#861 = PRODUCT_DEFINITION_FORMATION_WITH_SPECIFIED_SOURCE ( 'ANY', '', #742, .NOT_KNOWN. ) ;
#862 = CIRCLE ( 'NONE', #2171, 0.2269999999999997600 ) ;
#863 = EDGE_CURVE ( 'NONE', #3613, #2586, #1392, .T. ) ;
#864 = ORIENTED_EDGE ( 'NONE', *, *, #3979, .T. ) ;
#865 = CARTESIAN_POINT ( 'NONE',  ( 3.199999999999998000, 0.1266906343829976900, -0.1875000000000339200 ) ) ;
#866 = CARTESIAN_POINT ( 'NONE',  ( 2.430158218102039600, 0.6114999999999996000, -0.8375000000000257800 ) ) ;
#867 = ORIENTED_EDGE ( 'NONE', *, *, #2512, .F. ) ;
#868 = ADVANCED_FACE ( 'NONE', ( #1588 ), #2311, .F. ) ;
#869 = CARTESIAN_POINT ( 'NONE',  ( -1.350000000000010100, 1.149999999999999200, -0.9101404047848324900 ) ) ;
#870 = CARTESIAN_POINT ( 'NONE',  ( -2.199999999999989100, 0.7384999999999996000, 1.112500000000022500 ) ) ;
#871 =( NAMED_UNIT ( * ) PLANE_ANGLE_UNIT ( ) SI_UNIT ( $, .RADIAN. ) );
#872 = ORIENTED_EDGE ( 'NONE', *, *, #675, .T. ) ;
#873 = SURFACE_STYLE_FILL_AREA ( #2174 ) ;
#874 = AXIS2_PLACEMENT_3D ( 'NONE', #552, #1925, #8 ) ;
#875 = EDGE_LOOP ( 'NONE', ( #864, #1913, #3562, #3187 ) ) ;
#876 = CARTESIAN_POINT ( 'NONE',  ( 2.430158218102039600, 0.5114999999999996200, -0.8375000000000257800 ) ) ;
#877 = LINE ( 'NONE', #2167, #781 ) ;
#878 = ADVANCED_FACE ( 'NONE', ( #1284 ), #434, .T. ) ;
#879 = STYLED_ITEM ( 'NONE', ( #957 ), #2037 ) ;
#880 = PLANE ( 'NONE',  #1822 ) ;
#881 = EDGE_CURVE ( 'NONE', #69, #1888, #3333, .T. ) ;
#882 = LINE ( 'NONE', #3743, #50 ) ;
#883 = ORIENTED_EDGE ( 'NONE', *, *, #892, .T. ) ;
#884 = CARTESIAN_POINT ( 'NONE',  ( 2.657158218102043400, 0.2579013381946189700, -0.4625000000000282800 ) ) ;
#885 = DIRECTION ( 'NONE',  ( 0.9975640502598247500, 0.06975647374411779500, -1.044892879734885600E-014 ) ) ;
#886 = CARTESIAN_POINT ( 'NONE',  ( -2.430158218102043100, 0.5114999999999996200, 0.4625000000000250600 ) ) ;
#887 = FACE_OUTER_BOUND ( 'NONE', #406, .T. ) ;
#888 = AXIS2_PLACEMENT_3D ( 'NONE', #1574, #2843, #2484 ) ;
#889 = VERTEX_POINT ( 'NONE', #2717 ) ;
#890 = DIRECTION ( 'NONE',  ( -1.000000000000000000, 0.0000000000000000000, 1.084202172485506300E-014 ) ) ;
#891 = CARTESIAN_POINT ( 'NONE',  ( 2.657158218102060300, 0.5114999999999995100, 1.112499999999971800 ) ) ;
#892 = EDGE_CURVE ( 'NONE', #3962, #1578, #2013, .T. ) ;
#893 = ADVANCED_FACE ( 'NONE', ( #4032 ), #1162, .F. ) ;
#894 = CARTESIAN_POINT ( 'NONE',  ( -3.200000000000005100, 0.1266906343829977100, -0.4624999999999669900 ) ) ;
#895 = CARTESIAN_POINT ( 'NONE',  ( 2.200000000000012200, 0.7384999999999996000, 1.112499999999976500 ) ) ;
#896 = ORIENTED_EDGE ( 'NONE', *, *, #3078, .T. ) ;
#897 = ORIENTED_EDGE ( 'NONE', *, *, #2682, .T. ) ;
#898 = LINE ( 'NONE', #139, #2267 ) ;
#899 = CARTESIAN_POINT ( 'NONE',  ( 2.430158218102036500, 0.5114999999999996200, -1.112500000000025800 ) ) ;
#900 = FACE_OUTER_BOUND ( 'NONE', #972, .T. ) ;
#901 = CARTESIAN_POINT ( 'NONE',  ( -1.350000000000010100, 1.149999999999999200, -0.9101404047848324900 ) ) ;
#902 = DIRECTION ( 'NONE',  ( -1.047444401652940000E-014, -0.0000000000000000000, -1.000000000000000000 ) ) ;
#903 = CARTESIAN_POINT ( 'NONE',  ( -2.757158218102036400, 0.2579013381946188600, 1.112500000000028500 ) ) ;
#904 = ORIENTED_EDGE ( 'NONE', *, *, #1671, .F. ) ;
#905 = ORIENTED_EDGE ( 'NONE', *, *, #2560, .T. ) ;
#906 = AXIS2_PLACEMENT_3D ( 'NONE', #269, #3375, #3014 ) ;
#907 = SURFACE_STYLE_USAGE ( .BOTH. , #3468 ) ;
#908 = DIRECTION ( 'NONE',  ( 0.0000000000000000000, 1.000000000000000000, 0.0000000000000000000 ) ) ;
#909 = CARTESIAN_POINT ( 'NONE',  ( -2.530158218102057000, 0.2579013381946189700, -0.8374999999999739300 ) ) ;
#910 = ORIENTED_EDGE ( 'NONE', *, *, #484, .T. ) ;
#911 = DIRECTION ( 'NONE',  ( -0.9975640502598247500, -0.06975647374411815500, 1.044892879734885600E-014 ) ) ;
#912 = DIRECTION ( 'NONE',  ( -1.000000000000000000, 0.0000000000000000000, 1.050768625316347000E-014 ) ) ;
#913 = EDGE_CURVE ( 'NONE', #3211, #160, #2833, .T. ) ;
#914 = ORIENTED_EDGE ( 'NONE', *, *, #536, .T. ) ;
#915 = EDGE_CURVE ( 'NONE', #182, #514, #107, .T. ) ;
#916 = CARTESIAN_POINT ( 'NONE',  ( 2.430158218102050200, 0.6114999999999996000, 0.1874999999999740800 ) ) ;
#917 = VERTEX_POINT ( 'NONE', #2429 ) ;
#918 = ADVANCED_FACE ( 'NONE', ( #793 ), #2705, .F. ) ;
#919 = ADVANCED_FACE ( 'NONE', ( #1910 ), #3639, .F. ) ;
#920 = ORIENTED_EDGE ( 'NONE', *, *, #1811, .F. ) ;
#921 = CARTESIAN_POINT ( 'NONE',  ( 2.199999999999991700, 0.7384999999999996000, -0.8375000000000233400 ) ) ;
#922 = CARTESIAN_POINT ( 'NONE',  ( -3.191140927834505500, 0.0000000000000000000, -0.8374999999999669400 ) ) ;
#923 = ORIENTED_EDGE ( 'NONE', *, *, #1658, .T. ) ;
#924 = AXIS2_PLACEMENT_3D ( 'NONE', #1456, #2385, #1794 ) ;
#925 = VECTOR ( 'NONE', #3412, 1000.000000000000200 ) ;
#926 = LINE ( 'NONE', #4047, #2775 ) ;
#927 = ORIENTED_EDGE ( 'NONE', *, *, #1936, .T. ) ;
#928 = ADVANCED_FACE ( 'NONE', ( #3493 ), #1519, .F. ) ;
#929 = MANIFOLD_SOLID_BREP ( 'LPattern1[5]', #3168 ) ;
#930 = DIRECTION ( 'NONE',  ( -0.06975647374411911300, -0.9975640502598246400, 7.306602790232785500E-016 ) ) ;
#931 = CIRCLE ( 'NONE', #3043, 0.2269999999999997600 ) ;
#932 = ORIENTED_EDGE ( 'NONE', *, *, #1407, .F. ) ;
#933 = CARTESIAN_POINT ( 'NONE',  ( -2.757158218102050200, 0.2579013381946188600, -0.1874999999999715200 ) ) ;
#934 = EDGE_CURVE ( 'NONE', #2724, #2192, #2540, .T. ) ;
#935 = LINE ( 'NONE', #1530, #109 ) ;
#936 = CARTESIAN_POINT ( 'NONE',  ( 2.657158218102039400, 0.5114999999999996200, -0.8375000000000282200 ) ) ;
#937 = ORIENTED_EDGE ( 'NONE', *, *, #836, .T. ) ;
#938 = EDGE_CURVE ( 'NONE', #1719, #889, #1629, .T. ) ;
#939 = LINE ( 'NONE', #1385, #2934 ) ;
#940 = ADVANCED_FACE ( 'NONE', ( #3585 ), #3943, .F. ) ;
#941 = FACE_OUTER_BOUND ( 'NONE', #3178, .T. ) ;
#942 = ORIENTED_EDGE ( 'NONE', *, *, #458, .T. ) ;
#943 = VERTEX_POINT ( 'NONE', #1250 ) ;
#944 = VECTOR ( 'NONE', #1252, 1000.000000000000000 ) ;
#945 = DIRECTION ( 'NONE',  ( 1.047444401652940000E-014, 0.0000000000000000000, 1.000000000000000000 ) ) ;
#946 = EDGE_CURVE ( 'NONE', #3716, #3337, #2154, .T. ) ;
#947 = CIRCLE ( 'NONE', #493, 0.2749999999999998600 ) ;
#948 = PLANE ( 'NONE',  #446 ) ;
#949 = ORIENTED_EDGE ( 'NONE', *, *, #2535, .T. ) ;
#950 = LINE ( 'NONE', #3218, #2027 ) ;
#951 = LINE ( 'NONE', #1605, #3709 ) ;
#952 = VECTOR ( 'NONE', #3880, 1000.000000000000000 ) ;
#953 = ORIENTED_EDGE ( 'NONE', *, *, #845, .F. ) ;
#954 =( NAMED_UNIT ( * ) SI_UNIT ( $, .STERADIAN. ) SOLID_ANGLE_UNIT ( ) );
#955 = DIRECTION ( 'NONE',  ( 1.047444401652940000E-014, 0.0000000000000000000, 1.000000000000000000 ) ) ;
#956 = ADVANCED_FACE ( 'NONE', ( #151 ), #3119, .F. ) ;
#957 = PRESENTATION_STYLE_ASSIGNMENT (( #2587 ) ) ;
#958 = DIRECTION ( 'NONE',  ( 1.000000000000000000, 0.0000000000000000000, -1.047444401652940000E-014 ) ) ;
#959 = DIRECTION ( 'NONE',  ( -0.9975640502598247500, -0.06975647374411803000, 1.044892879734885600E-014 ) ) ;
#960 = ORIENTED_EDGE ( 'NONE', *, *, #3618, .T. ) ;
#961 = CARTESIAN_POINT ( 'NONE',  ( 2.757158218102046200, 0.2579013381946188600, -0.1875000000000292500 ) ) ;
#962 = ADVANCED_FACE ( 'NONE', ( #786 ), #580, .T. ) ;
#963 = ORIENTED_EDGE ( 'NONE', *, *, #3899, .T. ) ;
#964 = AXIS2_PLACEMENT_3D ( 'NONE', #2979, #2372, #491 ) ;
#965 = DIRECTION ( 'NONE',  ( 1.047444401652940000E-014, -0.0000000000000000000, 1.000000000000000000 ) ) ;
#966 = DIRECTION ( 'NONE',  ( 1.047444401652940000E-014, 0.0000000000000000000, 1.000000000000000000 ) ) ;
#967 = DIRECTION ( 'NONE',  ( 1.047444401652940000E-014, -0.0000000000000000000, 1.000000000000000000 ) ) ;
#968 = EDGE_CURVE ( 'NONE', #3088, #2638, #191, .T. ) ;
#969 = ORIENTED_EDGE ( 'NONE', *, *, #2762, .T. ) ;
#970 = ORIENTED_EDGE ( 'NONE', *, *, #2864, .T. ) ;
#971 = DIRECTION ( 'NONE',  ( -0.0000000000000000000, -1.000000000000000000, -0.0000000000000000000 ) ) ;
#972 = EDGE_LOOP ( 'NONE', ( #2710, #1321, #2078, #570 ) ) ;
#973 = AXIS2_PLACEMENT_3D ( 'NONE', #3433, #618, #1255 ) ;
#974 = LINE ( 'NONE', #3860, #1077 ) ;
#975 = VERTEX_POINT ( 'NONE', #3056 ) ;
#976 = DIRECTION ( 'NONE',  ( -1.047444401652940000E-014, -0.0000000000000000000, -1.000000000000000000 ) ) ;
#977 = CARTESIAN_POINT ( 'NONE',  ( -2.199999999999991700, 0.7384999999999996000, 0.8375000000000225600 ) ) ;
#978 = VECTOR ( 'NONE', #234, 1000.000000000000000 ) ;
#979 = ORIENTED_EDGE ( 'NONE', *, *, #2584, .T. ) ;
#980 = ADVANCED_FACE ( 'NONE', ( #3380 ), #1722, .T. ) ;
#981 = DIRECTION ( 'NONE',  ( -0.0000000000000000000, -1.000000000000000000, -0.0000000000000000000 ) ) ;
#982 = EDGE_CURVE ( 'NONE', #3681, #825, #882, .T. ) ;
#983 = VECTOR ( 'NONE', #965, 1000.000000000000000 ) ;
#984 = ORIENTED_EDGE ( 'NONE', *, *, #489, .T. ) ;
#985 = CARTESIAN_POINT ( 'NONE',  ( -2.741323498562135500, 0.03145429878563858100, -0.1874999999999716900 ) ) ;
#986 = CARTESIAN_POINT ( 'NONE',  ( 2.530158218102039700, 0.5114999999999996200, -0.8375000000000267800 ) ) ;
#987 = AXIS2_PLACEMENT_3D ( 'NONE', #876, #3049, #568 ) ;
#988 = CARTESIAN_POINT ( 'NONE',  ( -2.757158218102036400, 0.2579013381946188600, 1.112500000000028500 ) ) ;
#989 = CARTESIAN_POINT ( 'NONE',  ( -2.430158218102045800, 0.5114999999999996200, 0.1875000000000249800 ) ) ;
#990 = CARTESIAN_POINT ( 'NONE',  ( 2.757158218102056900, 0.2579013381946188600, 0.8374999999999706000 ) ) ;
#991 = CARTESIAN_POINT ( 'NONE',  ( -2.200000000000016600, 0.7384999999999996000, -1.524999999999976200 ) ) ;
#992 = EDGE_CURVE ( 'NONE', #4068, #2573, #3536, .T. ) ;
#993 = VECTOR ( 'NONE', #3501, 1000.000000000000000 ) ;
#994 = CARTESIAN_POINT ( 'NONE',  ( -2.530158218102060100, 0.2579013381946189100, -1.112499999999974100 ) ) ;
#995 = ORIENTED_EDGE ( 'NONE', *, *, #2352, .F. ) ;
#996 = CIRCLE ( 'NONE', #3928, 0.09999999999999982500 ) ;
#997 = VECTOR ( 'NONE', #1815, 1000.000000000000000 ) ;
#998 = EDGE_CURVE ( 'NONE', #4070, #3428, #2449, .T. ) ;
#999 = VECTOR ( 'NONE', #140, 1000.000000000000000 ) ;
#1000 = CARTESIAN_POINT ( 'NONE',  ( -2.657158218102043000, 0.2579013381946188600, 0.4625000000000273900 ) ) ;
#1001 = CARTESIAN_POINT ( 'NONE',  ( 2.200000000000015700, 0.6114999999999996000, 1.524999999999975300 ) ) ;
#1002 = ORIENTED_EDGE ( 'NONE', *, *, #571, .F. ) ;
#1003 = EDGE_CURVE ( 'NONE', #1475, #1617, #3279, .T. ) ;
#1004 = ORIENTED_EDGE ( 'NONE', *, *, #3327, .T. ) ;
#1005 = CARTESIAN_POINT ( 'NONE',  ( 2.200000000000005500, 0.7384999999999996000, 0.4624999999999765400 ) ) ;
#1006 = DIRECTION ( 'NONE',  ( 0.0000000000000000000, 1.000000000000000000, 0.0000000000000000000 ) ) ;
#1007 = ORIENTED_EDGE ( 'NONE', *, *, #484, .F. ) ;
#1008 = CARTESIAN_POINT ( 'NONE',  ( -2.430158218102039600, 0.5114999999999996200, 0.8375000000000250000 ) ) ;
#1009 = DIRECTION ( 'NONE',  ( -1.000000000000000000, 0.0000000000000000000, 1.050768625316347000E-014 ) ) ;
#1010 = ORIENTED_EDGE ( 'NONE', *, *, #631, .T. ) ;
#1011 = DIRECTION ( 'NONE',  ( -1.000000000000000000, 0.0000000000000000000, 1.050768625316347000E-014 ) ) ;
#1012 = ORIENTED_EDGE ( 'NONE', *, *, #3618, .F. ) ;
#1013 = EDGE_CURVE ( 'NONE', #2100, #4033, #4023, .T. ) ;
#1014 = CARTESIAN_POINT ( 'NONE',  ( -1.075000000000010200, 1.149999999999999200, -0.9101404047848353800 ) ) ;
#1015 = ORIENTED_EDGE ( 'NONE', *, *, #3551, .F. ) ;
#1016 = EDGE_CURVE ( 'NONE', #1631, #3249, #687, .T. ) ;
#1017 = VECTOR ( 'NONE', #3441, 1000.000000000000000 ) ;
#1018 = ORIENTED_EDGE ( 'NONE', *, *, #3572, .T. ) ;
#1019 = CARTESIAN_POINT ( 'NONE',  ( 2.757158218102039500, 0.2579013381946188600, -0.8375000000000292200 ) ) ;
#1020 = EDGE_CURVE ( 'NONE', #2068, #3144, #3176, .T. ) ;
#1021 = SURFACE_STYLE_USAGE ( .BOTH. , #2886 ) ;
#1022 = ORIENTED_EDGE ( 'NONE', *, *, #157, .F. ) ;
#1023 = CARTESIAN_POINT ( 'NONE',  ( -2.757158218102050200, 0.2579013381946188600, -0.1874999999999715200 ) ) ;
#1024 = EDGE_CURVE ( 'NONE', #421, #3700, #1857, .T. ) ;
#1025 = CARTESIAN_POINT ( 'NONE',  ( 3.191140927834488200, 0.0000000000000000000, -0.8375000000000336600 ) ) ;
#1026 = CARTESIAN_POINT ( 'NONE',  ( 2.430158218102043100, 0.7384999999999996000, -0.4625000000000259500 ) ) ;
#1027 = FACE_OUTER_BOUND ( 'NONE', #2454, .T. ) ;
#1028 = LINE ( 'NONE', #2018, #2391 ) ;
#1029 = ORIENTED_EDGE ( 'NONE', *, *, #2685, .T. ) ;
#1030 = CARTESIAN_POINT ( 'NONE',  ( -1.350000000000010100, 1.149999999999999200, -0.9101404047848324900 ) ) ;
#1031 = LINE ( 'NONE', #3931, #3924 ) ;
#1032 = ORIENTED_EDGE ( 'NONE', *, *, #55, .T. ) ;
#1033 = CARTESIAN_POINT ( 'NONE',  ( -2.200000000000016600, 0.6114999999999996000, -1.524999999999976400 ) ) ;
#1034 = DIRECTION ( 'NONE',  ( 0.0000000000000000000, -1.000000000000000000, 0.0000000000000000000 ) ) ;
#1035 = AXIS2_PLACEMENT_3D ( 'NONE', #1288, #3217, #2939 ) ;
#1036 = CARTESIAN_POINT ( 'NONE',  ( 2.200000000000002800, 0.7384999999999996000, 0.1874999999999764600 ) ) ;
#1037 = LINE ( 'NONE', #794, #2017 ) ;
#1038 = CARTESIAN_POINT ( 'NONE',  ( 2.200000000000012200, 0.6114999999999996000, 1.112499999999976500 ) ) ;
#1039 = CYLINDRICAL_SURFACE ( 'NONE', #1041, 0.09999999999999982500 ) ;
#1040 = VERTEX_POINT ( 'NONE', #48 ) ;
#1041 = AXIS2_PLACEMENT_3D ( 'NONE', #3955, #2384, #1116 ) ;
#1042 = ORIENTED_EDGE ( 'NONE', *, *, #1540, .F. ) ;
#1043 = VECTOR ( 'NONE', #1753, 1000.000000000000000 ) ;
#1044 = CARTESIAN_POINT ( 'NONE',  ( -2.200000000000002800, 0.6114999999999996000, -0.1874999999999773500 ) ) ;
#1045 = VECTOR ( 'NONE', #3120, 1000.000000000000000 ) ;
#1046 = SHAPE_DEFINITION_REPRESENTATION ( #134, #3239 ) ;
#1047 = PLANE ( 'NONE',  #3805 ) ;
#1048 = EDGE_CURVE ( 'NONE', #3112, #3144, #1431, .T. ) ;
#1049 = CIRCLE ( 'NONE', #973, 0.09999999999999982500 ) ;
#1050 = DIRECTION ( 'NONE',  ( -1.000000000000000000, 0.0000000000000000000, 1.084202172485506300E-014 ) ) ;
#1051 = ORIENTED_EDGE ( 'NONE', *, *, #2736, .T. ) ;
#1052 = LINE ( 'NONE', #1927, #21 ) ;
#1053 = CYLINDRICAL_SURFACE ( 'NONE', #4061, 0.2270000000000002000 ) ;
#1054 = CARTESIAN_POINT ( 'NONE',  ( -2.430158218102050200, 0.7384999999999993800, -0.1874999999999749400 ) ) ;
#1055 = CARTESIAN_POINT ( 'NONE',  ( -3.200000000000002400, 0.1266906343829977100, -0.1874999999999668600 ) ) ;
#1056 = CARTESIAN_POINT ( 'NONE',  ( 2.750182570727628000, 0.1581449331686363400, -0.8375000000000292200 ) ) ;
#1057 = COLOUR_RGB ( '',0.7921568627450980000, 0.8196078431372548800, 0.9333333333333333500 ) ;
#1058 = ORIENTED_EDGE ( 'NONE', *, *, #3979, .F. ) ;
#1059 = CYLINDRICAL_SURFACE ( 'NONE', #4034, 0.2269999999999997600 ) ;
#1060 = AXIS2_PLACEMENT_3D ( 'NONE', #2529, #332, #1622 ) ;
#1061 = CARTESIAN_POINT ( 'NONE',  ( -2.135140404784861900, 0.1500000000000003300, -1.460140404784823400 ) ) ;
#1062 = ORIENTED_EDGE ( 'NONE', *, *, #3993, .T. ) ;
#1063 = CARTESIAN_POINT ( 'NONE',  ( -2.430158218102056900, 0.5114999999999996200, -0.8374999999999748200 ) ) ;
#1064 = CIRCLE ( 'NONE', #3615, 0.2270000000000002000 ) ;
#1065 = CARTESIAN_POINT ( 'NONE',  ( -2.430158218102050200, 0.5114999999999996200, -0.1874999999999749400 ) ) ;
#1066 = DIRECTION ( 'NONE',  ( -0.06975647374411911300, 0.9975640502598246400, 7.306602790232785500E-016 ) ) ;
#1067 = ORIENTED_EDGE ( 'NONE', *, *, #3997, .F. ) ;
#1068 =( GEOMETRIC_REPRESENTATION_CONTEXT ( 3 ) GLOBAL_UNCERTAINTY_ASSIGNED_CONTEXT ( ( #3183 ) ) GLOBAL_UNIT_ASSIGNED_CONTEXT ( ( #1155, #3976, #520 ) ) REPRESENTATION_CONTEXT ( 'NONE', 'WORKASPACE' ) );
#1069 = ADVANCED_FACE ( 'NONE', ( #3919 ), #1933, .T. ) ;
#1070 = DIRECTION ( 'NONE',  ( -1.000000000000000000, 0.0000000000000000000, 1.050768625316349100E-014 ) ) ;
#1071 = EDGE_CURVE ( 'NONE', #2498, #2082, #1125, .T. ) ;
#1072 = ORIENTED_EDGE ( 'NONE', *, *, #2636, .F. ) ;
#1073 = PRESENTATION_STYLE_ASSIGNMENT (( #2661 ) ) ;
#1074 = EDGE_CURVE ( 'NONE', #671, #2822, #3736, .T. ) ;
#1075 = ORIENTED_EDGE ( 'NONE', *, *, #3298, .F. ) ;
#1076 = DIRECTION ( 'NONE',  ( -1.000000000000000000, 0.0000000000000000000, 1.047444401652940000E-014 ) ) ;
#1077 = VECTOR ( 'NONE', #1984, 1000.000000000000000 ) ;
#1078 = LINE ( 'NONE', #158, #3378 ) ;
#1079 = ORIENTED_EDGE ( 'NONE', *, *, #2957, .F. ) ;
#1080 = CARTESIAN_POINT ( 'NONE',  ( 2.430158218102045800, 0.5114999999999996200, -0.1875000000000258400 ) ) ;
#1081 = FACE_OUTER_BOUND ( 'NONE', #2622, .T. ) ;
#1082 = ORIENTED_EDGE ( 'NONE', *, *, #3431, .F. ) ;
#1083 = PRESENTATION_STYLE_ASSIGNMENT (( #1178 ) ) ;
#1084 = CARTESIAN_POINT ( 'NONE',  ( -2.430158218102050200, 0.6114999999999996000, -0.1874999999999749400 ) ) ;
#1085 = VECTOR ( 'NONE', #1317, 1000.000000000000000 ) ;
#1086 = VERTEX_POINT ( 'NONE', #1319 ) ;
#1087 = AXIS2_PLACEMENT_3D ( 'NONE', #1697, #3878, #2242 ) ;
#1088 = VECTOR ( 'NONE', #1093, 1000.000000000000000 ) ;
#1089 = ADVANCED_FACE ( 'NONE', ( #1334 ), #2866, .F. ) ;
#1090 = DIRECTION ( 'NONE',  ( -1.047444401652940000E-014, -0.0000000000000000000, -1.000000000000000000 ) ) ;
#1091 = ORIENTED_EDGE ( 'NONE', *, *, #2123, .F. ) ;
#1092 = AXIS2_PLACEMENT_3D ( 'NONE', #4035, #2539, #504 ) ;
#1093 = DIRECTION ( 'NONE',  ( 1.047444401652940000E-014, 0.0000000000000000000, 1.000000000000000000 ) ) ;
#1094 = ORIENTED_EDGE ( 'NONE', *, *, #3624, .T. ) ;
#1095 = CARTESIAN_POINT ( 'NONE',  ( 2.530158218102043200, 0.5114999999999996200, -0.4625000000000269500 ) ) ;
#1096 = ORIENTED_EDGE ( 'NONE', *, *, #2329, .T. ) ;
#1097 = VECTOR ( 'NONE', #3455, 1000.000000000000000 ) ;
#1098 = CARTESIAN_POINT ( 'NONE',  ( 2.530158218102050300, 0.5114999999999996200, 0.1874999999999729900 ) ) ;
#1099 = AXIS2_PLACEMENT_3D ( 'NONE', #4010, #1160, #2139 ) ;
#1100 = ORIENTED_EDGE ( 'NONE', *, *, #1589, .F. ) ;
#1101 = VERTEX_POINT ( 'NONE', #3136 ) ;
#1102 = CARTESIAN_POINT ( 'NONE',  ( 0.0000000000000000000, 0.0000000000000000000, 0.0000000000000000000 ) ) ;
#1103 = EDGE_CURVE ( 'NONE', #421, #717, #477, .T. ) ;
#1104 = ORIENTED_EDGE ( 'NONE', *, *, #1235, .T. ) ;
#1105 = DIRECTION ( 'NONE',  ( -1.047444401652940000E-014, 0.0000000000000000000, -1.000000000000000000 ) ) ;
#1106 = ORIENTED_EDGE ( 'NONE', *, *, #3756, .F. ) ;
#1107 = DIRECTION ( 'NONE',  ( 0.06975647374411909900, -0.9975640502598246400, -7.306602790232787500E-016 ) ) ;
#1108 = CARTESIAN_POINT ( 'NONE',  ( -2.430158218102043100, 0.5114999999999996200, 0.4625000000000250600 ) ) ;
#1109 = CARTESIAN_POINT ( 'NONE',  ( -2.199999999999989100, 0.6114999999999996000, 1.112500000000022500 ) ) ;
#1110 = ORIENTED_EDGE ( 'NONE', *, *, #1357, .T. ) ;
#1111 = ORIENTED_EDGE ( 'NONE', *, *, #533, .F. ) ;
#1112 = COLOUR_RGB ( '',0.7921568627450980000, 0.8196078431372548800, 0.9333333333333333500 ) ;
#1113 =( NAMED_UNIT ( * ) SI_UNIT ( $, .STERADIAN. ) SOLID_ANGLE_UNIT ( ) );
#1114 = DIRECTION ( 'NONE',  ( -1.000000000000000000, 0.0000000000000000000, 1.050768625316347000E-014 ) ) ;
#1115 = VERTEX_POINT ( 'NONE', #2201 ) ;
#1116 = DIRECTION ( 'NONE',  ( -1.000000000000000000, 0.0000000000000000000, 1.057097118173368700E-014 ) ) ;
#1117 =( LENGTH_UNIT ( ) NAMED_UNIT ( * ) SI_UNIT ( .MILLI., .METRE. ) );
#1118 = DIRECTION ( 'NONE',  ( 1.047444401652940000E-014, -0.0000000000000000000, 1.000000000000000000 ) ) ;
#1119 = DIRECTION ( 'NONE',  ( 0.0000000000000000000, 1.000000000000000000, 0.0000000000000000000 ) ) ;
#1120 = ORIENTED_EDGE ( 'NONE', *, *, #55, .F. ) ;
#1121 = DIRECTION ( 'NONE',  ( -1.000000000000000000, 0.0000000000000000000, 1.104320581193163100E-014 ) ) ;
#1122 = VECTOR ( 'NONE', #1464, 1000.000000000000000 ) ;
#1123 = DIRECTION ( 'NONE',  ( 1.047444401652940000E-014, 0.0000000000000000000, 1.000000000000000000 ) ) ;
#1124 = EDGE_CURVE ( 'NONE', #3700, #69, #826, .T. ) ;
#1125 = LINE ( 'NONE', #1879, #2390 ) ;
#1126 = LINE ( 'NONE', #835, #3537 ) ;
#1127 = ORIENTED_EDGE ( 'NONE', *, *, #314, .T. ) ;
#1128 = DIRECTION ( 'NONE',  ( 1.000000000000000000, 0.0000000000000000000, -1.047444401652940000E-014 ) ) ;
#1129 = CYLINDRICAL_SURFACE ( 'NONE', #3133, 0.2270000000000002000 ) ;
#1130 = ORIENTED_EDGE ( 'NONE', *, *, #982, .F. ) ;
#1131 = CARTESIAN_POINT ( 'NONE',  ( -3.200000000000008600, 0.1266906343829977100, -0.8374999999999668300 ) ) ;
#1132 = CARTESIAN_POINT ( 'NONE',  ( 2.430158218102060000, 0.5114999999999996200, 1.112499999999974300 ) ) ;
#1133 = VECTOR ( 'NONE', #855, 1000.000000000000000 ) ;
#1134 = ORIENTED_EDGE ( 'NONE', *, *, #1124, .F. ) ;
#1135 = DIRECTION ( 'NONE',  ( -0.06975647374411911300, 0.9975640502598246400, 7.306602790232785500E-016 ) ) ;
#1136 = DIRECTION ( 'NONE',  ( -1.047444401652940000E-014, -0.0000000000000000000, -1.000000000000000000 ) ) ;
#1137 = CARTESIAN_POINT ( 'NONE',  ( 2.530158218102036600, 0.5114999999999996200, -1.112500000000026900 ) ) ;
#1138 = ADVANCED_FACE ( 'NONE', ( #102 ), #695, .F. ) ;
#1139 = VERTEX_POINT ( 'NONE', #2236 ) ;
#1140 = AXIS2_PLACEMENT_3D ( 'NONE', #2111, #2730, #1193 ) ;
#1141 = ORIENTED_EDGE ( 'NONE', *, *, #3083, .T. ) ;
#1142 = CIRCLE ( 'NONE', #1988, 0.2270000000000002000 ) ;
#1143 = ORIENTED_EDGE ( 'NONE', *, *, #2112, .F. ) ;
#1144 = PLANE ( 'NONE',  #623 ) ;
#1145 = DIRECTION ( 'NONE',  ( 0.9975640502598247500, -0.06975647374411840500, -1.044892879734885600E-014 ) ) ;
#1146 = DIRECTION ( 'NONE',  ( 1.000000000000000000, -0.0000000000000000000, -1.047444401652940000E-014 ) ) ;
#1147 = LINE ( 'NONE', #783, #2846 ) ;
#1148 = EDGE_CURVE ( 'NONE', #3407, #2546, #1767, .T. ) ;
#1149 = CARTESIAN_POINT ( 'NONE',  ( -2.657158218102059400, 0.5114999999999996200, -1.112499999999972700 ) ) ;
#1150 = ADVANCED_FACE ( 'NONE', ( #637 ), #1047, .F. ) ;
#1151 = DIRECTION ( 'NONE',  ( 1.047444401652940000E-014, 0.0000000000000000000, 1.000000000000000000 ) ) ;
#1152 = VERTEX_POINT ( 'NONE', #1061 ) ;
#1153 = PLANE ( 'NONE',  #3695 ) ;
#1154 = ORIENTED_EDGE ( 'NONE', *, *, #1742, .T. ) ;
#1155 =( LENGTH_UNIT ( ) NAMED_UNIT ( * ) SI_UNIT ( .MILLI., .METRE. ) );
#1156 = ORIENTED_EDGE ( 'NONE', *, *, #3997, .T. ) ;
#1157 = SURFACE_STYLE_FILL_AREA ( #68 ) ;
#1158 = CARTESIAN_POINT ( 'NONE',  ( 2.750182570727648400, 0.1581449331686364300, 1.112499999999970700 ) ) ;
#1159 = ORIENTED_EDGE ( 'NONE', *, *, #1931, .F. ) ;
#1160 = DIRECTION ( 'NONE',  ( 1.047444401652940000E-014, 0.0000000000000000000, 1.000000000000000000 ) ) ;
#1161 = CARTESIAN_POINT ( 'NONE',  ( 2.657158218102039400, 0.2579013381946188600, -0.8375000000000282200 ) ) ;
#1162 = PLANE ( 'NONE',  #2595 ) ;
#1163 = ORIENTED_EDGE ( 'NONE', *, *, #2997, .T. ) ;
#1164 = DIRECTION ( 'NONE',  ( -1.000000000000000000, 0.0000000000000000000, 1.047444401652940000E-014 ) ) ;
#1165 = CARTESIAN_POINT ( 'NONE',  ( 2.200000000000002800, 0.7384999999999996000, 0.1874999999999764600 ) ) ;
#1166 = VERTEX_POINT ( 'NONE', #2263 ) ;
#1167 = LINE ( 'NONE', #546, #1462 ) ;
#1168 = DIRECTION ( 'NONE',  ( 0.0000000000000000000, 1.000000000000000000, 0.0000000000000000000 ) ) ;
#1169 = ORIENTED_EDGE ( 'NONE', *, *, #1376, .F. ) ;
#1170 = AXIS2_PLACEMENT_3D ( 'NONE', #1236, #1867, #1903 ) ;
#1171 = CARTESIAN_POINT ( 'NONE',  ( 2.657158218102053200, 0.5114999999999996200, 0.4624999999999717700 ) ) ;
#1172 = LINE ( 'NONE', #2716, #3965 ) ;
#1173 = CARTESIAN_POINT ( 'NONE',  ( -2.430158218102050200, 0.6114999999999996000, -0.1874999999999749400 ) ) ;
#1174 = EDGE_LOOP ( 'NONE', ( #1691, #2680, #1198, #1812 ) ) ;
#1175 = VECTOR ( 'NONE', #3715, 1000.000000000000000 ) ;
#1176 = LINE ( 'NONE', #691, #3580 ) ;
#1177 = ORIENTED_EDGE ( 'NONE', *, *, #430, .T. ) ;
#1178 = SURFACE_STYLE_USAGE ( .BOTH. , #2075 ) ;
#1179 = DIRECTION ( 'NONE',  ( 1.047444401652940000E-014, 0.0000000000000000000, 1.000000000000000000 ) ) ;
#1180 = PLANE ( 'NONE',  #676 ) ;
#1181 = FACE_OUTER_BOUND ( 'NONE', #1341, .T. ) ;
#1182 = ORIENTED_EDGE ( 'NONE', *, *, #2400, .F. ) ;
#1183 = ADVANCED_FACE ( 'NONE', ( #1027 ), #119, .T. ) ;
#1184 = FILL_AREA_STYLE ('',( #3698 ) ) ;
#1185 = EDGE_CURVE ( 'NONE', #3193, #3476, #974, .T. ) ;
#1186 = VECTOR ( 'NONE', #189, 1000.000000000000000 ) ;
#1187 = ORIENTED_EDGE ( 'NONE', *, *, #968, .F. ) ;
#1188 = CARTESIAN_POINT ( 'NONE',  ( -1.529415892619144400E-014, 0.1500000000000002700, -1.460140404784845600 ) ) ;
#1189 = CIRCLE ( 'NONE', #3947, 0.09999999999999982500 ) ;
#1190 = VECTOR ( 'NONE', #885, 1000.000000000000000 ) ;
#1191 = DIRECTION ( 'NONE',  ( -1.000000000000000000, 0.0000000000000000000, 1.064489405713041300E-014 ) ) ;
#1192 = ORIENTED_EDGE ( 'NONE', *, *, #361, .F. ) ;
#1193 = DIRECTION ( 'NONE',  ( -1.000000000000000000, 0.0000000000000000000, 1.057097118173368700E-014 ) ) ;
#1194 = ADVANCED_FACE ( 'NONE', ( #475 ), #725, .F. ) ;
#1195 = EDGE_LOOP ( 'NONE', ( #424, #398, #589, #714 ) ) ;
#1196 = DIRECTION ( 'NONE',  ( 0.0000000000000000000, 1.000000000000000000, 0.0000000000000000000 ) ) ;
#1197 = LINE ( 'NONE', #3793, #4037 ) ;
#1198 = ORIENTED_EDGE ( 'NONE', *, *, #3410, .T. ) ;
#1199 = FACE_OUTER_BOUND ( 'NONE', #3648, .T. ) ;
#1200 = CARTESIAN_POINT ( 'NONE',  ( -2.200000000000005500, 0.6114999999999996000, -0.4624999999999774300 ) ) ;
#1201 = LINE ( 'NONE', #3220, #2516 ) ;
#1202 = VECTOR ( 'NONE', #190, 1000.000000000000000 ) ;
#1203 = DIRECTION ( 'NONE',  ( -1.000000000000000000, 0.0000000000000000000, 1.029992063861230900E-014 ) ) ;
#1204 = DIRECTION ( 'NONE',  ( -1.000000000000000000, 0.0000000000000000000, 1.050768625316349100E-014 ) ) ;
#1205 = ADVANCED_FACE ( 'NONE', ( #3679 ), #3916, .T. ) ;
#1206 = CARTESIAN_POINT ( 'NONE',  ( 2.741323498562135500, 0.03145429878563858100, 0.1874999999999708000 ) ) ;
#1207 = DIRECTION ( 'NONE',  ( -1.000000000000000000, 0.0000000000000000000, 1.047444401652940000E-014 ) ) ;
#1208 = DIRECTION ( 'NONE',  ( 0.0000000000000000000, 1.000000000000000000, 0.0000000000000000000 ) ) ;
#1209 = VERTEX_POINT ( 'NONE', #2611 ) ;
#1210 = EDGE_CURVE ( 'NONE', #3428, #2918, #1952, .T. ) ;
#1211 = PLANE ( 'NONE',  #3374 ) ;
#1212 = DIRECTION ( 'NONE',  ( 1.066532129961007700E-014, -0.1391731009600657200, 0.9902680687415703600 ) ) ;
#1213 = ORIENTED_EDGE ( 'NONE', *, *, #2762, .F. ) ;
#1214 = EDGE_CURVE ( 'NONE', #2893, #318, #521, .T. ) ;
#1215 = EDGE_CURVE ( 'NONE', #1266, #2885, #3780, .T. ) ;
#1216 = ORIENTED_EDGE ( 'NONE', *, *, #3762, .F. ) ;
#1217 = CARTESIAN_POINT ( 'NONE',  ( 2.741323498562138200, 0.03145429878563858100, 0.4624999999999708800 ) ) ;
#1218 = VERTEX_POINT ( 'NONE', #3922 ) ;
#1219 = CARTESIAN_POINT ( 'NONE',  ( 2.430158218102060000, 0.5114999999999996200, 1.112499999999974300 ) ) ;
#1220 = VECTOR ( 'NONE', #1945, 1000.000000000000000 ) ;
#1221 =( NAMED_UNIT ( * ) PLANE_ANGLE_UNIT ( ) SI_UNIT ( $, .RADIAN. ) );
#1222 = CARTESIAN_POINT ( 'NONE',  ( -2.741323498562128400, 0.03145429878563858100, 0.4625000000000283300 ) ) ;
#1223 = ORIENTED_EDGE ( 'NONE', *, *, #834, .F. ) ;
#1224 = CARTESIAN_POINT ( 'NONE',  ( 3.200000000000002400, 0.1266906343829976900, 0.1874999999999658900 ) ) ;
#1225 = AXIS2_PLACEMENT_3D ( 'NONE', #444, #2950, #1070 ) ;
#1226 = EDGE_LOOP ( 'NONE', ( #2361, #824, #3451, #3009 ) ) ;
#1227 = CARTESIAN_POINT ( 'NONE',  ( -3.200000000000008600, 0.1266906343829976900, -0.8374999999999667200 ) ) ;
#1228 = LINE ( 'NONE', #1158, #2005 ) ;
#1229 = AXIS2_PLACEMENT_3D ( 'NONE', #1909, #1293, #3483 ) ;
#1230 = EDGE_CURVE ( 'NONE', #514, #3941, #1429, .T. ) ;
#1231 = LINE ( 'NONE', #293, #2393 ) ;
#1232 = ORIENTED_EDGE ( 'NONE', *, *, #790, .F. ) ;
#1233 = DIRECTION ( 'NONE',  ( 1.047444401652940000E-014, 0.0000000000000000000, 1.000000000000000000 ) ) ;
#1234 = CARTESIAN_POINT ( 'NONE',  ( -2.430158218102043100, 0.6114999999999996000, 0.4625000000000250600 ) ) ;
#1235 = EDGE_CURVE ( 'NONE', #1888, #2434, #1627, .T. ) ;
#1236 = CARTESIAN_POINT ( 'NONE',  ( 2.430158218102039600, 0.5114999999999996200, -0.8375000000000257800 ) ) ;
#1237 = DIRECTION ( 'NONE',  ( -0.9975640502598247500, 0.06975647374411803000, 1.044892879734885600E-014 ) ) ;
#1238 = LINE ( 'NONE', #3801, #1773 ) ;
#1239 = ORIENTED_EDGE ( 'NONE', *, *, #3383, .F. ) ;
#1240 = CARTESIAN_POINT ( 'NONE',  ( 2.657158218102046100, 0.5114999999999996200, -0.1875000000000282300 ) ) ;
#1241 = ADVANCED_FACE ( 'NONE', ( #3827 ), #3587, .T. ) ;
#1242 = CIRCLE ( 'NONE', #1654, 0.1000000000000002600 ) ;
#1243 = LINE ( 'NONE', #2211, #3977 ) ;
#1244 = ORIENTED_EDGE ( 'NONE', *, *, #2279, .T. ) ;
#1245 = UNCERTAINTY_MEASURE_WITH_UNIT (LENGTH_MEASURE( 1.000000000000000100E-005 ), #2305, 'distance_accuracy_value', 'NONE');
#1246 = CARTESIAN_POINT ( 'NONE',  ( -2.135140404784831700, 1.199999999999999300, 1.460140404784868100 ) ) ;
#1247 = ORIENTED_EDGE ( 'NONE', *, *, #1931, .T. ) ;
#1248 = CARTESIAN_POINT ( 'NONE',  ( 2.530158218102045900, 0.5114999999999996200, -0.1875000000000269000 ) ) ;
#1249 = FACE_OUTER_BOUND ( 'NONE', #1865, .T. ) ;
#1250 = CARTESIAN_POINT ( 'NONE',  ( 2.657158218102057200, 0.5114999999999994000, 0.8374999999999716000 ) ) ;
#1251 = DIRECTION ( 'NONE',  ( 1.047444401652940000E-014, 0.0000000000000000000, 1.000000000000000000 ) ) ;
#1252 = DIRECTION ( 'NONE',  ( 1.047444401652940000E-014, 0.0000000000000000000, 1.000000000000000000 ) ) ;
#1253 = ORIENTED_EDGE ( 'NONE', *, *, #2550, .F. ) ;
#1254 = CARTESIAN_POINT ( 'NONE',  ( 3.191140927834508600, 0.0000000000000000000, 1.112499999999966100 ) ) ;
#1255 = DIRECTION ( 'NONE',  ( -1.000000000000000000, 0.0000000000000000000, 1.084202172485506300E-014 ) ) ;
#1256 = ADVANCED_FACE ( 'NONE', ( #3276 ), #2989, .F. ) ;
#1257 = LINE ( 'NONE', #1856, #2904 ) ;
#1258 = AXIS2_PLACEMENT_3D ( 'NONE', #3797, #2881, #1900 ) ;
#1259 = DIRECTION ( 'NONE',  ( 1.000000000000000000, 0.0000000000000000000, -1.047444401652940000E-014 ) ) ;
#1260 = DIRECTION ( 'NONE',  ( 0.0000000000000000000, 1.000000000000000000, 0.0000000000000000000 ) ) ;
#1261 = CARTESIAN_POINT ( 'NONE',  ( -3.191140927834502000, -1.807003620809174000E-017, -0.4624999999999670500 ) ) ;
#1262 = VERTEX_POINT ( 'NONE', #3328 ) ;
#1263 = PLANE ( 'NONE',  #2861 ) ;
#1264 = CARTESIAN_POINT ( 'NONE',  ( -2.530158218102043200, 0.5114999999999996200, 0.4625000000000261100 ) ) ;
#1265 = EDGE_CURVE ( 'NONE', #3858, #2412, #145, .T. ) ;
#1266 = VERTEX_POINT ( 'NONE', #3907 ) ;
#1267 = DIRECTION ( 'NONE',  ( -0.06975647374411803000, 0.9975640502598247500, 7.306602790232674100E-016 ) ) ;
#1268 = EDGE_LOOP ( 'NONE', ( #2046, #1391, #1894, #244 ) ) ;
#1269 = FILL_AREA_STYLE_COLOUR ( '', #2670 ) ;
#1270 = ADVANCED_FACE ( 'NONE', ( #2051 ), #2999, .T. ) ;
#1271 = CARTESIAN_POINT ( 'NONE',  ( 2.200000000000002800, 0.7384999999999996000, 0.1874999999999764600 ) ) ;
#1272 = EDGE_LOOP ( 'NONE', ( #1232, #2301, #3752, #1547 ) ) ;
#1273 = DIRECTION ( 'NONE',  ( -0.9975640502598247500, -0.06975647374411803000, 1.044892879734885600E-014 ) ) ;
#1274 = DIRECTION ( 'NONE',  ( 1.047444401652940000E-014, 0.0000000000000000000, 1.000000000000000000 ) ) ;
#1275 = ADVANCED_FACE ( 'NONE', ( #2872 ), #1495, .F. ) ;
#1276 = CARTESIAN_POINT ( 'NONE',  ( -2.430158218102039600, 0.6114999999999996000, 0.8375000000000250000 ) ) ;
#1277 = ORIENTED_EDGE ( 'NONE', *, *, #3195, .F. ) ;
#1278 = AXIS2_PLACEMENT_3D ( 'NONE', #854, #253, #2704 ) ;
#1279 = VECTOR ( 'NONE', #2408, 1000.000000000000000 ) ;
#1280 = ORIENTED_EDGE ( 'NONE', *, *, #1905, .F. ) ;
#1281 = DIRECTION ( 'NONE',  ( 1.047444401652940000E-014, 0.0000000000000000000, 1.000000000000000000 ) ) ;
#1282 = VERTEX_POINT ( 'NONE', #2699 ) ;
#1283 = DIRECTION ( 'NONE',  ( -1.000000000000000000, 0.0000000000000000000, 1.047444401652940000E-014 ) ) ;
#1284 = FACE_OUTER_BOUND ( 'NONE', #3318, .T. ) ;
#1285 = DIRECTION ( 'NONE',  ( 0.0000000000000000000, 1.000000000000000000, 0.0000000000000000000 ) ) ;
#1286 = VERTEX_POINT ( 'NONE', #2740 ) ;
#1287 = EDGE_CURVE ( 'NONE', #3246, #1928, #1533, .T. ) ;
#1288 = CARTESIAN_POINT ( 'NONE',  ( -2.430158218102045800, 0.5114999999999996200, 0.1875000000000250100 ) ) ;
#1289 = EDGE_CURVE ( 'NONE', #2546, #1550, #577, .T. ) ;
#1290 = STYLED_ITEM ( 'NONE', ( #2307 ), #3239 ) ;
#1291 = CIRCLE ( 'NONE', #761, 0.2749999999999998600 ) ;
#1292 = ORIENTED_EDGE ( 'NONE', *, *, #306, .T. ) ;
#1293 = DIRECTION ( 'NONE',  ( -1.000000000000000000, 0.0000000000000000000, 1.047444401652940000E-014 ) ) ;
#1294 = CIRCLE ( 'NONE', #1087, 0.09999999999999982500 ) ;
#1295 = EDGE_CURVE ( 'NONE', #1152, #917, #2971, .T. ) ;
#1296 = DIRECTION ( 'NONE',  ( -1.000000000000000000, 0.0000000000000000000, 1.047444401652940000E-014 ) ) ;
#1297 = VERTEX_POINT ( 'NONE', #2121 ) ;
#1298 = VECTOR ( 'NONE', #2485, 1000.000000000000000 ) ;
#1299 = ORIENTED_EDGE ( 'NONE', *, *, #881, .T. ) ;
#1300 = PLANE ( 'NONE',  #3314 ) ;
#1301 = CARTESIAN_POINT ( 'NONE',  ( -2.750182570727628000, 0.1581449331686363100, 0.8375000000000283300 ) ) ;
#1302 = ORIENTED_EDGE ( 'NONE', *, *, #3842, .F. ) ;
#1303 = CLOSED_SHELL ( 'NONE', ( #1498, #1558, #2152, #3788, #265, #554, #919, #3435, #2837, #612, #302, #574, #127, #418 ) ) ;
#1304 = DIRECTION ( 'NONE',  ( -1.000000000000000000, 0.0000000000000000000, 1.050768625316347000E-014 ) ) ;
#1305 = CARTESIAN_POINT ( 'NONE',  ( 2.657158218102046600, 0.5114999999999995100, -0.1875000000000282300 ) ) ;
#1306 = EDGE_LOOP ( 'NONE', ( #2923, #1344, #681, #2927 ) ) ;
#1307 = DIRECTION ( 'NONE',  ( -1.000000000000000000, 0.0000000000000000000, 1.064489405713041300E-014 ) ) ;
#1308 = ORIENTED_EDGE ( 'NONE', *, *, #3383, .T. ) ;
#1309 = DIRECTION ( 'NONE',  ( 0.0000000000000000000, -1.000000000000000000, 0.0000000000000000000 ) ) ;
#1310 = AXIS2_PLACEMENT_3D ( 'NONE', #903, #2116, #4003 ) ;
#1311 = CARTESIAN_POINT ( 'NONE',  ( 2.657158218102053200, 0.5114999999999996200, 0.4624999999999717700 ) ) ;
#1312 = DIRECTION ( 'NONE',  ( -1.710107087737797400E-015, -1.000000000000000000, 1.791242095277969000E-029 ) ) ;
#1313 = FACE_OUTER_BOUND ( 'NONE', #3417, .T. ) ;
#1314 = EDGE_CURVE ( 'NONE', #1709, #2724, #2921, .T. ) ;
#1315 = DIRECTION ( 'NONE',  ( -1.000000000000000000, 0.0000000000000000000, 1.057097118173368700E-014 ) ) ;
#1316 = CLOSED_SHELL ( 'NONE', ( #1241, #3789, #1270, #1809, #3048, #1275, #1194, #2619, #3766, #1069, #1183, #2500, #3058, #1646, #4039, #3849, #1789 ) ) ;
#1317 = DIRECTION ( 'NONE',  ( -1.000000000000000000, -0.0000000000000000000, 1.047444401652940000E-014 ) ) ;
#1318 = DIRECTION ( 'NONE',  ( 1.047444401652940000E-014, 0.0000000000000000000, 1.000000000000000000 ) ) ;
#1319 = CARTESIAN_POINT ( 'NONE',  ( 2.741323498562138200, 0.03145429878563848300, 0.4624999999999708800 ) ) ;
#1320 = CARTESIAN_POINT ( 'NONE',  ( -2.430158218102052900, 0.5114999999999996200, -0.4624999999999749900 ) ) ;
#1321 = ORIENTED_EDGE ( 'NONE', *, *, #2767, .T. ) ;
#1322 = EDGE_CURVE ( 'NONE', #2633, #3143, #2098, .T. ) ;
#1323 = DIRECTION ( 'NONE',  ( 0.0000000000000000000, 1.000000000000000000, 0.0000000000000000000 ) ) ;
#1324 = ORIENTED_EDGE ( 'NONE', *, *, #3624, .F. ) ;
#1325 = CARTESIAN_POINT ( 'NONE',  ( -2.530158218102043200, 0.5114999999999996200, 0.4625000000000261100 ) ) ;
#1326 = ADVANCED_FACE ( 'NONE', ( #3377 ), #880, .F. ) ;
#1327 = VECTOR ( 'NONE', #3118, 1000.000000000000000 ) ;
#1328 = DIRECTION ( 'NONE',  ( -1.000000000000000000, -0.0000000000000000000, 1.047444401652940000E-014 ) ) ;
#1329 = EDGE_LOOP ( 'NONE', ( #736, #2995, #4051, #1075 ) ) ;
#1330 = VECTOR ( 'NONE', #3950, 1000.000000000000000 ) ;
#1331 = DIRECTION ( 'NONE',  ( -1.710107087737797400E-015, -1.000000000000000000, 1.791242095277969000E-029 ) ) ;
#1332 = DIRECTION ( 'NONE',  ( 0.0000000000000000000, 1.000000000000000000, 0.0000000000000000000 ) ) ;
#1333 = DIRECTION ( 'NONE',  ( 0.0000000000000000000, 1.000000000000000000, 0.0000000000000000000 ) ) ;
#1334 = FACE_OUTER_BOUND ( 'NONE', #2978, .T. ) ;
#1335 = VERTEX_POINT ( 'NONE', #2439 ) ;
#1336 = SURFACE_SIDE_STYLE ('',( #1157 ) ) ;
#1337 = CARTESIAN_POINT ( 'NONE',  ( 2.135140404784844100, 0.1500000000000002700, -2.236440863734877400E-014 ) ) ;
#1338 = EDGE_LOOP ( 'NONE', ( #2532, #2952, #37, #3376 ) ) ;
#1339 = PLANE ( 'NONE',  #1776 ) ;
#1340 =( GEOMETRIC_REPRESENTATION_CONTEXT ( 3 ) GLOBAL_UNCERTAINTY_ASSIGNED_CONTEXT ( ( #1959 ) ) GLOBAL_UNIT_ASSIGNED_CONTEXT ( ( #3479, #3087, #1596 ) ) REPRESENTATION_CONTEXT ( 'NONE', 'WORKASPACE' ) );
#1341 = EDGE_LOOP ( 'NONE', ( #1672, #2902, #106, #2062 ) ) ;
#1342 = FACE_OUTER_BOUND ( 'NONE', #131, .T. ) ;
#1343 = DIRECTION ( 'NONE',  ( -1.047444401652940000E-014, 0.0000000000000000000, -1.000000000000000000 ) ) ;
#1344 = ORIENTED_EDGE ( 'NONE', *, *, #2112, .T. ) ;
#1345 = VECTOR ( 'NONE', #1467, 1000.000000000000000 ) ;
#1346 = EDGE_LOOP ( 'NONE', ( #1580, #1838, #780, #1239 ) ) ;
#1347 = CARTESIAN_POINT ( 'NONE',  ( -2.199999999999998400, 0.6114999999999996000, 0.1875000000000225700 ) ) ;
#1348 = ADVANCED_FACE ( 'NONE', ( #1898 ), #4020, .F. ) ;
#1349 = DIRECTION ( 'NONE',  ( -1.000000000000000000, 0.0000000000000000000, 1.050768625316349100E-014 ) ) ;
#1350 = EDGE_CURVE ( 'NONE', #697, #2135, #3064, .T. ) ;
#1351 = FACE_OUTER_BOUND ( 'NONE', #1571, .T. ) ;
#1352 = DIRECTION ( 'NONE',  ( -1.047444401652940000E-014, -0.0000000000000000000, -1.000000000000000000 ) ) ;
#1353 = ORIENTED_EDGE ( 'NONE', *, *, #3272, .T. ) ;
#1354 = LINE ( 'NONE', #405, #4041 ) ;
#1355 = DIRECTION ( 'NONE',  ( -1.000000000000000000, 0.0000000000000000000, 1.050768625316347000E-014 ) ) ;
#1356 = LINE ( 'NONE', #2806, #73 ) ;
#1357 = EDGE_CURVE ( 'NONE', #2986, #1335, #2343, .T. ) ;
#1358 = CARTESIAN_POINT ( 'NONE',  ( 2.430158218102060000, 0.6114999999999994900, 1.112499999999974300 ) ) ;
#1359 = ORIENTED_EDGE ( 'NONE', *, *, #2957, .T. ) ;
#1360 = FACE_OUTER_BOUND ( 'NONE', #3445, .T. ) ;
#1361 = CARTESIAN_POINT ( 'NONE',  ( 2.430158218102039600, 0.5114999999999996200, -0.8375000000000257800 ) ) ;
#1362 = ORIENTED_EDGE ( 'NONE', *, *, #3418, .F. ) ;
#1363 = VECTOR ( 'NONE', #2858, 1000.000000000000000 ) ;
#1364 = PLANE ( 'NONE',  #2911 ) ;
#1365 = ORIENTED_EDGE ( 'NONE', *, *, #1710, .F. ) ;
#1366 = DIRECTION ( 'NONE',  ( 0.0000000000000000000, 1.000000000000000000, 0.0000000000000000000 ) ) ;
#1367 = ORIENTED_EDGE ( 'NONE', *, *, #1287, .T. ) ;
#1368 = LINE ( 'NONE', #1565, #615 ) ;
#1369 = DIRECTION ( 'NONE',  ( -1.000000000000000000, 0.0000000000000000000, 1.084202172485506300E-014 ) ) ;
#1370 = CARTESIAN_POINT ( 'NONE',  ( 2.741323498562142200, 0.03145429878563858100, 0.8374999999999707100 ) ) ;
#1371 = ORIENTED_EDGE ( 'NONE', *, *, #1215, .F. ) ;
#1372 = LINE ( 'NONE', #2803, #3567 ) ;
#1373 = AXIS2_PLACEMENT_3D ( 'NONE', #3338, #2417, #829 ) ;
#1374 = PLANE ( 'NONE',  #2652 ) ;
#1375 = ORIENTED_EDGE ( 'NONE', *, *, #1427, .F. ) ;
#1376 = EDGE_CURVE ( 'NONE', #3674, #2379, #1766, .T. ) ;
#1377 = UNCERTAINTY_MEASURE_WITH_UNIT (LENGTH_MEASURE( 1.000000000000000100E-005 ), #3154, 'distance_accuracy_value', 'NONE');
#1378 = CYLINDRICAL_SURFACE ( 'NONE', #144, 0.1000000000000002600 ) ;
#1379 = CARTESIAN_POINT ( 'NONE',  ( -2.430158218102043100, 0.6114999999999996000, 0.4625000000000250600 ) ) ;
#1380 = ORIENTED_EDGE ( 'NONE', *, *, #1716, .F. ) ;
#1381 = CARTESIAN_POINT ( 'NONE',  ( -2.200000000000016600, 0.7384999999999996000, -1.524999999999976200 ) ) ;
#1382 = DIRECTION ( 'NONE',  ( -1.000000000000000000, -0.0000000000000000000, 1.047444401652940000E-014 ) ) ;
#1383 = ORIENTED_EDGE ( 'NONE', *, *, #1764, .F. ) ;
#1384 = EDGE_CURVE ( 'NONE', #192, #1617, #289, .T. ) ;
#1385 = CARTESIAN_POINT ( 'NONE',  ( -2.657158218102036300, 0.5114999999999996200, 1.112500000000027400 ) ) ;
#1386 = CARTESIAN_POINT ( 'NONE',  ( 3.199999999999995300, 0.1266906343829976900, -0.4625000000000340000 ) ) ;
#1387 = ORIENTED_EDGE ( 'NONE', *, *, #2059, .F. ) ;
#1388 = ORIENTED_EDGE ( 'NONE', *, *, #2953, .F. ) ;
#1389 = DIRECTION ( 'NONE',  ( -1.047444401652940000E-014, -0.0000000000000000000, -1.000000000000000000 ) ) ;
#1390 = CIRCLE ( 'NONE', #3184, 0.2269999999999997600 ) ;
#1391 = ORIENTED_EDGE ( 'NONE', *, *, #3575, .F. ) ;
#1392 = LINE ( 'NONE', #3628, #3131 ) ;
#1393 = SURFACE_STYLE_USAGE ( .BOTH. , #2975 ) ;
#1394 = ORIENTED_EDGE ( 'NONE', *, *, #536, .F. ) ;
#1395 = CARTESIAN_POINT ( 'NONE',  ( -2.430158218102036500, 0.7384999999999996000, 1.112500000000024900 ) ) ;
#1396 = CARTESIAN_POINT ( 'NONE',  ( -2.750182570727624800, 0.1581449331686363100, 1.112500000000028500 ) ) ;
#1397 = LINE ( 'NONE', #224, #1190 ) ;
#1398 = ORIENTED_EDGE ( 'NONE', *, *, #460, .T. ) ;
#1399 = EDGE_CURVE ( 'NONE', #496, #889, #377, .T. ) ;
#1400 = CARTESIAN_POINT ( 'NONE',  ( 2.750182570727641300, 0.1581449331686363400, 0.4624999999999708200 ) ) ;
#1401 = AXIS2_PLACEMENT_3D ( 'NONE', #365, #1343, #62 ) ;
#1402 = LINE ( 'NONE', #385, #3084 ) ;
#1403 = ORIENTED_EDGE ( 'NONE', *, *, #2976, .F. ) ;
#1404 = CARTESIAN_POINT ( 'NONE',  ( 2.135140404784861900, 1.199999999999999500, 1.524999999999975700 ) ) ;
#1405 = LINE ( 'NONE', #3900, #545 ) ;
#1406 = CARTESIAN_POINT ( 'NONE',  ( -1.625000000000010000, 1.149999999999999200, -0.9101404047848296000 ) ) ;
#1407 = EDGE_CURVE ( 'NONE', #2412, #4070, #1228, .T. ) ;
#1408 = CARTESIAN_POINT ( 'NONE',  ( -2.750182570727638600, 0.1581449331686363100, -0.1874999999999715800 ) ) ;
#1409 = LINE ( 'NONE', #3504, #3559 ) ;
#1410 = ADVANCED_FACE ( 'NONE', ( #2773 ), #3465, .F. ) ;
#1411 = DIRECTION ( 'NONE',  ( -1.000000000000000000, 0.0000000000000000000, 1.050768625316349100E-014 ) ) ;
#1412 = DIRECTION ( 'NONE',  ( 1.047444401652940000E-014, 0.0000000000000000000, 1.000000000000000000 ) ) ;
#1413 = VERTEX_POINT ( 'NONE', #1171 ) ;
#1414 = CIRCLE ( 'NONE', #3980, 0.2749999999999998600 ) ;
#1415 = AXIS2_PLACEMENT_3D ( 'NONE', #1666, #2304, #1349 ) ;
#1416 = FILL_AREA_STYLE ('',( #1746 ) ) ;
#1417 = VERTEX_POINT ( 'NONE', #212 ) ;
#1418 = DIRECTION ( 'NONE',  ( 1.000000000000000000, 0.0000000000000000000, -1.047444401652940000E-014 ) ) ;
#1419 = CARTESIAN_POINT ( 'NONE',  ( 2.430158218102056900, 0.5114999999999996200, 0.8374999999999740400 ) ) ;
#1420 = ORIENTED_EDGE ( 'NONE', *, *, #3607, .F. ) ;
#1421 = AXIS2_PLACEMENT_3D ( 'NONE', #1541, #2436, #3403 ) ;
#1422 = DIRECTION ( 'NONE',  ( -0.0000000000000000000, -1.000000000000000000, -0.0000000000000000000 ) ) ;
#1423 = MANIFOLD_SOLID_BREP ( 'Pin 1 Mark', #3731 ) ;
#1424 = DIRECTION ( 'NONE',  ( 0.0000000000000000000, 1.000000000000000000, 0.0000000000000000000 ) ) ;
#1425 = EDGE_CURVE ( 'NONE', #1115, #1590, #877, .T. ) ;
#1426 = ORIENTED_EDGE ( 'NONE', *, *, #1992, .F. ) ;
#1427 = EDGE_CURVE ( 'NONE', #4013, #5, #3320, .T. ) ;
#1428 = ORIENTED_EDGE ( 'NONE', *, *, #1613, .F. ) ;
#1429 = LINE ( 'NONE', #2657, #1330 ) ;
#1430 = CARTESIAN_POINT ( 'NONE',  ( 2.530158218102059700, 0.5114999999999996200, 1.112499999999973200 ) ) ;
#1431 = CIRCLE ( 'NONE', #1870, 0.2270000000000002000 ) ;
#1432 = CIRCLE ( 'NONE', #1801, 0.09999999999999982500 ) ;
#1433 = ORIENTED_EDGE ( 'NONE', *, *, #2634, .F. ) ;
#1434 = DIRECTION ( 'NONE',  ( 1.047444401652940000E-014, 0.0000000000000000000, 1.000000000000000000 ) ) ;
#1435 = CARTESIAN_POINT ( 'NONE',  ( 2.199999999999991700, 0.6114999999999996000, -0.8375000000000233400 ) ) ;
#1436 = VECTOR ( 'NONE', #3847, 1000.000000000000000 ) ;
#1437 = EDGE_LOOP ( 'NONE', ( #3881, #3450, #3313, #3893 ) ) ;
#1438 = AXIS2_PLACEMENT_3D ( 'NONE', #3645, #3008, #3658 ) ;
#1439 = VECTOR ( 'NONE', #575, 1000.000000000000200 ) ;
#1440 = VERTEX_POINT ( 'NONE', #1848 ) ;
#1441 = DIRECTION ( 'NONE',  ( 0.0000000000000000000, 0.0000000000000000000, 1.000000000000000000 ) ) ;
#1442 = MECHANICAL_DESIGN_GEOMETRIC_PRESENTATION_REPRESENTATION (  '', ( #879 ), #1926 ) ;
#1443 = EDGE_CURVE ( 'NONE', #2379, #1711, #3223, .T. ) ;
#1444 = CARTESIAN_POINT ( 'NONE',  ( 2.757158218102039500, 0.2579013381946188600, -0.8375000000000292200 ) ) ;
#1445 = ORIENTED_EDGE ( 'NONE', *, *, #284, .F. ) ;
#1446 = FACE_OUTER_BOUND ( 'NONE', #2324, .T. ) ;
#1447 = PLANE ( 'NONE',  #2707 ) ;
#1448 = FACE_OUTER_BOUND ( 'NONE', #3989, .T. ) ;
#1449 = CARTESIAN_POINT ( 'NONE',  ( 3.191140927834485100, -2.710505431213761100E-017, -1.112500000000034000 ) ) ;
#1450 = VECTOR ( 'NONE', #626, 1000.000000000000000 ) ;
#1451 = EDGE_CURVE ( 'NONE', #316, #299, #2145, .T. ) ;
#1452 = LINE ( 'NONE', #3582, #1986 ) ;
#1453 = ADVANCED_FACE ( 'NONE', ( #3775 ), #2809, .F. ) ;
#1454 = CARTESIAN_POINT ( 'NONE',  ( -2.530158218102046300, 0.5114999999999996200, 0.1875000000000260300 ) ) ;
#1455 = ORIENTED_EDGE ( 'NONE', *, *, #2512, .T. ) ;
#1456 = CARTESIAN_POINT ( 'NONE',  ( 2.200000000000012200, 0.7384999999999996000, 1.112499999999976500 ) ) ;
#1457 = VECTOR ( 'NONE', #2855, 1000.000000000000000 ) ;
#1458 = DIRECTION ( 'NONE',  ( -1.000000000000000000, 0.0000000000000000000, 1.050768625316349100E-014 ) ) ;
#1459 = DIRECTION ( 'NONE',  ( 1.047444401652940000E-014, 0.0000000000000000000, 1.000000000000000000 ) ) ;
#1460 = ORIENTED_EDGE ( 'NONE', *, *, #1916, .F. ) ;
#1461 = ORIENTED_EDGE ( 'NONE', *, *, #1936, .F. ) ;
#1462 = VECTOR ( 'NONE', #1273, 1000.000000000000000 ) ;
#1463 = AXIS2_PLACEMENT_3D ( 'NONE', #529, #3688, #1207 ) ;
#1464 = DIRECTION ( 'NONE',  ( -1.000000000000000000, 0.0000000000000000000, 1.047444401652940000E-014 ) ) ;
#1465 = DIRECTION ( 'NONE',  ( 1.047444401652940000E-014, 0.0000000000000000000, 1.000000000000000000 ) ) ;
#1466 = EDGE_LOOP ( 'NONE', ( #1247, #3301, #3400, #30 ) ) ;
#1467 = DIRECTION ( 'NONE',  ( -0.0000000000000000000, -1.000000000000000000, -0.0000000000000000000 ) ) ;
#1468 = DIRECTION ( 'NONE',  ( 1.047444401652940000E-014, 0.0000000000000000000, 1.000000000000000000 ) ) ;
#1469 = AXIS2_PLACEMENT_3D ( 'NONE', #3813, #1904, #640 ) ;
#1470 = CARTESIAN_POINT ( 'NONE',  ( -3.199999999999998000, 0.1266906343829977100, 0.1875000000000329500 ) ) ;
#1471 = ORIENTED_EDGE ( 'NONE', *, *, #3137, .F. ) ;
#1472 = FACE_OUTER_BOUND ( 'NONE', #2382, .T. ) ;
#1473 = PLANE ( 'NONE',  #3610 ) ;
#1474 = ADVANCED_FACE ( 'NONE', ( #2489 ), #3422, .F. ) ;
#1475 = VERTEX_POINT ( 'NONE', #3492 ) ;
#1476 = VECTOR ( 'NONE', #578, 1000.000000000000000 ) ;
#1477 = VECTOR ( 'NONE', #583, 1000.000000000000000 ) ;
#1478 = ORIENTED_EDGE ( 'NONE', *, *, #506, .T. ) ;
#1479 = DIRECTION ( 'NONE',  ( 1.047444401652940000E-014, 0.0000000000000000000, 1.000000000000000000 ) ) ;
#1480 = CIRCLE ( 'NONE', #1469, 0.1000000000000002600 ) ;
#1481 = ORIENTED_EDGE ( 'NONE', *, *, #4058, .F. ) ;
#1482 = DIRECTION ( 'NONE',  ( -1.047444401652940000E-014, -0.0000000000000000000, -1.000000000000000000 ) ) ;
#1483 = FILL_AREA_STYLE ('',( #2398 ) ) ;
#1484 = LINE ( 'NONE', #840, #2932 ) ;
#1485 = ORIENTED_EDGE ( 'NONE', *, *, #2820, .T. ) ;
#1486 = DIRECTION ( 'NONE',  ( -1.047444401652940000E-014, 0.0000000000000000000, -1.000000000000000000 ) ) ;
#1487 = CARTESIAN_POINT ( 'NONE',  ( 2.530158218102043700, 0.2579013381946189100, -0.4625000000000269500 ) ) ;
#1488 = VECTOR ( 'NONE', #457, 1000.000000000000000 ) ;
#1489 = FACE_OUTER_BOUND ( 'NONE', #3573, .T. ) ;
#1490 = AXIS2_PLACEMENT_3D ( 'NONE', #901, #625, #2458 ) ;
#1491 = LINE ( 'NONE', #3844, #252 ) ;
#1492 = MANIFOLD_SOLID_BREP ( 'LPattern1[1]', #3521 ) ;
#1493 = ORIENTED_EDGE ( 'NONE', *, *, #2733, .T. ) ;
#1494 = CIRCLE ( 'NONE', #3519, 0.2270000000000002000 ) ;
#1495 = PLANE ( 'NONE',  #2575 ) ;
#1496 = LINE ( 'NONE', #1109, #602 ) ;
#1497 = DIRECTION ( 'NONE',  ( -1.000000000000000000, 0.0000000000000000000, 1.050768625316347000E-014 ) ) ;
#1498 = ADVANCED_FACE ( 'NONE', ( #2719 ), #3796, .T. ) ;
#1499 = AXIS2_PLACEMENT_3D ( 'NONE', #988, #363, #2879 ) ;
#1500 = CARTESIAN_POINT ( 'NONE',  ( 3.191140927834508600, 0.0000000000000000000, 1.112499999999966100 ) ) ;
#1501 = ORIENTED_EDGE ( 'NONE', *, *, #3787, .F. ) ;
#1502 = FACE_OUTER_BOUND ( 'NONE', #3975, .T. ) ;
#1503 = CIRCLE ( 'NONE', #3310, 0.2270000000000002000 ) ;
#1504 = EDGE_CURVE ( 'NONE', #1711, #3125, #233, .T. ) ;
#1505 = CARTESIAN_POINT ( 'NONE',  ( 2.199999999999982000, 0.6114999999999996000, -1.525000000000023400 ) ) ;
#1506 = CARTESIAN_POINT ( 'NONE',  ( -2.657158218102036300, 0.5114999999999996200, 1.112500000000027400 ) ) ;
#1507 = VECTOR ( 'NONE', #2823, 1000.000000000000000 ) ;
#1508 = DIRECTION ( 'NONE',  ( -0.0000000000000000000, -1.000000000000000000, -0.0000000000000000000 ) ) ;
#1509 = ORIENTED_EDGE ( 'NONE', *, *, #24, .T. ) ;
#1510 = AXIS2_PLACEMENT_3D ( 'NONE', #1102, #1441, #419 ) ;
#1511 = EDGE_CURVE ( 'NONE', #2633, #3674, #2825, .T. ) ;
#1512 = ORIENTED_EDGE ( 'NONE', *, *, #3379, .F. ) ;
#1513 = ADVANCED_FACE ( 'NONE', ( #2916 ), #3708, .F. ) ;
#1514 = ORIENTED_EDGE ( 'NONE', *, *, #3316, .T. ) ;
#1515 = VECTOR ( 'NONE', #2596, 1000.000000000000000 ) ;
#1516 = DIRECTION ( 'NONE',  ( -1.047444401652940000E-014, 0.0000000000000000000, -1.000000000000000000 ) ) ;
#1517 = LINE ( 'NONE', #1395, #2807 ) ;
#1518 = DIRECTION ( 'NONE',  ( -1.000000000000000000, -0.0000000000000000000, 1.047444401652940000E-014 ) ) ;
#1519 = PLANE ( 'NONE',  #2666 ) ;
#1520 = ORIENTED_EDGE ( 'NONE', *, *, #764, .F. ) ;
#1521 = CARTESIAN_POINT ( 'NONE',  ( -3.191140927834492200, 0.0000000000000000000, 0.4625000000000330500 ) ) ;
#1522 = AXIS2_PLACEMENT_3D ( 'NONE', #3486, #1309, #958 ) ;
#1523 = PLANE ( 'NONE',  #2052 ) ;
#1524 = ORIENTED_EDGE ( 'NONE', *, *, #3683, .F. ) ;
#1525 = ADVANCED_FACE ( 'NONE', ( #2002 ), #2443, .F. ) ;
#1526 = PLANE ( 'NONE',  #1731 ) ;
#1527 = ORIENTED_EDGE ( 'NONE', *, *, #2275, .T. ) ;
#1528 = CARTESIAN_POINT ( 'NONE',  ( -2.430158218102043100, 0.5114999999999996200, 0.4625000000000250600 ) ) ;
#1529 = VECTOR ( 'NONE', #588, 1000.000000000000000 ) ;
#1530 = CARTESIAN_POINT ( 'NONE',  ( 2.200000000000005500, 0.6114999999999996000, 0.4624999999999765400 ) ) ;
#1531 = EDGE_CURVE ( 'NONE', #1417, #2502, #1172, .T. ) ;
#1532 = ORIENTED_EDGE ( 'NONE', *, *, #2578, .T. ) ;
#1533 = LINE ( 'NONE', #231, #3625 ) ;
#1534 = PLANE ( 'NONE',  #1373 ) ;
#1535 = ADVANCED_FACE ( 'NONE', ( #1472 ), #3654, .T. ) ;
#1536 = CARTESIAN_POINT ( 'NONE',  ( -1.350000000000010100, 1.199999999999999300, -0.9101404047848324900 ) ) ;
#1537 = VECTOR ( 'NONE', #1573, 1000.000000000000000 ) ;
#1538 = VECTOR ( 'NONE', #148, 1000.000000000000000 ) ;
#1539 = ORIENTED_EDGE ( 'NONE', *, *, #834, .T. ) ;
#1540 = EDGE_CURVE ( 'NONE', #3858, #2607, #2200, .T. ) ;
#1541 = CARTESIAN_POINT ( 'NONE',  ( 2.741323498562124900, 0.03145429878563858100, -0.8375000000000291100 ) ) ;
#1542 = EDGE_CURVE ( 'NONE', #3951, #341, #42, .T. ) ;
#1543 = FACE_OUTER_BOUND ( 'NONE', #1899, .T. ) ;
#1544 = ORIENTED_EDGE ( 'NONE', *, *, #2820, .F. ) ;
#1545 = ADVANCED_FACE ( 'NONE', ( #3481 ), #3912, .F. ) ;
#1546 = LINE ( 'NONE', #4054, #696 ) ;
#1547 = ORIENTED_EDGE ( 'NONE', *, *, #3247, .F. ) ;
#1548 = PLANE ( 'NONE',  #3725 ) ;
#1549 = CARTESIAN_POINT ( 'NONE',  ( -2.530158218102057000, 0.2579013381946189100, -0.8374999999999739300 ) ) ;
#1550 = VERTEX_POINT ( 'NONE', #2511 ) ;
#1551 = ORIENTED_EDGE ( 'NONE', *, *, #38, .F. ) ;
#1552 = CARTESIAN_POINT ( 'NONE',  ( 2.430158218102045800, 0.5114999999999996200, -0.1875000000000258400 ) ) ;
#1553 = MANIFOLD_SOLID_BREP ( 'Housing', #1316 ) ;
#1554 = ORIENTED_EDGE ( 'NONE', *, *, #1716, .T. ) ;
#1555 = LINE ( 'NONE', #731, #2598 ) ;
#1556 = DIRECTION ( 'NONE',  ( -1.000000000000000000, 0.0000000000000000000, 1.047444401652940000E-014 ) ) ;
#1557 = VECTOR ( 'NONE', #718, 1000.000000000000000 ) ;
#1558 = ADVANCED_FACE ( 'NONE', ( #572 ), #1548, .F. ) ;
#1559 = CARTESIAN_POINT ( 'NONE',  ( 3.191140927834494900, 0.0000000000000000000, -0.1875000000000338100 ) ) ;
#1560 = LINE ( 'NONE', #2907, #2272 ) ;
#1561 = AXIS2_PLACEMENT_3D ( 'NONE', #1219, #1482, #3719 ) ;
#1562 = DIRECTION ( 'NONE',  ( -1.047444401652940000E-014, -0.0000000000000000000, -1.000000000000000000 ) ) ;
#1563 = DIRECTION ( 'NONE',  ( -1.047444401652940000E-014, -0.0000000000000000000, -1.000000000000000000 ) ) ;
#1564 = CARTESIAN_POINT ( 'NONE',  ( 2.430158218102052900, 0.7384999999999998200, 0.4624999999999741000 ) ) ;
#1565 = CARTESIAN_POINT ( 'NONE',  ( 2.657158218102039400, 0.5114999999999996200, -0.8375000000000282200 ) ) ;
#1566 = EDGE_LOOP ( 'NONE', ( #1695, #2690, #2985, #2537, #3349, #1743, #339, #72, #3291, #1051, #1944, #2915 ) ) ;
#1567 = EDGE_CURVE ( 'NONE', #3540, #3848, #2965, .T. ) ;
#1568 = EDGE_LOOP ( 'NONE', ( #818, #512, #1471, #2933, #1380, #1169, #2754, #3362, #2683, #181, #1371, #2727 ) ) ;
#1569 = DIRECTION ( 'NONE',  ( 0.9975640502598247500, 0.06975647374411810000, -1.044892879734885600E-014 ) ) ;
#1570 = LINE ( 'NONE', #891, #2134 ) ;
#1571 = EDGE_LOOP ( 'NONE', ( #3147, #2470, #3497, #2877 ) ) ;
#1572 = CARTESIAN_POINT ( 'NONE',  ( 3.191140927834505500, -2.710505431213761100E-017, 0.8374999999999659400 ) ) ;
#1573 = DIRECTION ( 'NONE',  ( -1.000000000000000000, 0.0000000000000000000, 1.047444401652940000E-014 ) ) ;
#1574 = CARTESIAN_POINT ( 'NONE',  ( 3.199999999999991300, 0.1266906343829976900, -0.8375000000000338800 ) ) ;
#1575 = CARTESIAN_POINT ( 'NONE',  ( 2.200000000000015700, 0.7384999999999996000, 1.524999999999975300 ) ) ;
#1576 = ORIENTED_EDGE ( 'NONE', *, *, #194, .T. ) ;
#1577 = ORIENTED_EDGE ( 'NONE', *, *, #386, .F. ) ;
#1578 = VERTEX_POINT ( 'NONE', #3732 ) ;
#1579 = FACE_OUTER_BOUND ( 'NONE', #2168, .T. ) ;
#1580 = ORIENTED_EDGE ( 'NONE', *, *, #1881, .T. ) ;
#1581 = DIRECTION ( 'NONE',  ( 1.047444401652940000E-014, 0.0000000000000000000, 1.000000000000000000 ) ) ;
#1582 = EDGE_CURVE ( 'NONE', #3765, #2198, #1167, .T. ) ;
#1583 = CARTESIAN_POINT ( 'NONE',  ( 2.530158218102057000, 0.2579013381946189100, 0.8374999999999730400 ) ) ;
#1584 = DIRECTION ( 'NONE',  ( 0.06975647374411803000, 0.9975640502598247500, -7.306602790232674100E-016 ) ) ;
#1585 = VECTOR ( 'NONE', #3939, 1000.000000000000000 ) ;
#1586 = ORIENTED_EDGE ( 'NONE', *, *, #3162, .F. ) ;
#1587 = CARTESIAN_POINT ( 'NONE',  ( -2.430158218102056900, 0.7384999999999994900, -0.8374999999999748200 ) ) ;
#1588 = FACE_OUTER_BOUND ( 'NONE', #2297, .T. ) ;
#1589 = EDGE_CURVE ( 'NONE', #2498, #2100, #3113, .T. ) ;
#1590 = VERTEX_POINT ( 'NONE', #2786 ) ;
#1591 = DIRECTION ( 'NONE',  ( 0.9975640502598247500, 0.06975647374411810000, -1.044892879734885600E-014 ) ) ;
#1592 = ADVANCED_FACE ( 'NONE', ( #3533 ), #1378, .F. ) ;
#1593 = VECTOR ( 'NONE', #1757, 1000.000000000000000 ) ;
#1594 =( NAMED_UNIT ( * ) SI_UNIT ( $, .STERADIAN. ) SOLID_ANGLE_UNIT ( ) );
#1595 = ORIENTED_EDGE ( 'NONE', *, *, #3734, .T. ) ;
#1596 =( NAMED_UNIT ( * ) SI_UNIT ( $, .STERADIAN. ) SOLID_ANGLE_UNIT ( ) );
#1597 = EDGE_LOOP ( 'NONE', ( #1833, #409, #2194, #1826 ) ) ;
#1598 = DIRECTION ( 'NONE',  ( -1.000000000000000000, 0.0000000000000000000, 1.057097118173364100E-014 ) ) ;
#1599 = CARTESIAN_POINT ( 'NONE',  ( 2.657158218102057200, 0.5114999999999995100, 0.8374999999999716000 ) ) ;
#1600 = CIRCLE ( 'NONE', #499, 0.09999999999999982500 ) ;
#1601 = ORIENTED_EDGE ( 'NONE', *, *, #3963, .T. ) ;
#1602 = ORIENTED_EDGE ( 'NONE', *, *, #3245, .T. ) ;
#1603 = VECTOR ( 'NONE', #1412, 1000.000000000000000 ) ;
#1604 = AXIS2_PLACEMENT_3D ( 'NONE', #2735, #2091, #2749 ) ;
#1605 = CARTESIAN_POINT ( 'NONE',  ( 3.199999999999991300, 0.1266906343829976900, -0.8375000000000338800 ) ) ;
#1606 = LINE ( 'NONE', #3802, #83 ) ;
#1607 = PRESENTATION_LAYER_ASSIGNMENT (  '', '', ( #3903 ) ) ;
#1608 = DIRECTION ( 'NONE',  ( -1.047444401652940000E-014, 0.0000000000000000000, -1.000000000000000000 ) ) ;
#1609 = ORIENTED_EDGE ( 'NONE', *, *, #3815, .T. ) ;
#1610 = CYLINDRICAL_SURFACE ( 'NONE', #3215, 0.2270000000000002000 ) ;
#1611 = EDGE_CURVE ( 'NONE', #1972, #4057, #3312, .T. ) ;
#1612 = DIRECTION ( 'NONE',  ( 1.047444401652940000E-014, 0.0000000000000000000, 1.000000000000000000 ) ) ;
#1613 = EDGE_CURVE ( 'NONE', #2339, #517, #370, .T. ) ;
#1614 = ORIENTED_EDGE ( 'NONE', *, *, #3357, .F. ) ;
#1615 = DIRECTION ( 'NONE',  ( 1.000000000000000000, 0.0000000000000000000, -1.047444401652940000E-014 ) ) ;
#1616 = CARTESIAN_POINT ( 'NONE',  ( 3.191140927834499300, -2.710505431213761100E-017, 0.1874999999999660500 ) ) ;
#1617 = VERTEX_POINT ( 'NONE', #609 ) ;
#1618 = CARTESIAN_POINT ( 'NONE',  ( 3.191140927834488200, 0.0000000000000000000, -0.8375000000000337700 ) ) ;
#1619 = UNCERTAINTY_MEASURE_WITH_UNIT (LENGTH_MEASURE( 1.000000000000000100E-005 ), #494, 'distance_accuracy_value', 'NONE');
#1620 = ORIENTED_EDGE ( 'NONE', *, *, #3316, .F. ) ;
#1621 = COLOUR_RGB ( '',0.7921568627450980000, 0.8196078431372548800, 0.9333333333333333500 ) ;
#1622 = DIRECTION ( 'NONE',  ( -1.457760854613002700E-015, -0.9902680687415703600, -0.1391731009600657200 ) ) ;
#1623 = CARTESIAN_POINT ( 'NONE',  ( -2.135140404784831700, 0.1500000000000002700, 1.460140404784867600 ) ) ;
#1624 =( LENGTH_UNIT ( ) NAMED_UNIT ( * ) SI_UNIT ( .MILLI., .METRE. ) );
#1625 = ORIENTED_EDGE ( 'NONE', *, *, #4017, .F. ) ;
#1626 = AXIS2_PLACEMENT_3D ( 'NONE', #774, #2725, #3650 ) ;
#1627 = LINE ( 'NONE', #1726, #685 ) ;
#1628 = PLANE ( 'NONE',  #2729 ) ;
#1629 = CIRCLE ( 'NONE', #2389, 0.2270000000000002000 ) ;
#1630 = CYLINDRICAL_SURFACE ( 'NONE', #122, 0.09999999999999982500 ) ;
#1631 = VERTEX_POINT ( 'NONE', #1583 ) ;
#1632 = CARTESIAN_POINT ( 'NONE',  ( -2.757158218102056900, 0.2579013381946188600, -0.8374999999999714900 ) ) ;
#1633 = DIRECTION ( 'NONE',  ( 1.047444401652940000E-014, 0.0000000000000000000, 1.000000000000000000 ) ) ;
#1634 = FACE_OUTER_BOUND ( 'NONE', #2908, .T. ) ;
#1635 = CARTESIAN_POINT ( 'NONE',  ( 2.530158218102060100, 0.2579013381946189700, 1.112499999999973200 ) ) ;
#1636 = ORIENTED_EDGE ( 'NONE', *, *, #1350, .T. ) ;
#1637 = EDGE_CURVE ( 'NONE', #2127, #523, #3768, .T. ) ;
#1638 = LINE ( 'NONE', #2617, #3835 ) ;
#1639 = DIRECTION ( 'NONE',  ( 1.047444401652940000E-014, 0.0000000000000000000, 1.000000000000000000 ) ) ;
#1640 = ORIENTED_EDGE ( 'NONE', *, *, #1384, .T. ) ;
#1641 = DIRECTION ( 'NONE',  ( 0.0000000000000000000, 1.000000000000000000, 0.0000000000000000000 ) ) ;
#1642 = EDGE_CURVE ( 'NONE', #3848, #2581, #3864, .T. ) ;
#1643 = DIRECTION ( 'NONE',  ( -0.0000000000000000000, -1.000000000000000000, -0.0000000000000000000 ) ) ;
#1644 = CARTESIAN_POINT ( 'NONE',  ( -2.430158218102045800, 0.6114999999999996000, 0.1875000000000249800 ) ) ;
#1645 = DIRECTION ( 'NONE',  ( 1.000000000000000000, 0.0000000000000000000, -1.047444401652940000E-014 ) ) ;
#1646 = ADVANCED_FACE ( 'NONE', ( #2193, #513 ), #591, .T. ) ;
#1647 = VECTOR ( 'NONE', #2663, 1000.000000000000000 ) ;
#1648 = LINE ( 'NONE', #3170, #3346 ) ;
#1649 = PLANE ( 'NONE',  #303 ) ;
#1650 = VECTOR ( 'NONE', #180, 1000.000000000000000 ) ;
#1651 = EDGE_CURVE ( 'NONE', #2370, #192, #2090, .T. ) ;
#1652 = CARTESIAN_POINT ( 'NONE',  ( -1.350000000000010100, 1.149999999999999200, -0.9101404047848324900 ) ) ;
#1653 = DIRECTION ( 'NONE',  ( -1.000000000000000000, 0.0000000000000000000, 1.084202172485506300E-014 ) ) ;
#1654 = AXIS2_PLACEMENT_3D ( 'NONE', #2362, #2335, #2966 ) ;
#1655 = CARTESIAN_POINT ( 'NONE',  ( 2.200000000000005500, 0.6114999999999996000, 0.4624999999999765400 ) ) ;
#1656 = DIRECTION ( 'NONE',  ( -1.047444401652940000E-014, 0.0000000000000000000, -1.000000000000000000 ) ) ;
#1657 = ADVANCED_FACE ( 'NONE', ( #2910 ), #3268, .T. ) ;
#1658 = EDGE_CURVE ( 'NONE', #1888, #2339, #3663, .T. ) ;
#1659 = VERTEX_POINT ( 'NONE', #3823 ) ;
#1660 = DIRECTION ( 'NONE',  ( 0.0000000000000000000, 1.000000000000000000, 0.0000000000000000000 ) ) ;
#1661 = LINE ( 'NONE', #54, #3102 ) ;
#1662 = EDGE_CURVE ( 'NONE', #3484, #57, #2435, .T. ) ;
#1663 = CARTESIAN_POINT ( 'NONE',  ( 2.757158218102046200, 0.2579013381946188600, -0.1875000000000292500 ) ) ;
#1664 = VERTEX_POINT ( 'NONE', #81 ) ;
#1665 = CARTESIAN_POINT ( 'NONE',  ( -3.191140927834492200, 0.0000000000000000000, 0.4625000000000330500 ) ) ;
#1666 = CARTESIAN_POINT ( 'NONE',  ( -2.430158218102036500, 0.5114999999999996200, 1.112500000000024900 ) ) ;
#1667 = DIRECTION ( 'NONE',  ( -1.000000000000000000, 0.0000000000000000000, 1.084202172485506300E-014 ) ) ;
#1668 = EDGE_CURVE ( 'NONE', #2590, #2865, #4011, .T. ) ;
#1669 = ORIENTED_EDGE ( 'NONE', *, *, #157, .T. ) ;
#1670 = DIRECTION ( 'NONE',  ( -1.000000000000000000, 0.0000000000000000000, 1.050768625316347000E-014 ) ) ;
#1671 = EDGE_CURVE ( 'NONE', #2093, #2135, #3055, .T. ) ;
#1672 = ORIENTED_EDGE ( 'NONE', *, *, #404, .F. ) ;
#1673 = CARTESIAN_POINT ( 'NONE',  ( 2.750182570727641300, 0.1581449331686363400, 0.4624999999999708200 ) ) ;
#1674 = MANIFOLD_SOLID_BREP ( 'Boss-Extrude4[1]', #3514 ) ;
#1675 = EDGE_LOOP ( 'NONE', ( #478, #3760, #3531, #650 ) ) ;
#1676 = ORIENTED_EDGE ( 'NONE', *, *, #968, .T. ) ;
#1677 = DIRECTION ( 'NONE',  ( -1.047444401652940000E-014, 0.0000000000000000000, -1.000000000000000000 ) ) ;
#1678 = VECTOR ( 'NONE', #1633, 1000.000000000000000 ) ;
#1679 = EDGE_LOOP ( 'NONE', ( #1829, #2505, #3862, #257 ) ) ;
#1680 = DIRECTION ( 'NONE',  ( -1.047444401652940000E-014, 0.0000000000000000000, -1.000000000000000000 ) ) ;
#1681 = CARTESIAN_POINT ( 'NONE',  ( 2.757158218102050200, 0.2579013381946188600, 0.1874999999999706600 ) ) ;
#1682 = LINE ( 'NONE', #656, #2589 ) ;
#1683 = ORIENTED_EDGE ( 'NONE', *, *, #1531, .F. ) ;
#1684 = DIRECTION ( 'NONE',  ( -1.000000000000000000, 0.0000000000000000000, 1.050768625316347000E-014 ) ) ;
#1685 = PLANE ( 'NONE',  #3290 ) ;
#1686 = PLANE ( 'NONE',  #3855 ) ;
#1687 = COLOUR_RGB ( '',0.7921568627450980000, 0.8196078431372548800, 0.9333333333333333500 ) ;
#1688 = AXIS2_PLACEMENT_3D ( 'NONE', #1132, #1105, #3911 ) ;
#1689 = EDGE_LOOP ( 'NONE', ( #63, #103, #447, #2817 ) ) ;
#1690 = LINE ( 'NONE', #1430, #2545 ) ;
#1691 = ORIENTED_EDGE ( 'NONE', *, *, #3103, .T. ) ;
#1692 = CARTESIAN_POINT ( 'NONE',  ( -2.530158218102045900, 0.5114999999999996200, 0.1875000000000260300 ) ) ;
#1693 = LINE ( 'NONE', #1337, #1298 ) ;
#1694 = DIRECTION ( 'NONE',  ( 1.047444401652940000E-014, -0.0000000000000000000, 1.000000000000000000 ) ) ;
#1695 = ORIENTED_EDGE ( 'NONE', *, *, #3739, .T. ) ;
#1696 = VECTOR ( 'NONE', #2258, 1000.000000000000000 ) ;
#1697 = CARTESIAN_POINT ( 'NONE',  ( 2.757158218102036400, 0.2579013381946188600, -1.112500000000029400 ) ) ;
#1698 = CARTESIAN_POINT ( 'NONE',  ( -2.200000000000016600, 0.7384999999999996000, -1.524999999999976200 ) ) ;
#1699 = EDGE_LOOP ( 'NONE', ( #52, #509, #519, #2118 ) ) ;
#1700 = DIRECTION ( 'NONE',  ( -0.06975647374411822500, -0.9975640502598247500, 7.306602790232694800E-016 ) ) ;
#1701 = CIRCLE ( 'NONE', #348, 0.2270000000000002000 ) ;
#1702 = DIRECTION ( 'NONE',  ( -0.06975647374411911300, 0.9975640502598246400, 7.306602790232785500E-016 ) ) ;
#1703 = FACE_OUTER_BOUND ( 'NONE', #2891, .T. ) ;
#1704 = VERTEX_POINT ( 'NONE', #870 ) ;
#1705 = CYLINDRICAL_SURFACE ( 'NONE', #1310, 0.1000000000000002600 ) ;
#1706 = AXIS2_PLACEMENT_3D ( 'NONE', #2592, #2271, #716 ) ;
#1707 = CARTESIAN_POINT ( 'NONE',  ( -2.757158218102046200, 0.2579013381946188600, 0.1875000000000283900 ) ) ;
#1708 =( LENGTH_UNIT ( ) NAMED_UNIT ( * ) SI_UNIT ( .MILLI., .METRE. ) );
#1709 = VERTEX_POINT ( 'NONE', #1347 ) ;
#1710 = EDGE_CURVE ( 'NONE', #201, #616, #563, .T. ) ;
#1711 = VERTEX_POINT ( 'NONE', #3163 ) ;
#1712 = CARTESIAN_POINT ( 'NONE',  ( 3.191140927834494900, 0.0000000000000000000, -0.1875000000000338100 ) ) ;
#1713 = DIRECTION ( 'NONE',  ( -1.000000000000000000, 4.075181181749331300E-017, 1.076440822446789000E-014 ) ) ;
#1714 = ORIENTED_EDGE ( 'NONE', *, *, #3130, .T. ) ;
#1715 = CARTESIAN_POINT ( 'NONE',  ( 2.750182570727638600, 0.1581449331686363700, 0.1874999999999706900 ) ) ;
#1716 = EDGE_CURVE ( 'NONE', #2379, #593, #2041, .T. ) ;
#1717 = DIRECTION ( 'NONE',  ( -1.047444401652940000E-014, 0.0000000000000000000, -1.000000000000000000 ) ) ;
#1718 = CARTESIAN_POINT ( 'NONE',  ( 2.757158218102052900, 0.2579013381946188600, 0.4624999999999707100 ) ) ;
#1719 = VERTEX_POINT ( 'NONE', #564 ) ;
#1720 = CARTESIAN_POINT ( 'NONE',  ( 2.430158218102060000, 0.7384999999999998200, 1.112499999999974300 ) ) ;
#1721 = VECTOR ( 'NONE', #4022, 1000.000000000000000 ) ;
#1722 = CYLINDRICAL_SURFACE ( 'NONE', #275, 0.2270000000000002000 ) ;
#1723 = LINE ( 'NONE', #2157, #2726 ) ;
#1724 = ORIENTED_EDGE ( 'NONE', *, *, #3671, .T. ) ;
#1725 = COLOUR_RGB ( '',0.7921568627450980000, 0.8196078431372548800, 0.9333333333333333500 ) ;
#1726 = CARTESIAN_POINT ( 'NONE',  ( -2.430158218102036500, 0.6114999999999996000, 1.112500000000024900 ) ) ;
#1727 = VECTOR ( 'NONE', #3644, 1000.000000000000000 ) ;
#1728 = ORIENTED_EDGE ( 'NONE', *, *, #3447, .T. ) ;
#1729 = CARTESIAN_POINT ( 'NONE',  ( 2.530158218102046300, 0.2579013381946189700, -0.1875000000000269000 ) ) ;
#1730 = AXIS2_PLACEMENT_3D ( 'NONE', #3723, #4031, #2144 ) ;
#1731 = AXIS2_PLACEMENT_3D ( 'NONE', #865, #586, #4049 ) ;
#1732 = LINE ( 'NONE', #3003, #3138 ) ;
#1733 = ORIENTED_EDGE ( 'NONE', *, *, #1425, .F. ) ;
#1734 = EDGE_CURVE ( 'NONE', #2412, #3484, #2524, .T. ) ;
#1735 = CARTESIAN_POINT ( 'NONE',  ( 2.430158218102050200, 0.5114999999999996200, 0.1874999999999740800 ) ) ;
#1736 = DIRECTION ( 'NONE',  ( -1.047444401652940000E-014, -0.0000000000000000000, -1.000000000000000000 ) ) ;
#1737 = CARTESIAN_POINT ( 'NONE',  ( 2.430158218102056900, 0.6114999999999996000, 0.8374999999999740400 ) ) ;
#1738 = ORIENTED_EDGE ( 'NONE', *, *, #3272, .F. ) ;
#1739 = LINE ( 'NONE', #3427, #2360 ) ;
#1740 = ORIENTED_EDGE ( 'NONE', *, *, #682, .F. ) ;
#1741 = LINE ( 'NONE', #2591, #3843 ) ;
#1742 = EDGE_CURVE ( 'NONE', #3012, #318, #1414, .T. ) ;
#1743 = ORIENTED_EDGE ( 'NONE', *, *, #2844, .T. ) ;
#1744 = LINE ( 'NONE', #810, #2364 ) ;
#1745 = ORIENTED_EDGE ( 'NONE', *, *, #2205, .T. ) ;
#1746 = FILL_AREA_STYLE_COLOUR ( '', #216 ) ;
#1747 = EDGE_CURVE ( 'NONE', #1659, #943, #1570, .T. ) ;
#1748 = CARTESIAN_POINT ( 'NONE',  ( 2.741323498562138200, 0.03145429878563838600, 0.4624999999999708800 ) ) ;
#1749 = ORIENTED_EDGE ( 'NONE', *, *, #915, .F. ) ;
#1750 = VECTOR ( 'NONE', #3515, 1000.000000000000000 ) ;
#1751 = FILL_AREA_STYLE ('',( #2234 ) ) ;
#1752 = CARTESIAN_POINT ( 'NONE',  ( -2.657158218102043000, 0.5114999999999996200, 0.4625000000000273900 ) ) ;
#1753 = DIRECTION ( 'NONE',  ( -1.047444401652940000E-014, -0.0000000000000000000, -1.000000000000000000 ) ) ;
#1754 = CARTESIAN_POINT ( 'NONE',  ( -2.741323498562128400, 0.03145429878563841400, 0.4625000000000283300 ) ) ;
#1755 = EDGE_LOOP ( 'NONE', ( #1577, #4024, #285, #2860 ) ) ;
#1756 = CARTESIAN_POINT ( 'NONE',  ( 3.200000000000011700, 0.1266906343829976900, 1.112499999999965800 ) ) ;
#1757 = DIRECTION ( 'NONE',  ( 1.000000000000000000, 0.0000000000000000000, -1.047444401652940000E-014 ) ) ;
#1758 = ORIENTED_EDGE ( 'NONE', *, *, #3933, .T. ) ;
#1759 = AXIS2_PLACEMENT_3D ( 'NONE', #639, #1259, #2829 ) ;
#1760 = CARTESIAN_POINT ( 'NONE',  ( -2.757158218102043500, 0.2579013381946188600, 0.4625000000000285000 ) ) ;
#1761 = DIRECTION ( 'NONE',  ( -0.0000000000000000000, -1.000000000000000000, -0.0000000000000000000 ) ) ;
#1762 = CARTESIAN_POINT ( 'NONE',  ( -2.199999999999995700, 0.7384999999999996000, 0.4625000000000226200 ) ) ;
#1763 = ORIENTED_EDGE ( 'NONE', *, *, #3908, .F. ) ;
#1764 = EDGE_CURVE ( 'NONE', #2035, #523, #722, .T. ) ;
#1765 = VERTEX_POINT ( 'NONE', #2447 ) ;
#1766 = LINE ( 'NONE', #267, #2150 ) ;
#1767 = LINE ( 'NONE', #737, #3226 ) ;
#1768 = LINE ( 'NONE', #2779, #1477 ) ;
#1769 = ORIENTED_EDGE ( 'NONE', *, *, #3523, .F. ) ;
#1770 = DIRECTION ( 'NONE',  ( -1.000000000000000000, 0.0000000000000000000, 1.047444401652940000E-014 ) ) ;
#1771 = CARTESIAN_POINT ( 'NONE',  ( 3.191140927834488200, 0.0000000000000000000, -0.8375000000000337700 ) ) ;
#1772 = PLANE ( 'NONE',  #3495 ) ;
#1773 = VECTOR ( 'NONE', #611, 1000.000000000000000 ) ;
#1774 = ORIENTED_EDGE ( 'NONE', *, *, #263, .F. ) ;
#1775 = VECTOR ( 'NONE', #841, 1000.000000000000200 ) ;
#1776 = AXIS2_PLACEMENT_3D ( 'NONE', #1957, #2298, #3255 ) ;
#1777 = PRESENTATION_STYLE_ASSIGNMENT (( #907 ) ) ;
#1778 = VERTEX_POINT ( 'NONE', #3972 ) ;
#1779 = DIRECTION ( 'NONE',  ( -0.9975640502598247500, 0.06975647374411803000, 1.044892879734885600E-014 ) ) ;
#1780 = PLANE ( 'NONE',  #2291 ) ;
#1781 = ADVANCED_FACE ( 'NONE', ( #322 ), #3657, .F. ) ;
#1782 = AXIS2_PLACEMENT_3D ( 'NONE', #1023, #3564, #1355 ) ;
#1783 = CARTESIAN_POINT ( 'NONE',  ( -2.200000000000012200, 0.6114999999999996000, -1.112499999999977400 ) ) ;
#1784 = EDGE_LOOP ( 'NONE', ( #3356, #2020, #2053, #307, #1676, #1940, #914, #3890, #4072, #910, #2510, #2488 ) ) ;
#1785 = CARTESIAN_POINT ( 'NONE',  ( 2.750182570727648400, 0.1581449331686363400, 1.112499999999970700 ) ) ;
#1786 = DIRECTION ( 'NONE',  ( 0.0000000000000000000, 1.000000000000000000, 0.0000000000000000000 ) ) ;
#1787 = VERTEX_POINT ( 'NONE', #1487 ) ;
#1788 = LINE ( 'NONE', #2547, #655 ) ;
#1789 = ADVANCED_FACE ( 'NONE', ( #1313 ), #3675, .T. ) ;
#1790 = DIRECTION ( 'NONE',  ( -0.06975647374411909900, -0.9975640502598246400, 7.306602790232787500E-016 ) ) ;
#1791 = VERTEX_POINT ( 'NONE', #4014 ) ;
#1792 = ORIENTED_EDGE ( 'NONE', *, *, #2140, .T. ) ;
#1793 = DIRECTION ( 'NONE',  ( 0.0000000000000000000, 1.000000000000000000, 0.0000000000000000000 ) ) ;
#1794 = DIRECTION ( 'NONE',  ( 1.000000000000000000, -4.710681988356335200E-016, -1.047444401652940000E-014 ) ) ;
#1795 = LINE ( 'NONE', #2191, #3856 ) ;
#1796 = PLANE ( 'NONE',  #3897 ) ;
#1797 = ORIENTED_EDGE ( 'NONE', *, *, #2042, .T. ) ;
#1798 = ADVANCED_FACE ( 'NONE', ( #3258 ), #1796, .F. ) ;
#1799 = VERTEX_POINT ( 'NONE', #1521 ) ;
#1800 = EDGE_CURVE ( 'NONE', #823, #1852, #3952, .T. ) ;
#1801 = AXIS2_PLACEMENT_3D ( 'NONE', #527, #1465, #3652 ) ;
#1802 = DIRECTION ( 'NONE',  ( 0.9975640502598247500, -0.06975647374411840500, -1.044892879734885600E-014 ) ) ;
#1803 = DIRECTION ( 'NONE',  ( -1.047444401652940000E-014, -0.0000000000000000000, -1.000000000000000000 ) ) ;
#1804 = ORIENTED_EDGE ( 'NONE', *, *, #185, .F. ) ;
#1805 = DIRECTION ( 'NONE',  ( -1.000000000000000000, 0.0000000000000000000, 1.084202172485506300E-014 ) ) ;
#1806 = DIRECTION ( 'NONE',  ( 0.0000000000000000000, 1.000000000000000000, 0.0000000000000000000 ) ) ;
#1807 = DIRECTION ( 'NONE',  ( -0.0000000000000000000, -1.000000000000000000, -0.0000000000000000000 ) ) ;
#1808 = ORIENTED_EDGE ( 'NONE', *, *, #245, .F. ) ;
#1809 = ADVANCED_FACE ( 'NONE', ( #619 ), #2764, .T. ) ;
#1810 = CARTESIAN_POINT ( 'NONE',  ( -2.530158218102036100, 0.5114999999999996200, 1.112500000000026000 ) ) ;
#1811 = EDGE_CURVE ( 'NONE', #3951, #3193, #3717, .T. ) ;
#1812 = ORIENTED_EDGE ( 'NONE', *, *, #2664, .T. ) ;
#1813 = LINE ( 'NONE', #2299, #2006 ) ;
#1814 = VERTEX_POINT ( 'NONE', #1506 ) ;
#1815 = DIRECTION ( 'NONE',  ( 1.047444401652940000E-014, -0.0000000000000000000, 1.000000000000000000 ) ) ;
#1816 = DIRECTION ( 'NONE',  ( 1.077013551811635700E-014, 0.0000000000000000000, 1.000000000000000000 ) ) ;
#1817 = LINE ( 'NONE', #2956, #431 ) ;
#1818 = EDGE_LOOP ( 'NONE', ( #721, #645, #433, #2438 ) ) ;
#1819 = LINE ( 'NONE', #1961, #482 ) ;
#1820 = EDGE_LOOP ( 'NONE', ( #2007, #2262, #727, #3099 ) ) ;
#1821 = VERTEX_POINT ( 'NONE', #2462 ) ;
#1822 = AXIS2_PLACEMENT_3D ( 'NONE', #1217, #3702, #1779 ) ;
#1823 = CARTESIAN_POINT ( 'NONE',  ( 2.750182570727634200, 0.1581449331686363700, -0.1875000000000292000 ) ) ;
#1824 = CARTESIAN_POINT ( 'NONE',  ( -2.757158218102036400, 0.2579013381946188600, 1.112500000000028500 ) ) ;
#1825 = ADVANCED_FACE ( 'NONE', ( #768 ), #1180, .F. ) ;
#1826 = ORIENTED_EDGE ( 'NONE', *, *, #1148, .F. ) ;
#1827 = AXIS2_PLACEMENT_3D ( 'NONE', #1655, #2189, #2871 ) ;
#1828 = DIRECTION ( 'NONE',  ( 0.06975647374411810000, -0.9975640502598247500, -7.306602790232681000E-016 ) ) ;
#1829 = ORIENTED_EDGE ( 'NONE', *, *, #260, .F. ) ;
#1830 = CYLINDRICAL_SURFACE ( 'NONE', #1896, 0.1000000000000002600 ) ;
#1831 = DIRECTION ( 'NONE',  ( 1.047444401652940000E-014, 0.0000000000000000000, 1.000000000000000000 ) ) ;
#1832 = CARTESIAN_POINT ( 'NONE',  ( 2.757158218102043500, 0.2579013381946188600, -0.4625000000000293300 ) ) ;
#1833 = ORIENTED_EDGE ( 'NONE', *, *, #1851, .F. ) ;
#1834 = ORIENTED_EDGE ( 'NONE', *, *, #2756, .T. ) ;
#1835 = ADVANCED_FACE ( 'NONE', ( #3109 ), #1705, .F. ) ;
#1836 = UNCERTAINTY_MEASURE_WITH_UNIT (LENGTH_MEASURE( 1.000000000000000100E-005 ), #857, 'distance_accuracy_value', 'NONE');
#1837 = EDGE_CURVE ( 'NONE', #3193, #3621, #29, .T. ) ;
#1838 = ORIENTED_EDGE ( 'NONE', *, *, #232, .F. ) ;
#1839 = DIRECTION ( 'NONE',  ( 1.000000000000000000, 0.0000000000000000000, -1.047444401652940000E-014 ) ) ;
#1840 = DIRECTION ( 'NONE',  ( -1.047444401652940000E-014, -0.0000000000000000000, -1.000000000000000000 ) ) ;
#1841 = DIRECTION ( 'NONE',  ( -1.047444401652940000E-014, -0.0000000000000000000, -1.000000000000000000 ) ) ;
#1842 = ORIENTED_EDGE ( 'NONE', *, *, #1003, .T. ) ;
#1843 = ADVANCED_FACE ( 'NONE', ( #2190 ), #1059, .T. ) ;
#1844 = DIRECTION ( 'NONE',  ( -1.000000000000000000, 0.0000000000000000000, 1.050768625316349100E-014 ) ) ;
#1845 = EDGE_LOOP ( 'NONE', ( #2031, #3910, #242, #2564 ) ) ;
#1846 = CARTESIAN_POINT ( 'NONE',  ( 2.200000000000005500, 0.7384999999999996000, 0.4624999999999765400 ) ) ;
#1847 = EDGE_LOOP ( 'NONE', ( #3096, #3232, #2316, #2493 ) ) ;
#1848 = CARTESIAN_POINT ( 'NONE',  ( -2.530158218102046300, 0.2579013381946189100, 0.1875000000000260300 ) ) ;
#1849 = EDGE_CURVE ( 'NONE', #3700, #1704, #1372, .T. ) ;
#1850 = CARTESIAN_POINT ( 'NONE',  ( -2.757158218102036400, 0.2579013381946188600, 1.112500000000028500 ) ) ;
#1851 = EDGE_CURVE ( 'NONE', #2074, #3407, #3763, .T. ) ;
#1852 = VERTEX_POINT ( 'NONE', #3140 ) ;
#1853 = DIRECTION ( 'NONE',  ( 0.0000000000000000000, 1.000000000000000000, 0.0000000000000000000 ) ) ;
#1854 = DIRECTION ( 'NONE',  ( 1.000000000000000000, -4.710681988356335200E-016, -1.047444401652940000E-014 ) ) ;
#1855 = CARTESIAN_POINT ( 'NONE',  ( 2.530158218102046300, 0.5114999999999996200, -0.1875000000000269000 ) ) ;
#1856 = CARTESIAN_POINT ( 'NONE',  ( -2.530158218102053000, 0.5114999999999996200, -0.4624999999999739300 ) ) ;
#1857 = LINE ( 'NONE', #4043, #3067 ) ;
#1858 = CIRCLE ( 'NONE', #3666, 0.09999999999999982500 ) ;
#1859 = ORIENTED_EDGE ( 'NONE', *, *, #1567, .T. ) ;
#1860 = CIRCLE ( 'NONE', #828, 0.2749999999999998600 ) ;
#1861 = ORIENTED_EDGE ( 'NONE', *, *, #566, .F. ) ;
#1862 = ADVANCED_FACE ( 'NONE', ( #3358 ), #3518, .F. ) ;
#1863 = CARTESIAN_POINT ( 'NONE',  ( -2.530158218102050300, 0.5114999999999996200, -0.1874999999999738800 ) ) ;
#1864 = VECTOR ( 'NONE', #3254, 1000.000000000000000 ) ;
#1865 = EDGE_LOOP ( 'NONE', ( #2742, #215, #953, #1324 ) ) ;
#1866 = VECTOR ( 'NONE', #479, 1000.000000000000000 ) ;
#1867 = DIRECTION ( 'NONE',  ( -1.047444401652940000E-014, -0.0000000000000000000, -1.000000000000000000 ) ) ;
#1868 = ORIENTED_EDGE ( 'NONE', *, *, #809, .F. ) ;
#1869 = LINE ( 'NONE', #2326, #1647 ) ;
#1870 = AXIS2_PLACEMENT_3D ( 'NONE', #3769, #955, #1009 ) ;
#1871 = CARTESIAN_POINT ( 'NONE',  ( 3.200000000000008600, 0.1266906343829976900, 0.8374999999999658300 ) ) ;
#1872 = VECTOR ( 'NONE', #2419, 1000.000000000000000 ) ;
#1873 = CARTESIAN_POINT ( 'NONE',  ( 2.741323498562135500, 0.03145429878563848300, 0.1874999999999708000 ) ) ;
#1874 = ORIENTED_EDGE ( 'NONE', *, *, #3905, .T. ) ;
#1875 = LINE ( 'NONE', #75, #849 ) ;
#1876 = VECTOR ( 'NONE', #1569, 1000.000000000000000 ) ;
#1877 = CARTESIAN_POINT ( 'NONE',  ( -2.430158218102052900, 0.5114999999999996200, -0.4624999999999749900 ) ) ;
#1878 = DIRECTION ( 'NONE',  ( -0.0000000000000000000, -1.000000000000000000, -0.0000000000000000000 ) ) ;
#1879 = CARTESIAN_POINT ( 'NONE',  ( 2.430158218102045800, 0.6114999999999994900, -0.1875000000000258400 ) ) ;
#1880 = ORIENTED_EDGE ( 'NONE', *, *, #3103, .F. ) ;
#1881 = EDGE_CURVE ( 'NONE', #2192, #2700, #4053, .T. ) ;
#1882 = DIRECTION ( 'NONE',  ( 0.9975640502598247500, -0.06975647374411840500, -1.044892879734885600E-014 ) ) ;
#1883 = EDGE_CURVE ( 'NONE', #2461, #2826, #1884, .T. ) ;
#1884 = LINE ( 'NONE', #3416, #719 ) ;
#1885 = DIRECTION ( 'NONE',  ( -1.000000000000000000, 0.0000000000000000000, 1.029992063861230900E-014 ) ) ;
#1886 = ORIENTED_EDGE ( 'NONE', *, *, #946, .T. ) ;
#1887 = CARTESIAN_POINT ( 'NONE',  ( 2.199999999999982000, 0.6114999999999996000, -1.525000000000023400 ) ) ;
#1888 = VERTEX_POINT ( 'NONE', #1276 ) ;
#1889 = CARTESIAN_POINT ( 'NONE',  ( 2.741323498562131100, 0.03145429878563858100, -0.1875000000000290900 ) ) ;
#1890 = CARTESIAN_POINT ( 'NONE',  ( 3.199999999999988600, 0.1266906343829976900, -1.112500000000034200 ) ) ;
#1891 = ORIENTED_EDGE ( 'NONE', *, *, #1024, .T. ) ;
#1892 = DIRECTION ( 'NONE',  ( -0.0000000000000000000, -1.000000000000000000, -0.0000000000000000000 ) ) ;
#1893 = AXIS2_PLACEMENT_3D ( 'NONE', #990, #966, #1304 ) ;
#1894 = ORIENTED_EDGE ( 'NONE', *, *, #1611, .T. ) ;
#1895 = VECTOR ( 'NONE', #605, 1000.000000000000000 ) ;
#1896 = AXIS2_PLACEMENT_3D ( 'NONE', #495, #467, #2983 ) ;
#1897 = ORIENTED_EDGE ( 'NONE', *, *, #3831, .F. ) ;
#1898 = FACE_OUTER_BOUND ( 'NONE', #2243, .T. ) ;
#1899 = EDGE_LOOP ( 'NONE', ( #2079, #141, #3050, #3359 ) ) ;
#1900 = DIRECTION ( 'NONE',  ( 1.000000000000000000, 0.0000000000000000000, -1.047444401652940000E-014 ) ) ;
#1901 = EDGE_CURVE ( 'NONE', #176, #91, #2327, .T. ) ;
#1902 = UNCERTAINTY_MEASURE_WITH_UNIT (LENGTH_MEASURE( 1.000000000000000100E-005 ), #1624, 'distance_accuracy_value', 'NONE');
#1903 = DIRECTION ( 'NONE',  ( -1.000000000000000000, 0.0000000000000000000, 1.050768625316347000E-014 ) ) ;
#1904 = DIRECTION ( 'NONE',  ( 1.047444401652940000E-014, 0.0000000000000000000, 1.000000000000000000 ) ) ;
#1905 = EDGE_CURVE ( 'NONE', #3540, #3951, #1368, .T. ) ;
#1906 = VECTOR ( 'NONE', #2761, 1000.000000000000000 ) ;
#1907 = PRODUCT_RELATED_PRODUCT_CATEGORY ( 'part', '', ( #742 ) ) ;
#1908 = ORIENTED_EDGE ( 'NONE', *, *, #631, .F. ) ;
#1909 = CARTESIAN_POINT ( 'NONE',  ( -2.200000000000002800, 0.7384999999999996000, -0.1874999999999773500 ) ) ;
#1910 = FACE_OUTER_BOUND ( 'NONE', #1466, .T. ) ;
#1911 = EDGE_CURVE ( 'NONE', #3260, #2224, #3467, .T. ) ;
#1912 = FACE_OUTER_BOUND ( 'NONE', #1268, .T. ) ;
#1913 = ORIENTED_EDGE ( 'NONE', *, *, #3036, .F. ) ;
#1914 = CARTESIAN_POINT ( 'NONE',  ( 2.199999999999982000, 0.7384999999999996000, -1.525000000000023400 ) ) ;
#1915 = DIRECTION ( 'NONE',  ( 1.047444401652940000E-014, 0.0000000000000000000, 1.000000000000000000 ) ) ;
#1916 = EDGE_CURVE ( 'NONE', #1297, #823, #1795, .T. ) ;
#1917 = LINE ( 'NONE', #3302, #3635 ) ;
#1918 = ORIENTED_EDGE ( 'NONE', *, *, #913, .T. ) ;
#1919 = ORIENTED_EDGE ( 'NONE', *, *, #3575, .T. ) ;
#1920 = AXIS2_PLACEMENT_3D ( 'NONE', #36, #337, #674 ) ;
#1921 = DIRECTION ( 'NONE',  ( -1.000000000000000000, 0.0000000000000000000, 1.084202172485501600E-014 ) ) ;
#1922 = ORIENTED_EDGE ( 'NONE', *, *, #2205, .F. ) ;
#1923 = VECTOR ( 'NONE', #1135, 1000.000000000000100 ) ;
#1924 = LINE ( 'NONE', #1301, #1876 ) ;
#1925 = DIRECTION ( 'NONE',  ( -0.06975647374411803000, 0.9975640502598247500, 7.306602790232674100E-016 ) ) ;
#1926 =( GEOMETRIC_REPRESENTATION_CONTEXT ( 3 ) GLOBAL_UNCERTAINTY_ASSIGNED_CONTEXT ( ( #1377 ) ) GLOBAL_UNIT_ASSIGNED_CONTEXT ( ( #3154, #672, #2869 ) ) REPRESENTATION_CONTEXT ( 'NONE', 'WORKASPACE' ) );
#1927 = CARTESIAN_POINT ( 'NONE',  ( -2.657158218102036300, 0.2579013381946189100, 1.112500000000027400 ) ) ;
#1928 = VERTEX_POINT ( 'NONE', #1224 ) ;
#1929 = ADVANCED_FACE ( 'NONE', ( #413 ), #129, .T. ) ;
#1930 = AXIS2_PLACEMENT_3D ( 'NONE', #1824, #3066, #3024 ) ;
#1931 = EDGE_CURVE ( 'NONE', #2198, #2865, #505, .T. ) ;
#1932 = FILL_AREA_STYLE_COLOUR ( '', #1112 ) ;
#1933 = PLANE ( 'NONE',  #1060 ) ;
#1934 = PLANE ( 'NONE',  #2991 ) ;
#1935 = VERTEX_POINT ( 'NONE', #2791 ) ;
#1936 = EDGE_CURVE ( 'NONE', #1262, #1417, #1257, .T. ) ;
#1937 = VECTOR ( 'NONE', #3790, 1000.000000000000000 ) ;
#1938 = CARTESIAN_POINT ( 'NONE',  ( -2.200000000000012200, 0.7384999999999996000, -1.112499999999977400 ) ) ;
#1939 = DIRECTION ( 'NONE',  ( -1.047444401652940000E-014, 0.0000000000000000000, -1.000000000000000000 ) ) ;
#1940 = ORIENTED_EDGE ( 'NONE', *, *, #3036, .T. ) ;
#1941 = ORIENTED_EDGE ( 'NONE', *, *, #85, .F. ) ;
#1942 = VECTOR ( 'NONE', #1878, 1000.000000000000000 ) ;
#1943 = CARTESIAN_POINT ( 'NONE',  ( 3.199999999999998000, 0.1266906343829976900, -0.1875000000000339200 ) ) ;
#1944 = ORIENTED_EDGE ( 'NONE', *, *, #3185, .T. ) ;
#1945 = DIRECTION ( 'NONE',  ( 0.9975640502598247500, -0.06975647374411822500, -1.044892879734885600E-014 ) ) ;
#1946 = ADVANCED_FACE ( 'NONE', ( #3305 ), #2239, .F. ) ;
#1947 = PLANE ( 'NONE',  #432 ) ;
#1948 = DIRECTION ( 'NONE',  ( 1.047444401652940000E-014, 0.0000000000000000000, 1.000000000000000000 ) ) ;
#1949 = ORIENTED_EDGE ( 'NONE', *, *, #2352, .T. ) ;
#1950 = PRESENTATION_LAYER_ASSIGNMENT (  '', '', ( #2778 ) ) ;
#1951 = DIRECTION ( 'NONE',  ( 0.0000000000000000000, 1.000000000000000000, 0.0000000000000000000 ) ) ;
#1952 = LINE ( 'NONE', #3250, #425 ) ;
#1953 = CARTESIAN_POINT ( 'NONE',  ( 2.199999999999995700, 0.7384999999999996000, -0.4625000000000235000 ) ) ;
#1954 = VECTOR ( 'NONE', #1208, 1000.000000000000000 ) ;
#1955 = LINE ( 'NONE', #1404, #3017 ) ;
#1956 = ORIENTED_EDGE ( 'NONE', *, *, #1048, .F. ) ;
#1957 = CARTESIAN_POINT ( 'NONE',  ( 2.430158218102052900, 0.5114999999999996200, 0.4624999999999741000 ) ) ;
#1958 = AXIS2_PLACEMENT_3D ( 'NONE', #2895, #976, #3510 ) ;
#1959 = UNCERTAINTY_MEASURE_WITH_UNIT (LENGTH_MEASURE( 1.000000000000000100E-005 ), #3479, 'distance_accuracy_value', 'NONE');
#1960 = VECTOR ( 'NONE', #80, 1000.000000000000000 ) ;
#1961 = CARTESIAN_POINT ( 'NONE',  ( -3.200000000000002400, 0.1266906343829976900, -0.1874999999999668600 ) ) ;
#1962 = ORIENTED_EDGE ( 'NONE', *, *, #627, .T. ) ;
#1963 = DIRECTION ( 'NONE',  ( 0.0000000000000000000, 1.000000000000000000, 0.0000000000000000000 ) ) ;
#1964 = DIRECTION ( 'NONE',  ( -1.047444401652940000E-014, -0.0000000000000000000, -1.000000000000000000 ) ) ;
#1965 = EDGE_CURVE ( 'NONE', #1139, #3407, #272, .T. ) ;
#1966 = FACE_OUTER_BOUND ( 'NONE', #349, .T. ) ;
#1967 = ORIENTED_EDGE ( 'NONE', *, *, #1811, .T. ) ;
#1968 = FILL_AREA_STYLE_COLOUR ( '', #2411 ) ;
#1969 = DIRECTION ( 'NONE',  ( -1.000000000000000000, 0.0000000000000000000, 1.050768625316347000E-014 ) ) ;
#1970 = DIRECTION ( 'NONE',  ( -1.000000000000000000, 0.0000000000000000000, 1.064489405713041300E-014 ) ) ;
#1971 = VECTOR ( 'NONE', #3626, 1000.000000000000000 ) ;
#1972 = VERTEX_POINT ( 'NONE', #3208 ) ;
#1973 = DIRECTION ( 'NONE',  ( -0.06975647374411822500, -0.9975640502598247500, 7.306602790232694800E-016 ) ) ;
#1974 = ADVANCED_FACE ( 'NONE', ( #2998 ), #2184, .T. ) ;
#1975 = CARTESIAN_POINT ( 'NONE',  ( 2.430158218102039600, 0.6114999999999996000, -0.8375000000000257800 ) ) ;
#1976 = ORIENTED_EDGE ( 'NONE', *, *, #764, .T. ) ;
#1977 = CIRCLE ( 'NONE', #503, 0.2270000000000002000 ) ;
#1978 = EDGE_LOOP ( 'NONE', ( #3786, #3617, #904, #3299 ) ) ;
#1979 = VECTOR ( 'NONE', #1328, 1000.000000000000000 ) ;
#1980 = FACE_OUTER_BOUND ( 'NONE', #734, .T. ) ;
#1981 = ORIENTED_EDGE ( 'NONE', *, *, #2824, .T. ) ;
#1982 = AXIS2_PLACEMENT_3D ( 'NONE', #169, #3244, #3295 ) ;
#1983 = FACE_OUTER_BOUND ( 'NONE', #1568, .T. ) ;
#1984 = DIRECTION ( 'NONE',  ( -1.047444401652940000E-014, -0.0000000000000000000, -1.000000000000000000 ) ) ;
#1985 = CARTESIAN_POINT ( 'NONE',  ( 2.200000000000015700, 0.6114999999999996000, 1.524999999999975300 ) ) ;
#1986 = VECTOR ( 'NONE', #770, 1000.000000000000000 ) ;
#1987 = ORIENTED_EDGE ( 'NONE', *, *, #2346, .F. ) ;
#1988 = AXIS2_PLACEMENT_3D ( 'NONE', #3556, #390, #2579 ) ;
#1989 = DIRECTION ( 'NONE',  ( 0.9975640502598247500, -0.06975647374411822500, -1.044892879734885600E-014 ) ) ;
#1990 = ORIENTED_EDGE ( 'NONE', *, *, #1210, .T. ) ;
#1991 = CARTESIAN_POINT ( 'NONE',  ( -2.530158218102043700, 0.5114999999999996200, 0.4625000000000261100 ) ) ;
#1992 = EDGE_CURVE ( 'NONE', #3613, #1578, #1661, .T. ) ;
#1993 = ORIENTED_EDGE ( 'NONE', *, *, #2302, .F. ) ;
#1994 = DIRECTION ( 'NONE',  ( -1.000000000000000000, 0.0000000000000000000, 1.050768625316347000E-014 ) ) ;
#1995 = ORIENTED_EDGE ( 'NONE', *, *, #412, .T. ) ;
#1996 = CARTESIAN_POINT ( 'NONE',  ( -2.750182570727634200, 0.1581449331686363100, 0.1875000000000283400 ) ) ;
#1997 = CARTESIAN_POINT ( 'NONE',  ( 2.430158218102056900, 0.5114999999999996200, 0.8374999999999740400 ) ) ;
#1998 = CARTESIAN_POINT ( 'NONE',  ( 2.657158218102037200, 0.5114999999999995100, -1.112500000000028200 ) ) ;
#1999 = ORIENTED_EDGE ( 'NONE', *, *, #2868, .F. ) ;
#2000 = CARTESIAN_POINT ( 'NONE',  ( 3.191140927834502000, 0.0000000000000000000, 0.4624999999999661600 ) ) ;
#2001 = ORIENTED_EDGE ( 'NONE', *, *, #1611, .F. ) ;
#2002 = FACE_OUTER_BOUND ( 'NONE', #470, .T. ) ;
#2003 = ORIENTED_EDGE ( 'NONE', *, *, #3199, .F. ) ;
#2004 = DIRECTION ( 'NONE',  ( 1.000000000000000000, 0.0000000000000000000, -1.047444401652940000E-014 ) ) ;
#2005 = VECTOR ( 'NONE', #1802, 1000.000000000000000 ) ;
#2006 = VECTOR ( 'NONE', #2568, 1000.000000000000000 ) ;
#2007 = ORIENTED_EDGE ( 'NONE', *, *, #627, .F. ) ;
#2008 =( GEOMETRIC_REPRESENTATION_CONTEXT ( 3 ) GLOBAL_UNCERTAINTY_ASSIGNED_CONTEXT ( ( #2667 ) ) GLOBAL_UNIT_ASSIGNED_CONTEXT ( ( #1708, #3630, #831 ) ) REPRESENTATION_CONTEXT ( 'NONE', 'WORKASPACE' ) );
#2009 = FACE_OUTER_BOUND ( 'NONE', #3095, .T. ) ;
#2010 = ORIENTED_EDGE ( 'NONE', *, *, #3472, .T. ) ;
#2011 = DIRECTION ( 'NONE',  ( 1.047444401652940000E-014, 0.0000000000000000000, 1.000000000000000000 ) ) ;
#2012 = CARTESIAN_POINT ( 'NONE',  ( 2.199999999999991700, 0.7384999999999996000, -0.8375000000000234500 ) ) ;
#2013 = LINE ( 'NONE', #2415, #1775 ) ;
#2014 = DIRECTION ( 'NONE',  ( -1.047444401652940000E-014, -0.0000000000000000000, -1.000000000000000000 ) ) ;
#2015 = CIRCLE ( 'NONE', #2840, 0.1000000000000002600 ) ;
#2016 = VERTEX_POINT ( 'NONE', #3196 ) ;
#2017 = VECTOR ( 'NONE', #2980, 1000.000000000000000 ) ;
#2018 = CARTESIAN_POINT ( 'NONE',  ( 2.430158218102052900, 0.6114999999999994900, 0.4624999999999741000 ) ) ;
#2019 = VECTOR ( 'NONE', #515, 1000.000000000000000 ) ;
#2020 = ORIENTED_EDGE ( 'NONE', *, *, #2149, .T. ) ;
#2021 = EDGE_CURVE ( 'NONE', #2643, #2137, #2421, .T. ) ;
#2022 = EDGE_LOOP ( 'NONE', ( #795, #2486, #345, #1388 ) ) ;
#2023 = FACE_OUTER_BOUND ( 'NONE', #4056, .T. ) ;
#2024 = DIRECTION ( 'NONE',  ( -1.047444401652940000E-014, -0.0000000000000000000, -1.000000000000000000 ) ) ;
#2025 = ORIENTED_EDGE ( 'NONE', *, *, #1235, .F. ) ;
#2026 = LINE ( 'NONE', #1470, #3804 ) ;
#2027 = VECTOR ( 'NONE', #381, 1000.000000000000000 ) ;
#2028 = CARTESIAN_POINT ( 'NONE',  ( 2.135140404784861000, 0.1500000000000003000, 1.460140404784822100 ) ) ;
#2029 = DIRECTION ( 'NONE',  ( 0.9975640502598247500, -0.06975647374411822500, -1.044892879734885600E-014 ) ) ;
#2030 = CIRCLE ( 'NONE', #1982, 0.09999999999999982500 ) ;
#2031 = ORIENTED_EDGE ( 'NONE', *, *, #2898, .F. ) ;
#2032 = AXIS2_PLACEMENT_3D ( 'NONE', #3981, #3387, #2084 ) ;
#2033 = CARTESIAN_POINT ( 'NONE',  ( 2.757158218102060000, 0.2579013381946188600, 1.112499999999970700 ) ) ;
#2034 = CARTESIAN_POINT ( 'NONE',  ( -2.657158218102050100, 0.5114999999999996200, -0.1874999999999725500 ) ) ;
#2035 = VERTEX_POINT ( 'NONE', #3528 ) ;
#2036 = CARTESIAN_POINT ( 'NONE',  ( -3.200000000000002400, 0.1266906343829976900, -0.1874999999999668600 ) ) ;
#2037 = MANIFOLD_SOLID_BREP ( 'NONE', #14 ) ;
#2038 = CARTESIAN_POINT ( 'NONE',  ( 2.530158218102039200, 0.5114999999999996200, -0.8375000000000267800 ) ) ;
#2039 = CARTESIAN_POINT ( 'NONE',  ( 2.135140404784861400, 0.1500000000000003300, 1.460140404784822100 ) ) ;
#2040 = EDGE_LOOP ( 'NONE', ( #2388, #792, #1595, #3271 ) ) ;
#2041 = LINE ( 'NONE', #1712, #3904 ) ;
#2042 = EDGE_CURVE ( 'NONE', #3112, #3765, #3655, .T. ) ;
#2043 = ORIENTED_EDGE ( 'NONE', *, *, #713, .F. ) ;
#2044 = DIRECTION ( 'NONE',  ( -1.000000000000000000, 0.0000000000000000000, 1.047444401652940000E-014 ) ) ;
#2045 = CARTESIAN_POINT ( 'NONE',  ( 2.757158218102043500, 0.2579013381946188600, -0.4625000000000293300 ) ) ;
#2046 = ORIENTED_EDGE ( 'NONE', *, *, #571, .T. ) ;
#2047 = DIRECTION ( 'NONE',  ( 0.1378445374916272300, 0.9808148484639889200, -0.1378445374916310300 ) ) ;
#2048 = DIRECTION ( 'NONE',  ( 1.047444401652940000E-014, 0.0000000000000000000, 1.000000000000000000 ) ) ;
#2049 = ORIENTED_EDGE ( 'NONE', *, *, #892, .F. ) ;
#2050 = CARTESIAN_POINT ( 'NONE',  ( -2.200000000000016600, 0.7384999999999996000, -1.524999999999976200 ) ) ;
#2051 = FACE_OUTER_BOUND ( 'NONE', #2328, .T. ) ;
#2052 = AXIS2_PLACEMENT_3D ( 'NONE', #2132, #258, #565 ) ;
#2053 = ORIENTED_EDGE ( 'NONE', *, *, #2551, .T. ) ;
#2054 = CARTESIAN_POINT ( 'NONE',  ( 0.0000000000000000000, 0.1500000000000002700, 0.0000000000000000000 ) ) ;
#2055 = VECTOR ( 'NONE', #1736, 1000.000000000000000 ) ;
#2056 = ORIENTED_EDGE ( 'NONE', *, *, #3526, .T. ) ;
#2057 = PRESENTATION_LAYER_ASSIGNMENT (  '', '', ( #246 ) ) ;
#2058 = CARTESIAN_POINT ( 'NONE',  ( 2.530158218102060100, 0.2579013381946189100, 1.112499999999973200 ) ) ;
#2059 = EDGE_CURVE ( 'NONE', #3888, #3651, #25, .T. ) ;
#2060 = CARTESIAN_POINT ( 'NONE',  ( -2.200000000000002800, 0.6114999999999996000, -0.1874999999999773500 ) ) ;
#2061 = LINE ( 'NONE', #3453, #3839 ) ;
#2062 = ORIENTED_EDGE ( 'NONE', *, *, #108, .F. ) ;
#2063 = EDGE_CURVE ( 'NONE', #1799, #2016, #1606, .T. ) ;
#2064 = DIRECTION ( 'NONE',  ( -1.047444401652940000E-014, -0.0000000000000000000, -1.000000000000000000 ) ) ;
#2065 = DIRECTION ( 'NONE',  ( -1.066532129961007700E-014, -0.1391731009600657200, -0.9902680687415703600 ) ) ;
#2066 = CARTESIAN_POINT ( 'NONE',  ( 2.750182570727631500, 0.1581449331686363400, -0.4625000000000292200 ) ) ;
#2067 = CYLINDRICAL_SURFACE ( 'NONE', #1561, 0.2270000000000002000 ) ;
#2068 = VERTEX_POINT ( 'NONE', #994 ) ;
#2069 = FACE_OUTER_BOUND ( 'NONE', #1329, .T. ) ;
#2070 = EDGE_CURVE ( 'NONE', #717, #1814, #177, .T. ) ;
#2071 = ORIENTED_EDGE ( 'NONE', *, *, #1016, .F. ) ;
#2072 = ORIENTED_EDGE ( 'NONE', *, *, #1376, .T. ) ;
#2073 = EDGE_CURVE ( 'NONE', #3888, #1935, #1788, .T. ) ;
#2074 = VERTEX_POINT ( 'NONE', #2253 ) ;
#2075 = SURFACE_SIDE_STYLE ('',( #2635 ) ) ;
#2076 = DIRECTION ( 'NONE',  ( 0.0000000000000000000, 1.000000000000000000, 0.0000000000000000000 ) ) ;
#2077 = CARTESIAN_POINT ( 'NONE',  ( 2.199999999999991700, 0.5114999999999996200, -0.8375000000000234500 ) ) ;
#2078 = ORIENTED_EDGE ( 'NONE', *, *, #306, .F. ) ;
#2079 = ORIENTED_EDGE ( 'NONE', *, *, #2845, .T. ) ;
#2080 = ADVANCED_FACE ( 'NONE', ( #3351 ), #3512, .F. ) ;
#2081 = SURFACE_SIDE_STYLE ('',( #522 ) ) ;
#2082 = VERTEX_POINT ( 'NONE', #384 ) ;
#2083 = MANIFOLD_SOLID_BREP ( 'LPattern1[4]', #3906 ) ;
#2084 = DIRECTION ( 'NONE',  ( -1.000000000000000000, 0.0000000000000000000, 1.029992063861226500E-014 ) ) ;
#2085 = ORIENTED_EDGE ( 'NONE', *, *, #1016, .T. ) ;
#2086 = DIRECTION ( 'NONE',  ( -0.06975647374411911300, 0.9975640502598246400, 7.306602790232785500E-016 ) ) ;
#2087 = EDGE_LOOP ( 'NONE', ( #3288, #776, #1493, #2125 ) ) ;
#2088 = AXIS2_PLACEMENT_3D ( 'NONE', #989, #3811, #830 ) ;
#2089 = CARTESIAN_POINT ( 'NONE',  ( -2.657158218102043000, 0.5114999999999996200, 0.4625000000000273900 ) ) ;
#2090 = LINE ( 'NONE', #668, #416 ) ;
#2091 = DIRECTION ( 'NONE',  ( -0.06975647374411803000, 0.9975640502598247500, 7.306602790232674100E-016 ) ) ;
#2092 = EDGE_CURVE ( 'NONE', #2198, #3367, #1201, .T. ) ;
#2093 = VERTEX_POINT ( 'NONE', #1996 ) ;
#2094 = EDGE_CURVE ( 'NONE', #1704, #1765, #1517, .T. ) ;
#2095 = EDGE_LOOP ( 'NONE', ( #2508, #147, #3181, #3544 ) ) ;
#2096 = ORIENTED_EDGE ( 'NONE', *, *, #913, .F. ) ;
#2097 = DIRECTION ( 'NONE',  ( -1.000000000000000000, 0.0000000000000000000, 1.029992063861230900E-014 ) ) ;
#2098 = LINE ( 'NONE', #3371, #3535 ) ;
#2099 = FACE_OUTER_BOUND ( 'NONE', #3061, .T. ) ;
#2100 = VERTEX_POINT ( 'NONE', #3863 ) ;
#2101 = CARTESIAN_POINT ( 'NONE',  ( 2.430158218102050200, 0.5114999999999996200, 0.1874999999999740800 ) ) ;
#2102 = CARTESIAN_POINT ( 'NONE',  ( 2.200000000000015700, 0.6114999999999996000, 1.524999999999975300 ) ) ;
#2103 = VECTOR ( 'NONE', #1803, 1000.000000000000000 ) ;
#2104 = ORIENTED_EDGE ( 'NONE', *, *, #790, .T. ) ;
#2105 = ORIENTED_EDGE ( 'NONE', *, *, #1582, .T. ) ;
#2106 = ADVANCED_FACE ( 'NONE', ( #1703 ), #3885, .F. ) ;
#2107 = LINE ( 'NONE', #2650, #250 ) ;
#2108 = DIRECTION ( 'NONE',  ( -0.9975640502598247500, 0.06975647374411803000, 1.044892879734885600E-014 ) ) ;
#2109 = ORIENTED_EDGE ( 'NONE', *, *, #2685, .F. ) ;
#2110 = LINE ( 'NONE', #1998, #393 ) ;
#2111 = CARTESIAN_POINT ( 'NONE',  ( -2.430158218102045800, 0.5114999999999996200, 0.1875000000000249800 ) ) ;
#2112 = EDGE_CURVE ( 'NONE', #3840, #1787, #765, .T. ) ;
#2113 = EDGE_LOOP ( 'NONE', ( #3678, #896, #230, #1010 ) ) ;
#2114 = FACE_OUTER_BOUND ( 'NONE', #77, .T. ) ;
#2115 = ORIENTED_EDGE ( 'NONE', *, *, #3677, .T. ) ;
#2116 = DIRECTION ( 'NONE',  ( -1.047444401652940000E-014, -0.0000000000000000000, -1.000000000000000000 ) ) ;
#2117 = PLANE ( 'NONE',  #724 ) ;
#2118 = ORIENTED_EDGE ( 'NONE', *, *, #3526, .F. ) ;
#2119 = CIRCLE ( 'NONE', #2196, 0.09999999999999982500 ) ;
#2120 = EDGE_CURVE ( 'NONE', #1218, #1417, #1064, .T. ) ;
#2121 = CARTESIAN_POINT ( 'NONE',  ( -2.657158218102052800, 0.2579013381946188600, -0.4624999999999726600 ) ) ;
#2122 = ORIENTED_EDGE ( 'NONE', *, *, #1425, .T. ) ;
#2123 = EDGE_CURVE ( 'NONE', #3621, #3867, #603, .T. ) ;
#2124 = VECTOR ( 'NONE', #3794, 1000.000000000000200 ) ;
#2125 = ORIENTED_EDGE ( 'NONE', *, *, #3545, .T. ) ;
#2126 = CARTESIAN_POINT ( 'NONE',  ( 2.657158218102043900, 0.5114999999999995100, -0.4625000000000282800 ) ) ;
#2127 = VERTEX_POINT ( 'NONE', #438 ) ;
#2128 = CARTESIAN_POINT ( 'NONE',  ( -2.657158218102056800, 0.5114999999999996200, -0.8374999999999724900 ) ) ;
#2129 = ADVANCED_FACE ( 'NONE', ( #2009 ), #3576, .F. ) ;
#2130 = DIRECTION ( 'NONE',  ( -1.047444401652940000E-014, -0.0000000000000000000, -1.000000000000000000 ) ) ;
#2131 = AXIS2_PLACEMENT_3D ( 'NONE', #2889, #2903, #1684 ) ;
#2132 = CARTESIAN_POINT ( 'NONE',  ( -2.657158218102056800, 0.5114999999999996200, -0.8374999999999724900 ) ) ;
#2133 = ORIENTED_EDGE ( 'NONE', *, *, #3842, .T. ) ;
#2134 = VECTOR ( 'NONE', #3339, 1000.000000000000000 ) ;
#2135 = VERTEX_POINT ( 'NONE', #3261 ) ;
#2136 = AXIS2_PLACEMENT_3D ( 'NONE', #369, #698, #1948 ) ;
#2137 = VERTEX_POINT ( 'NONE', #2036 ) ;
#2138 = ADVANCED_FACE ( 'NONE', ( #3231 ), #1630, .F. ) ;
#2139 = DIRECTION ( 'NONE',  ( -1.000000000000000000, 0.0000000000000000000, 1.050768625316347000E-014 ) ) ;
#2140 = EDGE_CURVE ( 'NONE', #3323, #3921, #787, .T. ) ;
#2141 =( GEOMETRIC_REPRESENTATION_CONTEXT ( 3 ) GLOBAL_UNCERTAINTY_ASSIGNED_CONTEXT ( ( #1245 ) ) GLOBAL_UNIT_ASSIGNED_CONTEXT ( ( #2305, #3574, #1113 ) ) REPRESENTATION_CONTEXT ( 'NONE', 'WORKASPACE' ) );
#2142 = DIRECTION ( 'NONE',  ( -0.9975640502598247500, -0.06975647374411803000, 1.044892879734885600E-014 ) ) ;
#2143 = ORIENTED_EDGE ( 'NONE', *, *, #2824, .F. ) ;
#2144 = DIRECTION ( 'NONE',  ( -1.000000000000000000, 0.0000000000000000000, 1.084202172485506300E-014 ) ) ;
#2145 = LINE ( 'NONE', #2798, #1895 ) ;
#2146 = EDGE_CURVE ( 'NONE', #2765, #3613, #1817, .T. ) ;
#2147 = ORIENTED_EDGE ( 'NONE', *, *, #1637, .T. ) ;
#2148 = CARTESIAN_POINT ( 'NONE',  ( -2.430158218102060000, 0.7384999999999994900, -1.112499999999975000 ) ) ;
#2149 = EDGE_CURVE ( 'NONE', #1550, #2074, #3280, .T. ) ;
#2150 = VECTOR ( 'NONE', #1790, 1000.000000000000200 ) ;
#2151 = ADVANCED_FACE ( 'NONE', ( #2450 ), #2614, .F. ) ;
#2152 = ADVANCED_FACE ( 'NONE', ( #688 ), #3920, .F. ) ;
#2153 = CARTESIAN_POINT ( 'NONE',  ( 2.750182570727641300, 0.1581449331686364300, 0.4624999999999708200 ) ) ;
#2154 = CIRCLE ( 'NONE', #2883, 0.2269999999999997600 ) ;
#2155 = LINE ( 'NONE', #2126, #1906 ) ;
#2156 = ORIENTED_EDGE ( 'NONE', *, *, #1013, .T. ) ;
#2157 = CARTESIAN_POINT ( 'NONE',  ( 2.430158218102045800, 0.7384999999999998200, -0.1875000000000258400 ) ) ;
#2158 = LINE ( 'NONE', #2077, #1186 ) ;
#2159 = EDGE_LOOP ( 'NONE', ( #707, #330, #1308, #388, #3929, #2644, #937, #1094, #872, #2341, #1096, #3129 ) ) ;
#2160 = DIRECTION ( 'NONE',  ( -0.1391731009600657200, 0.9902680687415703600, 1.457760854613002700E-015 ) ) ;
#2161 = DIRECTION ( 'NONE',  ( -1.047444401652940000E-014, -0.0000000000000000000, -1.000000000000000000 ) ) ;
#2162 = ADVANCED_FACE ( 'NONE', ( #1081 ), #2345, .F. ) ;
#2163 = LINE ( 'NONE', #23, #195 ) ;
#2164 = MECHANICAL_DESIGN_GEOMETRIC_PRESENTATION_REPRESENTATION (  '', ( #2778 ), #2369 ) ;
#2165 = ORIENTED_EDGE ( 'NONE', *, *, #1322, .T. ) ;
#2166 = CARTESIAN_POINT ( 'NONE',  ( 2.199999999999998400, 0.5114999999999996200, -0.1875000000000234300 ) ) ;
#2167 = CARTESIAN_POINT ( 'NONE',  ( -2.530158218102056500, 0.5114999999999996200, -0.8374999999999739300 ) ) ;
#2168 = EDGE_LOOP ( 'NONE', ( #2001, #3156, #711, #4060 ) ) ;
#2169 = EDGE_CURVE ( 'NONE', #1166, #2586, #2251, .T. ) ;
#2170 = CARTESIAN_POINT ( 'NONE',  ( 2.530158218102045900, 0.5114999999999996200, -0.1875000000000269000 ) ) ;
#2171 = AXIS2_PLACEMENT_3D ( 'NONE', #1320, #1639, #2277 ) ;
#2172 = DIRECTION ( 'NONE',  ( -0.9975640502598247500, -0.06975647374411815500, 1.044892879734885600E-014 ) ) ;
#2173 = ORIENTED_EDGE ( 'NONE', *, *, #1883, .T. ) ;
#2174 = FILL_AREA_STYLE ('',( #3411 ) ) ;
#2175 = DIRECTION ( 'NONE',  ( 0.0000000000000000000, 1.000000000000000000, 0.0000000000000000000 ) ) ;
#2176 = VERTEX_POINT ( 'NONE', #2381 ) ;
#2177 = LINE ( 'NONE', #4064, #1097 ) ;
#2178 = LINE ( 'NONE', #3776, #2695 ) ;
#2179 = LINE ( 'NONE', #798, #760 ) ;
#2180 = VERTEX_POINT ( 'NONE', #3347 ) ;
#2181 = DIRECTION ( 'NONE',  ( 1.047444401652940000E-014, 0.0000000000000000000, 1.000000000000000000 ) ) ;
#2182 = VERTEX_POINT ( 'NONE', #3001 ) ;
#2183 = DIRECTION ( 'NONE',  ( -0.0000000000000000000, -1.000000000000000000, -0.0000000000000000000 ) ) ;
#2184 = CYLINDRICAL_SURFACE ( 'NONE', #806, 0.2749999999999998600 ) ;
#2185 = DIRECTION ( 'NONE',  ( -1.047444401652940000E-014, -0.0000000000000000000, -1.000000000000000000 ) ) ;
#2186 = SURFACE_SIDE_STYLE ('',( #873 ) ) ;
#2187 = DIRECTION ( 'NONE',  ( -1.000000000000000000, 0.0000000000000000000, 1.050768625316347000E-014 ) ) ;
#2188 = ORIENTED_EDGE ( 'NONE', *, *, #1443, .T. ) ;
#2189 = DIRECTION ( 'NONE',  ( 0.0000000000000000000, 1.000000000000000000, 0.0000000000000000000 ) ) ;
#2190 = FACE_OUTER_BOUND ( 'NONE', #3727, .T. ) ;
#2191 = CARTESIAN_POINT ( 'NONE',  ( -2.657158218102052800, 0.5114999999999996200, -0.4624999999999726600 ) ) ;
#2192 = VERTEX_POINT ( 'NONE', #1692 ) ;
#2193 = FACE_OUTER_BOUND ( 'NONE', #2259, .T. ) ;
#2194 = ORIENTED_EDGE ( 'NONE', *, *, #1289, .F. ) ;
#2195 = ADVANCED_FACE ( 'NONE', ( #2349 ), #1780, .F. ) ;
#2196 = AXIS2_PLACEMENT_3D ( 'NONE', #1832, #3986, #3029 ) ;
#2197 = EDGE_CURVE ( 'NONE', #1787, #3125, #3785, .T. ) ;
#2198 = VERTEX_POINT ( 'NONE', #2660 ) ;
#2199 = DIRECTION ( 'NONE',  ( 1.047444401652940000E-014, 0.0000000000000000000, 1.000000000000000000 ) ) ;
#2200 = LINE ( 'NONE', #3028, #2627 ) ;
#2201 = CARTESIAN_POINT ( 'NONE',  ( -2.530158218102059700, 0.5114999999999996200, -1.112499999999974100 ) ) ;
#2202 = ORIENTED_EDGE ( 'NONE', *, *, #3111, .F. ) ;
#2203 = ORIENTED_EDGE ( 'NONE', *, *, #82, .T. ) ;
#2204 = CARTESIAN_POINT ( 'NONE',  ( -2.757158218102043500, 0.2579013381946188600, 0.4625000000000285000 ) ) ;
#2205 = EDGE_CURVE ( 'NONE', #2546, #1115, #1432, .T. ) ;
#2206 = VECTOR ( 'NONE', #4052, 1000.000000000000000 ) ;
#2207 = ORIENTED_EDGE ( 'NONE', *, *, #314, .F. ) ;
#2208 = DIRECTION ( 'NONE',  ( 1.103218937824715300E-014, -7.838599868720029500E-017, 1.000000000000000000 ) ) ;
#2209 = DIRECTION ( 'NONE',  ( -1.000000000000000000, 0.0000000000000000000, 1.047444401652940000E-014 ) ) ;
#2210 = LINE ( 'NONE', #1271, #2358 ) ;
#2211 = CARTESIAN_POINT ( 'NONE',  ( 2.530158218102039200, 0.5114999999999996200, -0.8375000000000267800 ) ) ;
#2212 = SURFACE_STYLE_FILL_AREA ( #1416 ) ;
#2213 = ORIENTED_EDGE ( 'NONE', *, *, #1542, .F. ) ;
#2214 = FACE_OUTER_BOUND ( 'NONE', #196, .T. ) ;
#2215 = ORIENTED_EDGE ( 'NONE', *, *, #74, .T. ) ;
#2216 = AXIS2_PLACEMENT_3D ( 'NONE', #1361, #3870, #2538 ) ;
#2217 = VECTOR ( 'NONE', #3866, 1000.000000000000000 ) ;
#2218 = EDGE_CURVE ( 'NONE', #616, #182, #3974, .T. ) ;
#2219 = AXIS2_PLACEMENT_3D ( 'NONE', #3059, #3031, #218 ) ;
#2220 = DIRECTION ( 'NONE',  ( 1.047444401652940000E-014, 0.0000000000000000000, 1.000000000000000000 ) ) ;
#2221 = CARTESIAN_POINT ( 'NONE',  ( 2.657158218102051000, 0.5114999999999995100, 0.1874999999999716900 ) ) ;
#2222 = EDGE_LOOP ( 'NONE', ( #357, #4063, #1601, #1981 ) ) ;
#2223 = CIRCLE ( 'NONE', #2395, 0.09999999999999982500 ) ;
#2224 = VERTEX_POINT ( 'NONE', #502 ) ;
#2225 = FACE_OUTER_BOUND ( 'NONE', #486, .T. ) ;
#2226 = AXIS2_PLACEMENT_3D ( 'NONE', #3307, #3609, #1434 ) ;
#2227 = DIRECTION ( 'NONE',  ( 1.047444401652940000E-014, 0.0000000000000000000, 1.000000000000000000 ) ) ;
#2228 = EDGE_LOOP ( 'NONE', ( #1022, #2793, #553, #492 ) ) ;
#2229 = EDGE_LOOP ( 'NONE', ( #963, #2559, #358, #2374 ) ) ;
#2230 = EDGE_CURVE ( 'NONE', #4070, #57, #3177, .T. ) ;
#2231 = CARTESIAN_POINT ( 'NONE',  ( 2.199999999999998400, 0.6114999999999996000, -0.1875000000000234300 ) ) ;
#2232 = VERTEX_POINT ( 'NONE', #3966 ) ;
#2233 = DIRECTION ( 'NONE',  ( -1.000000000000000000, 0.0000000000000000000, 1.047444401652940000E-014 ) ) ;
#2234 = FILL_AREA_STYLE_COLOUR ( '', #1621 ) ;
#2235 = ORIENTED_EDGE ( 'NONE', *, *, #4017, .T. ) ;
#2236 = CARTESIAN_POINT ( 'NONE',  ( -2.200000000000012200, 0.7384999999999996000, -1.112499999999977400 ) ) ;
#2237 = DIRECTION ( 'NONE',  ( -1.000000000000000000, 0.0000000000000000000, 1.050768625316347000E-014 ) ) ;
#2238 = ORIENTED_EDGE ( 'NONE', *, *, #3683, .T. ) ;
#2239 = PLANE ( 'NONE',  #1229 ) ;
#2240 = VECTOR ( 'NONE', #712, 1000.000000000000000 ) ;
#2241 = AXIS2_PLACEMENT_3D ( 'NONE', #3004, #3041, #3334 ) ;
#2242 = DIRECTION ( 'NONE',  ( -1.000000000000000000, 0.0000000000000000000, 1.084202172485506300E-014 ) ) ;
#2243 = EDGE_LOOP ( 'NONE', ( #3480, #1769, #3300, #225 ) ) ;
#2244 = DIRECTION ( 'NONE',  ( -1.047444401652940000E-014, -0.0000000000000000000, -1.000000000000000000 ) ) ;
#2245 = DIRECTION ( 'NONE',  ( -0.06975647374411911300, -0.9975640502598246400, 7.306602790232785500E-016 ) ) ;
#2246 = ORIENTED_EDGE ( 'NONE', *, *, #3185, .F. ) ;
#2247 = VECTOR ( 'NONE', #220, 1000.000000000000000 ) ;
#2248 = DIRECTION ( 'NONE',  ( 1.047444401652940000E-014, 0.0000000000000000000, 1.000000000000000000 ) ) ;
#2249 = CARTESIAN_POINT ( 'NONE',  ( -3.200000000000008600, 0.1266906343829976900, -0.8374999999999668300 ) ) ;
#2250 = EDGE_CURVE ( 'NONE', #2232, #2180, #3737, .T. ) ;
#2251 = LINE ( 'NONE', #452, #581 ) ;
#2252 = ORIENTED_EDGE ( 'NONE', *, *, #104, .F. ) ;
#2253 = CARTESIAN_POINT ( 'NONE',  ( -2.200000000000009100, 0.6114999999999996000, -0.8374999999999771500 ) ) ;
#2254 = DIRECTION ( 'NONE',  ( 0.0000000000000000000, 1.000000000000000000, 0.0000000000000000000 ) ) ;
#2255 = VECTOR ( 'NONE', #1608, 1000.000000000000000 ) ;
#2256 = ORIENTED_EDGE ( 'NONE', *, *, #3791, .F. ) ;
#2257 = DIRECTION ( 'NONE',  ( -1.047444401652940000E-014, 0.0000000000000000000, -1.000000000000000000 ) ) ;
#2258 = DIRECTION ( 'NONE',  ( 0.0000000000000000000, 1.000000000000000000, 0.0000000000000000000 ) ) ;
#2259 = EDGE_LOOP ( 'NONE', ( #867, #660, #2043, #372 ) ) ;
#2260 = VECTOR ( 'NONE', #2874, 1000.000000000000000 ) ;
#2261 = EDGE_LOOP ( 'NONE', ( #1104, #2109, #1428, #2520 ) ) ;
#2262 = ORIENTED_EDGE ( 'NONE', *, *, #1214, .T. ) ;
#2263 = CARTESIAN_POINT ( 'NONE',  ( 2.135140404784861400, 1.199999999999999300, 1.460140404784822300 ) ) ;
#2264 = CARTESIAN_POINT ( 'NONE',  ( 2.750182570727641300, 0.1581449331686363700, 0.4624999999999708200 ) ) ;
#2265 = DIRECTION ( 'NONE',  ( 1.047444401652940000E-014, -0.0000000000000000000, 1.000000000000000000 ) ) ;
#2266 = ORIENTED_EDGE ( 'NONE', *, *, #104, .T. ) ;
#2267 = VECTOR ( 'NONE', #1179, 1000.000000000000000 ) ;
#2268 = DIRECTION ( 'NONE',  ( -1.047444401652940000E-014, -0.0000000000000000000, -1.000000000000000000 ) ) ;
#2269 = LINE ( 'NONE', #1084, #3889 ) ;
#2270 = PLANE ( 'NONE',  #669 ) ;
#2271 = DIRECTION ( 'NONE',  ( -1.047444401652940000E-014, -0.0000000000000000000, -1.000000000000000000 ) ) ;
#2272 = VECTOR ( 'NONE', #2853, 1000.000000000000000 ) ;
#2273 = ORIENTED_EDGE ( 'NONE', *, *, #2197, .F. ) ;
#2274 = LINE ( 'NONE', #1014, #2692 ) ;
#2275 = EDGE_CURVE ( 'NONE', #3367, #2590, #2926, .T. ) ;
#2276 = ORIENTED_EDGE ( 'NONE', *, *, #1642, .F. ) ;
#2277 = DIRECTION ( 'NONE',  ( -1.000000000000000000, 0.0000000000000000000, 1.050768625316349100E-014 ) ) ;
#2278 = ORIENTED_EDGE ( 'NONE', *, *, #3933, .F. ) ;
#2279 = EDGE_CURVE ( 'NONE', #2414, #2359, #2155, .T. ) ;
#2280 = VECTOR ( 'NONE', #659, 1000.000000000000000 ) ;
#2281 = DIRECTION ( 'NONE',  ( -0.0000000000000000000, -1.000000000000000000, -0.0000000000000000000 ) ) ;
#2282 = DIRECTION ( 'NONE',  ( -0.9975640502598247500, -0.06975647374411815500, 1.044892879734885600E-014 ) ) ;
#2283 = EDGE_CURVE ( 'NONE', #2822, #2885, #1723, .T. ) ;
#2284 = ORIENTED_EDGE ( 'NONE', *, *, #3420, .T. ) ;
#2285 = DIRECTION ( 'NONE',  ( -1.000000000000000000, 0.0000000000000000000, 1.050768625316347000E-014 ) ) ;
#2286 = DIRECTION ( 'NONE',  ( -1.047444401652940000E-014, -0.0000000000000000000, -1.000000000000000000 ) ) ;
#2287 = VERTEX_POINT ( 'NONE', #3372 ) ;
#2288 = EDGE_LOOP ( 'NONE', ( #3430, #813, #2481, #1501 ) ) ;
#2289 = DIRECTION ( 'NONE',  ( -1.047444401652940000E-014, -0.0000000000000000000, -1.000000000000000000 ) ) ;
#2290 = EDGE_LOOP ( 'NONE', ( #402, #3106, #3581, #2946 ) ) ;
#2291 = AXIS2_PLACEMENT_3D ( 'NONE', #3982, #222, #3614 ) ;
#2292 = COLOUR_RGB ( '',0.2509803921568627400, 0.2509803921568627400, 0.2509803921568627400 ) ;
#2293 = DIRECTION ( 'NONE',  ( 0.0000000000000000000, 1.000000000000000000, 0.0000000000000000000 ) ) ;
#2294 = CARTESIAN_POINT ( 'NONE',  ( 2.750182570727624800, 0.1581449331686363400, -1.112500000000029400 ) ) ;
#2295 = ORIENTED_EDGE ( 'NONE', *, *, #2437, .F. ) ;
#2296 = VECTOR ( 'NONE', #930, 1000.000000000000100 ) ;
#2297 = EDGE_LOOP ( 'NONE', ( #3814, #684, #1130, #614, #757, #1551, #2424, #920, #1280, #101, #463, #2256 ) ) ;
#2298 = DIRECTION ( 'NONE',  ( -1.047444401652940000E-014, 0.0000000000000000000, -1.000000000000000000 ) ) ;
#2299 = CARTESIAN_POINT ( 'NONE',  ( -2.430158218102043100, 0.6114999999999996000, 0.4625000000000250600 ) ) ;
#2300 = VECTOR ( 'NONE', #3149, 1000.000000000000000 ) ;
#2301 = ORIENTED_EDGE ( 'NONE', *, *, #206, .F. ) ;
#2302 = EDGE_CURVE ( 'NONE', #324, #4068, #152, .T. ) ;
#2303 = VECTOR ( 'NONE', #1806, 1000.000000000000000 ) ;
#2304 = DIRECTION ( 'NONE',  ( -1.047444401652940000E-014, -0.0000000000000000000, -1.000000000000000000 ) ) ;
#2305 =( LENGTH_UNIT ( ) NAMED_UNIT ( * ) SI_UNIT ( .MILLI., .METRE. ) );
#2306 = EDGE_CURVE ( 'NONE', #3165, #292, #3684, .T. ) ;
#2307 = PRESENTATION_STYLE_ASSIGNMENT (( #1393 ) ) ;
#2308 = EDGE_LOOP ( 'NONE', ( #1987, #1398, #3817, #3820 ) ) ;
#2309 = DIRECTION ( 'NONE',  ( -1.000000000000000000, 0.0000000000000000000, 1.050768625316347000E-014 ) ) ;
#2310 = LINE ( 'NONE', #3926, #1488 ) ;
#2311 = PLANE ( 'NONE',  #2544 ) ;
#2312 = FACE_OUTER_BOUND ( 'NONE', #2906, .T. ) ;
#2313 = VECTOR ( 'NONE', #2293, 1000.000000000000000 ) ;
#2314 = ORIENTED_EDGE ( 'NONE', *, *, #1020, .T. ) ;
#2315 = CIRCLE ( 'NONE', #2527, 0.2270000000000002000 ) ;
#2316 = ORIENTED_EDGE ( 'NONE', *, *, #3622, .F. ) ;
#2317 = EDGE_LOOP ( 'NONE', ( #2750, #3771, #1733, #1922 ) ) ;
#2318 = AXIS2_PLACEMENT_3D ( 'NONE', #2896, #2004, #93 ) ;
#2319 = APPLICATION_PROTOCOL_DEFINITION ( 'draft international standard', 'automotive_design', 1998, #775 ) ;
#2320 = VECTOR ( 'NONE', #2782, 1000.000000000000100 ) ;
#2321 = CARTESIAN_POINT ( 'NONE',  ( 3.199999999999991300, 0.1266906343829976900, -0.8375000000000338800 ) ) ;
#2322 = DIRECTION ( 'NONE',  ( 1.000000000000000000, -4.710681988356335200E-016, -1.047444401652940000E-014 ) ) ;
#2323 = LINE ( 'NONE', #1001, #1507 ) ;
#2324 = EDGE_LOOP ( 'NONE', ( #3485, #1394, #1058, #1387 ) ) ;
#2325 =( GEOMETRIC_REPRESENTATION_CONTEXT ( 3 ) GLOBAL_UNCERTAINTY_ASSIGNED_CONTEXT ( ( #1836 ) ) GLOBAL_UNIT_ASSIGNED_CONTEXT ( ( #857, #871, #202 ) ) REPRESENTATION_CONTEXT ( 'NONE', 'WORKASPACE' ) );
#2326 = CARTESIAN_POINT ( 'NONE',  ( -2.135140404784846800, 0.1500000000000002700, 2.236440863734880000E-014 ) ) ;
#2327 = LINE ( 'NONE', #3429, #1937 ) ;
#2328 = EDGE_LOOP ( 'NONE', ( #3800, #883, #1758, #2963 ) ) ;
#2329 = EDGE_CURVE ( 'NONE', #2474, #2035, #1231, .T. ) ;
#2330 = APPLICATION_PROTOCOL_DEFINITION ( 'draft international standard', 'automotive_design', 1998, #2612 ) ;
#2331 = VERTEX_POINT ( 'NONE', #866 ) ;
#2332 = CARTESIAN_POINT ( 'NONE',  ( 2.200000000000005500, 0.7384999999999996000, 0.4624999999999765400 ) ) ;
#2333 = VECTOR ( 'NONE', #551, 1000.000000000000000 ) ;
#2334 = CARTESIAN_POINT ( 'NONE',  ( -2.199999999999995700, 0.7384999999999996000, 0.4625000000000226200 ) ) ;
#2335 = DIRECTION ( 'NONE',  ( 1.047444401652940000E-014, 0.0000000000000000000, 1.000000000000000000 ) ) ;
#2336 = ORIENTED_EDGE ( 'NONE', *, *, #915, .T. ) ;
#2337 = CARTESIAN_POINT ( 'NONE',  ( 2.530158218102050300, 0.5114999999999996200, 0.1874999999999729900 ) ) ;
#2338 = DIRECTION ( 'NONE',  ( -1.000000000000000000, 0.0000000000000000000, 1.050768625316347000E-014 ) ) ;
#2339 = VERTEX_POINT ( 'NONE', #3686 ) ;
#2340 = SURFACE_STYLE_FILL_AREA ( #1751 ) ;
#2341 = ORIENTED_EDGE ( 'NONE', *, *, #3734, .F. ) ;
#2342 = DIRECTION ( 'NONE',  ( -1.000000000000000000, 0.0000000000000000000, 1.084202172485506300E-014 ) ) ;
#2343 = LINE ( 'NONE', #3025, #1721 ) ;
#2344 = VECTOR ( 'NONE', #3063, 1000.000000000000000 ) ;
#2345 = PLANE ( 'NONE',  #175 ) ;
#2346 = EDGE_CURVE ( 'NONE', #86, #771, #2973, .T. ) ;
#2347 = AXIS2_PLACEMENT_3D ( 'NONE', #2102, #1212, #227 ) ;
#2348 = CARTESIAN_POINT ( 'NONE',  ( -2.741323498562131100, 0.03145429878563849700, 0.1875000000000282300 ) ) ;
#2349 = FACE_OUTER_BOUND ( 'NONE', #838, .T. ) ;
#2350 = ORIENTED_EDGE ( 'NONE', *, *, #2777, .T. ) ;
#2351 = PLANE ( 'NONE',  #2751 ) ;
#2352 = EDGE_CURVE ( 'NONE', #1765, #1814, #1390, .T. ) ;
#2353 = CARTESIAN_POINT ( 'NONE',  ( 2.199999999999982000, 0.7384999999999994900, -1.525000000000023700 ) ) ;
#2354 = CARTESIAN_POINT ( 'NONE',  ( -1.350000000000010100, 1.199999999999999300, -0.9101404047848324900 ) ) ;
#2355 = DIRECTION ( 'NONE',  ( -1.047444401652940000E-014, -0.0000000000000000000, -1.000000000000000000 ) ) ;
#2356 = CIRCLE ( 'NONE', #47, 0.1000000000000002600 ) ;
#2357 = VERTEX_POINT ( 'NONE', #4038 ) ;
#2358 = VECTOR ( 'NONE', #2784, 1000.000000000000000 ) ;
#2359 = VERTEX_POINT ( 'NONE', #884 ) ;
#2360 = VECTOR ( 'NONE', #1939, 1000.000000000000000 ) ;
#2361 = ORIENTED_EDGE ( 'NONE', *, *, #429, .T. ) ;
#2362 = CARTESIAN_POINT ( 'NONE',  ( -2.757158218102039500, 0.2579013381946188600, 0.8375000000000283300 ) ) ;
#2363 = ORIENTED_EDGE ( 'NONE', *, *, #2563, .F. ) ;
#2364 = VECTOR ( 'NONE', #3317, 1000.000000000000000 ) ;
#2365 = DIRECTION ( 'NONE',  ( 1.104320581193163100E-014, 0.0000000000000000000, 1.000000000000000000 ) ) ;
#2366 = DIRECTION ( 'NONE',  ( -1.000000000000000000, 0.0000000000000000000, 1.047444401652940000E-014 ) ) ;
#2367 = ORIENTED_EDGE ( 'NONE', *, *, #657, .T. ) ;
#2368 = ORIENTED_EDGE ( 'NONE', *, *, #3787, .T. ) ;
#2369 =( GEOMETRIC_REPRESENTATION_CONTEXT ( 3 ) GLOBAL_UNCERTAINTY_ASSIGNED_CONTEXT ( ( #3673 ) ) GLOBAL_UNIT_ASSIGNED_CONTEXT ( ( #620, #3085, #1594 ) ) REPRESENTATION_CONTEXT ( 'NONE', 'WORKASPACE' ) );
#2370 = VERTEX_POINT ( 'NONE', #3360 ) ;
#2371 = CARTESIAN_POINT ( 'NONE',  ( 2.199999999999989100, 0.6114999999999996000, -1.112500000000023400 ) ) ;
#2372 = DIRECTION ( 'NONE',  ( 1.047444401652940000E-014, 0.0000000000000000000, 1.000000000000000000 ) ) ;
#2373 = EDGE_CURVE ( 'NONE', #2616, #2799, #3128, .T. ) ;
#2374 = ORIENTED_EDGE ( 'NONE', *, *, #1074, .F. ) ;
#2375 = VECTOR ( 'NONE', #1612, 1000.000000000000000 ) ;
#2376 = AXIS2_PLACEMENT_3D ( 'NONE', #4025, #1828, #3983 ) ;
#2377 = CARTESIAN_POINT ( 'NONE',  ( -3.199999999999991300, 0.1266906343829977100, 0.8375000000000328800 ) ) ;
#2378 = CARTESIAN_POINT ( 'NONE',  ( -3.191140927834499300, 0.0000000000000000000, -0.1874999999999669700 ) ) ;
#2379 = VERTEX_POINT ( 'NONE', #3728 ) ;
#2380 = ORIENTED_EDGE ( 'NONE', *, *, #3500, .F. ) ;
#2381 = CARTESIAN_POINT ( 'NONE',  ( -2.657158218102045700, 0.5114999999999996200, 0.1875000000000273400 ) ) ;
#2382 = EDGE_LOOP ( 'NONE', ( #3538, #79, #2336, #803, #2276, #114, #598, #2386, #2266, #3242, #437, #1478 ) ) ;
#2383 = ADVANCED_FACE ( 'NONE', ( #641 ), #2426, .F. ) ;
#2384 = DIRECTION ( 'NONE',  ( -1.047444401652940000E-014, -0.0000000000000000000, -1.000000000000000000 ) ) ;
#2385 = DIRECTION ( 'NONE',  ( -4.710681988356335200E-016, -1.000000000000000000, 4.934177476671182900E-030 ) ) ;
#2386 = ORIENTED_EDGE ( 'NONE', *, *, #2792, .T. ) ;
#2387 = CARTESIAN_POINT ( 'NONE',  ( -3.199999999999998000, 0.1266906343829977100, 0.1875000000000329500 ) ) ;
#2388 = ORIENTED_EDGE ( 'NONE', *, *, #946, .F. ) ;
#2389 = AXIS2_PLACEMENT_3D ( 'NONE', #309, #2483, #3092 ) ;
#2390 = VECTOR ( 'NONE', #2814, 1000.000000000000000 ) ;
#2391 = VECTOR ( 'NONE', #3598, 1000.000000000000000 ) ;
#2392 = ORIENTED_EDGE ( 'NONE', *, *, #2021, .T. ) ;
#2393 = VECTOR ( 'NONE', #1839, 1000.000000000000000 ) ;
#2394 = ORIENTED_EDGE ( 'NONE', *, *, #3162, .T. ) ;
#2395 = AXIS2_PLACEMENT_3D ( 'NONE', #2101, #3692, #507 ) ;
#2396 = LINE ( 'NONE', #3304, #1864 ) ;
#2397 = CARTESIAN_POINT ( 'NONE',  ( 2.757158218102052900, 0.2579013381946188600, 0.4624999999999707100 ) ) ;
#2398 = FILL_AREA_STYLE_COLOUR ( '', #1725 ) ;
#2399 = ORIENTED_EDGE ( 'NONE', *, *, #2976, .T. ) ;
#2400 = EDGE_CURVE ( 'NONE', #1115, #2068, #2831, .T. ) ;
#2401 = CARTESIAN_POINT ( 'NONE',  ( -2.199999999999995700, 0.7384999999999996000, 0.4625000000000226200 ) ) ;
#2402 = DIRECTION ( 'NONE',  ( 1.047444401652940000E-014, 0.0000000000000000000, 1.000000000000000000 ) ) ;
#2403 = VECTOR ( 'NONE', #3263, 1000.000000000000000 ) ;
#2404 = ORIENTED_EDGE ( 'NONE', *, *, #733, .F. ) ;
#2405 = VECTOR ( 'NONE', #1323, 1000.000000000000000 ) ;
#2406 = ORIENTED_EDGE ( 'NONE', *, *, #2250, .F. ) ;
#2407 = LINE ( 'NONE', #1855, #3988 ) ;
#2408 = DIRECTION ( 'NONE',  ( -0.9975640502598247500, 0.06975647374411803000, 1.044892879734885600E-014 ) ) ;
#2409 = VERTEX_POINT ( 'NONE', #3389 ) ;
#2410 = EDGE_CURVE ( 'NONE', #2607, #3484, #241, .T. ) ;
#2411 = COLOUR_RGB ( '',0.7921568627450980000, 0.8196078431372548800, 0.9333333333333333500 ) ;
#2412 = VERTEX_POINT ( 'NONE', #4008 ) ;
#2413 = FACE_OUTER_BOUND ( 'NONE', #4009, .T. ) ;
#2414 = VERTEX_POINT ( 'NONE', #621 ) ;
#2415 = CARTESIAN_POINT ( 'NONE',  ( -2.135140404784831700, 0.1500000000000003300, 1.460140404784868100 ) ) ;
#2416 = LINE ( 'NONE', #469, #1603 ) ;
#2417 = DIRECTION ( 'NONE',  ( 1.047444401652940000E-014, 0.0000000000000000000, 1.000000000000000000 ) ) ;
#2418 = LINE ( 'NONE', #3774, #354 ) ;
#2419 = DIRECTION ( 'NONE',  ( 1.000000000000000000, -4.710681988356335200E-016, -1.047444401652940000E-014 ) ) ;
#2420 = CARTESIAN_POINT ( 'NONE',  ( -2.430158218102052900, 0.7384999999999994900, -0.4624999999999749900 ) ) ;
#2421 = LINE ( 'NONE', #397, #1457 ) ;
#2422 = EDGE_CURVE ( 'NONE', #3249, #2918, #744, .T. ) ;
#2423 = CARTESIAN_POINT ( 'NONE',  ( 2.199999999999982000, 0.7384999999999996000, -1.525000000000023400 ) ) ;
#2424 = ORIENTED_EDGE ( 'NONE', *, *, #1837, .F. ) ;
#2425 = LINE ( 'NONE', #94, #1515 ) ;
#2426 = PLANE ( 'NONE',  #2698 ) ;
#2427 = ADVANCED_FACE ( 'NONE', ( #1181 ), #1364, .F. ) ;
#2428 = CARTESIAN_POINT ( 'NONE',  ( 1.529415892619143100E-014, 0.1500000000000002700, 1.460140404784844500 ) ) ;
#2429 = CARTESIAN_POINT ( 'NONE',  ( 2.135140404784829000, 0.1500000000000003800, -1.460140404784869000 ) ) ;
#2430 = ORIENTED_EDGE ( 'NONE', *, *, #3529, .F. ) ;
#2431 = CARTESIAN_POINT ( 'NONE',  ( -2.200000000000009100, 0.6114999999999996000, -0.8374999999999772600 ) ) ;
#2432 = PLANE ( 'NONE',  #874 ) ;
#2433 = EDGE_CURVE ( 'NONE', #2456, #2127, #1813, .T. ) ;
#2434 = VERTEX_POINT ( 'NONE', #2506 ) ;
#2435 = LINE ( 'NONE', #3524, #1220 ) ;
#2436 = DIRECTION ( 'NONE',  ( 0.06975647374411803000, 0.9975640502598247500, -7.306602790232674100E-016 ) ) ;
#2437 = EDGE_CURVE ( 'NONE', #4068, #2616, #3437, .T. ) ;
#2438 = ORIENTED_EDGE ( 'NONE', *, *, #3956, .F. ) ;
#2439 = CARTESIAN_POINT ( 'NONE',  ( 2.530158218102050300, 0.2579013381946189100, 0.1874999999999729900 ) ) ;
#2440 = CARTESIAN_POINT ( 'NONE',  ( -2.430158218102036500, 0.5114999999999996200, 1.112500000000024900 ) ) ;
#2441 = CARTESIAN_POINT ( 'NONE',  ( 2.757158218102060000, 0.2579013381946188600, 1.112499999999970700 ) ) ;
#2442 = EDGE_LOOP ( 'NONE', ( #2295, #1993, #2785, #3506 ) ) ;
#2443 = PLANE ( 'NONE',  #1463 ) ;
#2444 = FACE_OUTER_BOUND ( 'NONE', #541, .T. ) ;
#2445 = DIRECTION ( 'NONE',  ( -1.000000000000000000, 0.0000000000000000000, 1.050768625316349100E-014 ) ) ;
#2446 = SURFACE_SIDE_STYLE ('',( #261 ) ) ;
#2447 = CARTESIAN_POINT ( 'NONE',  ( -2.430158218102036500, 0.7384999999999994900, 1.112500000000024900 ) ) ;
#2448 = CARTESIAN_POINT ( 'NONE',  ( 2.430158218102036500, 0.6114999999999996000, -1.112500000000025800 ) ) ;
#2449 = LINE ( 'NONE', #2473, #925 ) ;
#2450 = FACE_OUTER_BOUND ( 'NONE', #392, .T. ) ;
#2451 = ORIENTED_EDGE ( 'NONE', *, *, #3713, .T. ) ;
#2452 = CARTESIAN_POINT ( 'NONE',  ( -2.741323498562138200, 0.03145429878563858100, -0.4624999999999717100 ) ) ;
#2453 = LINE ( 'NONE', #2494, #983 ) ;
#2454 = EDGE_LOOP ( 'NONE', ( #2882, #557, #376, #3606 ) ) ;
#2455 = AXIS2_PLACEMENT_3D ( 'NONE', #4029, #4065, #3121 ) ;
#2456 = VERTEX_POINT ( 'NONE', #1379 ) ;
#2457 = CARTESIAN_POINT ( 'NONE',  ( 2.750182570727634200, 0.1581449331686364300, -0.1875000000000292000 ) ) ;
#2458 = DIRECTION ( 'NONE',  ( -1.000000000000000000, 0.0000000000000000000, 1.064489405713041300E-014 ) ) ;
#2459 = PLANE ( 'NONE',  #1827 ) ;
#2460 = ADVANCED_FACE ( 'NONE', ( #2444 ), #4069, .F. ) ;
#2461 = VERTEX_POINT ( 'NONE', #3230 ) ;
#2462 = CARTESIAN_POINT ( 'NONE',  ( -2.657158218102036300, 0.2579013381946188600, 1.112500000000027400 ) ) ;
#2463 = ORIENTED_EDGE ( 'NONE', *, *, #1849, .F. ) ;
#2464 = LINE ( 'NONE', #769, #1923 ) ;
#2465 = PLANE ( 'NONE',  #3158 ) ;
#2466 = VECTOR ( 'NONE', #3505, 1000.000000000000000 ) ;
#2467 = FACE_OUTER_BOUND ( 'NONE', #3471, .T. ) ;
#2468 = DIRECTION ( 'NONE',  ( 1.000000000000000000, 0.0000000000000000000, -1.047444401652940000E-014 ) ) ;
#2469 = FILL_AREA_STYLE ('',( #1269 ) ) ;
#2470 = ORIENTED_EDGE ( 'NONE', *, *, #1407, .T. ) ;
#2471 = VERTEX_POINT ( 'NONE', #378 ) ;
#2472 = ADVANCED_FACE ( 'NONE', ( #2099 ), #90, .F. ) ;
#2473 = CARTESIAN_POINT ( 'NONE',  ( 3.200000000000011700, 0.1266906343829976900, 1.112499999999965800 ) ) ;
#2474 = VERTEX_POINT ( 'NONE', #3560 ) ;
#2475 = AXIS2_PLACEMENT_3D ( 'NONE', #548, #187, #2086 ) ;
#2476 = EDGE_LOOP ( 'NONE', ( #1625, #2553, #1002, #1868 ) ) ;
#2477 = VECTOR ( 'NONE', #2265, 1000.000000000000000 ) ;
#2478 = CARTESIAN_POINT ( 'NONE',  ( -2.200000000000002800, 0.7384999999999996000, -0.1874999999999773500 ) ) ;
#2479 = ORIENTED_EDGE ( 'NONE', *, *, #2073, .F. ) ;
#2480 = AXIS2_PLACEMENT_3D ( 'NONE', #3115, #3466, #3452 ) ;
#2481 = ORIENTED_EDGE ( 'NONE', *, *, #2437, .T. ) ;
#2482 = DIRECTION ( 'NONE',  ( -1.000000000000000000, 0.0000000000000000000, 1.084202172485501600E-014 ) ) ;
#2483 = DIRECTION ( 'NONE',  ( 1.047444401652940000E-014, 0.0000000000000000000, 1.000000000000000000 ) ) ;
#2484 = DIRECTION ( 'NONE',  ( -0.06975647374411911300, -0.9975640502598246400, 7.306602790232785500E-016 ) ) ;
#2485 = DIRECTION ( 'NONE',  ( 1.047444401652940000E-014, 0.0000000000000000000, 1.000000000000000000 ) ) ;
#2486 = ORIENTED_EDGE ( 'NONE', *, *, #3572, .F. ) ;
#2487 = EDGE_CURVE ( 'NONE', #455, #638, #3227, .T. ) ;
#2488 = ORIENTED_EDGE ( 'NONE', *, *, #263, .T. ) ;
#2489 = FACE_OUTER_BOUND ( 'NONE', #3641, .T. ) ;
#2490 = SURFACE_STYLE_USAGE ( .BOTH. , #304 ) ;
#2491 = ORIENTED_EDGE ( 'NONE', *, *, #2955, .F. ) ;
#2492 = VECTOR ( 'NONE', #3098, 1000.000000000000000 ) ;
#2493 = ORIENTED_EDGE ( 'NONE', *, *, #1314, .F. ) ;
#2494 = CARTESIAN_POINT ( 'NONE',  ( 2.200000000000012200, 0.7384999999999996000, 1.112499999999976500 ) ) ;
#2495 =( LENGTH_UNIT ( ) NAMED_UNIT ( * ) SI_UNIT ( .MILLI., .METRE. ) );
#2496 = DIRECTION ( 'NONE',  ( 1.047444401652940000E-014, 0.0000000000000000000, 1.000000000000000000 ) ) ;
#2497 = CIRCLE ( 'NONE', #2088, 0.2269999999999997600 ) ;
#2498 = VERTEX_POINT ( 'NONE', #2851 ) ;
#2499 = ADVANCED_FACE ( 'NONE', ( #426 ), #3680, .T. ) ;
#2500 = ADVANCED_FACE ( 'NONE', ( #739 ), #1649, .T. ) ;
#2501 = VECTOR ( 'NONE', #1146, 1000.000000000000000 ) ;
#2502 = VERTEX_POINT ( 'NONE', #3872 ) ;
#2503 = AXIS2_PLACEMENT_3D ( 'NONE', #3086, #1233, #1497 ) ;
#2504 = FACE_OUTER_BOUND ( 'NONE', #3767, .T. ) ;
#2505 = ORIENTED_EDGE ( 'NONE', *, *, #3838, .F. ) ;
#2506 = CARTESIAN_POINT ( 'NONE',  ( -2.430158218102036500, 0.6114999999999996000, 1.112500000000024900 ) ) ;
#2507 = AXIS2_PLACEMENT_3D ( 'NONE', #2441, #528, #3687 ) ;
#2508 = ORIENTED_EDGE ( 'NONE', *, *, #3908, .T. ) ;
#2509 = LINE ( 'NONE', #2789, #9 ) ;
#2510 = ORIENTED_EDGE ( 'NONE', *, *, #1048, .T. ) ;
#2511 = CARTESIAN_POINT ( 'NONE',  ( -2.430158218102056900, 0.6114999999999996000, -0.8374999999999748200 ) ) ;
#2512 = EDGE_CURVE ( 'NONE', #2461, #1166, #1955, .T. ) ;
#2513 = CARTESIAN_POINT ( 'NONE',  ( 2.757158218102060000, 0.2579013381946188600, 1.112499999999970700 ) ) ;
#2514 = ORIENTED_EDGE ( 'NONE', *, *, #2873, .F. ) ;
#2515 = EDGE_CURVE ( 'NONE', #3202, #3772, #1176, .T. ) ;
#2516 = VECTOR ( 'NONE', #3604, 1000.000000000000100 ) ;
#2517 = EDGE_LOOP ( 'NONE', ( #3449, #2954, #3703, #1403 ) ) ;
#2518 = CARTESIAN_POINT ( 'NONE',  ( 2.657158218102060300, 0.5114999999999995100, 1.112499999999971800 ) ) ;
#2519 = DIRECTION ( 'NONE',  ( -1.710107087737797400E-015, -1.000000000000000000, 1.791242095277969000E-029 ) ) ;
#2520 = ORIENTED_EDGE ( 'NONE', *, *, #1658, .F. ) ;
#2521 = CARTESIAN_POINT ( 'NONE',  ( -2.750182570727638600, 0.1581449331686363100, -0.1874999999999715800 ) ) ;
#2522 = AXIS2_PLACEMENT_3D ( 'NONE', #1863, #635, #2181 ) ;
#2523 = ORIENTED_EDGE ( 'NONE', *, *, #274, .F. ) ;
#2524 = LINE ( 'NONE', #1785, #2333 ) ;
#2525 = CARTESIAN_POINT ( 'NONE',  ( 2.430158218102052900, 0.5114999999999996200, 0.4624999999999741000 ) ) ;
#2526 = ORIENTED_EDGE ( 'NONE', *, *, #1451, .F. ) ;
#2527 = AXIS2_PLACEMENT_3D ( 'NONE', #1997, #2901, #1969 ) ;
#2528 = ORIENTED_EDGE ( 'NONE', *, *, #2658, .T. ) ;
#2529 = CARTESIAN_POINT ( 'NONE',  ( 2.199999999999982000, 0.7384999999999996000, -1.525000000000023400 ) ) ;
#2530 = AXIS2_PLACEMENT_3D ( 'NONE', #2572, #2897, #3850 ) ;
#2531 = FILL_AREA_STYLE_COLOUR ( '', #1057 ) ;
#2532 = ORIENTED_EDGE ( 'NONE', *, *, #1185, .F. ) ;
#2533 = SURFACE_STYLE_FILL_AREA ( #2469 ) ;
#2534 = CARTESIAN_POINT ( 'NONE',  ( 2.741323498562131100, 0.03145429878563848300, -0.1875000000000290900 ) ) ;
#2535 = EDGE_CURVE ( 'NONE', #292, #2359, #1078, .T. ) ;
#2536 = VECTOR ( 'NONE', #3286, 1000.000000000000000 ) ;
#2537 = ORIENTED_EDGE ( 'NONE', *, *, #206, .T. ) ;
#2538 = DIRECTION ( 'NONE',  ( -1.000000000000000000, 0.0000000000000000000, 1.084202172485506300E-014 ) ) ;
#2539 = DIRECTION ( 'NONE',  ( 1.047444401652940000E-014, 0.0000000000000000000, 1.000000000000000000 ) ) ;
#2540 = CIRCLE ( 'NONE', #1140, 0.09999999999999982500 ) ;
#2541 = VECTOR ( 'NONE', #179, 1000.000000000000100 ) ;
#2542 = DIRECTION ( 'NONE',  ( -1.000000000000000000, 0.0000000000000000000, 1.064489405713041300E-014 ) ) ;
#2543 = VERTEX_POINT ( 'NONE', #2420 ) ;
#2544 = AXIS2_PLACEMENT_3D ( 'NONE', #3265, #1717, #422 ) ;
#2545 = VECTOR ( 'NONE', #3940, 1000.000000000000000 ) ;
#2546 = VERTEX_POINT ( 'NONE', #2723 ) ;
#2547 = CARTESIAN_POINT ( 'NONE',  ( -2.750182570727645300, 0.1581449331686363100, -0.8374999999999714900 ) ) ;
#2548 = LINE ( 'NONE', #389, #797 ) ;
#2549 = FACE_OUTER_BOUND ( 'NONE', #815, .T. ) ;
#2550 = EDGE_CURVE ( 'NONE', #176, #2370, #1028, .T. ) ;
#2551 = EDGE_CURVE ( 'NONE', #2074, #3205, #2922, .T. ) ;
#2552 = MANIFOLD_SOLID_BREP ( 'LPattern1[3]', #1303 ) ;
#2553 = ORIENTED_EDGE ( 'NONE', *, *, #334, .F. ) ;
#2554 = CIRCLE ( 'NONE', #423, 0.2270000000000002000 ) ;
#2555 = VERTEX_POINT ( 'NONE', #3661 ) ;
#2556 = VECTOR ( 'NONE', #3308, 1000.000000000000000 ) ;
#2557 = CARTESIAN_POINT ( 'NONE',  ( 2.199999999999995700, 0.7384999999999996000, -0.4625000000000235000 ) ) ;
#2558 = CARTESIAN_POINT ( 'NONE',  ( -2.199999999999995700, 0.6114999999999996000, 0.4625000000000226200 ) ) ;
#2559 = ORIENTED_EDGE ( 'NONE', *, *, #1215, .T. ) ;
#2560 = EDGE_CURVE ( 'NONE', #2331, #311, #1126, .T. ) ;
#2561 = DIRECTION ( 'NONE',  ( 1.047444401652940000E-014, 0.0000000000000000000, 1.000000000000000000 ) ) ;
#2562 = DIRECTION ( 'NONE',  ( -0.06975647374411803000, 0.9975640502598247500, 7.306602790232674100E-016 ) ) ;
#2563 = EDGE_CURVE ( 'NONE', #3674, #2805, #926, .T. ) ;
#2564 = ORIENTED_EDGE ( 'NONE', *, *, #1399, .F. ) ;
#2565 = DIRECTION ( 'NONE',  ( -1.047444401652940000E-014, -0.0000000000000000000, -1.000000000000000000 ) ) ;
#2566 = CARTESIAN_POINT ( 'NONE',  ( 2.200000000000009100, 0.7384999999999996000, 0.8374999999999763700 ) ) ;
#2567 = CARTESIAN_POINT ( 'NONE',  ( 2.430158218102060000, 0.7384999999999997100, 1.112499999999974300 ) ) ;
#2568 = DIRECTION ( 'NONE',  ( 1.000000000000000000, 0.0000000000000000000, -1.047444401652940000E-014 ) ) ;
#2569 = ORIENTED_EDGE ( 'NONE', *, *, #1013, .F. ) ;
#2570 = PLANE ( 'NONE',  #1258 ) ;
#2571 = CARTESIAN_POINT ( 'NONE',  ( -2.750182570727631500, 0.1581449331686363100, 0.4625000000000283900 ) ) ;
#2572 = CARTESIAN_POINT ( 'NONE',  ( 2.757158218102052900, 0.2579013381946188600, 0.4624999999999707100 ) ) ;
#2573 = VERTEX_POINT ( 'NONE', #2478 ) ;
#2574 = DIRECTION ( 'NONE',  ( 0.9975640502598247500, 0.06975647374411779500, -1.044892879734885600E-014 ) ) ;
#2575 = AXIS2_PLACEMENT_3D ( 'NONE', #2423, #1816, #540 ) ;
#2576 = CARTESIAN_POINT ( 'NONE',  ( 2.200000000000002800, 0.6114999999999996000, 0.1874999999999764600 ) ) ;
#2577 = VERTEX_POINT ( 'NONE', #300 ) ;
#2578 = EDGE_CURVE ( 'NONE', #1218, #3877, #3325, .T. ) ;
#2579 = DIRECTION ( 'NONE',  ( -1.000000000000000000, 0.0000000000000000000, 1.050768625316347000E-014 ) ) ;
#2580 = ADVANCED_FACE ( 'NONE', ( #3968 ), #2738, .F. ) ;
#2581 = VERTEX_POINT ( 'NONE', #3726 ) ;
#2582 = DIRECTION ( 'NONE',  ( 0.0000000000000000000, -1.000000000000000000, 0.0000000000000000000 ) ) ;
#2583 = CARTESIAN_POINT ( 'NONE',  ( -2.757158218102043500, 0.2579013381946188600, 0.4625000000000285000 ) ) ;
#2584 = EDGE_CURVE ( 'NONE', #1101, #3540, #2585, .T. ) ;
#2585 = CIRCLE ( 'NONE', #987, 0.2270000000000002000 ) ;
#2586 = VERTEX_POINT ( 'NONE', #1246 ) ;
#2587 = SURFACE_STYLE_USAGE ( .BOTH. , #1336 ) ;
#2588 = CARTESIAN_POINT ( 'NONE',  ( -3.191140927834488200, -1.807003620809174000E-017, 0.8375000000000327700 ) ) ;
#2589 = VECTOR ( 'NONE', #967, 1000.000000000000000 ) ;
#2590 = VERTEX_POINT ( 'NONE', #1227 ) ;
#2591 = CARTESIAN_POINT ( 'NONE',  ( 2.199999999999982000, 0.6114999999999996000, -1.525000000000023400 ) ) ;
#2592 = CARTESIAN_POINT ( 'NONE',  ( 2.430158218102045800, 0.5114999999999996200, -0.1875000000000258400 ) ) ;
#2593 = FACE_OUTER_BOUND ( 'NONE', #2714, .T. ) ;
#2594 = EDGE_LOOP ( 'NONE', ( #1127, #3958, #3845, #1842 ) ) ;
#2595 = AXIS2_PLACEMENT_3D ( 'NONE', #2060, #3042, #1770 ) ;
#2596 = DIRECTION ( 'NONE',  ( 1.047444401652940000E-014, 0.0000000000000000000, 1.000000000000000000 ) ) ;
#2597 = VERTEX_POINT ( 'NONE', #2148 ) ;
#2598 = VECTOR ( 'NONE', #1107, 1000.000000000000200 ) ;
#2599 = LINE ( 'NONE', #1673, #2795 ) ;
#2600 = LINE ( 'NONE', #1137, #1650 ) ;
#2601 = CARTESIAN_POINT ( 'NONE',  ( -3.199999999999995300, 0.1266906343829977100, 0.4625000000000331100 ) ) ;
#2602 = STYLED_ITEM ( 'NONE', ( #800 ), #3044 ) ;
#2603 = EDGE_LOOP ( 'NONE', ( #417, #2173, #501, #842 ) ) ;
#2604 = VECTOR ( 'NONE', #1680, 1000.000000000000000 ) ;
#2605 = DIRECTION ( 'NONE',  ( -0.06975647374411911300, -0.9975640502598246400, 7.306602790232785500E-016 ) ) ;
#2606 = EDGE_CURVE ( 'NONE', #57, #3577, #3124, .T. ) ;
#2607 = VERTEX_POINT ( 'NONE', #276 ) ;
#2608 = FACE_OUTER_BOUND ( 'NONE', #2949, .T. ) ;
#2609 = EDGE_LOOP ( 'NONE', ( #448, #3854, #927, #3221, #1532, #970, #833, #1874, #3579, #1067, #808, #2368 ) ) ;
#2610 = AXIS2_PLACEMENT_3D ( 'NONE', #3194, #1333, #738 ) ;
#2611 = CARTESIAN_POINT ( 'NONE',  ( -2.530158218102050300, 0.5114999999999996200, -0.1874999999999738800 ) ) ;
#2612 = APPLICATION_CONTEXT ( 'automotive_design' ) ;
#2613 = EDGE_CURVE ( 'NONE', #1, #2232, #1768, .T. ) ;
#2614 = PLANE ( 'NONE',  #3829 ) ;
#2615 = DIRECTION ( 'NONE',  ( 1.047444401652940000E-014, 0.0000000000000000000, 1.000000000000000000 ) ) ;
#2616 = VERTEX_POINT ( 'NONE', #1200 ) ;
#2617 = CARTESIAN_POINT ( 'NONE',  ( -2.750182570727634200, 0.1581449331686363100, 0.1875000000000283400 ) ) ;
#2618 = DIRECTION ( 'NONE',  ( -1.000000000000000000, 0.0000000000000000000, 1.084202172485506300E-014 ) ) ;
#2619 = ADVANCED_FACE ( 'NONE', ( #1579 ), #2465, .F. ) ;
#2620 = CARTESIAN_POINT ( 'NONE',  ( 2.200000000000009100, 0.6114999999999996000, 0.8374999999999762600 ) ) ;
#2621 = EDGE_LOOP ( 'NONE', ( #2363, #2072, #2188, #3023 ) ) ;
#2622 = EDGE_LOOP ( 'NONE', ( #1509, #1640, #2842, #2003 ) ) ;
#2623 = DIRECTION ( 'NONE',  ( 0.0000000000000000000, 1.000000000000000000, 0.0000000000000000000 ) ) ;
#2624 = ORIENTED_EDGE ( 'NONE', *, *, #3219, .T. ) ;
#2625 = AXIS2_PLACEMENT_3D ( 'NONE', #3166, #2561, #1921 ) ;
#2626 = DIRECTION ( 'NONE',  ( 1.047444401652940000E-014, 0.0000000000000000000, 1.000000000000000000 ) ) ;
#2627 = VECTOR ( 'NONE', #3016, 1000.000000000000000 ) ;
#2628 = DIRECTION ( 'NONE',  ( -1.000000000000000000, 0.0000000000000000000, 1.050768625316347000E-014 ) ) ;
#2629 = ORIENTED_EDGE ( 'NONE', *, *, #1901, .F. ) ;
#2630 = PRESENTATION_STYLE_ASSIGNMENT (( #2490 ) ) ;
#2631 = ORIENTED_EDGE ( 'NONE', *, *, #2613, .F. ) ;
#2632 = AXIS2_PLACEMENT_3D ( 'NONE', #3348, #3072, #1805 ) ;
#2633 = VERTEX_POINT ( 'NONE', #1823 ) ;
#2634 = EDGE_CURVE ( 'NONE', #3428, #3577, #3875, .T. ) ;
#2635 = SURFACE_STYLE_FILL_AREA ( #1483 ) ;
#2636 = EDGE_CURVE ( 'NONE', #91, #730, #3172, .T. ) ;
#2637 = LINE ( 'NONE', #2984, #1727 ) ;
#2638 = VERTEX_POINT ( 'NONE', #4019 ) ;
#2639 = DIRECTION ( 'NONE',  ( -1.047444401652940000E-014, -0.0000000000000000000, -1.000000000000000000 ) ) ;
#2640 = FACE_OUTER_BOUND ( 'NONE', #3803, .T. ) ;
#2641 = ORIENTED_EDGE ( 'NONE', *, *, #429, .F. ) ;
#2642 = CARTESIAN_POINT ( 'NONE',  ( -2.430158218102050200, 0.6114999999999996000, -0.1874999999999749400 ) ) ;
#2643 = VERTEX_POINT ( 'NONE', #894 ) ;
#2644 = ORIENTED_EDGE ( 'NONE', *, *, #3019, .T. ) ;
#2645 = ORIENTED_EDGE ( 'NONE', *, *, #2550, .T. ) ;
#2646 = VECTOR ( 'NONE', #3201, 1000.000000000000000 ) ;
#2647 = STYLED_ITEM ( 'NONE', ( #4015 ), #1553 ) ;
#2648 = CARTESIAN_POINT ( 'NONE',  ( -2.200000000000002800, 0.6114999999999996000, -0.1874999999999773500 ) ) ;
#2649 = LINE ( 'NONE', #2000, #3461 ) ;
#2650 = CARTESIAN_POINT ( 'NONE',  ( -2.741323498562135500, 0.03145429878563841400, -0.1874999999999716900 ) ) ;
#2651 = ORIENTED_EDGE ( 'NONE', *, *, #856, .F. ) ;
#2652 = AXIS2_PLACEMENT_3D ( 'NONE', #1055, #3879, #704 ) ;
#2653 = CARTESIAN_POINT ( 'NONE',  ( 2.757158218102039500, 0.2579013381946188600, -0.8375000000000292200 ) ) ;
#2654 = ORIENTED_EDGE ( 'NONE', *, *, #1185, .T. ) ;
#2655 = ORIENTED_EDGE ( 'NONE', *, *, #657, .F. ) ;
#2656 = SURFACE_STYLE_USAGE ( .BOTH. , #193 ) ;
#2657 = CARTESIAN_POINT ( 'NONE',  ( 2.199999999999991700, 0.7384999999999996000, -0.8375000000000234500 ) ) ;
#2658 = EDGE_CURVE ( 'NONE', #296, #3246, #1858, .T. ) ;
#2659 = EDGE_LOOP ( 'NONE', ( #2810, #2849, #2694, #3330 ) ) ;
#2660 = CARTESIAN_POINT ( 'NONE',  ( -3.191140927834508600, -1.807003620809174000E-017, -1.112499999999967200 ) ) ;
#2661 = SURFACE_STYLE_USAGE ( .BOTH. , #3957 ) ;
#2662 = EDGE_LOOP ( 'NONE', ( #1808, #758, #2463, #3691 ) ) ;
#2663 = DIRECTION ( 'NONE',  ( -1.047444401652940000E-014, -0.0000000000000000000, -1.000000000000000000 ) ) ;
#2664 = EDGE_CURVE ( 'NONE', #2987, #2409, #3808, .T. ) ;
#2665 = ORIENTED_EDGE ( 'NONE', *, *, #2140, .F. ) ;
#2666 = AXIS2_PLACEMENT_3D ( 'NONE', #3689, #198, #4001 ) ;
#2667 = UNCERTAINTY_MEASURE_WITH_UNIT (LENGTH_MEASURE( 1.000000000000000100E-005 ), #1708, 'distance_accuracy_value', 'NONE');
#2668 = ORIENTED_EDGE ( 'NONE', *, *, #3275, .F. ) ;
#2669 = ADVANCED_FACE ( 'NONE', ( #3758 ), #1300, .F. ) ;
#2670 = COLOUR_RGB ( '',1.000000000000000000, 1.000000000000000000, 1.000000000000000000 ) ;
#2671 = DIRECTION ( 'NONE',  ( -1.047444401652940000E-014, -0.0000000000000000000, -1.000000000000000000 ) ) ;
#2672 =( GEOMETRIC_REPRESENTATION_CONTEXT ( 3 ) GLOBAL_UNCERTAINTY_ASSIGNED_CONTEXT ( ( #1902 ) ) GLOBAL_UNIT_ASSIGNED_CONTEXT ( ( #1624, #2900, #95 ) ) REPRESENTATION_CONTEXT ( 'NONE', 'WORKASPACE' ) );
#2673 = EDGE_CURVE ( 'NONE', #2180, #3747, #1409, .T. ) ;
#2674 = VECTOR ( 'NONE', #355, 1000.000000000000000 ) ;
#2675 = VECTOR ( 'NONE', #1274, 1000.000000000000000 ) ;
#2676 = VERTEX_POINT ( 'NONE', #40 ) ;
#2677 = EDGE_CURVE ( 'NONE', #1413, #3117, #456, .T. ) ;
#2678 = CARTESIAN_POINT ( 'NONE',  ( -3.191140927834505500, 0.0000000000000000000, -0.8374999999999668300 ) ) ;
#2679 = VECTOR ( 'NONE', #2220, 1000.000000000000000 ) ;
#2680 = ORIENTED_EDGE ( 'NONE', *, *, #3418, .T. ) ;
#2681 = ADVANCED_FACE ( 'NONE', ( #124 ), #1628, .F. ) ;
#2682 = EDGE_CURVE ( 'NONE', #827, #1821, #1052, .T. ) ;
#2683 = ORIENTED_EDGE ( 'NONE', *, *, #2306, .F. ) ;
#2684 = DIRECTION ( 'NONE',  ( 1.047444401652940000E-014, 0.0000000000000000000, 1.000000000000000000 ) ) ;
#2685 = EDGE_CURVE ( 'NONE', #517, #2434, #3253, .T. ) ;
#2686 = VECTOR ( 'NONE', #2322, 1000.000000000000000 ) ;
#2687 = PLANE ( 'NONE',  #3640 ) ;
#2688 = CARTESIAN_POINT ( 'NONE',  ( -2.430158218102056900, 0.5114999999999996200, -0.8374999999999748200 ) ) ;
#2689 = CARTESIAN_POINT ( 'NONE',  ( 2.530158218102053000, 0.2579013381946189100, 0.4624999999999731000 ) ) ;
#2690 = ORIENTED_EDGE ( 'NONE', *, *, #2302, .T. ) ;
#2691 = LINE ( 'NONE', #3306, #2794 ) ;
#2692 = VECTOR ( 'NONE', #2850, 1000.000000000000000 ) ;
#2693 = DIRECTION ( 'NONE',  ( 0.9975640502598247500, -0.06975647374411822500, -1.044892879734885600E-014 ) ) ;
#2694 = ORIENTED_EDGE ( 'NONE', *, *, #3993, .F. ) ;
#2695 = VECTOR ( 'NONE', #301, 1000.000000000000000 ) ;
#2696 = FACE_OUTER_BOUND ( 'NONE', #622, .T. ) ;
#2697 = EDGE_CURVE ( 'NONE', #975, #2573, #2418, .T. ) ;
#2698 = AXIS2_PLACEMENT_3D ( 'NONE', #542, #2728, #1516 ) ;
#2699 = CARTESIAN_POINT ( 'NONE',  ( -3.191140927834485100, 0.0000000000000000000, 1.112500000000032900 ) ) ;
#2700 = VERTEX_POINT ( 'NONE', #1325 ) ;
#2701 = ADVANCED_FACE ( 'NONE', ( #2608 ), #3150, .F. ) ;
#2702 = EDGE_CURVE ( 'NONE', #2016, #2555, #1701, .T. ) ;
#2703 = ORIENTED_EDGE ( 'NONE', *, *, #3671, .F. ) ;
#2704 = DIRECTION ( 'NONE',  ( -1.000000000000000000, 0.0000000000000000000, 1.047444401652940000E-014 ) ) ;
#2705 = PLANE ( 'NONE',  #924 ) ;
#2706 = VECTOR ( 'NONE', #1352, 1000.000000000000000 ) ;
#2707 = AXIS2_PLACEMENT_3D ( 'NONE', #204, #1121, #2365 ) ;
#2708 = DIRECTION ( 'NONE',  ( 1.000000000000000000, 0.0000000000000000000, -1.047444401652940000E-014 ) ) ;
#2709 = PLANE ( 'NONE',  #3874 ) ;
#2710 = ORIENTED_EDGE ( 'NONE', *, *, #1230, .T. ) ;
#2711 = EDGE_CURVE ( 'NONE', #4057, #1578, #2323, .T. ) ;
#2712 = EDGE_CURVE ( 'NONE', #5, #2287, #3999, .T. ) ;
#2713 = ORIENTED_EDGE ( 'NONE', *, *, #3388, .T. ) ;
#2714 = EDGE_LOOP ( 'NONE', ( #3925, #1792, #1353, #3396 ) ) ;
#2715 = CARTESIAN_POINT ( 'NONE',  ( 2.530158218102056500, 0.5114999999999996200, 0.8374999999999730400 ) ) ;
#2716 = CARTESIAN_POINT ( 'NONE',  ( -2.530158218102050300, 0.2579013381946189700, -0.1874999999999738800 ) ) ;
#2717 = CARTESIAN_POINT ( 'NONE',  ( 2.741323498562121800, 0.03145429878563848300, -1.112500000000029100 ) ) ;
#2718 = EDGE_LOOP ( 'NONE', ( #1426, #3643, #2235, #2278 ) ) ;
#2719 = FACE_OUTER_BOUND ( 'NONE', #1784, .T. ) ;
#2720 = CARTESIAN_POINT ( 'NONE',  ( -2.430158218102036500, 0.5114999999999996200, 1.112500000000024900 ) ) ;
#2721 = ORIENTED_EDGE ( 'NONE', *, *, #1965, .T. ) ;
#2722 = AXIS2_PLACEMENT_3D ( 'NONE', #3777, #2209, #3159 ) ;
#2723 = CARTESIAN_POINT ( 'NONE',  ( -2.430158218102060000, 0.6114999999999996000, -1.112499999999975000 ) ) ;
#2724 = VERTEX_POINT ( 'NONE', #1644 ) ;
#2725 = DIRECTION ( 'NONE',  ( -0.9902680687415703600, -0.1391731009600657200, 1.037250744739026600E-014 ) ) ;
#2726 = VECTOR ( 'NONE', #3423, 1000.000000000000000 ) ;
#2727 = ORIENTED_EDGE ( 'NONE', *, *, #19, .F. ) ;
#2728 = DIRECTION ( 'NONE',  ( 1.000000000000000000, 0.0000000000000000000, -1.047444401652940000E-014 ) ) ;
#2729 = AXIS2_PLACEMENT_3D ( 'NONE', #3818, #677, #2848 ) ;
#2730 = DIRECTION ( 'NONE',  ( 1.047444401652940000E-014, 0.0000000000000000000, 1.000000000000000000 ) ) ;
#2731 = LINE ( 'NONE', #1635, #2255 ) ;
#2732 = ORIENTED_EDGE ( 'NONE', *, *, #4021, .F. ) ;
#2733 = EDGE_CURVE ( 'NONE', #3342, #1440, #3711, .T. ) ;
#2734 = CARTESIAN_POINT ( 'NONE',  ( 2.657158218102037200, 0.5114999999999994000, -1.112500000000028200 ) ) ;
#2735 = CARTESIAN_POINT ( 'NONE',  ( -2.741323498562121800, 0.03145429878563858100, 1.112500000000028200 ) ) ;
#2736 = EDGE_CURVE ( 'NONE', #1286, #2471, #312, .T. ) ;
#2737 = LINE ( 'NONE', #728, #1593 ) ;
#2738 = PLANE ( 'NONE',  #1421 ) ;
#2739 = ORIENTED_EDGE ( 'NONE', *, *, #860, .T. ) ;
#2740 = CARTESIAN_POINT ( 'NONE',  ( -3.191140927834499300, 0.0000000000000000000, -0.1874999999999669700 ) ) ;
#2741 = ORIENTED_EDGE ( 'NONE', *, *, #3083, .F. ) ;
#2742 = ORIENTED_EDGE ( 'NONE', *, *, #1671, .T. ) ;
#2743 = LINE ( 'NONE', #1771, #1043 ) ;
#2744 = DIRECTION ( 'NONE',  ( -0.9975640502598247500, 0.06975647374411803000, 1.044892879734885600E-014 ) ) ;
#2745 = LINE ( 'NONE', #1846, #997 ) ;
#2746 = DIRECTION ( 'NONE',  ( -1.000000000000000000, 0.0000000000000000000, 1.050768625316347000E-014 ) ) ;
#2747 = LINE ( 'NONE', #3620, #999 ) ;
#2748 = DIRECTION ( 'NONE',  ( -1.047444401652940000E-014, -0.0000000000000000000, -1.000000000000000000 ) ) ;
#2749 = DIRECTION ( 'NONE',  ( -0.9975640502598247500, -0.06975647374411803000, 1.044892879734885600E-014 ) ) ;
#2750 = ORIENTED_EDGE ( 'NONE', *, *, #1289, .T. ) ;
#2751 = AXIS2_PLACEMENT_3D ( 'NONE', #2944, #3592, #1066 ) ;
#2752 = ORIENTED_EDGE ( 'NONE', *, *, #785, .F. ) ;
#2753 = CARTESIAN_POINT ( 'NONE',  ( 2.200000000000002800, 0.6114999999999996000, 0.1874999999999764600 ) ) ;
#2754 = ORIENTED_EDGE ( 'NONE', *, *, #1511, .F. ) ;
#2755 = PLANE ( 'NONE',  #2759 ) ;
#2756 = EDGE_CURVE ( 'NONE', #1040, #316, #1875, .T. ) ;
#2757 = ADVANCED_FACE ( 'NONE', ( #1360 ), #747, .F. ) ;
#2758 = PRESENTATION_LAYER_ASSIGNMENT (  '', '', ( #879 ) ) ;
#2759 = AXIS2_PLACEMENT_3D ( 'NONE', #895, #2468, #2768 ) ;
#2760 = ORIENTED_EDGE ( 'NONE', *, *, #1800, .T. ) ;
#2761 = DIRECTION ( 'NONE',  ( -1.710107087737797400E-015, -1.000000000000000000, 1.791242095277969000E-029 ) ) ;
#2762 = EDGE_CURVE ( 'NONE', #3921, #1040, #996, .T. ) ;
#2763 = ORIENTED_EDGE ( 'NONE', *, *, #1148, .T. ) ;
#2764 = PLANE ( 'NONE',  #2347 ) ;
#2765 = VERTEX_POINT ( 'NONE', #1698 ) ;
#2766 = CARTESIAN_POINT ( 'NONE',  ( 2.200000000000015700, 0.7384999999999996000, 1.524999999999975300 ) ) ;
#2767 = EDGE_CURVE ( 'NONE', #3941, #1101, #1354, .T. ) ;
#2768 = DIRECTION ( 'NONE',  ( -1.047444401652940000E-014, 0.0000000000000000000, -1.000000000000000000 ) ) ;
#2769 = ORIENTED_EDGE ( 'NONE', *, *, #2410, .T. ) ;
#2770 = CARTESIAN_POINT ( 'NONE',  ( -2.430158218102043100, 0.7384999999999996000, 0.4625000000000250600 ) ) ;
#2771 = ORIENTED_EDGE ( 'NONE', *, *, #814, .T. ) ;
#2772 = CARTESIAN_POINT ( 'NONE',  ( 0.0000000000000000000, 1.199999999999999300, 0.0000000000000000000 ) ) ;
#2773 = FACE_OUTER_BOUND ( 'NONE', #3382, .T. ) ;
#2774 = ADVANCED_FACE ( 'NONE', ( #708 ), #1685, .F. ) ;
#2775 = VECTOR ( 'NONE', #3081, 1000.000000000000000 ) ;
#2776 = EDGE_LOOP ( 'NONE', ( #3355, #89, #336, #4006 ) ) ;
#2777 = EDGE_CURVE ( 'NONE', #2182, #595, #3642, .T. ) ;
#2778 = STYLED_ITEM ( 'NONE', ( #2630 ), #1423 ) ;
#2779 = CARTESIAN_POINT ( 'NONE',  ( -2.741323498562121800, 0.03145429878563841400, 1.112500000000028200 ) ) ;
#2780 = FACE_OUTER_BOUND ( 'NONE', #118, .T. ) ;
#2781 = ORIENTED_EDGE ( 'NONE', *, *, #3599, .T. ) ;
#2782 = DIRECTION ( 'NONE',  ( -0.06975647374411911300, -0.9975640502598246400, 7.306602790232785500E-016 ) ) ;
#2783 = VECTOR ( 'NONE', #1518, 1000.000000000000000 ) ;
#2784 = DIRECTION ( 'NONE',  ( 0.0000000000000000000, 1.000000000000000000, 0.0000000000000000000 ) ) ;
#2785 = ORIENTED_EDGE ( 'NONE', *, *, #278, .F. ) ;
#2786 = CARTESIAN_POINT ( 'NONE',  ( -2.530158218102056500, 0.5114999999999996200, -0.8374999999999739300 ) ) ;
#2787 = DIRECTION ( 'NONE',  ( -1.000000000000000000, 0.0000000000000000000, 1.050768625316349100E-014 ) ) ;
#2788 = CARTESIAN_POINT ( 'NONE',  ( -3.191140927834485100, 0.0000000000000000000, 1.112500000000032900 ) ) ;
#2789 = CARTESIAN_POINT ( 'NONE',  ( -2.750182570727624800, 0.1581449331686363100, 1.112500000000028500 ) ) ;
#2790 = LINE ( 'NONE', #1370, #1971 ) ;
#2791 = CARTESIAN_POINT ( 'NONE',  ( -2.750182570727645300, 0.1581449331686363100, -0.8374999999999714900 ) ) ;
#2792 = EDGE_CURVE ( 'NONE', #3476, #3867, #166, .T. ) ;
#2793 = ORIENTED_EDGE ( 'NONE', *, *, #1427, .T. ) ;
#2794 = VECTOR ( 'NONE', #1422, 1000.000000000000000 ) ;
#2795 = VECTOR ( 'NONE', #2286, 1000.000000000000000 ) ;
#2796 = LINE ( 'NONE', #2066, #3248 ) ;
#2797 = ADVANCED_FACE ( 'NONE', ( #3292 ), #1374, .F. ) ;
#2798 = CARTESIAN_POINT ( 'NONE',  ( 2.200000000000009100, 0.6114999999999996000, 0.8374999999999763700 ) ) ;
#2799 = VERTEX_POINT ( 'NONE', #3532 ) ;
#2800 = LINE ( 'NONE', #2166, #3148 ) ;
#2801 = FILL_AREA_STYLE ('',( #543 ) ) ;
#2802 = ORIENTED_EDGE ( 'NONE', *, *, #1265, .F. ) ;
#2803 = CARTESIAN_POINT ( 'NONE',  ( -2.199999999999989100, 0.7384999999999996000, 1.112500000000022500 ) ) ;
#2804 = CARTESIAN_POINT ( 'NONE',  ( -1.075000000000010200, 1.149999999999999200, -0.9101404047848353800 ) ) ;
#2805 = VERTEX_POINT ( 'NONE', #1386 ) ;
#2806 = CARTESIAN_POINT ( 'NONE',  ( 2.530158218102057000, 0.5114999999999996200, 0.8374999999999730400 ) ) ;
#2807 = VECTOR ( 'NONE', #1382, 1000.000000000000000 ) ;
#2808 = AXIS2_PLACEMENT_3D ( 'NONE', #1065, #2626, #766 ) ;
#2809 = PLANE ( 'NONE',  #2722 ) ;
#2810 = ORIENTED_EDGE ( 'NONE', *, *, #1911, .T. ) ;
#2811 = DIRECTION ( 'NONE',  ( -1.047444401652940000E-014, -0.0000000000000000000, -1.000000000000000000 ) ) ;
#2812 = EDGE_CURVE ( 'NONE', #593, #3840, #1142, .T. ) ;
#2813 = CARTESIAN_POINT ( 'NONE',  ( -2.200000000000009100, 0.6114999999999996000, -0.8374999999999772600 ) ) ;
#2814 = DIRECTION ( 'NONE',  ( -1.000000000000000000, 0.0000000000000000000, 1.047444401652940000E-014 ) ) ;
#2815 = EDGE_CURVE ( 'NONE', #702, #299, #3553, .T. ) ;
#2816 = PRESENTATION_LAYER_ASSIGNMENT (  '', '', ( #1290 ) ) ;
#2817 = ORIENTED_EDGE ( 'NONE', *, *, #3431, .T. ) ;
#2818 = ADVANCED_FACE ( 'NONE', ( #3934 ), #3401, .F. ) ;
#2819 = CARTESIAN_POINT ( 'NONE',  ( -2.430158218102050200, 0.5114999999999996200, -0.1874999999999749400 ) ) ;
#2820 = EDGE_CURVE ( 'NONE', #638, #1799, #1555, .T. ) ;
#2821 = PLANE ( 'NONE',  #240 ) ;
#2822 = VERTEX_POINT ( 'NONE', #1026 ) ;
#2823 = DIRECTION ( 'NONE',  ( -1.000000000000000000, -4.075181181749331300E-017, 1.076440822446789000E-014 ) ) ;
#2824 = EDGE_CURVE ( 'NONE', #1972, #1166, #3089, .T. ) ;
#2825 = LINE ( 'NONE', #2457, #777 ) ;
#2826 = VERTEX_POINT ( 'NONE', #2353 ) ;
#2827 = VECTOR ( 'NONE', #435, 1000.000000000000000 ) ;
#2828 = ORIENTED_EDGE ( 'NONE', *, *, #3649, .T. ) ;
#2829 = DIRECTION ( 'NONE',  ( -1.047444401652940000E-014, 0.0000000000000000000, -1.000000000000000000 ) ) ;
#2830 = PLANE ( 'NONE',  #888 ) ;
#2831 = LINE ( 'NONE', #3754, #3381 ) ;
#2832 = EDGE_LOOP ( 'NONE', ( #1100, #156, #3876, #2569 ) ) ;
#2833 = LINE ( 'NONE', #3970, #2501 ) ;
#2834 = CIRCLE ( 'NONE', #3985, 0.09999999999999982500 ) ;
#2835 = ORIENTED_EDGE ( 'NONE', *, *, #3357, .T. ) ;
#2836 = DIRECTION ( 'NONE',  ( -1.000000000000000000, 0.0000000000000000000, 1.057097118173364100E-014 ) ) ;
#2837 = ADVANCED_FACE ( 'NONE', ( #1446 ), #1830, .F. ) ;
#2838 = LINE ( 'NONE', #1748, #1088 ) ;
#2839 = DIRECTION ( 'NONE',  ( 0.0000000000000000000, 1.000000000000000000, 0.0000000000000000000 ) ) ;
#2840 = AXIS2_PLACEMENT_3D ( 'NONE', #693, #2227, #3522 ) ;
#2841 = DIRECTION ( 'NONE',  ( 0.0000000000000000000, 1.000000000000000000, 0.0000000000000000000 ) ) ;
#2842 = ORIENTED_EDGE ( 'NONE', *, *, #1003, .F. ) ;
#2843 = DIRECTION ( 'NONE',  ( -0.9975640502598247500, 0.06975647374411912700, 1.044892879734885700E-014 ) ) ;
#2844 = EDGE_CURVE ( 'NONE', #1852, #4018, #2691, .T. ) ;
#2845 = EDGE_CURVE ( 'NONE', #2676, #3681, #1977, .T. ) ;
#2846 = VECTOR ( 'NONE', #2959, 1000.000000000000000 ) ;
#2847 = CARTESIAN_POINT ( 'NONE',  ( 2.530158218102039700, 0.2579013381946189700, -0.8375000000000267800 ) ) ;
#2848 = DIRECTION ( 'NONE',  ( -0.06975647374411911300, -0.9975640502598246400, 7.306602790232785500E-016 ) ) ;
#2849 = ORIENTED_EDGE ( 'NONE', *, *, #53, .F. ) ;
#2850 = DIRECTION ( 'NONE',  ( -0.0000000000000000000, -1.000000000000000000, -0.0000000000000000000 ) ) ;
#2851 = CARTESIAN_POINT ( 'NONE',  ( 2.430158218102045800, 0.6114999999999996000, -0.1875000000000258400 ) ) ;
#2852 = DIRECTION ( 'NONE',  ( 1.000000000000000000, 0.0000000000000000000, -1.047444401652940000E-014 ) ) ;
#2853 = DIRECTION ( 'NONE',  ( -0.0000000000000000000, -1.000000000000000000, -0.0000000000000000000 ) ) ;
#2854 = ORIENTED_EDGE ( 'NONE', *, *, #3791, .T. ) ;
#2855 = DIRECTION ( 'NONE',  ( 1.047444401652940000E-014, 0.0000000000000000000, 1.000000000000000000 ) ) ;
#2856 = AXIS2_PLACEMENT_3D ( 'NONE', #2397, #3350, #2097 ) ;
#2857 = ORIENTED_EDGE ( 'NONE', *, *, #2070, .F. ) ;
#2858 = DIRECTION ( 'NONE',  ( 0.0000000000000000000, 1.000000000000000000, 0.0000000000000000000 ) ) ;
#2859 = CARTESIAN_POINT ( 'NONE',  ( 2.430158218102052900, 0.6114999999999996000, 0.4624999999999741000 ) ) ;
#2860 = ORIENTED_EDGE ( 'NONE', *, *, #2892, .F. ) ;
#2861 = AXIS2_PLACEMENT_3D ( 'NONE', #1222, #2562, #2142 ) ;
#2862 = CARTESIAN_POINT ( 'NONE',  ( -2.199999999999984600, 0.7384999999999996000, 1.525000000000022300 ) ) ;
#2863 = CARTESIAN_POINT ( 'NONE',  ( -2.657158218102059400, 0.2579013381946188600, -1.112499999999972700 ) ) ;
#2864 = EDGE_CURVE ( 'NONE', #3877, #2643, #2464, .T. ) ;
#2865 = VERTEX_POINT ( 'NONE', #2678 ) ;
#2866 = PLANE ( 'NONE',  #344 ) ;
#2867 = DIRECTION ( 'NONE',  ( -1.047444401652940000E-014, -0.0000000000000000000, -1.000000000000000000 ) ) ;
#2868 = EDGE_CURVE ( 'NONE', #3994, #1475, #2894, .T. ) ;
#2869 =( NAMED_UNIT ( * ) SI_UNIT ( $, .STERADIAN. ) SOLID_ANGLE_UNIT ( ) );
#2870 = ORIENTED_EDGE ( 'NONE', *, *, #2702, .T. ) ;
#2871 = DIRECTION ( 'NONE',  ( -1.000000000000000000, 0.0000000000000000000, 1.047444401652940000E-014 ) ) ;
#2872 = FACE_OUTER_BOUND ( 'NONE', #2476, .T. ) ;
#2873 = EDGE_CURVE ( 'NONE', #1086, #2986, #2554, .T. ) ;
#2874 = DIRECTION ( 'NONE',  ( -1.000000000000000000, 0.0000000000000000000, 1.047444401652940000E-014 ) ) ;
#2875 = CARTESIAN_POINT ( 'NONE',  ( 2.200000000000012200, 0.6114999999999996000, 1.112499999999976500 ) ) ;
#2876 = VECTOR ( 'NONE', #65, 1000.000000000000000 ) ;
#2877 = ORIENTED_EDGE ( 'NONE', *, *, #1662, .F. ) ;
#2878 = DIRECTION ( 'NONE',  ( -1.047444401652940000E-014, -0.0000000000000000000, -1.000000000000000000 ) ) ;
#2879 = DIRECTION ( 'NONE',  ( -1.000000000000000000, 0.0000000000000000000, 1.050768625316347000E-014 ) ) ;
#2880 = VECTOR ( 'NONE', #2519, 1000.000000000000000 ) ;
#2881 = DIRECTION ( 'NONE',  ( 1.047444401652940000E-014, 0.0000000000000000000, 1.000000000000000000 ) ) ;
#2882 = ORIENTED_EDGE ( 'NONE', *, *, #713, .T. ) ;
#2883 = AXIS2_PLACEMENT_3D ( 'NONE', #886, #2496, #2445 ) ;
#2884 = CARTESIAN_POINT ( 'NONE',  ( -2.657158218102050100, 0.2579013381946188600, -0.1874999999999725500 ) ) ;
#2885 = VERTEX_POINT ( 'NONE', #3267 ) ;
#2886 = SURFACE_SIDE_STYLE ('',( #2940 ) ) ;
#2887 = DIRECTION ( 'NONE',  ( 1.000000000000000000, 0.0000000000000000000, -1.047444401652940000E-014 ) ) ;
#2888 = LINE ( 'NONE', #1358, #2260 ) ;
#2889 = CARTESIAN_POINT ( 'NONE',  ( 2.430158218102052900, 0.5114999999999996200, 0.4624999999999741000 ) ) ;
#2890 = LINE ( 'NONE', #251, #2019 ) ;
#2891 = EDGE_LOOP ( 'NONE', ( #2752, #1420, #1383, #229 ) ) ;
#2892 = EDGE_CURVE ( 'NONE', #3342, #2577, #1744, .T. ) ;
#2893 = VERTEX_POINT ( 'NONE', #2968 ) ;
#2894 = CIRCLE ( 'NONE', #778, 0.2270000000000002000 ) ;
#2895 = CARTESIAN_POINT ( 'NONE',  ( 2.430158218102060000, 0.5114999999999996200, 1.112499999999974300 ) ) ;
#2896 = CARTESIAN_POINT ( 'NONE',  ( -2.200000000000016600, 0.7384999999999996000, -1.524999999999976200 ) ) ;
#2897 = DIRECTION ( 'NONE',  ( 1.047444401652940000E-014, 0.0000000000000000000, 1.000000000000000000 ) ) ;
#2898 = EDGE_CURVE ( 'NONE', #654, #496, #2743, .T. ) ;
#2899 = LINE ( 'NONE', #1754, #3035 ) ;
#2900 =( NAMED_UNIT ( * ) PLANE_ANGLE_UNIT ( ) SI_UNIT ( $, .RADIAN. ) );
#2901 = DIRECTION ( 'NONE',  ( 1.047444401652940000E-014, 0.0000000000000000000, 1.000000000000000000 ) ) ;
#2902 = ORIENTED_EDGE ( 'NONE', *, *, #2677, .T. ) ;
#2903 = DIRECTION ( 'NONE',  ( -1.047444401652940000E-014, -0.0000000000000000000, -1.000000000000000000 ) ) ;
#2904 = VECTOR ( 'NONE', #2281, 1000.000000000000000 ) ;
#2905 = DIRECTION ( 'NONE',  ( -1.000000000000000000, 0.0000000000000000000, 1.047444401652940000E-014 ) ) ;
#2906 = EDGE_LOOP ( 'NONE', ( #740, #3114, #3662, #678 ) ) ;
#2907 = CARTESIAN_POINT ( 'NONE',  ( 2.657158218102059900, 0.5114999999999996200, 1.112499999999971800 ) ) ;
#2908 = EDGE_LOOP ( 'NONE', ( #2122, #1774, #3402, #1182 ) ) ;
#2909 = DIRECTION ( 'NONE',  ( 1.000000000000000000, -4.710681988356335200E-016, -1.047444401652940000E-014 ) ) ;
#2910 = FACE_OUTER_BOUND ( 'NONE', #328, .T. ) ;
#2911 = AXIS2_PLACEMENT_3D ( 'NONE', #720, #105, #1331 ) ;
#2912 = DIRECTION ( 'NONE',  ( -0.06975647374411911300, 0.9975640502598246400, 7.306602790232785500E-016 ) ) ;
#2913 = ORIENTED_EDGE ( 'NONE', *, *, #3167, .T. ) ;
#2914 = DIRECTION ( 'NONE',  ( 0.9975640502598247500, -0.06975647374411822500, -1.044892879734885600E-014 ) ) ;
#2915 = ORIENTED_EDGE ( 'NONE', *, *, #3762, .T. ) ;
#2916 = FACE_OUTER_BOUND ( 'NONE', #1346, .T. ) ;
#2917 = DIRECTION ( 'NONE',  ( 1.103218937824715300E-014, 7.838599868720029500E-017, 1.000000000000000000 ) ) ;
#2918 = VERTEX_POINT ( 'NONE', #779 ) ;
#2919 = ADVANCED_FACE ( 'NONE', ( #1249 ), #211, .F. ) ;
#2920 = EDGE_CURVE ( 'NONE', #3962, #1152, #1869, .T. ) ;
#2921 = LINE ( 'NONE', #3051, #1122 ) ;
#2922 = LINE ( 'NONE', #3324, #782 ) ;
#2923 = ORIENTED_EDGE ( 'NONE', *, *, #2812, .T. ) ;
#2924 = DIRECTION ( 'NONE',  ( -1.000000000000000000, 0.0000000000000000000, 1.050768625316347000E-014 ) ) ;
#2925 = UNCERTAINTY_MEASURE_WITH_UNIT (LENGTH_MEASURE( 1.000000000000000100E-005 ), #162, 'distance_accuracy_value', 'NONE');
#2926 = LINE ( 'NONE', #1131, #2536 ) ;
#2927 = ORIENTED_EDGE ( 'NONE', *, *, #2967, .T. ) ;
#2928 = DIRECTION ( 'NONE',  ( -1.710107087737797400E-015, -1.000000000000000000, 1.791242095277969000E-029 ) ) ;
#2929 = DIRECTION ( 'NONE',  ( 1.000000000000000000, -0.0000000000000000000, -1.047444401652940000E-014 ) ) ;
#2930 = AXIS2_PLACEMENT_3D ( 'NONE', #961, #3795, #28 ) ;
#2931 = CARTESIAN_POINT ( 'NONE',  ( 2.657158218102046100, 0.2579013381946188600, -0.1875000000000282300 ) ) ;
#2932 = VECTOR ( 'NONE', #3361, 1000.000000000000000 ) ;
#2933 = ORIENTED_EDGE ( 'NONE', *, *, #2812, .F. ) ;
#2934 = VECTOR ( 'NONE', #1643, 1000.000000000000000 ) ;
#2935 = DIRECTION ( 'NONE',  ( -1.047444401652940000E-014, -0.0000000000000000000, -1.000000000000000000 ) ) ;
#2936 = CIRCLE ( 'NONE', #530, 0.2270000000000002000 ) ;
#2937 = ORIENTED_EDGE ( 'NONE', *, *, #2063, .T. ) ;
#2938 =( GEOMETRIC_REPRESENTATION_CONTEXT ( 3 ) GLOBAL_UNCERTAINTY_ASSIGNED_CONTEXT ( ( #84 ) ) GLOBAL_UNIT_ASSIGNED_CONTEXT ( ( #2495, #1221, #954 ) ) REPRESENTATION_CONTEXT ( 'NONE', 'WORKASPACE' ) );
#2939 = DIRECTION ( 'NONE',  ( 1.000000000000000000, 0.0000000000000000000, -1.047444401652940000E-014 ) ) ;
#2940 = SURFACE_STYLE_FILL_AREA ( #715 ) ;
#2941 = DIRECTION ( 'NONE',  ( 1.047444401652940000E-014, 0.0000000000000000000, 1.000000000000000000 ) ) ;
#2942 = VECTOR ( 'NONE', #628, 1000.000000000000200 ) ;
#2943 = ORIENTED_EDGE ( 'NONE', *, *, #1734, .T. ) ;
#2944 = CARTESIAN_POINT ( 'NONE',  ( -3.199999999999988600, 0.1266906343829977100, 1.112500000000033100 ) ) ;
#2945 = DIRECTION ( 'NONE',  ( -0.1378445374916302000, 0.9808148484639890300, -0.1378445374916273100 ) ) ;
#2946 = ORIENTED_EDGE ( 'NONE', *, *, #506, .F. ) ;
#2947 = VECTOR ( 'NONE', #1656, 1000.000000000000000 ) ;
#2948 = CYLINDRICAL_SURFACE ( 'NONE', #2610, 0.2749999999999998600 ) ;
#2949 = EDGE_LOOP ( 'NONE', ( #3490, #1514, #3421, #1079 ) ) ;
#2950 = DIRECTION ( 'NONE',  ( -1.047444401652940000E-014, -0.0000000000000000000, -1.000000000000000000 ) ) ;
#2951 = LINE ( 'NONE', #2378, #1202 ) ;
#2952 = ORIENTED_EDGE ( 'NONE', *, *, #1837, .T. ) ;
#2953 = EDGE_CURVE ( 'NONE', #2339, #2180, #1405, .T. ) ;
#2954 = ORIENTED_EDGE ( 'NONE', *, *, #664, .T. ) ;
#2955 = EDGE_CURVE ( 'NONE', #2359, #3143, #2119, .T. ) ;
#2956 = CARTESIAN_POINT ( 'NONE',  ( -2.200000000000016600, 0.7384999999999996000, -1.524999999999976200 ) ) ;
#2957 = EDGE_CURVE ( 'NONE', #3792, #91, #2223, .T. ) ;
#2958 = DIRECTION ( 'NONE',  ( -0.0000000000000000000, -1.000000000000000000, -0.0000000000000000000 ) ) ;
#2959 = DIRECTION ( 'NONE',  ( -1.000000000000000000, -0.0000000000000000000, 1.077013551811635700E-014 ) ) ;
#2960 = ORIENTED_EDGE ( 'NONE', *, *, #710, .F. ) ;
#2961 = ORIENTED_EDGE ( 'NONE', *, *, #2279, .F. ) ;
#2962 = CARTESIAN_POINT ( 'NONE',  ( 2.430158218102045800, 0.5114999999999996200, -0.1875000000000258400 ) ) ;
#2963 = ORIENTED_EDGE ( 'NONE', *, *, #3078, .F. ) ;
#2964 = CARTESIAN_POINT ( 'NONE',  ( -2.199999999999989100, 0.6114999999999996000, 1.112500000000022500 ) ) ;
#2965 = LINE ( 'NONE', #331, #1327 ) ;
#2966 = DIRECTION ( 'NONE',  ( -1.000000000000000000, 0.0000000000000000000, 1.084202172485501600E-014 ) ) ;
#2967 = EDGE_CURVE ( 'NONE', #3125, #593, #898, .T. ) ;
#2968 = CARTESIAN_POINT ( 'NONE',  ( -1.625000000000010000, 1.149999999999999200, -0.9101404047848296000 ) ) ;
#2969 = ORIENTED_EDGE ( 'NONE', *, *, #3167, .F. ) ;
#2970 = CARTESIAN_POINT ( 'NONE',  ( 2.657158218102053200, 0.2579013381946188600, 0.4624999999999717700 ) ) ;
#2971 = LINE ( 'NONE', #1188, #1175 ) ;
#2972 = CARTESIAN_POINT ( 'NONE',  ( 2.657158218102050600, 0.2579013381946189700, 0.1874999999999716900 ) ) ;
#2973 = LINE ( 'NONE', #2170, #2103 ) ;
#2974 = ORIENTED_EDGE ( 'NONE', *, *, #2551, .F. ) ;
#2975 = SURFACE_SIDE_STYLE ('',( #2212 ) ) ;
#2976 = EDGE_CURVE ( 'NONE', #1335, #3792, #804, .T. ) ;
#2977 = FACE_OUTER_BOUND ( 'NONE', #2040, .T. ) ;
#2978 = EDGE_LOOP ( 'NONE', ( #3438, #1554, #359, #689 ) ) ;
#2979 = CARTESIAN_POINT ( 'NONE',  ( 2.430158218102052900, 0.5114999999999996200, 0.4624999999999741000 ) ) ;
#2980 = DIRECTION ( 'NONE',  ( 1.000000000000000000, -4.075181181749332500E-017, -1.076440822446789000E-014 ) ) ;
#2981 = VECTOR ( 'NONE', #3783, 1000.000000000000000 ) ;
#2982 = ORIENTED_EDGE ( 'NONE', *, *, #2815, .F. ) ;
#2983 = DIRECTION ( 'NONE',  ( -1.000000000000000000, 0.0000000000000000000, 1.084202172485501600E-014 ) ) ;
#2984 = CARTESIAN_POINT ( 'NONE',  ( -2.200000000000005500, 0.7384999999999996000, -0.4624999999999774300 ) ) ;
#2985 = ORIENTED_EDGE ( 'NONE', *, *, #992, .T. ) ;
#2986 = VERTEX_POINT ( 'NONE', #2689 ) ;
#2987 = VERTEX_POINT ( 'NONE', #226 ) ;
#2988 = LINE ( 'NONE', #2089, #3507 ) ;
#2989 = PLANE ( 'NONE',  #699 ) ;
#2990 = LINE ( 'NONE', #1991, #1696 ) ;
#2991 = AXIS2_PLACEMENT_3D ( 'NONE', #66, #3235, #1677 ) ;
#2992 = CARTESIAN_POINT ( 'NONE',  ( -2.430158218102060000, 0.5114999999999996200, -1.112499999999975000 ) ) ;
#2993 = ORIENTED_EDGE ( 'NONE', *, *, #1747, .T. ) ;
#2994 = DIRECTION ( 'NONE',  ( -1.047444401652940000E-014, -0.0000000000000000000, -1.000000000000000000 ) ) ;
#2995 = ORIENTED_EDGE ( 'NONE', *, *, #3704, .F. ) ;
#2996 = ORIENTED_EDGE ( 'NONE', *, *, #1800, .F. ) ;
#2997 = EDGE_CURVE ( 'NONE', #3337, #697, #2988, .T. ) ;
#2998 = FACE_OUTER_BOUND ( 'NONE', #117, .T. ) ;
#2999 = PLANE ( 'NONE',  #1626 ) ;
#3000 = ORIENTED_EDGE ( 'NONE', *, *, #3597, .T. ) ;
#3001 = CARTESIAN_POINT ( 'NONE',  ( 2.200000000000009100, 0.7384999999999996000, 0.8374999999999762600 ) ) ;
#3002 = VECTOR ( 'NONE', #1882, 1000.000000000000000 ) ;
#3003 = CARTESIAN_POINT ( 'NONE',  ( 2.530158218102043700, 0.5114999999999996200, -0.4625000000000269500 ) ) ;
#3004 = CARTESIAN_POINT ( 'NONE',  ( -2.530158218102043700, 0.5114999999999996200, 0.4625000000000261100 ) ) ;
#3005 = EDGE_LOOP ( 'NONE', ( #3697, #2202, #642, #1941 ) ) ;
#3006 = CARTESIAN_POINT ( 'NONE',  ( -1.075000000000010200, 1.199999999999999300, -0.9101404047848353800 ) ) ;
#3007 = DIRECTION ( 'NONE',  ( -1.000000000000000000, 0.0000000000000000000, 1.057097118173368700E-014 ) ) ;
#3008 = DIRECTION ( 'NONE',  ( -1.047444401652940000E-014, -0.0000000000000000000, -1.000000000000000000 ) ) ;
#3009 = ORIENTED_EDGE ( 'NONE', *, *, #2864, .F. ) ;
#3010 = ADVANCED_FACE ( 'NONE', ( #450 ), #1534, .T. ) ;
#3011 = SURFACE_STYLE_USAGE ( .BOTH. , #2081 ) ;
#3012 = VERTEX_POINT ( 'NONE', #3006 ) ;
#3013 = MECHANICAL_DESIGN_GEOMETRIC_PRESENTATION_REPRESENTATION (  '', ( #2602 ), #2325 ) ;
#3014 = DIRECTION ( 'NONE',  ( 0.9975640502598247500, 0.06975647374411810000, -1.044892879734885600E-014 ) ) ;
#3015 = ORIENTED_EDGE ( 'NONE', *, *, #2120, .T. ) ;
#3016 = DIRECTION ( 'NONE',  ( -1.047444401652940000E-014, -0.0000000000000000000, -1.000000000000000000 ) ) ;
#3017 = VECTOR ( 'NONE', #2917, 1000.000000000000000 ) ;
#3018 = ORIENTED_EDGE ( 'NONE', *, *, #3169, .T. ) ;
#3019 = EDGE_CURVE ( 'NONE', #2577, #455, #2026, .T. ) ;
#3020 = CARTESIAN_POINT ( 'NONE',  ( 2.199999999999989100, 0.7384999999999996000, -1.112500000000023400 ) ) ;
#3021 = VERTEX_POINT ( 'NONE', #1149 ) ;
#3022 = CIRCLE ( 'NONE', #3352, 0.09999999999999982500 ) ;
#3023 = ORIENTED_EDGE ( 'NONE', *, *, #489, .F. ) ;
#3024 = DIRECTION ( 'NONE',  ( -1.000000000000000000, 0.0000000000000000000, 1.050768625316347000E-014 ) ) ;
#3025 = CARTESIAN_POINT ( 'NONE',  ( 2.530158218102053000, 0.2579013381946189700, 0.4624999999999731000 ) ) ;
#3026 = ADVANCED_FACE ( 'NONE', ( #3707 ), #3353, .T. ) ;
#3027 = FACE_OUTER_BOUND ( 'NONE', #2609, .T. ) ;
#3028 = CARTESIAN_POINT ( 'NONE',  ( 2.657158218102059900, 0.2579013381946188600, 1.112499999999971800 ) ) ;
#3029 = DIRECTION ( 'NONE',  ( -1.000000000000000000, 0.0000000000000000000, 1.029992063861230900E-014 ) ) ;
#3030 = LINE ( 'NONE', #3761, #944 ) ;
#3031 = DIRECTION ( 'NONE',  ( 0.0000000000000000000, 1.000000000000000000, 0.0000000000000000000 ) ) ;
#3032 = DIRECTION ( 'NONE',  ( 1.047444401652940000E-014, 0.0000000000000000000, 1.000000000000000000 ) ) ;
#3033 = LINE ( 'NONE', #219, #847 ) ;
#3034 = EDGE_LOOP ( 'NONE', ( #1253, #1620, #3798, #2514, #3942, #3611, #1375, #3394, #585, #2207, #3069, #3932 ) ) ;
#3035 = VECTOR ( 'NONE', #1389, 1000.000000000000000 ) ;
#3036 = EDGE_CURVE ( 'NONE', #2638, #3706, #350, .T. ) ;
#3037 = AXIS2_PLACEMENT_3D ( 'NONE', #2772, #908, #3090 ) ;
#3038 = DIRECTION ( 'NONE',  ( 0.9975640502598247500, -0.06975647374411822500, -1.044892879734885600E-014 ) ) ;
#3039 = ORIENTED_EDGE ( 'NONE', *, *, #1265, .T. ) ;
#3040 = PLANE ( 'NONE',  #3782 ) ;
#3041 = DIRECTION ( 'NONE',  ( -1.000000000000000000, 0.0000000000000000000, 1.047444401652940000E-014 ) ) ;
#3042 = DIRECTION ( 'NONE',  ( 0.0000000000000000000, 1.000000000000000000, 0.0000000000000000000 ) ) ;
#3043 = AXIS2_PLACEMENT_3D ( 'NONE', #2992, #1151, #1411 ) ;
#3044 = MANIFOLD_SOLID_BREP ( 'LPattern1[6]', #364 ) ;
#3045 = DIRECTION ( 'NONE',  ( 1.000000000000000000, 0.0000000000000000000, -1.047444401652940000E-014 ) ) ;
#3046 = ORIENTED_EDGE ( 'NONE', *, *, #1210, .F. ) ;
#3047 = EDGE_CURVE ( 'NONE', #1590, #1550, #3395, .T. ) ;
#3048 = ADVANCED_FACE ( 'NONE', ( #1199 ), #1211, .T. ) ;
#3049 = DIRECTION ( 'NONE',  ( -1.047444401652940000E-014, -0.0000000000000000000, -1.000000000000000000 ) ) ;
#3050 = ORIENTED_EDGE ( 'NONE', *, *, #938, .T. ) ;
#3051 = CARTESIAN_POINT ( 'NONE',  ( -2.199999999999998400, 0.6114999999999996000, 0.1875000000000225700 ) ) ;
#3052 = ORIENTED_EDGE ( 'NONE', *, *, #132, .T. ) ;
#3053 = PLANE ( 'NONE',  #2376 ) ;
#3054 = AXIS2_PLACEMENT_3D ( 'NONE', #3750, #2233, #3100 ) ;
#3055 = LINE ( 'NONE', #2571, #2240 ) ;
#3056 = CARTESIAN_POINT ( 'NONE',  ( -2.200000000000005500, 0.7384999999999996000, -0.4624999999999774300 ) ) ;
#3057 = ORIENTED_EDGE ( 'NONE', *, *, #1637, .F. ) ;
#3058 = ADVANCED_FACE ( 'NONE', ( #2549 ), #4044, .T. ) ;
#3059 = CARTESIAN_POINT ( 'NONE',  ( -1.350000000000010100, 1.149999999999999200, -0.9101404047848324900 ) ) ;
#3060 = CARTESIAN_POINT ( 'NONE',  ( -2.135140404784861900, 1.199999999999999300, -1.460140404784823400 ) ) ;
#3061 = EDGE_LOOP ( 'NONE', ( #2703, #3978 ) ) ;
#3062 = STYLED_ITEM ( 'NONE', ( #1073 ), #1492 ) ;
#3063 = DIRECTION ( 'NONE',  ( -1.000000000000000000, 0.0000000000000000000, 1.047444401652940000E-014 ) ) ;
#3064 = CIRCLE ( 'NONE', #2032, 0.1000000000000002600 ) ;
#3065 = LINE ( 'NONE', #3784, #1450 ) ;
#3066 = DIRECTION ( 'NONE',  ( 1.047444401652940000E-014, 0.0000000000000000000, 1.000000000000000000 ) ) ;
#3067 = VECTOR ( 'NONE', #3759, 1000.000000000000000 ) ;
#3068 = VECTOR ( 'NONE', #1418, 1000.000000000000000 ) ;
#3069 = ORIENTED_EDGE ( 'NONE', *, *, #1384, .F. ) ;
#3070 = ADVANCED_FACE ( 'NONE', ( #2023 ), #2459, .F. ) ;
#3071 = AXIS2_PLACEMENT_3D ( 'NONE', #1681, #2615, #2309 ) ;
#3072 = DIRECTION ( 'NONE',  ( -1.047444401652940000E-014, -0.0000000000000000000, -1.000000000000000000 ) ) ;
#3073 = CARTESIAN_POINT ( 'NONE',  ( -2.200000000000002800, 0.5114999999999996200, -0.1874999999999773500 ) ) ;
#3074 = LINE ( 'NONE', #1720, #2679 ) ;
#3075 = EDGE_LOOP ( 'NONE', ( #1299, #923, #414, #2406, #3214, #807, #3685, #1539, #4005, #3895, #1891, #238 ) ) ;
#3076 = EDGE_CURVE ( 'NONE', #1791, #288, #3030, .T. ) ;
#3077 = DIRECTION ( 'NONE',  ( 1.047444401652940000E-014, 0.0000000000000000000, 1.000000000000000000 ) ) ;
#3078 = EDGE_CURVE ( 'NONE', #1152, #4028, #594, .T. ) ;
#3079 = LINE ( 'NONE', #3440, #2981 ) ;
#3080 = ORIENTED_EDGE ( 'NONE', *, *, #3130, .F. ) ;
#3081 = DIRECTION ( 'NONE',  ( -1.047444401652940000E-014, -0.0000000000000000000, -1.000000000000000000 ) ) ;
#3082 = LINE ( 'NONE', #403, #2313 ) ;
#3083 = EDGE_CURVE ( 'NONE', #311, #182, #1739, .T. ) ;
#3084 = VECTOR ( 'NONE', #1951, 1000.000000000000000 ) ;
#3085 =( NAMED_UNIT ( * ) PLANE_ANGLE_UNIT ( ) SI_UNIT ( $, .RADIAN. ) );
#3086 = CARTESIAN_POINT ( 'NONE',  ( -2.757158218102039500, 0.2579013381946188600, 0.8375000000000283300 ) ) ;
#3087 =( NAMED_UNIT ( * ) PLANE_ANGLE_UNIT ( ) SI_UNIT ( $, .RADIAN. ) );
#3088 = VERTEX_POINT ( 'NONE', #1587 ) ;
#3089 = LINE ( 'NONE', #756, #399 ) ;
#3090 = DIRECTION ( 'NONE',  ( -1.000000000000000000, 0.0000000000000000000, 1.047444401652940000E-014 ) ) ;
#3091 = FACE_OUTER_BOUND ( 'NONE', #2290, .T. ) ;
#3092 = DIRECTION ( 'NONE',  ( -1.000000000000000000, 0.0000000000000000000, 1.050768625316347000E-014 ) ) ;
#3093 = CIRCLE ( 'NONE', #3824, 0.2749999999999998600 ) ;
#3094 = CARTESIAN_POINT ( 'NONE',  ( -2.741323498562142200, 0.03145429878563844200, -0.8374999999999716000 ) ) ;
#3095 = EDGE_LOOP ( 'NONE', ( #3557, #3721, #3637, #2526 ) ) ;
#3096 = ORIENTED_EDGE ( 'NONE', *, *, #763, .F. ) ;
#3097 = LINE ( 'NONE', #375, #1979 ) ;
#3098 = DIRECTION ( 'NONE',  ( -0.9975640502598247500, -0.06975647374411803000, 1.044892879734885600E-014 ) ) ;
#3099 = ORIENTED_EDGE ( 'NONE', *, *, #260, .T. ) ;
#3100 = DIRECTION ( 'NONE',  ( 1.047444401652940000E-014, 0.0000000000000000000, 1.000000000000000000 ) ) ;
#3101 = AXIS2_PLACEMENT_3D ( 'NONE', #3238, #1034, #111 ) ;
#3102 = VECTOR ( 'NONE', #683, 1000.000000000000000 ) ;
#3103 = EDGE_CURVE ( 'NONE', #2409, #3123, #3192, .T. ) ;
#3104 = CARTESIAN_POINT ( 'NONE',  ( 2.200000000000015700, 0.7384999999999996000, 1.524999999999975300 ) ) ;
#3105 = CARTESIAN_POINT ( 'NONE',  ( 2.199999999999995700, 0.6114999999999996000, -0.4625000000000235000 ) ) ;
#3106 = ORIENTED_EDGE ( 'NONE', *, *, #982, .T. ) ;
#3107 = PRODUCT_DEFINITION ( 'UNKNOWN', '', #861, #3273 ) ;
#3108 = ADVANCED_FACE ( 'NONE', ( #3343 ), #1263, .F. ) ;
#3109 = FACE_OUTER_BOUND ( 'NONE', #3964, .T. ) ;
#3110 = DIRECTION ( 'NONE',  ( -1.000000000000000000, 0.0000000000000000000, 1.084202172485506300E-014 ) ) ;
#3111 = EDGE_CURVE ( 'NONE', #288, #76, #2509, .T. ) ;
#3112 = VERTEX_POINT ( 'NONE', #3094 ) ;
#3113 = LINE ( 'NONE', #3135, #282 ) ;
#3114 = ORIENTED_EDGE ( 'NONE', *, *, #3739, .F. ) ;
#3115 = CARTESIAN_POINT ( 'NONE',  ( 2.757158218102056900, 0.2579013381946188600, 0.8374999999999706000 ) ) ;
#3116 = DIRECTION ( 'NONE',  ( 1.047444401652940000E-014, 0.0000000000000000000, 1.000000000000000000 ) ) ;
#3117 = VERTEX_POINT ( 'NONE', #3770 ) ;
#3118 = DIRECTION ( 'NONE',  ( -1.047444401652940000E-014, -0.0000000000000000000, -1.000000000000000000 ) ) ;
#3119 = PLANE ( 'NONE',  #3460 ) ;
#3120 = DIRECTION ( 'NONE',  ( -1.047444401652940000E-014, -0.0000000000000000000, -1.000000000000000000 ) ) ;
#3121 = DIRECTION ( 'NONE',  ( -1.000000000000000000, 0.0000000000000000000, 1.064489405713041300E-014 ) ) ;
#3122 = CARTESIAN_POINT ( 'NONE',  ( 2.750182570727628000, 0.1581449331686364300, -0.8375000000000292200 ) ) ;
#3123 = VERTEX_POINT ( 'NONE', #3735 ) ;
#3124 = LINE ( 'NONE', #1871, #2296 ) ;
#3125 = VERTEX_POINT ( 'NONE', #71 ) ;
#3126 = AXIS2_PLACEMENT_3D ( 'NONE', #3896, #2623, #163 ) ;
#3127 = DIRECTION ( 'NONE',  ( -1.000000000000000000, 0.0000000000000000000, 1.057097118173368700E-014 ) ) ;
#3128 = LINE ( 'NONE', #558, #978 ) ;
#3129 = ORIENTED_EDGE ( 'NONE', *, *, #3756, .T. ) ;
#3130 = EDGE_CURVE ( 'NONE', #2918, #3323, #1494, .T. ) ;
#3131 = VECTOR ( 'NONE', #2047, 1000.000000000000100 ) ;
#3132 = CARTESIAN_POINT ( 'NONE',  ( -1.350000000000010100, 1.149999999999999200, -0.9101404047848324900 ) ) ;
#3133 = AXIS2_PLACEMENT_3D ( 'NONE', #2653, #3629, #796 ) ;
#3134 = ORIENTED_EDGE ( 'NONE', *, *, #2433, .T. ) ;
#3135 = CARTESIAN_POINT ( 'NONE',  ( 2.430158218102045800, 0.6114999999999996000, -0.1875000000000258400 ) ) ;
#3136 = CARTESIAN_POINT ( 'NONE',  ( 2.430158218102039600, 0.7384999999999997100, -0.8375000000000257800 ) ) ;
#3137 = EDGE_CURVE ( 'NONE', #3840, #86, #2407, .T. ) ;
#3138 = VECTOR ( 'NONE', #3616, 1000.000000000000000 ) ;
#3139 = ORIENTED_EDGE ( 'NONE', *, *, #178, .F. ) ;
#3140 = CARTESIAN_POINT ( 'NONE',  ( -2.657158218102050100, 0.5114999999999996200, -0.1874999999999725500 ) ) ;
#3141 = EDGE_CURVE ( 'NONE', #917, #3826, #1693, .T. ) ;
#3142 = CARTESIAN_POINT ( 'NONE',  ( -2.657158218102043000, 0.5114999999999996200, 0.4625000000000273900 ) ) ;
#3143 = VERTEX_POINT ( 'NONE', #3414 ) ;
#3144 = VERTEX_POINT ( 'NONE', #1549 ) ;
#3145 = CARTESIAN_POINT ( 'NONE',  ( 3.200000000000005100, 0.1266906343829976900, 0.4624999999999661000 ) ) ;
#3146 = LINE ( 'NONE', #362, #2466 ) ;
#3147 = ORIENTED_EDGE ( 'NONE', *, *, #1734, .F. ) ;
#3148 = VECTOR ( 'NONE', #1168, 1000.000000000000000 ) ;
#3149 = DIRECTION ( 'NONE',  ( 1.047444401652940000E-014, 0.0000000000000000000, 1.000000000000000000 ) ) ;
#3150 = CYLINDRICAL_SURFACE ( 'NONE', #3241, 0.09999999999999982500 ) ;
#3151 = VECTOR ( 'NONE', #3837, 1000.000000000000000 ) ;
#3152 = DIRECTION ( 'NONE',  ( 0.06975647374411803000, 0.9975640502598247500, -7.306602790232674100E-016 ) ) ;
#3153 = DIRECTION ( 'NONE',  ( -1.710107087737797400E-015, -1.000000000000000000, 1.791242095277969000E-029 ) ) ;
#3154 =( LENGTH_UNIT ( ) NAMED_UNIT ( * ) SI_UNIT ( .MILLI., .METRE. ) );
#3155 = PLANE ( 'NONE',  #1522 ) ;
#3156 = ORIENTED_EDGE ( 'NONE', *, *, #3963, .F. ) ;
#3157 = CARTESIAN_POINT ( 'NONE',  ( 3.200000000000008600, 0.1266906343829976900, 0.8374999999999658300 ) ) ;
#3158 = AXIS2_PLACEMENT_3D ( 'NONE', #2766, #3419, #600 ) ;
#3159 = DIRECTION ( 'NONE',  ( 1.047444401652940000E-014, 0.0000000000000000000, 1.000000000000000000 ) ) ;
#3160 = ORIENTED_EDGE ( 'NONE', *, *, #1103, .T. ) ;
#3161 = PLANE ( 'NONE',  #480 ) ;
#3162 = EDGE_CURVE ( 'NONE', #943, #595, #2315, .T. ) ;
#3163 = CARTESIAN_POINT ( 'NONE',  ( 3.191140927834492200, -2.710505431213761100E-017, -0.4625000000000339400 ) ) ;
#3164 = DIRECTION ( 'NONE',  ( 1.047444401652940000E-014, 0.0000000000000000000, 1.000000000000000000 ) ) ;
#3165 = VERTEX_POINT ( 'NONE', #1240 ) ;
#3166 = CARTESIAN_POINT ( 'NONE',  ( -2.757158218102060000, 0.2579013381946188600, -1.112499999999971600 ) ) ;
#3167 = EDGE_CURVE ( 'NONE', #1335, #64, #653, .T. ) ;
#3168 = CLOSED_SHELL ( 'NONE', ( #4067, #3174, #562, #2818, #4030, #980, #1089, #11, #2195, #2460, #3953, #1929, #956, #3364 ) ) ;
#3169 = EDGE_CURVE ( 'NONE', #3021, #2638, #539, .T. ) ;
#3170 = CARTESIAN_POINT ( 'NONE',  ( -2.430158218102036500, 0.7384999999999993800, 1.112500000000024900 ) ) ;
#3171 = EDGE_LOOP ( 'NONE', ( #2655, #1995, #188, #2380 ) ) ;
#3172 = LINE ( 'NONE', #2753, #2344 ) ;
#3173 = EDGE_CURVE ( 'NONE', #3651, #3021, #1402, .T. ) ;
#3174 = ADVANCED_FACE ( 'NONE', ( #3499 ), #3210, .F. ) ;
#3175 = AXIS2_PLACEMENT_3D ( 'NONE', #817, #1584, #1237 ) ;
#3176 = LINE ( 'NONE', #909, #3436 ) ;
#3177 = LINE ( 'NONE', #1756, #3489 ) ;
#3178 = EDGE_LOOP ( 'NONE', ( #2238, #2993, #2394, #2133 ) ) ;
#3179 = CARTESIAN_POINT ( 'NONE',  ( -2.657158218102036300, 0.5114999999999996200, 1.112500000000027400 ) ) ;
#3180 = LINE ( 'NONE', #2770, #3539 ) ;
#3181 = ORIENTED_EDGE ( 'NONE', *, *, #383, .F. ) ;
#3182 = CARTESIAN_POINT ( 'NONE',  ( -2.135140404784862800, 1.199999999999999300, -1.524999999999976800 ) ) ;
#3183 = UNCERTAINTY_MEASURE_WITH_UNIT (LENGTH_MEASURE( 1.000000000000000100E-005 ), #1155, 'distance_accuracy_value', 'NONE');
#3184 = AXIS2_PLACEMENT_3D ( 'NONE', #2440, #851, #1204 ) ;
#3185 = EDGE_CURVE ( 'NONE', #2471, #2502, #3883, .T. ) ;
#3186 = LINE ( 'NONE', #3730, #3927 ) ;
#3187 = ORIENTED_EDGE ( 'NONE', *, *, #3173, .F. ) ;
#3188 = ADVANCED_FACE ( 'NONE', ( #3886 ), #136, .F. ) ;
#3189 = LINE ( 'NONE', #3224, #488 ) ;
#3190 = CARTESIAN_POINT ( 'NONE',  ( -2.199999999999991700, 0.7384999999999996000, 0.8375000000000224500 ) ) ;
#3191 = ORIENTED_EDGE ( 'NONE', *, *, #1531, .T. ) ;
#3192 = CIRCLE ( 'NONE', #2455, 0.2749999999999998600 ) ;
#3193 = VERTEX_POINT ( 'NONE', #112 ) ;
#3194 = CARTESIAN_POINT ( 'NONE',  ( -1.350000000000010100, 1.149999999999999200, -0.9101404047848324900 ) ) ;
#3195 = EDGE_CURVE ( 'NONE', #2357, #1852, #3593, .T. ) ;
#3196 = CARTESIAN_POINT ( 'NONE',  ( -2.741323498562128400, 0.03145429878563844200, 0.4625000000000283300 ) ) ;
#3197 = ORIENTED_EDGE ( 'NONE', *, *, #245, .T. ) ;
#3198 = VECTOR ( 'NONE', #1119, 1000.000000000000000 ) ;
#3199 = EDGE_CURVE ( 'NONE', #427, #1475, #3240, .T. ) ;
#3200 = LINE ( 'NONE', #3676, #3456 ) ;
#3201 = DIRECTION ( 'NONE',  ( 1.000000000000000000, -4.710681988356335200E-016, -1.047444401652940000E-014 ) ) ;
#3202 = VERTEX_POINT ( 'NONE', #2588 ) ;
#3203 = FACE_OUTER_BOUND ( 'NONE', #1847, .T. ) ;
#3204 = PLANE ( 'NONE',  #297 ) ;
#3205 = VERTEX_POINT ( 'NONE', #439 ) ;
#3206 = CARTESIAN_POINT ( 'NONE',  ( -2.657158218102056800, 0.2579013381946188600, -0.8374999999999724900 ) ) ;
#3207 = VECTOR ( 'NONE', #981, 1000.000000000000000 ) ;
#3208 = CARTESIAN_POINT ( 'NONE',  ( 2.200000000000015700, 0.7384999999999996000, 1.524999999999975300 ) ) ;
#3209 = PRESENTATION_LAYER_ASSIGNMENT (  '', '', ( #3062 ) ) ;
#3210 = PLANE ( 'NONE',  #280 ) ;
#3211 = VERTEX_POINT ( 'NONE', #743 ) ;
#3212 = CYLINDRICAL_SURFACE ( 'NONE', #3439, 0.09999999999999982500 ) ;
#3213 = DIRECTION ( 'NONE',  ( 0.0000000000000000000, 1.000000000000000000, 0.0000000000000000000 ) ) ;
#3214 = ORIENTED_EDGE ( 'NONE', *, *, #185, .T. ) ;
#3215 = AXIS2_PLACEMENT_3D ( 'NONE', #396, #1964, #2237 ) ;
#3216 = ORIENTED_EDGE ( 'NONE', *, *, #2563, .T. ) ;
#3217 = DIRECTION ( 'NONE',  ( 1.047444401652940000E-014, 0.0000000000000000000, 1.000000000000000000 ) ) ;
#3218 = CARTESIAN_POINT ( 'NONE',  ( -2.750182570727638600, 0.1581449331686363100, -0.1874999999999715800 ) ) ;
#3219 = EDGE_CURVE ( 'NONE', #2885, #3165, #2936, .T. ) ;
#3220 = CARTESIAN_POINT ( 'NONE',  ( -3.200000000000011700, 0.1266906343829977100, -1.112499999999967000 ) ) ;
#3221 = ORIENTED_EDGE ( 'NONE', *, *, #2120, .F. ) ;
#3222 = DIRECTION ( 'NONE',  ( 0.06975647374411810000, -0.9975640502598247500, -7.306602790232681000E-016 ) ) ;
#3223 = LINE ( 'NONE', #1559, #471 ) ;
#3224 = CARTESIAN_POINT ( 'NONE',  ( 3.191140927834502000, 0.0000000000000000000, 0.4624999999999661600 ) ) ;
#3225 = ORIENTED_EDGE ( 'NONE', *, *, #3815, .F. ) ;
#3226 = VECTOR ( 'NONE', #1076, 1000.000000000000000 ) ;
#3227 = LINE ( 'NONE', #679, #1678 ) ;
#3228 = ORIENTED_EDGE ( 'NONE', *, *, #2306, .T. ) ;
#3229 = PLANE ( 'NONE',  #35 ) ;
#3230 = CARTESIAN_POINT ( 'NONE',  ( 2.135140404784829900, 1.199999999999999300, -1.460140404784869200 ) ) ;
#3231 = FACE_OUTER_BOUND ( 'NONE', #2261, .T. ) ;
#3232 = ORIENTED_EDGE ( 'NONE', *, *, #2433, .F. ) ;
#3233 = VECTOR ( 'NONE', #1118, 1000.000000000000000 ) ;
#3234 = PRESENTATION_LAYER_ASSIGNMENT (  '', '', ( #3746 ) ) ;
#3235 = DIRECTION ( 'NONE',  ( 1.000000000000000000, 0.0000000000000000000, -1.047444401652940000E-014 ) ) ;
#3236 = LINE ( 'NONE', #3390, #1439 ) ;
#3237 = ORIENTED_EDGE ( 'NONE', *, *, #2578, .F. ) ;
#3238 = CARTESIAN_POINT ( 'NONE',  ( -2.199999999999995700, 0.7384999999999996000, 0.4625000000000226200 ) ) ;
#3239 = ADVANCED_BREP_SHAPE_REPRESENTATION ( 'ATTINY45V-10XU', ( #3044, #1492, #1674, #2037, #3502, #2552, #2083, #929, #1423, #1553, #1510 ), #3548 ) ;
#3240 = LINE ( 'NONE', #1036, #2686 ) ;
#3241 = AXIS2_PLACEMENT_3D ( 'NONE', #2525, #647, #1885 ) ;
#3242 = ORIENTED_EDGE ( 'NONE', *, *, #1399, .T. ) ;
#3243 = EDGE_CURVE ( 'NONE', #556, #2461, #751, .T. ) ;
#3244 = DIRECTION ( 'NONE',  ( 1.047444401652940000E-014, 0.0000000000000000000, 1.000000000000000000 ) ) ;
#3245 = EDGE_CURVE ( 'NONE', #2135, #638, #342, .T. ) ;
#3246 = VERTEX_POINT ( 'NONE', #1715 ) ;
#3247 = EDGE_CURVE ( 'NONE', #2543, #975, #2737, .T. ) ;
#3248 = VECTOR ( 'NONE', #2693, 1000.000000000000000 ) ;
#3249 = VERTEX_POINT ( 'NONE', #3554 ) ;
#3250 = CARTESIAN_POINT ( 'NONE',  ( 3.191140927834508600, 0.0000000000000000000, 1.112499999999966100 ) ) ;
#3251 = ORIENTED_EDGE ( 'NONE', *, *, #1911, .F. ) ;
#3252 = DIRECTION ( 'NONE',  ( -4.710681988356335200E-016, -1.000000000000000000, 4.934177476671182900E-030 ) ) ;
#3253 = CIRCLE ( 'NONE', #3954, 0.09999999999999982500 ) ;
#3254 = DIRECTION ( 'NONE',  ( 0.0000000000000000000, 1.000000000000000000, 0.0000000000000000000 ) ) ;
#3255 = DIRECTION ( 'NONE',  ( -1.000000000000000000, 0.0000000000000000000, 1.047444401652940000E-014 ) ) ;
#3256 = VECTOR ( 'NONE', #3446, 1000.000000000000000 ) ;
#3257 = EDGE_LOOP ( 'NONE', ( #1897, #3633, #1669, #3741 ) ) ;
#3258 = FACE_OUTER_BOUND ( 'NONE', #2517, .T. ) ;
#3259 = DIRECTION ( 'NONE',  ( 1.000000000000000000, 0.0000000000000000000, -1.047444401652940000E-014 ) ) ;
#3260 = VERTEX_POINT ( 'NONE', #476 ) ;
#3261 = CARTESIAN_POINT ( 'NONE',  ( -2.750182570727631500, 0.1581449331686363100, 0.4625000000000283900 ) ) ;
#3262 = MECHANICAL_DESIGN_GEOMETRIC_PRESENTATION_REPRESENTATION (  '', ( #754 ), #2008 ) ;
#3263 = DIRECTION ( 'NONE',  ( 1.000000000000000000, 4.075181181749332500E-017, -1.076440822446789000E-014 ) ) ;
#3264 = DIRECTION ( 'NONE',  ( 1.047444401652940000E-014, 0.0000000000000000000, 1.000000000000000000 ) ) ;
#3265 = CARTESIAN_POINT ( 'NONE',  ( 2.430158218102039600, 0.5114999999999996200, -0.8375000000000257800 ) ) ;
#3266 = ORIENTED_EDGE ( 'NONE', *, *, #1230, .F. ) ;
#3267 = CARTESIAN_POINT ( 'NONE',  ( 2.430158218102045800, 0.7384999999999997100, -0.1875000000000258400 ) ) ;
#3268 = CYLINDRICAL_SURFACE ( 'NONE', #1170, 0.2270000000000002000 ) ;
#3269 = PLANE ( 'NONE',  #6 ) ;
#3270 = MECHANICAL_DESIGN_GEOMETRIC_PRESENTATION_REPRESENTATION (  '', ( #3903 ), #1340 ) ;
#3271 = ORIENTED_EDGE ( 'NONE', *, *, #856, .T. ) ;
#3272 = EDGE_CURVE ( 'NONE', #3921, #3413, #1690, .T. ) ;
#3273 = PRODUCT_DEFINITION_CONTEXT ( 'detailed design', #775, 'design' ) ;
#3274 = ORIENTED_EDGE ( 'NONE', *, *, #1074, .T. ) ;
#3275 = EDGE_CURVE ( 'NONE', #3577, #3249, #2790, .T. ) ;
#3276 = FACE_OUTER_BOUND ( 'NONE', #3075, .T. ) ;
#3277 = CARTESIAN_POINT ( 'NONE',  ( -2.430158218102036500, 0.5114999999999996200, 1.112500000000024900 ) ) ;
#3278 = CARTESIAN_POINT ( 'NONE',  ( 2.430158218102043100, 0.5114999999999996200, -0.4625000000000259500 ) ) ;
#3279 = LINE ( 'NONE', #1564, #1476 ) ;
#3280 = LINE ( 'NONE', #741, #3068 ) ;
#3281 = EDGE_LOOP ( 'NONE', ( #2982, #1032, #3623, #1740 ) ) ;
#3282 = FACE_OUTER_BOUND ( 'NONE', #2113, .T. ) ;
#3283 = ORIENTED_EDGE ( 'NONE', *, *, #3173, .T. ) ;
#3284 = CYLINDRICAL_SURFACE ( 'NONE', #2507, 0.2270000000000002000 ) ;
#3285 =( NAMED_UNIT ( * ) SI_UNIT ( $, .STERADIAN. ) SOLID_ANGLE_UNIT ( ) );
#3286 = DIRECTION ( 'NONE',  ( 1.047444401652940000E-014, 0.0000000000000000000, 1.000000000000000000 ) ) ;
#3287 = DIRECTION ( 'NONE',  ( -1.047444401652940000E-014, 0.0000000000000000000, -1.000000000000000000 ) ) ;
#3288 = ORIENTED_EDGE ( 'NONE', *, *, #2702, .F. ) ;
#3289 =( NAMED_UNIT ( * ) PLANE_ANGLE_UNIT ( ) SI_UNIT ( $, .RADIAN. ) );
#3290 = AXIS2_PLACEMENT_3D ( 'NONE', #1400, #1973, #2914 ) ;
#3291 = ORIENTED_EDGE ( 'NONE', *, *, #3714, .T. ) ;
#3292 = FACE_OUTER_BOUND ( 'NONE', #1226, .T. ) ;
#3293 = DIRECTION ( 'NONE',  ( -1.000000000000000000, 0.0000000000000000000, 1.064489405713041300E-014 ) ) ;
#3294 = FACE_OUTER_BOUND ( 'NONE', #632, .T. ) ;
#3295 = DIRECTION ( 'NONE',  ( -1.000000000000000000, 0.0000000000000000000, 1.029992063861230900E-014 ) ) ;
#3296 = VECTOR ( 'NONE', #228, 1000.000000000000100 ) ;
#3297 = EDGE_LOOP ( 'NONE', ( #897, #1520, #2857, #526 ) ) ;
#3298 = EDGE_CURVE ( 'NONE', #2597, #1139, #1917, .T. ) ;
#3299 = ORIENTED_EDGE ( 'NONE', *, *, #836, .F. ) ;
#3300 = ORIENTED_EDGE ( 'NONE', *, *, #1881, .F. ) ;
#3301 = ORIENTED_EDGE ( 'NONE', *, *, #1668, .F. ) ;
#3302 = CARTESIAN_POINT ( 'NONE',  ( -2.200000000000012200, 0.7384999999999996000, -1.112499999999977400 ) ) ;
#3303 = EDGE_LOOP ( 'NONE', ( #2781, #1918, #1302, #3830 ) ) ;
#3304 = CARTESIAN_POINT ( 'NONE',  ( -2.199999999999989100, 0.5114999999999996200, 1.112500000000022500 ) ) ;
#3305 = FACE_OUTER_BOUND ( 'NONE', #2288, .T. ) ;
#3306 = CARTESIAN_POINT ( 'NONE',  ( -2.657158218102050100, 0.5114999999999996200, -0.1874999999999725500 ) ) ;
#3307 = CARTESIAN_POINT ( 'NONE',  ( -2.530158218102057000, 0.5114999999999996200, -0.8374999999999739300 ) ) ;
#3308 = DIRECTION ( 'NONE',  ( 0.9975640502598247500, 0.06975647374411779500, -1.044892879734885600E-014 ) ) ;
#3309 = ORIENTED_EDGE ( 'NONE', *, *, #1965, .F. ) ;
#3310 = AXIS2_PLACEMENT_3D ( 'NONE', #3892, #2014, #2338 ) ;
#3311 = VERTEX_POINT ( 'NONE', #2964 ) ;
#3312 = LINE ( 'NONE', #3104, #1942 ) ;
#3313 = ORIENTED_EDGE ( 'NONE', *, *, #2250, .T. ) ;
#3314 = AXIS2_PLACEMENT_3D ( 'NONE', #985, #1267, #959 ) ;
#3315 = CARTESIAN_POINT ( 'NONE',  ( -2.657158218102043000, 0.5114999999999996200, 0.4625000000000273900 ) ) ;
#3316 = EDGE_CURVE ( 'NONE', #3370, #176, #159, .T. ) ;
#3317 = DIRECTION ( 'NONE',  ( -0.9975640502598247500, -0.06975647374411803000, 1.044892879734885600E-014 ) ) ;
#3318 = EDGE_LOOP ( 'NONE', ( #335, #1110, #2913, #1004 ) ) ;
#3319 = CARTESIAN_POINT ( 'NONE',  ( -2.530158218102036600, 0.2579013381946189100, 1.112500000000026000 ) ) ;
#3320 = LINE ( 'NONE', #2153, #1529 ) ;
#3321 = CARTESIAN_POINT ( 'NONE',  ( 2.430158218102045800, 0.5114999999999996200, -0.1875000000000258400 ) ) ;
#3322 = AXIS2_PLACEMENT_3D ( 'NONE', #2034, #120, #173 ) ;
#3323 = VERTEX_POINT ( 'NONE', #2058 ) ;
#3324 = CARTESIAN_POINT ( 'NONE',  ( -2.200000000000009100, 0.5114999999999996200, -0.8374999999999772600 ) ) ;
#3325 = LINE ( 'NONE', #2452, #2492 ) ;
#3326 = ORIENTED_EDGE ( 'NONE', *, *, #2636, .T. ) ;
#3327 = EDGE_CURVE ( 'NONE', #64, #1086, #2838, .T. ) ;
#3328 = CARTESIAN_POINT ( 'NONE',  ( -2.530158218102052500, 0.5114999999999996200, -0.4624999999999739300 ) ) ;
#3329 = CIRCLE ( 'NONE', #1958, 0.2270000000000002000 ) ;
#3330 = ORIENTED_EDGE ( 'NONE', *, *, #3905, .F. ) ;
#3331 = ADVANCED_FACE ( 'NONE', ( #2214 ), #816, .F. ) ;
#3332 = DIRECTION ( 'NONE',  ( 1.000000000000000000, 0.0000000000000000000, -1.047444401652940000E-014 ) ) ;
#3333 = LINE ( 'NONE', #3335, #1133 ) ;
#3334 = DIRECTION ( 'NONE',  ( 1.047444401652940000E-014, 0.0000000000000000000, 1.000000000000000000 ) ) ;
#3335 = CARTESIAN_POINT ( 'NONE',  ( -2.199999999999991700, 0.6114999999999996000, 0.8375000000000225600 ) ) ;
#3336 = LINE ( 'NONE', #1599, #2880 ) ;
#3337 = VERTEX_POINT ( 'NONE', #3315 ) ;
#3338 = CARTESIAN_POINT ( 'NONE',  ( -2.430158218102050200, 0.5114999999999996200, -0.1874999999999749400 ) ) ;
#3339 = DIRECTION ( 'NONE',  ( -1.047444401652940000E-014, -0.0000000000000000000, -1.000000000000000000 ) ) ;
#3340 = CARTESIAN_POINT ( 'NONE',  ( -3.191140927834505500, 0.0000000000000000000, -0.8374999999999669400 ) ) ;
#3341 = VECTOR ( 'NONE', #2282, 1000.000000000000000 ) ;
#3342 = VERTEX_POINT ( 'NONE', #2348 ) ;
#3343 = FACE_OUTER_BOUND ( 'NONE', #1755, .T. ) ;
#3344 = AXIS2_PLACEMENT_3D ( 'NONE', #1063, #2289, #1369 ) ;
#3345 = ORIENTED_EDGE ( 'NONE', *, *, #3523, .T. ) ;
#3346 = VECTOR ( 'NONE', #2878, 1000.000000000000000 ) ;
#3347 = CARTESIAN_POINT ( 'NONE',  ( -2.530158218102039700, 0.2579013381946189100, 0.8375000000000258900 ) ) ;
#3348 = CARTESIAN_POINT ( 'NONE',  ( 2.430158218102060000, 0.5114999999999996200, 1.112499999999974300 ) ) ;
#3349 = ORIENTED_EDGE ( 'NONE', *, *, #3195, .T. ) ;
#3350 = DIRECTION ( 'NONE',  ( -1.047444401652940000E-014, -0.0000000000000000000, -1.000000000000000000 ) ) ;
#3351 = FACE_OUTER_BOUND ( 'NONE', #2022, .T. ) ;
#3352 = AXIS2_PLACEMENT_3D ( 'NONE', #4062, #2811, #651 ) ;
#3353 = PLANE ( 'NONE',  #559 ) ;
#3354 = DIRECTION ( 'NONE',  ( -1.000000000000000000, 0.0000000000000000000, 1.064489405713041300E-014 ) ) ;
#3355 = ORIENTED_EDGE ( 'NONE', *, *, #1567, .F. ) ;
#3356 = ORIENTED_EDGE ( 'NONE', *, *, #3047, .T. ) ;
#3357 = EDGE_CURVE ( 'NONE', #1787, #771, #1732, .T. ) ;
#3358 = FACE_OUTER_BOUND ( 'NONE', #801, .T. ) ;
#3359 = ORIENTED_EDGE ( 'NONE', *, *, #3882, .T. ) ;
#3360 = CARTESIAN_POINT ( 'NONE',  ( 2.200000000000005500, 0.6114999999999996000, 0.4624999999999765400 ) ) ;
#3361 = DIRECTION ( 'NONE',  ( 0.0000000000000000000, 1.000000000000000000, 0.0000000000000000000 ) ) ;
#3362 = ORIENTED_EDGE ( 'NONE', *, *, #82, .F. ) ;
#3363 = DIRECTION ( 'NONE',  ( -0.0000000000000000000, -1.000000000000000000, -0.0000000000000000000 ) ) ;
#3364 = ADVANCED_FACE ( 'NONE', ( #490 ), #2687, .T. ) ;
#3365 = DIRECTION ( 'NONE',  ( -1.000000000000000000, 1.710107087737797400E-015, 1.047444401652940000E-014 ) ) ;
#3366 = DIRECTION ( 'NONE',  ( 1.047444401652940000E-014, 0.0000000000000000000, 1.000000000000000000 ) ) ;
#3367 = VERTEX_POINT ( 'NONE', #3898 ) ;
#3368 = AXIS2_PLACEMENT_3D ( 'NONE', #899, #3757, #283 ) ;
#3369 = CARTESIAN_POINT ( 'NONE',  ( 3.200000000000005100, 0.1266906343829976900, 0.4624999999999661000 ) ) ;
#3370 = VERTEX_POINT ( 'NONE', #3636 ) ;
#3371 = CARTESIAN_POINT ( 'NONE',  ( 2.750182570727634200, 0.1581449331686363400, -0.1875000000000292000 ) ) ;
#3372 = CARTESIAN_POINT ( 'NONE',  ( 3.191140927834502000, 0.0000000000000000000, 0.4624999999999661600 ) ) ;
#3373 = ADVANCED_FACE ( 'NONE', ( #2312 ), #1039, .F. ) ;
#3374 = AXIS2_PLACEMENT_3D ( 'NONE', #1505, #3656, #3393 ) ;
#3375 = DIRECTION ( 'NONE',  ( 0.06975647374411810000, -0.9975640502598247500, -7.306602790232681000E-016 ) ) ;
#3376 = ORIENTED_EDGE ( 'NONE', *, *, #2792, .F. ) ;
#3377 = FACE_OUTER_BOUND ( 'NONE', #3171, .T. ) ;
#3378 = VECTOR ( 'NONE', #2935, 1000.000000000000000 ) ;
#3379 = EDGE_CURVE ( 'NONE', #2471, #1218, #2107, .T. ) ;
#3380 = FACE_OUTER_BOUND ( 'NONE', #1306, .T. ) ;
#3381 = VECTOR ( 'NONE', #2183, 1000.000000000000000 ) ;
#3382 = EDGE_LOOP ( 'NONE', ( #942, #1216, #1683, #1461 ) ) ;
#3383 = EDGE_CURVE ( 'NONE', #2192, #1440, #3550, .T. ) ;
#3384 = LINE ( 'NONE', #2557, #387 ) ;
#3385 = EDGE_LOOP ( 'NONE', ( #1062, #3745, #2996, #1460 ) ) ;
#3386 = ADVANCED_FACE ( 'NONE', ( #2640 ), #1144, .F. ) ;
#3387 = DIRECTION ( 'NONE',  ( -1.047444401652940000E-014, -0.0000000000000000000, -1.000000000000000000 ) ) ;
#3388 = EDGE_CURVE ( 'NONE', #2414, #2822, #207, .T. ) ;
#3389 = CARTESIAN_POINT ( 'NONE',  ( -1.075000000000010200, 1.199999999999999300, -0.9101404047848353800 ) ) ;
#3390 = CARTESIAN_POINT ( 'NONE',  ( -3.199999999999988600, 0.1266906343829976900, 1.112500000000033100 ) ) ;
#3391 = ORIENTED_EDGE ( 'NONE', *, *, #1451, .T. ) ;
#3392 = FACE_OUTER_BOUND ( 'NONE', #2594, .T. ) ;
#3393 = DIRECTION ( 'NONE',  ( 0.1391731009600657200, 0.9902680687415703600, -1.457760854613002700E-015 ) ) ;
#3394 = ORIENTED_EDGE ( 'NONE', *, *, #4040, .F. ) ;
#3395 = CIRCLE ( 'NONE', #3729, 0.09999999999999982500 ) ;
#3396 = ORIENTED_EDGE ( 'NONE', *, *, #164, .F. ) ;
#3397 = DIRECTION ( 'NONE',  ( -0.0000000000000000000, -1.000000000000000000, -0.0000000000000000000 ) ) ;
#3398 = AXIS2_PLACEMENT_3D ( 'NONE', #3853, #58, #1970 ) ;
#3399 = LINE ( 'NONE', #1914, #67 ) ;
#3400 = ORIENTED_EDGE ( 'NONE', *, *, #2275, .F. ) ;
#3401 = CYLINDRICAL_SURFACE ( 'NONE', #1706, 0.09999999999999982500 ) ;
#3402 = ORIENTED_EDGE ( 'NONE', *, *, #1020, .F. ) ;
#3403 = DIRECTION ( 'NONE',  ( -0.9975640502598247500, 0.06975647374411803000, 1.044892879734885600E-014 ) ) ;
#3404 = LINE ( 'NONE', #1975, #755 ) ;
#3405 = AXIS2_PLACEMENT_3D ( 'NONE', #1008, #1318, #1653 ) ;
#3406 = AXIS2_PLACEMENT_3D ( 'NONE', #933, #665, #2836 ) ;
#3407 = VERTEX_POINT ( 'NONE', #1783 ) ;
#3408 = DIRECTION ( 'NONE',  ( -0.0000000000000000000, -1.000000000000000000, -0.0000000000000000000 ) ) ;
#3409 = DIRECTION ( 'NONE',  ( 1.047444401652940000E-014, 0.0000000000000000000, 1.000000000000000000 ) ) ;
#3410 = EDGE_CURVE ( 'NONE', #1778, #2987, #1291, .T. ) ;
#3411 = FILL_AREA_STYLE_COLOUR ( '', #2292 ) ;
#3412 = DIRECTION ( 'NONE',  ( -0.06975647374411909900, -0.9975640502598246400, 7.306602790232787500E-016 ) ) ;
#3413 = VERTEX_POINT ( 'NONE', #2715 ) ;
#3414 = CARTESIAN_POINT ( 'NONE',  ( 2.750182570727631500, 0.1581449331686363700, -0.4625000000000292200 ) ) ;
#3415 = ADVANCED_FACE ( 'NONE', ( #941 ), #2067, .T. ) ;
#3416 = CARTESIAN_POINT ( 'NONE',  ( 2.135140404784829000, 1.199999999999999300, -1.460140404784869200 ) ) ;
#3417 = EDGE_LOOP ( 'NONE', ( #1962, #1576 ) ) ;
#3418 = EDGE_CURVE ( 'NONE', #3123, #1778, #2890, .T. ) ;
#3419 = DIRECTION ( 'NONE',  ( -1.077013551811635500E-014, 0.0000000000000000000, -1.000000000000000000 ) ) ;
#3420 = EDGE_CURVE ( 'NONE', #1282, #1, #1397, .T. ) ;
#3421 = ORIENTED_EDGE ( 'NONE', *, *, #1901, .T. ) ;
#3422 = PLANE ( 'NONE',  #3513 ) ;
#3423 = DIRECTION ( 'NONE',  ( 1.047444401652940000E-014, 0.0000000000000000000, 1.000000000000000000 ) ) ;
#3424 = EDGE_LOOP ( 'NONE', ( #2624, #1177, #2713, #3590 ) ) ;
#3425 = ADVANCED_FACE ( 'NONE', ( #1489 ), #3284, .T. ) ;
#3426 = SURFACE_STYLE_FILL_AREA ( #449 ) ;
#3427 = CARTESIAN_POINT ( 'NONE',  ( 2.199999999999991700, 0.6114999999999996000, -0.8375000000000234500 ) ) ;
#3428 = VERTEX_POINT ( 'NONE', #1500 ) ;
#3429 = CARTESIAN_POINT ( 'NONE',  ( 2.430158218102052900, 0.6114999999999996000, 0.4624999999999741000 ) ) ;
#3430 = ORIENTED_EDGE ( 'NONE', *, *, #2697, .T. ) ;
#3431 = EDGE_CURVE ( 'NONE', #3826, #3962, #534, .T. ) ;
#3432 = AXIS2_PLACEMENT_3D ( 'NONE', #1528, #247, #1203 ) ;
#3433 = CARTESIAN_POINT ( 'NONE',  ( 2.430158218102039600, 0.5114999999999996200, -0.8375000000000257800 ) ) ;
#3434 = ADVANCED_FACE ( 'NONE', ( #3027 ), #3040, .F. ) ;
#3435 = ADVANCED_FACE ( 'NONE', ( #1966 ), #3053, .F. ) ;
#3436 = VECTOR ( 'NONE', #22, 1000.000000000000000 ) ;
#3437 = LINE ( 'NONE', #1044, #146 ) ;
#3438 = ORIENTED_EDGE ( 'NONE', *, *, #1443, .F. ) ;
#3439 = AXIS2_PLACEMENT_3D ( 'NONE', #1019, #2867, #1667 ) ;
#3440 = CARTESIAN_POINT ( 'NONE',  ( 2.199999999999982000, 0.7384999999999996000, -1.525000000000023400 ) ) ;
#3441 = DIRECTION ( 'NONE',  ( 0.0000000000000000000, 1.000000000000000000, 0.0000000000000000000 ) ) ;
#3442 = CARTESIAN_POINT ( 'NONE',  ( 2.757158218102046200, 0.2579013381946188600, -0.1875000000000292500 ) ) ;
#3443 = CARTESIAN_POINT ( 'NONE',  ( 2.657158218102039400, 0.2579013381946188600, -0.8375000000000282200 ) ) ;
#3444 = FACE_OUTER_BOUND ( 'NONE', #1820, .T. ) ;
#3445 = EDGE_LOOP ( 'NONE', ( #2741, #2854, #3266, #1749 ) ) ;
#3446 = DIRECTION ( 'NONE',  ( 1.047444401652940000E-014, 0.0000000000000000000, 1.000000000000000000 ) ) ;
#3447 = EDGE_CURVE ( 'NONE', #2370, #730, #935, .T. ) ;
#3448 = FACE_OUTER_BOUND ( 'NONE', #3653, .T. ) ;
#3449 = ORIENTED_EDGE ( 'NONE', *, *, #1357, .F. ) ;
#3450 = ORIENTED_EDGE ( 'NONE', *, *, #2613, .T. ) ;
#3451 = ORIENTED_EDGE ( 'NONE', *, *, #2021, .F. ) ;
#3452 = DIRECTION ( 'NONE',  ( -1.000000000000000000, 0.0000000000000000000, 1.084202172485506300E-014 ) ) ;
#3453 = CARTESIAN_POINT ( 'NONE',  ( -2.530158218102036600, 0.5114999999999996200, 1.112500000000026000 ) ) ;
#3454 = DIRECTION ( 'NONE',  ( -1.047444401652940000E-014, -0.0000000000000000000, -1.000000000000000000 ) ) ;
#3455 = DIRECTION ( 'NONE',  ( -1.047444401652940000E-014, 0.0000000000000000000, -1.000000000000000000 ) ) ;
#3456 = VECTOR ( 'NONE', #3366, 1000.000000000000000 ) ;
#3457 = CARTESIAN_POINT ( 'NONE',  ( -2.135140404784861900, 0.1500000000000003300, -1.460140404784823200 ) ) ;
#3458 = ADVANCED_FACE ( 'NONE', ( #199 ), #3705, .F. ) ;
#3459 = ORIENTED_EDGE ( 'NONE', *, *, #2422, .F. ) ;
#3460 = AXIS2_PLACEMENT_3D ( 'NONE', #3733, #610, #1854 ) ;
#3461 = VECTOR ( 'NONE', #428, 1000.000000000000000 ) ;
#3462 = DIRECTION ( 'NONE',  ( -1.000000000000000000, 0.0000000000000000000, 1.084202172485506300E-014 ) ) ;
#3463 = VECTOR ( 'NONE', #971, 1000.000000000000000 ) ;
#3464 = EDGE_LOOP ( 'NONE', ( #186, #2156, #2115, #3274, #750, #1244, #472, #210, #984, #636, #2273, #2835 ) ) ;
#3465 = PLANE ( 'NONE',  #2522 ) ;
#3466 = DIRECTION ( 'NONE',  ( 1.047444401652940000E-014, 0.0000000000000000000, 1.000000000000000000 ) ) ;
#3467 = LINE ( 'NONE', #2521, #2280 ) ;
#3468 = SURFACE_SIDE_STYLE ('',( #837 ) ) ;
#3469 = EDGE_CURVE ( 'NONE', #827, #717, #1484, .T. ) ;
#3470 = DIRECTION ( 'NONE',  ( -1.000000000000000000, 1.710107087737797400E-015, 1.047444401652940000E-014 ) ) ;
#3471 = EDGE_LOOP ( 'NONE', ( #1880, #368 ) ) ;
#3472 = EDGE_CURVE ( 'NONE', #76, #1282, #3236, .T. ) ;
#3473 = AXIS2_PLACEMENT_3D ( 'NONE', #2962, #3894, #2044 ) ;
#3474 = DIRECTION ( 'NONE',  ( 0.1378445374916272600, -0.9808148484639890300, -0.1378445374916301400 ) ) ;
#3475 = ADVANCED_FACE ( 'NONE', ( #3448 ), #749, .F. ) ;
#3476 = VERTEX_POINT ( 'NONE', #235 ) ;
#3477 = DIRECTION ( 'NONE',  ( 1.047444401652940000E-014, 0.0000000000000000000, 1.000000000000000000 ) ) ;
#3478 = ORIENTED_EDGE ( 'NONE', *, *, #2712, .T. ) ;
#3479 =( LENGTH_UNIT ( ) NAMED_UNIT ( * ) SI_UNIT ( .MILLI., .METRE. ) );
#3480 = ORIENTED_EDGE ( 'NONE', *, *, #3622, .T. ) ;
#3481 = FACE_OUTER_BOUND ( 'NONE', #3257, .T. ) ;
#3482 = PLANE ( 'NONE',  #3857 ) ;
#3483 = DIRECTION ( 'NONE',  ( 1.047444401652940000E-014, 0.0000000000000000000, 1.000000000000000000 ) ) ;
#3484 = VERTEX_POINT ( 'NONE', #3667 ) ;
#3485 = ORIENTED_EDGE ( 'NONE', *, *, #2073, .T. ) ;
#3486 = CARTESIAN_POINT ( 'NONE',  ( -2.200000000000009100, 0.7384999999999996000, -0.8374999999999772600 ) ) ;
#3487 = AXIS2_PLACEMENT_3D ( 'NONE', #2513, #643, #3110 ) ;
#3488 = CARTESIAN_POINT ( 'NONE',  ( -2.430158218102036500, 0.5114999999999996200, 1.112500000000024900 ) ) ;
#3489 = VECTOR ( 'NONE', #2671, 1000.000000000000000 ) ;
#3490 = ORIENTED_EDGE ( 'NONE', *, *, #652, .F. ) ;
#3491 = CARTESIAN_POINT ( 'NONE',  ( 3.199999999999988600, 0.1266906343829976900, -1.112500000000034200 ) ) ;
#3492 = CARTESIAN_POINT ( 'NONE',  ( 2.430158218102050200, 0.7384999999999996000, 0.1874999999999740800 ) ) ;
#3493 = FACE_OUTER_BOUND ( 'NONE', #3297, .T. ) ;
#3494 = CYLINDRICAL_SURFACE ( 'NONE', #130, 0.2269999999999997600 ) ;
#3495 = AXIS2_PLACEMENT_3D ( 'NONE', #481, #2065, #3960 ) ;
#3496 = CARTESIAN_POINT ( 'NONE',  ( -2.199999999999989100, 0.7384999999999996000, 1.112500000000022500 ) ) ;
#3497 = ORIENTED_EDGE ( 'NONE', *, *, #2230, .T. ) ;
#3498 = EDGE_CURVE ( 'NONE', #2799, #1262, #644, .T. ) ;
#3499 = FACE_OUTER_BOUND ( 'NONE', #1675, .T. ) ;
#3500 = EDGE_CURVE ( 'NONE', #142, #64, #298, .T. ) ;
#3501 = DIRECTION ( 'NONE',  ( -1.047444401652940000E-014, 0.0000000000000000000, -1.000000000000000000 ) ) ;
#3502 = MANIFOLD_SOLID_BREP ( 'LPattern1[2]', #667 ) ;
#3503 = ORIENTED_EDGE ( 'NONE', *, *, #1642, .T. ) ;
#3504 = CARTESIAN_POINT ( 'NONE',  ( -2.530158218102036600, 0.2579013381946189700, 1.112500000000026000 ) ) ;
#3505 = DIRECTION ( 'NONE',  ( -0.9975640502598247500, -0.06975647374411803000, 1.044892879734885600E-014 ) ) ;
#3506 = ORIENTED_EDGE ( 'NONE', *, *, #2373, .F. ) ;
#3507 = VECTOR ( 'NONE', #1807, 1000.000000000000000 ) ;
#3508 = VECTOR ( 'NONE', #2208, 1000.000000000000000 ) ;
#3509 = CARTESIAN_POINT ( 'NONE',  ( -1.350000000000010100, 1.149999999999999200, -0.9101404047848324900 ) ) ;
#3510 = DIRECTION ( 'NONE',  ( -1.000000000000000000, 0.0000000000000000000, 1.050768625316347000E-014 ) ) ;
#3511 = CARTESIAN_POINT ( 'NONE',  ( 2.657158218102051000, 0.5114999999999994000, 0.1874999999999716900 ) ) ;
#3512 = PLANE ( 'NONE',  #2136 ) ;
#3513 = AXIS2_PLACEMENT_3D ( 'NONE', #666, #2839, #1283 ) ;
#3514 = CLOSED_SHELL ( 'NONE', ( #538, #1525, #2138, #2080, #2499, #1781, #820, #3188, #1835, #928, #1205, #3718, #1453, #1256 ) ) ;
#3515 = DIRECTION ( 'NONE',  ( 0.9975640502598247500, 0.06975647374411779500, -1.044892879734885600E-014 ) ) ;
#3516 = EDGE_LOOP ( 'NONE', ( #1512, #3902, #2641, #3237 ) ) ;
#3517 = DIRECTION ( 'NONE',  ( -0.9975640502598247500, 0.06975647374411912700, 1.044892879734885700E-014 ) ) ;
#3518 = CYLINDRICAL_SURFACE ( 'NONE', #3487, 0.09999999999999982500 ) ;
#3519 = AXIS2_PLACEMENT_3D ( 'NONE', #700, #902, #1011 ) ;
#3520 = DIRECTION ( 'NONE',  ( 1.066532129961007700E-014, 0.1391731009600657200, 0.9902680687415703600 ) ) ;
#3521 = CLOSED_SHELL ( 'NONE', ( #3696, #4050, #1348, #1513, #4007, #3108, #723, #3458, #2919, #587, #3779, #2106, #3386, #1138 ) ) ;
#3522 = DIRECTION ( 'NONE',  ( -1.000000000000000000, 0.0000000000000000000, 1.057097118173364100E-014 ) ) ;
#3523 = EDGE_CURVE ( 'NONE', #2700, #2456, #3022, .T. ) ;
#3524 = CARTESIAN_POINT ( 'NONE',  ( 2.750182570727645300, 0.1581449331686363400, 0.8374999999999706000 ) ) ;
#3525 = ADVANCED_FACE ( 'NONE', ( #2593 ), #3755, .F. ) ;
#3526 = EDGE_CURVE ( 'NONE', #730, #427, #2210, .T. ) ;
#3527 = ORIENTED_EDGE ( 'NONE', *, *, #860, .F. ) ;
#3528 = CARTESIAN_POINT ( 'NONE',  ( -2.199999999999998400, 0.7384999999999996000, 0.1875000000000225700 ) ) ;
#3529 = EDGE_CURVE ( 'NONE', #825, #201, #1243, .T. ) ;
#3530 = CARTESIAN_POINT ( 'NONE',  ( 2.200000000000009100, 0.7384999999999996000, 0.8374999999999763700 ) ) ;
#3531 = ORIENTED_EDGE ( 'NONE', *, *, #3899, .F. ) ;
#3532 = CARTESIAN_POINT ( 'NONE',  ( -2.430158218102052900, 0.6114999999999996000, -0.4624999999999749900 ) ) ;
#3533 = FACE_OUTER_BOUND ( 'NONE', #2659, .T. ) ;
#3534 = ORIENTED_EDGE ( 'NONE', *, *, #3838, .T. ) ;
#3535 = VECTOR ( 'NONE', #3664, 1000.000000000000000 ) ;
#3536 = LINE ( 'NONE', #3073, #1954 ) ;
#3537 = VECTOR ( 'NONE', #1556, 1000.000000000000000 ) ;
#3538 = ORIENTED_EDGE ( 'NONE', *, *, #1710, .T. ) ;
#3539 = VECTOR ( 'NONE', #294, 1000.000000000000000 ) ;
#3540 = VERTEX_POINT ( 'NONE', #936 ) ;
#3541 = AXIS2_PLACEMENT_3D ( 'NONE', #1396, #3222, #123 ) ;
#3542 = DIRECTION ( 'NONE',  ( -4.710681988356335200E-016, -1.000000000000000000, 4.934177476671182900E-030 ) ) ;
#3543 = VECTOR ( 'NONE', #2108, 1000.000000000000000 ) ;
#3544 = ORIENTED_EDGE ( 'NONE', *, *, #2515, .F. ) ;
#3545 = EDGE_CURVE ( 'NONE', #1440, #2555, #1546, .T. ) ;
#3546 = VECTOR ( 'NONE', #746, 1000.000000000000000 ) ;
#3547 = DIRECTION ( 'NONE',  ( -1.047444401652940000E-014, -0.0000000000000000000, -1.000000000000000000 ) ) ;
#3548 =( GEOMETRIC_REPRESENTATION_CONTEXT ( 3 ) GLOBAL_UNCERTAINTY_ASSIGNED_CONTEXT ( ( #2925 ) ) GLOBAL_UNIT_ASSIGNED_CONTEXT ( ( #162, #474, #3285 ) ) REPRESENTATION_CONTEXT ( 'NONE', 'WORKASPACE' ) );
#3549 = ORIENTED_EDGE ( 'NONE', *, *, #38, .T. ) ;
#3550 = LINE ( 'NONE', #1454, #1345 ) ;
#3551 = EDGE_CURVE ( 'NONE', #1935, #2590, #3186, .T. ) ;
#3552 = DIRECTION ( 'NONE',  ( 1.047444401652940000E-014, -0.0000000000000000000, 1.000000000000000000 ) ) ;
#3553 = LINE ( 'NONE', #2875, #2947 ) ;
#3554 = CARTESIAN_POINT ( 'NONE',  ( 2.741323498562142200, 0.03145429878563848300, 0.8374999999999707100 ) ) ;
#3555 = DIRECTION ( 'NONE',  ( 0.9975640502598247500, 0.06975647374411810000, -1.044892879734885600E-014 ) ) ;
#3556 = CARTESIAN_POINT ( 'NONE',  ( 2.757158218102046200, 0.2579013381946188600, -0.1875000000000292500 ) ) ;
#3557 = ORIENTED_EDGE ( 'NONE', *, *, #2756, .F. ) ;
#3558 = VECTOR ( 'NONE', #1591, 1000.000000000000000 ) ;
#3559 = VECTOR ( 'NONE', #1915, 1000.000000000000000 ) ;
#3560 = CARTESIAN_POINT ( 'NONE',  ( -2.430158218102045800, 0.7384999999999994900, 0.1875000000000249800 ) ) ;
#3561 = DIRECTION ( 'NONE',  ( -0.1391731009600657200, -0.9902680687415703600, 1.457760854613002700E-015 ) ) ;
#3562 = ORIENTED_EDGE ( 'NONE', *, *, #3169, .F. ) ;
#3563 = AXIS2_PLACEMENT_3D ( 'NONE', #2045, #174, #1114 ) ;
#3564 = DIRECTION ( 'NONE',  ( 1.047444401652940000E-014, 0.0000000000000000000, 1.000000000000000000 ) ) ;
#3565 = ORIENTED_EDGE ( 'NONE', *, *, #232, .T. ) ;
#3566 = CARTESIAN_POINT ( 'NONE',  ( -2.199999999999995700, 0.6114999999999996000, 0.4625000000000226200 ) ) ;
#3567 = VECTOR ( 'NONE', #323, 1000.000000000000000 ) ;
#3568 = DIRECTION ( 'NONE',  ( 1.047444401652940000E-014, 0.0000000000000000000, 1.000000000000000000 ) ) ;
#3569 = CARTESIAN_POINT ( 'NONE',  ( -1.075000000000010200, 1.149999999999999200, -0.9101404047848353800 ) ) ;
#3570 = ORIENTED_EDGE ( 'NONE', *, *, #662, .F. ) ;
#3571 = AXIS2_PLACEMENT_3D ( 'NONE', #2354, #468, #3293 ) ;
#3572 = EDGE_CURVE ( 'NONE', #3747, #517, #2061, .T. ) ;
#3573 = EDGE_LOOP ( 'NONE', ( #1714, #2828, #2085, #271 ) ) ;
#3574 =( NAMED_UNIT ( * ) PLANE_ANGLE_UNIT ( ) SI_UNIT ( $, .RADIAN. ) );
#3575 = EDGE_CURVE ( 'NONE', #1972, #2826, #3079, .T. ) ;
#3576 = PLANE ( 'NONE',  #3126 ) ;
#3577 = VERTEX_POINT ( 'NONE', #1572 ) ;
#3578 = CARTESIAN_POINT ( 'NONE',  ( -2.657158218102045700, 0.2579013381946188600, 0.1875000000000273400 ) ) ;
#3579 = ORIENTED_EDGE ( 'NONE', *, *, #1916, .T. ) ;
#3580 = VECTOR ( 'NONE', #1702, 1000.000000000000100 ) ;
#3581 = ORIENTED_EDGE ( 'NONE', *, *, #3529, .T. ) ;
#3582 = CARTESIAN_POINT ( 'NONE',  ( -2.430158218102036500, 0.6114999999999996000, 1.112500000000024900 ) ) ;
#3583 = VECTOR ( 'NONE', #3909, 1000.000000000000000 ) ;
#3584 = ORIENTED_EDGE ( 'NONE', *, *, #2400, .T. ) ;
#3585 = FACE_OUTER_BOUND ( 'NONE', #411, .T. ) ;
#3586 = MECHANICAL_DESIGN_GEOMETRIC_PRESENTATION_REPRESENTATION (  '', ( #2647 ), #2938 ) ;
#3587 = PLANE ( 'NONE',  #473 ) ;
#3588 = CARTESIAN_POINT ( 'NONE',  ( 3.200000000000011700, 0.1266906343829976900, 1.112499999999965800 ) ) ;
#3589 = VECTOR ( 'NONE', #2185, 1000.000000000000000 ) ;
#3590 = ORIENTED_EDGE ( 'NONE', *, *, #2283, .T. ) ;
#3591 = CARTESIAN_POINT ( 'NONE',  ( -2.657158218102056800, 0.5114999999999996200, -0.8374999999999724900 ) ) ;
#3592 = DIRECTION ( 'NONE',  ( 0.9975640502598247500, 0.06975647374411912700, -1.044892879734885700E-014 ) ) ;
#3593 = CIRCLE ( 'NONE', #2808, 0.2269999999999997600 ) ;
#3594 = AXIS2_PLACEMENT_3D ( 'NONE', #1575, #592, #2160 ) ;
#3595 = ORIENTED_EDGE ( 'NONE', *, *, #1322, .F. ) ;
#3596 = CARTESIAN_POINT ( 'NONE',  ( -2.750182570727624800, 0.1581449331686363100, 1.112500000000028500 ) ) ;
#3597 = EDGE_CURVE ( 'NONE', #3088, #2597, #436, .T. ) ;
#3598 = DIRECTION ( 'NONE',  ( -1.000000000000000000, 0.0000000000000000000, 1.047444401652940000E-014 ) ) ;
#3599 = EDGE_CURVE ( 'NONE', #2182, #3211, #2453, .T. ) ;
#3600 = FACE_OUTER_BOUND ( 'NONE', #875, .T. ) ;
#3601 = VECTOR ( 'NONE', #3363, 1000.000000000000000 ) ;
#3602 = DIRECTION ( 'NONE',  ( 1.047444401652940000E-014, 0.0000000000000000000, 1.000000000000000000 ) ) ;
#3603 = CIRCLE ( 'NONE', #3406, 0.1000000000000002600 ) ;
#3604 = DIRECTION ( 'NONE',  ( -0.06975647374411911300, 0.9975640502598246400, 7.306602790232785500E-016 ) ) ;
#3605 = DIRECTION ( 'NONE',  ( 1.047444401652940000E-014, 0.0000000000000000000, 1.000000000000000000 ) ) ;
#3606 = ORIENTED_EDGE ( 'NONE', *, *, #863, .T. ) ;
#3607 = EDGE_CURVE ( 'NONE', #523, #3716, #3180, .T. ) ;
#3608 = CARTESIAN_POINT ( 'NONE',  ( -2.657158218102043000, 0.2579013381946189100, 0.4625000000000273900 ) ) ;
#3609 = DIRECTION ( 'NONE',  ( -1.000000000000000000, 0.0000000000000000000, 1.047444401652940000E-014 ) ) ;
#3610 = AXIS2_PLACEMENT_3D ( 'NONE', #2720, #3032, #3045 ) ;
#3611 = ORIENTED_EDGE ( 'NONE', *, *, #2712, .F. ) ;
#3612 = DIRECTION ( 'NONE',  ( 1.000000000000000000, -0.0000000000000000000, -1.047444401652940000E-014 ) ) ;
#3613 = VERTEX_POINT ( 'NONE', #281 ) ;
#3614 = DIRECTION ( 'NONE',  ( 0.9975640502598247500, -0.06975647374411822500, -1.044892879734885600E-014 ) ) ;
#3615 = AXIS2_PLACEMENT_3D ( 'NONE', #420, #2941, #2924 ) ;
#3616 = DIRECTION ( 'NONE',  ( 0.0000000000000000000, 1.000000000000000000, 0.0000000000000000000 ) ) ;
#3617 = ORIENTED_EDGE ( 'NONE', *, *, #3245, .F. ) ;
#3618 = EDGE_CURVE ( 'NONE', #1821, #288, #2356, .T. ) ;
#3619 = CARTESIAN_POINT ( 'NONE',  ( -2.530158218102050300, 0.5114999999999996200, -0.1874999999999738800 ) ) ;
#3620 = CARTESIAN_POINT ( 'NONE',  ( -3.199999999999988600, 0.1266906343829977100, 1.112500000000033100 ) ) ;
#3621 = VERTEX_POINT ( 'NONE', #624 ) ;
#3622 = EDGE_CURVE ( 'NONE', #2724, #2456, #832, .T. ) ;
#3623 = ORIENTED_EDGE ( 'NONE', *, *, #3599, .F. ) ;
#3624 = EDGE_CURVE ( 'NONE', #2093, #859, #2015, .T. ) ;
#3625 = VECTOR ( 'NONE', #3038, 1000.000000000000000 ) ;
#3626 = DIRECTION ( 'NONE',  ( -0.9975640502598247500, 0.06975647374411803000, 1.044892879734885600E-014 ) ) ;
#3627 = ORIENTED_EDGE ( 'NONE', *, *, #524, .T. ) ;
#3628 = CARTESIAN_POINT ( 'NONE',  ( -2.199999999999984600, 0.7384999999999996000, 1.525000000000022600 ) ) ;
#3629 = DIRECTION ( 'NONE',  ( -1.047444401652940000E-014, -0.0000000000000000000, -1.000000000000000000 ) ) ;
#3630 =( NAMED_UNIT ( * ) PLANE_ANGLE_UNIT ( ) SI_UNIT ( $, .RADIAN. ) );
#3631 = LINE ( 'NONE', #1665, #1436 ) ;
#3632 = ORIENTED_EDGE ( 'NONE', *, *, #2711, .T. ) ;
#3633 = ORIENTED_EDGE ( 'NONE', *, *, #4040, .T. ) ;
#3634 = AXIS2_PLACEMENT_3D ( 'NONE', #2033, #161, #2342 ) ;
#3635 = VECTOR ( 'NONE', #3332, 1000.000000000000000 ) ;
#3636 = CARTESIAN_POINT ( 'NONE',  ( 2.530158218102052500, 0.5114999999999996200, 0.4624999999999731000 ) ) ;
#3637 = ORIENTED_EDGE ( 'NONE', *, *, #2815, .T. ) ;
#3638 = LINE ( 'NONE', #2847, #993 ) ;
#3639 = PLANE ( 'NONE',  #2475 ) ;
#3640 = AXIS2_PLACEMENT_3D ( 'NONE', #3278, #3287, #454 ) ;
#3641 = EDGE_LOOP ( 'NONE', ( #3139, #905, #1141, #703 ) ) ;
#3642 = LINE ( 'NONE', #2566, #2646 ) ;
#3643 = ORIENTED_EDGE ( 'NONE', *, *, #2146, .F. ) ;
#3644 = DIRECTION ( 'NONE',  ( -0.0000000000000000000, -1.000000000000000000, -0.0000000000000000000 ) ) ;
#3645 = CARTESIAN_POINT ( 'NONE',  ( -2.757158218102056900, 0.2579013381946188600, -0.8374999999999714900 ) ) ;
#3646 = LINE ( 'NONE', #3961, #3296 ) ;
#3647 = ADVANCED_FACE ( 'NONE', ( #3690 ), #353, .T. ) ;
#3648 = EDGE_LOOP ( 'NONE', ( #3873, #1908, #2215, #1192 ) ) ;
#3649 = EDGE_CURVE ( 'NONE', #3323, #1631, #2731, .T. ) ;
#3650 = DIRECTION ( 'NONE',  ( 0.1391731009600657200, -0.9902680687415703600, -1.457760854613002700E-015 ) ) ;
#3651 = VERTEX_POINT ( 'NONE', #2863 ) ;
#3652 = DIRECTION ( 'NONE',  ( -1.000000000000000000, 0.0000000000000000000, 1.084202172485506300E-014 ) ) ;
#3653 = EDGE_LOOP ( 'NONE', ( #1738, #969, #1834, #483 ) ) ;
#3654 = PLANE ( 'NONE',  #1278 ) ;
#3655 = LINE ( 'NONE', #3841, #2706 ) ;
#3656 = DIRECTION ( 'NONE',  ( 0.9902680687415703600, -0.1391731009600657200, -1.093573409209722300E-014 ) ) ;
#3657 = PLANE ( 'NONE',  #1604 ) ;
#3658 = DIRECTION ( 'NONE',  ( -1.000000000000000000, 0.0000000000000000000, 1.084202172485501600E-014 ) ) ;
#3659 = ORIENTED_EDGE ( 'NONE', *, *, #1511, .T. ) ;
#3660 = AXIS2_PLACEMENT_3D ( 'NONE', #3720, #1831, #2787 ) ;
#3661 = CARTESIAN_POINT ( 'NONE',  ( -2.530158218102043700, 0.2579013381946189100, 0.4625000000000261100 ) ) ;
#3662 = ORIENTED_EDGE ( 'NONE', *, *, #458, .F. ) ;
#3663 = CIRCLE ( 'NONE', #3405, 0.09999999999999982500 ) ;
#3664 = DIRECTION ( 'NONE',  ( -1.047444401652940000E-014, -0.0000000000000000000, -1.000000000000000000 ) ) ;
#3665 = ORIENTED_EDGE ( 'NONE', *, *, #1849, .T. ) ;
#3666 = AXIS2_PLACEMENT_3D ( 'NONE', #360, #945, #3127 ) ;
#3667 = CARTESIAN_POINT ( 'NONE',  ( 2.750182570727645300, 0.1581449331686363700, 0.8374999999999706000 ) ) ;
#3668 = EDGE_CURVE ( 'NONE', #654, #2676, #584, .T. ) ;
#3669 = DIRECTION ( 'NONE',  ( -1.047444401652940000E-014, -0.0000000000000000000, -1.000000000000000000 ) ) ;
#3670 =( NAMED_UNIT ( * ) SI_UNIT ( $, .STERADIAN. ) SOLID_ANGLE_UNIT ( ) );
#3671 = EDGE_CURVE ( 'NONE', #2987, #1778, #1860, .T. ) ;
#3672 = CARTESIAN_POINT ( 'NONE',  ( -2.430158218102056900, 0.5114999999999996200, -0.8374999999999748200 ) ) ;
#3673 = UNCERTAINTY_MEASURE_WITH_UNIT (LENGTH_MEASURE( 1.000000000000000100E-005 ), #620, 'distance_accuracy_value', 'NONE');
#3674 = VERTEX_POINT ( 'NONE', #1943 ) ;
#3675 = PLANE ( 'NONE',  #2219 ) ;
#3676 = CARTESIAN_POINT ( 'NONE',  ( -2.200000000000009100, 0.7384999999999996000, -0.8374999999999772600 ) ) ;
#3677 = EDGE_CURVE ( 'NONE', #4033, #671, #3384, .T. ) ;
#3678 = ORIENTED_EDGE ( 'NONE', *, *, #1295, .F. ) ;
#3679 = FACE_OUTER_BOUND ( 'NONE', #694, .T. ) ;
#3680 = CYLINDRICAL_SURFACE ( 'NONE', #1499, 0.2270000000000002000 ) ;
#3681 = VERTEX_POINT ( 'NONE', #709 ) ;
#3682 = CARTESIAN_POINT ( 'NONE',  ( -2.430158218102056900, 0.6114999999999996000, -0.8374999999999748200 ) ) ;
#3683 = EDGE_CURVE ( 'NONE', #160, #1659, #3329, .T. ) ;
#3684 = LINE ( 'NONE', #573, #4071 ) ;
#3685 = ORIENTED_EDGE ( 'NONE', *, *, #85, .T. ) ;
#3686 = CARTESIAN_POINT ( 'NONE',  ( -2.530158218102039200, 0.5114999999999996200, 0.8375000000000258900 ) ) ;
#3687 = DIRECTION ( 'NONE',  ( -1.000000000000000000, 0.0000000000000000000, 1.050768625316347000E-014 ) ) ;
#3688 = DIRECTION ( 'NONE',  ( 0.0000000000000000000, 1.000000000000000000, 0.0000000000000000000 ) ) ;
#3689 = CARTESIAN_POINT ( 'NONE',  ( -2.657158218102036300, 0.5114999999999996200, 1.112500000000027400 ) ) ;
#3690 = FACE_OUTER_BOUND ( 'NONE', #4045, .T. ) ;
#3691 = ORIENTED_EDGE ( 'NONE', *, *, #1024, .F. ) ;
#3692 = DIRECTION ( 'NONE',  ( 1.047444401652940000E-014, 0.0000000000000000000, 1.000000000000000000 ) ) ;
#3693 = DIRECTION ( 'NONE',  ( -1.710107087737797400E-015, -1.000000000000000000, 1.791242095277969000E-029 ) ) ;
#3694 = PRESENTATION_STYLE_ASSIGNMENT (( #1021 ) ) ;
#3695 = AXIS2_PLACEMENT_3D ( 'NONE', #846, #1123, #822 ) ;
#3696 = ADVANCED_FACE ( 'NONE', ( #887 ), #2570, .T. ) ;
#3697 = ORIENTED_EDGE ( 'NONE', *, *, #383, .T. ) ;
#3698 = FILL_AREA_STYLE_COLOUR ( '', #291 ) ;
#3699 = LINE ( 'NONE', #3566, #3546 ) ;
#3700 = VERTEX_POINT ( 'NONE', #3190 ) ;
#3701 = MECHANICAL_DESIGN_GEOMETRIC_PRESENTATION_REPRESENTATION (  '', ( #246 ), #2672 ) ;
#3702 = DIRECTION ( 'NONE',  ( 0.06975647374411803000, 0.9975640502598247500, -7.306602790232674100E-016 ) ) ;
#3703 = ORIENTED_EDGE ( 'NONE', *, *, #652, .T. ) ;
#3704 = EDGE_CURVE ( 'NONE', #3205, #3088, #4027, .T. ) ;
#3705 = PLANE ( 'NONE',  #906 ) ;
#3706 = VERTEX_POINT ( 'NONE', #3206 ) ;
#3707 = FACE_OUTER_BOUND ( 'NONE', #4036, .T. ) ;
#3708 = PLANE ( 'NONE',  #2241 ) ;
#3709 = VECTOR ( 'NONE', #604, 1000.000000000000200 ) ;
#3710 = ORIENTED_EDGE ( 'NONE', *, *, #3076, .T. ) ;
#3711 = CIRCLE ( 'NONE', #13, 0.2270000000000002000 ) ;
#3712 = CARTESIAN_POINT ( 'NONE',  ( 2.430158218102056900, 0.7384999999999996000, 0.8374999999999740400 ) ) ;
#3713 = EDGE_CURVE ( 'NONE', #2577, #1799, #3631, .T. ) ;
#3714 = EDGE_CURVE ( 'NONE', #2137, #1286, #1819, .T. ) ;
#3715 = DIRECTION ( 'NONE',  ( 1.000000000000000000, 0.0000000000000000000, -1.047444401652940000E-014 ) ) ;
#3716 = VERTEX_POINT ( 'NONE', #680 ) ;
#3717 = CIRCLE ( 'NONE', #1730, 0.09999999999999982500 ) ;
#3718 = ADVANCED_FACE ( 'NONE', ( #3833 ), #3161, .F. ) ;
#3719 = DIRECTION ( 'NONE',  ( -1.000000000000000000, 0.0000000000000000000, 1.050768625316347000E-014 ) ) ;
#3720 = CARTESIAN_POINT ( 'NONE',  ( -2.430158218102056900, 0.5114999999999996200, -0.8374999999999748200 ) ) ;
#3721 = ORIENTED_EDGE ( 'NONE', *, *, #662, .T. ) ;
#3722 = DIRECTION ( 'NONE',  ( -0.06975647374411911300, 0.9975640502598246400, 7.306602790232785500E-016 ) ) ;
#3723 = CARTESIAN_POINT ( 'NONE',  ( 2.757158218102039500, 0.2579013381946188600, -0.8375000000000292200 ) ) ;
#3724 = ORIENTED_EDGE ( 'NONE', *, *, #287, .F. ) ;
#3725 = AXIS2_PLACEMENT_3D ( 'NONE', #2813, #1853, #4055 ) ;
#3726 = CARTESIAN_POINT ( 'NONE',  ( 2.430158218102036500, 0.7384999999999996000, -1.112500000000025800 ) ) ;
#3727 = EDGE_LOOP ( 'NONE', ( #1277, #2104, #1156, #2760 ) ) ;
#3728 = CARTESIAN_POINT ( 'NONE',  ( 3.191140927834494900, 0.0000000000000000000, -0.1875000000000338100 ) ) ;
#3729 = AXIS2_PLACEMENT_3D ( 'NONE', #3672, #2748, #890 ) ;
#3730 = CARTESIAN_POINT ( 'NONE',  ( -2.750182570727645300, 0.1581449331686363100, -0.8374999999999714900 ) ) ;
#3731 = CLOSED_SHELL ( 'NONE', ( #2472, #962, #1974, #510 ) ) ;
#3732 = CARTESIAN_POINT ( 'NONE',  ( -2.199999999999984600, 0.6114999999999996000, 1.525000000000022300 ) ) ;
#3733 = CARTESIAN_POINT ( 'NONE',  ( 2.199999999999998400, 0.7384999999999996000, -0.1875000000000234300 ) ) ;
#3734 = EDGE_CURVE ( 'NONE', #2474, #2176, #2497, .T. ) ;
#3735 = CARTESIAN_POINT ( 'NONE',  ( -1.625000000000010000, 1.199999999999999300, -0.9101404047848296000 ) ) ;
#3736 = LINE ( 'NONE', #3825, #2876 ) ;
#3737 = CIRCLE ( 'NONE', #2503, 0.2270000000000002000 ) ;
#3738 = ORIENTED_EDGE ( 'NONE', *, *, #1764, .T. ) ;
#3739 = EDGE_CURVE ( 'NONE', #1209, #324, #2834, .T. ) ;
#3740 = LINE ( 'NONE', #3619, #692 ) ;
#3741 = ORIENTED_EDGE ( 'NONE', *, *, #2658, .F. ) ;
#3742 = VECTOR ( 'NONE', #126, 1000.000000000000000 ) ;
#3743 = CARTESIAN_POINT ( 'NONE',  ( 2.530158218102039700, 0.5114999999999996200, -0.8375000000000267800 ) ) ;
#3744 = ADVANCED_FACE ( 'NONE', ( #1543 ), #1129, .T. ) ;
#3745 = ORIENTED_EDGE ( 'NONE', *, *, #2844, .F. ) ;
#3746 = STYLED_ITEM ( 'NONE', ( #1083 ), #929 ) ;
#3747 = VERTEX_POINT ( 'NONE', #3319 ) ;
#3748 = VECTOR ( 'NONE', #1989, 1000.000000000000000 ) ;
#3749 = FACE_OUTER_BOUND ( 'NONE', #576, .T. ) ;
#3750 = CARTESIAN_POINT ( 'NONE',  ( -2.200000000000009100, 0.7384999999999996000, -0.8374999999999772600 ) ) ;
#3751 = PRESENTATION_LAYER_ASSIGNMENT (  '', '', ( #2602 ) ) ;
#3752 = ORIENTED_EDGE ( 'NONE', *, *, #2697, .F. ) ;
#3753 = LINE ( 'NONE', #2221, #217 ) ;
#3754 = CARTESIAN_POINT ( 'NONE',  ( -2.530158218102060100, 0.5114999999999996200, -1.112499999999974100 ) ) ;
#3755 = PLANE ( 'NONE',  #1759 ) ;
#3756 = EDGE_CURVE ( 'NONE', #2035, #1709, #1031, .T. ) ;
#3757 = DIRECTION ( 'NONE',  ( 1.047444401652940000E-014, 0.0000000000000000000, 1.000000000000000000 ) ) ;
#3758 = FACE_OUTER_BOUND ( 'NONE', #3516, .T. ) ;
#3759 = DIRECTION ( 'NONE',  ( 1.000000000000000000, 0.0000000000000000000, -1.047444401652940000E-014 ) ) ;
#3760 = ORIENTED_EDGE ( 'NONE', *, *, #19, .T. ) ;
#3761 = CARTESIAN_POINT ( 'NONE',  ( -2.750182570727624800, 0.1581449331686363100, 1.112500000000028500 ) ) ;
#3762 = EDGE_CURVE ( 'NONE', #2502, #1209, #3740, .T. ) ;
#3763 = LINE ( 'NONE', #2431, #3949 ) ;
#3764 = EDGE_CURVE ( 'NONE', #2765, #556, #56, .T. ) ;
#3765 = VERTEX_POINT ( 'NONE', #3945 ) ;
#3766 = ADVANCED_FACE ( 'NONE', ( #1912 ), #1447, .F. ) ;
#3767 = EDGE_LOOP ( 'NONE', ( #799, #3228, #949, #2961 ) ) ;
#3768 = LINE ( 'NONE', #20, #1017 ) ;
#3769 = CARTESIAN_POINT ( 'NONE',  ( -2.757158218102056900, 0.2579013381946188600, -0.8374999999999714900 ) ) ;
#3770 = CARTESIAN_POINT ( 'NONE',  ( 2.657158218102053200, 0.2579013381946188600, 0.4624999999999717700 ) ) ;
#3771 = ORIENTED_EDGE ( 'NONE', *, *, #3047, .F. ) ;
#3772 = VERTEX_POINT ( 'NONE', #2377 ) ;
#3773 = AXIS2_PLACEMENT_3D ( 'NONE', #1552, #2161, #912 ) ;
#3774 = CARTESIAN_POINT ( 'NONE',  ( -2.200000000000002800, 0.7384999999999996000, -0.1874999999999773500 ) ) ;
#3775 = FACE_OUTER_BOUND ( 'NONE', #308, .T. ) ;
#3776 = CARTESIAN_POINT ( 'NONE',  ( 2.200000000000012200, 0.5114999999999996200, 1.112499999999976500 ) ) ;
#3777 = CARTESIAN_POINT ( 'NONE',  ( -2.199999999999989100, 0.7384999999999996000, 1.112500000000022500 ) ) ;
#3778 = ORIENTED_EDGE ( 'NONE', *, *, #682, .T. ) ;
#3779 = ADVANCED_FACE ( 'NONE', ( #2977 ), #3494, .T. ) ;
#3780 = LINE ( 'NONE', #172, #237 ) ;
#3781 = ORIENTED_EDGE ( 'NONE', *, *, #1662, .T. ) ;
#3782 = AXIS2_PLACEMENT_3D ( 'NONE', #214, #3409, #560 ) ;
#3783 = DIRECTION ( 'NONE',  ( -1.104320581193163100E-014, -0.0000000000000000000, -1.000000000000000000 ) ) ;
#3784 = CARTESIAN_POINT ( 'NONE',  ( 2.200000000000015700, 0.7384999999999996000, 1.524999999999975300 ) ) ;
#3785 = CIRCLE ( 'NONE', #3563, 0.2270000000000002000 ) ;
#3786 = ORIENTED_EDGE ( 'NONE', *, *, #2487, .T. ) ;
#3787 = EDGE_CURVE ( 'NONE', #975, #2616, #2637, .T. ) ;
#3788 = ADVANCED_FACE ( 'NONE', ( #1634 ), #167, .F. ) ;
#3789 = ADVANCED_FACE ( 'NONE', ( #3282 ), #1772, .T. ) ;
#3790 = DIRECTION ( 'NONE',  ( -1.047444401652940000E-014, -0.0000000000000000000, -1.000000000000000000 ) ) ;
#3791 = EDGE_CURVE ( 'NONE', #311, #3941, #2158, .T. ) ;
#3792 = VERTEX_POINT ( 'NONE', #1098 ) ;
#3793 = CARTESIAN_POINT ( 'NONE',  ( 3.200000000000005100, 0.1266906343829976900, 0.4624999999999661000 ) ) ;
#3794 = DIRECTION ( 'NONE',  ( -0.06975647374411909900, -0.9975640502598246400, 7.306602790232787500E-016 ) ) ;
#3795 = DIRECTION ( 'NONE',  ( 1.047444401652940000E-014, 0.0000000000000000000, 1.000000000000000000 ) ) ;
#3796 = PLANE ( 'NONE',  #400 ) ;
#3797 = CARTESIAN_POINT ( 'NONE',  ( -2.430158218102043100, 0.5114999999999996200, 0.4625000000000250600 ) ) ;
#3798 = ORIENTED_EDGE ( 'NONE', *, *, #664, .F. ) ;
#3799 = VECTOR ( 'NONE', #1694, 1000.000000000000000 ) ;
#3800 = ORIENTED_EDGE ( 'NONE', *, *, #2920, .F. ) ;
#3801 = CARTESIAN_POINT ( 'NONE',  ( 2.741323498562124900, 0.03145429878563838600, -0.8375000000000291100 ) ) ;
#3802 = CARTESIAN_POINT ( 'NONE',  ( -3.191140927834492200, 0.0000000000000000000, 0.4625000000000330500 ) ) ;
#3803 = EDGE_LOOP ( 'NONE', ( #3738, #3057, #629, #1106 ) ) ;
#3804 = VECTOR ( 'NONE', #3722, 1000.000000000000100 ) ;
#3805 = AXIS2_PLACEMENT_3D ( 'NONE', #380, #752, #3259 ) ;
#3806 = LINE ( 'NONE', #748, #952 ) ;
#3807 = DIRECTION ( 'NONE',  ( -1.047444401652940000E-014, 0.0000000000000000000, -1.000000000000000000 ) ) ;
#3808 = LINE ( 'NONE', #2804, #1363 ) ;
#3809 = DIRECTION ( 'NONE',  ( -1.710107087737797400E-015, -1.000000000000000000, 1.791242095277969000E-029 ) ) ;
#3810 = STYLED_ITEM ( 'NONE', ( #46 ), #2552 ) ;
#3811 = DIRECTION ( 'NONE',  ( 1.047444401652940000E-014, 0.0000000000000000000, 1.000000000000000000 ) ) ;
#3812 = DIRECTION ( 'NONE',  ( -1.000000000000000000, 0.0000000000000000000, 1.050768625316349100E-014 ) ) ;
#3813 = CARTESIAN_POINT ( 'NONE',  ( -2.757158218102052900, 0.2579013381946188600, -0.4624999999999715400 ) ) ;
#3814 = ORIENTED_EDGE ( 'NONE', *, *, #2560, .F. ) ;
#3815 = EDGE_CURVE ( 'NONE', #2597, #3021, #931, .T. ) ;
#3816 = FACE_OUTER_BOUND ( 'NONE', #153, .T. ) ;
#3817 = ORIENTED_EDGE ( 'NONE', *, *, #1589, .T. ) ;
#3818 = CARTESIAN_POINT ( 'NONE',  ( 3.200000000000011700, 0.1266906343829976900, 1.112499999999965800 ) ) ;
#3819 = DIRECTION ( 'NONE',  ( -1.000000000000000000, 0.0000000000000000000, 1.050768625316347000E-014 ) ) ;
#3820 = ORIENTED_EDGE ( 'NONE', *, *, #356, .F. ) ;
#3821 = CARTESIAN_POINT ( 'NONE',  ( -2.430158218102056900, 0.7384999999999996000, -0.8374999999999748200 ) ) ;
#3822 = ORIENTED_EDGE ( 'NONE', *, *, #2997, .F. ) ;
#3823 = CARTESIAN_POINT ( 'NONE',  ( 2.657158218102059900, 0.5114999999999996200, 1.112499999999971800 ) ) ;
#3824 = AXIS2_PLACEMENT_3D ( 'NONE', #858, #1508, #4004 ) ;
#3825 = CARTESIAN_POINT ( 'NONE',  ( 2.199999999999995700, 0.7384999999999996000, -0.4625000000000235000 ) ) ;
#3826 = VERTEX_POINT ( 'NONE', #2028 ) ;
#3827 = FACE_OUTER_BOUND ( 'NONE', #1689, .T. ) ;
#3828 = CARTESIAN_POINT ( 'NONE',  ( -3.199999999999995300, 0.1266906343829976900, 0.4625000000000331100 ) ) ;
#3829 = AXIS2_PLACEMENT_3D ( 'NONE', #1408, #753, #121 ) ;
#3830 = ORIENTED_EDGE ( 'NONE', *, *, #2777, .F. ) ;
#3831 = EDGE_CURVE ( 'NONE', #3117, #296, #243, .T. ) ;
#3832 = DIRECTION ( 'NONE',  ( -1.457760854613002700E-015, 0.9902680687415703600, -0.1391731009600657200 ) ) ;
#3833 = FACE_OUTER_BOUND ( 'NONE', #2662, .T. ) ;
#3834 = EDGE_LOOP ( 'NONE', ( #1154, #3534 ) ) ;
#3835 = VECTOR ( 'NONE', #441, 1000.000000000000000 ) ;
#3836 = DIRECTION ( 'NONE',  ( -0.9902680687415703600, 0.1391731009600657200, 1.037250744739026600E-014 ) ) ;
#3837 = DIRECTION ( 'NONE',  ( -0.0000000000000000000, -1.000000000000000000, -0.0000000000000000000 ) ) ;
#3838 = EDGE_CURVE ( 'NONE', #318, #3012, #295, .T. ) ;
#3839 = VECTOR ( 'NONE', #1285, 1000.000000000000000 ) ;
#3840 = VERTEX_POINT ( 'NONE', #508 ) ;
#3841 = CARTESIAN_POINT ( 'NONE',  ( -2.741323498562142200, 0.03145429878563841400, -0.8374999999999716000 ) ) ;
#3842 = EDGE_CURVE ( 'NONE', #595, #160, #3074, .T. ) ;
#3843 = VECTOR ( 'NONE', #371, 1000.000000000000200 ) ;
#3844 = CARTESIAN_POINT ( 'NONE',  ( -2.750182570727648400, 0.1581449331686363100, -1.112499999999971600 ) ) ;
#3845 = ORIENTED_EDGE ( 'NONE', *, *, #2868, .T. ) ;
#3846 = ORIENTED_EDGE ( 'NONE', *, *, #2898, .T. ) ;
#3847 = DIRECTION ( 'NONE',  ( 1.047444401652940000E-014, 0.0000000000000000000, 1.000000000000000000 ) ) ;
#3848 = VERTEX_POINT ( 'NONE', #2734 ) ;
#3849 = ADVANCED_FACE ( 'NONE', ( #3444 ), #791, .F. ) ;
#3850 = DIRECTION ( 'NONE',  ( -1.000000000000000000, 0.0000000000000000000, 1.029992063861230900E-014 ) ) ;
#3851 = MECHANICAL_DESIGN_GEOMETRIC_PRESENTATION_REPRESENTATION (  '', ( #3062 ), #4059 ) ;
#3852 = ORIENTED_EDGE ( 'NONE', *, *, #284, .T. ) ;
#3853 = CARTESIAN_POINT ( 'NONE',  ( -1.350000000000010100, 1.149999999999999200, -0.9101404047848324900 ) ) ;
#3854 = ORIENTED_EDGE ( 'NONE', *, *, #3498, .T. ) ;
#3855 = AXIS2_PLACEMENT_3D ( 'NONE', #78, #3542, #391 ) ;
#3856 = VECTOR ( 'NONE', #2175, 1000.000000000000000 ) ;
#3857 = AXIS2_PLACEMENT_3D ( 'NONE', #1305, #3470, #3153 ) ;
#3858 = VERTEX_POINT ( 'NONE', #310 ) ;
#3859 = VECTOR ( 'NONE', #3990, 1000.000000000000000 ) ;
#3860 = CARTESIAN_POINT ( 'NONE',  ( 2.750182570727628000, 0.1581449331686363400, -0.8375000000000292200 ) ) ;
#3861 = CARTESIAN_POINT ( 'NONE',  ( 2.199999999999995700, 0.6114999999999996000, -0.4625000000000235000 ) ) ;
#3862 = ORIENTED_EDGE ( 'NONE', *, *, #1214, .F. ) ;
#3863 = CARTESIAN_POINT ( 'NONE',  ( 2.430158218102043100, 0.6114999999999996000, -0.4625000000000259500 ) ) ;
#3864 = CIRCLE ( 'NONE', #3368, 0.2270000000000002000 ) ;
#3865 = CARTESIAN_POINT ( 'NONE',  ( 2.199999999999998400, 0.7384999999999996000, -0.1875000000000234300 ) ) ;
#3866 = DIRECTION ( 'NONE',  ( -1.047444401652940000E-014, -0.0000000000000000000, -1.000000000000000000 ) ) ;
#3867 = VERTEX_POINT ( 'NONE', #1890 ) ;
#3868 = CARTESIAN_POINT ( 'NONE',  ( 2.430158218102060000, 0.5114999999999996200, 1.112499999999974300 ) ) ;
#3869 = ADVANCED_FACE ( 'NONE', ( #2780 ), #2830, .F. ) ;
#3870 = DIRECTION ( 'NONE',  ( -1.047444401652940000E-014, -0.0000000000000000000, -1.000000000000000000 ) ) ;
#3871 = ORIENTED_EDGE ( 'NONE', *, *, #41, .F. ) ;
#3872 = CARTESIAN_POINT ( 'NONE',  ( -2.530158218102050300, 0.2579013381946189100, -0.1874999999999738800 ) ) ;
#3873 = ORIENTED_EDGE ( 'NONE', *, *, #3141, .F. ) ;
#3874 = AXIS2_PLACEMENT_3D ( 'NONE', #3992, #1786, #2366 ) ;
#3875 = LINE ( 'NONE', #1254, #3917 ) ;
#3876 = ORIENTED_EDGE ( 'NONE', *, *, #3937, .T. ) ;
#3877 = VERTEX_POINT ( 'NONE', #1261 ) ;
#3878 = DIRECTION ( 'NONE',  ( 1.047444401652940000E-014, 0.0000000000000000000, 1.000000000000000000 ) ) ;
#3879 = DIRECTION ( 'NONE',  ( 0.9975640502598247500, 0.06975647374411912700, -1.044892879734885700E-014 ) ) ;
#3880 = DIRECTION ( 'NONE',  ( -1.047444401652940000E-014, -0.0000000000000000000, -1.000000000000000000 ) ) ;
#3881 = ORIENTED_EDGE ( 'NONE', *, *, #15, .F. ) ;
#3882 = EDGE_CURVE ( 'NONE', #889, #2676, #1238, .T. ) ;
#3883 = CIRCLE ( 'NONE', #1782, 0.2270000000000002000 ) ;
#3884 = DIRECTION ( 'NONE',  ( -0.9975640502598247500, 0.06975647374411804400, 1.044892879734885600E-014 ) ) ;
#3885 = PLANE ( 'NONE',  #3101 ) ;
#3886 = FACE_OUTER_BOUND ( 'NONE', #3005, .T. ) ;
#3887 = DIRECTION ( 'NONE',  ( -1.047444401652940000E-014, 0.0000000000000000000, -1.000000000000000000 ) ) ;
#3888 = VERTEX_POINT ( 'NONE', #670 ) ;
#3889 = VECTOR ( 'NONE', #128, 1000.000000000000000 ) ;
#3890 = ORIENTED_EDGE ( 'NONE', *, *, #3551, .T. ) ;
#3891 = CIRCLE ( 'NONE', #2930, 0.09999999999999982500 ) ;
#3892 = CARTESIAN_POINT ( 'NONE',  ( 2.430158218102052900, 0.5114999999999996200, 0.4624999999999741000 ) ) ;
#3893 = ORIENTED_EDGE ( 'NONE', *, *, #2673, .T. ) ;
#3894 = DIRECTION ( 'NONE',  ( -1.047444401652940000E-014, 0.0000000000000000000, -1.000000000000000000 ) ) ;
#3895 = ORIENTED_EDGE ( 'NONE', *, *, #1103, .F. ) ;
#3896 = CARTESIAN_POINT ( 'NONE',  ( 2.200000000000012200, 0.6114999999999996000, 1.112499999999976500 ) ) ;
#3897 = AXIS2_PLACEMENT_3D ( 'NONE', #518, #2708, #270 ) ;
#3898 = CARTESIAN_POINT ( 'NONE',  ( -3.200000000000011700, 0.1266906343829977100, -1.112499999999967000 ) ) ;
#3899 = EDGE_CURVE ( 'NONE', #671, #1266, #1682, .T. ) ;
#3900 = CARTESIAN_POINT ( 'NONE',  ( -2.530158218102039700, 0.5114999999999996200, 0.8375000000000258900 ) ) ;
#3901 = DIRECTION ( 'NONE',  ( -1.047444401652940000E-014, -0.0000000000000000000, -1.000000000000000000 ) ) ;
#3902 = ORIENTED_EDGE ( 'NONE', *, *, #2736, .F. ) ;
#3903 = STYLED_ITEM ( 'NONE', ( #1777 ), #3502 ) ;
#3904 = VECTOR ( 'NONE', #239, 1000.000000000000000 ) ;
#3905 = EDGE_CURVE ( 'NONE', #3260, #1297, #1480, .T. ) ;
#3906 = CLOSED_SHELL ( 'NONE', ( #273, #2383, #3070, #2701, #1798, #878, #1326, #266, #2774, #1545, #2427, #630, #2162, #3026 ) ) ;
#3907 = CARTESIAN_POINT ( 'NONE',  ( 2.199999999999998400, 0.7384999999999996000, -0.1875000000000234300 ) ) ;
#3908 = EDGE_CURVE ( 'NONE', #3202, #1282, #51, .T. ) ;
#3909 = DIRECTION ( 'NONE',  ( -1.047444401652940000E-014, -0.0000000000000000000, -1.000000000000000000 ) ) ;
#3910 = ORIENTED_EDGE ( 'NONE', *, *, #3668, .T. ) ;
#3911 = DIRECTION ( 'NONE',  ( -1.000000000000000000, 0.0000000000000000000, 1.047444401652940000E-014 ) ) ;
#3912 = CYLINDRICAL_SURFACE ( 'NONE', #2856, 0.09999999999999982500 ) ;
#3913 = DIRECTION ( 'NONE',  ( -1.000000000000000000, 0.0000000000000000000, 1.084202172485506300E-014 ) ) ;
#3914 = DIRECTION ( 'NONE',  ( -1.000000000000000000, 0.0000000000000000000, 1.050768625316347000E-014 ) ) ;
#3915 = ORIENTED_EDGE ( 'NONE', *, *, #511, .T. ) ;
#3916 = CYLINDRICAL_SURFACE ( 'NONE', #1415, 0.2269999999999997600 ) ;
#3917 = VECTOR ( 'NONE', #262, 1000.000000000000000 ) ;
#3918 = CARTESIAN_POINT ( 'NONE',  ( 2.657158218102036800, 0.2579013381946189700, -1.112500000000028200 ) ) ;
#3919 = FACE_OUTER_BOUND ( 'NONE', #2603, .T. ) ;
#3920 = CYLINDRICAL_SURFACE ( 'NONE', #3344, 0.09999999999999982500 ) ;
#3921 = VERTEX_POINT ( 'NONE', #333 ) ;
#3922 = CARTESIAN_POINT ( 'NONE',  ( -2.741323498562138200, 0.03145429878563849700, -0.4624999999999717100 ) ) ;
#3923 = PLANE ( 'NONE',  #3473 ) ;
#3924 = VECTOR ( 'NONE', #1761, 1000.000000000000000 ) ;
#3925 = ORIENTED_EDGE ( 'NONE', *, *, #3649, .F. ) ;
#3926 = CARTESIAN_POINT ( 'NONE',  ( -2.430158218102043100, 0.7384999999999993800, 0.4625000000000250600 ) ) ;
#3927 = VECTOR ( 'NONE', #2172, 1000.000000000000000 ) ;
#3928 = AXIS2_PLACEMENT_3D ( 'NONE', #3868, #100, #2618 ) ;
#3929 = ORIENTED_EDGE ( 'NONE', *, *, #2892, .T. ) ;
#3930 = DIRECTION ( 'NONE',  ( -1.047444401652940000E-014, -0.0000000000000000000, -1.000000000000000000 ) ) ;
#3931 = CARTESIAN_POINT ( 'NONE',  ( -2.199999999999998400, 0.7384999999999996000, 0.1875000000000225700 ) ) ;
#3932 = ORIENTED_EDGE ( 'NONE', *, *, #1651, .F. ) ;
#3933 = EDGE_CURVE ( 'NONE', #1578, #4028, #762, .T. ) ;
#3934 = FACE_OUTER_BOUND ( 'NONE', #2308, .T. ) ;
#3935 = PLANE ( 'NONE',  #3322 ) ;
#3936 = CYLINDRICAL_SURFACE ( 'NONE', #2216, 0.09999999999999982500 ) ;
#3937 = EDGE_CURVE ( 'NONE', #2082, #4033, #2177, .T. ) ;
#3938 = CIRCLE ( 'NONE', #1438, 0.1000000000000002600 ) ;
#3939 = DIRECTION ( 'NONE',  ( -1.000000000000000000, 0.0000000000000000000, 1.047444401652940000E-014 ) ) ;
#3940 = DIRECTION ( 'NONE',  ( -1.047444401652940000E-014, -0.0000000000000000000, -1.000000000000000000 ) ) ;
#3941 = VERTEX_POINT ( 'NONE', #921 ) ;
#3942 = ORIENTED_EDGE ( 'NONE', *, *, #412, .F. ) ;
#3943 = PLANE ( 'NONE',  #3175 ) ;
#3944 = DIRECTION ( 'NONE',  ( -1.047444401652940000E-014, -0.0000000000000000000, -1.000000000000000000 ) ) ;
#3945 = CARTESIAN_POINT ( 'NONE',  ( -2.741323498562144900, 0.03145429878563849700, -1.112499999999971800 ) ) ;
#3946 = ORIENTED_EDGE ( 'NONE', *, *, #3111, .T. ) ;
#3947 = AXIS2_PLACEMENT_3D ( 'NONE', #1419, #2011, #3913 ) ;
#3948 = EDGE_LOOP ( 'NONE', ( #2631, #767, #1763, #1804 ) ) ;
#3949 = VECTOR ( 'NONE', #2130, 1000.000000000000000 ) ;
#3950 = DIRECTION ( 'NONE',  ( 1.047444401652940000E-014, -0.0000000000000000000, 1.000000000000000000 ) ) ;
#3951 = VERTEX_POINT ( 'NONE', #3443 ) ;
#3952 = LINE ( 'NONE', #843, #3859 ) ;
#3953 = ADVANCED_FACE ( 'NONE', ( #2504 ), #3482, .F. ) ;
#3954 = AXIS2_PLACEMENT_3D ( 'NONE', #3488, #2244, #3462 ) ;
#3955 = CARTESIAN_POINT ( 'NONE',  ( -2.430158218102050200, 0.5114999999999996200, -0.1874999999999749400 ) ) ;
#3956 = EDGE_CURVE ( 'NONE', #943, #2607, #3336, .T. ) ;
#3957 = SURFACE_SIDE_STYLE ('',( #2340 ) ) ;
#3958 = ORIENTED_EDGE ( 'NONE', *, *, #404, .T. ) ;
#3959 = EDGE_CURVE ( 'NONE', #3765, #2068, #338, .T. ) ;
#3960 = DIRECTION ( 'NONE',  ( 1.457760854613002700E-015, -0.9902680687415703600, 0.1391731009600657200 ) ) ;
#3961 = CARTESIAN_POINT ( 'NONE',  ( 3.199999999999995300, 0.1266906343829976900, -0.4625000000000340500 ) ) ;
#3962 = VERTEX_POINT ( 'NONE', #1623 ) ;
#3963 = EDGE_CURVE ( 'NONE', #3613, #1972, #3065, .T. ) ;
#3964 = EDGE_LOOP ( 'NONE', ( #3710, #1012, #4048, #1223 ) ) ;
#3965 = VECTOR ( 'NONE', #1468, 1000.000000000000000 ) ;
#3966 = CARTESIAN_POINT ( 'NONE',  ( -2.741323498562124900, 0.03145429878563849700, 0.8375000000000282200 ) ) ;
#3967 = EDGE_LOOP ( 'NONE', ( #1082, #268, #3632, #2049 ) ) ;
#3968 = FACE_OUTER_BOUND ( 'NONE', #1845, .T. ) ;
#3969 = ORIENTED_EDGE ( 'NONE', *, *, #2346, .T. ) ;
#3970 = CARTESIAN_POINT ( 'NONE',  ( 2.430158218102060000, 0.7384999999999996000, 1.112499999999974300 ) ) ;
#3971 = UNCERTAINTY_MEASURE_WITH_UNIT (LENGTH_MEASURE( 1.000000000000000100E-005 ), #1117, 'distance_accuracy_value', 'NONE');
#3972 = CARTESIAN_POINT ( 'NONE',  ( -1.625000000000010000, 1.149999999999999200, -0.9101404047848296000 ) ) ;
#3973 = CARTESIAN_POINT ( 'NONE',  ( -2.430158218102039600, 0.7384999999999994900, 0.8375000000000250000 ) ) ;
#3974 = LINE ( 'NONE', #2371, #1585 ) ;
#3975 = EDGE_LOOP ( 'NONE', ( #3915, #2974, #606, #3309 ) ) ;
#3976 =( NAMED_UNIT ( * ) PLANE_ANGLE_UNIT ( ) SI_UNIT ( $, .RADIAN. ) );
#3977 = VECTOR ( 'NONE', #1840, 1000.000000000000000 ) ;
#3978 = ORIENTED_EDGE ( 'NONE', *, *, #3410, .F. ) ;
#3979 = EDGE_CURVE ( 'NONE', #3651, #3706, #2163, .T. ) ;
#3980 = AXIS2_PLACEMENT_3D ( 'NONE', #1536, #3397, #3354 ) ;
#3981 = CARTESIAN_POINT ( 'NONE',  ( -2.757158218102043500, 0.2579013381946188600, 0.4625000000000285000 ) ) ;
#3982 = CARTESIAN_POINT ( 'NONE',  ( 2.750182570727634200, 0.1581449331686363400, -0.1875000000000292000 ) ) ;
#3983 = DIRECTION ( 'NONE',  ( 0.9975640502598247500, 0.06975647374411810000, -1.044892879734885600E-014 ) ) ;
#3984 =( NAMED_UNIT ( * ) PLANE_ANGLE_UNIT ( ) SI_UNIT ( $, .RADIAN. ) );
#3985 = AXIS2_PLACEMENT_3D ( 'NONE', #155, #1136, #3007 ) ;
#3986 = DIRECTION ( 'NONE',  ( 1.047444401652940000E-014, 0.0000000000000000000, 1.000000000000000000 ) ) ;
#3987 = ADVANCED_FACE ( 'NONE', ( #2114 ), #1610, .T. ) ;
#3988 = VECTOR ( 'NONE', #2254, 1000.000000000000000 ) ;
#3989 = EDGE_LOOP ( 'NONE', ( #1956, #1797, #567, #2314 ) ) ;
#3990 = DIRECTION ( 'NONE',  ( 1.047444401652940000E-014, -0.0000000000000000000, 1.000000000000000000 ) ) ;
#3991 = CYLINDRICAL_SURFACE ( 'NONE', #366, 0.2270000000000002000 ) ;
#3992 = CARTESIAN_POINT ( 'NONE',  ( -1.350000000000010100, 1.199999999999999300, -0.9101404047848324900 ) ) ;
#3993 = EDGE_CURVE ( 'NONE', #1297, #4018, #2425, .T. ) ;
#3994 = VERTEX_POINT ( 'NONE', #3511 ) ;
#3995 = CIRCLE ( 'NONE', #2530, 0.09999999999999982500 ) ;
#3996 = DIRECTION ( 'NONE',  ( 0.0000000000000000000, 1.000000000000000000, 0.0000000000000000000 ) ) ;
#3997 = EDGE_CURVE ( 'NONE', #2543, #823, #862, .T. ) ;
#3998 = LINE ( 'NONE', #1887, #3508 ) ;
#3999 = LINE ( 'NONE', #3145, #2124 ) ;
#4000 = ADVANCED_FACE ( 'NONE', ( #3816 ), #3212, .F. ) ;
#4001 = DIRECTION ( 'NONE',  ( -1.047444401652940000E-014, 0.0000000000000000000, -1.000000000000000000 ) ) ;
#4002 = SURFACE_STYLE_USAGE ( .BOTH. , #2446 ) ;
#4003 = DIRECTION ( 'NONE',  ( -1.000000000000000000, 0.0000000000000000000, 1.084202172485501600E-014 ) ) ;
#4004 = DIRECTION ( 'NONE',  ( -1.000000000000000000, 0.0000000000000000000, 1.064489405713041300E-014 ) ) ;
#4005 = ORIENTED_EDGE ( 'NONE', *, *, #3469, .T. ) ;
#4006 = ORIENTED_EDGE ( 'NONE', *, *, #784, .F. ) ;
#4007 = ADVANCED_FACE ( 'NONE', ( #617 ), #1053, .T. ) ;
#4008 = CARTESIAN_POINT ( 'NONE',  ( 2.750182570727648400, 0.1581449331686363700, 1.112499999999970700 ) ) ;
#4009 = EDGE_LOOP ( 'NONE', ( #1143, #442, #3969, #1614 ) ) ;
#4010 = CARTESIAN_POINT ( 'NONE',  ( 2.430158218102043100, 0.5114999999999996200, -0.4625000000000259500 ) ) ;
#4011 = LINE ( 'NONE', #2249, #183 ) ;
#4012 = FILL_AREA_STYLE_COLOUR ( '', #599 ) ;
#4013 = VERTEX_POINT ( 'NONE', #2264 ) ;
#4014 = CARTESIAN_POINT ( 'NONE',  ( -2.750182570727628000, 0.1581449331686363100, 0.8375000000000283300 ) ) ;
#4015 = PRESENTATION_STYLE_ASSIGNMENT (( #320 ) ) ;
#4016 = PLANE ( 'NONE',  #1920 ) ;
#4017 = EDGE_CURVE ( 'NONE', #2765, #4028, #125, .T. ) ;
#4018 = VERTEX_POINT ( 'NONE', #2884 ) ;
#4019 = CARTESIAN_POINT ( 'NONE',  ( -2.657158218102056800, 0.5114999999999996200, -0.8374999999999724900 ) ) ;
#4020 = CYLINDRICAL_SURFACE ( 'NONE', #3432, 0.09999999999999982500 ) ;
#4021 = EDGE_CURVE ( 'NONE', #2224, #2137, #950, .T. ) ;
#4022 = DIRECTION ( 'NONE',  ( -1.047444401652940000E-014, 0.0000000000000000000, -1.000000000000000000 ) ) ;
#4023 = LINE ( 'NONE', #3105, #1537 ) ;
#4024 = ORIENTED_EDGE ( 'NONE', *, *, #2063, .F. ) ;
#4025 = CARTESIAN_POINT ( 'NONE',  ( -2.750182570727645300, 0.1581449331686363100, -0.8374999999999714900 ) ) ;
#4026 = CARTESIAN_POINT ( 'NONE',  ( 2.741323498562128400, 0.03145429878563858100, -0.4625000000000291700 ) ) ;
#4027 = LINE ( 'NONE', #3821, #1085 ) ;
#4028 = VERTEX_POINT ( 'NONE', #1033 ) ;
#4029 = CARTESIAN_POINT ( 'NONE',  ( -1.350000000000010100, 1.199999999999999300, -0.9101404047848324900 ) ) ;
#4030 = ADVANCED_FACE ( 'NONE', ( #2413 ), #1934, .F. ) ;
#4031 = DIRECTION ( 'NONE',  ( 1.047444401652940000E-014, 0.0000000000000000000, 1.000000000000000000 ) ) ;
#4032 = FACE_OUTER_BOUND ( 'NONE', #2442, .T. ) ;
#4033 = VERTEX_POINT ( 'NONE', #3861 ) ;
#4034 = AXIS2_PLACEMENT_3D ( 'NONE', #2819, #613, #1844 ) ;
#4035 = CARTESIAN_POINT ( 'NONE',  ( 2.430158218102036500, 0.5114999999999996200, -1.112500000000025800 ) ) ;
#4036 = EDGE_LOOP ( 'NONE', ( #1359, #3326, #2056, #848, #1999, #4046, #2528, #1367, #44, #547, #2969, #2399 ) ) ;
#4037 = VECTOR ( 'NONE', #325, 1000.000000000000000 ) ;
#4038 = CARTESIAN_POINT ( 'NONE',  ( -2.430158218102050200, 0.7384999999999994900, -0.1874999999999749400 ) ) ;
#4039 = ADVANCED_FACE ( 'NONE', ( #661 ), #2948, .F. ) ;
#4040 = EDGE_CURVE ( 'NONE', #3117, #4013, #3995, .T. ) ;
#4041 = VECTOR ( 'NONE', #2929, 1000.000000000000000 ) ;
#4042 = CARTESIAN_POINT ( 'NONE',  ( -2.757158218102050200, 0.2579013381946188600, -0.1874999999999715200 ) ) ;
#4043 = CARTESIAN_POINT ( 'NONE',  ( -2.199999999999991700, 0.7384999999999996000, 0.8375000000000225600 ) ) ;
#4044 = PLANE ( 'NONE',  #3594 ) ;
#4045 = EDGE_LOOP ( 'NONE', ( #2771, #3391, #3778, #2350, #1586, #279, #2769, #3781, #673, #561, #2071, #315 ) ) ;
#4046 = ORIENTED_EDGE ( 'NONE', *, *, #108, .T. ) ;
#4047 = CARTESIAN_POINT ( 'NONE',  ( 3.199999999999998000, 0.1266906343829976900, -0.1875000000000339200 ) ) ;
#4048 = ORIENTED_EDGE ( 'NONE', *, *, #2682, .F. ) ;
#4049 = DIRECTION ( 'NONE',  ( -0.06975647374411911300, -0.9975640502598246400, 7.306602790232785500E-016 ) ) ;
#4050 = ADVANCED_FACE ( 'NONE', ( #3203 ), #1947, .F. ) ;
#4051 = ORIENTED_EDGE ( 'NONE', *, *, #511, .F. ) ;
#4052 = DIRECTION ( 'NONE',  ( 1.000000000000000000, 0.0000000000000000000, -1.047444401652940000E-014 ) ) ;
#4053 = LINE ( 'NONE', #1264, #3256 ) ;
#4054 = CARTESIAN_POINT ( 'NONE',  ( -2.530158218102043700, 0.2579013381946189700, 0.4625000000000261100 ) ) ;
#4055 = DIRECTION ( 'NONE',  ( -1.000000000000000000, 0.0000000000000000000, 1.047444401652940000E-014 ) ) ;
#4056 = EDGE_LOOP ( 'NONE', ( #2629, #2645, #1728, #1072 ) ) ;
#4057 = VERTEX_POINT ( 'NONE', #1985 ) ;
#4058 = EDGE_CURVE ( 'NONE', #1659, #3858, #1560, .T. ) ;
#4059 =( GEOMETRIC_REPRESENTATION_CONTEXT ( 3 ) GLOBAL_UNCERTAINTY_ASSIGNED_CONTEXT ( ( #3971 ) ) GLOBAL_UNIT_ASSIGNED_CONTEXT ( ( #1117, #3289, #197 ) ) REPRESENTATION_CONTEXT ( 'NONE', 'WORKASPACE' ) );
#4060 = ORIENTED_EDGE ( 'NONE', *, *, #2711, .F. ) ;
#4061 = AXIS2_PLACEMENT_3D ( 'NONE', #2583, #726, #1994 ) ;
#4062 = CARTESIAN_POINT ( 'NONE',  ( -2.430158218102043100, 0.5114999999999996200, 0.4625000000000250600 ) ) ;
#4063 = ORIENTED_EDGE ( 'NONE', *, *, #863, .F. ) ;
#4064 = CARTESIAN_POINT ( 'NONE',  ( 2.199999999999998400, 0.6114999999999996000, -0.1875000000000234300 ) ) ;
#4065 = DIRECTION ( 'NONE',  ( -0.0000000000000000000, -1.000000000000000000, -0.0000000000000000000 ) ) ;
#4066 = ADVANCED_FACE ( 'NONE', ( #16 ), #3935, .F. ) ;
#4067 = ADVANCED_FACE ( 'NONE', ( #1983 ), #3923, .F. ) ;
#4068 = VERTEX_POINT ( 'NONE', #2648 ) ;
#4069 = CYLINDRICAL_SURFACE ( 'NONE', #39, 0.09999999999999982500 ) ;
#4070 = VERTEX_POINT ( 'NONE', #3588 ) ;
#4071 = VECTOR ( 'NONE', #3408, 1000.000000000000000 ) ;
#4072 = ORIENTED_EDGE ( 'NONE', *, *, #1668, .T. ) ;
#4073 = LINE ( 'NONE', #1752, #3233 ) ;
ENDSEC;
END-ISO-10303-21;
